mtllib 08.SHP_posed.mtl
usemtl mat0
v -62.05653762817383 -114.2890396118164 -32.00263214111327
v -47.39051055908203 -123.81253814697266 -26.789733886718736
v -36.9831428527832 -111.37906646728516 -22.917474746704087
v -45.707557678222656 -111.64175415039062 2.0812416076660294
v -56.406471252441406 -125.12901306152344 -0.8631438612937774
v -71.10408020019531 -114.56145477294922 -6.078035831451402
v -30.792837142944336 -12.369448661804201 -21.61911964416504
v -29.003387451171875 5.134863376617429 -20.575084686279297
v -40.601654052734375 7.151279926300046 -24.943683624267578
v -29.003387451171875 5.134863376617429 -20.575084686279297
v -30.792837142944336 -12.369448661804201 -21.61911964416504
v -35.1888427734375 -11.495267868041994 -8.803347587585447
v -40.601654052734375 7.151279926300046 -24.943683624267578
v -43.14433288574219 -9.123020172119144 -26.161745071411133
v -30.792837142944336 -12.369448661804201 -21.61911964416504
v -47.540340423583984 -8.248838424682619 -13.345973968505858
v -43.14433288574219 -9.123020172119144 -26.161745071411133
v -40.601654052734375 7.151279926300046 -24.943683624267578
v -46.03202819824219 -55.574100494384766 -6.824175357818596
v -48.603397369384766 -86.95362091064453 -6.954291820526112
v -60.27710723876953 -84.94913482666016 -11.116801261901845
v -56.3085823059082 -86.60565948486328 -23.132452011108388
v -44.63486862182617 -88.61014556884766 -18.96994400024413
v -40.8424186706543 -57.740325927734375 -22.53695106506347
v -40.8424186706543 -57.740325927734375 -22.53695106506347
v -31.554853439331055 -30.536783218383793 -25.8943920135498
v -49.70958709716797 -26.781656265258793 -31.40393257141113
v -56.42555236816406 -23.978309631347656 -11.069753646850582
v -38.780555725097656 -28.616064071655273 -4.580287933349606
v -46.03202819824219 -55.574100494384766 -6.824175357818596
v -40.8424186706543 -57.740325927734375 -22.53695106506347
v -49.70958709716797 -26.781656265258793 -31.40393257141113
v -56.3085823059082 -86.60565948486328 -23.132452011108388
v -60.27710723876953 -84.94913482666016 -11.116801261901845
v -56.42555236816406 -23.978309631347656 -11.069753646850582
v -46.03202819824219 -55.574100494384766 -6.824175357818596
v 31.850601196289062 -113.34113311767578 -26.12461662292479
v 42.4786376953125 -125.86685943603516 -28.95241546630858
v 57.71998596191406 -116.43930053710938 -32.434841156005845
v 64.80987548828125 -115.98270416259766 -6.9161839485168315
v 49.79879379272461 -126.43781280517578 -2.462337493896469
v 39.20307922363281 -112.86762237548828 0.33917570114137124
v 40.45989990234375 6.299815177917478 -22.961650848388672
v 27.638200759887695 4.577240943908689 -19.173376083374023
v 30.03348731994629 -12.20847511291504 -19.11730194091797
v 33.41178512573242 -11.780872344970703 -6.851580142974852
v 30.03348731994629 -12.20847511291504 -19.11730194091797
v 27.638200759887695 4.577240943908689 -19.173376083374023
v 30.03348731994629 -12.20847511291504 -19.11730194091797
v 42.745155334472656 -9.478887557983402 -22.788850784301758
v 40.45989990234375 6.299815177917478 -22.961650848388672
v 40.45989990234375 6.299815177917478 -22.961650848388672
v 42.745155334472656 -9.478887557983402 -22.788850784301758
v 46.12345504760742 -9.051284790039064 -10.523128509521483
v 53.729820251464844 -87.68084716796875 -12.352246284484853
v 42.69145202636719 -88.99472045898438 -9.195347785949696
v 41.00979232788086 -57.738311767578125 -6.588059425353997
v 36.5788459777832 -58.26659393310547 -22.659206390380852
v 38.395103454589844 -89.59367370605469 -21.222795486450185
v 50.34144973754883 -88.08483123779297 -24.64194679260253
v 48.54954528808594 -27.12335586547852 -29.004352569580075
v 29.078744888305664 -30.2230396270752 -24.432533264160153
v 36.5788459777832 -58.26659393310547 -22.659206390380852
v 41.00979232788086 -57.738311767578125 -6.588059425353997
v 35.21620559692383 -30.534080505371094 -2.699074983596798
v 54.28371047973633 -26.439699172973633 -8.206398010253903
v 50.34144973754883 -88.08483123779297 -24.64194679260253
v 48.54954528808594 -27.12335586547852 -29.004352569580075
v 36.5788459777832 -58.26659393310547 -22.659206390380852
v 41.00979232788086 -57.738311767578125 -6.588059425353997
v 54.28371047973633 -26.439699172973633 -8.206398010253903
v 53.729820251464844 -87.68084716796875 -12.352246284484853
v -6.969107627868652 95.0637435913086 17.534021377563466
v -10.939850807189941 101.3510971069336 16.41189384460448
v -10.03967571258545 109.20818328857422 20.634654998779283
v 10.569804191589355 109.37661743164062 20.72517585754393
v 11.632437705993652 101.53556823730469 16.51103591918944
v 7.751949787139893 95.18405151367188 17.598678588867177
v -10.03967571258545 109.20818328857422 20.634654998779283
v -10.075778007507324 114.65550231933594 19.061054229736314
v -2.242598295211792 114.50506591796875 23.481437683105455
v 2.6644208431243896 114.545166015625 23.502990722656236
v 11.515106201171875 114.83195495605469 19.15588569641112
v 10.569804191589355 109.37661743164062 20.72517585754393
v -0.13538280129432678 96.64952087402344 22.887527465820302
v -3.133747100830078 102.83759307861328 23.96266365051268
v 2.75467586517334 102.88571166992188 23.988525390624986
v -0.13538280129432678 96.64952087402344 22.887527465820302
v 1.9086540937423706 88.3267822265625 19.53981590270995
v -2.016961097717285 88.2947006225586 19.522573471069325
v -11.219640731811523 136.71185302734375 16.286123275756818
v -14.010418891906738 117.944091796875 15.201944351196275
v -18.935489654541016 124.05562591552734 8.358773231506332
v 11.352646827697754 136.89633178710938 16.38526535034178
v 18.35785675048828 124.36039733886719 8.522572517395004
v 14.450291633605957 118.17668914794922 15.32694816589354
v -10.265313148498535 136.88768005371094 22.00716781616209
v -0.45127493143081665 137.4575958251953 21.18815612792967
v -11.219640731811523 136.71185302734375 16.286123275756818
v -0.45127493143081665 137.4575958251953 21.18815612792967
v -10.265313148498535 136.88768005371094 22.00716781616209
v 9.335686683654785 140.15415954589844 22.637411117553693
v -0.45127493143081665 137.4575958251953 21.18815612792967
v 9.335686683654785 140.15415954589844 22.637411117553693
v 11.352646827697754 136.89633178710938 16.38526535034178
v -11.219640731811523 136.71185302734375 16.286123275756818
v -0.45127493143081665 137.4575958251953 21.18815612792967
v -8.185173988342285 121.15878295898438 23.681524276733384
v -8.185173988342285 121.15878295898438 23.681524276733384
v -0.45127493143081665 137.4575958251953 21.18815612792967
v 8.498690605163574 121.29513549804688 23.754802703857408
v -0.45127493143081665 137.4575958251953 21.18815612792967
v 11.352646827697754 136.89633178710938 16.38526535034178
v 8.498690605163574 121.29513549804688 23.754802703857408
v -3.133747100830078 102.83759307861328 23.96266365051268
v -6.969107627868652 95.0637435913086 17.534021377563466
v -10.03967571258545 109.20818328857422 20.634654998779283
v 2.75467586517334 102.88571166992188 23.988525390624986
v 10.569804191589355 109.37661743164062 20.72517585754393
v 7.751949787139893 95.18405151367188 17.598678588867177
v -8.84166145324707 92.6927490234375 1.6307137012481576
v -2.016961097717285 88.2947006225586 19.522573471069325
v -0.009026586078107357 89.33695983886719 7.704326152801503
v -0.009026586078107357 89.33695983886719 7.704326152801503
v -2.016961097717285 88.2947006225586 19.522573471069325
v 1.9086540937423706 88.3267822265625 19.53981590270995
v 9.805011749267578 92.84513854980469 1.712613224983204
v -0.009026586078107357 89.33695983886719 7.704326152801503
v 1.9086540937423706 88.3267822265625 19.53981590270995
v -10.939850807189941 101.3510971069336 16.41189384460448
v -14.010418891906738 117.944091796875 15.201944351196275
v -10.075778007507324 114.65550231933594 19.061054229736314
v -2.242598295211792 114.50506591796875 23.481437683105455
v -0.24368838965892792 106.62523651123047 29.374244689941392
v -3.133747100830078 102.83759307861328 23.96266365051268
v -3.133747100830078 102.83759307861328 23.96266365051268
v -10.03967571258545 109.20818328857422 20.634654998779283
v -2.242598295211792 114.50506591796875 23.481437683105455
v -8.185173988342285 121.15878295898438 23.681524276733384
v -14.010418891906738 117.944091796875 15.201944351196275
v -11.219640731811523 136.71185302734375 16.286123275756818
v -8.84166145324707 92.6927490234375 1.6307137012481576
v -0.009026586078107357 89.33695983886719 7.704326152801503
v -0.0000010199827329415712 66.53392028808594 10.07489299774169
v -13.125000953674316 82.95525360107422 -2.881757974624644
v -8.84166145324707 92.6927490234375 1.6307137012481576
v -0.0000010199827329415712 66.53392028808594 10.07489299774169
v -10.075778007507324 114.65550231933594 19.061054229736314
v -14.010418891906738 117.944091796875 15.201944351196275
v -8.185173988342285 121.15878295898438 23.681524276733384
v -10.075778007507324 114.65550231933594 19.061054229736314
v -10.03967571258545 109.20818328857422 20.634654998779283
v -10.939850807189941 101.3510971069336 16.41189384460448
v -2.242598295211792 114.50506591796875 23.481437683105455
v -10.075778007507324 114.65550231933594 19.061054229736314
v -8.185173988342285 121.15878295898438 23.681524276733384
v -0.42419934272766113 146.59429931640625 -0.9087982773781003
v -16.990734100341797 135.610107421875 -7.937510013580339
v -0.2888176441192627 138.4096221923828 -16.560716629028338
v -16.990734100341797 135.610107421875 -7.937510013580339
v -0.42419934272766113 146.59429931640625 -0.9087982773781003
v -10.265313148498535 136.88768005371094 22.00716781616209
v -11.219640731811523 136.71185302734375 16.286123275756818
v -16.990734100341797 135.610107421875 -7.937510013580339
v -10.265313148498535 136.88768005371094 22.00716781616209
v -14.730085372924805 103.41825866699219 -17.361721038818374
v -13.125000953674316 82.95525360107422 -2.881757974624644
v -0.0000013290683682498639 85.3482894897461 -16.13087272644044
v -3.133747100830078 102.83759307861328 23.96266365051268
v -0.24368838965892792 106.62523651123047 29.374244689941392
v 2.75467586517334 102.88571166992188 23.988525390624986
v -10.265313148498535 136.88768005371094 22.00716781616209
v -0.42419934272766113 146.59429931640625 -0.9087982773781003
v 9.335686683654785 140.15415954589844 22.637411117553693
v -2.242598295211792 114.50506591796875 23.481437683105455
v 2.6644208431243896 114.545166015625 23.502990722656236
v -0.24368838965892792 106.62523651123047 29.374244689941392
v 11.515106201171875 114.83195495605469 19.15588569641112
v 14.450291633605957 118.17668914794922 15.32694816589354
v 11.632437705993652 101.53556823730469 16.51103591918944
v 2.75467586517334 102.88571166992188 23.988525390624986
v -0.24368838965892792 106.62523651123047 29.374244689941392
v 2.6644208431243896 114.545166015625 23.502990722656236
v 2.6644208431243896 114.545166015625 23.502990722656236
v 10.569804191589355 109.37661743164062 20.72517585754393
v 2.75467586517334 102.88571166992188 23.988525390624986
v 11.352646827697754 136.89633178710938 16.38526535034178
v 14.450291633605957 118.17668914794922 15.32694816589354
v 8.498690605163574 121.29513549804688 23.754802703857408
v -0.0000010199827329415712 66.53392028808594 10.07489299774169
v -0.009026586078107357 89.33695983886719 7.704326152801503
v 9.805011749267578 92.84513854980469 1.712613224983204
v -0.0000010199827329415712 66.53392028808594 10.07489299774169
v 9.805011749267578 92.84513854980469 1.712613224983204
v 13.124999046325684 82.95525360107422 -2.881758451461802
v 8.498690605163574 121.29513549804688 23.754802703857408
v 14.450291633605957 118.17668914794922 15.32694816589354
v 11.515106201171875 114.83195495605469 19.15588569641112
v 11.632437705993652 101.53556823730469 16.51103591918944
v 10.569804191589355 109.37661743164062 20.72517585754393
v 11.515106201171875 114.83195495605469 19.15588569641112
v 8.498690605163574 121.29513549804688 23.754802703857408
v 11.515106201171875 114.83195495605469 19.15588569641112
v 2.6644208431243896 114.545166015625 23.502990722656236
v -0.2888176441192627 138.4096221923828 -16.560716629028338
v 15.39559268951416 135.87478637695312 -7.7952637672424485
v -0.42419934272766113 146.59429931640625 -0.9087982773781003
v 9.335686683654785 140.15415954589844 22.637411117553693
v -0.42419934272766113 146.59429931640625 -0.9087982773781003
v 15.39559268951416 135.87478637695312 -7.7952637672424485
v 9.335686683654785 140.15415954589844 22.637411117553693
v 15.39559268951416 135.87478637695312 -7.7952637672424485
v 11.352646827697754 136.89633178710938 16.38526535034178
v -0.13538280129432678 96.64952087402344 22.887527465820302
v -2.016961097717285 88.2947006225586 19.522573471069325
v -6.969107627868652 95.0637435913086 17.534021377563466
v -0.13538280129432678 96.64952087402344 22.887527465820302
v -6.969107627868652 95.0637435913086 17.534021377563466
v -3.133747100830078 102.83759307861328 23.96266365051268
v 7.751949787139893 95.18405151367188 17.598678588867177
v 1.9086540937423706 88.3267822265625 19.53981590270995
v -0.13538280129432678 96.64952087402344 22.887527465820302
v 7.751949787139893 95.18405151367188 17.598678588867177
v -0.13538280129432678 96.64952087402344 22.887527465820302
v 2.75467586517334 102.88571166992188 23.988525390624986
v -10.939850807189941 101.3510971069336 16.41189384460448
v -6.969107627868652 95.0637435913086 17.534021377563466
v -8.84166145324707 92.6927490234375 1.6307137012481576
v -6.969107627868652 95.0637435913086 17.534021377563466
v -2.016961097717285 88.2947006225586 19.522573471069325
v -8.84166145324707 92.6927490234375 1.6307137012481576
v 1.9086540937423706 88.3267822265625 19.53981590270995
v 7.751949787139893 95.18405151367188 17.598678588867177
v 9.805011749267578 92.84513854980469 1.712613224983204
v 7.751949787139893 95.18405151367188 17.598678588867177
v 11.632437705993652 101.53556823730469 16.51103591918944
v 9.805011749267578 92.84513854980469 1.712613224983204
v -11.219640731811523 136.71185302734375 16.286123275756818
v -18.935489654541016 124.05562591552734 8.358773231506332
v -16.990734100341797 135.610107421875 -7.937510013580339
v -18.935489654541016 124.05562591552734 8.358773231506332
v -26.764881134033203 106.9303970336914 -12.693087577819837
v -16.990734100341797 135.610107421875 -7.937510013580339
v 21.52923583984375 110.26189422607422 -17.922790527343764
v 18.35785675048828 124.36039733886719 8.522572517395004
v 15.39559268951416 135.87478637695312 -7.7952637672424485
v 18.35785675048828 124.36039733886719 8.522572517395004
v 11.352646827697754 136.89633178710938 16.38526535034178
v 15.39559268951416 135.87478637695312 -7.7952637672424485
v -29.069547653198242 -35.396812438964844 16.81656646728516
v -11.963318824768066 -8.455541610717772 17.360382080078125
v -12.472479820251465 -29.555088043212887 20.902969360351566
v 32.4758415222168 -35.20140075683594 9.324757575988773
v 16.314878463745117 -29.463684082031246 17.398736953735355
v 15.83137321472168 -8.367289543151854 13.97698497772217
v -30.01175880432129 -39.7235107421875 -24.139411926269528
v -22.780046463012695 -10.648313522338869 -13.62655448913574
v -36.32548522949219 -36.42909240722656 -1.43955016136169
v 35.02674865722656 -36.30799865722656 -11.126852035522456
v 18.911991119384766 -10.51593589782715 -18.701650619506836
v 23.592288970947266 -39.55331420898438 -30.664535522460934
v -1.3908855578392831e-7 8.343551635742186 -14.461640357971193
v -16.875 8.602319717407225 -8.84259605407715
v -22.780046463012695 -10.648313522338869 -13.62655448913574
v -1.3908855578392831e-7 8.343551635742186 -14.461640357971193
v -22.780046463012695 -10.648313522338869 -13.62655448913574
v 18.911991119384766 -10.51593589782715 -18.701650619506836
v -20.625 49.9971923828125 -22.949327468872077
v -16.875 8.602319717407225 -8.84259605407715
v -1.3908855578392831e-7 8.343551635742186 -14.461640357971193
v 20.625 49.9971923828125 -22.949327468872077
v -20.625 49.9971923828125 -22.949327468872077
v -1.3908855578392831e-7 8.343551635742186 -14.461640357971193
v -17.8125 14.416458129882814 8.721030235290526
v -25.3125 24.49212646484375 10.134013175964352
v -15 22.05596733093262 22.446619033813473
v 15 22.05596733093262 22.446619033813473
v 24.375 24.49212646484375 10.134012222290036
v 17.8125 14.416458129882814 8.72102928161621
v -15 22.05596733093262 22.446619033813473
v 15 22.05596733093262 22.446619033813473
v -2.0090567431907402e-7 13.719412803649904 15.322585105895994
v -25.3125 24.49212646484375 10.134013175964352
v -19.6875 32.045379638671875 21.98658752441406
v -15 22.05596733093262 22.446619033813473
v 15 22.05596733093262 22.446619033813473
v 19.6875 32.045379638671875 21.98658752441406
v 24.375 24.49212646484375 10.134012222290036
v -25.3125 24.49212646484375 10.134013175964352
v -24.375 47.42464828491211 8.13943195343017
v -19.6875 32.045379638671875 21.98658752441406
v -2.0090567431907402e-7 13.719412803649904 15.322585105895994
v -17.8125 14.416458129882814 8.721030235290526
v -15 22.05596733093262 22.446619033813473
v -2.0090567431907402e-7 13.719412803649904 15.322585105895994
v 15 22.05596733093262 22.446619033813473
v 17.8125 14.416458129882814 8.72102928161621
v 24.375 24.49212646484375 10.134012222290036
v 19.6875 32.045379638671875 21.98658752441406
v 24.375 47.42464828491211 8.139430999755854
v -11.963318824768066 -8.455541610717772 17.360382080078125
v -17.8125 14.416458129882814 8.721030235290526
v -2.0090567431907402e-7 13.719412803649904 15.322585105895994
v -17.8125 14.416458129882814 8.721030235290526
v -11.963318824768066 -8.455541610717772 17.360382080078125
v -16.875 8.602319717407225 -8.84259605407715
v 15.83137321472168 -8.367289543151854 13.97698497772217
v -11.963318824768066 -8.455541610717772 17.360382080078125
v -2.0090567431907402e-7 13.719412803649904 15.322585105895994
v 20.625 49.9971923828125 -22.949327468872077
v -1.3908855578392831e-7 8.343551635742186 -14.461640357971193
v 16.875 8.602319717407225 -8.84259605407715
v 16.875 8.602319717407225 -8.84259605407715
v -1.3908855578392831e-7 8.343551635742186 -14.461640357971193
v 18.911991119384766 -10.51593589782715 -18.701650619506836
v -24.638736724853516 65.02792358398438 3.5268266201019207
v -13.125000953674316 82.95525360107422 -2.881757974624644
v -0.0000010199827329415712 66.53392028808594 10.07489299774169
v -11.963318824768066 -8.455541610717772 17.360382080078125
v -22.780046463012695 -10.648313522338869 -13.62655448913574
v -16.875 8.602319717407225 -8.84259605407715
v -2.0090567431907402e-7 13.719412803649904 15.322585105895994
v 17.8125 14.416458129882814 8.72102928161621
v 15.83137321472168 -8.367289543151854 13.97698497772217
v 16.875 8.602319717407225 -8.84259605407715
v 15.83137321472168 -8.367289543151854 13.97698497772217
v 17.8125 14.416458129882814 8.72102928161621
v -0.0000010199827329415712 66.53392028808594 10.07489299774169
v 13.124999046325684 82.95525360107422 -2.881758451461802
v 24.63873291015625 65.02792358398438 3.5268261432647625
v 16.875 8.602319717407225 -8.84259605407715
v 18.911991119384766 -10.51593589782715 -18.701650619506836
v 15.83137321472168 -8.367289543151854 13.97698497772217
v -16.875 8.602319717407225 -8.84259605407715
v -25.3125 24.49212646484375 10.134013175964352
v -17.8125 14.416458129882814 8.721030235290526
v 32.4758415222168 -35.20140075683594 9.324757575988773
v 16.795331954956055 -76.04386901855469 18.438364028930675
v 16.314878463745117 -29.463684082031246 17.398736953735355
v -29.069547653198242 -35.396812438964844 16.81656646728516
v -12.472479820251465 -29.555088043212887 20.902969360351566
v -20.806325912475586 -78.496826171875 22.713098526000987
v 22.4786434173584 -54.78965377807618 -31.93486595153808
v 5.159542083740234 -62.26504135131836 -6.463998794555656
v 8.55060863494873 -87.86722564697266 -26.796941757202138
v -9.77251148223877 -87.53629302978516 -22.56982421874999
v -5.7218546867370605 -59.801544189453125 -14.04490947723388
v -29.14006996154785 -54.953548431396484 -25.651414871215813
v -33.27363967895508 -232.0147705078125 -37.218704223632784
v -31.493173599243164 -189.54945373535156 -44.466190338134744
v -45.449302673339844 -188.46434020996094 -26.772998809814432
v 32.901092529296875 -191.78846740722656 -20.26291656494138
v 20.415929794311523 -192.5458221435547 -39.039154052734354
v 16.727176666259766 -234.36212158203125 -29.20096778869626
v -40.373050689697266 -87.03840637207031 -23.169195175170888
v -40.9376106262207 -53.765804290771484 -8.417403221130364
v -37.13207244873047 -156.4789581298828 -6.066370964050273
v -29.14006996154785 -54.953548431396484 -25.651414871215813
v -40.373050689697266 -87.03840637207031 -23.169195175170888
v -9.77251148223877 -87.53629302978516 -22.56982421874999
v -29.14006996154785 -54.953548431396484 -25.651414871215813
v -40.9376106262207 -53.765804290771484 -8.417403221130364
v -40.373050689697266 -87.03840637207031 -23.169195175170888
v -45.449302673339844 -188.46434020996094 -26.772998809814432
v -35.998207092285156 -162.22117614746094 -8.662978172302227
v -35.32363510131836 -267.8684387207031 -19.688339233398406
v -24.64244270324707 -229.6124725341797 -28.74926757812497
v -35.32363510131836 -267.8684387207031 -19.688339233398406
v -19.745840072631836 -163.04017639160156 -8.227282524108867
v -35.998207092285156 -162.22117614746094 -8.662978172302227
v -19.745840072631836 -163.04017639160156 -8.227282524108867
v -35.32363510131836 -267.8684387207031 -19.688339233398406
v -40.9376106262207 -53.765804290771484 -8.417403221130364
v -29.069547653198242 -35.396812438964844 16.81656646728516
v -37.13207244873047 -156.4789581298828 -6.066370964050273
v -40.9376106262207 -53.765804290771484 -8.417403221130364
v -36.32548522949219 -36.42909240722656 -1.43955016136169
v -29.069547653198242 -35.396812438964844 16.81656646728516
v -24.64244270324707 -229.6124725341797 -28.74926757812497
v -25.764690399169922 -265.646728515625 -27.2176532745361
v -35.32363510131836 -267.8684387207031 -19.688339233398406
v -50.37739562988281 -309.9279479980469 -19.069719314575156
v -40.71167755126953 -265.6099853515625 -29.5811786651611
v -38.700809478759766 -294.176025390625 -8.894540786743129
v -38.700809478759766 -294.176025390625 -8.894540786743129
v -25.764690399169922 -265.646728515625 -27.2176532745361
v -27.558433532714844 -310.1830139160156 -8.104775428771935
v -21.166149139404297 -283.21728515625 -43.03311157226559
v -25.764690399169922 -265.646728515625 -27.2176532745361
v -29.914398193359375 -260.368896484375 -37.70214080810544
v -29.914398193359375 -260.368896484375 -37.70214080810544
v -40.71167755126953 -265.6099853515625 -29.5811786651611
v -33.523250579833984 -283.2248840332031 -43.58265686035153
v -37.13207244873047 -156.4789581298828 -6.066370964050273
v -34.878753662109375 -149.26303100585938 -28.356571197509748
v -40.373050689697266 -87.03840637207031 -23.169195175170888
v -37.13207244873047 -156.4789581298828 -6.066370964050273
v -29.069547653198242 -35.396812438964844 16.81656646728516
v -20.806325912475586 -78.496826171875 22.713098526000987
v -19.745840072631836 -163.04017639160156 -8.227282524108867
v -16.025516510009766 -149.04644775390625 -1.3471560478210267
v -16.352724075317383 -150.70570373535156 -24.39362716674803
v -34.878753662109375 -149.26303100585938 -28.356571197509748
v -35.998207092285156 -162.22117614746094 -8.662978172302227
v -45.449302673339844 -188.46434020996094 -26.772998809814432
v -14.241021156311035 -196.94480895996094 -27.126293182373022
v -19.745840072631836 -163.04017639160156 -8.227282524108867
v -16.352724075317383 -150.70570373535156 -24.39362716674803
v -34.878753662109375 -149.26303100585938 -28.356571197509748
v -37.13207244873047 -156.4789581298828 -6.066370964050273
v -35.998207092285156 -162.22117614746094 -8.662978172302227
v -34.878753662109375 -149.26303100585938 -28.356571197509748
v -45.449302673339844 -188.46434020996094 -26.772998809814432
v -31.493173599243164 -189.54945373535156 -44.466190338134744
v -40.71167755126953 -265.6099853515625 -29.5811786651611
v -35.32363510131836 -267.8684387207031 -19.688339233398406
v -38.700809478759766 -294.176025390625 -8.894540786743129
v -38.700809478759766 -294.176025390625 -8.894540786743129
v -35.32363510131836 -267.8684387207031 -19.688339233398406
v -25.764690399169922 -265.646728515625 -27.2176532745361
v -38.700809478759766 -294.176025390625 -8.894540786743129
v -40.62794494628906 -309.9198913574219 18.279287338256875
v -54.8193359375 -310.7182312011719 9.855092048645057
v -38.700809478759766 -294.176025390625 -8.894540786743129
v -27.558433532714844 -310.1830139160156 -8.104775428771935
v -40.62794494628906 -309.9198913574219 18.279287338256875
v -19.745840072631836 -163.04017639160156 -8.227282524108867
v -14.241021156311035 -196.94480895996094 -27.126293182373022
v -24.64244270324707 -229.6124725341797 -28.74926757812497
v -16.025516510009766 -149.04644775390625 -1.3471560478210267
v -37.13207244873047 -156.4789581298828 -6.066370964050273
v -20.806325912475586 -78.496826171875 22.713098526000987
v -29.914398193359375 -260.368896484375 -37.70214080810544
v -33.523250579833984 -283.2248840332031 -43.58265686035153
v -21.166149139404297 -283.21728515625 -43.03311157226559
v -31.493173599243164 -189.54945373535156 -44.466190338134744
v -14.241021156311035 -196.94480895996094 -27.126293182373022
v -16.352724075317383 -150.70570373535156 -24.39362716674803
v -16.352724075317383 -150.70570373535156 -24.39362716674803
v -34.878753662109375 -149.26303100585938 -28.356571197509748
v -31.493173599243164 -189.54945373535156 -44.466190338134744
v -25.764690399169922 -265.646728515625 -27.2176532745361
v -21.166149139404297 -283.21728515625 -43.03311157226559
v -27.558433532714844 -310.1830139160156 -8.104775428771935
v -50.37739562988281 -309.9279479980469 -19.069719314575156
v -33.523250579833984 -283.2248840332031 -43.58265686035153
v -40.71167755126953 -265.6099853515625 -29.5811786651611
v -54.8193359375 -310.7182312011719 9.855092048645057
v -50.37739562988281 -309.9279479980469 -19.069719314575156
v -38.700809478759766 -294.176025390625 -8.894540786743129
v 25.61585235595703 -157.5040283203125 -2.3328096866607475
v 41.04071807861328 -56.36489486694336 -12.479257583618157
v 38.961856842041016 -90.61961364746094 -24.656795501708974
v 8.55060863494873 -87.86722564697266 -26.796941757202138
v 38.961856842041016 -90.61961364746094 -24.656795501708974
v 22.4786434173584 -54.78965377807618 -31.93486595153808
v 38.961856842041016 -90.61961364746094 -24.656795501708974
v 41.04071807861328 -56.36489486694336 -12.479257583618157
v 22.4786434173584 -54.78965377807618 -31.93486595153808
v 32.901092529296875 -191.78846740722656 -20.26291656494138
v 18.41338539123535 -267.1086120605469 -17.28119087219235
v 11.322729110717773 -269.3212585449219 -9.418190002441372
v 7.843494415283203 -162.47193908691406 -5.475846767425518
v 11.322729110717773 -269.3212585449219 -9.418190002441372
v 7.759795665740967 -230.46502685546875 -21.691062927246065
v 11.322729110717773 -269.3212585449219 -9.418190002441372
v 7.843494415283203 -162.47193908691406 -5.475846767425518
v 24.06329917907715 -163.45895385742188 -4.504374980926493
v 25.61585235595703 -157.5040283203125 -2.3328096866607475
v 32.4758415222168 -35.20140075683594 9.324757575988773
v 41.04071807861328 -56.36489486694336 -12.479257583618157
v 32.4758415222168 -35.20140075683594 9.324757575988773
v 35.02674865722656 -36.30799865722656 -11.126852035522456
v 41.04071807861328 -56.36489486694336 -12.479257583618157
v 11.322729110717773 -269.3212585449219 -9.418190002441372
v 4.436563014984131 -267.0355224609375 -19.43597602844235
v 7.759795665740967 -230.46502685546875 -21.691062927246065
v 11.16436767578125 -295.64453125 1.8539617061615352
v 18.41338539123535 -267.1086120605469 -17.28119087219235
v 24.215349197387695 -311.48797607421875 -4.443387031555138
v -0.8276892900466919 -311.5677490234375 -0.7231826186179733
v 4.436563014984131 -267.0355224609375 -19.43597602844235
v 11.16436767578125 -295.64453125 1.8539617061615352
v 11.541202545166016 -261.7962341308594 -28.215166091918913
v 4.436563014984131 -267.0355224609375 -19.43597602844235
v 4.597976207733154 -284.5841369628906 -35.928981781005824
v 15.563836097717285 -284.6812744140625 -32.80800247192379
v 18.41338539123535 -267.1086120605469 -17.28119087219235
v 11.541202545166016 -261.7962341308594 -28.215166091918913
v 38.961856842041016 -90.61961364746094 -24.656795501708974
v 26.006967544555664 -152.09996032714844 -25.237901687622053
v 25.61585235595703 -157.5040283203125 -2.3328096866607475
v 16.795331954956055 -76.04386901855469 18.438364028930675
v 32.4758415222168 -35.20140075683594 9.324757575988773
v 25.61585235595703 -157.5040283203125 -2.3328096866607475
v 7.174628257751465 -151.2445068359375 -22.869110107421857
v 5.156682014465332 -147.52069091796875 -0.1521309614181338
v 7.843494415283203 -162.47193908691406 -5.475846767425518
v 32.901092529296875 -191.78846740722656 -20.26291656494138
v 24.06329917907715 -163.45895385742188 -4.504374980926493
v 26.006967544555664 -152.09996032714844 -25.237901687622053
v 7.174628257751465 -151.2445068359375 -22.869110107421857
v 7.843494415283203 -162.47193908691406 -5.475846767425518
v 1.0634748935699463 -196.8246307373047 -22.90923690795896
v 24.06329917907715 -163.45895385742188 -4.504374980926493
v 25.61585235595703 -157.5040283203125 -2.3328096866607475
v 26.006967544555664 -152.09996032714844 -25.237901687622053
v 20.415929794311523 -192.5458221435547 -39.039154052734354
v 32.901092529296875 -191.78846740722656 -20.26291656494138
v 26.006967544555664 -152.09996032714844 -25.237901687622053
v 11.16436767578125 -295.64453125 1.8539617061615352
v 11.322729110717773 -269.3212585449219 -9.418190002441372
v 18.41338539123535 -267.1086120605469 -17.28119087219235
v 4.436563014984131 -267.0355224609375 -19.43597602844235
v 11.322729110717773 -269.3212585449219 -9.418190002441372
v 11.16436767578125 -295.64453125 1.8539617061615352
v 19.892229080200195 -312.2884521484375 24.499141693115273
v 4.849508762359619 -311.3811340332031 28.358333587646523
v 11.16436767578125 -295.64453125 1.8539617061615352
v 4.849508762359619 -311.3811340332031 28.358333587646523
v -0.8276892900466919 -311.5677490234375 -0.7231826186179733
v 11.16436767578125 -295.64453125 1.8539617061615352
v 7.759795665740967 -230.46502685546875 -21.691062927246065
v 1.0634748935699463 -196.8246307373047 -22.90923690795896
v 7.843494415283203 -162.47193908691406 -5.475846767425518
v 16.795331954956055 -76.04386901855469 18.438364028930675
v 25.61585235595703 -157.5040283203125 -2.3328096866607475
v 5.156682014465332 -147.52069091796875 -0.1521309614181338
v 4.597976207733154 -284.5841369628906 -35.928981781005824
v 15.563836097717285 -284.6812744140625 -32.80800247192379
v 11.541202545166016 -261.7962341308594 -28.215166091918913
v 7.174628257751465 -151.2445068359375 -22.869110107421857
v 1.0634748935699463 -196.8246307373047 -22.90923690795896
v 20.415929794311523 -192.5458221435547 -39.039154052734354
v 20.415929794311523 -192.5458221435547 -39.039154052734354
v 26.006967544555664 -152.09996032714844 -25.237901687622053
v 7.174628257751465 -151.2445068359375 -22.869110107421857
v -0.8276892900466919 -311.5677490234375 -0.7231826186179733
v 4.597976207733154 -284.5841369628906 -35.928981781005824
v 4.436563014984131 -267.0355224609375 -19.43597602844235
v 18.41338539123535 -267.1086120605469 -17.28119087219235
v 15.563836097717285 -284.6812744140625 -32.80800247192379
v 24.215349197387695 -311.48797607421875 -4.443387031555138
v 11.16436767578125 -295.64453125 1.8539617061615352
v 24.215349197387695 -311.48797607421875 -4.443387031555138
v 19.892229080200195 -312.2884521484375 24.499141693115273
v 16.727176666259766 -234.36212158203125 -29.20096778869626
v 11.541202545166016 -261.7962341308594 -28.215166091918913
v 18.41338539123535 -267.1086120605469 -17.28119087219235
v 18.41338539123535 -267.1086120605469 -17.28119087219235
v 32.901092529296875 -191.78846740722656 -20.26291656494138
v 16.727176666259766 -234.36212158203125 -29.20096778869626
v 11.322729110717773 -269.3212585449219 -9.418190002441372
v 24.06329917907715 -163.45895385742188 -4.504374980926493
v 32.901092529296875 -191.78846740722656 -20.26291656494138
v -35.32363510131836 -267.8684387207031 -19.688339233398406
v -40.71167755126953 -265.6099853515625 -29.5811786651611
v -45.449302673339844 -188.46434020996094 -26.772998809814432
v -40.71167755126953 -265.6099853515625 -29.5811786651611
v -29.914398193359375 -260.368896484375 -37.70214080810544
v -33.27363967895508 -232.0147705078125 -37.218704223632784
v -33.27363967895508 -232.0147705078125 -37.218704223632784
v -45.449302673339844 -188.46434020996094 -26.772998809814432
v -40.71167755126953 -265.6099853515625 -29.5811786651611
v -1.163246750831604 -51.566837310791016 11.202045440673835
v -20.806325912475586 -78.496826171875 22.713098526000987
v 16.795331954956055 -76.04386901855469 18.438364028930675
v -1.163246750831604 -51.566837310791016 11.202045440673835
v 16.795331954956055 -76.04386901855469 18.438364028930675
v -0.7854862213134766 -55.60430908203125 18.95826148986817
v -47.540340423583984 -8.248838424682619 -13.345973968505858
v -35.1888427734375 -11.495267868041994 -8.803347587585447
v -56.42555236816406 -23.978309631347656 -11.069753646850582
v -38.780555725097656 -28.616064071655273 -4.580287933349606
v -31.554853439331055 -30.536783218383793 -25.8943920135498
v -30.792837142944336 -12.369448661804201 -21.61911964416504
v -49.70958709716797 -26.781656265258793 -31.40393257141113
v -43.14433288574219 -9.123020172119144 -26.161745071411133
v -23.542198181152344 30.717407226562496 -16.928096771240238
v -29.003387451171875 5.134863376617429 -20.575084686279297
v -29.91421890258789 29.908781051635742 0.580723583698269
v -35.1888427734375 -11.495267868041994 -8.803347587585447
v -45.707557678222656 -111.64175415039062 2.0812416076660294
v -47.96429443359375 -91.71452331542969 -4.810675144195545
v -36.9831428527832 -111.37906646728516 -22.917474746704087
v -42.79426956176758 -91.5588607788086 -19.62472915649413
v -71.10408020019531 -114.56145477294922 -6.078035831451402
v -61.282005310058594 -86.36546325683594 -10.616785049438466
v -45.707557678222656 -111.64175415039062 2.0812416076660294
v -47.96429443359375 -91.71452331542969 -4.810675144195545
v -71.10408020019531 -114.56145477294922 -6.078035831451402
v -62.05653762817383 -114.2890396118164 -32.00263214111327
v -61.282005310058594 -86.36546325683594 -10.616785049438466
v -57.08135986328125 -86.2389907836914 -22.653203964233388
v -62.05653762817383 -114.2890396118164 -32.00263214111327
v -71.10408020019531 -114.56145477294922 -6.078035831451402
v -47.39051055908203 -123.81253814697266 -26.789733886718736
v -56.406471252441406 -125.12901306152344 -0.8631438612937774
v -36.9831428527832 -111.37906646728516 -22.917474746704087
v -47.39051055908203 -123.81253814697266 -26.789733886718736
v -45.707557678222656 -111.64175415039062 2.0812416076660294
v -56.406471252441406 -125.12901306152344 -0.8631438612937774
v -36.9831428527832 -111.37906646728516 -22.917474746704087
v -42.79426956176758 -91.5588607788086 -19.62472915649413
v -62.05653762817383 -114.2890396118164 -32.00263214111327
v -57.08135986328125 -86.2389907836914 -22.653203964233388
v -46.03202819824219 -55.574100494384766 -6.824175357818596
v -40.8424186706543 -57.740325927734375 -22.53695106506347
v -48.603397369384766 -86.95362091064453 -6.954291820526112
v -44.63486862182617 -88.61014556884766 -18.96994400024413
v -40.8424186706543 -57.740325927734375 -22.53695106506347
v -46.03202819824219 -55.574100494384766 -6.824175357818596
v -31.554853439331055 -30.536783218383793 -25.8943920135498
v -38.780555725097656 -28.616064071655273 -4.580287933349606
v -49.70958709716797 -26.781656265258793 -31.40393257141113
v -56.42555236816406 -23.978309631347656 -11.069753646850582
v -56.3085823059082 -86.60565948486328 -23.132452011108388
v -60.27710723876953 -84.94913482666016 -11.116801261901845
v -56.3085823059082 -86.60565948486328 -23.132452011108388
v -60.27710723876953 -84.94913482666016 -11.116801261901845
v -44.63486862182617 -88.61014556884766 -18.96994400024413
v -48.603397369384766 -86.95362091064453 -6.954291820526112
v -47.540340423583984 -8.248838424682619 -13.345973968505858
v -56.42555236816406 -23.978309631347656 -11.069753646850582
v -43.14433288574219 -9.123020172119144 -26.161745071411133
v -49.70958709716797 -26.781656265258793 -31.40393257141113
v -31.554853439331055 -30.536783218383793 -25.8943920135498
v -38.780555725097656 -28.616064071655273 -4.580287933349606
v -30.792837142944336 -12.369448661804201 -21.61911964416504
v -35.1888427734375 -11.495267868041994 -8.803347587585447
v -47.540340423583984 -8.248838424682619 -13.345973968505858
v -40.601654052734375 7.151279926300046 -24.943683624267578
v -42.14292526245117 57.229801177978516 -3.6266956329345774
v -36.32620620727539 58.84636688232422 -19.157871246337898
v -40.601654052734375 7.151279926300046 -24.943683624267578
v -29.003387451171875 5.134863376617429 -20.575084686279297
v -36.32620620727539 58.84636688232422 -19.157871246337898
v -23.542198181152344 30.717407226562496 -16.928096771240238
v -29.91421890258789 29.908781051635742 0.580723583698269
v -35.1888427734375 -11.495267868041994 -8.803347587585447
v -42.14292526245117 57.229801177978516 -3.6266956329345774
v -47.540340423583984 -8.248838424682619 -13.345973968505858
v 35.21620559692383 -30.534080505371094 -2.699074983596798
v 33.41178512573242 -11.780872344970703 -6.851580142974852
v 54.28371047973633 -26.439699172973633 -8.206398010253903
v 46.12345504760742 -9.051284790039064 -10.523128509521483
v 42.745155334472656 -9.478887557983402 -22.788850784301758
v 30.03348731994629 -12.20847511291504 -19.11730194091797
v 48.54954528808594 -27.12335586547852 -29.004352569580075
v 29.078744888305664 -30.2230396270752 -24.432533264160153
v 33.41178512573242 -11.780872344970703 -6.851580142974852
v 27.638200759887695 4.577240943908689 -19.173376083374023
v 27.799222946166992 29.8731632232666 1.389907002449032
v 22.686607360839844 30.45317459106445 -16.552200317382816
v 31.850601196289062 -113.34113311767578 -26.12461662292479
v 37.712215423583984 -93.39221954345703 -22.000991821289052
v 39.20307922363281 -112.86762237548828 0.33917570114137124
v 41.913631439208984 -93.12164306640625 -6.8788242340087775
v 39.20307922363281 -112.86762237548828 0.33917570114137124
v 41.913631439208984 -93.12164306640625 -6.8788242340087775
v 64.80987548828125 -115.98270416259766 -6.9161839485168315
v 56.50051498413086 -87.90576171875 -12.146374702453603
v 56.50051498413086 -87.90576171875 -12.146374702453603
v 51.90628433227539 -88.14317321777344 -25.11633300781249
v 64.80987548828125 -115.98270416259766 -6.9161839485168315
v 57.71998596191406 -116.43930053710938 -32.434841156005845
v 42.4786376953125 -125.86685943603516 -28.95241546630858
v 49.79879379272461 -126.43781280517578 -2.462337493896469
v 57.71998596191406 -116.43930053710938 -32.434841156005845
v 64.80987548828125 -115.98270416259766 -6.9161839485168315
v 39.20307922363281 -112.86762237548828 0.33917570114137124
v 49.79879379272461 -126.43781280517578 -2.462337493896469
v 31.850601196289062 -113.34113311767578 -26.12461662292479
v 42.4786376953125 -125.86685943603516 -28.95241546630858
v 57.71998596191406 -116.43930053710938 -32.434841156005845
v 51.90628433227539 -88.14317321777344 -25.11633300781249
v 31.850601196289062 -113.34113311767578 -26.12461662292479
v 37.712215423583984 -93.39221954345703 -22.000991821289052
v 42.69145202636719 -88.99472045898438 -9.195347785949696
v 38.395103454589844 -89.59367370605469 -21.222795486450185
v 41.00979232788086 -57.738311767578125 -6.588059425353997
v 36.5788459777832 -58.26659393310547 -22.659206390380852
v 29.078744888305664 -30.2230396270752 -24.432533264160153
v 35.21620559692383 -30.534080505371094 -2.699074983596798
v 36.5788459777832 -58.26659393310547 -22.659206390380852
v 41.00979232788086 -57.738311767578125 -6.588059425353997
v 50.34144973754883 -88.08483123779297 -24.64194679260253
v 53.729820251464844 -87.68084716796875 -12.352246284484853
v 48.54954528808594 -27.12335586547852 -29.004352569580075
v 54.28371047973633 -26.439699172973633 -8.206398010253903
v 38.395103454589844 -89.59367370605469 -21.222795486450185
v 42.69145202636719 -88.99472045898438 -9.195347785949696
v 50.34144973754883 -88.08483123779297 -24.64194679260253
v 53.729820251464844 -87.68084716796875 -12.352246284484853
v 42.745155334472656 -9.478887557983402 -22.788850784301758
v 48.54954528808594 -27.12335586547852 -29.004352569580075
v 46.12345504760742 -9.051284790039064 -10.523128509521483
v 54.28371047973633 -26.439699172973633 -8.206398010253903
v 30.03348731994629 -12.20847511291504 -19.11730194091797
v 33.41178512573242 -11.780872344970703 -6.851580142974852
v 29.078744888305664 -30.2230396270752 -24.432533264160153
v 35.21620559692383 -30.534080505371094 -2.699074983596798
v 36.38947296142578 58.13096237182617 -18.471364974975593
v 40.45989990234375 6.299815177917478 -22.961650848388672
v 41.06237030029297 56.710994720458984 -2.52233815193177
v 46.12345504760742 -9.051284790039064 -10.523128509521483
v 22.686607360839844 30.45317459106445 -16.552200317382816
v 27.638200759887695 4.577240943908689 -19.173376083374023
v 36.38947296142578 58.13096237182617 -18.471364974975593
v 40.45989990234375 6.299815177917478 -22.961650848388672
v 46.12345504760742 -9.051284790039064 -10.523128509521483
v 33.41178512573242 -11.780872344970703 -6.851580142974852
v 41.06237030029297 56.710994720458984 -2.52233815193177
v 27.799222946166992 29.8731632232666 1.389907002449032
v 15 22.05596733093262 22.446619033813473
v -15 22.05596733093262 22.446619033813473
v 19.6875 32.045379638671875 21.98658752441406
v -19.6875 32.045379638671875 21.98658752441406
v -12.472479820251465 -29.555088043212887 20.902969360351566
v -11.963318824768066 -8.455541610717772 17.360382080078125
v 16.314878463745117 -29.463684082031246 17.398736953735355
v 15.83137321472168 -8.367289543151854 13.97698497772217
v -22.780046463012695 -10.648313522338869 -13.62655448913574
v -30.01175880432129 -39.7235107421875 -24.139411926269528
v 18.911991119384766 -10.51593589782715 -18.701650619506836
v 23.592288970947266 -39.55331420898438 -30.664535522460934
v 24.375 47.42464828491211 8.139430999755854
v -8.036226972762961e-7 52.63499450683594 12.591953277587884
v 24.63873291015625 65.02792358398438 3.5268261432647625
v -0.0000010199827329415712 66.53392028808594 10.07489299774169
v -29.069547653198242 -35.396812438964844 16.81656646728516
v -36.32548522949219 -36.42909240722656 -1.43955016136169
v -11.963318824768066 -8.455541610717772 17.360382080078125
v -22.780046463012695 -10.648313522338869 -13.62655448913574
v 18.911991119384766 -10.51593589782715 -18.701650619506836
v 35.02674865722656 -36.30799865722656 -11.126852035522456
v 15.83137321472168 -8.367289543151854 13.97698497772217
v 32.4758415222168 -35.20140075683594 9.324757575988773
v -0.0000010199827329415712 66.53392028808594 10.07489299774169
v -8.036226972762961e-7 52.63499450683594 12.591953277587884
v -24.638736724853516 65.02792358398438 3.5268266201019207
v -24.375 47.42464828491211 8.13943195343017
v -33.27363967895508 -232.0147705078125 -37.218704223632784
v -24.64244270324707 -229.6124725341797 -28.74926757812497
v -31.493173599243164 -189.54945373535156 -44.466190338134744
v -14.241021156311035 -196.94480895996094 -27.126293182373022
v 1.0634748935699463 -196.8246307373047 -22.90923690795896
v 7.759795665740967 -230.46502685546875 -21.691062927246065
v 20.415929794311523 -192.5458221435547 -39.039154052734354
v 16.727176666259766 -234.36212158203125 -29.20096778869626
v -30.01175880432129 -39.7235107421875 -24.139411926269528
v -29.14006996154785 -54.953548431396484 -25.651414871215813
v 23.592288970947266 -39.55331420898438 -30.664535522460934
v 22.4786434173584 -54.78965377807618 -31.93486595153808
v -9.77251148223877 -87.53629302978516 -22.56982421874999
v -5.7218546867370605 -59.801544189453125 -14.04490947723388
v 8.55060863494873 -87.86722564697266 -26.796941757202138
v 5.159542083740234 -62.26504135131836 -6.463998794555656
v -0.7854862213134766 -55.60430908203125 18.95826148986817
v 5.159542083740234 -62.26504135131836 -6.463998794555656
v -1.163246750831604 -51.566837310791016 11.202045440673835
v -5.7218546867370605 -59.801544189453125 -14.04490947723388
v -40.9376106262207 -53.765804290771484 -8.417403221130364
v -29.14006996154785 -54.953548431396484 -25.651414871215813
v -36.32548522949219 -36.42909240722656 -1.43955016136169
v -30.01175880432129 -39.7235107421875 -24.139411926269528
v -16.025516510009766 -149.04644775390625 -1.3471560478210267
v -19.745840072631836 -163.04017639160156 -8.227282524108867
v -37.13207244873047 -156.4789581298828 -6.066370964050273
v -35.998207092285156 -162.22117614746094 -8.662978172302227
v -50.37739562988281 -309.9279479980469 -19.069719314575156
v -54.8193359375 -310.7182312011719 9.855092048645057
v -27.558433532714844 -310.1830139160156 -8.104775428771935
v -40.62794494628906 -309.9198913574219 18.279287338256875
v -27.558433532714844 -310.1830139160156 -8.104775428771935
v -21.166149139404297 -283.21728515625 -43.03311157226559
v -50.37739562988281 -309.9279479980469 -19.069719314575156
v -33.523250579833984 -283.2248840332031 -43.58265686035153
v -24.64244270324707 -229.6124725341797 -28.74926757812497
v -33.27363967895508 -232.0147705078125 -37.218704223632784
v -25.764690399169922 -265.646728515625 -27.2176532745361
v -29.914398193359375 -260.368896484375 -37.70214080810544
v -40.373050689697266 -87.03840637207031 -23.169195175170888
v -34.878753662109375 -149.26303100585938 -28.356571197509748
v -9.77251148223877 -87.53629302978516 -22.56982421874999
v -16.352724075317383 -150.70570373535156 -24.39362716674803
v 23.592288970947266 -39.55331420898438 -30.664535522460934
v 22.4786434173584 -54.78965377807618 -31.93486595153808
v 35.02674865722656 -36.30799865722656 -11.126852035522456
v 41.04071807861328 -56.36489486694336 -12.479257583618157
v 25.61585235595703 -157.5040283203125 -2.3328096866607475
v 24.06329917907715 -163.45895385742188 -4.504374980926493
v 5.156682014465332 -147.52069091796875 -0.1521309614181338
v 7.843494415283203 -162.47193908691406 -5.475846767425518
v -0.8276892900466919 -311.5677490234375 -0.7231826186179733
v 4.849508762359619 -311.3811340332031 28.358333587646523
v 24.215349197387695 -311.48797607421875 -4.443387031555138
v 19.892229080200195 -312.2884521484375 24.499141693115273
v 24.215349197387695 -311.48797607421875 -4.443387031555138
v 15.563836097717285 -284.6812744140625 -32.80800247192379
v -0.8276892900466919 -311.5677490234375 -0.7231826186179733
v 4.597976207733154 -284.5841369628906 -35.928981781005824
v 4.436563014984131 -267.0355224609375 -19.43597602844235
v 11.541202545166016 -261.7962341308594 -28.215166091918913
v 7.759795665740967 -230.46502685546875 -21.691062927246065
v 16.727176666259766 -234.36212158203125 -29.20096778869626
v 8.55060863494873 -87.86722564697266 -26.796941757202138
v 7.174628257751465 -151.2445068359375 -22.869110107421857
v 38.961856842041016 -90.61961364746094 -24.656795501708974
v 26.006967544555664 -152.09996032714844 -25.237901687622053
v -66.41014862060547 9.63758850097656 -15.426618576049806
v -85.36064147949219 -46.93998336791992 -11.697763442993159
v -57.142948150634766 -27.097045898437504 -36.985748291015625
v -85.36064147949219 -46.93998336791992 -11.697763442993159
v -38.37523651123047 -68.76513671875 -38.073406219482415
v -57.142948150634766 -27.097045898437504 -36.985748291015625
v -57.142948150634766 -27.097045898437504 -36.985748291015625
v -38.37523651123047 -68.76513671875 -38.073406219482415
v -19.220277786254883 -11.177508354187017 -41.857906341552734
v -66.41014862060547 9.63758850097656 -15.426618576049806
v -57.142948150634766 -27.097045898437504 -36.985748291015625
v -19.220277786254883 -11.177508354187017 -41.857906341552734
v -66.41014862060547 9.63758850097656 -15.426618576049806
v -57.142948150634766 -27.097045898437504 -36.985748291015625
v -85.36064147949219 -46.93998336791992 -11.697763442993159
v -85.36064147949219 -46.93998336791992 -11.697763442993159
v -57.142948150634766 -27.097045898437504 -36.985748291015625
v -38.37523651123047 -68.76513671875 -38.073406219482415
v -57.142948150634766 -27.097045898437504 -36.985748291015625
v -19.220277786254883 -11.177508354187017 -41.857906341552734
v -38.37523651123047 -68.76513671875 -38.073406219482415
v -66.41014862060547 9.63758850097656 -15.426618576049806
v -19.220277786254883 -11.177508354187017 -41.857906341552734
v -57.142948150634766 -27.097045898437504 -36.985748291015625
v -47.96429443359375 -91.71452331542969 -4.810675144195545
v -61.282005310058594 -86.36546325683594 -10.616785049438466
v -51.89238739013672 -84.27273559570312 -14.50445556640624
v -57.08135986328125 -86.2389907836914 -22.653203964233388
v -42.79426956176758 -91.5588607788086 -19.62472915649413
v -51.89238739013672 -84.27273559570312 -14.50445556640624
v -51.89238739013672 -84.27273559570312 -14.50445556640624
v -42.79426956176758 -91.5588607788086 -19.62472915649413
v -47.96429443359375 -91.71452331542969 -4.810675144195545
v -51.89238739013672 -84.27273559570312 -14.50445556640624
v -61.282005310058594 -86.36546325683594 -10.616785049438466
v -57.08135986328125 -86.2389907836914 -22.653203964233388
v -23.542198181152344 30.717407226562496 -16.928096771240238
v -20.625 49.9971923828125 -22.949327468872077
v -36.32620620727539 58.84636688232422 -19.157871246337898
v -32.32670974731445 66.1336669921875 -16.231119155883796
v -20.625 49.9971923828125 -22.949327468872077
v -23.542198181152344 30.717407226562496 -16.928096771240238
v -24.375 47.42464828491211 8.13943195343017
v -29.91421890258789 29.908781051635742 0.580723583698269
v -24.638736724853516 65.02792358398438 3.5268266201019207
v -24.375 47.42464828491211 8.13943195343017
v -42.14292526245117 57.229801177978516 -3.6266956329345774
v -29.91421890258789 29.908781051635742 0.580723583698269
v -36.32620620727539 58.84636688232422 -19.157871246337898
v -32.32670974731445 66.1336669921875 -16.231119155883796
v -42.14292526245117 57.229801177978516 -3.6266956329345774
v -24.638736724853516 65.02792358398438 3.5268266201019207
v 46.46511459350586 -85.94110107421875 -16.457468032836903
v 56.50051498413086 -87.90576171875 -12.146374702453603
v 41.913631439208984 -93.12164306640625 -6.8788242340087775
v 46.46511459350586 -85.94110107421875 -16.457468032836903
v 37.712215423583984 -93.39221954345703 -22.000991821289052
v 51.90628433227539 -88.14317321777344 -25.11633300781249
v 41.913631439208984 -93.12164306640625 -6.8788242340087775
v 37.712215423583984 -93.39221954345703 -22.000991821289052
v 46.46511459350586 -85.94110107421875 -16.457468032836903
v 51.90628433227539 -88.14317321777344 -25.11633300781249
v 56.50051498413086 -87.90576171875 -12.146374702453603
v 46.46511459350586 -85.94110107421875 -16.457468032836903
v 32.32670593261719 66.1336669921875 -16.231119155883796
v 20.625 49.9971923828125 -22.949327468872077
v 36.38947296142578 58.13096237182617 -18.471364974975593
v 22.686607360839844 30.45317459106445 -16.552200317382816
v 24.375 47.42464828491211 8.139430999755854
v 27.799222946166992 29.8731632232666 1.389907002449032
v 20.625 49.9971923828125 -22.949327468872077
v 22.686607360839844 30.45317459106445 -16.552200317382816
v 27.799222946166992 29.8731632232666 1.389907002449032
v 24.375 47.42464828491211 8.139430999755854
v 41.06237030029297 56.710994720458984 -2.52233815193177
v 24.63873291015625 65.02792358398438 3.5268261432647625
v 36.38947296142578 58.13096237182617 -18.471364974975593
v 41.06237030029297 56.710994720458984 -2.52233815193177
v 32.32670593261719 66.1336669921875 -16.231119155883796
v 24.63873291015625 65.02792358398438 3.5268261432647625
v -14.730085372924805 103.41825866699219 -17.361721038818374
v -26.764881134033203 106.9303970336914 -12.693087577819837
v -18.935489654541016 124.05562591552734 8.358773231506332
v -3.3989739418029785 114.43721008300781 -29.99514770507814
v -26.764881134033203 106.9303970336914 -12.693087577819837
v -14.730085372924805 103.41825866699219 -17.361721038818374
v 15.69343376159668 103.6668930053711 -17.228094100952163
v 21.52923583984375 110.26189422607422 -17.922790527343764
v -3.3989739418029785 114.43721008300781 -29.99514770507814
v 18.35785675048828 124.36039733886719 8.522572517395004
v 21.52923583984375 110.26189422607422 -17.922790527343764
v 15.69343376159668 103.6668930053711 -17.228094100952163
v 15.69343376159668 103.6668930053711 -17.228094100952163
v -3.3989739418029785 114.43721008300781 -29.99514770507814
v -14.730085372924805 103.41825866699219 -17.361721038818374
v -1.959710955619812 75.46648406982422 -38.16598129272462
v -33.03675842285156 75.72935485839844 -16.668798446655284
v 2.4726409912109375 36.04519271850585 -34.32326889038087
v 33.79725646972656 82.16499328613281 -29.824405670166026
v -1.959710955619812 75.46648406982422 -38.16598129272462
v 2.4726409912109375 36.04519271850585 -34.32326889038087
v -18.935489654541016 124.05562591552734 8.358773231506332
v -14.010418891906738 117.944091796875 15.201944351196275
v -14.730085372924805 103.41825866699219 -17.361721038818374
v 14.450291633605957 118.17668914794922 15.32694816589354
v 18.35785675048828 124.36039733886719 8.522572517395004
v 15.69343376159668 103.6668930053711 -17.228094100952163
v -14.730085372924805 103.41825866699219 -17.361721038818374
v -0.0000013290683682498639 85.3482894897461 -16.13087272644044
v 15.69343376159668 103.6668930053711 -17.228094100952163
v -14.730085372924805 103.41825866699219 -17.361721038818374
v -8.84166145324707 92.6927490234375 1.6307137012481576
v -13.125000953674316 82.95525360107422 -2.881757974624644
v 13.124999046325684 82.95525360107422 -2.881758451461802
v 9.805011749267578 92.84513854980469 1.712613224983204
v 15.69343376159668 103.6668930053711 -17.228094100952163
v -0.0000013290683682498639 85.3482894897461 -16.13087272644044
v 13.124999046325684 82.95525360107422 -2.881758451461802
v 15.69343376159668 103.6668930053711 -17.228094100952163
v -18.935489654541016 124.05562591552734 8.358773231506332
v -23.031553268432617 91.0445327758789 2.1539065837859996
v -26.764881134033203 106.9303970336914 -12.693087577819837
v -33.03675842285156 75.72935485839844 -16.668798446655284
v 21.52923583984375 110.26189422607422 -17.922790527343764
v 33.79725646972656 82.16499328613281 -29.824405670166026
v 18.35785675048828 124.36039733886719 8.522572517395004
v 24.212892532348633 95.03611755371094 -2.3354861736297723
v 18.65606117248535 72.58863830566406 17.1222801208496
v 13.794695854187012 73.58650970458984 18.298526763916005
v 16.932228088378906 89.0917739868164 9.914381027221669
v 12.602306365966797 89.8204345703125 13.705560684204091
v 18.35785675048828 124.36039733886719 8.522572517395004
v 16.932228088378906 89.0917739868164 9.914381027221669
v 14.450291633605957 118.17668914794922 15.32694816589354
v 12.602306365966797 89.8204345703125 13.705560684204091
v -15.44009780883789 93.44563293457031 18.800098419189442
v -14.512928009033203 72.94603729248047 21.360422134399403
v -21.116512298583984 93.7259292602539 14.814270973205556
v -17.608291625976562 69.32228088378906 18.165285110473626
v -15.44009780883789 93.44563293457031 18.800098419189442
v -21.116512298583984 93.7259292602539 14.814270973205556
v -14.010418891906738 117.944091796875 15.201944351196275
v -18.935489654541016 124.05562591552734 8.358773231506332
v -14.010418891906738 117.944091796875 15.201944351196275
v -10.939850807189941 101.3510971069336 16.41189384460448
v -14.730085372924805 103.41825866699219 -17.361721038818374
v -8.84166145324707 92.6927490234375 1.6307137012481576
v 9.805011749267578 92.84513854980469 1.712613224983204
v 11.632437705993652 101.53556823730469 16.51103591918944
v 15.69343376159668 103.6668930053711 -17.228094100952163
v 14.450291633605957 118.17668914794922 15.32694816589354
v -3.3989739418029785 114.43721008300781 -29.99514770507814
v -26.764881134033203 106.9303970336914 -12.693087577819837
v -1.959710955619812 75.46648406982422 -38.16598129272462
v -33.03675842285156 75.72935485839844 -16.668798446655284
v -3.3989739418029785 114.43721008300781 -29.99514770507814
v -1.959710955619812 75.46648406982422 -38.16598129272462
v 21.52923583984375 110.26189422607422 -17.922790527343764
v 33.79725646972656 82.16499328613281 -29.824405670166026
v 5.637063980102539 127.96572875976562 34.66254425048827
v 2.324425220489502 119.26561737060547 30.263202667236314
v 9.335686683654785 140.15415954589844 22.637411117553693
v 11.352646827697754 136.89633178710938 16.38526535034178
v -11.780869483947754 140.49319458007812 1.431619644165022
v 8.794851303100586 151.26376342773438 6.7491765022277646
v -16.480470657348633 140.7541046142578 15.601095199584943
v 2.727311134338379 148.6328582763672 17.67525672912596
v 2.727311134338379 148.6328582763672 17.67525672912596
v 6.640250205993652 145.2652587890625 22.79697608947752
v -16.480470657348633 140.7541046142578 15.601095199584943
v -13.029888153076172 138.16563415527344 23.841730117797834
v 6.640250205993652 145.2652587890625 22.79697608947752
v 9.335686683654785 140.15415954589844 22.637411117553693
v -13.029888153076172 138.16563415527344 23.841730117797834
v -10.265313148498535 136.88768005371094 22.00716781616209
v 21.52923583984375 110.26189422607422 -17.922790527343764
v 15.39559268951416 135.87478637695312 -7.7952637672424485
v -3.3989739418029785 114.43721008300781 -29.99514770507814
v -0.2888176441192627 138.4096221923828 -16.560716629028338
v -0.2888176441192627 138.4096221923828 -16.560716629028338
v -16.990734100341797 135.610107421875 -7.937510013580339
v -3.3989739418029785 114.43721008300781 -29.99514770507814
v -26.764881134033203 106.9303970336914 -12.693087577819837
v -2.242598295211792 114.50506591796875 23.481437683105455
v -8.185173988342285 121.15878295898438 23.681524276733384
v 2.6644208431243896 114.545166015625 23.502990722656236
v 8.498690605163574 121.29513549804688 23.754802703857408
v -0.0000013290683682498639 85.3482894897461 -16.13087272644044
v -32.32670974731445 66.1336669921875 -16.231119155883796
v -20.625 49.9971923828125 -22.949327468872077
v -0.0000013290683682498639 85.3482894897461 -16.13087272644044
v -20.625 49.9971923828125 -22.949327468872077
v 20.625 49.9971923828125 -22.949327468872077
v 20.625 49.9971923828125 -22.949327468872077
v 32.32670593261719 66.1336669921875 -16.231119155883796
v -0.0000013290683682498639 85.3482894897461 -16.13087272644044
v -8.036226972762961e-7 52.63499450683594 12.591953277587884
v 19.6875 32.045379638671875 21.98658752441406
v -19.6875 32.045379638671875 21.98658752441406
v 16.875 8.602319717407225 -8.84259605407715
v 17.8125 14.416458129882814 8.72102928161621
v 24.375 24.49212646484375 10.134012222290036
v -16.875 8.602319717407225 -8.84259605407715
v -24.375 47.42464828491211 8.13943195343017
v -25.3125 24.49212646484375 10.134013175964352
v -8.036226972762961e-7 52.63499450683594 12.591953277587884
v -19.6875 32.045379638671875 21.98658752441406
v -24.375 47.42464828491211 8.13943195343017
v 24.375 47.42464828491211 8.139430999755854
v 19.6875 32.045379638671875 21.98658752441406
v -8.036226972762961e-7 52.63499450683594 12.591953277587884
v -24.638736724853516 65.02792358398438 3.5268266201019207
v -32.32670974731445 66.1336669921875 -16.231119155883796
v -13.125000953674316 82.95525360107422 -2.881757974624644
v -16.875 8.602319717407225 -8.84259605407715
v -20.625 49.9971923828125 -22.949327468872077
v -24.375 47.42464828491211 8.13943195343017
v 13.124999046325684 82.95525360107422 -2.881758451461802
v 32.32670593261719 66.1336669921875 -16.231119155883796
v 24.63873291015625 65.02792358398438 3.5268261432647625
v 24.375 47.42464828491211 8.139430999755854
v 20.625 49.9971923828125 -22.949327468872077
v 16.875 8.602319717407225 -8.84259605407715
v 16.875 8.602319717407225 -8.84259605407715
v 24.375 24.49212646484375 10.134012222290036
v 24.375 47.42464828491211 8.139430999755854
v -0.0000013290683682498639 85.3482894897461 -16.13087272644044
v 32.32670593261719 66.1336669921875 -16.231119155883796
v 13.124999046325684 82.95525360107422 -2.881758451461802
v -13.125000953674316 82.95525360107422 -2.881757974624644
v -32.32670974731445 66.1336669921875 -16.231119155883796
v -0.0000013290683682498639 85.3482894897461 -16.13087272644044
v -21.166149139404297 -283.21728515625 -43.03311157226559
v -33.523250579833984 -283.2248840332031 -43.58265686035153
v -28.682132720947266 -310.2448425292969 -42.88599777221676
v -33.523250579833984 -283.2248840332031 -43.58265686035153
v -32.025794982910156 -310.3650207519531 -38.666347503662074
v -28.682132720947266 -310.2448425292969 -42.88599777221676
v -21.166149139404297 -283.21728515625 -43.03311157226559
v -28.682132720947266 -310.2448425292969 -42.88599777221676
v -26.275293350219727 -310.40087890625 -36.95449066162106
v 4.597976207733154 -284.5841369628906 -35.928981781005824
v 10.538651466369629 -311.66455078125 -33.613864898681605
v 15.563836097717285 -284.6812744140625 -32.80800247192379
v 15.563836097717285 -284.6812744140625 -32.80800247192379
v 10.538651466369629 -311.66455078125 -33.613864898681605
v 13.482710838317871 -311.80718994140625 -28.582744598388633
v 4.597976207733154 -284.5841369628906 -35.928981781005824
v 7.483086109161377 -311.7996826171875 -28.649465560913047
v 10.538651466369629 -311.66455078125 -33.613864898681605
v 5.159542083740234 -62.26504135131836 -6.463998794555656
v -0.7854862213134766 -55.60430908203125 18.95826148986817
v 5.156682014465332 -147.52069091796875 -0.1521309614181338
v 5.156682014465332 -147.52069091796875 -0.1521309614181338
v -0.7854862213134766 -55.60430908203125 18.95826148986817
v 16.795331954956055 -76.04386901855469 18.438364028930675
v -16.025516510009766 -149.04644775390625 -1.3471560478210267
v -1.163246750831604 -51.566837310791016 11.202045440673835
v -5.7218546867370605 -59.801544189453125 -14.04490947723388
v -20.806325912475586 -78.496826171875 22.713098526000987
v -1.163246750831604 -51.566837310791016 11.202045440673835
v -16.025516510009766 -149.04644775390625 -1.3471560478210267
v -5.7218546867370605 -59.801544189453125 -14.04490947723388
v -1.163246750831604 -51.566837310791016 11.202045440673835
v 5.159542083740234 -62.26504135131836 -6.463998794555656
v -0.7854862213134766 -55.60430908203125 18.95826148986817
v -12.472479820251465 -29.555088043212887 20.902969360351566
v 16.314878463745117 -29.463684082031246 17.398736953735355
v -20.806325912475586 -78.496826171875 22.713098526000987
v 16.795331954956055 -76.04386901855469 18.438364028930675
v -29.14006996154785 -54.953548431396484 -25.651414871215813
v -9.77251148223877 -87.53629302978516 -22.56982421874999
v 22.4786434173584 -54.78965377807618 -31.93486595153808
v 8.55060863494873 -87.86722564697266 -26.796941757202138
v -5.7218546867370605 -59.801544189453125 -14.04490947723388
v -9.77251148223877 -87.53629302978516 -22.56982421874999
v -16.352724075317383 -150.70570373535156 -24.39362716674803
v -5.7218546867370605 -59.801544189453125 -14.04490947723388
v -16.352724075317383 -150.70570373535156 -24.39362716674803
v -16.025516510009766 -149.04644775390625 -1.3471560478210267
v 7.174628257751465 -151.2445068359375 -22.869110107421857
v 8.55060863494873 -87.86722564697266 -26.796941757202138
v 5.159542083740234 -62.26504135131836 -6.463998794555656
v 7.174628257751465 -151.2445068359375 -22.869110107421857
v 5.159542083740234 -62.26504135131836 -6.463998794555656
v 5.156682014465332 -147.52069091796875 -0.1521309614181338
vt 0.1796875 0.59375
vt 0.2109375 0.6328125
vt 0.2421875 0.59375
vt 0.0546875 0.59375
vt 0.0859375 0.6328125
vt 0.1171875 0.59375
vt 0.2421875 0.3203125
vt 0.2421875 0.265625
vt 0.1796875 0.265625
vt 0.0078125 0.265625
vt 0.0078125 0.3203125
vt 0.0546875 0.3203125
vt 0.1796875 0.265625
vt 0.1796875 0.3203125
vt 0.2421875 0.3203125
vt 0.1171875 0.3203125
vt 0.1796875 0.3203125
vt 0.1796875 0.265625
vt 0.0546875 0.453125
vt 0.0546875 0.53125
vt 0.1171875 0.53125
vt 0.1796875 0.53125
vt 0.2421875 0.53125
vt 0.2421875 0.453125
vt 0.2421875 0.453125
vt 0.2421875 0.375
vt 0.1796875 0.375
vt 0.1171875 0.375
vt 0.0546875 0.375
vt 0.0546875 0.453125
vt 0.2421875 0.453125
vt 0.1796875 0.375
vt 0.1796875 0.53125
vt 0.1171875 0.53125
vt 0.1171875 0.375
vt 0.0546875 0.453125
vt 0.2421875 0.59375
vt 0.2109375 0.6328125
vt 0.1796875 0.59375
vt 0.1171875 0.59375
vt 0.0859375 0.6328125
vt 0.0546875 0.59375
vt 0.1796875 0.265625
vt 0.2421875 0.265625
vt 0.2421875 0.3203125
vt 0.0546875 0.3203125
vt 0.0078125 0.3203125
vt 0.0078125 0.265625
vt 0.2421875 0.3203125
vt 0.1796875 0.3203125
vt 0.1796875 0.265625
vt 0.1796875 0.265625
vt 0.1796875 0.3203125
vt 0.1171875 0.3203125
vt 0.1171875 0.53125
vt 0.0546875 0.53125
vt 0.0546875 0.453125
vt 0.2421875 0.453125
vt 0.2421875 0.53125
vt 0.1796875 0.53125
vt 0.1796875 0.375
vt 0.2421875 0.375
vt 0.2421875 0.453125
vt 0.0546875 0.453125
vt 0.0546875 0.375
vt 0.1171875 0.375
vt 0.1796875 0.53125
vt 0.1796875 0.375
vt 0.2421875 0.453125
vt 0.0546875 0.453125
vt 0.1171875 0.375
vt 0.1171875 0.53125
vt 0.3515625 0.3828125
vt 0.3046875 0.328125
vt 0.328125 0.28125
vt 0.515625 0.28125
vt 0.546875 0.328125
vt 0.4921875 0.3828125
vt 0.328125 0.28125
vt 0.3203125 0.234375
vt 0.3984375 0.234375
vt 0.4453125 0.234375
vt 0.5234375 0.234375
vt 0.515625 0.28125
vt 0.421875 0.375
vt 0.390625 0.3203125
vt 0.453125 0.3203125
vt 0.421875 0.375
vt 0.4375 0.421875
vt 0.40625 0.421875
vt 0.5390625 0.046875
vt 0.5625 0.1953125
vt 0.625 0.140625
vt 0.5390625 0.046875
vt 0.625 0.140625
vt 0.5625 0.1953125
vt 0.3359375 0.0078125
vt 0.421875 0.046875
vt 0.3125 0.046875
vt 0.421875 0.046875
vt 0.3359375 0.0078125
vt 0.5078125 0.0078125
vt 0.421875 0.046875
vt 0.5078125 0.0078125
vt 0.5390625 0.046875
vt 0.3125 0.046875
vt 0.421875 0.046875
vt 0.3359375 0.171875
vt 0.3359375 0.171875
vt 0.421875 0.046875
vt 0.515625 0.171875
vt 0.421875 0.046875
vt 0.5390625 0.046875
vt 0.515625 0.171875
vt 0.390625 0.3203125
vt 0.3515625 0.3828125
vt 0.328125 0.28125
vt 0.453125 0.3203125
vt 0.515625 0.28125
vt 0.4921875 0.3828125
vt 0.6015625 0.3828125
vt 0.4375 0.421875
vt 0.5390625 0.453125
vt 0.5390625 0.453125
vt 0.4375 0.421875
vt 0.4375 0.421875
vt 0.6015625 0.3828125
vt 0.5390625 0.453125
vt 0.4375 0.421875
vt 0.3046875 0.328125
vt 0.2890625 0.1953125
vt 0.3203125 0.234375
vt 0.3984375 0.234375
vt 0.421875 0.2890625
vt 0.390625 0.3203125
vt 0.390625 0.3203125
vt 0.328125 0.28125
vt 0.3984375 0.234375
vt 0.3359375 0.171875
vt 0.2890625 0.1953125
vt 0.3125 0.046875
vt 0.6015625 0.3828125
vt 0.5390625 0.453125
vt 0.6171875 0.453125
vt 0.71875 0.3984375
vt 0.6015625 0.3828125
vt 0.6171875 0.453125
vt 0.3203125 0.234375
vt 0.2890625 0.1953125
vt 0.3359375 0.171875
vt 0.3203125 0.234375
vt 0.328125 0.28125
vt 0.3046875 0.328125
vt 0.3984375 0.234375
vt 0.3203125 0.234375
vt 0.3359375 0.171875
vt 0.703125 0.0078125
vt 0.703125 0.046875
vt 0.8359375 0.0078125
vt 0.703125 0.046875
vt 0.703125 0.0078125
vt 0.5078125 0.0078125
vt 0.5390625 0.046875
vt 0.703125 0.046875
vt 0.5078125 0.0078125
vt 0.7734375 0.9296875
vt 0.7734375 0.984375
vt 0.75 0.984375
vt 0.390625 0.3203125
vt 0.421875 0.2890625
vt 0.453125 0.3203125
vt 0.2421875 0.0078125
vt 0.2890625 0.03125
vt 0.2421875 0.0546875
vt 0.3984375 0.234375
vt 0.4453125 0.234375
vt 0.421875 0.2890625
vt 0.5234375 0.234375
vt 0.5625 0.1953125
vt 0.546875 0.328125
vt 0.453125 0.3203125
vt 0.421875 0.2890625
vt 0.4453125 0.234375
vt 0.4453125 0.234375
vt 0.515625 0.28125
vt 0.453125 0.3203125
vt 0.5390625 0.046875
vt 0.5625 0.1953125
vt 0.515625 0.171875
vt 0.6171875 0.453125
vt 0.5390625 0.453125
vt 0.6015625 0.3828125
vt 0.6171875 0.453125
vt 0.6015625 0.3828125
vt 0.71875 0.3984375
vt 0.515625 0.171875
vt 0.5625 0.1953125
vt 0.5234375 0.234375
vt 0.546875 0.328125
vt 0.515625 0.28125
vt 0.5234375 0.234375
vt 0.515625 0.171875
vt 0.5234375 0.234375
vt 0.4453125 0.234375
vt 0.8359375 0.0078125
vt 0.703125 0.046875
vt 0.703125 0.0078125
vt 0.5078125 0.0078125
vt 0.703125 0.0078125
vt 0.703125 0.046875
vt 0.5078125 0.0078125
vt 0.703125 0.046875
vt 0.5390625 0.046875
vt 0.421875 0.375
vt 0.40625 0.421875
vt 0.3515625 0.3828125
vt 0.421875 0.375
vt 0.3515625 0.3828125
vt 0.390625 0.3203125
vt 0.4921875 0.3828125
vt 0.4375 0.421875
vt 0.421875 0.375
vt 0.4921875 0.3828125
vt 0.421875 0.375
vt 0.453125 0.3203125
vt 0.546875 0.328125
vt 0.4921875 0.3828125
vt 0.6015625 0.3828125
vt 0.4921875 0.3828125
vt 0.4375 0.421875
vt 0.6015625 0.3828125
vt 0.4375 0.421875
vt 0.4921875 0.3828125
vt 0.6015625 0.3828125
vt 0.4921875 0.3828125
vt 0.546875 0.328125
vt 0.6015625 0.3828125
vt 0.5390625 0.046875
vt 0.625 0.140625
vt 0.703125 0.046875
vt 0.625 0.140625
vt 0.703125 0.140625
vt 0.703125 0.046875
vt 0.703125 0.140625
vt 0.625 0.140625
vt 0.703125 0.046875
vt 0.625 0.140625
vt 0.5390625 0.046875
vt 0.703125 0.046875
vt 0.7265625 0.8984375
vt 0.6640625 0.796875
vt 0.6640625 0.8828125
vt 0.7265625 0.8984375
vt 0.6640625 0.8828125
vt 0.6640625 0.796875
vt 0.84375 0.8828125
vt 0.796875 0.796875
vt 0.796875 0.8828125
vt 0.796875 0.8828125
vt 0.796875 0.796875
vt 0.84375 0.8828125
vt 0.890625 0.7421875
vt 0.984375 0.7421875
vt 0.984375 0.796875
vt 0.890625 0.7421875
vt 0.984375 0.796875
vt 0.796875 0.796875
vt 0.984375 0.5546875
vt 0.984375 0.7421875
vt 0.890625 0.7421875
vt 0.796875 0.5546875
vt 0.984375 0.5546875
vt 0.890625 0.7421875
vt 0.4140625 0.6875
vt 0.40625 0.640625
vt 0.46875 0.640625
vt 0.640625 0.640625
vt 0.703125 0.640625
vt 0.6953125 0.6875
vt 0.46875 0.640625
vt 0.640625 0.640625
vt 0.5546875 0.6875
vt 0.40625 0.640625
vt 0.4296875 0.6015625
vt 0.46875 0.640625
vt 0.640625 0.640625
vt 0.6796875 0.6015625
vt 0.703125 0.640625
vt 0.40625 0.640625
vt 0.3984375 0.5546875
vt 0.4296875 0.6015625
vt 0.5546875 0.6875
vt 0.4140625 0.6875
vt 0.46875 0.640625
vt 0.5546875 0.6875
vt 0.640625 0.640625
vt 0.6953125 0.6875
vt 0.703125 0.640625
vt 0.6796875 0.6015625
vt 0.7109375 0.5546875
vt 0.4453125 0.796875
vt 0.4140625 0.6875
vt 0.5546875 0.6875
vt 0.6953125 0.6875
vt 0.6640625 0.796875
vt 0.796875 0.7421875
vt 0.6640625 0.796875
vt 0.4453125 0.796875
vt 0.5546875 0.6875
vt 0.796875 0.5546875
vt 0.890625 0.7421875
vt 0.796875 0.7421875
vt 0.796875 0.7421875
vt 0.890625 0.7421875
vt 0.796875 0.796875
vt 0.7734375 0.453125
vt 0.71875 0.3984375
vt 0.6171875 0.453125
vt 0.6640625 0.796875
vt 0.796875 0.796875
vt 0.796875 0.7421875
vt 0.5546875 0.6875
vt 0.6953125 0.6875
vt 0.6640625 0.796875
vt 0.796875 0.7421875
vt 0.6640625 0.796875
vt 0.6953125 0.6875
vt 0.6171875 0.453125
vt 0.71875 0.3984375
vt 0.7734375 0.453125
vt 0.796875 0.7421875
vt 0.796875 0.796875
vt 0.6640625 0.796875
vt 0.796875 0.7421875
vt 0.703125 0.640625
vt 0.6953125 0.6875
vt 0.7265625 0.8984375
vt 0.6640625 0.984375
vt 0.6640625 0.8828125
vt 0.7265625 0.8984375
vt 0.6640625 0.8828125
vt 0.6640625 0.984375
vt 0.9765625 0.4921875
vt 0.984375 0.4765625
vt 0.9453125 0.4765625
vt 0.9453125 0.4765625
vt 0.984375 0.4765625
vt 0.9765625 0.4921875
vt 0.1875 0.8203125
vt 0.1875 0.7421875
vt 0.1328125 0.7421875
vt 0.1328125 0.7421875
vt 0.1875 0.7421875
vt 0.1875 0.8203125
vt 0.3828125 0.6640625
vt 0.3828125 0.6015625
vt 0.3125 0.8203125
vt 0.84375 0.90625
vt 0.796875 0.984375
vt 0.875 0.984375
vt 0.84375 0.90625
vt 0.796875 0.921875
vt 0.796875 0.984375
vt 0.1328125 0.7421875
vt 0.1015625 0.671875
vt 0.0859375 0.8984375
vt 0.0390625 0.8203125
vt 0.0859375 0.8984375
vt 0.0390625 0.671875
vt 0.1015625 0.671875
vt 0.0390625 0.671875
vt 0.0859375 0.8984375
vt 0.3828125 0.6015625
vt 0.3125 0.578125
vt 0.3125 0.8203125
vt 0.796875 0.921875
vt 0.796875 0.8828125
vt 0.7265625 0.8984375
vt 0.0390625 0.8203125
vt 0.0390625 0.8984375
vt 0.0859375 0.8984375
vt 0.1640625 0.90625
vt 0.0859375 0.921875
vt 0.1640625 0.9453125
vt 0.1640625 0.9453125
vt 0.0859375 0.96875
vt 0.1640625 0.984375
vt 0.0390625 0.984375
vt 0.0859375 0.96875
vt 0.078125 0.9453125
vt 0.078125 0.9453125
vt 0.0859375 0.921875
vt 0.0390625 0.90625
vt 0.3125 0.8203125
vt 0.3828125 0.8203125
vt 0.3828125 0.6640625
vt 0.3125 0.8203125
vt 0.3125 0.578125
vt 0.25 0.6640625
vt 0.0390625 0.671875
vt 0.0390625 0.640625
vt 0.0078125 0.640625
vt 0.1640625 0.640625
vt 0.1015625 0.671875
vt 0.1328125 0.7421875
vt 0.0078125 0.7421875
vt 0.0390625 0.671875
vt 0.0078125 0.640625
vt 0.1640625 0.640625
vt 0.1015625 0.640625
vt 0.1015625 0.671875
vt 0.1640625 0.640625
vt 0.1328125 0.7421875
vt 0.1875 0.7421875
vt 0.0859375 0.921875
vt 0.09375 0.9453125
vt 0.1640625 0.9453125
vt 0.1640625 0.9453125
vt 0.09375 0.9453125
vt 0.0859375 0.96875
vt 0.1640625 0.9453125
vt 0.2421875 0.984375
vt 0.2421875 0.90625
vt 0.1640625 0.9453125
vt 0.1640625 0.984375
vt 0.2421875 0.984375
vt 0.0390625 0.671875
vt 0.0078125 0.7421875
vt 0.0390625 0.8203125
vt 0.25 0.8203125
vt 0.3125 0.8203125
vt 0.25 0.6640625
vt 0.078125 0.9453125
vt 0.0390625 0.90625
vt 0.0390625 0.984375
vt 0.1875 0.7421875
vt 0.2421875 0.7421875
vt 0.2421875 0.640625
vt 0.2421875 0.640625
vt 0.1640625 0.640625
vt 0.1875 0.7421875
vt 0.0859375 0.96875
vt 0.0390625 0.984375
vt 0.1640625 0.984375
vt 0.1640625 0.90625
vt 0.0390625 0.90625
vt 0.0859375 0.921875
vt 0.2421875 0.90625
vt 0.1640625 0.90625
vt 0.1640625 0.9453125
vt 0.3125 0.8203125
vt 0.3828125 0.6015625
vt 0.3828125 0.6640625
vt 0.875 0.984375
vt 0.796875 0.984375
vt 0.84375 0.90625
vt 0.796875 0.984375
vt 0.796875 0.921875
vt 0.84375 0.90625
vt 0.1328125 0.7421875
vt 0.1328125 0.890625
vt 0.0859375 0.8984375
vt 0.0390625 0.671875
vt 0.0859375 0.8984375
vt 0.0390625 0.8203125
vt 0.0859375 0.8984375
vt 0.0390625 0.671875
vt 0.1015625 0.671875
vt 0.3125 0.8203125
vt 0.3125 0.578125
vt 0.3828125 0.6015625
vt 0.7265625 0.8984375
vt 0.796875 0.8828125
vt 0.796875 0.921875
vt 0.0859375 0.8984375
vt 0.0390625 0.8984375
vt 0.0390625 0.8203125
vt 0.1640625 0.9453125
vt 0.0859375 0.921875
vt 0.1640625 0.90625
vt 0.1640625 0.984375
vt 0.0859375 0.96875
vt 0.1640625 0.9453125
vt 0.078125 0.9453125
vt 0.0859375 0.96875
vt 0.0390625 0.984375
vt 0.0390625 0.90625
vt 0.0859375 0.921875
vt 0.078125 0.9453125
vt 0.3828125 0.6640625
vt 0.3828125 0.8203125
vt 0.3125 0.8203125
vt 0.25 0.6640625
vt 0.3125 0.578125
vt 0.3125 0.8203125
vt 0.0078125 0.640625
vt 0.0390625 0.640625
vt 0.0390625 0.671875
vt 0.1328125 0.7421875
vt 0.1015625 0.671875
vt 0.1640625 0.640625
vt 0.0078125 0.640625
vt 0.0390625 0.671875
vt 0.0078125 0.7421875
vt 0.1015625 0.671875
vt 0.1015625 0.640625
vt 0.1640625 0.640625
vt 0.1875 0.7421875
vt 0.1328125 0.7421875
vt 0.1640625 0.640625
vt 0.1640625 0.9453125
vt 0.09375 0.9453125
vt 0.0859375 0.921875
vt 0.0859375 0.96875
vt 0.09375 0.9453125
vt 0.1640625 0.9453125
vt 0.2421875 0.90625
vt 0.2421875 0.984375
vt 0.1640625 0.9453125
vt 0.2421875 0.984375
vt 0.1640625 0.984375
vt 0.1640625 0.9453125
vt 0.0390625 0.8203125
vt 0.0078125 0.7421875
vt 0.0390625 0.671875
vt 0.25 0.6640625
vt 0.3125 0.8203125
vt 0.25 0.8203125
vt 0.0390625 0.984375
vt 0.0390625 0.90625
vt 0.078125 0.9453125
vt 0.2421875 0.640625
vt 0.2421875 0.7421875
vt 0.1875 0.7421875
vt 0.1875 0.7421875
vt 0.1640625 0.640625
vt 0.2421875 0.640625
vt 0.1640625 0.984375
vt 0.0390625 0.984375
vt 0.0859375 0.96875
vt 0.0859375 0.921875
vt 0.0390625 0.90625
vt 0.1640625 0.90625
vt 0.1640625 0.9453125
vt 0.1640625 0.90625
vt 0.2421875 0.90625
vt 0.1875 0.8203125
vt 0.1875 0.8984375
vt 0.1328125 0.890625
vt 0.1328125 0.890625
vt 0.1328125 0.7421875
vt 0.1875 0.8203125
vt 0.0859375 0.8984375
vt 0.1015625 0.671875
vt 0.1328125 0.7421875
vt 0.0859375 0.8984375
vt 0.1328125 0.890625
vt 0.1328125 0.7421875
vt 0.1328125 0.890625
vt 0.1875 0.8984375
vt 0.1875 0.8203125
vt 0.1875 0.8203125
vt 0.1328125 0.7421875
vt 0.1328125 0.890625
vt 0.4140625 0.90625
vt 0.4140625 0.984375
vt 0.4375 0.984375
vt 0.4140625 0.90625
vt 0.4375 0.984375
vt 0.4375 0.90625
vt 0.1171875 0.3203125
vt 0.0546875 0.3203125
vt 0.1171875 0.375
vt 0.0546875 0.375
vt 0.2421875 0.375
vt 0.2421875 0.3203125
vt 0.1796875 0.375
vt 0.1796875 0.3203125
vt 0.0078125 0.1875
vt 0.0078125 0.265625
vt 0.0546875 0.1875
vt 0.0546875 0.3203125
vt 0.0546875 0.59375
vt 0.0546875 0.5390625
vt 0.0078125 0.59375
vt 0.0078125 0.5390625
vt 0.1171875 0.59375
vt 0.1171875 0.5390625
vt 0.0546875 0.59375
vt 0.0546875 0.5390625
vt 0.1171875 0.59375
vt 0.1796875 0.59375
vt 0.1171875 0.5390625
vt 0.1796875 0.5390625
vt 0.1796875 0.59375
vt 0.1171875 0.59375
vt 0.1796875 0.6328125
vt 0.1171875 0.6328125
vt 0.0078125 0.59375
vt 0.0078125 0.6328125
vt 0.0546875 0.59375
vt 0.0546875 0.6328125
vt 0.2421875 0.59375
vt 0.2421875 0.5390625
vt 0.1796875 0.59375
vt 0.1796875 0.5390625
vt 0.0546875 0.453125
vt 0.0078125 0.453125
vt 0.0546875 0.53125
vt 0.0078125 0.53125
vt 0.0078125 0.453125
vt 0.0546875 0.453125
vt 0.0078125 0.375
vt 0.0546875 0.375
vt 0.1796875 0.375
vt 0.1171875 0.375
vt 0.1796875 0.53125
vt 0.1171875 0.53125
vt 0.2890625 0.5859375
vt 0.2890625 0.546875
vt 0.25 0.5859375
vt 0.25 0.546875
vt 0.1171875 0.3203125
vt 0.1171875 0.375
vt 0.1796875 0.3203125
vt 0.1796875 0.375
vt 0.0078125 0.375
vt 0.0546875 0.375
vt 0.0078125 0.3203125
vt 0.0546875 0.3203125
vt 0.1171875 0.3203125
vt 0.1796875 0.265625
vt 0.1171875 0.109375
vt 0.1796875 0.109375
vt 0.1796875 0.265625
vt 0.2421875 0.265625
vt 0.1796875 0.109375
vt 0.2421875 0.1875
vt 0.0546875 0.1875
vt 0.0546875 0.3203125
vt 0.1171875 0.109375
vt 0.1171875 0.3203125
vt 0.0546875 0.375
vt 0.0546875 0.3203125
vt 0.1171875 0.375
vt 0.1171875 0.3203125
vt 0.1796875 0.3203125
vt 0.2421875 0.3203125
vt 0.1796875 0.375
vt 0.2421875 0.375
vt 0.0546875 0.3203125
vt 0.0078125 0.265625
vt 0.0546875 0.1875
vt 0.0078125 0.1875
vt 0.0078125 0.59375
vt 0.0078125 0.5390625
vt 0.0546875 0.59375
vt 0.0546875 0.5390625
vt 0.0546875 0.59375
vt 0.0546875 0.5390625
vt 0.1171875 0.59375
vt 0.1171875 0.5390625
vt 0.1171875 0.5390625
vt 0.1796875 0.5390625
vt 0.1171875 0.59375
vt 0.1796875 0.59375
vt 0.1796875 0.6328125
vt 0.1171875 0.6328125
vt 0.1796875 0.59375
vt 0.1171875 0.59375
vt 0.0546875 0.59375
vt 0.0546875 0.6328125
vt 0.0078125 0.59375
vt 0.0078125 0.6328125
vt 0.1796875 0.59375
vt 0.1796875 0.5390625
vt 0.2421875 0.59375
vt 0.2421875 0.5390625
vt 0.0546875 0.53125
vt 0.0078125 0.53125
vt 0.0546875 0.453125
vt 0.0078125 0.453125
vt 0.0078125 0.375
vt 0.0546875 0.375
vt 0.0078125 0.453125
vt 0.0546875 0.453125
vt 0.1796875 0.53125
vt 0.1171875 0.53125
vt 0.1796875 0.375
vt 0.1171875 0.375
vt 0.25 0.5859375
vt 0.25 0.546875
vt 0.2890625 0.5859375
vt 0.2890625 0.546875
vt 0.1796875 0.3203125
vt 0.1796875 0.375
vt 0.1171875 0.3203125
vt 0.1171875 0.375
vt 0.0078125 0.3203125
vt 0.0546875 0.3203125
vt 0.0078125 0.375
vt 0.0546875 0.375
vt 0.1796875 0.109375
vt 0.1796875 0.265625
vt 0.1171875 0.109375
vt 0.1171875 0.3203125
vt 0.2421875 0.1875
vt 0.2421875 0.265625
vt 0.1796875 0.109375
vt 0.1796875 0.265625
vt 0.1171875 0.3203125
vt 0.0546875 0.3203125
vt 0.1171875 0.109375
vt 0.0546875 0.1875
vt 0.640625 0.640625
vt 0.46875 0.640625
vt 0.6796875 0.6015625
vt 0.4296875 0.6015625
vt 0.4453125 0.8828125
vt 0.4453125 0.796875
vt 0.6640625 0.8828125
vt 0.6640625 0.796875
vt 0.984375 0.8046875
vt 0.984375 0.8828125
vt 0.84375 0.8046875
vt 0.84375 0.8828125
vt 0.7109375 0.5546875
vt 0.5546875 0.515625
vt 0.7109375 0.4609375
vt 0.5546875 0.4609375
vt 0.7265625 0.8984375
vt 0.796875 0.8828125
vt 0.6640625 0.796875
vt 0.796875 0.796875
vt 0.796875 0.796875
vt 0.796875 0.8828125
vt 0.6640625 0.796875
vt 0.7265625 0.8984375
vt 0.5546875 0.4609375
vt 0.5546875 0.515625
vt 0.7109375 0.4609375
vt 0.7109375 0.5546875
vt 0.1875 0.8203125
vt 0.2421875 0.8203125
vt 0.1875 0.7421875
vt 0.2421875 0.7421875
vt 0.2421875 0.7421875
vt 0.2421875 0.8203125
vt 0.1875 0.7421875
vt 0.1875 0.8203125
vt 0.984375 0.8828125
vt 0.984375 0.90625
vt 0.84375 0.8828125
vt 0.84375 0.90625
vt 0.4140625 0.984375
vt 0.4140625 0.90625
vt 0.4375 0.984375
vt 0.4375 0.90625
vt 0.4140625 0.8828125
vt 0.4140625 0.90625
vt 0.4375 0.8828125
vt 0.4375 0.90625
vt 0.796875 0.921875
vt 0.84375 0.90625
vt 0.796875 0.8828125
vt 0.84375 0.8828125
vt 0.0390625 0.640625
vt 0.0390625 0.671875
vt 0.1015625 0.640625
vt 0.1015625 0.671875
vt 0.03125 0.859375
vt 0.03125 0.8203125
vt 0.0078125 0.859375
vt 0.0078125 0.8203125
vt 0.0078125 0.859375
vt 0.0078125 0.8984375
vt 0.03125 0.859375
vt 0.03125 0.8984375
vt 0.2421875 0.8203125
vt 0.1875 0.8203125
vt 0.2421875 0.8984375
vt 0.1875 0.8984375
vt 0.25 0.828125
vt 0.25 0.984375
vt 0.3125 0.828125
vt 0.3125 0.984375
vt 0.84375 0.8828125
vt 0.84375 0.90625
vt 0.796875 0.8828125
vt 0.796875 0.921875
vt 0.1015625 0.640625
vt 0.1015625 0.671875
vt 0.0390625 0.640625
vt 0.0390625 0.671875
vt 0.0078125 0.859375
vt 0.0078125 0.8203125
vt 0.03125 0.859375
vt 0.03125 0.8203125
vt 0.03125 0.859375
vt 0.03125 0.8984375
vt 0.0078125 0.859375
vt 0.0078125 0.8984375
vt 0.2421875 0.8984375
vt 0.1875 0.8984375
vt 0.2421875 0.8203125
vt 0.1875 0.8203125
vt 0.3125 0.828125
vt 0.3125 0.984375
vt 0.25 0.828125
vt 0.25 0.984375
vt 0.2578125 0.4921875
vt 0.328125 0.421875
vt 0.328125 0.4921875
vt 0.328125 0.421875
vt 0.3984375 0.4921875
vt 0.328125 0.4921875
vt 0.328125 0.4921875
vt 0.3984375 0.4921875
vt 0.328125 0.5625
vt 0.2578125 0.4921875
vt 0.328125 0.4921875
vt 0.328125 0.5625
vt 0.9140625 0.4140625
vt 0.9140625 0.34375
vt 0.984375 0.34375
vt 0.984375 0.34375
vt 0.9140625 0.34375
vt 0.9140625 0.4140625
vt 0.9140625 0.34375
vt 0.84375 0.34375
vt 0.9140625 0.4140625
vt 0.9140625 0.4140625
vt 0.84375 0.34375
vt 0.9140625 0.34375
vt 0.25 0.0859375
vt 0.296875 0.0859375
vt 0.2734375 0.046875
vt 0.25 0.0859375
vt 0.296875 0.0859375
vt 0.2734375 0.046875
vt 0.2734375 0.046875
vt 0.25 0.0859375
vt 0.296875 0.0859375
vt 0.2734375 0.046875
vt 0.25 0.0859375
vt 0.296875 0.0859375
vt 0.2421875 0.1875
vt 0.2421875 0.0703125
vt 0.1796875 0.109375
vt 0.1796875 0.0703125
vt 0.0078125 0.0703125
vt 0.0078125 0.1875
vt 0.0546875 0.0703125
vt 0.0546875 0.1875
vt 0.1171875 0.0703125
vt 0.0546875 0.0703125
vt 0.1171875 0.109375
vt 0.0546875 0.1875
vt 0.1796875 0.109375
vt 0.1796875 0.0703125
vt 0.1171875 0.109375
vt 0.1171875 0.0703125
vt 0.2734375 0.046875
vt 0.296875 0.0859375
vt 0.25 0.0859375
vt 0.2734375 0.046875
vt 0.296875 0.0859375
vt 0.25 0.0859375
vt 0.296875 0.0859375
vt 0.25 0.0859375
vt 0.2734375 0.046875
vt 0.296875 0.0859375
vt 0.25 0.0859375
vt 0.2734375 0.046875
vt 0.1796875 0.0703125
vt 0.2421875 0.0703125
vt 0.1796875 0.109375
vt 0.2421875 0.1875
vt 0.0546875 0.0703125
vt 0.0546875 0.1875
vt 0.0078125 0.0703125
vt 0.0078125 0.1875
vt 0.0546875 0.1875
vt 0.0546875 0.0703125
vt 0.1171875 0.109375
vt 0.1171875 0.0703125
vt 0.1796875 0.109375
vt 0.1171875 0.109375
vt 0.1796875 0.0703125
vt 0.1171875 0.0703125
vt 0.703125 0.328125
vt 0.703125 0.140625
vt 0.625 0.140625
vt 0.75 0.921875
vt 0.7734375 0.921875
vt 0.7734375 0.9296875
vt 0.7265625 0.9296875
vt 0.7265625 0.921875
vt 0.75 0.921875
vt 0.625 0.140625
vt 0.703125 0.140625
vt 0.703125 0.328125
vt 0.7265625 0.9296875
vt 0.75 0.921875
vt 0.7734375 0.9296875
vt 0.8359375 0.2890625
vt 0.703125 0.2890625
vt 0.8359375 0.390625
vt 0.703125 0.2890625
vt 0.8359375 0.2890625
vt 0.8359375 0.390625
vt 0.625 0.140625
vt 0.5625 0.1953125
vt 0.703125 0.328125
vt 0.5625 0.1953125
vt 0.625 0.140625
vt 0.703125 0.328125
vt 0.7734375 0.9296875
vt 0.75 0.984375
vt 0.7265625 0.9296875
vt 0.703125 0.328125
vt 0.6015625 0.3828125
vt 0.71875 0.3984375
vt 0.71875 0.3984375
vt 0.6015625 0.3828125
vt 0.703125 0.328125
vt 0.75 0.984375
vt 0.7265625 0.984375
vt 0.7265625 0.9296875
vt 0.84375 0.0078125
vt 0.84375 0.2109375
vt 0.984375 0.0078125
vt 0.984375 0.2109375
vt 0.984375 0.0078125
vt 0.984375 0.2109375
vt 0.84375 0.0078125
vt 0.84375 0.2109375
vt 0.234375 0.0078125
vt 0.234375 0.0625
vt 0.1484375 0.0078125
vt 0.1484375 0.0625
vt 0.0078125 0.0078125
vt 0.1484375 0.0078125
vt 0.0078125 0.0625
vt 0.1484375 0.0625
vt 0.1484375 0.0625
vt 0.234375 0.0625
vt 0.1484375 0.0078125
vt 0.234375 0.0078125
vt 0.1484375 0.0625
vt 0.1484375 0.0078125
vt 0.0078125 0.0625
vt 0.0078125 0.0078125
vt 0.5625 0.1953125
vt 0.546875 0.328125
vt 0.703125 0.328125
vt 0.6015625 0.3828125
vt 0.6015625 0.3828125
vt 0.546875 0.328125
vt 0.703125 0.328125
vt 0.5625 0.1953125
vt 0.8359375 0.140625
vt 0.703125 0.140625
vt 0.8359375 0.2890625
vt 0.703125 0.2890625
vt 0.8359375 0.140625
vt 0.8359375 0.2890625
vt 0.703125 0.140625
vt 0.703125 0.2890625
vt 0.5234375 0.515625
vt 0.5234375 0.4609375
vt 0.4140625 0.515625
vt 0.4140625 0.4609375
vt 0.84375 0.21875
vt 0.984375 0.21875
vt 0.84375 0.2734375
vt 0.984375 0.2734375
vt 0.984375 0.2734375
vt 0.984375 0.3046875
vt 0.84375 0.2734375
vt 0.84375 0.3046875
vt 0.984375 0.3046875
vt 0.984375 0.328125
vt 0.84375 0.3046875
vt 0.84375 0.328125
vt 0.703125 0.140625
vt 0.703125 0.046875
vt 0.8359375 0.140625
vt 0.8359375 0.0078125
vt 0.8359375 0.0078125
vt 0.703125 0.046875
vt 0.8359375 0.140625
vt 0.703125 0.140625
vt 0.3984375 0.234375
vt 0.3359375 0.171875
vt 0.4453125 0.234375
vt 0.515625 0.171875
vt 0.890625 0.4609375
vt 0.7109375 0.4609375
vt 0.796875 0.5546875
vt 0.890625 0.4609375
vt 0.984375 0.5546875
vt 0.796875 0.5546875
vt 0.796875 0.5546875
vt 0.7109375 0.4609375
vt 0.890625 0.4609375
vt 0.5546875 0.515625
vt 0.6796875 0.6015625
vt 0.4296875 0.6015625
vt 0.796875 0.7421875
vt 0.6953125 0.6875
vt 0.703125 0.640625
vt 0.796875 0.7421875
vt 0.7109375 0.5546875
vt 0.703125 0.640625
vt 0.5546875 0.515625
vt 0.4296875 0.6015625
vt 0.3984375 0.5546875
vt 0.7109375 0.5546875
vt 0.6796875 0.6015625
vt 0.5546875 0.515625
vt 0.7734375 0.453125
vt 0.859375 0.3984375
vt 0.71875 0.3984375
vt 0.796875 0.7421875
vt 0.796875 0.5546875
vt 0.7109375 0.5546875
vt 0.71875 0.3984375
vt 0.859375 0.3984375
vt 0.7734375 0.453125
vt 0.7109375 0.5546875
vt 0.796875 0.5546875
vt 0.796875 0.7421875
vt 0.796875 0.7421875
vt 0.703125 0.640625
vt 0.7109375 0.5546875
vt 0.953125 0.453125
vt 0.7734375 0.453125
vt 0.859375 0.3984375
vt 0.859375 0.3984375
vt 0.7734375 0.453125
vt 0.953125 0.453125
vt 0.0390625 0.90625
vt 0.0390625 0.984375
vt 0.0078125 0.9453125
vt 0.0390625 0.984375
vt 0.0078125 0.984375
vt 0.0078125 0.9453125
vt 0.0390625 0.90625
vt 0.0078125 0.9453125
vt 0.0078125 0.90625
vt 0.0390625 0.90625
vt 0.0078125 0.9453125
vt 0.0390625 0.984375
vt 0.0390625 0.984375
vt 0.0078125 0.9453125
vt 0.0078125 0.984375
vt 0.0390625 0.90625
vt 0.0078125 0.90625
vt 0.0078125 0.9453125
vt 0.34375 0.828125
vt 0.3828125 0.78125
vt 0.3828125 0.984375
vt 0.3828125 0.984375
vt 0.3828125 0.78125
vt 0.421875 0.828125
vt 0.3828125 0.984375
vt 0.3828125 0.78125
vt 0.34375 0.828125
vt 0.421875 0.828125
vt 0.3828125 0.78125
vt 0.3828125 0.984375
vt 0.4375 0.90625
vt 0.4375 0.8828125
vt 0.4140625 0.90625
vt 0.4140625 0.8828125
vt 0.4453125 0.8828125
vt 0.6640625 0.8828125
vt 0.4453125 0.984375
vt 0.6640625 0.984375
vt 0.984375 0.90625
vt 0.953125 0.984375
vt 0.84375 0.90625
vt 0.875 0.984375
vt 0.34375 0.828125
vt 0.3125 0.828125
vt 0.3125 0.984375
vt 0.34375 0.828125
vt 0.3125 0.984375
vt 0.3828125 0.984375
vt 0.3125 0.984375
vt 0.3125 0.828125
vt 0.34375 0.828125
vt 0.3125 0.984375
vt 0.34375 0.828125
vt 0.3828125 0.984375
vn 0.33978606076931034 0.008480656162042662 -0.9404645189362201
vn 0.33978606076931034 0.008480656162042662 -0.9404645189362201
vn 0.33978606076931034 0.008480656162042662 -0.9404645189362201
vn -0.3096324417022568 0.03820674014768542 0.9500884148608411
vn -0.3096324417022568 0.03820674014768542 0.9500884148608411
vn -0.3096324417022568 0.03820674014768542 0.9500884148608411
vn 0.3553717837029484 0.019409806107577435 -0.9345234907559312
vn 0.3553717837029484 0.019409806107577435 -0.9345234907559312
vn 0.3553717837029484 0.019409806107577435 -0.9345234907559312
vn 0.9371324936808272 -0.11544462489510011 0.32932541333821175
vn 0.9371324936808272 -0.11544462489510011 0.32932541333821175
vn 0.9371324936808272 -0.11544462489510011 0.32932541333821175
vn 0.3487530357775916 0.015647921743021452 -0.9370840210893783
vn 0.3487530357775916 0.015647921743021452 -0.9370840210893783
vn 0.3487530357775916 0.015647921743021452 -0.9370840210893783
vn -0.9285551566229722 0.16978225581223985 -0.33008984643607975
vn -0.9285551566229722 0.16978225581223985 -0.33008984643607975
vn -0.9285551566229722 0.16978225581223985 -0.33008984643607975
vn -0.3322136761983606 0.02331313720521602 0.942915993596684
vn -0.3322136761983606 0.02331313720521602 0.942915993596684
vn -0.3322136761983606 0.02331313720521602 0.942915993596684
vn 0.3097992324398717 -0.14661094939187724 -0.9394305004086672
vn 0.3097992324398717 -0.14661094939187724 -0.9394305004086672
vn 0.3097992324398717 -0.14661094939187724 -0.9394305004086672
vn 0.24615369670752227 -0.20105901306279308 -0.9481474731619745
vn 0.24615369670752227 -0.20105901306279308 -0.9481474731619745
vn 0.24615369670752227 -0.20105901306279308 -0.9481474731619745
vn -0.34195184541162543 0.013771798394627836 0.9396165563614562
vn -0.34195184541162543 0.013771798394627836 0.9396165563614562
vn -0.34195184541162543 0.013771798394627836 0.9396165563614562
vn 0.34499320301380704 -0.16578949946339447 -0.923847136566408
vn 0.34499320301380704 -0.16578949946339447 -0.923847136566408
vn 0.34499320301380704 -0.16578949946339447 -0.923847136566408
vn -0.3257721412623011 0.019849788690782813 0.9452399155062732
vn -0.3257721412623011 0.019849788690782813 0.9452399155062732
vn -0.3257721412623011 0.019849788690782813 0.9452399155062732
vn -0.2346309638677148 0.0203255346193349 -0.9718719995127678
vn -0.2346309638677148 0.0203255346193349 -0.9718719995127678
vn -0.2346309638677148 0.0203255346193349 -0.9718719995127678
vn 0.2743409600772686 0.015708828498060035 0.9615041707299563
vn 0.2743409600772686 0.015708828498060035 0.9615041707299563
vn 0.2743409600772686 0.015708828498060035 0.9615041707299563
vn -0.2777906038329752 -0.042846053501116046 -0.9596856756883946
vn -0.2777906038329752 -0.042846053501116046 -0.9596856756883946
vn -0.2777906038329752 -0.042846053501116046 -0.9596856756883946
vn -0.9540254306284748 -0.1352438902965726 0.26747816331731084
vn -0.9540254306284748 -0.1352438902965726 0.26747816331731084
vn -0.9540254306284748 -0.1352438902965726 0.26747816331731084
vn -0.26737499745315163 -0.049263318074405885 -0.9623324457947093
vn -0.26737499745315163 -0.049263318074405885 -0.9623324457947093
vn -0.26737499745315163 -0.049263318074405885 -0.9623324457947093
vn 0.9540254083123796 0.13524379127451566 -0.26747829298111786
vn 0.9540254083123796 0.13524379127451566 -0.26747829298111786
vn 0.9540254083123796 0.13524379127451566 -0.26747829298111786
vn 0.2815055767195952 -0.06471490676138836 0.9573748435793751
vn 0.2815055767195952 -0.06471490676138836 0.9573748435793751
vn 0.2815055767195952 -0.06471490676138836 0.9573748435793751
vn -0.2677048374064451 -0.0596146344299356 -0.9616549357180953
vn -0.2677048374064451 -0.0596146344299356 -0.9616549357180953
vn -0.2677048374064451 -0.0596146344299356 -0.9616549357180953
vn -0.20926332452289098 -0.11735414701583215 -0.970791875320253
vn -0.20926332452289098 -0.11735414701583215 -0.970791875320253
vn -0.20926332452289098 -0.11735414701583215 -0.970791875320253
vn 0.2914121790408729 -0.07427666446897331 0.9537095569522273
vn 0.2914121790408729 -0.07427666446897331 0.9537095569522273
vn 0.2914121790408729 -0.07427666446897331 0.9537095569522273
vn -0.30340390640464476 -0.07688279258112364 -0.9497552873152798
vn -0.30340390640464476 -0.07688279258112364 -0.9497552873152798
vn -0.30340390640464476 -0.07688279258112364 -0.9497552873152798
vn 0.2758356364957195 -0.06740535874321948 0.9588384740151489
vn 0.2758356364957195 -0.06740535874321948 0.9588384740151489
vn 0.2758356364957195 -0.06740535874321948 0.9588384740151489
vn -0.6615939939292369 -0.2947690875343642 0.6894958826787289
vn -0.6615939939292369 -0.2947690875343642 0.6894958826787289
vn -0.6615939939292369 -0.2947690875343642 0.6894958826787289
vn 0.6601142792091786 -0.28423335755532453 0.6953132652531329
vn 0.6601142792091786 -0.28423335755532453 0.6953132652531329
vn 0.6601142792091786 -0.28423335755532453 0.6953132652531329
vn -0.4733840237951587 0.241565436677171 0.8470854182539518
vn -0.4733840237951587 0.241565436677171 0.8470854182539518
vn -0.4733840237951587 0.241565436677171 0.8470854182539518
vn 0.4289163877191463 0.18030567173312032 0.8851669882495772
vn 0.4289163877191463 0.18030567173312032 0.8851669882495772
vn 0.4289163877191463 0.18030567173312032 0.8851669882495772
vn -0.0029160412210629196 -0.1725494966286767 0.9849965319313501
vn -0.0029160412210629196 -0.1725494966286767 0.9849965319313501
vn -0.0029160412210629196 -0.1725494966286767 0.9849965319313501
vn -0.0010230773849979255 -0.37339498826658607 0.9276718902985368
vn -0.0010230773849979255 -0.37339498826658607 0.9276718902985368
vn -0.0010230773849979255 -0.37339498826658607 0.9276718902985368
vn -0.7743833157582122 0.07888562326534813 0.6277798489258434
vn -0.7743833157582122 0.07888562326534813 0.6277798489258434
vn -0.7743833157582122 0.07888562326534813 0.6277798489258434
vn 0.8189408979075732 0.10360361143558716 0.5644484896178231
vn 0.8189408979075732 0.10360361143558716 0.5644484896178231
vn 0.8189408979075732 0.10360361143558716 0.5644484896178231
vn 0.05968429694307349 -0.9980023197508275 0.020716043791657326
vn 0.05968429694307349 -0.9980023197508275 0.020716043791657326
vn 0.05968429694307349 -0.9980023197508275 0.020716043791657326
vn 0.09897298154318288 -0.725341840978516 0.681236788973078
vn 0.09897298154318288 -0.725341840978516 0.681236788973078
vn 0.09897298154318288 -0.725341840978516 0.681236788973078
vn 0.16146906835268787 -0.8528834383256317 0.49650536814334967
vn 0.16146906835268787 -0.8528834383256317 0.49650536814334967
vn 0.16146906835268787 -0.8528834383256317 0.49650536814334967
vn -0.4103704961327648 0.325063643651152 0.8520150723314613
vn -0.4103704961327648 0.325063643651152 0.8520150723314613
vn -0.4103704961327648 0.325063643651152 0.8520150723314613
vn -0.0055968956515530755 0.15381143848039192 0.9880843669199804
vn -0.0055968956515530755 0.15381143848039192 0.9880843669199804
vn -0.0055968956515530755 0.15381143848039192 0.9880843669199804
vn 0.36814201496050397 0.34120715237157573 0.864898338529622
vn 0.36814201496050397 0.34120715237157573 0.864898338529622
vn 0.36814201496050397 0.34120715237157573 0.864898338529622
vn -0.6212960324528422 -0.29408764095474466 0.7262944991503308
vn -0.6212960324528422 -0.29408764095474466 0.7262944991503308
vn -0.6212960324528422 -0.29408764095474466 0.7262944991503308
vn 0.5600101932215075 -0.2827380887753966 0.7787475564286835
vn 0.5600101932215075 -0.2827380887753966 0.7787475564286835
vn 0.5600101932215075 -0.2827380887753966 0.7787475564286835
vn -0.27252923702340465 -0.9532736877061476 -0.13037289325071805
vn -0.27252923702340465 -0.9532736877061476 -0.13037289325071805
vn -0.27252923702340465 -0.9532736877061476 -0.13037289325071805
vn 0.008521047591045498 -0.9962232311924353 -0.0864098685362657
vn 0.008521047591045498 -0.9962232311924353 -0.0864098685362657
vn 0.008521047591045498 -0.9962232311924353 -0.0864098685362657
vn 0.26563769272408033 -0.9559825548485107 -0.12463535224622814
vn 0.26563769272408033 -0.9559825548485107 -0.12463535224622814
vn 0.26563769272408033 -0.9559825548485107 -0.12463535224622814
vn -0.7335388832663918 -0.08658731932096941 0.6741092959373154
vn -0.7335388832663918 -0.08658731932096941 0.6741092959373154
vn -0.7335388832663918 -0.08658731932096941 0.6741092959373154
vn -0.9026471504339292 0.08633350703279759 0.4216333091406862
vn -0.9026471504339292 0.08633350703279759 0.4216333091406862
vn -0.9026471504339292 0.08633350703279759 0.4216333091406862
vn -0.38215630161755354 0.06720225322217147 0.9216509199777627
vn -0.38215630161755354 0.06720225322217147 0.9216509199777627
vn -0.38215630161755354 0.06720225322217147 0.9216509199777627
vn -0.8368024328846548 0.09326699486273342 0.5395025078603413
vn -0.8368024328846548 0.09326699486273342 0.5395025078603413
vn -0.8368024328846548 0.09326699486273342 0.5395025078603413
vn -0.5418981938583901 0.08669067965378593 0.8359611674917559
vn -0.5418981938583901 0.08669067965378593 0.8359611674917559
vn -0.5418981938583901 0.08669067965378593 0.8359611674917559
vn -0.7108030275866603 -0.01323337844884677 0.7032666163472195
vn -0.7108030275866603 -0.01323337844884677 0.7032666163472195
vn -0.7108030275866603 -0.01323337844884677 0.7032666163472195
vn -0.7678485020191321 -0.2074159411733021 0.6061248264954736
vn -0.7678485020191321 -0.2074159411733021 0.6061248264954736
vn -0.7678485020191321 -0.2074159411733021 0.6061248264954736
vn -0.9887964606879203 0.03534128847046383 0.14502604131772165
vn -0.9887964606879203 0.03534128847046383 0.14502604131772165
vn -0.9887964606879203 0.03534128847046383 0.14502604131772165
vn -0.45078656755950525 -0.4261924986620708 0.784315895919559
vn -0.45078656755950525 -0.4261924986620708 0.784315895919559
vn -0.45078656755950525 -0.4261924986620708 0.784315895919559
vn -0.362464881844083 0.8246039308238108 -0.43433577644453225
vn -0.362464881844083 0.8246039308238108 -0.43433577644453225
vn -0.362464881844083 0.8246039308238108 -0.43433577644453225
vn -0.5778339477356416 0.8105835875559074 0.09519546433122936
vn -0.5778339477356416 0.8105835875559074 0.09519546433122936
vn -0.5778339477356416 0.8105835875559074 0.09519546433122936
vn 0.2022071799076757 -0.9793360331636555 -0.003631878447862884
vn 0.2022071799076757 -0.9793360331636555 -0.003631878447862884
vn 0.2022071799076757 -0.9793360331636555 -0.003631878447862884
vn -0.5656137503391895 -0.5054558548578792 -0.6516099018716085
vn -0.5656137503391895 -0.5054558548578792 -0.6516099018716085
vn -0.5656137503391895 -0.5054558548578792 -0.6516099018716085
vn 0.004191539186215385 -0.8203078978978451 0.5719067962926034
vn 0.004191539186215385 -0.8203078978978451 0.5719067962926034
vn 0.004191539186215385 -0.8203078978978451 0.5719067962926034
vn -0.16565473783170995 0.9316242565256754 0.32347295479976396
vn -0.16565473783170995 0.9316242565256754 0.32347295479976396
vn -0.16565473783170995 0.9316242565256754 0.32347295479976396
vn -0.00840460783029539 0.5975000819710725 0.8018248029412539
vn -0.00840460783029539 0.5975000819710725 0.8018248029412539
vn -0.00840460783029539 0.5975000819710725 0.8018248029412539
vn 0.8304155089891961 -0.1016368743514136 0.5477956080531216
vn 0.8304155089891961 -0.1016368743514136 0.5477956080531216
vn 0.8304155089891961 -0.1016368743514136 0.5477956080531216
vn 0.8811187751945502 0.026482543000195098 0.47215291899542333
vn 0.8811187751945502 0.026482543000195098 0.47215291899542333
vn 0.8811187751945502 0.026482543000195098 0.47215291899542333
vn 0.35534607644664185 0.04163723354678599 0.9338069965129561
vn 0.35534607644664185 0.04163723354678599 0.9338069965129561
vn 0.35534607644664185 0.04163723354678599 0.9338069965129561
vn 0.8303477861496465 0.10647886371300232 0.5469778840307612
vn 0.8303477861496465 0.10647886371300232 0.5469778840307612
vn 0.8303477861496465 0.10647886371300232 0.5469778840307612
vn 0.49533144737953455 0.09001893749772999 0.8640274001029569
vn 0.49533144737953455 0.09001893749772999 0.8640274001029569
vn 0.49533144737953455 0.09001893749772999 0.8640274001029569
vn 0.7398417575785297 -0.06281547979613322 0.6698420629081856
vn 0.7398417575785297 -0.06281547979613322 0.6698420629081856
vn 0.7398417575785297 -0.06281547979613322 0.6698420629081856
vn 0.8093102806159187 -0.039306764685443404 0.5860647130986018
vn 0.8093102806159187 -0.039306764685443404 0.5860647130986018
vn 0.8093102806159187 -0.039306764685443404 0.5860647130986018
vn 0.9347940821346639 -0.061342080097849486 0.34985307375422625
vn 0.9347940821346639 -0.061342080097849486 0.34985307375422625
vn 0.9347940821346639 -0.061342080097849486 0.34985307375422625
vn 0.41605517453703694 -0.3902538436171615 0.8213403857615843
vn 0.41605517453703694 -0.3902538436171615 0.8213403857615843
vn 0.41605517453703694 -0.3902538436171615 0.8213403857615843
vn 0.37210511836550225 0.8238392996424113 -0.42758226021538465
vn 0.37210511836550225 0.8238392996424113 -0.42758226021538465
vn 0.37210511836550225 0.8238392996424113 -0.42758226021538465
vn 0.5594023394172122 0.8288801801900582 -0.005164256252992368
vn 0.5594023394172122 0.8288801801900582 -0.005164256252992368
vn 0.5594023394172122 0.8288801801900582 -0.005164256252992368
vn 0.9411821539230961 0.30546299187399056 0.14445938436831277
vn 0.9411821539230961 0.30546299187399056 0.14445938436831277
vn 0.9411821539230961 0.30546299187399056 0.14445938436831277
vn -0.5778734265235373 -0.18956761643737932 0.7938050275201062
vn -0.5778734265235373 -0.18956761643737932 0.7938050275201062
vn -0.5778734265235373 -0.18956761643737932 0.7938050275201062
vn -0.5132789651093087 -0.3822106152217764 0.7684137879997394
vn -0.5132789651093087 -0.3822106152217764 0.7684137879997394
vn -0.5132789651093087 -0.3822106152217764 0.7684137879997394
vn 0.5181493672236053 -0.2065869684135223 0.8299656967173329
vn 0.5181493672236053 -0.2065869684135223 0.8299656967173329
vn 0.5181493672236053 -0.2065869684135223 0.8299656967173329
vn 0.4722348690049928 -0.36083656094141897 0.8042333024588117
vn 0.4722348690049928 -0.36083656094141897 0.8042333024588117
vn 0.4722348690049928 -0.36083656094141897 0.8042333024588117
vn -0.8462793782849479 -0.503287193530323 0.17468032149619223
vn -0.8462793782849479 -0.503287193530323 0.17468032149619223
vn -0.8462793782849479 -0.503287193530323 0.17468032149619223
vn -0.8183781512730501 -0.5464727287932529 0.1778335126014239
vn -0.8183781512730501 -0.5464727287932529 0.1778335126014239
vn -0.8183781512730501 -0.5464727287932529 0.1778335126014239
vn 0.7731885227081936 -0.605342798581583 0.18904921199978103
vn 0.7731885227081936 -0.605342798581583 0.18904921199978103
vn 0.7731885227081936 -0.605342798581583 0.18904921199978103
vn 0.8526231005981674 -0.48969855648940813 0.1822887053510374
vn 0.8526231005981674 -0.48969855648940813 0.1822887053510374
vn 0.8526231005981674 -0.48969855648940813 0.1822887053510374
vn -0.8868128578035515 0.4202822111215094 0.1921609175902146
vn -0.8868128578035515 0.4202822111215094 0.1921609175902146
vn -0.8868128578035515 0.4202822111215094 0.1921609175902146
vn -0.9465675199904294 0.3054169962752683 0.10358758847159699
vn -0.9465675199904294 0.3054169962752683 0.10358758847159699
vn -0.9465675199904294 0.3054169962752683 0.10358758847159699
vn 0.9715982545040205 0.2364442465730921 -0.009536776563570278
vn 0.9715982545040205 0.2364442465730921 -0.009536776563570278
vn 0.9715982545040205 0.2364442465730921 -0.009536776563570278
vn 0.8983203204308383 0.418884249016077 0.13250127481376567
vn 0.8983203204308383 0.418884249016077 0.13250127481376567
vn 0.8983203204308383 0.418884249016077 0.13250127481376567
vn -0.2902412762716862 0.16526118206385187 0.942575590205391
vn -0.2902412762716862 0.16526118206385187 0.942575590205391
vn -0.2902412762716862 0.16526118206385187 0.942575590205391
vn 0.484159661960049 0.15088850681805974 0.8618712666291573
vn 0.484159661960049 0.15088850681805974 0.8618712666291573
vn 0.484159661960049 0.15088850681805974 0.8618712666291573
vn -0.8959056061489163 0.3302638800183904 -0.2971176777408927
vn -0.8959056061489163 0.3302638800183904 -0.2971176777408927
vn -0.8959056061489163 0.3302638800183904 -0.2971176777408927
vn 0.7861304729270632 0.3394884998429709 -0.5164750119897777
vn 0.7861304729270632 0.3394884998429709 -0.5164750119897777
vn 0.7861304729270632 0.3394884998429709 -0.5164750119897777
vn -0.295515238612538 0.3147988908772786 -0.9019824843367026
vn -0.295515238612538 0.3147988908772786 -0.9019824843367026
vn -0.295515238612538 0.3147988908772786 -0.9019824843367026
vn -0.12053292372197295 0.10115187722175423 -0.9875424608762645
vn -0.12053292372197295 0.10115187722175423 -0.9875424608762645
vn -0.12053292372197295 0.10115187722175423 -0.9875424608762645
vn -0.3025963290724108 -0.3318921310367777 -0.8934668852217007
vn -0.3025963290724108 -0.3318921310367777 -0.8934668852217007
vn -0.3025963290724108 -0.3318921310367777 -0.8934668852217007
vn 0 -0.19966516027159767 -0.9798641863920311
vn 0 -0.19966516027159767 -0.9798641863920311
vn 0 -0.19966516027159767 -0.9798641863920311
vn -0.6813168978227333 -0.5713226674851176 0.45759992827676105
vn -0.6813168978227333 -0.5713226674851176 0.45759992827676105
vn -0.6813168978227333 -0.5713226674851176 0.45759992827676105
vn 0.7211429483654275 -0.5319387917851934 0.4438400272811445
vn 0.7211429483654275 -0.5319387917851934 0.4438400272811445
vn 0.7211429483654275 -0.5319387917851934 0.4438400272811445
vn 0 -0.6496559853911219 0.7602283213913373
vn 0 -0.6496559853911219 0.7602283213913373
vn 0 -0.6496559853911219 0.7602283213913373
vn -0.7551202346162115 -0.328202493347079 0.5675178892633413
vn -0.7551202346162115 -0.328202493347079 0.5675178892633413
vn -0.7551202346162115 -0.328202493347079 0.5675178892633413
vn 0.7791505425626972 -0.3414041088636641 0.5257068255931835
vn 0.7791505425626972 -0.3414041088636641 0.5257068255931835
vn 0.7791505425626972 -0.3414041088636641 0.5257068255931835
vn -0.9179868852873744 0.07145916791026237 0.39012006582840375
vn -0.9179868852873744 0.07145916791026237 0.39012006582840375
vn -0.9179868852873744 0.07145916791026237 0.39012006582840375
vn -0.22102069738266164 -0.8322173313154949 0.5084920498755094
vn -0.22102069738266164 -0.8322173313154949 0.5084920498755094
vn -0.22102069738266164 -0.8322173313154949 0.5084920498755094
vn 0.2210207182547022 -0.8322173537978645 0.5084920040077873
vn 0.2210207182547022 -0.8322173537978645 0.5084920040077873
vn 0.2210207182547022 -0.8322173537978645 0.5084920040077873
vn 0.9359812991541812 0.03050474905638728 0.35072563054139316
vn 0.9359812991541812 0.03050474905638728 0.35072563054139316
vn 0.9359812991541812 0.03050474905638728 0.35072563054139316
vn -0.32663578624737144 0.2597309118920095 0.9087622992566904
vn -0.32663578624737144 0.2597309118920095 0.9087622992566904
vn -0.32663578624737144 0.2597309118920095 0.9087622992566904
vn -0.9708680711047283 -0.23808940246720758 0.026993053591471555
vn -0.9708680711047283 -0.23808940246720758 0.026993053591471555
vn -0.9708680711047283 -0.23808940246720758 0.026993053591471555
vn 0.12071358455712115 0.02606827216240481 0.9923450386281164
vn 0.12071358455712115 0.02606827216240481 0.9923450386281164
vn 0.12071358455712115 0.02606827216240481 0.9923450386281164
vn 0.3025963290724108 -0.3318921310367777 -0.8934668852217007
vn 0.3025963290724108 -0.3318921310367777 -0.8934668852217007
vn 0.3025963290724108 -0.3318921310367777 -0.8934668852217007
vn 0.2734962410329269 0.46371737233676924 -0.8427134772471254
vn 0.2734962410329269 0.46371737233676924 -0.8427134772471254
vn 0.2734962410329269 0.46371737233676924 -0.8427134772471254
vn -0.2537506458337165 0.46597703145254793 0.8476296454806442
vn -0.2537506458337165 0.46597703145254793 0.8476296454806442
vn -0.2537506458337165 0.46597703145254793 0.8476296454806442
vn -0.9280018206266833 0.20781263699787875 0.3092353938629098
vn -0.9280018206266833 0.20781263699787875 0.3092353938629098
vn -0.9280018206266833 0.20781263699787875 0.3092353938629098
vn 0.3352423578465073 0.1840033663823495 0.9239888108984207
vn 0.3352423578465073 0.1840033663823495 0.9239888108984207
vn 0.3352423578465073 0.1840033663823495 0.9239888108984207
vn 0.9955166527376629 -0.09181083691846732 -0.022745644557371304
vn 0.9955166527376629 -0.09181083691846732 -0.022745644557371304
vn 0.9955166527376629 -0.09181083691846732 -0.022745644557371304
vn 0.25375068653724464 0.4659770514710634 0.8476296222904266
vn 0.25375068653724464 0.4659770514710634 0.8476296222904266
vn 0.25375068653724464 0.4659770514710634 0.8476296222904266
vn 0.9941738333429264 0.05961685679004726 0.0898009993413556
vn 0.9941738333429264 0.05961685679004726 0.0898009993413556
vn 0.9941738333429264 0.05961685679004726 0.0898009993413556
vn -0.7813145444257564 -0.6037652435304227 0.15816166847065716
vn -0.7813145444257564 -0.6037652435304227 0.15816166847065716
vn -0.7813145444257564 -0.6037652435304227 0.15816166847065716
vn 0.45375573695780363 0.024561846661630873 0.8907875430575191
vn 0.45375573695780363 0.024561846661630873 0.8907875430575191
vn 0.45375573695780363 0.024561846661630873 0.8907875430575191
vn -0.2649692585920339 0.08065764578344845 0.9608775344329057
vn -0.2649692585920339 0.08065764578344845 0.9608775344329057
vn -0.2649692585920339 0.08065764578344845 0.9608775344329057
vn -0.8307186245285052 0.2745708187547 -0.4842699994319718
vn -0.8307186245285052 0.2745708187547 -0.4842699994319718
vn -0.8307186245285052 0.2745708187547 -0.4842699994319718
vn 0.46777272218423105 0.19655051824908282 -0.8617172240105052
vn 0.46777272218423105 0.19655051824908282 -0.8617172240105052
vn 0.46777272218423105 0.19655051824908282 -0.8617172240105052
vn -0.7852493531809122 -0.07203327126008173 -0.614975333782202
vn -0.7852493531809122 -0.07203327126008173 -0.614975333782202
vn -0.7852493531809122 -0.07203327126008173 -0.614975333782202
vn 0.8197869283470565 -0.1986802571939794 -0.5370991970880541
vn 0.8197869283470565 -0.1986802571939794 -0.5370991970880541
vn 0.8197869283470565 -0.1986802571939794 -0.5370991970880541
vn -0.9984258029239446 -0.036007490773527495 0.0430043795894202
vn -0.9984258029239446 -0.036007490773527495 0.0430043795894202
vn -0.9984258029239446 -0.036007490773527495 0.0430043795894202
vn 0.018157807722039232 -0.08343872994668586 -0.9963474656783213
vn 0.018157807722039232 -0.08343872994668586 -0.9963474656783213
vn 0.018157807722039232 -0.08343872994668586 -0.9963474656783213
vn -0.7944840018943171 0.2348229982728181 -0.5600476142402134
vn -0.7944840018943171 0.2348229982728181 -0.5600476142402134
vn -0.7944840018943171 0.2348229982728181 -0.5600476142402134
vn -0.8461493370015545 -0.060659632920552216 0.5294824911418448
vn -0.8461493370015545 -0.060659632920552216 0.5294824911418448
vn -0.8461493370015545 -0.060659632920552216 0.5294824911418448
vn 0.9212121203528654 -0.1748915879599592 0.3475358424332976
vn 0.9212121203528654 -0.1748915879599592 0.3475358424332976
vn 0.9212121203528654 -0.1748915879599592 0.3475358424332976
vn -0.03188727860230881 -0.10394504875452648 0.9940717420301001
vn -0.03188727860230881 -0.10394504875452648 0.9940717420301001
vn -0.03188727860230881 -0.10394504875452648 0.9940717420301001
vn -0.8980527325614638 -0.023218301553163657 0.43927462937423806
vn -0.8980527325614638 -0.023218301553163657 0.43927462937423806
vn -0.8980527325614638 -0.023218301553163657 0.43927462937423806
vn -0.926519089307864 0.1005567007065343 0.36256134252170735
vn -0.926519089307864 0.1005567007065343 0.36256134252170735
vn -0.926519089307864 0.1005567007065343 0.36256134252170735
vn 0.6166632127086087 0.014249823875735246 0.7870981035496196
vn 0.6166632127086087 0.014249823875735246 0.7870981035496196
vn 0.6166632127086087 0.014249823875735246 0.7870981035496196
vn -0.8221218513876433 0.2948191736117928 0.48702907135181717
vn -0.8221218513876433 0.2948191736117928 0.48702907135181717
vn -0.8221218513876433 0.2948191736117928 0.48702907135181717
vn 0.43090323447051104 0.3411679631885886 0.8354201478397573
vn 0.43090323447051104 0.3411679631885886 0.8354201478397573
vn 0.43090323447051104 0.3411679631885886 0.8354201478397573
vn 0.9076362064297429 0.3859989861193993 -0.1649281646433414
vn 0.9076362064297429 0.3859989861193993 -0.1649281646433414
vn 0.9076362064297429 0.3859989861193993 -0.1649281646433414
vn -0.6604856701693483 0.2831994232080414 -0.695382460373843
vn -0.6604856701693483 0.2831994232080414 -0.695382460373843
vn -0.6604856701693483 0.2831994232080414 -0.695382460373843
vn -0.989182242805802 -0.07693021069390031 -0.12490089351271735
vn -0.989182242805802 -0.07693021069390031 -0.12490089351271735
vn -0.989182242805802 -0.07693021069390031 -0.12490089351271735
vn -0.7819313431357869 -0.06509695967494936 0.6199562568947445
vn -0.7819313431357869 -0.06509695967494936 0.6199562568947445
vn -0.7819313431357869 -0.06509695967494936 0.6199562568947445
vn 0.9658108989372869 -0.25920033561471406 0.004949091954017062
vn 0.9658108989372869 -0.25920033561471406 0.004949091954017062
vn 0.9658108989372869 -0.25920033561471406 0.004949091954017062
vn -0.9574844483387108 0.2629748947396187 0.11860748680501104
vn -0.9574844483387108 0.2629748947396187 0.11860748680501104
vn -0.9574844483387108 0.2629748947396187 0.11860748680501104
vn 0.9731927445333345 0.030976632391155487 0.22789543706133944
vn 0.9731927445333345 0.030976632391155487 0.22789543706133944
vn 0.9731927445333345 0.030976632391155487 0.22789543706133944
vn -0.98141075804834 -0.12991048610635048 -0.1412663781180586
vn -0.98141075804834 -0.12991048610635048 -0.1412663781180586
vn -0.98141075804834 -0.12991048610635048 -0.1412663781180586
vn -0.7666031683154065 0.18183559096049992 -0.6158371539529149
vn -0.7666031683154065 0.18183559096049992 -0.6158371539529149
vn -0.7666031683154065 0.18183559096049992 -0.6158371539529149
vn -0.8027748530576836 0.3116334403967092 0.5083671253382983
vn -0.8027748530576836 0.3116334403967092 0.5083671253382983
vn -0.8027748530576836 0.3116334403967092 0.5083671253382983
vn 0.5622599126371429 0.25109758979655133 0.7879173757695888
vn 0.5622599126371429 0.25109758979655133 0.7879173757695888
vn 0.5622599126371429 0.25109758979655133 0.7879173757695888
vn -0.31865065993972563 0.8297889751619887 0.45816155842627604
vn -0.31865065993972563 0.8297889751619887 0.45816155842627604
vn -0.31865065993972563 0.8297889751619887 0.45816155842627604
vn 0.754427250239235 0.5433236928071854 0.3682918529248643
vn 0.754427250239235 0.5433236928071854 0.3682918529248643
vn 0.754427250239235 0.5433236928071854 0.3682918529248643
vn 0.7018407995820037 -0.25648301169374876 0.6645569627613559
vn 0.7018407995820037 -0.25648301169374876 0.6645569627613559
vn 0.7018407995820037 -0.25648301169374876 0.6645569627613559
vn -0.09503872501157763 -0.3270872765462606 0.9402029324936844
vn -0.09503872501157763 -0.3270872765462606 0.9402029324936844
vn -0.09503872501157763 -0.3270872765462606 0.9402029324936844
vn 0.04295228790344373 0.24257445313516762 -0.9691814771496792
vn 0.04295228790344373 0.24257445313516762 -0.9691814771496792
vn 0.04295228790344373 0.24257445313516762 -0.9691814771496792
vn 0.7224977616589529 0.07362275574802926 -0.687442124279469
vn 0.7224977616589529 0.07362275574802926 -0.687442124279469
vn 0.7224977616589529 0.07362275574802926 -0.687442124279469
vn 0.22171350100570597 0.37805822964139874 -0.8988409750741253
vn 0.22171350100570597 0.37805822964139874 -0.8988409750741253
vn 0.22171350100570597 0.37805822964139874 -0.8988409750741253
vn 0.9736357902901651 0.055714309075803034 0.2211996013338437
vn 0.9736357902901651 0.055714309075803034 0.2211996013338437
vn 0.9736357902901651 0.055714309075803034 0.2211996013338437
vn -0.853224867630105 0.06330121264698636 -0.5176874363310459
vn -0.853224867630105 0.06330121264698636 -0.5176874363310459
vn -0.853224867630105 0.06330121264698636 -0.5176874363310459
vn -0.7671278168391251 0.6335735361765293 -0.10049620335318936
vn -0.7671278168391251 0.6335735361765293 -0.10049620335318936
vn -0.7671278168391251 0.6335735361765293 -0.10049620335318936
vn 0.9721648673788572 -0.12861938749056528 0.19583800396195059
vn 0.9721648673788572 -0.12861938749056528 0.19583800396195059
vn 0.9721648673788572 -0.12861938749056528 0.19583800396195059
vn 0.05333087372542046 -0.17515975735313227 -0.9830945413904377
vn 0.05333087372542046 -0.17515975735313227 -0.9830945413904377
vn 0.05333087372542046 -0.17515975735313227 -0.9830945413904377
vn 0.7175532773531066 0.19423655200923093 -0.6688717784623455
vn 0.7175532773531066 0.19423655200923093 -0.6688717784623455
vn 0.7175532773531066 0.19423655200923093 -0.6688717784623455
vn 0.7538036136185953 -0.1194131974867945 0.6461583400077161
vn 0.7538036136185953 -0.1194131974867945 0.6461583400077161
vn 0.7538036136185953 -0.1194131974867945 0.6461583400077161
vn -0.9855192886061217 -0.038186091876812274 0.16520760930556305
vn -0.9855192886061217 -0.038186091876812274 0.16520760930556305
vn -0.9855192886061217 -0.038186091876812274 0.16520760930556305
vn -0.062095601700479376 -0.038819183032263345 0.9973149990239607
vn -0.062095601700479376 -0.038819183032263345 0.9973149990239607
vn -0.062095601700479376 -0.038819183032263345 0.9973149990239607
vn 0.8931684148014527 -0.09205675382834867 0.4401996556968749
vn 0.8931684148014527 -0.09205675382834867 0.4401996556968749
vn 0.8931684148014527 -0.09205675382834867 0.4401996556968749
vn 0.9545838780937549 0.27921804633868025 0.10395625177110732
vn 0.9545838780937549 0.27921804633868025 0.10395625177110732
vn 0.9545838780937549 0.27921804633868025 0.10395625177110732
vn -0.8073636927357397 0.10912422887052554 0.579875650743781
vn -0.8073636927357397 0.10912422887052554 0.579875650743781
vn -0.8073636927357397 0.10912422887052554 0.579875650743781
vn 0.6746669573603079 0.2851466604967157 0.6808200045928111
vn 0.6746669573603079 0.2851466604967157 0.6808200045928111
vn 0.6746669573603079 0.2851466604967157 0.6808200045928111
vn -0.6296563261165878 0.3630434935680976 0.6868277315013073
vn -0.6296563261165878 0.3630434935680976 0.6868277315013073
vn -0.6296563261165878 0.3630434935680976 0.6868277315013073
vn -0.8153588715548895 0.39249846068346894 -0.4255994230938811
vn -0.8153588715548895 0.39249846068346894 -0.4255994230938811
vn -0.8153588715548895 0.39249846068346894 -0.4255994230938811
vn 0.870202983668425 0.23938430045673872 -0.43062968303335625
vn 0.870202983668425 0.23938430045673872 -0.43062968303335625
vn 0.870202983668425 0.23938430045673872 -0.43062968303335625
vn 0.9780765390259201 -0.20579524789444156 -0.03185278247097443
vn 0.9780765390259201 -0.20579524789444156 -0.03185278247097443
vn 0.9780765390259201 -0.20579524789444156 -0.03185278247097443
vn 0.6927845075497604 -0.10683758855227038 0.713186760793673
vn 0.6927845075497604 -0.10683758855227038 0.713186760793673
vn 0.6927845075497604 -0.10683758855227038 0.713186760793673
vn -0.9859495980997852 -0.15504420152702955 -0.062166595368555344
vn -0.9859495980997852 -0.15504420152702955 -0.062166595368555344
vn -0.9859495980997852 -0.15504420152702955 -0.062166595368555344
vn 0.9618951219521197 0.19154420768424896 0.19511173944007104
vn 0.9618951219521197 0.19154420768424896 0.19511173944007104
vn 0.9618951219521197 0.19154420768424896 0.19511173944007104
vn -0.9836336173127267 0.1317724558585341 0.12288582818735112
vn -0.9836336173127267 0.1317724558585341 0.12288582818735112
vn -0.9836336173127267 0.1317724558585341 0.12288582818735112
vn 0.9703296641038073 -0.23850384890624116 -0.03970210343422052
vn 0.9703296641038073 -0.23850384890624116 -0.03970210343422052
vn 0.9703296641038073 -0.23850384890624116 -0.03970210343422052
vn 0.829006945111664 0.07452766374165613 -0.5542500449200138
vn 0.829006945111664 0.07452766374165613 -0.5542500449200138
vn 0.829006945111664 0.07452766374165613 -0.5542500449200138
vn 0.6690239217840592 0.2891692479239914 0.6846810484712939
vn 0.6690239217840592 0.2891692479239914 0.6846810484712939
vn 0.6690239217840592 0.2891692479239914 0.6846810484712939
vn -0.7684297273129483 0.25580875109189094 0.5865813132435731
vn -0.7684297273129483 0.25580875109189094 0.5865813132435731
vn -0.7684297273129483 0.25580875109189094 0.5865813132435731
vn 0.18674804406283765 0.8245601714108843 0.5340652504718479
vn 0.18674804406283765 0.8245601714108843 0.5340652504718479
vn 0.18674804406283765 0.8245601714108843 0.5340652504718479
vn -0.8011547948342003 0.5786519664884807 0.15268561292140337
vn -0.8011547948342003 0.5786519664884807 0.15268561292140337
vn -0.8011547948342003 0.5786519664884807 0.15268561292140337
vn -0.8002734944569009 -0.13816972360488428 0.5834993243772355
vn -0.8002734944569009 -0.13816972360488428 0.5834993243772355
vn -0.8002734944569009 -0.13816972360488428 0.5834993243772355
vn -0.01823612261362182 -0.24889239106814537 0.9683594485006084
vn -0.01823612261362182 -0.24889239106814537 0.9683594485006084
vn -0.01823612261362182 -0.24889239106814537 0.9683594485006084
vn 0.26801804550029346 0.2346381767787767 -0.9344042237084195
vn 0.26801804550029346 0.2346381767787767 -0.9344042237084195
vn 0.26801804550029346 0.2346381767787767 -0.9344042237084195
vn -0.6491553039298077 0.08770065554606955 -0.7555832094459145
vn -0.6491553039298077 0.08770065554606955 -0.7555832094459145
vn -0.6491553039298077 0.08770065554606955 -0.7555832094459145
vn -0.1026892885912776 0.333922386282276 -0.9369902613945184
vn -0.1026892885912776 0.333922386282276 -0.9369902613945184
vn -0.1026892885912776 0.333922386282276 -0.9369902613945184
vn -0.9925868349974549 0.0782624991937022 -0.0929857849872293
vn -0.9925868349974549 0.0782624991937022 -0.0929857849872293
vn -0.9925868349974549 0.0782624991937022 -0.0929857849872293
vn 0.9686459111977239 0.056661735103290055 -0.24189780175730305
vn 0.9686459111977239 0.056661735103290055 -0.24189780175730305
vn 0.9686459111977239 0.056661735103290055 -0.24189780175730305
vn 0.7904140403545655 0.5976041593467104 0.13459165480029925
vn 0.7904140403545655 0.5976041593467104 0.13459165480029925
vn 0.7904140403545655 0.5976041593467104 0.13459165480029925
vn 0.7945742585343394 -0.17113439691855398 -0.5825502260457273
vn 0.7945742585343394 -0.17113439691855398 -0.5825502260457273
vn 0.7945742585343394 -0.17113439691855398 -0.5825502260457273
vn 0.7870636109001202 -0.17480968211361353 -0.5915846916851395
vn 0.7870636109001202 -0.17480968211361353 -0.5915846916851395
vn 0.7870636109001202 -0.17480968211361353 -0.5915846916851395
vn 0.7571180957485498 -0.12091872679177552 0.6419897589534787
vn 0.7571180957485498 -0.12091872679177552 0.6419897589534787
vn 0.7571180957485498 -0.12091872679177552 0.6419897589534787
vn -0.8827023419929546 -0.07111702789924401 0.4645201220430943
vn -0.8827023419929546 -0.07111702789924401 0.4645201220430943
vn -0.8827023419929546 -0.07111702789924401 0.4645201220430943
vn -0.5829079125294876 -0.05523803805642359 -0.8106584512988144
vn -0.5829079125294876 -0.05523803805642359 -0.8106584512988144
vn -0.5829079125294876 -0.05523803805642359 -0.8106584512988144
vn -0.6819371648267212 -0.015260444173072684 -0.7312515450046816
vn -0.6819371648267212 -0.015260444173072684 -0.7312515450046816
vn -0.6819371648267212 -0.015260444173072684 -0.7312515450046816
vn -0.08441243396877492 -0.33894774623608676 -0.937010654322001
vn -0.08441243396877492 -0.33894774623608676 -0.937010654322001
vn -0.08441243396877492 -0.33894774623608676 -0.937010654322001
vn 0.7297521385636733 0.6203765998425181 0.28739292028437563
vn 0.7297521385636733 0.6203765998425181 0.28739292028437563
vn 0.7297521385636733 0.6203765998425181 0.28739292028437563
vn -0.2646909033974569 0.28292575220743066 0.9218957340157822
vn -0.2646909288799572 0.2829257773923337 0.9218957189702146
vn -0.2646909288799572 0.2829257773923337 0.9218957189702146
vn -0.2646909288799572 0.2829257773923337 0.9218957189702146
vn 0.3226832804431881 0.20397088291760876 -0.9242680235971782
vn 0.3440856884319667 0.17470679927026472 -0.9225413667175251
vn 0.3440856884319667 0.17470679927026472 -0.9225413667175251
vn 0.3728835317964995 0.13393427551030693 -0.918160923563238
vn 0.915457702927035 -0.24133198857631297 0.3220187346123804
vn 0.9378305563326287 -0.20481645820114208 0.2802214589548271
vn 0.9378305563326287 -0.20481645820114208 0.2802214589548271
vn 0.9520184929979486 -0.17774630963960486 0.2491325719359406
vn 0.9210985145399249 0.21627710389763596 0.32373096985304783
vn 0.9210985145399249 0.21627710389763596 0.32373096985304783
vn 0.9210985145399249 0.21627710389763596 0.32373096985304783
vn 0.9210985115902215 0.21627707340271365 0.32373099861866145
vn -0.3222991232960854 0.2588472370233972 0.9105610265149328
vn -0.3123282228787595 0.2657386690057196 0.9120493632410829
vn -0.3123282228787595 0.2657386690057196 0.9120493632410829
vn -0.28488963848177046 0.28433772927336076 0.9154179098080806
vn -0.9108563603170946 0.2665775401188526 -0.3150826970401208
vn -0.9108563185849201 0.26657760495417954 -0.31508276282719716
vn -0.9108563185849201 0.26657760495417954 -0.31508276282719716
vn -0.9108562597464877 0.2665776647830705 -0.3150828823015363
vn -0.48993263363916384 -0.8529859905806834 -0.17994697654721278
vn -0.5034869348659461 -0.840261822889547 -0.20114913724306646
vn -0.5034869348659461 -0.840261822889547 -0.20114913724306646
vn -0.5162300444201564 -0.8273042999137256 -0.2215268303890608
vn 0.7064765111144139 -0.6659599557166076 0.23955850355506003
vn 0.7235546581482754 -0.6501479035086908 0.23189730536422049
vn 0.7235546581482754 -0.6501479035086908 0.23189730536422049
vn 0.7389242719239165 -0.6352149308436772 0.22470627938482785
vn 0.3054918302062331 0.24253891037465022 -0.9207874991720529
vn 0.2987844955057479 0.2485486278195328 -0.921385589671557
vn 0.2987844955057479 0.2485486278195328 -0.921385589671557
vn 0.29067376122374783 0.255759923474538 -0.9220063047942448
vn 0.9433301931008263 -0.07863728905276367 0.32240397571182317
vn 0.94333016181951 -0.07863721938988567 0.32240408423002953
vn 0.94333016181951 -0.07863721938988567 0.32240408423002953
vn 0.9433301256320926 -0.07863713193500732 0.32240421144268033
vn 0.9034871459880895 -0.2670864761133962 0.3352249861087698
vn 0.9037901244124811 -0.2691443288612846 0.33275327384757675
vn 0.9037901244124811 -0.2691443288612846 0.33275327384757675
vn 0.9040148920076392 -0.27071204978635904 0.33086562397578284
vn -0.9453496317143606 0.05996547254285605 -0.32049682669292473
vn -0.9453496407439145 0.059965473115619235 -0.32049679995184344
vn -0.9453496407439145 0.059965473115619235 -0.32049679995184344
vn -0.9453496312919997 0.059965479966645405 -0.32049682654973394
vn -0.19335905083793212 -0.9785524792106214 0.07104451343911258
vn -0.1933590656937198 -0.9785524789809935 0.07104447616953755
vn -0.1933590656937198 -0.9785524789809935 0.07104447616953755
vn -0.1933590948935479 -0.9785524759318852 0.07104443869526383
vn -0.8442344105079663 0.4307305830998276 -0.31896618143111816
vn -0.8452022029971027 0.42043134342884236 -0.3299556356716205
vn -0.8452022029971027 0.42043134342884236 -0.3299556356716205
vn -0.8456845809271278 0.41428741468398456 -0.33642759639567066
vn 0.9373601131154226 -0.116570108287586 0.32827949706623877
vn 0.9372797586508055 -0.1161246818575011 0.3286665670356235
vn 0.9372797586508055 -0.1161246818575011 0.3286665670356235
vn 0.9371425484795365 -0.11536809771700487 0.3293236187376169
vn -0.9177775004157478 0.1312807531432314 -0.37476635866199093
vn -0.9256401743214536 0.12373310441360982 -0.35760367245642116
vn -0.9256401743214536 0.12373310441360982 -0.35760367245642116
vn -0.9341309221379874 0.11507270670919627 -0.33787230202585805
vn 0.3627554263495087 0.07396748090780113 -0.9289441923076649
vn 0.3417711281562366 0.0713210408849884 -0.9370729988031322
vn 0.3417711281562366 0.0713210408849884 -0.9370729988031322
vn 0.31444849781591644 0.06785385886873821 -0.9468463423692014
vn -0.5481614498666707 -0.11783738494903202 0.8280298156397771
vn -0.45450603729549394 -0.11254680844219081 0.8836048200250063
vn -0.45450603729549394 -0.11254680844219081 0.8836048200250063
vn -0.3678063486403882 -0.10679777065760407 0.9237492766342992
vn 0.22382728514112774 0.2311882351740948 0.9468122022573642
vn 0.22382728514112774 0.2311882351740948 0.9468122022573642
vn 0.22382728514112774 0.2311882351740948 0.9468122022573642
vn 0.22382725837401932 0.2311882085068047 0.9468122150966286
vn -0.3142391494985759 0.22179136045333805 -0.923072234091498
vn -0.2835198294004138 0.25992527156751155 -0.9230684479156006
vn -0.2835198294004138 0.25992527156751155 -0.9230684479156006
vn -0.2619438518907506 0.28585461322209077 -0.9217768485681801
vn -0.9599935806651017 -0.17292858296704136 0.22024538650062092
vn -0.9530340678744911 -0.18736529833174811 0.23795022683673778
vn -0.9530340678744911 -0.18736529833174811 0.23795022683673778
vn -0.9426474403556855 -0.20691592623305294 0.26191907655226676
vn -0.9402423825381364 0.22309928487823863 0.2572371885358481
vn -0.9402423825381364 0.22309928487823863 0.2572371885358481
vn -0.9402423825381364 0.22309928487823863 0.2572371885358481
vn -0.9402423725015413 0.22309931154083207 0.2572372020969748
vn 0.29345283152611873 0.2924170816053734 0.9101525619667835
vn 0.2732386541842944 0.2721513760754091 0.9226452548839218
vn 0.2732386541842944 0.2721513760754091 0.9226452548839218
vn 0.2493027898085928 0.24815669679658858 0.9360910067021576
vn 0.9201897549584508 0.21089245761360145 -0.3298108339506167
vn 0.9270136786330702 0.24283054035998097 -0.2857953258814125
vn 0.9270136786330702 0.24283054035998097 -0.2857953258814125
vn 0.9294358371932304 0.25894727968724024 -0.26285990733372977
vn 0.49385756765838434 -0.8556324332190062 -0.1549123690680222
vn 0.5165810631794903 -0.843874104511133 -0.14498448503160863
vn 0.5165810631794903 -0.843874104511133 -0.14498448503160863
vn 0.539045925540026 -0.8314052752824004 -0.1348879475390336
vn -0.7467009957335653 -0.6281793063787675 0.2186970096000236
vn -0.7377045528496605 -0.6438115045293007 0.20322091265566358
vn -0.7377045528496605 -0.6438115045293007 0.20322091265566358
vn -0.7278484178057514 -0.659773654311206 0.18691015428408725
vn -0.20879337454762015 0.20445169766164856 -0.9563497425462545
vn -0.23457183915576885 0.2245476345270882 -0.9458088665810706
vn -0.23457183915576885 0.2245476345270882 -0.9458088665810706
vn -0.3027197659692202 0.2774277573463408 -0.911808413399065
vn -0.9375518966766909 -0.07870564450525733 0.33882423549821783
vn -0.9526715690154324 -0.05882680674697861 0.29825540799393396
vn -0.9526715690154324 -0.05882680674697861 0.29825540799393396
vn -0.9627467346830487 -0.04358086713714346 0.2668696926904629
vn -0.9365248861010543 -0.2339566097150213 0.2611234238517501
vn -0.9357031703440325 -0.2352169782199662 0.26293069460448004
vn -0.9357031703440325 -0.2352169782199662 0.26293069460448004
vn -0.9345470481698179 -0.23697483069998682 0.2654519624560962
vn 0.9639106985444087 0.00929371826016816 -0.2660635112760313
vn 0.9639106985193794 0.00929372105389456 -0.2660635112691226
vn 0.9639106985193794 0.00929372105389456 -0.2660635112691226
vn 0.9639106985110363 0.009293721985136692 -0.2660635112668197
vn 0.1264920376396128 -0.9919586720474043 0.004213948709800035
vn 0.12251673984822721 -0.9924639743708497 0.002215408084150075
vn 0.12251673984822721 -0.9924639743708497 0.002215408084150075
vn 0.11820776005205531 -0.9929888835825436 0.00005044769200297527
vn 0.887226417158865 0.38264534498390096 -0.2577049177986233
vn 0.8874181873210529 0.3823873300782646 -0.25742744726899885
vn 0.8874181873210529 0.3823873300782646 -0.25742744726899885
vn 0.8875309844207554 0.38223543846125557 -0.25726410802414024
vn -0.9634892437235588 -0.027517589074060614 0.26632923144212994
vn -0.9625102918590827 -0.03076532682462164 0.2694947731046334
vn -0.9625102918590827 -0.03076532682462164 0.2694947731046334
vn -0.9619756184635638 -0.03251046634527006 0.2711936191352169
vn 0.957307820820095 0.0987172281214321 -0.2716921880892088
vn 0.9527472477719243 0.10428928824791081 -0.2853005892383809
vn 0.9527472477719243 0.10428928824791081 -0.2853005892383809
vn 0.9485600365137902 0.10915758201182929 -0.2971842516323633
vn -0.24091250066081596 0.052071899957482876 -0.9691489484388716
vn -0.2696552306470953 0.0566657415346666 -0.9612882243744528
vn -0.2696552306470953 0.0566657415346666 -0.9612882243744528
vn -0.29023847573821054 0.05994781973612786 -0.9550748065518454
vn 0.2946734493128358 -0.09302985872514785 0.951058885482731
vn 0.3828623799113594 -0.10080925878664945 0.9182885665146312
vn 0.3828623799113594 -0.10080925878664945 0.9182885665146312
vn 0.4766426005582685 -0.1083834376429726 0.8723903150412338
vn 0 0.04600315133066554 0.9989412946052676
vn 0 0.04600315133066554 0.9989412946052676
vn 0 0.04600315133066554 0.9989412946052676
vn 0 0.046003155048072016 0.9989412944340739
vn 0.1187418420192362 0.16162213941075418 0.9796829379989067
vn 0.11874184936476652 0.16162213926776778 0.9796829371321855
vn 0.11874184936476652 0.16162213926776778 0.9796829371321855
vn 0.1187418420192362 0.16162213941075418 0.9796829379989067
vn -0.11374175317538707 0.36272173383244716 -0.9249301364914935
vn -0.11374174582119616 0.36272173413983283 -0.9249301372753181
vn -0.11374174582119616 0.36272173413983283 -0.9249301372753181
vn -0.1137417396965477 0.36272170856589997 -0.924930148057591
vn 0.2244688855002327 0.24385708423599195 0.9434762540256133
vn 0.24160310853458133 0.21227604350593834 0.9468721240483807
vn 0.24160310853458133 0.21227604350593834 0.9468721240483807
vn 0.26282486707964964 0.17193408564510937 0.9494007370114818
vn -0.8097902064941694 0.5082557875633191 0.2931141004361965
vn -0.8080486721139021 0.5276466055035425 0.2620045862109064
vn -0.8080486721139021 0.5276466055035425 0.2620045862109064
vn -0.8065029856198936 0.5388032116077734 0.2434009723631901
vn 0.8414131876336249 0.5386056821494736 0.04390634159802535
vn 0.8461352469486718 0.5298877285003444 0.05722009311295561
vn 0.8461352469486718 0.5298877285003444 0.05722009311295561
vn 0.8532158839825579 0.5156132047713883 0.07852183381226452
vn -0.26282479739275644 0.17193406414836865 0.9494007601960729
vn -0.2416030672047602 0.2122760315689272 0.9468721372701806
vn -0.2416030672047602 0.2122760315689272 0.9468721372701806
vn -0.2244688588308674 0.24385705783723163 0.9434762671939009
vn 0.7133155006979701 -0.1468635974904297 -0.6852824820438455
vn 0.6805325850530236 -0.1638035501238987 -0.7141735066829746
vn 0.6805325850530236 -0.1638035501238987 -0.7141735066829746
vn 0.6600365648959943 -0.17384718385453707 -0.730841220557614
vn -0.6131948022605674 -0.15014333508694572 -0.7755315038150241
vn -0.6337096223200911 -0.1368197379354672 -0.761375383034018
vn -0.6337096223200911 -0.1368197379354672 -0.761375383034018
vn -0.6666061376805991 -0.11448935581878815 -0.736565302339686
vn -0.1206177197525264 0.09123224935097354 -0.9884978717023437
vn -0.12061772016246565 0.09123221240813763 -0.9884978750619171
vn -0.12061772016246565 0.09123221240813763 -0.9884978750619171
vn -0.12061769862783746 0.09123216832269743 -0.9884978817584098
vn 0.20794428973836201 -0.3150066448797079 0.9260291496744786
vn -0.14494118089897648 -0.4694505034404618 0.8709812161574481
vn -0.14494118089897648 -0.4694505034404618 0.8709812161574481
vn -0.554896352624816 -0.5612143257383713 0.6141079045491119
vn -0.9326013302885694 -0.33673435363812865 -0.12986429002579025
vn -0.6732558163061908 -0.7141736906068021 0.1915268791970059
vn -0.6732558163061908 -0.7141736906068021 0.1915268791970059
vn -0.43159128172299244 -0.8317331852265166 0.3492117897976207
vn -0.7386368516236603 0.41142636554982337 -0.5339887144443689
vn -0.8809577658097371 0.2115282078801002 -0.423283867080414
vn -0.8809577658097371 0.2115282078801002 -0.423283867080414
vn -0.9641012177596727 -0.028975906524487956 -0.2639493109583737
vn -0.050184193889250155 -0.429882406251927 0.9014891366393382
vn -0.04896968201934904 -0.42711850750721253 0.9028686232158779
vn -0.04896968201934904 -0.42711850750721253 0.9028686232158779
vn -0.04542683540047494 -0.4190359806271886 0.9068325366710815
vn 0.0018161879773781287 -0.9996328906648635 -0.02703304204561564
vn 0.01687090847125188 -0.9998489041274453 -0.004188240979383145
vn 0.01687090847125188 -0.9998489041274453 -0.004188240979383145
vn 0.03885147638340574 -0.9988180783573222 0.02920632002523118
vn 0.2601862004564869 -0.786740378013817 -0.5597702374141492
vn 0.1955935670327008 -0.7647184185539361 -0.6139616411957601
vn 0.1955935670327008 -0.7647184185539361 -0.6139616411957601
vn 0.03270508687489669 -0.6870133805418632 -0.7259083910859181
vn 0.7067750850540764 -0.05199964088345423 -0.7055246391833491
vn 0.8303385336982085 0.019781881848173023 -0.5569080683617846
vn 0.8303385336982085 0.019781881848173023 -0.5569080683617846
vn 0.9421809070043381 0.11697853051622478 -0.3140241421845584
vn 0.02089316386244385 0.08489095372265663 -0.9961711708736982
vn 0.0944763273778817 0.05476064239482032 -0.9940198668083522
vn 0.0944763273778817 0.05476064239482032 -0.9940198668083522
vn 0.20965143963621471 0.006390464935070689 -0.9777553046730948
vn 0.864399797865453 -0.02129642682882585 -0.5023539107586289
vn 0.7800420469135033 0.15338645770144502 -0.6066358047797663
vn 0.7800420469135033 0.15338645770144502 -0.6066358047797663
vn 0.7095328461805969 0.25699263421361807 -0.6561386485726985
vn -0.05967757555443013 -0.32821810669479434 0.9427149417579155
vn -0.07078810097535358 -0.3400401502517064 0.9377428970549977
vn -0.07078810097535358 -0.3400401502517064 0.9377428970549977
vn -0.07708713543155934 -0.34670866124344507 0.9347998062525122
vn 0.00402195431716102 -0.9999760538803506 0.005631656004478507
vn -0.022538376541865843 -0.9996954607876155 -0.010050236986963041
vn -0.022538376541865843 -0.9996954607876155 -0.010050236986963041
vn -0.06987564208854874 -0.9968314089703385 -0.03800706161916379
vn -0.09686321161900475 -0.737946878743792 -0.6678711869718194
vn -0.011111245715070384 -0.7636173521759685 -0.6455734502552146
vn -0.011111245715070384 -0.7636173521759685 -0.6455734502552146
vn 0.15943682339558407 -0.7952458335167442 -0.5849478298273991
vn -0.7865805070918118 0.033457216049989275 -0.6165806683292726
vn -0.7130197312872337 0.05941879398657987 -0.698621692846895
vn -0.7130197312872337 0.05941879398657987 -0.698621692846895
vn -0.6166606077605687 0.08846101348728379 -0.7822431488540942
vn 0.06437414969464597 -0.06312062674558505 -0.9959275853847688
vn -0.0065495142199639075 -0.026042928344669456 -0.9996393698463045
vn -0.0065495142199639075 -0.026042928344669456 -0.9996393698463045
vn -0.12314227529260485 0.03532206354852358 -0.9917602189352194
vn -0.7283228771499907 0.20076990501667794 -0.6551619890222219
vn -0.7283228771499907 0.20076990501667794 -0.6551619890222219
vn -0.7283228771499907 0.20076990501667794 -0.6551619890222219
vn -0.5552624440754134 -0.22922728859635882 -0.7994613613941328
vn -0.5552624440754134 -0.22922728859635882 -0.7994613613941328
vn -0.5552624440754134 -0.22922728859635882 -0.7994613613941328
vn -0.11642327585360487 -0.026522028463775358 -0.9928455080452759
vn -0.11642327585360487 -0.026522028463775358 -0.9928455080452759
vn -0.11642327585360487 -0.026522028463775358 -0.9928455080452759
vn -0.289979790684262 0.428942300329932 -0.8555233626163449
vn -0.289979790684262 0.428942300329932 -0.8555233626163449
vn -0.289979790684262 0.428942300329932 -0.8555233626163449
vn 0.7283228771499907 -0.20076990501667794 0.6551619890222219
vn 0.7283228771499907 -0.20076990501667794 0.6551619890222219
vn 0.7283228771499907 -0.20076990501667794 0.6551619890222219
vn 0.5552624440754134 0.22922728859635882 0.7994613613941328
vn 0.5552624440754134 0.22922728859635882 0.7994613613941328
vn 0.5552624440754134 0.22922728859635882 0.7994613613941328
vn 0.11642327585360487 0.026522028463775358 0.9928455080452759
vn 0.11642327585360487 0.026522028463775358 0.9928455080452759
vn 0.11642327585360487 0.026522028463775358 0.9928455080452759
vn 0.289979790684262 -0.428942300329932 0.8555233626163449
vn 0.289979790684262 -0.428942300329932 0.8555233626163449
vn 0.289979790684262 -0.428942300329932 0.8555233626163449
vn 0.0654012573708302 0.8041424909449846 0.5908278343063312
vn 0.0654012573708302 0.8041424909449846 0.5908278343063312
vn 0.0654012573708302 0.8041424909449846 0.5908278343063312
vn 0.39380996718722555 0.8043703889790895 -0.44486176176158904
vn 0.39380996718722555 0.8043703889790895 -0.44486176176158904
vn 0.39380996718722555 0.8043703889790895 -0.44486176176158904
vn 0.6865775016580263 0.6838874844239123 0.24679797986481947
vn 0.6865775016580263 0.6838874844239123 0.24679797986481947
vn 0.6865775016580263 0.6838874844239123 0.24679797986481947
vn -0.2467743984440561 0.9660904141409011 -0.07597175776324207
vn -0.2467743984440561 0.9660904141409011 -0.07597175776324207
vn -0.2467743984440561 0.9660904141409011 -0.07597175776324207
vn -0.3493470621944876 -0.2307582545394481 -0.9081339428179018
vn -0.25844279001225123 -0.04511287075510648 -0.964972617841002
vn -0.25844279001225123 -0.04511287075510648 -0.964972617841002
vn -0.010692537510746813 0.3777156383371148 -0.9258599063557982
vn 0.9872856908475759 -0.11516880444999321 0.1095587108777026
vn 0.9563679553264305 -0.2274554636116884 0.18336942519933436
vn 0.9563679553264305 -0.2274554636116884 0.18336942519933436
vn 0.8662503593083745 -0.40197576166022203 0.2966914256189359
vn -0.4513759507979095 0.21984897042221002 0.8648272551472794
vn -0.5474574037160466 0.012043545170703402 0.8367468817606712
vn -0.5474574037160466 0.012043545170703402 0.8367468817606712
vn -0.6016460674095747 -0.14842617553629067 0.7848513744565041
vn -0.8049580437285375 0.5402789700178897 -0.2452369923015984
vn -0.6006886401925413 0.7940429500497478 0.09310720176189026
vn -0.6006886401925413 0.7940429500497478 0.09310720176189026
vn -0.4733186564889719 0.8498639289658763 0.2317342263502706
vn -0.08559634005201315 0.8162962998152695 0.5712561750017232
vn -0.08559634005201315 0.8162962998152695 0.5712561750017232
vn -0.08559634005201315 0.8162962998152695 0.5712561750017232
vn -0.39497511756345666 0.8000033331192882 -0.4516517723908132
vn -0.39497511756345666 0.8000033331192882 -0.4516517723908132
vn -0.39497511756345666 0.8000033331192882 -0.4516517723908132
vn -0.70182157588351 0.6885337334156275 0.18266847996609584
vn -0.70182157588351 0.6885337334156275 0.18266847996609584
vn -0.70182157588351 0.6885337334156275 0.18266847996609584
vn 0.23237222049625697 0.967470451125248 -0.10002038462807636
vn 0.23237222049625697 0.967470451125248 -0.10002038462807636
vn 0.23237222049625697 0.967470451125248 -0.10002038462807636
vn 0.10430178707914797 0.3168532823031662 -0.9427221938120509
vn 0.30794033861090914 -0.0746637370243233 -0.9484714409141486
vn 0.30794033861090914 -0.0746637370243233 -0.9484714409141486
vn 0.3820668107714815 -0.2508292461277878 -0.8894434447416398
vn -0.9689917629481409 -0.22677762958747108 0.09811661458357436
vn -0.9751374332866589 -0.14579257679103685 0.1668877190081303
vn -0.9751374332866589 -0.14579257679103685 0.1668877190081303
vn -0.9617509908292815 -0.011873993173231862 0.2736677546314462
vn 0.5995239108844652 -0.18269160662481448 0.7792270895872654
vn 0.5394614787671103 -0.0026834585437098993 0.842006004715315
vn 0.5394614787671103 -0.0026834585437098993 0.842006004715315
vn 0.43409996212670116 0.2222541071808354 0.8730179463921957
vn 0.8483472343842571 0.48809909115022937 -0.2051005780852472
vn 0.6457989117580573 0.7558313493155826 0.1079941524523187
vn 0.6457989117580573 0.7558313493155826 0.1079941524523187
vn 0.5081397263220329 0.8260044403871922 0.24394811537294356
vn 0.016152150892204113 -0.7785735708632437 0.6273454413437727
vn 0.016152150892204113 -0.7785735708632437 0.6273454413437727
vn 0.016152150892204113 -0.7785735708632437 0.6273454413437727
vn -0.4340255253660408 -0.44909241725105603 -0.78098517533839
vn -0.4340255253660408 -0.44909241725105603 -0.78098517533839
vn -0.4340255253660408 -0.44909241725105603 -0.78098517533839
vn 0.3457872056369083 -0.39560578221285053 -0.8508391584180746
vn 0.3457872056369083 -0.39560578221285053 -0.8508391584180746
vn 0.3457872056369083 -0.39560578221285053 -0.8508391584180746
vn 0.7078328883317655 -0.5845793017309362 0.39653454097175617
vn 0.7078328883317655 -0.5845793017309362 0.39653454097175617
vn 0.7078328883317655 -0.5845793017309362 0.39653454097175617
vn 0.009058049137810054 -0.7575986543559154 -0.6526578205031509
vn 0.009058049137810054 -0.7575986543559154 -0.6526578205031509
vn 0.009058049137810054 -0.7575986543559154 -0.6526578205031509
vn -0.5638879589696607 -0.1426926715448549 -0.8134304956272678
vn -0.5638879589696607 -0.1426926715448549 -0.8134304956272678
vn -0.5638879589696607 -0.1426926715448549 -0.8134304956272678
vn 0.2386581496714175 -0.06759807597790085 -0.9687480517242351
vn 0.2386581496714175 -0.06759807597790085 -0.9687480517242351
vn 0.2386581496714175 -0.06759807597790085 -0.9687480517242351
vn -0.8651210768799051 -0.45066559851784693 0.22015004122348977
vn -0.8651210768799051 -0.45066559851784693 0.22015004122348977
vn -0.8651210768799051 -0.45066559851784693 0.22015004122348977
vn 0.9118476112690915 -0.3608968932589085 0.19567157754492587
vn 0.9118476112690915 -0.3608968932589085 0.19567157754492587
vn 0.9118476112690915 -0.3608968932589085 0.19567157754492587
vn 0.004906015121896714 -0.06397609565156077 -0.9979393720065394
vn 0.004906015121896714 -0.06397609565156077 -0.9979393720065394
vn 0.004906015121896714 -0.06397609565156077 -0.9979393720065394
vn -0.8940601226100778 0.20989504168283202 0.39572789721652774
vn -0.8940601226100778 0.20989504168283202 0.39572789721652774
vn -0.8940601226100778 0.20989504168283202 0.39572789721652774
vn 0.920319954778501 0.13910878897812942 0.36559530312291516
vn 0.920319954778501 0.13910878897812942 0.36559530312291516
vn 0.920319954778501 0.13910878897812942 0.36559530312291516
vn 0.5591670960774783 -0.5178154194247099 -0.6474560603394581
vn 0.5591670960774783 -0.5178154194247099 -0.6474560603394581
vn 0.5591670960774783 -0.5178154194247099 -0.6474560603394581
vn -0.9163656949113526 -0.362721716080821 0.16943101803689425
vn 0.3079729045729507 0.1180947260751582 -0.9440372480586419
vn 0.3079729045729507 0.1180947260751582 -0.9440372480586419
vn 0.3079729045729507 0.1180947260751582 -0.9440372480586419
vn 0.3900981326652197 -0.9081548636819351 -0.15191507648009986
vn 0.9424131154013012 -0.3302700900788329 0.05271799995194694
vn 0.9424131154013012 -0.3302700900788329 0.05271799995194694
vn -0.5334255723428893 -0.35437041707655176 0.7680356542971504
vn 0.30661681711474104 -0.61187113163603 -0.7291089395507844
vn 0.24719574228507318 -0.41225574539788956 0.8768919348372194
vn 0.24719574228507318 -0.41225574539788956 0.8768919348372194
vn 0.7196707293082474 0.3700047517490146 -0.5875121488616938
vn -0.519131669176206 0.013372766078492575 -0.8545896554403967
vn -0.9948621671084091 -0.026707247648139604 -0.0976524007867746
vn -0.9948621671084091 -0.026707247648139604 -0.0976524007867746
vn -0.7698710010132168 -0.16836010018883107 -0.6155920064972534
vn -0.6304824339405224 0.10910589225688964 -0.7684971078457373
vn 0.5732542813206392 0.1035108630096351 0.8128130351972451
vn 0.5732542813206392 0.1035108630096351 0.8128130351972451
vn 0.5763493198656076 0.0018353086256282015 0.8172013785675477
vn 0.9367721779380268 0.13166165496005197 0.32422691938583115
vn -0.4017140194139251 0.6208194378123744 -0.6732080452881086
vn -0.4017140194139251 0.6208194378123744 -0.6732080452881086
vn -0.5094488894890041 0.10754228458692013 -0.8537543475873175
vn -0.9797164422564107 -0.17405805384048198 0.09929494783575243
vn -0.9644214563316367 -0.24743898347347623 0.0930870776465665
vn -0.9644214563316367 -0.24743898347347623 0.0930870776465665
vn -0.9276295515967623 -0.3644346677968254 0.08179723658050451
vn 0.9325425765655215 -0.34962216547536934 0.09015921639439933
vn 0.9673551186082823 -0.23209079776290925 0.10177394605758575
vn 0.9673551186082823 -0.23209079776290925 0.10177394605758575
vn 0.9814229756962797 -0.15849216523605908 0.1081164942746738
vn -0.563328741397577 -0.03775796283599487 0.8253696537660549
vn 0.3419500022555747 -0.1079215267585539 0.9335004767109202
vn 0.3419500022555747 -0.1079215267585539 0.9335004767109202
vn 0.8252273366343661 -0.2604468218714191 -0.5011659364406444
vn -0.9315030576742132 0.27842769032565573 -0.2340514362346708
vn -0.33985296833633966 -0.16322829281661147 -0.9262054223211788
vn -0.33985296833633966 -0.16322829281661147 -0.9262054223211788
vn -0.2754238221015135 -0.6735525065548246 0.6859072379941086
vn -0.9413881992177164 0.3337813947240029 0.0487671909148402
vn -0.9511178926185767 0.2563972823537332 -0.17214873784729798
vn -0.9511178926185767 0.2563972823537332 -0.17214873784729798
vn -0.9097589175261341 0.16653665755400432 -0.3802686598609159
vn -0.425693478034098 0.8910376939231289 -0.15759724225818553
vn -0.4090203253710789 0.908103088177657 -0.08972822674910769
vn -0.4090203253710789 0.908103088177657 -0.08972822674910769
vn -0.3805241823290938 0.9247013781892136 0.011344947674770735
vn -0.33889991529945174 0.64619470567308 0.6837976672745424
vn -0.3177352222800748 0.7885255150988858 0.5265660837546113
vn -0.3177352222800748 0.7885255150988858 0.5265660837546113
vn -0.29305242600952064 0.8702090713991272 0.39605106699086556
vn 0.05400753476549633 -0.002691718325298039 0.998536900089832
vn 0.07341866107374843 -0.2394276828734575 0.9681343320428137
vn 0.07341866107374843 -0.2394276828734575 0.9681343320428137
vn 0.10153818960539587 -0.7380087437412853 0.6671080049085518
vn -0.8547693588257486 -0.36702055156679303 -0.36696765244395274
vn -0.9162384626544213 -0.33719470209606534 -0.21634882119163135
vn -0.9162384626544213 -0.33719470209606534 -0.21634882119163135
vn -0.4748708478595612 0.23638094328613693 -0.8477155935243242
vn 0.1434454917542436 0.4257816969264121 0.8933830855001947
vn 0.8801419641063194 -0.16377284948162074 -0.4455654573592309
vn 0.8801419641063194 -0.16377284948162074 -0.4455654573592309
vn 0.8801419641063194 -0.16377284948162074 -0.4455654573592309
vn -0.002457317459552983 0.027876671732938424 -0.9996083496870147
vn -0.00605421464159014 -0.0041517377653165636 -0.9999730544162686
vn -0.00605421464159014 -0.0041517377653165636 -0.9999730544162686
vn -0.005902049224349208 -0.01895575627641376 0.9998029031358845
vn -0.1617357703558637 0.2770459307148434 -0.9471468169517024
vn -0.1617357703558637 0.2770459307148434 -0.9471468169517024
vn -0.1617357703558637 0.2770459307148434 -0.9471468169517024
vn 0 0.18938753009054898 -0.9819024205317967
vn 0 0.18938753009054898 -0.9819024205317967
vn 0 0.18938753009054898 -0.9819024205317967
vn 0.16173578486723314 0.27704593004714856 -0.9471468146690302
vn 0.16173578486723314 0.27704593004714856 -0.9471468146690302
vn 0.16173578486723314 0.27704593004714856 -0.9471468146690302
vn 0 0.4151105366361192 0.909770983475332
vn 0 0.4151105366361192 0.909770983475332
vn 0 0.4151105366361192 0.909770983475332
vn 0.8206618557044002 -0.5540945020863747 0.1396187714795641
vn 0.8206618557044002 -0.5540945020863747 0.1396187714795641
vn 0.8206618557044002 -0.5540945020863747 0.1396187714795641
vn -0.9131628476622023 0.0018801952661883896 -0.40759057706872764
vn -0.9131628476622023 0.0018801952661883896 -0.40759057706872764
vn -0.9131628476622023 0.0018801952661883896 -0.40759057706872764
vn -0.26600354380607927 0.5989751100566495 0.7552952616131204
vn -0.26600354380607927 0.5989751100566495 0.7552952616131204
vn -0.26600354380607927 0.5989751100566495 0.7552952616131204
vn 0.2660035462845416 0.5989751752421862 0.7552952090458669
vn 0.2660035462845416 0.5989751752421862 0.7552952090458669
vn 0.2660035462845416 0.5989751752421862 0.7552952090458669
vn -0.7404777957026984 0.5903770886408354 0.3211658874775524
vn -0.7404777957026984 0.5903770886408354 0.3211658874775524
vn -0.7404777957026984 0.5903770886408354 0.3211658874775524
vn -0.9825922606368603 -0.13315963419295623 -0.12954134922156127
vn -0.9825922606368603 -0.13315963419295623 -0.12954134922156127
vn -0.9825922606368603 -0.13315963419295623 -0.12954134922156127
vn 0.7404778075845789 0.5903770385095194 0.321165952235701
vn 0.7404778075845789 0.5903770385095194 0.321165952235701
vn 0.7404778075845789 0.5903770385095194 0.321165952235701
vn 0.9825922606368603 -0.13315963419295623 -0.12954134922156127
vn 0.9825922606368603 -0.13315963419295623 -0.12954134922156127
vn 0.9825922606368603 -0.13315963419295623 -0.12954134922156127
vn 0.9379275372523346 -0.030052572268831734 -0.34552681193186296
vn 0.9379275372523346 -0.030052572268831734 -0.34552681193186296
vn 0.9379275372523346 -0.030052572268831734 -0.34552681193186296
vn 0.48149973498184107 0.8117993532023972 -0.3303631567723409
vn 0.48149973498184107 0.8117993532023972 -0.3303631567723409
vn 0.48149973498184107 0.8117993532023972 -0.3303631567723409
vn -0.48149973972248966 0.8117993611950401 -0.3303631302226379
vn -0.48149973972248966 0.8117993611950401 -0.3303631302226379
vn -0.48149973972248966 0.8117993611950401 -0.3303631302226379
vn 0.008842694328763313 -0.009889751399471309 0.9999119959147728
vn 0.008842694328763313 -0.009889751399471309 0.9999119959147728
vn 0.008842694328763313 -0.009889751399471309 0.9999119959147728
vn -0.6466038143008634 -0.21654011027597297 -0.7314464354778443
vn -0.6466038143008634 -0.21654011027597297 -0.7314464354778443
vn -0.6466038143008634 -0.21654011027597297 -0.7314464354778443
vn 0.9565500134808151 0.19705674286731592 0.2148969795050105
vn 0.9565500134808151 0.19705674286731592 0.2148969795050105
vn 0.9565500134808151 0.19705674286731592 0.2148969795050105
vn -0.118220476476065 -0.0033861747421504163 -0.9929815973936212
vn -0.118220476476065 -0.0033861747421504163 -0.9929815973936212
vn -0.118220476476065 -0.0033861747421504163 -0.9929815973936212
vn 0.9465681395038382 0.015030328312301352 -0.32215345180063887
vn 0.9465681395038382 0.015030328312301352 -0.32215345180063887
vn 0.9465681395038382 0.015030328312301352 -0.32215345180063887
vn 0.8441247303613084 -0.12303015530825798 -0.5218400334175927
vn 0.8441247303613084 -0.12303015530825798 -0.5218400334175927
vn 0.8441247303613084 -0.12303015530825798 -0.5218400334175927
vn -0.9745476246860457 -0.016519304366581423 -0.22357110681398604
vn -0.9745476246860457 -0.016519304366581423 -0.22357110681398604
vn -0.9745476246860457 -0.016519304366581423 -0.22357110681398604
vn -0.21849028328486123 -0.21215910784596453 0.9524969863826896
vn -0.21849028328486123 -0.21215910784596453 0.9524969863826896
vn -0.21849028328486123 -0.21215910784596453 0.9524969863826896
vn 0.9820718864990973 -0.13246615365560277 -0.13411758976284285
vn 0.9820718864990973 -0.13246615365560277 -0.13411758976284285
vn 0.9820718864990973 -0.13246615365560277 -0.13411758976284285
vn 0.6807491240259355 -0.194700347026629 0.7061674057938612
vn 0.6807491240259355 -0.194700347026629 0.7061674057938612
vn 0.6807491240259355 -0.194700347026629 0.7061674057938612
vn -0.43159128172299244 -0.8317331852265166 0.3492117897976207
vn -0.6732557914898977 -0.7141737238869149 0.19152684233497935
vn -0.6732557914898977 -0.7141737238869149 0.19152684233497935
vn -0.9326013302885694 -0.33673435363812865 -0.12986429002579025
vn 0.12076993089446805 0.0161449981080262 0.9925492243852881
vn 0.11559192293209009 0.020124007368062347 0.993092911907195
vn 0.11559192293209009 0.020124007368062347 0.993092911907195
vn 0.11142419138045578 0.023323282305195765 0.9934992068832886
vn -0.11870570391314504 -0.16319168981045998 -0.9794270918426197
vn -0.14756426142256282 -0.13487997584452288 -0.9798123192055683
vn -0.14756426142256282 -0.13487997584452288 -0.9798123192055683
vn -0.22540233925961153 -0.05616995666502954 -0.9726452186817883
vn 0.9840972665408985 -0.09823837372696222 -0.14799254006271192
vn 0.9840972665408985 -0.09823837372696222 -0.14799254006271192
vn 0.9840972665408985 -0.09823837372696222 -0.14799254006271192
vn 0.9932903371963887 -0.11550246603850906 -0.005786740991928041
vn 0.9932903371963887 -0.11550246603850906 -0.005786740991928041
vn 0.9932903371963887 -0.11550246603850906 -0.005786740991928041
vn -0.984119479307362 0.01038391240879067 -0.1772033431143251
vn -0.984119479307362 0.01038391240879067 -0.1772033431143251
vn -0.984119479307362 0.01038391240879067 -0.1772033431143251
vn -0.9961496540680662 -0.006439594053363577 -0.08743224993387695
vn -0.9961496540680662 -0.006439594053363577 -0.08743224993387695
vn -0.9961496540680662 -0.006439594053363577 -0.08743224993387695
f 3/3/3 2/2/2 1/1/1
f 6/6/6 5/5/5 4/4/4
f 9/9/9 8/8/8 7/7/7
f 12/12/12 11/11/11 10/10/10
f 15/15/15 14/14/14 13/13/13
f 18/18/18 17/17/17 16/16/16
f 21/21/21 20/20/20 19/19/19
f 24/24/24 23/23/23 22/22/22
f 27/27/27 26/26/26 25/25/25
f 30/30/30 29/29/29 28/28/28
f 33/33/33 32/32/32 31/31/31
f 36/36/36 35/35/35 34/34/34
f 39/39/39 38/38/38 37/37/37
f 42/42/42 41/41/41 40/40/40
f 45/45/45 44/44/44 43/43/43
f 48/48/48 47/47/47 46/46/46
f 51/51/51 50/50/50 49/49/49
f 54/54/54 53/53/53 52/52/52
f 57/57/57 56/56/56 55/55/55
f 60/60/60 59/59/59 58/58/58
f 63/63/63 62/62/62 61/61/61
f 66/66/66 65/65/65 64/64/64
f 69/69/69 68/68/68 67/67/67
f 72/72/72 71/71/71 70/70/70
f 75/75/75 74/74/74 73/73/73
f 78/78/78 77/77/77 76/76/76
f 81/81/81 80/80/80 79/79/79
f 84/84/84 83/83/83 82/82/82
f 87/87/87 86/86/86 85/85/85
f 90/90/90 89/89/89 88/88/88
f 93/93/93 92/92/92 91/91/91
f 96/96/96 95/95/95 94/94/94
f 99/99/99 98/98/98 97/97/97
f 102/102/102 101/101/101 100/100/100
f 105/105/105 104/104/104 103/103/103
f 108/108/108 107/107/107 106/106/106
f 111/111/111 110/110/110 109/109/109
f 114/114/114 113/113/113 112/112/112
f 117/117/117 116/116/116 115/115/115
f 120/120/120 119/119/119 118/118/118
f 123/123/123 122/122/122 121/121/121
f 126/126/126 125/125/125 124/124/124
f 129/129/129 128/128/128 127/127/127
f 132/132/132 131/131/131 130/130/130
f 135/135/135 134/134/134 133/133/133
f 138/138/138 137/137/137 136/136/136
f 141/141/141 140/140/140 139/139/139
f 144/144/144 143/143/143 142/142/142
f 147/147/147 146/146/146 145/145/145
f 150/150/150 149/149/149 148/148/148
f 153/153/153 152/152/152 151/151/151
f 156/156/156 155/155/155 154/154/154
f 159/159/159 158/158/158 157/157/157
f 162/162/162 161/161/161 160/160/160
f 165/165/165 164/164/164 163/163/163
f 168/168/168 167/167/167 166/166/166
f 171/171/171 170/170/170 169/169/169
f 174/174/174 173/173/173 172/172/172
f 177/177/177 176/176/176 175/175/175
f 180/180/180 179/179/179 178/178/178
f 183/183/183 182/182/182 181/181/181
f 186/186/186 185/185/185 184/184/184
f 189/189/189 188/188/188 187/187/187
f 192/192/192 191/191/191 190/190/190
f 195/195/195 194/194/194 193/193/193
f 198/198/198 197/197/197 196/196/196
f 201/201/201 200/200/200 199/199/199
f 204/204/204 203/203/203 202/202/202
f 207/207/207 206/206/206 205/205/205
f 210/210/210 209/209/209 208/208/208
f 213/213/213 212/212/212 211/211/211
f 216/216/216 215/215/215 214/214/214
f 219/219/219 218/218/218 217/217/217
f 222/222/222 221/221/221 220/220/220
f 225/225/225 224/224/224 223/223/223
f 228/228/228 227/227/227 226/226/226
f 231/231/231 230/230/230 229/229/229
f 234/234/234 233/233/233 232/232/232
f 237/237/237 236/236/236 235/235/235
f 240/240/240 239/239/239 238/238/238
f 243/243/243 242/242/242 241/241/241
f 246/246/246 245/245/245 244/244/244
f 249/249/249 248/248/248 247/247/247
f 252/252/252 251/251/251 250/250/250
f 255/255/255 254/254/254 253/253/253
f 258/258/258 257/257/257 256/256/256
f 261/261/261 260/260/260 259/259/259
f 264/264/264 263/263/263 262/262/262
f 267/267/267 266/266/266 265/265/265
f 270/270/270 269/269/269 268/268/268
f 273/273/273 272/272/272 271/271/271
f 276/276/276 275/275/275 274/274/274
f 279/279/279 278/278/278 277/277/277
f 282/282/282 281/281/281 280/280/280
f 285/285/285 284/284/284 283/283/283
f 288/288/288 287/287/287 286/286/286
f 291/291/291 290/290/290 289/289/289
f 294/294/294 293/293/293 292/292/292
f 297/297/297 296/296/296 295/295/295
f 300/300/300 299/299/299 298/298/298
f 303/303/303 302/302/302 301/301/301
f 306/306/306 305/305/305 304/304/304
f 309/309/309 308/308/308 307/307/307
f 312/312/312 311/311/311 310/310/310
f 315/315/315 314/314/314 313/313/313
f 318/318/318 317/317/317 316/316/316
f 321/321/321 320/320/320 319/319/319
f 324/324/324 323/323/323 322/322/322
f 327/327/327 326/326/326 325/325/325
f 330/330/330 329/329/329 328/328/328
f 333/333/333 332/332/332 331/331/331
f 336/336/336 335/335/335 334/334/334
f 339/339/339 338/338/338 337/337/337
f 342/342/342 341/341/341 340/340/340
f 345/345/345 344/344/344 343/343/343
f 348/348/348 347/347/347 346/346/346
f 351/351/351 350/350/350 349/349/349
f 354/354/354 353/353/353 352/352/352
f 357/357/357 356/356/356 355/355/355
f 360/360/360 359/359/359 358/358/358
f 363/363/363 362/362/362 361/361/361
f 366/366/366 365/365/365 364/364/364
f 369/369/369 368/368/368 367/367/367
f 372/372/372 371/371/371 370/370/370
f 375/375/375 374/374/374 373/373/373
f 378/378/378 377/377/377 376/376/376
f 381/381/381 380/380/380 379/379/379
f 384/384/384 383/383/383 382/382/382
f 387/387/387 386/386/386 385/385/385
f 390/390/390 389/389/389 388/388/388
f 393/393/393 392/392/392 391/391/391
f 396/396/396 395/395/395 394/394/394
f 399/399/399 398/398/398 397/397/397
f 402/402/402 401/401/401 400/400/400
f 405/405/405 404/404/404 403/403/403
f 408/408/408 407/407/407 406/406/406
f 411/411/411 410/410/410 409/409/409
f 414/414/414 413/413/413 412/412/412
f 417/417/417 416/416/416 415/415/415
f 420/420/420 419/419/419 418/418/418
f 423/423/423 422/422/422 421/421/421
f 426/426/426 425/425/425 424/424/424
f 429/429/429 428/428/428 427/427/427
f 432/432/432 431/431/431 430/430/430
f 435/435/435 434/434/434 433/433/433
f 438/438/438 437/437/437 436/436/436
f 441/441/441 440/440/440 439/439/439
f 444/444/444 443/443/443 442/442/442
f 447/447/447 446/446/446 445/445/445
f 450/450/450 449/449/449 448/448/448
f 453/453/453 452/452/452 451/451/451
f 456/456/456 455/455/455 454/454/454
f 459/459/459 458/458/458 457/457/457
f 462/462/462 461/461/461 460/460/460
f 465/465/465 464/464/464 463/463/463
f 468/468/468 467/467/467 466/466/466
f 471/471/471 470/470/470 469/469/469
f 474/474/474 473/473/473 472/472/472
f 477/477/477 476/476/476 475/475/475
f 480/480/480 479/479/479 478/478/478
f 483/483/483 482/482/482 481/481/481
f 486/486/486 485/485/485 484/484/484
f 489/489/489 488/488/488 487/487/487
f 492/492/492 491/491/491 490/490/490
f 495/495/495 494/494/494 493/493/493
f 498/498/498 497/497/497 496/496/496
f 501/501/501 500/500/500 499/499/499
f 504/504/504 503/503/503 502/502/502
f 507/507/507 506/506/506 505/505/505
f 510/510/510 509/509/509 508/508/508
f 513/513/513 512/512/512 511/511/511
f 516/516/516 515/515/515 514/514/514
f 519/519/519 518/518/518 517/517/517
f 522/522/522 521/521/521 520/520/520
f 525/525/525 524/524/524 523/523/523
f 528/528/528 527/527/527 526/526/526
f 531/531/531 530/530/530 529/529/529
f 534/534/534 533/533/533 532/532/532
f 537/537/537 536/536/536 535/535/535
f 540/540/540 539/539/539 538/538/538
f 543/543/543 542/542/542 541/541/541
f 546/546/546 545/545/545 544/544/544
f 549/549/549 548/548/548 547/547/547
f 552/552/552 551/551/551 550/550/550
f 555/555/555 554/554/554 553/553/553
f 558/558/558 557/557/557 556/556/556
f 561/561/561 560/560/560 559/559/559
f 564/564/564 563/563/563 562/562/562
f 567/567/567 566/566/566 565/565/565
f 570/570/570 569/569/569 568/568/568
f 573/573/573 572/572/572 571/571/571
f 572/572/572 573/573/573 574/574/574
f 577/577/577 576/576/576 575/575/575
f 576/576/576 577/577/577 578/578/578
f 581/581/581 580/580/580 579/579/579
f 580/580/580 581/581/581 582/582/582
f 585/585/585 584/584/584 583/583/583
f 584/584/584 585/585/585 586/586/586
f 589/589/589 588/588/588 587/587/587
f 588/588/588 589/589/589 590/590/590
f 593/593/593 592/592/592 591/591/591
f 592/592/592 593/593/593 594/594/594
f 597/597/597 596/596/596 595/595/595
f 596/596/596 597/597/597 598/598/598
f 601/601/601 600/600/600 599/599/599
f 600/600/600 601/601/601 602/602/602
f 605/605/605 604/604/604 603/603/603
f 604/604/604 605/605/605 606/606/606
f 609/609/609 608/608/608 607/607/607
f 608/608/608 609/609/609 610/610/610
f 613/613/613 612/612/612 611/611/611
f 612/612/612 613/613/613 614/614/614
f 617/617/617 616/616/616 615/615/615
f 616/616/616 617/617/617 618/618/618
f 621/621/621 620/620/620 619/619/619
f 620/620/620 621/621/621 622/622/622
f 625/625/625 624/624/624 623/623/623
f 624/624/624 625/625/625 626/626/626
f 629/629/629 628/628/628 627/627/627
f 628/628/628 629/629/629 630/630/630
f 633/633/633 632/632/632 631/631/631
f 632/632/632 633/633/633 634/634/634
f 637/637/637 636/636/636 635/635/635
f 636/636/636 637/637/637 638/638/638
f 641/641/641 640/640/640 639/639/639
f 640/640/640 641/641/641 642/642/642
f 645/645/645 644/644/644 643/643/643
f 644/644/644 645/645/645 646/646/646
f 649/649/649 648/648/648 647/647/647
f 648/648/648 649/649/649 650/650/650
f 653/653/653 652/652/652 651/651/651
f 652/652/652 653/653/653 654/654/654
f 657/657/657 656/656/656 655/655/655
f 656/656/656 657/657/657 658/658/658
f 661/661/661 660/660/660 659/659/659
f 660/660/660 661/661/661 662/662/662
f 665/665/665 664/664/664 663/663/663
f 664/664/664 665/665/665 666/666/666
f 669/669/669 668/668/668 667/667/667
f 668/668/668 669/669/669 670/670/670
f 673/673/673 672/672/672 671/671/671
f 672/672/672 673/673/673 674/674/674
f 677/677/677 676/676/676 675/675/675
f 676/676/676 677/677/677 678/678/678
f 681/681/681 680/680/680 679/679/679
f 680/680/680 681/681/681 682/682/682
f 685/685/685 684/684/684 683/683/683
f 684/684/684 685/685/685 686/686/686
f 689/689/689 688/688/688 687/687/687
f 688/688/688 689/689/689 690/690/690
f 693/693/693 692/692/692 691/691/691
f 692/692/692 693/693/693 694/694/694
f 697/697/697 696/696/696 695/695/695
f 696/696/696 697/697/697 698/698/698
f 701/701/701 700/700/700 699/699/699
f 700/700/700 701/701/701 702/702/702
f 705/705/705 704/704/704 703/703/703
f 704/704/704 705/705/705 706/706/706
f 709/709/709 708/708/708 707/707/707
f 708/708/708 709/709/709 710/710/710
f 713/713/713 712/712/712 711/711/711
f 712/712/712 713/713/713 714/714/714
f 717/717/717 716/716/716 715/715/715
f 716/716/716 717/717/717 718/718/718
f 721/721/721 720/720/720 719/719/719
f 720/720/720 721/721/721 722/722/722
f 725/725/725 724/724/724 723/723/723
f 724/724/724 725/725/725 726/726/726
f 729/729/729 728/728/728 727/727/727
f 728/728/728 729/729/729 730/730/730
f 733/733/733 732/732/732 731/731/731
f 732/732/732 733/733/733 734/734/734
f 737/737/737 736/736/736 735/735/735
f 736/736/736 737/737/737 738/738/738
f 741/741/741 740/740/740 739/739/739
f 740/740/740 741/741/741 742/742/742
f 745/745/745 744/744/744 743/743/743
f 744/744/744 745/745/745 746/746/746
f 749/749/749 748/748/748 747/747/747
f 748/748/748 749/749/749 750/750/750
f 753/753/753 752/752/752 751/751/751
f 752/752/752 753/753/753 754/754/754
f 757/757/757 756/756/756 755/755/755
f 756/756/756 757/757/757 758/758/758
f 761/761/761 760/760/760 759/759/759
f 760/760/760 761/761/761 762/762/762
f 765/765/765 764/764/764 763/763/763
f 764/764/764 765/765/765 766/766/766
f 769/769/769 768/768/768 767/767/767
f 768/768/768 769/769/769 770/770/770
f 773/773/773 772/772/772 771/771/771
f 772/772/772 773/773/773 774/774/774
f 777/777/777 776/776/776 775/775/775
f 776/776/776 777/777/777 778/778/778
f 781/781/781 780/780/780 779/779/779
f 780/780/780 781/781/781 782/782/782
f 785/785/785 784/784/784 783/783/783
f 784/784/784 785/785/785 786/786/786
f 789/789/789 788/788/788 787/787/787
f 788/788/788 789/789/789 790/790/790
f 793/793/793 792/792/792 791/791/791
f 792/792/792 793/793/793 794/794/794
f 797/797/797 796/796/796 795/795/795
f 796/796/796 797/797/797 798/798/798
f 801/801/801 800/800/800 799/799/799
f 800/800/800 801/801/801 802/802/802
f 805/805/805 804/804/804 803/803/803
f 804/804/804 805/805/805 806/806/806
f 809/809/809 808/808/808 807/807/807
f 808/808/808 809/809/809 810/810/810
f 813/813/813 812/812/812 811/811/811
f 816/816/816 815/815/815 814/814/814
f 819/819/819 818/818/818 817/817/817
f 822/822/822 821/821/821 820/820/820
f 825/825/825 824/824/824 823/823/823
f 828/828/828 827/827/827 826/826/826
f 831/831/831 830/830/830 829/829/829
f 834/834/834 833/833/833 832/832/832
f 837/837/837 836/836/836 835/835/835
f 840/840/840 839/839/839 838/838/838
f 843/843/843 842/842/842 841/841/841
f 846/846/846 845/845/845 844/844/844
f 849/849/849 848/848/848 847/847/847
f 848/848/848 849/849/849 850/850/850
f 853/853/853 852/852/852 851/851/851
f 852/852/852 853/853/853 854/854/854
f 857/857/857 856/856/856 855/855/855
f 856/856/856 857/857/857 858/858/858
f 861/861/861 860/860/860 859/859/859
f 860/860/860 861/861/861 862/862/862
f 865/865/865 864/864/864 863/863/863
f 868/868/868 867/867/867 866/866/866
f 871/871/871 870/870/870 869/869/869
f 874/874/874 873/873/873 872/872/872
f 877/877/877 876/876/876 875/875/875
f 876/876/876 877/877/877 878/878/878
f 881/881/881 880/880/880 879/879/879
f 880/880/880 881/881/881 882/882/882
f 885/885/885 884/884/884 883/883/883
f 884/884/884 885/885/885 886/886/886
f 889/889/889 888/888/888 887/887/887
f 888/888/888 889/889/889 890/890/890
f 893/893/893 892/892/892 891/891/891
f 896/896/896 895/895/895 894/894/894
f 899/899/899 898/898/898 897/897/897
f 902/902/902 901/901/901 900/900/900
f 905/905/905 904/904/904 903/903/903
f 908/908/908 907/907/907 906/906/906
f 911/911/911 910/910/910 909/909/909
f 914/914/914 913/913/913 912/912/912
f 917/917/917 916/916/916 915/915/915
f 920/920/920 919/919/919 918/918/918
f 923/923/923 922/922/922 921/921/921
f 926/926/926 925/925/925 924/924/924
f 929/929/929 928/928/928 927/927/927
f 932/932/932 931/931/931 930/930/930
f 931/931/931 932/932/932 933/933/933
f 930/930/930 931/931/931 932/932/932
f 933/933/933 932/932/932 931/931/931
f 936/936/936 935/935/935 934/934/934
f 935/935/935 936/936/936 937/937/937
f 934/934/934 935/935/935 936/936/936
f 937/937/937 936/936/936 935/935/935
f 940/940/940 939/939/939 938/938/938
f 939/939/939 940/940/940 941/941/941
f 938/938/938 939/939/939 940/940/940
f 941/941/941 940/940/940 939/939/939
f 944/944/944 943/943/943 942/942/942
f 943/943/943 944/944/944 945/945/945
f 942/942/942 943/943/943 944/944/944
f 945/945/945 944/944/944 943/943/943
f 948/948/948 947/947/947 946/946/946
f 947/947/947 948/948/948 949/949/949
f 946/946/946 947/947/947 948/948/948
f 949/949/949 948/948/948 947/947/947
f 952/952/952 951/951/951 950/950/950
f 951/951/951 952/952/952 953/953/953
f 950/950/950 951/951/951 952/952/952
f 953/953/953 952/952/952 951/951/951
f 956/956/956 955/955/955 954/954/954
f 955/955/955 956/956/956 957/957/957
f 960/960/960 959/959/959 958/958/958
f 959/959/959 960/960/960 961/961/961
f 964/964/964 963/963/963 962/962/962
f 963/963/963 964/964/964 965/965/965
f 962/962/962 963/963/963 964/964/964
f 965/965/965 964/964/964 963/963/963
f 968/968/968 967/967/967 966/966/966
f 967/967/967 968/968/968 969/969/969
f 966/966/966 967/967/967 968/968/968
f 969/969/969 968/968/968 967/967/967
f 972/972/972 971/971/971 970/970/970
f 971/971/971 972/972/972 973/973/973
f 976/976/976 975/975/975 974/974/974
f 975/975/975 976/976/976 977/977/977
f 980/980/980 979/979/979 978/978/978
f 979/979/979 980/980/980 981/981/981
f 984/984/984 983/983/983 982/982/982
f 983/983/983 984/984/984 985/985/985
f 988/988/988 987/987/987 986/986/986
f 987/987/987 988/988/988 989/989/989
f 986/986/986 987/987/987 988/988/988
f 989/989/989 988/988/988 987/987/987
f 992/992/992 991/991/991 990/990/990
f 991/991/991 992/992/992 993/993/993
f 990/990/990 991/991/991 992/992/992
f 993/993/993 992/992/992 991/991/991
f 996/996/996 995/995/995 994/994/994
f 995/995/995 996/996/996 997/997/997
f 994/994/994 995/995/995 996/996/996
f 997/997/997 996/996/996 995/995/995
f 1000/1000/1000 999/999/999 998/998/998
f 1003/1003/1003 1002/1002/1002 1001/1001/1001
f 1006/1006/1006 1005/1005/1005 1004/1004/1004
f 1009/1009/1009 1008/1008/1008 1007/1007/1007
f 1012/1012/1012 1011/1011/1011 1010/1010/1010
f 1015/1015/1015 1014/1014/1014 1013/1013/1013
f 1018/1018/1018 1017/1017/1017 1016/1016/1016
f 1021/1021/1021 1020/1020/1020 1019/1019/1019
f 1024/1024/1024 1023/1023/1023 1022/1022/1022
f 1027/1027/1027 1026/1026/1026 1025/1025/1025
f 1030/1030/1030 1029/1029/1029 1028/1028/1028
f 1033/1033/1033 1032/1032/1032 1031/1031/1031
f 1036/1036/1036 1035/1035/1035 1034/1034/1034
f 1039/1039/1039 1038/1038/1038 1037/1037/1037
f 1042/1042/1042 1041/1041/1041 1040/1040/1040
f 1045/1045/1045 1044/1044/1044 1043/1043/1043
f 1043/1043/1043 1044/1044/1044 1045/1045/1045
f 1048/1048/1048 1047/1047/1047 1046/1046/1046
f 1046/1046/1046 1047/1047/1047 1048/1048/1048
f 1051/1051/1051 1050/1050/1050 1049/1049/1049
f 1049/1049/1049 1050/1050/1050 1051/1051/1051
f 1054/1054/1054 1053/1053/1053 1052/1052/1052
f 1052/1052/1052 1053/1053/1053 1054/1054/1054
f 1057/1057/1057 1056/1056/1056 1055/1055/1055
f 1055/1055/1055 1056/1056/1056 1057/1057/1057
f 1060/1060/1060 1059/1059/1059 1058/1058/1058
f 1058/1058/1058 1059/1059/1059 1060/1060/1060
f 1063/1063/1063 1062/1062/1062 1061/1061/1061
f 1066/1066/1066 1065/1065/1065 1064/1064/1064
f 1069/1069/1069 1068/1068/1068 1067/1067/1067
f 1072/1072/1072 1071/1071/1071 1070/1070/1070
f 1075/1075/1075 1074/1074/1074 1073/1073/1073
f 1074/1074/1074 1075/1075/1075 1076/1076/1076
f 1079/1079/1079 1078/1078/1078 1077/1077/1077
f 1078/1078/1078 1079/1079/1079 1080/1080/1080
f 1083/1083/1083 1082/1082/1082 1081/1081/1081
f 1082/1082/1082 1083/1083/1083 1084/1084/1084
f 1087/1087/1087 1086/1086/1086 1085/1085/1085
f 1090/1090/1090 1089/1089/1089 1088/1088/1088
f 1093/1093/1093 1092/1092/1092 1091/1091/1091
f 1096/1096/1096 1095/1095/1095 1094/1094/1094
