mtllib MAP110.mtl
o mesh_0
usemtl mat0
v 89.60000000000001 -1.0972835320360286e-14 -89.60000000000001
v 96 -1.1756609271814592e-14 -96
v 102.4 -1.0972835320360286e-14 -89.60000000000001
vt 0.625 0.3046875
vt 0.6796875 0.25
vt 0.7421875 0.3046875
vn 0 1 -1.2246467991473532e-16
vn 0 1 -1.2246467991473532e-16
vn 0 1 -1.2246467991473532e-16
f 3/3/3 2/2/2 1/1/1
o mesh_1
usemtl mat0
v 89.60000000000001 -1.0972835320360286e-14 -89.60000000000001
v 96 -1.1756609271814592e-14 -96
v 102.4 -1.0972835320360286e-14 -89.60000000000001
vt 0.625 0.3046875
vt 0.6796875 0.25
vt 0.7421875 0.3046875
vn 0 1 -1.2246467991473532e-16
vn 0 1 -1.2246467991473532e-16
vn 0 1 -1.2246467991473532e-16
f 6/6/6 5/5/5 4/4/4
o mesh_2
usemtl mat0
v 192 -4.702643708725837e-15 -38.400000000000006
v 198.4 -3.91886975727153e-15 -32
v 192 -3.1350958058172244e-15 -25.6
vt 0.625 0.3046875
vt 0.6796875 0.25
vt 0.7421875 0.3046875
vn 0 1 -1.2246467991473532e-16
vn 0 1 -1.2246467991473532e-16
vn 0 1 -1.2246467991473532e-16
f 9/9/9 8/8/8 7/7/7
o mesh_3
usemtl mat0
v 192 -4.702643708725837e-15 -38.400000000000006
v 198.4 -3.91886975727153e-15 -32
v 192 -3.1350958058172244e-15 -25.6
vt 0.625 0.3046875
vt 0.6796875 0.25
vt 0.7421875 0.3046875
vn 0 1 -1.2246467991473532e-16
vn 0 1 -1.2246467991473532e-16
vn 0 1 -1.2246467991473532e-16
f 12/12/12 11/11/11 10/10/10
o mesh_4
usemtl mat0
v 0 -3.1350958058172244e-15 -25.6
v -6.4 -3.91886975727153e-15 -32
v 0 -4.702643708725837e-15 -38.400000000000006
vt 0.625 0.3046875
vt 0.6796875 0.25
vt 0.7421875 0.3046875
vn 0 1 -1.2246467991473532e-16
vn 0 1 -1.2246467991473532e-16
vn 0 1 -1.2246467991473532e-16
f 15/15/15 14/14/14 13/13/13
o mesh_5
usemtl mat0
v 0 -3.1350958058172244e-15 -25.6
v -6.4 -3.91886975727153e-15 -32
v 0 -4.702643708725837e-15 -38.400000000000006
vt 0.625 0.3046875
vt 0.6796875 0.25
vt 0.7421875 0.3046875
vn 0 1 -1.2246467991473532e-16
vn 0 1 -1.2246467991473532e-16
vn 0 1 -1.2246467991473532e-16
f 18/18/18 17/17/17 16/16/16
o mesh_6
usemtl mat1
v -0.1 12.8 -1.5675479029086122e-15
v 12.700000000000001 12.8 -1.5675479029086122e-15
v -0.1 25.6 -3.1350958058172244e-15
v 12.700000000000001 25.6 -3.1350958058172244e-15
v 12.700000000000001 12.8 -1.5675479029086122e-15
v -0.1 12.8 -1.5675479029086122e-15
v 12.700000000000001 25.6 -3.1350958058172244e-15
v -0.1 25.6 -3.1350958058172244e-15
v 12.700000000000001 0 0
v -0.1 0 0
v 12.700000000000001 12.8 -1.5675479029086122e-15
v -0.1 12.8 -1.5675479029086122e-15
v -0.1 0 0
v 12.700000000000001 0 0
v -0.1 12.8 -1.5675479029086122e-15
v 12.700000000000001 12.8 -1.5675479029086122e-15
vt 0.875 0.875
vt 0.9921875 0.875
vt 0.875 0.75
vt 0.9921875 0.75
vt 0.9921875 0.875
vt 0.875 0.875
vt 0.9921875 0.75
vt 0.875 0.75
vt 0.9921875 0.9921875
vt 0.875 0.9921875
vt 0.9921875 0.875
vt 0.875 0.875
vt 0.875 0.9921875
vt 0.9921875 0.9921875
vt 0.875 0.875
vt 0.9921875 0.875
vn 0 -1.2246467991473532e-16 -1
vn 0 -1.2246467991473532e-16 -1
vn 0 -1.2246467991473532e-16 -1
vn 0 -1.2246467991473532e-16 -1
vn 0 1.2246467991473532e-16 1
vn 0 1.2246467991473532e-16 1
vn 0 1.2246467991473532e-16 1
vn 0 1.2246467991473532e-16 1
vn 0 1.2246467991473532e-16 1
vn 0 1.2246467991473532e-16 1
vn 0 1.2246467991473532e-16 1
vn 0 1.2246467991473532e-16 1
vn 0 -1.2246467991473532e-16 -1
vn 0 -1.2246467991473532e-16 -1
vn 0 -1.2246467991473532e-16 -1
vn 0 -1.2246467991473532e-16 -1
f 21/21/21 20/20/20 19/19/19
f 20/20/20 21/21/21 22/22/22
f 25/25/25 24/24/24 23/23/23
f 24/24/24 25/25/25 26/26/26
f 29/29/29 28/28/28 27/27/27
f 28/28/28 29/29/29 30/30/30
f 33/33/33 32/32/32 31/31/31
f 32/32/32 33/33/33 34/34/34
o mesh_7
usemtl mat1
v 0.1 12.800000000000002 12.799999999999999
v 0.1 12.8 -1.5675479029086122e-15
v 0.1 25.6 12.799999999999997
v 0.1 25.6 -3.1350958058172244e-15
v 0.1 12.8 -1.5675479029086122e-15
v 0.1 12.800000000000002 12.799999999999999
v 0.1 25.6 -3.1350958058172244e-15
v 0.1 25.6 12.799999999999997
v 0.1 0 0
v 0.1 1.5675479029086122e-15 12.8
v 0.1 12.8 -1.5675479029086122e-15
v 0.1 12.800000000000002 12.799999999999999
v 0.1 1.5675479029086122e-15 12.8
v 0.1 0 0
v 0.1 12.800000000000002 12.799999999999999
v 0.1 12.8 -1.5675479029086122e-15
vt 0.9921875 0.8671875
vt 0.875 0.8671875
vt 0.9921875 0.75
vt 0.875 0.75
vt 0.875 0.8671875
vt 0.9921875 0.8671875
vt 0.875 0.75
vt 0.9921875 0.75
vt 0.875 0.9921875
vt 0.9921875 0.9921875
vt 0.875 0.8671875
vt 0.9921875 0.8671875
vt 0.9921875 0.9921875
vt 0.875 0.9921875
vt 0.9921875 0.8671875
vt 0.875 0.8671875
vn -1 0 0
vn -1 0 0
vn -1 0 0
vn -1 0 0
vn 1 0 0
vn 1 0 0
vn 1 0 0
vn 1 0 0
vn 1 0 0
vn 1 0 0
vn 1 0 0
vn 1 0 0
vn -1 0 0
vn -1 0 0
vn -1 0 0
vn -1 0 0
f 37/37/37 36/36/36 35/35/35
f 36/36/36 37/37/37 38/38/38
f 41/41/41 40/40/40 39/39/39
f 40/40/40 41/41/41 42/42/42
f 45/45/45 44/44/44 43/43/43
f 44/44/44 45/45/45 46/46/46
f 49/49/49 48/48/48 47/47/47
f 48/48/48 49/49/49 50/50/50
o mesh_8
usemtl mat1
v -0.1 12.8 -1.5675479029086122e-15
v -0.1 12.800000000000002 12.799999999999999
v -0.1 25.6 -3.1350958058172244e-15
v -0.1 25.6 12.799999999999997
v -0.1 12.800000000000002 12.799999999999999
v -0.1 12.8 -1.5675479029086122e-15
v -0.1 25.6 12.799999999999997
v -0.1 25.6 -3.1350958058172244e-15
v -0.1 1.5675479029086122e-15 12.8
v -0.1 0 0
v -0.1 12.800000000000002 12.799999999999999
v -0.1 12.8 -1.5675479029086122e-15
v -0.1 0 0
v -0.1 1.5675479029086122e-15 12.8
v -0.1 12.8 -1.5675479029086122e-15
v -0.1 12.800000000000002 12.799999999999999
vt 0.875 0.875
vt 0.9921875 0.875
vt 0.875 0.75
vt 0.9921875 0.75
vt 0.9921875 0.875
vt 0.875 0.875
vt 0.9921875 0.75
vt 0.875 0.75
vt 0.9921875 0.9921875
vt 0.875 0.9921875
vt 0.9921875 0.875
vt 0.875 0.875
vt 0.875 0.9921875
vt 0.9921875 0.9921875
vt 0.875 0.875
vt 0.9921875 0.875
vn 1 0 0
vn 1 0 0
vn 1 0 0
vn 1 0 0
vn -1 0 0
vn -1 0 0
vn -1 0 0
vn -1 0 0
vn -1 0 0
vn -1 0 0
vn -1 0 0
vn -1 0 0
vn 1 0 0
vn 1 0 0
vn 1 0 0
vn 1 0 0
f 53/53/53 52/52/52 51/51/51
f 52/52/52 53/53/53 54/54/54
f 57/57/57 56/56/56 55/55/55
f 56/56/56 57/57/57 58/58/58
f 61/61/61 60/60/60 59/59/59
f 60/60/60 61/61/61 62/62/62
f 65/65/65 64/64/64 63/63/63
f 64/64/64 65/65/65 66/66/66
o mesh_9
usemtl mat2
v -1.4000000000000001 1.8 0.09999999999999978
v 1.8 1.8 0.09999999999999978
v -1.4000000000000001 -1.4000000000000001 0.10000000000000017
v 1.8 -1.4000000000000001 0.10000000000000017
vt 0 0.625
vt 0.0546875 0.625
vt 0 0.7421875
vt 0.0546875 0.7421875
vn 0 1.2246467991473532e-16 1
vn 0 1.2246467991473532e-16 1
vn 0 1.2246467991473532e-16 1
vn 0 1.2246467991473532e-16 1
f 69/69/69 68/68/68 67/67/67
f 68/68/68 69/69/69 70/70/70
o mesh_10
usemtl mat2
v -1.5 1.8 0.09999999999999978
v 1.7000000000000002 1.8 0.09999999999999978
v -1.5 -1.4000000000000001 0.10000000000000017
v 1.7000000000000002 -1.4000000000000001 0.10000000000000017
vt 0 0.625
vt 0.0546875 0.625
vt 0 0.7421875
vt 0.0546875 0.7421875
vn 0 1.2246467991473532e-16 1
vn 0 1.2246467991473532e-16 1
vn 0 1.2246467991473532e-16 1
vn 0 1.2246467991473532e-16 1
f 73/73/73 72/72/72 71/71/71
f 72/72/72 73/73/73 74/74/74
o mesh_11
usemtl mat3
v 115.2 -6.270191611634449e-15 -51.2
v 115.2 -7.83773951454306e-15 -64
v 118.4 -7.83773951454306e-15 -64
v 25.6 -5.09453068445299e-15 -41.6
v 25.6 -4.702643708725837e-15 -38.400000000000006
v 22.400000000000002 -4.702643708725837e-15 -38.400000000000006
v 22.400000000000002 -3.1350958058172244e-15 -25.6
v 25.6 -3.1350958058172244e-15 -25.6
v 25.6 -2.7432088300900714e-15 -22.400000000000002
v 128 -6.270191611634449e-15 -51.2
v 124.80000000000001 -7.83773951454306e-15 -64
v 128 -7.83773951454306e-15 -64
v 102.4 -3.1350958058172244e-15 -25.6
v 102.4 -1.5675479029086122e-15 -12.8
v 100.80000000000001 -1.5675479029086122e-15 -12.8
v 102.4 -3.1350958058172244e-15 -25.6
v 102.4 -4.702643708725837e-15 -38.400000000000006
v 104.80000000000001 -3.1350958058172244e-15 -25.6
v 150.4 -7.83773951454306e-15 -64
v 153.60000000000002 -7.83773951454306e-15 -64
v 153.60000000000002 -6.270191611634449e-15 -51.2
v 89.60000000000001 -4.702643708725837e-15 -38.400000000000006
v 76.80000000000001 -4.702643708725837e-15 -38.400000000000006
v 76.80000000000001 -5.486417660180143e-15 -44.800000000000004
v 76.80000000000001 -5.486417660180143e-15 -44.800000000000004
v 76.80000000000001 -4.702643708725837e-15 -38.400000000000006
v 64 -4.702643708725837e-15 -38.400000000000006
v 44.800000000000004 -1.5675479029086122e-15 -12.8
v 38.400000000000006 -1.5675479029086122e-15 -12.8
v 38.400000000000006 -3.1350958058172244e-15 -25.6
v 140.8 -6.270191611634449e-15 -51.2
v 140.8 -7.83773951454306e-15 -64
v 144 -7.83773951454306e-15 -64
v 166.4 -5.09453068445299e-15 -41.6
v 166.4 -4.702643708725837e-15 -38.400000000000006
v 153.60000000000002 -4.702643708725837e-15 -38.400000000000006
v 84 -1.5675479029086122e-15 -12.8
v 76.80000000000001 -1.5675479029086122e-15 -12.8
v 76.80000000000001 -3.1350958058172244e-15 -25.6
v 153.60000000000002 -3.1350958058172244e-15 -25.6
v 166.4 -3.1350958058172244e-15 -25.6
v 166.4 -2.7432088300900714e-15 -22.400000000000002
v 89.60000000000001 -3.1350958058172244e-15 -25.6
v 89.60000000000001 -1.5675479029086122e-15 -12.8
v 87.2 -1.5675479029086122e-15 -12.8
v 169.60000000000002 -4.702643708725837e-15 -38.400000000000006
v 166.4 -4.702643708725837e-15 -38.400000000000006
v 166.4 -5.09453068445299e-15 -41.6
v 166.4 -5.486417660180143e-15 -44.800000000000004
v 166.4 -5.09453068445299e-15 -41.6
v 153.60000000000002 -4.702643708725837e-15 -38.400000000000006
v 166.4 -2.7432088300900714e-15 -22.400000000000002
v 166.4 -3.1350958058172244e-15 -25.6
v 169.60000000000002 -3.1350958058172244e-15 -25.6
v 64 -3.1350958058172244e-15 -25.6
v 64 -1.5675479029086122e-15 -12.8
v 57.6 -1.5675479029086122e-15 -12.8
v 57.6 -1.5675479029086122e-15 -12.8
v 51.2 -1.5675479029086122e-15 -12.8
v 51.2 -2.3513218543629185e-15 -19.200000000000003
v 140.8 -3.1350958058172244e-15 -25.6
v 140.8 -1.5675479029086122e-15 -12.8
v 140 -1.5675479029086122e-15 -12.8
v 139.20000000000002 -1.5675479029086122e-15 -12.8
v 128 -1.5675479029086122e-15 -12.8
v 128 -3.1350958058172244e-15 -25.6
v 140 -1.5675479029086122e-15 -12.8
v 139.20000000000002 -1.5675479029086122e-15 -12.8
v 140.8 -3.1350958058172244e-15 -25.6
v 128 -3.1350958058172244e-15 -25.6
v 57.6 -1.5675479029086122e-15 -12.8
v 51.2 -2.3513218543629185e-15 -19.200000000000003
v 64 -3.1350958058172244e-15 -25.6
v 51.2 -3.1350958058172244e-15 -25.6
v 128 -3.1350958058172244e-15 -25.6
v 128 -4.702643708725837e-15 -38.400000000000006
v 140.8 -3.1350958058172244e-15 -25.6
v 140.8 -4.702643708725837e-15 -38.400000000000006
v 140.8 -4.702643708725837e-15 -38.400000000000006
v 153.60000000000002 -4.702643708725837e-15 -38.400000000000006
v 140.8 -3.1350958058172244e-15 -25.6
v 153.60000000000002 -3.1350958058172244e-15 -25.6
v 102.4 -4.702643708725837e-15 -38.400000000000006
v 115.2 -4.702643708725837e-15 -38.400000000000006
v 104.80000000000001 -3.1350958058172244e-15 -25.6
v 115.2 -3.1350958058172244e-15 -25.6
v 64 -3.1350958058172244e-15 -25.6
v 51.2 -3.1350958058172244e-15 -25.6
v 64 -4.702643708725837e-15 -38.400000000000006
v 51.2 -4.702643708725837e-15 -38.400000000000006
v 76.80000000000001 -7.83773951454306e-15 -64
v 89.60000000000001 -7.83773951454306e-15 -64
v 76.80000000000001 -6.270191611634449e-15 -51.2
v 89.60000000000001 -6.270191611634449e-15 -51.2
v 89.60000000000001 -7.83773951454306e-15 -64
v 89.60000000000001 -9.405287417451674e-15 -76.80000000000001
v 102.4 -7.83773951454306e-15 -64
v 102.4 -9.405287417451674e-15 -76.80000000000001
v 22.400000000000002 -4.702643708725837e-15 -38.400000000000006
v 25.6 -4.702643708725837e-15 -38.400000000000006
v 22.400000000000002 -3.1350958058172244e-15 -25.6
v 25.6 -3.1350958058172244e-15 -25.6
v 22.400000000000002 -3.1350958058172244e-15 -25.6
v 12.8 -3.1350958058172244e-15 -25.6
v 22.400000000000002 -4.702643708725837e-15 -38.400000000000006
v 12.8 -4.702643708725837e-15 -38.400000000000006
v 64 -4.702643708725837e-15 -38.400000000000006
v 64 -6.270191611634449e-15 -51.2
v 76.80000000000001 -5.486417660180143e-15 -44.800000000000004
v 70.4 -6.270191611634449e-15 -51.2
v 64 -3.1350958058172244e-15 -25.6
v 76.80000000000001 -3.1350958058172244e-15 -25.6
v 64 -1.5675479029086122e-15 -12.8
v 76.80000000000001 -1.5675479029086122e-15 -12.8
v 140.8 -3.1350958058172244e-15 -25.6
v 153.60000000000002 -3.1350958058172244e-15 -25.6
v 140.8 -1.5675479029086122e-15 -12.8
v 153.60000000000002 -1.5675479029086122e-15 -12.8
v 25.6 -2.7432088300900714e-15 -22.400000000000002
v 25.6 -3.1350958058172244e-15 -25.6
v 38.400000000000006 -1.5675479029086122e-15 -12.8
v 38.400000000000006 -3.1350958058172244e-15 -25.6
v 38.400000000000006 -4.702643708725837e-15 -38.400000000000006
v 51.2 -4.702643708725837e-15 -38.400000000000006
v 38.400000000000006 -3.1350958058172244e-15 -25.6
v 51.2 -3.1350958058172244e-15 -25.6
v 100.80000000000001 -1.5675479029086122e-15 -12.8
v 89.60000000000001 -1.5675479029086122e-15 -12.8
v 102.4 -3.1350958058172244e-15 -25.6
v 89.60000000000001 -3.1350958058172244e-15 -25.6
v 115.2 -1.5675479029086122e-15 -12.8
v 115.2 -3.1350958058172244e-15 -25.6
v 128 -1.5675479029086122e-15 -12.8
v 128 -3.1350958058172244e-15 -25.6
v 140.8 -6.270191611634449e-15 -51.2
v 153.60000000000002 -6.270191611634449e-15 -51.2
v 140.8 -4.702643708725837e-15 -38.400000000000006
v 153.60000000000002 -4.702643708725837e-15 -38.400000000000006
v 128 -6.270191611634449e-15 -51.2
v 140.8 -6.270191611634449e-15 -51.2
v 128 -4.702643708725837e-15 -38.400000000000006
v 140.8 -4.702643708725837e-15 -38.400000000000006
v 25.6 -4.702643708725837e-15 -38.400000000000006
v 38.400000000000006 -4.702643708725837e-15 -38.400000000000006
v 25.6 -3.1350958058172244e-15 -25.6
v 38.400000000000006 -3.1350958058172244e-15 -25.6
v 64 -4.702643708725837e-15 -38.400000000000006
v 76.80000000000001 -4.702643708725837e-15 -38.400000000000006
v 64 -3.1350958058172244e-15 -25.6
v 76.80000000000001 -3.1350958058172244e-15 -25.6
v 89.60000000000001 -4.702643708725837e-15 -38.400000000000006
v 102.4 -4.702643708725837e-15 -38.400000000000006
v 89.60000000000001 -3.1350958058172244e-15 -25.6
v 102.4 -3.1350958058172244e-15 -25.6
v 115.2 -4.702643708725837e-15 -38.400000000000006
v 128 -4.702643708725837e-15 -38.400000000000006
v 115.2 -3.1350958058172244e-15 -25.6
v 128 -3.1350958058172244e-15 -25.6
v 153.60000000000002 -4.702643708725837e-15 -38.400000000000006
v 166.4 -4.702643708725837e-15 -38.400000000000006
v 153.60000000000002 -3.1350958058172244e-15 -25.6
v 166.4 -3.1350958058172244e-15 -25.6
v 169.60000000000002 -4.702643708725837e-15 -38.400000000000006
v 179.20000000000002 -4.702643708725837e-15 -38.400000000000006
v 169.60000000000002 -3.1350958058172244e-15 -25.6
v 179.20000000000002 -3.1350958058172244e-15 -25.6
v 51.2 -6.270191611634449e-15 -51.2
v 51.2 -4.702643708725837e-15 -38.400000000000006
v 38.400000000000006 -6.270191611634449e-15 -51.2
v 38.400000000000006 -4.702643708725837e-15 -38.400000000000006
v 51.2 -6.270191611634449e-15 -51.2
v 64 -6.270191611634449e-15 -51.2
v 51.2 -4.702643708725837e-15 -38.400000000000006
v 64 -4.702643708725837e-15 -38.400000000000006
v 76.80000000000001 -5.486417660180143e-15 -44.800000000000004
v 76.80000000000001 -6.270191611634449e-15 -51.2
v 89.60000000000001 -4.702643708725837e-15 -38.400000000000006
v 89.60000000000001 -6.270191611634449e-15 -51.2
v 89.60000000000001 -6.270191611634449e-15 -51.2
v 102.4 -6.270191611634449e-15 -51.2
v 89.60000000000001 -4.702643708725837e-15 -38.400000000000006
v 102.4 -4.702643708725837e-15 -38.400000000000006
v 102.4 -6.270191611634449e-15 -51.2
v 115.2 -6.270191611634449e-15 -51.2
v 102.4 -4.702643708725837e-15 -38.400000000000006
v 115.2 -4.702643708725837e-15 -38.400000000000006
v 115.2 -6.270191611634449e-15 -51.2
v 128 -6.270191611634449e-15 -51.2
v 115.2 -4.702643708725837e-15 -38.400000000000006
v 128 -4.702643708725837e-15 -38.400000000000006
v 102.4 -1.0972835320360286e-14 -89.60000000000001
v 102.4 -9.405287417451674e-15 -76.80000000000001
v 89.60000000000001 -1.0972835320360286e-14 -89.60000000000001
v 89.60000000000001 -9.405287417451674e-15 -76.80000000000001
v 192 -3.1350958058172244e-15 -25.6
v 179.20000000000002 -3.1350958058172244e-15 -25.6
v 192 -4.702643708725837e-15 -38.400000000000006
v 179.20000000000002 -4.702643708725837e-15 -38.400000000000006
v 128 -6.270191611634449e-15 -51.2
v 115.2 -6.270191611634449e-15 -51.2
v 124.80000000000001 -7.83773951454306e-15 -64
v 118.4 -7.83773951454306e-15 -64
v 166.4 -2.7432088300900714e-15 -22.400000000000002
v 166.4 -1.5675479029086122e-15 -12.8
v 153.60000000000002 -3.1350958058172244e-15 -25.6
v 153.60000000000002 -1.5675479029086122e-15 -12.8
v 169.60000000000002 -3.1350958058172244e-15 -25.6
v 166.4 -3.1350958058172244e-15 -25.6
v 169.60000000000002 -4.702643708725837e-15 -38.400000000000006
v 166.4 -4.702643708725837e-15 -38.400000000000006
v 27.200000000000003 -1.7634913907721887e-15 -14.4
v 25.6 -2.7432088300900714e-15 -22.400000000000002
v 32 -1.5675479029086122e-15 -12.8
v 38.400000000000006 -1.5675479029086122e-15 -12.8
v 140.8 -6.270191611634449e-15 -51.2
v 128 -6.270191611634449e-15 -51.2
v 140.8 -7.83773951454306e-15 -64
v 128 -7.83773951454306e-15 -64
v 0 -4.702643708725837e-15 -38.400000000000006
v 12.8 -4.702643708725837e-15 -38.400000000000006
v 0 -3.1350958058172244e-15 -25.6
v 12.8 -3.1350958058172244e-15 -25.6
v 104.80000000000001 -3.1350958058172244e-15 -25.6
v 115.2 -3.1350958058172244e-15 -25.6
v 108 -1.861463134703977e-15 -15.200000000000001
v 115.2 -1.5675479029086122e-15 -12.8
v 104.80000000000001 -7.641796026679484e-15 -62.400000000000006
v 109.60000000000001 -7.641796026679484e-15 -62.400000000000006
v 102.4 -6.270191611634449e-15 -51.2
v 115.2 -6.270191611634449e-15 -51.2
v 89.60000000000001 -7.83773951454306e-15 -64
v 102.4 -7.83773951454306e-15 -64
v 89.60000000000001 -6.270191611634449e-15 -51.2
v 102.4 -6.270191611634449e-15 -51.2
v 105.60000000000001 -1.861463134703977e-15 -15.200000000000001
v 102.4 -1.5675479029086122e-15 -12.8
v 104.80000000000001 -3.1350958058172244e-15 -25.6
v 102.4 -3.1350958058172244e-15 -25.6
v 38.400000000000006 -3.1350958058172244e-15 -25.6
v 51.2 -3.1350958058172244e-15 -25.6
v 44.800000000000004 -1.5675479029086122e-15 -12.8
v 51.2 -2.3513218543629185e-15 -19.200000000000003
v 153.60000000000002 -6.270191611634449e-15 -51.2
v 140.8 -6.270191611634449e-15 -51.2
v 150.4 -7.83773951454306e-15 -64
v 144 -7.83773951454306e-15 -64
v 158.4 -7.543824282747697e-15 -61.6
v 160 -6.270191611634449e-15 -51.2
v 153.60000000000002 -7.83773951454306e-15 -64
v 153.60000000000002 -6.270191611634449e-15 -51.2
v 161.60000000000002 -7.543824282747697e-15 -61.6
v 166.4 -7.83773951454306e-15 -64
v 160 -6.270191611634449e-15 -51.2
v 166.4 -6.270191611634449e-15 -51.2
v 76.80000000000001 -4.702643708725837e-15 -38.400000000000006
v 89.60000000000001 -4.702643708725837e-15 -38.400000000000006
v 76.80000000000001 -3.1350958058172244e-15 -25.6
v 89.60000000000001 -3.1350958058172244e-15 -25.6
v 153.60000000000002 -4.702643708725837e-15 -38.400000000000006
v 153.60000000000002 -6.270191611634449e-15 -51.2
v 166.4 -5.486417660180143e-15 -44.800000000000004
v 160 -6.270191611634449e-15 -51.2
vt 0.4921875 0.6171875
vt 0.6171875 0.6171875
vt 0.6171875 0.6484375
vt 0.3984375 0.7421875
vt 0.3671875 0.7421875
vt 0.3671875 0.7109375
vt 0.2421875 0.7109375
vt 0.2421875 0.7421875
vt 0.21875 0.7421875
vt 0.4921875 0.7421875
vt 0.6171875 0.7109375
vt 0.6171875 0.7421875
vt 0.25 0.9921875
vt 0.125 0.9921875
vt 0.125 0.9765625
vt 0.2421875 0.5
vt 0.375 0.5
vt 0.2421875 0.515625
vt 0.6171875 0.9609375
vt 0.6171875 0.9921875
vt 0.4921875 0.9921875
vt 0.375 0.8671875
vt 0.375 0.7421875
vt 0.4375 0.7421875
vt 0.4375 0.7421875
vt 0.375 0.7421875
vt 0.375 0.6171875
vt 0.125 0.9296875
vt 0.125 0.8671875
vt 0.2421875 0.8671875
vt 0.4921875 0.8671875
vt 0.6171875 0.8671875
vt 0.6171875 0.8984375
vt 0.3984375 0.6171875
vt 0.375 0.6171875
vt 0.375 0.5
vt 0.125 0.8125
vt 0.125 0.7421875
vt 0.25 0.7421875
vt 0.2421875 0.5
vt 0.2421875 0.6171875
vt 0.21875 0.6171875
vt 0.25 0.8671875
vt 0.125 0.8671875
vt 0.125 0.84375
vt 0.375 0.6484375
vt 0.375 0.6171875
vt 0.3984375 0.6171875
vt 0.4296875 0.6171875
vt 0.3984375 0.6171875
vt 0.375 0.5
vt 0.21875 0.6171875
vt 0.2421875 0.6171875
vt 0.2421875 0.6484375
vt 0.25 0.6171875
vt 0.125 0.6171875
vt 0.125 0.5546875
vt 0.125 0.5546875
vt 0.125 0.5
vt 0.1875 0.5
vt 0.2421875 0.8671875
vt 0.125 0.8671875
vt 0.125 0.859375
vt 0.125 0.8515625
vt 0.125 0.7421875
vt 0.2421875 0.7421875
vt 0.125 0.859375
vt 0.125 0.8515625
vt 0.2421875 0.8671875
vt 0.2421875 0.7421875
vt 0.125 0.5546875
vt 0.1875 0.5
vt 0.25 0.6171875
vt 0.25 0.5
vt 0.2421875 0.7421875
vt 0.375 0.7421875
vt 0.2421875 0.8671875
vt 0.375 0.8671875
vt 0.375 0.8671875
vt 0.375 0.9921875
vt 0.2421875 0.8671875
vt 0.2421875 0.9921875
vt 0.375 0.5
vt 0.375 0.6171875
vt 0.2421875 0.515625
vt 0.2421875 0.6171875
vt 0.25 0.6171875
vt 0.25 0.5
vt 0.375 0.6171875
vt 0.375 0.5
vt 0.6171875 0.7421875
vt 0.6171875 0.8671875
vt 0.5 0.7421875
vt 0.5 0.8671875
vt 0.6171875 0.8671875
vt 0.7421875 0.8671875
vt 0.6171875 0.9921875
vt 0.7421875 0.9921875
vt 0.3671875 0.7109375
vt 0.3671875 0.7421875
vt 0.2421875 0.7109375
vt 0.2421875 0.7421875
vt 0.2421875 0.7109375
vt 0.2421875 0.625
vt 0.3671875 0.7109375
vt 0.3671875 0.625
vt 0.375 0.6171875
vt 0.5 0.6171875
vt 0.4375 0.7421875
vt 0.5 0.6796875
vt 0.25 0.6171875
vt 0.25 0.7421875
vt 0.125 0.6171875
vt 0.125 0.7421875
vt 0.2421875 0.8671875
vt 0.2421875 0.9921875
vt 0.125 0.8671875
vt 0.125 0.9921875
vt 0.21875 0.7421875
vt 0.2421875 0.7421875
vt 0.125 0.8671875
vt 0.2421875 0.8671875
vt 0.3671875 0.8671875
vt 0.3671875 0.9921875
vt 0.2421875 0.8671875
vt 0.2421875 0.9921875
vt 0.125 0.9765625
vt 0.125 0.8671875
vt 0.25 0.9921875
vt 0.25 0.8671875
vt 0.125 0.6171875
vt 0.2421875 0.6171875
vt 0.125 0.7421875
vt 0.2421875 0.7421875
vt 0.4921875 0.8671875
vt 0.4921875 0.9921875
vt 0.375 0.8671875
vt 0.375 0.9921875
vt 0.4921875 0.7421875
vt 0.4921875 0.8671875
vt 0.375 0.7421875
vt 0.375 0.8671875
vt 0.3671875 0.7421875
vt 0.3671875 0.8671875
vt 0.2421875 0.7421875
vt 0.2421875 0.8671875
vt 0.375 0.6171875
vt 0.375 0.7421875
vt 0.25 0.6171875
vt 0.25 0.7421875
vt 0.375 0.8671875
vt 0.375 0.9921875
vt 0.25 0.8671875
vt 0.25 0.9921875
vt 0.375 0.6171875
vt 0.375 0.7421875
vt 0.2421875 0.6171875
vt 0.2421875 0.7421875
vt 0.375 0.5
vt 0.375 0.6171875
vt 0.2421875 0.5
vt 0.2421875 0.6171875
vt 0.375 0.6484375
vt 0.375 0.7421875
vt 0.2421875 0.6484375
vt 0.2421875 0.7421875
vt 0.4921875 0.9921875
vt 0.3671875 0.9921875
vt 0.4921875 0.8671875
vt 0.3671875 0.8671875
vt 0.5 0.5
vt 0.5 0.6171875
vt 0.375 0.5
vt 0.375 0.6171875
vt 0.4375 0.7421875
vt 0.5 0.7421875
vt 0.375 0.8671875
vt 0.5 0.8671875
vt 0.5 0.8671875
vt 0.5 0.9921875
vt 0.375 0.8671875
vt 0.375 0.9921875
vt 0.4921875 0.5
vt 0.4921875 0.6171875
vt 0.375 0.5
vt 0.375 0.6171875
vt 0.4921875 0.6171875
vt 0.4921875 0.7421875
vt 0.375 0.6171875
vt 0.375 0.7421875
vt 0.2421875 0.9921875
vt 0.125 0.9921875
vt 0.2421875 0.875
vt 0.125 0.875
vt 0.2421875 0.8671875
vt 0.2421875 0.7421875
vt 0.375 0.8671875
vt 0.375 0.7421875
vt 0.5 0.7421875
vt 0.5 0.625
vt 0.625 0.7109375
vt 0.625 0.6484375
vt 0.21875 0.6171875
vt 0.125 0.6171875
vt 0.2421875 0.5
vt 0.125 0.5
vt 0.2421875 0.6484375
vt 0.2421875 0.6171875
vt 0.375 0.6484375
vt 0.375 0.6171875
vt 0.140625 0.7578125
vt 0.21875 0.7421875
vt 0.125 0.8046875
vt 0.125 0.8671875
vt 0.4921875 0.8671875
vt 0.4921875 0.7421875
vt 0.6171875 0.8671875
vt 0.6171875 0.7421875
vt 0.3671875 0.5
vt 0.3671875 0.625
vt 0.2421875 0.5
vt 0.2421875 0.625
vt 0.2421875 0.515625
vt 0.2421875 0.6171875
vt 0.1484375 0.546875
vt 0.125 0.6171875
vt 0.6015625 0.515625
vt 0.6015625 0.5625
vt 0.4921875 0.5
vt 0.4921875 0.6171875
vt 0.6171875 0.8671875
vt 0.6171875 0.9921875
vt 0.5 0.8671875
vt 0.5 0.9921875
vt 0.1484375 0.5234375
vt 0.125 0.5
vt 0.2421875 0.515625
vt 0.2421875 0.5
vt 0.2421875 0.8671875
vt 0.2421875 0.9921875
vt 0.125 0.9296875
vt 0.1796875 0.9921875
vt 0.5 0.9921875
vt 0.5 0.8671875
vt 0.625 0.9609375
vt 0.625 0.8984375
vt 0.59375 0.5390625
vt 0.4921875 0.5546875
vt 0.6171875 0.5
vt 0.4921875 0.5
vt 0.59375 0.5703125
vt 0.6171875 0.6171875
vt 0.4921875 0.5546875
vt 0.4921875 0.6171875
vt 0.375 0.7421875
vt 0.375 0.8671875
vt 0.25 0.7421875
vt 0.25 0.8671875
vt 0.375 0.5
vt 0.4921875 0.5
vt 0.4296875 0.6171875
vt 0.4921875 0.5546875
vn 0 1 -1.2246467991473532e-16
vn 0 1 -1.2246467991473532e-16
vn 0 1 -1.2246467991473532e-16
vn 0 1 -1.2246467991473532e-16
vn 0 1 -1.2246467991473532e-16
vn 0 1 -1.2246467991473532e-16
vn 0 1 -1.2246467991473532e-16
vn 0 1 -1.2246467991473532e-16
vn 0 1 -1.2246467991473532e-16
vn 0 1 -1.2246467991473532e-16
vn 0 1 -1.2246467991473532e-16
vn 0 1 -1.2246467991473532e-16
vn 0 1 -1.2246467991473532e-16
vn 0 1 -1.2246467991473532e-16
vn 0 1 -1.2246467991473532e-16
vn 0 1 -1.2246467991473532e-16
vn 0 1 -1.2246467991473532e-16
vn 0 1 -1.2246467991473532e-16
vn 0 1 -1.2246467991473532e-16
vn 0 1 -1.2246467991473532e-16
vn 0 1 -1.2246467991473532e-16
vn 0 1 -1.2246467991473532e-16
vn 0 1 -1.2246467991473532e-16
vn 0 1 -1.2246467991473532e-16
vn 0 1 -1.2246467991473532e-16
vn 0 1 -1.2246467991473532e-16
vn 0 1 -1.2246467991473532e-16
vn 0 1 -1.2246467991473532e-16
vn 0 1 -1.2246467991473532e-16
vn 0 1 -1.2246467991473532e-16
vn 0 1 -1.2246467991473532e-16
vn 0 1 -1.2246467991473532e-16
vn 0 1 -1.2246467991473532e-16
vn 0 1 -1.2246467991473532e-16
vn 0 1 -1.2246467991473532e-16
vn 0 1 -1.2246467991473532e-16
vn 0 1 -1.2246467991473532e-16
vn 0 1 -1.2246467991473532e-16
vn 0 1 -1.2246467991473532e-16
vn 0 1 -1.2246467991473532e-16
vn 0 1 -1.2246467991473532e-16
vn 0 1 -1.2246467991473532e-16
vn 0 1 -1.2246467991473532e-16
vn 0 1 -1.2246467991473532e-16
vn 0 1 -1.2246467991473532e-16
vn 0 1 -1.2246467991473532e-16
vn 0 1 -1.2246467991473532e-16
vn 0 1 -1.2246467991473532e-16
vn 0 1 -1.2246467991473532e-16
vn 0 1 -1.2246467991473532e-16
vn 0 1 -1.2246467991473532e-16
vn 0 1 -1.2246467991473532e-16
vn 0 1 -1.2246467991473532e-16
vn 0 1 -1.2246467991473532e-16
vn 0 1 -1.2246467991473532e-16
vn 0 1 -1.2246467991473532e-16
vn 0 1 -1.2246467991473532e-16
vn 0 1 -1.2246467991473532e-16
vn 0 1 -1.2246467991473532e-16
vn 0 1 -1.2246467991473532e-16
vn 0 1 -1.2246467991473532e-16
vn 0 1 -1.2246467991473532e-16
vn 0 1 -1.2246467991473532e-16
vn 0 1 -1.2246467991473532e-16
vn 0 1 -1.2246467991473532e-16
vn 0 1 -1.2246467991473532e-16
vn 0 1 -1.2246467991473532e-16
vn 0 1 -1.2246467991473532e-16
vn 0 1 -1.2246467991473532e-16
vn 0 1 -1.2246467991473532e-16
vn 0 1 -1.2246467991473532e-16
vn 0 1 -1.2246467991473532e-16
vn 0 1 -1.2246467991473532e-16
vn 0 1 -1.2246467991473532e-16
vn 0 1 -1.2246467991473532e-16
vn 0 1 -1.2246467991473532e-16
vn 0 1 -1.2246467991473532e-16
vn 0 1 -1.2246467991473532e-16
vn 0 1 -1.2246467991473532e-16
vn 0 1 -1.2246467991473532e-16
vn 0 1 -1.2246467991473532e-16
vn 0 1 -1.2246467991473532e-16
vn 0 1 -1.2246467991473532e-16
vn 0 1 -1.2246467991473532e-16
vn 0 1 -1.2246467991473532e-16
vn 0 1 -1.2246467991473532e-16
vn 0 1 -1.2246467991473532e-16
vn 0 1 -1.2246467991473532e-16
vn 0 1 -1.2246467991473532e-16
vn 0 1 -1.2246467991473532e-16
vn 0 1 -1.2246467991473532e-16
vn 0 1 -1.2246467991473532e-16
vn 0 1 -1.2246467991473532e-16
vn 0 1 -1.2246467991473532e-16
vn 0 1 -1.2246467991473532e-16
vn 0 1 -1.2246467991473532e-16
vn 0 1 -1.2246467991473532e-16
vn 0 1 -1.2246467991473532e-16
vn 0 1 -1.2246467991473532e-16
vn 0 1 -1.2246467991473532e-16
vn 0 1 -1.2246467991473532e-16
vn 0 1 -1.2246467991473532e-16
vn 0 1 -1.2246467991473532e-16
vn 0 1 -1.2246467991473532e-16
vn 0 1 -1.2246467991473532e-16
vn 0 1 -1.2246467991473532e-16
vn 0 1 -1.2246467991473532e-16
vn 0 1 -1.2246467991473532e-16
vn 0 1 -1.2246467991473532e-16
vn 0 1 -1.2246467991473532e-16
vn 0 1 -1.2246467991473532e-16
vn 0 1 -1.2246467991473532e-16
vn 0 1 -1.2246467991473532e-16
vn 0 1 -1.2246467991473532e-16
vn 0 1 -1.2246467991473532e-16
vn 0 1 -1.2246467991473532e-16
vn 0 1 -1.2246467991473532e-16
vn 0 1 -1.2246467991473532e-16
vn 0 1 -1.2246467991473532e-16
vn 0 1 -1.2246467991473532e-16
vn 0 1 -1.2246467991473532e-16
vn 0 1 -1.2246467991473532e-16
vn 0 1 -1.2246467991473532e-16
vn 0 1 -1.2246467991473532e-16
vn 0 1 -1.2246467991473532e-16
vn 0 1 -1.2246467991473532e-16
vn 0 1 -1.2246467991473532e-16
vn 0 1 -1.2246467991473532e-16
vn 0 1 -1.2246467991473532e-16
vn 0 1 -1.2246467991473532e-16
vn 0 1 -1.2246467991473532e-16
vn 0 1 -1.2246467991473532e-16
vn 0 1 -1.2246467991473532e-16
vn 0 1 -1.2246467991473532e-16
vn 0 1 -1.2246467991473532e-16
vn 0 1 -1.2246467991473532e-16
vn 0 1 -1.2246467991473532e-16
vn 0 1 -1.2246467991473532e-16
vn 0 1 -1.2246467991473532e-16
vn 0 1 -1.2246467991473532e-16
vn 0 1 -1.2246467991473532e-16
vn 0 1 -1.2246467991473532e-16
vn 0 1 -1.2246467991473532e-16
vn 0 1 -1.2246467991473532e-16
vn 0 1 -1.2246467991473532e-16
vn 0 1 -1.2246467991473532e-16
vn 0 1 -1.2246467991473532e-16
vn 0 1 -1.2246467991473532e-16
vn 0 1 -1.2246467991473532e-16
vn 0 1 -1.2246467991473532e-16
vn 0 1 -1.2246467991473532e-16
vn 0 1 -1.2246467991473532e-16
vn 0 1 -1.2246467991473532e-16
vn 0 1 -1.2246467991473532e-16
vn 0 1 -1.2246467991473532e-16
vn 0 1 -1.2246467991473532e-16
vn 0 1 -1.2246467991473532e-16
vn 0 1 -1.2246467991473532e-16
vn 0 1 -1.2246467991473532e-16
vn 0 1 -1.2246467991473532e-16
vn 0 1 -1.2246467991473532e-16
vn 0 1 -1.2246467991473532e-16
vn 0 1 -1.2246467991473532e-16
vn 0 1 -1.2246467991473532e-16
vn 0 1 -1.2246467991473532e-16
vn 0 1 -1.2246467991473532e-16
vn 0 1 -1.2246467991473532e-16
vn 0 1 -1.2246467991473532e-16
vn 0 1 -1.2246467991473532e-16
vn 0 1 -1.2246467991473532e-16
vn 0 1 -1.2246467991473532e-16
vn 0 1 -1.2246467991473532e-16
vn 0 1 -1.2246467991473532e-16
vn 0 1 -1.2246467991473532e-16
vn 0 1 -1.2246467991473532e-16
vn 0 1 -1.2246467991473532e-16
vn 0 1 -1.2246467991473532e-16
vn 0 1 -1.2246467991473532e-16
vn 0 1 -1.2246467991473532e-16
vn 0 1 -1.2246467991473532e-16
vn 0 1 -1.2246467991473532e-16
vn 0 1 -1.2246467991473532e-16
vn 0 1 -1.2246467991473532e-16
vn 0 1 -1.2246467991473532e-16
vn 0 1 -1.2246467991473532e-16
vn 0 1 -1.2246467991473532e-16
vn 0 1 -1.2246467991473532e-16
vn 0 1 -1.2246467991473532e-16
vn 0 1 -1.2246467991473532e-16
vn 0 1 -1.2246467991473532e-16
vn 0 1 -1.2246467991473532e-16
vn 0 1 -1.2246467991473532e-16
vn 0 1 -1.2246467991473532e-16
vn 0 1 -1.2246467991473532e-16
vn 0 1 -1.2246467991473532e-16
vn 0 1 -1.2246467991473532e-16
vn 0 1 -1.2246467991473532e-16
vn 0 1 -1.2246467991473532e-16
vn 0 1 -1.2246467991473532e-16
vn 0 1 -1.2246467991473532e-16
vn 0 1 -1.2246467991473532e-16
vn 0 1 -1.2246467991473532e-16
vn 0 1 -1.2246467991473532e-16
vn 0 1 -1.2246467991473532e-16
vn 0 1 -1.2246467991473532e-16
vn 0 1 -1.2246467991473532e-16
vn 0 1 -1.2246467991473532e-16
vn 0 1 -1.2246467991473532e-16
vn 0 1 -1.2246467991473532e-16
vn 0 1 -1.2246467991473532e-16
vn 0 1 -1.2246467991473532e-16
vn 0 1 -1.2246467991473532e-16
vn 0 1 -1.2246467991473532e-16
vn 0 1 -1.2246467991473532e-16
vn 0 1 -1.2246467991473532e-16
vn 0 1 -1.2246467991473532e-16
vn 0 1 -1.2246467991473532e-16
vn 0 1 -1.2246467991473532e-16
vn 0 1 -1.2246467991473532e-16
vn 0 1 -1.2246467991473532e-16
vn 0 1 -1.2246467991473532e-16
vn 0 1 -1.2246467991473532e-16
vn 0 1 -1.2246467991473532e-16
vn 0 1 -1.2246467991473532e-16
vn 0 1 -1.2246467991473532e-16
vn 0 1 -1.2246467991473532e-16
vn 0 1 -1.2246467991473532e-16
vn 0 1 -1.2246467991473532e-16
vn 0 1 -1.2246467991473532e-16
vn 0 1 -1.2246467991473532e-16
vn 0 1 -1.2246467991473532e-16
vn 0 1 -1.2246467991473532e-16
vn 0 1 -1.2246467991473532e-16
vn 0 1 -1.2246467991473532e-16
vn 0 1 -1.2246467991473532e-16
vn 0 1 -1.2246467991473532e-16
vn 0 1 -1.2246467991473532e-16
vn 0 1 -1.2246467991473532e-16
vn 0 1 -1.2246467991473532e-16
vn 0 1 -1.2246467991473532e-16
vn 0 1 -1.2246467991473532e-16
vn 0 1 -1.2246467991473532e-16
vn 0 1 -1.2246467991473532e-16
vn 0 1 -1.2246467991473532e-16
vn 0 1 -1.2246467991473532e-16
vn 0 1 -1.2246467991473532e-16
vn 0 1 -1.2246467991473532e-16
vn 0 1 -1.2246467991473532e-16
vn 0 1 -1.2246467991473532e-16
vn 0 1 -1.2246467991473532e-16
vn 0 1 -1.2246467991473532e-16
vn 0 1 -1.2246467991473532e-16
vn 0 1 -1.2246467991473532e-16
vn 0 1 -1.2246467991473532e-16
vn 0 1 -1.2246467991473532e-16
vn 0 1 -1.2246467991473532e-16
vn 0 1 -1.2246467991473532e-16
vn 0 1 -1.2246467991473532e-16
vn 0 1 -1.2246467991473532e-16
vn 0 1 -1.2246467991473532e-16
vn 0 1 -1.2246467991473532e-16
vn 0 1 -1.2246467991473532e-16
f 77/77/77 76/76/76 75/75/75
f 80/80/80 79/79/79 78/78/78
f 83/83/83 82/82/82 81/81/81
f 86/86/86 85/85/85 84/84/84
f 89/89/89 88/88/88 87/87/87
f 92/92/92 91/91/91 90/90/90
f 95/95/95 94/94/94 93/93/93
f 98/98/98 97/97/97 96/96/96
f 101/101/101 100/100/100 99/99/99
f 104/104/104 103/103/103 102/102/102
f 107/107/107 106/106/106 105/105/105
f 110/110/110 109/109/109 108/108/108
f 113/113/113 112/112/112 111/111/111
f 116/116/116 115/115/115 114/114/114
f 119/119/119 118/118/118 117/117/117
f 122/122/122 121/121/121 120/120/120
f 125/125/125 124/124/124 123/123/123
f 128/128/128 127/127/127 126/126/126
f 131/131/131 130/130/130 129/129/129
f 134/134/134 133/133/133 132/132/132
f 137/137/137 136/136/136 135/135/135
f 140/140/140 139/139/139 138/138/138
f 143/143/143 142/142/142 141/141/141
f 142/142/142 143/143/143 144/144/144
f 147/147/147 146/146/146 145/145/145
f 146/146/146 147/147/147 148/148/148
f 151/151/151 150/150/150 149/149/149
f 150/150/150 151/151/151 152/152/152
f 155/155/155 154/154/154 153/153/153
f 154/154/154 155/155/155 156/156/156
f 159/159/159 158/158/158 157/157/157
f 158/158/158 159/159/159 160/160/160
f 163/163/163 162/162/162 161/161/161
f 162/162/162 163/163/163 164/164/164
f 167/167/167 166/166/166 165/165/165
f 166/166/166 167/167/167 168/168/168
f 171/171/171 170/170/170 169/169/169
f 170/170/170 171/171/171 172/172/172
f 175/175/175 174/174/174 173/173/173
f 174/174/174 175/175/175 176/176/176
f 179/179/179 178/178/178 177/177/177
f 178/178/178 179/179/179 180/180/180
f 183/183/183 182/182/182 181/181/181
f 182/182/182 183/183/183 184/184/184
f 187/187/187 186/186/186 185/185/185
f 186/186/186 187/187/187 188/188/188
f 191/191/191 190/190/190 189/189/189
f 190/190/190 191/191/191 192/192/192
f 195/195/195 194/194/194 193/193/193
f 194/194/194 195/195/195 196/196/196
f 199/199/199 198/198/198 197/197/197
f 198/198/198 199/199/199 200/200/200
f 203/203/203 202/202/202 201/201/201
f 202/202/202 203/203/203 204/204/204
f 207/207/207 206/206/206 205/205/205
f 206/206/206 207/207/207 208/208/208
f 211/211/211 210/210/210 209/209/209
f 210/210/210 211/211/211 212/212/212
f 215/215/215 214/214/214 213/213/213
f 214/214/214 215/215/215 216/216/216
f 219/219/219 218/218/218 217/217/217
f 218/218/218 219/219/219 220/220/220
f 223/223/223 222/222/222 221/221/221
f 222/222/222 223/223/223 224/224/224
f 227/227/227 226/226/226 225/225/225
f 226/226/226 227/227/227 228/228/228
f 231/231/231 230/230/230 229/229/229
f 230/230/230 231/231/231 232/232/232
f 235/235/235 234/234/234 233/233/233
f 234/234/234 235/235/235 236/236/236
f 239/239/239 238/238/238 237/237/237
f 238/238/238 239/239/239 240/240/240
f 243/243/243 242/242/242 241/241/241
f 242/242/242 243/243/243 244/244/244
f 247/247/247 246/246/246 245/245/245
f 246/246/246 247/247/247 248/248/248
f 251/251/251 250/250/250 249/249/249
f 250/250/250 251/251/251 252/252/252
f 255/255/255 254/254/254 253/253/253
f 254/254/254 255/255/255 256/256/256
f 259/259/259 258/258/258 257/257/257
f 258/258/258 259/259/259 260/260/260
f 263/263/263 262/262/262 261/261/261
f 262/262/262 263/263/263 264/264/264
f 267/267/267 266/266/266 265/265/265
f 266/266/266 267/267/267 268/268/268
f 271/271/271 270/270/270 269/269/269
f 270/270/270 271/271/271 272/272/272
f 275/275/275 274/274/274 273/273/273
f 274/274/274 275/275/275 276/276/276
f 279/279/279 278/278/278 277/277/277
f 278/278/278 279/279/279 280/280/280
f 283/283/283 282/282/282 281/281/281
f 282/282/282 283/283/283 284/284/284
f 287/287/287 286/286/286 285/285/285
f 286/286/286 287/287/287 288/288/288
f 291/291/291 290/290/290 289/289/289
f 290/290/290 291/291/291 292/292/292
f 295/295/295 294/294/294 293/293/293
f 294/294/294 295/295/295 296/296/296
f 299/299/299 298/298/298 297/297/297
f 298/298/298 299/299/299 300/300/300
f 303/303/303 302/302/302 301/301/301
f 302/302/302 303/303/303 304/304/304
f 307/307/307 306/306/306 305/305/305
f 306/306/306 307/307/307 308/308/308
f 311/311/311 310/310/310 309/309/309
f 310/310/310 311/311/311 312/312/312
f 315/315/315 314/314/314 313/313/313
f 314/314/314 315/315/315 316/316/316
f 319/319/319 318/318/318 317/317/317
f 318/318/318 319/319/319 320/320/320
f 323/323/323 322/322/322 321/321/321
f 322/322/322 323/323/323 324/324/324
f 327/327/327 326/326/326 325/325/325
f 326/326/326 327/327/327 328/328/328
f 331/331/331 330/330/330 329/329/329
f 330/330/330 331/331/331 332/332/332
f 335/335/335 334/334/334 333/333/333
f 334/334/334 335/335/335 336/336/336
o mesh_12
usemtl mat3
v 41.6 3.2 -3.9188697572715305e-16
v 38.400000000000006 3.2 -3.9188697572715305e-16
v 38.400000000000006 3.1999999999999984 -12.8
v 67.2 3.2 -3.9188697572715305e-16
v 64 3.2 -3.9188697572715305e-16
v 64 3.1999999999999984 -12.8
v 144 3.2 -3.9188697572715305e-16
v 140.8 3.2 -3.9188697572715305e-16
v 140.8 3.1999999999999984 -12.8
v 153.60000000000002 3.1999999999999984 -12.8
v 153.60000000000002 3.2 -3.9188697572715305e-16
v 150.4 3.2 -3.9188697572715305e-16
v 115.2 3.199999999999999 -11.200000000000001
v 115.2 3.1999999999999984 -12.8
v 115.2 -1.5675479029086122e-15 -12.8
v 51.2 3.1999999999999984 -12.8
v 51.2 3.2 -3.9188697572715305e-16
v 48 3.2 -3.9188697572715305e-16
v 92.80000000000001 3.2 -3.9188697572715305e-16
v 89.60000000000001 3.2 -3.9188697572715305e-16
v 89.60000000000001 3.1999999999999984 -12.8
v 42.400000000000006 1.6 -0.8000000000000003
v 41.6 3.2 -3.9188697572715305e-16
v 38.400000000000006 3.1999999999999984 -12.8
v 42.400000000000006 3.2 -1.6000000000000005
v 42.400000000000006 1.6 -0.8000000000000003
v 38.400000000000006 3.1999999999999984 -12.8
v 102.4 3.1999999999999984 -12.8
v 115.2 3.1999999999999984 -12.8
v 115.2 3.199999999999999 -11.200000000000001
v 48 3.2 -3.9188697572715305e-16
v 41.6 3.2 -3.9188697572715305e-16
v 42.400000000000006 1.6 -0.8000000000000003
v 32 -1.5675479029086122e-15 -12.8
v 38.400000000000006 -1.5675479029086122e-15 -12.8
v 38.400000000000006 3.1999999999999984 -12.8
v 102.4 -1.5675479029086122e-15 -12.8
v 102.4 3.1999999999999984 -12.8
v 100.80000000000001 -1.5675479029086122e-15 -12.8
v 164.8 3.1999999999999984 -12.8
v 166.4 -1.5675479029086122e-15 -12.8
v 166.4 3.2 -3.9188697572715305e-16
v 128 3.1999999999999984 -12.8
v 128 3.2 -3.9188697572715305e-16
v 124.80000000000001 3.2 -3.9188697572715305e-16
v 128 3.1999999999999984 -12.8
v 137.6 3.1999999999999984 -12.8
v 140 3.199999999999999 -10.4
v 42.400000000000006 1.6 -0.8000000000000003
v 42.400000000000006 3.2 -1.6000000000000005
v 48 3.2 -3.9188697572715305e-16
v 38.400000000000006 3.1999999999999984 -12.8
v 38.400000000000006 -1.5675479029086122e-15 -12.8
v 44.800000000000004 -1.5675479029086122e-15 -12.8
v 60.800000000000004 1.5999999999999996 -4
v 60.800000000000004 3.1999999999999997 -4
v 64 3.2 -3.9188697572715305e-16
v 51.2 3.2 -3.9188697572715305e-16
v 57.6 3.1999999999999997 -4
v 57.6 1.5999999999999996 -4
v 59.2 1.5999999999999985 -12.8
v 57.6 -1.5675479029086122e-15 -12.8
v 64 -1.5675479029086122e-15 -12.8
v 59.2 1.5999999999999985 -12.8
v 56 1.5999999999999985 -12.8
v 57.6 -1.5675479029086122e-15 -12.8
v 51.2 -1.5675479029086122e-15 -12.8
v 57.6 -1.5675479029086122e-15 -12.8
v 56 1.5999999999999985 -12.8
v 86.4 3.2 -3.9188697572715305e-16
v 86.4 1.6 -1.9594348786357652e-16
v 87.2 1.5999999999999985 -12
v 84 1.5999999999999985 -12
v 80 1.6 -1.9594348786357652e-16
v 80 3.2 -3.9188697572715305e-16
v 87.2 1.5999999999999985 -12
v 87.2 3.1999999999999984 -12.8
v 86.4 3.2 -3.9188697572715305e-16
v 80 3.2 -3.9188697572715305e-16
v 84 3.1999999999999984 -12.8
v 84 1.5999999999999985 -12
v 80 3.2 -3.9188697572715305e-16
v 76.80000000000001 3.2 -3.9188697572715305e-16
v 84 3.1999999999999984 -12.8
v 76.80000000000001 3.1999999999999984 -12.8
v 64 3.1999999999999984 -12.8
v 64 3.2 -3.9188697572715305e-16
v 59.2 3.1999999999999984 -12.8
v 60.800000000000004 3.1999999999999997 -4
v 25.6 3.2 -3.9188697572715305e-16
v 25.6 3.1999999999999984 -12.8
v 38.400000000000006 3.2 -3.9188697572715305e-16
v 38.400000000000006 3.1999999999999984 -12.8
v 44.800000000000004 -1.5675479029086122e-15 -12.8
v 51.2 -1.5675479029086122e-15 -12.8
v 38.400000000000006 3.1999999999999984 -12.8
v 51.2 3.1999999999999984 -12.8
v 56 1.5999999999999985 -12.8
v 56 3.1999999999999984 -12.8
v 51.2 -1.5675479029086122e-15 -12.8
v 51.2 3.1999999999999984 -12.8
v 115.2 3.1999999999999984 -12.8
v 102.4 3.1999999999999984 -12.8
v 115.2 -1.5675479029086122e-15 -12.8
v 102.4 -1.5675479029086122e-15 -12.8
v 84 3.1999999999999984 -12.8
v 76.80000000000001 3.1999999999999984 -12.8
v 84 -1.5675479029086122e-15 -12.8
v 76.80000000000001 -1.5675479029086122e-15 -12.8
v 140 3.199999999999999 -10.4
v 140.8 3.2 -3.9188697572715305e-16
v 128 3.1999999999999984 -12.8
v 128 3.2 -3.9188697572715305e-16
v 128 3.1999999999999984 -12.8
v 128 -1.5675479029086122e-15 -12.8
v 137.6 3.1999999999999984 -12.8
v 139.20000000000002 -1.5675479029086122e-15 -12.8
v 164.8 3.1999999999999984 -12.8
v 153.60000000000002 3.1999999999999984 -12.8
v 166.4 -1.5675479029086122e-15 -12.8
v 153.60000000000002 -1.5675479029086122e-15 -12.8
v 38.400000000000006 3.1999999999999984 -12.8
v 25.6 3.1999999999999984 -12.8
v 32 -1.5675479029086122e-15 -12.8
v 25.6 -1.5675479029086122e-15 -12.8
v 76.80000000000001 3.1999999999999984 -12.8
v 64 3.1999999999999984 -12.8
v 76.80000000000001 -1.5675479029086122e-15 -12.8
v 64 -1.5675479029086122e-15 -12.8
v 64 3.1999999999999984 -12.8
v 76.80000000000001 3.1999999999999984 -12.8
v 67.2 3.2 -3.9188697572715305e-16
v 73.60000000000001 3.2 -3.9188697572715305e-16
v 140.8 3.1999999999999984 -12.8
v 153.60000000000002 3.1999999999999984 -12.8
v 144 3.2 -3.9188697572715305e-16
v 150.4 3.2 -3.9188697572715305e-16
v 140.8 -1.5675479029086122e-15 -12.8
v 153.60000000000002 -1.5675479029086122e-15 -12.8
v 140.8 3.1999999999999984 -12.8
v 153.60000000000002 3.1999999999999984 -12.8
v 153.60000000000002 3.2 -3.9188697572715305e-16
v 153.60000000000002 3.1999999999999984 -12.8
v 166.4 3.2 -3.9188697572715305e-16
v 164.8 3.1999999999999984 -12.8
v 100.80000000000001 -1.5675479029086122e-15 -12.8
v 98.4 3.1999999999999984 -12.8
v 89.60000000000001 -1.5675479029086122e-15 -12.8
v 89.60000000000001 3.1999999999999984 -12.8
v 102.4 3.1999999999999984 -12.8
v 115.2 3.199999999999999 -11.200000000000001
v 102.4 3.2 -3.9188697572715305e-16
v 115.2 3.2 -3.9188697572715305e-16
v 121.60000000000001 3.1999999999999984 -12.8
v 118.4 3.2 -3.9188697572715305e-16
v 115.2 3.199999999999999 -11.200000000000001
v 115.2 3.2 -3.9188697572715305e-16
v 115.2 -1.5675479029086122e-15 -12.8
v 128 -1.5675479029086122e-15 -12.8
v 121.60000000000001 3.1999999999999984 -12.8
v 128 3.1999999999999984 -12.8
v 121.60000000000001 3.1999999999999984 -12.8
v 128 3.1999999999999984 -12.8
v 118.4 3.2 -3.9188697572715305e-16
v 124.80000000000001 3.2 -3.9188697572715305e-16
v 102.4 3.2 -3.9188697572715305e-16
v 99.2 3.2 -3.9188697572715305e-16
v 100.80000000000001 3.1999999999999993 -8.8
v 98.4 3.1999999999999984 -12.8
v 89.60000000000001 3.1999999999999984 -12.8
v 98.4 3.1999999999999984 -12.8
v 92.80000000000001 3.2 -3.9188697572715305e-16
v 99.2 3.2 -3.9188697572715305e-16
v 57.6 3.1999999999999997 -4
v 51.2 3.2 -3.9188697572715305e-16
v 56 3.1999999999999984 -12.8
v 51.2 3.1999999999999984 -12.8
v 57.6 1.5999999999999996 -4
v 57.6 3.1999999999999997 -4
v 56 1.5999999999999985 -12.8
v 56 3.1999999999999984 -12.8
v 59.2 1.5999999999999985 -12.8
v 59.2 3.1999999999999984 -12.8
v 60.800000000000004 1.5999999999999996 -4
v 60.800000000000004 3.1999999999999997 -4
v 64 -1.5675479029086122e-15 -12.8
v 64 3.1999999999999984 -12.8
v 59.2 1.5999999999999985 -12.8
v 59.2 3.1999999999999984 -12.8
v 87.2 3.1999999999999984 -12.8
v 89.60000000000001 3.1999999999999984 -12.8
v 86.4 3.2 -3.9188697572715305e-16
v 89.60000000000001 3.2 -3.9188697572715305e-16
v 87.2 -1.5675479029086122e-15 -12.8
v 89.60000000000001 -1.5675479029086122e-15 -12.8
v 87.2 3.1999999999999984 -12.8
v 89.60000000000001 3.1999999999999984 -12.8
vt 0.625 0.7734375
vt 0.625 0.7421875
vt 0.7421875 0.7421875
vt 0.625 0.53125
vt 0.625 0.5
vt 0.7421875 0.5
vt 0.625 0.7734375
vt 0.625 0.7421875
vt 0.7421875 0.7421875
vt 0.7421875 0.8671875
vt 0.625 0.8671875
vt 0.625 0.8359375
vt 0.34375 0.609375
vt 0.3671875 0.6171875
vt 0.3671875 0.640625
vt 0.7421875 0.8671875
vt 0.625 0.8671875
vt 0.625 0.8359375
vt 0.625 0.7734375
vt 0.625 0.7421875
vt 0.7421875 0.7421875
vt 0.6328125 0.78125
vt 0.625 0.7734375
vt 0.7421875 0.7421875
vt 0.6328125 0.78125
vt 0.6328125 0.78125
vt 0.7421875 0.7421875
vt 0.7421875 0.8671875
vt 0.7421875 0.9921875
vt 0.7265625 0.9921875
vt 0.625 0.8359375
vt 0.625 0.7734375
vt 0.6328125 0.78125
vt 0.7421875 0.6796875
vt 0.7421875 0.7421875
vt 0.71875 0.7421875
vt 0.7421875 0.8671875
vt 0.7421875 0.8671875
vt 0.7421875 0.8515625
vt 0.7421875 0.9765625
vt 0.7421875 0.9921875
vt 0.625 0.9921875
vt 0.7421875 0.6171875
vt 0.625 0.6171875
vt 0.625 0.5859375
vt 0.7421875 0.6171875
vt 0.7421875 0.7109375
vt 0.71875 0.734375
vt 0.6328125 0.78125
vt 0.6328125 0.78125
vt 0.625 0.8359375
vt 0.71875 0.7421875
vt 0.7421875 0.7421875
vt 0.7421875 0.8046875
vt 0.65625 0.9609375
vt 0.65625 0.9609375
vt 0.625 0.9921875
vt 0.1484375 0.765625
vt 0.2265625 0.765625
vt 0.2265625 0.765625
vt 0.7265625 0.9453125
vt 0.7421875 0.9296875
vt 0.7421875 0.9921875
vt 0.7265625 0.9453125
vt 0.7265625 0.9140625
vt 0.7421875 0.9296875
vt 0.7421875 0.8671875
vt 0.7421875 0.9296875
vt 0.7265625 0.9140625
vt 0.625 0.7109375
vt 0.625 0.7109375
vt 0.734375 0.7265625
vt 0.734375 0.6875
vt 0.625 0.65625
vt 0.625 0.65625
vt 0.734375 0.7265625
vt 0.7421875 0.7265625
vt 0.625 0.7109375
vt 0.625 0.65625
vt 0.7421875 0.6875
vt 0.734375 0.6875
vt 0.625 0.65625
vt 0.625 0.6171875
vt 0.7421875 0.6875
vt 0.7421875 0.6171875
vt 0.7421875 0.9921875
vt 0.625 0.9921875
vt 0.7421875 0.9453125
vt 0.65625 0.9609375
vt 0.625 0.625
vt 0.7421875 0.625
vt 0.625 0.7421875
vt 0.7421875 0.7421875
vt 0.7421875 0.8046875
vt 0.7421875 0.8671875
vt 0.71875 0.7421875
vt 0.71875 0.8671875
vt 0.7265625 0.9140625
vt 0.71875 0.9140625
vt 0.7421875 0.8671875
vt 0.71875 0.8671875
vt 0.6875 0.9921875
vt 0.6875 0.8671875
vt 0.71875 0.9921875
vt 0.71875 0.8671875
vt 0.6875 0.6875
vt 0.6875 0.6171875
vt 0.71875 0.6875
vt 0.71875 0.6171875
vt 0.71875 0.734375
vt 0.625 0.7421875
vt 0.7421875 0.6171875
vt 0.625 0.6171875
vt 0.71875 0.6171875
vt 0.7421875 0.6171875
vt 0.71875 0.7109375
vt 0.7421875 0.7265625
vt 0.71875 0.9765625
vt 0.71875 0.8671875
vt 0.7421875 0.9921875
vt 0.7421875 0.8671875
vt 0.71875 0.7421875
vt 0.71875 0.625
vt 0.7421875 0.6796875
vt 0.7421875 0.625
vt 0.6875 0.6171875
vt 0.6875 0.5
vt 0.71875 0.6171875
vt 0.71875 0.5
vt 0.7421875 0.5
vt 0.7421875 0.6171875
vt 0.625 0.53125
vt 0.625 0.59375
vt 0.7421875 0.7421875
vt 0.7421875 0.8671875
vt 0.625 0.7734375
vt 0.625 0.8359375
vt 0.7421875 0.7421875
vt 0.7421875 0.8671875
vt 0.71875 0.7421875
vt 0.71875 0.8671875
vt 0.625 0.8671875
vt 0.7421875 0.8671875
vt 0.625 0.9921875
vt 0.7421875 0.9765625
vt 0.71875 0.8515625
vt 0.6875 0.828125
vt 0.71875 0.7421875
vt 0.6875 0.7421875
vt 0.7421875 0.8671875
vt 0.7265625 0.9921875
vt 0.625 0.8671875
vt 0.625 0.9921875
vt 0.7421875 0.5546875
vt 0.625 0.5234375
vt 0.7265625 0.5
vt 0.625 0.5
vt 0.7421875 0.5
vt 0.7421875 0.6171875
vt 0.71875 0.5546875
vt 0.71875 0.6171875
vt 0.7421875 0.5546875
vt 0.7421875 0.6171875
vt 0.625 0.5234375
vt 0.625 0.5859375
vt 0.625 0.8671875
vt 0.625 0.8359375
vt 0.703125 0.8515625
vt 0.7421875 0.828125
vt 0.7421875 0.7421875
vt 0.7421875 0.828125
vt 0.625 0.7734375
vt 0.625 0.8359375
vt 0.65625 0.9296875
vt 0.625 0.8671875
vt 0.7421875 0.9140625
vt 0.7421875 0.8671875
vt 0.65625 0.9296875
vt 0.65625 0.9296875
vt 0.7421875 0.9140625
vt 0.7421875 0.9140625
vt 0.7421875 0.9453125
vt 0.7421875 0.9453125
vt 0.65625 0.9609375
vt 0.65625 0.9609375
vt 0.7421875 0.9921875
vt 0.71875 0.9921875
vt 0.7265625 0.9453125
vt 0.71875 0.9453125
vt 0.7421875 0.7265625
vt 0.7421875 0.7421875
vt 0.625 0.7109375
vt 0.625 0.7421875
vt 0.71875 0.7265625
vt 0.71875 0.7421875
vt 0.6875 0.7265625
vt 0.6875 0.7421875
vn 0 1 -1.2246467991473532e-16
vn 0 1 -1.2246467991473532e-16
vn 0 1 -1.2246467991473532e-16
vn 0 1 -1.2246467991473532e-16
vn 0 1 -1.2246467991473532e-16
vn 0 1 -1.2246467991473532e-16
vn 0 1 -1.2246467991473532e-16
vn 0 1 -1.2246467991473532e-16
vn 0 1 -1.2246467991473532e-16
vn 0 1 -1.2246467991473532e-16
vn 0 1 -1.2246467991473532e-16
vn 0 1 -1.2246467991473532e-16
vn 1 0 0
vn 1 0 0
vn 1 0 0
vn 0 1 -1.2246467991473532e-16
vn 0 1 -1.2246467991473532e-16
vn 0 1 -1.2246467991473532e-16
vn 0 1 -1.2246467991473532e-16
vn 0 1 -1.2246467991473532e-16
vn 0 1 -1.2246467991473532e-16
vn 0.8295613621934418 0.5184758364697397 -0.2073903405483605
vn 0.8295613621934418 0.5184758364697397 -0.2073903405483605
vn 0.8295613621934418 0.5184758364697397 -0.2073903405483605
vn -0.9287013758900315 0.1658395335376715 0.3316790670753429
vn -0.9287013758900315 0.1658395335376715 0.3316790670753429
vn -0.9287013758900315 0.1658395335376715 0.3316790670753429
vn 0 1 -1.2246467991473532e-16
vn 0 1 -1.2246467991473532e-16
vn 0 1 -1.2246467991473532e-16
vn 0 0.4472135954999579 -0.894427190999916
vn 0 0.4472135954999579 -0.894427190999916
vn 0 0.4472135954999579 -0.894427190999916
vn 0 -1.2246467991473532e-16 -1
vn 0 -1.2246467991473532e-16 -1
vn 0 -1.2246467991473532e-16 -1
vn 0 -1.2246467991473532e-16 -1
vn 0 -1.2246467991473532e-16 -1
vn 0 -1.2246467991473532e-16 -1
vn 0.888888888888889 0.4444444444444445 -0.11111111111111116
vn 0.888888888888889 0.4444444444444445 -0.11111111111111116
vn 0.888888888888889 0.4444444444444445 -0.11111111111111116
vn 0 1 -1.2246467991473532e-16
vn 0 1 -1.2246467991473532e-16
vn 0 1 -1.2246467991473532e-16
vn 0 1 -1.2246467991473532e-16
vn 0 1 -1.2246467991473532e-16
vn 0 1 -1.2246467991473532e-16
vn -0.24759379622550945 0.4332891210428993 0.8665782420857984
vn -0.24759379622550945 0.4332891210428993 0.8665782420857984
vn -0.24759379622550945 0.4332891210428993 0.8665782420857984
vn 0 -1.2246467991473532e-16 -1
vn 0 -1.2246467991473532e-16 -1
vn 0 -1.2246467991473532e-16 -1
vn -0.7808688094430304 7.650307904307292e-17 0.6246950475544243
vn -0.7808688094430304 7.650307904307292e-17 0.6246950475544243
vn -0.7808688094430304 7.650307904307292e-17 0.6246950475544243
vn 0.5299989453609008 1.038498404581393e-16 0.8479983006565125
vn 0.5299989453609008 1.038498404581393e-16 0.8479983006565125
vn 0.5299989453609008 1.038498404581393e-16 0.8479983006565125
vn 0 -1.2246467991473532e-16 -1
vn 0 -1.2246467991473532e-16 -1
vn 0 -1.2246467991473532e-16 -1
vn 0 -1.2246467991473532e-16 -1
vn 0 -1.2246467991473532e-16 -1
vn 0 -1.2246467991473532e-16 -1
vn 0 -1.2246467991473532e-16 -1
vn 0 -1.2246467991473532e-16 -1
vn 0 -1.2246467991473532e-16 -1
vn -0.9977851580544119 -8.146228968680618e-18 -0.06651900755672853
vn -0.9977851580544119 -8.146228968680618e-18 -0.06651900755672853
vn -0.9977851580544119 -8.146228968680618e-18 -0.06651900755672853
vn 0.9486833010307459 3.872673105048433e-17 0.3162277570761414
vn 0.9486833010307459 3.872673105048433e-17 0.3162277570761414
vn 0.9486833010307459 3.872673105048433e-17 0.3162277570761414
vn -0.9975674982216794 -0.03117398431942749 -0.062347968638854966
vn -0.9975674982216794 -0.03117398431942749 -0.062347968638854966
vn -0.9975674982216794 -0.03117398431942749 -0.062347968638854966
vn 0.9440390591273234 0.1475061048512895 0.2950122097025789
vn 0.9440390591273234 0.1475061048512895 0.2950122097025789
vn 0.9440390591273234 0.1475061048512895 0.2950122097025789
vn 0 1 -1.2246467991473532e-16
vn 0 1 -1.2246467991473532e-16
vn 0 1 -1.2246467991473532e-16
vn 0 1 -1.2246467991473532e-16
vn 0 1 -1.2246467991473532e-16
vn 0 1 -1.2246467991473532e-16
vn 0 1 -1.2246467991473532e-16
vn 0 1 -1.2246467991473532e-16
vn 0 1 -1.2246467991473532e-16
vn 0 1 -1.2246467991473532e-16
vn 0 1 -1.2246467991473532e-16
vn 0 1 -1.2246467991473532e-16
vn 0 -1.2246467991473532e-16 -1
vn 0 -1.2246467991473532e-16 -1
vn 0 -1.2246467991473532e-16 -1
vn 0 -1.2246467991473532e-16 -1
vn 0 -1.2246467991473532e-16 -1
vn 0 -1.2246467991473532e-16 -1
vn 0 -1.2246467991473532e-16 -1
vn 0 -1.2246467991473532e-16 -1
vn 0 -1.2246467991473532e-16 -1
vn 0 -1.2246467991473532e-16 -1
vn 0 -1.2246467991473532e-16 -1
vn 0 -1.2246467991473532e-16 -1
vn 0 -1.2246467991473532e-16 -1
vn 0 -1.2246467991473532e-16 -1
vn 0 -1.2246467991473532e-16 -1
vn 0 -1.2246467991473532e-16 -1
vn 0 1 -1.2246467991473532e-16
vn 0 1 -1.2246467991473532e-16
vn 0 1 -1.2246467991473532e-16
vn 0 1 -1.2246467991473532e-16
vn 0 -1.2246467991473532e-16 -1
vn 0 -1.2246467991473532e-16 -1
vn 0 -1.2246467991473532e-16 -1
vn 0 -1.2246467991473532e-16 -1
vn 0 -1.2246467991473532e-16 -1
vn 0 -1.2246467991473532e-16 -1
vn 0 -1.2246467991473532e-16 -1
vn 0 -1.2246467991473532e-16 -1
vn 0 -1.2246467991473532e-16 -1
vn 0 -1.2246467991473532e-16 -1
vn 0 -1.2246467991473532e-16 -1
vn 0 -1.2246467991473532e-16 -1
vn 0 -1.2246467991473532e-16 -1
vn 0 -1.2246467991473532e-16 -1
vn 0 -1.2246467991473532e-16 -1
vn 0 -1.2246467991473532e-16 -1
vn 0 1 -1.2246467991473532e-16
vn 0 1 -1.2246467991473532e-16
vn 0 1 -1.2246467991473532e-16
vn 0 1 -1.2246467991473532e-16
vn 0 1 -1.2246467991473532e-16
vn 0 1 -1.2246467991473532e-16
vn 0 1 -1.2246467991473532e-16
vn 0 1 -1.2246467991473532e-16
vn 0 -1.2246467991473532e-16 -1
vn 0 -1.2246467991473532e-16 -1
vn 0 -1.2246467991473532e-16 -1
vn 0 -1.2246467991473532e-16 -1
vn 0 1 -1.2246467991473532e-16
vn 0 1 -1.2246467991473532e-16
vn 0 1 -1.2246467991473532e-16
vn 0 1 -1.2246467991473532e-16
vn 0 -1.2246467991473532e-16 -1
vn 0 -1.2246467991473532e-16 -1
vn 0 -1.2246467991473532e-16 -1
vn 0 -1.2246467991473532e-16 -1
vn 0 1 -1.2246467991473532e-16
vn 0 1 -1.2246467991473532e-16
vn 0 1 -1.2246467991473532e-16
vn 0 1 -1.2246467991473532e-16
vn 0 1 -1.2246467991473532e-16
vn 0 1 -1.2246467991473532e-16
vn 0 1 -1.2246467991473532e-16
vn 0 1 -1.2246467991473532e-16
vn 0 -1.2246467991473532e-16 -1
vn 0 -1.2246467991473532e-16 -1
vn 0 -1.2246467991473532e-16 -1
vn 0 -1.2246467991473532e-16 -1
vn 0 1 -1.2246467991473532e-16
vn 0 1 -1.2246467991473532e-16
vn 0 1 -1.2246467991473532e-16
vn 0 1 -1.2246467991473532e-16
vn 0 1 -1.2246467991473532e-16
vn 0 1 -1.2246467991473532e-16
vn 0 1 -1.2246467991473532e-16
vn 0 1 -1.2246467991473532e-16
vn 0 1 -1.2246467991473532e-16
vn 0 1 -1.2246467991473532e-16
vn 0 1 -1.2246467991473532e-16
vn 0 1 -1.2246467991473532e-16
vn 0 1 -1.2246467991473532e-16
vn 0 1 -1.2246467991473532e-16
vn 0 1 -1.2246467991473532e-16
vn 0 1 -1.2246467991473532e-16
vn 0.9838699089078144 -2.1907148733509112e-17 -0.17888544475649407
vn 0.9838699089078144 -2.1907148733509112e-17 -0.17888544475649407
vn 0.9838699089078144 -2.1907148733509112e-17 -0.17888544475649407
vn 0.9838699089078144 -2.1907148733509112e-17 -0.17888544475649407
vn -0.9838699089078144 2.1907148733509112e-17 0.17888544475649407
vn -0.9838699089078144 2.1907148733509112e-17 0.17888544475649407
vn -0.9838699089078144 2.1907148733509112e-17 0.17888544475649407
vn -0.9838699089078144 2.1907148733509112e-17 0.17888544475649407
vn 0 -1.2246467991473532e-16 -1
vn 0 -1.2246467991473532e-16 -1
vn 0 -1.2246467991473532e-16 -1
vn 0 -1.2246467991473532e-16 -1
vn 0 1 -1.2246467991473532e-16
vn 0 1 -1.2246467991473532e-16
vn 0 1 -1.2246467991473532e-16
vn 0 1 -1.2246467991473532e-16
vn 0 -1.2246467991473532e-16 -1
vn 0 -1.2246467991473532e-16 -1
vn 0 -1.2246467991473532e-16 -1
vn 0 -1.2246467991473532e-16 -1
f 339/339/339 338/338/338 337/337/337
f 342/342/342 341/341/341 340/340/340
f 345/345/345 344/344/344 343/343/343
f 348/348/348 347/347/347 346/346/346
f 351/351/351 350/350/350 349/349/349
f 354/354/354 353/353/353 352/352/352
f 357/357/357 356/356/356 355/355/355
f 360/360/360 359/359/359 358/358/358
f 363/363/363 362/362/362 361/361/361
f 366/366/366 365/365/365 364/364/364
f 369/369/369 368/368/368 367/367/367
f 372/372/372 371/371/371 370/370/370
f 375/375/375 374/374/374 373/373/373
f 378/378/378 377/377/377 376/376/376
f 381/381/381 380/380/380 379/379/379
f 384/384/384 383/383/383 382/382/382
f 387/387/387 386/386/386 385/385/385
f 390/390/390 389/389/389 388/388/388
f 393/393/393 392/392/392 391/391/391
f 396/396/396 395/395/395 394/394/394
f 399/399/399 398/398/398 397/397/397
f 402/402/402 401/401/401 400/400/400
f 405/405/405 404/404/404 403/403/403
f 408/408/408 407/407/407 406/406/406
f 411/411/411 410/410/410 409/409/409
f 414/414/414 413/413/413 412/412/412
f 417/417/417 416/416/416 415/415/415
f 420/420/420 419/419/419 418/418/418
f 419/419/419 420/420/420 421/421/421
f 424/424/424 423/423/423 422/422/422
f 423/423/423 424/424/424 425/425/425
f 428/428/428 427/427/427 426/426/426
f 427/427/427 428/428/428 429/429/429
f 432/432/432 431/431/431 430/430/430
f 431/431/431 432/432/432 433/433/433
f 436/436/436 435/435/435 434/434/434
f 435/435/435 436/436/436 437/437/437
f 440/440/440 439/439/439 438/438/438
f 439/439/439 440/440/440 441/441/441
f 444/444/444 443/443/443 442/442/442
f 443/443/443 444/444/444 445/445/445
f 448/448/448 447/447/447 446/446/446
f 447/447/447 448/448/448 449/449/449
f 452/452/452 451/451/451 450/450/450
f 451/451/451 452/452/452 453/453/453
f 456/456/456 455/455/455 454/454/454
f 455/455/455 456/456/456 457/457/457
f 460/460/460 459/459/459 458/458/458
f 459/459/459 460/460/460 461/461/461
f 464/464/464 463/463/463 462/462/462
f 463/463/463 464/464/464 465/465/465
f 468/468/468 467/467/467 466/466/466
f 467/467/467 468/468/468 469/469/469
f 472/472/472 471/471/471 470/470/470
f 471/471/471 472/472/472 473/473/473
f 476/476/476 475/475/475 474/474/474
f 475/475/475 476/476/476 477/477/477
f 480/480/480 479/479/479 478/478/478
f 479/479/479 480/480/480 481/481/481
f 484/484/484 483/483/483 482/482/482
f 483/483/483 484/484/484 485/485/485
f 488/488/488 487/487/487 486/486/486
f 487/487/487 488/488/488 489/489/489
f 492/492/492 491/491/491 490/490/490
f 491/491/491 492/492/492 493/493/493
f 496/496/496 495/495/495 494/494/494
f 495/495/495 496/496/496 497/497/497
f 500/500/500 499/499/499 498/498/498
f 499/499/499 500/500/500 501/501/501
f 504/504/504 503/503/503 502/502/502
f 503/503/503 504/504/504 505/505/505
f 508/508/508 507/507/507 506/506/506
f 507/507/507 508/508/508 509/509/509
f 512/512/512 511/511/511 510/510/510
f 511/511/511 512/512/512 513/513/513
f 516/516/516 515/515/515 514/514/514
f 515/515/515 516/516/516 517/517/517
f 520/520/520 519/519/519 518/518/518
f 519/519/519 520/520/520 521/521/521
f 524/524/524 523/523/523 522/522/522
f 523/523/523 524/524/524 525/525/525
f 528/528/528 527/527/527 526/526/526
f 527/527/527 528/528/528 529/529/529
f 532/532/532 531/531/531 530/530/530
f 531/531/531 532/532/532 533/533/533
o mesh_13
usemtl mat4
v 32 12.799999999999995 -47.2
v 37.6 12.799999999999995 -48
v 37.6 12.799999999999995 -39.2
v 37.6 12.799999999999995 -39.2
v 25.6 12.799999999999995 -39.2
v 32 12.799999999999995 -47.2
v 25.6 12.799999999999995 -48.800000000000004
v 44.800000000000004 25.599999999999994 -64
v 51.2 25.599999999999994 -64
v 44.800000000000004 25.599999999999994 -52.800000000000004
v 51.2 25.599999999999994 -52.800000000000004
vt 0.4375 0.9140625
vt 0.4921875 0.90625
vt 0.4921875 0.9921875
vt 0.4921875 0.9921875
vt 0.375 0.9921875
vt 0.4375 0.9140625
vt 0.375 0.8984375
vt 0.4375 0.875
vt 0.4921875 0.875
vt 0.4375 0.9921875
vt 0.4921875 0.9921875
vn 0 1 -1.2246467991473532e-16
vn 0 1 -1.2246467991473532e-16
vn 0 1 -1.2246467991473532e-16
vn 0 1 -1.2246467991473532e-16
vn 0 1 -1.2246467991473532e-16
vn 0 1 -1.2246467991473532e-16
vn 0 1 -1.2246467991473532e-16
vn 0 1 -1.2246467991473532e-16
vn 0 1 -1.2246467991473532e-16
vn 0 1 -1.2246467991473532e-16
vn 0 1 -1.2246467991473532e-16
f 536/536/536 535/535/535 534/534/534
f 539/539/539 538/538/538 537/537/537
f 538/538/538 539/539/539 540/540/540
f 543/543/543 542/542/542 541/541/541
f 542/542/542 543/543/543 544/544/544
o mesh_14
usemtl mat5
v 32 12.799999999999995 -47.2
v 25.6 12.799999999999995 -48.800000000000004
v 32 12.799999999999995 -50.400000000000006
v 25.6 12.799999999999994 -51.2
v 37.6 12.799999999999995 -48
v 32 12.799999999999995 -47.2
v 38.400000000000006 12.799999999999994 -51.2
v 32 12.799999999999995 -50.400000000000006
v 44.800000000000004 25.599999999999994 -64
v 44.800000000000004 25.599999999999994 -52.800000000000004
v 38.400000000000006 25.599999999999994 -64
v 38.400000000000006 25.599999999999994 -52.800000000000004
v 38.400000000000006 25.599999999999994 -52.800000000000004
v 32 25.599999999999994 -52.800000000000004
v 38.400000000000006 25.599999999999994 -64
v 32 25.599999999999994 -64
v 25.6 25.599999999999994 -63.2
v 32 25.599999999999994 -64
v 25.6 25.599999999999994 -52.800000000000004
v 32 25.599999999999994 -52.800000000000004
v 44.800000000000004 23.999999999999993 -51.2
v 38.400000000000006 23.999999999999993 -51.2
v 44.800000000000004 25.599999999999994 -52.800000000000004
v 38.400000000000006 25.599999999999994 -52.800000000000004
v 38.400000000000006 23.999999999999993 -51.2
v 32 23.999999999999993 -51.2
v 38.400000000000006 25.599999999999994 -52.800000000000004
v 32 25.599999999999994 -52.800000000000004
v 32 23.999999999999993 -51.2
v 25.6 23.999999999999993 -51.2
v 32 25.599999999999994 -52.800000000000004
v 25.6 25.599999999999994 -52.800000000000004
vt 0.7421875 0.1640625
vt 0.7265625 0.125
vt 0.7109375 0.1640625
vt 0.703125 0.125
vt 0.734375 0.1953125
vt 0.7421875 0.1640625
vt 0.703125 0.203125
vt 0.7109375 0.1640625
vt 0.5 0.2421875
vt 0.609375 0.2421875
vt 0.5 0.203125
vt 0.609375 0.203125
vt 0.609375 0.203125
vt 0.609375 0.1640625
vt 0.5 0.203125
vt 0.5 0.1640625
vt 0.5 0.125
vt 0.5 0.1640625
vt 0.609375 0.125
vt 0.609375 0.1640625
vt 0.6328125 0.2421875
vt 0.6328125 0.203125
vt 0.609375 0.2421875
vt 0.609375 0.203125
vt 0.6328125 0.203125
vt 0.6328125 0.1640625
vt 0.609375 0.203125
vt 0.609375 0.1640625
vt 0.6328125 0.1640625
vt 0.6328125 0.125
vt 0.609375 0.1640625
vt 0.609375 0.125
vn 0 1 -1.2246467991473532e-16
vn 0 1 -1.2246467991473532e-16
vn 0 1 -1.2246467991473532e-16
vn 0 1 -1.2246467991473532e-16
vn 0 1 -1.2246467991473532e-16
vn 0 1 -1.2246467991473532e-16
vn 0 1 -1.2246467991473532e-16
vn 0 1 -1.2246467991473532e-16
vn 0 1 -1.2246467991473532e-16
vn 0 1 -1.2246467991473532e-16
vn 0 1 -1.2246467991473532e-16
vn 0 1 -1.2246467991473532e-16
vn 0 1 -1.2246467991473532e-16
vn 0 1 -1.2246467991473532e-16
vn 0 1 -1.2246467991473532e-16
vn 0 1 -1.2246467991473532e-16
vn 0 1 -1.2246467991473532e-16
vn 0 1 -1.2246467991473532e-16
vn 0 1 -1.2246467991473532e-16
vn 0 1 -1.2246467991473532e-16
vn 0 0.7071067811865476 0.7071067811865475
vn 0 0.7071067811865476 0.7071067811865475
vn 0 0.7071067811865476 0.7071067811865475
vn 0 0.7071067811865476 0.7071067811865475
vn 0 0.7071067811865476 0.7071067811865475
vn 0 0.7071067811865476 0.7071067811865475
vn 0 0.7071067811865476 0.7071067811865475
vn 0 0.7071067811865476 0.7071067811865475
vn 0 0.7071067811865476 0.7071067811865475
vn 0 0.7071067811865476 0.7071067811865475
vn 0 0.7071067811865476 0.7071067811865475
vn 0 0.7071067811865476 0.7071067811865475
f 547/547/547 546/546/546 545/545/545
f 546/546/546 547/547/547 548/548/548
f 551/551/551 550/550/550 549/549/549
f 550/550/550 551/551/551 552/552/552
f 555/555/555 554/554/554 553/553/553
f 554/554/554 555/555/555 556/556/556
f 559/559/559 558/558/558 557/557/557
f 558/558/558 559/559/559 560/560/560
f 563/563/563 562/562/562 561/561/561
f 562/562/562 563/563/563 564/564/564
f 567/567/567 566/566/566 565/565/565
f 566/566/566 567/567/567 568/568/568
f 571/571/571 570/570/570 569/569/569
f 570/570/570 571/571/571 572/572/572
f 575/575/575 574/574/574 573/573/573
f 574/574/574 575/575/575 576/576/576
o mesh_15
usemtl mat6
v 64 12.799999999999994 -52
v 52 12.799999999999994 -52
v 64 12.799999999999994 -63.2
v 52 12.799999999999994 -63.2
v 76 12.799999999999994 -63.2
v 76 12.799999999999994 -52
v 64 12.799999999999994 -63.2
v 64 12.799999999999994 -52
vt 0.6171875 0.8671875
vt 0.5 0.8671875
vt 0.6171875 0.75
vt 0.5 0.75
vt 0.7421875 0.75
vt 0.7421875 0.8671875
vt 0.6171875 0.75
vt 0.6171875 0.8671875
vn 0 1 -1.2246467991473532e-16
vn 0 1 -1.2246467991473532e-16
vn 0 1 -1.2246467991473532e-16
vn 0 1 -1.2246467991473532e-16
vn 0 1 -1.2246467991473532e-16
vn 0 1 -1.2246467991473532e-16
vn 0 1 -1.2246467991473532e-16
vn 0 1 -1.2246467991473532e-16
f 579/579/579 578/578/578 577/577/577
f 578/578/578 579/579/579 580/580/580
f 583/583/583 582/582/582 581/581/581
f 582/582/582 583/583/583 584/584/584
o mesh_16
usemtl mat7
v 102.4 63.99999999999999 -65.60000000000002
v 102.4 51.199999999999996 -65.60000000000001
v 102.4 51.199999999999996 -76.80000000000001
v 89.60000000000001 51.199999999999996 -65.60000000000001
v 89.60000000000001 63.99999999999999 -65.60000000000002
v 89.60000000000001 51.199999999999996 -76.80000000000001
v 153.60000000000002 76.8 -64.00000000000001
v 153.60000000000002 63.99999999999999 -65.60000000000002
v 150.4 63.99999999999999 -65.60000000000002
v 144 63.99999999999999 -65.60000000000002
v 140.8 63.99999999999999 -65.60000000000002
v 140.8 76.8 -64.00000000000001
v 118.4 63.99999999999999 -65.60000000000002
v 115.2 63.99999999999999 -65.60000000000002
v 115.2 76.8 -64.00000000000001
v 67.2 63.99999999999999 -65.60000000000002
v 64 63.99999999999999 -65.60000000000002
v 64 76.8 -64.00000000000001
v 41.6 63.99999999999999 -65.60000000000002
v 38.400000000000006 63.99999999999999 -65.60000000000002
v 38.400000000000006 76.8 -64.00000000000001
v 51.2 76.8 -64.00000000000001
v 51.2 63.99999999999999 -65.60000000000002
v 48 63.99999999999999 -65.60000000000002
v 76.80000000000001 76.8 -64.00000000000001
v 76.80000000000001 63.99999999999999 -65.60000000000002
v 73.60000000000001 63.99999999999999 -65.60000000000002
v 128 76.8 -64.00000000000001
v 128 63.99999999999999 -65.60000000000002
v 124.80000000000001 63.99999999999999 -65.60000000000002
v 89.60000000000001 38.4 -68
v 89.60000000000001 51.199999999999996 -65.60000000000001
v 89.60000000000001 51.199999999999996 -76.80000000000001
v 89.60000000000001 63.99999999999999 -65.60000000000002
v 89.60000000000001 51.199999999999996 -65.60000000000001
v 86.4 51.199999999999996 -65.60000000000001
v 86.4 38.4 -65.60000000000001
v 86.4 51.199999999999996 -65.60000000000001
v 86.4 38.4 -68
v 86.4 25.599999999999994 -65.60000000000001
v 86.4 25.599999999999994 -68
v 86.4 12.799999999999992 -65.60000000000001
v 105.60000000000001 12.799999999999992 -65.60000000000001
v 105.60000000000001 25.599999999999994 -68
v 105.60000000000001 25.599999999999994 -65.60000000000001
v 105.60000000000001 38.4 -68
v 105.60000000000001 51.199999999999996 -65.60000000000001
v 105.60000000000001 38.4 -65.60000000000001
v 102.4 51.199999999999996 -76.80000000000001
v 102.4 51.199999999999996 -65.60000000000001
v 102.4 38.4 -68
v 89.60000000000001 12.799999999999994 -64
v 89.60000000000001 12.799999999999992 -65.60000000000001
v 89.60000000000001 -7.83773951454306e-15 -64
v 115.2 12.799999999999994 -64
v 115.2 12.799999999999992 -65.60000000000001
v 115.2 -7.83773951454306e-15 -64
v 102.4 12.799999999999994 -64
v 102.4 12.799999999999992 -65.60000000000001
v 105.60000000000001 12.799999999999992 -65.60000000000001
v 102.4 12.799999999999994 -64
v 102.4 -7.83773951454306e-15 -64
v 102.4 12.799999999999992 -65.60000000000001
v 105.60000000000001 51.199999999999996 -65.60000000000001
v 102.4 51.199999999999996 -65.60000000000001
v 102.4 63.99999999999999 -65.60000000000002
v 86.4 12.799999999999992 -65.60000000000001
v 89.60000000000001 12.799999999999992 -65.60000000000001
v 89.60000000000001 12.799999999999994 -64
v 105.60000000000001 12.799999999999992 -65.60000000000001
v 115.2 12.799999999999992 -65.60000000000001
v 102.4 12.799999999999994 -64
v 115.2 12.799999999999994 -64
v 153.60000000000002 63.99999999999999 -65.60000000000002
v 166.4 63.99999999999999 -65.60000000000002
v 153.60000000000002 51.199999999999996 -65.60000000000001
v 166.4 51.199999999999996 -65.60000000000001
v 115.2 51.199999999999996 -65.60000000000001
v 105.60000000000001 51.199999999999996 -65.60000000000001
v 115.2 63.99999999999999 -65.60000000000002
v 102.4 63.99999999999999 -65.60000000000002
v 38.400000000000006 63.99999999999999 -65.60000000000002
v 38.400000000000006 51.199999999999996 -65.60000000000001
v 25.6 63.99999999999999 -65.60000000000002
v 25.6 51.199999999999996 -65.60000000000001
v 86.4 51.199999999999996 -65.60000000000001
v 76.80000000000001 51.199999999999996 -65.60000000000001
v 89.60000000000001 63.99999999999999 -65.60000000000002
v 76.80000000000001 63.99999999999999 -65.60000000000002
v 89.60000000000001 12.799999999999992 -65.60000000000001
v 89.60000000000001 25.599999999999994 -68
v 89.60000000000001 12.799999999999992 -76.80000000000001
v 89.60000000000001 25.59999999999999 -76.80000000000001
v 102.4 12.799999999999992 -65.60000000000001
v 102.4 12.799999999999992 -76.80000000000001
v 102.4 25.599999999999994 -68
v 102.4 25.59999999999999 -76.80000000000001
v 86.4 25.599999999999994 -68
v 89.60000000000001 25.599999999999994 -68
v 86.4 12.799999999999992 -65.60000000000001
v 89.60000000000001 12.799999999999992 -65.60000000000001
v 102.4 38.4 -68
v 102.4 25.599999999999994 -68
v 102.4 51.199999999999996 -76.80000000000001
v 102.4 25.59999999999999 -76.80000000000001
v 150.4 12.799999999999992 -65.60000000000001
v 153.60000000000002 12.799999999999992 -65.60000000000001
v 150.4 -7.83773951454306e-15 -64
v 153.60000000000002 -7.83773951454306e-15 -64
v 144 -7.83773951454306e-15 -64
v 140.8 -7.83773951454306e-15 -64
v 144 12.799999999999992 -65.60000000000001
v 140.8 12.799999999999992 -65.60000000000001
v 64 51.199999999999996 -65.60000000000001
v 51.2 51.199999999999996 -65.60000000000001
v 64 63.99999999999999 -65.60000000000002
v 51.2 63.99999999999999 -65.60000000000002
v 89.60000000000001 12.799999999999992 -76.80000000000001
v 89.60000000000001 -9.405287417451674e-15 -76.80000000000001
v 89.60000000000001 12.799999999999992 -65.60000000000001
v 89.60000000000001 -7.83773951454306e-15 -64
v 76.80000000000001 12.799999999999994 -64
v 89.60000000000001 12.799999999999994 -64
v 76.80000000000001 -7.83773951454306e-15 -64
v 89.60000000000001 -7.83773951454306e-15 -64
v 105.60000000000001 25.599999999999994 -65.60000000000001
v 115.2 25.599999999999994 -65.60000000000001
v 105.60000000000001 12.799999999999992 -65.60000000000001
v 115.2 12.799999999999992 -65.60000000000001
v 64 63.99999999999999 -65.60000000000002
v 67.2 63.99999999999999 -65.60000000000002
v 64 51.199999999999996 -65.60000000000001
v 67.2 51.199999999999996 -65.60000000000001
v 144 63.99999999999999 -65.60000000000002
v 140.8 76.8 -64.00000000000001
v 150.4 63.99999999999999 -65.60000000000002
v 153.60000000000002 76.8 -64.00000000000001
v 140.8 51.199999999999996 -65.60000000000001
v 128 51.199999999999996 -65.60000000000001
v 140.8 63.99999999999999 -65.60000000000002
v 128 63.99999999999999 -65.60000000000002
v 76.80000000000001 51.199999999999996 -65.60000000000001
v 73.60000000000001 51.199999999999996 -65.60000000000001
v 76.80000000000001 63.99999999999999 -65.60000000000002
v 73.60000000000001 63.99999999999999 -65.60000000000002
v 115.2 25.599999999999994 -65.60000000000001
v 118.4 25.599999999999994 -65.60000000000001
v 115.2 12.799999999999992 -65.60000000000001
v 118.4 12.799999999999992 -65.60000000000001
v 153.60000000000002 51.199999999999996 -65.60000000000001
v 150.4 51.199999999999996 -65.60000000000001
v 153.60000000000002 63.99999999999999 -65.60000000000002
v 150.4 63.99999999999999 -65.60000000000002
v 51.2 51.199999999999996 -65.60000000000001
v 48 51.199999999999996 -65.60000000000001
v 51.2 63.99999999999999 -65.60000000000002
v 48 63.99999999999999 -65.60000000000002
v 38.400000000000006 63.99999999999999 -65.60000000000002
v 41.6 63.99999999999999 -65.60000000000002
v 38.400000000000006 51.199999999999996 -65.60000000000001
v 41.6 51.199999999999996 -65.60000000000001
v 38.400000000000006 76.8 -64.00000000000001
v 38.400000000000006 63.99999999999999 -65.60000000000002
v 25.6 76.8 -64.00000000000001
v 25.6 63.99999999999999 -65.60000000000002
v 38.400000000000006 51.199999999999996 -65.60000000000001
v 41.6 51.199999999999996 -65.60000000000001
v 38.400000000000006 25.599999999999994 -65.60000000000001
v 41.6 25.599999999999994 -65.60000000000001
v 64 25.599999999999994 -65.60000000000001
v 67.2 25.599999999999994 -65.60000000000001
v 64 12.799999999999992 -65.60000000000001
v 67.2 12.799999999999992 -65.60000000000001
v 64 51.199999999999996 -65.60000000000001
v 67.2 51.199999999999996 -65.60000000000001
v 64 25.599999999999994 -65.60000000000001
v 67.2 25.599999999999994 -65.60000000000001
v 76.80000000000001 25.599999999999994 -65.60000000000001
v 73.60000000000001 25.599999999999994 -65.60000000000001
v 76.80000000000001 51.199999999999996 -65.60000000000001
v 73.60000000000001 51.199999999999996 -65.60000000000001
v 153.60000000000002 25.599999999999994 -65.60000000000001
v 150.4 25.599999999999994 -65.60000000000001
v 153.60000000000002 51.199999999999996 -65.60000000000001
v 150.4 51.199999999999996 -65.60000000000001
v 118.4 51.199999999999996 -65.60000000000001
v 118.4 25.599999999999994 -65.60000000000001
v 115.2 51.199999999999996 -65.60000000000001
v 115.2 25.599999999999994 -65.60000000000001
v 51.2 25.599999999999994 -65.60000000000001
v 48 25.599999999999994 -65.60000000000001
v 51.2 51.199999999999996 -65.60000000000001
v 48 51.199999999999996 -65.60000000000001
v 102.4 12.799999999999992 -76.80000000000001
v 102.4 12.79999999999999 -89.60000000000001
v 102.4 25.59999999999999 -76.80000000000001
v 102.4 25.59999999999999 -89.60000000000001
v 89.60000000000001 12.79999999999999 -89.60000000000001
v 89.60000000000001 12.799999999999992 -76.80000000000001
v 89.60000000000001 25.59999999999999 -89.60000000000001
v 89.60000000000001 25.59999999999999 -76.80000000000001
v 76.80000000000001 12.799999999999992 -65.60000000000001
v 73.60000000000001 12.799999999999992 -65.60000000000001
v 76.80000000000001 25.599999999999994 -65.60000000000001
v 73.60000000000001 25.599999999999994 -65.60000000000001
v 153.60000000000002 12.799999999999992 -65.60000000000001
v 150.4 12.799999999999992 -65.60000000000001
v 153.60000000000002 25.599999999999994 -65.60000000000001
v 150.4 25.599999999999994 -65.60000000000001
v 128 12.799999999999992 -65.60000000000001
v 124.80000000000001 12.799999999999992 -65.60000000000001
v 128 25.599999999999994 -65.60000000000001
v 124.80000000000001 25.599999999999994 -65.60000000000001
v 102.4 -7.83773951454306e-15 -64
v 102.4 12.799999999999994 -64
v 115.2 -7.83773951454306e-15 -64
v 115.2 12.799999999999994 -64
v 128 -7.83773951454306e-15 -64
v 124.80000000000001 -7.83773951454306e-15 -64
v 128 12.799999999999992 -65.60000000000001
v 124.80000000000001 12.799999999999992 -65.60000000000001
v 102.4 -7.83773951454306e-15 -64
v 102.4 -9.405287417451674e-15 -76.80000000000001
v 102.4 12.799999999999992 -65.60000000000001
v 102.4 12.799999999999992 -76.80000000000001
v 102.4 -9.405287417451674e-15 -76.80000000000001
v 102.4 -1.0972835320360286e-14 -89.60000000000001
v 102.4 12.799999999999992 -76.80000000000001
v 102.4 12.79999999999999 -89.60000000000001
v 89.60000000000001 -1.0972835320360286e-14 -89.60000000000001
v 89.60000000000001 -9.405287417451674e-15 -76.80000000000001
v 89.60000000000001 12.79999999999999 -89.60000000000001
v 89.60000000000001 12.799999999999992 -76.80000000000001
v 102.4 63.99999999999999 -65.60000000000002
v 102.4 76.8 -64.00000000000001
v 115.2 63.99999999999999 -65.60000000000002
v 115.2 76.8 -64.00000000000001
v 153.60000000000002 25.599999999999994 -65.60000000000001
v 166.4 25.599999999999994 -65.60000000000001
v 153.60000000000002 12.799999999999992 -65.60000000000001
v 166.4 12.799999999999992 -65.60000000000001
v 153.60000000000002 12.799999999999992 -65.60000000000001
v 166.4 12.799999999999992 -65.60000000000001
v 153.60000000000002 -7.83773951454306e-15 -64
v 166.4 -7.83773951454306e-15 -64
v 140.8 -7.83773951454306e-15 -64
v 128 -7.83773951454306e-15 -64
v 140.8 12.799999999999992 -65.60000000000001
v 128 12.799999999999992 -65.60000000000001
v 128 25.599999999999994 -65.60000000000001
v 140.8 25.599999999999994 -65.60000000000001
v 128 12.799999999999992 -65.60000000000001
v 140.8 12.799999999999992 -65.60000000000001
v 64 76.8 -64.00000000000001
v 64 63.99999999999999 -65.60000000000002
v 51.2 76.8 -64.00000000000001
v 51.2 63.99999999999999 -65.60000000000002
v 140.8 76.8 -64.00000000000001
v 140.8 63.99999999999999 -65.60000000000002
v 128 76.8 -64.00000000000001
v 128 63.99999999999999 -65.60000000000002
v 140.8 63.99999999999999 -65.60000000000002
v 144 63.99999999999999 -65.60000000000002
v 140.8 51.199999999999996 -65.60000000000001
v 144 51.199999999999996 -65.60000000000001
v 140.8 51.199999999999996 -65.60000000000001
v 144 51.199999999999996 -65.60000000000001
v 140.8 25.599999999999994 -65.60000000000001
v 144 25.599999999999994 -65.60000000000001
v 140.8 25.599999999999994 -65.60000000000001
v 144 25.599999999999994 -65.60000000000001
v 140.8 12.799999999999992 -65.60000000000001
v 144 12.799999999999992 -65.60000000000001
v 89.60000000000001 25.59999999999999 -76.80000000000001
v 102.4 25.59999999999999 -76.80000000000001
v 89.60000000000001 25.59999999999999 -89.60000000000001
v 102.4 25.59999999999999 -89.60000000000001
v 102.4 51.199999999999996 -76.80000000000001
v 102.4 25.59999999999999 -76.80000000000001
v 89.60000000000001 51.199999999999996 -76.80000000000001
v 89.60000000000001 25.59999999999999 -76.80000000000001
v 102.4 63.99999999999999 -65.60000000000002
v 102.4 51.199999999999996 -76.80000000000001
v 89.60000000000001 63.99999999999999 -65.60000000000002
v 89.60000000000001 51.199999999999996 -76.80000000000001
v 89.60000000000001 63.99999999999999 -65.60000000000002
v 76.80000000000001 63.99999999999999 -65.60000000000002
v 89.60000000000001 76.8 -64.00000000000001
v 76.80000000000001 76.8 -64.00000000000001
v 102.4 76.8 -64.00000000000001
v 102.4 63.99999999999999 -65.60000000000002
v 89.60000000000001 76.8 -64.00000000000001
v 89.60000000000001 63.99999999999999 -65.60000000000002
v 166.4 76.8 -64.00000000000001
v 166.4 63.99999999999999 -65.60000000000002
v 153.60000000000002 76.8 -64.00000000000001
v 153.60000000000002 63.99999999999999 -65.60000000000002
v 48 63.99999999999999 -65.60000000000002
v 41.6 63.99999999999999 -65.60000000000002
v 51.2 76.8 -64.00000000000001
v 38.400000000000006 76.8 -64.00000000000001
v 73.60000000000001 63.99999999999999 -65.60000000000002
v 67.2 63.99999999999999 -65.60000000000002
v 76.80000000000001 76.8 -64.00000000000001
v 64 76.8 -64.00000000000001
v 124.80000000000001 63.99999999999999 -65.60000000000002
v 118.4 63.99999999999999 -65.60000000000002
v 128 76.8 -64.00000000000001
v 115.2 76.8 -64.00000000000001
v 128 51.199999999999996 -65.60000000000001
v 140.8 51.199999999999996 -65.60000000000001
v 128 25.599999999999994 -65.60000000000001
v 140.8 25.599999999999994 -65.60000000000001
v 166.4 25.599999999999994 -65.60000000000001
v 153.60000000000002 25.599999999999994 -65.60000000000001
v 166.4 51.199999999999996 -65.60000000000001
v 153.60000000000002 51.199999999999996 -65.60000000000001
v 105.60000000000001 12.799999999999992 -65.60000000000001
v 102.4 12.799999999999992 -65.60000000000001
v 105.60000000000001 25.599999999999994 -68
v 102.4 25.599999999999994 -68
v 86.4 12.799999999999992 -65.60000000000001
v 76.80000000000001 12.799999999999992 -65.60000000000001
v 86.4 25.599999999999994 -65.60000000000001
v 76.80000000000001 25.599999999999994 -65.60000000000001
v 105.60000000000001 38.4 -65.60000000000001
v 105.60000000000001 25.599999999999994 -65.60000000000001
v 105.60000000000001 38.4 -68
v 105.60000000000001 25.599999999999994 -68
v 86.4 38.4 -68
v 86.4 25.599999999999994 -68
v 86.4 38.4 -65.60000000000001
v 86.4 25.599999999999994 -65.60000000000001
v 89.60000000000001 51.199999999999996 -76.80000000000001
v 89.60000000000001 25.59999999999999 -76.80000000000001
v 89.60000000000001 38.4 -68
v 89.60000000000001 25.599999999999994 -68
v 89.60000000000001 12.799999999999994 -64
v 76.80000000000001 12.799999999999994 -64
v 86.4 12.799999999999992 -65.60000000000001
v 76.80000000000001 12.799999999999992 -65.60000000000001
v 128 51.199999999999996 -65.60000000000001
v 128 25.599999999999994 -65.60000000000001
v 124.80000000000001 51.199999999999996 -65.60000000000001
v 124.80000000000001 25.599999999999994 -65.60000000000001
v 115.2 63.99999999999999 -65.60000000000002
v 118.4 63.99999999999999 -65.60000000000002
v 115.2 51.199999999999996 -65.60000000000001
v 118.4 51.199999999999996 -65.60000000000001
v 124.80000000000001 51.199999999999996 -65.60000000000001
v 124.80000000000001 63.99999999999999 -65.60000000000002
v 128 51.199999999999996 -65.60000000000001
v 128 63.99999999999999 -65.60000000000002
vt 0.7265625 0.125
vt 0.7265625 0.2421875
vt 0.6171875 0.2421875
vt 0.6328125 0.2421875
vt 0.6328125 0.125
vt 0.7421875 0.2421875
vt 0.7421875 0
vt 0.7421875 0.1171875
vt 0.7109375 0.1171875
vt 0.6484375 0.1171875
vt 0.6171875 0.1171875
vt 0.6171875 0
vt 0.8984375 0.1171875
vt 0.8671875 0.1171875
vt 0.8671875 0
vt 0.8984375 0.1171875
vt 0.8671875 0.1171875
vt 0.8671875 0
vt 0.6484375 0.1171875
vt 0.6171875 0.1171875
vt 0.6171875 0
vt 0.7421875 0
vt 0.7421875 0.1171875
vt 0.7109375 0.1171875
vt 0.9921875 0
vt 0.9921875 0.1171875
vt 0.9609375 0.1171875
vt 0.9921875 0
vt 0.9921875 0.1171875
vt 0.9609375 0.1171875
vt 0.65625 0.3671875
vt 0.6328125 0.2421875
vt 0.7421875 0.2421875
vt 0.6171875 0.1171875
vt 0.6171875 0.2421875
vt 0.59375 0.2421875
vt 0.59375 0.3671875
vt 0.59375 0.2421875
vt 0.6171875 0.3671875
vt 0.59375 0.4921875
vt 0.6171875 0.4921875
vt 0.59375 0.6171875
vt 0.7265625 0.6171875
vt 0.703125 0.4921875
vt 0.7265625 0.4921875
vt 0.703125 0.3671875
vt 0.7265625 0.2421875
vt 0.7265625 0.3671875
vt 0.6171875 0.2421875
vt 0.7265625 0.2421875
vt 0.703125 0.3671875
vt 0.625 0.6171875
vt 0.6328125 0.6171875
vt 0.625 0.7421875
vt 0.90625 0.6171875
vt 0.921875 0.6171875
vt 0.90625 0.7421875
vt 0.7421875 0.625
vt 0.7421875 0.625
vt 0.7734375 0.625
vt 0.7421875 0.6171875
vt 0.7421875 0.7421875
vt 0.7265625 0.6171875
vt 0.7734375 0.2421875
vt 0.7421875 0.2421875
vt 0.7421875 0.1171875
vt 0.59375 0.625
vt 0.6171875 0.625
vt 0.6171875 0.625
vt 0.7734375 0.625
vt 0.8671875 0.625
vt 0.7421875 0.625
vt 0.8671875 0.625
vt 0.7421875 0.1171875
vt 0.8671875 0.1171875
vt 0.7421875 0.2421875
vt 0.8671875 0.2421875
vt 0.8671875 0.2421875
vt 0.7734375 0.2421875
vt 0.8671875 0.1171875
vt 0.7421875 0.1171875
vt 0.625 0.1171875
vt 0.625 0.2421875
vt 0.5 0.1171875
vt 0.5 0.2421875
vt 0.59375 0.2421875
vt 0.5 0.2421875
vt 0.6171875 0.1171875
vt 0.5 0.1171875
vt 0.6328125 0.6171875
vt 0.65625 0.4921875
vt 0.7421875 0.6171875
vt 0.7421875 0.4921875
vt 0.7265625 0.6171875
vt 0.6171875 0.6171875
vt 0.703125 0.4921875
vt 0.6171875 0.4921875
vt 0.59375 0.4921875
vt 0.6171875 0.4921875
vt 0.59375 0.6171875
vt 0.6171875 0.6171875
vt 0.703125 0.3671875
vt 0.703125 0.4921875
vt 0.6171875 0.2421875
vt 0.6171875 0.4921875
vt 0.7109375 0.625
vt 0.7421875 0.625
vt 0.7109375 0.7421875
vt 0.7421875 0.7421875
vt 0.6484375 0.7421875
vt 0.6171875 0.7421875
vt 0.6484375 0.625
vt 0.6171875 0.625
vt 0.8671875 0.2421875
vt 0.7421875 0.2421875
vt 0.8671875 0.1171875
vt 0.7421875 0.1171875
vt 0.7421875 0.6171875
vt 0.7421875 0.7421875
vt 0.6328125 0.6171875
vt 0.625 0.7421875
vt 0.5 0.625
vt 0.6171875 0.625
vt 0.5 0.7421875
vt 0.6171875 0.7421875
vt 0.7734375 0.4921875
vt 0.8671875 0.4921875
vt 0.7734375 0.6171875
vt 0.8671875 0.6171875
vt 0.8671875 0.1171875
vt 0.8984375 0.1171875
vt 0.8671875 0.2421875
vt 0.8984375 0.2421875
vt 0.6484375 0.1171875
vt 0.6171875 0
vt 0.7109375 0.1171875
vt 0.7421875 0
vt 0.6171875 0.2421875
vt 0.5 0.2421875
vt 0.6171875 0.1171875
vt 0.5 0.1171875
vt 0.9921875 0.2421875
vt 0.9609375 0.2421875
vt 0.9921875 0.1171875
vt 0.9609375 0.1171875
vt 0.8671875 0.4921875
vt 0.8984375 0.4921875
vt 0.8671875 0.6171875
vt 0.8984375 0.6171875
vt 0.7421875 0.2421875
vt 0.7109375 0.2421875
vt 0.7421875 0.1171875
vt 0.7109375 0.1171875
vt 0.7421875 0.2421875
vt 0.7109375 0.2421875
vt 0.7421875 0.1171875
vt 0.7109375 0.1171875
vt 0.625 0.1171875
vt 0.6484375 0.1171875
vt 0.625 0.2421875
vt 0.6484375 0.2421875
vt 0.6171875 0
vt 0.6171875 0.1171875
vt 0.5 0
vt 0.5 0.1171875
vt 0.625 0.2421875
vt 0.6484375 0.2421875
vt 0.625 0.4921875
vt 0.6484375 0.4921875
vt 0.8671875 0.4921875
vt 0.8984375 0.4921875
vt 0.8671875 0.6171875
vt 0.8984375 0.6171875
vt 0.8671875 0.2421875
vt 0.8984375 0.2421875
vt 0.8671875 0.4921875
vt 0.8984375 0.4921875
vt 0.9921875 0.4921875
vt 0.9609375 0.4921875
vt 0.9921875 0.2421875
vt 0.9609375 0.2421875
vt 0.7421875 0.4921875
vt 0.7109375 0.4921875
vt 0.7421875 0.2421875
vt 0.7109375 0.2421875
vt 0.8984375 0.2421875
vt 0.8984375 0.4921875
vt 0.8671875 0.2421875
vt 0.8671875 0.4921875
vt 0.7421875 0.4921875
vt 0.7109375 0.4921875
vt 0.7421875 0.2421875
vt 0.7109375 0.2421875
vt 0.6171875 0.6171875
vt 0.5 0.6171875
vt 0.6171875 0.4921875
vt 0.5 0.4921875
vt 0.8671875 0.6171875
vt 0.7421875 0.6171875
vt 0.8671875 0.4921875
vt 0.7421875 0.4921875
vt 0.9921875 0.6171875
vt 0.9609375 0.6171875
vt 0.9921875 0.4921875
vt 0.9609375 0.4921875
vt 0.7421875 0.6171875
vt 0.7109375 0.6171875
vt 0.7421875 0.4921875
vt 0.7109375 0.4921875
vt 0.9921875 0.6171875
vt 0.9609375 0.6171875
vt 0.9921875 0.4921875
vt 0.9609375 0.4921875
vt 0.7421875 0.7421875
vt 0.7421875 0.625
vt 0.8671875 0.7421875
vt 0.8671875 0.625
vt 0.9921875 0.7421875
vt 0.9609375 0.7421875
vt 0.9921875 0.625
vt 0.9609375 0.625
vt 0.7421875 0.7421875
vt 0.6171875 0.7421875
vt 0.7265625 0.6171875
vt 0.6171875 0.6171875
vt 0.6171875 0.7421875
vt 0.5 0.7421875
vt 0.6171875 0.6171875
vt 0.5 0.6171875
vt 0.8671875 0.7421875
vt 0.7421875 0.7421875
vt 0.8671875 0.6171875
vt 0.7421875 0.6171875
vt 0.7421875 0.1171875
vt 0.7421875 0
vt 0.8671875 0.1171875
vt 0.8671875 0
vt 0.7421875 0.4921875
vt 0.8671875 0.4921875
vt 0.7421875 0.6171875
vt 0.8671875 0.6171875
vt 0.7421875 0.625
vt 0.8671875 0.625
vt 0.7421875 0.7421875
vt 0.8671875 0.7421875
vt 0.6171875 0.7421875
vt 0.5 0.7421875
vt 0.6171875 0.625
vt 0.5 0.625
vt 0.5 0.4921875
vt 0.6171875 0.4921875
vt 0.5 0.6171875
vt 0.6171875 0.6171875
vt 0.8671875 0
vt 0.8671875 0.1171875
vt 0.7421875 0
vt 0.7421875 0.1171875
vt 0.6171875 0
vt 0.6171875 0.1171875
vt 0.5 0
vt 0.5 0.1171875
vt 0.6171875 0.1171875
vt 0.6484375 0.1171875
vt 0.6171875 0.2421875
vt 0.6484375 0.2421875
vt 0.6171875 0.2421875
vt 0.6484375 0.2421875
vt 0.6171875 0.4921875
vt 0.6484375 0.4921875
vt 0.6171875 0.4921875
vt 0.6484375 0.4921875
vt 0.6171875 0.6171875
vt 0.6484375 0.6171875
vt 0.75 0.375
vt 0.8671875 0.375
vt 0.75 0.4921875
vt 0.8671875 0.4921875
vt 0.7421875 0.2421875
vt 0.7421875 0.4921875
vt 0.6171875 0.2421875
vt 0.6171875 0.4921875
vt 0.7421875 0.1171875
vt 0.7421875 0.2421875
vt 0.6171875 0.1171875
vt 0.6171875 0.2421875
vt 0.6171875 0.1171875
vt 0.5 0.1171875
vt 0.6171875 0
vt 0.5 0
vt 0.7421875 0
vt 0.7421875 0.1171875
vt 0.6171875 0
vt 0.6171875 0.1171875
vt 0.8671875 0
vt 0.8671875 0.1171875
vt 0.7421875 0
vt 0.7421875 0.1171875
vt 0.7109375 0.1171875
vt 0.6484375 0.1171875
vt 0.7421875 0
vt 0.6171875 0
vt 0.9609375 0.1171875
vt 0.8984375 0.1171875
vt 0.9921875 0
vt 0.8671875 0
vt 0.9609375 0.1171875
vt 0.8984375 0.1171875
vt 0.9921875 0
vt 0.8671875 0
vt 0.5 0.2421875
vt 0.6171875 0.2421875
vt 0.5 0.4921875
vt 0.6171875 0.4921875
vt 0.8671875 0.4921875
vt 0.7421875 0.4921875
vt 0.8671875 0.2421875
vt 0.7421875 0.2421875
vt 0.7734375 0.6171875
vt 0.7421875 0.6171875
vt 0.7734375 0.4921875
vt 0.7421875 0.4921875
vt 0.59375 0.6171875
vt 0.5 0.6171875
vt 0.59375 0.4921875
vt 0.5 0.4921875
vt 0.7265625 0.3671875
vt 0.7265625 0.4921875
vt 0.703125 0.3671875
vt 0.703125 0.4921875
vt 0.6171875 0.3671875
vt 0.6171875 0.4921875
vt 0.59375 0.3671875
vt 0.59375 0.4921875
vt 0.7421875 0.2421875
vt 0.7421875 0.4921875
vt 0.65625 0.3671875
vt 0.65625 0.4921875
vt 0.6171875 0.625
vt 0.5 0.625
vt 0.59375 0.625
vt 0.5 0.625
vt 0.9921875 0.2421875
vt 0.9921875 0.4921875
vt 0.9609375 0.2421875
vt 0.9609375 0.4921875
vt 0.8671875 0.1171875
vt 0.8984375 0.1171875
vt 0.8671875 0.2421875
vt 0.8984375 0.2421875
vt 0.9609375 0.2421875
vt 0.9609375 0.1171875
vt 0.9921875 0.2421875
vt 0.9921875 0.1171875
vn -1 0 0
vn -1 0 0
vn -1 0 0
vn 1 0 0
vn 1 0 0
vn 1 0 0
vn 0 -0.12403473458920834 0.9922778767136676
vn 0 -0.12403473458920834 0.9922778767136676
vn 0 -0.12403473458920834 0.9922778767136676
vn 0 -0.12403473458920834 0.9922778767136676
vn 0 -0.12403473458920834 0.9922778767136676
vn 0 -0.12403473458920834 0.9922778767136676
vn 0 -0.12403473458920834 0.9922778767136676
vn 0 -0.12403473458920834 0.9922778767136676
vn 0 -0.12403473458920834 0.9922778767136676
vn 0 -0.12403473458920834 0.9922778767136676
vn 0 -0.12403473458920834 0.9922778767136676
vn 0 -0.12403473458920834 0.9922778767136676
vn 0 -0.12403473458920834 0.9922778767136676
vn 0 -0.12403473458920834 0.9922778767136676
vn 0 -0.12403473458920834 0.9922778767136676
vn 0 -0.12403473458920834 0.9922778767136676
vn 0 -0.12403473458920834 0.9922778767136676
vn 0 -0.12403473458920834 0.9922778767136676
vn 0 -0.12403473458920834 0.9922778767136676
vn 0 -0.12403473458920834 0.9922778767136676
vn 0 -0.12403473458920834 0.9922778767136676
vn 0 -0.12403473458920834 0.9922778767136676
vn 0 -0.12403473458920834 0.9922778767136676
vn 0 -0.12403473458920834 0.9922778767136676
vn 1 0 0
vn 1 0 0
vn 1 0 0
vn 0 1.2246467991473532e-16 1
vn 0 1.2246467991473532e-16 1
vn 0 1.2246467991473532e-16 1
vn 1 0 0
vn 1 0 0
vn 1 0 0
vn 1 0 0
vn 1 0 0
vn 1 0 0
vn -1 0 0
vn -1 0 0
vn -1 0 0
vn -1 0 0
vn -1 0 0
vn -1 0 0
vn -1 0 0
vn -1 0 0
vn -1 0 0
vn 1 0 0
vn 1 0 0
vn 1 0 0
vn 1 0 0
vn 1 0 0
vn 1 0 0
vn 0 1 -1.2246467991473532e-16
vn 0 1 -1.2246467991473532e-16
vn 0 1 -1.2246467991473532e-16
vn -1 0 0
vn -1 0 0
vn -1 0 0
vn 0 1.2246467991473532e-16 1
vn 0 1.2246467991473532e-16 1
vn 0 1.2246467991473532e-16 1
vn 0 1 -1.2246467991473532e-16
vn 0 1 -1.2246467991473532e-16
vn 0 1 -1.2246467991473532e-16
vn 0 1 -1.2246467991473532e-16
vn 0 1 -1.2246467991473532e-16
vn 0 1 -1.2246467991473532e-16
vn 0 1 -1.2246467991473532e-16
vn 0 1.2246467991473532e-16 1
vn 0 1.2246467991473532e-16 1
vn 0 1.2246467991473532e-16 1
vn 0 1.2246467991473532e-16 1
vn 0 1.2246467991473532e-16 1
vn 0 1.2246467991473532e-16 1
vn 0 1.2246467991473532e-16 1
vn 0 1.2246467991473532e-16 1
vn 0 1.2246467991473532e-16 1
vn 0 1.2246467991473532e-16 1
vn 0 1.2246467991473532e-16 1
vn 0 1.2246467991473532e-16 1
vn 0 1.2246467991473532e-16 1
vn 0 1.2246467991473532e-16 1
vn 0 1.2246467991473532e-16 1
vn 0 1.2246467991473532e-16 1
vn 1 0 0
vn 1 0 0
vn 1 0 0
vn 1 0 0
vn -1 0 0
vn -1 0 0
vn -1 0 0
vn -1 0 0
vn 0 0.18428853145141444 0.9828721876090913
vn 0 0.18428853145141444 0.9828721876090913
vn 0 0.18428853145141444 0.9828721876090913
vn 0 0.18428853145141444 0.9828721876090913
vn -1 0 0
vn -1 0 0
vn -1 0 0
vn -1 0 0
vn 0 0.12403473458920856 0.9922778767136676
vn 0 0.12403473458920856 0.9922778767136676
vn 0 0.12403473458920856 0.9922778767136676
vn 0 0.12403473458920856 0.9922778767136676
vn 0 0.12403473458920856 0.9922778767136676
vn 0 0.12403473458920856 0.9922778767136676
vn 0 0.12403473458920856 0.9922778767136676
vn 0 0.12403473458920856 0.9922778767136676
vn 0 1.2246467991473532e-16 1
vn 0 1.2246467991473532e-16 1
vn 0 1.2246467991473532e-16 1
vn 0 1.2246467991473532e-16 1
vn 1 0 0
vn 1 0 0
vn 1 0 0
vn 1 0 0
vn 0 1.2246467991473532e-16 1
vn 0 1.2246467991473532e-16 1
vn 0 1.2246467991473532e-16 1
vn 0 1.2246467991473532e-16 1
vn 0 1.2246467991473532e-16 1
vn 0 1.2246467991473532e-16 1
vn 0 1.2246467991473532e-16 1
vn 0 1.2246467991473532e-16 1
vn 0 1.2246467991473532e-16 1
vn 0 1.2246467991473532e-16 1
vn 0 1.2246467991473532e-16 1
vn 0 1.2246467991473532e-16 1
vn 0 -0.12403473458920834 0.9922778767136676
vn 0 -0.12403473458920834 0.9922778767136676
vn 0 -0.12403473458920834 0.9922778767136676
vn 0 -0.12403473458920834 0.9922778767136676
vn 0 1.2246467991473532e-16 1
vn 0 1.2246467991473532e-16 1
vn 0 1.2246467991473532e-16 1
vn 0 1.2246467991473532e-16 1
vn 0 1.2246467991473532e-16 1
vn 0 1.2246467991473532e-16 1
vn 0 1.2246467991473532e-16 1
vn 0 1.2246467991473532e-16 1
vn 0 1.2246467991473532e-16 1
vn 0 1.2246467991473532e-16 1
vn 0 1.2246467991473532e-16 1
vn 0 1.2246467991473532e-16 1
vn 0 1.2246467991473532e-16 1
vn 0 1.2246467991473532e-16 1
vn 0 1.2246467991473532e-16 1
vn 0 1.2246467991473532e-16 1
vn 0 1.2246467991473532e-16 1
vn 0 1.2246467991473532e-16 1
vn 0 1.2246467991473532e-16 1
vn 0 1.2246467991473532e-16 1
vn 0 1.2246467991473532e-16 1
vn 0 1.2246467991473532e-16 1
vn 0 1.2246467991473532e-16 1
vn 0 1.2246467991473532e-16 1
vn 0 -0.12403473458920834 0.9922778767136676
vn 0 -0.12403473458920834 0.9922778767136676
vn 0 -0.12403473458920834 0.9922778767136676
vn 0 -0.12403473458920834 0.9922778767136676
vn 0 1.2246467991473532e-16 1
vn 0 1.2246467991473532e-16 1
vn 0 1.2246467991473532e-16 1
vn 0 1.2246467991473532e-16 1
vn 0 1.2246467991473532e-16 1
vn 0 1.2246467991473532e-16 1
vn 0 1.2246467991473532e-16 1
vn 0 1.2246467991473532e-16 1
vn 0 1.2246467991473532e-16 1
vn 0 1.2246467991473532e-16 1
vn 0 1.2246467991473532e-16 1
vn 0 1.2246467991473532e-16 1
vn 0 1.2246467991473532e-16 1
vn 0 1.2246467991473532e-16 1
vn 0 1.2246467991473532e-16 1
vn 0 1.2246467991473532e-16 1
vn 0 1.2246467991473532e-16 1
vn 0 1.2246467991473532e-16 1
vn 0 1.2246467991473532e-16 1
vn 0 1.2246467991473532e-16 1
vn 0 1.2246467991473532e-16 1
vn 0 1.2246467991473532e-16 1
vn 0 1.2246467991473532e-16 1
vn 0 1.2246467991473532e-16 1
vn 0 1.2246467991473532e-16 1
vn 0 1.2246467991473532e-16 1
vn 0 1.2246467991473532e-16 1
vn 0 1.2246467991473532e-16 1
vn -1 0 0
vn -1 0 0
vn -1 0 0
vn -1 0 0
vn 1 0 0
vn 1 0 0
vn 1 0 0
vn 1 0 0
vn 0 1.2246467991473532e-16 1
vn 0 1.2246467991473532e-16 1
vn 0 1.2246467991473532e-16 1
vn 0 1.2246467991473532e-16 1
vn 0 1.2246467991473532e-16 1
vn 0 1.2246467991473532e-16 1
vn 0 1.2246467991473532e-16 1
vn 0 1.2246467991473532e-16 1
vn 0 1.2246467991473532e-16 1
vn 0 1.2246467991473532e-16 1
vn 0 1.2246467991473532e-16 1
vn 0 1.2246467991473532e-16 1
vn 0 1.2246467991473532e-16 1
vn 0 1.2246467991473532e-16 1
vn 0 1.2246467991473532e-16 1
vn 0 1.2246467991473532e-16 1
vn 0 0.12403473458920856 0.9922778767136676
vn 0 0.12403473458920856 0.9922778767136676
vn 0 0.12403473458920856 0.9922778767136676
vn 0 0.12403473458920856 0.9922778767136676
vn -1 0 0
vn -1 0 0
vn -1 0 0
vn -1 0 0
vn -1 0 0
vn -1 0 0
vn -1 0 0
vn -1 0 0
vn 1 0 0
vn 1 0 0
vn 1 0 0
vn 1 0 0
vn 0 -0.12403473458920834 0.9922778767136676
vn 0 -0.12403473458920834 0.9922778767136676
vn 0 -0.12403473458920834 0.9922778767136676
vn 0 -0.12403473458920834 0.9922778767136676
vn 0 1.2246467991473532e-16 1
vn 0 1.2246467991473532e-16 1
vn 0 1.2246467991473532e-16 1
vn 0 1.2246467991473532e-16 1
vn 0 0.12403473458920856 0.9922778767136676
vn 0 0.12403473458920856 0.9922778767136676
vn 0 0.12403473458920856 0.9922778767136676
vn 0 0.12403473458920856 0.9922778767136676
vn 0 0.12403473458920856 0.9922778767136676
vn 0 0.12403473458920856 0.9922778767136676
vn 0 0.12403473458920856 0.9922778767136676
vn 0 0.12403473458920856 0.9922778767136676
vn 0 1.2246467991473532e-16 1
vn 0 1.2246467991473532e-16 1
vn 0 1.2246467991473532e-16 1
vn 0 1.2246467991473532e-16 1
vn 0 -0.12403473458920834 0.9922778767136676
vn 0 -0.12403473458920834 0.9922778767136676
vn 0 -0.12403473458920834 0.9922778767136676
vn 0 -0.12403473458920834 0.9922778767136676
vn 0 -0.12403473458920834 0.9922778767136676
vn 0 -0.12403473458920834 0.9922778767136676
vn 0 -0.12403473458920834 0.9922778767136676
vn 0 -0.12403473458920834 0.9922778767136676
vn 0 1.2246467991473532e-16 1
vn 0 1.2246467991473532e-16 1
vn 0 1.2246467991473532e-16 1
vn 0 1.2246467991473532e-16 1
vn 0 1.2246467991473532e-16 1
vn 0 1.2246467991473532e-16 1
vn 0 1.2246467991473532e-16 1
vn 0 1.2246467991473532e-16 1
vn 0 1.2246467991473532e-16 1
vn 0 1.2246467991473532e-16 1
vn 0 1.2246467991473532e-16 1
vn 0 1.2246467991473532e-16 1
vn 0 -1 1.2246467991473532e-16
vn 0 -1 1.2246467991473532e-16
vn 0 -1 1.2246467991473532e-16
vn 0 -1 1.2246467991473532e-16
vn 0 1.2246467991473532e-16 1
vn 0 1.2246467991473532e-16 1
vn 0 1.2246467991473532e-16 1
vn 0 1.2246467991473532e-16 1
vn 0 -0.6585045994289223 0.752576702091524
vn 0 -0.6585045994289223 0.752576702091524
vn 0 -0.6585045994289223 0.752576702091524
vn 0 -0.6585045994289223 0.752576702091524
vn 0 -0.12403473458920834 0.9922778767136676
vn 0 -0.12403473458920834 0.9922778767136676
vn 0 -0.12403473458920834 0.9922778767136676
vn 0 -0.12403473458920834 0.9922778767136676
vn 0 -0.12403473458920834 0.9922778767136676
vn 0 -0.12403473458920834 0.9922778767136676
vn 0 -0.12403473458920834 0.9922778767136676
vn 0 -0.12403473458920834 0.9922778767136676
vn 0 -0.12403473458920834 0.9922778767136676
vn 0 -0.12403473458920834 0.9922778767136676
vn 0 -0.12403473458920834 0.9922778767136676
vn 0 -0.12403473458920834 0.9922778767136676
vn 0 -0.12403473458920834 0.9922778767136676
vn 0 -0.12403473458920834 0.9922778767136676
vn 0 -0.12403473458920834 0.9922778767136676
vn 0 -0.12403473458920834 0.9922778767136676
vn 0 -0.12403473458920834 0.9922778767136676
vn 0 -0.12403473458920834 0.9922778767136676
vn 0 -0.12403473458920834 0.9922778767136676
vn 0 -0.12403473458920834 0.9922778767136676
vn 0 -0.12403473458920834 0.9922778767136676
vn 0 -0.12403473458920834 0.9922778767136676
vn 0 -0.12403473458920834 0.9922778767136676
vn 0 -0.12403473458920834 0.9922778767136676
vn 0 1.2246467991473532e-16 1
vn 0 1.2246467991473532e-16 1
vn 0 1.2246467991473532e-16 1
vn 0 1.2246467991473532e-16 1
vn 0 1.2246467991473532e-16 1
vn 0 1.2246467991473532e-16 1
vn 0 1.2246467991473532e-16 1
vn 0 1.2246467991473532e-16 1
vn 0 0.18428853145141444 0.9828721876090913
vn 0 0.18428853145141444 0.9828721876090913
vn 0 0.18428853145141444 0.9828721876090913
vn 0 0.18428853145141444 0.9828721876090913
vn 0 1.2246467991473532e-16 1
vn 0 1.2246467991473532e-16 1
vn 0 1.2246467991473532e-16 1
vn 0 1.2246467991473532e-16 1
vn -1 0 0
vn -1 0 0
vn -1 0 0
vn -1 0 0
vn 1 0 0
vn 1 0 0
vn 1 0 0
vn 1 0 0
vn 1 0 0
vn 1 0 0
vn 1 0 0
vn 1 0 0
vn 0 1 -1.2246467991473532e-16
vn 0 1 -1.2246467991473532e-16
vn 0 1 -1.2246467991473532e-16
vn 0 1 -1.2246467991473532e-16
vn 0 1.2246467991473532e-16 1
vn 0 1.2246467991473532e-16 1
vn 0 1.2246467991473532e-16 1
vn 0 1.2246467991473532e-16 1
vn 0 1.2246467991473532e-16 1
vn 0 1.2246467991473532e-16 1
vn 0 1.2246467991473532e-16 1
vn 0 1.2246467991473532e-16 1
vn 0 1.2246467991473532e-16 1
vn 0 1.2246467991473532e-16 1
vn 0 1.2246467991473532e-16 1
vn 0 1.2246467991473532e-16 1
f 587/587/587 586/586/586 585/585/585
f 590/590/590 589/589/589 588/588/588
f 593/593/593 592/592/592 591/591/591
f 596/596/596 595/595/595 594/594/594
f 599/599/599 598/598/598 597/597/597
f 602/602/602 601/601/601 600/600/600
f 605/605/605 604/604/604 603/603/603
f 608/608/608 607/607/607 606/606/606
f 611/611/611 610/610/610 609/609/609
f 614/614/614 613/613/613 612/612/612
f 617/617/617 616/616/616 615/615/615
f 620/620/620 619/619/619 618/618/618
f 623/623/623 622/622/622 621/621/621
f 626/626/626 625/625/625 624/624/624
f 629/629/629 628/628/628 627/627/627
f 632/632/632 631/631/631 630/630/630
f 635/635/635 634/634/634 633/633/633
f 638/638/638 637/637/637 636/636/636
f 641/641/641 640/640/640 639/639/639
f 644/644/644 643/643/643 642/642/642
f 647/647/647 646/646/646 645/645/645
f 650/650/650 649/649/649 648/648/648
f 653/653/653 652/652/652 651/651/651
f 656/656/656 655/655/655 654/654/654
f 655/655/655 656/656/656 657/657/657
f 660/660/660 659/659/659 658/658/658
f 659/659/659 660/660/660 661/661/661
f 664/664/664 663/663/663 662/662/662
f 663/663/663 664/664/664 665/665/665
f 668/668/668 667/667/667 666/666/666
f 667/667/667 668/668/668 669/669/669
f 672/672/672 671/671/671 670/670/670
f 671/671/671 672/672/672 673/673/673
f 676/676/676 675/675/675 674/674/674
f 675/675/675 676/676/676 677/677/677
f 680/680/680 679/679/679 678/678/678
f 679/679/679 680/680/680 681/681/681
f 684/684/684 683/683/683 682/682/682
f 683/683/683 684/684/684 685/685/685
f 688/688/688 687/687/687 686/686/686
f 687/687/687 688/688/688 689/689/689
f 692/692/692 691/691/691 690/690/690
f 691/691/691 692/692/692 693/693/693
f 696/696/696 695/695/695 694/694/694
f 695/695/695 696/696/696 697/697/697
f 700/700/700 699/699/699 698/698/698
f 699/699/699 700/700/700 701/701/701
f 704/704/704 703/703/703 702/702/702
f 703/703/703 704/704/704 705/705/705
f 708/708/708 707/707/707 706/706/706
f 707/707/707 708/708/708 709/709/709
f 712/712/712 711/711/711 710/710/710
f 711/711/711 712/712/712 713/713/713
f 716/716/716 715/715/715 714/714/714
f 715/715/715 716/716/716 717/717/717
f 720/720/720 719/719/719 718/718/718
f 719/719/719 720/720/720 721/721/721
f 724/724/724 723/723/723 722/722/722
f 723/723/723 724/724/724 725/725/725
f 728/728/728 727/727/727 726/726/726
f 727/727/727 728/728/728 729/729/729
f 732/732/732 731/731/731 730/730/730
f 731/731/731 732/732/732 733/733/733
f 736/736/736 735/735/735 734/734/734
f 735/735/735 736/736/736 737/737/737
f 740/740/740 739/739/739 738/738/738
f 739/739/739 740/740/740 741/741/741
f 744/744/744 743/743/743 742/742/742
f 743/743/743 744/744/744 745/745/745
f 748/748/748 747/747/747 746/746/746
f 747/747/747 748/748/748 749/749/749
f 752/752/752 751/751/751 750/750/750
f 751/751/751 752/752/752 753/753/753
f 756/756/756 755/755/755 754/754/754
f 755/755/755 756/756/756 757/757/757
f 760/760/760 759/759/759 758/758/758
f 759/759/759 760/760/760 761/761/761
f 764/764/764 763/763/763 762/762/762
f 763/763/763 764/764/764 765/765/765
f 768/768/768 767/767/767 766/766/766
f 767/767/767 768/768/768 769/769/769
f 772/772/772 771/771/771 770/770/770
f 771/771/771 772/772/772 773/773/773
f 776/776/776 775/775/775 774/774/774
f 775/775/775 776/776/776 777/777/777
f 780/780/780 779/779/779 778/778/778
f 779/779/779 780/780/780 781/781/781
f 784/784/784 783/783/783 782/782/782
f 783/783/783 784/784/784 785/785/785
f 788/788/788 787/787/787 786/786/786
f 787/787/787 788/788/788 789/789/789
f 792/792/792 791/791/791 790/790/790
f 791/791/791 792/792/792 793/793/793
f 796/796/796 795/795/795 794/794/794
f 795/795/795 796/796/796 797/797/797
f 800/800/800 799/799/799 798/798/798
f 799/799/799 800/800/800 801/801/801
f 804/804/804 803/803/803 802/802/802
f 803/803/803 804/804/804 805/805/805
f 808/808/808 807/807/807 806/806/806
f 807/807/807 808/808/808 809/809/809
f 812/812/812 811/811/811 810/810/810
f 811/811/811 812/812/812 813/813/813
f 816/816/816 815/815/815 814/814/814
f 815/815/815 816/816/816 817/817/817
f 820/820/820 819/819/819 818/818/818
f 819/819/819 820/820/820 821/821/821
f 824/824/824 823/823/823 822/822/822
f 823/823/823 824/824/824 825/825/825
f 828/828/828 827/827/827 826/826/826
f 827/827/827 828/828/828 829/829/829
f 832/832/832 831/831/831 830/830/830
f 831/831/831 832/832/832 833/833/833
f 836/836/836 835/835/835 834/834/834
f 835/835/835 836/836/836 837/837/837
f 840/840/840 839/839/839 838/838/838
f 839/839/839 840/840/840 841/841/841
f 844/844/844 843/843/843 842/842/842
f 843/843/843 844/844/844 845/845/845
f 848/848/848 847/847/847 846/846/846
f 847/847/847 848/848/848 849/849/849
f 852/852/852 851/851/851 850/850/850
f 851/851/851 852/852/852 853/853/853
f 856/856/856 855/855/855 854/854/854
f 855/855/855 856/856/856 857/857/857
f 860/860/860 859/859/859 858/858/858
f 859/859/859 860/860/860 861/861/861
f 864/864/864 863/863/863 862/862/862
f 863/863/863 864/864/864 865/865/865
f 868/868/868 867/867/867 866/866/866
f 867/867/867 868/868/868 869/869/869
f 872/872/872 871/871/871 870/870/870
f 871/871/871 872/872/872 873/873/873
f 876/876/876 875/875/875 874/874/874
f 875/875/875 876/876/876 877/877/877
f 880/880/880 879/879/879 878/878/878
f 879/879/879 880/880/880 881/881/881
f 884/884/884 883/883/883 882/882/882
f 883/883/883 884/884/884 885/885/885
f 888/888/888 887/887/887 886/886/886
f 887/887/887 888/888/888 889/889/889
f 892/892/892 891/891/891 890/890/890
f 891/891/891 892/892/892 893/893/893
f 896/896/896 895/895/895 894/894/894
f 895/895/895 896/896/896 897/897/897
f 900/900/900 899/899/899 898/898/898
f 899/899/899 900/900/900 901/901/901
f 904/904/904 903/903/903 902/902/902
f 903/903/903 904/904/904 905/905/905
f 908/908/908 907/907/907 906/906/906
f 907/907/907 908/908/908 909/909/909
f 912/912/912 911/911/911 910/910/910
f 911/911/911 912/912/912 913/913/913
f 916/916/916 915/915/915 914/914/914
f 915/915/915 916/916/916 917/917/917
f 920/920/920 919/919/919 918/918/918
f 919/919/919 920/920/920 921/921/921
f 924/924/924 923/923/923 922/922/922
f 923/923/923 924/924/924 925/925/925
f 928/928/928 927/927/927 926/926/926
f 927/927/927 928/928/928 929/929/929
f 932/932/932 931/931/931 930/930/930
f 931/931/931 932/932/932 933/933/933
f 936/936/936 935/935/935 934/934/934
f 935/935/935 936/936/936 937/937/937
o mesh_17
usemtl mat7
v 166.4 -5.486417660180143e-15 -44.800000000000004
v 166.4 -6.270191611634449e-15 -51.2
v 166.4 12.799999999999994 -51.2
v 169.60000000000002 25.599999999999998 -25.600000000000005
v 166.4 25.599999999999998 -25.600000000000005
v 166.4 25.599999999999998 -22.400000000000006
v 166.4 25.599999999999998 -41.6
v 166.4 25.599999999999998 -38.400000000000006
v 169.60000000000002 25.599999999999998 -38.400000000000006
v 166.4 76.80000000000001 -12.80000000000001
v 166.4 54.400000000000006 -12.800000000000008
v 166.4 54.400000000000006 -19.20000000000001
v 166.4 76.80000000000001 -38.40000000000001
v 179.20000000000002 51.199999999999996 -38.40000000000001
v 168 54.4 -38.40000000000001
v 179.20000000000002 51.199999999999996 -38.40000000000001
v 168 51.199999999999996 -38.40000000000001
v 168 54.4 -38.40000000000001
v 179.20000000000002 51.2 -25.60000000000001
v 166.4 76.80000000000001 -25.600000000000012
v 168 54.400000000000006 -25.60000000000001
v 166.4 76.80000000000001 -25.600000000000012
v 166.4 54.400000000000006 -25.60000000000001
v 168 54.400000000000006 -25.60000000000001
v 166.4 54.400000000000006 -12.800000000000008
v 166.4 76.80000000000001 -12.80000000000001
v 166.4 73.60000000000001 -6.400000000000009
v 168 54.4 -38.40000000000001
v 166.4 54.4 -38.40000000000001
v 166.4 76.80000000000001 -38.40000000000001
v 168 54.400000000000006 -25.60000000000001
v 168 51.2 -25.60000000000001
v 179.20000000000002 51.2 -25.60000000000001
v 168 51.2 -19.20000000000001
v 166.4 51.2 -12.800000000000008
v 166.4 51.2 -19.20000000000001
v 168 54.400000000000006 -19.20000000000001
v 166.4 54.400000000000006 -19.20000000000001
v 166.4 54.400000000000006 -12.800000000000008
v 168 51.199999999999996 -44.80000000000001
v 166.4 51.199999999999996 -44.80000000000001
v 166.4 51.199999999999996 -51.20000000000001
v 168 54.4 -44.80000000000001
v 166.4 54.4 -51.20000000000001
v 166.4 54.4 -44.80000000000001
v 166.4 54.4 -44.80000000000001
v 166.4 54.4 -51.20000000000001
v 166.4 76.80000000000001 -51.20000000000001
v 168 54.4 -44.80000000000001
v 168 51.199999999999996 -44.80000000000001
v 166.4 54.4 -51.20000000000001
v 166.4 51.199999999999996 -51.20000000000001
v 166.4 54.400000000000006 -19.20000000000001
v 166.4 54.400000000000006 -25.60000000000001
v 166.4 76.80000000000001 -12.80000000000001
v 166.4 76.80000000000001 -25.600000000000012
v 166.4 54.4 -51.20000000000001
v 166.4 51.199999999999996 -51.20000000000001
v 166.4 63.99999999999999 -65.60000000000002
v 166.4 51.199999999999996 -65.60000000000001
v 166.4 25.599999999999998 -41.6
v 166.4 25.599999999999994 -51.2
v 166.4 51.199999999999996 -44.80000000000001
v 166.4 51.199999999999996 -51.20000000000001
v 169.60000000000002 25.599999999999998 -25.600000000000005
v 179.20000000000002 25.599999999999998 -25.600000000000005
v 168 51.2 -25.60000000000001
v 179.20000000000002 51.2 -25.60000000000001
v 168 51.199999999999996 -38.40000000000001
v 179.20000000000002 51.199999999999996 -38.40000000000001
v 169.60000000000002 25.599999999999998 -38.400000000000006
v 179.20000000000002 25.599999999999998 -38.400000000000006
v 166.4 76.80000000000001 -51.20000000000001
v 166.4 76.80000000000001 -38.40000000000001
v 166.4 54.4 -44.80000000000001
v 166.4 54.4 -38.40000000000001
v 166.4 73.60000000000001 -6.400000000000009
v 166.4 70.4 -3.2000000000000086
v 166.4 54.400000000000006 -12.800000000000008
v 166.4 64 -7.83773951454306e-15
v 166.4 63.99999999999999 -65.60000000000002
v 166.4 76.8 -64.00000000000001
v 166.4 54.4 -51.20000000000001
v 166.4 76.80000000000001 -51.20000000000001
v 166.4 51.2 -19.20000000000001
v 166.4 51.2 -12.800000000000008
v 166.4 25.599999999999998 -22.400000000000006
v 166.4 25.6 -12.800000000000004
v 166.4 25.599999999999994 -65.60000000000001
v 166.4 25.599999999999994 -51.2
v 166.4 12.799999999999992 -65.60000000000001
v 166.4 12.799999999999994 -51.2
v 179.20000000000002 51.2 -25.60000000000001
v 179.20000000000002 25.599999999999998 -25.600000000000005
v 179.20000000000002 51.199999999999996 -38.40000000000001
v 179.20000000000002 25.599999999999998 -38.400000000000006
v 166.4 12.799999999999997 -22.400000000000002
v 166.4 12.799999999999999 -12.800000000000002
v 166.4 -2.7432088300900714e-15 -22.400000000000002
v 166.4 -1.5675479029086122e-15 -12.8
v 169.60000000000002 25.599999999999998 -38.400000000000006
v 166.4 25.599999999999998 -38.400000000000006
v 168 51.199999999999996 -38.40000000000001
v 166.4 51.199999999999996 -38.40000000000001
v 166.4 25.599999999999994 -65.60000000000001
v 166.4 51.199999999999996 -65.60000000000001
v 166.4 25.599999999999994 -51.2
v 166.4 51.199999999999996 -51.20000000000001
v 166.4 51.2 -12.800000000000008
v 166.4 51.2 -6.270191611634449e-15
v 166.4 25.6 -12.800000000000004
v 166.4 25.6 -3.1350958058172244e-15
v 166.4 25.599999999999998 -22.400000000000006
v 166.4 25.599999999999998 -25.600000000000005
v 166.4 51.2 -19.20000000000001
v 166.4 51.2 -25.60000000000001
v 168 51.2 -19.20000000000001
v 168 54.400000000000006 -19.20000000000001
v 166.4 51.2 -12.800000000000008
v 166.4 54.400000000000006 -12.800000000000008
v 166.4 76.80000000000001 -25.600000000000012
v 179.20000000000002 51.2 -25.60000000000001
v 166.4 76.80000000000001 -38.40000000000001
v 179.20000000000002 51.199999999999996 -38.40000000000001
v 166.4 64 -7.83773951454306e-15
v 166.4 51.2 -6.270191611634449e-15
v 166.4 54.400000000000006 -12.800000000000008
v 166.4 51.2 -12.800000000000008
v 166.4 12.799999999999995 -41.6
v 166.4 12.799999999999994 -51.2
v 166.4 25.599999999999998 -41.6
v 166.4 25.599999999999994 -51.2
v 169.60000000000002 12.799999999999997 -25.6
v 179.20000000000002 12.799999999999997 -25.6
v 169.60000000000002 25.599999999999998 -25.600000000000005
v 179.20000000000002 25.599999999999998 -25.600000000000005
v 179.20000000000002 12.799999999999997 -25.6
v 192 12.799999999999997 -25.6
v 179.20000000000002 25.599999999999998 -25.600000000000005
v 192 25.599999999999998 -25.600000000000005
v 192 12.799999999999995 -38.400000000000006
v 179.20000000000002 12.799999999999995 -38.400000000000006
v 192 25.599999999999998 -38.400000000000006
v 179.20000000000002 25.599999999999998 -38.400000000000006
v 179.20000000000002 -3.1350958058172244e-15 -25.6
v 192 -3.1350958058172244e-15 -25.6
v 179.20000000000002 12.799999999999997 -25.6
v 192 12.799999999999997 -25.6
v 192 -4.702643708725837e-15 -38.400000000000006
v 179.20000000000002 -4.702643708725837e-15 -38.400000000000006
v 192 12.799999999999995 -38.400000000000006
v 179.20000000000002 12.799999999999995 -38.400000000000006
v 169.60000000000002 -3.1350958058172244e-15 -25.6
v 179.20000000000002 -3.1350958058172244e-15 -25.6
v 169.60000000000002 12.799999999999997 -25.6
v 179.20000000000002 12.799999999999997 -25.6
v 166.4 -7.83773951454306e-15 -64
v 166.4 12.799999999999992 -65.60000000000001
v 166.4 -6.270191611634449e-15 -51.2
v 166.4 12.799999999999994 -51.2
v 166.4 3.2 -3.9188697572715305e-16
v 166.4 -1.5675479029086122e-15 -12.8
v 166.4 12.8 -1.5675479029086122e-15
v 166.4 12.799999999999999 -12.800000000000002
v 179.20000000000002 25.599999999999998 -25.600000000000005
v 192 25.599999999999998 -25.600000000000005
v 179.20000000000002 25.599999999999998 -38.400000000000006
v 192 25.599999999999998 -38.400000000000006
v 169.60000000000002 12.799999999999995 -38.400000000000006
v 179.20000000000002 12.799999999999995 -38.400000000000006
v 169.60000000000002 -4.702643708725837e-15 -38.400000000000006
v 179.20000000000002 -4.702643708725837e-15 -38.400000000000006
v 166.4 25.6 -12.800000000000004
v 166.4 25.6 -3.1350958058172244e-15
v 166.4 12.799999999999999 -12.800000000000002
v 166.4 12.8 -1.5675479029086122e-15
v 169.60000000000002 25.599999999999998 -38.400000000000006
v 179.20000000000002 25.599999999999998 -38.400000000000006
v 169.60000000000002 12.799999999999995 -38.400000000000006
v 179.20000000000002 12.799999999999995 -38.400000000000006
v 166.4 -5.09453068445299e-15 -41.6
v 166.4 12.799999999999995 -41.6
v 169.60000000000002 -4.702643708725837e-15 -38.400000000000006
v 169.60000000000002 12.799999999999995 -38.400000000000006
v 169.60000000000002 25.599999999999998 -38.400000000000006
v 169.60000000000002 12.799999999999995 -38.400000000000006
v 166.4 25.599999999999998 -41.6
v 166.4 12.799999999999995 -41.6
v 166.4 12.799999999999994 -51.2
v 166.4 12.799999999999995 -41.6
v 166.4 -5.486417660180143e-15 -44.800000000000004
v 166.4 -5.09453068445299e-15 -41.6
v 166.4 12.799999999999997 -22.400000000000002
v 166.4 25.599999999999998 -22.400000000000006
v 166.4 12.799999999999999 -12.800000000000002
v 166.4 25.6 -12.800000000000004
v 169.60000000000002 -3.1350958058172244e-15 -25.6
v 169.60000000000002 12.799999999999997 -25.6
v 166.4 -2.7432088300900714e-15 -22.400000000000002
v 166.4 12.799999999999997 -22.400000000000002
v 166.4 25.599999999999998 -22.400000000000006
v 166.4 12.799999999999997 -22.400000000000002
v 169.60000000000002 25.599999999999998 -25.600000000000005
v 169.60000000000002 12.799999999999997 -25.6
v 168 51.2 -25.60000000000001
v 166.4 51.2 -25.60000000000001
v 169.60000000000002 25.599999999999998 -25.600000000000005
v 166.4 25.599999999999998 -25.600000000000005
v 166.4 51.199999999999996 -44.80000000000001
v 166.4 51.199999999999996 -38.40000000000001
v 166.4 25.599999999999998 -41.6
v 166.4 25.599999999999998 -38.400000000000006
vt 0.1953125 0.7421875
vt 0.1328125 0.7421875
vt 0.1328125 0.6171875
vt 0.828125 0.3984375
vt 0.828125 0.375
vt 0.8671875 0.375
vt 0.625 0.375
vt 0.6640625 0.375
vt 0.6640625 0.3984375
vt 0.9921875 0
vt 0.9921875 0.2109375
vt 0.9296875 0.2109375
vt 0.75 0
vt 0.8671875 0.2421875
vt 0.765625 0.21875
vt 0.8671875 0.2421875
vt 0.765625 0.2421875
vt 0.765625 0.21875
vt 0.2421875 0.2421875
vt 0.3671875 0
vt 0.3515625 0.2109375
vt 0.3671875 0
vt 0.3671875 0.2109375
vt 0.3515625 0.2109375
vt 0.5 0.21875
vt 0.5 0
vt 0.5546875 0.03125
vt 0.765625 0.21875
vt 0.75 0.21875
vt 0.75 0
vt 0.3515625 0.2109375
vt 0.3515625 0.2421875
vt 0.2421875 0.2421875
vt 0.875 0.390625
vt 0.9453125 0.40625
vt 0.875 0.40625
vt 0.90625 0.3828125
vt 0.90625 0.375
vt 0.9921875 0.375
vt 0.59375 0.390625
vt 0.59375 0.40625
vt 0.5234375 0.40625
vt 0.578125 0.3828125
vt 0.5 0.375
vt 0.578125 0.375
vt 0.1953125 0.21875
vt 0.1328125 0.21875
vt 0.1328125 0
vt 0.1953125 0.21875
vt 0.1953125 0.2421875
vt 0.1328125 0.21875
vt 0.1328125 0.2421875
vt 0.9296875 0.2109375
vt 0.875 0.2109375
vt 0.9921875 0
vt 0.875 0
vt 0.1328125 0.21875
vt 0.1328125 0.2421875
vt 0 0.1171875
vt 0 0.2421875
vt 0.21875 0.5
vt 0.1328125 0.5
vt 0.1953125 0.2421875
vt 0.1328125 0.2421875
vt 0.3359375 0.4921875
vt 0.2421875 0.4921875
vt 0.3515625 0.2421875
vt 0.2421875 0.2421875
vt 0.765625 0.2421875
vt 0.8671875 0.2421875
vt 0.78125 0.5
vt 0.8671875 0.5
vt 0.1328125 0
vt 0.25 0
vt 0.1953125 0.21875
vt 0.25 0.21875
vt 0.5546875 0.03125
vt 0.5859375 0.0546875
vt 0.5 0.21875
vt 0.6171875 0.1171875
vt 0 0.1171875
vt 0.0078125 0
vt 0.1328125 0.21875
vt 0.1328125 0
vt 0.4296875 0.2421875
vt 0.4921875 0.2421875
vt 0.3984375 0.5
vt 0.4921875 0.5
vt 0 0.5
vt 0.1328125 0.5
vt 0 0.6171875
vt 0.1328125 0.6171875
vt 0.3671875 0.25
vt 0.3671875 0.5
vt 0.25 0.25
vt 0.25 0.5
vt 0.3984375 0.6171875
vt 0.4921875 0.6171875
vt 0.3984375 0.7421875
vt 0.4921875 0.7421875
vt 0.78125 0.5
vt 0.75 0.5
vt 0.765625 0.2421875
vt 0.75 0.2421875
vt 0 0.5
vt 0 0.2421875
vt 0.1328125 0.5
vt 0.1328125 0.2421875
vt 0.5 0.2421875
vt 0.6171875 0.2421875
vt 0.5 0.5
vt 0.6171875 0.5
vt 0.3984375 0.5
vt 0.375 0.5
vt 0.4296875 0.2421875
vt 0.375 0.2421875
vt 0.9296875 0.2421875
vt 0.9296875 0.2109375
vt 0.9921875 0.2421875
vt 0.9921875 0.2109375
vt 0.3671875 0
vt 0.3671875 0.25
vt 0.25 0
vt 0.25 0.25
vt 0.6171875 0.1171875
vt 0.6171875 0.2421875
vt 0.5 0.21875
vt 0.5 0.2421875
vt 0.21875 0.6171875
vt 0.1328125 0.6171875
vt 0.21875 0.5
vt 0.1328125 0.5
vt 0.3359375 0.6171875
vt 0.2421875 0.6171875
vt 0.3359375 0.4921875
vt 0.2421875 0.4921875
vt 0.2421875 0.6171875
vt 0.125 0.6171875
vt 0.2421875 0.4921875
vt 0.125 0.4921875
vt 0.9921875 0.6171875
vt 0.8671875 0.6171875
vt 0.9921875 0.5
vt 0.8671875 0.5
vt 0.2421875 0.7421875
vt 0.125 0.7421875
vt 0.2421875 0.6171875
vt 0.125 0.6171875
vt 0.9921875 0.7421875
vt 0.8671875 0.7421875
vt 0.9921875 0.6171875
vt 0.8671875 0.6171875
vt 0.3359375 0.7421875
vt 0.2421875 0.7421875
vt 0.3359375 0.6171875
vt 0.2421875 0.6171875
vt 0.0078125 0.7421875
vt 0 0.6171875
vt 0.1328125 0.7421875
vt 0.1328125 0.6171875
vt 0.6171875 0.7109375
vt 0.5 0.7421875
vt 0.6171875 0.6171875
vt 0.5 0.6171875
vt 0.9921875 0.375
vt 0.9921875 0.4921875
vt 0.875 0.375
vt 0.875 0.4921875
vt 0.78125 0.6171875
vt 0.8671875 0.6171875
vt 0.78125 0.7421875
vt 0.8671875 0.7421875
vt 0.5 0.5
vt 0.6171875 0.5
vt 0.5 0.6171875
vt 0.6171875 0.6171875
vt 0.78125 0.5
vt 0.8671875 0.5
vt 0.78125 0.6171875
vt 0.8671875 0.6171875
vt 0.21875 0.7421875
vt 0.21875 0.6171875
vt 0.25 0.7421875
vt 0.25 0.6171875
vt 0.25 0.5
vt 0.25 0.6171875
vt 0.21875 0.5
vt 0.21875 0.6171875
vt 0.1328125 0.6171875
vt 0.21875 0.6171875
vt 0.1953125 0.7421875
vt 0.21875 0.7421875
vt 0.3984375 0.6171875
vt 0.3984375 0.5
vt 0.4921875 0.6171875
vt 0.4921875 0.5
vt 0.375 0.7421875
vt 0.375 0.6171875
vt 0.3984375 0.7421875
vt 0.3984375 0.6171875
vt 0.3984375 0.5
vt 0.3984375 0.6171875
vt 0.375 0.5
vt 0.375 0.6171875
vt 0.3515625 0.2421875
vt 0.3671875 0.2421875
vt 0.3359375 0.4921875
vt 0.3671875 0.4921875
vt 0.1953125 0.2421875
vt 0.25 0.2421875
vt 0.21875 0.5
vt 0.25 0.5
vn -1 0 0
vn -1 0 0
vn -1 0 0
vn 0 -1 1.2246467991473532e-16
vn 0 -1 1.2246467991473532e-16
vn 0 -1 1.2246467991473532e-16
vn 0 -1 1.2246467991473532e-16
vn 0 -1 1.2246467991473532e-16
vn 0 -1 1.2246467991473532e-16
vn -1 0 0
vn -1 0 0
vn -1 0 0
vn 0 1.2246467991473532e-16 1
vn 0 1.2246467991473532e-16 1
vn 0 1.2246467991473532e-16 1
vn 0 1.2246467991473532e-16 1
vn 0 1.2246467991473532e-16 1
vn 0 1.2246467991473532e-16 1
vn 0 -1.2246467991473532e-16 -1
vn 0 -1.2246467991473532e-16 -1
vn 0 -1.2246467991473532e-16 -1
vn 0 -1.2246467991473532e-16 -1
vn 0 -1.2246467991473532e-16 -1
vn 0 -1.2246467991473532e-16 -1
vn -1 0 0
vn -1 0 0
vn -1 0 0
vn 0 1.2246467991473532e-16 1
vn 0 1.2246467991473532e-16 1
vn 0 1.2246467991473532e-16 1
vn 0 -1.2246467991473532e-16 -1
vn 0 -1.2246467991473532e-16 -1
vn 0 -1.2246467991473532e-16 -1
vn 0 1 -1.2246467991473532e-16
vn 0 1 -1.2246467991473532e-16
vn 0 1 -1.2246467991473532e-16
vn 0 -1 1.2246467991473532e-16
vn 0 -1 1.2246467991473532e-16
vn 0 -1 1.2246467991473532e-16
vn 0 1 -1.2246467991473532e-16
vn 0 1 -1.2246467991473532e-16
vn 0 1 -1.2246467991473532e-16
vn 0 -1 1.2246467991473532e-16
vn 0 -1 1.2246467991473532e-16
vn 0 -1 1.2246467991473532e-16
vn -1 0 0
vn -1 0 0
vn -1 0 0
vn -0.9701425001453319 2.970204768799478e-17 0.24253562503633297
vn -0.9701425001453319 2.970204768799478e-17 0.24253562503633297
vn -0.9701425001453319 2.970204768799478e-17 0.24253562503633297
vn -0.9701425001453319 2.970204768799478e-17 0.24253562503633297
vn -1 0 0
vn -1 0 0
vn -1 0 0
vn -1 0 0
vn -1 0 0
vn -1 0 0
vn -1 0 0
vn -1 0 0
vn -1 0 0
vn -1 0 0
vn -1 0 0
vn -1 0 0
vn 0 -1.2246467991473532e-16 -1
vn 0 -1.2246467991473532e-16 -1
vn 0 -1.2246467991473532e-16 -1
vn 0 -1.2246467991473532e-16 -1
vn 0 1.2246467991473532e-16 1
vn 0 1.2246467991473532e-16 1
vn 0 1.2246467991473532e-16 1
vn 0 1.2246467991473532e-16 1
vn -1 0 0
vn -1 0 0
vn -1 0 0
vn -1 0 0
vn -1 0 0
vn -1 0 0
vn -1 0 0
vn -1 0 0
vn -1 0 0
vn -1 0 0
vn -1 0 0
vn -1 0 0
vn -1 0 0
vn -1 0 0
vn -1 0 0
vn -1 0 0
vn -1 0 0
vn -1 0 0
vn -1 0 0
vn -1 0 0
vn -1 0 0
vn -1 0 0
vn -1 0 0
vn -1 0 0
vn -1 0 0
vn -1 0 0
vn -1 0 0
vn -1 0 0
vn 0 1.2246467991473532e-16 1
vn 0 1.2246467991473532e-16 1
vn 0 1.2246467991473532e-16 1
vn 0 1.2246467991473532e-16 1
vn -1 0 0
vn -1 0 0
vn -1 0 0
vn -1 0 0
vn -1 0 0
vn -1 0 0
vn -1 0 0
vn -1 0 0
vn -1 0 0
vn -1 0 0
vn -1 0 0
vn -1 0 0
vn -0.9701425001453319 -2.970204768799478e-17 -0.24253562503633297
vn -0.9701425001453319 -2.970204768799478e-17 -0.24253562503633297
vn -0.9701425001453319 -2.970204768799478e-17 -0.24253562503633297
vn -0.9701425001453319 -2.970204768799478e-17 -0.24253562503633297
vn -0.8944271909999157 -0.44721359549995787 5.476786982642025e-17
vn -0.8944271909999157 -0.44721359549995787 5.476786982642025e-17
vn -0.8944271909999157 -0.44721359549995787 5.476786982642025e-17
vn -0.8944271909999157 -0.44721359549995787 5.476786982642025e-17
vn -1 0 0
vn -1 0 0
vn -1 0 0
vn -1 0 0
vn -1 0 0
vn -1 0 0
vn -1 0 0
vn -1 0 0
vn 0 -1.2246467991473532e-16 -1
vn 0 -1.2246467991473532e-16 -1
vn 0 -1.2246467991473532e-16 -1
vn 0 -1.2246467991473532e-16 -1
vn 0 -1.2246467991473532e-16 -1
vn 0 -1.2246467991473532e-16 -1
vn 0 -1.2246467991473532e-16 -1
vn 0 -1.2246467991473532e-16 -1
vn 0 1.2246467991473532e-16 1
vn 0 1.2246467991473532e-16 1
vn 0 1.2246467991473532e-16 1
vn 0 1.2246467991473532e-16 1
vn 0 -1.2246467991473532e-16 -1
vn 0 -1.2246467991473532e-16 -1
vn 0 -1.2246467991473532e-16 -1
vn 0 -1.2246467991473532e-16 -1
vn 0 1.2246467991473532e-16 1
vn 0 1.2246467991473532e-16 1
vn 0 1.2246467991473532e-16 1
vn 0 1.2246467991473532e-16 1
vn 0 -1.2246467991473532e-16 -1
vn 0 -1.2246467991473532e-16 -1
vn 0 -1.2246467991473532e-16 -1
vn 0 -1.2246467991473532e-16 -1
vn -1 0 0
vn -1 0 0
vn -1 0 0
vn -1 0 0
vn -1 0 0
vn -1 0 0
vn -1 0 0
vn -1 0 0
vn 0 -1 1.2246467991473532e-16
vn 0 -1 1.2246467991473532e-16
vn 0 -1 1.2246467991473532e-16
vn 0 -1 1.2246467991473532e-16
vn 0 1.2246467991473532e-16 1
vn 0 1.2246467991473532e-16 1
vn 0 1.2246467991473532e-16 1
vn 0 1.2246467991473532e-16 1
vn -1 0 0
vn -1 0 0
vn -1 0 0
vn -1 0 0
vn 0 1.2246467991473532e-16 1
vn 0 1.2246467991473532e-16 1
vn 0 1.2246467991473532e-16 1
vn 0 1.2246467991473532e-16 1
vn -0.7071067811865475 8.659560562354932e-17 0.7071067811865475
vn -0.7071067811865475 8.659560562354932e-17 0.7071067811865475
vn -0.7071067811865475 8.659560562354932e-17 0.7071067811865475
vn -0.7071067811865475 8.659560562354932e-17 0.7071067811865475
vn -0.7071067811865475 8.659560562354932e-17 0.7071067811865475
vn -0.7071067811865475 8.659560562354932e-17 0.7071067811865475
vn -0.7071067811865475 8.659560562354932e-17 0.7071067811865475
vn -0.7071067811865475 8.659560562354932e-17 0.7071067811865475
vn -1 0 0
vn -1 0 0
vn -1 0 0
vn -1 0 0
vn -1 0 0
vn -1 0 0
vn -1 0 0
vn -1 0 0
vn -0.7071067811865475 -8.659560562354932e-17 -0.7071067811865475
vn -0.7071067811865475 -8.659560562354932e-17 -0.7071067811865475
vn -0.7071067811865475 -8.659560562354932e-17 -0.7071067811865475
vn -0.7071067811865475 -8.659560562354932e-17 -0.7071067811865475
vn -0.7071067811865475 -8.659560562354932e-17 -0.7071067811865475
vn -0.7071067811865475 -8.659560562354932e-17 -0.7071067811865475
vn -0.7071067811865475 -8.659560562354932e-17 -0.7071067811865475
vn -0.7071067811865475 -8.659560562354932e-17 -0.7071067811865475
vn 0 -1.2246467991473532e-16 -1
vn 0 -1.2246467991473532e-16 -1
vn 0 -1.2246467991473532e-16 -1
vn 0 -1.2246467991473532e-16 -1
vn -1 0 0
vn -1 0 0
vn -1 0 0
vn -1 0 0
f 940/940/940 939/939/939 938/938/938
f 943/943/943 942/942/942 941/941/941
f 946/946/946 945/945/945 944/944/944
f 949/949/949 948/948/948 947/947/947
f 952/952/952 951/951/951 950/950/950
f 955/955/955 954/954/954 953/953/953
f 958/958/958 957/957/957 956/956/956
f 961/961/961 960/960/960 959/959/959
f 964/964/964 963/963/963 962/962/962
f 967/967/967 966/966/966 965/965/965
f 970/970/970 969/969/969 968/968/968
f 973/973/973 972/972/972 971/971/971
f 976/976/976 975/975/975 974/974/974
f 979/979/979 978/978/978 977/977/977
f 982/982/982 981/981/981 980/980/980
f 985/985/985 984/984/984 983/983/983
f 988/988/988 987/987/987 986/986/986
f 987/987/987 988/988/988 989/989/989
f 992/992/992 991/991/991 990/990/990
f 991/991/991 992/992/992 993/993/993
f 996/996/996 995/995/995 994/994/994
f 995/995/995 996/996/996 997/997/997
f 1000/1000/1000 999/999/999 998/998/998
f 999/999/999 1000/1000/1000 1001/1001/1001
f 1004/1004/1004 1003/1003/1003 1002/1002/1002
f 1003/1003/1003 1004/1004/1004 1005/1005/1005
f 1008/1008/1008 1007/1007/1007 1006/1006/1006
f 1007/1007/1007 1008/1008/1008 1009/1009/1009
f 1012/1012/1012 1011/1011/1011 1010/1010/1010
f 1011/1011/1011 1012/1012/1012 1013/1013/1013
f 1016/1016/1016 1015/1015/1015 1014/1014/1014
f 1015/1015/1015 1016/1016/1016 1017/1017/1017
f 1020/1020/1020 1019/1019/1019 1018/1018/1018
f 1019/1019/1019 1020/1020/1020 1021/1021/1021
f 1024/1024/1024 1023/1023/1023 1022/1022/1022
f 1023/1023/1023 1024/1024/1024 1025/1025/1025
f 1028/1028/1028 1027/1027/1027 1026/1026/1026
f 1027/1027/1027 1028/1028/1028 1029/1029/1029
f 1032/1032/1032 1031/1031/1031 1030/1030/1030
f 1031/1031/1031 1032/1032/1032 1033/1033/1033
f 1036/1036/1036 1035/1035/1035 1034/1034/1034
f 1035/1035/1035 1036/1036/1036 1037/1037/1037
f 1040/1040/1040 1039/1039/1039 1038/1038/1038
f 1039/1039/1039 1040/1040/1040 1041/1041/1041
f 1044/1044/1044 1043/1043/1043 1042/1042/1042
f 1043/1043/1043 1044/1044/1044 1045/1045/1045
f 1048/1048/1048 1047/1047/1047 1046/1046/1046
f 1047/1047/1047 1048/1048/1048 1049/1049/1049
f 1052/1052/1052 1051/1051/1051 1050/1050/1050
f 1051/1051/1051 1052/1052/1052 1053/1053/1053
f 1056/1056/1056 1055/1055/1055 1054/1054/1054
f 1055/1055/1055 1056/1056/1056 1057/1057/1057
f 1060/1060/1060 1059/1059/1059 1058/1058/1058
f 1059/1059/1059 1060/1060/1060 1061/1061/1061
f 1064/1064/1064 1063/1063/1063 1062/1062/1062
f 1063/1063/1063 1064/1064/1064 1065/1065/1065
f 1068/1068/1068 1067/1067/1067 1066/1066/1066
f 1067/1067/1067 1068/1068/1068 1069/1069/1069
f 1072/1072/1072 1071/1071/1071 1070/1070/1070
f 1071/1071/1071 1072/1072/1072 1073/1073/1073
f 1076/1076/1076 1075/1075/1075 1074/1074/1074
f 1075/1075/1075 1076/1076/1076 1077/1077/1077
f 1080/1080/1080 1079/1079/1079 1078/1078/1078
f 1079/1079/1079 1080/1080/1080 1081/1081/1081
f 1084/1084/1084 1083/1083/1083 1082/1082/1082
f 1083/1083/1083 1084/1084/1084 1085/1085/1085
f 1088/1088/1088 1087/1087/1087 1086/1086/1086
f 1087/1087/1087 1088/1088/1088 1089/1089/1089
f 1092/1092/1092 1091/1091/1091 1090/1090/1090
f 1091/1091/1091 1092/1092/1092 1093/1093/1093
f 1096/1096/1096 1095/1095/1095 1094/1094/1094
f 1095/1095/1095 1096/1096/1096 1097/1097/1097
f 1100/1100/1100 1099/1099/1099 1098/1098/1098
f 1099/1099/1099 1100/1100/1100 1101/1101/1101
f 1104/1104/1104 1103/1103/1103 1102/1102/1102
f 1103/1103/1103 1104/1104/1104 1105/1105/1105
f 1108/1108/1108 1107/1107/1107 1106/1106/1106
f 1107/1107/1107 1108/1108/1108 1109/1109/1109
f 1112/1112/1112 1111/1111/1111 1110/1110/1110
f 1111/1111/1111 1112/1112/1112 1113/1113/1113
f 1116/1116/1116 1115/1115/1115 1114/1114/1114
f 1115/1115/1115 1116/1116/1116 1117/1117/1117
f 1120/1120/1120 1119/1119/1119 1118/1118/1118
f 1119/1119/1119 1120/1120/1120 1121/1121/1121
f 1124/1124/1124 1123/1123/1123 1122/1122/1122
f 1123/1123/1123 1124/1124/1124 1125/1125/1125
f 1128/1128/1128 1127/1127/1127 1126/1126/1126
f 1127/1127/1127 1128/1128/1128 1129/1129/1129
f 1132/1132/1132 1131/1131/1131 1130/1130/1130
f 1131/1131/1131 1132/1132/1132 1133/1133/1133
f 1136/1136/1136 1135/1135/1135 1134/1134/1134
f 1135/1135/1135 1136/1136/1136 1137/1137/1137
f 1140/1140/1140 1139/1139/1139 1138/1138/1138
f 1139/1139/1139 1140/1140/1140 1141/1141/1141
f 1144/1144/1144 1143/1143/1143 1142/1142/1142
f 1143/1143/1143 1144/1144/1144 1145/1145/1145
f 1148/1148/1148 1147/1147/1147 1146/1146/1146
f 1147/1147/1147 1148/1148/1148 1149/1149/1149
o mesh_18
usemtl mat8
v 168 42.4 -32.00000000000001
v 166.4 41.599999999999994 -32.00000000000001
v 166.4 42.4 -30.400000000000006
v 164.8 42.4 -32.00000000000001
v 166.4 41.599999999999994 -32.00000000000001
v 166.4 42.4 -33.60000000000001
v 168 42.4 -32.00000000000001
v 166.4 42.4 -33.60000000000001
v 166.4 41.599999999999994 -32.00000000000001
v 168 45.599999999999994 -32.00000000000001
v 166.4 47.199999999999996 -32.00000000000001
v 166.4 45.599999999999994 -33.60000000000001
v 164.8 45.599999999999994 -32.00000000000001
v 166.4 45.599999999999994 -33.60000000000001
v 166.4 47.199999999999996 -32.00000000000001
v 168 45.599999999999994 -32.00000000000001
v 166.4 45.599999999999994 -30.40000000000001
v 166.4 47.199999999999996 -32.00000000000001
v 164.8 45.599999999999994 -32.00000000000001
v 166.4 47.199999999999996 -32.00000000000001
v 166.4 45.599999999999994 -30.40000000000001
v 164.8 42.4 -32.00000000000001
v 166.4 42.4 -30.400000000000006
v 166.4 41.599999999999994 -32.00000000000001
v 164.8 42.4 -32.00000000000001
v 166.4 42.4 -33.60000000000001
v 164.8 45.599999999999994 -32.00000000000001
v 166.4 45.599999999999994 -33.60000000000001
v 166.4 42.4 -33.60000000000001
v 168 42.4 -32.00000000000001
v 164.8 42.4 -32.00000000000001
v 166.4 42.4 -30.400000000000006
v 166.4 45.599999999999994 -30.40000000000001
v 166.4 42.4 -30.400000000000006
v 164.8 45.599999999999994 -32.00000000000001
v 164.8 42.4 -32.00000000000001
v 166.4 47.199999999999996 -31.20000000000001
v 166.4 47.199999999999996 -32.80000000000001
v 166.4 51.199999999999996 -31.20000000000001
v 166.4 51.199999999999996 -32.80000000000001
v 168 42.4 -32.00000000000001
v 168 45.599999999999994 -32.00000000000001
v 166.4 42.4 -30.400000000000006
v 166.4 45.599999999999994 -30.40000000000001
v 166.4 42.4 -33.60000000000001
v 166.4 45.599999999999994 -33.60000000000001
v 168 42.4 -32.00000000000001
v 168 45.599999999999994 -32.00000000000001
v 164.8 45.599999999999994 -32.00000000000001
v 166.4 45.599999999999994 -33.60000000000001
v 164.8 42.4 -32.00000000000001
v 166.4 42.4 -33.60000000000001
v 166.4 51.199999999999996 -31.20000000000001
v 166.4 51.199999999999996 -32.80000000000001
v 166.4 47.199999999999996 -31.20000000000001
v 166.4 47.199999999999996 -32.80000000000001
v 164.8 45.599999999999994 -32.00000000000001
v 164.8 42.4 -32.00000000000001
v 166.4 45.599999999999994 -30.40000000000001
v 166.4 42.4 -30.400000000000006
v 166.4 45.599999999999994 -30.40000000000001
v 168 45.599999999999994 -32.00000000000001
v 164.8 45.599999999999994 -32.00000000000001
v 166.4 45.599999999999994 -33.60000000000001
v 166.4 42.4 -30.400000000000006
v 166.4 45.599999999999994 -30.40000000000001
v 168 42.4 -32.00000000000001
v 168 45.599999999999994 -32.00000000000001
v 168 42.4 -32.00000000000001
v 168 45.599999999999994 -32.00000000000001
v 166.4 42.4 -33.60000000000001
v 166.4 45.599999999999994 -33.60000000000001
vt 0.6875 0.3046875
vt 0.7109375 0.2734375
vt 0.7421875 0.3046875
vt 0.7421875 0.25
vt 0.7109375 0.2734375
vt 0.6875 0.25
vt 0.6875 0.3046875
vt 0.6875 0.25
vt 0.7109375 0.2734375
vt 0.7421875 0.3046875
vt 0.7109375 0.2734375
vt 0.7421875 0.25
vt 0.6875 0.25
vt 0.7421875 0.25
vt 0.7109375 0.2734375
vt 0.7421875 0.3046875
vt 0.6875 0.3046875
vt 0.7109375 0.2734375
vt 0.6875 0.25
vt 0.7109375 0.2734375
vt 0.6875 0.3046875
vt 0.7421875 0.25
vt 0.7421875 0.3046875
vt 0.7109375 0.2734375
vt 0.7421875 0.3671875
vt 0.6875 0.3671875
vt 0.7421875 0.3125
vt 0.6875 0.3125
vt 0.625 0.3671875
vt 0.625 0.34375
vt 0.6484375 0.3671875
vt 0.6484375 0.34375
vt 0.7421875 0.3125
vt 0.7421875 0.3671875
vt 0.6875 0.3125
vt 0.6875 0.3671875
vt 0.6796875 0.3046875
vt 0.65625 0.3046875
vt 0.6796875 0.25
vt 0.65625 0.25
vt 0.7421875 0.3671875
vt 0.7421875 0.3125
vt 0.6875 0.3671875
vt 0.6875 0.3125
vt 0.7421875 0.3671875
vt 0.7421875 0.3125
vt 0.6875 0.3671875
vt 0.6875 0.3125
vt 0.7421875 0.3125
vt 0.6875 0.3125
vt 0.7421875 0.3671875
vt 0.6875 0.3671875
vt 0.6796875 0.25
vt 0.65625 0.25
vt 0.6796875 0.3046875
vt 0.65625 0.3046875
vt 0.6875 0.3125
vt 0.6875 0.3671875
vt 0.7421875 0.3125
vt 0.7421875 0.3671875
vt 0.6484375 0.3671875
vt 0.625 0.3671875
vt 0.6484375 0.34375
vt 0.625 0.34375
vt 0.6875 0.3671875
vt 0.6875 0.3125
vt 0.7421875 0.3671875
vt 0.7421875 0.3125
vt 0.6875 0.3671875
vt 0.6875 0.3125
vt 0.7421875 0.3671875
vt 0.7421875 0.3125
vn 0.408248290463863 -0.816496580927726 0.40824829046386313
vn 0.408248290463863 -0.816496580927726 0.40824829046386313
vn 0.408248290463863 -0.816496580927726 0.40824829046386313
vn -0.408248290463863 -0.816496580927726 -0.40824829046386296
vn -0.408248290463863 -0.816496580927726 -0.40824829046386296
vn -0.408248290463863 -0.816496580927726 -0.40824829046386296
vn 0.408248290463863 -0.816496580927726 -0.40824829046386296
vn 0.408248290463863 -0.816496580927726 -0.40824829046386296
vn 0.408248290463863 -0.816496580927726 -0.40824829046386296
vn 0.5773502691896257 0.5773502691896257 -0.5773502691896258
vn 0.5773502691896257 0.5773502691896257 -0.5773502691896258
vn 0.5773502691896257 0.5773502691896257 -0.5773502691896258
vn -0.5773502691896257 0.5773502691896257 -0.5773502691896258
vn -0.5773502691896257 0.5773502691896257 -0.5773502691896258
vn -0.5773502691896257 0.5773502691896257 -0.5773502691896258
vn 0.5773502691896257 0.5773502691896258 0.5773502691896257
vn 0.5773502691896257 0.5773502691896258 0.5773502691896257
vn 0.5773502691896257 0.5773502691896258 0.5773502691896257
vn -0.5773502691896257 0.5773502691896258 0.5773502691896257
vn -0.5773502691896257 0.5773502691896258 0.5773502691896257
vn -0.5773502691896257 0.5773502691896258 0.5773502691896257
vn -0.408248290463863 -0.816496580927726 0.40824829046386313
vn -0.408248290463863 -0.816496580927726 0.40824829046386313
vn -0.408248290463863 -0.816496580927726 0.40824829046386313
vn -0.7071067811865475 -8.659560562354932e-17 -0.7071067811865475
vn -0.7071067811865475 -8.659560562354932e-17 -0.7071067811865475
vn -0.7071067811865475 -8.659560562354932e-17 -0.7071067811865475
vn -0.7071067811865475 -8.659560562354932e-17 -0.7071067811865475
vn 0 1 -1.2246467991473532e-16
vn 0 1 -1.2246467991473532e-16
vn 0 1 -1.2246467991473532e-16
vn 0 1 -1.2246467991473532e-16
vn -0.7071067811865475 8.659560562354932e-17 0.7071067811865475
vn -0.7071067811865475 8.659560562354932e-17 0.7071067811865475
vn -0.7071067811865475 8.659560562354932e-17 0.7071067811865475
vn -0.7071067811865475 8.659560562354932e-17 0.7071067811865475
vn -1 0 0
vn -1 0 0
vn -1 0 0
vn -1 0 0
vn -0.7071067811865475 -8.659560562354932e-17 -0.7071067811865475
vn -0.7071067811865475 -8.659560562354932e-17 -0.7071067811865475
vn -0.7071067811865475 -8.659560562354932e-17 -0.7071067811865475
vn -0.7071067811865475 -8.659560562354932e-17 -0.7071067811865475
vn -0.7071067811865475 8.659560562354932e-17 0.7071067811865475
vn -0.7071067811865475 8.659560562354932e-17 0.7071067811865475
vn -0.7071067811865475 8.659560562354932e-17 0.7071067811865475
vn -0.7071067811865475 8.659560562354932e-17 0.7071067811865475
vn 0.7071067811865475 8.659560562354932e-17 0.7071067811865475
vn 0.7071067811865475 8.659560562354932e-17 0.7071067811865475
vn 0.7071067811865475 8.659560562354932e-17 0.7071067811865475
vn 0.7071067811865475 8.659560562354932e-17 0.7071067811865475
vn 1 0 0
vn 1 0 0
vn 1 0 0
vn 1 0 0
vn 0.7071067811865475 -8.659560562354932e-17 -0.7071067811865475
vn 0.7071067811865475 -8.659560562354932e-17 -0.7071067811865475
vn 0.7071067811865475 -8.659560562354932e-17 -0.7071067811865475
vn 0.7071067811865475 -8.659560562354932e-17 -0.7071067811865475
vn 0 -1 1.2246467991473532e-16
vn 0 -1 1.2246467991473532e-16
vn 0 -1 1.2246467991473532e-16
vn 0 -1 1.2246467991473532e-16
vn 0.7071067811865475 8.659560562354932e-17 0.7071067811865475
vn 0.7071067811865475 8.659560562354932e-17 0.7071067811865475
vn 0.7071067811865475 8.659560562354932e-17 0.7071067811865475
vn 0.7071067811865475 8.659560562354932e-17 0.7071067811865475
vn 0.7071067811865475 -8.659560562354932e-17 -0.7071067811865475
vn 0.7071067811865475 -8.659560562354932e-17 -0.7071067811865475
vn 0.7071067811865475 -8.659560562354932e-17 -0.7071067811865475
vn 0.7071067811865475 -8.659560562354932e-17 -0.7071067811865475
f 1152/1152/1152 1151/1151/1151 1150/1150/1150
f 1155/1155/1155 1154/1154/1154 1153/1153/1153
f 1158/1158/1158 1157/1157/1157 1156/1156/1156
f 1161/1161/1161 1160/1160/1160 1159/1159/1159
f 1164/1164/1164 1163/1163/1163 1162/1162/1162
f 1167/1167/1167 1166/1166/1166 1165/1165/1165
f 1170/1170/1170 1169/1169/1169 1168/1168/1168
f 1173/1173/1173 1172/1172/1172 1171/1171/1171
f 1176/1176/1176 1175/1175/1175 1174/1174/1174
f 1175/1175/1175 1176/1176/1176 1177/1177/1177
f 1180/1180/1180 1179/1179/1179 1178/1178/1178
f 1179/1179/1179 1180/1180/1180 1181/1181/1181
f 1184/1184/1184 1183/1183/1183 1182/1182/1182
f 1183/1183/1183 1184/1184/1184 1185/1185/1185
f 1188/1188/1188 1187/1187/1187 1186/1186/1186
f 1187/1187/1187 1188/1188/1188 1189/1189/1189
f 1192/1192/1192 1191/1191/1191 1190/1190/1190
f 1191/1191/1191 1192/1192/1192 1193/1193/1193
f 1196/1196/1196 1195/1195/1195 1194/1194/1194
f 1195/1195/1195 1196/1196/1196 1197/1197/1197
f 1200/1200/1200 1199/1199/1199 1198/1198/1198
f 1199/1199/1199 1200/1200/1200 1201/1201/1201
f 1204/1204/1204 1203/1203/1203 1202/1202/1202
f 1203/1203/1203 1204/1204/1204 1205/1205/1205
f 1208/1208/1208 1207/1207/1207 1206/1206/1206
f 1207/1207/1207 1208/1208/1208 1209/1209/1209
f 1212/1212/1212 1211/1211/1211 1210/1210/1210
f 1211/1211/1211 1212/1212/1212 1213/1213/1213
f 1216/1216/1216 1215/1215/1215 1214/1214/1214
f 1215/1215/1215 1216/1216/1216 1217/1217/1217
f 1220/1220/1220 1219/1219/1219 1218/1218/1218
f 1219/1219/1219 1220/1220/1220 1221/1221/1221
o mesh_19
usemtl mat6
v 164.8 54.400000000000006 -25.60000000000001
v 164.8 51.2 -25.60000000000001
v 164.8 54.4 -38.40000000000001
v 164.8 51.199999999999996 -38.40000000000001
v 164.8 54.400000000000006 -19.20000000000001
v 164.8 54.400000000000006 -25.60000000000001
v 166.4 54.400000000000006 -19.20000000000001
v 166.4 54.400000000000006 -25.60000000000001
v 164.8 51.2 -25.60000000000001
v 164.8 51.2 -19.20000000000001
v 166.4 51.2 -25.60000000000001
v 166.4 51.2 -19.20000000000001
v 164.8 51.2 -19.20000000000001
v 164.8 54.400000000000006 -19.20000000000001
v 166.4 51.2 -19.20000000000001
v 166.4 54.400000000000006 -19.20000000000001
v 168 51.2 -25.60000000000001
v 168 54.400000000000006 -25.60000000000001
v 168 51.199999999999996 -38.40000000000001
v 168 54.4 -38.40000000000001
v 164.8 54.4 -38.40000000000001
v 164.8 54.4 -44.80000000000001
v 166.4 54.4 -38.40000000000001
v 166.4 54.4 -44.80000000000001
v 164.8 51.199999999999996 -44.80000000000001
v 164.8 51.199999999999996 -38.40000000000001
v 166.4 51.199999999999996 -44.80000000000001
v 166.4 51.199999999999996 -38.40000000000001
v 164.8 54.4 -44.80000000000001
v 164.8 51.199999999999996 -44.80000000000001
v 166.4 54.4 -44.80000000000001
v 166.4 51.199999999999996 -44.80000000000001
v 164.8 51.2 -19.20000000000001
v 164.8 51.2 -25.60000000000001
v 164.8 54.400000000000006 -19.20000000000001
v 164.8 54.400000000000006 -25.60000000000001
v 168 51.199999999999996 -44.80000000000001
v 168 54.4 -44.80000000000001
v 166.4 51.199999999999996 -44.80000000000001
v 166.4 54.4 -44.80000000000001
v 168 54.400000000000006 -19.20000000000001
v 168 51.2 -19.20000000000001
v 166.4 54.400000000000006 -19.20000000000001
v 166.4 51.2 -19.20000000000001
v 166.4 51.2 -25.60000000000001
v 168 51.2 -25.60000000000001
v 166.4 51.199999999999996 -38.40000000000001
v 168 51.199999999999996 -38.40000000000001
v 168 54.400000000000006 -25.60000000000001
v 166.4 54.400000000000006 -25.60000000000001
v 168 54.4 -38.40000000000001
v 166.4 54.4 -38.40000000000001
v 164.8 51.2 -25.60000000000001
v 166.4 51.2 -25.60000000000001
v 164.8 51.199999999999996 -38.40000000000001
v 166.4 51.199999999999996 -38.40000000000001
v 166.4 54.400000000000006 -25.60000000000001
v 164.8 54.400000000000006 -25.60000000000001
v 166.4 54.4 -38.40000000000001
v 164.8 54.4 -38.40000000000001
v 164.8 54.4 -44.80000000000001
v 164.8 54.4 -38.40000000000001
v 164.8 51.199999999999996 -44.80000000000001
v 164.8 51.199999999999996 -38.40000000000001
vt 0.671875 0.75
vt 0.671875 0.7890625
vt 0.5703125 0.75
vt 0.5703125 0.7890625
vt 0.7421875 0.8359375
vt 0.6796875 0.8359375
vt 0.7421875 0.8203125
vt 0.6796875 0.8203125
vt 0.671875 0.796875
vt 0.7265625 0.796875
vt 0.671875 0.8203125
vt 0.71875 0.8203125
vt 0.7265625 0.7890625
vt 0.7265625 0.75
vt 0.7265625 0.796875
vt 0.7265625 0.7578125
vt 0.671875 0.8125
vt 0.671875 0.7734375
vt 0.5703125 0.8125
vt 0.5703125 0.7734375
vt 0.5546875 0.8359375
vt 0.5 0.8359375
vt 0.5546875 0.8203125
vt 0.5 0.8203125
vt 0.515625 0.796875
vt 0.5703125 0.796875
vt 0.515625 0.8203125
vt 0.5703125 0.8203125
vt 0.5234375 0.75
vt 0.5234375 0.7890625
vt 0.5234375 0.7578125
vt 0.5234375 0.796875
vt 0.7265625 0.7890625
vt 0.671875 0.7890625
vt 0.7265625 0.75
vt 0.671875 0.75
vt 0.5234375 0.8125
vt 0.5234375 0.765625
vt 0.5234375 0.796875
vt 0.5234375 0.7578125
vt 0.7265625 0.7734375
vt 0.7265625 0.8125
vt 0.7265625 0.7578125
vt 0.7265625 0.796875
vt 0.671875 0.8203125
vt 0.671875 0.828125
vt 0.5703125 0.8203125
vt 0.5703125 0.828125
vt 0.6796875 0.8046875
vt 0.6796875 0.8203125
vt 0.5546875 0.8046875
vt 0.5546875 0.8203125
vt 0.671875 0.796875
vt 0.671875 0.8203125
vt 0.5703125 0.796875
vt 0.5703125 0.8203125
vt 0.6796875 0.8203125
vt 0.6796875 0.8359375
vt 0.5546875 0.8203125
vt 0.5546875 0.8359375
vt 0.5234375 0.75
vt 0.5703125 0.75
vt 0.5234375 0.7890625
vt 0.5703125 0.7890625
vn -1 0 0
vn -1 0 0
vn -1 0 0
vn -1 0 0
vn 0 1 -1.2246467991473532e-16
vn 0 1 -1.2246467991473532e-16
vn 0 1 -1.2246467991473532e-16
vn 0 1 -1.2246467991473532e-16
vn 0 -1 1.2246467991473532e-16
vn 0 -1 1.2246467991473532e-16
vn 0 -1 1.2246467991473532e-16
vn 0 -1 1.2246467991473532e-16
vn 0 1.2246467991473532e-16 1
vn 0 1.2246467991473532e-16 1
vn 0 1.2246467991473532e-16 1
vn 0 1.2246467991473532e-16 1
vn 1 0 0
vn 1 0 0
vn 1 0 0
vn 1 0 0
vn 0 1 -1.2246467991473532e-16
vn 0 1 -1.2246467991473532e-16
vn 0 1 -1.2246467991473532e-16
vn 0 1 -1.2246467991473532e-16
vn 0 -1 1.2246467991473532e-16
vn 0 -1 1.2246467991473532e-16
vn 0 -1 1.2246467991473532e-16
vn 0 -1 1.2246467991473532e-16
vn 0 -1.2246467991473532e-16 -1
vn 0 -1.2246467991473532e-16 -1
vn 0 -1.2246467991473532e-16 -1
vn 0 -1.2246467991473532e-16 -1
vn -1 0 0
vn -1 0 0
vn -1 0 0
vn -1 0 0
vn 0 -1.2246467991473532e-16 -1
vn 0 -1.2246467991473532e-16 -1
vn 0 -1.2246467991473532e-16 -1
vn 0 -1.2246467991473532e-16 -1
vn 0 1.2246467991473532e-16 1
vn 0 1.2246467991473532e-16 1
vn 0 1.2246467991473532e-16 1
vn 0 1.2246467991473532e-16 1
vn 0 -1 1.2246467991473532e-16
vn 0 -1 1.2246467991473532e-16
vn 0 -1 1.2246467991473532e-16
vn 0 -1 1.2246467991473532e-16
vn 0 1 -1.2246467991473532e-16
vn 0 1 -1.2246467991473532e-16
vn 0 1 -1.2246467991473532e-16
vn 0 1 -1.2246467991473532e-16
vn 0 -1 1.2246467991473532e-16
vn 0 -1 1.2246467991473532e-16
vn 0 -1 1.2246467991473532e-16
vn 0 -1 1.2246467991473532e-16
vn 0 1 -1.2246467991473532e-16
vn 0 1 -1.2246467991473532e-16
vn 0 1 -1.2246467991473532e-16
vn 0 1 -1.2246467991473532e-16
vn -1 0 0
vn -1 0 0
vn -1 0 0
vn -1 0 0
f 1224/1224/1224 1223/1223/1223 1222/1222/1222
f 1223/1223/1223 1224/1224/1224 1225/1225/1225
f 1228/1228/1228 1227/1227/1227 1226/1226/1226
f 1227/1227/1227 1228/1228/1228 1229/1229/1229
f 1232/1232/1232 1231/1231/1231 1230/1230/1230
f 1231/1231/1231 1232/1232/1232 1233/1233/1233
f 1236/1236/1236 1235/1235/1235 1234/1234/1234
f 1235/1235/1235 1236/1236/1236 1237/1237/1237
f 1240/1240/1240 1239/1239/1239 1238/1238/1238
f 1239/1239/1239 1240/1240/1240 1241/1241/1241
f 1244/1244/1244 1243/1243/1243 1242/1242/1242
f 1243/1243/1243 1244/1244/1244 1245/1245/1245
f 1248/1248/1248 1247/1247/1247 1246/1246/1246
f 1247/1247/1247 1248/1248/1248 1249/1249/1249
f 1252/1252/1252 1251/1251/1251 1250/1250/1250
f 1251/1251/1251 1252/1252/1252 1253/1253/1253
f 1256/1256/1256 1255/1255/1255 1254/1254/1254
f 1255/1255/1255 1256/1256/1256 1257/1257/1257
f 1260/1260/1260 1259/1259/1259 1258/1258/1258
f 1259/1259/1259 1260/1260/1260 1261/1261/1261
f 1264/1264/1264 1263/1263/1263 1262/1262/1262
f 1263/1263/1263 1264/1264/1264 1265/1265/1265
f 1268/1268/1268 1267/1267/1267 1266/1266/1266
f 1267/1267/1267 1268/1268/1268 1269/1269/1269
f 1272/1272/1272 1271/1271/1271 1270/1270/1270
f 1271/1271/1271 1272/1272/1272 1273/1273/1273
f 1276/1276/1276 1275/1275/1275 1274/1274/1274
f 1275/1275/1275 1276/1276/1276 1277/1277/1277
f 1280/1280/1280 1279/1279/1279 1278/1278/1278
f 1279/1279/1279 1280/1280/1280 1281/1281/1281
f 1284/1284/1284 1283/1283/1283 1282/1282/1282
f 1283/1283/1283 1284/1284/1284 1285/1285/1285
