mtllib MAP020.mtl
o mesh_0
usemtl mat0
v 38.400000000000006 -2.3513218543629183e-14 -192
v 44.800000000000004 -2.4296992495083487e-14 -198.4
v 51.2 -2.3513218543629183e-14 -192
vt 0.625 0.3046875
vt 0.6796875 0.25
vt 0.7421875 0.3046875
vn 0 1 -1.2246467991473532e-16
vn 0 1 -1.2246467991473532e-16
vn 0 1 -1.2246467991473532e-16
f 3/3/3 2/2/2 1/1/1
o mesh_1
usemtl mat0
v 51.2 -2.3513218543629183e-14 -192
v 38.400000000000006 -2.3513218543629183e-14 -192
v 44.800000000000004 -2.4296992495083487e-14 -198.4
vt 0.7421875 0.3671875
vt 0.625 0.3671875
vt 0.6796875 0.3125
vn 0 1 -1.2246467991473532e-16
vn 0 1 -1.2246467991473532e-16
vn 0 1 -1.2246467991473532e-16
f 6/6/6 5/5/5 4/4/4
o mesh_2
usemtl mat1
v 0.7000000000000001 -0.1 1.2246467991473533e-17
v 0.1 0.5 -6.123233995736766e-17
v 0.1 -0.1 1.2246467991473533e-17
v 0.1 -0.699999999999999 9.200000000000001
v 2.1 -2.4999999999999987 9.200000000000001
v -1.9000000000000001 -2.4999999999999987 9.200000000000001
v 2.1 3.100000000000001 6.800000000000001
v -1.9000000000000001 3.100000000000001 6.800000000000001
v 0.1 0.5000000000000009 6.800000000000001
v 0.1 4.700000000000001 7.499999999999999
v -0.4 4.700000000000001 7.999999999999999
v -1.9000000000000001 3.100000000000001 6.800000000000001
v -1.9000000000000001 3.1000000000000014 9.200000000000001
v -1.9000000000000001 3.100000000000001 6.800000000000001
v -0.4 4.700000000000001 7.999999999999999
v -0.4 4.700000000000001 7.999999999999999
v 0.1 4.700000000000001 8.5
v -1.9000000000000001 3.1000000000000014 9.200000000000001
v -1.9000000000000001 3.1000000000000014 9.200000000000001
v 2.1 3.1000000000000014 9.200000000000001
v 0.1 0.5000000000000011 9.200000000000001
v -1.9000000000000001 -2.499999999999999 6.800000000000001
v 2.1 -2.499999999999999 6.800000000000001
v 0.1 -0.6999999999999992 6.800000000000001
v 2.1 3.100000000000001 6.800000000000001
v 0.1 4.700000000000001 7.499999999999999
v -1.9000000000000001 3.100000000000001 6.800000000000001
v 0.6000000000000001 4.700000000000001 7.999999999999999
v 0.1 4.700000000000001 7.499999999999999
v 2.1 3.100000000000001 6.800000000000001
v 2.1 3.100000000000001 6.800000000000001
v 2.1 3.1000000000000014 9.200000000000001
v 0.6000000000000001 4.700000000000001 7.999999999999999
v 0.6000000000000001 4.700000000000001 7.999999999999999
v 2.1 3.1000000000000014 9.200000000000001
v 0.1 4.700000000000001 8.5
v -1.9000000000000001 3.1000000000000014 9.200000000000001
v 0.1 4.700000000000001 8.5
v 2.1 3.1000000000000014 9.200000000000001
v 0.1 0.5000000000000009 6.800000000000001
v 0.7000000000000001 -0.09999999999999917 6.800000000000001
v 2.1 3.100000000000001 6.800000000000001
v 2.1 -0.09999999999999917 6.800000000000001
v -1.9000000000000001 3.100000000000001 6.800000000000001
v -1.9000000000000001 -0.09999999999999917 6.800000000000001
v 0.1 0.5000000000000009 6.800000000000001
v -0.5 -0.09999999999999917 6.800000000000001
v 0.1 0.5000000000000011 9.200000000000001
v -0.5 -0.09999999999999888 9.200000000000001
v -1.9000000000000001 3.1000000000000014 9.200000000000001
v -1.9000000000000001 -0.09999999999999888 9.200000000000001
v 2.1 3.1000000000000014 9.200000000000001
v 2.1 -0.09999999999999888 9.200000000000001
v 0.1 0.5000000000000011 9.200000000000001
v 0.7000000000000001 -0.09999999999999888 9.200000000000001
v 2.1 -2.499999999999999 6.800000000000001
v 2.1 -0.09999999999999917 6.800000000000001
v 0.1 -0.6999999999999992 6.800000000000001
v 0.7000000000000001 -0.09999999999999917 6.800000000000001
v 0.1 -0.6999999999999992 6.800000000000001
v -0.5 -0.09999999999999917 6.800000000000001
v -1.9000000000000001 -2.499999999999999 6.800000000000001
v -1.9000000000000001 -0.09999999999999917 6.800000000000001
v 0.1 -0.699999999999999 9.200000000000001
v 0.7000000000000001 -0.09999999999999888 9.200000000000001
v 2.1 -2.4999999999999987 9.200000000000001
v 2.1 -0.09999999999999888 9.200000000000001
v -1.9000000000000001 -2.4999999999999987 9.200000000000001
v -1.9000000000000001 -0.09999999999999888 9.200000000000001
v 0.1 -0.699999999999999 9.200000000000001
v -0.5 -0.09999999999999888 9.200000000000001
v 0.7000000000000001 -0.1 1.2246467991473533e-17
v 0.1 -0.7000000000000001 8.572527594031473e-17
v 0.7000000000000001 -0.09999999999999956 3.6
v 0.1 -0.6999999999999996 3.6
v 0.1 0.5 -6.123233995736766e-17
v 0.7000000000000001 -0.1 1.2246467991473533e-17
v 0.1 0.5000000000000004 3.6
v 0.7000000000000001 -0.09999999999999956 3.6
v -0.5 -0.1 1.2246467991473533e-17
v 0.1 0.5 -6.123233995736766e-17
v -0.5 -0.09999999999999956 3.6
v 0.1 0.5000000000000004 3.6
v 0.1 -0.7000000000000001 8.572527594031473e-17
v -0.5 -0.1 1.2246467991473533e-17
v 0.1 -0.6999999999999996 3.6
v -0.5 -0.09999999999999956 3.6
v 2.1 -0.09999999999999917 6.800000000000001
v 2.1 -2.499999999999999 6.800000000000001
v 2.1 -0.09999999999999888 9.200000000000001
v 2.1 -2.4999999999999987 9.200000000000001
v -1.9000000000000001 -0.09999999999999888 9.200000000000001
v -1.9000000000000001 -2.4999999999999987 9.200000000000001
v -1.9000000000000001 -0.09999999999999917 6.800000000000001
v -1.9000000000000001 -2.499999999999999 6.800000000000001
v 0.1 15.900000000000002 7.499999999999998
v 0.1 4.700000000000001 7.499999999999999
v 0.6000000000000001 15.900000000000002 7.999999999999998
v 0.6000000000000001 4.700000000000001 7.999999999999999
v 0.1 15.900000000000002 8.499999999999998
v 0.6000000000000001 15.900000000000002 7.999999999999998
v 0.1 4.700000000000001 8.5
v 0.6000000000000001 4.700000000000001 7.999999999999999
v 0.1 4.700000000000001 7.499999999999999
v 0.1 15.900000000000002 7.499999999999998
v -0.4 4.700000000000001 7.999999999999999
v -0.4 15.900000000000002 7.999999999999998
v -0.4 15.900000000000002 7.999999999999998
v 0.1 15.900000000000002 8.499999999999998
v -0.4 4.700000000000001 7.999999999999999
v 0.1 4.700000000000001 8.5
v 0.1 15.900000000000002 7.499999999999998
v 0.6000000000000001 15.900000000000002 7.999999999999998
v -0.4 15.900000000000002 7.999999999999998
v 0.1 15.900000000000002 8.499999999999998
v -1.9000000000000001 -0.09999999999999917 6.800000000000001
v -1.9000000000000001 3.100000000000001 6.800000000000001
v -1.9000000000000001 -0.09999999999999888 9.200000000000001
v -1.9000000000000001 3.1000000000000014 9.200000000000001
v -1 -6.499999999999999 8.700000000000001
v -1 -6.499999999999999 7.300000000000002
v -1.9000000000000001 -2.4999999999999987 9.200000000000001
v -1.9000000000000001 -2.499999999999999 6.800000000000001
v 0.1 -0.6999999999999987 11.200000000000001
v 0.1 -0.699999999999999 9.200000000000001
v -0.5 -0.09999999999999863 11.200000000000001
v -0.5 -0.09999999999999888 9.200000000000001
v 0.1 0.5000000000000011 9.200000000000001
v 0.7000000000000001 -0.09999999999999888 9.200000000000001
v 0.1 0.5000000000000013 11.200000000000001
v 0.7000000000000001 -0.09999999999999863 11.200000000000001
v 0.1 0.5000000000000013 11.200000000000001
v -0.5 -0.09999999999999863 11.200000000000001
v 0.1 0.5000000000000011 9.200000000000001
v -0.5 -0.09999999999999888 9.200000000000001
v 0.7000000000000001 -0.09999999999999888 9.200000000000001
v 0.1 -0.699999999999999 9.200000000000001
v 0.7000000000000001 -0.09999999999999863 11.200000000000001
v 0.1 -0.6999999999999987 11.200000000000001
v 2.1 -0.09999999999999888 9.200000000000001
v 2.1 3.1000000000000014 9.200000000000001
v 2.1 -0.09999999999999917 6.800000000000001
v 2.1 3.100000000000001 6.800000000000001
v -1.9000000000000001 -2.499999999999999 6.800000000000001
v -1 -6.499999999999999 7.300000000000002
v 2.1 -2.499999999999999 6.800000000000001
v 1.2000000000000002 -6.499999999999999 7.300000000000002
v 2.1 -2.4999999999999987 9.200000000000001
v 1.2000000000000002 -6.499999999999999 8.700000000000001
v -1.9000000000000001 -2.4999999999999987 9.200000000000001
v -1 -6.499999999999999 8.700000000000001
v 1.2000000000000002 -6.499999999999999 7.300000000000002
v 1.2000000000000002 -6.499999999999999 8.700000000000001
v 2.1 -2.499999999999999 6.800000000000001
v 2.1 -2.4999999999999987 9.200000000000001
v 1.2000000000000002 -6.499999999999999 8.700000000000001
v 1.2000000000000002 -6.499999999999999 7.300000000000002
v -1 -6.499999999999999 8.700000000000001
v -1 -6.499999999999999 7.300000000000002
v 0.7000000000000001 -0.09999999999999917 6.800000000000001
v 0.1 0.5000000000000009 6.800000000000001
v 0.7000000000000001 -0.09999999999999942 4.800000000000001
v 0.1 0.5000000000000006 4.800000000000001
v 0.1 0.5000000000000006 4.800000000000001
v 0.1 0.5000000000000009 6.800000000000001
v -0.5 -0.09999999999999942 4.800000000000001
v -0.5 -0.09999999999999917 6.800000000000001
v -0.5 -0.09999999999999917 6.800000000000001
v 0.1 -0.6999999999999992 6.800000000000001
v -0.5 -0.09999999999999942 4.800000000000001
v 0.1 -0.6999999999999995 4.800000000000001
v 0.1 -0.6999999999999992 6.800000000000001
v 0.7000000000000001 -0.09999999999999917 6.800000000000001
v 0.1 -0.6999999999999995 4.800000000000001
v 0.7000000000000001 -0.09999999999999942 4.800000000000001
vt 0.2109375 0.6484375
vt 0.2109375 0.6484375
vt 0.2109375 0.6484375
vt 0.4609375 0.671875
vt 0.4921875 0.6953125
vt 0.4375 0.6953125
vt 0.4921875 0.625
vt 0.4375 0.625
vt 0.4609375 0.65625
vt 0.3828125 0.7109375
vt 0.3828125 0.71875
vt 0.375 0.7421875
vt 0.3984375 0.7421875
vt 0.375 0.7421875
vt 0.3828125 0.71875
vt 0.3828125 0.71875
vt 0.390625 0.7109375
vt 0.3984375 0.7421875
vt 0.4375 0.625
vt 0.4921875 0.625
vt 0.4609375 0.65625
vt 0.4375 0.6953125
vt 0.4921875 0.6953125
vt 0.4609375 0.671875
vt 0.375 0.6875
vt 0.3828125 0.7109375
vt 0.375 0.7421875
vt 0.3828125 0.703125
vt 0.3828125 0.7109375
vt 0.375 0.6875
vt 0.375 0.6875
vt 0.3984375 0.6875
vt 0.3828125 0.703125
vt 0.3828125 0.703125
vt 0.3984375 0.6875
vt 0.390625 0.7109375
vt 0.3984375 0.7421875
vt 0.390625 0.7109375
vt 0.3984375 0.6875
vt 0.4609375 0.65625
vt 0.46875 0.6640625
vt 0.4921875 0.625
vt 0.4921875 0.6640625
vt 0.4375 0.625
vt 0.4375 0.6640625
vt 0.4609375 0.65625
vt 0.453125 0.6640625
vt 0.4609375 0.65625
vt 0.453125 0.6640625
vt 0.4375 0.625
vt 0.4375 0.6640625
vt 0.4921875 0.625
vt 0.4921875 0.6640625
vt 0.4609375 0.65625
vt 0.46875 0.6640625
vt 0.4921875 0.6953125
vt 0.4921875 0.6640625
vt 0.4609375 0.671875
vt 0.46875 0.6640625
vt 0.4609375 0.671875
vt 0.453125 0.6640625
vt 0.4375 0.6953125
vt 0.4375 0.6640625
vt 0.4609375 0.671875
vt 0.46875 0.6640625
vt 0.4921875 0.6953125
vt 0.4921875 0.6640625
vt 0.4375 0.6953125
vt 0.4375 0.6640625
vt 0.4609375 0.671875
vt 0.453125 0.6640625
vt 0.40625 0.59375
vt 0.4140625 0.59375
vt 0.40625 0.6484375
vt 0.4140625 0.6484375
vt 0.4140625 0.59375
vt 0.40625 0.59375
vt 0.4140625 0.6484375
vt 0.40625 0.6484375
vt 0.4296875 0.59375
vt 0.4140625 0.59375
vt 0.4296875 0.6484375
vt 0.4140625 0.6484375
vt 0.4140625 0.59375
vt 0.4296875 0.59375
vt 0.4140625 0.6484375
vt 0.4296875 0.6484375
vt 0.4921875 0.5390625
vt 0.4921875 0.5703125
vt 0.4375 0.5390625
vt 0.4375 0.5703125
vt 0.4375 0.5390625
vt 0.4375 0.5703125
vt 0.4921875 0.5390625
vt 0.4921875 0.5703125
vt 0.40625 0.5
vt 0.40625 0.6796875
vt 0.4296875 0.5
vt 0.4296875 0.6796875
vt 0.40625 0.5
vt 0.4296875 0.5
vt 0.40625 0.6796875
vt 0.4296875 0.6796875
vt 0.40625 0.6796875
vt 0.40625 0.5
vt 0.4296875 0.6796875
vt 0.4296875 0.5
vt 0.4296875 0.5
vt 0.40625 0.5
vt 0.4296875 0.6796875
vt 0.40625 0.6796875
vt 0.40625 0.625
vt 0.4296875 0.625
vt 0.40625 0.6484375
vt 0.4296875 0.6484375
vt 0.4921875 0.5390625
vt 0.4921875 0.5
vt 0.4375 0.5390625
vt 0.4375 0.5
vt 0.4453125 0.6171875
vt 0.484375 0.6171875
vt 0.4375 0.5703125
vt 0.4921875 0.5703125
vt 0.4140625 0.625
vt 0.4140625 0.6796875
vt 0.4296875 0.625
vt 0.4296875 0.6796875
vt 0.4140625 0.6796875
vt 0.40625 0.6796875
vt 0.4140625 0.625
vt 0.40625 0.625
vt 0.4140625 0.625
vt 0.4296875 0.625
vt 0.4140625 0.6796875
vt 0.4296875 0.6796875
vt 0.40625 0.6796875
vt 0.4140625 0.6796875
vt 0.40625 0.625
vt 0.4140625 0.625
vt 0.4375 0.5390625
vt 0.4375 0.5
vt 0.4921875 0.5390625
vt 0.4921875 0.5
vt 0.4375 0.6953125
vt 0.4453125 0.7421875
vt 0.4921875 0.6953125
vt 0.4765625 0.7421875
vt 0.4921875 0.6953125
vt 0.4765625 0.7421875
vt 0.4375 0.6953125
vt 0.4453125 0.7421875
vt 0.484375 0.6171875
vt 0.4453125 0.6171875
vt 0.4921875 0.5703125
vt 0.4375 0.5703125
vt 0.3984375 0.7421875
vt 0.375 0.7421875
vt 0.3984375 0.6875
vt 0.375 0.6875
vt 0.40625 0.6796875
vt 0.4140625 0.6796875
vt 0.40625 0.625
vt 0.4140625 0.625
vt 0.4140625 0.625
vt 0.4140625 0.6796875
vt 0.4296875 0.625
vt 0.4296875 0.6796875
vt 0.4296875 0.6796875
vt 0.4140625 0.6796875
vt 0.4296875 0.625
vt 0.4140625 0.625
vt 0.4140625 0.6796875
vt 0.40625 0.6796875
vt 0.4140625 0.625
vt 0.40625 0.625
vn 0 -1.2246467991473532e-16 -1
vn 0 -1.2246467991473532e-16 -1
vn 0 -1.2246467991473532e-16 -1
vn 0 1.2246467991473532e-16 1
vn 0 1.2246467991473532e-16 1
vn 0 1.2246467991473532e-16 1
vn 0 -1.2246467991473532e-16 -1
vn 0 -1.2246467991473532e-16 -1
vn 0 -1.2246467991473532e-16 -1
vn -0.45418635362015064 0.7664395033989719 -0.45418635362015075
vn -0.45418635362015064 0.7664395033989719 -0.45418635362015075
vn -0.45418635362015064 0.7664395033989719 -0.45418635362015075
vn -0.7295371985637669 0.6839411348294024 -8.375863215740359e-17
vn -0.7295371985637669 0.6839411348294024 -8.375863215740359e-17
vn -0.7295371985637669 0.6839411348294024 -8.375863215740359e-17
vn -0.45418635362015064 0.7664395033989722 0.4541863536201506
vn -0.45418635362015064 0.7664395033989722 0.4541863536201506
vn -0.45418635362015064 0.7664395033989722 0.4541863536201506
vn 0 1.2246467991473532e-16 1
vn 0 1.2246467991473532e-16 1
vn 0 1.2246467991473532e-16 1
vn 0 -1.2246467991473532e-16 -1
vn 0 -1.2246467991473532e-16 -1
vn 0 -1.2246467991473532e-16 -1
vn 0 0.40081883714650884 -0.9161573335342138
vn 0 0.40081883714650884 -0.9161573335342138
vn 0 0.40081883714650884 -0.9161573335342138
vn 0.45418635362015064 0.7664395033989719 -0.45418635362015075
vn 0.45418635362015064 0.7664395033989719 -0.45418635362015075
vn 0.45418635362015064 0.7664395033989719 -0.45418635362015075
vn 0.7295371985637669 0.6839411348294024 -8.375863215740359e-17
vn 0.7295371985637669 0.6839411348294024 -8.375863215740359e-17
vn 0.7295371985637669 0.6839411348294024 -8.375863215740359e-17
vn 0.45418635362015064 0.7664395033989722 0.4541863536201506
vn 0.45418635362015064 0.7664395033989722 0.4541863536201506
vn 0.45418635362015064 0.7664395033989722 0.4541863536201506
vn 0 0.4008188371465089 0.9161573335342135
vn 0 0.4008188371465089 0.9161573335342135
vn 0 0.4008188371465089 0.9161573335342135
vn 0 -1.2246467991473532e-16 -1
vn 0 -1.2246467991473532e-16 -1
vn 0 -1.2246467991473532e-16 -1
vn 0 -1.2246467991473532e-16 -1
vn 0 -1.2246467991473532e-16 -1
vn 0 -1.2246467991473532e-16 -1
vn 0 -1.2246467991473532e-16 -1
vn 0 -1.2246467991473532e-16 -1
vn 0 1.2246467991473532e-16 1
vn 0 1.2246467991473532e-16 1
vn 0 1.2246467991473532e-16 1
vn 0 1.2246467991473532e-16 1
vn 0 1.2246467991473532e-16 1
vn 0 1.2246467991473532e-16 1
vn 0 1.2246467991473532e-16 1
vn 0 1.2246467991473532e-16 1
vn 0 -1.2246467991473532e-16 -1
vn 0 -1.2246467991473532e-16 -1
vn 0 -1.2246467991473532e-16 -1
vn 0 -1.2246467991473532e-16 -1
vn 0 -1.2246467991473532e-16 -1
vn 0 -1.2246467991473532e-16 -1
vn 0 -1.2246467991473532e-16 -1
vn 0 -1.2246467991473532e-16 -1
vn 0 1.2246467991473532e-16 1
vn 0 1.2246467991473532e-16 1
vn 0 1.2246467991473532e-16 1
vn 0 1.2246467991473532e-16 1
vn 0 1.2246467991473532e-16 1
vn 0 1.2246467991473532e-16 1
vn 0 1.2246467991473532e-16 1
vn 0 1.2246467991473532e-16 1
vn 0.7071067811865475 -0.7071067811865475 8.659560562354932e-17
vn 0.7071067811865475 -0.7071067811865475 8.659560562354932e-17
vn 0.7071067811865475 -0.7071067811865475 8.659560562354932e-17
vn 0.7071067811865475 -0.7071067811865475 8.659560562354932e-17
vn 0.7071067811865475 0.7071067811865475 -8.659560562354932e-17
vn 0.7071067811865475 0.7071067811865475 -8.659560562354932e-17
vn 0.7071067811865475 0.7071067811865475 -8.659560562354932e-17
vn 0.7071067811865475 0.7071067811865475 -8.659560562354932e-17
vn -0.7071067811865475 0.7071067811865475 -8.659560562354932e-17
vn -0.7071067811865475 0.7071067811865475 -8.659560562354932e-17
vn -0.7071067811865475 0.7071067811865475 -8.659560562354932e-17
vn -0.7071067811865475 0.7071067811865475 -8.659560562354932e-17
vn -0.7071067811865475 -0.7071067811865475 8.659560562354932e-17
vn -0.7071067811865475 -0.7071067811865475 8.659560562354932e-17
vn -0.7071067811865475 -0.7071067811865475 8.659560562354932e-17
vn -0.7071067811865475 -0.7071067811865475 8.659560562354932e-17
vn 1 0 0
vn 1 0 0
vn 1 0 0
vn 1 0 0
vn -1 0 0
vn -1 0 0
vn -1 0 0
vn -1 0 0
vn 0.7071067811865475 -8.659560562354932e-17 -0.7071067811865475
vn 0.7071067811865475 -8.659560562354932e-17 -0.7071067811865475
vn 0.7071067811865475 -8.659560562354932e-17 -0.7071067811865475
vn 0.7071067811865475 -8.659560562354932e-17 -0.7071067811865475
vn 0.7071067811865475 8.659560562354932e-17 0.7071067811865475
vn 0.7071067811865475 8.659560562354932e-17 0.7071067811865475
vn 0.7071067811865475 8.659560562354932e-17 0.7071067811865475
vn 0.7071067811865475 8.659560562354932e-17 0.7071067811865475
vn -0.7071067811865475 -8.659560562354932e-17 -0.7071067811865475
vn -0.7071067811865475 -8.659560562354932e-17 -0.7071067811865475
vn -0.7071067811865475 -8.659560562354932e-17 -0.7071067811865475
vn -0.7071067811865475 -8.659560562354932e-17 -0.7071067811865475
vn -0.7071067811865475 8.659560562354932e-17 0.7071067811865475
vn -0.7071067811865475 8.659560562354932e-17 0.7071067811865475
vn -0.7071067811865475 8.659560562354932e-17 0.7071067811865475
vn -0.7071067811865475 8.659560562354932e-17 0.7071067811865475
vn 0 1 -1.2246467991473532e-16
vn 0 1 -1.2246467991473532e-16
vn 0 1 -1.2246467991473532e-16
vn 0 1 -1.2246467991473532e-16
vn -1 0 0
vn -1 0 0
vn -1 0 0
vn -1 0 0
vn -0.9756097573740434 -0.21951218944869544 2.688249001821722e-17
vn -0.9756097573740434 -0.21951218944869544 2.688249001821722e-17
vn -0.9756097573740434 -0.21951218944869544 2.688249001821722e-17
vn -0.9756097573740434 -0.21951218944869544 2.688249001821722e-17
vn -0.7071067811865475 -0.7071067811865475 8.659560562354932e-17
vn -0.7071067811865475 -0.7071067811865475 8.659560562354932e-17
vn -0.7071067811865475 -0.7071067811865475 8.659560562354932e-17
vn -0.7071067811865475 -0.7071067811865475 8.659560562354932e-17
vn 0.7071067811865475 0.7071067811865475 -8.659560562354932e-17
vn 0.7071067811865475 0.7071067811865475 -8.659560562354932e-17
vn 0.7071067811865475 0.7071067811865475 -8.659560562354932e-17
vn 0.7071067811865475 0.7071067811865475 -8.659560562354932e-17
vn -0.7071067811865475 0.7071067811865475 -8.659560562354932e-17
vn -0.7071067811865475 0.7071067811865475 -8.659560562354932e-17
vn -0.7071067811865475 0.7071067811865475 -8.659560562354932e-17
vn -0.7071067811865475 0.7071067811865475 -8.659560562354932e-17
vn 0.7071067811865475 -0.7071067811865475 8.659560562354932e-17
vn 0.7071067811865475 -0.7071067811865475 8.659560562354932e-17
vn 0.7071067811865475 -0.7071067811865475 8.659560562354932e-17
vn 0.7071067811865475 -0.7071067811865475 8.659560562354932e-17
vn 1 0 0
vn 1 0 0
vn 1 0 0
vn 1 0 0
vn 0 -0.12403473458920856 -0.9922778767136676
vn 0 -0.12403473458920856 -0.9922778767136676
vn 0 -0.12403473458920856 -0.9922778767136676
vn 0 -0.12403473458920856 -0.9922778767136676
vn 0 -0.12403473458920834 0.9922778767136676
vn 0 -0.12403473458920834 0.9922778767136676
vn 0 -0.12403473458920834 0.9922778767136676
vn 0 -0.12403473458920834 0.9922778767136676
vn 0.9756097573740434 -0.21951218944869544 2.688249001821722e-17
vn 0.9756097573740434 -0.21951218944869544 2.688249001821722e-17
vn 0.9756097573740434 -0.21951218944869544 2.688249001821722e-17
vn 0.9756097573740434 -0.21951218944869544 2.688249001821722e-17
vn 0 -1 1.2246467991473532e-16
vn 0 -1 1.2246467991473532e-16
vn 0 -1 1.2246467991473532e-16
vn 0 -1 1.2246467991473532e-16
vn 0.7071067811865475 0.7071067811865475 -8.659560562354932e-17
vn 0.7071067811865475 0.7071067811865475 -8.659560562354932e-17
vn 0.7071067811865475 0.7071067811865475 -8.659560562354932e-17
vn 0.7071067811865475 0.7071067811865475 -8.659560562354932e-17
vn -0.7071067811865475 0.7071067811865475 -8.659560562354932e-17
vn -0.7071067811865475 0.7071067811865475 -8.659560562354932e-17
vn -0.7071067811865475 0.7071067811865475 -8.659560562354932e-17
vn -0.7071067811865475 0.7071067811865475 -8.659560562354932e-17
vn -0.7071067811865475 -0.7071067811865475 8.659560562354932e-17
vn -0.7071067811865475 -0.7071067811865475 8.659560562354932e-17
vn -0.7071067811865475 -0.7071067811865475 8.659560562354932e-17
vn -0.7071067811865475 -0.7071067811865475 8.659560562354932e-17
vn 0.7071067811865475 -0.7071067811865475 8.659560562354932e-17
vn 0.7071067811865475 -0.7071067811865475 8.659560562354932e-17
vn 0.7071067811865475 -0.7071067811865475 8.659560562354932e-17
vn 0.7071067811865475 -0.7071067811865475 8.659560562354932e-17
f 9/9/9 8/8/8 7/7/7
f 12/12/12 11/11/11 10/10/10
f 15/15/15 14/14/14 13/13/13
f 18/18/18 17/17/17 16/16/16
f 21/21/21 20/20/20 19/19/19
f 24/24/24 23/23/23 22/22/22
f 27/27/27 26/26/26 25/25/25
f 30/30/30 29/29/29 28/28/28
f 33/33/33 32/32/32 31/31/31
f 36/36/36 35/35/35 34/34/34
f 39/39/39 38/38/38 37/37/37
f 42/42/42 41/41/41 40/40/40
f 45/45/45 44/44/44 43/43/43
f 48/48/48 47/47/47 46/46/46
f 47/47/47 48/48/48 49/49/49
f 52/52/52 51/51/51 50/50/50
f 51/51/51 52/52/52 53/53/53
f 56/56/56 55/55/55 54/54/54
f 55/55/55 56/56/56 57/57/57
f 60/60/60 59/59/59 58/58/58
f 59/59/59 60/60/60 61/61/61
f 64/64/64 63/63/63 62/62/62
f 63/63/63 64/64/64 65/65/65
f 68/68/68 67/67/67 66/66/66
f 67/67/67 68/68/68 69/69/69
f 72/72/72 71/71/71 70/70/70
f 71/71/71 72/72/72 73/73/73
f 76/76/76 75/75/75 74/74/74
f 75/75/75 76/76/76 77/77/77
f 80/80/80 79/79/79 78/78/78
f 79/79/79 80/80/80 81/81/81
f 84/84/84 83/83/83 82/82/82
f 83/83/83 84/84/84 85/85/85
f 88/88/88 87/87/87 86/86/86
f 87/87/87 88/88/88 89/89/89
f 92/92/92 91/91/91 90/90/90
f 91/91/91 92/92/92 93/93/93
f 96/96/96 95/95/95 94/94/94
f 95/95/95 96/96/96 97/97/97
f 100/100/100 99/99/99 98/98/98
f 99/99/99 100/100/100 101/101/101
f 104/104/104 103/103/103 102/102/102
f 103/103/103 104/104/104 105/105/105
f 108/108/108 107/107/107 106/106/106
f 107/107/107 108/108/108 109/109/109
f 112/112/112 111/111/111 110/110/110
f 111/111/111 112/112/112 113/113/113
f 116/116/116 115/115/115 114/114/114
f 115/115/115 116/116/116 117/117/117
f 120/120/120 119/119/119 118/118/118
f 119/119/119 120/120/120 121/121/121
f 124/124/124 123/123/123 122/122/122
f 123/123/123 124/124/124 125/125/125
f 128/128/128 127/127/127 126/126/126
f 127/127/127 128/128/128 129/129/129
f 132/132/132 131/131/131 130/130/130
f 131/131/131 132/132/132 133/133/133
f 136/136/136 135/135/135 134/134/134
f 135/135/135 136/136/136 137/137/137
f 140/140/140 139/139/139 138/138/138
f 139/139/139 140/140/140 141/141/141
f 144/144/144 143/143/143 142/142/142
f 143/143/143 144/144/144 145/145/145
f 148/148/148 147/147/147 146/146/146
f 147/147/147 148/148/148 149/149/149
f 152/152/152 151/151/151 150/150/150
f 151/151/151 152/152/152 153/153/153
f 156/156/156 155/155/155 154/154/154
f 155/155/155 156/156/156 157/157/157
f 160/160/160 159/159/159 158/158/158
f 159/159/159 160/160/160 161/161/161
f 164/164/164 163/163/163 162/162/162
f 163/163/163 164/164/164 165/165/165
f 168/168/168 167/167/167 166/166/166
f 167/167/167 168/168/168 169/169/169
f 172/172/172 171/171/171 170/170/170
f 171/171/171 172/172/172 173/173/173
f 176/176/176 175/175/175 174/174/174
f 175/175/175 176/176/176 177/177/177
f 180/180/180 179/179/179 178/178/178
f 179/179/179 180/180/180 181/181/181
o mesh_3
usemtl mat2
v 0 12.8 -0.10000000000000157
v 0 -1.2246467991473533e-17 -0.1
v 12.8 12.8 -0.10000000000000157
v 12.8 -1.2246467991473533e-17 -0.1
v 0 25.6 -0.10000000000000314
v 0 12.8 -0.10000000000000157
v 12.8 25.6 -0.10000000000000314
v 12.8 12.8 -0.10000000000000157
v 12.8 25.6 -0.10000000000000314
v 12.8 38.400000000000006 -0.10000000000000471
v 0 25.6 -0.10000000000000314
v 0 38.400000000000006 -0.10000000000000471
v 12.8 12.8 -0.10000000000000157
v 12.8 -1.2246467991473533e-17 -0.1
v 0 12.8 -0.10000000000000157
v 0 -1.2246467991473533e-17 -0.1
v 0 25.6 -0.10000000000000314
v 0 38.400000000000006 -0.10000000000000471
v 12.8 25.6 -0.10000000000000314
v 12.8 38.400000000000006 -0.10000000000000471
v 12.8 25.6 -0.10000000000000314
v 12.8 12.8 -0.10000000000000157
v 0 25.6 -0.10000000000000314
v 0 12.8 -0.10000000000000157
vt 0.6171875 0.7421875
vt 0.6171875 0.8671875
vt 0.5 0.7421875
vt 0.5 0.8671875
vt 0.6171875 0.625
vt 0.6171875 0.7421875
vt 0.5 0.625
vt 0.5 0.7421875
vt 0.5 0.625
vt 0.5 0.5
vt 0.6171875 0.625
vt 0.6171875 0.5
vt 0.5 0.7421875
vt 0.5 0.8671875
vt 0.6171875 0.7421875
vt 0.6171875 0.8671875
vt 0.6171875 0.625
vt 0.6171875 0.5
vt 0.5 0.625
vt 0.5 0.5
vt 0.5 0.625
vt 0.5 0.7421875
vt 0.6171875 0.625
vt 0.6171875 0.7421875
vn 0 -1.2246467991473532e-16 -1
vn 0 -1.2246467991473532e-16 -1
vn 0 -1.2246467991473532e-16 -1
vn 0 -1.2246467991473532e-16 -1
vn 0 -1.2246467991473532e-16 -1
vn 0 -1.2246467991473532e-16 -1
vn 0 -1.2246467991473532e-16 -1
vn 0 -1.2246467991473532e-16 -1
vn 0 -1.2246467991473532e-16 -1
vn 0 -1.2246467991473532e-16 -1
vn 0 -1.2246467991473532e-16 -1
vn 0 -1.2246467991473532e-16 -1
vn 0 1.2246467991473532e-16 1
vn 0 1.2246467991473532e-16 1
vn 0 1.2246467991473532e-16 1
vn 0 1.2246467991473532e-16 1
vn 0 1.2246467991473532e-16 1
vn 0 1.2246467991473532e-16 1
vn 0 1.2246467991473532e-16 1
vn 0 1.2246467991473532e-16 1
vn 0 1.2246467991473532e-16 1
vn 0 1.2246467991473532e-16 1
vn 0 1.2246467991473532e-16 1
vn 0 1.2246467991473532e-16 1
f 184/184/184 183/183/183 182/182/182
f 183/183/183 184/184/184 185/185/185
f 188/188/188 187/187/187 186/186/186
f 187/187/187 188/188/188 189/189/189
f 192/192/192 191/191/191 190/190/190
f 191/191/191 192/192/192 193/193/193
f 196/196/196 195/195/195 194/194/194
f 195/195/195 196/196/196 197/197/197
f 200/200/200 199/199/199 198/198/198
f 199/199/199 200/200/200 201/201/201
f 204/204/204 203/203/203 202/202/202
f 203/203/203 204/204/204 205/205/205
o mesh_4
usemtl mat3
v -0.7000000000000001 1.8 -0.20000000000000023
v 0.9 1.8 -0.20000000000000023
v -0.7000000000000001 -1.4000000000000001 -0.19999999999999984
v 0.9 -1.4000000000000001 -0.19999999999999984
vt 0.625 0.375
vt 0.6484375 0.375
vt 0.625 0.4296875
vt 0.6484375 0.4296875
vn 0 1.2246467991473532e-16 1
vn 0 1.2246467991473532e-16 1
vn 0 1.2246467991473532e-16 1
vn 0 1.2246467991473532e-16 1
f 208/208/208 207/207/207 206/206/206
f 207/207/207 208/208/208 209/209/209
o mesh_5
usemtl mat3
v -0.7000000000000001 1.6 -0.2000000000000002
v 0.9 1.6 -0.2000000000000002
v -0.7000000000000001 -1.6 -0.19999999999999982
v 0.9 -1.6 -0.19999999999999982
vt 0.625 0.375
vt 0.6484375 0.375
vt 0.625 0.4296875
vt 0.6484375 0.4296875
vn 0 1.2246467991473532e-16 1
vn 0 1.2246467991473532e-16 1
vn 0 1.2246467991473532e-16 1
vn 0 1.2246467991473532e-16 1
f 212/212/212 211/211/211 210/210/210
f 211/211/211 212/212/212 213/213/213
o mesh_6
usemtl mat3
v -0.7000000000000001 1.7000000000000002 -0.20000000000000023
v 0.9 1.7000000000000002 -0.20000000000000023
v -0.7000000000000001 -1.5 -0.19999999999999982
v 0.9 -1.5 -0.19999999999999982
vt 0.625 0.375
vt 0.6484375 0.375
vt 0.625 0.4296875
vt 0.6484375 0.4296875
vn 0 1.2246467991473532e-16 1
vn 0 1.2246467991473532e-16 1
vn 0 1.2246467991473532e-16 1
vn 0 1.2246467991473532e-16 1
f 216/216/216 215/215/215 214/214/214
f 215/215/215 216/216/216 217/217/217
o mesh_7
usemtl mat3
v -0.8 1.7000000000000002 -0.20000000000000023
v 0.8 1.7000000000000002 -0.20000000000000023
v -0.8 -1.5 -0.19999999999999982
v 0.8 -1.5 -0.19999999999999982
vt 0.625 0.375
vt 0.6484375 0.375
vt 0.625 0.4296875
vt 0.6484375 0.4296875
vn 0 1.2246467991473532e-16 1
vn 0 1.2246467991473532e-16 1
vn 0 1.2246467991473532e-16 1
vn 0 1.2246467991473532e-16 1
f 220/220/220 219/219/219 218/218/218
f 219/219/219 220/220/220 221/221/221
o mesh_8
usemtl mat4
v -1.5 1.6 -1.9594348786357652e-16
v 1.7000000000000002 1.6 -1.9594348786357652e-16
v -1.5 -1.6 1.9594348786357652e-16
v 1.7000000000000002 -1.6 1.9594348786357652e-16
vt 0 0.625
vt 0.0546875 0.625
vt 0 0.7421875
vt 0.0546875 0.7421875
vn 0 1.2246467991473532e-16 1
vn 0 1.2246467991473532e-16 1
vn 0 1.2246467991473532e-16 1
vn 0 1.2246467991473532e-16 1
f 224/224/224 223/223/223 222/222/222
f 223/223/223 224/224/224 225/225/225
o mesh_9
usemtl mat5
v 11.200000000000001 31.999999999999986 -128
v 12.8 31.999999999999986 -128
v 12.8 31.999999999999986 -126.4
v 51.2 38.400000000000006 -23.200000000000006
v 51.2 38.400000000000006 -25.600000000000005
v 51.2 25.599999999999998 -25.600000000000005
v 49.6 51.2 -25.60000000000001
v 51.2 51.2 -25.60000000000001
v 51.2 51.2 -23.20000000000001
v 38.400000000000006 25.599999999999998 -25.600000000000005
v 38.400000000000006 38.400000000000006 -25.600000000000005
v 38.400000000000006 38.400000000000006 -23.200000000000006
v 38.400000000000006 38.400000000000006 -23.200000000000006
v 38.400000000000006 12.799999999999997 -25.6
v 38.400000000000006 25.599999999999998 -25.600000000000005
v 38.400000000000006 51.2 -23.20000000000001
v 38.400000000000006 51.2 -25.60000000000001
v 40 51.2 -25.60000000000001
v 51.2 25.599999999999998 -25.600000000000005
v 51.2 12.799999999999997 -25.6
v 51.2 38.400000000000006 -23.200000000000006
v 51.2 49.6 -25.60000000000001
v 51.2 48.800000000000004 -23.20000000000001
v 51.2 51.2 -25.60000000000001
v 38.400000000000006 49.6 -25.60000000000001
v 38.400000000000006 51.2 -25.60000000000001
v 38.400000000000006 48.800000000000004 -23.20000000000001
v 11.200000000000001 31.99999999999998 -166.4
v 12.8 31.99999999999998 -166.4
v 11.200000000000001 31.99999999999998 -164.8
v 12.8 31.99999999999998 -164.8
v 1.6 31.99999999999998 -166.4
v 11.200000000000001 31.99999999999998 -166.4
v 1.6 31.99999999999998 -164.8
v 11.200000000000001 31.99999999999998 -164.8
v 1.6 31.99999999999998 -164.8
v 0 31.99999999999998 -164.8
v 1.6 31.99999999999998 -166.4
v 0 31.99999999999998 -166.4
v 11.200000000000001 31.99999999999998 -164.8
v 12.8 31.99999999999998 -164.8
v 11.200000000000001 31.999999999999982 -153.60000000000002
v 12.8 31.999999999999982 -153.60000000000002
v 11.200000000000001 31.99999999999998 -164.8
v 11.200000000000001 31.999999999999982 -153.60000000000002
v 1.6 31.99999999999998 -164.8
v 1.6 31.999999999999982 -153.60000000000002
v 1.6 31.999999999999982 -153.60000000000002
v 0 31.999999999999982 -153.60000000000002
v 1.6 31.99999999999998 -164.8
v 0 31.99999999999998 -164.8
v 11.200000000000001 31.999999999999982 -153.60000000000002
v 12.8 31.999999999999982 -153.60000000000002
v 11.200000000000001 31.999999999999982 -140.8
v 12.8 31.999999999999982 -140.8
v 11.200000000000001 31.999999999999982 -140.8
v 1.6 31.999999999999982 -140.8
v 11.200000000000001 31.999999999999982 -153.60000000000002
v 1.6 31.999999999999982 -153.60000000000002
v 1.6 31.999999999999982 -140.8
v 0 31.999999999999982 -140.8
v 1.6 31.999999999999982 -153.60000000000002
v 0 31.999999999999982 -153.60000000000002
v 12.8 31.999999999999986 -128
v 11.200000000000001 31.999999999999986 -128
v 12.8 31.999999999999982 -140.8
v 11.200000000000001 31.999999999999982 -140.8
v 1.6 31.999999999999986 -128
v 0 31.999999999999986 -128
v 1.6 31.999999999999982 -140.8
v 0 31.999999999999982 -140.8
v 11.200000000000001 31.999999999999986 -128
v 1.6 31.999999999999986 -128
v 11.200000000000001 31.999999999999982 -140.8
v 1.6 31.999999999999982 -140.8
v 49.6 51.199999999999996 -36.80000000000001
v 51.2 51.199999999999996 -36.80000000000001
v 49.6 51.2 -25.60000000000001
v 51.2 51.2 -25.60000000000001
v 40 51.2 -25.60000000000001
v 38.400000000000006 51.2 -25.60000000000001
v 40 51.199999999999996 -36.80000000000001
v 38.400000000000006 51.199999999999996 -36.80000000000001
v 1.6 31.999999999999986 -128
v 11.200000000000001 31.999999999999986 -128
v 1.6 31.999999999999982 -140.8
v 11.200000000000001 31.999999999999982 -140.8
v 1.6 31.999999999999982 -140.8
v 11.200000000000001 31.999999999999982 -140.8
v 1.6 31.999999999999982 -153.60000000000002
v 11.200000000000001 31.999999999999982 -153.60000000000002
v 1.6 31.99999999999998 -164.8
v 1.6 31.999999999999982 -153.60000000000002
v 11.200000000000001 31.99999999999998 -164.8
v 11.200000000000001 31.999999999999982 -153.60000000000002
v 40 51.2 -25.60000000000001
v 49.6 51.2 -25.60000000000001
v 38.400000000000006 51.2 -23.20000000000001
v 51.2 51.2 -23.20000000000001
v 38.400000000000006 38.400000000000006 -25.600000000000005
v 38.400000000000006 49.6 -25.60000000000001
v 38.400000000000006 38.400000000000006 -23.200000000000006
v 38.400000000000006 48.800000000000004 -23.20000000000001
v 51.2 38.400000000000006 -23.200000000000006
v 51.2 48.800000000000004 -23.20000000000001
v 51.2 38.400000000000006 -25.600000000000005
v 51.2 49.6 -25.60000000000001
v 49.6 12.799999999999995 -36.800000000000004
v 49.6 25.599999999999998 -36.800000000000004
v 51.2 12.799999999999995 -36.800000000000004
v 51.2 25.599999999999998 -36.800000000000004
v 49.6 12.799999999999995 -38.400000000000006
v 49.6 25.599999999999998 -38.400000000000006
v 49.6 12.799999999999995 -36.800000000000004
v 49.6 25.599999999999998 -36.800000000000004
v 51.2 12.799999999999995 -38.400000000000006
v 51.2 25.599999999999998 -38.400000000000006
v 49.6 12.799999999999995 -38.400000000000006
v 49.6 25.599999999999998 -38.400000000000006
v 38.400000000000006 12.799999999999995 -38.400000000000006
v 38.400000000000006 25.599999999999998 -38.400000000000006
v 38.400000000000006 12.799999999999995 -36.800000000000004
v 38.400000000000006 25.599999999999998 -36.800000000000004
v 40 12.799999999999995 -38.400000000000006
v 40 25.599999999999998 -38.400000000000006
v 38.400000000000006 12.799999999999995 -38.400000000000006
v 38.400000000000006 25.599999999999998 -38.400000000000006
v 51.2 12.799999999999995 -36.800000000000004
v 51.2 25.599999999999998 -36.800000000000004
v 51.2 12.799999999999995 -38.400000000000006
v 51.2 25.599999999999998 -38.400000000000006
v 38.400000000000006 38.4 -36.80000000000001
v 40 38.4 -36.80000000000001
v 38.400000000000006 25.599999999999998 -36.800000000000004
v 40 25.599999999999998 -36.800000000000004
v 49.6 12.799999999999995 -36.800000000000004
v 49.6 -4.50670022086226e-15 -36.800000000000004
v 49.6 12.799999999999995 -38.400000000000006
v 49.6 -4.702643708725837e-15 -38.400000000000006
v 38.400000000000006 12.799999999999995 -36.800000000000004
v 38.400000000000006 25.599999999999998 -36.800000000000004
v 40 12.799999999999995 -36.800000000000004
v 40 25.599999999999998 -36.800000000000004
v 40 12.799999999999995 -36.800000000000004
v 40 25.599999999999998 -36.800000000000004
v 40 12.799999999999995 -38.400000000000006
v 40 25.599999999999998 -38.400000000000006
v 49.6 38.4 -38.40000000000001
v 49.6 38.4 -36.80000000000001
v 49.6 25.599999999999998 -38.400000000000006
v 49.6 25.599999999999998 -36.800000000000004
v 49.6 38.4 -36.80000000000001
v 49.6 38.4 -38.40000000000001
v 49.6 51.199999999999996 -36.80000000000001
v 49.6 49.599999999999994 -38.40000000000001
v 38.400000000000006 51.199999999999996 -38.40000000000001
v 38.400000000000006 51.199999999999996 -36.80000000000001
v 38.400000000000006 49.599999999999994 -38.40000000000001
v 38.400000000000006 49.599999999999994 -36.80000000000001
v 49.6 51.199999999999996 -36.80000000000001
v 40 51.199999999999996 -36.80000000000001
v 49.6 51.199999999999996 -38.40000000000001
v 40 51.199999999999996 -38.40000000000001
v 40 49.599999999999994 -38.40000000000001
v 38.400000000000006 49.599999999999994 -38.40000000000001
v 40 38.4 -38.40000000000001
v 38.400000000000006 38.4 -38.40000000000001
v 38.400000000000006 49.599999999999994 -38.40000000000001
v 38.400000000000006 49.599999999999994 -36.80000000000001
v 38.400000000000006 38.4 -38.40000000000001
v 38.400000000000006 38.4 -36.80000000000001
v 51.2 12.799999999999995 -38.400000000000006
v 51.2 -4.702643708725837e-15 -38.400000000000006
v 51.2 12.799999999999995 -36.800000000000004
v 51.2 -4.50670022086226e-15 -36.800000000000004
v 40 12.799999999999995 -38.400000000000006
v 40 -4.702643708725837e-15 -38.400000000000006
v 40 12.799999999999995 -36.800000000000004
v 40 -4.50670022086226e-15 -36.800000000000004
v 49.6 12.799999999999995 -38.400000000000006
v 49.6 -4.702643708725837e-15 -38.400000000000006
v 51.2 12.799999999999995 -38.400000000000006
v 51.2 -4.702643708725837e-15 -38.400000000000006
v 40 51.199999999999996 -36.80000000000001
v 40 38.4 -36.80000000000001
v 38.400000000000006 49.599999999999994 -36.80000000000001
v 38.400000000000006 38.4 -36.80000000000001
v 40 49.599999999999994 -38.40000000000001
v 40 38.4 -38.40000000000001
v 40 51.199999999999996 -36.80000000000001
v 40 38.4 -36.80000000000001
v 40 12.799999999999995 -36.800000000000004
v 40 -4.50670022086226e-15 -36.800000000000004
v 38.400000000000006 12.799999999999995 -36.800000000000004
v 38.400000000000006 -4.50670022086226e-15 -36.800000000000004
v 51.2 12.799999999999995 -36.800000000000004
v 51.2 -4.50670022086226e-15 -36.800000000000004
v 49.6 12.799999999999995 -36.800000000000004
v 49.6 -4.50670022086226e-15 -36.800000000000004
v 38.400000000000006 12.799999999999995 -38.400000000000006
v 38.400000000000006 -4.702643708725837e-15 -38.400000000000006
v 40 12.799999999999995 -38.400000000000006
v 40 -4.702643708725837e-15 -38.400000000000006
v 38.400000000000006 51.199999999999996 -38.40000000000001
v 40 51.199999999999996 -38.40000000000001
v 38.400000000000006 51.199999999999996 -36.80000000000001
v 40 51.199999999999996 -36.80000000000001
v 51.2 38.4 -38.40000000000001
v 51.2 38.4 -36.80000000000001
v 51.2 49.599999999999994 -38.40000000000001
v 51.2 49.599999999999994 -36.80000000000001
v 51.2 38.4 -36.80000000000001
v 51.2 38.4 -38.40000000000001
v 51.2 25.599999999999998 -36.800000000000004
v 51.2 25.599999999999998 -38.400000000000006
v 51.2 38.4 -38.40000000000001
v 49.6 38.4 -38.40000000000001
v 51.2 25.599999999999998 -38.400000000000006
v 49.6 25.599999999999998 -38.400000000000006
v 49.6 38.4 -38.40000000000001
v 51.2 38.4 -38.40000000000001
v 49.6 49.599999999999994 -38.40000000000001
v 51.2 49.599999999999994 -38.40000000000001
v 38.400000000000006 12.799999999999995 -36.800000000000004
v 38.400000000000006 -4.50670022086226e-15 -36.800000000000004
v 38.400000000000006 12.799999999999995 -38.400000000000006
v 38.400000000000006 -4.702643708725837e-15 -38.400000000000006
v 38.400000000000006 38.4 -38.40000000000001
v 38.400000000000006 38.4 -36.80000000000001
v 38.400000000000006 25.599999999999998 -38.400000000000006
v 38.400000000000006 25.599999999999998 -36.800000000000004
v 49.6 51.199999999999996 -38.40000000000001
v 51.2 51.199999999999996 -38.40000000000001
v 49.6 51.199999999999996 -36.80000000000001
v 51.2 51.199999999999996 -36.80000000000001
v 40 38.4 -38.40000000000001
v 38.400000000000006 38.4 -38.40000000000001
v 40 25.599999999999998 -38.400000000000006
v 38.400000000000006 25.599999999999998 -38.400000000000006
v 49.6 49.599999999999994 -38.40000000000001
v 51.2 49.599999999999994 -38.40000000000001
v 49.6 51.199999999999996 -38.40000000000001
v 51.2 51.199999999999996 -38.40000000000001
v 40 38.4 -36.80000000000001
v 40 38.4 -38.40000000000001
v 40 25.599999999999998 -36.800000000000004
v 40 25.599999999999998 -38.400000000000006
v 49.6 38.4 -36.80000000000001
v 51.2 38.4 -36.80000000000001
v 49.6 25.599999999999998 -36.800000000000004
v 51.2 25.599999999999998 -36.800000000000004
v 51.2 38.4 -36.80000000000001
v 49.6 38.4 -36.80000000000001
v 51.2 49.599999999999994 -36.80000000000001
v 49.6 51.199999999999996 -36.80000000000001
v 40 51.199999999999996 -38.40000000000001
v 38.400000000000006 51.199999999999996 -38.40000000000001
v 40 49.599999999999994 -38.40000000000001
v 38.400000000000006 49.599999999999994 -38.40000000000001
v 51.2 49.599999999999994 -36.80000000000001
v 51.2 51.199999999999996 -36.80000000000001
v 51.2 49.599999999999994 -38.40000000000001
v 51.2 51.199999999999996 -38.40000000000001
v 76.80000000000001 51.19999999999998 -164.8
v 76.80000000000001 51.19999999999998 -166.4
v 78.4 51.19999999999998 -164.8
v 78.4 51.19999999999998 -166.4
v 76.80000000000001 51.19999999999999 -140.8
v 76.80000000000001 51.19999999999998 -153.60000000000002
v 78.4 51.19999999999999 -140.8
v 78.4 51.19999999999998 -153.60000000000002
v 76.80000000000001 51.19999999999999 -128
v 76.80000000000001 51.19999999999999 -129.6
v 78.4 51.19999999999999 -128
v 78.4 51.19999999999999 -129.6
v 76.80000000000001 51.19999999999998 -163.20000000000002
v 76.80000000000001 51.19999999999998 -164.8
v 78.4 51.19999999999998 -163.20000000000002
v 78.4 51.19999999999998 -164.8
v 78.4 51.19999999999998 -163.20000000000002
v 78.4 51.19999999999998 -156.8
v 76.80000000000001 51.19999999999998 -163.20000000000002
v 76.80000000000001 51.19999999999998 -156.8
v 89.60000000000001 51.19999999999999 -129.6
v 89.60000000000001 51.19999999999999 -128
v 78.4 51.19999999999999 -129.6
v 78.4 51.19999999999999 -128
v 78.4 51.19999999999999 -140.8
v 78.4 51.19999999999999 -129.6
v 76.80000000000001 51.19999999999999 -140.8
v 76.80000000000001 51.19999999999999 -129.6
v 78.4 51.19999999999998 -164.8
v 78.4 51.19999999999998 -166.4
v 89.60000000000001 51.19999999999998 -164.8
v 89.60000000000001 51.19999999999998 -166.4
v 89.60000000000001 51.19999999999998 -155.20000000000002
v 89.60000000000001 51.19999999999998 -153.60000000000002
v 78.4 51.19999999999998 -155.20000000000002
v 78.4 51.19999999999998 -153.60000000000002
v 78.4 51.19999999999998 -156.8
v 78.4 51.19999999999998 -155.20000000000002
v 76.80000000000001 51.19999999999998 -156.8
v 76.80000000000001 51.19999999999998 -155.20000000000002
v 76.80000000000001 51.19999999999998 -153.60000000000002
v 76.80000000000001 51.19999999999998 -155.20000000000002
v 78.4 51.19999999999998 -153.60000000000002
v 78.4 51.19999999999998 -155.20000000000002
vt 0.46875 0.5
vt 0.4921875 0.5
vt 0.4921875 0.5234375
vt 0.375 0.625
vt 0.3984375 0.625
vt 0.3984375 0.75
vt 0.4609375 0.6015625
vt 0.4609375 0.6171875
vt 0.4375 0.6171875
vt 0.46875 0.75
vt 0.46875 0.625
vt 0.4921875 0.625
vt 0.4921875 0.625
vt 0.46875 0.8671875
vt 0.46875 0.75
vt 0.4375 0.5
vt 0.4609375 0.5
vt 0.4609375 0.5078125
vt 0.3984375 0.75
vt 0.3984375 0.8671875
vt 0.375 0.625
vt 0.3984375 0.515625
vt 0.375 0.515625
vt 0.3984375 0.5
vt 0.46875 0.515625
vt 0.46875 0.5
vt 0.4921875 0.515625
vt 0.484375 0.5
vt 0.4921875 0.5
vt 0.484375 0.5078125
vt 0.4921875 0.5078125
vt 0.390625 0.5
vt 0.484375 0.5
vt 0.390625 0.5078125
vt 0.484375 0.5078125
vt 0.390625 0.5078125
vt 0.375 0.5078125
vt 0.390625 0.5
vt 0.375 0.5
vt 0.484375 0.5078125
vt 0.4921875 0.5078125
vt 0.484375 0.625
vt 0.4921875 0.625
vt 0.484375 0.5078125
vt 0.484375 0.625
vt 0.390625 0.5078125
vt 0.390625 0.625
vt 0.390625 0.625
vt 0.375 0.625
vt 0.390625 0.5078125
vt 0.375 0.5078125
vt 0.484375 0.625
vt 0.4921875 0.625
vt 0.484375 0.75
vt 0.4921875 0.75
vt 0.484375 0.75
vt 0.390625 0.75
vt 0.484375 0.625
vt 0.390625 0.625
vt 0.390625 0.75
vt 0.375 0.75
vt 0.390625 0.625
vt 0.375 0.625
vt 0.4921875 0.8671875
vt 0.484375 0.8671875
vt 0.4921875 0.75
vt 0.484375 0.75
vt 0.390625 0.8671875
vt 0.375 0.8671875
vt 0.390625 0.75
vt 0.375 0.75
vt 0.484375 0.8671875
vt 0.390625 0.8671875
vt 0.484375 0.75
vt 0.390625 0.75
vt 0.484375 0.75
vt 0.4921875 0.75
vt 0.484375 0.84375
vt 0.4921875 0.84375
vt 0.390625 0.84375
vt 0.375 0.84375
vt 0.390625 0.75
vt 0.375 0.75
vt 0.484375 0.8515625
vt 0.390625 0.8515625
vt 0.484375 0.75
vt 0.390625 0.75
vt 0.484375 0.75
vt 0.390625 0.75
vt 0.484375 0.625
vt 0.390625 0.625
vt 0.484375 0.5078125
vt 0.484375 0.625
vt 0.390625 0.5078125
vt 0.390625 0.625
vt 0.4609375 0.5078125
vt 0.4609375 0.6015625
vt 0.4375 0.5
vt 0.4375 0.6171875
vt 0.46875 0.625
vt 0.46875 0.515625
vt 0.4921875 0.625
vt 0.4921875 0.515625
vt 0.375 0.625
vt 0.375 0.515625
vt 0.3984375 0.625
vt 0.3984375 0.515625
vt 0.421875 0.8671875
vt 0.421875 0.75
vt 0.4296875 0.8671875
vt 0.4296875 0.75
vt 0.40625 0.8671875
vt 0.40625 0.75
vt 0.421875 0.8671875
vt 0.421875 0.75
vt 0.484375 0.8671875
vt 0.484375 0.75
vt 0.4921875 0.8671875
vt 0.4921875 0.75
vt 0.453125 0.8671875
vt 0.453125 0.75
vt 0.4609375 0.8671875
vt 0.4609375 0.75
vt 0.4375 0.8671875
vt 0.4375 0.75
vt 0.453125 0.8671875
vt 0.453125 0.75
vt 0.46875 0.8671875
vt 0.46875 0.75
vt 0.484375 0.8671875
vt 0.484375 0.75
vt 0.40625 0.625
vt 0.421875 0.625
vt 0.40625 0.75
vt 0.421875 0.75
vt 0.421875 0.5
vt 0.421875 0.6171875
vt 0.40625 0.5
vt 0.40625 0.6171875
vt 0.40625 0.8671875
vt 0.40625 0.75
vt 0.421875 0.8671875
vt 0.421875 0.75
vt 0.421875 0.8671875
vt 0.421875 0.75
vt 0.4375 0.8671875
vt 0.4375 0.75
vt 0.40625 0.625
vt 0.421875 0.625
vt 0.40625 0.75
vt 0.421875 0.75
vt 0.421875 0.625
vt 0.40625 0.625
vt 0.421875 0.5
vt 0.40625 0.515625
vt 0.453125 0.5
vt 0.4609375 0.5
vt 0.453125 0.515625
vt 0.4609375 0.515625
vt 0.390625 0.515625
vt 0.390625 0.609375
vt 0.375 0.515625
vt 0.375 0.609375
vt 0.4375 0.515625
vt 0.453125 0.515625
vt 0.4375 0.625
vt 0.453125 0.625
vt 0.453125 0.515625
vt 0.4609375 0.515625
vt 0.453125 0.625
vt 0.4609375 0.625
vt 0.484375 0.5
vt 0.484375 0.6171875
vt 0.46875 0.5
vt 0.46875 0.6171875
vt 0.4375 0.5
vt 0.4375 0.625
vt 0.421875 0.5
vt 0.421875 0.625
vt 0.4921875 0.5
vt 0.4921875 0.6171875
vt 0.484375 0.5
vt 0.484375 0.6171875
vt 0.421875 0.5
vt 0.421875 0.625
vt 0.40625 0.515625
vt 0.40625 0.625
vt 0.4296875 0.515625
vt 0.4296875 0.625
vt 0.421875 0.5
vt 0.421875 0.625
vt 0.421875 0.5
vt 0.421875 0.625
vt 0.40625 0.5
vt 0.40625 0.625
vt 0.4296875 0.5
vt 0.4296875 0.6171875
vt 0.421875 0.5
vt 0.421875 0.6171875
vt 0.453125 0.5
vt 0.453125 0.6171875
vt 0.4375 0.5
vt 0.4375 0.6171875
vt 0.375 0.6171875
vt 0.375 0.609375
vt 0.390625 0.6171875
vt 0.390625 0.609375
vt 0.484375 0.625
vt 0.46875 0.625
vt 0.484375 0.515625
vt 0.46875 0.515625
vt 0.46875 0.625
vt 0.484375 0.625
vt 0.46875 0.75
vt 0.484375 0.75
vt 0.484375 0.625
vt 0.4921875 0.625
vt 0.484375 0.75
vt 0.4921875 0.75
vt 0.4921875 0.625
vt 0.484375 0.625
vt 0.4921875 0.515625
vt 0.484375 0.515625
vt 0.4609375 0.5
vt 0.4609375 0.6171875
vt 0.453125 0.5
vt 0.453125 0.6171875
vt 0.453125 0.625
vt 0.4609375 0.625
vt 0.453125 0.75
vt 0.4609375 0.75
vt 0.375 0.515625
vt 0.375 0.5
vt 0.390625 0.515625
vt 0.390625 0.5
vt 0.4375 0.625
vt 0.453125 0.625
vt 0.4375 0.75
vt 0.453125 0.75
vt 0.4921875 0.515625
vt 0.484375 0.515625
vt 0.4921875 0.5
vt 0.484375 0.5
vt 0.421875 0.625
vt 0.4296875 0.625
vt 0.421875 0.75
vt 0.4296875 0.75
vt 0.421875 0.625
vt 0.4296875 0.625
vt 0.421875 0.75
vt 0.4296875 0.75
vt 0.4296875 0.625
vt 0.421875 0.625
vt 0.4296875 0.515625
vt 0.421875 0.5
vt 0.4375 0.5
vt 0.453125 0.5
vt 0.4375 0.515625
vt 0.453125 0.515625
vt 0.46875 0.515625
vt 0.46875 0.5
vt 0.484375 0.515625
vt 0.484375 0.5
vt 0.484375 0.515625
vt 0.484375 0.5
vt 0.4921875 0.515625
vt 0.4921875 0.5
vt 0.484375 0.7421875
vt 0.484375 0.6171875
vt 0.4921875 0.7421875
vt 0.4921875 0.6171875
vt 0.484375 0.8671875
vt 0.484375 0.8515625
vt 0.4921875 0.8671875
vt 0.4921875 0.8515625
vt 0.484375 0.5234375
vt 0.484375 0.515625
vt 0.4921875 0.5234375
vt 0.4921875 0.515625
vt 0.4921875 0.5234375
vt 0.4921875 0.5859375
vt 0.484375 0.5234375
vt 0.484375 0.5859375
vt 0.375 0.5
vt 0.390625 0.5
vt 0.375 0.6171875
vt 0.390625 0.6171875
vt 0.4921875 0.7421875
vt 0.4921875 0.8515625
vt 0.484375 0.7421875
vt 0.484375 0.8515625
vt 0.390625 0.8671875
vt 0.375 0.8671875
vt 0.390625 0.75
vt 0.375 0.75
vt 0.375 0.625
vt 0.390625 0.625
vt 0.375 0.7421875
vt 0.390625 0.7421875
vt 0.4921875 0.5859375
vt 0.4921875 0.6015625
vt 0.484375 0.5859375
vt 0.484375 0.6015625
vt 0.484375 0.6171875
vt 0.484375 0.6015625
vt 0.4921875 0.6171875
vt 0.4921875 0.6015625
vn 0 1 -1.2246467991473532e-16
vn 0 1 -1.2246467991473532e-16
vn 0 1 -1.2246467991473532e-16
vn 1 0 0
vn 1 0 0
vn 1 0 0
vn 0 1 -1.2246467991473532e-16
vn 0 1 -1.2246467991473532e-16
vn 0 1 -1.2246467991473532e-16
vn -1 0 0
vn -1 0 0
vn -1 0 0
vn -1 0 0
vn -1 0 0
vn -1 0 0
vn 0 1 -1.2246467991473532e-16
vn 0 1 -1.2246467991473532e-16
vn 0 1 -1.2246467991473532e-16
vn 1 0 0
vn 1 0 0
vn 1 0 0
vn 1 0 0
vn 1 0 0
vn 1 0 0
vn -1 0 0
vn -1 0 0
vn -1 0 0
vn 0 1 -1.2246467991473532e-16
vn 0 1 -1.2246467991473532e-16
vn 0 1 -1.2246467991473532e-16
vn 0 1 -1.2246467991473532e-16
vn 0 1 -1.2246467991473532e-16
vn 0 1 -1.2246467991473532e-16
vn 0 1 -1.2246467991473532e-16
vn 0 1 -1.2246467991473532e-16
vn 0 1 -1.2246467991473532e-16
vn 0 1 -1.2246467991473532e-16
vn 0 1 -1.2246467991473532e-16
vn 0 1 -1.2246467991473532e-16
vn 0 1 -1.2246467991473532e-16
vn 0 1 -1.2246467991473532e-16
vn 0 1 -1.2246467991473532e-16
vn 0 1 -1.2246467991473532e-16
vn 0 1 -1.2246467991473532e-16
vn 0 1 -1.2246467991473532e-16
vn 0 1 -1.2246467991473532e-16
vn 0 1 -1.2246467991473532e-16
vn 0 1 -1.2246467991473532e-16
vn 0 1 -1.2246467991473532e-16
vn 0 1 -1.2246467991473532e-16
vn 0 1 -1.2246467991473532e-16
vn 0 1 -1.2246467991473532e-16
vn 0 1 -1.2246467991473532e-16
vn 0 1 -1.2246467991473532e-16
vn 0 1 -1.2246467991473532e-16
vn 0 1 -1.2246467991473532e-16
vn 0 1 -1.2246467991473532e-16
vn 0 1 -1.2246467991473532e-16
vn 0 1 -1.2246467991473532e-16
vn 0 1 -1.2246467991473532e-16
vn 0 1 -1.2246467991473532e-16
vn 0 1 -1.2246467991473532e-16
vn 0 1 -1.2246467991473532e-16
vn 0 1 -1.2246467991473532e-16
vn 0 1 -1.2246467991473532e-16
vn 0 1 -1.2246467991473532e-16
vn 0 1 -1.2246467991473532e-16
vn 0 1 -1.2246467991473532e-16
vn 0 1 -1.2246467991473532e-16
vn 0 1 -1.2246467991473532e-16
vn 0 1 -1.2246467991473532e-16
vn 0 1 -1.2246467991473532e-16
vn 0 1 -1.2246467991473532e-16
vn 0 1 -1.2246467991473532e-16
vn 0 1 -1.2246467991473532e-16
vn 0 1 -1.2246467991473532e-16
vn 0 1 -1.2246467991473532e-16
vn 0 1 -1.2246467991473532e-16
vn 0 1 -1.2246467991473532e-16
vn 0 1 -1.2246467991473532e-16
vn 0 1 -1.2246467991473532e-16
vn 0 1 -1.2246467991473532e-16
vn 0 1 -1.2246467991473532e-16
vn 0 -1 1.2246467991473532e-16
vn 0 -1 1.2246467991473532e-16
vn 0 -1 1.2246467991473532e-16
vn 0 -1 1.2246467991473532e-16
vn 0 -1 1.2246467991473532e-16
vn 0 -1 1.2246467991473532e-16
vn 0 -1 1.2246467991473532e-16
vn 0 -1 1.2246467991473532e-16
vn 0 -1 1.2246467991473532e-16
vn 0 -1 1.2246467991473532e-16
vn 0 -1 1.2246467991473532e-16
vn 0 -1 1.2246467991473532e-16
vn 0 1 -1.2246467991473532e-16
vn 0 1 -1.2246467991473532e-16
vn 0 1 -1.2246467991473532e-16
vn 0 1 -1.2246467991473532e-16
vn -1 0 0
vn -1 0 0
vn -1 0 0
vn -1 0 0
vn 1 0 0
vn 1 0 0
vn 1 0 0
vn 1 0 0
vn 0 1.2246467991473532e-16 1
vn 0 1.2246467991473532e-16 1
vn 0 1.2246467991473532e-16 1
vn 0 1.2246467991473532e-16 1
vn -1 0 0
vn -1 0 0
vn -1 0 0
vn -1 0 0
vn 0 -1.2246467991473532e-16 -1
vn 0 -1.2246467991473532e-16 -1
vn 0 -1.2246467991473532e-16 -1
vn 0 -1.2246467991473532e-16 -1
vn -1 0 0
vn -1 0 0
vn -1 0 0
vn -1 0 0
vn 0 -1.2246467991473532e-16 -1
vn 0 -1.2246467991473532e-16 -1
vn 0 -1.2246467991473532e-16 -1
vn 0 -1.2246467991473532e-16 -1
vn 1 0 0
vn 1 0 0
vn 1 0 0
vn 1 0 0
vn 0 1.2246467991473532e-16 1
vn 0 1.2246467991473532e-16 1
vn 0 1.2246467991473532e-16 1
vn 0 1.2246467991473532e-16 1
vn -1 0 0
vn -1 0 0
vn -1 0 0
vn -1 0 0
vn 0 1.2246467991473532e-16 1
vn 0 1.2246467991473532e-16 1
vn 0 1.2246467991473532e-16 1
vn 0 1.2246467991473532e-16 1
vn 1 0 0
vn 1 0 0
vn 1 0 0
vn 1 0 0
vn -1 0 0
vn -1 0 0
vn -1 0 0
vn -1 0 0
vn -1 0 0
vn -1 0 0
vn -1 0 0
vn -1 0 0
vn -1 0 0
vn -1 0 0
vn -1 0 0
vn -1 0 0
vn 0 1 -1.2246467991473532e-16
vn 0 1 -1.2246467991473532e-16
vn 0 1 -1.2246467991473532e-16
vn 0 1 -1.2246467991473532e-16
vn 0 -1.2246467991473532e-16 -1
vn 0 -1.2246467991473532e-16 -1
vn 0 -1.2246467991473532e-16 -1
vn 0 -1.2246467991473532e-16 -1
vn -1 0 0
vn -1 0 0
vn -1 0 0
vn -1 0 0
vn 1 0 0
vn 1 0 0
vn 1 0 0
vn 1 0 0
vn 1 0 0
vn 1 0 0
vn 1 0 0
vn 1 0 0
vn 0 -1.2246467991473532e-16 -1
vn 0 -1.2246467991473532e-16 -1
vn 0 -1.2246467991473532e-16 -1
vn 0 -1.2246467991473532e-16 -1
vn 0 1.2246467991473532e-16 1
vn 0 1.2246467991473532e-16 1
vn 0 1.2246467991473532e-16 1
vn 0 1.2246467991473532e-16 1
vn 1 0 0
vn 1 0 0
vn 1 0 0
vn 1 0 0
vn 0 1.2246467991473532e-16 1
vn 0 1.2246467991473532e-16 1
vn 0 1.2246467991473532e-16 1
vn 0 1.2246467991473532e-16 1
vn 0 1.2246467991473532e-16 1
vn 0 1.2246467991473532e-16 1
vn 0 1.2246467991473532e-16 1
vn 0 1.2246467991473532e-16 1
vn 0 -1.2246467991473532e-16 -1
vn 0 -1.2246467991473532e-16 -1
vn 0 -1.2246467991473532e-16 -1
vn 0 -1.2246467991473532e-16 -1
vn 0 1 -1.2246467991473532e-16
vn 0 1 -1.2246467991473532e-16
vn 0 1 -1.2246467991473532e-16
vn 0 1 -1.2246467991473532e-16
vn 1 0 0
vn 1 0 0
vn 1 0 0
vn 1 0 0
vn 1 0 0
vn 1 0 0
vn 1 0 0
vn 1 0 0
vn 0 -1.2246467991473532e-16 -1
vn 0 -1.2246467991473532e-16 -1
vn 0 -1.2246467991473532e-16 -1
vn 0 -1.2246467991473532e-16 -1
vn 0 -1.2246467991473532e-16 -1
vn 0 -1.2246467991473532e-16 -1
vn 0 -1.2246467991473532e-16 -1
vn 0 -1.2246467991473532e-16 -1
vn -1 0 0
vn -1 0 0
vn -1 0 0
vn -1 0 0
vn -1 0 0
vn -1 0 0
vn -1 0 0
vn -1 0 0
vn 0 1 -1.2246467991473532e-16
vn 0 1 -1.2246467991473532e-16
vn 0 1 -1.2246467991473532e-16
vn 0 1 -1.2246467991473532e-16
vn 0 -1.2246467991473532e-16 -1
vn 0 -1.2246467991473532e-16 -1
vn 0 -1.2246467991473532e-16 -1
vn 0 -1.2246467991473532e-16 -1
vn 0 -1.2246467991473532e-16 -1
vn 0 -1.2246467991473532e-16 -1
vn 0 -1.2246467991473532e-16 -1
vn 0 -1.2246467991473532e-16 -1
vn 1 0 0
vn 1 0 0
vn 1 0 0
vn 1 0 0
vn 0 1.2246467991473532e-16 1
vn 0 1.2246467991473532e-16 1
vn 0 1.2246467991473532e-16 1
vn 0 1.2246467991473532e-16 1
vn 0 1.2246467991473532e-16 1
vn 0 1.2246467991473532e-16 1
vn 0 1.2246467991473532e-16 1
vn 0 1.2246467991473532e-16 1
vn 0 -1.2246467991473532e-16 -1
vn 0 -1.2246467991473532e-16 -1
vn 0 -1.2246467991473532e-16 -1
vn 0 -1.2246467991473532e-16 -1
vn 1 0 0
vn 1 0 0
vn 1 0 0
vn 1 0 0
vn 0 1 -1.2246467991473532e-16
vn 0 1 -1.2246467991473532e-16
vn 0 1 -1.2246467991473532e-16
vn 0 1 -1.2246467991473532e-16
vn 0 1 -1.2246467991473532e-16
vn 0 1 -1.2246467991473532e-16
vn 0 1 -1.2246467991473532e-16
vn 0 1 -1.2246467991473532e-16
vn 0 1 -1.2246467991473532e-16
vn 0 1 -1.2246467991473532e-16
vn 0 1 -1.2246467991473532e-16
vn 0 1 -1.2246467991473532e-16
vn 0 1 -1.2246467991473532e-16
vn 0 1 -1.2246467991473532e-16
vn 0 1 -1.2246467991473532e-16
vn 0 1 -1.2246467991473532e-16
vn 0 1 -1.2246467991473532e-16
vn 0 1 -1.2246467991473532e-16
vn 0 1 -1.2246467991473532e-16
vn 0 1 -1.2246467991473532e-16
vn 0 1 -1.2246467991473532e-16
vn 0 1 -1.2246467991473532e-16
vn 0 1 -1.2246467991473532e-16
vn 0 1 -1.2246467991473532e-16
vn 0 1 -1.2246467991473532e-16
vn 0 1 -1.2246467991473532e-16
vn 0 1 -1.2246467991473532e-16
vn 0 1 -1.2246467991473532e-16
vn 0 1 -1.2246467991473532e-16
vn 0 1 -1.2246467991473532e-16
vn 0 1 -1.2246467991473532e-16
vn 0 1 -1.2246467991473532e-16
vn 0 1 -1.2246467991473532e-16
vn 0 1 -1.2246467991473532e-16
vn 0 1 -1.2246467991473532e-16
vn 0 1 -1.2246467991473532e-16
vn 0 1 -1.2246467991473532e-16
vn 0 1 -1.2246467991473532e-16
vn 0 1 -1.2246467991473532e-16
vn 0 1 -1.2246467991473532e-16
vn 0 1 -1.2246467991473532e-16
vn 0 1 -1.2246467991473532e-16
vn 0 1 -1.2246467991473532e-16
vn 0 1 -1.2246467991473532e-16
f 228/228/228 227/227/227 226/226/226
f 231/231/231 230/230/230 229/229/229
f 234/234/234 233/233/233 232/232/232
f 237/237/237 236/236/236 235/235/235
f 240/240/240 239/239/239 238/238/238
f 243/243/243 242/242/242 241/241/241
f 246/246/246 245/245/245 244/244/244
f 249/249/249 248/248/248 247/247/247
f 252/252/252 251/251/251 250/250/250
f 255/255/255 254/254/254 253/253/253
f 254/254/254 255/255/255 256/256/256
f 259/259/259 258/258/258 257/257/257
f 258/258/258 259/259/259 260/260/260
f 263/263/263 262/262/262 261/261/261
f 262/262/262 263/263/263 264/264/264
f 267/267/267 266/266/266 265/265/265
f 266/266/266 267/267/267 268/268/268
f 271/271/271 270/270/270 269/269/269
f 270/270/270 271/271/271 272/272/272
f 275/275/275 274/274/274 273/273/273
f 274/274/274 275/275/275 276/276/276
f 279/279/279 278/278/278 277/277/277
f 278/278/278 279/279/279 280/280/280
f 283/283/283 282/282/282 281/281/281
f 282/282/282 283/283/283 284/284/284
f 287/287/287 286/286/286 285/285/285
f 286/286/286 287/287/287 288/288/288
f 291/291/291 290/290/290 289/289/289
f 290/290/290 291/291/291 292/292/292
f 295/295/295 294/294/294 293/293/293
f 294/294/294 295/295/295 296/296/296
f 299/299/299 298/298/298 297/297/297
f 298/298/298 299/299/299 300/300/300
f 303/303/303 302/302/302 301/301/301
f 302/302/302 303/303/303 304/304/304
f 307/307/307 306/306/306 305/305/305
f 306/306/306 307/307/307 308/308/308
f 311/311/311 310/310/310 309/309/309
f 310/310/310 311/311/311 312/312/312
f 315/315/315 314/314/314 313/313/313
f 314/314/314 315/315/315 316/316/316
f 319/319/319 318/318/318 317/317/317
f 318/318/318 319/319/319 320/320/320
f 323/323/323 322/322/322 321/321/321
f 322/322/322 323/323/323 324/324/324
f 327/327/327 326/326/326 325/325/325
f 326/326/326 327/327/327 328/328/328
f 331/331/331 330/330/330 329/329/329
f 330/330/330 331/331/331 332/332/332
f 335/335/335 334/334/334 333/333/333
f 334/334/334 335/335/335 336/336/336
f 339/339/339 338/338/338 337/337/337
f 338/338/338 339/339/339 340/340/340
f 343/343/343 342/342/342 341/341/341
f 342/342/342 343/343/343 344/344/344
f 347/347/347 346/346/346 345/345/345
f 346/346/346 347/347/347 348/348/348
f 351/351/351 350/350/350 349/349/349
f 350/350/350 351/351/351 352/352/352
f 355/355/355 354/354/354 353/353/353
f 354/354/354 355/355/355 356/356/356
f 359/359/359 358/358/358 357/357/357
f 358/358/358 359/359/359 360/360/360
f 363/363/363 362/362/362 361/361/361
f 362/362/362 363/363/363 364/364/364
f 367/367/367 366/366/366 365/365/365
f 366/366/366 367/367/367 368/368/368
f 371/371/371 370/370/370 369/369/369
f 370/370/370 371/371/371 372/372/372
f 375/375/375 374/374/374 373/373/373
f 374/374/374 375/375/375 376/376/376
f 379/379/379 378/378/378 377/377/377
f 378/378/378 379/379/379 380/380/380
f 383/383/383 382/382/382 381/381/381
f 382/382/382 383/383/383 384/384/384
f 387/387/387 386/386/386 385/385/385
f 386/386/386 387/387/387 388/388/388
f 391/391/391 390/390/390 389/389/389
f 390/390/390 391/391/391 392/392/392
f 395/395/395 394/394/394 393/393/393
f 394/394/394 395/395/395 396/396/396
f 399/399/399 398/398/398 397/397/397
f 398/398/398 399/399/399 400/400/400
f 403/403/403 402/402/402 401/401/401
f 402/402/402 403/403/403 404/404/404
f 407/407/407 406/406/406 405/405/405
f 406/406/406 407/407/407 408/408/408
f 411/411/411 410/410/410 409/409/409
f 410/410/410 411/411/411 412/412/412
f 415/415/415 414/414/414 413/413/413
f 414/414/414 415/415/415 416/416/416
f 419/419/419 418/418/418 417/417/417
f 418/418/418 419/419/419 420/420/420
f 423/423/423 422/422/422 421/421/421
f 422/422/422 423/423/423 424/424/424
f 427/427/427 426/426/426 425/425/425
f 426/426/426 427/427/427 428/428/428
f 431/431/431 430/430/430 429/429/429
f 430/430/430 431/431/431 432/432/432
f 435/435/435 434/434/434 433/433/433
f 434/434/434 435/435/435 436/436/436
f 439/439/439 438/438/438 437/437/437
f 438/438/438 439/439/439 440/440/440
f 443/443/443 442/442/442 441/441/441
f 442/442/442 443/443/443 444/444/444
f 447/447/447 446/446/446 445/445/445
f 446/446/446 447/447/447 448/448/448
f 451/451/451 450/450/450 449/449/449
f 450/450/450 451/451/451 452/452/452
f 455/455/455 454/454/454 453/453/453
f 454/454/454 455/455/455 456/456/456
f 459/459/459 458/458/458 457/457/457
f 458/458/458 459/459/459 460/460/460
f 463/463/463 462/462/462 461/461/461
f 462/462/462 463/463/463 464/464/464
f 467/467/467 466/466/466 465/465/465
f 466/466/466 467/467/467 468/468/468
f 471/471/471 470/470/470 469/469/469
f 470/470/470 471/471/471 472/472/472
f 475/475/475 474/474/474 473/473/473
f 474/474/474 475/475/475 476/476/476
f 479/479/479 478/478/478 477/477/477
f 478/478/478 479/479/479 480/480/480
f 483/483/483 482/482/482 481/481/481
f 482/482/482 483/483/483 484/484/484
f 487/487/487 486/486/486 485/485/485
f 486/486/486 487/487/487 488/488/488
f 491/491/491 490/490/490 489/489/489
f 490/490/490 491/491/491 492/492/492
f 495/495/495 494/494/494 493/493/493
f 494/494/494 495/495/495 496/496/496
f 499/499/499 498/498/498 497/497/497
f 498/498/498 499/499/499 500/500/500
f 503/503/503 502/502/502 501/501/501
f 502/502/502 503/503/503 504/504/504
f 507/507/507 506/506/506 505/505/505
f 506/506/506 507/507/507 508/508/508
f 511/511/511 510/510/510 509/509/509
f 510/510/510 511/511/511 512/512/512
f 515/515/515 514/514/514 513/513/513
f 514/514/514 515/515/515 516/516/516
f 519/519/519 518/518/518 517/517/517
f 518/518/518 519/519/519 520/520/520
f 523/523/523 522/522/522 521/521/521
f 522/522/522 523/523/523 524/524/524
f 527/527/527 526/526/526 525/525/525
f 526/526/526 527/527/527 528/528/528
f 531/531/531 530/530/530 529/529/529
f 530/530/530 531/531/531 532/532/532
o mesh_10
usemtl mat6
v 12.8 38.39999999999999 -115.2
v 0 38.39999999999999 -115.2
v 0 38.39999999999999 -128
v 25.6 -1.8810574834903348e-14 -153.60000000000002
v 12.8 -1.8810574834903348e-14 -153.60000000000002
v 12.8 -2.0182179249948383e-14 -164.8
v 76.80000000000001 -1.5871422516949698e-14 -129.6
v 76.80000000000001 -1.567547902908612e-14 -128
v 64 -1.567547902908612e-14 -128
v 64 4.799999999999988 -102.4
v 65.60000000000001 6.399999999999988 -102.4
v 64 6.39999999999999 -89.60000000000001
v 78.4 -1.567547902908612e-14 -128
v 89.60000000000001 -1.567547902908612e-14 -128
v 89.60000000000001 -1.410793112617751e-14 -115.2
v 64 -2.037812273781196e-14 -166.4
v 76.80000000000001 -2.037812273781196e-14 -166.4
v 76.80000000000001 -2.0182179249948383e-14 -164.8
v 64 -2.037812273781196e-14 -166.4
v 76.80000000000001 -2.0182179249948383e-14 -164.8
v 76.80000000000001 -1.900651832276692e-14 -155.20000000000002
v 76.80000000000001 12.79999999999999 -89.60000000000001
v 78.4 12.799999999999992 -76.80000000000001
v 76.80000000000001 11.199999999999992 -76.80000000000001
v 89.60000000000001 12.799999999999988 -102.4
v 89.60000000000001 12.79999999999999 -89.60000000000001
v 76.80000000000001 12.79999999999999 -89.60000000000001
v 89.60000000000001 6.399999999999991 -76.80000000000001
v 89.60000000000001 6.399999999999992 -64
v 76.80000000000001 6.399999999999992 -64
v 76.80000000000001 6.399999999999991 -76.80000000000001
v 64 6.399999999999991 -76.80000000000001
v 64 6.39999999999999 -89.60000000000001
v 0 6.399999999999991 -76.80000000000001
v 0 6.39999999999999 -89.60000000000001
v 12.8 6.39999999999999 -89.60000000000001
v 65.60000000000001 6.399999999999988 -102.4
v 76.80000000000001 6.399999999999988 -102.4
v 76.80000000000001 6.39999999999999 -89.60000000000001
v 12.8 6.39999999999999 -89.60000000000001
v 0 6.39999999999999 -89.60000000000001
v 0 6.399999999999988 -102.4
v 89.60000000000001 12.79999999999999 -89.60000000000001
v 89.60000000000001 12.799999999999992 -76.80000000000001
v 78.4 12.799999999999992 -76.80000000000001
v 76.80000000000001 6.39999999999999 -89.60000000000001
v 64 6.39999999999999 -89.60000000000001
v 65.60000000000001 6.399999999999988 -102.4
v 64 6.39999999999999 -89.60000000000001
v 76.80000000000001 6.39999999999999 -89.60000000000001
v 76.80000000000001 6.399999999999991 -76.80000000000001
v 76.80000000000001 6.399999999999992 -64
v 76.80000000000001 6.399999999999991 -76.80000000000001
v 89.60000000000001 6.399999999999991 -76.80000000000001
v 78.4 12.799999999999992 -76.80000000000001
v 76.80000000000001 12.79999999999999 -89.60000000000001
v 89.60000000000001 12.79999999999999 -89.60000000000001
v 12.8 6.39999999999999 -89.60000000000001
v 12.8 6.399999999999991 -76.80000000000001
v 0 6.399999999999991 -76.80000000000001
v 0 6.399999999999988 -102.4
v 12.8 6.399999999999988 -102.4
v 12.8 6.39999999999999 -89.60000000000001
v 76.80000000000001 -9.405287417451674e-15 -76.80000000000001
v 76.80000000000001 -7.83773951454306e-15 -64
v 64 -9.405287417451674e-15 -76.80000000000001
v 64 -7.83773951454306e-15 -64
v 76.80000000000001 -3.1350958058172244e-15 -25.6
v 76.80000000000001 -4.702643708725837e-15 -38.400000000000006
v 89.60000000000001 -3.1350958058172244e-15 -25.6
v 89.60000000000001 -4.702643708725837e-15 -38.400000000000006
v 76.80000000000001 -1.410793112617751e-14 -115.2
v 76.80000000000001 -1.2540383223268897e-14 -102.4
v 64 -1.410793112617751e-14 -115.2
v 64 -1.2540383223268897e-14 -102.4
v 89.60000000000001 -6.270191611634449e-15 -51.2
v 76.80000000000001 -6.270191611634449e-15 -51.2
v 89.60000000000001 -7.83773951454306e-15 -64
v 76.80000000000001 -7.83773951454306e-15 -64
v 64 -4.702643708725837e-15 -38.400000000000006
v 64 -3.1350958058172244e-15 -25.6
v 51.2 -4.702643708725837e-15 -38.400000000000006
v 51.2 -3.1350958058172244e-15 -25.6
v 38.400000000000006 -3.1350958058172244e-15 -25.6
v 25.6 -3.1350958058172244e-15 -25.6
v 38.400000000000006 -4.702643708725837e-15 -38.400000000000006
v 25.6 -4.702643708725837e-15 -38.400000000000006
v 12.8 -1.0972835320360286e-14 -89.60000000000001
v 25.6 -1.0972835320360286e-14 -89.60000000000001
v 12.8 -9.405287417451674e-15 -76.80000000000001
v 25.6 -9.405287417451674e-15 -76.80000000000001
v 76.80000000000001 -1.2540383223268897e-14 -102.4
v 76.80000000000001 -1.410793112617751e-14 -115.2
v 89.60000000000001 -1.2540383223268897e-14 -102.4
v 89.60000000000001 -1.410793112617751e-14 -115.2
v 64 -6.270191611634449e-15 -51.2
v 76.80000000000001 -6.270191611634449e-15 -51.2
v 64 -4.702643708725837e-15 -38.400000000000006
v 76.80000000000001 -4.702643708725837e-15 -38.400000000000006
v 76.80000000000001 -6.270191611634449e-15 -51.2
v 89.60000000000001 -6.270191611634449e-15 -51.2
v 76.80000000000001 -4.702643708725837e-15 -38.400000000000006
v 89.60000000000001 -4.702643708725837e-15 -38.400000000000006
v 12.8 -1.8810574834903348e-14 -153.60000000000002
v 25.6 -1.8810574834903348e-14 -153.60000000000002
v 12.8 -1.7243026931994733e-14 -140.8
v 25.6 -1.7243026931994733e-14 -140.8
v 25.6 -1.8810574834903348e-14 -153.60000000000002
v 38.400000000000006 -1.8810574834903348e-14 -153.60000000000002
v 25.6 -1.7243026931994733e-14 -140.8
v 38.400000000000006 -1.7243026931994733e-14 -140.8
v 38.400000000000006 -1.8810574834903348e-14 -153.60000000000002
v 51.2 -1.8810574834903348e-14 -153.60000000000002
v 38.400000000000006 -1.7243026931994733e-14 -140.8
v 51.2 -1.7243026931994733e-14 -140.8
v 51.2 -1.8810574834903348e-14 -153.60000000000002
v 64 -1.8810574834903348e-14 -153.60000000000002
v 51.2 -1.7243026931994733e-14 -140.8
v 64 -1.7243026931994733e-14 -140.8
v 64 -1.8810574834903348e-14 -153.60000000000002
v 76.80000000000001 -1.8810574834903348e-14 -153.60000000000002
v 64 -1.7243026931994733e-14 -140.8
v 76.80000000000001 -1.7243026931994733e-14 -140.8
v 51.2 -6.270191611634449e-15 -51.2
v 64 -6.270191611634449e-15 -51.2
v 51.2 -4.702643708725837e-15 -38.400000000000006
v 64 -4.702643708725837e-15 -38.400000000000006
v 12.8 -1.7243026931994733e-14 -140.8
v 25.6 -1.7243026931994733e-14 -140.8
v 12.8 -1.567547902908612e-14 -128
v 25.6 -1.567547902908612e-14 -128
v 25.6 -1.7243026931994733e-14 -140.8
v 38.400000000000006 -1.7243026931994733e-14 -140.8
v 25.6 -1.567547902908612e-14 -128
v 38.400000000000006 -1.567547902908612e-14 -128
v 38.400000000000006 -6.270191611634449e-15 -51.2
v 51.2 -6.270191611634449e-15 -51.2
v 38.400000000000006 -4.702643708725837e-15 -38.400000000000006
v 51.2 -4.702643708725837e-15 -38.400000000000006
v 38.400000000000006 -1.7243026931994733e-14 -140.8
v 51.2 -1.7243026931994733e-14 -140.8
v 38.400000000000006 -1.567547902908612e-14 -128
v 51.2 -1.567547902908612e-14 -128
v 51.2 -1.7243026931994733e-14 -140.8
v 64 -1.7243026931994733e-14 -140.8
v 51.2 -1.567547902908612e-14 -128
v 64 -1.567547902908612e-14 -128
v 25.6 -6.270191611634449e-15 -51.2
v 38.400000000000006 -6.270191611634449e-15 -51.2
v 25.6 -4.702643708725837e-15 -38.400000000000006
v 38.400000000000006 -4.702643708725837e-15 -38.400000000000006
v 12.8 -1.567547902908612e-14 -128
v 25.6 -1.567547902908612e-14 -128
v 12.8 -1.410793112617751e-14 -115.2
v 25.6 -1.410793112617751e-14 -115.2
v 12.8 -6.270191611634449e-15 -51.2
v 25.6 -6.270191611634449e-15 -51.2
v 12.8 -4.702643708725837e-15 -38.400000000000006
v 25.6 -4.702643708725837e-15 -38.400000000000006
v 38.400000000000006 -1.567547902908612e-14 -128
v 38.400000000000006 -1.410793112617751e-14 -115.2
v 25.6 -1.567547902908612e-14 -128
v 25.6 -1.410793112617751e-14 -115.2
v 38.400000000000006 -1.567547902908612e-14 -128
v 51.2 -1.567547902908612e-14 -128
v 38.400000000000006 -1.410793112617751e-14 -115.2
v 51.2 -1.410793112617751e-14 -115.2
v 51.2 -1.567547902908612e-14 -128
v 64 -1.567547902908612e-14 -128
v 51.2 -1.410793112617751e-14 -115.2
v 64 -1.410793112617751e-14 -115.2
v 0 -4.702643708725837e-15 -38.400000000000006
v 0 -6.270191611634449e-15 -51.2
v 12.8 -4.702643708725837e-15 -38.400000000000006
v 12.8 -6.270191611634449e-15 -51.2
v 64 -1.567547902908612e-14 -128
v 76.80000000000001 -1.567547902908612e-14 -128
v 64 -1.410793112617751e-14 -115.2
v 76.80000000000001 -1.410793112617751e-14 -115.2
v 0 -1.410793112617751e-14 -115.2
v 12.8 -1.410793112617751e-14 -115.2
v 0 -1.2540383223268897e-14 -102.4
v 12.8 -1.2540383223268897e-14 -102.4
v 12.8 -1.410793112617751e-14 -115.2
v 25.6 -1.410793112617751e-14 -115.2
v 12.8 -1.2540383223268897e-14 -102.4
v 25.6 -1.2540383223268897e-14 -102.4
v 25.6 -1.410793112617751e-14 -115.2
v 38.400000000000006 -1.410793112617751e-14 -115.2
v 25.6 -1.2540383223268897e-14 -102.4
v 38.400000000000006 -1.2540383223268897e-14 -102.4
v 64 -7.83773951454306e-15 -64
v 76.80000000000001 -7.83773951454306e-15 -64
v 64 -6.270191611634449e-15 -51.2
v 76.80000000000001 -6.270191611634449e-15 -51.2
v 38.400000000000006 -1.410793112617751e-14 -115.2
v 51.2 -1.410793112617751e-14 -115.2
v 38.400000000000006 -1.2540383223268897e-14 -102.4
v 51.2 -1.2540383223268897e-14 -102.4
v 51.2 -1.410793112617751e-14 -115.2
v 64 -1.410793112617751e-14 -115.2
v 51.2 -1.2540383223268897e-14 -102.4
v 64 -1.2540383223268897e-14 -102.4
v 51.2 -7.83773951454306e-15 -64
v 64 -7.83773951454306e-15 -64
v 51.2 -6.270191611634449e-15 -51.2
v 64 -6.270191611634449e-15 -51.2
v 38.400000000000006 -7.83773951454306e-15 -64
v 51.2 -7.83773951454306e-15 -64
v 38.400000000000006 -6.270191611634449e-15 -51.2
v 51.2 -6.270191611634449e-15 -51.2
v 25.6 -7.83773951454306e-15 -64
v 38.400000000000006 -7.83773951454306e-15 -64
v 25.6 -6.270191611634449e-15 -51.2
v 38.400000000000006 -6.270191611634449e-15 -51.2
v 12.8 -1.2540383223268897e-14 -102.4
v 25.6 -1.2540383223268897e-14 -102.4
v 12.8 -1.0972835320360286e-14 -89.60000000000001
v 25.6 -1.0972835320360286e-14 -89.60000000000001
v 12.8 -7.83773951454306e-15 -64
v 25.6 -7.83773951454306e-15 -64
v 12.8 -6.270191611634449e-15 -51.2
v 25.6 -6.270191611634449e-15 -51.2
v 25.6 -1.2540383223268897e-14 -102.4
v 38.400000000000006 -1.2540383223268897e-14 -102.4
v 25.6 -1.0972835320360286e-14 -89.60000000000001
v 38.400000000000006 -1.0972835320360286e-14 -89.60000000000001
v 0 -7.83773951454306e-15 -64
v 12.8 -7.83773951454306e-15 -64
v 0 -6.270191611634449e-15 -51.2
v 12.8 -6.270191611634449e-15 -51.2
v 38.400000000000006 -1.2540383223268897e-14 -102.4
v 51.2 -1.2540383223268897e-14 -102.4
v 38.400000000000006 -1.0972835320360286e-14 -89.60000000000001
v 51.2 -1.0972835320360286e-14 -89.60000000000001
v 76.80000000000001 -4.702643708725837e-15 -38.400000000000006
v 76.80000000000001 -3.1350958058172244e-15 -25.6
v 64 -4.702643708725837e-15 -38.400000000000006
v 64 -3.1350958058172244e-15 -25.6
v 51.2 -1.2540383223268897e-14 -102.4
v 64 -1.2540383223268897e-14 -102.4
v 51.2 -1.0972835320360286e-14 -89.60000000000001
v 64 -1.0972835320360286e-14 -89.60000000000001
v 51.2 -9.405287417451674e-15 -76.80000000000001
v 64 -9.405287417451674e-15 -76.80000000000001
v 51.2 -7.83773951454306e-15 -64
v 64 -7.83773951454306e-15 -64
v 38.400000000000006 -9.405287417451674e-15 -76.80000000000001
v 51.2 -9.405287417451674e-15 -76.80000000000001
v 38.400000000000006 -7.83773951454306e-15 -64
v 51.2 -7.83773951454306e-15 -64
v 25.6 -1.0972835320360286e-14 -89.60000000000001
v 38.400000000000006 -1.0972835320360286e-14 -89.60000000000001
v 25.6 -9.405287417451674e-15 -76.80000000000001
v 38.400000000000006 -9.405287417451674e-15 -76.80000000000001
v 25.6 -9.405287417451674e-15 -76.80000000000001
v 38.400000000000006 -9.405287417451674e-15 -76.80000000000001
v 25.6 -7.83773951454306e-15 -64
v 38.400000000000006 -7.83773951454306e-15 -64
v 38.400000000000006 -1.0972835320360286e-14 -89.60000000000001
v 51.2 -1.0972835320360286e-14 -89.60000000000001
v 38.400000000000006 -9.405287417451674e-15 -76.80000000000001
v 51.2 -9.405287417451674e-15 -76.80000000000001
v 12.8 -9.405287417451674e-15 -76.80000000000001
v 25.6 -9.405287417451674e-15 -76.80000000000001
v 12.8 -7.83773951454306e-15 -64
v 25.6 -7.83773951454306e-15 -64
v 51.2 -1.0972835320360286e-14 -89.60000000000001
v 64 -1.0972835320360286e-14 -89.60000000000001
v 51.2 -9.405287417451674e-15 -76.80000000000001
v 64 -9.405287417451674e-15 -76.80000000000001
v 25.6 -4.702643708725837e-15 -38.400000000000006
v 25.6 -3.1350958058172244e-15 -25.6
v 12.8 -4.702643708725837e-15 -38.400000000000006
v 12.8 -3.1350958058172244e-15 -25.6
v 12.8 -4.702643708725837e-15 -38.400000000000006
v 12.8 -3.1350958058172244e-15 -25.6
v 0 -4.702643708725837e-15 -38.400000000000006
v 0 -3.1350958058172244e-15 -25.6
v 0 38.39999999999999 -128
v 11.200000000000001 38.39999999999999 -128
v 12.8 38.39999999999999 -115.2
v 12.8 38.39999999999999 -126.4
v 25.6 -1.8810574834903348e-14 -153.60000000000002
v 12.8 -2.0182179249948383e-14 -164.8
v 25.6 -2.037812273781196e-14 -166.4
v 12.8 -2.037812273781196e-14 -166.4
v 64 -1.8810574834903348e-14 -153.60000000000002
v 51.2 -1.8810574834903348e-14 -153.60000000000002
v 64 -2.037812273781196e-14 -166.4
v 51.2 -2.037812273781196e-14 -166.4
v 38.400000000000006 -1.8810574834903348e-14 -153.60000000000002
v 25.6 -1.8810574834903348e-14 -153.60000000000002
v 38.400000000000006 -2.037812273781196e-14 -166.4
v 25.6 -2.037812273781196e-14 -166.4
v 76.80000000000001 -1.900651832276692e-14 -155.20000000000002
v 76.80000000000001 -1.8810574834903348e-14 -153.60000000000002
v 64 -2.037812273781196e-14 -166.4
v 64 -1.8810574834903348e-14 -153.60000000000002
v 38.400000000000006 -1.8810574834903348e-14 -153.60000000000002
v 38.400000000000006 -2.037812273781196e-14 -166.4
v 51.2 -1.8810574834903348e-14 -153.60000000000002
v 51.2 -2.037812273781196e-14 -166.4
v 38.400000000000006 -2.037812273781196e-14 -166.4
v 38.400000000000006 -2.194567064072057e-14 -179.20000000000002
v 51.2 -2.037812273781196e-14 -166.4
v 51.2 -2.194567064072057e-14 -179.20000000000002
v 38.400000000000006 51.2 -6.270191611634449e-15
v 38.400000000000006 51.2 -23.20000000000001
v 51.2 51.2 -6.270191611634449e-15
v 51.2 51.2 -23.20000000000001
v 89.60000000000001 -1.410793112617751e-14 -115.2
v 76.80000000000001 -1.410793112617751e-14 -115.2
v 78.4 -1.567547902908612e-14 -128
v 76.80000000000001 -1.567547902908612e-14 -128
v 64 -1.567547902908612e-14 -128
v 64 -1.7243026931994733e-14 -140.8
v 76.80000000000001 -1.5871422516949698e-14 -129.6
v 76.80000000000001 -1.7243026931994733e-14 -140.8
v 76.80000000000001 12.79999999999999 -89.60000000000001
v 76.80000000000001 12.799999999999988 -100
v 89.60000000000001 12.799999999999988 -102.4
v 78.4 12.799999999999988 -101.60000000000001
v 51.2 -2.3513218543629183e-14 -192
v 51.2 -2.194567064072057e-14 -179.20000000000002
v 38.400000000000006 -2.3513218543629183e-14 -192
v 38.400000000000006 -2.194567064072057e-14 -179.20000000000002
vt 0.6171875 0.2421875
vt 0.5 0.2421875
vt 0.5 0.125
vt 0.75 0.375
vt 0.625 0.375
vt 0.625 0.265625
vt 0.75 0.125
vt 0.75 0.125
vt 0.625 0.125
vt 0.625 0.375
vt 0.640625 0.375
vt 0.625 0.4921875
vt 0.8671875 0.125
vt 0.8671875 0.125
vt 0.8671875 0.25
vt 0.625 0.25
vt 0.75 0.25
vt 0.75 0.3671875
vt 0.625 0.25
vt 0.75 0.3671875
vt 0.75 0.3671875
vt 0.8671875 0.25
vt 0.75 0.125
vt 0.75 0.125
vt 0.8671875 0.375
vt 0.8671875 0.4921875
vt 0.75 0.4921875
vt 0.8671875 0.125
vt 0.8671875 0.25
vt 0.75 0.25
vt 0.7421875 0.1171875
vt 0.625 0.1171875
vt 0.625 0
vt 0.5 0.125
vt 0.5 0
vt 0.625 0
vt 0.640625 0.375
vt 0.7421875 0.375
vt 0.7421875 0.4921875
vt 0.625 0.4921875
vt 0.5 0.4921875
vt 0.5 0.375
vt 0.8671875 0
vt 0.8671875 0.125
vt 0.75 0.125
vt 0.7421875 0.4921875
vt 0.625 0.4921875
vt 0.640625 0.375
vt 0.625 0
vt 0.7421875 0
vt 0.7421875 0.1171875
vt 0.75 0.25
vt 0.75 0.125
vt 0.8671875 0.125
vt 0.75 0.125
vt 0.75 0
vt 0.8671875 0
vt 0.625 0
vt 0.625 0.125
vt 0.5 0.125
vt 0.5 0.375
vt 0.625 0.375
vt 0.625 0.4921875
vt 0.75 0.125
vt 0.75 0.25
vt 0.625 0.125
vt 0.625 0.25
vt 0.75 0.1171875
vt 0.75 0
vt 0.8671875 0.1171875
vt 0.8671875 0
vt 0.75 0.25
vt 0.75 0.375
vt 0.625 0.25
vt 0.625 0.375
vt 0.8671875 0.3671875
vt 0.75 0.3671875
vt 0.8671875 0.25
vt 0.75 0.25
vt 0.625 0
vt 0.625 0.1171875
vt 0.5 0
vt 0.5 0.1171875
vt 0.875 0.125
vt 0.75 0.125
vt 0.875 0
vt 0.75 0
vt 0.625 0
vt 0.75 0
vt 0.625 0.125
vt 0.75 0.125
vt 0.75 0.375
vt 0.75 0.25
vt 0.8671875 0.375
vt 0.8671875 0.25
vt 0.625 0.375
vt 0.75 0.375
vt 0.625 0.4921875
vt 0.75 0.4921875
vt 0.75 0.375
vt 0.8671875 0.375
vt 0.75 0.4921875
vt 0.8671875 0.4921875
vt 0.625 0.375
vt 0.75 0.375
vt 0.625 0.4921875
vt 0.75 0.4921875
vt 0.75 0.375
vt 0.875 0.375
vt 0.75 0.4921875
vt 0.875 0.4921875
vt 0.875 0.375
vt 0.9921875 0.375
vt 0.875 0.4921875
vt 0.9921875 0.4921875
vt 0.5 0.3671875
vt 0.625 0.3671875
vt 0.5 0.4921875
vt 0.625 0.4921875
vt 0.625 0.3671875
vt 0.75 0.3671875
vt 0.625 0.4921875
vt 0.75 0.4921875
vt 0.5 0.375
vt 0.625 0.375
vt 0.5 0.4921875
vt 0.625 0.4921875
vt 0.625 0
vt 0.75 0
vt 0.625 0.125
vt 0.75 0.125
vt 0.75 0
vt 0.875 0
vt 0.75 0.125
vt 0.875 0.125
vt 0.875 0.375
vt 0.9921875 0.375
vt 0.875 0.4921875
vt 0.9921875 0.4921875
vt 0.875 0
vt 0.9921875 0
vt 0.875 0.125
vt 0.9921875 0.125
vt 0.5 0
vt 0.625 0
vt 0.5 0.125
vt 0.625 0.125
vt 0.75 0.375
vt 0.875 0.375
vt 0.75 0.4921875
vt 0.875 0.4921875
vt 0.625 0.125
vt 0.75 0.125
vt 0.625 0.25
vt 0.75 0.25
vt 0.625 0.375
vt 0.75 0.375
vt 0.625 0.4921875
vt 0.75 0.4921875
vt 0.875 0.125
vt 0.875 0.25
vt 0.75 0.125
vt 0.75 0.25
vt 0.875 0.125
vt 0.9921875 0.125
vt 0.875 0.25
vt 0.9921875 0.25
vt 0.5 0.125
vt 0.625 0.125
vt 0.5 0.25
vt 0.625 0.25
vt 0.5 0.4921875
vt 0.5 0.375
vt 0.625 0.4921875
vt 0.625 0.375
vt 0.625 0.125
vt 0.75 0.125
vt 0.625 0.25
vt 0.75 0.25
vt 0.5 0.25
vt 0.625 0.25
vt 0.5 0.375
vt 0.625 0.375
vt 0.625 0.25
vt 0.75 0.25
vt 0.625 0.375
vt 0.75 0.375
vt 0.75 0.25
vt 0.875 0.25
vt 0.75 0.375
vt 0.875 0.375
vt 0.625 0.25
vt 0.75 0.25
vt 0.625 0.375
vt 0.75 0.375
vt 0.875 0.25
vt 0.9921875 0.25
vt 0.875 0.375
vt 0.9921875 0.375
vt 0.5 0.25
vt 0.625 0.25
vt 0.5 0.375
vt 0.625 0.375
vt 0.5 0.25
vt 0.625 0.25
vt 0.5 0.375
vt 0.625 0.375
vt 0.875 0.25
vt 0.9921875 0.25
vt 0.875 0.375
vt 0.9921875 0.375
vt 0.75 0.25
vt 0.875 0.25
vt 0.75 0.375
vt 0.875 0.375
vt 0.625 0.375
vt 0.75 0.375
vt 0.625 0.4921875
vt 0.75 0.4921875
vt 0.625 0.25
vt 0.75 0.25
vt 0.625 0.375
vt 0.75 0.375
vt 0.75 0.375
vt 0.875 0.375
vt 0.75 0.4921875
vt 0.875 0.4921875
vt 0.5 0.25
vt 0.625 0.25
vt 0.5 0.375
vt 0.625 0.375
vt 0.875 0.375
vt 0.9921875 0.375
vt 0.875 0.4921875
vt 0.9921875 0.4921875
vt 0.75 0
vt 0.75 0.1171875
vt 0.625 0
vt 0.625 0.1171875
vt 0.5 0.375
vt 0.625 0.375
vt 0.5 0.4921875
vt 0.625 0.4921875
vt 0.5 0.125
vt 0.625 0.125
vt 0.5 0.25
vt 0.625 0.25
vt 0.875 0.125
vt 0.9921875 0.125
vt 0.875 0.25
vt 0.9921875 0.25
vt 0.75 0
vt 0.875 0
vt 0.75 0.125
vt 0.875 0.125
vt 0.75 0.125
vt 0.875 0.125
vt 0.75 0.25
vt 0.875 0.25
vt 0.875 0
vt 0.9921875 0
vt 0.875 0.125
vt 0.9921875 0.125
vt 0.625 0.125
vt 0.75 0.125
vt 0.625 0.25
vt 0.75 0.25
vt 0.5 0
vt 0.625 0
vt 0.5 0.125
vt 0.625 0.125
vt 0.75 0
vt 0.75 0.125
vt 0.625 0
vt 0.625 0.125
vt 0.625 0
vt 0.625 0.125
vt 0.5 0
vt 0.5 0.125
vt 0.5 0.125
vt 0.609375 0.125
vt 0.6171875 0.2421875
vt 0.6171875 0.1328125
vt 0.75 0.375
vt 0.625 0.265625
vt 0.75 0.25
vt 0.625 0.25
vt 0.625 0.3671875
vt 0.5 0.3671875
vt 0.625 0.25
vt 0.5 0.25
vt 0.875 0.375
vt 0.75 0.375
vt 0.875 0.25
vt 0.75 0.25
vt 0.75 0.3671875
vt 0.75 0.3671875
vt 0.625 0.25
vt 0.625 0.3671875
vt 0.875 0.375
vt 0.875 0.25
vt 0.9921875 0.375
vt 0.9921875 0.25
vt 0.875 0.25
vt 0.875 0.125
vt 0.9921875 0.25
vt 0.9921875 0.125
vt 0.875 0.375
vt 0.875 0.1328125
vt 0.9921875 0.375
vt 0.9921875 0.1328125
vt 0.8671875 0.25
vt 0.75 0.25
vt 0.8671875 0.125
vt 0.75 0.125
vt 0.625 0.125
vt 0.625 0
vt 0.75 0.125
vt 0.75 0
vt 0.75 0.4921875
vt 0.75 0.375
vt 0.8671875 0.375
vt 0.75 0.375
vt 0.9921875 0
vt 0.9921875 0.125
vt 0.875 0
vt 0.875 0.125
vn 0 1 -1.2246467991473532e-16
vn 0 1 -1.2246467991473532e-16
vn 0 1 -1.2246467991473532e-16
vn 0 1 -1.2246467991473532e-16
vn 0 1 -1.2246467991473532e-16
vn 0 1 -1.2246467991473532e-16
vn 0 1 -1.2246467991473532e-16
vn 0 1 -1.2246467991473532e-16
vn 0 1 -1.2246467991473532e-16
vn -0.7043607250604991 0.7043607250604991 -0.08804509063256248
vn -0.7043607250604991 0.7043607250604991 -0.08804509063256248
vn -0.7043607250604991 0.7043607250604991 -0.08804509063256248
vn 0 1 -1.2246467991473532e-16
vn 0 1 -1.2246467991473532e-16
vn 0 1 -1.2246467991473532e-16
vn 0 1 -1.2246467991473532e-16
vn 0 1 -1.2246467991473532e-16
vn 0 1 -1.2246467991473532e-16
vn 0 1 -1.2246467991473532e-16
vn 0 1 -1.2246467991473532e-16
vn 0 1 -1.2246467991473532e-16
vn -0.7043607250604991 0.7043607250604991 0.0880450906325623
vn -0.7043607250604991 0.7043607250604991 0.0880450906325623
vn -0.7043607250604991 0.7043607250604991 0.0880450906325623
vn 0 1 -1.2246467991473532e-16
vn 0 1 -1.2246467991473532e-16
vn 0 1 -1.2246467991473532e-16
vn 0 1 -1.2246467991473532e-16
vn 0 1 -1.2246467991473532e-16
vn 0 1 -1.2246467991473532e-16
vn 0 1 -1.2246467991473532e-16
vn 0 1 -1.2246467991473532e-16
vn 0 1 -1.2246467991473532e-16
vn 0 1 -1.2246467991473532e-16
vn 0 1 -1.2246467991473532e-16
vn 0 1 -1.2246467991473532e-16
vn 0 1 -1.2246467991473532e-16
vn 0 1 -1.2246467991473532e-16
vn 0 1 -1.2246467991473532e-16
vn 0 1 -1.2246467991473532e-16
vn 0 1 -1.2246467991473532e-16
vn 0 1 -1.2246467991473532e-16
vn 0 1 -1.2246467991473532e-16
vn 0 1 -1.2246467991473532e-16
vn 0 1 -1.2246467991473532e-16
vn 0 1 -1.2246467991473532e-16
vn 0 1 -1.2246467991473532e-16
vn 0 1 -1.2246467991473532e-16
vn 0 1 -1.2246467991473532e-16
vn 0 1 -1.2246467991473532e-16
vn 0 1 -1.2246467991473532e-16
vn 0 1 -1.2246467991473532e-16
vn 0 1 -1.2246467991473532e-16
vn 0 1 -1.2246467991473532e-16
vn 0 1 -1.2246467991473532e-16
vn 0 1 -1.2246467991473532e-16
vn 0 1 -1.2246467991473532e-16
vn 0 1 -1.2246467991473532e-16
vn 0 1 -1.2246467991473532e-16
vn 0 1 -1.2246467991473532e-16
vn 0 1 -1.2246467991473532e-16
vn 0 1 -1.2246467991473532e-16
vn 0 1 -1.2246467991473532e-16
vn 0 1 -1.2246467991473532e-16
vn 0 1 -1.2246467991473532e-16
vn 0 1 -1.2246467991473532e-16
vn 0 1 -1.2246467991473532e-16
vn 0 1 -1.2246467991473532e-16
vn 0 1 -1.2246467991473532e-16
vn 0 1 -1.2246467991473532e-16
vn 0 1 -1.2246467991473532e-16
vn 0 1 -1.2246467991473532e-16
vn 0 1 -1.2246467991473532e-16
vn 0 1 -1.2246467991473532e-16
vn 0 1 -1.2246467991473532e-16
vn 0 1 -1.2246467991473532e-16
vn 0 1 -1.2246467991473532e-16
vn 0 1 -1.2246467991473532e-16
vn 0 1 -1.2246467991473532e-16
vn 0 1 -1.2246467991473532e-16
vn 0 1 -1.2246467991473532e-16
vn 0 1 -1.2246467991473532e-16
vn 0 1 -1.2246467991473532e-16
vn 0 1 -1.2246467991473532e-16
vn 0 1 -1.2246467991473532e-16
vn 0 1 -1.2246467991473532e-16
vn 0 1 -1.2246467991473532e-16
vn 0 1 -1.2246467991473532e-16
vn 0 1 -1.2246467991473532e-16
vn 0 1 -1.2246467991473532e-16
vn 0 1 -1.2246467991473532e-16
vn 0 1 -1.2246467991473532e-16
vn 0 1 -1.2246467991473532e-16
vn 0 1 -1.2246467991473532e-16
vn 0 1 -1.2246467991473532e-16
vn 0 1 -1.2246467991473532e-16
vn 0 1 -1.2246467991473532e-16
vn 0 1 -1.2246467991473532e-16
vn 0 1 -1.2246467991473532e-16
vn 0 1 -1.2246467991473532e-16
vn 0 1 -1.2246467991473532e-16
vn 0 1 -1.2246467991473532e-16
vn 0 1 -1.2246467991473532e-16
vn 0 1 -1.2246467991473532e-16
vn 0 1 -1.2246467991473532e-16
vn 0 1 -1.2246467991473532e-16
vn 0 1 -1.2246467991473532e-16
vn 0 1 -1.2246467991473532e-16
vn 0 1 -1.2246467991473532e-16
vn 0 1 -1.2246467991473532e-16
vn 0 1 -1.2246467991473532e-16
vn 0 1 -1.2246467991473532e-16
vn 0 1 -1.2246467991473532e-16
vn 0 1 -1.2246467991473532e-16
vn 0 1 -1.2246467991473532e-16
vn 0 1 -1.2246467991473532e-16
vn 0 1 -1.2246467991473532e-16
vn 0 1 -1.2246467991473532e-16
vn 0 1 -1.2246467991473532e-16
vn 0 1 -1.2246467991473532e-16
vn 0 1 -1.2246467991473532e-16
vn 0 1 -1.2246467991473532e-16
vn 0 1 -1.2246467991473532e-16
vn 0 1 -1.2246467991473532e-16
vn 0 1 -1.2246467991473532e-16
vn 0 1 -1.2246467991473532e-16
vn 0 1 -1.2246467991473532e-16
vn 0 1 -1.2246467991473532e-16
vn 0 1 -1.2246467991473532e-16
vn 0 1 -1.2246467991473532e-16
vn 0 1 -1.2246467991473532e-16
vn 0 1 -1.2246467991473532e-16
vn 0 1 -1.2246467991473532e-16
vn 0 1 -1.2246467991473532e-16
vn 0 1 -1.2246467991473532e-16
vn 0 1 -1.2246467991473532e-16
vn 0 1 -1.2246467991473532e-16
vn 0 1 -1.2246467991473532e-16
vn 0 1 -1.2246467991473532e-16
vn 0 1 -1.2246467991473532e-16
vn 0 1 -1.2246467991473532e-16
vn 0 1 -1.2246467991473532e-16
vn 0 1 -1.2246467991473532e-16
vn 0 1 -1.2246467991473532e-16
vn 0 1 -1.2246467991473532e-16
vn 0 1 -1.2246467991473532e-16
vn 0 1 -1.2246467991473532e-16
vn 0 1 -1.2246467991473532e-16
vn 0 1 -1.2246467991473532e-16
vn 0 1 -1.2246467991473532e-16
vn 0 1 -1.2246467991473532e-16
vn 0 1 -1.2246467991473532e-16
vn 0 1 -1.2246467991473532e-16
vn 0 1 -1.2246467991473532e-16
vn 0 1 -1.2246467991473532e-16
vn 0 1 -1.2246467991473532e-16
vn 0 1 -1.2246467991473532e-16
vn 0 1 -1.2246467991473532e-16
vn 0 1 -1.2246467991473532e-16
vn 0 1 -1.2246467991473532e-16
vn 0 1 -1.2246467991473532e-16
vn 0 1 -1.2246467991473532e-16
vn 0 1 -1.2246467991473532e-16
vn 0 1 -1.2246467991473532e-16
vn 0 1 -1.2246467991473532e-16
vn 0 1 -1.2246467991473532e-16
vn 0 1 -1.2246467991473532e-16
vn 0 1 -1.2246467991473532e-16
vn 0 1 -1.2246467991473532e-16
vn 0 1 -1.2246467991473532e-16
vn 0 1 -1.2246467991473532e-16
vn 0 1 -1.2246467991473532e-16
vn 0 1 -1.2246467991473532e-16
vn 0 1 -1.2246467991473532e-16
vn 0 1 -1.2246467991473532e-16
vn 0 1 -1.2246467991473532e-16
vn 0 1 -1.2246467991473532e-16
vn 0 1 -1.2246467991473532e-16
vn 0 1 -1.2246467991473532e-16
vn 0 1 -1.2246467991473532e-16
vn 0 1 -1.2246467991473532e-16
vn 0 1 -1.2246467991473532e-16
vn 0 1 -1.2246467991473532e-16
vn 0 1 -1.2246467991473532e-16
vn 0 1 -1.2246467991473532e-16
vn 0 1 -1.2246467991473532e-16
vn 0 1 -1.2246467991473532e-16
vn 0 1 -1.2246467991473532e-16
vn 0 1 -1.2246467991473532e-16
vn 0 1 -1.2246467991473532e-16
vn 0 1 -1.2246467991473532e-16
vn 0 1 -1.2246467991473532e-16
vn 0 1 -1.2246467991473532e-16
vn 0 1 -1.2246467991473532e-16
vn 0 1 -1.2246467991473532e-16
vn 0 1 -1.2246467991473532e-16
vn 0 1 -1.2246467991473532e-16
vn 0 1 -1.2246467991473532e-16
vn 0 1 -1.2246467991473532e-16
vn 0 1 -1.2246467991473532e-16
vn 0 1 -1.2246467991473532e-16
vn 0 1 -1.2246467991473532e-16
vn 0 1 -1.2246467991473532e-16
vn 0 1 -1.2246467991473532e-16
vn 0 1 -1.2246467991473532e-16
vn 0 1 -1.2246467991473532e-16
vn 0 1 -1.2246467991473532e-16
vn 0 1 -1.2246467991473532e-16
vn 0 1 -1.2246467991473532e-16
vn 0 1 -1.2246467991473532e-16
vn 0 1 -1.2246467991473532e-16
vn 0 1 -1.2246467991473532e-16
vn 0 1 -1.2246467991473532e-16
vn 0 1 -1.2246467991473532e-16
vn 0 1 -1.2246467991473532e-16
vn 0 1 -1.2246467991473532e-16
vn 0 1 -1.2246467991473532e-16
vn 0 1 -1.2246467991473532e-16
vn 0 1 -1.2246467991473532e-16
vn 0 1 -1.2246467991473532e-16
vn 0 1 -1.2246467991473532e-16
vn 0 1 -1.2246467991473532e-16
vn 0 1 -1.2246467991473532e-16
vn 0 1 -1.2246467991473532e-16
vn 0 1 -1.2246467991473532e-16
vn 0 1 -1.2246467991473532e-16
vn 0 1 -1.2246467991473532e-16
vn 0 1 -1.2246467991473532e-16
vn 0 1 -1.2246467991473532e-16
vn 0 1 -1.2246467991473532e-16
vn 0 1 -1.2246467991473532e-16
vn 0 1 -1.2246467991473532e-16
vn 0 1 -1.2246467991473532e-16
vn 0 1 -1.2246467991473532e-16
vn 0 1 -1.2246467991473532e-16
vn 0 1 -1.2246467991473532e-16
vn 0 1 -1.2246467991473532e-16
vn 0 1 -1.2246467991473532e-16
vn 0 1 -1.2246467991473532e-16
vn 0 1 -1.2246467991473532e-16
vn 0 1 -1.2246467991473532e-16
vn 0 1 -1.2246467991473532e-16
vn 0 1 -1.2246467991473532e-16
vn 0 1 -1.2246467991473532e-16
vn 0 1 -1.2246467991473532e-16
vn 0 1 -1.2246467991473532e-16
vn 0 1 -1.2246467991473532e-16
vn 0 1 -1.2246467991473532e-16
vn 0 1 -1.2246467991473532e-16
vn 0 1 -1.2246467991473532e-16
vn 0 1 -1.2246467991473532e-16
vn 0 1 -1.2246467991473532e-16
vn 0 1 -1.2246467991473532e-16
vn 0 1 -1.2246467991473532e-16
vn 0 1 -1.2246467991473532e-16
vn 0 1 -1.2246467991473532e-16
vn 0 1 -1.2246467991473532e-16
vn 0 1 -1.2246467991473532e-16
vn 0 1 -1.2246467991473532e-16
vn 0 1 -1.2246467991473532e-16
vn 0 1 -1.2246467991473532e-16
vn 0 1 -1.2246467991473532e-16
vn 0 1 -1.2246467991473532e-16
vn 0 1 -1.2246467991473532e-16
vn 0 1 -1.2246467991473532e-16
vn 0 1 -1.2246467991473532e-16
vn 0 1 -1.2246467991473532e-16
vn 0 1 -1.2246467991473532e-16
vn 0 1 -1.2246467991473532e-16
vn 0 1 -1.2246467991473532e-16
vn 0 1 -1.2246467991473532e-16
vn 0 1 -1.2246467991473532e-16
vn 0 1 -1.2246467991473532e-16
vn 0 1 -1.2246467991473532e-16
vn 0 1 -1.2246467991473532e-16
vn 0 1 -1.2246467991473532e-16
vn 0 1 -1.2246467991473532e-16
vn 0 1 -1.2246467991473532e-16
vn 0 1 -1.2246467991473532e-16
vn 0 1 -1.2246467991473532e-16
vn 0 1 -1.2246467991473532e-16
vn 0 1 -1.2246467991473532e-16
vn 0 1 -1.2246467991473532e-16
vn 0 1 -1.2246467991473532e-16
vn 0 1 -1.2246467991473532e-16
vn 0 1 -1.2246467991473532e-16
vn 0 1 -1.2246467991473532e-16
vn 0 1 -1.2246467991473532e-16
vn 0 1 -1.2246467991473532e-16
vn 0 1 -1.2246467991473532e-16
vn 0 1 -1.2246467991473532e-16
vn 0 1 -1.2246467991473532e-16
vn 0 1 -1.2246467991473532e-16
vn 0 1 -1.2246467991473532e-16
vn 0 1 -1.2246467991473532e-16
vn 0 1 -1.2246467991473532e-16
vn 0 1 -1.2246467991473532e-16
vn 0 1 -1.2246467991473532e-16
vn 0 1 -1.2246467991473532e-16
vn 0 1 -1.2246467991473532e-16
vn 0 1 -1.2246467991473532e-16
vn 0 1 -1.2246467991473532e-16
vn 0 1 -1.2246467991473532e-16
vn 0 1 -1.2246467991473532e-16
vn 0 1 -1.2246467991473532e-16
vn 0 1 -1.2246467991473532e-16
vn 0 1 -1.2246467991473532e-16
vn 0 1 -1.2246467991473532e-16
vn 0 1 -1.2246467991473532e-16
vn 0 1 -1.2246467991473532e-16
vn 0 1 -1.2246467991473532e-16
vn 0 1 -1.2246467991473532e-16
vn 0 1 -1.2246467991473532e-16
vn 0 1 -1.2246467991473532e-16
vn 0 1 -1.2246467991473532e-16
vn 0 1 -1.2246467991473532e-16
vn 0 1 -1.2246467991473532e-16
vn 0 1 -1.2246467991473532e-16
vn 0 1 -1.2246467991473532e-16
vn 0 1 -1.2246467991473532e-16
vn 0 1 -1.2246467991473532e-16
vn 0 1 -1.2246467991473532e-16
vn 0 1 -1.2246467991473532e-16
vn 0 1 -1.2246467991473532e-16
vn 0 1 -1.2246467991473532e-16
vn 0 1 -1.2246467991473532e-16
vn 0 1 -1.2246467991473532e-16
f 535/535/535 534/534/534 533/533/533
f 538/538/538 537/537/537 536/536/536
f 541/541/541 540/540/540 539/539/539
f 544/544/544 543/543/543 542/542/542
f 547/547/547 546/546/546 545/545/545
f 550/550/550 549/549/549 548/548/548
f 553/553/553 552/552/552 551/551/551
f 556/556/556 555/555/555 554/554/554
f 559/559/559 558/558/558 557/557/557
f 562/562/562 561/561/561 560/560/560
f 565/565/565 564/564/564 563/563/563
f 568/568/568 567/567/567 566/566/566
f 571/571/571 570/570/570 569/569/569
f 574/574/574 573/573/573 572/572/572
f 577/577/577 576/576/576 575/575/575
f 580/580/580 579/579/579 578/578/578
f 583/583/583 582/582/582 581/581/581
f 586/586/586 585/585/585 584/584/584
f 589/589/589 588/588/588 587/587/587
f 592/592/592 591/591/591 590/590/590
f 595/595/595 594/594/594 593/593/593
f 598/598/598 597/597/597 596/596/596
f 597/597/597 598/598/598 599/599/599
f 602/602/602 601/601/601 600/600/600
f 601/601/601 602/602/602 603/603/603
f 606/606/606 605/605/605 604/604/604
f 605/605/605 606/606/606 607/607/607
f 610/610/610 609/609/609 608/608/608
f 609/609/609 610/610/610 611/611/611
f 614/614/614 613/613/613 612/612/612
f 613/613/613 614/614/614 615/615/615
f 618/618/618 617/617/617 616/616/616
f 617/617/617 618/618/618 619/619/619
f 622/622/622 621/621/621 620/620/620
f 621/621/621 622/622/622 623/623/623
f 626/626/626 625/625/625 624/624/624
f 625/625/625 626/626/626 627/627/627
f 630/630/630 629/629/629 628/628/628
f 629/629/629 630/630/630 631/631/631
f 634/634/634 633/633/633 632/632/632
f 633/633/633 634/634/634 635/635/635
f 638/638/638 637/637/637 636/636/636
f 637/637/637 638/638/638 639/639/639
f 642/642/642 641/641/641 640/640/640
f 641/641/641 642/642/642 643/643/643
f 646/646/646 645/645/645 644/644/644
f 645/645/645 646/646/646 647/647/647
f 650/650/650 649/649/649 648/648/648
f 649/649/649 650/650/650 651/651/651
f 654/654/654 653/653/653 652/652/652
f 653/653/653 654/654/654 655/655/655
f 658/658/658 657/657/657 656/656/656
f 657/657/657 658/658/658 659/659/659
f 662/662/662 661/661/661 660/660/660
f 661/661/661 662/662/662 663/663/663
f 666/666/666 665/665/665 664/664/664
f 665/665/665 666/666/666 667/667/667
f 670/670/670 669/669/669 668/668/668
f 669/669/669 670/670/670 671/671/671
f 674/674/674 673/673/673 672/672/672
f 673/673/673 674/674/674 675/675/675
f 678/678/678 677/677/677 676/676/676
f 677/677/677 678/678/678 679/679/679
f 682/682/682 681/681/681 680/680/680
f 681/681/681 682/682/682 683/683/683
f 686/686/686 685/685/685 684/684/684
f 685/685/685 686/686/686 687/687/687
f 690/690/690 689/689/689 688/688/688
f 689/689/689 690/690/690 691/691/691
f 694/694/694 693/693/693 692/692/692
f 693/693/693 694/694/694 695/695/695
f 698/698/698 697/697/697 696/696/696
f 697/697/697 698/698/698 699/699/699
f 702/702/702 701/701/701 700/700/700
f 701/701/701 702/702/702 703/703/703
f 706/706/706 705/705/705 704/704/704
f 705/705/705 706/706/706 707/707/707
f 710/710/710 709/709/709 708/708/708
f 709/709/709 710/710/710 711/711/711
f 714/714/714 713/713/713 712/712/712
f 713/713/713 714/714/714 715/715/715
f 718/718/718 717/717/717 716/716/716
f 717/717/717 718/718/718 719/719/719
f 722/722/722 721/721/721 720/720/720
f 721/721/721 722/722/722 723/723/723
f 726/726/726 725/725/725 724/724/724
f 725/725/725 726/726/726 727/727/727
f 730/730/730 729/729/729 728/728/728
f 729/729/729 730/730/730 731/731/731
f 734/734/734 733/733/733 732/732/732
f 733/733/733 734/734/734 735/735/735
f 738/738/738 737/737/737 736/736/736
f 737/737/737 738/738/738 739/739/739
f 742/742/742 741/741/741 740/740/740
f 741/741/741 742/742/742 743/743/743
f 746/746/746 745/745/745 744/744/744
f 745/745/745 746/746/746 747/747/747
f 750/750/750 749/749/749 748/748/748
f 749/749/749 750/750/750 751/751/751
f 754/754/754 753/753/753 752/752/752
f 753/753/753 754/754/754 755/755/755
f 758/758/758 757/757/757 756/756/756
f 757/757/757 758/758/758 759/759/759
f 762/762/762 761/761/761 760/760/760
f 761/761/761 762/762/762 763/763/763
f 766/766/766 765/765/765 764/764/764
f 765/765/765 766/766/766 767/767/767
f 770/770/770 769/769/769 768/768/768
f 769/769/769 770/770/770 771/771/771
f 774/774/774 773/773/773 772/772/772
f 773/773/773 774/774/774 775/775/775
f 778/778/778 777/777/777 776/776/776
f 777/777/777 778/778/778 779/779/779
f 782/782/782 781/781/781 780/780/780
f 781/781/781 782/782/782 783/783/783
f 786/786/786 785/785/785 784/784/784
f 785/785/785 786/786/786 787/787/787
f 790/790/790 789/789/789 788/788/788
f 789/789/789 790/790/790 791/791/791
f 794/794/794 793/793/793 792/792/792
f 793/793/793 794/794/794 795/795/795
f 798/798/798 797/797/797 796/796/796
f 797/797/797 798/798/798 799/799/799
f 802/802/802 801/801/801 800/800/800
f 801/801/801 802/802/802 803/803/803
f 806/806/806 805/805/805 804/804/804
f 805/805/805 806/806/806 807/807/807
f 810/810/810 809/809/809 808/808/808
f 809/809/809 810/810/810 811/811/811
f 814/814/814 813/813/813 812/812/812
f 813/813/813 814/814/814 815/815/815
f 818/818/818 817/817/817 816/816/816
f 817/817/817 818/818/818 819/819/819
f 822/822/822 821/821/821 820/820/820
f 821/821/821 822/822/822 823/823/823
f 826/826/826 825/825/825 824/824/824
f 825/825/825 826/826/826 827/827/827
f 830/830/830 829/829/829 828/828/828
f 829/829/829 830/830/830 831/831/831
f 834/834/834 833/833/833 832/832/832
f 833/833/833 834/834/834 835/835/835
f 838/838/838 837/837/837 836/836/836
f 837/837/837 838/838/838 839/839/839
f 842/842/842 841/841/841 840/840/840
f 841/841/841 842/842/842 843/843/843
f 846/846/846 845/845/845 844/844/844
f 845/845/845 846/846/846 847/847/847
f 850/850/850 849/849/849 848/848/848
f 849/849/849 850/850/850 851/851/851
f 854/854/854 853/853/853 852/852/852
f 853/853/853 854/854/854 855/855/855
f 858/858/858 857/857/857 856/856/856
f 857/857/857 858/858/858 859/859/859
o mesh_11
usemtl mat0
v 51.2 51.2 -6.270191611634449e-15
v 44.800000000000004 51.2 6.399999999999994
v 38.400000000000006 51.2 -6.270191611634449e-15
vt 0.625 0.3046875
vt 0.6796875 0.25
vt 0.7421875 0.3046875
vn 0 1 -1.2246467991473532e-16
vn 0 1 -1.2246467991473532e-16
vn 0 1 -1.2246467991473532e-16
f 862/862/862 861/861/861 860/860/860
o mesh_12
usemtl mat7
v 76.80000000000001 6.399999999999988 -102.4
v 78.4 12.799999999999988 -101.60000000000001
v 76.80000000000001 12.799999999999988 -100
v 89.60000000000001 12.799999999999988 -102.4
v 78.4 12.799999999999988 -101.60000000000001
v 76.80000000000001 6.399999999999988 -102.4
v 65.60000000000001 6.399999999999988 -102.4
v 76.80000000000001 -1.2540383223268897e-14 -102.4
v 76.80000000000001 6.399999999999988 -102.4
v 89.60000000000001 6.399999999999991 -76.80000000000001
v 76.80000000000001 6.399999999999991 -76.80000000000001
v 76.80000000000001 11.199999999999992 -76.80000000000001
v 76.80000000000001 6.399999999999992 -64
v 76.80000000000001 -7.83773951454306e-15 -64
v 76.80000000000001 6.399999999999991 -76.80000000000001
v 76.80000000000001 -9.405287417451674e-15 -76.80000000000001
v 76.80000000000001 11.199999999999992 -76.80000000000001
v 76.80000000000001 6.399999999999991 -76.80000000000001
v 76.80000000000001 12.79999999999999 -89.60000000000001
v 76.80000000000001 6.39999999999999 -89.60000000000001
v 76.80000000000001 6.399999999999988 -102.4
v 76.80000000000001 -1.2540383223268897e-14 -102.4
v 89.60000000000001 12.799999999999988 -102.4
v 89.60000000000001 -1.2540383223268897e-14 -102.4
v 76.80000000000001 6.399999999999992 -64
v 89.60000000000001 6.399999999999992 -64
v 76.80000000000001 -7.83773951454306e-15 -64
v 89.60000000000001 -7.83773951454306e-15 -64
v 65.60000000000001 6.399999999999988 -102.4
v 64 4.799999999999988 -102.4
v 76.80000000000001 -1.2540383223268897e-14 -102.4
v 64 -1.2540383223268897e-14 -102.4
v 12.8 6.39999999999999 -89.60000000000001
v 12.8 -1.0972835320360286e-14 -89.60000000000001
v 12.8 6.399999999999991 -76.80000000000001
v 12.8 -9.405287417451674e-15 -76.80000000000001
v 12.8 6.39999999999999 -89.60000000000001
v 12.8 6.399999999999988 -102.4
v 12.8 -1.0972835320360286e-14 -89.60000000000001
v 12.8 -1.2540383223268897e-14 -102.4
v 12.8 6.399999999999988 -102.4
v 0 6.399999999999988 -102.4
v 12.8 -1.2540383223268897e-14 -102.4
v 0 -1.2540383223268897e-14 -102.4
v 76.80000000000001 6.399999999999991 -76.80000000000001
v 76.80000000000001 -9.405287417451674e-15 -76.80000000000001
v 64 6.399999999999991 -76.80000000000001
v 64 -9.405287417451674e-15 -76.80000000000001
v 0 -9.405287417451674e-15 -76.80000000000001
v 0 6.399999999999991 -76.80000000000001
v 12.8 -9.405287417451674e-15 -76.80000000000001
v 12.8 6.399999999999991 -76.80000000000001
v 64 6.39999999999999 -89.60000000000001
v 64 6.399999999999991 -76.80000000000001
v 64 -1.0972835320360286e-14 -89.60000000000001
v 64 -9.405287417451674e-15 -76.80000000000001
v 64 6.39999999999999 -89.60000000000001
v 64 -1.0972835320360286e-14 -89.60000000000001
v 64 4.799999999999988 -102.4
v 64 -1.2540383223268897e-14 -102.4
v 76.80000000000001 12.799999999999988 -100
v 76.80000000000001 12.79999999999999 -89.60000000000001
v 76.80000000000001 6.399999999999988 -102.4
v 76.80000000000001 6.39999999999999 -89.60000000000001
v 76.80000000000001 11.199999999999992 -76.80000000000001
v 78.4 12.799999999999992 -76.80000000000001
v 89.60000000000001 6.399999999999991 -76.80000000000001
v 89.60000000000001 12.799999999999992 -76.80000000000001
vt 0.875 0.2421875
vt 0.875 0.1875
vt 0.890625 0.1875
vt 0.75 0.125
vt 0.875 0.125
vt 0.875 0.15625
vt 0.984375 0.1875
vt 0.875 0.2421875
vt 0.875 0.1875
vt 0.75 0.1796875
vt 0.625 0.1796875
vt 0.625 0.140625
vt 0.9921875 0.1875
vt 0.9921875 0.2421875
vt 0.875 0.1875
vt 0.875 0.2421875
vt 0.625 0.140625
vt 0.625 0.1796875
vt 0.5 0.125
vt 0.5 0.1796875
vt 0.875 0.15625
vt 0.875 0.2421875
vt 0.75 0.125
vt 0.75 0.2421875
vt 0.5 0.1875
vt 0.6171875 0.1875
vt 0.5 0.2421875
vt 0.6171875 0.2421875
vt 0.984375 0.1875
vt 0.9921875 0.203125
vt 0.875 0.2421875
vt 0.9921875 0.2421875
vt 0.75 0
vt 0.75 0.0546875
vt 0.625 0
vt 0.625 0.0546875
vt 0.75 0
vt 0.875 0
vt 0.75 0.0546875
vt 0.875 0.0546875
vt 0.875 0
vt 0.9921875 0
vt 0.875 0.0546875
vt 0.9921875 0.0546875
vt 0.875 0.1875
vt 0.875 0.2421875
vt 0.75 0.1875
vt 0.75 0.2421875
vt 0.5 0
vt 0.5 0
vt 0.6171875 0
vt 0.6171875 0
vt 0.625 0.1875
vt 0.7421875 0.1875
vt 0.625 0.2421875
vt 0.7421875 0.2421875
vt 0.625 0.1875
vt 0.625 0.2421875
vt 0.5 0.203125
vt 0.5 0.2421875
vt 0.890625 0.125
vt 0.9921875 0.125
vt 0.875 0.1796875
vt 0.9921875 0.1796875
vt 0.625 0.140625
vt 0.640625 0.125
vt 0.75 0.1796875
vt 0.75 0.125
vn -0.6834861235629863 0.2563073112372814 -0.6834861235629863
vn -0.6834861235629863 0.2563073112372814 -0.6834861235629863
vn -0.6834861235629863 0.2563073112372814 -0.6834861235629863
vn -0.0705345646995353 0.1410691293990705 -0.9874838610900105
vn -0.0705345646995353 0.1410691293990705 -0.9874838610900105
vn -0.0705345646995353 0.1410691293990705 -0.9874838610900105
vn 0 -1.2246467991473532e-16 -1
vn 0 -1.2246467991473532e-16 -1
vn 0 -1.2246467991473532e-16 -1
vn 0 1.2246467991473532e-16 1
vn 0 1.2246467991473532e-16 1
vn 0 1.2246467991473532e-16 1
vn -1 0 0
vn -1 0 0
vn -1 0 0
vn -1 0 0
vn -1 0 0
vn -1 0 0
vn -1 0 0
vn -1 0 0
vn 0 -1.2246467991473532e-16 -1
vn 0 -1.2246467991473532e-16 -1
vn 0 -1.2246467991473532e-16 -1
vn 0 -1.2246467991473532e-16 -1
vn 0 1.2246467991473532e-16 1
vn 0 1.2246467991473532e-16 1
vn 0 1.2246467991473532e-16 1
vn 0 1.2246467991473532e-16 1
vn 0 -1.2246467991473532e-16 -1
vn 0 -1.2246467991473532e-16 -1
vn 0 -1.2246467991473532e-16 -1
vn 0 -1.2246467991473532e-16 -1
vn 1 0 0
vn 1 0 0
vn 1 0 0
vn 1 0 0
vn 1 0 0
vn 1 0 0
vn 1 0 0
vn 1 0 0
vn 0 -1.2246467991473532e-16 -1
vn 0 -1.2246467991473532e-16 -1
vn 0 -1.2246467991473532e-16 -1
vn 0 -1.2246467991473532e-16 -1
vn 0 1.2246467991473532e-16 1
vn 0 1.2246467991473532e-16 1
vn 0 1.2246467991473532e-16 1
vn 0 1.2246467991473532e-16 1
vn 0 1.2246467991473532e-16 1
vn 0 1.2246467991473532e-16 1
vn 0 1.2246467991473532e-16 1
vn 0 1.2246467991473532e-16 1
vn -1 0 0
vn -1 0 0
vn -1 0 0
vn -1 0 0
vn -1 0 0
vn -1 0 0
vn -1 0 0
vn -1 0 0
vn -1 0 0
vn -1 0 0
vn -1 0 0
vn -1 0 0
vn 0 1.2246467991473532e-16 1
vn 0 1.2246467991473532e-16 1
vn 0 1.2246467991473532e-16 1
vn 0 1.2246467991473532e-16 1
f 865/865/865 864/864/864 863/863/863
f 868/868/868 867/867/867 866/866/866
f 871/871/871 870/870/870 869/869/869
f 874/874/874 873/873/873 872/872/872
f 877/877/877 876/876/876 875/875/875
f 876/876/876 877/877/877 878/878/878
f 881/881/881 880/880/880 879/879/879
f 880/880/880 881/881/881 882/882/882
f 885/885/885 884/884/884 883/883/883
f 884/884/884 885/885/885 886/886/886
f 889/889/889 888/888/888 887/887/887
f 888/888/888 889/889/889 890/890/890
f 893/893/893 892/892/892 891/891/891
f 892/892/892 893/893/893 894/894/894
f 897/897/897 896/896/896 895/895/895
f 896/896/896 897/897/897 898/898/898
f 901/901/901 900/900/900 899/899/899
f 900/900/900 901/901/901 902/902/902
f 905/905/905 904/904/904 903/903/903
f 904/904/904 905/905/905 906/906/906
f 909/909/909 908/908/908 907/907/907
f 908/908/908 909/909/909 910/910/910
f 913/913/913 912/912/912 911/911/911
f 912/912/912 913/913/913 914/914/914
f 917/917/917 916/916/916 915/915/915
f 916/916/916 917/917/917 918/918/918
f 921/921/921 920/920/920 919/919/919
f 920/920/920 921/921/921 922/922/922
f 925/925/925 924/924/924 923/923/923
f 924/924/924 925/925/925 926/926/926
f 929/929/929 928/928/928 927/927/927
f 928/928/928 929/929/929 930/930/930
o mesh_13
usemtl mat8
v 89.60000000000001 51.19999999999999 -129.6
v 78.4 51.19999999999999 -129.6
v 89.60000000000001 51.19999999999999 -140.8
v 78.4 51.19999999999999 -140.8
v 89.60000000000001 51.19999999999999 -140.8
v 78.4 51.19999999999999 -140.8
v 89.60000000000001 51.19999999999998 -153.60000000000002
v 78.4 51.19999999999998 -153.60000000000002
v 89.60000000000001 51.19999999999998 -164.8
v 89.60000000000001 51.19999999999998 -155.20000000000002
v 78.4 51.19999999999998 -164.8
v 78.4 51.19999999999998 -155.20000000000002
v 51.2 12.799999999999997 -25.6
v 51.2 12.799999999999995 -36.800000000000004
v 51.2 -3.1350958058172244e-15 -25.6
v 51.2 -4.50670022086226e-15 -36.800000000000004
v 51.2 25.599999999999998 -25.600000000000005
v 51.2 25.599999999999998 -36.800000000000004
v 51.2 12.799999999999997 -25.6
v 51.2 12.799999999999995 -36.800000000000004
v 51.2 38.400000000000006 -25.600000000000005
v 51.2 38.4 -36.80000000000001
v 51.2 25.599999999999998 -25.600000000000005
v 51.2 25.599999999999998 -36.800000000000004
v 51.2 49.6 -25.60000000000001
v 51.2 49.599999999999994 -36.80000000000001
v 51.2 38.400000000000006 -25.600000000000005
v 51.2 38.4 -36.80000000000001
v 49.6 12.799999999999995 -38.400000000000006
v 40 12.799999999999995 -38.400000000000006
v 49.6 -4.702643708725837e-15 -38.400000000000006
v 40 -4.702643708725837e-15 -38.400000000000006
v 49.6 25.599999999999998 -38.400000000000006
v 40 25.599999999999998 -38.400000000000006
v 49.6 12.799999999999995 -38.400000000000006
v 40 12.799999999999995 -38.400000000000006
v 49.6 38.4 -38.40000000000001
v 40 38.4 -38.40000000000001
v 49.6 25.599999999999998 -38.400000000000006
v 40 25.599999999999998 -38.400000000000006
v 49.6 49.599999999999994 -38.40000000000001
v 40 49.599999999999994 -38.40000000000001
v 49.6 38.4 -38.40000000000001
v 40 38.4 -38.40000000000001
v 38.400000000000006 12.799999999999995 -36.800000000000004
v 38.400000000000006 12.799999999999997 -25.6
v 38.400000000000006 -4.50670022086226e-15 -36.800000000000004
v 38.400000000000006 -3.1350958058172244e-15 -25.6
v 38.400000000000006 25.599999999999998 -36.800000000000004
v 38.400000000000006 25.599999999999998 -25.600000000000005
v 38.400000000000006 12.799999999999995 -36.800000000000004
v 38.400000000000006 12.799999999999997 -25.6
v 38.400000000000006 38.4 -36.80000000000001
v 38.400000000000006 38.400000000000006 -25.600000000000005
v 38.400000000000006 25.599999999999998 -36.800000000000004
v 38.400000000000006 25.599999999999998 -25.600000000000005
v 38.400000000000006 49.599999999999994 -36.80000000000001
v 38.400000000000006 49.6 -25.60000000000001
v 38.400000000000006 38.4 -36.80000000000001
v 38.400000000000006 38.400000000000006 -25.600000000000005
v 49.6 51.199999999999996 -36.80000000000001
v 49.6 51.2 -25.60000000000001
v 40 51.199999999999996 -36.80000000000001
v 40 51.2 -25.60000000000001
v 38.400000000000006 -4.50670022086226e-15 -36.800000000000004
v 38.400000000000006 -3.1350958058172244e-15 -25.6
v 38.400000000000006 12.799999999999995 -36.800000000000004
v 38.400000000000006 12.799999999999997 -25.6
v 51.2 38.400000000000006 -25.600000000000005
v 51.2 38.4 -36.80000000000001
v 51.2 49.6 -25.60000000000001
v 51.2 49.599999999999994 -36.80000000000001
v 51.2 -3.1350958058172244e-15 -25.6
v 51.2 -4.50670022086226e-15 -36.800000000000004
v 51.2 12.799999999999997 -25.6
v 51.2 12.799999999999995 -36.800000000000004
v 49.6 -4.702643708725837e-15 -38.400000000000006
v 40 -4.702643708725837e-15 -38.400000000000006
v 49.6 12.799999999999995 -38.400000000000006
v 40 12.799999999999995 -38.400000000000006
v 49.6 38.4 -38.40000000000001
v 40 38.4 -38.40000000000001
v 49.6 49.599999999999994 -38.40000000000001
v 40 49.599999999999994 -38.40000000000001
v 40 51.199999999999996 -36.80000000000001
v 40 51.2 -25.60000000000001
v 49.6 51.199999999999996 -36.80000000000001
v 49.6 51.2 -25.60000000000001
v 49.6 12.799999999999995 -38.400000000000006
v 40 12.799999999999995 -38.400000000000006
v 49.6 25.599999999999998 -38.400000000000006
v 40 25.599999999999998 -38.400000000000006
v 51.2 12.799999999999997 -25.6
v 51.2 12.799999999999995 -36.800000000000004
v 51.2 25.599999999999998 -25.600000000000005
v 51.2 25.599999999999998 -36.800000000000004
v 38.400000000000006 38.4 -36.80000000000001
v 38.400000000000006 38.400000000000006 -25.600000000000005
v 38.400000000000006 49.599999999999994 -36.80000000000001
v 38.400000000000006 49.6 -25.60000000000001
v 38.400000000000006 12.799999999999995 -36.800000000000004
v 38.400000000000006 12.799999999999997 -25.6
v 38.400000000000006 25.599999999999998 -36.800000000000004
v 38.400000000000006 25.599999999999998 -25.600000000000005
v 51.2 25.599999999999998 -25.600000000000005
v 51.2 25.599999999999998 -36.800000000000004
v 51.2 38.400000000000006 -25.600000000000005
v 51.2 38.4 -36.80000000000001
v 38.400000000000006 25.599999999999998 -36.800000000000004
v 38.400000000000006 25.599999999999998 -25.600000000000005
v 38.400000000000006 38.4 -36.80000000000001
v 38.400000000000006 38.400000000000006 -25.600000000000005
v 49.6 25.599999999999998 -38.400000000000006
v 40 25.599999999999998 -38.400000000000006
v 49.6 38.4 -38.40000000000001
v 40 38.4 -38.40000000000001
v 78.4 51.19999999999999 -140.8
v 89.60000000000001 51.19999999999999 -140.8
v 78.4 51.19999999999998 -153.60000000000002
v 89.60000000000001 51.19999999999998 -153.60000000000002
v 78.4 51.19999999999999 -129.6
v 89.60000000000001 51.19999999999999 -129.6
v 78.4 51.19999999999999 -140.8
v 89.60000000000001 51.19999999999999 -140.8
v 78.4 51.19999999999998 -164.8
v 78.4 51.19999999999998 -155.20000000000002
v 89.60000000000001 51.19999999999998 -164.8
v 89.60000000000001 51.19999999999998 -155.20000000000002
vt 0.875 0.7421875
vt 0.75 0.7421875
vt 0.875 0.625
vt 0.75 0.625
vt 0.875 0.625
vt 0.75 0.625
vt 0.875 0.5
vt 0.75 0.5
vt 0.5 0.625
vt 0.6171875 0.625
vt 0.5 0.7421875
vt 0.6171875 0.7421875
vt 0.5 0.6171875
vt 0.6171875 0.6171875
vt 0.5 0.7421875
vt 0.6171875 0.7421875
vt 0.5 0.5
vt 0.6171875 0.5
vt 0.5 0.6171875
vt 0.6171875 0.6171875
vt 0.5 0.609375
vt 0.6171875 0.609375
vt 0.5 0.7421875
vt 0.6171875 0.7421875
vt 0.5 0.5
vt 0.6171875 0.5
vt 0.5 0.609375
vt 0.6171875 0.609375
vt 0.6171875 0.6171875
vt 0.5 0.6171875
vt 0.6171875 0.7421875
vt 0.5 0.7421875
vt 0.6171875 0.5
vt 0.5 0.5
vt 0.6171875 0.6171875
vt 0.5 0.6171875
vt 0.6171875 0.609375
vt 0.5 0.609375
vt 0.6171875 0.7421875
vt 0.5 0.7421875
vt 0.6171875 0.5
vt 0.5 0.5
vt 0.6171875 0.609375
vt 0.5 0.609375
vt 0.6171875 0.6171875
vt 0.5 0.6171875
vt 0.6171875 0.7421875
vt 0.5 0.7421875
vt 0.6171875 0.5
vt 0.5 0.5
vt 0.6171875 0.6171875
vt 0.5 0.6171875
vt 0.6171875 0.609375
vt 0.5 0.609375
vt 0.6171875 0.7421875
vt 0.5 0.7421875
vt 0.6171875 0.5
vt 0.5 0.5
vt 0.6171875 0.609375
vt 0.5 0.609375
vt 0.9921875 0.5
vt 0.9921875 0.6171875
vt 0.875 0.5
vt 0.875 0.6171875
vt 0.6171875 0.7421875
vt 0.5 0.7421875
vt 0.6171875 0.6171875
vt 0.5 0.6171875
vt 0.5 0.609375
vt 0.6171875 0.609375
vt 0.5 0.5
vt 0.6171875 0.5
vt 0.5 0.7421875
vt 0.6171875 0.7421875
vt 0.5 0.6171875
vt 0.6171875 0.6171875
vt 0.6171875 0.7421875
vt 0.5 0.7421875
vt 0.6171875 0.6171875
vt 0.5 0.6171875
vt 0.6171875 0.609375
vt 0.5 0.609375
vt 0.6171875 0.5
vt 0.5 0.5
vt 0.5 0.625
vt 0.5 0.7421875
vt 0.6171875 0.625
vt 0.6171875 0.7421875
vt 0.6171875 0.6171875
vt 0.5 0.6171875
vt 0.6171875 0.5
vt 0.5 0.5
vt 0.5 0.6171875
vt 0.6171875 0.6171875
vt 0.5 0.5
vt 0.6171875 0.5
vt 0.6171875 0.609375
vt 0.5 0.609375
vt 0.6171875 0.5
vt 0.5 0.5
vt 0.6171875 0.6171875
vt 0.5 0.6171875
vt 0.6171875 0.5
vt 0.5 0.5
vt 0.5 0.7421875
vt 0.6171875 0.7421875
vt 0.5 0.609375
vt 0.6171875 0.609375
vt 0.6171875 0.7421875
vt 0.5 0.7421875
vt 0.6171875 0.609375
vt 0.5 0.609375
vt 0.6171875 0.7421875
vt 0.5 0.7421875
vt 0.6171875 0.609375
vt 0.5 0.609375
vt 0.75 0.625
vt 0.8671875 0.625
vt 0.75 0.5
vt 0.8671875 0.5
vt 0.75 0.7421875
vt 0.8671875 0.7421875
vt 0.75 0.625
vt 0.8671875 0.625
vt 0.5 0.7421875
vt 0.6171875 0.7421875
vt 0.5 0.625
vt 0.6171875 0.625
vn 0 1 -1.2246467991473532e-16
vn 0 1 -1.2246467991473532e-16
vn 0 1 -1.2246467991473532e-16
vn 0 1 -1.2246467991473532e-16
vn 0 1 -1.2246467991473532e-16
vn 0 1 -1.2246467991473532e-16
vn 0 1 -1.2246467991473532e-16
vn 0 1 -1.2246467991473532e-16
vn 0 1 -1.2246467991473532e-16
vn 0 1 -1.2246467991473532e-16
vn 0 1 -1.2246467991473532e-16
vn 0 1 -1.2246467991473532e-16
vn 1 0 0
vn 1 0 0
vn 1 0 0
vn 1 0 0
vn 1 0 0
vn 1 0 0
vn 1 0 0
vn 1 0 0
vn 1 0 0
vn 1 0 0
vn 1 0 0
vn 1 0 0
vn 1 0 0
vn 1 0 0
vn 1 0 0
vn 1 0 0
vn 0 -1.2246467991473532e-16 -1
vn 0 -1.2246467991473532e-16 -1
vn 0 -1.2246467991473532e-16 -1
vn 0 -1.2246467991473532e-16 -1
vn 0 -1.2246467991473532e-16 -1
vn 0 -1.2246467991473532e-16 -1
vn 0 -1.2246467991473532e-16 -1
vn 0 -1.2246467991473532e-16 -1
vn 0 -1.2246467991473532e-16 -1
vn 0 -1.2246467991473532e-16 -1
vn 0 -1.2246467991473532e-16 -1
vn 0 -1.2246467991473532e-16 -1
vn 0 -1.2246467991473532e-16 -1
vn 0 -1.2246467991473532e-16 -1
vn 0 -1.2246467991473532e-16 -1
vn 0 -1.2246467991473532e-16 -1
vn -1 0 0
vn -1 0 0
vn -1 0 0
vn -1 0 0
vn -1 0 0
vn -1 0 0
vn -1 0 0
vn -1 0 0
vn -1 0 0
vn -1 0 0
vn -1 0 0
vn -1 0 0
vn -1 0 0
vn -1 0 0
vn -1 0 0
vn -1 0 0
vn 0 1 -1.2246467991473532e-16
vn 0 1 -1.2246467991473532e-16
vn 0 1 -1.2246467991473532e-16
vn 0 1 -1.2246467991473532e-16
vn 1 0 0
vn 1 0 0
vn 1 0 0
vn 1 0 0
vn -1 0 0
vn -1 0 0
vn -1 0 0
vn -1 0 0
vn -1 0 0
vn -1 0 0
vn -1 0 0
vn -1 0 0
vn 0 1.2246467991473532e-16 1
vn 0 1.2246467991473532e-16 1
vn 0 1.2246467991473532e-16 1
vn 0 1.2246467991473532e-16 1
vn 0 1.2246467991473532e-16 1
vn 0 1.2246467991473532e-16 1
vn 0 1.2246467991473532e-16 1
vn 0 1.2246467991473532e-16 1
vn 0 -1 1.2246467991473532e-16
vn 0 -1 1.2246467991473532e-16
vn 0 -1 1.2246467991473532e-16
vn 0 -1 1.2246467991473532e-16
vn 0 1.2246467991473532e-16 1
vn 0 1.2246467991473532e-16 1
vn 0 1.2246467991473532e-16 1
vn 0 1.2246467991473532e-16 1
vn -1 0 0
vn -1 0 0
vn -1 0 0
vn -1 0 0
vn 1 0 0
vn 1 0 0
vn 1 0 0
vn 1 0 0
vn 1 0 0
vn 1 0 0
vn 1 0 0
vn 1 0 0
vn -1 0 0
vn -1 0 0
vn -1 0 0
vn -1 0 0
vn 1 0 0
vn 1 0 0
vn 1 0 0
vn 1 0 0
vn 0 1.2246467991473532e-16 1
vn 0 1.2246467991473532e-16 1
vn 0 1.2246467991473532e-16 1
vn 0 1.2246467991473532e-16 1
vn 0 -1 1.2246467991473532e-16
vn 0 -1 1.2246467991473532e-16
vn 0 -1 1.2246467991473532e-16
vn 0 -1 1.2246467991473532e-16
vn 0 -1 1.2246467991473532e-16
vn 0 -1 1.2246467991473532e-16
vn 0 -1 1.2246467991473532e-16
vn 0 -1 1.2246467991473532e-16
vn 0 -1 1.2246467991473532e-16
vn 0 -1 1.2246467991473532e-16
vn 0 -1 1.2246467991473532e-16
vn 0 -1 1.2246467991473532e-16
f 933/933/933 932/932/932 931/931/931
f 932/932/932 933/933/933 934/934/934
f 937/937/937 936/936/936 935/935/935
f 936/936/936 937/937/937 938/938/938
f 941/941/941 940/940/940 939/939/939
f 940/940/940 941/941/941 942/942/942
f 945/945/945 944/944/944 943/943/943
f 944/944/944 945/945/945 946/946/946
f 949/949/949 948/948/948 947/947/947
f 948/948/948 949/949/949 950/950/950
f 953/953/953 952/952/952 951/951/951
f 952/952/952 953/953/953 954/954/954
f 957/957/957 956/956/956 955/955/955
f 956/956/956 957/957/957 958/958/958
f 961/961/961 960/960/960 959/959/959
f 960/960/960 961/961/961 962/962/962
f 965/965/965 964/964/964 963/963/963
f 964/964/964 965/965/965 966/966/966
f 969/969/969 968/968/968 967/967/967
f 968/968/968 969/969/969 970/970/970
f 973/973/973 972/972/972 971/971/971
f 972/972/972 973/973/973 974/974/974
f 977/977/977 976/976/976 975/975/975
f 976/976/976 977/977/977 978/978/978
f 981/981/981 980/980/980 979/979/979
f 980/980/980 981/981/981 982/982/982
f 985/985/985 984/984/984 983/983/983
f 984/984/984 985/985/985 986/986/986
f 989/989/989 988/988/988 987/987/987
f 988/988/988 989/989/989 990/990/990
f 993/993/993 992/992/992 991/991/991
f 992/992/992 993/993/993 994/994/994
f 997/997/997 996/996/996 995/995/995
f 996/996/996 997/997/997 998/998/998
f 1001/1001/1001 1000/1000/1000 999/999/999
f 1000/1000/1000 1001/1001/1001 1002/1002/1002
f 1005/1005/1005 1004/1004/1004 1003/1003/1003
f 1004/1004/1004 1005/1005/1005 1006/1006/1006
f 1009/1009/1009 1008/1008/1008 1007/1007/1007
f 1008/1008/1008 1009/1009/1009 1010/1010/1010
f 1013/1013/1013 1012/1012/1012 1011/1011/1011
f 1012/1012/1012 1013/1013/1013 1014/1014/1014
f 1017/1017/1017 1016/1016/1016 1015/1015/1015
f 1016/1016/1016 1017/1017/1017 1018/1018/1018
f 1021/1021/1021 1020/1020/1020 1019/1019/1019
f 1020/1020/1020 1021/1021/1021 1022/1022/1022
f 1025/1025/1025 1024/1024/1024 1023/1023/1023
f 1024/1024/1024 1025/1025/1025 1026/1026/1026
f 1029/1029/1029 1028/1028/1028 1027/1027/1027
f 1028/1028/1028 1029/1029/1029 1030/1030/1030
f 1033/1033/1033 1032/1032/1032 1031/1031/1031
f 1032/1032/1032 1033/1033/1033 1034/1034/1034
f 1037/1037/1037 1036/1036/1036 1035/1035/1035
f 1036/1036/1036 1037/1037/1037 1038/1038/1038
f 1041/1041/1041 1040/1040/1040 1039/1039/1039
f 1040/1040/1040 1041/1041/1041 1042/1042/1042
f 1045/1045/1045 1044/1044/1044 1043/1043/1043
f 1044/1044/1044 1045/1045/1045 1046/1046/1046
f 1049/1049/1049 1048/1048/1048 1047/1047/1047
f 1048/1048/1048 1049/1049/1049 1050/1050/1050
f 1053/1053/1053 1052/1052/1052 1051/1051/1051
f 1052/1052/1052 1053/1053/1053 1054/1054/1054
f 1057/1057/1057 1056/1056/1056 1055/1055/1055
f 1056/1056/1056 1057/1057/1057 1058/1058/1058
o mesh_14
usemtl mat9
v 11.200000000000001 12.799999999999994 -64
v 12.8 12.799999999999992 -75.2
v 11.200000000000001 6.399999999999992 -64
v 12.8 6.3999999999999915 -75.2
v 12.8 12.799999999999992 -75.2
v 1.6 12.799999999999992 -76.80000000000001
v 12.8 6.3999999999999915 -75.2
v 1.6 6.399999999999991 -76.80000000000001
v 12.8 12.799999999999992 -75.2
v 11.200000000000001 12.799999999999994 -64
v 1.6 12.799999999999992 -76.80000000000001
v 0 12.799999999999992 -65.60000000000001
v 1.6 12.799999999999992 -76.80000000000001
v 0 12.799999999999992 -65.60000000000001
v 1.6 6.399999999999991 -76.80000000000001
v 0 6.399999999999992 -65.60000000000001
v 0 12.799999999999992 -65.60000000000001
v 11.200000000000001 12.799999999999994 -64
v 0 6.399999999999992 -65.60000000000001
v 11.200000000000001 6.399999999999992 -64
v 38.400000000000006 49.599999999999994 -36.80000000000001
v 38.400000000000006 51.199999999999996 -36.80000000000001
v 38.400000000000006 49.6 -25.60000000000001
v 38.400000000000006 51.2 -25.60000000000001
v 40 51.199999999999996 -36.80000000000001
v 38.400000000000006 49.599999999999994 -36.80000000000001
v 40 51.2 -25.60000000000001
v 38.400000000000006 49.6 -25.60000000000001
v 51.2 51.199999999999996 -36.80000000000001
v 51.2 49.599999999999994 -36.80000000000001
v 51.2 51.2 -25.60000000000001
v 51.2 49.6 -25.60000000000001
v 49.6 51.199999999999996 -36.80000000000001
v 49.6 49.599999999999994 -38.40000000000001
v 40 51.199999999999996 -36.80000000000001
v 40 49.599999999999994 -38.40000000000001
v 40 51.199999999999996 -38.40000000000001
v 40 49.599999999999994 -38.40000000000001
v 49.6 51.199999999999996 -38.40000000000001
v 49.6 49.599999999999994 -38.40000000000001
v 51.2 49.6 -25.60000000000001
v 51.2 49.599999999999994 -36.80000000000001
v 49.6 51.2 -25.60000000000001
v 49.6 51.199999999999996 -36.80000000000001
v 12 6.399999999999992 -64.8
v 0.8 6.399999999999992 -64.8
v 12 6.3999999999999915 -76
v 0.8 6.3999999999999915 -76
v 0.8 6.399999999999992 -64.8
v 12 6.399999999999992 -64.8
v 0.8 -7.935711258474849e-15 -64.8
v 12 -7.935711258474849e-15 -64.8
v 12 6.3999999999999915 -76
v 12 -9.307315673519885e-15 -76
v 12 6.399999999999992 -64.8
v 12 -7.935711258474849e-15 -64.8
v 12 6.3999999999999915 -76
v 0.8 6.3999999999999915 -76
v 12 -9.307315673519885e-15 -76
v 0.8 -9.307315673519885e-15 -76
v 0.8 6.399999999999992 -64.8
v 0.8 -7.935711258474849e-15 -64.8
v 0.8 6.3999999999999915 -76
v 0.8 -9.307315673519885e-15 -76
vt 0.5 0.4375
vt 0.6171875 0.4375
vt 0.5 0.4921875
vt 0.6171875 0.4921875
vt 0.5 0.375
vt 0.6171875 0.375
vt 0.5 0.4296875
vt 0.6171875 0.4296875
vt 0.625 0.3671875
vt 0.625 0.25
vt 0.7421875 0.3671875
vt 0.7421875 0.25
vt 0.5 0.4375
vt 0.6171875 0.4375
vt 0.5 0.4921875
vt 0.6171875 0.4921875
vt 0.5 0.375
vt 0.6171875 0.375
vt 0.5 0.4296875
vt 0.6171875 0.4296875
vt 0.625 0.25
vt 0.625 0.25
vt 0.625 0.25
vt 0.625 0.25
vt 0.6484375 0.25
vt 0.625 0.25
vt 0.6484375 0.25
vt 0.625 0.25
vt 0.7421875 0.25
vt 0.7421875 0.25
vt 0.7421875 0.25
vt 0.7421875 0.25
vt 0.71875 0.25
vt 0.71875 0.25
vt 0.6484375 0.25
vt 0.6484375 0.25
vt 0.6484375 0.25
vt 0.6484375 0.25
vt 0.71875 0.25
vt 0.71875 0.25
vt 0.7421875 0.25
vt 0.7421875 0.25
vt 0.71875 0.25
vt 0.71875 0.25
vt 0.7421875 0.25
vt 0.7421875 0.3671875
vt 0.625 0.25
vt 0.625 0.3671875
vt 0.5 0.4375
vt 0.6171875 0.4375
vt 0.5 0.4921875
vt 0.6171875 0.4921875
vt 0.6171875 0.375
vt 0.6171875 0.4296875
vt 0.5 0.375
vt 0.5 0.4296875
vt 0.5 0.4375
vt 0.6171875 0.4375
vt 0.5 0.4921875
vt 0.6171875 0.4921875
vt 0.6171875 0.375
vt 0.6171875 0.4296875
vt 0.5 0.375
vt 0.5 0.4296875
vn 0.9899494921710503 1.7319122402116054e-17 0.14142136666812263
vn 0.9899494921710503 1.7319122402116054e-17 0.14142136666812263
vn 0.9899494921710503 1.7319122402116054e-17 0.14142136666812263
vn 0.9899494921710503 1.7319122402116054e-17 0.14142136666812263
vn 0.14142136666812263 -1.2123384769048244e-16 -0.9899494921710503
vn 0.14142136666812263 -1.2123384769048244e-16 -0.9899494921710503
vn 0.14142136666812263 -1.2123384769048244e-16 -0.9899494921710503
vn 0.14142136666812263 -1.2123384769048244e-16 -0.9899494921710503
vn 0 1 -1.2246467991473532e-16
vn 0 1 -1.2246467991473532e-16
vn 0 1 -1.2246467991473532e-16
vn 0 1 -1.2246467991473532e-16
vn -0.9899494921710503 -1.7319122402116054e-17 -0.14142136666812263
vn -0.9899494921710503 -1.7319122402116054e-17 -0.14142136666812263
vn -0.9899494921710503 -1.7319122402116054e-17 -0.14142136666812263
vn -0.9899494921710503 -1.7319122402116054e-17 -0.14142136666812263
vn -0.14142136666812263 1.2123384769048244e-16 0.9899494921710503
vn -0.14142136666812263 1.2123384769048244e-16 0.9899494921710503
vn -0.14142136666812263 1.2123384769048244e-16 0.9899494921710503
vn -0.14142136666812263 1.2123384769048244e-16 0.9899494921710503
vn -1 0 0
vn -1 0 0
vn -1 0 0
vn -1 0 0
vn 0.7071067811865475 -0.7071067811865475 8.659560562354932e-17
vn 0.7071067811865475 -0.7071067811865475 8.659560562354932e-17
vn 0.7071067811865475 -0.7071067811865475 8.659560562354932e-17
vn 0.7071067811865475 -0.7071067811865475 8.659560562354932e-17
vn 1 0 0
vn 1 0 0
vn 1 0 0
vn 1 0 0
vn 0 -0.7071067811865475 0.7071067811865476
vn 0 -0.7071067811865475 0.7071067811865476
vn 0 -0.7071067811865475 0.7071067811865476
vn 0 -0.7071067811865475 0.7071067811865476
vn 0 -1.2246467991473532e-16 -1
vn 0 -1.2246467991473532e-16 -1
vn 0 -1.2246467991473532e-16 -1
vn 0 -1.2246467991473532e-16 -1
vn -0.7071067811865475 -0.7071067811865475 8.659560562354932e-17
vn -0.7071067811865475 -0.7071067811865475 8.659560562354932e-17
vn -0.7071067811865475 -0.7071067811865475 8.659560562354932e-17
vn -0.7071067811865475 -0.7071067811865475 8.659560562354932e-17
vn 0 1 -1.2246467991473532e-16
vn 0 1 -1.2246467991473532e-16
vn 0 1 -1.2246467991473532e-16
vn 0 1 -1.2246467991473532e-16
vn 0 1.2246467991473532e-16 1
vn 0 1.2246467991473532e-16 1
vn 0 1.2246467991473532e-16 1
vn 0 1.2246467991473532e-16 1
vn 1 0 0
vn 1 0 0
vn 1 0 0
vn 1 0 0
vn 0 -1.2246467991473532e-16 -1
vn 0 -1.2246467991473532e-16 -1
vn 0 -1.2246467991473532e-16 -1
vn 0 -1.2246467991473532e-16 -1
vn -1 0 0
vn -1 0 0
vn -1 0 0
vn -1 0 0
f 1061/1061/1061 1060/1060/1060 1059/1059/1059
f 1060/1060/1060 1061/1061/1061 1062/1062/1062
f 1065/1065/1065 1064/1064/1064 1063/1063/1063
f 1064/1064/1064 1065/1065/1065 1066/1066/1066
f 1069/1069/1069 1068/1068/1068 1067/1067/1067
f 1068/1068/1068 1069/1069/1069 1070/1070/1070
f 1073/1073/1073 1072/1072/1072 1071/1071/1071
f 1072/1072/1072 1073/1073/1073 1074/1074/1074
f 1077/1077/1077 1076/1076/1076 1075/1075/1075
f 1076/1076/1076 1077/1077/1077 1078/1078/1078
f 1081/1081/1081 1080/1080/1080 1079/1079/1079
f 1080/1080/1080 1081/1081/1081 1082/1082/1082
f 1085/1085/1085 1084/1084/1084 1083/1083/1083
f 1084/1084/1084 1085/1085/1085 1086/1086/1086
f 1089/1089/1089 1088/1088/1088 1087/1087/1087
f 1088/1088/1088 1089/1089/1089 1090/1090/1090
f 1093/1093/1093 1092/1092/1092 1091/1091/1091
f 1092/1092/1092 1093/1093/1093 1094/1094/1094
f 1097/1097/1097 1096/1096/1096 1095/1095/1095
f 1096/1096/1096 1097/1097/1097 1098/1098/1098
f 1101/1101/1101 1100/1100/1100 1099/1099/1099
f 1100/1100/1100 1101/1101/1101 1102/1102/1102
f 1105/1105/1105 1104/1104/1104 1103/1103/1103
f 1104/1104/1104 1105/1105/1105 1106/1106/1106
f 1109/1109/1109 1108/1108/1108 1107/1107/1107
f 1108/1108/1108 1109/1109/1109 1110/1110/1110
f 1113/1113/1113 1112/1112/1112 1111/1111/1111
f 1112/1112/1112 1113/1113/1113 1114/1114/1114
f 1117/1117/1117 1116/1116/1116 1115/1115/1115
f 1116/1116/1116 1117/1117/1117 1118/1118/1118
f 1121/1121/1121 1120/1120/1120 1119/1119/1119
f 1120/1120/1120 1121/1121/1121 1122/1122/1122
o mesh_15
usemtl mat10
v 76.80000000000001 89.6 -166.4
v 76.80000000000001 63.99999999999998 -166.4
v 76.80000000000001 63.99999999999998 -168
v 25.6 89.6 -166.4
v 25.6 63.99999999999998 -166.4
v 12.8 81.6 -166.4
v 12.8 63.99999999999998 -166.4
v 25.6 80.79999999999998 -175.20000000000002
v 25.6 63.99999999999998 -175.20000000000002
v 25.6 89.6 -166.4
v 25.6 63.99999999999998 -166.4
v 12.8 63.99999999999998 -166.4
v 0 63.99999999999998 -166.4
v 12.8 81.6 -166.4
v 0 75.19999999999999 -166.4
vt 0.6171875 0.25
vt 0.6171875 0.4921875
vt 0.609375 0.4921875
vt 0.75 0.25
vt 0.75 0.4921875
vt 0.625 0.25
vt 0.625 0.4921875
vt 0.8671875 0.25
vt 0.8671875 0.4921875
vt 0.75 0.25
vt 0.75 0.4921875
vt 0.625 0.4921875
vt 0.5 0.4921875
vt 0.625 0.25
vt 0.5 0.25
vn -1 0 0
vn -1 0 0
vn -1 0 0
vn 0 1.2246467991473532e-16 1
vn 0 1.2246467991473532e-16 1
vn 0 1.2246467991473532e-16 1
vn 0 1.2246467991473532e-16 1
vn 1 0 0
vn 1 0 0
vn 1 0 0
vn 1 0 0
vn 0 1.2246467991473532e-16 1
vn 0 1.2246467991473532e-16 1
vn 0 1.2246467991473532e-16 1
vn 0 1.2246467991473532e-16 1
f 1125/1125/1125 1124/1124/1124 1123/1123/1123
f 1128/1128/1128 1127/1127/1127 1126/1126/1126
f 1127/1127/1127 1128/1128/1128 1129/1129/1129
f 1132/1132/1132 1131/1131/1131 1130/1130/1130
f 1131/1131/1131 1132/1132/1132 1133/1133/1133
f 1136/1136/1136 1135/1135/1135 1134/1134/1134
f 1135/1135/1135 1136/1136/1136 1137/1137/1137
o mesh_16
usemtl mat11
v 76.80000000000001 12.79999999999998 -168
v 76.80000000000001 12.799999999999981 -166.4
v 76.80000000000001 -2.037812273781196e-14 -166.4
v 64 -2.037812273781196e-14 -166.4
v 64 12.799999999999981 -166.4
v 64 12.79999999999998 -168
v 51.2 -2.037812273781196e-14 -166.4
v 51.2 12.79999999999998 -168
v 52.800000000000004 12.799999999999981 -166.4
v 38.400000000000006 12.79999999999998 -168
v 38.400000000000006 -2.037812273781196e-14 -166.4
v 36.800000000000004 12.799999999999981 -166.4
v 25.6 12.799999999999981 -166.4
v 12.8 6.39999999999998 -166.4
v 12.8 12.799999999999981 -166.4
v 38.400000000000006 12.79999999999998 -179.20000000000002
v 38.400000000000006 -2.194567064072057e-14 -179.20000000000002
v 38.400000000000006 12.79999999999998 -168
v 38.400000000000006 -2.037812273781196e-14 -166.4
v 51.2 12.79999999999998 -168
v 51.2 -2.037812273781196e-14 -166.4
v 51.2 12.79999999999998 -179.20000000000002
v 51.2 -2.194567064072057e-14 -179.20000000000002
v 76.80000000000001 63.99999999999998 -168
v 76.80000000000001 63.99999999999998 -175.20000000000002
v 64 63.99999999999998 -168
v 64 63.99999999999998 -175.20000000000002
v 25.6 12.799999999999981 -166.4
v 25.6 -2.037812273781196e-14 -166.4
v 12.8 6.39999999999998 -166.4
v 12.8 -2.037812273781196e-14 -166.4
v 64 -2.037812273781196e-14 -166.4
v 51.2 -2.037812273781196e-14 -166.4
v 64 12.799999999999981 -166.4
v 52.800000000000004 12.799999999999981 -166.4
v 38.400000000000006 -2.037812273781196e-14 -166.4
v 25.6 -2.037812273781196e-14 -166.4
v 36.800000000000004 12.799999999999981 -166.4
v 25.6 12.799999999999981 -166.4
v 51.2 12.79999999999998 -179.20000000000002
v 51.2 -2.194567064072057e-14 -179.20000000000002
v 51.2 12.799999999999978 -192
v 51.2 -2.3513218543629183e-14 -192
v 38.400000000000006 12.799999999999978 -192
v 38.400000000000006 -2.3513218543629183e-14 -192
v 38.400000000000006 12.79999999999998 -179.20000000000002
v 38.400000000000006 -2.194567064072057e-14 -179.20000000000002
vt 0.921875 0.875
vt 0.9296875 0.875
vt 0.9296875 0.9921875
vt 0.921875 0.9921875
vt 0.921875 0.875
vt 0.9296875 0.875
vt 0.875 0.8671875
vt 0.8515625 0.75
vt 0.890625 0.75
vt 0.890625 0.75
vt 0.875 0.8671875
vt 0.859375 0.75
vt 0.9921875 0.75
vt 0.875 0.796875
vt 0.875 0.75
vt 0.9921875 0.75
vt 0.9921875 0.8671875
vt 0.890625 0.75
vt 0.875 0.8671875
vt 0.8515625 0.75
vt 0.875 0.8671875
vt 0.75 0.75
vt 0.75 0.8671875
vt 0.8671875 0.6875
vt 0.8671875 0.7421875
vt 0.75 0.6875
vt 0.75 0.7421875
vt 0.9921875 0.75
vt 0.9921875 0.8671875
vt 0.875 0.796875
vt 0.875 0.8671875
vt 0.9921875 0.8671875
vt 0.875 0.8671875
vt 0.9921875 0.75
vt 0.890625 0.75
vt 0.875 0.8671875
vt 0.75 0.8671875
vt 0.859375 0.75
vt 0.75 0.75
vt 0.9921875 0.75
vt 0.9921875 0.8671875
vt 0.875 0.75
vt 0.875 0.8671875
vt 0.8671875 0.75
vt 0.8671875 0.8671875
vt 0.75 0.75
vt 0.75 0.8671875
vn -1 0 0
vn -1 0 0
vn -1 0 0
vn 1 0 0
vn 1 0 0
vn 1 0 0
vn -0.7043607250604991 0.08804509063256248 0.7043607250604991
vn -0.7043607250604991 0.08804509063256248 0.7043607250604991
vn -0.7043607250604991 0.08804509063256248 0.7043607250604991
vn 0.7043607250604991 0.08804509063256248 0.7043607250604991
vn 0.7043607250604991 0.08804509063256248 0.7043607250604991
vn 0.7043607250604991 0.08804509063256248 0.7043607250604991
vn 0 1.2246467991473532e-16 1
vn 0 1.2246467991473532e-16 1
vn 0 1.2246467991473532e-16 1
vn 1 0 0
vn 1 0 0
vn 1 0 0
vn 1 0 0
vn -1 0 0
vn -1 0 0
vn -1 0 0
vn -1 0 0
vn 0 -1 1.2246467991473532e-16
vn 0 -1 1.2246467991473532e-16
vn 0 -1 1.2246467991473532e-16
vn 0 -1 1.2246467991473532e-16
vn 0 1.2246467991473532e-16 1
vn 0 1.2246467991473532e-16 1
vn 0 1.2246467991473532e-16 1
vn 0 1.2246467991473532e-16 1
vn 0 1.2246467991473532e-16 1
vn 0 1.2246467991473532e-16 1
vn 0 1.2246467991473532e-16 1
vn 0 1.2246467991473532e-16 1
vn 0 1.2246467991473532e-16 1
vn 0 1.2246467991473532e-16 1
vn 0 1.2246467991473532e-16 1
vn 0 1.2246467991473532e-16 1
vn -1 0 0
vn -1 0 0
vn -1 0 0
vn -1 0 0
vn 1 0 0
vn 1 0 0
vn 1 0 0
vn 1 0 0
f 1140/1140/1140 1139/1139/1139 1138/1138/1138
f 1143/1143/1143 1142/1142/1142 1141/1141/1141
f 1146/1146/1146 1145/1145/1145 1144/1144/1144
f 1149/1149/1149 1148/1148/1148 1147/1147/1147
f 1152/1152/1152 1151/1151/1151 1150/1150/1150
f 1155/1155/1155 1154/1154/1154 1153/1153/1153
f 1154/1154/1154 1155/1155/1155 1156/1156/1156
f 1159/1159/1159 1158/1158/1158 1157/1157/1157
f 1158/1158/1158 1159/1159/1159 1160/1160/1160
f 1163/1163/1163 1162/1162/1162 1161/1161/1161
f 1162/1162/1162 1163/1163/1163 1164/1164/1164
f 1167/1167/1167 1166/1166/1166 1165/1165/1165
f 1166/1166/1166 1167/1167/1167 1168/1168/1168
f 1171/1171/1171 1170/1170/1170 1169/1169/1169
f 1170/1170/1170 1171/1171/1171 1172/1172/1172
f 1175/1175/1175 1174/1174/1174 1173/1173/1173
f 1174/1174/1174 1175/1175/1175 1176/1176/1176
f 1179/1179/1179 1178/1178/1178 1177/1177/1177
f 1178/1178/1178 1179/1179/1179 1180/1180/1180
f 1183/1183/1183 1182/1182/1182 1181/1181/1181
f 1182/1182/1182 1183/1183/1183 1184/1184/1184
o mesh_17
usemtl mat12
v 1.6 31.99999999999998 -166.4
v 0 31.99999999999998 -166.4
v 0 38.399999999999984 -166.4
v 12.8 38.399999999999984 -166.4
v 12.8 31.99999999999998 -166.4
v 11.200000000000001 31.99999999999998 -166.4
v 78.4 51.19999999999998 -166.4
v 76.80000000000001 51.19999999999998 -166.4
v 76.80000000000001 63.99999999999998 -166.4
v 12.8 51.19999999999998 -166.4
v 12.8 38.399999999999984 -166.4
v 0 38.399999999999984 -166.4
v 12.8 31.99999999999998 -166.4
v 12.8 38.399999999999984 -166.4
v 25.6 38.399999999999984 -166.4
v 12.8 51.19999999999998 -166.4
v 12.8 63.99999999999998 -166.4
v 25.6 51.19999999999998 -166.4
v 25.6 63.99999999999998 -166.4
v 25.6 38.399999999999984 -175.20000000000002
v 25.6 38.399999999999984 -166.4
v 25.6 51.19999999999998 -175.20000000000002
v 25.6 51.19999999999998 -166.4
v 25.6 25.59999999999998 -166.4
v 25.6 38.399999999999984 -166.4
v 25.6 25.59999999999998 -172
v 25.6 38.399999999999984 -175.20000000000002
v 12.8 38.399999999999984 -166.4
v 11.200000000000001 31.99999999999998 -166.4
v 0 38.399999999999984 -166.4
v 1.6 31.99999999999998 -166.4
v 25.6 51.19999999999998 -166.4
v 25.6 38.399999999999984 -166.4
v 12.8 51.19999999999998 -166.4
v 12.8 38.399999999999984 -166.4
v 76.80000000000001 25.59999999999998 -168
v 76.80000000000001 38.399999999999984 -168
v 76.80000000000001 25.59999999999998 -166.4
v 76.80000000000001 38.399999999999984 -166.4
v 76.80000000000001 63.99999999999998 -166.4
v 89.60000000000001 63.99999999999998 -166.4
v 78.4 51.19999999999998 -166.4
v 89.60000000000001 51.19999999999998 -166.4
v 52.800000000000004 12.799999999999981 -166.4
v 51.2 12.79999999999998 -168
v 64 12.799999999999981 -166.4
v 64 12.79999999999998 -168
v 25.6 25.59999999999998 -172
v 25.6 12.79999999999998 -168
v 25.6 25.59999999999998 -166.4
v 25.6 12.799999999999981 -166.4
v 36.800000000000004 12.799999999999981 -166.4
v 25.6 12.799999999999981 -166.4
v 38.400000000000006 12.79999999999998 -168
v 25.6 12.79999999999998 -168
v 25.6 63.99999999999998 -166.4
v 25.6 63.99999999999998 -175.20000000000002
v 25.6 51.19999999999998 -166.4
v 25.6 51.19999999999998 -175.20000000000002
v 76.80000000000001 25.59999999999998 -166.4
v 76.80000000000001 12.799999999999981 -166.4
v 76.80000000000001 25.59999999999998 -168
v 76.80000000000001 12.79999999999998 -168
vt 0.015625 0.3125
vt 0 0.3125
vt 0 0.25
vt 0.125 0.25
vt 0.125 0.3125
vt 0.109375 0.3125
vt 0.125 0.125
vt 0.125 0.125
vt 0.125 0
vt 0.125 0.125
vt 0.125 0.25
vt 0 0.25
vt 0.125 0.3125
vt 0.125 0.25
vt 0.2421875 0.25
vt 0.125 0.125
vt 0.125 0
vt 0.25 0.125
vt 0.25 0
vt 0.328125 0.25
vt 0.25 0.25
vt 0.328125 0.125
vt 0.25 0.125
vt 0.25 0.375
vt 0.25 0.25
vt 0.28125 0.375
vt 0.328125 0.25
vt 0.125 0.25
vt 0.109375 0.3125
vt 0 0.25
vt 0.015625 0.3125
vt 0.25 0.125
vt 0.25 0.25
vt 0.125 0.125
vt 0.125 0.25
vt 0.109375 0.25
vt 0.109375 0.25
vt 0.1171875 0.4921875
vt 0.1171875 0.25
vt 0.125 0
vt 0.2421875 0
vt 0.125 0.125
vt 0.2421875 0.125
vt 0.3828125 0
vt 0.375 0
vt 0.4921875 0
vt 0.4921875 0
vt 0.28125 0.375
vt 0.265625 0.4921875
vt 0.25 0.375
vt 0.25 0.4921875
vt 0.234375 0
vt 0.125 0
vt 0.2421875 0
vt 0.125 0
vt 0.25 0
vt 0.328125 0
vt 0.25 0.125
vt 0.328125 0.125
vt 0.1171875 0.4921875
vt 0.1171875 0.4921875
vt 0.109375 0.25
vt 0.109375 0.4921875
vn 0 1.2246467991473532e-16 1
vn 0 1.2246467991473532e-16 1
vn 0 1.2246467991473532e-16 1
vn 0 1.2246467991473532e-16 1
vn 0 1.2246467991473532e-16 1
vn 0 1.2246467991473532e-16 1
vn 0 1.2246467991473532e-16 1
vn 0 1.2246467991473532e-16 1
vn 0 1.2246467991473532e-16 1
vn 0 1.2246467991473532e-16 1
vn 0 1.2246467991473532e-16 1
vn 0 1.2246467991473532e-16 1
vn 0 1.2246467991473532e-16 1
vn 0 1.2246467991473532e-16 1
vn 0 1.2246467991473532e-16 1
vn 0 1.2246467991473532e-16 1
vn 0 1.2246467991473532e-16 1
vn 0 1.2246467991473532e-16 1
vn 0 1.2246467991473532e-16 1
vn 1 0 0
vn 1 0 0
vn 1 0 0
vn 1 0 0
vn 1 0 0
vn 1 0 0
vn 1 0 0
vn 1 0 0
vn 0 1.2246467991473532e-16 1
vn 0 1.2246467991473532e-16 1
vn 0 1.2246467991473532e-16 1
vn 0 1.2246467991473532e-16 1
vn 0 1.2246467991473532e-16 1
vn 0 1.2246467991473532e-16 1
vn 0 1.2246467991473532e-16 1
vn 0 1.2246467991473532e-16 1
vn -1 0 0
vn -1 0 0
vn -1 0 0
vn -1 0 0
vn 0 1.2246467991473532e-16 1
vn 0 1.2246467991473532e-16 1
vn 0 1.2246467991473532e-16 1
vn 0 1.2246467991473532e-16 1
vn 0 1 -1.2246467991473532e-16
vn 0 1 -1.2246467991473532e-16
vn 0 1 -1.2246467991473532e-16
vn 0 1 -1.2246467991473532e-16
vn 1 0 0
vn 1 0 0
vn 1 0 0
vn 1 0 0
vn 0 1 -1.2246467991473532e-16
vn 0 1 -1.2246467991473532e-16
vn 0 1 -1.2246467991473532e-16
vn 0 1 -1.2246467991473532e-16
vn 1 0 0
vn 1 0 0
vn 1 0 0
vn 1 0 0
vn -1 0 0
vn -1 0 0
vn -1 0 0
vn -1 0 0
f 1187/1187/1187 1186/1186/1186 1185/1185/1185
f 1190/1190/1190 1189/1189/1189 1188/1188/1188
f 1193/1193/1193 1192/1192/1192 1191/1191/1191
f 1196/1196/1196 1195/1195/1195 1194/1194/1194
f 1199/1199/1199 1198/1198/1198 1197/1197/1197
f 1202/1202/1202 1201/1201/1201 1200/1200/1200
f 1201/1201/1201 1202/1202/1202 1203/1203/1203
f 1206/1206/1206 1205/1205/1205 1204/1204/1204
f 1205/1205/1205 1206/1206/1206 1207/1207/1207
f 1210/1210/1210 1209/1209/1209 1208/1208/1208
f 1209/1209/1209 1210/1210/1210 1211/1211/1211
f 1214/1214/1214 1213/1213/1213 1212/1212/1212
f 1213/1213/1213 1214/1214/1214 1215/1215/1215
f 1218/1218/1218 1217/1217/1217 1216/1216/1216
f 1217/1217/1217 1218/1218/1218 1219/1219/1219
f 1222/1222/1222 1221/1221/1221 1220/1220/1220
f 1221/1221/1221 1222/1222/1222 1223/1223/1223
f 1226/1226/1226 1225/1225/1225 1224/1224/1224
f 1225/1225/1225 1226/1226/1226 1227/1227/1227
f 1230/1230/1230 1229/1229/1229 1228/1228/1228
f 1229/1229/1229 1230/1230/1230 1231/1231/1231
f 1234/1234/1234 1233/1233/1233 1232/1232/1232
f 1233/1233/1233 1234/1234/1234 1235/1235/1235
f 1238/1238/1238 1237/1237/1237 1236/1236/1236
f 1237/1237/1237 1238/1238/1238 1239/1239/1239
f 1242/1242/1242 1241/1241/1241 1240/1240/1240
f 1241/1241/1241 1242/1242/1242 1243/1243/1243
f 1246/1246/1246 1245/1245/1245 1244/1244/1244
f 1245/1245/1245 1246/1246/1246 1247/1247/1247
o mesh_18
usemtl mat13
v 46.400000000000006 71.19999999999999 -170.4
v 44.800000000000004 72.79999999999998 -170.4
v 44.800000000000004 71.19999999999999 -172
v 43.2 71.19999999999999 -170.4
v 44.800000000000004 71.19999999999999 -172
v 44.800000000000004 72.79999999999998 -170.4
v 46.400000000000006 71.19999999999999 -170.4
v 44.800000000000004 71.19999999999999 -168.8
v 44.800000000000004 72.79999999999998 -170.4
v 43.2 71.19999999999999 -170.4
v 44.800000000000004 72.79999999999998 -170.4
v 44.800000000000004 71.19999999999999 -168.8
v 43.2 67.99999999999999 -170.4
v 44.800000000000004 67.99999999999999 -168.8
v 44.800000000000004 67.19999999999999 -170.4
v 46.400000000000006 67.99999999999999 -170.4
v 44.800000000000004 67.19999999999999 -170.4
v 44.800000000000004 67.99999999999999 -168.8
v 43.2 67.99999999999999 -170.4
v 44.800000000000004 67.19999999999999 -170.4
v 44.800000000000004 67.99999999999999 -172
v 46.400000000000006 67.99999999999999 -170.4
v 44.800000000000004 67.99999999999999 -172
v 44.800000000000004 67.19999999999999 -170.4
v 44.800000000000004 71.19999999999999 -172
v 44.800000000000004 67.99999999999999 -172
v 46.400000000000006 71.19999999999999 -170.4
v 46.400000000000006 67.99999999999999 -170.4
v 46.400000000000006 67.99999999999999 -170.4
v 44.800000000000004 67.99999999999999 -168.8
v 46.400000000000006 71.19999999999999 -170.4
v 44.800000000000004 71.19999999999999 -168.8
v 43.2 67.99999999999999 -170.4
v 43.2 71.19999999999999 -170.4
v 44.800000000000004 67.99999999999999 -168.8
v 44.800000000000004 71.19999999999999 -168.8
v 44.800000000000004 67.99999999999999 -172
v 44.800000000000004 71.19999999999999 -172
v 43.2 67.99999999999999 -170.4
v 43.2 71.19999999999999 -170.4
v 44.800000000000004 76.8 -172
v 44.800000000000004 76.79999999999998 -175.20000000000002
v 44.800000000000004 72.79999999999998 -172
v 44.800000000000004 72.79999999999997 -175.20000000000002
v 44.800000000000004 72.79999999999998 -170.4
v 44.800000000000004 72.79999999999998 -168.8
v 44.800000000000004 76.8 -170.4
v 44.800000000000004 76.8 -168.8
v 44.800000000000004 76.8 -170.4
v 44.800000000000004 76.8 -168.8
v 44.800000000000004 72.79999999999998 -170.4
v 44.800000000000004 72.79999999999998 -168.8
v 44.800000000000004 72.79999999999998 -172
v 44.800000000000004 72.79999999999997 -175.20000000000002
v 44.800000000000004 76.8 -172
v 44.800000000000004 76.79999999999998 -175.20000000000002
v 44.800000000000004 72.79999999999998 -172
v 44.800000000000004 72.79999999999998 -170.4
v 44.800000000000004 76.8 -172
v 44.800000000000004 76.8 -170.4
v 44.800000000000004 76.8 -172
v 44.800000000000004 76.8 -170.4
v 44.800000000000004 72.79999999999998 -172
v 44.800000000000004 72.79999999999998 -170.4
v 44.800000000000004 67.99999999999999 -168.8
v 43.2 67.99999999999999 -170.4
v 46.400000000000006 67.99999999999999 -170.4
v 44.800000000000004 67.99999999999999 -172
v 44.800000000000004 71.19999999999999 -172
v 43.2 71.19999999999999 -170.4
v 46.400000000000006 71.19999999999999 -170.4
v 44.800000000000004 71.19999999999999 -168.8
v 46.400000000000006 71.19999999999999 -170.4
v 46.400000000000006 67.99999999999999 -170.4
v 44.800000000000004 71.19999999999999 -172
v 44.800000000000004 67.99999999999999 -172
v 46.400000000000006 71.19999999999999 -170.4
v 44.800000000000004 71.19999999999999 -168.8
v 46.400000000000006 67.99999999999999 -170.4
v 44.800000000000004 67.99999999999999 -168.8
v 43.2 67.99999999999999 -170.4
v 43.2 71.19999999999999 -170.4
v 44.800000000000004 67.99999999999999 -172
v 44.800000000000004 71.19999999999999 -172
v 44.800000000000004 67.99999999999999 -168.8
v 44.800000000000004 71.19999999999999 -168.8
v 43.2 67.99999999999999 -170.4
v 43.2 71.19999999999999 -170.4
vt 0.4921875 0.875
vt 0.4609375 0.8984375
vt 0.4375 0.875
vt 0.4375 0.9296875
vt 0.4375 0.875
vt 0.4609375 0.8984375
vt 0.4921875 0.875
vt 0.4921875 0.9296875
vt 0.4609375 0.8984375
vt 0.4375 0.9296875
vt 0.4609375 0.8984375
vt 0.4921875 0.9296875
vt 0.4375 0.9296875
vt 0.4921875 0.9296875
vt 0.46875 0.90625
vt 0.4921875 0.875
vt 0.46875 0.90625
vt 0.4921875 0.9296875
vt 0.4375 0.9296875
vt 0.46875 0.90625
vt 0.4375 0.875
vt 0.4921875 0.875
vt 0.4375 0.875
vt 0.46875 0.90625
vt 0.4921875 0.9375
vt 0.4921875 0.9921875
vt 0.4375 0.9375
vt 0.4375 0.9921875
vt 0.4375 0.9921875
vt 0.4921875 0.9921875
vt 0.4375 0.9375
vt 0.4921875 0.9375
vt 0.4375 0.9921875
vt 0.4375 0.9375
vt 0.4921875 0.9921875
vt 0.4921875 0.9375
vt 0.4921875 0.9921875
vt 0.4921875 0.9375
vt 0.4375 0.9921875
vt 0.4375 0.9375
vt 0.3984375 0.875
vt 0.375 0.875
vt 0.3984375 0.9296875
vt 0.375 0.9296875
vt 0.4140625 0.9296875
vt 0.4296875 0.9296875
vt 0.4140625 0.875
vt 0.4296875 0.875
vt 0.4140625 0.875
vt 0.4296875 0.875
vt 0.4140625 0.9296875
vt 0.4296875 0.9296875
vt 0.3984375 0.9296875
vt 0.375 0.9296875
vt 0.3984375 0.875
vt 0.375 0.875
vt 0.3984375 0.9296875
vt 0.4140625 0.9296875
vt 0.3984375 0.875
vt 0.4140625 0.875
vt 0.3984375 0.875
vt 0.4140625 0.875
vt 0.3984375 0.9296875
vt 0.4140625 0.9296875
vt 0.375 0.9921875
vt 0.375 0.96875
vt 0.3984375 0.9921875
vt 0.3984375 0.96875
vt 0.3984375 0.96875
vt 0.375 0.96875
vt 0.3984375 0.9921875
vt 0.375 0.9921875
vt 0.4921875 0.9375
vt 0.4921875 0.9921875
vt 0.4375 0.9375
vt 0.4375 0.9921875
vt 0.4921875 0.9375
vt 0.4375 0.9375
vt 0.4921875 0.9921875
vt 0.4375 0.9921875
vt 0.4921875 0.9921875
vt 0.4921875 0.9375
vt 0.4375 0.9921875
vt 0.4375 0.9375
vt 0.4375 0.9921875
vt 0.4375 0.9375
vt 0.4921875 0.9921875
vt 0.4921875 0.9375
vn 0.5773502691896257 0.5773502691896257 -0.5773502691896258
vn 0.5773502691896257 0.5773502691896257 -0.5773502691896258
vn 0.5773502691896257 0.5773502691896257 -0.5773502691896258
vn -0.5773502691896257 0.5773502691896257 -0.5773502691896258
vn -0.5773502691896257 0.5773502691896257 -0.5773502691896258
vn -0.5773502691896257 0.5773502691896257 -0.5773502691896258
vn 0.5773502691896257 0.5773502691896258 0.5773502691896257
vn 0.5773502691896257 0.5773502691896258 0.5773502691896257
vn 0.5773502691896257 0.5773502691896258 0.5773502691896257
vn -0.5773502691896257 0.5773502691896258 0.5773502691896257
vn -0.5773502691896257 0.5773502691896258 0.5773502691896257
vn -0.5773502691896257 0.5773502691896258 0.5773502691896257
vn -0.408248290463863 -0.816496580927726 0.40824829046386313
vn -0.408248290463863 -0.816496580927726 0.40824829046386313
vn -0.408248290463863 -0.816496580927726 0.40824829046386313
vn 0.408248290463863 -0.816496580927726 0.40824829046386313
vn 0.408248290463863 -0.816496580927726 0.40824829046386313
vn 0.408248290463863 -0.816496580927726 0.40824829046386313
vn -0.408248290463863 -0.816496580927726 -0.40824829046386296
vn -0.408248290463863 -0.816496580927726 -0.40824829046386296
vn -0.408248290463863 -0.816496580927726 -0.40824829046386296
vn 0.408248290463863 -0.816496580927726 -0.40824829046386296
vn 0.408248290463863 -0.816496580927726 -0.40824829046386296
vn 0.408248290463863 -0.816496580927726 -0.40824829046386296
vn 0.7071067811865475 -8.659560562354932e-17 -0.7071067811865475
vn 0.7071067811865475 -8.659560562354932e-17 -0.7071067811865475
vn 0.7071067811865475 -8.659560562354932e-17 -0.7071067811865475
vn 0.7071067811865475 -8.659560562354932e-17 -0.7071067811865475
vn 0.7071067811865475 8.659560562354932e-17 0.7071067811865475
vn 0.7071067811865475 8.659560562354932e-17 0.7071067811865475
vn 0.7071067811865475 8.659560562354932e-17 0.7071067811865475
vn 0.7071067811865475 8.659560562354932e-17 0.7071067811865475
vn -0.7071067811865475 8.659560562354932e-17 0.7071067811865475
vn -0.7071067811865475 8.659560562354932e-17 0.7071067811865475
vn -0.7071067811865475 8.659560562354932e-17 0.7071067811865475
vn -0.7071067811865475 8.659560562354932e-17 0.7071067811865475
vn -0.7071067811865475 -8.659560562354932e-17 -0.7071067811865475
vn -0.7071067811865475 -8.659560562354932e-17 -0.7071067811865475
vn -0.7071067811865475 -8.659560562354932e-17 -0.7071067811865475
vn -0.7071067811865475 -8.659560562354932e-17 -0.7071067811865475
vn 1 0 0
vn 1 0 0
vn 1 0 0
vn 1 0 0
vn 1 0 0
vn 1 0 0
vn 1 0 0
vn 1 0 0
vn -1 0 0
vn -1 0 0
vn -1 0 0
vn -1 0 0
vn -1 0 0
vn -1 0 0
vn -1 0 0
vn -1 0 0
vn 1 0 0
vn 1 0 0
vn 1 0 0
vn 1 0 0
vn -1 0 0
vn -1 0 0
vn -1 0 0
vn -1 0 0
vn 0 1 -1.2246467991473532e-16
vn 0 1 -1.2246467991473532e-16
vn 0 1 -1.2246467991473532e-16
vn 0 1 -1.2246467991473532e-16
vn 0 -1 1.2246467991473532e-16
vn 0 -1 1.2246467991473532e-16
vn 0 -1 1.2246467991473532e-16
vn 0 -1 1.2246467991473532e-16
vn -0.7071067811865475 8.659560562354932e-17 0.7071067811865475
vn -0.7071067811865475 8.659560562354932e-17 0.7071067811865475
vn -0.7071067811865475 8.659560562354932e-17 0.7071067811865475
vn -0.7071067811865475 8.659560562354932e-17 0.7071067811865475
vn -0.7071067811865475 -8.659560562354932e-17 -0.7071067811865475
vn -0.7071067811865475 -8.659560562354932e-17 -0.7071067811865475
vn -0.7071067811865475 -8.659560562354932e-17 -0.7071067811865475
vn -0.7071067811865475 -8.659560562354932e-17 -0.7071067811865475
vn 0.7071067811865475 8.659560562354932e-17 0.7071067811865475
vn 0.7071067811865475 8.659560562354932e-17 0.7071067811865475
vn 0.7071067811865475 8.659560562354932e-17 0.7071067811865475
vn 0.7071067811865475 8.659560562354932e-17 0.7071067811865475
vn 0.7071067811865475 -8.659560562354932e-17 -0.7071067811865475
vn 0.7071067811865475 -8.659560562354932e-17 -0.7071067811865475
vn 0.7071067811865475 -8.659560562354932e-17 -0.7071067811865475
vn 0.7071067811865475 -8.659560562354932e-17 -0.7071067811865475
f 1250/1250/1250 1249/1249/1249 1248/1248/1248
f 1253/1253/1253 1252/1252/1252 1251/1251/1251
f 1256/1256/1256 1255/1255/1255 1254/1254/1254
f 1259/1259/1259 1258/1258/1258 1257/1257/1257
f 1262/1262/1262 1261/1261/1261 1260/1260/1260
f 1265/1265/1265 1264/1264/1264 1263/1263/1263
f 1268/1268/1268 1267/1267/1267 1266/1266/1266
f 1271/1271/1271 1270/1270/1270 1269/1269/1269
f 1274/1274/1274 1273/1273/1273 1272/1272/1272
f 1273/1273/1273 1274/1274/1274 1275/1275/1275
f 1278/1278/1278 1277/1277/1277 1276/1276/1276
f 1277/1277/1277 1278/1278/1278 1279/1279/1279
f 1282/1282/1282 1281/1281/1281 1280/1280/1280
f 1281/1281/1281 1282/1282/1282 1283/1283/1283
f 1286/1286/1286 1285/1285/1285 1284/1284/1284
f 1285/1285/1285 1286/1286/1286 1287/1287/1287
f 1290/1290/1290 1289/1289/1289 1288/1288/1288
f 1289/1289/1289 1290/1290/1290 1291/1291/1291
f 1294/1294/1294 1293/1293/1293 1292/1292/1292
f 1293/1293/1293 1294/1294/1294 1295/1295/1295
f 1298/1298/1298 1297/1297/1297 1296/1296/1296
f 1297/1297/1297 1298/1298/1298 1299/1299/1299
f 1302/1302/1302 1301/1301/1301 1300/1300/1300
f 1301/1301/1301 1302/1302/1302 1303/1303/1303
f 1306/1306/1306 1305/1305/1305 1304/1304/1304
f 1305/1305/1305 1306/1306/1306 1307/1307/1307
f 1310/1310/1310 1309/1309/1309 1308/1308/1308
f 1309/1309/1309 1310/1310/1310 1311/1311/1311
f 1314/1314/1314 1313/1313/1313 1312/1312/1312
f 1313/1313/1313 1314/1314/1314 1315/1315/1315
f 1318/1318/1318 1317/1317/1317 1316/1316/1316
f 1317/1317/1317 1318/1318/1318 1319/1319/1319
f 1322/1322/1322 1321/1321/1321 1320/1320/1320
f 1321/1321/1321 1322/1322/1322 1323/1323/1323
f 1326/1326/1326 1325/1325/1325 1324/1324/1324
f 1325/1325/1325 1326/1326/1326 1327/1327/1327
f 1330/1330/1330 1329/1329/1329 1328/1328/1328
f 1329/1329/1329 1330/1330/1330 1331/1331/1331
f 1334/1334/1334 1333/1333/1333 1332/1332/1332
f 1333/1333/1333 1334/1334/1334 1335/1335/1335
o mesh_19
usemtl mat14
v 38.400000000000006 51.19999999999998 -175.20000000000002
v 38.400000000000006 44.79999999999998 -175.20000000000002
v 25.6 51.19999999999998 -175.20000000000002
v 64 51.19999999999998 -175.20000000000002
v 51.2 44.79999999999998 -175.20000000000002
v 51.2 51.19999999999998 -175.20000000000002
v 51.2 51.19999999999998 -175.20000000000002
v 51.2 44.79999999999998 -175.20000000000002
v 49.6 48.79999999999998 -175.20000000000002
v 40 48.79999999999998 -175.20000000000002
v 38.400000000000006 44.79999999999998 -175.20000000000002
v 38.400000000000006 51.19999999999998 -175.20000000000002
v 38.400000000000006 51.19999999999998 -175.20000000000002
v 44.800000000000004 51.19999999999998 -175.20000000000002
v 40 48.79999999999998 -175.20000000000002
v 49.6 48.79999999999998 -175.20000000000002
v 44.800000000000004 51.19999999999998 -175.20000000000002
v 51.2 51.19999999999998 -175.20000000000002
v 44.800000000000004 51.19999999999998 -179.20000000000002
v 49.6 48.79999999999998 -179.20000000000002
v 40 48.79999999999998 -179.20000000000002
v 25.6 25.59999999999998 -172
v 25.6 38.399999999999984 -175.20000000000002
v 38.400000000000006 25.59999999999998 -172
v 38.400000000000006 38.399999999999984 -175.20000000000002
v 38.400000000000006 25.59999999999998 -179.20000000000002
v 38.400000000000006 12.79999999999998 -179.20000000000002
v 38.400000000000006 25.59999999999998 -172
v 38.400000000000006 12.79999999999998 -168
v 51.2 25.59999999999998 -172
v 51.2 12.79999999999998 -168
v 51.2 25.59999999999998 -179.20000000000002
v 51.2 12.79999999999998 -179.20000000000002
v 25.6 51.19999999999998 -175.20000000000002
v 25.6 63.99999999999998 -175.20000000000002
v 38.400000000000006 51.19999999999998 -175.20000000000002
v 38.400000000000006 63.99999999999998 -175.20000000000002
v 44.800000000000004 51.19999999999998 -175.20000000000002
v 44.800000000000004 63.99999999999998 -175.20000000000002
v 51.2 51.19999999999998 -175.20000000000002
v 51.2 63.99999999999998 -175.20000000000002
v 38.400000000000006 51.19999999999998 -175.20000000000002
v 38.400000000000006 63.99999999999998 -175.20000000000002
v 44.800000000000004 51.19999999999998 -175.20000000000002
v 44.800000000000004 63.99999999999998 -175.20000000000002
v 51.2 51.19999999999998 -175.20000000000002
v 51.2 63.99999999999998 -175.20000000000002
v 64 51.19999999999998 -175.20000000000002
v 64 63.99999999999998 -175.20000000000002
v 51.2 44.79999999999998 -175.20000000000002
v 64 51.19999999999998 -175.20000000000002
v 51.2 38.399999999999984 -175.20000000000002
v 64 38.399999999999984 -175.20000000000002
v 51.2 38.399999999999984 -175.20000000000002
v 51.2 38.399999999999984 -179.20000000000002
v 51.2 44.79999999999998 -175.20000000000002
v 51.2 44.79999999999998 -179.20000000000002
v 38.400000000000006 25.59999999999998 -172
v 38.400000000000006 38.399999999999984 -175.20000000000002
v 38.400000000000006 25.59999999999998 -179.20000000000002
v 38.400000000000006 38.399999999999984 -179.20000000000002
v 38.400000000000006 25.59999999999998 -172
v 38.400000000000006 12.79999999999998 -168
v 25.6 25.59999999999998 -172
v 25.6 12.79999999999998 -168
v 51.2 25.59999999999998 -179.20000000000002
v 51.2 38.399999999999984 -179.20000000000002
v 51.2 25.59999999999998 -172
v 51.2 38.399999999999984 -175.20000000000002
v 25.6 38.399999999999984 -175.20000000000002
v 25.6 51.19999999999998 -175.20000000000002
v 38.400000000000006 38.399999999999984 -175.20000000000002
v 38.400000000000006 44.79999999999998 -175.20000000000002
v 38.400000000000006 44.79999999999998 -175.20000000000002
v 38.400000000000006 44.79999999999998 -179.20000000000002
v 38.400000000000006 38.399999999999984 -175.20000000000002
v 38.400000000000006 38.399999999999984 -179.20000000000002
v 40 48.79999999999998 -179.20000000000002
v 49.6 48.79999999999998 -179.20000000000002
v 38.400000000000006 44.79999999999998 -179.20000000000002
v 51.2 44.79999999999998 -179.20000000000002
v 38.400000000000006 44.79999999999998 -179.20000000000002
v 51.2 44.79999999999998 -179.20000000000002
v 38.400000000000006 38.399999999999984 -179.20000000000002
v 51.2 38.399999999999984 -179.20000000000002
v 64 25.59999999999998 -172
v 64 12.79999999999998 -168
v 51.2 25.59999999999998 -172
v 51.2 12.79999999999998 -168
v 51.2 25.59999999999998 -172
v 51.2 38.399999999999984 -175.20000000000002
v 64 25.59999999999998 -172
v 64 38.399999999999984 -175.20000000000002
v 51.2 25.599999999999977 -192
v 51.2 38.399999999999984 -192
v 51.2 25.59999999999998 -179.20000000000002
v 51.2 38.399999999999984 -179.20000000000002
v 51.2 25.59999999999998 -179.20000000000002
v 51.2 12.79999999999998 -179.20000000000002
v 51.2 25.599999999999977 -192
v 51.2 12.799999999999978 -192
v 38.400000000000006 25.599999999999977 -192
v 38.400000000000006 12.799999999999978 -192
v 38.400000000000006 25.59999999999998 -179.20000000000002
v 38.400000000000006 12.79999999999998 -179.20000000000002
v 38.400000000000006 25.59999999999998 -179.20000000000002
v 38.400000000000006 38.399999999999984 -179.20000000000002
v 38.400000000000006 25.599999999999977 -192
v 38.400000000000006 38.399999999999984 -192
vt 0.7421875 0.625
vt 0.7421875 0.6875
vt 0.625 0.625
vt 0.9921875 0.625
vt 0.875 0.6875
vt 0.875 0.625
vt 0.875 0.625
vt 0.875 0.6875
vt 0.8515625 0.640625
vt 0.765625 0.640625
vt 0.7421875 0.6875
vt 0.7421875 0.625
vt 0.7421875 0.625
vt 0.8046875 0.625
vt 0.765625 0.640625
vt 0.8515625 0.640625
vt 0.8046875 0.625
vt 0.875 0.625
vt 0.8046875 0.75
vt 0.8515625 0.765625
vt 0.7578125 0.765625
vt 0.625 0.875
vt 0.625 0.75
vt 0.7421875 0.875
vt 0.7421875 0.75
vt 0.859375 0.875
vt 0.859375 0.9921875
vt 0.796875 0.875
vt 0.75 0.9921875
vt 0.828125 0.875
vt 0.8671875 0.9921875
vt 0.75 0.875
vt 0.75 0.9921875
vt 0.625 0.625
vt 0.625 0.5
vt 0.7421875 0.625
vt 0.7421875 0.5
vt 0.8046875 0.625
vt 0.8046875 0.5
vt 0.8671875 0.625
vt 0.8671875 0.5
vt 0.7421875 0.625
vt 0.7421875 0.5
vt 0.8046875 0.625
vt 0.8046875 0.5
vt 0.875 0.625
vt 0.875 0.5
vt 0.9921875 0.625
vt 0.9921875 0.5
vt 0.875 0.6875
vt 0.9921875 0.625
vt 0.875 0.75
vt 0.9921875 0.75
vt 0.796875 0.75
vt 0.75 0.75
vt 0.796875 0.6875
vt 0.75 0.6875
vt 0.796875 0.875
vt 0.8125 0.75
vt 0.859375 0.875
vt 0.859375 0.75
vt 0.75 0.875
vt 0.75 0.9921875
vt 0.625 0.875
vt 0.625 0.9921875
vt 0.75 0.875
vt 0.75 0.75
vt 0.828125 0.875
vt 0.796875 0.75
vt 0.625 0.75
vt 0.625 0.625
vt 0.7421875 0.75
vt 0.7421875 0.6875
vt 0.8203125 0.6875
vt 0.859375 0.6875
vt 0.8125 0.75
vt 0.859375 0.75
vt 0.7578125 0.765625
vt 0.8515625 0.765625
vt 0.75 0.8046875
vt 0.8671875 0.8046875
vt 0.75 0.8046875
vt 0.8671875 0.8046875
vt 0.75 0.8671875
vt 0.8671875 0.8671875
vt 0.9921875 0.875
vt 0.9921875 0.9921875
vt 0.875 0.875
vt 0.875 0.9921875
vt 0.875 0.875
vt 0.875 0.75
vt 0.9921875 0.875
vt 0.9921875 0.75
vt 0.625 0.875
vt 0.625 0.75
vt 0.75 0.875
vt 0.75 0.75
vt 0.75 0.875
vt 0.75 0.9921875
vt 0.625 0.875
vt 0.625 0.9921875
vt 0.9921875 0.875
vt 0.9921875 0.9921875
vt 0.859375 0.875
vt 0.859375 0.9921875
vt 0.859375 0.875
vt 0.859375 0.75
vt 0.9921875 0.875
vt 0.9921875 0.75
vn 0 1.2246467991473532e-16 1
vn 0 1.2246467991473532e-16 1
vn 0 1.2246467991473532e-16 1
vn 0 1.2246467991473532e-16 1
vn 0 1.2246467991473532e-16 1
vn 0 1.2246467991473532e-16 1
vn 0 1.2246467991473532e-16 1
vn 0 1.2246467991473532e-16 1
vn 0 1.2246467991473532e-16 1
vn 0 1.2246467991473532e-16 1
vn 0 1.2246467991473532e-16 1
vn 0 1.2246467991473532e-16 1
vn 0 1.2246467991473532e-16 1
vn 0 1.2246467991473532e-16 1
vn 0 1.2246467991473532e-16 1
vn 0 1.2246467991473532e-16 1
vn 0 1.2246467991473532e-16 1
vn 0 1.2246467991473532e-16 1
vn 0 1.2246467991473532e-16 1
vn 0 1.2246467991473532e-16 1
vn 0 1.2246467991473532e-16 1
vn 0 0.24253562503633308 0.9701425001453319
vn 0 0.24253562503633308 0.9701425001453319
vn 0 0.24253562503633308 0.9701425001453319
vn 0 0.24253562503633308 0.9701425001453319
vn 1 0 0
vn 1 0 0
vn 1 0 0
vn 1 0 0
vn -1 0 0
vn -1 0 0
vn -1 0 0
vn -1 0 0
vn 0 1.2246467991473532e-16 1
vn 0 1.2246467991473532e-16 1
vn 0 1.2246467991473532e-16 1
vn 0 1.2246467991473532e-16 1
vn 0 1.2246467991473532e-16 1
vn 0 1.2246467991473532e-16 1
vn 0 1.2246467991473532e-16 1
vn 0 1.2246467991473532e-16 1
vn 0 1.2246467991473532e-16 1
vn 0 1.2246467991473532e-16 1
vn 0 1.2246467991473532e-16 1
vn 0 1.2246467991473532e-16 1
vn 0 1.2246467991473532e-16 1
vn 0 1.2246467991473532e-16 1
vn 0 1.2246467991473532e-16 1
vn 0 1.2246467991473532e-16 1
vn 0 1.2246467991473532e-16 1
vn 0 1.2246467991473532e-16 1
vn 0 1.2246467991473532e-16 1
vn 0 1.2246467991473532e-16 1
vn -1 0 0
vn -1 0 0
vn -1 0 0
vn -1 0 0
vn 1 0 0
vn 1 0 0
vn 1 0 0
vn 1 0 0
vn 0 0.29827498974208816 0.9544799790956106
vn 0 0.29827498974208816 0.9544799790956106
vn 0 0.29827498974208816 0.9544799790956106
vn 0 0.29827498974208816 0.9544799790956106
vn -1 0 0
vn -1 0 0
vn -1 0 0
vn -1 0 0
vn 0 1.2246467991473532e-16 1
vn 0 1.2246467991473532e-16 1
vn 0 1.2246467991473532e-16 1
vn 0 1.2246467991473532e-16 1
vn 1 0 0
vn 1 0 0
vn 1 0 0
vn 1 0 0
vn 0 1.2246467991473532e-16 1
vn 0 1.2246467991473532e-16 1
vn 0 1.2246467991473532e-16 1
vn 0 1.2246467991473532e-16 1
vn 0 1.2246467991473532e-16 1
vn 0 1.2246467991473532e-16 1
vn 0 1.2246467991473532e-16 1
vn 0 1.2246467991473532e-16 1
vn 0 0.29827498974208816 0.9544799790956106
vn 0 0.29827498974208816 0.9544799790956106
vn 0 0.29827498974208816 0.9544799790956106
vn 0 0.29827498974208816 0.9544799790956106
vn 0 0.24253562503633308 0.9701425001453319
vn 0 0.24253562503633308 0.9701425001453319
vn 0 0.24253562503633308 0.9701425001453319
vn 0 0.24253562503633308 0.9701425001453319
vn -1 0 0
vn -1 0 0
vn -1 0 0
vn -1 0 0
vn -1 0 0
vn -1 0 0
vn -1 0 0
vn -1 0 0
vn 1 0 0
vn 1 0 0
vn 1 0 0
vn 1 0 0
vn 1 0 0
vn 1 0 0
vn 1 0 0
vn 1 0 0
f 1338/1338/1338 1337/1337/1337 1336/1336/1336
f 1341/1341/1341 1340/1340/1340 1339/1339/1339
f 1344/1344/1344 1343/1343/1343 1342/1342/1342
f 1347/1347/1347 1346/1346/1346 1345/1345/1345
f 1350/1350/1350 1349/1349/1349 1348/1348/1348
f 1353/1353/1353 1352/1352/1352 1351/1351/1351
f 1356/1356/1356 1355/1355/1355 1354/1354/1354
f 1359/1359/1359 1358/1358/1358 1357/1357/1357
f 1358/1358/1358 1359/1359/1359 1360/1360/1360
f 1363/1363/1363 1362/1362/1362 1361/1361/1361
f 1362/1362/1362 1363/1363/1363 1364/1364/1364
f 1367/1367/1367 1366/1366/1366 1365/1365/1365
f 1366/1366/1366 1367/1367/1367 1368/1368/1368
f 1371/1371/1371 1370/1370/1370 1369/1369/1369
f 1370/1370/1370 1371/1371/1371 1372/1372/1372
f 1375/1375/1375 1374/1374/1374 1373/1373/1373
f 1374/1374/1374 1375/1375/1375 1376/1376/1376
f 1379/1379/1379 1378/1378/1378 1377/1377/1377
f 1378/1378/1378 1379/1379/1379 1380/1380/1380
f 1383/1383/1383 1382/1382/1382 1381/1381/1381
f 1382/1382/1382 1383/1383/1383 1384/1384/1384
f 1387/1387/1387 1386/1386/1386 1385/1385/1385
f 1386/1386/1386 1387/1387/1387 1388/1388/1388
f 1391/1391/1391 1390/1390/1390 1389/1389/1389
f 1390/1390/1390 1391/1391/1391 1392/1392/1392
f 1395/1395/1395 1394/1394/1394 1393/1393/1393
f 1394/1394/1394 1395/1395/1395 1396/1396/1396
f 1399/1399/1399 1398/1398/1398 1397/1397/1397
f 1398/1398/1398 1399/1399/1399 1400/1400/1400
f 1403/1403/1403 1402/1402/1402 1401/1401/1401
f 1402/1402/1402 1403/1403/1403 1404/1404/1404
f 1407/1407/1407 1406/1406/1406 1405/1405/1405
f 1406/1406/1406 1407/1407/1407 1408/1408/1408
f 1411/1411/1411 1410/1410/1410 1409/1409/1409
f 1410/1410/1410 1411/1411/1411 1412/1412/1412
f 1415/1415/1415 1414/1414/1414 1413/1413/1413
f 1414/1414/1414 1415/1415/1415 1416/1416/1416
f 1419/1419/1419 1418/1418/1418 1417/1417/1417
f 1418/1418/1418 1419/1419/1419 1420/1420/1420
f 1423/1423/1423 1422/1422/1422 1421/1421/1421
f 1422/1422/1422 1423/1423/1423 1424/1424/1424
f 1427/1427/1427 1426/1426/1426 1425/1425/1425
f 1426/1426/1426 1427/1427/1427 1428/1428/1428
f 1431/1431/1431 1430/1430/1430 1429/1429/1429
f 1430/1430/1430 1431/1431/1431 1432/1432/1432
f 1435/1435/1435 1434/1434/1434 1433/1433/1433
f 1434/1434/1434 1435/1435/1435 1436/1436/1436
f 1439/1439/1439 1438/1438/1438 1437/1437/1437
f 1438/1438/1438 1439/1439/1439 1440/1440/1440
f 1443/1443/1443 1442/1442/1442 1441/1441/1441
f 1442/1442/1442 1443/1443/1443 1444/1444/1444
o mesh_20
usemtl mat7
v 64 79.99999999999997 -175.20000000000002
v 64 89.6 -166.4
v 64 63.99999999999998 -175.20000000000002
v 64 63.99999999999998 -168
vt 0.5625 0.09375
vt 0.6171875 0
vt 0.5625 0.2421875
vt 0.609375 0.2421875
vn -1 0 0
vn -1 0 0
vn -1 0 0
vn -1 0 0
f 1447/1447/1447 1446/1446/1446 1445/1445/1445
f 1446/1446/1446 1447/1447/1447 1448/1448/1448
o mesh_21
usemtl mat12
v 92 38.4 -76.80000000000001
v 89.60000000000001 25.59999999999999 -76.80000000000001
v 89.60000000000001 12.799999999999992 -76.80000000000001
v 92 38.4 -76.80000000000001
v 89.60000000000001 38.4 -76.80000000000001
v 89.60000000000001 25.59999999999999 -76.80000000000001
v 89.60000000000001 36.8 -64
v 89.60000000000001 38.4 -64
v 92 38.4 -64
v 89.60000000000001 63.99999999999998 -153.60000000000002
v 89.60000000000001 51.19999999999998 -153.60000000000002
v 89.60000000000001 51.19999999999998 -155.20000000000002
v 89.60000000000001 51.19999999999998 -164.8
v 89.60000000000001 51.19999999999998 -166.4
v 89.60000000000001 63.99999999999998 -166.4
v 89.60000000000001 25.599999999999987 -102.4
v 89.60000000000001 38.39999999999999 -102.4
v 92 38.39999999999999 -102.4
v 89.60000000000001 63.999999999999986 -128
v 89.60000000000001 51.19999999999999 -128
v 89.60000000000001 51.19999999999999 -129.6
v 89.60000000000001 25.599999999999994 -64
v 89.60000000000001 36.8 -64
v 89.60000000000001 36.8 -51.20000000000001
v 92 38.39999999999999 -102.4
v 89.60000000000001 12.799999999999988 -102.4
v 89.60000000000001 25.599999999999987 -102.4
v 89.60000000000001 25.599999999999987 -115.2
v 89.60000000000001 12.799999999999986 -115.2
v 91.2 25.599999999999987 -115.2
v 92 51.199999999999996 -76.80000000000001
v 92 63.99999999999999 -76.80000000000003
v 89.60000000000001 51.199999999999996 -76.80000000000001
v 89.60000000000001 63.99999999999999 -76.80000000000003
v 92 51.19999999999999 -102.4
v 92 38.39999999999999 -102.4
v 89.60000000000001 51.19999999999999 -102.4
v 89.60000000000001 38.39999999999999 -102.4
v 89.60000000000001 51.19999999999999 -102.4
v 89.60000000000001 63.999999999999986 -102.40000000000002
v 92 51.19999999999999 -102.4
v 92 63.999999999999986 -102.40000000000002
v 89.60000000000001 51.199999999999996 -76.80000000000001
v 89.60000000000001 38.4 -76.80000000000001
v 92 51.199999999999996 -76.80000000000001
v 92 38.4 -76.80000000000001
v 89.60000000000001 51.199999999999996 -64
v 92 48.8 -64
v 89.60000000000001 38.4 -64
v 92 38.4 -64
v 89.60000000000001 63.99999999999999 -38.40000000000001
v 89.60000000000001 51.199999999999996 -38.40000000000001
v 89.60000000000001 63.99999999999999 -51.20000000000001
v 89.60000000000001 51.199999999999996 -51.20000000000001
v 89.60000000000001 51.19999999999999 -115.2
v 89.60000000000001 38.39999999999999 -115.2
v 92 48.79999999999999 -115.2
v 92 38.39999999999999 -115.2
v 91.2 25.599999999999987 -115.2
v 92 38.39999999999999 -115.2
v 89.60000000000001 25.599999999999987 -115.2
v 89.60000000000001 38.39999999999999 -115.2
v 89.60000000000001 51.19999999999999 -129.6
v 89.60000000000001 51.19999999999999 -140.8
v 89.60000000000001 63.999999999999986 -128
v 89.60000000000001 63.999999999999986 -140.8
v 89.60000000000001 63.99999999999998 -166.4
v 89.60000000000001 63.99999999999998 -153.60000000000002
v 89.60000000000001 51.19999999999998 -164.8
v 89.60000000000001 51.19999999999998 -155.20000000000002
v 89.60000000000001 51.19999999999999 -128
v 89.60000000000001 63.999999999999986 -128
v 89.60000000000001 51.19999999999999 -115.2
v 89.60000000000001 63.999999999999986 -115.20000000000002
v 89.60000000000001 51.19999999999999 -140.8
v 89.60000000000001 51.19999999999998 -153.60000000000002
v 89.60000000000001 63.999999999999986 -140.8
v 89.60000000000001 63.99999999999998 -153.60000000000002
v 89.60000000000001 63.99999999999999 -51.20000000000001
v 89.60000000000001 51.199999999999996 -51.20000000000001
v 89.60000000000001 63.99999999999999 -64.00000000000001
v 89.60000000000001 51.199999999999996 -64
vt 0.46875 0.25
vt 0.4921875 0.375
vt 0.4921875 0.4921875
vt 0.46875 0.25
vt 0.4921875 0.25
vt 0.4921875 0.375
vt 0.2265625 0.265625
vt 0.2265625 0.25
vt 0.25 0.25
vt 0.125 0
vt 0.125 0.125
vt 0.109375 0.125
vt 0.015625 0.125
vt 0 0.125
vt 0 0
vt 0.03125 0.25
vt 0.03125 0.25
vt 0.0546875 0.25
vt 0.3671875 0
vt 0.3671875 0.1171875
vt 0.359375 0.1171875
vt 0.25 0.375
vt 0.25 0.265625
vt 0.375 0.265625
vt 0.0546875 0.25
vt 0.03125 0.4921875
vt 0.03125 0.25
vt 0.4921875 0.4921875
vt 0.4921875 0.4921875
vt 0.46875 0.25
vt 0.46875 0.125
vt 0.46875 0
vt 0.4921875 0.125
vt 0.4921875 0
vt 0.0546875 0.125
vt 0.0546875 0.25
vt 0.03125 0.125
vt 0.03125 0.25
vt 0.03125 0.125
vt 0.03125 0
vt 0.0546875 0.125
vt 0.0546875 0
vt 0.4921875 0.125
vt 0.4921875 0.25
vt 0.46875 0.125
vt 0.46875 0.25
vt 0.2265625 0.125
vt 0.25 0.1328125
vt 0.2265625 0.25
vt 0.25 0.25
vt 0.4921875 0
vt 0.4921875 0.125
vt 0.375 0
vt 0.375 0.125
vt 0.4921875 0.125
vt 0.4921875 0.25
vt 0.46875 0.1328125
vt 0.46875 0.25
vt 0.46875 0.25
vt 0.46875 0.25
vt 0.4921875 0.4921875
vt 0.4921875 0.25
vt 0.359375 0.1171875
vt 0.25 0.1171875
vt 0.3671875 0
vt 0.25 0
vt 0 0
vt 0.125 0
vt 0.015625 0.125
vt 0.109375 0.125
vt 0.375 0.125
vt 0.375 0
vt 0.4921875 0.125
vt 0.4921875 0
vt 0.25 0.125
vt 0.125 0.125
vt 0.25 0
vt 0.125 0
vt 0.375 0
vt 0.375 0.125
vt 0.25 0
vt 0.25 0.125
vn 0 -1.2246467991473532e-16 -1
vn 0 -1.2246467991473532e-16 -1
vn 0 -1.2246467991473532e-16 -1
vn 0 -1.2246467991473532e-16 -1
vn 0 -1.2246467991473532e-16 -1
vn 0 -1.2246467991473532e-16 -1
vn 0 1.2246467991473532e-16 1
vn 0 1.2246467991473532e-16 1
vn 0 1.2246467991473532e-16 1
vn -1 0 0
vn -1 0 0
vn -1 0 0
vn -1 0 0
vn -1 0 0
vn -1 0 0
vn 0 1.2246467991473532e-16 1
vn 0 1.2246467991473532e-16 1
vn 0 1.2246467991473532e-16 1
vn -1 0 0
vn -1 0 0
vn -1 0 0
vn -1 0 0
vn -1 0 0
vn -1 0 0
vn 0 1.2246467991473532e-16 1
vn 0 1.2246467991473532e-16 1
vn 0 1.2246467991473532e-16 1
vn 0 -1.2246467991473532e-16 -1
vn 0 -1.2246467991473532e-16 -1
vn 0 -1.2246467991473532e-16 -1
vn 0 -1.2246467991473532e-16 -1
vn 0 -1.2246467991473532e-16 -1
vn 0 -1.2246467991473532e-16 -1
vn 0 -1.2246467991473532e-16 -1
vn 0 1.2246467991473532e-16 1
vn 0 1.2246467991473532e-16 1
vn 0 1.2246467991473532e-16 1
vn 0 1.2246467991473532e-16 1
vn 0 1.2246467991473532e-16 1
vn 0 1.2246467991473532e-16 1
vn 0 1.2246467991473532e-16 1
vn 0 1.2246467991473532e-16 1
vn 0 -1.2246467991473532e-16 -1
vn 0 -1.2246467991473532e-16 -1
vn 0 -1.2246467991473532e-16 -1
vn 0 -1.2246467991473532e-16 -1
vn 0 1.2246467991473532e-16 1
vn 0 1.2246467991473532e-16 1
vn 0 1.2246467991473532e-16 1
vn 0 1.2246467991473532e-16 1
vn -1 0 0
vn -1 0 0
vn -1 0 0
vn -1 0 0
vn 0 -1.2246467991473532e-16 -1
vn 0 -1.2246467991473532e-16 -1
vn 0 -1.2246467991473532e-16 -1
vn 0 -1.2246467991473532e-16 -1
vn 0 -1.2246467991473532e-16 -1
vn 0 -1.2246467991473532e-16 -1
vn 0 -1.2246467991473532e-16 -1
vn 0 -1.2246467991473532e-16 -1
vn -1 0 0
vn -1 0 0
vn -1 0 0
vn -1 0 0
vn -1 0 0
vn -1 0 0
vn -1 0 0
vn -1 0 0
vn -1 0 0
vn -1 0 0
vn -1 0 0
vn -1 0 0
vn -1 0 0
vn -1 0 0
vn -1 0 0
vn -1 0 0
vn -1 0 0
vn -1 0 0
vn -1 0 0
vn -1 0 0
f 1451/1451/1451 1450/1450/1450 1449/1449/1449
f 1454/1454/1454 1453/1453/1453 1452/1452/1452
f 1457/1457/1457 1456/1456/1456 1455/1455/1455
f 1460/1460/1460 1459/1459/1459 1458/1458/1458
f 1463/1463/1463 1462/1462/1462 1461/1461/1461
f 1466/1466/1466 1465/1465/1465 1464/1464/1464
f 1469/1469/1469 1468/1468/1468 1467/1467/1467
f 1472/1472/1472 1471/1471/1471 1470/1470/1470
f 1475/1475/1475 1474/1474/1474 1473/1473/1473
f 1478/1478/1478 1477/1477/1477 1476/1476/1476
f 1481/1481/1481 1480/1480/1480 1479/1479/1479
f 1480/1480/1480 1481/1481/1481 1482/1482/1482
f 1485/1485/1485 1484/1484/1484 1483/1483/1483
f 1484/1484/1484 1485/1485/1485 1486/1486/1486
f 1489/1489/1489 1488/1488/1488 1487/1487/1487
f 1488/1488/1488 1489/1489/1489 1490/1490/1490
f 1493/1493/1493 1492/1492/1492 1491/1491/1491
f 1492/1492/1492 1493/1493/1493 1494/1494/1494
f 1497/1497/1497 1496/1496/1496 1495/1495/1495
f 1496/1496/1496 1497/1497/1497 1498/1498/1498
f 1501/1501/1501 1500/1500/1500 1499/1499/1499
f 1500/1500/1500 1501/1501/1501 1502/1502/1502
f 1505/1505/1505 1504/1504/1504 1503/1503/1503
f 1504/1504/1504 1505/1505/1505 1506/1506/1506
f 1509/1509/1509 1508/1508/1508 1507/1507/1507
f 1508/1508/1508 1509/1509/1509 1510/1510/1510
f 1513/1513/1513 1512/1512/1512 1511/1511/1511
f 1512/1512/1512 1513/1513/1513 1514/1514/1514
f 1517/1517/1517 1516/1516/1516 1515/1515/1515
f 1516/1516/1516 1517/1517/1517 1518/1518/1518
f 1521/1521/1521 1520/1520/1520 1519/1519/1519
f 1520/1520/1520 1521/1521/1521 1522/1522/1522
f 1525/1525/1525 1524/1524/1524 1523/1523/1523
f 1524/1524/1524 1525/1525/1525 1526/1526/1526
f 1529/1529/1529 1528/1528/1528 1527/1527/1527
f 1528/1528/1528 1529/1529/1529 1530/1530/1530
o mesh_22
usemtl mat11
v 89.60000000000001 38.39999999999999 -115.2
v 89.60000000000001 51.19999999999999 -115.2
v 89.60000000000001 51.19999999999999 -112
v 89.60000000000001 44.8 -68
v 89.60000000000001 48.8 -70.4
v 89.60000000000001 51.199999999999996 -64
v 89.60000000000001 51.199999999999996 -76.80000000000001
v 89.60000000000001 48.8 -70.4
v 89.60000000000001 44.8 -72.8
v 89.60000000000001 36.8 -38.40000000000001
v 89.60000000000001 38.4 -38.40000000000001
v 89.60000000000001 38.400000000000006 -25.600000000000005
v 89.60000000000001 89.6 -76.80000000000003
v 92 89.6 -76.80000000000003
v 89.60000000000001 115.19999999999999 -76.80000000000003
v 92 89.6 -102.40000000000002
v 89.60000000000001 89.6 -102.40000000000002
v 89.60000000000001 115.19999999999999 -102.40000000000002
v 89.60000000000001 51.19999999999999 -105.60000000000001
v 89.60000000000001 51.19999999999999 -102.4
v 89.60000000000001 38.39999999999999 -102.4
v 89.60000000000001 61.59999999999999 -108.80000000000003
v 89.60000000000001 57.59999999999999 -111.2
v 89.60000000000001 63.999999999999986 -115.20000000000002
v 89.60000000000001 61.59999999999999 -108.80000000000003
v 89.60000000000001 63.999999999999986 -115.20000000000002
v 89.60000000000001 63.999999999999986 -102.40000000000002
v 89.60000000000001 57.59999999999999 -106.4
v 89.60000000000001 61.59999999999999 -108.80000000000003
v 89.60000000000001 63.999999999999986 -102.40000000000002
v 89.60000000000001 38.4 -38.40000000000001
v 89.60000000000001 36.8 -38.40000000000001
v 92 38.4 -38.40000000000001
v 89.60000000000001 51.199999999999996 -76.80000000000001
v 89.60000000000001 51.199999999999996 -64
v 89.60000000000001 48.8 -70.4
v 89.60000000000001 38.4 -67.2
v 89.60000000000001 38.4 -64
v 89.60000000000001 36.8 -64
v 89.60000000000001 25.59999999999999 -76.80000000000001
v 89.60000000000001 38.4 -76.80000000000001
v 89.60000000000001 38.4 -73.60000000000001
v 89.60000000000001 36.8 -64
v 89.60000000000001 25.599999999999994 -64
v 89.60000000000001 38.4 -67.2
v 89.60000000000001 115.2 -38.40000000000002
v 81.60000000000001 107.2 -38.40000000000002
v 89.60000000000001 89.60000000000001 -38.40000000000002
v 89.60000000000001 -6.270191611634449e-15 -51.2
v 89.60000000000001 -7.83773951454306e-15 -64
v 89.60000000000001 6.399999999999992 -64
v 89.60000000000001 89.60000000000001 -51.20000000000002
v 89.60000000000001 89.6 -64.00000000000001
v 89.60000000000001 115.19999999999999 -64.00000000000001
v 89.60000000000001 25.599999999999987 -102.4
v 89.60000000000001 12.799999999999988 -102.4
v 89.60000000000001 25.599999999999987 -115.2
v 89.60000000000001 12.799999999999986 -115.2
v 89.60000000000001 25.599999999999987 -115.2
v 89.60000000000001 38.39999999999999 -115.2
v 89.60000000000001 25.599999999999987 -102.4
v 89.60000000000001 38.39999999999999 -102.4
v 89.60000000000001 51.19999999999999 -112
v 89.60000000000001 51.19999999999999 -105.60000000000001
v 89.60000000000001 38.39999999999999 -115.2
v 89.60000000000001 38.39999999999999 -102.4
v 89.60000000000001 51.19999999999999 -112
v 89.60000000000001 51.19999999999999 -115.2
v 89.60000000000001 57.59999999999999 -111.2
v 89.60000000000001 63.999999999999986 -115.20000000000002
v 89.60000000000001 51.199999999999996 -76.80000000000001
v 89.60000000000001 44.8 -72.8
v 89.60000000000001 38.4 -76.80000000000001
v 89.60000000000001 38.4 -73.60000000000001
v 89.60000000000001 38.4 -67.2
v 89.60000000000001 44.8 -68
v 89.60000000000001 38.4 -64
v 89.60000000000001 51.199999999999996 -64
v 89.60000000000001 51.199999999999996 -38.40000000000001
v 89.60000000000001 63.99999999999999 -38.40000000000001
v 89.60000000000001 51.2 -25.60000000000001
v 89.60000000000001 64 -25.60000000000001
v 89.60000000000001 38.4 -38.40000000000001
v 89.60000000000001 51.199999999999996 -38.40000000000001
v 89.60000000000001 38.400000000000006 -25.600000000000005
v 89.60000000000001 51.2 -25.60000000000001
v 89.60000000000001 12.799999999999995 -38.400000000000006
v 89.60000000000001 -4.702643708725837e-15 -38.400000000000006
v 89.60000000000001 12.799999999999994 -51.2
v 89.60000000000001 -6.270191611634449e-15 -51.2
v 92 38.4 -38.40000000000001
v 92 48.8 -38.40000000000001
v 89.60000000000001 38.4 -38.40000000000001
v 89.60000000000001 51.199999999999996 -38.40000000000001
v 89.60000000000001 38.4 -73.60000000000001
v 89.60000000000001 38.4 -67.2
v 89.60000000000001 25.59999999999999 -76.80000000000001
v 89.60000000000001 25.599999999999994 -64
v 89.60000000000001 63.999999999999986 -102.40000000000002
v 89.60000000000001 51.19999999999999 -102.4
v 89.60000000000001 57.59999999999999 -106.4
v 89.60000000000001 51.19999999999999 -105.60000000000001
v 89.60000000000001 6.399999999999992 -64
v 89.60000000000001 12.799999999999994 -64
v 89.60000000000001 -6.270191611634449e-15 -51.2
v 89.60000000000001 12.799999999999994 -51.2
v 89.60000000000001 115.19999999999999 -102.40000000000002
v 89.60000000000001 89.6 -102.40000000000002
v 89.60000000000001 111.99999999999999 -115.20000000000002
v 89.60000000000001 89.6 -115.20000000000002
v 89.60000000000001 51.199999999999996 -76.80000000000001
v 89.60000000000001 63.99999999999999 -76.80000000000003
v 89.60000000000001 51.199999999999996 -64
v 89.60000000000001 63.99999999999999 -64.00000000000001
v 89.60000000000001 12.799999999999986 -115.2
v 89.60000000000001 -1.410793112617751e-14 -115.2
v 89.60000000000001 12.799999999999985 -128
v 89.60000000000001 -1.567547902908612e-14 -128
v 89.60000000000001 12.799999999999997 -25.6
v 89.60000000000001 -3.1350958058172244e-15 -25.6
v 89.60000000000001 12.799999999999995 -38.400000000000006
v 89.60000000000001 -4.702643708725837e-15 -38.400000000000006
v 89.60000000000001 12.799999999999992 -76.80000000000001
v 89.60000000000001 25.59999999999999 -76.80000000000001
v 89.60000000000001 12.799999999999994 -64
v 89.60000000000001 25.599999999999994 -64
v 89.60000000000001 89.60000000000001 -25.600000000000012
v 89.60000000000001 64 -25.60000000000001
v 89.60000000000001 89.60000000000001 -38.40000000000002
v 89.60000000000001 63.99999999999999 -38.40000000000001
v 89.60000000000001 89.6 -76.80000000000003
v 89.60000000000001 89.6 -64.00000000000001
v 89.60000000000001 63.99999999999999 -76.80000000000003
v 89.60000000000001 63.99999999999999 -64.00000000000001
v 81.60000000000001 107.19999999999999 -64.00000000000001
v 89.60000000000001 89.6 -64.00000000000001
v 81.60000000000001 107.19999999999999 -76.80000000000003
v 89.60000000000001 89.6 -76.80000000000003
v 89.60000000000001 -1.2540383223268897e-14 -102.4
v 89.60000000000001 -1.410793112617751e-14 -115.2
v 89.60000000000001 12.799999999999988 -102.4
v 89.60000000000001 12.799999999999986 -115.2
v 89.60000000000001 12.799999999999992 -76.80000000000001
v 89.60000000000001 12.799999999999994 -64
v 89.60000000000001 6.399999999999991 -76.80000000000001
v 89.60000000000001 6.399999999999992 -64
v 89.60000000000001 115.19999999999999 -64.00000000000001
v 89.60000000000001 115.2 -38.40000000000002
v 89.60000000000001 89.60000000000001 -51.20000000000002
v 89.60000000000001 89.60000000000001 -38.40000000000002
vt 0.5 0.9921875
vt 0.5 0.875
vt 0.5234375 0.875
vt 0.703125 0.796875
vt 0.6796875 0.765625
vt 0.7421875 0.75
vt 0.625 0.75
vt 0.6796875 0.765625
vt 0.65625 0.796875
vt 0.5 0.640625
vt 0.5 0.625
vt 0.6171875 0.625
vt 0.9921875 0.7421875
vt 0.96875 0.7421875
vt 0.9921875 0.5
vt 0.7734375 0.7421875
vt 0.75 0.7421875
vt 0.75 0.5
vt 0.5859375 0.875
vt 0.6171875 0.875
vt 0.6171875 0.9921875
vt 0.6796875 0.765625
vt 0.65625 0.796875
vt 0.625 0.75
vt 0.6796875 0.765625
vt 0.625 0.75
vt 0.7421875 0.75
vt 0.703125 0.796875
vt 0.6796875 0.765625
vt 0.7421875 0.75
vt 0.5 0.6328125
vt 0.5 0.6328125
vt 0.5 0.625
vt 0.625 0.75
vt 0.7421875 0.75
vt 0.6796875 0.765625
vt 0.59375 0.875
vt 0.6171875 0.875
vt 0.6171875 0.890625
vt 0.5 0.9921875
vt 0.5 0.875
vt 0.53125 0.875
vt 0.6171875 0.890625
vt 0.6171875 0.9921875
vt 0.59375 0.875
vt 0.9921875 0.625
vt 0.9921875 0.625
vt 0.9921875 0.7421875
vt 0.9921875 0.9921875
vt 0.875 0.9921875
vt 0.875 0.9375
vt 0.875 0.7421875
vt 0.75 0.7421875
vt 0.75 0.5
vt 0.6171875 0.625
vt 0.6171875 0.7421875
vt 0.5 0.625
vt 0.5 0.7421875
vt 0.5 0.625
vt 0.5 0.5
vt 0.6171875 0.625
vt 0.6171875 0.5
vt 0.5234375 0.875
vt 0.5859375 0.875
vt 0.5 0.9921875
vt 0.6171875 0.9921875
vt 0.6484375 0.8671875
vt 0.625 0.8671875
vt 0.65625 0.796875
vt 0.625 0.75
vt 0.625 0.75
vt 0.65625 0.796875
vt 0.625 0.8671875
vt 0.6484375 0.8671875
vt 0.7109375 0.8671875
vt 0.703125 0.796875
vt 0.7421875 0.8671875
vt 0.7421875 0.75
vt 0.5 0.8671875
vt 0.5 0.75
vt 0.6171875 0.8671875
vt 0.6171875 0.75
vt 0.5 0.9921875
vt 0.5 0.875
vt 0.6171875 0.9921875
vt 0.6171875 0.875
vt 0.8671875 0.75
vt 0.8671875 0.8671875
vt 0.75 0.75
vt 0.75 0.8671875
vt 0.5 0.625
vt 0.5 0.5
vt 0.5 0.6328125
vt 0.5 0.5
vt 0.53125 0.875
vt 0.59375 0.875
vt 0.5 0.9921875
vt 0.6171875 0.9921875
vt 0.7421875 0.75
vt 0.7421875 0.8671875
vt 0.703125 0.796875
vt 0.7109375 0.8671875
vt 0.875 0.9375
vt 0.875 0.875
vt 0.9921875 0.9921875
vt 0.9921875 0.875
vt 0.7421875 0.5
vt 0.7421875 0.7421875
vt 0.625 0.5
vt 0.625 0.7421875
vt 0.5 0.8671875
vt 0.5 0.75
vt 0.6171875 0.8671875
vt 0.6171875 0.75
vt 0.9921875 0.75
vt 0.9921875 0.8671875
vt 0.875 0.75
vt 0.875 0.8671875
vt 0.6171875 0.875
vt 0.6171875 0.9921875
vt 0.5 0.875
vt 0.5 0.9921875
vt 0.5 0.625
vt 0.5 0.5
vt 0.6171875 0.625
vt 0.6171875 0.5
vt 0.6171875 0.5
vt 0.6171875 0.75
vt 0.5 0.5
vt 0.5 0.75
vt 0.5 0.5
vt 0.6171875 0.5
vt 0.5 0.75
vt 0.6171875 0.75
vt 0.7421875 0.5859375
vt 0.7421875 0.7421875
vt 0.625 0.5859375
vt 0.625 0.7421875
vt 0.6171875 0.9921875
vt 0.5 0.9921875
vt 0.6171875 0.875
vt 0.5 0.875
vt 0.5 0.625
vt 0.6171875 0.625
vt 0.5 0.6796875
vt 0.6171875 0.6796875
vt 0.75 0.5
vt 0.9921875 0.5
vt 0.875 0.7421875
vt 0.9921875 0.7421875
vn -1 0 0
vn -1 0 0
vn -1 0 0
vn -1 0 0
vn -1 0 0
vn -1 0 0
vn -1 0 0
vn -1 0 0
vn -1 0 0
vn -1 0 0
vn -1 0 0
vn -1 0 0
vn 0 -1.2246467991473532e-16 -1
vn 0 -1.2246467991473532e-16 -1
vn 0 -1.2246467991473532e-16 -1
vn 0 1.2246467991473532e-16 1
vn 0 1.2246467991473532e-16 1
vn 0 1.2246467991473532e-16 1
vn -1 0 0
vn -1 0 0
vn -1 0 0
vn -1 0 0
vn -1 0 0
vn -1 0 0
vn -1 0 0
vn -1 0 0
vn -1 0 0
vn -1 0 0
vn -1 0 0
vn -1 0 0
vn 0 -1.2246467991473532e-16 -1
vn 0 -1.2246467991473532e-16 -1
vn 0 -1.2246467991473532e-16 -1
vn -1 0 0
vn -1 0 0
vn -1 0 0
vn -1 0 0
vn -1 0 0
vn -1 0 0
vn -1 0 0
vn -1 0 0
vn -1 0 0
vn -1 0 0
vn -1 0 0
vn -1 0 0
vn 0 -1.2246467991473532e-16 -1
vn 0 -1.2246467991473532e-16 -1
vn 0 -1.2246467991473532e-16 -1
vn -1 0 0
vn -1 0 0
vn -1 0 0
vn -1 0 0
vn -1 0 0
vn -1 0 0
vn -1 0 0
vn -1 0 0
vn -1 0 0
vn -1 0 0
vn -1 0 0
vn -1 0 0
vn -1 0 0
vn -1 0 0
vn -1 0 0
vn -1 0 0
vn -1 0 0
vn -1 0 0
vn -1 0 0
vn -1 0 0
vn -1 0 0
vn -1 0 0
vn -1 0 0
vn -1 0 0
vn -1 0 0
vn -1 0 0
vn -1 0 0
vn -1 0 0
vn -1 0 0
vn -1 0 0
vn -1 0 0
vn -1 0 0
vn -1 0 0
vn -1 0 0
vn -1 0 0
vn -1 0 0
vn -1 0 0
vn -1 0 0
vn -1 0 0
vn -1 0 0
vn -1 0 0
vn -1 0 0
vn 0 -1.2246467991473532e-16 -1
vn 0 -1.2246467991473532e-16 -1
vn 0 -1.2246467991473532e-16 -1
vn 0 -1.2246467991473532e-16 -1
vn -1 0 0
vn -1 0 0
vn -1 0 0
vn -1 0 0
vn -1 0 0
vn -1 0 0
vn -1 0 0
vn -1 0 0
vn -1 0 0
vn -1 0 0
vn -1 0 0
vn -1 0 0
vn -1 0 0
vn -1 0 0
vn -1 0 0
vn -1 0 0
vn -1 0 0
vn -1 0 0
vn -1 0 0
vn -1 0 0
vn -1 0 0
vn -1 0 0
vn -1 0 0
vn -1 0 0
vn -1 0 0
vn -1 0 0
vn -1 0 0
vn -1 0 0
vn -1 0 0
vn -1 0 0
vn -1 0 0
vn -1 0 0
vn -1 0 0
vn -1 0 0
vn -1 0 0
vn -1 0 0
vn -1 0 0
vn -1 0 0
vn -1 0 0
vn -1 0 0
vn -0.9103664744007224 -0.41380295103732534 5.067624594655893e-17
vn -0.9103664744007224 -0.41380295103732534 5.067624594655893e-17
vn -0.9103664744007224 -0.41380295103732534 5.067624594655893e-17
vn -0.9103664744007224 -0.41380295103732534 5.067624594655893e-17
vn -1 0 0
vn -1 0 0
vn -1 0 0
vn -1 0 0
vn -1 0 0
vn -1 0 0
vn -1 0 0
vn -1 0 0
vn -1 0 0
vn -1 0 0
vn -1 0 0
vn -1 0 0
f 1533/1533/1533 1532/1532/1532 1531/1531/1531
f 1536/1536/1536 1535/1535/1535 1534/1534/1534
f 1539/1539/1539 1538/1538/1538 1537/1537/1537
f 1542/1542/1542 1541/1541/1541 1540/1540/1540
f 1545/1545/1545 1544/1544/1544 1543/1543/1543
f 1548/1548/1548 1547/1547/1547 1546/1546/1546
f 1551/1551/1551 1550/1550/1550 1549/1549/1549
f 1554/1554/1554 1553/1553/1553 1552/1552/1552
f 1557/1557/1557 1556/1556/1556 1555/1555/1555
f 1560/1560/1560 1559/1559/1559 1558/1558/1558
f 1563/1563/1563 1562/1562/1562 1561/1561/1561
f 1566/1566/1566 1565/1565/1565 1564/1564/1564
f 1569/1569/1569 1568/1568/1568 1567/1567/1567
f 1572/1572/1572 1571/1571/1571 1570/1570/1570
f 1575/1575/1575 1574/1574/1574 1573/1573/1573
f 1578/1578/1578 1577/1577/1577 1576/1576/1576
f 1581/1581/1581 1580/1580/1580 1579/1579/1579
f 1584/1584/1584 1583/1583/1583 1582/1582/1582
f 1587/1587/1587 1586/1586/1586 1585/1585/1585
f 1586/1586/1586 1587/1587/1587 1588/1588/1588
f 1591/1591/1591 1590/1590/1590 1589/1589/1589
f 1590/1590/1590 1591/1591/1591 1592/1592/1592
f 1595/1595/1595 1594/1594/1594 1593/1593/1593
f 1594/1594/1594 1595/1595/1595 1596/1596/1596
f 1599/1599/1599 1598/1598/1598 1597/1597/1597
f 1598/1598/1598 1599/1599/1599 1600/1600/1600
f 1603/1603/1603 1602/1602/1602 1601/1601/1601
f 1602/1602/1602 1603/1603/1603 1604/1604/1604
f 1607/1607/1607 1606/1606/1606 1605/1605/1605
f 1606/1606/1606 1607/1607/1607 1608/1608/1608
f 1611/1611/1611 1610/1610/1610 1609/1609/1609
f 1610/1610/1610 1611/1611/1611 1612/1612/1612
f 1615/1615/1615 1614/1614/1614 1613/1613/1613
f 1614/1614/1614 1615/1615/1615 1616/1616/1616
f 1619/1619/1619 1618/1618/1618 1617/1617/1617
f 1618/1618/1618 1619/1619/1619 1620/1620/1620
f 1623/1623/1623 1622/1622/1622 1621/1621/1621
f 1622/1622/1622 1623/1623/1623 1624/1624/1624
f 1627/1627/1627 1626/1626/1626 1625/1625/1625
f 1626/1626/1626 1627/1627/1627 1628/1628/1628
f 1631/1631/1631 1630/1630/1630 1629/1629/1629
f 1630/1630/1630 1631/1631/1631 1632/1632/1632
f 1635/1635/1635 1634/1634/1634 1633/1633/1633
f 1634/1634/1634 1635/1635/1635 1636/1636/1636
f 1639/1639/1639 1638/1638/1638 1637/1637/1637
f 1638/1638/1638 1639/1639/1639 1640/1640/1640
f 1643/1643/1643 1642/1642/1642 1641/1641/1641
f 1642/1642/1642 1643/1643/1643 1644/1644/1644
f 1647/1647/1647 1646/1646/1646 1645/1645/1645
f 1646/1646/1646 1647/1647/1647 1648/1648/1648
f 1651/1651/1651 1650/1650/1650 1649/1649/1649
f 1650/1650/1650 1651/1651/1651 1652/1652/1652
f 1655/1655/1655 1654/1654/1654 1653/1653/1653
f 1654/1654/1654 1655/1655/1655 1656/1656/1656
f 1659/1659/1659 1658/1658/1658 1657/1657/1657
f 1658/1658/1658 1659/1659/1659 1660/1660/1660
f 1663/1663/1663 1662/1662/1662 1661/1661/1661
f 1662/1662/1662 1663/1663/1663 1664/1664/1664
f 1667/1667/1667 1666/1666/1666 1665/1665/1665
f 1666/1666/1666 1667/1667/1667 1668/1668/1668
f 1671/1671/1671 1670/1670/1670 1669/1669/1669
f 1670/1670/1670 1671/1671/1671 1672/1672/1672
f 1675/1675/1675 1674/1674/1674 1673/1673/1673
f 1674/1674/1674 1675/1675/1675 1676/1676/1676
f 1679/1679/1679 1678/1678/1678 1677/1677/1677
f 1678/1678/1678 1679/1679/1679 1680/1680/1680
o mesh_23
usemtl mat7
v 89.60000000000001 89.6 -64.00000000000001
v 81.60000000000001 107.19999999999999 -64.00000000000001
v 89.60000000000001 115.19999999999999 -64.00000000000001
v 81.60000000000001 107.19999999999999 -76.80000000000003
v 89.60000000000001 89.6 -76.80000000000003
v 89.60000000000001 115.19999999999999 -76.80000000000003
vt 0.9921875 0.2421875
vt 0.921875 0.078125
vt 0.9921875 0
vt 0.828125 0.0703125
vt 0.75 0.2421875
vt 0.75 0
vn 0 1.2246467991473532e-16 1
vn 0 1.2246467991473532e-16 1
vn 0 1.2246467991473532e-16 1
vn 0 -1.2246467991473532e-16 -1
vn 0 -1.2246467991473532e-16 -1
vn 0 -1.2246467991473532e-16 -1
f 1683/1683/1683 1682/1682/1682 1681/1681/1681
f 1686/1686/1686 1685/1685/1685 1684/1684/1684
o mesh_24
usemtl mat10
v 89.60000000000001 89.6 -153.60000000000002
v 89.60000000000001 98.39999999999999 -140.8
v 89.60000000000001 89.6 -140.8
v 89.60000000000001 89.6 -102.40000000000002
v 92 89.6 -102.40000000000002
v 89.60000000000001 63.999999999999986 -102.40000000000002
v 92 63.999999999999986 -102.40000000000002
v 89.60000000000001 89.60000000000001 -51.20000000000002
v 89.60000000000001 89.60000000000001 -38.40000000000002
v 89.60000000000001 63.99999999999999 -51.20000000000001
v 89.60000000000001 63.99999999999999 -38.40000000000001
v 89.60000000000001 111.99999999999999 -115.20000000000002
v 89.60000000000001 89.6 -115.20000000000002
v 89.60000000000001 102.39999999999999 -128
v 89.60000000000001 89.6 -128
v 92 89.6 -76.80000000000003
v 89.60000000000001 89.6 -76.80000000000003
v 92 63.99999999999999 -76.80000000000003
v 89.60000000000001 63.99999999999999 -76.80000000000003
v 89.60000000000001 63.99999999999999 -51.20000000000001
v 89.60000000000001 63.99999999999999 -64.00000000000001
v 89.60000000000001 89.60000000000001 -51.20000000000002
v 89.60000000000001 89.6 -64.00000000000001
v 89.60000000000001 89.6 -140.8
v 89.60000000000001 98.39999999999999 -140.8
v 89.60000000000001 89.6 -128
v 89.60000000000001 102.39999999999999 -128
v 89.60000000000001 89.60000000000001 -25.600000000000012
v 89.60000000000001 89.60000000000001 -38.40000000000002
v 81.60000000000001 107.2 -25.600000000000016
v 81.60000000000001 107.2 -38.40000000000002
vt 0.6171875 0.25
vt 0.7421875 0.25
vt 0.7421875 0.3203125
vt 0.5 0.25
vt 0.5234375 0.25
vt 0.5 0.4921875
vt 0.5234375 0.4921875
vt 0.875 0.25
vt 0.9921875 0.25
vt 0.875 0.4921875
vt 0.9921875 0.4921875
vt 0.9921875 0.25
vt 0.9921875 0.3203125
vt 0.8671875 0.25
vt 0.8671875 0.3203125
vt 0.96875 0.25
vt 0.9921875 0.25
vt 0.96875 0.4921875
vt 0.9921875 0.4921875
vt 0.875 0.4921875
vt 0.75 0.4921875
vt 0.875 0.25
vt 0.75 0.25
vt 0.7421875 0.3203125
vt 0.7421875 0.25
vt 0.8671875 0.3203125
vt 0.8671875 0.25
vt 0.9296875 0.3359375
vt 0.8125 0.3359375
vt 0.7421875 0.25
vt 0.6796875 0.25
vn -1 0 0
vn -1 0 0
vn -1 0 0
vn 0 1.2246467991473532e-16 1
vn 0 1.2246467991473532e-16 1
vn 0 1.2246467991473532e-16 1
vn 0 1.2246467991473532e-16 1
vn -1 0 0
vn -1 0 0
vn -1 0 0
vn -1 0 0
vn -1 0 0
vn -1 0 0
vn -1 0 0
vn -1 0 0
vn 0 -1.2246467991473532e-16 -1
vn 0 -1.2246467991473532e-16 -1
vn 0 -1.2246467991473532e-16 -1
vn 0 -1.2246467991473532e-16 -1
vn -1 0 0
vn -1 0 0
vn -1 0 0
vn -1 0 0
vn -1 0 0
vn -1 0 0
vn -1 0 0
vn -1 0 0
vn -0.9103664744007224 -0.41380295103732534 5.067624594655893e-17
vn -0.9103664744007224 -0.41380295103732534 5.067624594655893e-17
vn -0.9103664744007224 -0.41380295103732534 5.067624594655893e-17
vn -0.9103664744007224 -0.41380295103732534 5.067624594655893e-17
f 1689/1689/1689 1688/1688/1688 1687/1687/1687
f 1692/1692/1692 1691/1691/1691 1690/1690/1690
f 1691/1691/1691 1692/1692/1692 1693/1693/1693
f 1696/1696/1696 1695/1695/1695 1694/1694/1694
f 1695/1695/1695 1696/1696/1696 1697/1697/1697
f 1700/1700/1700 1699/1699/1699 1698/1698/1698
f 1699/1699/1699 1700/1700/1700 1701/1701/1701
f 1704/1704/1704 1703/1703/1703 1702/1702/1702
f 1703/1703/1703 1704/1704/1704 1705/1705/1705
f 1708/1708/1708 1707/1707/1707 1706/1706/1706
f 1707/1707/1707 1708/1708/1708 1709/1709/1709
f 1712/1712/1712 1711/1711/1711 1710/1710/1710
f 1711/1711/1711 1712/1712/1712 1713/1713/1713
f 1716/1716/1716 1715/1715/1715 1714/1714/1714
f 1715/1715/1715 1716/1716/1716 1717/1717/1717
o mesh_25
usemtl mat14
v 38.400000000000006 51.2 -25.60000000000001
v 38.400000000000006 64 -25.60000000000001
v 34.4 64 -25.60000000000001
v 55.2 64 -25.60000000000001
v 51.2 64 -25.60000000000001
v 51.2 51.2 -25.60000000000001
v 52.800000000000004 70.4 -22.40000000000001
v 54.400000000000006 70.4 -25.60000000000001
v 51.2 74.4 -25.600000000000012
v 51.2 74.4 -25.600000000000012
v 51.2 70.4 -22.40000000000001
v 52.800000000000004 70.4 -22.40000000000001
v 38.400000000000006 74.4 -25.600000000000012
v 35.2 70.4 -25.60000000000001
v 36.800000000000004 70.4 -22.40000000000001
v 36.800000000000004 70.4 -22.40000000000001
v 38.400000000000006 70.4 -22.40000000000001
v 38.400000000000006 74.4 -25.600000000000012
v 38.400000000000006 51.2 -25.60000000000001
v 34.4 64 -25.60000000000001
v 25.6 51.2 -25.60000000000001
v 25.6 64 -25.60000000000001
v 51.2 51.2 -25.60000000000001
v 64 51.2 -25.60000000000001
v 55.2 64 -25.60000000000001
v 64 64 -25.60000000000001
v 35.2 70.4 -25.60000000000001
v 38.400000000000006 74.4 -25.600000000000012
v 25.6 76.80000000000001 -25.600000000000012
v 38.400000000000006 76.80000000000001 -25.600000000000012
v 25.6 76.80000000000001 -25.600000000000012
v 25.6 64 -25.60000000000001
v 35.2 70.4 -25.60000000000001
v 34.4 64 -25.60000000000001
v 38.400000000000006 76.80000000000001 -9.405287417451674e-15
v 38.400000000000006 76.80000000000001 -25.600000000000012
v 38.400000000000006 70.4 -22.40000000000001
v 38.400000000000006 74.4 -25.600000000000012
v 64 76.80000000000001 -25.600000000000012
v 51.2 76.80000000000001 -25.600000000000012
v 54.400000000000006 70.4 -25.60000000000001
v 51.2 74.4 -25.600000000000012
v 54.400000000000006 70.4 -25.60000000000001
v 55.2 64 -25.60000000000001
v 64 76.80000000000001 -25.600000000000012
v 64 64 -25.60000000000001
v 51.2 70.4 -22.40000000000001
v 51.2 74.4 -25.600000000000012
v 51.2 76.80000000000001 -9.405287417451674e-15
v 51.2 76.80000000000001 -25.600000000000012
v 51.2 51.2 -6.270191611634449e-15
v 51.2 51.2 -23.20000000000001
v 51.2 64 -7.83773951454306e-15
v 51.2 64 -22.40000000000001
v 38.400000000000006 64 -7.83773951454306e-15
v 38.400000000000006 64 -22.40000000000001
v 38.400000000000006 51.2 -6.270191611634449e-15
v 38.400000000000006 51.2 -23.20000000000001
v 64 76.80000000000001 -25.600000000000012
v 64 89.60000000000001 -25.600000000000012
v 51.2 76.80000000000001 -25.600000000000012
v 51.2 89.60000000000001 -25.600000000000012
v 38.400000000000006 76.80000000000001 -25.600000000000012
v 38.400000000000006 89.60000000000001 -25.600000000000012
v 25.6 76.80000000000001 -25.600000000000012
v 25.6 89.60000000000001 -25.600000000000012
v 53.6 64 -22.40000000000001
v 51.2 64 -22.40000000000001
v 55.2 64 -25.60000000000001
v 51.2 64 -25.60000000000001
v 55.2 64 -25.60000000000001
v 54.400000000000006 70.4 -25.60000000000001
v 53.6 64 -22.40000000000001
v 52.800000000000004 70.4 -22.40000000000001
v 51.2 70.4 -22.40000000000001
v 51.2 64 -22.40000000000001
v 52.800000000000004 70.4 -22.40000000000001
v 53.6 64 -22.40000000000001
v 38.400000000000006 64 -25.60000000000001
v 38.400000000000006 64 -22.40000000000001
v 34.4 64 -25.60000000000001
v 36 64 -22.40000000000001
v 36 64 -22.40000000000001
v 36.800000000000004 70.4 -22.40000000000001
v 34.4 64 -25.60000000000001
v 35.2 70.4 -25.60000000000001
v 36.800000000000004 70.4 -22.40000000000001
v 36 64 -22.40000000000001
v 38.400000000000006 70.4 -22.40000000000001
v 38.400000000000006 64 -22.40000000000001
v 51.2 51.2 -23.20000000000001
v 51.2 51.2 -25.60000000000001
v 51.2 64 -22.40000000000001
v 51.2 64 -25.60000000000001
v 38.400000000000006 51.2 -25.60000000000001
v 38.400000000000006 51.2 -23.20000000000001
v 38.400000000000006 64 -25.60000000000001
v 38.400000000000006 64 -22.40000000000001
vt 0.875 0.9921875
vt 0.875 0.875
vt 0.9140625 0.875
vt 0.703125 0.875
vt 0.75 0.875
vt 0.75 0.9921875
vt 0.75 0.8125
vt 0.71875 0.8125
vt 0.75 0.765625
vt 0.75 0.765625
vt 0.78125 0.8125
vt 0.75 0.8125
vt 0.875 0.765625
vt 0.90625 0.8125
vt 0.875 0.8125
vt 0.875 0.8125
vt 0.84375 0.8125
vt 0.875 0.765625
vt 0.875 0.9921875
vt 0.9140625 0.875
vt 0.9921875 0.9921875
vt 0.9921875 0.875
vt 0.75 0.9921875
vt 0.625 0.9921875
vt 0.703125 0.875
vt 0.625 0.875
vt 0.90625 0.8125
vt 0.875 0.765625
vt 0.9921875 0.75
vt 0.875 0.75
vt 0.9921875 0.75
vt 0.9921875 0.875
vt 0.90625 0.8125
vt 0.9140625 0.875
vt 0.625 0.75
vt 0.875 0.75
vt 0.84375 0.8125
vt 0.875 0.765625
vt 0.625 0.75
vt 0.75 0.75
vt 0.71875 0.8125
vt 0.75 0.765625
vt 0.71875 0.8125
vt 0.703125 0.875
vt 0.625 0.75
vt 0.625 0.875
vt 0.78125 0.8125
vt 0.75 0.765625
vt 0.9921875 0.75
vt 0.75 0.75
vt 0.9921875 0.9921875
vt 0.78125 0.9921875
vt 0.9921875 0.875
vt 0.78125 0.875
vt 0.625 0.875
vt 0.84375 0.875
vt 0.625 0.9921875
vt 0.84375 0.9921875
vt 0.625 0.75
vt 0.625 0.625
vt 0.75 0.75
vt 0.75 0.625
vt 0.875 0.75
vt 0.875 0.625
vt 0.9921875 0.75
vt 0.9921875 0.625
vt 0.75 0.8671875
vt 0.78125 0.8671875
vt 0.71875 0.8671875
vt 0.78125 0.8671875
vt 0.703125 0.875
vt 0.71875 0.8125
vt 0.75 0.875
vt 0.75 0.8125
vt 0.78125 0.8125
vt 0.78125 0.875
vt 0.75 0.8125
vt 0.75 0.875
vt 0.875 0.875
vt 0.875 0.875
vt 0.90625 0.875
vt 0.890625 0.875
vt 0.875 0.875
vt 0.875 0.8125
vt 0.9140625 0.875
vt 0.90625 0.8125
vt 0.875 0.8125
vt 0.875 0.875
vt 0.84375 0.8125
vt 0.84375 0.875
vt 0.78125 0.9921875
vt 0.75 0.9921875
vt 0.78125 0.8671875
vt 0.75 0.8671875
vt 0.8671875 0.9921875
vt 0.84375 0.9921875
vt 0.8671875 0.875
vt 0.84375 0.875
vn 0 -1.2246467991473532e-16 -1
vn 0 -1.2246467991473532e-16 -1
vn 0 -1.2246467991473532e-16 -1
vn 0 -1.2246467991473532e-16 -1
vn 0 -1.2246467991473532e-16 -1
vn 0 -1.2246467991473532e-16 -1
vn -0.7273929724992039 -0.5819143660784342 -0.3636964862496018
vn -0.7273929724992039 -0.5819143660784342 -0.3636964862496018
vn -0.7273929724992039 -0.5819143660784342 -0.3636964862496018
vn 0 -0.6246950475544244 -0.7808688094430303
vn 0 -0.6246950475544244 -0.7808688094430303
vn 0 -0.6246950475544244 -0.7808688094430303
vn 0.7273929724992039 -0.5819143660784342 -0.3636964862496018
vn 0.7273929724992039 -0.5819143660784342 -0.3636964862496018
vn 0.7273929724992039 -0.5819143660784342 -0.3636964862496018
vn 0 -0.6246950475544244 -0.7808688094430303
vn 0 -0.6246950475544244 -0.7808688094430303
vn 0 -0.6246950475544244 -0.7808688094430303
vn 0 -1.2246467991473532e-16 -1
vn 0 -1.2246467991473532e-16 -1
vn 0 -1.2246467991473532e-16 -1
vn 0 -1.2246467991473532e-16 -1
vn 0 -1.2246467991473532e-16 -1
vn 0 -1.2246467991473532e-16 -1
vn 0 -1.2246467991473532e-16 -1
vn 0 -1.2246467991473532e-16 -1
vn 0 -1.2246467991473532e-16 -1
vn 0 -1.2246467991473532e-16 -1
vn 0 -1.2246467991473532e-16 -1
vn 0 -1.2246467991473532e-16 -1
vn 0 -1.2246467991473532e-16 -1
vn 0 -1.2246467991473532e-16 -1
vn 0 -1.2246467991473532e-16 -1
vn 0 -1.2246467991473532e-16 -1
vn 1 0 0
vn 1 0 0
vn 1 0 0
vn 1 0 0
vn 0 -1.2246467991473532e-16 -1
vn 0 -1.2246467991473532e-16 -1
vn 0 -1.2246467991473532e-16 -1
vn 0 -1.2246467991473532e-16 -1
vn 0 -1.2246467991473532e-16 -1
vn 0 -1.2246467991473532e-16 -1
vn 0 -1.2246467991473532e-16 -1
vn 0 -1.2246467991473532e-16 -1
vn -1 0 0
vn -1 0 0
vn -1 0 0
vn -1 0 0
vn -1 0 0
vn -1 0 0
vn -1 0 0
vn -1 0 0
vn 1 0 0
vn 1 0 0
vn 1 0 0
vn 1 0 0
vn 0 -1.2246467991473532e-16 -1
vn 0 -1.2246467991473532e-16 -1
vn 0 -1.2246467991473532e-16 -1
vn 0 -1.2246467991473532e-16 -1
vn 0 -1.2246467991473532e-16 -1
vn 0 -1.2246467991473532e-16 -1
vn 0 -1.2246467991473532e-16 -1
vn 0 -1.2246467991473532e-16 -1
vn 0 1 -1.2246467991473532e-16
vn 0 1 -1.2246467991473532e-16
vn 0 1 -1.2246467991473532e-16
vn 0 1 -1.2246467991473532e-16
vn -0.888888888888889 -0.11111111111111116 -0.4444444444444445
vn -0.888888888888889 -0.11111111111111116 -0.4444444444444445
vn -0.888888888888889 -0.11111111111111116 -0.4444444444444445
vn -0.888888888888889 -0.11111111111111116 -0.4444444444444445
vn 0 -1.2246467991473532e-16 -1
vn 0 -1.2246467991473532e-16 -1
vn 0 -1.2246467991473532e-16 -1
vn 0 -1.2246467991473532e-16 -1
vn 0 1 -1.2246467991473532e-16
vn 0 1 -1.2246467991473532e-16
vn 0 1 -1.2246467991473532e-16
vn 0 1 -1.2246467991473532e-16
vn 0.888888888888889 -0.11111111111111116 -0.4444444444444445
vn 0.888888888888889 -0.11111111111111116 -0.4444444444444445
vn 0.888888888888889 -0.11111111111111116 -0.4444444444444445
vn 0.888888888888889 -0.11111111111111116 -0.4444444444444445
vn 0 -1.2246467991473532e-16 -1
vn 0 -1.2246467991473532e-16 -1
vn 0 -1.2246467991473532e-16 -1
vn 0 -1.2246467991473532e-16 -1
vn -1 0 0
vn -1 0 0
vn -1 0 0
vn -1 0 0
vn 1 0 0
vn 1 0 0
vn 1 0 0
vn 1 0 0
f 1720/1720/1720 1719/1719/1719 1718/1718/1718
f 1723/1723/1723 1722/1722/1722 1721/1721/1721
f 1726/1726/1726 1725/1725/1725 1724/1724/1724
f 1729/1729/1729 1728/1728/1728 1727/1727/1727
f 1732/1732/1732 1731/1731/1731 1730/1730/1730
f 1735/1735/1735 1734/1734/1734 1733/1733/1733
f 1738/1738/1738 1737/1737/1737 1736/1736/1736
f 1737/1737/1737 1738/1738/1738 1739/1739/1739
f 1742/1742/1742 1741/1741/1741 1740/1740/1740
f 1741/1741/1741 1742/1742/1742 1743/1743/1743
f 1746/1746/1746 1745/1745/1745 1744/1744/1744
f 1745/1745/1745 1746/1746/1746 1747/1747/1747
f 1750/1750/1750 1749/1749/1749 1748/1748/1748
f 1749/1749/1749 1750/1750/1750 1751/1751/1751
f 1754/1754/1754 1753/1753/1753 1752/1752/1752
f 1753/1753/1753 1754/1754/1754 1755/1755/1755
f 1758/1758/1758 1757/1757/1757 1756/1756/1756
f 1757/1757/1757 1758/1758/1758 1759/1759/1759
f 1762/1762/1762 1761/1761/1761 1760/1760/1760
f 1761/1761/1761 1762/1762/1762 1763/1763/1763
f 1766/1766/1766 1765/1765/1765 1764/1764/1764
f 1765/1765/1765 1766/1766/1766 1767/1767/1767
f 1770/1770/1770 1769/1769/1769 1768/1768/1768
f 1769/1769/1769 1770/1770/1770 1771/1771/1771
f 1774/1774/1774 1773/1773/1773 1772/1772/1772
f 1773/1773/1773 1774/1774/1774 1775/1775/1775
f 1778/1778/1778 1777/1777/1777 1776/1776/1776
f 1777/1777/1777 1778/1778/1778 1779/1779/1779
f 1782/1782/1782 1781/1781/1781 1780/1780/1780
f 1781/1781/1781 1782/1782/1782 1783/1783/1783
f 1786/1786/1786 1785/1785/1785 1784/1784/1784
f 1785/1785/1785 1786/1786/1786 1787/1787/1787
f 1790/1790/1790 1789/1789/1789 1788/1788/1788
f 1789/1789/1789 1790/1790/1790 1791/1791/1791
f 1794/1794/1794 1793/1793/1793 1792/1792/1792
f 1793/1793/1793 1794/1794/1794 1795/1795/1795
f 1798/1798/1798 1797/1797/1797 1796/1796/1796
f 1797/1797/1797 1798/1798/1798 1799/1799/1799
f 1802/1802/1802 1801/1801/1801 1800/1800/1800
f 1801/1801/1801 1802/1802/1802 1803/1803/1803
f 1806/1806/1806 1805/1805/1805 1804/1804/1804
f 1805/1805/1805 1806/1806/1806 1807/1807/1807
f 1810/1810/1810 1809/1809/1809 1808/1808/1808
f 1809/1809/1809 1810/1810/1810 1811/1811/1811
f 1814/1814/1814 1813/1813/1813 1812/1812/1812
f 1813/1813/1813 1814/1814/1814 1815/1815/1815
o mesh_26
usemtl mat7
v 12.8 38.400000000000006 -23.200000000000006
v 12.8 36.800000000000004 -25.600000000000005
v 12.8 12.799999999999997 -25.6
v 12.8 36.800000000000004 -25.600000000000005
v 12.8 38.400000000000006 -23.200000000000006
v 0 36.800000000000004 -25.600000000000005
v 0 38.400000000000006 -23.200000000000006
vt 0.5 0
vt 0.5234375 0
vt 0.5234375 0.2421875
vt 0.5 0.1796875
vt 0.5 0.15625
vt 0.6171875 0.1796875
vt 0.6171875 0.15625
vn 1 0 0
vn 1 0 0
vn 1 0 0
vn 0 0.8320503035077886 -0.5547001824703114
vn 0 0.8320503035077886 -0.5547001824703114
vn 0 0.8320503035077886 -0.5547001824703114
vn 0 0.8320503035077886 -0.5547001824703114
f 1818/1818/1818 1817/1817/1817 1816/1816/1816
f 1821/1821/1821 1820/1820/1820 1819/1819/1819
f 1820/1820/1820 1821/1821/1821 1822/1822/1822
o mesh_27
usemtl mat12
v 89.60000000000001 12.799999999999997 -25.6
v 89.60000000000001 38.400000000000006 -25.600000000000005
v 89.60000000000001 38.400000000000006 -23.200000000000006
v 0 38.400000000000006 -23.200000000000006
v 0 38.400000000000006 -25.600000000000005
v 0 36.800000000000004 -25.600000000000005
v 12.8 64 -25.60000000000001
v 25.6 64 -25.60000000000001
v 25.6 76.80000000000001 -25.600000000000012
v 89.60000000000001 48.800000000000004 -23.20000000000001
v 76.80000000000001 48.800000000000004 -23.20000000000001
v 89.60000000000001 38.400000000000006 -23.200000000000006
v 76.80000000000001 38.400000000000006 -23.200000000000006
v 89.60000000000001 38.400000000000006 -25.600000000000005
v 89.60000000000001 51.2 -25.60000000000001
v 89.60000000000001 38.400000000000006 -23.200000000000006
v 89.60000000000001 48.800000000000004 -23.20000000000001
v 51.2 51.2 -25.60000000000001
v 51.2 48.800000000000004 -23.20000000000001
v 64 51.2 -25.60000000000001
v 64 48.800000000000004 -23.20000000000001
v 25.6 76.80000000000001 -25.600000000000012
v 25.6 89.60000000000001 -25.600000000000012
v 12.8 64 -25.60000000000001
v 12.8 89.60000000000001 -25.600000000000012
v 64 48.800000000000004 -23.20000000000001
v 51.2 48.800000000000004 -23.20000000000001
v 64 38.400000000000006 -23.200000000000006
v 51.2 38.400000000000006 -23.200000000000006
v 76.80000000000001 38.400000000000006 -23.200000000000006
v 76.80000000000001 48.800000000000004 -23.20000000000001
v 64 38.400000000000006 -23.200000000000006
v 64 48.800000000000004 -23.20000000000001
v 25.6 48.800000000000004 -23.20000000000001
v 25.6 38.400000000000006 -23.200000000000006
v 38.400000000000006 48.800000000000004 -23.20000000000001
v 38.400000000000006 38.400000000000006 -23.200000000000006
v 25.6 51.2 -25.60000000000001
v 25.6 64 -25.60000000000001
v 12.8 51.2 -25.60000000000001
v 12.8 64 -25.60000000000001
v 25.6 38.400000000000006 -23.200000000000006
v 25.6 48.800000000000004 -23.20000000000001
v 12.8 38.400000000000006 -23.200000000000006
v 12.8 48.800000000000004 -23.20000000000001
v 12.8 89.60000000000001 -25.600000000000012
v 0 89.60000000000001 -25.600000000000012
v 12.8 64 -25.60000000000001
v 0 64 -25.60000000000001
v 12.8 51.2 -25.60000000000001
v 12.8 64 -25.60000000000001
v 0 51.2 -25.60000000000001
v 0 64 -25.60000000000001
v 0 38.400000000000006 -23.200000000000006
v 12.8 38.400000000000006 -23.200000000000006
v 0 48.800000000000004 -23.20000000000001
v 12.8 48.800000000000004 -23.20000000000001
v 25.6 51.2 -25.60000000000001
v 25.6 48.800000000000004 -23.20000000000001
v 38.400000000000006 51.2 -25.60000000000001
v 38.400000000000006 48.800000000000004 -23.20000000000001
v 25.6 48.800000000000004 -23.20000000000001
v 25.6 51.2 -25.60000000000001
v 12.8 48.800000000000004 -23.20000000000001
v 12.8 51.2 -25.60000000000001
v 76.80000000000001 51.2 -25.60000000000001
v 76.80000000000001 48.800000000000004 -23.20000000000001
v 89.60000000000001 51.2 -25.60000000000001
v 89.60000000000001 48.800000000000004 -23.20000000000001
v 12.8 48.800000000000004 -23.20000000000001
v 12.8 51.2 -25.60000000000001
v 0 48.800000000000004 -23.20000000000001
v 0 51.2 -25.60000000000001
v 0 38.400000000000006 -25.600000000000005
v 0 38.400000000000006 -23.200000000000006
v 0 51.2 -25.60000000000001
v 0 48.800000000000004 -23.20000000000001
v 76.80000000000001 48.800000000000004 -23.20000000000001
v 76.80000000000001 51.2 -25.60000000000001
v 64 48.800000000000004 -23.20000000000001
v 64 51.2 -25.60000000000001
vt 0 0.4921875
vt 0.1171875 0
vt 0.0234375 0.2421875
vt 0 0.25
vt 0.0234375 0.25
vt 0.0234375 0.2734375
vt 0.125 0.2421875
vt 0 0.2421875
vt 0 0.125
vt 0 0.03125
vt 0.125 0.03125
vt 0 0.125
vt 0.125 0.125
vt 0.1171875 0
vt 0.1171875 0
vt 0.0234375 0.2421875
vt 0.0234375 0.1328125
vt 0.3671875 0
vt 0.3671875 0.03125
vt 0.25 0
vt 0.25 0.03125
vt 0 0.125
vt 0 0
vt 0.125 0.2421875
vt 0.125 0
vt 0.25 0.03125
vt 0.3671875 0.03125
vt 0.25 0.125
vt 0.3671875 0.125
vt 0.125 0.125
vt 0.125 0.03125
vt 0.25 0.125
vt 0.25 0.03125
vt 0.25 0.03125
vt 0.25 0.140625
vt 0.125 0.03125
vt 0.125 0.140625
vt 0 0.3671875
vt 0 0.25
vt 0.125 0.3671875
vt 0.125 0.25
vt 0.25 0.140625
vt 0.25 0.03125
vt 0.375 0.140625
vt 0.375 0.03125
vt 0.125 0
vt 0.2421875 0
vt 0.125 0.2421875
vt 0.2421875 0.2421875
vt 0.125 0.3671875
vt 0.125 0.25
vt 0.2421875 0.3671875
vt 0.2421875 0.25
vt 0.4921875 0.140625
vt 0.375 0.140625
vt 0.4921875 0.03125
vt 0.375 0.03125
vt 0.25 0
vt 0.25 0.03125
vt 0.125 0
vt 0.125 0.03125
vt 0.25 0.03125
vt 0.25 0
vt 0.375 0.03125
vt 0.375 0
vt 0.125 0
vt 0.125 0.03125
vt 0 0
vt 0 0.03125
vt 0.375 0.03125
vt 0.375 0
vt 0.4921875 0.03125
vt 0.4921875 0
vt 0.0234375 0.25
vt 0 0.25
vt 0.0234375 0.125
vt 0 0.1328125
vt 0.125 0.03125
vt 0.125 0
vt 0.25 0.03125
vt 0.25 0
vn -1 0 0
vn -1 0 0
vn -1 0 0
vn 1 0 0
vn 1 0 0
vn 1 0 0
vn 0 -1.2246467991473532e-16 -1
vn 0 -1.2246467991473532e-16 -1
vn 0 -1.2246467991473532e-16 -1
vn 0 -1.2246467991473532e-16 -1
vn 0 -1.2246467991473532e-16 -1
vn 0 -1.2246467991473532e-16 -1
vn 0 -1.2246467991473532e-16 -1
vn -1 0 0
vn -1 0 0
vn -1 0 0
vn -1 0 0
vn 0 -0.7071067811865476 -0.7071067811865475
vn 0 -0.7071067811865476 -0.7071067811865475
vn 0 -0.7071067811865476 -0.7071067811865475
vn 0 -0.7071067811865476 -0.7071067811865475
vn 0 -1.2246467991473532e-16 -1
vn 0 -1.2246467991473532e-16 -1
vn 0 -1.2246467991473532e-16 -1
vn 0 -1.2246467991473532e-16 -1
vn 0 -1.2246467991473532e-16 -1
vn 0 -1.2246467991473532e-16 -1
vn 0 -1.2246467991473532e-16 -1
vn 0 -1.2246467991473532e-16 -1
vn 0 -1.2246467991473532e-16 -1
vn 0 -1.2246467991473532e-16 -1
vn 0 -1.2246467991473532e-16 -1
vn 0 -1.2246467991473532e-16 -1
vn 0 -1.2246467991473532e-16 -1
vn 0 -1.2246467991473532e-16 -1
vn 0 -1.2246467991473532e-16 -1
vn 0 -1.2246467991473532e-16 -1
vn 0 -1.2246467991473532e-16 -1
vn 0 -1.2246467991473532e-16 -1
vn 0 -1.2246467991473532e-16 -1
vn 0 -1.2246467991473532e-16 -1
vn 0 -1.2246467991473532e-16 -1
vn 0 -1.2246467991473532e-16 -1
vn 0 -1.2246467991473532e-16 -1
vn 0 -1.2246467991473532e-16 -1
vn 0 -1.2246467991473532e-16 -1
vn 0 -1.2246467991473532e-16 -1
vn 0 -1.2246467991473532e-16 -1
vn 0 -1.2246467991473532e-16 -1
vn 0 -1.2246467991473532e-16 -1
vn 0 -1.2246467991473532e-16 -1
vn 0 -1.2246467991473532e-16 -1
vn 0 -1.2246467991473532e-16 -1
vn 0 -1.2246467991473532e-16 -1
vn 0 -1.2246467991473532e-16 -1
vn 0 -1.2246467991473532e-16 -1
vn 0 -1.2246467991473532e-16 -1
vn 0 -0.7071067811865476 -0.7071067811865475
vn 0 -0.7071067811865476 -0.7071067811865475
vn 0 -0.7071067811865476 -0.7071067811865475
vn 0 -0.7071067811865476 -0.7071067811865475
vn 0 -0.7071067811865476 -0.7071067811865475
vn 0 -0.7071067811865476 -0.7071067811865475
vn 0 -0.7071067811865476 -0.7071067811865475
vn 0 -0.7071067811865476 -0.7071067811865475
vn 0 -0.7071067811865476 -0.7071067811865475
vn 0 -0.7071067811865476 -0.7071067811865475
vn 0 -0.7071067811865476 -0.7071067811865475
vn 0 -0.7071067811865476 -0.7071067811865475
vn 0 -0.7071067811865476 -0.7071067811865475
vn 0 -0.7071067811865476 -0.7071067811865475
vn 0 -0.7071067811865476 -0.7071067811865475
vn 0 -0.7071067811865476 -0.7071067811865475
vn 1 0 0
vn 1 0 0
vn 1 0 0
vn 1 0 0
vn 0 -0.7071067811865476 -0.7071067811865475
vn 0 -0.7071067811865476 -0.7071067811865475
vn 0 -0.7071067811865476 -0.7071067811865475
vn 0 -0.7071067811865476 -0.7071067811865475
f 1825/1825/1825 1824/1824/1824 1823/1823/1823
f 1828/1828/1828 1827/1827/1827 1826/1826/1826
f 1831/1831/1831 1830/1830/1830 1829/1829/1829
f 1834/1834/1834 1833/1833/1833 1832/1832/1832
f 1833/1833/1833 1834/1834/1834 1835/1835/1835
f 1838/1838/1838 1837/1837/1837 1836/1836/1836
f 1837/1837/1837 1838/1838/1838 1839/1839/1839
f 1842/1842/1842 1841/1841/1841 1840/1840/1840
f 1841/1841/1841 1842/1842/1842 1843/1843/1843
f 1846/1846/1846 1845/1845/1845 1844/1844/1844
f 1845/1845/1845 1846/1846/1846 1847/1847/1847
f 1850/1850/1850 1849/1849/1849 1848/1848/1848
f 1849/1849/1849 1850/1850/1850 1851/1851/1851
f 1854/1854/1854 1853/1853/1853 1852/1852/1852
f 1853/1853/1853 1854/1854/1854 1855/1855/1855
f 1858/1858/1858 1857/1857/1857 1856/1856/1856
f 1857/1857/1857 1858/1858/1858 1859/1859/1859
f 1862/1862/1862 1861/1861/1861 1860/1860/1860
f 1861/1861/1861 1862/1862/1862 1863/1863/1863
f 1866/1866/1866 1865/1865/1865 1864/1864/1864
f 1865/1865/1865 1866/1866/1866 1867/1867/1867
f 1870/1870/1870 1869/1869/1869 1868/1868/1868
f 1869/1869/1869 1870/1870/1870 1871/1871/1871
f 1874/1874/1874 1873/1873/1873 1872/1872/1872
f 1873/1873/1873 1874/1874/1874 1875/1875/1875
f 1878/1878/1878 1877/1877/1877 1876/1876/1876
f 1877/1877/1877 1878/1878/1878 1879/1879/1879
f 1882/1882/1882 1881/1881/1881 1880/1880/1880
f 1881/1881/1881 1882/1882/1882 1883/1883/1883
f 1886/1886/1886 1885/1885/1885 1884/1884/1884
f 1885/1885/1885 1886/1886/1886 1887/1887/1887
f 1890/1890/1890 1889/1889/1889 1888/1888/1888
f 1889/1889/1889 1890/1890/1890 1891/1891/1891
f 1894/1894/1894 1893/1893/1893 1892/1892/1892
f 1893/1893/1893 1894/1894/1894 1895/1895/1895
f 1898/1898/1898 1897/1897/1897 1896/1896/1896
f 1897/1897/1897 1898/1898/1898 1899/1899/1899
f 1902/1902/1902 1901/1901/1901 1900/1900/1900
f 1901/1901/1901 1902/1902/1902 1903/1903/1903
o mesh_28
usemtl mat15
v 64 76.80000000000001 -25.600000000000012
v 64 64 -25.60000000000001
v 76.80000000000001 64 -25.60000000000001
v 76.80000000000001 64 -25.60000000000001
v 76.80000000000001 51.2 -25.60000000000001
v 89.60000000000001 64 -25.60000000000001
v 89.60000000000001 51.2 -25.60000000000001
v 76.80000000000001 64 -25.60000000000001
v 76.80000000000001 89.60000000000001 -25.600000000000012
v 64 76.80000000000001 -25.600000000000012
v 64 89.60000000000001 -25.600000000000012
v 89.60000000000001 89.60000000000001 -25.600000000000012
v 76.80000000000001 89.60000000000001 -25.600000000000012
v 89.60000000000001 64 -25.60000000000001
v 76.80000000000001 64 -25.60000000000001
v 76.80000000000001 51.2 -25.60000000000001
v 76.80000000000001 64 -25.60000000000001
v 64 51.2 -25.60000000000001
v 64 64 -25.60000000000001
vt 0.2421875 0.75
vt 0.2421875 0.8671875
vt 0.125 0.8671875
vt 0.125 0.875
vt 0.125 0.9921875
vt 0 0.875
vt 0 0.9921875
vt 0.125 0.8671875
vt 0.125 0.625
vt 0.2421875 0.75
vt 0.2421875 0.625
vt 0 0.625
vt 0.125 0.625
vt 0 0.8671875
vt 0.125 0.8671875
vt 0.125 0.9921875
vt 0.125 0.875
vt 0.2421875 0.9921875
vt 0.2421875 0.875
vn 0 -1.2246467991473532e-16 -1
vn 0 -1.2246467991473532e-16 -1
vn 0 -1.2246467991473532e-16 -1
vn 0 -1.2246467991473532e-16 -1
vn 0 -1.2246467991473532e-16 -1
vn 0 -1.2246467991473532e-16 -1
vn 0 -1.2246467991473532e-16 -1
vn 0 -1.2246467991473532e-16 -1
vn 0 -1.2246467991473532e-16 -1
vn 0 -1.2246467991473532e-16 -1
vn 0 -1.2246467991473532e-16 -1
vn 0 -1.2246467991473532e-16 -1
vn 0 -1.2246467991473532e-16 -1
vn 0 -1.2246467991473532e-16 -1
vn 0 -1.2246467991473532e-16 -1
vn 0 -1.2246467991473532e-16 -1
vn 0 -1.2246467991473532e-16 -1
vn 0 -1.2246467991473532e-16 -1
vn 0 -1.2246467991473532e-16 -1
f 1906/1906/1906 1905/1905/1905 1904/1904/1904
f 1909/1909/1909 1908/1908/1908 1907/1907/1907
f 1908/1908/1908 1909/1909/1909 1910/1910/1910
f 1913/1913/1913 1912/1912/1912 1911/1911/1911
f 1912/1912/1912 1913/1913/1913 1914/1914/1914
f 1917/1917/1917 1916/1916/1916 1915/1915/1915
f 1916/1916/1916 1917/1917/1917 1918/1918/1918
f 1921/1921/1921 1920/1920/1920 1919/1919/1919
f 1920/1920/1920 1921/1921/1921 1922/1922/1922
o mesh_29
usemtl mat10
v 25.6 102.4 -25.600000000000016
v 38.400000000000006 102.4 -25.600000000000016
v 25.6 115.2 -25.600000000000016
v 64 115.2 -25.600000000000016
v 51.2 102.4 -25.600000000000016
v 64 102.4 -25.600000000000016
v 25.6 115.2 -25.600000000000016
v 8 107.2 -25.600000000000016
v 25.6 102.4 -25.600000000000016
v 12.8 102.4 -25.600000000000016
v 76.80000000000001 102.4 -25.600000000000016
v 64 102.4 -25.600000000000016
v 76.80000000000001 89.60000000000001 -25.600000000000012
v 64 89.60000000000001 -25.600000000000012
v 51.2 102.4 -25.600000000000016
v 64 115.2 -25.600000000000016
v 38.400000000000006 102.4 -25.600000000000016
v 25.6 115.2 -25.600000000000016
v 64 102.4 -25.600000000000016
v 76.80000000000001 102.4 -25.600000000000016
v 64 115.2 -25.600000000000016
v 81.60000000000001 107.2 -25.600000000000016
v 81.60000000000001 107.2 -25.600000000000016
v 76.80000000000001 102.4 -25.600000000000016
v 89.60000000000001 89.60000000000001 -25.600000000000012
v 76.80000000000001 89.60000000000001 -25.600000000000012
v 12.8 89.60000000000001 -25.600000000000012
v 25.6 89.60000000000001 -25.600000000000012
v 12.8 102.4 -25.600000000000016
v 25.6 102.4 -25.600000000000016
v 0 89.60000000000001 -25.600000000000012
v 12.8 89.60000000000001 -25.600000000000012
v 8 107.2 -25.600000000000016
v 12.8 102.4 -25.600000000000016
vt 0.625 0.375
vt 0.5 0.375
vt 0.5 0.25
vt 0.75 0.25
vt 0.75 0.375
vt 0.625 0.375
vt 0.75 0.25
vt 0.9140625 0.3203125
vt 0.75 0.3671875
vt 0.8671875 0.3671875
vt 0.6171875 0.3671875
vt 0.7421875 0.3671875
vt 0.6171875 0.4921875
vt 0.7421875 0.4921875
vt 0.75 0.375
vt 0.75 0.25
vt 0.8671875 0.375
vt 0.8671875 0.25
vt 0.7421875 0.3671875
vt 0.6171875 0.3671875
vt 0.7421875 0.25
vt 0.5703125 0.3203125
vt 0.5703125 0.3203125
vt 0.6171875 0.3671875
vt 0.5 0.4921875
vt 0.6171875 0.4921875
vt 0.8671875 0.4921875
vt 0.75 0.4921875
vt 0.8671875 0.3671875
vt 0.75 0.3671875
vt 0.9921875 0.4921875
vt 0.8671875 0.4921875
vt 0.9140625 0.3203125
vt 0.8671875 0.3671875
vn 0 -1.2246467991473532e-16 -1
vn 0 -1.2246467991473532e-16 -1
vn 0 -1.2246467991473532e-16 -1
vn 0 -1.2246467991473532e-16 -1
vn 0 -1.2246467991473532e-16 -1
vn 0 -1.2246467991473532e-16 -1
vn 0 -1.2246467991473532e-16 -1
vn 0 -1.2246467991473532e-16 -1
vn 0 -1.2246467991473532e-16 -1
vn 0 -1.2246467991473532e-16 -1
vn 0 -1.2246467991473532e-16 -1
vn 0 -1.2246467991473532e-16 -1
vn 0 -1.2246467991473532e-16 -1
vn 0 -1.2246467991473532e-16 -1
vn 0 -1.2246467991473532e-16 -1
vn 0 -1.2246467991473532e-16 -1
vn 0 -1.2246467991473532e-16 -1
vn 0 -1.2246467991473532e-16 -1
vn 0 -1.2246467991473532e-16 -1
vn 0 -1.2246467991473532e-16 -1
vn 0 -1.2246467991473532e-16 -1
vn 0 -1.2246467991473532e-16 -1
vn 0 -1.2246467991473532e-16 -1
vn 0 -1.2246467991473532e-16 -1
vn 0 -1.2246467991473532e-16 -1
vn 0 -1.2246467991473532e-16 -1
vn 0 -1.2246467991473532e-16 -1
vn 0 -1.2246467991473532e-16 -1
vn 0 -1.2246467991473532e-16 -1
vn 0 -1.2246467991473532e-16 -1
vn 0 -1.2246467991473532e-16 -1
vn 0 -1.2246467991473532e-16 -1
vn 0 -1.2246467991473532e-16 -1
vn 0 -1.2246467991473532e-16 -1
f 1925/1925/1925 1924/1924/1924 1923/1923/1923
f 1928/1928/1928 1927/1927/1927 1926/1926/1926
f 1931/1931/1931 1930/1930/1930 1929/1929/1929
f 1930/1930/1930 1931/1931/1931 1932/1932/1932
f 1935/1935/1935 1934/1934/1934 1933/1933/1933
f 1934/1934/1934 1935/1935/1935 1936/1936/1936
f 1939/1939/1939 1938/1938/1938 1937/1937/1937
f 1938/1938/1938 1939/1939/1939 1940/1940/1940
f 1943/1943/1943 1942/1942/1942 1941/1941/1941
f 1942/1942/1942 1943/1943/1943 1944/1944/1944
f 1947/1947/1947 1946/1946/1946 1945/1945/1945
f 1946/1946/1946 1947/1947/1947 1948/1948/1948
f 1951/1951/1951 1950/1950/1950 1949/1949/1949
f 1950/1950/1950 1951/1951/1951 1952/1952/1952
f 1955/1955/1955 1954/1954/1954 1953/1953/1953
f 1954/1954/1954 1955/1955/1955 1956/1956/1956
o mesh_30
usemtl mat11
v 12.8 12.799999999999997 -25.6
v 12.8 -3.1350958058172244e-15 -25.6
v 25.6 12.799999999999997 -25.6
v 25.6 -3.1350958058172244e-15 -25.6
v 76.80000000000001 12.799999999999997 -25.6
v 76.80000000000001 -3.1350958058172244e-15 -25.6
v 89.60000000000001 12.799999999999997 -25.6
v 89.60000000000001 -3.1350958058172244e-15 -25.6
v 64 12.799999999999997 -25.6
v 64 -3.1350958058172244e-15 -25.6
v 76.80000000000001 12.799999999999997 -25.6
v 76.80000000000001 -3.1350958058172244e-15 -25.6
v 64 -3.1350958058172244e-15 -25.6
v 64 12.799999999999997 -25.6
v 51.2 -3.1350958058172244e-15 -25.6
v 51.2 12.799999999999997 -25.6
v 25.6 -3.1350958058172244e-15 -25.6
v 38.400000000000006 -3.1350958058172244e-15 -25.6
v 25.6 12.799999999999997 -25.6
v 38.400000000000006 12.799999999999997 -25.6
v 0 12.799999999999997 -25.6
v 0 -3.1350958058172244e-15 -25.6
v 12.8 12.799999999999997 -25.6
v 12.8 -3.1350958058172244e-15 -25.6
vt 0.875 0.75
vt 0.875 0.8671875
vt 0.75 0.75
vt 0.75 0.8671875
vt 0.9921875 0.75
vt 0.9921875 0.8671875
vt 0.875 0.75
vt 0.875 0.8671875
vt 0.875 0.75
vt 0.875 0.8671875
vt 0.75 0.75
vt 0.75 0.8671875
vt 0.875 0.8671875
vt 0.875 0.75
vt 0.9921875 0.8671875
vt 0.9921875 0.75
vt 0.9921875 0.8671875
vt 0.875 0.8671875
vt 0.9921875 0.75
vt 0.875 0.75
vt 0.9921875 0.75
vt 0.9921875 0.8671875
vt 0.875 0.75
vt 0.875 0.8671875
vn 0 -1.2246467991473532e-16 -1
vn 0 -1.2246467991473532e-16 -1
vn 0 -1.2246467991473532e-16 -1
vn 0 -1.2246467991473532e-16 -1
vn 0 -1.2246467991473532e-16 -1
vn 0 -1.2246467991473532e-16 -1
vn 0 -1.2246467991473532e-16 -1
vn 0 -1.2246467991473532e-16 -1
vn 0 -1.2246467991473532e-16 -1
vn 0 -1.2246467991473532e-16 -1
vn 0 -1.2246467991473532e-16 -1
vn 0 -1.2246467991473532e-16 -1
vn 0 -1.2246467991473532e-16 -1
vn 0 -1.2246467991473532e-16 -1
vn 0 -1.2246467991473532e-16 -1
vn 0 -1.2246467991473532e-16 -1
vn 0 -1.2246467991473532e-16 -1
vn 0 -1.2246467991473532e-16 -1
vn 0 -1.2246467991473532e-16 -1
vn 0 -1.2246467991473532e-16 -1
vn 0 -1.2246467991473532e-16 -1
vn 0 -1.2246467991473532e-16 -1
vn 0 -1.2246467991473532e-16 -1
vn 0 -1.2246467991473532e-16 -1
f 1959/1959/1959 1958/1958/1958 1957/1957/1957
f 1958/1958/1958 1959/1959/1959 1960/1960/1960
f 1963/1963/1963 1962/1962/1962 1961/1961/1961
f 1962/1962/1962 1963/1963/1963 1964/1964/1964
f 1967/1967/1967 1966/1966/1966 1965/1965/1965
f 1966/1966/1966 1967/1967/1967 1968/1968/1968
f 1971/1971/1971 1970/1970/1970 1969/1969/1969
f 1970/1970/1970 1971/1971/1971 1972/1972/1972
f 1975/1975/1975 1974/1974/1974 1973/1973/1973
f 1974/1974/1974 1975/1975/1975 1976/1976/1976
f 1979/1979/1979 1978/1978/1978 1977/1977/1977
f 1978/1978/1978 1979/1979/1979 1980/1980/1980
o mesh_31
usemtl mat16
v 51.2 102.4 -25.600000000000016
v 51.2 89.60000000000001 -25.600000000000012
v 64 102.4 -25.600000000000016
v 64 89.60000000000001 -25.600000000000012
v 38.400000000000006 102.4 -25.600000000000016
v 38.400000000000006 89.60000000000001 -25.600000000000012
v 51.2 102.4 -25.600000000000016
v 51.2 89.60000000000001 -25.600000000000012
v 25.6 102.4 -25.600000000000016
v 25.6 89.60000000000001 -25.600000000000012
v 38.400000000000006 102.4 -25.600000000000016
v 38.400000000000006 89.60000000000001 -25.600000000000012
vt 0.25 0.875
vt 0.25 0.9921875
vt 0.125 0.875
vt 0.125 0.9921875
vt 0.375 0.875
vt 0.375 0.9921875
vt 0.25 0.875
vt 0.25 0.9921875
vt 0.4921875 0.875
vt 0.4921875 0.9921875
vt 0.375 0.875
vt 0.375 0.9921875
vn 0 -1.2246467991473532e-16 -1
vn 0 -1.2246467991473532e-16 -1
vn 0 -1.2246467991473532e-16 -1
vn 0 -1.2246467991473532e-16 -1
vn 0 -1.2246467991473532e-16 -1
vn 0 -1.2246467991473532e-16 -1
vn 0 -1.2246467991473532e-16 -1
vn 0 -1.2246467991473532e-16 -1
vn 0 -1.2246467991473532e-16 -1
vn 0 -1.2246467991473532e-16 -1
vn 0 -1.2246467991473532e-16 -1
vn 0 -1.2246467991473532e-16 -1
f 1983/1983/1983 1982/1982/1982 1981/1981/1981
f 1982/1982/1982 1983/1983/1983 1984/1984/1984
f 1987/1987/1987 1986/1986/1986 1985/1985/1985
f 1986/1986/1986 1987/1987/1987 1988/1988/1988
f 1991/1991/1991 1990/1990/1990 1989/1989/1989
f 1990/1990/1990 1991/1991/1991 1992/1992/1992
o mesh_32
usemtl mat17
v 0 12.799999999999997 -25.6
v 0 12.799999999999997 -23.200000000000003
v 0 -3.1350958058172244e-15 -25.6
v 0 -2.8411805740218595e-15 -23.200000000000003
v 0 36.800000000000004 -25.600000000000005
v 0 38.400000000000006 -23.200000000000006
v 0 12.799999999999997 -25.6
v 0 12.799999999999997 -23.200000000000003
vt 0.96875 0.96875
vt 0.96875 0.96875
vt 0.96875 0.96875
vt 0.96875 0.96875
vt 0.96875 0.96875
vt 0.96875 0.96875
vt 0.96875 0.96875
vt 0.96875 0.96875
vn -1 0 0
vn -1 0 0
vn -1 0 0
vn -1 0 0
vn -1 0 0
vn -1 0 0
vn -1 0 0
vn -1 0 0
f 1995/1995/1995 1994/1994/1994 1993/1993/1993
f 1994/1994/1994 1995/1995/1995 1996/1996/1996
f 1999/1999/1999 1998/1998/1998 1997/1997/1997
f 1998/1998/1998 1999/1999/1999 2000/2000/2000
o mesh_33
usemtl mat12
v 0 12.799999999999992 -76.80000000000001
v 0 38.4 -76.80000000000001
v -2.4000000000000004 38.4 -76.80000000000001
v 0 115.19999999999999 -76.80000000000003
v 0 89.6 -76.80000000000003
v 8 107.19999999999999 -76.80000000000003
v -2.4000000000000004 38.39999999999999 -102.4
v 0 38.39999999999999 -102.4
v 0 12.799999999999988 -102.4
v 0 89.60000000000001 -38.40000000000002
v 8 107.2 -38.40000000000002
v 0 115.2 -38.40000000000002
v 0 63.99999999999999 -76.80000000000003
v -2.4000000000000004 63.99999999999999 -76.80000000000003
v 0 38.4 -76.80000000000001
v -2.4000000000000004 38.4 -76.80000000000001
v -2.4000000000000004 63.999999999999986 -102.40000000000002
v 0 63.999999999999986 -102.40000000000002
v -2.4000000000000004 38.39999999999999 -102.4
v 0 38.39999999999999 -102.4
vt 0 0.4921875
vt 0 0.25
vt 0.0234375 0.25
vt 0.4921875 0.25
vt 0.4921875 0.4921875
vt 0.421875 0.328125
vt 0.46875 0.25
vt 0.4921875 0.25
vt 0.4921875 0.4921875
vt 0.4921875 0.2421875
vt 0.421875 0.078125
vt 0.4921875 0
vt 0 0
vt 0.0234375 0
vt 0 0.25
vt 0.0234375 0.25
vt 0.46875 0
vt 0.4921875 0
vt 0.46875 0.25
vt 0.4921875 0.25
vn 0 -1.2246467991473532e-16 -1
vn 0 -1.2246467991473532e-16 -1
vn 0 -1.2246467991473532e-16 -1
vn 0 -1.2246467991473532e-16 -1
vn 0 -1.2246467991473532e-16 -1
vn 0 -1.2246467991473532e-16 -1
vn 0 1.2246467991473532e-16 1
vn 0 1.2246467991473532e-16 1
vn 0 1.2246467991473532e-16 1
vn 0 -1.2246467991473532e-16 -1
vn 0 -1.2246467991473532e-16 -1
vn 0 -1.2246467991473532e-16 -1
vn 0 -1.2246467991473532e-16 -1
vn 0 -1.2246467991473532e-16 -1
vn 0 -1.2246467991473532e-16 -1
vn 0 -1.2246467991473532e-16 -1
vn 0 1.2246467991473532e-16 1
vn 0 1.2246467991473532e-16 1
vn 0 1.2246467991473532e-16 1
vn 0 1.2246467991473532e-16 1
f 2003/2003/2003 2002/2002/2002 2001/2001/2001
f 2006/2006/2006 2005/2005/2005 2004/2004/2004
f 2009/2009/2009 2008/2008/2008 2007/2007/2007
f 2012/2012/2012 2011/2011/2011 2010/2010/2010
f 2015/2015/2015 2014/2014/2014 2013/2013/2013
f 2014/2014/2014 2015/2015/2015 2016/2016/2016
f 2019/2019/2019 2018/2018/2018 2017/2017/2017
f 2018/2018/2018 2019/2019/2019 2020/2020/2020
o mesh_34
usemtl mat7
v 0 115.19999999999999 -64.00000000000001
v 8 107.19999999999999 -64.00000000000001
v 0 89.6 -64.00000000000001
vt 0.75 0
vt 0.8203125 0.0703125
vt 0.75 0.2421875
vn 0 1.2246467991473532e-16 1
vn 0 1.2246467991473532e-16 1
vn 0 1.2246467991473532e-16 1
f 2023/2023/2023 2022/2022/2022 2021/2021/2021
o mesh_35
usemtl mat11
v -2.4000000000000004 89.6 -102.40000000000002
v 0 115.19999999999999 -102.40000000000002
v 0 89.6 -102.40000000000002
v -2.4000000000000004 89.6 -76.80000000000003
v 0 89.6 -76.80000000000003
v 0 115.19999999999999 -76.80000000000003
v 0 -1.410793112617751e-14 -115.2
v 0 -1.2540383223268897e-14 -102.4
v 0 6.399999999999988 -102.4
v 0 36.800000000000004 -25.600000000000005
v 0 38.400000000000006 -25.600000000000005
v 0 38.4 -38.40000000000001
v 0 38.39999999999999 -102.4
v 0 38.39999999999999 -115.2
v 0 25.599999999999987 -115.2
v 0 38.4 -38.40000000000001
v 0 38.400000000000006 -25.600000000000005
v 0 51.2 -25.60000000000001
v 0 89.6 -128
v 0 98.39999999999999 -128
v 0 89.6 -140.8
v 0 6.399999999999991 -76.80000000000001
v 0 -9.405287417451674e-15 -76.80000000000001
v 0 -7.83773951454306e-15 -64
v 0 115.19999999999999 -64.00000000000001
v 0 89.6 -64.00000000000001
v 0 89.60000000000001 -51.20000000000002
v 0 -1.410793112617751e-14 -115.2
v 0 6.399999999999988 -102.4
v 0 12.799999999999986 -115.2
v 0 12.799999999999988 -102.4
v 0 63.99999999999999 -38.40000000000001
v 0 64 -25.60000000000001
v 0 89.60000000000001 -38.40000000000002
v 0 89.60000000000001 -25.600000000000012
v 0 12.799999999999995 -38.400000000000006
v 0 -4.702643708725837e-15 -38.400000000000006
v 0 12.799999999999997 -25.6
v 0 -3.1350958058172244e-15 -25.6
v 0 12.799999999999994 -51.2
v 0 -6.270191611634449e-15 -51.2
v 0 12.799999999999995 -38.400000000000006
v 0 -4.702643708725837e-15 -38.400000000000006
v 8 107.2 -25.600000000000016
v 8 107.2 -38.40000000000002
v 0 89.60000000000001 -25.600000000000012
v 0 89.60000000000001 -38.40000000000002
v 0 100.8 -115.20000000000002
v 0 89.6 -115.20000000000002
v 0 115.19999999999999 -102.40000000000002
v 0 89.6 -102.40000000000002
v 0 12.799999999999988 -102.4
v 0 6.399999999999988 -102.4
v 0 12.79999999999999 -89.60000000000001
v 0 6.39999999999999 -89.60000000000001
v 0 89.6 -115.20000000000002
v 0 100.8 -115.20000000000002
v 0 89.6 -128
v 0 98.39999999999999 -128
v 0 63.999999999999986 -115.20000000000002
v 0 63.999999999999986 -102.40000000000002
v 0 89.6 -115.20000000000002
v 0 89.6 -102.40000000000002
v 0 63.99999999999999 -64.00000000000001
v 0 89.6 -64.00000000000001
v 0 63.99999999999999 -76.80000000000003
v 0 89.6 -76.80000000000003
v 8 107.19999999999999 -76.80000000000003
v 0 89.6 -76.80000000000003
v 8 107.19999999999999 -64.00000000000001
v 0 89.6 -64.00000000000001
v 0 -7.83773951454306e-15 -64
v 0 12.799999999999994 -64
v 0 6.399999999999991 -76.80000000000001
v 0 12.799999999999992 -76.80000000000001
v 0 12.79999999999999 -89.60000000000001
v 0 6.39999999999999 -89.60000000000001
v 0 12.799999999999992 -76.80000000000001
v 0 6.399999999999991 -76.80000000000001
v 0 12.799999999999994 -64
v 0 -7.83773951454306e-15 -64
v 0 12.799999999999994 -51.2
v 0 -6.270191611634449e-15 -51.2
v 0 89.60000000000001 -51.20000000000002
v 0 89.60000000000001 -38.40000000000002
v 0 115.19999999999999 -64.00000000000001
v 0 115.2 -38.40000000000002
vt 0.96875 0.7421875
vt 0.9921875 0.5
vt 0.9921875 0.7421875
vt 0.7734375 0.7421875
vt 0.75 0.7421875
vt 0.75 0.5
vt 0.6171875 0.9921875
vt 0.5 0.9921875
vt 0.5 0.9375
vt 0.5 0.625
vt 0.5 0.625
vt 0.6171875 0.625
vt 0.5 0.625
vt 0.6171875 0.625
vt 0.6171875 0.75
vt 0.6171875 0.8671875
vt 0.5 0.8671875
vt 0.5 0.75
vt 0.875 0.7421875
vt 0.875 0.6875
vt 0.9921875 0.7421875
vt 0.6171875 0.9375
vt 0.6171875 0.9921875
vt 0.5 0.9921875
vt 0.9921875 0.5
vt 0.9921875 0.7421875
vt 0.875 0.7421875
vt 0.6171875 0.9921875
vt 0.5 0.9375
vt 0.6171875 0.875
vt 0.5 0.875
vt 0.6171875 0.7421875
vt 0.5 0.7421875
vt 0.6171875 0.5
vt 0.5 0.5
vt 0.6171875 0.875
vt 0.6171875 0.9921875
vt 0.5 0.875
vt 0.5 0.9921875
vt 0.875 0.75
vt 0.875 0.8671875
vt 0.75 0.75
vt 0.75 0.8671875
vt 0.625 0.5
vt 0.7421875 0.5
vt 0.625 0.7421875
vt 0.7421875 0.7421875
vt 0.7421875 0.5
vt 0.7421875 0.7421875
vt 0.625 0.5
vt 0.625 0.7421875
vt 0.9921875 0.75
vt 0.9921875 0.796875
vt 0.875 0.75
vt 0.875 0.796875
vt 0.75 0.7421875
vt 0.75 0.65625
vt 0.875 0.7421875
vt 0.875 0.6875
vt 0.6171875 0.8671875
vt 0.5 0.8671875
vt 0.6171875 0.625
vt 0.5 0.625
vt 0.5 0.75
vt 0.5 0.5
vt 0.6171875 0.75
vt 0.6171875 0.5
vt 0.7421875 0.625
vt 0.7421875 0.7421875
vt 0.625 0.625
vt 0.625 0.7421875
vt 0.5 0.9921875
vt 0.5 0.875
vt 0.6171875 0.9375
vt 0.6171875 0.875
vt 0.875 0.75
vt 0.875 0.796875
vt 0.75 0.75
vt 0.75 0.796875
vt 0.9921875 0.75
vt 0.9921875 0.8671875
vt 0.875 0.75
vt 0.875 0.8671875
vt 0.875 0.7421875
vt 0.75 0.7421875
vt 0.9921875 0.5
vt 0.75 0.5
vn 0 1.2246467991473532e-16 1
vn 0 1.2246467991473532e-16 1
vn 0 1.2246467991473532e-16 1
vn 0 -1.2246467991473532e-16 -1
vn 0 -1.2246467991473532e-16 -1
vn 0 -1.2246467991473532e-16 -1
vn 1 0 0
vn 1 0 0
vn 1 0 0
vn 1 0 0
vn 1 0 0
vn 1 0 0
vn 1 0 0
vn 1 0 0
vn 1 0 0
vn 1 0 0
vn 1 0 0
vn 1 0 0
vn 1 0 0
vn 1 0 0
vn 1 0 0
vn 1 0 0
vn 1 0 0
vn 1 0 0
vn 1 0 0
vn 1 0 0
vn 1 0 0
vn 1 0 0
vn 1 0 0
vn 1 0 0
vn 1 0 0
vn 1 0 0
vn 1 0 0
vn 1 0 0
vn 1 0 0
vn 1 0 0
vn 1 0 0
vn 1 0 0
vn 1 0 0
vn 1 0 0
vn 1 0 0
vn 1 0 0
vn 1 0 0
vn 0.9103664744007224 -0.41380295103732534 5.067624594655893e-17
vn 0.9103664744007224 -0.41380295103732534 5.067624594655893e-17
vn 0.9103664744007224 -0.41380295103732534 5.067624594655893e-17
vn 0.9103664744007224 -0.41380295103732534 5.067624594655893e-17
vn 1 0 0
vn 1 0 0
vn 1 0 0
vn 1 0 0
vn 1 0 0
vn 1 0 0
vn 1 0 0
vn 1 0 0
vn 1 0 0
vn 1 0 0
vn 1 0 0
vn 1 0 0
vn 1 0 0
vn 1 0 0
vn 1 0 0
vn 1 0 0
vn 1 0 0
vn 1 0 0
vn 1 0 0
vn 1 0 0
vn 0.9103664744007224 -0.41380295103732534 5.067624594655893e-17
vn 0.9103664744007224 -0.41380295103732534 5.067624594655893e-17
vn 0.9103664744007224 -0.41380295103732534 5.067624594655893e-17
vn 0.9103664744007224 -0.41380295103732534 5.067624594655893e-17
vn 1 0 0
vn 1 0 0
vn 1 0 0
vn 1 0 0
vn 1 0 0
vn 1 0 0
vn 1 0 0
vn 1 0 0
vn 1 0 0
vn 1 0 0
vn 1 0 0
vn 1 0 0
vn 1 0 0
vn 1 0 0
vn 1 0 0
vn 1 0 0
f 2026/2026/2026 2025/2025/2025 2024/2024/2024
f 2029/2029/2029 2028/2028/2028 2027/2027/2027
f 2032/2032/2032 2031/2031/2031 2030/2030/2030
f 2035/2035/2035 2034/2034/2034 2033/2033/2033
f 2038/2038/2038 2037/2037/2037 2036/2036/2036
f 2041/2041/2041 2040/2040/2040 2039/2039/2039
f 2044/2044/2044 2043/2043/2043 2042/2042/2042
f 2047/2047/2047 2046/2046/2046 2045/2045/2045
f 2050/2050/2050 2049/2049/2049 2048/2048/2048
f 2053/2053/2053 2052/2052/2052 2051/2051/2051
f 2052/2052/2052 2053/2053/2053 2054/2054/2054
f 2057/2057/2057 2056/2056/2056 2055/2055/2055
f 2056/2056/2056 2057/2057/2057 2058/2058/2058
f 2061/2061/2061 2060/2060/2060 2059/2059/2059
f 2060/2060/2060 2061/2061/2061 2062/2062/2062
f 2065/2065/2065 2064/2064/2064 2063/2063/2063
f 2064/2064/2064 2065/2065/2065 2066/2066/2066
f 2069/2069/2069 2068/2068/2068 2067/2067/2067
f 2068/2068/2068 2069/2069/2069 2070/2070/2070
f 2073/2073/2073 2072/2072/2072 2071/2071/2071
f 2072/2072/2072 2073/2073/2073 2074/2074/2074
f 2077/2077/2077 2076/2076/2076 2075/2075/2075
f 2076/2076/2076 2077/2077/2077 2078/2078/2078
f 2081/2081/2081 2080/2080/2080 2079/2079/2079
f 2080/2080/2080 2081/2081/2081 2082/2082/2082
f 2085/2085/2085 2084/2084/2084 2083/2083/2083
f 2084/2084/2084 2085/2085/2085 2086/2086/2086
f 2089/2089/2089 2088/2088/2088 2087/2087/2087
f 2088/2088/2088 2089/2089/2089 2090/2090/2090
f 2093/2093/2093 2092/2092/2092 2091/2091/2091
f 2092/2092/2092 2093/2093/2093 2094/2094/2094
f 2097/2097/2097 2096/2096/2096 2095/2095/2095
f 2096/2096/2096 2097/2097/2097 2098/2098/2098
f 2101/2101/2101 2100/2100/2100 2099/2099/2099
f 2100/2100/2100 2101/2101/2101 2102/2102/2102
f 2105/2105/2105 2104/2104/2104 2103/2103/2103
f 2104/2104/2104 2105/2105/2105 2106/2106/2106
f 2109/2109/2109 2108/2108/2108 2107/2107/2107
f 2108/2108/2108 2109/2109/2109 2110/2110/2110
o mesh_36
usemtl mat10
v 0 89.6 -64.00000000000001
v 0 63.99999999999999 -64.00000000000001
v 0 89.60000000000001 -51.20000000000002
v 0 63.99999999999999 -51.20000000000001
v 0 81.6 -153.60000000000002
v 0 63.99999999999998 -153.60000000000002
v 0 89.6 -140.8
v 0 63.999999999999986 -140.8
v 0 89.6 -140.8
v 0 63.999999999999986 -140.8
v 0 89.6 -128
v 0 63.999999999999986 -128
v 0 75.19999999999999 -166.4
v 0 63.99999999999998 -166.4
v 0 81.6 -153.60000000000002
v 0 63.99999999999998 -153.60000000000002
v 0 63.999999999999986 -128
v 0 63.999999999999986 -115.20000000000002
v 0 89.6 -128
v 0 89.6 -115.20000000000002
v -2.4000000000000004 89.6 -102.40000000000002
v 0 89.6 -102.40000000000002
v -2.4000000000000004 63.999999999999986 -102.40000000000002
v 0 63.999999999999986 -102.40000000000002
v -2.4000000000000004 63.99999999999999 -76.80000000000003
v 0 63.99999999999999 -76.80000000000003
v -2.4000000000000004 89.6 -76.80000000000003
v 0 89.6 -76.80000000000003
v 0 63.99999999999999 -38.40000000000001
v 0 89.60000000000001 -38.40000000000002
v 0 63.99999999999999 -51.20000000000001
v 0 89.60000000000001 -51.20000000000002
vt 0.7421875 0.25
vt 0.7421875 0.4921875
vt 0.625 0.25
vt 0.625 0.4921875
vt 0.8671875 0.3125
vt 0.8671875 0.4921875
vt 0.7421875 0.25
vt 0.7421875 0.4921875
vt 0.75 0.25
vt 0.75 0.4921875
vt 0.625 0.25
vt 0.625 0.4921875
vt 0.9921875 0.34375
vt 0.9921875 0.4921875
vt 0.8671875 0.3125
vt 0.8671875 0.4921875
vt 0.625 0.4921875
vt 0.5 0.4921875
vt 0.625 0.25
vt 0.5 0.25
vt 0.96875 0.25
vt 0.9921875 0.25
vt 0.96875 0.4921875
vt 0.9921875 0.4921875
vt 0.5234375 0.4921875
vt 0.5 0.4921875
vt 0.5234375 0.25
vt 0.5 0.25
vt 0.5 0.4921875
vt 0.5 0.25
vt 0.625 0.4921875
vt 0.625 0.25
vn 1 0 0
vn 1 0 0
vn 1 0 0
vn 1 0 0
vn 1 0 0
vn 1 0 0
vn 1 0 0
vn 1 0 0
vn 1 0 0
vn 1 0 0
vn 1 0 0
vn 1 0 0
vn 1 0 0
vn 1 0 0
vn 1 0 0
vn 1 0 0
vn 1 0 0
vn 1 0 0
vn 1 0 0
vn 1 0 0
vn 0 1.2246467991473532e-16 1
vn 0 1.2246467991473532e-16 1
vn 0 1.2246467991473532e-16 1
vn 0 1.2246467991473532e-16 1
vn 0 -1.2246467991473532e-16 -1
vn 0 -1.2246467991473532e-16 -1
vn 0 -1.2246467991473532e-16 -1
vn 0 -1.2246467991473532e-16 -1
vn 1 0 0
vn 1 0 0
vn 1 0 0
vn 1 0 0
f 2113/2113/2113 2112/2112/2112 2111/2111/2111
f 2112/2112/2112 2113/2113/2113 2114/2114/2114
f 2117/2117/2117 2116/2116/2116 2115/2115/2115
f 2116/2116/2116 2117/2117/2117 2118/2118/2118
f 2121/2121/2121 2120/2120/2120 2119/2119/2119
f 2120/2120/2120 2121/2121/2121 2122/2122/2122
f 2125/2125/2125 2124/2124/2124 2123/2123/2123
f 2124/2124/2124 2125/2125/2125 2126/2126/2126
f 2129/2129/2129 2128/2128/2128 2127/2127/2127
f 2128/2128/2128 2129/2129/2129 2130/2130/2130
f 2133/2133/2133 2132/2132/2132 2131/2131/2131
f 2132/2132/2132 2133/2133/2133 2134/2134/2134
f 2137/2137/2137 2136/2136/2136 2135/2135/2135
f 2136/2136/2136 2137/2137/2137 2138/2138/2138
f 2141/2141/2141 2140/2140/2140 2139/2139/2139
f 2140/2140/2140 2141/2141/2141 2142/2142/2142
o mesh_37
usemtl mat11
v 38.400000000000006 103.99999999999999 -166.4
v 25.6 110.39999999999999 -140.8
v 64 110.39999999999999 -140.8
v 51.2 100.8 -166.4
v 64 110.39999999999999 -140.8
v 64 89.6 -166.4
v 89.60000000000001 98.39999999999999 -140.8
v 89.60000000000001 89.6 -153.60000000000002
v 76.80000000000001 89.6 -166.4
v 89.60000000000001 102.39999999999999 -128
v 89.60000000000001 98.39999999999999 -140.8
v 64 110.39999999999999 -140.8
v 64 110.39999999999999 -140.8
v 51.2 100.8 -166.4
v 38.400000000000006 103.99999999999999 -166.4
v 89.60000000000001 115.19999999999999 -102.40000000000002
v 89.60000000000001 111.99999999999999 -115.20000000000002
v 64 115.19999999999999 -115.20000000000002
v 64 110.39999999999999 -140.8
v 64 115.19999999999999 -115.20000000000002
v 89.60000000000001 102.39999999999999 -128
v 25.6 115.19999999999999 -115.20000000000002
v 0 100.8 -115.20000000000002
v 0 115.19999999999999 -102.40000000000002
v 12.8 81.6 -166.4
v 0 75.19999999999999 -166.4
v 0 81.6 -153.60000000000002
v 38.400000000000006 103.99999999999999 -166.4
v 25.6 89.6 -166.4
v 25.6 110.39999999999999 -140.8
v 64 89.6 -166.4
v 64 110.39999999999999 -140.8
v 76.80000000000001 89.6 -166.4
v 64 115.19999999999999 -115.20000000000002
v 89.60000000000001 111.99999999999999 -115.20000000000002
v 89.60000000000001 102.39999999999999 -128
v 89.60000000000001 89.6 -153.60000000000002
v 89.60000000000001 83.19999999999999 -166.4
v 76.80000000000001 89.6 -166.4
v 0 89.6 -140.8
v 25.6 110.39999999999999 -140.8
v 25.6 89.6 -166.4
v 0 98.39999999999999 -128
v 25.6 110.39999999999999 -140.8
v 0 89.6 -140.8
v 76.80000000000001 89.6 -166.4
v 64 110.39999999999999 -140.8
v 89.60000000000001 98.39999999999999 -140.8
v 64 115.2 -38.40000000000002
v 81.60000000000001 107.2 -38.40000000000002
v 89.60000000000001 115.2 -38.40000000000002
v 64 115.19999999999999 -115.20000000000002
v 64 115.19999999999999 -89.60000000000002
v 89.60000000000001 115.19999999999999 -102.40000000000002
v 89.60000000000001 115.19999999999999 -89.60000000000002
v 25.6 115.19999999999999 -89.60000000000002
v 64 115.19999999999999 -89.60000000000002
v 25.6 115.19999999999999 -115.20000000000002
v 64 115.19999999999999 -115.20000000000002
v 25.6 115.19999999999999 -76.80000000000003
v 25.6 115.19999999999999 -64.00000000000001
v 64 115.19999999999999 -76.80000000000003
v 64 115.19999999999999 -64.00000000000001
v 64 115.2 -25.600000000000016
v 81.60000000000001 107.2 -25.600000000000016
v 64 115.2 -38.40000000000002
v 81.60000000000001 107.2 -38.40000000000002
v 25.6 115.2 -38.40000000000002
v 8 107.2 -38.40000000000002
v 25.6 115.2 -25.600000000000016
v 8 107.2 -25.600000000000016
v 81.60000000000001 107.19999999999999 -64.00000000000001
v 81.60000000000001 107.19999999999999 -76.80000000000003
v 64 115.19999999999999 -64.00000000000001
v 64 115.19999999999999 -76.80000000000003
v 8 107.19999999999999 -76.80000000000003
v 8 107.19999999999999 -64.00000000000001
v 25.6 115.19999999999999 -76.80000000000003
v 25.6 115.19999999999999 -64.00000000000001
v 0 115.19999999999999 -102.40000000000002
v 0 115.19999999999999 -89.60000000000002
v 25.6 115.19999999999999 -115.20000000000002
v 25.6 115.19999999999999 -89.60000000000002
v 25.6 115.2 -25.600000000000016
v 64 115.2 -25.600000000000016
v 25.6 115.2 -38.40000000000002
v 64 115.2 -38.40000000000002
v 25.6 115.19999999999999 -64.00000000000001
v 25.6 115.2 -38.40000000000002
v 64 115.19999999999999 -64.00000000000001
v 64 115.2 -38.40000000000002
v 64 115.19999999999999 -89.60000000000002
v 64 115.19999999999999 -76.80000000000003
v 89.60000000000001 115.19999999999999 -89.60000000000002
v 89.60000000000001 115.19999999999999 -76.80000000000003
v 25.6 115.19999999999999 -89.60000000000002
v 25.6 115.19999999999999 -76.80000000000003
v 64 115.19999999999999 -89.60000000000002
v 64 115.19999999999999 -76.80000000000003
v 0 115.19999999999999 -89.60000000000002
v 0 115.19999999999999 -76.80000000000003
v 25.6 115.19999999999999 -89.60000000000002
v 25.6 115.19999999999999 -76.80000000000003
v 0 81.6 -153.60000000000002
v 0 89.6 -140.8
v 12.8 81.6 -166.4
v 25.6 89.6 -166.4
v 25.6 110.39999999999999 -140.8
v 25.6 115.19999999999999 -115.20000000000002
v 64 110.39999999999999 -140.8
v 64 115.19999999999999 -115.20000000000002
v 0 98.39999999999999 -128
v 0 100.8 -115.20000000000002
v 25.6 110.39999999999999 -140.8
v 25.6 115.19999999999999 -115.20000000000002
v 89.60000000000001 115.2 -38.40000000000002
v 89.60000000000001 115.19999999999999 -64.00000000000001
v 64 115.2 -38.40000000000002
v 64 115.19999999999999 -64.00000000000001
v 0 115.19999999999999 -64.00000000000001
v 0 115.2 -38.40000000000002
v 25.6 115.19999999999999 -64.00000000000001
v 25.6 115.2 -38.40000000000002
vt 0.9921875 0.6328125
vt 0.75 0.7421875
vt 0.75 0.5
vt 0.9921875 0.5625
vt 0.75 0.5
vt 0.9921875 0.5
vt 0.75 0.5
vt 0.875 0.5
vt 0.9921875 0.625
vt 0.875 0.5
vt 0.9921875 0.5
vt 0.9921875 0.7421875
vt 0.75 0.5
vt 0.9921875 0.5625
vt 0.9921875 0.6328125
vt 0.875 0.5
vt 0.9921875 0.5
vt 0.9921875 0.7421875
vt 0.9921875 0.7421875
vt 0.75 0.7421875
vt 0.875 0.5
vt 0.9921875 0.5
vt 0.9921875 0.7421875
vt 0.875 0.7421875
vt 0.9921875 0.625
vt 0.9921875 0.7421875
vt 0.875 0.7421875
vt 0.9921875 0.6328125
vt 0.9921875 0.7421875
vt 0.75 0.7421875
vt 0.9921875 0.7421875
vt 0.75 0.7421875
vt 0.9921875 0.625
vt 0.75 0.7421875
vt 0.75 0.5
vt 0.875 0.5
vt 0.875 0.5
vt 0.984375 0.5
vt 0.9921875 0.625
vt 0.75 0.7421875
vt 0.75 0.5
vt 0.9921875 0.5
vt 0.875 0.7421875
vt 0.9921875 0.5
vt 0.9921875 0.7421875
vt 0.9921875 0.625
vt 0.75 0.7421875
vt 0.75 0.5
vt 0.9921875 0.5
vt 0.9921875 0.625
vt 0.75 0.625
vt 0.9921875 0.7421875
vt 0.75 0.7421875
vt 0.875 0.5
vt 0.75 0.5
vt 0.75 0.7421875
vt 0.75 0.5
vt 0.9921875 0.7421875
vt 0.9921875 0.5
vt 0.875 0.7421875
vt 0.75 0.7421875
vt 0.875 0.5
vt 0.75 0.5
vt 0.7421875 0.5
vt 0.7421875 0.5859375
vt 0.625 0.5
vt 0.625 0.5859375
vt 0.7421875 0.5
vt 0.7421875 0.625
vt 0.625 0.5
vt 0.625 0.625
vt 0.7421875 0.5859375
vt 0.625 0.5859375
vt 0.7421875 0.5
vt 0.625 0.5
vt 0.7421875 0.625
vt 0.625 0.625
vt 0.7421875 0.5
vt 0.625 0.5
vt 0.875 0.7421875
vt 0.75 0.7421875
vt 0.9921875 0.5
vt 0.75 0.5
vt 0.9921875 0.5
vt 0.9921875 0.7421875
vt 0.75 0.5
vt 0.75 0.7421875
vt 0.9921875 0.7421875
vt 0.75 0.7421875
vt 0.9921875 0.5
vt 0.75 0.5
vt 0.9921875 0.7421875
vt 0.875 0.7421875
vt 0.9921875 0.5
vt 0.875 0.5
vt 0.9921875 0.7421875
vt 0.875 0.7421875
vt 0.9921875 0.5
vt 0.875 0.5
vt 0.9921875 0.7421875
vt 0.875 0.7421875
vt 0.9921875 0.5
vt 0.875 0.5
vt 0.875 0.7421875
vt 0.75 0.7421875
vt 0.9921875 0.625
vt 0.9921875 0.5
vt 0.9921875 0.7421875
vt 0.75 0.7421875
vt 0.9921875 0.5
vt 0.75 0.5
vt 0.875 0.7421875
vt 0.75 0.7421875
vt 0.9921875 0.5
vt 0.75 0.5
vt 0.75 0.7421875
vt 0.9921875 0.7421875
vt 0.75 0.5
vt 0.9921875 0.5
vt 0.9921875 0.5
vt 0.75 0.5
vt 0.9921875 0.7421875
vt 0.75 0.7421875
vn 0 -0.9701425001453319 0.24253562503633308
vn 0 -0.9701425001453319 0.24253562503633308
vn 0 -0.9701425001453319 0.24253562503633308
vn -0.5618006564679254 -0.6420578931062004 0.5216720083464657
vn -0.5618006564679254 -0.6420578931062004 0.5216720083464657
vn -0.5618006564679254 -0.6420578931062004 0.5216720083464657
vn -0.49292180176311207 -0.7169771228520574 0.4929218017631122
vn -0.49292180176311207 -0.7169771228520574 0.4929218017631122
vn -0.49292180176311207 -0.7169771228520574 0.4929218017631122
vn -0.40839958607138666 -0.8712524264437668 0.27226639071425784
vn -0.40839958607138666 -0.8712524264437668 0.27226639071425784
vn -0.40839958607138666 -0.8712524264437668 0.27226639071425784
vn -0.2182178902359924 -0.8728715609439696 0.4364357804719849
vn -0.2182178902359924 -0.8728715609439696 0.4364357804719849
vn -0.2182178902359924 -0.8728715609439696 0.4364357804719849
vn -0.12038585308576921 -0.9630868246861537 0.24077170617153854
vn -0.12038585308576921 -0.9630868246861537 0.24077170617153854
vn -0.12038585308576921 -0.9630868246861537 0.24077170617153854
vn -0.37082364034327675 -0.9127966485677087 0.1711493678811553
vn -0.37082364034327675 -0.9127966485677087 0.1711493678811553
vn -0.37082364034327675 -0.9127966485677087 0.1711493678811553
vn 0.3500594272702112 -0.6223278773253361 0.7001188545404226
vn 0.3500594272702112 -0.6223278773253361 0.7001188545404226
vn 0.3500594272702112 -0.6223278773253361 0.7001188545404226
vn 0.408248290463863 -0.816496580927726 0.40824829046386313
vn 0.408248290463863 -0.816496580927726 0.40824829046386313
vn 0.408248290463863 -0.816496580927726 0.40824829046386313
vn 0.6577056795901022 -0.5846272839922344 0.4750096607931098
vn 0.6577056795901022 -0.5846272839922344 0.4750096607931098
vn 0.6577056795901022 -0.5846272839922344 0.4750096607931098
vn 0 -0.776113985530658 0.6305926430459822
vn 0 -0.776113985530658 0.6305926430459822
vn 0 -0.776113985530658 0.6305926430459822
vn -0.09950371990621641 -0.7960297592497313 0.5970223045361371
vn -0.09950371990621641 -0.7960297592497313 0.5970223045361371
vn -0.09950371990621641 -0.7960297592497313 0.5970223045361371
vn -0.408248290463863 -0.816496580927726 0.40824829046386313
vn -0.408248290463863 -0.816496580927726 0.40824829046386313
vn -0.408248290463863 -0.816496580927726 0.40824829046386313
vn 0.53339647375454 -0.6564879310181144 0.53339647375454
vn 0.53339647375454 -0.6564879310181144 0.53339647375454
vn 0.53339647375454 -0.6564879310181144 0.53339647375454
vn 0.5563486303300792 -0.6847367987157303 0.47075653794119365
vn 0.5563486303300792 -0.6847367987157303 0.47075653794119365
vn 0.5563486303300792 -0.6847367987157303 0.47075653794119365
vn -0.37602961558752285 -0.8021965132533821 0.4637698592246116
vn -0.37602961558752285 -0.8021965132533821 0.4637698592246116
vn -0.37602961558752285 -0.8021965132533821 0.4637698592246116
vn 0 -1.2246467991473532e-16 -1
vn 0 -1.2246467991473532e-16 -1
vn 0 -1.2246467991473532e-16 -1
vn 0 -1 1.2246467991473532e-16
vn 0 -1 1.2246467991473532e-16
vn 0 -1 1.2246467991473532e-16
vn 0 -1 1.2246467991473532e-16
vn 0 -1 1.2246467991473532e-16
vn 0 -1 1.2246467991473532e-16
vn 0 -1 1.2246467991473532e-16
vn 0 -1 1.2246467991473532e-16
vn 0 -1 1.2246467991473532e-16
vn 0 -1 1.2246467991473532e-16
vn 0 -1 1.2246467991473532e-16
vn 0 -1 1.2246467991473532e-16
vn -0.41380295103732534 -0.9103664744007224 1.1148773889259053e-16
vn -0.41380295103732534 -0.9103664744007224 1.1148773889259053e-16
vn -0.41380295103732534 -0.9103664744007224 1.1148773889259053e-16
vn -0.41380295103732534 -0.9103664744007224 1.1148773889259053e-16
vn 0.41380295103732534 -0.9103664744007224 1.1148773889259053e-16
vn 0.41380295103732534 -0.9103664744007224 1.1148773889259053e-16
vn 0.41380295103732534 -0.9103664744007224 1.1148773889259053e-16
vn 0.41380295103732534 -0.9103664744007224 1.1148773889259053e-16
vn -0.41380295103732534 -0.9103664744007224 1.1148773889259053e-16
vn -0.41380295103732534 -0.9103664744007224 1.1148773889259053e-16
vn -0.41380295103732534 -0.9103664744007224 1.1148773889259053e-16
vn -0.41380295103732534 -0.9103664744007224 1.1148773889259053e-16
vn 0.41380295103732534 -0.9103664744007224 1.1148773889259053e-16
vn 0.41380295103732534 -0.9103664744007224 1.1148773889259053e-16
vn 0.41380295103732534 -0.9103664744007224 1.1148773889259053e-16
vn 0.41380295103732534 -0.9103664744007224 1.1148773889259053e-16
vn 0 -1 1.2246467991473532e-16
vn 0 -1 1.2246467991473532e-16
vn 0 -1 1.2246467991473532e-16
vn 0 -1 1.2246467991473532e-16
vn 0 -1 1.2246467991473532e-16
vn 0 -1 1.2246467991473532e-16
vn 0 -1 1.2246467991473532e-16
vn 0 -1 1.2246467991473532e-16
vn 0 -1 1.2246467991473532e-16
vn 0 -1 1.2246467991473532e-16
vn 0 -1 1.2246467991473532e-16
vn 0 -1 1.2246467991473532e-16
vn 0 -1 1.2246467991473532e-16
vn 0 -1 1.2246467991473532e-16
vn 0 -1 1.2246467991473532e-16
vn 0 -1 1.2246467991473532e-16
vn 0 -1 1.2246467991473532e-16
vn 0 -1 1.2246467991473532e-16
vn 0 -1 1.2246467991473532e-16
vn 0 -1 1.2246467991473532e-16
vn 0 -1 1.2246467991473532e-16
vn 0 -1 1.2246467991473532e-16
vn 0 -1 1.2246467991473532e-16
vn 0 -1 1.2246467991473532e-16
vn 0.46829289742528263 -0.7492686597223104 0.46829289742528274
vn 0.46829289742528263 -0.7492686597223104 0.46829289742528274
vn 0.46829289742528263 -0.7492686597223104 0.46829289742528274
vn 0.46829289742528263 -0.7492686597223104 0.46829289742528274
vn 0 -0.9828721876090913 0.18428853145141444
vn 0 -0.9828721876090913 0.18428853145141444
vn 0 -0.9828721876090913 0.18428853145141444
vn 0 -0.9828721876090913 0.18428853145141444
vn 0.4838429861006845 -0.8601653351143916 0.16128100033394854
vn 0.4838429861006845 -0.8601653351143916 0.16128100033394854
vn 0.4838429861006845 -0.8601653351143916 0.16128100033394854
vn 0.4838429861006845 -0.8601653351143916 0.16128100033394854
vn 0 -1 1.2246467991473532e-16
vn 0 -1 1.2246467991473532e-16
vn 0 -1 1.2246467991473532e-16
vn 0 -1 1.2246467991473532e-16
vn 0 -1 1.2246467991473532e-16
vn 0 -1 1.2246467991473532e-16
vn 0 -1 1.2246467991473532e-16
vn 0 -1 1.2246467991473532e-16
f 2145/2145/2145 2144/2144/2144 2143/2143/2143
f 2148/2148/2148 2147/2147/2147 2146/2146/2146
f 2151/2151/2151 2150/2150/2150 2149/2149/2149
f 2154/2154/2154 2153/2153/2153 2152/2152/2152
f 2157/2157/2157 2156/2156/2156 2155/2155/2155
f 2160/2160/2160 2159/2159/2159 2158/2158/2158
f 2163/2163/2163 2162/2162/2162 2161/2161/2161
f 2166/2166/2166 2165/2165/2165 2164/2164/2164
f 2169/2169/2169 2168/2168/2168 2167/2167/2167
f 2172/2172/2172 2171/2171/2171 2170/2170/2170
f 2175/2175/2175 2174/2174/2174 2173/2173/2173
f 2178/2178/2178 2177/2177/2177 2176/2176/2176
f 2181/2181/2181 2180/2180/2180 2179/2179/2179
f 2184/2184/2184 2183/2183/2183 2182/2182/2182
f 2187/2187/2187 2186/2186/2186 2185/2185/2185
f 2190/2190/2190 2189/2189/2189 2188/2188/2188
f 2193/2193/2193 2192/2192/2192 2191/2191/2191
f 2196/2196/2196 2195/2195/2195 2194/2194/2194
f 2195/2195/2195 2196/2196/2196 2197/2197/2197
f 2200/2200/2200 2199/2199/2199 2198/2198/2198
f 2199/2199/2199 2200/2200/2200 2201/2201/2201
f 2204/2204/2204 2203/2203/2203 2202/2202/2202
f 2203/2203/2203 2204/2204/2204 2205/2205/2205
f 2208/2208/2208 2207/2207/2207 2206/2206/2206
f 2207/2207/2207 2208/2208/2208 2209/2209/2209
f 2212/2212/2212 2211/2211/2211 2210/2210/2210
f 2211/2211/2211 2212/2212/2212 2213/2213/2213
f 2216/2216/2216 2215/2215/2215 2214/2214/2214
f 2215/2215/2215 2216/2216/2216 2217/2217/2217
f 2220/2220/2220 2219/2219/2219 2218/2218/2218
f 2219/2219/2219 2220/2220/2220 2221/2221/2221
f 2224/2224/2224 2223/2223/2223 2222/2222/2222
f 2223/2223/2223 2224/2224/2224 2225/2225/2225
f 2228/2228/2228 2227/2227/2227 2226/2226/2226
f 2227/2227/2227 2228/2228/2228 2229/2229/2229
f 2232/2232/2232 2231/2231/2231 2230/2230/2230
f 2231/2231/2231 2232/2232/2232 2233/2233/2233
f 2236/2236/2236 2235/2235/2235 2234/2234/2234
f 2235/2235/2235 2236/2236/2236 2237/2237/2237
f 2240/2240/2240 2239/2239/2239 2238/2238/2238
f 2239/2239/2239 2240/2240/2240 2241/2241/2241
f 2244/2244/2244 2243/2243/2243 2242/2242/2242
f 2243/2243/2243 2244/2244/2244 2245/2245/2245
f 2248/2248/2248 2247/2247/2247 2246/2246/2246
f 2247/2247/2247 2248/2248/2248 2249/2249/2249
f 2252/2252/2252 2251/2251/2251 2250/2250/2250
f 2251/2251/2251 2252/2252/2252 2253/2253/2253
f 2256/2256/2256 2255/2255/2255 2254/2254/2254
f 2255/2255/2255 2256/2256/2256 2257/2257/2257
f 2260/2260/2260 2259/2259/2259 2258/2258/2258
f 2259/2259/2259 2260/2260/2260 2261/2261/2261
f 2264/2264/2264 2263/2263/2263 2262/2262/2262
f 2263/2263/2263 2264/2264/2264 2265/2265/2265
o mesh_38
usemtl mat10
v 25.6 89.6 -166.4
v 38.400000000000006 87.99999999999997 -175.20000000000002
v 25.6 80.79999999999998 -175.20000000000002
v 25.6 89.6 -166.4
v 38.400000000000006 103.99999999999999 -166.4
v 38.400000000000006 87.99999999999997 -175.20000000000002
v 64 89.6 -166.4
v 51.2 84.79999999999998 -175.20000000000002
v 51.2 100.8 -166.4
v 64 89.6 -166.4
v 64 79.99999999999997 -175.20000000000002
v 51.2 84.79999999999998 -175.20000000000002
v 51.2 84.79999999999998 -175.20000000000002
v 38.400000000000006 87.99999999999997 -175.20000000000002
v 51.2 100.8 -166.4
v 38.400000000000006 103.99999999999999 -166.4
vt 0.5 0.25
vt 0.65625 0.4921875
vt 0.5 0.4921875
vt 0.5 0.25
vt 0.65625 0.25
vt 0.65625 0.4921875
vt 0.9921875 0.25
vt 0.84375 0.4921875
vt 0.84375 0.25
vt 0.9921875 0.25
vt 0.9921875 0.4921875
vt 0.84375 0.4921875
vt 0.84375 0.4921875
vt 0.65625 0.4921875
vt 0.84375 0.25
vt 0.65625 0.25
vn 0.3695856934096132 -0.6570412525964161 0.6570412525964163
vn 0.3695856934096132 -0.6570412525964161 0.6570412525964163
vn 0.3695856934096132 -0.6570412525964161 0.6570412525964163
vn 0.4766174847527959 -0.42365997982419135 0.7702908507332046
vn 0.4766174847527959 -0.42365997982419135 0.7702908507332046
vn 0.4766174847527959 -0.42365997982419135 0.7702908507332046
vn -0.388547130267101 -0.4440538376175528 0.8073706192687004
vn -0.388547130267101 -0.4440538376175528 0.8073706192687004
vn -0.388547130267101 -0.4440538376175528 0.8073706192687004
vn -0.24563336343806838 -0.6550223223697305 0.7145698062215243
vn -0.24563336343806838 -0.6550223223697305 0.7145698062215243
vn -0.24563336343806838 -0.6550223223697305 0.7145698062215243
vn -0.11961469021870527 -0.478458760874821 0.869925019772402
vn -0.11961469021870527 -0.478458760874821 0.869925019772402
vn -0.11961469021870527 -0.478458760874821 0.869925019772402
vn -0.11961469021870527 -0.478458760874821 0.869925019772402
f 2268/2268/2268 2267/2267/2267 2266/2266/2266
f 2271/2271/2271 2270/2270/2270 2269/2269/2269
f 2274/2274/2274 2273/2273/2273 2272/2272/2272
f 2277/2277/2277 2276/2276/2276 2275/2275/2275
f 2280/2280/2280 2279/2279/2279 2278/2278/2278
f 2279/2279/2279 2280/2280/2280 2281/2281/2281
o mesh_39
usemtl mat12
v 8 107.19999999999999 -76.80000000000003
v 25.6 115.19999999999999 -76.80000000000003
v 0 115.19999999999999 -76.80000000000003
v 0 115.2 -38.40000000000002
v 8 107.2 -38.40000000000002
v 25.6 115.2 -38.40000000000002
vt 0.421875 0.328125
vt 0.25 0.25
vt 0.4921875 0.25
vt 0.4921875 0
vt 0.421875 0.078125
vt 0.25 0
vn 0 -1.2246467991473532e-16 -1
vn 0 -1.2246467991473532e-16 -1
vn 0 -1.2246467991473532e-16 -1
vn 0 -1.2246467991473532e-16 -1
vn 0 -1.2246467991473532e-16 -1
vn 0 -1.2246467991473532e-16 -1
f 2284/2284/2284 2283/2283/2283 2282/2282/2282
f 2287/2287/2287 2286/2286/2286 2285/2285/2285
o mesh_40
usemtl mat7
v 89.60000000000001 115.19999999999999 -76.80000000000003
v 64 115.19999999999999 -76.80000000000003
v 81.60000000000001 107.19999999999999 -76.80000000000003
v 89.60000000000001 115.19999999999999 -64.00000000000001
v 81.60000000000001 107.19999999999999 -64.00000000000001
v 64 115.19999999999999 -64.00000000000001
v 25.6 115.19999999999999 -64.00000000000001
v 8 107.19999999999999 -64.00000000000001
v 0 115.19999999999999 -64.00000000000001
vt 0.75 0
vt 0.9921875 0
vt 0.828125 0.0703125
vt 0.9921875 0
vt 0.921875 0.078125
vt 0.75 0
vt 0.9921875 0
vt 0.8203125 0.0703125
vt 0.75 0
vn 0 -1.2246467991473532e-16 -1
vn 0 -1.2246467991473532e-16 -1
vn 0 -1.2246467991473532e-16 -1
vn 0 1.2246467991473532e-16 1
vn 0 1.2246467991473532e-16 1
vn 0 1.2246467991473532e-16 1
vn 0 1.2246467991473532e-16 1
vn 0 1.2246467991473532e-16 1
vn 0 1.2246467991473532e-16 1
f 2290/2290/2290 2289/2289/2289 2288/2288/2288
f 2293/2293/2293 2292/2292/2292 2291/2291/2291
f 2296/2296/2296 2295/2295/2295 2294/2294/2294
o mesh_41
usemtl mat12
v 70.4 38.399999999999984 -168
v 76.80000000000001 38.399999999999984 -168
v 76.80000000000001 25.59999999999998 -168
v 8.8 25.599999999999987 -115.2
v 12.8 25.599999999999987 -115.2
v 12.8 12.799999999999986 -115.2
v 12.8 38.39999999999999 -126.4
v 12.8 31.999999999999986 -126.4
v 12.8 31.999999999999986 -118.4
v 12.8 30.399999999999988 -126.4
v 12.8 25.599999999999987 -126.4
v 12.8 25.599999999999987 -119.2
v 11.200000000000001 12.799999999999985 -128
v 12.8 12.799999999999985 -126.4
v 12.8 25.599999999999987 -126.4
v 0 38.39999999999999 -128
v 0 31.999999999999986 -128
v 1.6 31.999999999999986 -128
v 12.8 12.799999999999986 -115.2
v 12.8 25.599999999999987 -115.2
v 12.8 25.599999999999987 -119.2
v 64 25.59999999999998 -168
v 64 12.79999999999998 -168
v 64 25.59999999999998 -172
v 64 25.59999999999998 -168
v 64 38.399999999999984 -168
v 67.2 38.399999999999984 -168
v 76.80000000000001 25.59999999999998 -168
v 76.80000000000001 12.79999999999998 -168
v 64 25.59999999999998 -168
v 64 12.79999999999998 -168
v 64 25.59999999999998 -172
v 64 38.399999999999984 -175.20000000000002
v 64 25.59999999999998 -168
v 64 38.399999999999984 -168
v 12.8 12.799999999999986 -115.2
v 0 12.799999999999986 -115.2
v 8.8 25.599999999999987 -115.2
v 0 25.599999999999987 -115.2
v 12.8 31.999999999999986 -118.4
v 12.8 35.999999999999986 -115.2
v 12.8 38.39999999999999 -126.4
v 12.8 38.39999999999999 -115.2
v 0 38.39999999999999 -115.2
v 12.8 38.39999999999999 -115.2
v 9.600000000000001 31.999999999999986 -115.2
v 12.8 35.999999999999986 -115.2
v 12.8 25.599999999999987 -119.2
v 12.8 25.599999999999987 -126.4
v 12.8 12.799999999999986 -115.2
v 12.8 12.799999999999985 -126.4
v 12.8 38.39999999999999 -126.4
v 11.200000000000001 38.39999999999999 -128
v 12.8 31.999999999999986 -126.4
v 11.200000000000001 31.999999999999986 -128
v 12.8 25.599999999999987 -126.4
v 12.8 30.399999999999988 -126.4
v 11.200000000000001 12.799999999999985 -128
v 11.200000000000001 30.399999999999988 -128
v 11.200000000000001 12.799999999999985 -128
v 11.200000000000001 30.399999999999988 -128
v 0 12.799999999999985 -128
v 0 30.399999999999988 -128
v 12.8 25.599999999999987 -119.2
v 12.8 31.999999999999986 -118.4
v 12.8 30.399999999999988 -126.4
v 12.8 31.999999999999986 -126.4
v 9.600000000000001 31.999999999999986 -115.2
v 8.8 25.599999999999987 -115.2
v 0 38.39999999999999 -115.2
v 0 25.599999999999987 -115.2
v 67.2 38.399999999999984 -168
v 70.4 38.399999999999984 -168
v 64 25.59999999999998 -168
v 76.80000000000001 25.59999999999998 -168
v 11.200000000000001 31.999999999999986 -128
v 11.200000000000001 38.39999999999999 -128
v 1.6 31.999999999999986 -128
v 0 38.39999999999999 -128
v 78.4 12.799999999999985 -128
v 89.60000000000001 12.799999999999985 -128
v 78.4 -1.567547902908612e-14 -128
v 89.60000000000001 -1.567547902908612e-14 -128
v 76.80000000000001 -1.900651832276692e-14 -155.20000000000002
v 76.80000000000001 -2.0182179249948383e-14 -164.8
v 78.4 12.799999999999981 -155.20000000000002
v 78.4 12.799999999999981 -164.8
v 78.4 12.799999999999981 -153.60000000000002
v 78.4 12.799999999999983 -140.8
v 76.80000000000001 -1.8810574834903348e-14 -153.60000000000002
v 76.80000000000001 -1.7243026931994733e-14 -140.8
v 76.80000000000001 -1.5871422516949698e-14 -129.6
v 76.80000000000001 -1.7243026931994733e-14 -140.8
v 78.4 12.799999999999985 -129.6
v 78.4 12.799999999999983 -140.8
vt 0.0625 0.125
vt 0.125 0.125
vt 0.125 0.25
vt 0.203125 0.25
vt 0.2421875 0.25
vt 0.2421875 0.3671875
vt 0.359375 0.125
vt 0.359375 0.1875
vt 0.265625 0.1875
vt 0.359375 0.203125
vt 0.359375 0.25
vt 0.28125 0.25
vt 0.390625 0.3671875
vt 0.359375 0.3671875
vt 0.359375 0.25
vt 0.4921875 0.125
vt 0.4921875 0.1875
vt 0.484375 0.1875
vt 0.25 0.3671875
vt 0.25 0.25
vt 0.28125 0.25
vt 0.4921875 0.2421875
vt 0.4921875 0.3671875
vt 0.4609375 0.2421875
vt 0 0.25
vt 0 0.125
vt 0.03125 0.125
vt 0.125 0.25
vt 0.125 0.3671875
vt 0 0.25
vt 0 0.3671875
vt 0.4609375 0.2421875
vt 0.4375 0.125
vt 0.4921875 0.2421875
vt 0.4921875 0.125
vt 0.2421875 0.3671875
vt 0.125 0.3671875
vt 0.203125 0.25
vt 0.125 0.25
vt 0.265625 0.1875
vt 0.25 0.1484375
vt 0.359375 0.125
vt 0.25 0.125
vt 0.125 0.125
vt 0.25 0.125
vt 0.21875 0.1875
vt 0.25 0.140625
vt 0.28125 0.25
vt 0.359375 0.25
vt 0.25 0.3671875
vt 0.359375 0.3671875
vt 0.359375 0.125
vt 0.3828125 0.125
vt 0.359375 0.1875
vt 0.3828125 0.1875
vt 0.359375 0.25
vt 0.359375 0.203125
vt 0.390625 0.3671875
vt 0.390625 0.203125
vt 0.390625 0.3671875
vt 0.390625 0.203125
vt 0.4921875 0.3671875
vt 0.4921875 0.203125
vt 0.28125 0.25
vt 0.265625 0.1875
vt 0.359375 0.203125
vt 0.359375 0.1875
vt 0.21875 0.1875
vt 0.203125 0.25
vt 0.125 0.125
vt 0.125 0.25
vt 0.03125 0.125
vt 0.0625 0.125
vt 0 0.25
vt 0.125 0.25
vt 0.3828125 0.1875
vt 0.3828125 0.125
vt 0.484375 0.1875
vt 0.4921875 0.125
vt 0.375 0.375
vt 0.4921875 0.375
vt 0.375 0.4921875
vt 0.4921875 0.4921875
vt 0.09375 0.4921875
vt 0 0.4921875
vt 0.09375 0.375
vt 0 0.375
vt 0.1171875 0.375
vt 0.25 0.375
vt 0.1171875 0.4921875
vt 0.25 0.4921875
vt 0.3671875 0.4921875
vt 0.25 0.4921875
vt 0.3671875 0.375
vt 0.25 0.375
vn 0 1.2246467991473532e-16 1
vn 0 1.2246467991473532e-16 1
vn 0 1.2246467991473532e-16 1
vn 0 1.2246467991473532e-16 1
vn 0 1.2246467991473532e-16 1
vn 0 1.2246467991473532e-16 1
vn 1 0 0
vn 1 0 0
vn 1 0 0
vn 1 0 0
vn 1 0 0
vn 1 0 0
vn 0.7071067811865475 -8.659560562354932e-17 -0.7071067811865475
vn 0.7071067811865475 -8.659560562354932e-17 -0.7071067811865475
vn 0.7071067811865475 -8.659560562354932e-17 -0.7071067811865475
vn 0 -1.2246467991473532e-16 -1
vn 0 -1.2246467991473532e-16 -1
vn 0 -1.2246467991473532e-16 -1
vn 1 0 0
vn 1 0 0
vn 1 0 0
vn -1 0 0
vn -1 0 0
vn -1 0 0
vn 0 1.2246467991473532e-16 1
vn 0 1.2246467991473532e-16 1
vn 0 1.2246467991473532e-16 1
vn 0 1.2246467991473532e-16 1
vn 0 1.2246467991473532e-16 1
vn 0 1.2246467991473532e-16 1
vn 0 1.2246467991473532e-16 1
vn -1 0 0
vn -1 0 0
vn -1 0 0
vn -1 0 0
vn 0 1.2246467991473532e-16 1
vn 0 1.2246467991473532e-16 1
vn 0 1.2246467991473532e-16 1
vn 0 1.2246467991473532e-16 1
vn 1 0 0
vn 1 0 0
vn 1 0 0
vn 1 0 0
vn 0 1.2246467991473532e-16 1
vn 0 1.2246467991473532e-16 1
vn 0 1.2246467991473532e-16 1
vn 0 1.2246467991473532e-16 1
vn 1 0 0
vn 1 0 0
vn 1 0 0
vn 1 0 0
vn 0.7071067811865475 -8.659560562354932e-17 -0.7071067811865475
vn 0.7071067811865475 -8.659560562354932e-17 -0.7071067811865475
vn 0.7071067811865475 -8.659560562354932e-17 -0.7071067811865475
vn 0.7071067811865475 -8.659560562354932e-17 -0.7071067811865475
vn 0.7071067811865475 -8.659560562354932e-17 -0.7071067811865475
vn 0.7071067811865475 -8.659560562354932e-17 -0.7071067811865475
vn 0.7071067811865475 -8.659560562354932e-17 -0.7071067811865475
vn 0.7071067811865475 -8.659560562354932e-17 -0.7071067811865475
vn 0 -1.2246467991473532e-16 -1
vn 0 -1.2246467991473532e-16 -1
vn 0 -1.2246467991473532e-16 -1
vn 0 -1.2246467991473532e-16 -1
vn 1 0 0
vn 1 0 0
vn 1 0 0
vn 1 0 0
vn 0 1.2246467991473532e-16 1
vn 0 1.2246467991473532e-16 1
vn 0 1.2246467991473532e-16 1
vn 0 1.2246467991473532e-16 1
vn 0 1.2246467991473532e-16 1
vn 0 1.2246467991473532e-16 1
vn 0 1.2246467991473532e-16 1
vn 0 1.2246467991473532e-16 1
vn 0 -1.2246467991473532e-16 -1
vn 0 -1.2246467991473532e-16 -1
vn 0 -1.2246467991473532e-16 -1
vn 0 -1.2246467991473532e-16 -1
vn 0 1.2246467991473532e-16 1
vn 0 1.2246467991473532e-16 1
vn 0 1.2246467991473532e-16 1
vn 0 1.2246467991473532e-16 1
vn -0.9922778767136676 0.12403473458920845 -1.5189874069776562e-17
vn -0.9922778767136676 0.12403473458920845 -1.5189874069776562e-17
vn -0.9922778767136676 0.12403473458920845 -1.5189874069776562e-17
vn -0.9922778767136676 0.12403473458920845 -1.5189874069776562e-17
vn -0.9922778767136676 0.12403473458920845 -1.5189874069776562e-17
vn -0.9922778767136676 0.12403473458920845 -1.5189874069776562e-17
vn -0.9922778767136676 0.12403473458920845 -1.5189874069776562e-17
vn -0.9922778767136676 0.12403473458920845 -1.5189874069776562e-17
vn -0.9922778767136676 0.12403473458920845 -1.5189874069776562e-17
vn -0.9922778767136676 0.12403473458920845 -1.5189874069776562e-17
vn -0.9922778767136676 0.12403473458920845 -1.5189874069776562e-17
vn -0.9922778767136676 0.12403473458920845 -1.5189874069776562e-17
f 2299/2299/2299 2298/2298/2298 2297/2297/2297
f 2302/2302/2302 2301/2301/2301 2300/2300/2300
f 2305/2305/2305 2304/2304/2304 2303/2303/2303
f 2308/2308/2308 2307/2307/2307 2306/2306/2306
f 2311/2311/2311 2310/2310/2310 2309/2309/2309
f 2314/2314/2314 2313/2313/2313 2312/2312/2312
f 2317/2317/2317 2316/2316/2316 2315/2315/2315
f 2320/2320/2320 2319/2319/2319 2318/2318/2318
f 2323/2323/2323 2322/2322/2322 2321/2321/2321
f 2326/2326/2326 2325/2325/2325 2324/2324/2324
f 2325/2325/2325 2326/2326/2326 2327/2327/2327
f 2330/2330/2330 2329/2329/2329 2328/2328/2328
f 2329/2329/2329 2330/2330/2330 2331/2331/2331
f 2334/2334/2334 2333/2333/2333 2332/2332/2332
f 2333/2333/2333 2334/2334/2334 2335/2335/2335
f 2338/2338/2338 2337/2337/2337 2336/2336/2336
f 2337/2337/2337 2338/2338/2338 2339/2339/2339
f 2342/2342/2342 2341/2341/2341 2340/2340/2340
f 2341/2341/2341 2342/2342/2342 2343/2343/2343
f 2346/2346/2346 2345/2345/2345 2344/2344/2344
f 2345/2345/2345 2346/2346/2346 2347/2347/2347
f 2350/2350/2350 2349/2349/2349 2348/2348/2348
f 2349/2349/2349 2350/2350/2350 2351/2351/2351
f 2354/2354/2354 2353/2353/2353 2352/2352/2352
f 2353/2353/2353 2354/2354/2354 2355/2355/2355
f 2358/2358/2358 2357/2357/2357 2356/2356/2356
f 2357/2357/2357 2358/2358/2358 2359/2359/2359
f 2362/2362/2362 2361/2361/2361 2360/2360/2360
f 2361/2361/2361 2362/2362/2362 2363/2363/2363
f 2366/2366/2366 2365/2365/2365 2364/2364/2364
f 2365/2365/2365 2366/2366/2366 2367/2367/2367
f 2370/2370/2370 2369/2369/2369 2368/2368/2368
f 2369/2369/2369 2370/2370/2370 2371/2371/2371
f 2374/2374/2374 2373/2373/2373 2372/2372/2372
f 2373/2373/2373 2374/2374/2374 2375/2375/2375
f 2378/2378/2378 2377/2377/2377 2376/2376/2376
f 2377/2377/2377 2378/2378/2378 2379/2379/2379
f 2382/2382/2382 2381/2381/2381 2380/2380/2380
f 2381/2381/2381 2382/2382/2382 2383/2383/2383
f 2386/2386/2386 2385/2385/2385 2384/2384/2384
f 2385/2385/2385 2386/2386/2386 2387/2387/2387
f 2390/2390/2390 2389/2389/2389 2388/2388/2388
f 2389/2389/2389 2390/2390/2390 2391/2391/2391
o mesh_42
usemtl mat11
v 12.8 -1.567547902908612e-14 -128
v 12.8 6.399999999999985 -126.4
v 11.200000000000001 6.399999999999984 -128
v 12.8 6.399999999999985 -126.4
v 12.8 -1.567547902908612e-14 -128
v 12.8 -1.410793112617751e-14 -115.2
v 12.8 -1.410793112617751e-14 -115.2
v 12.8 12.799999999999986 -115.2
v 12.8 6.399999999999985 -126.4
v 12.8 12.799999999999985 -126.4
v 11.200000000000001 12.799999999999985 -128
v 11.200000000000001 6.399999999999984 -128
v 12.8 12.799999999999985 -126.4
v 12.8 6.399999999999985 -126.4
v 0 12.799999999999985 -128
v 0 6.399999999999984 -128
v 11.200000000000001 12.799999999999985 -128
v 11.200000000000001 6.399999999999984 -128
v 12.8 12.799999999999986 -115.2
v 12.8 -1.410793112617751e-14 -115.2
v 0 12.799999999999986 -115.2
v 0 -1.410793112617751e-14 -115.2
v 12.8 -2.0182179249948383e-14 -164.8
v 12.8 -1.8810574834903348e-14 -153.60000000000002
v 11.200000000000001 6.39999999999998 -164.8
v 11.200000000000001 6.399999999999982 -153.60000000000002
v 11.200000000000001 6.399999999999982 -153.60000000000002
v 12.8 -1.8810574834903348e-14 -153.60000000000002
v 11.200000000000001 6.3999999999999835 -140.8
v 12.8 -1.7243026931994733e-14 -140.8
v 11.200000000000001 6.3999999999999835 -140.8
v 12.8 -1.7243026931994733e-14 -140.8
v 11.200000000000001 6.399999999999984 -128
v 12.8 -1.567547902908612e-14 -128
v 64 12.79999999999998 -168
v 76.80000000000001 12.79999999999998 -168
v 64 -2.037812273781196e-14 -166.4
v 76.80000000000001 -2.037812273781196e-14 -166.4
vt 0.875 0.8671875
vt 0.859375 0.8046875
vt 0.890625 0.8046875
vt 0.859375 0.8046875
vt 0.875 0.8671875
vt 0.75 0.8671875
vt 0.75 0.8671875
vt 0.75 0.75
vt 0.859375 0.8046875
vt 0.859375 0.75
vt 0.890625 0.75
vt 0.890625 0.8046875
vt 0.859375 0.75
vt 0.859375 0.8046875
vt 0.9921875 0.75
vt 0.9921875 0.8046875
vt 0.890625 0.75
vt 0.890625 0.8046875
vt 0.9921875 0.75
vt 0.9921875 0.8671875
vt 0.875 0.75
vt 0.875 0.8671875
vt 0.9921875 0.8671875
vt 0.875 0.8671875
vt 0.9921875 0.8125
vt 0.875 0.8125
vt 0.875 0.8125
vt 0.875 0.8671875
vt 0.75 0.8125
vt 0.75 0.8671875
vt 0.9921875 0.8125
vt 0.9921875 0.8671875
vt 0.875 0.8125
vt 0.875 0.8671875
vt 0.75 0.75
vt 0.875 0.75
vt 0.75 0.8671875
vt 0.875 0.8671875
vn 0.6963106238227914 0.17407765595569777 -0.6963106238227914
vn 0.6963106238227914 0.17407765595569777 -0.6963106238227914
vn 0.6963106238227914 0.17407765595569777 -0.6963106238227914
vn 1 0 0
vn 1 0 0
vn 1 0 0
vn 1 0 0
vn 1 0 0
vn 1 0 0
vn 1 0 0
vn 0.7071067811865475 -8.659560562354932e-17 -0.7071067811865475
vn 0.7071067811865475 -8.659560562354932e-17 -0.7071067811865475
vn 0.7071067811865475 -8.659560562354932e-17 -0.7071067811865475
vn 0.7071067811865475 -8.659560562354932e-17 -0.7071067811865475
vn 0 -1.2246467991473532e-16 -1
vn 0 -1.2246467991473532e-16 -1
vn 0 -1.2246467991473532e-16 -1
vn 0 -1.2246467991473532e-16 -1
vn 0 1.2246467991473532e-16 1
vn 0 1.2246467991473532e-16 1
vn 0 1.2246467991473532e-16 1
vn 0 1.2246467991473532e-16 1
vn 0.9701425001453319 0.24253562503633297 -2.970204768799478e-17
vn 0.9701425001453319 0.24253562503633297 -2.970204768799478e-17
vn 0.9701425001453319 0.24253562503633297 -2.970204768799478e-17
vn 0.9701425001453319 0.24253562503633297 -2.970204768799478e-17
vn 0.9701425001453319 0.24253562503633297 -2.970204768799478e-17
vn 0.9701425001453319 0.24253562503633297 -2.970204768799478e-17
vn 0.9701425001453319 0.24253562503633297 -2.970204768799478e-17
vn 0.9701425001453319 0.24253562503633297 -2.970204768799478e-17
vn 0.9701425001453319 0.24253562503633297 -2.970204768799478e-17
vn 0.9701425001453319 0.24253562503633297 -2.970204768799478e-17
vn 0.9701425001453319 0.24253562503633297 -2.970204768799478e-17
vn 0.9701425001453319 0.24253562503633297 -2.970204768799478e-17
vn 0 0.12403473458920856 0.9922778767136676
vn 0 0.12403473458920856 0.9922778767136676
vn 0 0.12403473458920856 0.9922778767136676
vn 0 0.12403473458920856 0.9922778767136676
f 2394/2394/2394 2393/2393/2393 2392/2392/2392
f 2397/2397/2397 2396/2396/2396 2395/2395/2395
f 2400/2400/2400 2399/2399/2399 2398/2398/2398
f 2399/2399/2399 2400/2400/2400 2401/2401/2401
f 2404/2404/2404 2403/2403/2403 2402/2402/2402
f 2403/2403/2403 2404/2404/2404 2405/2405/2405
f 2408/2408/2408 2407/2407/2407 2406/2406/2406
f 2407/2407/2407 2408/2408/2408 2409/2409/2409
f 2412/2412/2412 2411/2411/2411 2410/2410/2410
f 2411/2411/2411 2412/2412/2412 2413/2413/2413
f 2416/2416/2416 2415/2415/2415 2414/2414/2414
f 2415/2415/2415 2416/2416/2416 2417/2417/2417
f 2420/2420/2420 2419/2419/2419 2418/2418/2418
f 2419/2419/2419 2420/2420/2420 2421/2421/2421
f 2424/2424/2424 2423/2423/2423 2422/2422/2422
f 2423/2423/2423 2424/2424/2424 2425/2425/2425
f 2428/2428/2428 2427/2427/2427 2426/2426/2426
f 2427/2427/2427 2428/2428/2428 2429/2429/2429
o mesh_43
usemtl mat5
v 12.8 30.399999999999988 -126.4
v 12.8 30.399999999999988 -128
v 11.200000000000001 30.399999999999988 -128
v 11.200000000000001 30.399999999999988 -128
v 12.8 30.399999999999988 -128
v 11.200000000000001 31.999999999999986 -128
v 11.200000000000001 6.39999999999998 -164.8
v 12.8 6.39999999999998 -164.8
v 12.8 -2.0182179249948383e-14 -164.8
v 78.4 38.399999999999984 -153.60000000000002
v 78.4 51.19999999999998 -153.60000000000002
v 78.4 49.59999999999998 -154.4
v 78.4 12.799999999999985 -129.6
v 76.80000000000001 12.799999999999985 -129.6
v 76.80000000000001 -1.5871422516949698e-14 -129.6
v 76.80000000000001 -1.8810574834903348e-14 -153.60000000000002
v 76.80000000000001 12.799999999999981 -153.60000000000002
v 78.4 12.799999999999981 -153.60000000000002
v 78.4 12.799999999999981 -155.20000000000002
v 76.80000000000001 12.799999999999981 -155.20000000000002
v 76.80000000000001 -1.900651832276692e-14 -155.20000000000002
v 76.80000000000001 -2.0182179249948383e-14 -164.8
v 76.80000000000001 12.799999999999981 -164.8
v 78.4 12.799999999999981 -164.8
v 92 48.79999999999999 -128
v 89.60000000000001 49.59999999999999 -128
v 89.60000000000001 51.19999999999999 -128
v 91.2 25.599999999999987 -129.6
v 89.60000000000001 25.599999999999987 -129.6
v 89.60000000000001 12.799999999999985 -129.6
v 89.60000000000001 12.799999999999985 -128
v 89.60000000000001 25.599999999999987 -128
v 91.2 25.599999999999987 -128
v 12.8 30.399999999999988 -128
v 12.8 31.999999999999986 -128
v 12.8 30.399999999999984 -140.8
v 12.8 31.999999999999982 -140.8
v 12.8 31.999999999999986 -126.4
v 12.8 31.999999999999986 -128
v 12.8 30.399999999999988 -126.4
v 12.8 30.399999999999988 -128
v 76.80000000000001 -1.567547902908612e-14 -128
v 76.80000000000001 -1.5871422516949698e-14 -129.6
v 76.80000000000001 12.799999999999985 -128
v 76.80000000000001 12.799999999999985 -129.6
v 76.80000000000001 -2.0182179249948383e-14 -164.8
v 76.80000000000001 -2.037812273781196e-14 -166.4
v 76.80000000000001 12.799999999999981 -164.8
v 76.80000000000001 12.799999999999981 -166.4
v 76.80000000000001 12.799999999999981 -153.60000000000002
v 76.80000000000001 -1.8810574834903348e-14 -153.60000000000002
v 76.80000000000001 12.799999999999981 -155.20000000000002
v 76.80000000000001 -1.900651832276692e-14 -155.20000000000002
v 11.200000000000001 31.999999999999986 -128
v 12.8 30.399999999999988 -128
v 11.200000000000001 31.999999999999982 -140.8
v 12.8 30.399999999999984 -140.8
v 11.200000000000001 6.39999999999998 -164.8
v 11.200000000000001 6.39999999999998 -166.4
v 11.200000000000001 12.799999999999981 -164.8
v 11.200000000000001 12.799999999999981 -166.4
v 11.200000000000001 31.999999999999986 -128
v 1.6 31.999999999999986 -128
v 11.200000000000001 30.399999999999988 -128
v 0 30.399999999999988 -128
v 12.8 6.39999999999998 -164.8
v 12.8 6.39999999999998 -166.4
v 12.8 -2.0182179249948383e-14 -164.8
v 12.8 -2.037812273781196e-14 -166.4
v 0 30.399999999999988 -128
v 1.6 31.999999999999986 -128
v 0 30.399999999999984 -140.8
v 1.6 31.999999999999982 -140.8
v 12.8 31.999999999999982 -140.8
v 12.8 31.999999999999982 -153.60000000000002
v 12.8 30.399999999999984 -140.8
v 12.8 30.399999999999984 -153.60000000000002
v 12.8 6.39999999999998 -164.8
v 11.200000000000001 6.39999999999998 -164.8
v 12.8 12.799999999999981 -164.8
v 11.200000000000001 12.799999999999981 -164.8
v 12.8 31.99999999999998 -164.8
v 12.8 31.99999999999998 -166.4
v 12.8 30.39999999999998 -164.8
v 12.8 30.39999999999998 -166.4
v 11.200000000000001 12.799999999999981 -164.8
v 11.200000000000001 12.799999999999981 -166.4
v 11.200000000000001 31.99999999999998 -164.8
v 11.200000000000001 30.39999999999998 -166.4
v 12.8 12.799999999999981 -164.8
v 11.200000000000001 12.799999999999981 -164.8
v 12.8 30.39999999999998 -164.8
v 11.200000000000001 31.99999999999998 -164.8
v 11.200000000000001 31.99999999999998 -164.8
v 11.200000000000001 30.39999999999998 -166.4
v 1.6 31.99999999999998 -164.8
v 1.6 30.39999999999998 -166.4
v 12.8 30.39999999999998 -164.8
v 12.8 30.399999999999984 -153.60000000000002
v 12.8 31.99999999999998 -164.8
v 12.8 31.999999999999982 -153.60000000000002
v 12.8 30.39999999999998 -164.8
v 11.200000000000001 31.99999999999998 -164.8
v 12.8 30.399999999999984 -153.60000000000002
v 11.200000000000001 31.999999999999982 -153.60000000000002
v 1.6 6.39999999999998 -164.8
v 0 6.39999999999998 -164.8
v 1.6 12.799999999999981 -164.8
v 0 12.799999999999981 -164.8
v 12.8 6.39999999999998 -166.4
v 12.8 6.39999999999998 -164.8
v 12.8 12.799999999999981 -166.4
v 12.8 12.799999999999981 -164.8
v 12.8 30.399999999999984 -140.8
v 12.8 30.399999999999984 -153.60000000000002
v 11.200000000000001 31.999999999999982 -140.8
v 11.200000000000001 31.999999999999982 -153.60000000000002
v 1.6 6.39999999999998 -166.4
v 1.6 6.39999999999998 -164.8
v 1.6 12.799999999999981 -166.4
v 1.6 12.799999999999981 -164.8
v 1.6 31.999999999999982 -153.60000000000002
v 0 30.399999999999984 -153.60000000000002
v 1.6 31.999999999999982 -140.8
v 0 30.399999999999984 -140.8
v 1.6 31.99999999999998 -164.8
v 0 30.39999999999998 -164.8
v 1.6 31.999999999999982 -153.60000000000002
v 0 30.399999999999984 -153.60000000000002
v 1.6 12.799999999999981 -166.4
v 1.6 12.799999999999981 -164.8
v 1.6 30.39999999999998 -166.4
v 1.6 31.99999999999998 -164.8
v 1.6 12.799999999999981 -164.8
v 0 12.799999999999981 -164.8
v 1.6 31.99999999999998 -164.8
v 0 30.39999999999998 -164.8
v 12.8 12.799999999999981 -166.4
v 12.8 12.799999999999981 -164.8
v 12.8 30.39999999999998 -166.4
v 12.8 30.39999999999998 -164.8
v 76.80000000000001 30.399999999999984 -153.60000000000002
v 76.80000000000001 25.599999999999984 -153.60000000000002
v 76.80000000000001 31.199999999999985 -140.8
v 76.80000000000001 26.399999999999984 -140.8
v 76.80000000000001 27.19999999999999 -129.6
v 76.80000000000001 31.999999999999986 -129.6
v 76.80000000000001 26.399999999999984 -140.8
v 76.80000000000001 31.199999999999985 -140.8
v 76.80000000000001 47.19999999999998 -153.60000000000002
v 76.80000000000001 43.19999999999998 -153.60000000000002
v 76.80000000000001 44.79999999999999 -140.8
v 76.80000000000001 40.79999999999999 -140.8
v 76.80000000000001 38.39999999999999 -129.6
v 76.80000000000001 42.39999999999999 -129.6
v 76.80000000000001 40.79999999999999 -140.8
v 76.80000000000001 44.79999999999999 -140.8
v 89.60000000000001 51.19999999999998 -164.8
v 89.60000000000001 51.19999999999998 -155.20000000000002
v 92 48.79999999999998 -164.8
v 92 48.79999999999998 -155.20000000000002
v 89.60000000000001 51.19999999999999 -129.6
v 89.60000000000001 38.39999999999999 -129.6
v 92 48.79999999999999 -129.6
v 92 38.39999999999999 -129.6
v 89.60000000000001 51.19999999999998 -153.60000000000002
v 89.60000000000001 51.19999999999999 -140.8
v 92 48.79999999999998 -153.60000000000002
v 92 48.79999999999999 -140.8
v 76.80000000000001 49.59999999999998 -166.4
v 76.80000000000001 51.19999999999998 -166.4
v 76.80000000000001 49.59999999999998 -164.8
v 76.80000000000001 51.19999999999998 -164.8
v 76.80000000000001 49.59999999999998 -164.8
v 76.80000000000001 38.399999999999984 -164.8
v 76.80000000000001 49.59999999999998 -166.4
v 76.80000000000001 38.399999999999984 -166.4
v 78.4 49.59999999999998 -154.4
v 78.4 51.19999999999998 -153.60000000000002
v 89.60000000000001 49.59999999999998 -154.4
v 89.60000000000001 51.19999999999998 -153.60000000000002
v 89.60000000000001 49.59999999999998 -154.4
v 89.60000000000001 51.19999999999998 -155.20000000000002
v 78.4 49.59999999999998 -154.4
v 78.4 51.19999999999998 -155.20000000000002
v 76.80000000000001 38.399999999999984 -166.4
v 76.80000000000001 38.399999999999984 -164.8
v 76.80000000000001 25.59999999999998 -166.4
v 76.80000000000001 25.59999999999998 -164.8
v 76.80000000000001 51.19999999999998 -155.20000000000002
v 76.80000000000001 51.19999999999998 -153.60000000000002
v 76.80000000000001 49.59999999999998 -155.20000000000002
v 76.80000000000001 49.59999999999998 -153.60000000000002
v 78.4 38.399999999999984 -166.4
v 78.4 38.399999999999984 -164.8
v 78.4 49.59999999999998 -166.4
v 78.4 51.19999999999998 -164.8
v 78.4 38.399999999999984 -164.8
v 78.4 38.399999999999984 -166.4
v 78.4 25.59999999999998 -164.8
v 78.4 25.59999999999998 -166.4
v 78.4 38.399999999999984 -155.20000000000002
v 76.80000000000001 38.399999999999984 -155.20000000000002
v 78.4 25.599999999999984 -155.20000000000002
v 76.80000000000001 25.599999999999984 -155.20000000000002
v 76.80000000000001 38.399999999999984 -155.20000000000002
v 76.80000000000001 38.399999999999984 -153.60000000000002
v 76.80000000000001 25.599999999999984 -155.20000000000002
v 76.80000000000001 25.599999999999984 -153.60000000000002
v 76.80000000000001 38.399999999999984 -153.60000000000002
v 78.4 38.399999999999984 -153.60000000000002
v 76.80000000000001 25.599999999999984 -153.60000000000002
v 78.4 25.599999999999984 -153.60000000000002
v 76.80000000000001 12.799999999999981 -166.4
v 76.80000000000001 25.59999999999998 -166.4
v 76.80000000000001 12.799999999999981 -164.8
v 76.80000000000001 25.59999999999998 -164.8
v 76.80000000000001 12.799999999999981 -153.60000000000002
v 76.80000000000001 25.599999999999984 -153.60000000000002
v 78.4 12.799999999999981 -153.60000000000002
v 78.4 25.599999999999984 -153.60000000000002
v 76.80000000000001 12.799999999999981 -155.20000000000002
v 76.80000000000001 25.599999999999984 -155.20000000000002
v 76.80000000000001 12.799999999999981 -153.60000000000002
v 76.80000000000001 25.599999999999984 -153.60000000000002
v 78.4 38.399999999999984 -153.60000000000002
v 78.4 38.399999999999984 -155.20000000000002
v 78.4 25.599999999999984 -153.60000000000002
v 78.4 25.599999999999984 -155.20000000000002
v 78.4 12.799999999999981 -153.60000000000002
v 78.4 25.599999999999984 -153.60000000000002
v 78.4 12.799999999999981 -155.20000000000002
v 78.4 25.599999999999984 -155.20000000000002
v 78.4 12.799999999999981 -155.20000000000002
v 78.4 25.599999999999984 -155.20000000000002
v 76.80000000000001 12.799999999999981 -155.20000000000002
v 76.80000000000001 25.599999999999984 -155.20000000000002
v 76.80000000000001 38.399999999999984 -164.8
v 78.4 38.399999999999984 -164.8
v 76.80000000000001 25.59999999999998 -164.8
v 78.4 25.59999999999998 -164.8
v 78.4 12.799999999999981 -164.8
v 78.4 25.59999999999998 -164.8
v 78.4 12.799999999999981 -166.4
v 78.4 25.59999999999998 -166.4
v 78.4 38.399999999999984 -164.8
v 76.80000000000001 38.399999999999984 -164.8
v 78.4 51.19999999999998 -164.8
v 76.80000000000001 49.59999999999998 -164.8
v 76.80000000000001 12.799999999999981 -164.8
v 76.80000000000001 25.59999999999998 -164.8
v 78.4 12.799999999999981 -164.8
v 78.4 25.59999999999998 -164.8
v 76.80000000000001 -1.567547902908612e-14 -128
v 76.80000000000001 12.799999999999985 -128
v 78.4 -1.567547902908612e-14 -128
v 78.4 12.799999999999985 -128
v 92 48.79999999999999 -129.6
v 92 48.79999999999999 -140.8
v 89.60000000000001 51.19999999999999 -129.6
v 89.60000000000001 51.19999999999999 -140.8
v 92 38.39999999999999 -128
v 89.60000000000001 38.39999999999999 -128
v 92 48.79999999999999 -128
v 89.60000000000001 49.59999999999999 -128
v 89.60000000000001 51.19999999999999 -129.6
v 89.60000000000001 49.59999999999999 -128
v 89.60000000000001 38.39999999999999 -129.6
v 89.60000000000001 38.39999999999999 -128
v 78.4 51.19999999999999 -129.6
v 78.4 49.59999999999999 -128
v 89.60000000000001 51.19999999999999 -129.6
v 89.60000000000001 49.59999999999999 -128
v 78.4 49.59999999999999 -128
v 78.4 51.19999999999999 -128
v 89.60000000000001 49.59999999999999 -128
v 89.60000000000001 51.19999999999999 -128
v 76.80000000000001 12.799999999999985 -128
v 76.80000000000001 25.599999999999987 -128
v 78.4 12.799999999999985 -128
v 78.4 25.599999999999987 -128
v 76.80000000000001 12.799999999999985 -129.6
v 76.80000000000001 25.599999999999987 -129.6
v 76.80000000000001 12.799999999999985 -128
v 76.80000000000001 25.599999999999987 -128
v 78.4 38.39999999999999 -128
v 78.4 38.39999999999999 -129.6
v 78.4 25.599999999999987 -128
v 78.4 25.599999999999987 -129.6
v 78.4 12.799999999999985 -128
v 78.4 25.599999999999987 -128
v 78.4 12.799999999999985 -129.6
v 78.4 25.599999999999987 -129.6
v 78.4 12.799999999999985 -129.6
v 78.4 25.599999999999987 -129.6
v 76.80000000000001 12.799999999999985 -129.6
v 76.80000000000001 25.599999999999987 -129.6
v 91.2 25.599999999999987 -128
v 89.60000000000001 25.599999999999987 -128
v 92 38.39999999999999 -128
v 89.60000000000001 38.39999999999999 -128
v 76.80000000000001 51.19999999999999 -128
v 78.4 51.19999999999999 -128
v 76.80000000000001 49.59999999999999 -128
v 78.4 49.59999999999999 -128
v 76.80000000000001 51.19999999999999 -129.6
v 76.80000000000001 51.19999999999999 -128
v 76.80000000000001 49.59999999999999 -129.6
v 76.80000000000001 49.59999999999999 -128
v 78.4 38.39999999999999 -129.6
v 76.80000000000001 38.39999999999999 -129.6
v 78.4 25.599999999999987 -129.6
v 76.80000000000001 25.599999999999987 -129.6
v 76.80000000000001 38.39999999999999 -129.6
v 76.80000000000001 38.39999999999999 -128
v 76.80000000000001 25.599999999999987 -129.6
v 76.80000000000001 25.599999999999987 -128
v 89.60000000000001 12.799999999999985 -129.6
v 89.60000000000001 25.599999999999987 -129.6
v 89.60000000000001 12.799999999999985 -128
v 89.60000000000001 25.599999999999987 -128
v 76.80000000000001 38.39999999999999 -128
v 78.4 38.39999999999999 -128
v 76.80000000000001 25.599999999999987 -128
v 78.4 25.599999999999987 -128
v 89.60000000000001 25.599999999999987 -128
v 89.60000000000001 25.599999999999987 -129.6
v 89.60000000000001 38.39999999999999 -128
v 89.60000000000001 38.39999999999999 -129.6
v 76.80000000000001 49.59999999999998 -156.8
v 76.80000000000001 49.59999999999998 -155.20000000000002
v 78.4 51.19999999999998 -156.8
v 78.4 51.19999999999998 -155.20000000000002
v 78.4 51.19999999999999 -140.8
v 76.80000000000001 49.59999999999999 -140.8
v 78.4 51.19999999999999 -129.6
v 76.80000000000001 49.59999999999999 -129.6
v 76.80000000000001 49.59999999999999 -129.6
v 76.80000000000001 49.59999999999999 -128
v 76.80000000000001 38.39999999999999 -129.6
v 76.80000000000001 38.39999999999999 -128
v 76.80000000000001 51.19999999999999 -129.6
v 76.80000000000001 49.59999999999999 -129.6
v 76.80000000000001 51.19999999999999 -140.8
v 76.80000000000001 49.59999999999999 -140.8
v 76.80000000000001 49.59999999999999 -128
v 78.4 49.59999999999999 -128
v 76.80000000000001 38.39999999999999 -128
v 78.4 38.39999999999999 -128
v 76.80000000000001 49.59999999999999 -129.6
v 76.80000000000001 38.39999999999999 -129.6
v 78.4 51.19999999999999 -129.6
v 78.4 38.39999999999999 -129.6
v 78.4 51.19999999999999 -129.6
v 78.4 38.39999999999999 -129.6
v 78.4 49.59999999999999 -128
v 78.4 38.39999999999999 -128
v 78.4 49.59999999999998 -166.4
v 78.4 51.19999999999998 -164.8
v 89.60000000000001 49.59999999999998 -166.4
v 89.60000000000001 51.19999999999998 -164.8
v 78.4 51.19999999999999 -140.8
v 78.4 51.19999999999998 -153.60000000000002
v 76.80000000000001 49.59999999999999 -140.8
v 76.80000000000001 49.59999999999998 -153.60000000000002
v 76.80000000000001 49.59999999999998 -153.60000000000002
v 76.80000000000001 51.19999999999998 -153.60000000000002
v 76.80000000000001 49.59999999999999 -140.8
v 76.80000000000001 51.19999999999999 -140.8
v 78.4 51.19999999999998 -163.20000000000002
v 78.4 51.19999999999998 -164.8
v 76.80000000000001 49.59999999999998 -163.20000000000002
v 76.80000000000001 49.59999999999998 -164.8
v 76.80000000000001 49.59999999999998 -155.20000000000002
v 76.80000000000001 49.59999999999998 -153.60000000000002
v 76.80000000000001 38.399999999999984 -155.20000000000002
v 76.80000000000001 38.399999999999984 -153.60000000000002
v 76.80000000000001 49.59999999999998 -163.20000000000002
v 76.80000000000001 49.59999999999998 -156.8
v 78.4 51.19999999999998 -163.20000000000002
v 78.4 51.19999999999998 -156.8
v 78.4 51.19999999999998 -153.60000000000002
v 78.4 38.399999999999984 -153.60000000000002
v 76.80000000000001 49.59999999999998 -153.60000000000002
v 76.80000000000001 38.399999999999984 -153.60000000000002
v 92 38.39999999999999 -129.6
v 89.60000000000001 38.39999999999999 -129.6
v 91.2 25.599999999999987 -129.6
v 89.60000000000001 25.599999999999987 -129.6
v 78.4 49.59999999999998 -154.4
v 78.4 51.19999999999998 -155.20000000000002
v 78.4 38.399999999999984 -153.60000000000002
v 78.4 38.399999999999984 -155.20000000000002
v 78.4 51.19999999999998 -155.20000000000002
v 76.80000000000001 49.59999999999998 -155.20000000000002
v 78.4 38.399999999999984 -155.20000000000002
v 76.80000000000001 38.399999999999984 -155.20000000000002
v 76.80000000000001 51.19999999999998 -163.20000000000002
v 76.80000000000001 51.19999999999998 -156.8
v 76.80000000000001 49.59999999999998 -163.20000000000002
v 76.80000000000001 49.59999999999998 -156.8
vt 0.375 0.5078125
vt 0.375 0.5
vt 0.390625 0.5
vt 0.4921875 0.7265625
vt 0.4921875 0.7421875
vt 0.484375 0.7265625
vt 0.4453125 0.8125
vt 0.4609375 0.8125
vt 0.4609375 0.8671875
vt 0.390625 0.625
vt 0.390625 0.5
vt 0.390625 0.515625
vt 0.421875 0.5
vt 0.4375 0.5
vt 0.4375 0.6171875
vt 0.375 0.65625
vt 0.375 0.5
vt 0.390625 0.5
vt 0.46875 0.5
vt 0.484375 0.5
vt 0.484375 0.625
vt 0.40625 0.65625
vt 0.40625 0.5
vt 0.421875 0.5
vt 0.4453125 0.515625
vt 0.4375 0.515625
vt 0.4375 0.5
vt 0.4453125 0.75
vt 0.46875 0.75
vt 0.46875 0.8671875
vt 0.4375 0.8671875
vt 0.4375 0.75
vt 0.4453125 0.75
vt 0.46875 0.5
vt 0.4921875 0.5
vt 0.46875 0.625
vt 0.4921875 0.625
vt 0.46875 0.5234375
vt 0.46875 0.5
vt 0.4921875 0.5234375
vt 0.4921875 0.5
vt 0.390625 0.625
vt 0.375 0.625
vt 0.390625 0.5
vt 0.375 0.5
vt 0.46875 0.625
vt 0.453125 0.625
vt 0.46875 0.5
vt 0.453125 0.5
vt 0.4921875 0.5
vt 0.4921875 0.625
vt 0.484375 0.5
vt 0.484375 0.625
vt 0.390625 0.8515625
vt 0.375 0.8671875
vt 0.390625 0.75
vt 0.375 0.75
vt 0.4453125 0.8125
vt 0.4375 0.8125
vt 0.4453125 0.75
vt 0.4375 0.75
vt 0.484375 0.7265625
vt 0.484375 0.6328125
vt 0.4921875 0.7265625
vt 0.4921875 0.625
vt 0.484375 0.8125
vt 0.4921875 0.8125
vt 0.484375 0.8671875
vt 0.4921875 0.8671875
vt 0.4921875 0.8671875
vt 0.484375 0.8515625
vt 0.4921875 0.75
vt 0.484375 0.75
vt 0.4921875 0.625
vt 0.4921875 0.75
vt 0.46875 0.625
vt 0.46875 0.75
vt 0.4609375 0.8125
vt 0.4453125 0.8125
vt 0.4609375 0.75
vt 0.4453125 0.75
vt 0.46875 0.5234375
vt 0.46875 0.5
vt 0.4921875 0.5234375
vt 0.4921875 0.5
vt 0.4453125 0.75
vt 0.4375 0.75
vt 0.4453125 0.5
vt 0.4375 0.5078125
vt 0.4609375 0.75
vt 0.4453125 0.75
vt 0.4609375 0.5078125
vt 0.4453125 0.5
vt 0.390625 0.5078125
vt 0.390625 0.5
vt 0.484375 0.5078125
vt 0.484375 0.5
vt 0.4921875 0.5234375
vt 0.4921875 0.609375
vt 0.46875 0.5234375
vt 0.46875 0.609375
vt 0.375 0.5078125
vt 0.390625 0.5078125
vt 0.375 0.625
vt 0.390625 0.625
vt 0.484375 0.8125
vt 0.46875 0.8125
vt 0.484375 0.75
vt 0.46875 0.75
vt 0.4921875 0.8125
vt 0.484375 0.8125
vt 0.4921875 0.75
vt 0.484375 0.75
vt 0.375 0.75
vt 0.375 0.625
vt 0.390625 0.75
vt 0.390625 0.625
vt 0.4921875 0.8125
vt 0.484375 0.8125
vt 0.4921875 0.75
vt 0.484375 0.75
vt 0.484375 0.625
vt 0.4921875 0.625
vt 0.484375 0.75
vt 0.4921875 0.75
vt 0.484375 0.5078125
vt 0.4921875 0.5078125
vt 0.484375 0.625
vt 0.4921875 0.625
vt 0.4921875 0.75
vt 0.484375 0.75
vt 0.4921875 0.5234375
vt 0.484375 0.5
vt 0.484375 0.75
vt 0.46875 0.75
vt 0.484375 0.5
vt 0.46875 0.5234375
vt 0.4921875 0.75
vt 0.484375 0.75
vt 0.4921875 0.5546875
vt 0.484375 0.5546875
vt 0.4921875 0.8671875
vt 0.4375 0.8671875
vt 0.4921875 0.6875
vt 0.4375 0.6875
vt 0.4375 0.5
vt 0.4921875 0.5
vt 0.4375 0.6875
vt 0.4921875 0.6875
vt 0.375 0.5
vt 0.4375 0.5
vt 0.375 0.6875
vt 0.4375 0.6875
vt 0.4375 0.8671875
vt 0.375 0.8671875
vt 0.4375 0.6875
vt 0.375 0.6875
vt 0.4296875 0.5
vt 0.4296875 0.609375
vt 0.40625 0.5
vt 0.40625 0.609375
vt 0.46875 0.5
vt 0.46875 0.625
vt 0.4375 0.515625
vt 0.4375 0.625
vt 0.4296875 0.625
vt 0.4296875 0.75
vt 0.40625 0.625
vt 0.40625 0.75
vt 0.4375 0.5
vt 0.453125 0.5
vt 0.4375 0.515625
vt 0.453125 0.515625
vt 0.4609375 0.5
vt 0.4609375 0.625
vt 0.453125 0.5
vt 0.453125 0.625
vt 0.3984375 0.7421875
vt 0.390625 0.7421875
vt 0.3984375 0.625
vt 0.390625 0.625
vt 0.375 0.625
vt 0.390625 0.625
vt 0.375 0.7421875
vt 0.390625 0.7421875
vt 0.453125 0.625
vt 0.4609375 0.625
vt 0.453125 0.75
vt 0.4609375 0.75
vt 0.453125 0.609375
vt 0.453125 0.625
vt 0.4375 0.609375
vt 0.4375 0.625
vt 0.4375 0.625
vt 0.421875 0.625
vt 0.4375 0.515625
vt 0.421875 0.5
vt 0.421875 0.625
vt 0.4375 0.625
vt 0.421875 0.75
vt 0.4375 0.75
vt 0.46875 0.625
vt 0.484375 0.625
vt 0.46875 0.75
vt 0.484375 0.75
vt 0.484375 0.625
vt 0.4921875 0.625
vt 0.484375 0.75
vt 0.4921875 0.75
vt 0.375 0.625
vt 0.390625 0.625
vt 0.375 0.75
vt 0.390625 0.75
vt 0.453125 0.8671875
vt 0.453125 0.75
vt 0.46875 0.8671875
vt 0.46875 0.75
vt 0.375 0.8671875
vt 0.375 0.75
vt 0.390625 0.8671875
vt 0.390625 0.75
vt 0.484375 0.8671875
vt 0.484375 0.75
vt 0.4921875 0.8671875
vt 0.4921875 0.75
vt 0.390625 0.625
vt 0.3984375 0.625
vt 0.390625 0.75
vt 0.3984375 0.75
vt 0.390625 0.8671875
vt 0.390625 0.75
vt 0.3984375 0.8671875
vt 0.3984375 0.75
vt 0.46875 0.8671875
vt 0.46875 0.75
vt 0.484375 0.8671875
vt 0.484375 0.75
vt 0.40625 0.625
vt 0.421875 0.625
vt 0.40625 0.75
vt 0.421875 0.75
vt 0.421875 0.8671875
vt 0.421875 0.75
vt 0.4375 0.8671875
vt 0.4375 0.75
vt 0.421875 0.625
vt 0.40625 0.625
vt 0.421875 0.5
vt 0.40625 0.515625
vt 0.40625 0.8671875
vt 0.40625 0.75
vt 0.421875 0.8671875
vt 0.421875 0.75
vt 0.390625 0.625
vt 0.390625 0.5
vt 0.40625 0.625
vt 0.40625 0.5
vt 0.40625 0.8671875
vt 0.40625 0.75
vt 0.4296875 0.8671875
vt 0.4296875 0.75
vt 0.4453125 0.625
vt 0.4375 0.625
vt 0.4453125 0.515625
vt 0.4375 0.515625
vt 0.46875 0.5
vt 0.4765625 0.515625
vt 0.46875 0.625
vt 0.4765625 0.625
vt 0.40625 0.7421875
vt 0.375 0.7421875
vt 0.40625 0.625
vt 0.375 0.625
vt 0.3984375 0.6171875
vt 0.390625 0.6171875
vt 0.3984375 0.5
vt 0.390625 0.5
vt 0.390625 0.8671875
vt 0.390625 0.75
vt 0.40625 0.8671875
vt 0.40625 0.75
vt 0.375 0.8671875
vt 0.375 0.75
vt 0.390625 0.8671875
vt 0.390625 0.75
vt 0.40625 0.625
vt 0.421875 0.625
vt 0.40625 0.75
vt 0.421875 0.75
vt 0.40625 0.8671875
vt 0.40625 0.75
vt 0.421875 0.8671875
vt 0.421875 0.75
vt 0.421875 0.8671875
vt 0.421875 0.75
vt 0.4296875 0.8671875
vt 0.4296875 0.75
vt 0.4453125 0.75
vt 0.4375 0.75
vt 0.4453125 0.625
vt 0.4375 0.625
vt 0.390625 0.5
vt 0.40625 0.5
vt 0.390625 0.515625
vt 0.40625 0.515625
vt 0.453125 0.859375
vt 0.453125 0.8671875
vt 0.4375 0.859375
vt 0.4375 0.8671875
vt 0.421875 0.625
vt 0.4296875 0.625
vt 0.421875 0.75
vt 0.4296875 0.75
vt 0.375 0.625
vt 0.390625 0.625
vt 0.375 0.75
vt 0.390625 0.75
vt 0.46875 0.8671875
vt 0.46875 0.75
vt 0.4765625 0.8671875
vt 0.4765625 0.75
vt 0.390625 0.625
vt 0.40625 0.625
vt 0.390625 0.75
vt 0.40625 0.75
vt 0.4765625 0.75
vt 0.46875 0.75
vt 0.4765625 0.625
vt 0.46875 0.625
vt 0.390625 0.578125
vt 0.390625 0.59375
vt 0.375 0.578125
vt 0.375 0.59375
vt 0.375 0.75
vt 0.390625 0.75
vt 0.375 0.8671875
vt 0.390625 0.8671875
vt 0.375 0.515625
vt 0.390625 0.515625
vt 0.375 0.625
vt 0.390625 0.625
vt 0.453125 0.859375
vt 0.4375 0.859375
vt 0.453125 0.75
vt 0.4375 0.75
vt 0.390625 0.515625
vt 0.40625 0.515625
vt 0.390625 0.625
vt 0.40625 0.625
vt 0.4296875 0.515625
vt 0.4296875 0.625
vt 0.421875 0.5
vt 0.421875 0.625
vt 0.421875 0.5
vt 0.421875 0.625
vt 0.40625 0.515625
vt 0.40625 0.625
vt 0.3984375 0.8671875
vt 0.390625 0.8671875
vt 0.3984375 0.75
vt 0.390625 0.75
vt 0.375 0.75
vt 0.375 0.625
vt 0.390625 0.75
vt 0.390625 0.625
vt 0.4375 0.625
vt 0.453125 0.625
vt 0.4375 0.75
vt 0.453125 0.75
vt 0.375 0.515625
vt 0.375 0.5
vt 0.390625 0.515625
vt 0.390625 0.5
vt 0.484375 0.515625
vt 0.4921875 0.515625
vt 0.484375 0.625
vt 0.4921875 0.625
vt 0.390625 0.515625
vt 0.390625 0.578125
vt 0.375 0.515625
vt 0.375 0.578125
vt 0.390625 0.5
vt 0.390625 0.625
vt 0.375 0.515625
vt 0.375 0.625
vt 0.4375 0.625
vt 0.46875 0.625
vt 0.4453125 0.75
vt 0.46875 0.75
vt 0.390625 0.515625
vt 0.3984375 0.5
vt 0.390625 0.625
vt 0.3984375 0.625
vt 0.46875 0.5
vt 0.484375 0.515625
vt 0.46875 0.625
vt 0.484375 0.625
vt 0.453125 0.53125
vt 0.453125 0.59375
vt 0.4375 0.53125
vt 0.4375 0.59375
vn 0 -1 1.2246467991473532e-16
vn 0 -1 1.2246467991473532e-16
vn 0 -1 1.2246467991473532e-16
vn 0 -1.2246467991473532e-16 -1
vn 0 -1.2246467991473532e-16 -1
vn 0 -1.2246467991473532e-16 -1
vn 0 1.2246467991473532e-16 1
vn 0 1.2246467991473532e-16 1
vn 0 1.2246467991473532e-16 1
vn 1 0 0
vn 1 0 0
vn 1 0 0
vn 0 -1.2246467991473532e-16 -1
vn 0 -1.2246467991473532e-16 -1
vn 0 -1.2246467991473532e-16 -1
vn 0 1.2246467991473532e-16 1
vn 0 1.2246467991473532e-16 1
vn 0 1.2246467991473532e-16 1
vn 0 -1.2246467991473532e-16 -1
vn 0 -1.2246467991473532e-16 -1
vn 0 -1.2246467991473532e-16 -1
vn 0 1.2246467991473532e-16 1
vn 0 1.2246467991473532e-16 1
vn 0 1.2246467991473532e-16 1
vn 0 1.2246467991473532e-16 1
vn 0 1.2246467991473532e-16 1
vn 0 1.2246467991473532e-16 1
vn 0 -1.2246467991473532e-16 -1
vn 0 -1.2246467991473532e-16 -1
vn 0 -1.2246467991473532e-16 -1
vn 0 1.2246467991473532e-16 1
vn 0 1.2246467991473532e-16 1
vn 0 1.2246467991473532e-16 1
vn 1 0 0
vn 1 0 0
vn 1 0 0
vn 1 0 0
vn 1 0 0
vn 1 0 0
vn 1 0 0
vn 1 0 0
vn -1 0 0
vn -1 0 0
vn -1 0 0
vn -1 0 0
vn -1 0 0
vn -1 0 0
vn -1 0 0
vn -1 0 0
vn -1 0 0
vn -1 0 0
vn -1 0 0
vn -1 0 0
vn -0.7071067811865475 -0.7071067811865475 8.659560562354932e-17
vn -0.7071067811865475 -0.7071067811865475 8.659560562354932e-17
vn -0.7071067811865475 -0.7071067811865475 8.659560562354932e-17
vn -0.7071067811865475 -0.7071067811865475 8.659560562354932e-17
vn -1 0 0
vn -1 0 0
vn -1 0 0
vn -1 0 0
vn 0 -1.2246467991473532e-16 -1
vn 0 -1.2246467991473532e-16 -1
vn 0 -1.2246467991473532e-16 -1
vn 0 -1.2246467991473532e-16 -1
vn 1 0 0
vn 1 0 0
vn 1 0 0
vn 1 0 0
vn 0.7071067811865475 -0.7071067811865475 8.659560562354932e-17
vn 0.7071067811865475 -0.7071067811865475 8.659560562354932e-17
vn 0.7071067811865475 -0.7071067811865475 8.659560562354932e-17
vn 0.7071067811865475 -0.7071067811865475 8.659560562354932e-17
vn 1 0 0
vn 1 0 0
vn 1 0 0
vn 1 0 0
vn 0 1.2246467991473532e-16 1
vn 0 1.2246467991473532e-16 1
vn 0 1.2246467991473532e-16 1
vn 0 1.2246467991473532e-16 1
vn 1 0 0
vn 1 0 0
vn 1 0 0
vn 1 0 0
vn -1 0 0
vn -1 0 0
vn -1 0 0
vn -1 0 0
vn 0 1.2246467991473532e-16 1
vn 0 1.2246467991473532e-16 1
vn 0 1.2246467991473532e-16 1
vn 0 1.2246467991473532e-16 1
vn 0 -0.7071067811865475 0.7071067811865476
vn 0 -0.7071067811865475 0.7071067811865476
vn 0 -0.7071067811865475 0.7071067811865476
vn 0 -0.7071067811865475 0.7071067811865476
vn 1 0 0
vn 1 0 0
vn 1 0 0
vn 1 0 0
vn -0.7071067811865475 -0.7071067811865475 8.659560562354932e-17
vn -0.7071067811865475 -0.7071067811865475 8.659560562354932e-17
vn -0.7071067811865475 -0.7071067811865475 8.659560562354932e-17
vn -0.7071067811865475 -0.7071067811865475 8.659560562354932e-17
vn 0 1.2246467991473532e-16 1
vn 0 1.2246467991473532e-16 1
vn 0 1.2246467991473532e-16 1
vn 0 1.2246467991473532e-16 1
vn 1 0 0
vn 1 0 0
vn 1 0 0
vn 1 0 0
vn -0.7071067811865475 -0.7071067811865475 8.659560562354932e-17
vn -0.7071067811865475 -0.7071067811865475 8.659560562354932e-17
vn -0.7071067811865475 -0.7071067811865475 8.659560562354932e-17
vn -0.7071067811865475 -0.7071067811865475 8.659560562354932e-17
vn 1 0 0
vn 1 0 0
vn 1 0 0
vn 1 0 0
vn 0.7071067811865475 -0.7071067811865475 8.659560562354932e-17
vn 0.7071067811865475 -0.7071067811865475 8.659560562354932e-17
vn 0.7071067811865475 -0.7071067811865475 8.659560562354932e-17
vn 0.7071067811865475 -0.7071067811865475 8.659560562354932e-17
vn 0.7071067811865475 -0.7071067811865475 8.659560562354932e-17
vn 0.7071067811865475 -0.7071067811865475 8.659560562354932e-17
vn 0.7071067811865475 -0.7071067811865475 8.659560562354932e-17
vn 0.7071067811865475 -0.7071067811865475 8.659560562354932e-17
vn 1 0 0
vn 1 0 0
vn 1 0 0
vn 1 0 0
vn 0 1.2246467991473532e-16 1
vn 0 1.2246467991473532e-16 1
vn 0 1.2246467991473532e-16 1
vn 0 1.2246467991473532e-16 1
vn 1 0 0
vn 1 0 0
vn 1 0 0
vn 1 0 0
vn 1 0 0
vn 1 0 0
vn 1 0 0
vn 1 0 0
vn 1 0 0
vn 1 0 0
vn 1 0 0
vn 1 0 0
vn 1 0 0
vn 1 0 0
vn 1 0 0
vn 1 0 0
vn 1 0 0
vn 1 0 0
vn 1 0 0
vn 1 0 0
vn -0.7071067811865475 -0.7071067811865475 8.659560562354932e-17
vn -0.7071067811865475 -0.7071067811865475 8.659560562354932e-17
vn -0.7071067811865475 -0.7071067811865475 8.659560562354932e-17
vn -0.7071067811865475 -0.7071067811865475 8.659560562354932e-17
vn 0 -1.2246467991473532e-16 -1
vn 0 -1.2246467991473532e-16 -1
vn 0 -1.2246467991473532e-16 -1
vn 0 -1.2246467991473532e-16 -1
vn -0.7071067811865475 -0.7071067811865475 8.659560562354932e-17
vn -0.7071067811865475 -0.7071067811865475 8.659560562354932e-17
vn -0.7071067811865475 -0.7071067811865475 8.659560562354932e-17
vn -0.7071067811865475 -0.7071067811865475 8.659560562354932e-17
vn -1 0 0
vn -1 0 0
vn -1 0 0
vn -1 0 0
vn -1 0 0
vn -1 0 0
vn -1 0 0
vn -1 0 0
vn 0 -0.4472135954999579 0.894427190999916
vn 0 -0.4472135954999579 0.894427190999916
vn 0 -0.4472135954999579 0.894427190999916
vn 0 -0.4472135954999579 0.894427190999916
vn 0 -0.447213595499958 -0.8944271909999157
vn 0 -0.447213595499958 -0.8944271909999157
vn 0 -0.447213595499958 -0.8944271909999157
vn 0 -0.447213595499958 -0.8944271909999157
vn -1 0 0
vn -1 0 0
vn -1 0 0
vn -1 0 0
vn -1 0 0
vn -1 0 0
vn -1 0 0
vn -1 0 0
vn 1 0 0
vn 1 0 0
vn 1 0 0
vn 1 0 0
vn 1 0 0
vn 1 0 0
vn 1 0 0
vn 1 0 0
vn 0 -1.2246467991473532e-16 -1
vn 0 -1.2246467991473532e-16 -1
vn 0 -1.2246467991473532e-16 -1
vn 0 -1.2246467991473532e-16 -1
vn -1 0 0
vn -1 0 0
vn -1 0 0
vn -1 0 0
vn 0 1.2246467991473532e-16 1
vn 0 1.2246467991473532e-16 1
vn 0 1.2246467991473532e-16 1
vn 0 1.2246467991473532e-16 1
vn -1 0 0
vn -1 0 0
vn -1 0 0
vn -1 0 0
vn 0 1.2246467991473532e-16 1
vn 0 1.2246467991473532e-16 1
vn 0 1.2246467991473532e-16 1
vn 0 1.2246467991473532e-16 1
vn -1 0 0
vn -1 0 0
vn -1 0 0
vn -1 0 0
vn 1 0 0
vn 1 0 0
vn 1 0 0
vn 1 0 0
vn 1 0 0
vn 1 0 0
vn 1 0 0
vn 1 0 0
vn 0 -1.2246467991473532e-16 -1
vn 0 -1.2246467991473532e-16 -1
vn 0 -1.2246467991473532e-16 -1
vn 0 -1.2246467991473532e-16 -1
vn 0 1.2246467991473532e-16 1
vn 0 1.2246467991473532e-16 1
vn 0 1.2246467991473532e-16 1
vn 0 1.2246467991473532e-16 1
vn 1 0 0
vn 1 0 0
vn 1 0 0
vn 1 0 0
vn 0 1.2246467991473532e-16 1
vn 0 1.2246467991473532e-16 1
vn 0 1.2246467991473532e-16 1
vn 0 1.2246467991473532e-16 1
vn 0 1.2246467991473532e-16 1
vn 0 1.2246467991473532e-16 1
vn 0 1.2246467991473532e-16 1
vn 0 1.2246467991473532e-16 1
vn 0 1.2246467991473532e-16 1
vn 0 1.2246467991473532e-16 1
vn 0 1.2246467991473532e-16 1
vn 0 1.2246467991473532e-16 1
vn -0.7071067811865475 -0.7071067811865475 8.659560562354932e-17
vn -0.7071067811865475 -0.7071067811865475 8.659560562354932e-17
vn -0.7071067811865475 -0.7071067811865475 8.659560562354932e-17
vn -0.7071067811865475 -0.7071067811865475 8.659560562354932e-17
vn 0 1.2246467991473532e-16 1
vn 0 1.2246467991473532e-16 1
vn 0 1.2246467991473532e-16 1
vn 0 1.2246467991473532e-16 1
vn -1 0 0
vn -1 0 0
vn -1 0 0
vn -1 0 0
vn 0 -0.7071067811865476 -0.7071067811865475
vn 0 -0.7071067811865476 -0.7071067811865475
vn 0 -0.7071067811865476 -0.7071067811865475
vn 0 -0.7071067811865476 -0.7071067811865475
vn 0 1.2246467991473532e-16 1
vn 0 1.2246467991473532e-16 1
vn 0 1.2246467991473532e-16 1
vn 0 1.2246467991473532e-16 1
vn 0 1.2246467991473532e-16 1
vn 0 1.2246467991473532e-16 1
vn 0 1.2246467991473532e-16 1
vn 0 1.2246467991473532e-16 1
vn -1 0 0
vn -1 0 0
vn -1 0 0
vn -1 0 0
vn 1 0 0
vn 1 0 0
vn 1 0 0
vn 1 0 0
vn 1 0 0
vn 1 0 0
vn 1 0 0
vn 1 0 0
vn 0 -1.2246467991473532e-16 -1
vn 0 -1.2246467991473532e-16 -1
vn 0 -1.2246467991473532e-16 -1
vn 0 -1.2246467991473532e-16 -1
vn 0 1.2246467991473532e-16 1
vn 0 1.2246467991473532e-16 1
vn 0 1.2246467991473532e-16 1
vn 0 1.2246467991473532e-16 1
vn 0 1.2246467991473532e-16 1
vn 0 1.2246467991473532e-16 1
vn 0 1.2246467991473532e-16 1
vn 0 1.2246467991473532e-16 1
vn -1 0 0
vn -1 0 0
vn -1 0 0
vn -1 0 0
vn 0 -1.2246467991473532e-16 -1
vn 0 -1.2246467991473532e-16 -1
vn 0 -1.2246467991473532e-16 -1
vn 0 -1.2246467991473532e-16 -1
vn -1 0 0
vn -1 0 0
vn -1 0 0
vn -1 0 0
vn -1 0 0
vn -1 0 0
vn -1 0 0
vn -1 0 0
vn 0 1.2246467991473532e-16 1
vn 0 1.2246467991473532e-16 1
vn 0 1.2246467991473532e-16 1
vn 0 1.2246467991473532e-16 1
vn -1 0 0
vn -1 0 0
vn -1 0 0
vn -1 0 0
vn 0.7071067811865475 -0.7071067811865475 8.659560562354932e-17
vn 0.7071067811865475 -0.7071067811865475 8.659560562354932e-17
vn 0.7071067811865475 -0.7071067811865475 8.659560562354932e-17
vn 0.7071067811865475 -0.7071067811865475 8.659560562354932e-17
vn 0.7071067811865475 -0.7071067811865475 8.659560562354932e-17
vn 0.7071067811865475 -0.7071067811865475 8.659560562354932e-17
vn 0.7071067811865475 -0.7071067811865475 8.659560562354932e-17
vn 0.7071067811865475 -0.7071067811865475 8.659560562354932e-17
vn -1 0 0
vn -1 0 0
vn -1 0 0
vn -1 0 0
vn -1 0 0
vn -1 0 0
vn -1 0 0
vn -1 0 0
vn 0 1.2246467991473532e-16 1
vn 0 1.2246467991473532e-16 1
vn 0 1.2246467991473532e-16 1
vn 0 1.2246467991473532e-16 1
vn 0 -1.2246467991473532e-16 -1
vn 0 -1.2246467991473532e-16 -1
vn 0 -1.2246467991473532e-16 -1
vn 0 -1.2246467991473532e-16 -1
vn 1 0 0
vn 1 0 0
vn 1 0 0
vn 1 0 0
vn 0 -0.7071067811865475 0.7071067811865476
vn 0 -0.7071067811865475 0.7071067811865476
vn 0 -0.7071067811865475 0.7071067811865476
vn 0 -0.7071067811865475 0.7071067811865476
vn 0.7071067811865475 -0.7071067811865475 8.659560562354932e-17
vn 0.7071067811865475 -0.7071067811865475 8.659560562354932e-17
vn 0.7071067811865475 -0.7071067811865475 8.659560562354932e-17
vn 0.7071067811865475 -0.7071067811865475 8.659560562354932e-17
vn -1 0 0
vn -1 0 0
vn -1 0 0
vn -1 0 0
vn 0.7071067811865475 -0.7071067811865475 8.659560562354932e-17
vn 0.7071067811865475 -0.7071067811865475 8.659560562354932e-17
vn 0.7071067811865475 -0.7071067811865475 8.659560562354932e-17
vn 0.7071067811865475 -0.7071067811865475 8.659560562354932e-17
vn -1 0 0
vn -1 0 0
vn -1 0 0
vn -1 0 0
vn 0.7071067811865475 -0.7071067811865475 8.659560562354932e-17
vn 0.7071067811865475 -0.7071067811865475 8.659560562354932e-17
vn 0.7071067811865475 -0.7071067811865475 8.659560562354932e-17
vn 0.7071067811865475 -0.7071067811865475 8.659560562354932e-17
vn 0 1.2246467991473532e-16 1
vn 0 1.2246467991473532e-16 1
vn 0 1.2246467991473532e-16 1
vn 0 1.2246467991473532e-16 1
vn 0 -1.2246467991473532e-16 -1
vn 0 -1.2246467991473532e-16 -1
vn 0 -1.2246467991473532e-16 -1
vn 0 -1.2246467991473532e-16 -1
vn 1 0 0
vn 1 0 0
vn 1 0 0
vn 1 0 0
vn 0 -1.2246467991473532e-16 -1
vn 0 -1.2246467991473532e-16 -1
vn 0 -1.2246467991473532e-16 -1
vn 0 -1.2246467991473532e-16 -1
vn -1 0 0
vn -1 0 0
vn -1 0 0
vn -1 0 0
f 2432/2432/2432 2431/2431/2431 2430/2430/2430
f 2435/2435/2435 2434/2434/2434 2433/2433/2433
f 2438/2438/2438 2437/2437/2437 2436/2436/2436
f 2441/2441/2441 2440/2440/2440 2439/2439/2439
f 2444/2444/2444 2443/2443/2443 2442/2442/2442
f 2447/2447/2447 2446/2446/2446 2445/2445/2445
f 2450/2450/2450 2449/2449/2449 2448/2448/2448
f 2453/2453/2453 2452/2452/2452 2451/2451/2451
f 2456/2456/2456 2455/2455/2455 2454/2454/2454
f 2459/2459/2459 2458/2458/2458 2457/2457/2457
f 2462/2462/2462 2461/2461/2461 2460/2460/2460
f 2465/2465/2465 2464/2464/2464 2463/2463/2463
f 2464/2464/2464 2465/2465/2465 2466/2466/2466
f 2469/2469/2469 2468/2468/2468 2467/2467/2467
f 2468/2468/2468 2469/2469/2469 2470/2470/2470
f 2473/2473/2473 2472/2472/2472 2471/2471/2471
f 2472/2472/2472 2473/2473/2473 2474/2474/2474
f 2477/2477/2477 2476/2476/2476 2475/2475/2475
f 2476/2476/2476 2477/2477/2477 2478/2478/2478
f 2481/2481/2481 2480/2480/2480 2479/2479/2479
f 2480/2480/2480 2481/2481/2481 2482/2482/2482
f 2485/2485/2485 2484/2484/2484 2483/2483/2483
f 2484/2484/2484 2485/2485/2485 2486/2486/2486
f 2489/2489/2489 2488/2488/2488 2487/2487/2487
f 2488/2488/2488 2489/2489/2489 2490/2490/2490
f 2493/2493/2493 2492/2492/2492 2491/2491/2491
f 2492/2492/2492 2493/2493/2493 2494/2494/2494
f 2497/2497/2497 2496/2496/2496 2495/2495/2495
f 2496/2496/2496 2497/2497/2497 2498/2498/2498
f 2501/2501/2501 2500/2500/2500 2499/2499/2499
f 2500/2500/2500 2501/2501/2501 2502/2502/2502
f 2505/2505/2505 2504/2504/2504 2503/2503/2503
f 2504/2504/2504 2505/2505/2505 2506/2506/2506
f 2509/2509/2509 2508/2508/2508 2507/2507/2507
f 2508/2508/2508 2509/2509/2509 2510/2510/2510
f 2513/2513/2513 2512/2512/2512 2511/2511/2511
f 2512/2512/2512 2513/2513/2513 2514/2514/2514
f 2517/2517/2517 2516/2516/2516 2515/2515/2515
f 2516/2516/2516 2517/2517/2517 2518/2518/2518
f 2521/2521/2521 2520/2520/2520 2519/2519/2519
f 2520/2520/2520 2521/2521/2521 2522/2522/2522
f 2525/2525/2525 2524/2524/2524 2523/2523/2523
f 2524/2524/2524 2525/2525/2525 2526/2526/2526
f 2529/2529/2529 2528/2528/2528 2527/2527/2527
f 2528/2528/2528 2529/2529/2529 2530/2530/2530
f 2533/2533/2533 2532/2532/2532 2531/2531/2531
f 2532/2532/2532 2533/2533/2533 2534/2534/2534
f 2537/2537/2537 2536/2536/2536 2535/2535/2535
f 2536/2536/2536 2537/2537/2537 2538/2538/2538
f 2541/2541/2541 2540/2540/2540 2539/2539/2539
f 2540/2540/2540 2541/2541/2541 2542/2542/2542
f 2545/2545/2545 2544/2544/2544 2543/2543/2543
f 2544/2544/2544 2545/2545/2545 2546/2546/2546
f 2549/2549/2549 2548/2548/2548 2547/2547/2547
f 2548/2548/2548 2549/2549/2549 2550/2550/2550
f 2553/2553/2553 2552/2552/2552 2551/2551/2551
f 2552/2552/2552 2553/2553/2553 2554/2554/2554
f 2557/2557/2557 2556/2556/2556 2555/2555/2555
f 2556/2556/2556 2557/2557/2557 2558/2558/2558
f 2561/2561/2561 2560/2560/2560 2559/2559/2559
f 2560/2560/2560 2561/2561/2561 2562/2562/2562
f 2565/2565/2565 2564/2564/2564 2563/2563/2563
f 2564/2564/2564 2565/2565/2565 2566/2566/2566
f 2569/2569/2569 2568/2568/2568 2567/2567/2567
f 2568/2568/2568 2569/2569/2569 2570/2570/2570
f 2573/2573/2573 2572/2572/2572 2571/2571/2571
f 2572/2572/2572 2573/2573/2573 2574/2574/2574
f 2577/2577/2577 2576/2576/2576 2575/2575/2575
f 2576/2576/2576 2577/2577/2577 2578/2578/2578
f 2581/2581/2581 2580/2580/2580 2579/2579/2579
f 2580/2580/2580 2581/2581/2581 2582/2582/2582
f 2585/2585/2585 2584/2584/2584 2583/2583/2583
f 2584/2584/2584 2585/2585/2585 2586/2586/2586
f 2589/2589/2589 2588/2588/2588 2587/2587/2587
f 2588/2588/2588 2589/2589/2589 2590/2590/2590
f 2593/2593/2593 2592/2592/2592 2591/2591/2591
f 2592/2592/2592 2593/2593/2593 2594/2594/2594
f 2597/2597/2597 2596/2596/2596 2595/2595/2595
f 2596/2596/2596 2597/2597/2597 2598/2598/2598
f 2601/2601/2601 2600/2600/2600 2599/2599/2599
f 2600/2600/2600 2601/2601/2601 2602/2602/2602
f 2605/2605/2605 2604/2604/2604 2603/2603/2603
f 2604/2604/2604 2605/2605/2605 2606/2606/2606
f 2609/2609/2609 2608/2608/2608 2607/2607/2607
f 2608/2608/2608 2609/2609/2609 2610/2610/2610
f 2613/2613/2613 2612/2612/2612 2611/2611/2611
f 2612/2612/2612 2613/2613/2613 2614/2614/2614
f 2617/2617/2617 2616/2616/2616 2615/2615/2615
f 2616/2616/2616 2617/2617/2617 2618/2618/2618
f 2621/2621/2621 2620/2620/2620 2619/2619/2619
f 2620/2620/2620 2621/2621/2621 2622/2622/2622
f 2625/2625/2625 2624/2624/2624 2623/2623/2623
f 2624/2624/2624 2625/2625/2625 2626/2626/2626
f 2629/2629/2629 2628/2628/2628 2627/2627/2627
f 2628/2628/2628 2629/2629/2629 2630/2630/2630
f 2633/2633/2633 2632/2632/2632 2631/2631/2631
f 2632/2632/2632 2633/2633/2633 2634/2634/2634
f 2637/2637/2637 2636/2636/2636 2635/2635/2635
f 2636/2636/2636 2637/2637/2637 2638/2638/2638
f 2641/2641/2641 2640/2640/2640 2639/2639/2639
f 2640/2640/2640 2641/2641/2641 2642/2642/2642
f 2645/2645/2645 2644/2644/2644 2643/2643/2643
f 2644/2644/2644 2645/2645/2645 2646/2646/2646
f 2649/2649/2649 2648/2648/2648 2647/2647/2647
f 2648/2648/2648 2649/2649/2649 2650/2650/2650
f 2653/2653/2653 2652/2652/2652 2651/2651/2651
f 2652/2652/2652 2653/2653/2653 2654/2654/2654
f 2657/2657/2657 2656/2656/2656 2655/2655/2655
f 2656/2656/2656 2657/2657/2657 2658/2658/2658
f 2661/2661/2661 2660/2660/2660 2659/2659/2659
f 2660/2660/2660 2661/2661/2661 2662/2662/2662
f 2665/2665/2665 2664/2664/2664 2663/2663/2663
f 2664/2664/2664 2665/2665/2665 2666/2666/2666
f 2669/2669/2669 2668/2668/2668 2667/2667/2667
f 2668/2668/2668 2669/2669/2669 2670/2670/2670
f 2673/2673/2673 2672/2672/2672 2671/2671/2671
f 2672/2672/2672 2673/2673/2673 2674/2674/2674
f 2677/2677/2677 2676/2676/2676 2675/2675/2675
f 2676/2676/2676 2677/2677/2677 2678/2678/2678
f 2681/2681/2681 2680/2680/2680 2679/2679/2679
f 2680/2680/2680 2681/2681/2681 2682/2682/2682
f 2685/2685/2685 2684/2684/2684 2683/2683/2683
f 2684/2684/2684 2685/2685/2685 2686/2686/2686
f 2689/2689/2689 2688/2688/2688 2687/2687/2687
f 2688/2688/2688 2689/2689/2689 2690/2690/2690
f 2693/2693/2693 2692/2692/2692 2691/2691/2691
f 2692/2692/2692 2693/2693/2693 2694/2694/2694
f 2697/2697/2697 2696/2696/2696 2695/2695/2695
f 2696/2696/2696 2697/2697/2697 2698/2698/2698
f 2701/2701/2701 2700/2700/2700 2699/2699/2699
f 2700/2700/2700 2701/2701/2701 2702/2702/2702
f 2705/2705/2705 2704/2704/2704 2703/2703/2703
f 2704/2704/2704 2705/2705/2705 2706/2706/2706
f 2709/2709/2709 2708/2708/2708 2707/2707/2707
f 2708/2708/2708 2709/2709/2709 2710/2710/2710
f 2713/2713/2713 2712/2712/2712 2711/2711/2711
f 2712/2712/2712 2713/2713/2713 2714/2714/2714
f 2717/2717/2717 2716/2716/2716 2715/2715/2715
f 2716/2716/2716 2717/2717/2717 2718/2718/2718
f 2721/2721/2721 2720/2720/2720 2719/2719/2719
f 2720/2720/2720 2721/2721/2721 2722/2722/2722
f 2725/2725/2725 2724/2724/2724 2723/2723/2723
f 2724/2724/2724 2725/2725/2725 2726/2726/2726
f 2729/2729/2729 2728/2728/2728 2727/2727/2727
f 2728/2728/2728 2729/2729/2729 2730/2730/2730
f 2733/2733/2733 2732/2732/2732 2731/2731/2731
f 2732/2732/2732 2733/2733/2733 2734/2734/2734
f 2737/2737/2737 2736/2736/2736 2735/2735/2735
f 2736/2736/2736 2737/2737/2737 2738/2738/2738
f 2741/2741/2741 2740/2740/2740 2739/2739/2739
f 2740/2740/2740 2741/2741/2741 2742/2742/2742
f 2745/2745/2745 2744/2744/2744 2743/2743/2743
f 2744/2744/2744 2745/2745/2745 2746/2746/2746
f 2749/2749/2749 2748/2748/2748 2747/2747/2747
f 2748/2748/2748 2749/2749/2749 2750/2750/2750
f 2753/2753/2753 2752/2752/2752 2751/2751/2751
f 2752/2752/2752 2753/2753/2753 2754/2754/2754
f 2757/2757/2757 2756/2756/2756 2755/2755/2755
f 2756/2756/2756 2757/2757/2757 2758/2758/2758
f 2761/2761/2761 2760/2760/2760 2759/2759/2759
f 2760/2760/2760 2761/2761/2761 2762/2762/2762
f 2765/2765/2765 2764/2764/2764 2763/2763/2763
f 2764/2764/2764 2765/2765/2765 2766/2766/2766
f 2769/2769/2769 2768/2768/2768 2767/2767/2767
f 2768/2768/2768 2769/2769/2769 2770/2770/2770
f 2773/2773/2773 2772/2772/2772 2771/2771/2771
f 2772/2772/2772 2773/2773/2773 2774/2774/2774
f 2777/2777/2777 2776/2776/2776 2775/2775/2775
f 2776/2776/2776 2777/2777/2777 2778/2778/2778
f 2781/2781/2781 2780/2780/2780 2779/2779/2779
f 2780/2780/2780 2781/2781/2781 2782/2782/2782
f 2785/2785/2785 2784/2784/2784 2783/2783/2783
f 2784/2784/2784 2785/2785/2785 2786/2786/2786
f 2789/2789/2789 2788/2788/2788 2787/2787/2787
f 2788/2788/2788 2789/2789/2789 2790/2790/2790
f 2793/2793/2793 2792/2792/2792 2791/2791/2791
f 2792/2792/2792 2793/2793/2793 2794/2794/2794
f 2797/2797/2797 2796/2796/2796 2795/2795/2795
f 2796/2796/2796 2797/2797/2797 2798/2798/2798
f 2801/2801/2801 2800/2800/2800 2799/2799/2799
f 2800/2800/2800 2801/2801/2801 2802/2802/2802
f 2805/2805/2805 2804/2804/2804 2803/2803/2803
f 2804/2804/2804 2805/2805/2805 2806/2806/2806
f 2809/2809/2809 2808/2808/2808 2807/2807/2807
f 2808/2808/2808 2809/2809/2809 2810/2810/2810
f 2813/2813/2813 2812/2812/2812 2811/2811/2811
f 2812/2812/2812 2813/2813/2813 2814/2814/2814
f 2817/2817/2817 2816/2816/2816 2815/2815/2815
f 2816/2816/2816 2817/2817/2817 2818/2818/2818
f 2821/2821/2821 2820/2820/2820 2819/2819/2819
f 2820/2820/2820 2821/2821/2821 2822/2822/2822
f 2825/2825/2825 2824/2824/2824 2823/2823/2823
f 2824/2824/2824 2825/2825/2825 2826/2826/2826
f 2829/2829/2829 2828/2828/2828 2827/2827/2827
f 2828/2828/2828 2829/2829/2829 2830/2830/2830
o mesh_44
usemtl mat8
v 76.80000000000001 12.799999999999981 -155.20000000000002
v 76.80000000000001 12.799999999999981 -164.8
v 76.80000000000001 25.599999999999984 -155.20000000000002
v 76.80000000000001 25.59999999999998 -164.8
v 76.80000000000001 38.399999999999984 -164.8
v 76.80000000000001 38.399999999999984 -155.20000000000002
v 76.80000000000001 25.59999999999998 -164.8
v 76.80000000000001 25.599999999999984 -155.20000000000002
v 89.60000000000001 12.799999999999985 -128
v 78.4 12.799999999999985 -128
v 89.60000000000001 25.599999999999987 -128
v 78.4 25.599999999999987 -128
v 89.60000000000001 25.599999999999987 -128
v 78.4 25.599999999999987 -128
v 89.60000000000001 38.39999999999999 -128
v 78.4 38.39999999999999 -128
v 78.4 49.59999999999999 -128
v 89.60000000000001 49.59999999999999 -128
v 78.4 38.39999999999999 -128
v 89.60000000000001 38.39999999999999 -128
v 76.80000000000001 38.399999999999984 -155.20000000000002
v 76.80000000000001 38.399999999999984 -164.8
v 76.80000000000001 25.599999999999984 -155.20000000000002
v 76.80000000000001 25.59999999999998 -164.8
v 76.80000000000001 12.799999999999981 -164.8
v 76.80000000000001 12.799999999999981 -155.20000000000002
v 76.80000000000001 25.59999999999998 -164.8
v 76.80000000000001 25.599999999999984 -155.20000000000002
v 78.4 12.799999999999985 -128
v 89.60000000000001 12.799999999999985 -128
v 78.4 25.599999999999987 -128
v 89.60000000000001 25.599999999999987 -128
v 89.60000000000001 49.59999999999999 -128
v 78.4 49.59999999999999 -128
v 89.60000000000001 38.39999999999999 -128
v 78.4 38.39999999999999 -128
v 78.4 25.599999999999987 -128
v 89.60000000000001 25.599999999999987 -128
v 78.4 38.39999999999999 -128
v 89.60000000000001 38.39999999999999 -128
vt 0.5 0.7421875
vt 0.6171875 0.7421875
vt 0.5 0.6171875
vt 0.6171875 0.6171875
vt 0.6171875 0.5
vt 0.5 0.5
vt 0.6171875 0.6171875
vt 0.5 0.6171875
vt 0.6171875 0.7421875
vt 0.5 0.7421875
vt 0.6171875 0.609375
vt 0.5 0.609375
vt 0.6171875 0.7421875
vt 0.5 0.7421875
vt 0.6171875 0.609375
vt 0.5 0.609375
vt 0.5 0.5
vt 0.6171875 0.5
vt 0.5 0.609375
vt 0.6171875 0.609375
vt 0.5 0.5
vt 0.6171875 0.5
vt 0.5 0.6171875
vt 0.6171875 0.6171875
vt 0.6171875 0.7421875
vt 0.5 0.7421875
vt 0.6171875 0.6171875
vt 0.5 0.6171875
vt 0.5 0.7421875
vt 0.6171875 0.7421875
vt 0.5 0.609375
vt 0.6171875 0.609375
vt 0.6171875 0.5
vt 0.5 0.5
vt 0.6171875 0.609375
vt 0.5 0.609375
vt 0.5 0.7421875
vt 0.6171875 0.7421875
vt 0.5 0.609375
vt 0.6171875 0.609375
vn -1 0 0
vn -1 0 0
vn -1 0 0
vn -1 0 0
vn -1 0 0
vn -1 0 0
vn -1 0 0
vn -1 0 0
vn 0 1.2246467991473532e-16 1
vn 0 1.2246467991473532e-16 1
vn 0 1.2246467991473532e-16 1
vn 0 1.2246467991473532e-16 1
vn 0 1.2246467991473532e-16 1
vn 0 1.2246467991473532e-16 1
vn 0 1.2246467991473532e-16 1
vn 0 1.2246467991473532e-16 1
vn 0 1.2246467991473532e-16 1
vn 0 1.2246467991473532e-16 1
vn 0 1.2246467991473532e-16 1
vn 0 1.2246467991473532e-16 1
vn 1 0 0
vn 1 0 0
vn 1 0 0
vn 1 0 0
vn 1 0 0
vn 1 0 0
vn 1 0 0
vn 1 0 0
vn 0 -1.2246467991473532e-16 -1
vn 0 -1.2246467991473532e-16 -1
vn 0 -1.2246467991473532e-16 -1
vn 0 -1.2246467991473532e-16 -1
vn 0 -1.2246467991473532e-16 -1
vn 0 -1.2246467991473532e-16 -1
vn 0 -1.2246467991473532e-16 -1
vn 0 -1.2246467991473532e-16 -1
vn 0 -1.2246467991473532e-16 -1
vn 0 -1.2246467991473532e-16 -1
vn 0 -1.2246467991473532e-16 -1
vn 0 -1.2246467991473532e-16 -1
f 2833/2833/2833 2832/2832/2832 2831/2831/2831
f 2832/2832/2832 2833/2833/2833 2834/2834/2834
f 2837/2837/2837 2836/2836/2836 2835/2835/2835
f 2836/2836/2836 2837/2837/2837 2838/2838/2838
f 2841/2841/2841 2840/2840/2840 2839/2839/2839
f 2840/2840/2840 2841/2841/2841 2842/2842/2842
f 2845/2845/2845 2844/2844/2844 2843/2843/2843
f 2844/2844/2844 2845/2845/2845 2846/2846/2846
f 2849/2849/2849 2848/2848/2848 2847/2847/2847
f 2848/2848/2848 2849/2849/2849 2850/2850/2850
f 2853/2853/2853 2852/2852/2852 2851/2851/2851
f 2852/2852/2852 2853/2853/2853 2854/2854/2854
f 2857/2857/2857 2856/2856/2856 2855/2855/2855
f 2856/2856/2856 2857/2857/2857 2858/2858/2858
f 2861/2861/2861 2860/2860/2860 2859/2859/2859
f 2860/2860/2860 2861/2861/2861 2862/2862/2862
f 2865/2865/2865 2864/2864/2864 2863/2863/2863
f 2864/2864/2864 2865/2865/2865 2866/2866/2866
f 2869/2869/2869 2868/2868/2868 2867/2867/2867
f 2868/2868/2868 2869/2869/2869 2870/2870/2870
o mesh_45
usemtl mat1
v 67.2 52.79999999999998 -172.8
v 67.2 52.79999999999998 -168
v 67.2 49.59999999999998 -173.60000000000002
v 67.2 49.59999999999998 -168
v 70.4 52.79999999999998 -172.8
v 67.2 52.79999999999998 -172.8
v 70.4 49.59999999999998 -173.60000000000002
v 67.2 49.59999999999998 -173.60000000000002
v 70.4 52.79999999999998 -168
v 70.4 52.79999999999998 -172.8
v 70.4 49.59999999999998 -168
v 70.4 49.59999999999998 -173.60000000000002
v 70.4 52.79999999999998 -172.8
v 70.4 52.79999999999998 -168
v 67.2 52.79999999999998 -172.8
v 67.2 52.79999999999998 -168
v 70.4 38.399999999999984 -168
v 70.4 49.59999999999998 -168
v 70.4 38.399999999999984 -175.20000000000002
v 70.4 49.59999999999998 -173.60000000000002
v 70.4 38.399999999999984 -175.20000000000002
v 70.4 49.59999999999998 -173.60000000000002
v 67.2 38.399999999999984 -175.20000000000002
v 67.2 49.59999999999998 -173.60000000000002
v 67.2 38.399999999999984 -168
v 67.2 38.399999999999984 -175.20000000000002
v 67.2 49.59999999999998 -168
v 67.2 49.59999999999998 -173.60000000000002
v 70.4 38.399999999999984 -168
v 67.2 38.399999999999984 -168
v 70.4 49.59999999999998 -168
v 67.2 49.59999999999998 -168
v 67.2 52.79999999999998 -168
v 70.4 52.79999999999998 -168
v 67.2 49.59999999999998 -168
v 70.4 49.59999999999998 -168
vt 0.2734375 0.5
vt 0.34375 0.5
vt 0.265625 0.5390625
vt 0.34375 0.5390625
vt 0.34375 0.5
vt 0.3984375 0.5
vt 0.34375 0.5
vt 0.3984375 0.5
vt 0.34375 0.5
vt 0.28125 0.5
vt 0.34375 0.5390625
vt 0.2734375 0.5390625
vt 0.4921875 0.6484375
vt 0.4375 0.6484375
vt 0.4921875 0.625
vt 0.4375 0.625
vt 0.34375 0.6796875
vt 0.34375 0.5390625
vt 0.25 0.6796875
vt 0.2734375 0.5390625
vt 0.34375 0.6796875
vt 0.34375 0.5
vt 0.3984375 0.6796875
vt 0.3984375 0.5
vt 0.34375 0.6796875
vt 0.25 0.6796875
vt 0.34375 0.5390625
vt 0.265625 0.5390625
vt 0.3984375 0.6796875
vt 0.34375 0.6796875
vt 0.3984375 0.5390625
vt 0.34375 0.5390625
vt 0.34375 0.5
vt 0.3984375 0.5
vt 0.34375 0.5390625
vt 0.3984375 0.5390625
vn -1 0 0
vn -1 0 0
vn -1 0 0
vn -1 0 0
vn 0 0.24253562503633283 -0.9701425001453319
vn 0 0.24253562503633283 -0.9701425001453319
vn 0 0.24253562503633283 -0.9701425001453319
vn 0 0.24253562503633283 -0.9701425001453319
vn 1 0 0
vn 1 0 0
vn 1 0 0
vn 1 0 0
vn 0 1 -1.2246467991473532e-16
vn 0 1 -1.2246467991473532e-16
vn 0 1 -1.2246467991473532e-16
vn 0 1 -1.2246467991473532e-16
vn 1 0 0
vn 1 0 0
vn 1 0 0
vn 1 0 0
vn 0 0.14142136666812252 -0.9899494921710503
vn 0 0.14142136666812252 -0.9899494921710503
vn 0 0.14142136666812252 -0.9899494921710503
vn 0 0.14142136666812252 -0.9899494921710503
vn -1 0 0
vn -1 0 0
vn -1 0 0
vn -1 0 0
vn 0 1.2246467991473532e-16 1
vn 0 1.2246467991473532e-16 1
vn 0 1.2246467991473532e-16 1
vn 0 1.2246467991473532e-16 1
vn 0 1.2246467991473532e-16 1
vn 0 1.2246467991473532e-16 1
vn 0 1.2246467991473532e-16 1
vn 0 1.2246467991473532e-16 1
f 2873/2873/2873 2872/2872/2872 2871/2871/2871
f 2872/2872/2872 2873/2873/2873 2874/2874/2874
f 2877/2877/2877 2876/2876/2876 2875/2875/2875
f 2876/2876/2876 2877/2877/2877 2878/2878/2878
f 2881/2881/2881 2880/2880/2880 2879/2879/2879
f 2880/2880/2880 2881/2881/2881 2882/2882/2882
f 2885/2885/2885 2884/2884/2884 2883/2883/2883
f 2884/2884/2884 2885/2885/2885 2886/2886/2886
f 2889/2889/2889 2888/2888/2888 2887/2887/2887
f 2888/2888/2888 2889/2889/2889 2890/2890/2890
f 2893/2893/2893 2892/2892/2892 2891/2891/2891
f 2892/2892/2892 2893/2893/2893 2894/2894/2894
f 2897/2897/2897 2896/2896/2896 2895/2895/2895
f 2896/2896/2896 2897/2897/2897 2898/2898/2898
f 2901/2901/2901 2900/2900/2900 2899/2899/2899
f 2900/2900/2900 2901/2901/2901 2902/2902/2902
f 2905/2905/2905 2904/2904/2904 2903/2903/2903
f 2904/2904/2904 2905/2905/2905 2906/2906/2906
o mesh_46
usemtl mat6
v 70.4 38.399999999999984 -175.20000000000002
v 76.80000000000001 38.399999999999984 -175.20000000000002
v 70.4 38.399999999999984 -168
v 76.80000000000001 38.399999999999984 -168
v 67.2 38.399999999999984 -168
v 64 38.399999999999984 -168
v 67.2 38.399999999999984 -175.20000000000002
v 64 38.399999999999984 -175.20000000000002
vt 0.5625 0.40625
vt 0.6171875 0.40625
vt 0.5625 0.4921875
vt 0.6171875 0.4921875
vt 0.53125 0.4921875
vt 0.5 0.4921875
vt 0.53125 0.40625
vt 0.5 0.40625
vn 0 1 -1.2246467991473532e-16
vn 0 1 -1.2246467991473532e-16
vn 0 1 -1.2246467991473532e-16
vn 0 1 -1.2246467991473532e-16
vn 0 1 -1.2246467991473532e-16
vn 0 1 -1.2246467991473532e-16
vn 0 1 -1.2246467991473532e-16
vn 0 1 -1.2246467991473532e-16
f 2909/2909/2909 2908/2908/2908 2907/2907/2907
f 2908/2908/2908 2909/2909/2909 2910/2910/2910
f 2913/2913/2913 2912/2912/2912 2911/2911/2911
f 2912/2912/2912 2913/2913/2913 2914/2914/2914
o mesh_47
usemtl mat18
v 1.6 24.799999999999983 -146.4
v 0 24.799999999999983 -135.20000000000002
v 1.6 12.799999999999983 -146.4
v 0 12.799999999999985 -135.20000000000002
v 0 24.799999999999983 -135.20000000000002
v 11.200000000000001 24.799999999999983 -133.6
v 0 12.799999999999985 -135.20000000000002
v 11.200000000000001 12.799999999999985 -133.6
v 11.200000000000001 24.799999999999983 -133.6
v 12.8 24.799999999999983 -144.8
v 11.200000000000001 12.799999999999985 -133.6
v 12.8 12.799999999999983 -144.8
v 12.8 24.799999999999983 -144.8
v 1.6 24.799999999999983 -146.4
v 12.8 12.799999999999983 -144.8
v 1.6 12.799999999999983 -146.4
v 12.8 24.799999999999983 -144.8
v 11.200000000000001 24.799999999999983 -133.6
v 1.6 24.799999999999983 -146.4
v 0 24.799999999999983 -135.20000000000002
v 90.4 24.799999999999983 -152
v 79.2 24.799999999999983 -152
v 90.4 24.799999999999983 -140
v 79.2 24.799999999999983 -140
vt 0 0.5
vt 0.1171875 0.5
vt 0 0.6171875
vt 0.1171875 0.6171875
vt 0 0.5
vt 0.1171875 0.5
vt 0 0.6171875
vt 0.1171875 0.6171875
vt 0 0.5
vt 0.1171875 0.5
vt 0 0.6171875
vt 0.1171875 0.6171875
vt 0.1171875 0.5
vt 0 0.5
vt 0.1171875 0.6171875
vt 0 0.6171875
vt 0.125 0.5
vt 0.2421875 0.5
vt 0.125 0.6171875
vt 0.2421875 0.6171875
vt 0.125 0.6171875
vt 0.125 0.5
vt 0.2421875 0.6171875
vt 0.2421875 0.5
vn -0.9899494921710503 -1.7319122402116054e-17 -0.14142136666812263
vn -0.9899494921710503 -1.7319122402116054e-17 -0.14142136666812263
vn -0.9899494921710503 -1.7319122402116054e-17 -0.14142136666812263
vn -0.9899494921710503 -1.7319122402116054e-17 -0.14142136666812263
vn -0.14142136666812263 1.2123384769048244e-16 0.9899494921710503
vn -0.14142136666812263 1.2123384769048244e-16 0.9899494921710503
vn -0.14142136666812263 1.2123384769048244e-16 0.9899494921710503
vn -0.14142136666812263 1.2123384769048244e-16 0.9899494921710503
vn 0.9899494921710503 1.7319122402116054e-17 0.14142136666812263
vn 0.9899494921710503 1.7319122402116054e-17 0.14142136666812263
vn 0.9899494921710503 1.7319122402116054e-17 0.14142136666812263
vn 0.9899494921710503 1.7319122402116054e-17 0.14142136666812263
vn 0.14142136666812263 -1.2123384769048244e-16 -0.9899494921710503
vn 0.14142136666812263 -1.2123384769048244e-16 -0.9899494921710503
vn 0.14142136666812263 -1.2123384769048244e-16 -0.9899494921710503
vn 0.14142136666812263 -1.2123384769048244e-16 -0.9899494921710503
vn 0 1 -1.2246467991473532e-16
vn 0 1 -1.2246467991473532e-16
vn 0 1 -1.2246467991473532e-16
vn 0 1 -1.2246467991473532e-16
vn 0 -1 1.2246467991473532e-16
vn 0 -1 1.2246467991473532e-16
vn 0 -1 1.2246467991473532e-16
vn 0 -1 1.2246467991473532e-16
f 2917/2917/2917 2916/2916/2916 2915/2915/2915
f 2916/2916/2916 2917/2917/2917 2918/2918/2918
f 2921/2921/2921 2920/2920/2920 2919/2919/2919
f 2920/2920/2920 2921/2921/2921 2922/2922/2922
f 2925/2925/2925 2924/2924/2924 2923/2923/2923
f 2924/2924/2924 2925/2925/2925 2926/2926/2926
f 2929/2929/2929 2928/2928/2928 2927/2927/2927
f 2928/2928/2928 2929/2929/2929 2930/2930/2930
f 2933/2933/2933 2932/2932/2932 2931/2931/2931
f 2932/2932/2932 2933/2933/2933 2934/2934/2934
f 2937/2937/2937 2936/2936/2936 2935/2935/2935
f 2936/2936/2936 2937/2937/2937 2938/2938/2938
o mesh_48
usemtl mat9
v 1.6 12.799999999999983 -146.4
v 0 12.799999999999985 -135.20000000000002
v 12.8 12.799999999999983 -144.8
v 11.200000000000001 12.799999999999985 -133.6
v 78.4 12.799999999999985 -129.6
v 89.60000000000001 12.799999999999985 -129.6
v 78.4 12.799999999999985 -128
v 89.60000000000001 12.799999999999985 -128
v 0 12.799999999999985 -133.6
v 11.200000000000001 12.799999999999985 -133.6
v 0 6.399999999999984 -133.6
v 11.200000000000001 6.399999999999984 -133.6
v 11.200000000000001 12.799999999999983 -144.8
v 11.200000000000001 6.399999999999983 -144.8
v 11.200000000000001 12.799999999999985 -133.6
v 11.200000000000001 6.399999999999984 -133.6
v 11.200000000000001 12.799999999999983 -144.8
v 0 12.799999999999983 -144.8
v 11.200000000000001 6.399999999999983 -144.8
v 0 6.399999999999983 -144.8
v 0 12.799999999999985 -133.6
v 0 6.399999999999984 -133.6
v 0 12.799999999999983 -144.8
v 0 6.399999999999983 -144.8
vt 0.7421875 0.4921875
vt 0.625 0.4921875
vt 0.7421875 0.375
vt 0.625 0.375
vt 0.6484375 0.453125
vt 0.640625 0.4609375
vt 0.640625 0.453125
vt 0.640625 0.4609375
vt 0.5 0.4375
vt 0.6171875 0.4375
vt 0.5 0.4921875
vt 0.6171875 0.4921875
vt 0.6171875 0.375
vt 0.6171875 0.4296875
vt 0.5 0.375
vt 0.5 0.4296875
vt 0.5 0.4375
vt 0.6171875 0.4375
vt 0.5 0.4921875
vt 0.6171875 0.4921875
vt 0.6171875 0.375
vt 0.6171875 0.4296875
vt 0.5 0.375
vt 0.5 0.4296875
vn 0 -1 1.2246467991473532e-16
vn 0 -1 1.2246467991473532e-16
vn 0 -1 1.2246467991473532e-16
vn 0 -1 1.2246467991473532e-16
vn 0 1 -1.2246467991473532e-16
vn 0 1 -1.2246467991473532e-16
vn 0 1 -1.2246467991473532e-16
vn 0 1 -1.2246467991473532e-16
vn 0 1.2246467991473532e-16 1
vn 0 1.2246467991473532e-16 1
vn 0 1.2246467991473532e-16 1
vn 0 1.2246467991473532e-16 1
vn 1 0 0
vn 1 0 0
vn 1 0 0
vn 1 0 0
vn 0 -1.2246467991473532e-16 -1
vn 0 -1.2246467991473532e-16 -1
vn 0 -1.2246467991473532e-16 -1
vn 0 -1.2246467991473532e-16 -1
vn -1 0 0
vn -1 0 0
vn -1 0 0
vn -1 0 0
f 2941/2941/2941 2940/2940/2940 2939/2939/2939
f 2940/2940/2940 2941/2941/2941 2942/2942/2942
f 2945/2945/2945 2944/2944/2944 2943/2943/2943
f 2944/2944/2944 2945/2945/2945 2946/2946/2946
f 2949/2949/2949 2948/2948/2948 2947/2947/2947
f 2948/2948/2948 2949/2949/2949 2950/2950/2950
f 2953/2953/2953 2952/2952/2952 2951/2951/2951
f 2952/2952/2952 2953/2953/2953 2954/2954/2954
f 2957/2957/2957 2956/2956/2956 2955/2955/2955
f 2956/2956/2956 2957/2957/2957 2958/2958/2958
f 2961/2961/2961 2960/2960/2960 2959/2959/2959
f 2960/2960/2960 2961/2961/2961 2962/2962/2962
o mesh_49
usemtl mat19
v 11.200000000000001 12.799999999999985 -133.6
v 0 12.799999999999985 -133.6
v 11.200000000000001 12.799999999999983 -144.8
v 0 12.799999999999983 -144.8
vt 0.5 0.1796875
vt 0.5 0
vt 0.6796875 0.1796875
vt 0.6796875 0
vn 0 1 -1.2246467991473532e-16
vn 0 1 -1.2246467991473532e-16
vn 0 1 -1.2246467991473532e-16
vn 0 1 -1.2246467991473532e-16
f 2965/2965/2965 2964/2964/2964 2963/2963/2963
f 2964/2964/2964 2965/2965/2965 2966/2966/2966
o mesh_50
usemtl mat17
v 76.80000000000001 25.59999999999998 -168
v 76.80000000000001 38.399999999999984 -168
v 76.80000000000001 25.59999999999998 -175.20000000000002
v 76.80000000000001 38.399999999999984 -175.20000000000002
v 76.80000000000001 12.79999999999998 -168
v 76.80000000000001 25.59999999999998 -168
v 76.80000000000001 12.79999999999998 -175.20000000000002
v 76.80000000000001 25.59999999999998 -175.20000000000002
v 76.80000000000001 -2.037812273781196e-14 -166.4
v 76.80000000000001 12.79999999999998 -168
v 76.80000000000001 -2.145581192106163e-14 -175.20000000000002
v 76.80000000000001 12.79999999999998 -175.20000000000002
vt 0.96875 0.96875
vt 0.96875 0.96875
vt 0.96875 0.96875
vt 0.96875 0.96875
vt 0.96875 0.96875
vt 0.96875 0.96875
vt 0.96875 0.96875
vt 0.96875 0.96875
vt 0.96875 0.96875
vt 0.96875 0.96875
vt 0.96875 0.96875
vt 0.96875 0.96875
vn 1 0 0
vn 1 0 0
vn 1 0 0
vn 1 0 0
vn 1 0 0
vn 1 0 0
vn 1 0 0
vn 1 0 0
vn 1 0 0
vn 1 0 0
vn 1 0 0
vn 1 0 0
f 2969/2969/2969 2968/2968/2968 2967/2967/2967
f 2968/2968/2968 2969/2969/2969 2970/2970/2970
f 2973/2973/2973 2972/2972/2972 2971/2971/2971
f 2972/2972/2972 2973/2973/2973 2974/2974/2974
f 2977/2977/2977 2976/2976/2976 2975/2975/2975
f 2976/2976/2976 2977/2977/2977 2978/2978/2978
o mesh_51
usemtl mat1
v 76.80000000000001 51.19999999999998 -164.8
v 70 51.19999999999998 -164.4
v 69.60000000000001 49.99999999999998 -164.4
v 69.60000000000001 49.99999999999998 -164.4
v 69.60000000000001 49.99999999999998 -163.20000000000002
v 70 51.19999999999998 -163.20000000000002
v 69.60000000000001 49.99999999999998 -164.4
v 76.80000000000001 49.59999999999998 -164.8
v 76.80000000000001 51.19999999999998 -164.8
v 69.60000000000001 49.99999999999998 -155.60000000000002
v 70 51.19999999999998 -155.60000000000002
v 76.80000000000001 51.19999999999998 -155.20000000000002
v 70 51.19999999999998 -156.8
v 69.60000000000001 49.99999999999998 -156.8
v 69.60000000000001 49.99999999999998 -155.60000000000002
v 76.80000000000001 51.19999999999998 -155.20000000000002
v 76.80000000000001 49.59999999999998 -155.20000000000002
v 69.60000000000001 49.99999999999998 -155.60000000000002
v 76.80000000000001 49.59999999999998 -163.20000000000002
v 76.80000000000001 49.59999999999998 -164.8
v 76.80000000000001 51.19999999999998 -163.20000000000002
v 76.80000000000001 49.59999999999998 -155.20000000000002
v 76.80000000000001 49.59999999999998 -156.8
v 76.80000000000001 51.19999999999998 -156.8
v 75.2 51.19999999999998 -163.20000000000002
v 75.2 51.19999999999998 -156.8
v 72.8 51.19999999999998 -163.20000000000002
v 72.8 51.19999999999998 -156.8
v 72.8 51.19999999999998 -163.20000000000002
v 72.8 51.19999999999998 -156.8
v 75.2 51.19999999999998 -163.20000000000002
v 75.2 51.19999999999998 -156.8
v 67.60000000000001 51.19999999999998 -164.4
v 67.60000000000001 51.19999999999998 -163.20000000000002
v 68 49.99999999999998 -164.4
v 68 49.99999999999998 -163.20000000000002
v 70 51.19999999999998 -163.20000000000002
v 70 51.19999999999998 -164.4
v 76.80000000000001 51.19999999999998 -163.20000000000002
v 76.80000000000001 51.19999999999998 -164.8
v 69.60000000000001 52.399999999999984 -164.4
v 69.60000000000001 52.399999999999984 -163.20000000000002
v 68 52.399999999999984 -164.4
v 68 52.399999999999984 -163.20000000000002
v 68 52.399999999999984 -163.20000000000002
v 67.60000000000001 51.19999999999998 -163.20000000000002
v 68 52.399999999999984 -164.4
v 67.60000000000001 51.19999999999998 -164.4
v 70 51.19999999999998 -163.20000000000002
v 76.80000000000001 51.19999999999998 -163.20000000000002
v 69.60000000000001 49.99999999999998 -164.4
v 76.80000000000001 49.59999999999998 -164.8
v 70 51.19999999999998 -164.4
v 70 51.19999999999998 -163.20000000000002
v 69.60000000000001 52.399999999999984 -164.4
v 69.60000000000001 52.399999999999984 -163.20000000000002
v 68 49.99999999999998 -164.4
v 68 49.99999999999998 -163.20000000000002
v 69.60000000000001 49.99999999999998 -164.4
v 69.60000000000001 49.99999999999998 -163.20000000000002
v 68 49.99999999999998 -155.60000000000002
v 68 49.99999999999998 -156.8
v 67.60000000000001 51.19999999999998 -155.60000000000002
v 67.60000000000001 51.19999999999998 -156.8
v 76.80000000000001 51.19999999999998 -156.8
v 76.80000000000001 51.19999999999998 -155.20000000000002
v 70 51.19999999999998 -156.8
v 70 51.19999999999998 -155.60000000000002
v 69.60000000000001 52.399999999999984 -156
v 70 51.19999999999998 -155.60000000000002
v 68 52.399999999999984 -156
v 67.60000000000001 51.19999999999998 -155.60000000000002
v 68 52.399999999999984 -156
v 68 52.399999999999984 -156.8
v 69.60000000000001 52.399999999999984 -156
v 69.60000000000001 52.399999999999984 -156.8
v 68 52.399999999999984 -156
v 67.60000000000001 51.19999999999998 -155.60000000000002
v 68 52.399999999999984 -156.8
v 67.60000000000001 51.19999999999998 -156.8
v 69.60000000000001 49.99999999999998 -155.60000000000002
v 76.80000000000001 49.59999999999998 -155.20000000000002
v 70 51.19999999999998 -156.8
v 76.80000000000001 51.19999999999998 -156.8
v 69.60000000000001 52.399999999999984 -156
v 69.60000000000001 52.399999999999984 -156.8
v 70 51.19999999999998 -155.60000000000002
v 70 51.19999999999998 -156.8
v 68 49.99999999999998 -155.60000000000002
v 67.60000000000001 51.19999999999998 -155.60000000000002
v 69.60000000000001 49.99999999999998 -155.60000000000002
v 70 51.19999999999998 -155.60000000000002
v 69.60000000000001 49.99999999999998 -155.60000000000002
v 69.60000000000001 49.99999999999998 -156.8
v 68 49.99999999999998 -155.60000000000002
v 68 49.99999999999998 -156.8
v 68 52.399999999999984 -164.4
v 67.60000000000001 51.19999999999998 -164.4
v 69.60000000000001 52.399999999999984 -164.4
v 70 51.19999999999998 -164.4
v 69.60000000000001 49.99999999999998 -164.4
v 70 51.19999999999998 -164.4
v 68 49.99999999999998 -164.4
v 67.60000000000001 51.19999999999998 -164.4
v 67.60000000000001 51.19999999999998 -163.20000000000002
v 68 52.399999999999984 -163.20000000000002
v 70 51.19999999999998 -163.20000000000002
v 69.60000000000001 52.399999999999984 -163.20000000000002
v 67.60000000000001 51.19999999999998 -163.20000000000002
v 70 51.19999999999998 -163.20000000000002
v 68 49.99999999999998 -163.20000000000002
v 69.60000000000001 49.99999999999998 -163.20000000000002
v 70 51.19999999999998 -156.8
v 69.60000000000001 52.399999999999984 -156.8
v 67.60000000000001 51.19999999999998 -156.8
v 68 52.399999999999984 -156.8
v 68 49.99999999999998 -156.8
v 69.60000000000001 49.99999999999998 -156.8
v 67.60000000000001 51.19999999999998 -156.8
v 70 51.19999999999998 -156.8
vt 0.3671875 0.7109375
vt 0.2890625 0.7109375
vt 0.28125 0.7265625
vt 0.40625 0.7265625
vt 0.4296875 0.7265625
vt 0.4296875 0.7421875
vt 0.28125 0.7265625
vt 0.3671875 0.7421875
vt 0.3671875 0.7109375
vt 0.28125 0.7265625
vt 0.2890625 0.7109375
vt 0.3671875 0.7109375
vt 0.40625 0.6875
vt 0.40625 0.6875
vt 0.4296875 0.6875
vt 0.3671875 0.7109375
vt 0.3671875 0.7421875
vt 0.28125 0.7265625
vt 0.296875 0.6640625
vt 0.296875 0.65625
vt 0.296875 0.6640625
vt 0.296875 0.671875
vt 0.296875 0.671875
vt 0.296875 0.671875
vt 0.3984375 0.7421875
vt 0.3984375 0.6875
vt 0.375 0.7421875
vt 0.375 0.6875
vt 0.375 0.7421875
vt 0.375 0.6875
vt 0.3984375 0.7421875
vt 0.3984375 0.6875
vt 0.40625 0.6875
vt 0.4296875 0.6875
vt 0.40625 0.703125
vt 0.4296875 0.703125
vt 0.296875 0.703125
vt 0.296875 0.6875
vt 0.3671875 0.703125
vt 0.3671875 0.6875
vt 0.40625 0.7265625
vt 0.4296875 0.7265625
vt 0.40625 0.703125
vt 0.4296875 0.703125
vt 0.4296875 0.703125
vt 0.4296875 0.6875
vt 0.40625 0.703125
vt 0.40625 0.6875
vt 0.2890625 0.7109375
vt 0.3671875 0.7109375
vt 0.28125 0.7265625
vt 0.3671875 0.7421875
vt 0.40625 0.7421875
vt 0.4296875 0.7421875
vt 0.40625 0.7265625
vt 0.4296875 0.7265625
vt 0.40625 0.703125
vt 0.4296875 0.703125
vt 0.40625 0.7265625
vt 0.4296875 0.7265625
vt 0.4296875 0.7265625
vt 0.40625 0.7265625
vt 0.4296875 0.7421875
vt 0.40625 0.7421875
vt 0.3671875 0.6875
vt 0.3671875 0.703125
vt 0.296875 0.6875
vt 0.296875 0.703125
vt 0.28125 0.6875
vt 0.2890625 0.7109375
vt 0.2578125 0.6875
vt 0.25 0.7109375
vt 0.4296875 0.7265625
vt 0.40625 0.7265625
vt 0.4296875 0.703125
vt 0.40625 0.703125
vt 0.4296875 0.7265625
vt 0.4296875 0.7421875
vt 0.40625 0.7265625
vt 0.40625 0.7421875
vt 0.28125 0.7265625
vt 0.3671875 0.7421875
vt 0.2890625 0.7109375
vt 0.3671875 0.7109375
vt 0.4296875 0.703125
vt 0.40625 0.703125
vt 0.4296875 0.6875
vt 0.40625 0.6875
vt 0.2578125 0.7265625
vt 0.25 0.7109375
vt 0.28125 0.7265625
vt 0.2890625 0.7109375
vt 0.4296875 0.6875
vt 0.40625 0.6875
vt 0.4296875 0.7265625
vt 0.40625 0.7265625
vt 0.2578125 0.6875
vt 0.25 0.7109375
vt 0.28125 0.6875
vt 0.2890625 0.7109375
vt 0.28125 0.7265625
vt 0.2890625 0.7109375
vt 0.2578125 0.7265625
vt 0.25 0.7109375
vt 0.25 0.7109375
vt 0.2578125 0.6875
vt 0.2890625 0.7109375
vt 0.28125 0.6875
vt 0.25 0.7109375
vt 0.2890625 0.7109375
vt 0.2578125 0.7265625
vt 0.28125 0.7265625
vt 0.2890625 0.7109375
vt 0.28125 0.6875
vt 0.25 0.7109375
vt 0.2578125 0.6875
vt 0.2578125 0.7265625
vt 0.28125 0.7265625
vt 0.25 0.7109375
vt 0.2890625 0.7109375
vn -0.058710777062599966 0.01957025964174826 -0.9980831877124573
vn -0.058710777062599966 0.01957025964174826 -0.9980831877124573
vn -0.058710777062599966 0.01957025964174826 -0.9980831877124573
vn 0.9486833010307459 -0.3162277570761414 3.872673105048433e-17
vn 0.9486833010307459 -0.3162277570761414 3.872673105048433e-17
vn 0.9486833010307459 -0.3162277570761414 3.872673105048433e-17
vn -0.05547001962252292 -1.222761275628544e-16 -0.9984603532054125
vn -0.05547001962252292 -1.222761275628544e-16 -0.9984603532054125
vn -0.05547001962252292 -1.222761275628544e-16 -0.9984603532054125
vn -0.058710777062599966 0.0195702596417485 0.9980831877124573
vn -0.058710777062599966 0.0195702596417485 0.9980831877124573
vn -0.058710777062599966 0.0195702596417485 0.9980831877124573
vn 0.9486833010307459 -0.3162277570761414 3.872673105048433e-17
vn 0.9486833010307459 -0.3162277570761414 3.872673105048433e-17
vn 0.9486833010307459 -0.3162277570761414 3.872673105048433e-17
vn -0.05547001962252292 1.222761275628544e-16 0.9984603532054125
vn -0.05547001962252292 1.222761275628544e-16 0.9984603532054125
vn -0.05547001962252292 1.222761275628544e-16 0.9984603532054125
vn -1 0 0
vn -1 0 0
vn -1 0 0
vn -1 0 0
vn -1 0 0
vn -1 0 0
vn 0 1 -1.2246467991473532e-16
vn 0 1 -1.2246467991473532e-16
vn 0 1 -1.2246467991473532e-16
vn 0 1 -1.2246467991473532e-16
vn 0 -1 1.2246467991473532e-16
vn 0 -1 1.2246467991473532e-16
vn 0 -1 1.2246467991473532e-16
vn 0 -1 1.2246467991473532e-16
vn -0.9486833010307459 -0.3162277570761414 3.872673105048433e-17
vn -0.9486833010307459 -0.3162277570761414 3.872673105048433e-17
vn -0.9486833010307459 -0.3162277570761414 3.872673105048433e-17
vn -0.9486833010307459 -0.3162277570761414 3.872673105048433e-17
vn 0 1 -1.2246467991473532e-16
vn 0 1 -1.2246467991473532e-16
vn 0 1 -1.2246467991473532e-16
vn 0 1 -1.2246467991473532e-16
vn 0 1 -1.2246467991473532e-16
vn 0 1 -1.2246467991473532e-16
vn 0 1 -1.2246467991473532e-16
vn 0 1 -1.2246467991473532e-16
vn -0.9486833010307459 0.3162277570761414 -3.872673105048433e-17
vn -0.9486833010307459 0.3162277570761414 -3.872673105048433e-17
vn -0.9486833010307459 0.3162277570761414 -3.872673105048433e-17
vn -0.9486833010307459 0.3162277570761414 -3.872673105048433e-17
vn 0 -0.7071067811865475 0.7071067811865476
vn 0 -0.7071067811865475 0.7071067811865476
vn 0 -0.7071067811865475 0.7071067811865476
vn 0 -0.7071067811865475 0.7071067811865476
vn 0.9486833010307459 0.3162277570761414 -3.872673105048433e-17
vn 0.9486833010307459 0.3162277570761414 -3.872673105048433e-17
vn 0.9486833010307459 0.3162277570761414 -3.872673105048433e-17
vn 0.9486833010307459 0.3162277570761414 -3.872673105048433e-17
vn 0 -1 1.2246467991473532e-16
vn 0 -1 1.2246467991473532e-16
vn 0 -1 1.2246467991473532e-16
vn 0 -1 1.2246467991473532e-16
vn -0.9486833010307459 -0.3162277570761414 3.872673105048433e-17
vn -0.9486833010307459 -0.3162277570761414 3.872673105048433e-17
vn -0.9486833010307459 -0.3162277570761414 3.872673105048433e-17
vn -0.9486833010307459 -0.3162277570761414 3.872673105048433e-17
vn 0 1 -1.2246467991473532e-16
vn 0 1 -1.2246467991473532e-16
vn 0 1 -1.2246467991473532e-16
vn 0 1 -1.2246467991473532e-16
vn 0 0.31622775707614154 0.9486833010307459
vn 0 0.31622775707614154 0.9486833010307459
vn 0 0.31622775707614154 0.9486833010307459
vn 0 0.31622775707614154 0.9486833010307459
vn 0 1 -1.2246467991473532e-16
vn 0 1 -1.2246467991473532e-16
vn 0 1 -1.2246467991473532e-16
vn 0 1 -1.2246467991473532e-16
vn -0.9486833010307459 0.3162277570761414 -3.872673105048433e-17
vn -0.9486833010307459 0.3162277570761414 -3.872673105048433e-17
vn -0.9486833010307459 0.3162277570761414 -3.872673105048433e-17
vn -0.9486833010307459 0.3162277570761414 -3.872673105048433e-17
vn 0 -0.7071067811865476 -0.7071067811865475
vn 0 -0.7071067811865476 -0.7071067811865475
vn 0 -0.7071067811865476 -0.7071067811865475
vn 0 -0.7071067811865476 -0.7071067811865475
vn 0.9486833010307459 0.3162277570761414 -3.872673105048433e-17
vn 0.9486833010307459 0.3162277570761414 -3.872673105048433e-17
vn 0.9486833010307459 0.3162277570761414 -3.872673105048433e-17
vn 0.9486833010307459 0.3162277570761414 -3.872673105048433e-17
vn 0 1.2246467991473532e-16 1
vn 0 1.2246467991473532e-16 1
vn 0 1.2246467991473532e-16 1
vn 0 1.2246467991473532e-16 1
vn 0 -1 1.2246467991473532e-16
vn 0 -1 1.2246467991473532e-16
vn 0 -1 1.2246467991473532e-16
vn 0 -1 1.2246467991473532e-16
vn 0 -1.2246467991473532e-16 -1
vn 0 -1.2246467991473532e-16 -1
vn 0 -1.2246467991473532e-16 -1
vn 0 -1.2246467991473532e-16 -1
vn 0 -1.2246467991473532e-16 -1
vn 0 -1.2246467991473532e-16 -1
vn 0 -1.2246467991473532e-16 -1
vn 0 -1.2246467991473532e-16 -1
vn 0 1.2246467991473532e-16 1
vn 0 1.2246467991473532e-16 1
vn 0 1.2246467991473532e-16 1
vn 0 1.2246467991473532e-16 1
vn 0 1.2246467991473532e-16 1
vn 0 1.2246467991473532e-16 1
vn 0 1.2246467991473532e-16 1
vn 0 1.2246467991473532e-16 1
vn 0 -1.2246467991473532e-16 -1
vn 0 -1.2246467991473532e-16 -1
vn 0 -1.2246467991473532e-16 -1
vn 0 -1.2246467991473532e-16 -1
vn 0 -1.2246467991473532e-16 -1
vn 0 -1.2246467991473532e-16 -1
vn 0 -1.2246467991473532e-16 -1
vn 0 -1.2246467991473532e-16 -1
f 2981/2981/2981 2980/2980/2980 2979/2979/2979
f 2984/2984/2984 2983/2983/2983 2982/2982/2982
f 2987/2987/2987 2986/2986/2986 2985/2985/2985
f 2990/2990/2990 2989/2989/2989 2988/2988/2988
f 2993/2993/2993 2992/2992/2992 2991/2991/2991
f 2996/2996/2996 2995/2995/2995 2994/2994/2994
f 2999/2999/2999 2998/2998/2998 2997/2997/2997
f 3002/3002/3002 3001/3001/3001 3000/3000/3000
f 3005/3005/3005 3004/3004/3004 3003/3003/3003
f 3004/3004/3004 3005/3005/3005 3006/3006/3006
f 3009/3009/3009 3008/3008/3008 3007/3007/3007
f 3008/3008/3008 3009/3009/3009 3010/3010/3010
f 3013/3013/3013 3012/3012/3012 3011/3011/3011
f 3012/3012/3012 3013/3013/3013 3014/3014/3014
f 3017/3017/3017 3016/3016/3016 3015/3015/3015
f 3016/3016/3016 3017/3017/3017 3018/3018/3018
f 3021/3021/3021 3020/3020/3020 3019/3019/3019
f 3020/3020/3020 3021/3021/3021 3022/3022/3022
f 3025/3025/3025 3024/3024/3024 3023/3023/3023
f 3024/3024/3024 3025/3025/3025 3026/3026/3026
f 3029/3029/3029 3028/3028/3028 3027/3027/3027
f 3028/3028/3028 3029/3029/3029 3030/3030/3030
f 3033/3033/3033 3032/3032/3032 3031/3031/3031
f 3032/3032/3032 3033/3033/3033 3034/3034/3034
f 3037/3037/3037 3036/3036/3036 3035/3035/3035
f 3036/3036/3036 3037/3037/3037 3038/3038/3038
f 3041/3041/3041 3040/3040/3040 3039/3039/3039
f 3040/3040/3040 3041/3041/3041 3042/3042/3042
f 3045/3045/3045 3044/3044/3044 3043/3043/3043
f 3044/3044/3044 3045/3045/3045 3046/3046/3046
f 3049/3049/3049 3048/3048/3048 3047/3047/3047
f 3048/3048/3048 3049/3049/3049 3050/3050/3050
f 3053/3053/3053 3052/3052/3052 3051/3051/3051
f 3052/3052/3052 3053/3053/3053 3054/3054/3054
f 3057/3057/3057 3056/3056/3056 3055/3055/3055
f 3056/3056/3056 3057/3057/3057 3058/3058/3058
f 3061/3061/3061 3060/3060/3060 3059/3059/3059
f 3060/3060/3060 3061/3061/3061 3062/3062/3062
f 3065/3065/3065 3064/3064/3064 3063/3063/3063
f 3064/3064/3064 3065/3065/3065 3066/3066/3066
f 3069/3069/3069 3068/3068/3068 3067/3067/3067
f 3068/3068/3068 3069/3069/3069 3070/3070/3070
f 3073/3073/3073 3072/3072/3072 3071/3071/3071
f 3072/3072/3072 3073/3073/3073 3074/3074/3074
f 3077/3077/3077 3076/3076/3076 3075/3075/3075
f 3076/3076/3076 3077/3077/3077 3078/3078/3078
f 3081/3081/3081 3080/3080/3080 3079/3079/3079
f 3080/3080/3080 3081/3081/3081 3082/3082/3082
f 3085/3085/3085 3084/3084/3084 3083/3083/3083
f 3084/3084/3084 3085/3085/3085 3086/3086/3086
f 3089/3089/3089 3088/3088/3088 3087/3087/3087
f 3088/3088/3088 3089/3089/3089 3090/3090/3090
f 3093/3093/3093 3092/3092/3092 3091/3091/3091
f 3092/3092/3092 3093/3093/3093 3094/3094/3094
f 3097/3097/3097 3096/3096/3096 3095/3095/3095
f 3096/3096/3096 3097/3097/3097 3098/3098/3098
o mesh_52
usemtl mat8
v 69.60000000000001 49.99999999999998 -155.60000000000002
v 76.80000000000001 49.59999999999998 -155.20000000000002
v 69.60000000000001 45.19999999999998 -155.60000000000002
v 76.80000000000001 44.79999999999998 -155.20000000000002
v 76.80000000000001 49.59999999999998 -155.20000000000002
v 69.60000000000001 49.99999999999998 -155.60000000000002
v 76.80000000000001 44.79999999999998 -155.20000000000002
v 69.60000000000001 45.19999999999998 -155.60000000000002
v 69.60000000000001 49.99999999999998 -164.4
v 76.80000000000001 49.59999999999998 -164.8
v 69.60000000000001 45.19999999999998 -164.4
v 76.80000000000001 44.79999999999998 -164.8
v 76.80000000000001 49.59999999999998 -164.8
v 69.60000000000001 49.99999999999998 -164.4
v 76.80000000000001 44.79999999999998 -164.8
v 69.60000000000001 45.19999999999998 -164.4
vt 0.6875 0.625
vt 0.7421875 0.6796875
vt 0.625 0.6796875
vt 0.6875 0.7421875
vt 0.7421875 0.6796875
vt 0.6875 0.625
vt 0.6875 0.7421875
vt 0.625 0.6796875
vt 0.6875 0.625
vt 0.7421875 0.6796875
vt 0.625 0.6796875
vt 0.6875 0.7421875
vt 0.7421875 0.6796875
vt 0.6875 0.625
vt 0.6875 0.7421875
vt 0.625 0.6796875
vn -0.05547001962252292 1.222761275628544e-16 0.9984603532054125
vn -0.05547001962252292 1.222761275628544e-16 0.9984603532054125
vn -0.05547001962252292 1.222761275628544e-16 0.9984603532054125
vn -0.05547001962252292 1.222761275628544e-16 0.9984603532054125
vn 0.05547001962252292 -1.222761275628544e-16 -0.9984603532054125
vn 0.05547001962252292 -1.222761275628544e-16 -0.9984603532054125
vn 0.05547001962252292 -1.222761275628544e-16 -0.9984603532054125
vn 0.05547001962252292 -1.222761275628544e-16 -0.9984603532054125
vn 0.05547001962252292 1.222761275628544e-16 0.9984603532054125
vn 0.05547001962252292 1.222761275628544e-16 0.9984603532054125
vn 0.05547001962252292 1.222761275628544e-16 0.9984603532054125
vn 0.05547001962252292 1.222761275628544e-16 0.9984603532054125
vn -0.05547001962252292 -1.222761275628544e-16 -0.9984603532054125
vn -0.05547001962252292 -1.222761275628544e-16 -0.9984603532054125
vn -0.05547001962252292 -1.222761275628544e-16 -0.9984603532054125
vn -0.05547001962252292 -1.222761275628544e-16 -0.9984603532054125
f 3101/3101/3101 3100/3100/3100 3099/3099/3099
f 3100/3100/3100 3101/3101/3101 3102/3102/3102
f 3105/3105/3105 3104/3104/3104 3103/3103/3103
f 3104/3104/3104 3105/3105/3105 3106/3106/3106
f 3109/3109/3109 3108/3108/3108 3107/3107/3107
f 3108/3108/3108 3109/3109/3109 3110/3110/3110
f 3113/3113/3113 3112/3112/3112 3111/3111/3111
f 3112/3112/3112 3113/3113/3113 3114/3114/3114
o mesh_53
usemtl mat6
v 90.4 54.39999999999999 -108.80000000000001
v 90.60000000000001 53.999999999999986 -108.5
v 90.10000000000001 53.999999999999986 -108.80000000000001
v 90.4 54.39999999999999 -108.80000000000001
v 90.60000000000001 53.999999999999986 -109.10000000000001
v 90.60000000000001 53.999999999999986 -108.5
v 90.4 54.39999999999999 -108.80000000000001
v 90.10000000000001 53.999999999999986 -108.80000000000001
v 90.60000000000001 53.999999999999986 -109.10000000000001
v 90.60000000000001 53.999999999999986 -109.10000000000001
v 90.10000000000001 53.999999999999986 -108.80000000000001
v 90.60000000000001 51.79999999999999 -109.10000000000001
v 90 51.79999999999999 -108.80000000000001
v 89.60000000000001 51.59999999999999 -108.80000000000001
v 90.80000000000001 51.59999999999999 -108.10000000000001
v 89.80000000000001 51.19999999999999 -108.80000000000001
v 90.7 51.19999999999999 -108.30000000000001
v 90 51.79999999999999 -108.80000000000001
v 90.60000000000001 51.79999999999999 -108.5
v 89.60000000000001 51.59999999999999 -108.80000000000001
v 90.80000000000001 51.59999999999999 -108.10000000000001
v 90.60000000000001 51.79999999999999 -108.5
v 90.60000000000001 51.79999999999999 -109.10000000000001
v 90.80000000000001 51.59999999999999 -108.10000000000001
v 90.80000000000001 51.59999999999999 -109.5
v 90.10000000000001 53.999999999999986 -108.80000000000001
v 90.60000000000001 53.999999999999986 -108.5
v 90 51.79999999999999 -108.80000000000001
v 90.60000000000001 51.79999999999999 -108.5
v 90.80000000000001 51.59999999999999 -109.5
v 89.60000000000001 51.59999999999999 -108.80000000000001
v 90.7 51.19999999999999 -109.30000000000001
v 89.80000000000001 51.19999999999999 -108.80000000000001
v 90.60000000000001 51.79999999999999 -109.10000000000001
v 90 51.79999999999999 -108.80000000000001
v 90.80000000000001 51.59999999999999 -109.5
v 89.60000000000001 51.59999999999999 -108.80000000000001
vt 0.9609375 0.4375
vt 0.9765625 0.4375
vt 0.9609375 0.4375
vt 0.9609375 0.375
vt 0.9765625 0.3828125
vt 0.953125 0.3828125
vt 0.9609375 0.4375
vt 0.9609375 0.4375
vt 0.953125 0.4375
vt 0.953125 0.4375
vt 0.9609375 0.4375
vt 0.953125 0.484375
vt 0.9609375 0.484375
vt 0.9609375 0.484375
vt 0.9921875 0.484375
vt 0.9609375 0.4921875
vt 0.9921875 0.4921875
vt 0.9609375 0.484375
vt 0.9765625 0.484375
vt 0.9609375 0.484375
vt 0.9921875 0.484375
vt 0.9453125 0.421875
vt 0.9765625 0.421875
vt 0.9375 0.4296875
vt 0.9921875 0.4296875
vt 0.9609375 0.4375
vt 0.9765625 0.4375
vt 0.9609375 0.484375
vt 0.9765625 0.484375
vt 0.9375 0.484375
vt 0.9609375 0.484375
vt 0.9375 0.4921875
vt 0.9609375 0.4921875
vt 0.953125 0.484375
vt 0.9609375 0.484375
vt 0.9375 0.484375
vt 0.9609375 0.484375
vn -0.4799999846935272 0.36000001087188704 0.8000000042915341
vn -0.4799999846935272 0.36000001087188704 0.8000000042915341
vn -0.4799999846935272 0.36000001087188704 0.8000000042915341
vn 0.8944271909999157 0.44721359549995787 -5.476786982642025e-17
vn 0.8944271909999157 0.44721359549995787 -5.476786982642025e-17
vn 0.8944271909999157 0.44721359549995787 -5.476786982642025e-17
vn -0.4799999846935273 0.36000001087188693 -0.8000000042915342
vn -0.4799999846935273 0.36000001087188693 -0.8000000042915342
vn -0.4799999846935273 0.36000001087188693 -0.8000000042915342
vn -0.5144957378967483 -1.050125979646773e-16 -0.857492936231011
vn -0.5144957378967483 -1.050125979646773e-16 -0.857492936231011
vn -0.5144957378967483 -1.050125979646773e-16 -0.857492936231011
vn -0.5144957378967483 -1.050125979646773e-16 -0.857492936231011
vn -0.4886033793862509 -0.24430168969312538 0.8376057676887255
vn -0.4886033793862509 -0.24430168969312538 0.8376057676887255
vn -0.4886033793862509 -0.24430168969312538 0.8376057676887255
vn -0.4886033793862509 -0.24430168969312538 0.8376057676887255
vn -0.3333333333333333 0.6666666666666667 0.6666666666666665
vn -0.3333333333333333 0.6666666666666667 0.6666666666666665
vn -0.3333333333333333 0.6666666666666667 0.6666666666666665
vn -0.3333333333333333 0.6666666666666667 0.6666666666666665
vn 0.7071067811865475 0.7071067811865475 -8.659560562354932e-17
vn 0.7071067811865475 0.7071067811865475 -8.659560562354932e-17
vn 0.7071067811865475 0.7071067811865475 -8.659560562354932e-17
vn 0.7071067811865475 0.7071067811865475 -8.659560562354932e-17
vn -0.514355112144981 0.023379777994103342 0.8572585401098495
vn -0.514355112144981 0.023379777994103342 0.8572585401098495
vn -0.514355112144981 0.023379777994103342 0.8572585401098495
vn -0.514355112144981 0.023379777994103342 0.8572585401098495
vn -0.48182851212248395 -0.29253873311672485 -0.8259917520970139
vn -0.48182851212248395 -0.29253873311672485 -0.8259917520970139
vn -0.48182851212248395 -0.29253873311672485 -0.8259917520970139
vn -0.48182851212248395 -0.29253873311672485 -0.8259917520970139
vn -0.2672612355262124 0.8017837363809595 -0.5345224710524249
vn -0.2672612355262124 0.8017837363809595 -0.5345224710524249
vn -0.2672612355262124 0.8017837363809595 -0.5345224710524249
vn -0.2672612355262124 0.8017837363809595 -0.5345224710524249
f 3117/3117/3117 3116/3116/3116 3115/3115/3115
f 3120/3120/3120 3119/3119/3119 3118/3118/3118
f 3123/3123/3123 3122/3122/3122 3121/3121/3121
f 3126/3126/3126 3125/3125/3125 3124/3124/3124
f 3125/3125/3125 3126/3126/3126 3127/3127/3127
f 3130/3130/3130 3129/3129/3129 3128/3128/3128
f 3129/3129/3129 3130/3130/3130 3131/3131/3131
f 3134/3134/3134 3133/3133/3133 3132/3132/3132
f 3133/3133/3133 3134/3134/3134 3135/3135/3135
f 3138/3138/3138 3137/3137/3137 3136/3136/3136
f 3137/3137/3137 3138/3138/3138 3139/3139/3139
f 3142/3142/3142 3141/3141/3141 3140/3140/3140
f 3141/3141/3141 3142/3142/3142 3143/3143/3143
f 3146/3146/3146 3145/3145/3145 3144/3144/3144
f 3145/3145/3145 3146/3146/3146 3147/3147/3147
f 3150/3150/3150 3149/3149/3149 3148/3148/3148
f 3149/3149/3149 3150/3150/3150 3151/3151/3151
o mesh_54
usemtl mat6
v 90.4 41.599999999999994 -70.4
v 90.10000000000001 41.199999999999996 -70.4
v 90.60000000000001 41.199999999999996 -70.7
v 90.4 41.599999999999994 -70.4
v 90.60000000000001 41.199999999999996 -70.7
v 90.60000000000001 41.199999999999996 -70.10000000000001
v 90.4 41.599999999999994 -70.4
v 90.60000000000001 41.199999999999996 -70.10000000000001
v 90.10000000000001 41.199999999999996 -70.4
v 90 38.99999999999999 -70.4
v 90.60000000000001 38.99999999999999 -70.10000000000001
v 89.60000000000001 38.8 -70.4
v 90.80000000000001 38.8 -69.7
v 90.60000000000001 38.99999999999999 -70.10000000000001
v 90.60000000000001 38.99999999999999 -70.7
v 90.80000000000001 38.8 -69.7
v 90.80000000000001 38.8 -71.10000000000001
v 90.10000000000001 41.199999999999996 -70.4
v 90.60000000000001 41.199999999999996 -70.10000000000001
v 90 38.99999999999999 -70.4
v 90.60000000000001 38.99999999999999 -70.10000000000001
v 90.80000000000001 38.8 -71.10000000000001
v 89.60000000000001 38.8 -70.4
v 90.7 38.4 -70.9
v 89.80000000000001 38.4 -70.4
v 90.60000000000001 38.99999999999999 -70.7
v 90 38.99999999999999 -70.4
v 90.80000000000001 38.8 -71.10000000000001
v 89.60000000000001 38.8 -70.4
v 90.60000000000001 41.199999999999996 -70.7
v 90.10000000000001 41.199999999999996 -70.4
v 90.60000000000001 38.99999999999999 -70.7
v 90 38.99999999999999 -70.4
v 89.60000000000001 38.8 -70.4
v 90.80000000000001 38.8 -69.7
v 89.80000000000001 38.4 -70.4
v 90.7 38.4 -69.9
vt 0.9609375 0.4375
vt 0.9609375 0.4453125
vt 0.953125 0.4375
vt 0.9609375 0.375
vt 0.9765625 0.3828125
vt 0.953125 0.3828125
vt 0.9609375 0.4375
vt 0.9765625 0.4375
vt 0.9609375 0.4453125
vt 0.9609375 0.484375
vt 0.9765625 0.4765625
vt 0.9609375 0.484375
vt 0.9921875 0.4765625
vt 0.953125 0.421875
vt 0.9765625 0.421875
vt 0.9375 0.4296875
vt 0.9921875 0.4296875
vt 0.9609375 0.4453125
vt 0.9765625 0.4375
vt 0.9609375 0.484375
vt 0.9765625 0.4765625
vt 0.9375 0.4765625
vt 0.9609375 0.484375
vt 0.9375 0.4921875
vt 0.9609375 0.4921875
vt 0.9453125 0.4765625
vt 0.9609375 0.484375
vt 0.9375 0.4765625
vt 0.9609375 0.484375
vt 0.953125 0.4375
vt 0.9609375 0.4453125
vt 0.9453125 0.4765625
vt 0.9609375 0.484375
vt 0.9609375 0.484375
vt 0.9921875 0.4765625
vt 0.9609375 0.4921875
vt 0.9921875 0.4921875
vn -0.4799999846935273 0.36000001087188693 -0.8000000042915342
vn -0.4799999846935273 0.36000001087188693 -0.8000000042915342
vn -0.4799999846935273 0.36000001087188693 -0.8000000042915342
vn 0.8944271909999157 0.44721359549995787 -5.476786982642025e-17
vn 0.8944271909999157 0.44721359549995787 -5.476786982642025e-17
vn 0.8944271909999157 0.44721359549995787 -5.476786982642025e-17
vn -0.4799999846935272 0.36000001087188704 0.8000000042915341
vn -0.4799999846935272 0.36000001087188704 0.8000000042915341
vn -0.4799999846935272 0.36000001087188704 0.8000000042915341
vn -0.3333333333333333 0.6666666666666667 0.6666666666666665
vn -0.3333333333333333 0.6666666666666667 0.6666666666666665
vn -0.3333333333333333 0.6666666666666667 0.6666666666666665
vn -0.3333333333333333 0.6666666666666667 0.6666666666666665
vn 0.7071067811865475 0.7071067811865475 -8.659560562354932e-17
vn 0.7071067811865475 0.7071067811865475 -8.659560562354932e-17
vn 0.7071067811865475 0.7071067811865475 -8.659560562354932e-17
vn 0.7071067811865475 0.7071067811865475 -8.659560562354932e-17
vn -0.514355112144981 0.023379777994103342 0.8572585401098495
vn -0.514355112144981 0.023379777994103342 0.8572585401098495
vn -0.514355112144981 0.023379777994103342 0.8572585401098495
vn -0.514355112144981 0.023379777994103342 0.8572585401098495
vn -0.48182851212248395 -0.29253873311672485 -0.8259917520970139
vn -0.48182851212248395 -0.29253873311672485 -0.8259917520970139
vn -0.48182851212248395 -0.29253873311672485 -0.8259917520970139
vn -0.48182851212248395 -0.29253873311672485 -0.8259917520970139
vn -0.2672612355262124 0.8017837363809595 -0.5345224710524249
vn -0.2672612355262124 0.8017837363809595 -0.5345224710524249
vn -0.2672612355262124 0.8017837363809595 -0.5345224710524249
vn -0.2672612355262124 0.8017837363809595 -0.5345224710524249
vn -0.5144957378967483 -1.050125979646773e-16 -0.857492936231011
vn -0.5144957378967483 -1.050125979646773e-16 -0.857492936231011
vn -0.5144957378967483 -1.050125979646773e-16 -0.857492936231011
vn -0.5144957378967483 -1.050125979646773e-16 -0.857492936231011
vn -0.4886033793862509 -0.24430168969312538 0.8376057676887255
vn -0.4886033793862509 -0.24430168969312538 0.8376057676887255
vn -0.4886033793862509 -0.24430168969312538 0.8376057676887255
vn -0.4886033793862509 -0.24430168969312538 0.8376057676887255
f 3154/3154/3154 3153/3153/3153 3152/3152/3152
f 3157/3157/3157 3156/3156/3156 3155/3155/3155
f 3160/3160/3160 3159/3159/3159 3158/3158/3158
f 3163/3163/3163 3162/3162/3162 3161/3161/3161
f 3162/3162/3162 3163/3163/3163 3164/3164/3164
f 3167/3167/3167 3166/3166/3166 3165/3165/3165
f 3166/3166/3166 3167/3167/3167 3168/3168/3168
f 3171/3171/3171 3170/3170/3170 3169/3169/3169
f 3170/3170/3170 3171/3171/3171 3172/3172/3172
f 3175/3175/3175 3174/3174/3174 3173/3173/3173
f 3174/3174/3174 3175/3175/3175 3176/3176/3176
f 3179/3179/3179 3178/3178/3178 3177/3177/3177
f 3178/3178/3178 3179/3179/3179 3180/3180/3180
f 3183/3183/3183 3182/3182/3182 3181/3181/3181
f 3182/3182/3182 3183/3183/3183 3184/3184/3184
f 3187/3187/3187 3186/3186/3186 3185/3185/3185
f 3186/3186/3186 3187/3187/3187 3188/3188/3188
o mesh_55
usemtl mat6
v 37.6 67.2 -24.800000000000008
v 37.6 66.8 -25.10000000000001
v 37.9 66.8 -24.60000000000001
v 37.6 67.2 -24.800000000000008
v 37.9 66.8 -24.60000000000001
v 37.300000000000004 66.8 -24.60000000000001
v 37.6 67.2 -24.800000000000008
v 37.300000000000004 66.8 -24.60000000000001
v 37.6 66.8 -25.10000000000001
v 37.9 66.8 -24.60000000000001
v 37.6 66.8 -25.10000000000001
v 37.9 64.60000000000001 -24.60000000000001
v 37.6 64.60000000000001 -25.20000000000001
v 37.6 64.4 -25.60000000000001
v 36.9 64.4 -24.40000000000001
v 37.6 64 -25.40000000000001
v 37.1 64 -24.500000000000007
v 37.6 64.60000000000001 -25.20000000000001
v 37.300000000000004 64.60000000000001 -24.60000000000001
v 37.6 64.4 -25.60000000000001
v 36.9 64.4 -24.40000000000001
v 37.300000000000004 64.60000000000001 -24.60000000000001
v 37.9 64.60000000000001 -24.60000000000001
v 36.9 64.4 -24.40000000000001
v 38.300000000000004 64.4 -24.40000000000001
v 37.6 66.8 -25.10000000000001
v 37.300000000000004 66.8 -24.60000000000001
v 37.6 64.60000000000001 -25.20000000000001
v 37.300000000000004 64.60000000000001 -24.60000000000001
v 38.300000000000004 64.4 -24.40000000000001
v 37.6 64.4 -25.60000000000001
v 38.1 64 -24.500000000000007
v 37.6 64 -25.40000000000001
v 37.9 64.60000000000001 -24.60000000000001
v 37.6 64.60000000000001 -25.20000000000001
v 38.300000000000004 64.4 -24.40000000000001
v 37.6 64.4 -25.60000000000001
vt 0.9609375 0.4375
vt 0.9609375 0.4375
vt 0.953125 0.4375
vt 0.9609375 0.375
vt 0.9765625 0.3828125
vt 0.953125 0.3828125
vt 0.9609375 0.4375
vt 0.9765625 0.4375
vt 0.9609375 0.4375
vt 0.953125 0.4375
vt 0.9609375 0.4375
vt 0.953125 0.484375
vt 0.9609375 0.484375
vt 0.9609375 0.484375
vt 0.9921875 0.484375
vt 0.9609375 0.4921875
vt 0.9921875 0.4921875
vt 0.9609375 0.484375
vt 0.9765625 0.484375
vt 0.9609375 0.484375
vt 0.9921875 0.484375
vt 0.953125 0.421875
vt 0.9765625 0.421875
vt 0.9375 0.4296875
vt 0.9921875 0.4296875
vt 0.9609375 0.4375
vt 0.9765625 0.4375
vt 0.9609375 0.484375
vt 0.9765625 0.484375
vt 0.9375 0.484375
vt 0.9609375 0.484375
vt 0.9375 0.4921875
vt 0.9609375 0.4921875
vt 0.953125 0.484375
vt 0.9609375 0.484375
vt 0.9375 0.484375
vt 0.9609375 0.484375
vn 0.8000000042915342 0.360000010871887 -0.4799999846935273
vn 0.8000000042915342 0.360000010871887 -0.4799999846935273
vn 0.8000000042915342 0.360000010871887 -0.4799999846935273
vn 0 0.447213595499958 0.8944271909999157
vn 0 0.447213595499958 0.8944271909999157
vn 0 0.447213595499958 0.8944271909999157
vn -0.8000000042915342 0.360000010871887 -0.4799999846935273
vn -0.8000000042915342 0.360000010871887 -0.4799999846935273
vn -0.8000000042915342 0.360000010871887 -0.4799999846935273
vn 0.857492936231011 -6.300755585902083e-17 -0.5144957378967483
vn 0.857492936231011 -6.300755585902083e-17 -0.5144957378967483
vn 0.857492936231011 -6.300755585902083e-17 -0.5144957378967483
vn 0.857492936231011 -6.300755585902083e-17 -0.5144957378967483
vn -0.8376057676887255 -0.24430168969312552 -0.4886033793862509
vn -0.8376057676887255 -0.24430168969312552 -0.4886033793862509
vn -0.8376057676887255 -0.24430168969312552 -0.4886033793862509
vn -0.8376057676887255 -0.24430168969312552 -0.4886033793862509
vn -0.6666666666666666 0.6666666666666666 -0.3333333333333334
vn -0.6666666666666666 0.6666666666666666 -0.3333333333333334
vn -0.6666666666666666 0.6666666666666666 -0.3333333333333334
vn -0.6666666666666666 0.6666666666666666 -0.3333333333333334
vn 0 0.7071067811865476 0.7071067811865475
vn 0 0.7071067811865476 0.7071067811865475
vn 0 0.7071067811865476 0.7071067811865475
vn 0 0.7071067811865476 0.7071067811865475
vn -0.8572585401098495 0.023379777994103172 -0.514355112144981
vn -0.8572585401098495 0.023379777994103172 -0.514355112144981
vn -0.8572585401098495 0.023379777994103172 -0.514355112144981
vn -0.8572585401098495 0.023379777994103172 -0.514355112144981
vn 0.825991752097014 -0.29253873311672485 -0.48182851212248407
vn 0.825991752097014 -0.29253873311672485 -0.48182851212248407
vn 0.825991752097014 -0.29253873311672485 -0.48182851212248407
vn 0.825991752097014 -0.29253873311672485 -0.48182851212248407
vn 0.5345224710524248 0.8017837363809595 -0.2672612355262125
vn 0.5345224710524248 0.8017837363809595 -0.2672612355262125
vn 0.5345224710524248 0.8017837363809595 -0.2672612355262125
vn 0.5345224710524248 0.8017837363809595 -0.2672612355262125
f 3191/3191/3191 3190/3190/3190 3189/3189/3189
f 3194/3194/3194 3193/3193/3193 3192/3192/3192
f 3197/3197/3197 3196/3196/3196 3195/3195/3195
f 3200/3200/3200 3199/3199/3199 3198/3198/3198
f 3199/3199/3199 3200/3200/3200 3201/3201/3201
f 3204/3204/3204 3203/3203/3203 3202/3202/3202
f 3203/3203/3203 3204/3204/3204 3205/3205/3205
f 3208/3208/3208 3207/3207/3207 3206/3206/3206
f 3207/3207/3207 3208/3208/3208 3209/3209/3209
f 3212/3212/3212 3211/3211/3211 3210/3210/3210
f 3211/3211/3211 3212/3212/3212 3213/3213/3213
f 3216/3216/3216 3215/3215/3215 3214/3214/3214
f 3215/3215/3215 3216/3216/3216 3217/3217/3217
f 3220/3220/3220 3219/3219/3219 3218/3218/3218
f 3219/3219/3219 3220/3220/3220 3221/3221/3221
f 3224/3224/3224 3223/3223/3223 3222/3222/3222
f 3223/3223/3223 3224/3224/3224 3225/3225/3225
o mesh_56
usemtl mat6
v 12 28.799999999999986 -116
v 12.200000000000001 28.399999999999988 -115.80000000000001
v 11.700000000000001 28.399999999999988 -115.9
v 12 28.799999999999986 -116
v 11.700000000000001 28.399999999999988 -115.9
v 12.100000000000001 28.399999999999988 -116.30000000000001
v 12 28.799999999999986 -116
v 12.100000000000001 28.399999999999988 -116.30000000000001
v 12.200000000000001 28.399999999999988 -115.80000000000001
v 11.700000000000001 28.399999999999988 -115.9
v 12.200000000000001 28.399999999999988 -115.80000000000001
v 11.600000000000001 26.19999999999999 -115.9
v 12.3 26.19999999999999 -115.7
v 12.600000000000001 25.999999999999986 -115.4
v 12.200000000000001 25.999999999999986 -116.80000000000001
v 12.4 25.599999999999987 -115.60000000000001
v 12.200000000000001 25.599999999999987 -116.60000000000001
v 12.3 26.19999999999999 -115.7
v 12.100000000000001 26.19999999999999 -116.4
v 12.600000000000001 25.999999999999986 -115.4
v 12.200000000000001 25.999999999999986 -116.80000000000001
v 12.100000000000001 26.19999999999999 -116.4
v 11.600000000000001 26.19999999999999 -115.9
v 12.200000000000001 25.999999999999986 -116.80000000000001
v 11.200000000000001 25.999999999999986 -115.80000000000001
v 12.200000000000001 28.399999999999988 -115.80000000000001
v 12.100000000000001 28.399999999999988 -116.30000000000001
v 12.3 26.19999999999999 -115.7
v 12.100000000000001 26.19999999999999 -116.4
v 11.200000000000001 25.999999999999986 -115.80000000000001
v 12.600000000000001 25.999999999999986 -115.4
v 11.4 25.599999999999987 -115.80000000000001
v 12.4 25.599999999999987 -115.60000000000001
v 11.600000000000001 26.19999999999999 -115.9
v 12.3 26.19999999999999 -115.7
v 11.200000000000001 25.999999999999986 -115.80000000000001
v 12.600000000000001 25.999999999999986 -115.4
v 12.100000000000001 28.399999999999988 -116.30000000000001
v 11.700000000000001 28.399999999999988 -115.9
v 12.100000000000001 26.19999999999999 -116.4
v 11.600000000000001 26.19999999999999 -115.9
v 12.200000000000001 25.999999999999986 -116.80000000000001
v 11.200000000000001 25.999999999999986 -115.80000000000001
v 12.200000000000001 25.599999999999987 -116.60000000000001
v 11.4 25.599999999999987 -115.80000000000001
vt 0.9609375 0.4375
vt 0.9609375 0.4453125
vt 0.953125 0.4375
vt 0.9609375 0.375
vt 0.9765625 0.3828125
vt 0.953125 0.3828125
vt 0.9609375 0.4375
vt 0.9765625 0.4375
vt 0.9609375 0.4453125
vt 0.953125 0.4375
vt 0.9609375 0.4453125
vt 0.953125 0.4765625
vt 0.9609375 0.484375
vt 0.9609375 0.484375
vt 0.9921875 0.484375
vt 0.9609375 0.4921875
vt 0.9921875 0.4921875
vt 0.9609375 0.484375
vt 0.9765625 0.4765625
vt 0.9609375 0.484375
vt 0.9921875 0.484375
vt 0.953125 0.4140625
vt 0.9765625 0.4140625
vt 0.9375 0.421875
vt 0.9921875 0.421875
vt 0.9609375 0.4453125
vt 0.9765625 0.4375
vt 0.9609375 0.484375
vt 0.9765625 0.4765625
vt 0.9375 0.484375
vt 0.9609375 0.484375
vt 0.9375 0.4921875
vt 0.9609375 0.4921875
vt 0.953125 0.4765625
vt 0.9609375 0.484375
vt 0.9375 0.484375
vt 0.9609375 0.484375
vt 0.953125 0.3828125
vt 0.9765625 0.3828125
vt 0.953125 0.4140625
vt 0.9765625 0.4140625
vt 0.9375 0.421875
vt 0.9921875 0.421875
vt 0.9375 0.4296875
vt 0.984375 0.4296875
vn -0.18257418086800165 0.3651483617360034 0.9128709341423303
vn -0.18257418086800165 0.3651483617360034 0.9128709341423303
vn -0.18257418086800165 0.3651483617360034 0.9128709341423303
vn -0.6666666666666666 0.33333333333333326 -0.6666666666666666
vn -0.6666666666666666 0.33333333333333326 -0.6666666666666666
vn -0.6666666666666666 0.33333333333333326 -0.6666666666666666
vn 0.9128709341423306 0.36514836173600335 -0.18257418086800173
vn 0.9128709341423306 0.36514836173600335 -0.18257418086800173
vn 0.9128709341423306 0.36514836173600335 -0.18257418086800173
vn -0.19610834332173793 0.008914015351536594 0.9805417166086897
vn -0.19610834332173793 0.008914015351536594 0.9805417166086897
vn -0.19610834332173793 0.008914015351536594 0.9805417166086897
vn -0.19610834332173793 0.008914015351536594 0.9805417166086897
vn 0.9093977242007725 -0.32478490575775054 -0.2598279126852714
vn 0.9093977242007725 -0.32478490575775054 -0.2598279126852714
vn 0.9093977242007725 -0.32478490575775054 -0.2598279126852714
vn 0.9093977242007725 -0.32478490575775054 -0.2598279126852714
vn 0.669710824847632 0.7175473080792739 -0.19134594782772904
vn 0.669710824847632 0.7175473080792739 -0.19134594782772904
vn 0.669710824847632 0.7175473080792739 -0.19134594782772904
vn 0.669710824847632 0.7175473080792739 -0.19134594782772904
vn -0.4850712395541991 0.7276068891336208 -0.48507123955419923
vn -0.4850712395541991 0.7276068891336208 -0.48507123955419923
vn -0.4850712395541991 0.7276068891336208 -0.48507123955419923
vn -0.4850712395541991 0.7276068891336208 -0.48507123955419923
vn 0.979957887059528 0.03563483090205906 -0.19599157741190562
vn 0.979957887059528 0.03563483090205906 -0.19599157741190562
vn 0.979957887059528 0.03563483090205906 -0.19599157741190562
vn 0.979957887059528 0.03563483090205906 -0.19599157741190562
vn -0.272165542428965 -0.1360827712144824 0.9525793388967315
vn -0.272165542428965 -0.1360827712144824 0.9525793388967315
vn -0.272165542428965 -0.1360827712144824 0.9525793388967315
vn -0.272165542428965 -0.1360827712144824 0.9525793388967315
vn -0.19134594782772896 0.717547308079274 0.6697108248476319
vn -0.19134594782772896 0.717547308079274 0.6697108248476319
vn -0.19134594782772896 0.717547308079274 0.6697108248476319
vn -0.19134594782772896 0.717547308079274 0.6697108248476319
vn -0.706741822831248 0.032124627971848424 -0.706741822831248
vn -0.706741822831248 0.032124627971848424 -0.706741822831248
vn -0.706741822831248 0.032124627971848424 -0.706741822831248
vn -0.706741822831248 0.032124627971848424 -0.706741822831248
vn -0.6666666666666666 -0.3333333333333334 -0.6666666666666666
vn -0.6666666666666666 -0.3333333333333334 -0.6666666666666666
vn -0.6666666666666666 -0.3333333333333334 -0.6666666666666666
vn -0.6666666666666666 -0.3333333333333334 -0.6666666666666666
f 3228/3228/3228 3227/3227/3227 3226/3226/3226
f 3231/3231/3231 3230/3230/3230 3229/3229/3229
f 3234/3234/3234 3233/3233/3233 3232/3232/3232
f 3237/3237/3237 3236/3236/3236 3235/3235/3235
f 3236/3236/3236 3237/3237/3237 3238/3238/3238
f 3241/3241/3241 3240/3240/3240 3239/3239/3239
f 3240/3240/3240 3241/3241/3241 3242/3242/3242
f 3245/3245/3245 3244/3244/3244 3243/3243/3243
f 3244/3244/3244 3245/3245/3245 3246/3246/3246
f 3249/3249/3249 3248/3248/3248 3247/3247/3247
f 3248/3248/3248 3249/3249/3249 3250/3250/3250
f 3253/3253/3253 3252/3252/3252 3251/3251/3251
f 3252/3252/3252 3253/3253/3253 3254/3254/3254
f 3257/3257/3257 3256/3256/3256 3255/3255/3255
f 3256/3256/3256 3257/3257/3257 3258/3258/3258
f 3261/3261/3261 3260/3260/3260 3259/3259/3259
f 3260/3260/3260 3261/3261/3261 3262/3262/3262
f 3265/3265/3265 3264/3264/3264 3263/3263/3263
f 3264/3264/3264 3265/3265/3265 3266/3266/3266
f 3269/3269/3269 3268/3268/3268 3267/3267/3267
f 3268/3268/3268 3269/3269/3269 3270/3270/3270
o mesh_57
usemtl mat20
v 9.8 6.399999999999982 -151.8
v 5.1000000000000005 6.399999999999982 -150.5
v 10.9 11.199999999999983 -150.70000000000002
v 4.7 11.199999999999983 -149
v 12.600000000000001 14.39999999999998 -156.9
v 8.1 14.39999999999998 -161.4
v 12.600000000000001 11.199999999999982 -156.9
v 8.1 11.199999999999982 -161.4
v 7.7 19.19999999999998 -159.9
v 11.100000000000001 19.199999999999985 -156.5
v 3 19.199999999999985 -158.60000000000002
v 1.7000000000000002 19.199999999999985 -153.9
v 8.1 14.39999999999998 -161.4
v 1.9000000000000001 14.39999999999998 -159.70000000000002
v 8.1 11.199999999999982 -161.4
v 1.9000000000000001 11.199999999999982 -159.70000000000002
v 1.9000000000000001 14.39999999999998 -159.70000000000002
v 0.2 14.39999999999998 -153.5
v 1.9000000000000001 11.199999999999982 -159.70000000000002
v 0.2 11.199999999999982 -153.5
v 11.100000000000001 6.399999999999981 -156.5
v 9.8 6.399999999999982 -151.8
v 12.600000000000001 11.199999999999982 -156.9
v 10.9 11.199999999999983 -150.70000000000002
v 0.2 14.39999999999998 -153.5
v 4.7 14.399999999999983 -149
v 0.2 11.199999999999982 -153.5
v 4.7 11.199999999999983 -149
v 5.1000000000000005 19.199999999999985 -150.5
v 1.7000000000000002 19.199999999999985 -153.9
v 9.8 19.199999999999985 -151.8
v 11.100000000000001 19.199999999999985 -156.5
v 4.7 14.399999999999983 -149
v 10.9 14.399999999999983 -150.70000000000002
v 4.7 11.199999999999983 -149
v 10.9 11.199999999999983 -150.70000000000002
v 10.9 14.399999999999983 -150.70000000000002
v 12.600000000000001 14.39999999999998 -156.9
v 10.9 11.199999999999983 -150.70000000000002
v 12.600000000000001 11.199999999999982 -156.9
v 11.100000000000001 19.199999999999985 -156.5
v 7.7 19.19999999999998 -159.9
v 12.600000000000001 14.39999999999998 -156.9
v 8.1 14.39999999999998 -161.4
v 7.7 19.19999999999998 -159.9
v 3 19.199999999999985 -158.60000000000002
v 8.1 14.39999999999998 -161.4
v 1.9000000000000001 14.39999999999998 -159.70000000000002
v 3 19.199999999999985 -158.60000000000002
v 1.7000000000000002 19.199999999999985 -153.9
v 1.9000000000000001 14.39999999999998 -159.70000000000002
v 0.2 14.39999999999998 -153.5
v 1.7000000000000002 19.199999999999985 -153.9
v 5.1000000000000005 19.199999999999985 -150.5
v 0.2 14.39999999999998 -153.5
v 4.7 14.399999999999983 -149
v 5.1000000000000005 19.199999999999985 -150.5
v 9.8 19.199999999999985 -151.8
v 4.7 14.399999999999983 -149
v 10.9 14.399999999999983 -150.70000000000002
v 9.8 19.199999999999985 -151.8
v 11.100000000000001 19.199999999999985 -156.5
v 10.9 14.399999999999983 -150.70000000000002
v 12.600000000000001 14.39999999999998 -156.9
v 7.7 6.399999999999981 -159.9
v 11.100000000000001 6.399999999999981 -156.5
v 8.1 11.199999999999982 -161.4
v 12.600000000000001 11.199999999999982 -156.9
v 1.7000000000000002 6.399999999999982 -153.9
v 3 6.399999999999981 -158.60000000000002
v 0.2 11.199999999999982 -153.5
v 1.9000000000000001 11.199999999999982 -159.70000000000002
v 3 6.399999999999981 -158.60000000000002
v 7.7 6.399999999999981 -159.9
v 1.9000000000000001 11.199999999999982 -159.70000000000002
v 8.1 11.199999999999982 -161.4
v 5.1000000000000005 6.399999999999982 -150.5
v 1.7000000000000002 6.399999999999982 -153.9
v 4.7 11.199999999999983 -149
v 0.2 11.199999999999982 -153.5
vt 0 0.828125
vt 0 0.75
vt 0.0859375 0.828125
vt 0.0859375 0.75
vt 0.15625 0.9140625
vt 0.15625 0.9921875
vt 0.0859375 0.9140625
vt 0.0859375 0.9921875
vt 0.4921875 0.9375
vt 0.375 0.9921875
vt 0.4921875 0.796875
vt 0.375 0.75
vt 0.15625 0.75
vt 0.15625 0.828125
vt 0.0859375 0.75
vt 0.0859375 0.828125
vt 0.15625 0.828125
vt 0.15625 0.9140625
vt 0.0859375 0.828125
vt 0.0859375 0.9140625
vt 0 0.9140625
vt 0 0.828125
vt 0.0859375 0.9140625
vt 0.0859375 0.828125
vt 0.15625 0.9140625
vt 0.15625 0.9921875
vt 0.0859375 0.9140625
vt 0.0859375 0.9921875
vt 0.25 0.796875
vt 0.375 0.75
vt 0.25 0.9375
vt 0.375 0.9921875
vt 0.15625 0.75
vt 0.15625 0.828125
vt 0.0859375 0.75
vt 0.0859375 0.828125
vt 0.15625 0.828125
vt 0.15625 0.9140625
vt 0.0859375 0.828125
vt 0.0859375 0.9140625
vt 0.2421875 0.9140625
vt 0.2421875 0.9921875
vt 0.15625 0.9140625
vt 0.15625 0.9921875
vt 0.2421875 0.75
vt 0.2421875 0.828125
vt 0.15625 0.75
vt 0.15625 0.828125
vt 0.2421875 0.828125
vt 0.2421875 0.9140625
vt 0.15625 0.828125
vt 0.15625 0.9140625
vt 0.2421875 0.9140625
vt 0.2421875 0.9921875
vt 0.15625 0.9140625
vt 0.15625 0.9921875
vt 0.2421875 0.75
vt 0.2421875 0.828125
vt 0.15625 0.75
vt 0.15625 0.828125
vt 0.2421875 0.828125
vt 0.2421875 0.9140625
vt 0.15625 0.828125
vt 0.15625 0.9140625
vt 0 0.9921875
vt 0 0.9140625
vt 0.0859375 0.9921875
vt 0.0859375 0.9140625
vt 0 0.9140625
vt 0 0.828125
vt 0.0859375 0.9140625
vt 0.0859375 0.828125
vt 0 0.828125
vt 0 0.75
vt 0.0859375 0.828125
vt 0.0859375 0.75
vt 0 0.9921875
vt 0 0.9140625
vt 0.0859375 0.9921875
vt 0.0859375 0.9140625
vn 0.25658136273365534 -0.27138414626927154 0.9276403664413483
vn 0.25658136273365534 -0.27138414626927154 0.9276403664413483
vn 0.25658136273365534 -0.27138414626927154 0.9276403664413483
vn 0.25658136273365534 -0.27138414626927154 0.9276403664413483
vn 0.7071067811865475 -8.659560562354932e-17 -0.7071067811865475
vn 0.7071067811865475 -8.659560562354932e-17 -0.7071067811865475
vn 0.7071067811865475 -8.659560562354932e-17 -0.7071067811865475
vn 0.7071067811865475 -8.659560562354932e-17 -0.7071067811865475
vn 0 1 -1.2246467991473532e-16
vn 0 1 -1.2246467991473532e-16
vn 0 1 -1.2246467991473532e-16
vn 0 1 -1.2246467991473532e-16
vn -0.26443334768854415 -1.181054226868292e-16 -0.9644039634044592
vn -0.26443334768854415 -1.181054226868292e-16 -0.9644039634044592
vn -0.26443334768854415 -1.181054226868292e-16 -0.9644039634044592
vn -0.26443334768854415 -1.181054226868292e-16 -0.9644039634044592
vn -0.9644039634044592 -3.238374528345947e-17 -0.26443334768854415
vn -0.9644039634044592 -3.238374528345947e-17 -0.26443334768854415
vn -0.9644039634044592 -3.238374528345947e-17 -0.26443334768854415
vn -0.9644039634044592 -3.238374528345947e-17 -0.26443334768854415
vn 0.9283619638396082 -0.2687146995076422 0.25678098520798515
vn 0.9283619638396082 -0.2687146995076422 0.25678098520798515
vn 0.9283619638396082 -0.2687146995076422 0.25678098520798515
vn 0.9283619638396082 -0.2687146995076422 0.25678098520798515
vn -0.7071067811865475 8.659560562354932e-17 0.7071067811865475
vn -0.7071067811865475 8.659560562354932e-17 0.7071067811865475
vn -0.7071067811865475 8.659560562354932e-17 0.7071067811865475
vn -0.7071067811865475 8.659560562354932e-17 0.7071067811865475
vn 0 1 -1.2246467991473532e-16
vn 0 1 -1.2246467991473532e-16
vn 0 1 -1.2246467991473532e-16
vn 0 1 -1.2246467991473532e-16
vn 0.26443334768854415 1.181054226868292e-16 0.9644039634044592
vn 0.26443334768854415 1.181054226868292e-16 0.9644039634044592
vn 0.26443334768854415 1.181054226868292e-16 0.9644039634044592
vn 0.26443334768854415 1.181054226868292e-16 0.9644039634044592
vn 0.9644039634044592 3.238374528345947e-17 0.26443334768854415
vn 0.9644039634044592 3.238374528345947e-17 0.26443334768854415
vn 0.9644039634044592 3.238374528345947e-17 0.26443334768854415
vn 0.9644039634044592 3.238374528345947e-17 0.26443334768854415
vn 0.6809366944117278 0.2695374489885561 -0.6809366944117278
vn 0.6809366944117278 0.2695374489885561 -0.6809366944117278
vn 0.6809366944117278 0.2695374489885561 -0.6809366944117278
vn 0.6809366944117278 0.2695374489885561 -0.6809366944117278
vn -0.2567809852079851 0.26871469950764215 -0.9283619638396082
vn -0.2567809852079851 0.26871469950764215 -0.9283619638396082
vn -0.2567809852079851 0.26871469950764215 -0.9283619638396082
vn -0.2567809852079851 0.26871469950764215 -0.9283619638396082
vn -0.9276403664413483 0.2713841462692716 -0.25658136273365534
vn -0.9276403664413483 0.2713841462692716 -0.25658136273365534
vn -0.9276403664413483 0.2713841462692716 -0.25658136273365534
vn -0.9276403664413483 0.2713841462692716 -0.25658136273365534
vn -0.6809366944117278 0.26953744898855625 0.6809366944117278
vn -0.6809366944117278 0.26953744898855625 0.6809366944117278
vn -0.6809366944117278 0.26953744898855625 0.6809366944117278
vn -0.6809366944117278 0.26953744898855625 0.6809366944117278
vn 0.2567809852079851 0.2687146995076424 0.9283619638396082
vn 0.2567809852079851 0.2687146995076424 0.9283619638396082
vn 0.2567809852079851 0.2687146995076424 0.9283619638396082
vn 0.2567809852079851 0.2687146995076424 0.9283619638396082
vn 0.9276403664413483 0.2713841462692717 0.2565813627336553
vn 0.9276403664413483 0.2713841462692717 0.2565813627336553
vn 0.9276403664413483 0.2713841462692717 0.2565813627336553
vn 0.9276403664413483 0.2713841462692717 0.2565813627336553
vn 0.6809366944117278 -0.26953744898855625 -0.6809366944117278
vn 0.6809366944117278 -0.26953744898855625 -0.6809366944117278
vn 0.6809366944117278 -0.26953744898855625 -0.6809366944117278
vn 0.6809366944117278 -0.26953744898855625 -0.6809366944117278
vn -0.9283619638396082 -0.2687146995076423 -0.25678098520798504
vn -0.9283619638396082 -0.2687146995076423 -0.25678098520798504
vn -0.9283619638396082 -0.2687146995076423 -0.25678098520798504
vn -0.9283619638396082 -0.2687146995076423 -0.25678098520798504
vn -0.25658136273365534 -0.2713841462692718 -0.9276403664413483
vn -0.25658136273365534 -0.2713841462692718 -0.9276403664413483
vn -0.25658136273365534 -0.2713841462692718 -0.9276403664413483
vn -0.25658136273365534 -0.2713841462692718 -0.9276403664413483
vn -0.6809366944117278 -0.2695374489885561 0.6809366944117278
vn -0.6809366944117278 -0.2695374489885561 0.6809366944117278
vn -0.6809366944117278 -0.2695374489885561 0.6809366944117278
vn -0.6809366944117278 -0.2695374489885561 0.6809366944117278
f 3273/3273/3273 3272/3272/3272 3271/3271/3271
f 3272/3272/3272 3273/3273/3273 3274/3274/3274
f 3277/3277/3277 3276/3276/3276 3275/3275/3275
f 3276/3276/3276 3277/3277/3277 3278/3278/3278
f 3281/3281/3281 3280/3280/3280 3279/3279/3279
f 3280/3280/3280 3281/3281/3281 3282/3282/3282
f 3285/3285/3285 3284/3284/3284 3283/3283/3283
f 3284/3284/3284 3285/3285/3285 3286/3286/3286
f 3289/3289/3289 3288/3288/3288 3287/3287/3287
f 3288/3288/3288 3289/3289/3289 3290/3290/3290
f 3293/3293/3293 3292/3292/3292 3291/3291/3291
f 3292/3292/3292 3293/3293/3293 3294/3294/3294
f 3297/3297/3297 3296/3296/3296 3295/3295/3295
f 3296/3296/3296 3297/3297/3297 3298/3298/3298
f 3301/3301/3301 3300/3300/3300 3299/3299/3299
f 3300/3300/3300 3301/3301/3301 3302/3302/3302
f 3305/3305/3305 3304/3304/3304 3303/3303/3303
f 3304/3304/3304 3305/3305/3305 3306/3306/3306
f 3309/3309/3309 3308/3308/3308 3307/3307/3307
f 3308/3308/3308 3309/3309/3309 3310/3310/3310
f 3313/3313/3313 3312/3312/3312 3311/3311/3311
f 3312/3312/3312 3313/3313/3313 3314/3314/3314
f 3317/3317/3317 3316/3316/3316 3315/3315/3315
f 3316/3316/3316 3317/3317/3317 3318/3318/3318
f 3321/3321/3321 3320/3320/3320 3319/3319/3319
f 3320/3320/3320 3321/3321/3321 3322/3322/3322
f 3325/3325/3325 3324/3324/3324 3323/3323/3323
f 3324/3324/3324 3325/3325/3325 3326/3326/3326
f 3329/3329/3329 3328/3328/3328 3327/3327/3327
f 3328/3328/3328 3329/3329/3329 3330/3330/3330
f 3333/3333/3333 3332/3332/3332 3331/3331/3331
f 3332/3332/3332 3333/3333/3333 3334/3334/3334
f 3337/3337/3337 3336/3336/3336 3335/3335/3335
f 3336/3336/3336 3337/3337/3337 3338/3338/3338
f 3341/3341/3341 3340/3340/3340 3339/3339/3339
f 3340/3340/3340 3341/3341/3341 3342/3342/3342
f 3345/3345/3345 3344/3344/3344 3343/3343/3343
f 3344/3344/3344 3345/3345/3345 3346/3346/3346
f 3349/3349/3349 3348/3348/3348 3347/3347/3347
f 3348/3348/3348 3349/3349/3349 3350/3350/3350
o mesh_58
usemtl mat5
v 92 38.39999999999999 -128
v 92 25.599999999999987 -128
v 91.2 25.599999999999987 -128
v 89.60000000000001 51.19999999999999 -128
v 91.2 51.19999999999999 -128
v 92 48.79999999999999 -128
v 91.2 25.599999999999987 -129.6
v 92 25.599999999999987 -129.6
v 92 38.39999999999999 -129.6
v 92 38.399999999999984 -153.60000000000002
v 92 25.599999999999984 -153.60000000000002
v 91.2 25.599999999999984 -153.60000000000002
v 92 38.399999999999984 -164.8
v 92 25.59999999999998 -164.8
v 91.2 25.59999999999998 -164.8
v 91.2 25.599999999999987 -128
v 92 25.599999999999987 -128
v 89.60000000000001 12.799999999999985 -128
v 92 12.799999999999985 -128
v 92 12.799999999999985 -128
v 92 -1.567547902908612e-14 -128
v 89.60000000000001 12.799999999999985 -128
v 89.60000000000001 -1.567547902908612e-14 -128
v 89.60000000000001 12.799999999999985 -129.6
v 92 12.799999999999985 -129.6
v 91.2 25.599999999999987 -129.6
v 92 25.599999999999987 -129.6
v 91.2 51.19999999999999 -129.6
v 92 48.79999999999999 -129.6
v 91.2 51.19999999999999 -128
v 92 48.79999999999999 -128
v 91.2 51.19999999999999 -128
v 89.60000000000001 51.19999999999999 -128
v 91.2 51.19999999999999 -129.6
v 89.60000000000001 51.19999999999999 -129.6
v 91.2 51.19999999999999 -129.6
v 89.60000000000001 51.19999999999999 -129.6
v 91.2 51.19999999999999 -140.8
v 89.60000000000001 51.19999999999999 -140.8
v 91.2 51.19999999999999 -140.8
v 92 48.79999999999999 -140.8
v 91.2 51.19999999999999 -129.6
v 92 48.79999999999999 -129.6
v 91.2 51.19999999999999 -140.8
v 89.60000000000001 51.19999999999999 -140.8
v 91.2 51.19999999999998 -153.60000000000002
v 89.60000000000001 51.19999999999998 -153.60000000000002
v 91.2 51.19999999999998 -153.60000000000002
v 92 48.79999999999998 -153.60000000000002
v 91.2 51.19999999999999 -140.8
v 92 48.79999999999999 -140.8
v 91.2 51.19999999999998 -153.60000000000002
v 89.60000000000001 51.19999999999998 -153.60000000000002
v 91.2 51.19999999999998 -155.20000000000002
v 89.60000000000001 51.19999999999998 -155.20000000000002
v 91.2 51.19999999999998 -155.20000000000002
v 92 48.79999999999998 -155.20000000000002
v 91.2 51.19999999999998 -153.60000000000002
v 92 48.79999999999998 -153.60000000000002
v 91.2 51.19999999999998 -155.20000000000002
v 89.60000000000001 51.19999999999998 -155.20000000000002
v 91.2 51.19999999999998 -164.8
v 89.60000000000001 51.19999999999998 -164.8
v 91.2 51.19999999999998 -164.8
v 92 48.79999999999998 -164.8
v 91.2 51.19999999999998 -155.20000000000002
v 92 48.79999999999998 -155.20000000000002
v 91.2 51.19999999999998 -164.8
v 89.60000000000001 51.19999999999998 -164.8
v 91.2 51.19999999999998 -166.4
v 89.60000000000001 51.19999999999998 -166.4
v 91.2 51.19999999999998 -166.4
v 92 48.79999999999998 -166.4
v 91.2 51.19999999999998 -164.8
v 92 48.79999999999998 -164.8
v 91.2 25.599999999999984 -153.60000000000002
v 92 25.599999999999984 -153.60000000000002
v 89.60000000000001 12.799999999999981 -153.60000000000002
v 92 12.799999999999981 -153.60000000000002
v 91.2 25.59999999999998 -164.8
v 92 25.59999999999998 -164.8
v 89.60000000000001 12.799999999999981 -164.8
v 92 12.799999999999981 -164.8
vt 0.4453125 0.625
vt 0.4453125 0.75
vt 0.4453125 0.75
vt 0.46875 0.5
vt 0.484375 0.5
vt 0.4921875 0.53125
vt 0.4453125 0.75
vt 0.4375 0.75
vt 0.4375 0.625
vt 0.3828125 0.625
vt 0.3828125 0.75
vt 0.3828125 0.75
vt 0.4765625 0.625
vt 0.4765625 0.75
vt 0.4765625 0.75
vt 0.4453125 0.75
vt 0.4453125 0.75
vt 0.4375 0.8671875
vt 0.4453125 0.8671875
vt 0.453125 0.5
vt 0.453125 0.625
vt 0.4375 0.5
vt 0.4375 0.625
vt 0.46875 0.8671875
vt 0.4375 0.8671875
vt 0.4453125 0.75
vt 0.4375 0.75
vt 0.453125 0.859375
vt 0.484375 0.859375
vt 0.453125 0.8671875
vt 0.484375 0.8671875
vt 0.453125 0.8671875
vt 0.4375 0.8671875
vt 0.453125 0.859375
vt 0.4375 0.859375
vt 0.453125 0.859375
vt 0.4375 0.859375
vt 0.453125 0.75
vt 0.4375 0.75
vt 0.453125 0.75
vt 0.484375 0.75
vt 0.453125 0.859375
vt 0.484375 0.859375
vt 0.453125 0.75
vt 0.4375 0.75
vt 0.453125 0.625
vt 0.4375 0.625
vt 0.453125 0.625
vt 0.484375 0.625
vt 0.453125 0.75
vt 0.484375 0.75
vt 0.453125 0.625
vt 0.4375 0.625
vt 0.453125 0.609375
vt 0.4375 0.609375
vt 0.453125 0.609375
vt 0.484375 0.609375
vt 0.453125 0.625
vt 0.484375 0.625
vt 0.453125 0.609375
vt 0.4375 0.609375
vt 0.453125 0.515625
vt 0.4375 0.515625
vt 0.453125 0.515625
vt 0.484375 0.515625
vt 0.453125 0.609375
vt 0.484375 0.609375
vt 0.453125 0.515625
vt 0.4375 0.515625
vt 0.453125 0.5
vt 0.4375 0.5
vt 0.453125 0.5
vt 0.484375 0.5
vt 0.453125 0.515625
vt 0.484375 0.515625
vt 0.3828125 0.75
vt 0.3828125 0.75
vt 0.375 0.8671875
vt 0.3828125 0.8671875
vt 0.4765625 0.75
vt 0.4765625 0.75
vt 0.46875 0.8671875
vt 0.4765625 0.8671875
vn 0 1.2246467991473532e-16 1
vn 0 1.2246467991473532e-16 1
vn 0 1.2246467991473532e-16 1
vn 0 1.2246467991473532e-16 1
vn 0 1.2246467991473532e-16 1
vn 0 1.2246467991473532e-16 1
vn 0 -1.2246467991473532e-16 -1
vn 0 -1.2246467991473532e-16 -1
vn 0 -1.2246467991473532e-16 -1
vn 0 1.2246467991473532e-16 1
vn 0 1.2246467991473532e-16 1
vn 0 1.2246467991473532e-16 1
vn 0 1.2246467991473532e-16 1
vn 0 1.2246467991473532e-16 1
vn 0 1.2246467991473532e-16 1
vn 0 1.2246467991473532e-16 1
vn 0 1.2246467991473532e-16 1
vn 0 1.2246467991473532e-16 1
vn 0 1.2246467991473532e-16 1
vn 0 1.2246467991473532e-16 1
vn 0 1.2246467991473532e-16 1
vn 0 1.2246467991473532e-16 1
vn 0 1.2246467991473532e-16 1
vn 0 -1.2246467991473532e-16 -1
vn 0 -1.2246467991473532e-16 -1
vn 0 -1.2246467991473532e-16 -1
vn 0 -1.2246467991473532e-16 -1
vn 0.9486833010307459 0.3162277570761414 -3.872673105048433e-17
vn 0.9486833010307459 0.3162277570761414 -3.872673105048433e-17
vn 0.9486833010307459 0.3162277570761414 -3.872673105048433e-17
vn 0.9486833010307459 0.3162277570761414 -3.872673105048433e-17
vn 0 1 -1.2246467991473532e-16
vn 0 1 -1.2246467991473532e-16
vn 0 1 -1.2246467991473532e-16
vn 0 1 -1.2246467991473532e-16
vn 0 1 -1.2246467991473532e-16
vn 0 1 -1.2246467991473532e-16
vn 0 1 -1.2246467991473532e-16
vn 0 1 -1.2246467991473532e-16
vn 0.9486833010307459 0.3162277570761414 -3.872673105048433e-17
vn 0.9486833010307459 0.3162277570761414 -3.872673105048433e-17
vn 0.9486833010307459 0.3162277570761414 -3.872673105048433e-17
vn 0.9486833010307459 0.3162277570761414 -3.872673105048433e-17
vn 0 1 -1.2246467991473532e-16
vn 0 1 -1.2246467991473532e-16
vn 0 1 -1.2246467991473532e-16
vn 0 1 -1.2246467991473532e-16
vn 0.9486833010307459 0.3162277570761414 -3.872673105048433e-17
vn 0.9486833010307459 0.3162277570761414 -3.872673105048433e-17
vn 0.9486833010307459 0.3162277570761414 -3.872673105048433e-17
vn 0.9486833010307459 0.3162277570761414 -3.872673105048433e-17
vn 0 1 -1.2246467991473532e-16
vn 0 1 -1.2246467991473532e-16
vn 0 1 -1.2246467991473532e-16
vn 0 1 -1.2246467991473532e-16
vn 0.9486833010307459 0.3162277570761414 -3.872673105048433e-17
vn 0.9486833010307459 0.3162277570761414 -3.872673105048433e-17
vn 0.9486833010307459 0.3162277570761414 -3.872673105048433e-17
vn 0.9486833010307459 0.3162277570761414 -3.872673105048433e-17
vn 0 1 -1.2246467991473532e-16
vn 0 1 -1.2246467991473532e-16
vn 0 1 -1.2246467991473532e-16
vn 0 1 -1.2246467991473532e-16
vn 0.9486833010307459 0.3162277570761414 -3.872673105048433e-17
vn 0.9486833010307459 0.3162277570761414 -3.872673105048433e-17
vn 0.9486833010307459 0.3162277570761414 -3.872673105048433e-17
vn 0.9486833010307459 0.3162277570761414 -3.872673105048433e-17
vn 0 1 -1.2246467991473532e-16
vn 0 1 -1.2246467991473532e-16
vn 0 1 -1.2246467991473532e-16
vn 0 1 -1.2246467991473532e-16
vn 0.9486833010307459 0.3162277570761414 -3.872673105048433e-17
vn 0.9486833010307459 0.3162277570761414 -3.872673105048433e-17
vn 0.9486833010307459 0.3162277570761414 -3.872673105048433e-17
vn 0.9486833010307459 0.3162277570761414 -3.872673105048433e-17
vn 0 1.2246467991473532e-16 1
vn 0 1.2246467991473532e-16 1
vn 0 1.2246467991473532e-16 1
vn 0 1.2246467991473532e-16 1
vn 0 1.2246467991473532e-16 1
vn 0 1.2246467991473532e-16 1
vn 0 1.2246467991473532e-16 1
vn 0 1.2246467991473532e-16 1
f 3353/3353/3353 3352/3352/3352 3351/3351/3351
f 3356/3356/3356 3355/3355/3355 3354/3354/3354
f 3359/3359/3359 3358/3358/3358 3357/3357/3357
f 3362/3362/3362 3361/3361/3361 3360/3360/3360
f 3365/3365/3365 3364/3364/3364 3363/3363/3363
f 3368/3368/3368 3367/3367/3367 3366/3366/3366
f 3367/3367/3367 3368/3368/3368 3369/3369/3369
f 3372/3372/3372 3371/3371/3371 3370/3370/3370
f 3371/3371/3371 3372/3372/3372 3373/3373/3373
f 3376/3376/3376 3375/3375/3375 3374/3374/3374
f 3375/3375/3375 3376/3376/3376 3377/3377/3377
f 3380/3380/3380 3379/3379/3379 3378/3378/3378
f 3379/3379/3379 3380/3380/3380 3381/3381/3381
f 3384/3384/3384 3383/3383/3383 3382/3382/3382
f 3383/3383/3383 3384/3384/3384 3385/3385/3385
f 3388/3388/3388 3387/3387/3387 3386/3386/3386
f 3387/3387/3387 3388/3388/3388 3389/3389/3389
f 3392/3392/3392 3391/3391/3391 3390/3390/3390
f 3391/3391/3391 3392/3392/3392 3393/3393/3393
f 3396/3396/3396 3395/3395/3395 3394/3394/3394
f 3395/3395/3395 3396/3396/3396 3397/3397/3397
f 3400/3400/3400 3399/3399/3399 3398/3398/3398
f 3399/3399/3399 3400/3400/3400 3401/3401/3401
f 3404/3404/3404 3403/3403/3403 3402/3402/3402
f 3403/3403/3403 3404/3404/3404 3405/3405/3405
f 3408/3408/3408 3407/3407/3407 3406/3406/3406
f 3407/3407/3407 3408/3408/3408 3409/3409/3409
f 3412/3412/3412 3411/3411/3411 3410/3410/3410
f 3411/3411/3411 3412/3412/3412 3413/3413/3413
f 3416/3416/3416 3415/3415/3415 3414/3414/3414
f 3415/3415/3415 3416/3416/3416 3417/3417/3417
f 3420/3420/3420 3419/3419/3419 3418/3418/3418
f 3419/3419/3419 3420/3420/3420 3421/3421/3421
f 3424/3424/3424 3423/3423/3423 3422/3422/3422
f 3423/3423/3423 3424/3424/3424 3425/3425/3425
f 3428/3428/3428 3427/3427/3427 3426/3426/3426
f 3427/3427/3427 3428/3428/3428 3429/3429/3429
f 3432/3432/3432 3431/3431/3431 3430/3430/3430
f 3431/3431/3431 3432/3432/3432 3433/3433/3433
o mesh_59
usemtl mat9
v 91.2 25.599999999999984 -155.20000000000002
v 92 25.599999999999984 -155.20000000000002
v 92 38.399999999999984 -155.20000000000002
v 89.60000000000001 12.799999999999981 -155.20000000000002
v 92 12.799999999999981 -155.20000000000002
v 91.2 25.599999999999984 -155.20000000000002
v 92 25.599999999999984 -155.20000000000002
vt 0.703125 0.4375
vt 0.703125 0.4375
vt 0.703125 0.421875
vt 0.703125 0.4609375
vt 0.703125 0.4609375
vt 0.703125 0.4375
vt 0.703125 0.4375
vn 0 -1.2246467991473532e-16 -1
vn 0 -1.2246467991473532e-16 -1
vn 0 -1.2246467991473532e-16 -1
vn 0 -1.2246467991473532e-16 -1
vn 0 -1.2246467991473532e-16 -1
vn 0 -1.2246467991473532e-16 -1
vn 0 -1.2246467991473532e-16 -1
f 3436/3436/3436 3435/3435/3435 3434/3434/3434
f 3439/3439/3439 3438/3438/3438 3437/3437/3437
f 3438/3438/3438 3439/3439/3439 3440/3440/3440
o mesh_60
usemtl mat5
v 38.400000000000006 51.2 -25.60000000000001
v 38.400000000000006 51.2 -23.20000000000001
v 38.400000000000006 48.800000000000004 -23.20000000000001
v 51.2 48.800000000000004 -23.20000000000001
v 51.2 51.2 -23.20000000000001
v 51.2 51.2 -25.60000000000001
vt 0.46875 0.5
vt 0.4921875 0.5
vt 0.4921875 0.515625
vt 0.375 0.515625
vt 0.375 0.5
vt 0.3984375 0.5
vn -1 0 0
vn -1 0 0
vn -1 0 0
vn 1 0 0
vn 1 0 0
vn 1 0 0
f 3443/3443/3443 3442/3442/3442 3441/3441/3441
f 3446/3446/3446 3445/3445/3445 3444/3444/3444
o mesh_61
usemtl mat17
v 38.400000000000006 48.800000000000004 -23.20000000000001
v 38.400000000000006 51.2 -23.20000000000001
v 38.400000000000006 51.2 -6.270191611634449e-15
v 51.2 51.2 -6.270191611634449e-15
v 51.2 51.2 -23.20000000000001
v 51.2 48.800000000000004 -23.20000000000001
v 64 25.59999999999998 -175.20000000000002
v 64 38.399999999999984 -175.20000000000002
v 64 25.59999999999998 -172
v 64 -2.037812273781196e-14 -166.4
v 64 -2.145581192106163e-14 -175.20000000000002
v 64 12.79999999999998 -168
v 64 12.79999999999998 -175.20000000000002
v 64 12.79999999999998 -175.20000000000002
v 64 25.59999999999998 -175.20000000000002
v 64 12.79999999999998 -168
v 64 25.59999999999998 -172
vt 0.96875 0.96875
vt 0.96875 0.96875
vt 0.96875 0.96875
vt 0.96875 0.96875
vt 0.96875 0.96875
vt 0.96875 0.96875
vt 0.96875 0.96875
vt 0.96875 0.96875
vt 0.96875 0.96875
vt 0.96875 0.96875
vt 0.96875 0.96875
vt 0.96875 0.96875
vt 0.96875 0.96875
vt 0.96875 0.96875
vt 0.96875 0.96875
vt 0.96875 0.96875
vt 0.96875 0.96875
vn -1 0 0
vn -1 0 0
vn -1 0 0
vn 1 0 0
vn 1 0 0
vn 1 0 0
vn -1 0 0
vn -1 0 0
vn -1 0 0
vn -1 0 0
vn -1 0 0
vn -1 0 0
vn -1 0 0
vn -1 0 0
vn -1 0 0
vn -1 0 0
vn -1 0 0
f 3449/3449/3449 3448/3448/3448 3447/3447/3447
f 3452/3452/3452 3451/3451/3451 3450/3450/3450
f 3455/3455/3455 3454/3454/3454 3453/3453/3453
f 3458/3458/3458 3457/3457/3457 3456/3456/3456
f 3457/3457/3457 3458/3458/3458 3459/3459/3459
f 3462/3462/3462 3461/3461/3461 3460/3460/3460
f 3461/3461/3461 3462/3462/3462 3463/3463/3463
o mesh_62
usemtl mat17
v 0 31.999999999999986 -128
v 0 38.39999999999999 -128
v 0 38.39999999999999 -115.2
v 76.80000000000001 25.59999999999998 -175.20000000000002
v 76.80000000000001 38.399999999999984 -175.20000000000002
v 70.4 38.399999999999984 -175.20000000000002
v 67.2 38.399999999999984 -175.20000000000002
v 64 38.399999999999984 -175.20000000000002
v 64 25.59999999999998 -175.20000000000002
v 0 30.399999999999988 -128
v 0 31.999999999999986 -128
v 0 25.599999999999987 -115.2
v 0 38.39999999999999 -115.2
v 0 12.799999999999985 -128
v 0 30.399999999999988 -128
v 0 12.799999999999986 -115.2
v 0 25.599999999999987 -115.2
v 0 6.399999999999984 -128
v 0 12.799999999999985 -128
v 0 -1.410793112617751e-14 -115.2
v 0 12.799999999999986 -115.2
v 0 6.39999999999998 -164.8
v 0 6.399999999999982 -153.60000000000002
v 0 -2.0182179249948383e-14 -164.8
v 0 -1.8810574834903348e-14 -153.60000000000002
v 0 6.399999999999982 -153.60000000000002
v 0 6.3999999999999835 -140.8
v 0 -1.8810574834903348e-14 -153.60000000000002
v 0 -1.7243026931994733e-14 -140.8
v 0 -1.410793112617751e-14 -115.2
v 0 -1.7243026931994733e-14 -140.8
v 0 6.399999999999984 -128
v 0 6.3999999999999835 -140.8
v 0 6.399999999999988 -102.4
v 0 6.39999999999999 -89.60000000000001
v 0 -1.2540383223268897e-14 -102.4
v 0 -1.0972835320360286e-14 -89.60000000000001
v 11.200000000000001 6.39999999999998 -166.4
v 1.6 6.39999999999998 -166.4
v 11.200000000000001 -2.037812273781196e-14 -166.4
v 1.6 -2.037812273781196e-14 -166.4
v 0 6.39999999999999 -89.60000000000001
v 0 6.399999999999991 -76.80000000000001
v 0 -1.0972835320360286e-14 -89.60000000000001
v 0 -9.405287417451674e-15 -76.80000000000001
v 89.60000000000001 -1.0972835320360286e-14 -89.60000000000001
v 89.60000000000001 -7.83773951454306e-15 -64
v 89.60000000000001 6.399999999999991 -76.80000000000001
v 89.60000000000001 6.399999999999992 -64
v 70.4 38.399999999999984 -175.20000000000002
v 67.2 38.399999999999984 -175.20000000000002
v 76.80000000000001 25.59999999999998 -175.20000000000002
v 64 25.59999999999998 -175.20000000000002
v 76.80000000000001 12.79999999999998 -175.20000000000002
v 76.80000000000001 25.59999999999998 -175.20000000000002
v 64 12.79999999999998 -175.20000000000002
v 64 25.59999999999998 -175.20000000000002
v 64 12.79999999999998 -175.20000000000002
v 64 -2.145581192106163e-14 -175.20000000000002
v 76.80000000000001 12.79999999999998 -175.20000000000002
v 76.80000000000001 -2.145581192106163e-14 -175.20000000000002
v 89.60000000000001 6.399999999999991 -76.80000000000001
v 89.60000000000001 12.799999999999992 -76.80000000000001
v 89.60000000000001 -1.0972835320360286e-14 -89.60000000000001
v 89.60000000000001 12.79999999999999 -89.60000000000001
v 89.60000000000001 12.79999999999999 -89.60000000000001
v 89.60000000000001 12.799999999999988 -102.4
v 89.60000000000001 -1.0972835320360286e-14 -89.60000000000001
v 89.60000000000001 -1.2540383223268897e-14 -102.4
v 78.4 -2.037812273781196e-14 -166.4
v 89.60000000000001 -2.037812273781196e-14 -166.4
v 78.4 12.799999999999981 -166.4
v 89.60000000000001 12.799999999999981 -166.4
v 92 12.799999999999983 -140.8
v 92 12.799999999999981 -153.60000000000002
v 92 -1.7243026931994733e-14 -140.8
v 92 -1.8810574834903348e-14 -153.60000000000002
v 92 -1.7243026931994733e-14 -140.8
v 92 -1.5871422516949698e-14 -129.6
v 92 12.799999999999983 -140.8
v 92 12.799999999999985 -129.6
v 92 -2.0182179249948383e-14 -164.8
v 92 -1.900651832276692e-14 -155.20000000000002
v 92 12.799999999999981 -164.8
v 92 12.799999999999981 -155.20000000000002
v 91.2 51.19999999999998 -166.4
v 89.60000000000001 51.19999999999998 -166.4
v 92 48.79999999999998 -166.4
v 89.60000000000001 49.59999999999998 -166.4
vt 0.9921875 0.9921875
vt 0.9921875 0.9921875
vt 0.9921875 0.9921875
vt 0.96875 0.96875
vt 0.96875 0.96875
vt 0.96875 0.96875
vt 0.96875 0.96875
vt 0.96875 0.96875
vt 0.96875 0.96875
vt 0.9921875 0.9921875
vt 0.9921875 0.9921875
vt 0.9921875 0.9921875
vt 0.9921875 0.9921875
vt 0.9921875 0.9921875
vt 0.9921875 0.9921875
vt 0.9921875 0.9921875
vt 0.9921875 0.9921875
vt 0.9921875 0.9921875
vt 0.9921875 0.9921875
vt 0.9921875 0.9921875
vt 0.9921875 0.9921875
vt 0.9921875 0.9921875
vt 0.9921875 0.9921875
vt 0.9921875 0.9921875
vt 0.9921875 0.9921875
vt 0.9921875 0.9921875
vt 0.9921875 0.9921875
vt 0.9921875 0.9921875
vt 0.9921875 0.9921875
vt 0.9921875 0.9921875
vt 0.9921875 0.9921875
vt 0.9921875 0.9921875
vt 0.9921875 0.9921875
vt 0.9921875 0.9921875
vt 0.9921875 0.9921875
vt 0.9921875 0.9921875
vt 0.9921875 0.9921875
vt 0.9921875 0.9921875
vt 0.9921875 0.9921875
vt 0.9921875 0.9921875
vt 0.9921875 0.9921875
vt 0.9921875 0.9921875
vt 0.9921875 0.9921875
vt 0.9921875 0.9921875
vt 0.9921875 0.9921875
vt 0.96875 0.96875
vt 0.96875 0.96875
vt 0.96875 0.96875
vt 0.96875 0.96875
vt 0.96875 0.96875
vt 0.96875 0.96875
vt 0.96875 0.96875
vt 0.96875 0.96875
vt 0.96875 0.96875
vt 0.96875 0.96875
vt 0.96875 0.96875
vt 0.96875 0.96875
vt 0.96875 0.96875
vt 0.96875 0.96875
vt 0.96875 0.96875
vt 0.96875 0.96875
vt 0.96875 0.96875
vt 0.96875 0.96875
vt 0.96875 0.96875
vt 0.96875 0.96875
vt 0.96875 0.96875
vt 0.96875 0.96875
vt 0.96875 0.96875
vt 0.96875 0.96875
vt 0.96875 0.96875
vt 0.96875 0.96875
vt 0.96875 0.96875
vt 0.96875 0.96875
vt 0.96875 0.96875
vt 0.96875 0.96875
vt 0.96875 0.96875
vt 0.96875 0.96875
vt 0.96875 0.96875
vt 0.96875 0.96875
vt 0.96875 0.96875
vt 0.96875 0.96875
vt 0.96875 0.96875
vt 0.96875 0.96875
vt 0.96875 0.96875
vt 0.96875 0.96875
vt 0.96875 0.9921875
vt 0.96875 0.9921875
vt 0.96875 0.9921875
vt 0.96875 0.9921875
vn -1 0 0
vn -1 0 0
vn -1 0 0
vn 0 -1.2246467991473532e-16 -1
vn 0 -1.2246467991473532e-16 -1
vn 0 -1.2246467991473532e-16 -1
vn 0 -1.2246467991473532e-16 -1
vn 0 -1.2246467991473532e-16 -1
vn 0 -1.2246467991473532e-16 -1
vn -1 0 0
vn -1 0 0
vn -1 0 0
vn -1 0 0
vn -1 0 0
vn -1 0 0
vn -1 0 0
vn -1 0 0
vn -1 0 0
vn -1 0 0
vn -1 0 0
vn -1 0 0
vn -1 0 0
vn -1 0 0
vn -1 0 0
vn -1 0 0
vn -1 0 0
vn -1 0 0
vn -1 0 0
vn -1 0 0
vn -1 0 0
vn -1 0 0
vn -1 0 0
vn -1 0 0
vn -1 0 0
vn -1 0 0
vn -1 0 0
vn -1 0 0
vn 0 -1.2246467991473532e-16 -1
vn 0 -1.2246467991473532e-16 -1
vn 0 -1.2246467991473532e-16 -1
vn 0 -1.2246467991473532e-16 -1
vn -1 0 0
vn -1 0 0
vn -1 0 0
vn -1 0 0
vn 1 0 0
vn 1 0 0
vn 1 0 0
vn 1 0 0
vn 0 -1.2246467991473532e-16 -1
vn 0 -1.2246467991473532e-16 -1
vn 0 -1.2246467991473532e-16 -1
vn 0 -1.2246467991473532e-16 -1
vn 0 -1.2246467991473532e-16 -1
vn 0 -1.2246467991473532e-16 -1
vn 0 -1.2246467991473532e-16 -1
vn 0 -1.2246467991473532e-16 -1
vn 0 -1.2246467991473532e-16 -1
vn 0 -1.2246467991473532e-16 -1
vn 0 -1.2246467991473532e-16 -1
vn 0 -1.2246467991473532e-16 -1
vn 1 0 0
vn 1 0 0
vn 1 0 0
vn 1 0 0
vn 1 0 0
vn 1 0 0
vn 1 0 0
vn 1 0 0
vn 0 -1.2246467991473532e-16 -1
vn 0 -1.2246467991473532e-16 -1
vn 0 -1.2246467991473532e-16 -1
vn 0 -1.2246467991473532e-16 -1
vn 1 0 0
vn 1 0 0
vn 1 0 0
vn 1 0 0
vn 1 0 0
vn 1 0 0
vn 1 0 0
vn 1 0 0
vn 1 0 0
vn 1 0 0
vn 1 0 0
vn 1 0 0
vn 0 -1.2246467991473532e-16 -1
vn 0 -1.2246467991473532e-16 -1
vn 0 -1.2246467991473532e-16 -1
vn 0 -1.2246467991473532e-16 -1
f 3466/3466/3466 3465/3465/3465 3464/3464/3464
f 3469/3469/3469 3468/3468/3468 3467/3467/3467
f 3472/3472/3472 3471/3471/3471 3470/3470/3470
f 3475/3475/3475 3474/3474/3474 3473/3473/3473
f 3474/3474/3474 3475/3475/3475 3476/3476/3476
f 3479/3479/3479 3478/3478/3478 3477/3477/3477
f 3478/3478/3478 3479/3479/3479 3480/3480/3480
f 3483/3483/3483 3482/3482/3482 3481/3481/3481
f 3482/3482/3482 3483/3483/3483 3484/3484/3484
f 3487/3487/3487 3486/3486/3486 3485/3485/3485
f 3486/3486/3486 3487/3487/3487 3488/3488/3488
f 3491/3491/3491 3490/3490/3490 3489/3489/3489
f 3490/3490/3490 3491/3491/3491 3492/3492/3492
f 3495/3495/3495 3494/3494/3494 3493/3493/3493
f 3494/3494/3494 3495/3495/3495 3496/3496/3496
f 3499/3499/3499 3498/3498/3498 3497/3497/3497
f 3498/3498/3498 3499/3499/3499 3500/3500/3500
f 3503/3503/3503 3502/3502/3502 3501/3501/3501
f 3502/3502/3502 3503/3503/3503 3504/3504/3504
f 3507/3507/3507 3506/3506/3506 3505/3505/3505
f 3506/3506/3506 3507/3507/3507 3508/3508/3508
f 3511/3511/3511 3510/3510/3510 3509/3509/3509
f 3510/3510/3510 3511/3511/3511 3512/3512/3512
f 3515/3515/3515 3514/3514/3514 3513/3513/3513
f 3514/3514/3514 3515/3515/3515 3516/3516/3516
f 3519/3519/3519 3518/3518/3518 3517/3517/3517
f 3518/3518/3518 3519/3519/3519 3520/3520/3520
f 3523/3523/3523 3522/3522/3522 3521/3521/3521
f 3522/3522/3522 3523/3523/3523 3524/3524/3524
f 3527/3527/3527 3526/3526/3526 3525/3525/3525
f 3526/3526/3526 3527/3527/3527 3528/3528/3528
f 3531/3531/3531 3530/3530/3530 3529/3529/3529
f 3530/3530/3530 3531/3531/3531 3532/3532/3532
f 3535/3535/3535 3534/3534/3534 3533/3533/3533
f 3534/3534/3534 3535/3535/3535 3536/3536/3536
f 3539/3539/3539 3538/3538/3538 3537/3537/3537
f 3538/3538/3538 3539/3539/3539 3540/3540/3540
f 3543/3543/3543 3542/3542/3542 3541/3541/3541
f 3542/3542/3542 3543/3543/3543 3544/3544/3544
f 3547/3547/3547 3546/3546/3546 3545/3545/3545
f 3546/3546/3546 3547/3547/3547 3548/3548/3548
f 3551/3551/3551 3550/3550/3550 3549/3549/3549
f 3550/3550/3550 3551/3551/3551 3552/3552/3552
o mesh_63
usemtl mat9
v 78.4 49.59999999999998 -166.4
v 78.4 51.19999999999998 -166.4
v 76.80000000000001 49.59999999999998 -166.4
v 76.80000000000001 51.19999999999998 -166.4
vt 0.7265625 0.40625
vt 0.7265625 0.40625
vt 0.7265625 0.40625
vt 0.7265625 0.40625
vn 0 -1.2246467991473532e-16 -1
vn 0 -1.2246467991473532e-16 -1
vn 0 -1.2246467991473532e-16 -1
vn 0 -1.2246467991473532e-16 -1
f 3555/3555/3555 3554/3554/3554 3553/3553/3553
f 3554/3554/3554 3555/3555/3555 3556/3556/3556
o mesh_64
usemtl mat5
v 76.80000000000001 49.59999999999998 -166.4
v 76.80000000000001 38.399999999999984 -166.4
v 78.4 49.59999999999998 -166.4
v 78.4 38.399999999999984 -166.4
v 78.4 38.399999999999984 -166.4
v 76.80000000000001 38.399999999999984 -166.4
v 78.4 25.59999999999998 -166.4
v 76.80000000000001 25.59999999999998 -166.4
v 78.4 51.19999999999998 -166.4
v 78.4 49.59999999999998 -166.4
v 89.60000000000001 51.19999999999998 -166.4
v 89.60000000000001 49.59999999999998 -166.4
v 0 12.799999999999981 -164.8
v 0 12.799999999999981 -166.4
v 0 30.39999999999998 -164.8
v 0 30.39999999999998 -166.4
v 0 31.999999999999986 -128
v 0 30.399999999999988 -128
v 0 31.999999999999982 -140.8
v 0 30.399999999999984 -140.8
v 0 31.999999999999982 -153.60000000000002
v 0 31.999999999999982 -140.8
v 0 30.399999999999984 -153.60000000000002
v 0 30.399999999999984 -140.8
v 0 6.39999999999998 -164.8
v 0 6.39999999999998 -166.4
v 0 12.799999999999981 -164.8
v 0 12.799999999999981 -166.4
v 11.200000000000001 6.39999999999998 -166.4
v 12.8 6.39999999999998 -166.4
v 11.200000000000001 12.799999999999981 -166.4
v 12.8 12.799999999999981 -166.4
v 1.6 31.99999999999998 -166.4
v 0 31.99999999999998 -166.4
v 1.6 30.39999999999998 -166.4
v 0 30.39999999999998 -166.4
v 0 -2.0182179249948383e-14 -164.8
v 0 -2.037812273781196e-14 -166.4
v 0 6.39999999999998 -164.8
v 0 6.39999999999998 -166.4
v 11.200000000000001 -2.037812273781196e-14 -166.4
v 12.8 -2.037812273781196e-14 -166.4
v 11.200000000000001 6.39999999999998 -166.4
v 12.8 6.39999999999998 -166.4
v 1.6 6.39999999999998 -166.4
v 0 6.39999999999998 -166.4
v 1.6 -2.037812273781196e-14 -166.4
v 0 -2.037812273781196e-14 -166.4
v 0 31.99999999999998 -164.8
v 0 31.999999999999982 -153.60000000000002
v 0 30.39999999999998 -164.8
v 0 30.399999999999984 -153.60000000000002
v 0 30.39999999999998 -166.4
v 0 31.99999999999998 -166.4
v 0 30.39999999999998 -164.8
v 0 31.99999999999998 -164.8
v 11.200000000000001 30.39999999999998 -166.4
v 12.8 30.39999999999998 -166.4
v 11.200000000000001 31.99999999999998 -166.4
v 12.8 31.99999999999998 -166.4
v 11.200000000000001 31.99999999999998 -166.4
v 1.6 31.99999999999998 -166.4
v 11.200000000000001 30.39999999999998 -166.4
v 1.6 30.39999999999998 -166.4
v 0 12.799999999999981 -166.4
v 1.6 12.799999999999981 -166.4
v 0 30.39999999999998 -166.4
v 1.6 30.39999999999998 -166.4
v 0 6.39999999999998 -166.4
v 1.6 6.39999999999998 -166.4
v 0 12.799999999999981 -166.4
v 1.6 12.799999999999981 -166.4
v 11.200000000000001 12.799999999999981 -166.4
v 12.8 12.799999999999981 -166.4
v 11.200000000000001 30.39999999999998 -166.4
v 12.8 30.39999999999998 -166.4
v 76.80000000000001 -2.037812273781196e-14 -166.4
v 78.4 -2.037812273781196e-14 -166.4
v 76.80000000000001 12.799999999999981 -166.4
v 78.4 12.799999999999981 -166.4
v 78.4 12.799999999999981 -166.4
v 78.4 25.59999999999998 -166.4
v 76.80000000000001 12.799999999999981 -166.4
v 76.80000000000001 25.59999999999998 -166.4
v 92 38.39999999999999 -129.6
v 92 38.39999999999999 -128
v 92 48.79999999999999 -129.6
v 92 48.79999999999999 -128
v 92 12.799999999999985 -129.6
v 92 -1.5871422516949698e-14 -129.6
v 92 12.799999999999985 -128
v 92 -1.567547902908612e-14 -128
v 92 25.599999999999987 -129.6
v 92 25.599999999999987 -128
v 92 38.39999999999999 -129.6
v 92 38.39999999999999 -128
v 92 12.799999999999985 -128
v 92 25.599999999999987 -128
v 92 12.799999999999985 -129.6
v 92 25.599999999999987 -129.6
v 92 38.399999999999984 -155.20000000000002
v 92 38.399999999999984 -153.60000000000002
v 92 48.79999999999998 -155.20000000000002
v 92 48.79999999999998 -153.60000000000002
v 89.60000000000001 12.799999999999981 -166.4
v 89.60000000000001 -2.037812273781196e-14 -166.4
v 92 12.799999999999981 -166.4
v 92 -2.037812273781196e-14 -166.4
v 92 12.799999999999981 -166.4
v 92 -2.037812273781196e-14 -166.4
v 92 12.799999999999981 -164.8
v 92 -2.0182179249948383e-14 -164.8
v 92 12.799999999999981 -155.20000000000002
v 92 -1.900651832276692e-14 -155.20000000000002
v 92 12.799999999999981 -153.60000000000002
v 92 -1.8810574834903348e-14 -153.60000000000002
v 92 48.79999999999998 -166.4
v 89.60000000000001 49.59999999999998 -166.4
v 92 38.399999999999984 -166.4
v 89.60000000000001 38.399999999999984 -166.4
v 89.60000000000001 25.59999999999998 -166.4
v 92 25.59999999999998 -166.4
v 89.60000000000001 38.399999999999984 -166.4
v 92 38.399999999999984 -166.4
v 92 25.59999999999998 -166.4
v 92 25.59999999999998 -164.8
v 92 38.399999999999984 -166.4
v 92 38.399999999999984 -164.8
v 92 48.79999999999998 -164.8
v 92 48.79999999999998 -166.4
v 92 38.399999999999984 -164.8
v 92 38.399999999999984 -166.4
v 92 25.599999999999984 -155.20000000000002
v 92 25.599999999999984 -153.60000000000002
v 92 38.399999999999984 -155.20000000000002
v 92 38.399999999999984 -153.60000000000002
v 92 12.799999999999981 -166.4
v 92 25.59999999999998 -166.4
v 89.60000000000001 12.799999999999981 -166.4
v 89.60000000000001 25.59999999999998 -166.4
v 92 12.799999999999981 -153.60000000000002
v 92 25.599999999999984 -153.60000000000002
v 92 12.799999999999981 -155.20000000000002
v 92 25.599999999999984 -155.20000000000002
v 92 12.799999999999981 -164.8
v 92 25.59999999999998 -164.8
v 92 12.799999999999981 -166.4
v 92 25.59999999999998 -166.4
vt 0.453125 0.5
vt 0.453125 0.625
vt 0.4375 0.5
vt 0.4375 0.625
vt 0.4375 0.625
vt 0.453125 0.625
vt 0.4375 0.75
vt 0.453125 0.75
vt 0.390625 0.6171875
vt 0.375 0.6171875
vt 0.390625 0.5
vt 0.375 0.5
vt 0.4296875 0.75
vt 0.4140625 0.75
vt 0.4296875 0.578125
vt 0.4140625 0.578125
vt 0.3828125 0.8671875
vt 0.375 0.8671875
vt 0.3828125 0.75
vt 0.375 0.75
vt 0.3828125 0.625
vt 0.3828125 0.75
vt 0.375 0.625
vt 0.375 0.75
vt 0.4296875 0.8125
vt 0.4140625 0.8125
vt 0.4296875 0.75
vt 0.4140625 0.75
vt 0.390625 0.8125
vt 0.375 0.8125
vt 0.390625 0.75
vt 0.375 0.75
vt 0.4296875 0.5546875
vt 0.4453125 0.5546875
vt 0.4296875 0.578125
vt 0.4453125 0.578125
vt 0.4296875 0.8671875
vt 0.4140625 0.8671875
vt 0.4296875 0.8125
vt 0.4140625 0.8125
vt 0.390625 0.8671875
vt 0.375 0.8671875
vt 0.390625 0.8125
vt 0.375 0.8125
vt 0.4296875 0.8125
vt 0.4453125 0.8125
vt 0.4296875 0.8671875
vt 0.4453125 0.8671875
vt 0.3828125 0.5078125
vt 0.3828125 0.625
vt 0.375 0.5078125
vt 0.375 0.625
vt 0.4140625 0.578125
vt 0.4140625 0.5546875
vt 0.4296875 0.578125
vt 0.4296875 0.5546875
vt 0.390625 0.578125
vt 0.375 0.578125
vt 0.390625 0.5546875
vt 0.375 0.5546875
vt 0.4765625 0.6015625
vt 0.4765625 0.5078125
vt 0.4921875 0.6015625
vt 0.4921875 0.5078125
vt 0.4453125 0.75
vt 0.4296875 0.75
vt 0.4453125 0.578125
vt 0.4296875 0.578125
vt 0.4453125 0.8125
vt 0.4296875 0.8125
vt 0.4453125 0.75
vt 0.4296875 0.75
vt 0.390625 0.75
vt 0.375 0.75
vt 0.390625 0.578125
vt 0.375 0.578125
vt 0.453125 0.625
vt 0.4375 0.625
vt 0.453125 0.5
vt 0.4375 0.5
vt 0.4375 0.8671875
vt 0.4375 0.75
vt 0.453125 0.8671875
vt 0.453125 0.75
vt 0.4609375 0.625
vt 0.4453125 0.625
vt 0.4609375 0.515625
vt 0.4453125 0.515625
vt 0.46875 0.5
vt 0.46875 0.625
vt 0.453125 0.5
vt 0.453125 0.625
vt 0.4609375 0.75
vt 0.4453125 0.75
vt 0.4609375 0.625
vt 0.4453125 0.625
vt 0.4453125 0.8671875
vt 0.4453125 0.75
vt 0.4609375 0.8671875
vt 0.4609375 0.75
vt 0.3984375 0.625
vt 0.3828125 0.625
vt 0.3984375 0.515625
vt 0.3828125 0.515625
vt 0.390625 0.5
vt 0.390625 0.625
vt 0.375 0.5
vt 0.375 0.625
vt 0.4921875 0.5
vt 0.4921875 0.625
vt 0.4765625 0.5
vt 0.4765625 0.625
vt 0.40625 0.5
vt 0.40625 0.625
vt 0.390625 0.5
vt 0.390625 0.625
vt 0.375 0.515625
vt 0.390625 0.515625
vt 0.375 0.625
vt 0.390625 0.625
vt 0.390625 0.75
vt 0.375 0.75
vt 0.390625 0.625
vt 0.375 0.625
vt 0.4921875 0.75
vt 0.4765625 0.75
vt 0.4921875 0.625
vt 0.4765625 0.625
vt 0.4765625 0.515625
vt 0.4921875 0.515625
vt 0.4765625 0.625
vt 0.4921875 0.625
vt 0.3984375 0.75
vt 0.3828125 0.75
vt 0.3984375 0.625
vt 0.3828125 0.625
vt 0.375 0.8671875
vt 0.375 0.75
vt 0.390625 0.8671875
vt 0.390625 0.75
vt 0.390625 0.8671875
vt 0.390625 0.75
vt 0.40625 0.8671875
vt 0.40625 0.75
vt 0.4765625 0.8671875
vt 0.4765625 0.75
vt 0.4921875 0.8671875
vt 0.4921875 0.75
vn 0 -1.2246467991473532e-16 -1
vn 0 -1.2246467991473532e-16 -1
vn 0 -1.2246467991473532e-16 -1
vn 0 -1.2246467991473532e-16 -1
vn 0 -1.2246467991473532e-16 -1
vn 0 -1.2246467991473532e-16 -1
vn 0 -1.2246467991473532e-16 -1
vn 0 -1.2246467991473532e-16 -1
vn 0 -1.2246467991473532e-16 -1
vn 0 -1.2246467991473532e-16 -1
vn 0 -1.2246467991473532e-16 -1
vn 0 -1.2246467991473532e-16 -1
vn -1 0 0
vn -1 0 0
vn -1 0 0
vn -1 0 0
vn -1 0 0
vn -1 0 0
vn -1 0 0
vn -1 0 0
vn -1 0 0
vn -1 0 0
vn -1 0 0
vn -1 0 0
vn -1 0 0
vn -1 0 0
vn -1 0 0
vn -1 0 0
vn 0 -1.2246467991473532e-16 -1
vn 0 -1.2246467991473532e-16 -1
vn 0 -1.2246467991473532e-16 -1
vn 0 -1.2246467991473532e-16 -1
vn 0 -1.2246467991473532e-16 -1
vn 0 -1.2246467991473532e-16 -1
vn 0 -1.2246467991473532e-16 -1
vn 0 -1.2246467991473532e-16 -1
vn -1 0 0
vn -1 0 0
vn -1 0 0
vn -1 0 0
vn 0 -1.2246467991473532e-16 -1
vn 0 -1.2246467991473532e-16 -1
vn 0 -1.2246467991473532e-16 -1
vn 0 -1.2246467991473532e-16 -1
vn 0 -1.2246467991473532e-16 -1
vn 0 -1.2246467991473532e-16 -1
vn 0 -1.2246467991473532e-16 -1
vn 0 -1.2246467991473532e-16 -1
vn -1 0 0
vn -1 0 0
vn -1 0 0
vn -1 0 0
vn -1 0 0
vn -1 0 0
vn -1 0 0
vn -1 0 0
vn 0 -1.2246467991473532e-16 -1
vn 0 -1.2246467991473532e-16 -1
vn 0 -1.2246467991473532e-16 -1
vn 0 -1.2246467991473532e-16 -1
vn 0 -1.2246467991473532e-16 -1
vn 0 -1.2246467991473532e-16 -1
vn 0 -1.2246467991473532e-16 -1
vn 0 -1.2246467991473532e-16 -1
vn 0 -1.2246467991473532e-16 -1
vn 0 -1.2246467991473532e-16 -1
vn 0 -1.2246467991473532e-16 -1
vn 0 -1.2246467991473532e-16 -1
vn 0 -1.2246467991473532e-16 -1
vn 0 -1.2246467991473532e-16 -1
vn 0 -1.2246467991473532e-16 -1
vn 0 -1.2246467991473532e-16 -1
vn 0 -1.2246467991473532e-16 -1
vn 0 -1.2246467991473532e-16 -1
vn 0 -1.2246467991473532e-16 -1
vn 0 -1.2246467991473532e-16 -1
vn 0 -1.2246467991473532e-16 -1
vn 0 -1.2246467991473532e-16 -1
vn 0 -1.2246467991473532e-16 -1
vn 0 -1.2246467991473532e-16 -1
vn 0 -1.2246467991473532e-16 -1
vn 0 -1.2246467991473532e-16 -1
vn 0 -1.2246467991473532e-16 -1
vn 0 -1.2246467991473532e-16 -1
vn 1 0 0
vn 1 0 0
vn 1 0 0
vn 1 0 0
vn 1 0 0
vn 1 0 0
vn 1 0 0
vn 1 0 0
vn 1 0 0
vn 1 0 0
vn 1 0 0
vn 1 0 0
vn 1 0 0
vn 1 0 0
vn 1 0 0
vn 1 0 0
vn 1 0 0
vn 1 0 0
vn 1 0 0
vn 1 0 0
vn 0 -1.2246467991473532e-16 -1
vn 0 -1.2246467991473532e-16 -1
vn 0 -1.2246467991473532e-16 -1
vn 0 -1.2246467991473532e-16 -1
vn 1 0 0
vn 1 0 0
vn 1 0 0
vn 1 0 0
vn 1 0 0
vn 1 0 0
vn 1 0 0
vn 1 0 0
vn 0 -1.2246467991473532e-16 -1
vn 0 -1.2246467991473532e-16 -1
vn 0 -1.2246467991473532e-16 -1
vn 0 -1.2246467991473532e-16 -1
vn 0 -1.2246467991473532e-16 -1
vn 0 -1.2246467991473532e-16 -1
vn 0 -1.2246467991473532e-16 -1
vn 0 -1.2246467991473532e-16 -1
vn 1 0 0
vn 1 0 0
vn 1 0 0
vn 1 0 0
vn 1 0 0
vn 1 0 0
vn 1 0 0
vn 1 0 0
vn 1 0 0
vn 1 0 0
vn 1 0 0
vn 1 0 0
vn 0 -1.2246467991473532e-16 -1
vn 0 -1.2246467991473532e-16 -1
vn 0 -1.2246467991473532e-16 -1
vn 0 -1.2246467991473532e-16 -1
vn 1 0 0
vn 1 0 0
vn 1 0 0
vn 1 0 0
vn 1 0 0
vn 1 0 0
vn 1 0 0
vn 1 0 0
f 3559/3559/3559 3558/3558/3558 3557/3557/3557
f 3558/3558/3558 3559/3559/3559 3560/3560/3560
f 3563/3563/3563 3562/3562/3562 3561/3561/3561
f 3562/3562/3562 3563/3563/3563 3564/3564/3564
f 3567/3567/3567 3566/3566/3566 3565/3565/3565
f 3566/3566/3566 3567/3567/3567 3568/3568/3568
f 3571/3571/3571 3570/3570/3570 3569/3569/3569
f 3570/3570/3570 3571/3571/3571 3572/3572/3572
f 3575/3575/3575 3574/3574/3574 3573/3573/3573
f 3574/3574/3574 3575/3575/3575 3576/3576/3576
f 3579/3579/3579 3578/3578/3578 3577/3577/3577
f 3578/3578/3578 3579/3579/3579 3580/3580/3580
f 3583/3583/3583 3582/3582/3582 3581/3581/3581
f 3582/3582/3582 3583/3583/3583 3584/3584/3584
f 3587/3587/3587 3586/3586/3586 3585/3585/3585
f 3586/3586/3586 3587/3587/3587 3588/3588/3588
f 3591/3591/3591 3590/3590/3590 3589/3589/3589
f 3590/3590/3590 3591/3591/3591 3592/3592/3592
f 3595/3595/3595 3594/3594/3594 3593/3593/3593
f 3594/3594/3594 3595/3595/3595 3596/3596/3596
f 3599/3599/3599 3598/3598/3598 3597/3597/3597
f 3598/3598/3598 3599/3599/3599 3600/3600/3600
f 3603/3603/3603 3602/3602/3602 3601/3601/3601
f 3602/3602/3602 3603/3603/3603 3604/3604/3604
f 3607/3607/3607 3606/3606/3606 3605/3605/3605
f 3606/3606/3606 3607/3607/3607 3608/3608/3608
f 3611/3611/3611 3610/3610/3610 3609/3609/3609
f 3610/3610/3610 3611/3611/3611 3612/3612/3612
f 3615/3615/3615 3614/3614/3614 3613/3613/3613
f 3614/3614/3614 3615/3615/3615 3616/3616/3616
f 3619/3619/3619 3618/3618/3618 3617/3617/3617
f 3618/3618/3618 3619/3619/3619 3620/3620/3620
f 3623/3623/3623 3622/3622/3622 3621/3621/3621
f 3622/3622/3622 3623/3623/3623 3624/3624/3624
f 3627/3627/3627 3626/3626/3626 3625/3625/3625
f 3626/3626/3626 3627/3627/3627 3628/3628/3628
f 3631/3631/3631 3630/3630/3630 3629/3629/3629
f 3630/3630/3630 3631/3631/3631 3632/3632/3632
f 3635/3635/3635 3634/3634/3634 3633/3633/3633
f 3634/3634/3634 3635/3635/3635 3636/3636/3636
f 3639/3639/3639 3638/3638/3638 3637/3637/3637
f 3638/3638/3638 3639/3639/3639 3640/3640/3640
f 3643/3643/3643 3642/3642/3642 3641/3641/3641
f 3642/3642/3642 3643/3643/3643 3644/3644/3644
f 3647/3647/3647 3646/3646/3646 3645/3645/3645
f 3646/3646/3646 3647/3647/3647 3648/3648/3648
f 3651/3651/3651 3650/3650/3650 3649/3649/3649
f 3650/3650/3650 3651/3651/3651 3652/3652/3652
f 3655/3655/3655 3654/3654/3654 3653/3653/3653
f 3654/3654/3654 3655/3655/3655 3656/3656/3656
f 3659/3659/3659 3658/3658/3658 3657/3657/3657
f 3658/3658/3658 3659/3659/3659 3660/3660/3660
f 3663/3663/3663 3662/3662/3662 3661/3661/3661
f 3662/3662/3662 3663/3663/3663 3664/3664/3664
f 3667/3667/3667 3666/3666/3666 3665/3665/3665
f 3666/3666/3666 3667/3667/3667 3668/3668/3668
f 3671/3671/3671 3670/3670/3670 3669/3669/3669
f 3670/3670/3670 3671/3671/3671 3672/3672/3672
f 3675/3675/3675 3674/3674/3674 3673/3673/3673
f 3674/3674/3674 3675/3675/3675 3676/3676/3676
f 3679/3679/3679 3678/3678/3678 3677/3677/3677
f 3678/3678/3678 3679/3679/3679 3680/3680/3680
f 3683/3683/3683 3682/3682/3682 3681/3681/3681
f 3682/3682/3682 3683/3683/3683 3684/3684/3684
f 3687/3687/3687 3686/3686/3686 3685/3685/3685
f 3686/3686/3686 3687/3687/3687 3688/3688/3688
f 3691/3691/3691 3690/3690/3690 3689/3689/3689
f 3690/3690/3690 3691/3691/3691 3692/3692/3692
f 3695/3695/3695 3694/3694/3694 3693/3693/3693
f 3694/3694/3694 3695/3695/3695 3696/3696/3696
f 3699/3699/3699 3698/3698/3698 3697/3697/3697
f 3698/3698/3698 3699/3699/3699 3700/3700/3700
f 3703/3703/3703 3702/3702/3702 3701/3701/3701
f 3702/3702/3702 3703/3703/3703 3704/3704/3704
o mesh_65
usemtl mat7
v 92 48.79999999999999 -115.2
v 92 48.79999999999999 -128
v 89.60000000000001 51.19999999999999 -115.2
v 89.60000000000001 51.19999999999999 -128
vt 0.9921875 0.2421875
vt 0.875 0.2421875
vt 0.9921875 0.203125
vt 0.875 0.203125
vn -0.7071067811865475 -0.7071067811865475 8.659560562354932e-17
vn -0.7071067811865475 -0.7071067811865475 8.659560562354932e-17
vn -0.7071067811865475 -0.7071067811865475 8.659560562354932e-17
vn -0.7071067811865475 -0.7071067811865475 8.659560562354932e-17
f 3707/3707/3707 3706/3706/3706 3705/3705/3705
f 3706/3706/3706 3707/3707/3707 3708/3708/3708
o mesh_66
usemtl mat12
v 92 51.19999999999999 -102.4
v 92 63.999999999999986 -102.40000000000002
v 92 51.19999999999999 -89.60000000000001
v 92 63.999999999999986 -89.60000000000002
v 92 51.19999999999999 -89.60000000000001
v 92 38.39999999999999 -89.60000000000001
v 92 51.19999999999999 -102.4
v 92 38.39999999999999 -102.4
v 92 51.199999999999996 -76.80000000000001
v 92 38.4 -76.80000000000001
v 92 51.19999999999999 -89.60000000000001
v 92 38.39999999999999 -89.60000000000001
v 92 51.19999999999999 -89.60000000000001
v 92 63.999999999999986 -89.60000000000002
v 92 51.199999999999996 -76.80000000000001
v 92 63.99999999999999 -76.80000000000003
v 92 38.4 -64
v 92 48.8 -64
v 92 38.4 -51.20000000000001
v 92 48.8 -51.20000000000001
v 89.60000000000001 51.199999999999996 -51.20000000000001
v 92 48.8 -51.20000000000001
v 89.60000000000001 51.199999999999996 -64
v 92 48.8 -64
v 92 38.4 -64
v 92 38.4 -51.20000000000001
v 89.60000000000001 36.8 -64
v 89.60000000000001 36.8 -51.20000000000001
v 89.60000000000001 51.199999999999996 -38.40000000000001
v 92 48.8 -38.40000000000001
v 89.60000000000001 51.199999999999996 -51.20000000000001
v 92 48.8 -51.20000000000001
v 92 48.8 -51.20000000000001
v 92 48.8 -38.40000000000001
v 92 38.4 -51.20000000000001
v 92 38.4 -38.40000000000001
v 92 38.4 -51.20000000000001
v 92 38.4 -38.40000000000001
v 89.60000000000001 36.8 -51.20000000000001
v 89.60000000000001 36.8 -38.40000000000001
v 91.2 25.599999999999987 -129.6
v 89.60000000000001 12.799999999999985 -129.6
v 91.2 25.599999999999984 -140.8
v 89.60000000000001 12.799999999999983 -140.8
v 91.2 25.599999999999984 -140.8
v 92 38.39999999999999 -140.8
v 91.2 25.599999999999987 -129.6
v 92 38.39999999999999 -129.6
v 92 38.39999999999999 -129.6
v 92 38.39999999999999 -140.8
v 92 48.79999999999999 -129.6
v 92 48.79999999999999 -140.8
v 92 38.39999999999999 -140.8
v 92 38.399999999999984 -153.60000000000002
v 92 48.79999999999999 -140.8
v 92 48.79999999999998 -153.60000000000002
v 91.2 25.599999999999984 -153.60000000000002
v 92 38.399999999999984 -153.60000000000002
v 91.2 25.599999999999984 -140.8
v 92 38.39999999999999 -140.8
v 91.2 25.599999999999984 -140.8
v 89.60000000000001 12.799999999999983 -140.8
v 91.2 25.599999999999984 -153.60000000000002
v 89.60000000000001 12.799999999999981 -153.60000000000002
v 92 38.399999999999984 -155.20000000000002
v 92 38.399999999999984 -164.8
v 92 48.79999999999998 -155.20000000000002
v 92 48.79999999999998 -164.8
v 91.2 25.59999999999998 -164.8
v 92 38.399999999999984 -164.8
v 91.2 25.599999999999984 -155.20000000000002
v 92 38.399999999999984 -155.20000000000002
v 91.2 25.599999999999984 -155.20000000000002
v 89.60000000000001 12.799999999999981 -155.20000000000002
v 91.2 25.59999999999998 -164.8
v 89.60000000000001 12.799999999999981 -164.8
vt 0.375 0.125
vt 0.375 0
vt 0.4921875 0.125
vt 0.4921875 0
vt 0.4921875 0.125
vt 0.4921875 0.25
vt 0.375 0.125
vt 0.375 0.25
vt 0.1171875 0.125
vt 0.1171875 0.25
vt 0 0.125
vt 0 0.25
vt 0 0.125
vt 0 0
vt 0.1171875 0.125
vt 0.1171875 0
vt 0.25 0.25
vt 0.25 0.1328125
vt 0.375 0.25
vt 0.375 0.1328125
vt 0.375 0.125
vt 0.375 0.1328125
vt 0.25 0.125
vt 0.25 0.1328125
vt 0.25 0.25
vt 0.375 0.25
vt 0.25 0.265625
vt 0.375 0.265625
vt 0 0.4921875
vt 0 0.4921875
vt 0 0.4921875
vt 0 0.4921875
vt 0.375 0.1328125
vt 0.4921875 0.1328125
vt 0.375 0.25
vt 0.4921875 0.25
vt 0.375 0.25
vt 0.4921875 0.25
vt 0.375 0.265625
vt 0.4921875 0.265625
vt 0.3671875 0.375
vt 0.3671875 0.4921875
vt 0.25 0.375
vt 0.25 0.4921875
vt 0.25 0.375
vt 0.25 0.25
vt 0.3671875 0.375
vt 0.3671875 0.25
vt 0 0.1328125
vt 0.15625 0.1328125
vt 0 0
vt 0.15625 0
vt 0.15625 0.1328125
vt 0.3359375 0.1328125
vt 0.15625 0
vt 0.3359375 0
vt 0.3359375 0.3125
vt 0.3359375 0.1328125
vt 0.15625 0.3125
vt 0.15625 0.1328125
vt 0.15625 0.3125
vt 0.15625 0.4921875
vt 0.3359375 0.3125
vt 0.3359375 0.4921875
vt 0.359375 0.1328125
vt 0.4921875 0.1328125
vt 0.359375 0
vt 0.4921875 0
vt 0.015625 0.3671875
vt 0.015625 0.25
vt 0.1015625 0.3671875
vt 0.1015625 0.25
vt 0.1015625 0.3671875
vt 0.1015625 0.4921875
vt 0.015625 0.3671875
vt 0.015625 0.4921875
vn -1 0 0
vn -1 0 0
vn -1 0 0
vn -1 0 0
vn -1 0 0
vn -1 0 0
vn -1 0 0
vn -1 0 0
vn -1 0 0
vn -1 0 0
vn -1 0 0
vn -1 0 0
vn -1 0 0
vn -1 0 0
vn -1 0 0
vn -1 0 0
vn -1 0 0
vn -1 0 0
vn -1 0 0
vn -1 0 0
vn -0.7071067811865475 -0.7071067811865475 8.659560562354932e-17
vn -0.7071067811865475 -0.7071067811865475 8.659560562354932e-17
vn -0.7071067811865475 -0.7071067811865475 8.659560562354932e-17
vn -0.7071067811865475 -0.7071067811865475 8.659560562354932e-17
vn -0.5547001824703114 0.8320503035077887 -1.018967740920397e-16
vn -0.5547001824703114 0.8320503035077887 -1.018967740920397e-16
vn -0.5547001824703114 0.8320503035077887 -1.018967740920397e-16
vn -0.5547001824703114 0.8320503035077887 -1.018967740920397e-16
vn -0.7071067811865475 -0.7071067811865475 8.659560562354932e-17
vn -0.7071067811865475 -0.7071067811865475 8.659560562354932e-17
vn -0.7071067811865475 -0.7071067811865475 8.659560562354932e-17
vn -0.7071067811865475 -0.7071067811865475 8.659560562354932e-17
vn -1 0 0
vn -1 0 0
vn -1 0 0
vn -1 0 0
vn -0.5547001824703114 0.8320503035077887 -1.018967740920397e-16
vn -0.5547001824703114 0.8320503035077887 -1.018967740920397e-16
vn -0.5547001824703114 0.8320503035077887 -1.018967740920397e-16
vn -0.5547001824703114 0.8320503035077887 -1.018967740920397e-16
vn -0.9922778767136676 0.12403473458920845 -1.5189874069776562e-17
vn -0.9922778767136676 0.12403473458920845 -1.5189874069776562e-17
vn -0.9922778767136676 0.12403473458920845 -1.5189874069776562e-17
vn -0.9922778767136676 0.12403473458920845 -1.5189874069776562e-17
vn -0.9980525784828886 0.06237828615518054 -7.63913684762395e-18
vn -0.9980525784828886 0.06237828615518054 -7.63913684762395e-18
vn -0.9980525784828886 0.06237828615518054 -7.63913684762395e-18
vn -0.9980525784828886 0.06237828615518054 -7.63913684762395e-18
vn -1 0 0
vn -1 0 0
vn -1 0 0
vn -1 0 0
vn -1 0 0
vn -1 0 0
vn -1 0 0
vn -1 0 0
vn -0.9980525784828886 0.06237828615518054 -7.63913684762395e-18
vn -0.9980525784828886 0.06237828615518054 -7.63913684762395e-18
vn -0.9980525784828886 0.06237828615518054 -7.63913684762395e-18
vn -0.9980525784828886 0.06237828615518054 -7.63913684762395e-18
vn -0.9922778767136676 0.12403473458920845 -1.5189874069776562e-17
vn -0.9922778767136676 0.12403473458920845 -1.5189874069776562e-17
vn -0.9922778767136676 0.12403473458920845 -1.5189874069776562e-17
vn -0.9922778767136676 0.12403473458920845 -1.5189874069776562e-17
vn -1 0 0
vn -1 0 0
vn -1 0 0
vn -1 0 0
vn -0.9980525784828886 0.06237828615518054 -7.63913684762395e-18
vn -0.9980525784828886 0.06237828615518054 -7.63913684762395e-18
vn -0.9980525784828886 0.06237828615518054 -7.63913684762395e-18
vn -0.9980525784828886 0.06237828615518054 -7.63913684762395e-18
vn -0.9922778767136676 0.12403473458920845 -1.5189874069776562e-17
vn -0.9922778767136676 0.12403473458920845 -1.5189874069776562e-17
vn -0.9922778767136676 0.12403473458920845 -1.5189874069776562e-17
vn -0.9922778767136676 0.12403473458920845 -1.5189874069776562e-17
f 3711/3711/3711 3710/3710/3710 3709/3709/3709
f 3710/3710/3710 3711/3711/3711 3712/3712/3712
f 3715/3715/3715 3714/3714/3714 3713/3713/3713
f 3714/3714/3714 3715/3715/3715 3716/3716/3716
f 3719/3719/3719 3718/3718/3718 3717/3717/3717
f 3718/3718/3718 3719/3719/3719 3720/3720/3720
f 3723/3723/3723 3722/3722/3722 3721/3721/3721
f 3722/3722/3722 3723/3723/3723 3724/3724/3724
f 3727/3727/3727 3726/3726/3726 3725/3725/3725
f 3726/3726/3726 3727/3727/3727 3728/3728/3728
f 3731/3731/3731 3730/3730/3730 3729/3729/3729
f 3730/3730/3730 3731/3731/3731 3732/3732/3732
f 3735/3735/3735 3734/3734/3734 3733/3733/3733
f 3734/3734/3734 3735/3735/3735 3736/3736/3736
f 3739/3739/3739 3738/3738/3738 3737/3737/3737
f 3738/3738/3738 3739/3739/3739 3740/3740/3740
f 3743/3743/3743 3742/3742/3742 3741/3741/3741
f 3742/3742/3742 3743/3743/3743 3744/3744/3744
f 3747/3747/3747 3746/3746/3746 3745/3745/3745
f 3746/3746/3746 3747/3747/3747 3748/3748/3748
f 3751/3751/3751 3750/3750/3750 3749/3749/3749
f 3750/3750/3750 3751/3751/3751 3752/3752/3752
f 3755/3755/3755 3754/3754/3754 3753/3753/3753
f 3754/3754/3754 3755/3755/3755 3756/3756/3756
f 3759/3759/3759 3758/3758/3758 3757/3757/3757
f 3758/3758/3758 3759/3759/3759 3760/3760/3760
f 3763/3763/3763 3762/3762/3762 3761/3761/3761
f 3762/3762/3762 3763/3763/3763 3764/3764/3764
f 3767/3767/3767 3766/3766/3766 3765/3765/3765
f 3766/3766/3766 3767/3767/3767 3768/3768/3768
f 3771/3771/3771 3770/3770/3770 3769/3769/3769
f 3770/3770/3770 3771/3771/3771 3772/3772/3772
f 3775/3775/3775 3774/3774/3774 3773/3773/3773
f 3774/3774/3774 3775/3775/3775 3776/3776/3776
f 3779/3779/3779 3778/3778/3778 3777/3777/3777
f 3778/3778/3778 3779/3779/3779 3780/3780/3780
f 3783/3783/3783 3782/3782/3782 3781/3781/3781
f 3782/3782/3782 3783/3783/3783 3784/3784/3784
o mesh_67
usemtl mat10
v 92 63.999999999999986 -89.60000000000002
v 92 63.999999999999986 -102.40000000000002
v 92 89.6 -89.60000000000002
v 92 89.6 -102.40000000000002
v 92 63.999999999999986 -89.60000000000002
v 92 89.6 -89.60000000000002
v 92 63.99999999999999 -76.80000000000003
v 92 89.6 -76.80000000000003
vt 0.9921875 0.4921875
vt 0.875 0.4921875
vt 0.9921875 0.25
vt 0.875 0.25
vt 0.5 0.4921875
vt 0.5 0.25
vt 0.6171875 0.4921875
vt 0.6171875 0.25
vn -1 0 0
vn -1 0 0
vn -1 0 0
vn -1 0 0
vn -1 0 0
vn -1 0 0
vn -1 0 0
vn -1 0 0
f 3787/3787/3787 3786/3786/3786 3785/3785/3785
f 3786/3786/3786 3787/3787/3787 3788/3788/3788
f 3791/3791/3791 3790/3790/3790 3789/3789/3789
f 3790/3790/3790 3791/3791/3791 3792/3792/3792
o mesh_68
usemtl mat11
v 92 89.6 -89.60000000000002
v 92 89.6 -102.40000000000002
v 89.60000000000001 115.19999999999999 -89.60000000000002
v 89.60000000000001 115.19999999999999 -102.40000000000002
v 89.60000000000001 115.19999999999999 -89.60000000000002
v 89.60000000000001 115.19999999999999 -76.80000000000003
v 92 89.6 -89.60000000000002
v 92 89.6 -76.80000000000003
vt 0.9921875 0.7421875
vt 0.875 0.7421875
vt 0.9921875 0.5
vt 0.875 0.5
vt 0.75 0.5
vt 0.8671875 0.5
vt 0.75 0.7421875
vt 0.8671875 0.7421875
vn -0.9956342257130849 -0.09334071238589212 1.1430940465351646e-17
vn -0.9956342257130849 -0.09334071238589212 1.1430940465351646e-17
vn -0.9956342257130849 -0.09334071238589212 1.1430940465351646e-17
vn -0.9956342257130849 -0.09334071238589212 1.1430940465351646e-17
vn -0.9956342257130849 -0.09334071238589212 1.1430940465351646e-17
vn -0.9956342257130849 -0.09334071238589212 1.1430940465351646e-17
vn -0.9956342257130849 -0.09334071238589212 1.1430940465351646e-17
vn -0.9956342257130849 -0.09334071238589212 1.1430940465351646e-17
f 3795/3795/3795 3794/3794/3794 3793/3793/3793
f 3794/3794/3794 3795/3795/3795 3796/3796/3796
f 3799/3799/3799 3798/3798/3798 3797/3797/3797
f 3798/3798/3798 3799/3799/3799 3800/3800/3800
o mesh_69
usemtl mat12
v 67.2 38.399999999999984 -175.20000000000002
v 64 38.399999999999984 -175.20000000000002
v 64 51.19999999999998 -175.20000000000002
v 76.80000000000001 51.19999999999998 -175.20000000000002
v 76.80000000000001 38.399999999999984 -175.20000000000002
v 70.4 38.399999999999984 -175.20000000000002
v 76.80000000000001 51.19999999999998 -175.20000000000002
v 76.80000000000001 51.19999999999998 -168
v 76.80000000000001 49.59999999999998 -168
v 76.80000000000001 49.59999999999998 -168
v 76.80000000000001 51.19999999999998 -168
v 76.80000000000001 49.59999999999998 -166.4
v 76.80000000000001 51.19999999999998 -166.4
v 76.80000000000001 49.59999999999998 -166.4
v 76.80000000000001 38.399999999999984 -166.4
v 76.80000000000001 49.59999999999998 -168
v 76.80000000000001 38.399999999999984 -168
v 76.80000000000001 49.59999999999998 -168
v 76.80000000000001 38.399999999999984 -168
v 76.80000000000001 51.19999999999998 -175.20000000000002
v 76.80000000000001 38.399999999999984 -175.20000000000002
v 76.80000000000001 63.99999999999998 -168
v 76.80000000000001 63.99999999999998 -166.4
v 76.80000000000001 51.19999999999998 -168
v 76.80000000000001 51.19999999999998 -166.4
v 64 63.99999999999998 -175.20000000000002
v 76.80000000000001 63.99999999999998 -175.20000000000002
v 64 51.19999999999998 -175.20000000000002
v 76.80000000000001 51.19999999999998 -175.20000000000002
v 76.80000000000001 51.19999999999998 -168
v 76.80000000000001 51.19999999999998 -175.20000000000002
v 76.80000000000001 63.99999999999998 -168
v 76.80000000000001 63.99999999999998 -175.20000000000002
v 64 51.19999999999998 -175.20000000000002
v 76.80000000000001 51.19999999999998 -175.20000000000002
v 67.2 38.399999999999984 -175.20000000000002
v 70.4 38.399999999999984 -175.20000000000002
v 89.60000000000001 49.59999999999998 -166.4
v 89.60000000000001 38.399999999999984 -166.4
v 78.4 49.59999999999998 -166.4
v 78.4 38.399999999999984 -166.4
v 78.4 38.399999999999984 -166.4
v 89.60000000000001 38.399999999999984 -166.4
v 78.4 25.59999999999998 -166.4
v 89.60000000000001 25.59999999999998 -166.4
v 78.4 25.59999999999998 -166.4
v 89.60000000000001 25.59999999999998 -166.4
v 78.4 12.799999999999981 -166.4
v 89.60000000000001 12.799999999999981 -166.4
v 1.6 12.799999999999981 -166.4
v 1.6 30.39999999999998 -166.4
v 11.200000000000001 12.799999999999981 -166.4
v 11.200000000000001 30.39999999999998 -166.4
vt 0.03125 0.25
vt 0 0.25
vt 0 0.125
vt 0.1171875 0.125
vt 0.1171875 0.25
vt 0.0625 0.25
vt 0.0625 0
vt 0.1171875 0
vt 0.1171875 0.015625
vt 0.109375 0.125
vt 0.109375 0.125
vt 0.1171875 0.25
vt 0.1171875 0.125
vt 0.1171875 0.25
vt 0.1171875 0.25
vt 0.109375 0.125
vt 0.109375 0.25
vt 0.1171875 0.015625
vt 0.1171875 0.1171875
vt 0.0625 0
vt 0.0625 0.1171875
vt 0.109375 0
vt 0.1171875 0
vt 0.109375 0.125
vt 0.1171875 0.125
vt 0 0
vt 0.1171875 0
vt 0 0.125
vt 0.1171875 0.125
vt 0.109375 0.125
vt 0.03125 0.125
vt 0.109375 0
vt 0.03125 0
vt 0 0.125
vt 0.1171875 0.125
vt 0.03125 0.25
vt 0.0625 0.25
vt 0.2421875 0
vt 0.2421875 0.125
vt 0.140625 0
vt 0.140625 0.125
vt 0.140625 0.125
vt 0.2421875 0.125
vt 0.140625 0.25
vt 0.2421875 0.25
vt 0.140625 0.25
vt 0.2421875 0.25
vt 0.140625 0.3671875
vt 0.2421875 0.3671875
vt 0.015625 0.4921875
vt 0.015625 0.328125
vt 0.109375 0.4921875
vt 0.109375 0.328125
vn 0 1.2246467991473532e-16 1
vn 0 1.2246467991473532e-16 1
vn 0 1.2246467991473532e-16 1
vn 0 1.2246467991473532e-16 1
vn 0 1.2246467991473532e-16 1
vn 0 1.2246467991473532e-16 1
vn -1 0 0
vn -1 0 0
vn -1 0 0
vn -1 0 0
vn -1 0 0
vn -1 0 0
vn -1 0 0
vn -1 0 0
vn -1 0 0
vn -1 0 0
vn -1 0 0
vn -1 0 0
vn -1 0 0
vn -1 0 0
vn -1 0 0
vn -1 0 0
vn -1 0 0
vn -1 0 0
vn -1 0 0
vn 0 1.2246467991473532e-16 1
vn 0 1.2246467991473532e-16 1
vn 0 1.2246467991473532e-16 1
vn 0 1.2246467991473532e-16 1
vn -1 0 0
vn -1 0 0
vn -1 0 0
vn -1 0 0
vn 0 1.2246467991473532e-16 1
vn 0 1.2246467991473532e-16 1
vn 0 1.2246467991473532e-16 1
vn 0 1.2246467991473532e-16 1
vn 0 1.2246467991473532e-16 1
vn 0 1.2246467991473532e-16 1
vn 0 1.2246467991473532e-16 1
vn 0 1.2246467991473532e-16 1
vn 0 1.2246467991473532e-16 1
vn 0 1.2246467991473532e-16 1
vn 0 1.2246467991473532e-16 1
vn 0 1.2246467991473532e-16 1
vn 0 1.2246467991473532e-16 1
vn 0 1.2246467991473532e-16 1
vn 0 1.2246467991473532e-16 1
vn 0 1.2246467991473532e-16 1
vn 0 1.2246467991473532e-16 1
vn 0 1.2246467991473532e-16 1
vn 0 1.2246467991473532e-16 1
vn 0 1.2246467991473532e-16 1
f 3803/3803/3803 3802/3802/3802 3801/3801/3801
f 3806/3806/3806 3805/3805/3805 3804/3804/3804
f 3809/3809/3809 3808/3808/3808 3807/3807/3807
f 3812/3812/3812 3811/3811/3811 3810/3810/3810
f 3811/3811/3811 3812/3812/3812 3813/3813/3813
f 3816/3816/3816 3815/3815/3815 3814/3814/3814
f 3815/3815/3815 3816/3816/3816 3817/3817/3817
f 3820/3820/3820 3819/3819/3819 3818/3818/3818
f 3819/3819/3819 3820/3820/3820 3821/3821/3821
f 3824/3824/3824 3823/3823/3823 3822/3822/3822
f 3823/3823/3823 3824/3824/3824 3825/3825/3825
f 3828/3828/3828 3827/3827/3827 3826/3826/3826
f 3827/3827/3827 3828/3828/3828 3829/3829/3829
f 3832/3832/3832 3831/3831/3831 3830/3830/3830
f 3831/3831/3831 3832/3832/3832 3833/3833/3833
f 3836/3836/3836 3835/3835/3835 3834/3834/3834
f 3835/3835/3835 3836/3836/3836 3837/3837/3837
f 3840/3840/3840 3839/3839/3839 3838/3838/3838
f 3839/3839/3839 3840/3840/3840 3841/3841/3841
f 3844/3844/3844 3843/3843/3843 3842/3842/3842
f 3843/3843/3843 3844/3844/3844 3845/3845/3845
f 3848/3848/3848 3847/3847/3847 3846/3846/3846
f 3847/3847/3847 3848/3848/3848 3849/3849/3849
f 3852/3852/3852 3851/3851/3851 3850/3850/3850
f 3851/3851/3851 3852/3852/3852 3853/3853/3853
o mesh_70
usemtl mat10
v 44.800000000000004 76.79999999999998 -175.20000000000002
v 38.400000000000006 87.99999999999997 -175.20000000000002
v 51.2 84.79999999999998 -175.20000000000002
v 51.2 63.99999999999998 -175.20000000000002
v 51.2 84.79999999999998 -175.20000000000002
v 64 63.99999999999998 -175.20000000000002
v 64 79.99999999999997 -175.20000000000002
v 44.800000000000004 63.99999999999998 -175.20000000000002
v 38.400000000000006 63.99999999999998 -175.20000000000002
v 44.800000000000004 76.79999999999998 -175.20000000000002
v 38.400000000000006 87.99999999999997 -175.20000000000002
v 38.400000000000006 63.99999999999998 -175.20000000000002
v 25.6 63.99999999999998 -175.20000000000002
v 38.400000000000006 87.99999999999997 -175.20000000000002
v 25.6 80.79999999999998 -175.20000000000002
v 51.2 84.79999999999998 -175.20000000000002
v 51.2 63.99999999999998 -175.20000000000002
v 44.800000000000004 76.79999999999998 -175.20000000000002
v 44.800000000000004 63.99999999999998 -175.20000000000002
vt 0.6875 0.375
vt 0.625 0.25
vt 0.75 0.25
vt 0.75 0.4921875
vt 0.75 0.25
vt 0.8671875 0.4921875
vt 0.8671875 0.3359375
vt 0.6875 0.4921875
vt 0.625 0.4921875
vt 0.6875 0.375
vt 0.625 0.25
vt 0.625 0.4921875
vt 0.5 0.4921875
vt 0.625 0.25
vt 0.5 0.3203125
vt 0.75 0.25
vt 0.75 0.4921875
vt 0.6875 0.375
vt 0.6875 0.4921875
vn 0 1.2246467991473532e-16 1
vn 0 1.2246467991473532e-16 1
vn 0 1.2246467991473532e-16 1
vn 0 1.2246467991473532e-16 1
vn 0 1.2246467991473532e-16 1
vn 0 1.2246467991473532e-16 1
vn 0 1.2246467991473532e-16 1
vn 0 1.2246467991473532e-16 1
vn 0 1.2246467991473532e-16 1
vn 0 1.2246467991473532e-16 1
vn 0 1.2246467991473532e-16 1
vn 0 1.2246467991473532e-16 1
vn 0 1.2246467991473532e-16 1
vn 0 1.2246467991473532e-16 1
vn 0 1.2246467991473532e-16 1
vn 0 1.2246467991473532e-16 1
vn 0 1.2246467991473532e-16 1
vn 0 1.2246467991473532e-16 1
vn 0 1.2246467991473532e-16 1
f 3856/3856/3856 3855/3855/3855 3854/3854/3854
f 3859/3859/3859 3858/3858/3858 3857/3857/3857
f 3858/3858/3858 3859/3859/3859 3860/3860/3860
f 3863/3863/3863 3862/3862/3862 3861/3861/3861
f 3862/3862/3862 3863/3863/3863 3864/3864/3864
f 3867/3867/3867 3866/3866/3866 3865/3865/3865
f 3866/3866/3866 3867/3867/3867 3868/3868/3868
f 3871/3871/3871 3870/3870/3870 3869/3869/3869
f 3870/3870/3870 3871/3871/3871 3872/3872/3872
o mesh_71
usemtl mat11
v 11.200000000000001 12.799999999999981 -166.4
v 11.200000000000001 6.39999999999998 -166.4
v 1.6 12.799999999999981 -166.4
v 1.6 6.39999999999998 -166.4
vt 0.859375 0.75
vt 0.859375 0.796875
vt 0.75 0.75
vt 0.75 0.796875
vn 0 1.2246467991473532e-16 1
vn 0 1.2246467991473532e-16 1
vn 0 1.2246467991473532e-16 1
vn 0 1.2246467991473532e-16 1
f 3875/3875/3875 3874/3874/3874 3873/3873/3873
f 3874/3874/3874 3875/3875/3875 3876/3876/3876
o mesh_72
usemtl mat6
v 12.8 -7.83773951454306e-15 -64
v 0 -7.83773951454306e-15 -64
v 12.8 -9.405287417451674e-15 -76.80000000000001
v 0 -9.405287417451674e-15 -76.80000000000001
vt 0.625 0.25
vt 0.5 0.25
vt 0.625 0.125
vt 0.5 0.125
vn 0 1 -1.2246467991473532e-16
vn 0 1 -1.2246467991473532e-16
vn 0 1 -1.2246467991473532e-16
vn 0 1 -1.2246467991473532e-16
f 3879/3879/3879 3878/3878/3878 3877/3877/3877
f 3878/3878/3878 3879/3879/3879 3880/3880/3880
o mesh_73
usemtl mat12
v 9.600000000000001 31.999999999999986 -117.60000000000001
v 9.600000000000001 31.999999999999986 -115.2
v 12.8 35.999999999999986 -115.2
v 12.8 35.999999999999986 -115.2
v 12.8 31.999999999999986 -118.4
v 10.4 31.999999999999986 -118.4
v 9.600000000000001 31.999999999999986 -117.60000000000001
v 12.8 35.999999999999986 -115.2
v 10.4 31.999999999999986 -118.4
v 12.8 25.599999999999987 -119.2
v 12.8 25.599999999999987 -115.2
v 8.8 25.599999999999987 -115.2
v 8.8 25.599999999999987 -117.60000000000001
v 8.8 25.599999999999987 -115.2
v 9.600000000000001 31.999999999999986 -117.60000000000001
v 9.600000000000001 31.999999999999986 -115.2
v 8.8 25.599999999999987 -115.2
v 8.8 25.599999999999987 -117.60000000000001
v 12.8 25.599999999999987 -119.2
v 10.4 25.599999999999987 -119.2
v 10.4 31.999999999999986 -118.4
v 12.8 31.999999999999986 -118.4
v 10.4 25.599999999999987 -119.2
v 12.8 25.599999999999987 -119.2
v 8.8 25.599999999999987 -117.60000000000001
v 9.600000000000001 31.999999999999986 -117.60000000000001
v 10.4 25.599999999999987 -119.2
v 10.4 31.999999999999986 -118.4
v 78.4 12.799999999999981 -155.20000000000002
v 78.4 12.799999999999981 -164.8
v 89.60000000000001 12.799999999999981 -155.20000000000002
v 89.60000000000001 12.799999999999981 -164.8
v 78.4 12.799999999999981 -153.60000000000002
v 89.60000000000001 12.799999999999981 -153.60000000000002
v 78.4 12.799999999999983 -140.8
v 89.60000000000001 12.799999999999983 -140.8
v 78.4 12.799999999999983 -140.8
v 89.60000000000001 12.799999999999983 -140.8
v 78.4 12.799999999999985 -129.6
v 89.60000000000001 12.799999999999985 -129.6
v 92 12.799999999999983 -140.8
v 92 12.799999999999985 -129.6
v 89.60000000000001 12.799999999999983 -140.8
v 89.60000000000001 12.799999999999985 -129.6
v 89.60000000000001 12.799999999999983 -140.8
v 89.60000000000001 12.799999999999981 -153.60000000000002
v 92 12.799999999999983 -140.8
v 92 12.799999999999981 -153.60000000000002
v 92 12.799999999999981 -155.20000000000002
v 89.60000000000001 12.799999999999981 -155.20000000000002
v 92 12.799999999999981 -164.8
v 89.60000000000001 12.799999999999981 -164.8
vt 0.234375 0.1875
vt 0.21875 0.1875
vt 0.25 0.140625
vt 0.25 0.140625
vt 0.265625 0.1875
vt 0.2578125 0.1875
vt 0.234375 0.1875
vt 0.25 0.140625
vt 0.2578125 0.1875
vt 0.28125 0.25
vt 0.25 0.25
vt 0.21875 0.25
vt 0.234375 0.25
vt 0.203125 0.25
vt 0.234375 0.1875
vt 0.21875 0.1875
vt 0.21875 0.25
vt 0.234375 0.25
vt 0.28125 0.25
vt 0.2578125 0.25
vt 0.2578125 0.1875
vt 0.265625 0.1875
vt 0.2578125 0.25
vt 0.28125 0.25
vt 0.234375 0.25
vt 0.234375 0.1875
vt 0.2578125 0.25
vt 0.2578125 0.1875
vt 0 0.1328125
vt 0 0
vt 0.125 0.1328125
vt 0.125 0
vt 0 0.1328125
vt 0.125 0.1328125
vt 0 0.3359375
vt 0.125 0.3359375
vt 0 0.3359375
vt 0.125 0.3359375
vt 0 0.4921875
vt 0.125 0.4921875
vt 0.3125 0.09375
vt 0.3125 0.09375
vt 0.3125 0.09375
vt 0.3125 0.09375
vt 0.3125 0.09375
vt 0.3125 0.09375
vt 0.3125 0.09375
vt 0.3125 0.09375
vt 0.3125 0.09375
vt 0.3125 0.09375
vt 0.3125 0.09375
vt 0.3125 0.09375
vn 0.7808688094430304 -0.6246950475544243 7.650307904307292e-17
vn 0.7808688094430304 -0.6246950475544243 7.650307904307292e-17
vn 0.7808688094430304 -0.6246950475544243 7.650307904307292e-17
vn 0 -0.6246950475544242 0.7808688094430304
vn 0 -0.6246950475544242 0.7808688094430304
vn 0 -0.6246950475544242 0.7808688094430304
vn 0.5025188907717264 -0.7035264947641326 0.5025188907717265
vn 0.5025188907717264 -0.7035264947641326 0.5025188907717265
vn 0.5025188907717264 -0.7035264947641326 0.5025188907717265
vn 0 1 -1.2246467991473532e-16
vn 0 1 -1.2246467991473532e-16
vn 0 1 -1.2246467991473532e-16
vn 0.9922778767136676 -0.12403473458920845 1.5189874069776562e-17
vn 0.9922778767136676 -0.12403473458920845 1.5189874069776562e-17
vn 0.9922778767136676 -0.12403473458920845 1.5189874069776562e-17
vn 0.9922778767136676 -0.12403473458920845 1.5189874069776562e-17
vn 0 1 -1.2246467991473532e-16
vn 0 1 -1.2246467991473532e-16
vn 0 1 -1.2246467991473532e-16
vn 0 1 -1.2246467991473532e-16
vn 0 -0.12403473458920834 0.9922778767136676
vn 0 -0.12403473458920834 0.9922778767136676
vn 0 -0.12403473458920834 0.9922778767136676
vn 0 -0.12403473458920834 0.9922778767136676
vn 0.7043607250604991 -0.0880450906325623 0.7043607250604991
vn 0.7043607250604991 -0.0880450906325623 0.7043607250604991
vn 0.7043607250604991 -0.0880450906325623 0.7043607250604991
vn 0.7043607250604991 -0.0880450906325623 0.7043607250604991
vn 0 1 -1.2246467991473532e-16
vn 0 1 -1.2246467991473532e-16
vn 0 1 -1.2246467991473532e-16
vn 0 1 -1.2246467991473532e-16
vn 0 1 -1.2246467991473532e-16
vn 0 1 -1.2246467991473532e-16
vn 0 1 -1.2246467991473532e-16
vn 0 1 -1.2246467991473532e-16
vn 0 1 -1.2246467991473532e-16
vn 0 1 -1.2246467991473532e-16
vn 0 1 -1.2246467991473532e-16
vn 0 1 -1.2246467991473532e-16
vn 0 1 -1.2246467991473532e-16
vn 0 1 -1.2246467991473532e-16
vn 0 1 -1.2246467991473532e-16
vn 0 1 -1.2246467991473532e-16
vn 0 1 -1.2246467991473532e-16
vn 0 1 -1.2246467991473532e-16
vn 0 1 -1.2246467991473532e-16
vn 0 1 -1.2246467991473532e-16
vn 0 1 -1.2246467991473532e-16
vn 0 1 -1.2246467991473532e-16
vn 0 1 -1.2246467991473532e-16
vn 0 1 -1.2246467991473532e-16
f 3883/3883/3883 3882/3882/3882 3881/3881/3881
f 3886/3886/3886 3885/3885/3885 3884/3884/3884
f 3889/3889/3889 3888/3888/3888 3887/3887/3887
f 3892/3892/3892 3891/3891/3891 3890/3890/3890
f 3895/3895/3895 3894/3894/3894 3893/3893/3893
f 3894/3894/3894 3895/3895/3895 3896/3896/3896
f 3899/3899/3899 3898/3898/3898 3897/3897/3897
f 3898/3898/3898 3899/3899/3899 3900/3900/3900
f 3903/3903/3903 3902/3902/3902 3901/3901/3901
f 3902/3902/3902 3903/3903/3903 3904/3904/3904
f 3907/3907/3907 3906/3906/3906 3905/3905/3905
f 3906/3906/3906 3907/3907/3907 3908/3908/3908
f 3911/3911/3911 3910/3910/3910 3909/3909/3909
f 3910/3910/3910 3911/3911/3911 3912/3912/3912
f 3915/3915/3915 3914/3914/3914 3913/3913/3913
f 3914/3914/3914 3915/3915/3915 3916/3916/3916
f 3919/3919/3919 3918/3918/3918 3917/3917/3917
f 3918/3918/3918 3919/3919/3919 3920/3920/3920
f 3923/3923/3923 3922/3922/3922 3921/3921/3921
f 3922/3922/3922 3923/3923/3923 3924/3924/3924
f 3927/3927/3927 3926/3926/3926 3925/3925/3925
f 3926/3926/3926 3927/3927/3927 3928/3928/3928
f 3931/3931/3931 3930/3930/3930 3929/3929/3929
f 3930/3930/3930 3931/3931/3931 3932/3932/3932
o mesh_74
usemtl mat6
v 0 6.399999999999982 -153.60000000000002
v 0 6.39999999999998 -164.8
v 1.6 6.39999999999998 -164.8
v 51.2 -3.1350958058172244e-15 -25.6
v 38.400000000000006 -3.1350958058172244e-15 -25.6
v 51.2 -4.702643708725837e-15 -38.400000000000006
v 38.400000000000006 -4.702643708725837e-15 -38.400000000000006
v 11.200000000000001 6.39999999999998 -164.8
v 1.6 6.39999999999998 -164.8
v 11.200000000000001 6.39999999999998 -166.4
v 1.6 6.39999999999998 -166.4
v 11.200000000000001 6.399999999999984 -128
v 0 6.399999999999984 -128
v 11.200000000000001 6.3999999999999835 -140.8
v 0 6.3999999999999835 -140.8
v 11.200000000000001 6.3999999999999835 -140.8
v 0 6.3999999999999835 -140.8
v 11.200000000000001 6.399999999999982 -153.60000000000002
v 0 6.399999999999982 -153.60000000000002
v 11.200000000000001 6.399999999999982 -153.60000000000002
v 0 6.399999999999982 -153.60000000000002
v 11.200000000000001 6.39999999999998 -164.8
v 1.6 6.39999999999998 -164.8
vt 0.5 0.125
vt 0.5 0
vt 0.515625 0
vt 0.9921875 0.125
vt 0.875 0.125
vt 0.9921875 0
vt 0.875 0
vt 0.6171875 0.4921875
vt 0.515625 0.4921875
vt 0.6171875 0.484375
vt 0.515625 0.484375
vt 0.6171875 0.3671875
vt 0.5 0.3671875
vt 0.6171875 0.25
vt 0.5 0.25
vt 0.6171875 0.2421875
vt 0.5 0.2421875
vt 0.6171875 0.125
vt 0.5 0.125
vt 0.6171875 0.125
vt 0.5 0.125
vt 0.6171875 0
vt 0.515625 0
vn 0 1 -1.2246467991473532e-16
vn 0 1 -1.2246467991473532e-16
vn 0 1 -1.2246467991473532e-16
vn 0 1 -1.2246467991473532e-16
vn 0 1 -1.2246467991473532e-16
vn 0 1 -1.2246467991473532e-16
vn 0 1 -1.2246467991473532e-16
vn 0 1 -1.2246467991473532e-16
vn 0 1 -1.2246467991473532e-16
vn 0 1 -1.2246467991473532e-16
vn 0 1 -1.2246467991473532e-16
vn 0 1 -1.2246467991473532e-16
vn 0 1 -1.2246467991473532e-16
vn 0 1 -1.2246467991473532e-16
vn 0 1 -1.2246467991473532e-16
vn 0 1 -1.2246467991473532e-16
vn 0 1 -1.2246467991473532e-16
vn 0 1 -1.2246467991473532e-16
vn 0 1 -1.2246467991473532e-16
vn 0 1 -1.2246467991473532e-16
vn 0 1 -1.2246467991473532e-16
vn 0 1 -1.2246467991473532e-16
vn 0 1 -1.2246467991473532e-16
f 3935/3935/3935 3934/3934/3934 3933/3933/3933
f 3938/3938/3938 3937/3937/3937 3936/3936/3936
f 3937/3937/3937 3938/3938/3938 3939/3939/3939
f 3942/3942/3942 3941/3941/3941 3940/3940/3940
f 3941/3941/3941 3942/3942/3942 3943/3943/3943
f 3946/3946/3946 3945/3945/3945 3944/3944/3944
f 3945/3945/3945 3946/3946/3946 3947/3947/3947
f 3950/3950/3950 3949/3949/3949 3948/3948/3948
f 3949/3949/3949 3950/3950/3950 3951/3951/3951
f 3954/3954/3954 3953/3953/3953 3952/3952/3952
f 3953/3953/3953 3954/3954/3954 3955/3955/3955
o mesh_75
usemtl mat9
v 89.60000000000001 12.799999999999981 -155.20000000000002
v 89.60000000000001 12.799999999999981 -153.60000000000002
v 78.4 12.799999999999981 -155.20000000000002
v 78.4 12.799999999999981 -153.60000000000002
v 78.4 12.799999999999981 -166.4
v 89.60000000000001 12.799999999999981 -166.4
v 78.4 12.799999999999981 -164.8
v 89.60000000000001 12.799999999999981 -164.8
vt 0.703125 0.4609375
vt 0.6953125 0.4609375
vt 0.703125 0.453125
vt 0.6953125 0.453125
vt 0.7265625 0.453125
vt 0.734375 0.4609375
vt 0.71875 0.453125
vt 0.7265625 0.4609375
vn 0 1 -1.2246467991473532e-16
vn 0 1 -1.2246467991473532e-16
vn 0 1 -1.2246467991473532e-16
vn 0 1 -1.2246467991473532e-16
vn 0 1 -1.2246467991473532e-16
vn 0 1 -1.2246467991473532e-16
vn 0 1 -1.2246467991473532e-16
vn 0 1 -1.2246467991473532e-16
f 3958/3958/3958 3957/3957/3957 3956/3956/3956
f 3957/3957/3957 3958/3958/3958 3959/3959/3959
f 3962/3962/3962 3961/3961/3961 3960/3960/3960
f 3961/3961/3961 3962/3962/3962 3963/3963/3963
o mesh_76
usemtl mat12
v 0 36.800000000000004 -25.600000000000005
v 0 12.799999999999997 -25.6
v 12.8 36.800000000000004 -25.600000000000005
v 12.8 12.799999999999997 -25.6
v 25.6 38.400000000000006 -23.200000000000006
v 12.8 38.400000000000006 -23.200000000000006
v 25.6 12.799999999999997 -25.6
v 12.8 12.799999999999997 -25.6
v 38.400000000000006 12.799999999999997 -25.6
v 38.400000000000006 38.400000000000006 -23.200000000000006
v 25.6 12.799999999999997 -25.6
v 25.6 38.400000000000006 -23.200000000000006
v 76.80000000000001 12.799999999999997 -25.6
v 76.80000000000001 38.400000000000006 -23.200000000000006
v 64 12.799999999999997 -25.6
v 64 38.400000000000006 -23.200000000000006
v 89.60000000000001 38.400000000000006 -23.200000000000006
v 76.80000000000001 38.400000000000006 -23.200000000000006
v 89.60000000000001 12.799999999999997 -25.6
v 76.80000000000001 12.799999999999997 -25.6
v 64 38.400000000000006 -23.200000000000006
v 51.2 38.400000000000006 -23.200000000000006
v 64 12.799999999999997 -25.6
v 51.2 12.799999999999997 -25.6
vt 0.4921875 0.140625
vt 0.4921875 0.3671875
vt 0.375 0.140625
vt 0.375 0.3671875
vt 0.25 0.140625
vt 0.375 0.140625
vt 0.25 0.3671875
vt 0.375 0.3671875
vt 0.125 0.3671875
vt 0.125 0.140625
vt 0.25 0.3671875
vt 0.25 0.140625
vt 0.125 0.3671875
vt 0.125 0.125
vt 0.25 0.3671875
vt 0.25 0.125
vt 0 0.125
vt 0.125 0.125
vt 0 0.3671875
vt 0.125 0.3671875
vt 0.25 0.125
vt 0.3671875 0.125
vt 0.25 0.3671875
vt 0.3671875 0.3671875
vn 0 -1.2246467991473532e-16 -1
vn 0 -1.2246467991473532e-16 -1
vn 0 -1.2246467991473532e-16 -1
vn 0 -1.2246467991473532e-16 -1
vn 0 0.09334071238589199 -0.9956342257130849
vn 0 0.09334071238589199 -0.9956342257130849
vn 0 0.09334071238589199 -0.9956342257130849
vn 0 0.09334071238589199 -0.9956342257130849
vn 0 0.09334071238589199 -0.9956342257130849
vn 0 0.09334071238589199 -0.9956342257130849
vn 0 0.09334071238589199 -0.9956342257130849
vn 0 0.09334071238589199 -0.9956342257130849
vn 0 0.09334071238589199 -0.9956342257130849
vn 0 0.09334071238589199 -0.9956342257130849
vn 0 0.09334071238589199 -0.9956342257130849
vn 0 0.09334071238589199 -0.9956342257130849
vn 0 0.09334071238589199 -0.9956342257130849
vn 0 0.09334071238589199 -0.9956342257130849
vn 0 0.09334071238589199 -0.9956342257130849
vn 0 0.09334071238589199 -0.9956342257130849
vn 0 0.09334071238589199 -0.9956342257130849
vn 0 0.09334071238589199 -0.9956342257130849
vn 0 0.09334071238589199 -0.9956342257130849
vn 0 0.09334071238589199 -0.9956342257130849
f 3966/3966/3966 3965/3965/3965 3964/3964/3964
f 3965/3965/3965 3966/3966/3966 3967/3967/3967
f 3970/3970/3970 3969/3969/3969 3968/3968/3968
f 3969/3969/3969 3970/3970/3970 3971/3971/3971
f 3974/3974/3974 3973/3973/3973 3972/3972/3972
f 3973/3973/3973 3974/3974/3974 3975/3975/3975
f 3978/3978/3978 3977/3977/3977 3976/3976/3976
f 3977/3977/3977 3978/3978/3978 3979/3979/3979
f 3982/3982/3982 3981/3981/3981 3980/3980/3980
f 3981/3981/3981 3982/3982/3982 3983/3983/3983
f 3986/3986/3986 3985/3985/3985 3984/3984/3984
f 3985/3985/3985 3986/3986/3986 3987/3987/3987
o mesh_77
usemtl mat14
v 38.400000000000006 70.4 -22.40000000000001
v 38.400000000000006 64 -22.40000000000001
v 38.400000000000006 76.80000000000001 -9.405287417451674e-15
v 38.400000000000006 64 -7.83773951454306e-15
v 51.2 76.80000000000001 -25.600000000000012
v 51.2 89.60000000000001 -25.600000000000012
v 51.2 76.80000000000001 -9.405287417451674e-15
v 51.2 89.60000000000001 -1.0972835320360286e-14
v 51.2 76.80000000000001 -9.405287417451674e-15
v 51.2 64 -7.83773951454306e-15
v 51.2 70.4 -22.40000000000001
v 51.2 64 -22.40000000000001
v 38.400000000000006 76.80000000000001 -9.405287417451674e-15
v 38.400000000000006 89.60000000000001 -1.0972835320360286e-14
v 38.400000000000006 76.80000000000001 -25.600000000000012
v 38.400000000000006 89.60000000000001 -25.600000000000012
vt 0.84375 0.8125
vt 0.84375 0.875
vt 0.625 0.75
vt 0.625 0.875
vt 0.75 0.75
vt 0.75 0.625
vt 0.9921875 0.75
vt 0.9921875 0.625
vt 0.9921875 0.75
vt 0.9921875 0.875
vt 0.78125 0.8125
vt 0.78125 0.875
vt 0.625 0.75
vt 0.625 0.625
vt 0.8671875 0.75
vt 0.8671875 0.625
vn 1 0 0
vn 1 0 0
vn 1 0 0
vn 1 0 0
vn -1 0 0
vn -1 0 0
vn -1 0 0
vn -1 0 0
vn -1 0 0
vn -1 0 0
vn -1 0 0
vn -1 0 0
vn 1 0 0
vn 1 0 0
vn 1 0 0
vn 1 0 0
f 3990/3990/3990 3989/3989/3989 3988/3988/3988
f 3989/3989/3989 3990/3990/3990 3991/3991/3991
f 3994/3994/3994 3993/3993/3993 3992/3992/3992
f 3993/3993/3993 3994/3994/3994 3995/3995/3995
f 3998/3998/3998 3997/3997/3997 3996/3996/3996
f 3997/3997/3997 3998/3998/3998 3999/3999/3999
f 4002/4002/4002 4001/4001/4001 4000/4000/4000
f 4001/4001/4001 4002/4002/4002 4003/4003/4003
o mesh_78
usemtl mat11
v 0 38.4 -38.40000000000001
v 0 12.799999999999995 -38.400000000000006
v 0 36.800000000000004 -25.600000000000005
v 0 12.799999999999997 -25.6
v 0 38.39999999999999 -102.4
v 0 25.599999999999987 -115.2
v 0 12.799999999999988 -102.4
v 0 12.799999999999986 -115.2
v 0 38.4 -76.80000000000001
v 0 12.799999999999992 -76.80000000000001
v 0 38.4 -64
v 0 12.799999999999994 -64
v 0 63.999999999999986 -102.40000000000002
v 0 63.999999999999986 -115.20000000000002
v 0 38.39999999999999 -102.4
v 0 38.39999999999999 -115.2
v 0 63.99999999999999 -64.00000000000001
v 0 63.99999999999999 -76.80000000000003
v 0 38.4 -64
v 0 38.4 -76.80000000000001
v 0 51.2 -25.60000000000001
v 0 64 -25.60000000000001
v 0 38.4 -38.40000000000001
v 0 63.99999999999999 -38.40000000000001
vt 0.6171875 0.625
vt 0.6171875 0.875
vt 0.5 0.625
vt 0.5 0.875
vt 0.5 0.625
vt 0.6171875 0.75
vt 0.5 0.8671875
vt 0.6171875 0.8671875
vt 0.6171875 0.625
vt 0.6171875 0.875
vt 0.5 0.625
vt 0.5 0.875
vt 0.5 0.8671875
vt 0.6171875 0.8671875
vt 0.5 0.625
vt 0.6171875 0.625
vt 0.5 0.75
vt 0.6171875 0.75
vt 0.5 0.625
vt 0.6171875 0.625
vt 0.5 0.75
vt 0.5 0.625
vt 0.6171875 0.8671875
vt 0.6171875 0.625
vn 1 0 0
vn 1 0 0
vn 1 0 0
vn 1 0 0
vn 1 0 0
vn 1 0 0
vn 1 0 0
vn 1 0 0
vn 1 0 0
vn 1 0 0
vn 1 0 0
vn 1 0 0
vn 1 0 0
vn 1 0 0
vn 1 0 0
vn 1 0 0
vn 1 0 0
vn 1 0 0
vn 1 0 0
vn 1 0 0
vn 1 0 0
vn 1 0 0
vn 1 0 0
vn 1 0 0
f 4006/4006/4006 4005/4005/4005 4004/4004/4004
f 4005/4005/4005 4006/4006/4006 4007/4007/4007
f 4010/4010/4010 4009/4009/4009 4008/4008/4008
f 4009/4009/4009 4010/4010/4010 4011/4011/4011
f 4014/4014/4014 4013/4013/4013 4012/4012/4012
f 4013/4013/4013 4014/4014/4014 4015/4015/4015
f 4018/4018/4018 4017/4017/4017 4016/4016/4016
f 4017/4017/4017 4018/4018/4018 4019/4019/4019
f 4022/4022/4022 4021/4021/4021 4020/4020/4020
f 4021/4021/4021 4022/4022/4022 4023/4023/4023
f 4026/4026/4026 4025/4025/4025 4024/4024/4024
f 4025/4025/4025 4026/4026/4026 4027/4027/4027
o mesh_79
usemtl mat12
v 0 38.4 -64
v 0 12.799999999999994 -64
v 0 38.4 -51.20000000000001
v 0 12.799999999999994 -51.2
v 0 12.799999999999995 -38.400000000000006
v 0 38.4 -38.40000000000001
v 0 12.799999999999994 -51.2
v 0 38.4 -51.20000000000001
v 0 63.999999999999986 -128
v 0 63.999999999999986 -140.8
v 0 38.39999999999999 -128
v 0 38.39999999999999 -140.8
v 0 38.39999999999999 -128
v 0 38.39999999999999 -115.2
v 0 63.999999999999986 -128
v 0 63.999999999999986 -115.20000000000002
v 0 63.99999999999998 -153.60000000000002
v 0 63.99999999999998 -166.4
v 0 38.399999999999984 -153.60000000000002
v 0 38.399999999999984 -166.4
v 0 63.999999999999986 -140.8
v 0 63.99999999999998 -153.60000000000002
v 0 38.39999999999999 -140.8
v 0 38.399999999999984 -153.60000000000002
v 0 63.99999999999999 -38.40000000000001
v 0 63.99999999999999 -51.20000000000001
v 0 38.4 -38.40000000000001
v 0 38.4 -51.20000000000001
v 0 63.99999999999999 -51.20000000000001
v 0 63.99999999999999 -64.00000000000001
v 0 38.4 -51.20000000000001
v 0 38.4 -64
vt 0.2421875 0.25
vt 0.2421875 0.4921875
vt 0.125 0.25
vt 0.125 0.4921875
vt 0 0.4921875
vt 0 0.25
vt 0.125 0.4921875
vt 0.125 0.25
vt 0.125 0
vt 0.25 0
vt 0.125 0.25
vt 0.25 0.25
vt 0.125 0.1875
vt 0 0.1875
vt 0.125 0
vt 0 0
vt 0.375 0
vt 0.4921875 0
vt 0.375 0.25
vt 0.4921875 0.25
vt 0.25 0
vt 0.375 0
vt 0.25 0.25
vt 0.375 0.25
vt 0 0
vt 0.125 0
vt 0 0.25
vt 0.125 0.25
vt 0.125 0
vt 0.2421875 0
vt 0.125 0.25
vt 0.2421875 0.25
vn 1 0 0
vn 1 0 0
vn 1 0 0
vn 1 0 0
vn 1 0 0
vn 1 0 0
vn 1 0 0
vn 1 0 0
vn 1 0 0
vn 1 0 0
vn 1 0 0
vn 1 0 0
vn 1 0 0
vn 1 0 0
vn 1 0 0
vn 1 0 0
vn 1 0 0
vn 1 0 0
vn 1 0 0
vn 1 0 0
vn 1 0 0
vn 1 0 0
vn 1 0 0
vn 1 0 0
vn 1 0 0
vn 1 0 0
vn 1 0 0
vn 1 0 0
vn 1 0 0
vn 1 0 0
vn 1 0 0
vn 1 0 0
f 4030/4030/4030 4029/4029/4029 4028/4028/4028
f 4029/4029/4029 4030/4030/4030 4031/4031/4031
f 4034/4034/4034 4033/4033/4033 4032/4032/4032
f 4033/4033/4033 4034/4034/4034 4035/4035/4035
f 4038/4038/4038 4037/4037/4037 4036/4036/4036
f 4037/4037/4037 4038/4038/4038 4039/4039/4039
f 4042/4042/4042 4041/4041/4041 4040/4040/4040
f 4041/4041/4041 4042/4042/4042 4043/4043/4043
f 4046/4046/4046 4045/4045/4045 4044/4044/4044
f 4045/4045/4045 4046/4046/4046 4047/4047/4047
f 4050/4050/4050 4049/4049/4049 4048/4048/4048
f 4049/4049/4049 4050/4050/4050 4051/4051/4051
f 4054/4054/4054 4053/4053/4053 4052/4052/4052
f 4053/4053/4053 4054/4054/4054 4055/4055/4055
f 4058/4058/4058 4057/4057/4057 4056/4056/4056
f 4057/4057/4057 4058/4058/4058 4059/4059/4059
o mesh_80
usemtl mat11
v 89.60000000000001 38.400000000000006 -25.600000000000005
v 89.60000000000001 12.799999999999997 -25.6
v 89.60000000000001 36.8 -38.40000000000001
v 89.60000000000001 12.799999999999995 -38.400000000000006
v 89.60000000000001 89.6 -115.20000000000002
v 89.60000000000001 89.6 -102.40000000000002
v 89.60000000000001 63.999999999999986 -115.20000000000002
v 89.60000000000001 63.999999999999986 -102.40000000000002
vt 0.6171875 0.625
vt 0.6171875 0.875
vt 0.5 0.640625
vt 0.5 0.875
vt 0.5 0.5
vt 0.6171875 0.5
vt 0.5 0.7421875
vt 0.6171875 0.7421875
vn -1 0 0
vn -1 0 0
vn -1 0 0
vn -1 0 0
vn -1 0 0
vn -1 0 0
vn -1 0 0
vn -1 0 0
f 4062/4062/4062 4061/4061/4061 4060/4060/4060
f 4061/4061/4061 4062/4062/4062 4063/4063/4063
f 4066/4066/4066 4065/4065/4065 4064/4064/4064
f 4065/4065/4065 4066/4066/4066 4067/4067/4067
o mesh_81
usemtl mat12
v 89.60000000000001 36.8 -51.20000000000001
v 89.60000000000001 12.799999999999994 -51.2
v 89.60000000000001 25.599999999999994 -64
v 89.60000000000001 12.799999999999994 -64
v 89.60000000000001 36.8 -51.20000000000001
v 89.60000000000001 36.8 -38.40000000000001
v 89.60000000000001 12.799999999999994 -51.2
v 89.60000000000001 12.799999999999995 -38.400000000000006
vt 0.375 0.265625
vt 0.375 0.4921875
vt 0.25 0.375
vt 0.25 0.4921875
vt 0.375 0.265625
vt 0.4921875 0.265625
vt 0.375 0.4921875
vt 0.4921875 0.4921875
vn -1 0 0
vn -1 0 0
vn -1 0 0
vn -1 0 0
vn -1 0 0
vn -1 0 0
vn -1 0 0
vn -1 0 0
f 4070/4070/4070 4069/4069/4069 4068/4068/4068
f 4069/4069/4069 4070/4070/4070 4071/4071/4071
f 4074/4074/4074 4073/4073/4073 4072/4072/4072
f 4073/4073/4073 4074/4074/4074 4075/4075/4075
o mesh_82
usemtl mat10
v 89.60000000000001 89.6 -153.60000000000002
v 89.60000000000001 63.99999999999998 -153.60000000000002
v 89.60000000000001 83.19999999999999 -166.4
v 89.60000000000001 63.99999999999998 -166.4
v 89.60000000000001 89.6 -140.8
v 89.60000000000001 63.999999999999986 -140.8
v 89.60000000000001 89.6 -153.60000000000002
v 89.60000000000001 63.99999999999998 -153.60000000000002
v 89.60000000000001 63.999999999999986 -140.8
v 89.60000000000001 89.6 -140.8
v 89.60000000000001 63.999999999999986 -128
v 89.60000000000001 89.6 -128
v 89.60000000000001 63.999999999999986 -115.20000000000002
v 89.60000000000001 63.999999999999986 -128
v 89.60000000000001 89.6 -115.20000000000002
v 89.60000000000001 89.6 -128
vt 0.6171875 0.25
vt 0.6171875 0.4921875
vt 0.5 0.25
vt 0.5 0.4921875
vt 0.7421875 0.3203125
vt 0.7421875 0.4921875
vt 0.6171875 0.25
vt 0.6171875 0.4921875
vt 0.7421875 0.4921875
vt 0.7421875 0.3203125
vt 0.8671875 0.4921875
vt 0.8671875 0.3203125
vt 0.9921875 0.4921875
vt 0.8671875 0.4921875
vt 0.9921875 0.3203125
vt 0.8671875 0.3203125
vn -1 0 0
vn -1 0 0
vn -1 0 0
vn -1 0 0
vn -1 0 0
vn -1 0 0
vn -1 0 0
vn -1 0 0
vn -1 0 0
vn -1 0 0
vn -1 0 0
vn -1 0 0
vn -1 0 0
vn -1 0 0
vn -1 0 0
vn -1 0 0
f 4078/4078/4078 4077/4077/4077 4076/4076/4076
f 4077/4077/4077 4078/4078/4078 4079/4079/4079
f 4082/4082/4082 4081/4081/4081 4080/4080/4080
f 4081/4081/4081 4082/4082/4082 4083/4083/4083
f 4086/4086/4086 4085/4085/4085 4084/4084/4084
f 4085/4085/4085 4086/4086/4086 4087/4087/4087
f 4090/4090/4090 4089/4089/4089 4088/4088/4088
f 4089/4089/4089 4090/4090/4090 4091/4091/4091
o mesh_83
usemtl mat17
v 38.400000000000006 38.400000000000006 -23.200000000000006
v 38.400000000000006 48.800000000000004 -23.20000000000001
v 38.400000000000006 51.2 -6.270191611634449e-15
v 38.400000000000006 0 0
v 38.400000000000006 -3.1350958058172244e-15 -25.6
v 38.400000000000006 12.799999999999997 -25.6
v 51.2 51.2 -6.270191611634449e-15
v 51.2 48.800000000000004 -23.20000000000001
v 51.2 38.400000000000006 -23.200000000000006
v 51.2 12.799999999999997 -25.6
v 51.2 -3.1350958058172244e-15 -25.6
v 51.2 0 0
v 51.2 0 0
v 38.400000000000006 0 0
v 51.2 51.2 -6.270191611634449e-15
v 38.400000000000006 51.2 -6.270191611634449e-15
v 38.400000000000006 38.400000000000006 -23.200000000000006
v 38.400000000000006 51.2 -6.270191611634449e-15
v 38.400000000000006 12.799999999999997 -25.6
v 38.400000000000006 0 0
v 51.2 51.2 -6.270191611634449e-15
v 51.2 38.400000000000006 -23.200000000000006
v 51.2 0 0
v 51.2 12.799999999999997 -25.6
vt 0.96875 0.96875
vt 0.96875 0.96875
vt 0.96875 0.96875
vt 0.96875 0.96875
vt 0.96875 0.96875
vt 0.96875 0.96875
vt 0.96875 0.96875
vt 0.96875 0.96875
vt 0.96875 0.96875
vt 0.96875 0.96875
vt 0.96875 0.96875
vt 0.96875 0.96875
vt 0.96875 0.96875
vt 0.96875 0.96875
vt 0.96875 0.96875
vt 0.96875 0.96875
vt 0.96875 0.96875
vt 0.96875 0.96875
vt 0.96875 0.96875
vt 0.96875 0.96875
vt 0.96875 0.96875
vt 0.96875 0.96875
vt 0.96875 0.96875
vt 0.96875 0.96875
vn -1 0 0
vn -1 0 0
vn -1 0 0
vn -1 0 0
vn -1 0 0
vn -1 0 0
vn 1 0 0
vn 1 0 0
vn 1 0 0
vn 1 0 0
vn 1 0 0
vn 1 0 0
vn 0 1.2246467991473532e-16 1
vn 0 1.2246467991473532e-16 1
vn 0 1.2246467991473532e-16 1
vn 0 1.2246467991473532e-16 1
vn -1 0 0
vn -1 0 0
vn -1 0 0
vn -1 0 0
vn 1 0 0
vn 1 0 0
vn 1 0 0
vn 1 0 0
f 4094/4094/4094 4093/4093/4093 4092/4092/4092
f 4097/4097/4097 4096/4096/4096 4095/4095/4095
f 4100/4100/4100 4099/4099/4099 4098/4098/4098
f 4103/4103/4103 4102/4102/4102 4101/4101/4101
f 4106/4106/4106 4105/4105/4105 4104/4104/4104
f 4105/4105/4105 4106/4106/4106 4107/4107/4107
f 4110/4110/4110 4109/4109/4109 4108/4108/4108
f 4109/4109/4109 4110/4110/4110 4111/4111/4111
f 4114/4114/4114 4113/4113/4113 4112/4112/4112
f 4113/4113/4113 4114/4114/4114 4115/4115/4115
o mesh_84
usemtl mat17
v 12.8 -2.037812273781196e-14 -166.4
v 12.8 -2.5080766446537795e-14 -204.8
v 12.8 38.399999999999984 -166.4
v 12.8 38.39999999999998 -204.8
v 12.8 63.99999999999997 -204.8
v 12.8 81.59999999999998 -204.8
v 12.8 63.99999999999998 -166.4
v 12.8 81.6 -166.4
v 12.8 63.99999999999998 -166.4
v 12.8 38.399999999999984 -166.4
v 12.8 63.99999999999997 -204.8
v 12.8 38.39999999999998 -204.8
vt 0.96875 0.96875
vt 0.96875 0.96875
vt 0.96875 0.96875
vt 0.96875 0.96875
vt 0.96875 0.96875
vt 0.96875 0.96875
vt 0.96875 0.96875
vt 0.96875 0.96875
vt 0.96875 0.96875
vt 0.96875 0.96875
vt 0.96875 0.96875
vt 0.96875 0.96875
vn -1 0 0
vn -1 0 0
vn -1 0 0
vn -1 0 0
vn -1 0 0
vn -1 0 0
vn -1 0 0
vn -1 0 0
vn -1 0 0
vn -1 0 0
vn -1 0 0
vn -1 0 0
f 4118/4118/4118 4117/4117/4117 4116/4116/4116
f 4117/4117/4117 4118/4118/4118 4119/4119/4119
f 4122/4122/4122 4121/4121/4121 4120/4120/4120
f 4121/4121/4121 4122/4122/4122 4123/4123/4123
f 4126/4126/4126 4125/4125/4125 4124/4124/4124
f 4125/4125/4125 4126/4126/4126 4127/4127/4127
o mesh_85
usemtl mat17
v 89.60000000000001 89.60000000000001 -25.600000000000012
v 81.60000000000001 107.2 -25.600000000000016
v 89.60000000000001 115.2 -25.600000000000016
v 89.60000000000001 115.19999999999999 -64.00000000000001
v 81.60000000000001 107.19999999999999 -64.00000000000001
v 89.60000000000001 115.19999999999999 -76.80000000000003
v 81.60000000000001 107.19999999999999 -76.80000000000003
v 89.60000000000001 89.60000000000001 -25.600000000000012
v 102.4 89.60000000000001 -25.600000000000012
v 89.60000000000001 64 -25.60000000000001
v 102.4 64 -25.60000000000001
v 89.60000000000001 12.799999999999997 -25.6
v 102.4 12.799999999999997 -25.6
v 89.60000000000001 -3.1350958058172244e-15 -25.6
v 102.4 -3.1350958058172244e-15 -25.6
v 89.60000000000001 64 -25.60000000000001
v 102.4 64 -25.60000000000001
v 89.60000000000001 51.2 -25.60000000000001
v 102.4 51.2 -25.60000000000001
v 89.60000000000001 51.2 -25.60000000000001
v 102.4 51.2 -25.60000000000001
v 89.60000000000001 38.400000000000006 -25.600000000000005
v 102.4 38.400000000000006 -25.600000000000005
v 89.60000000000001 38.400000000000006 -25.600000000000005
v 102.4 38.400000000000006 -25.600000000000005
v 89.60000000000001 12.799999999999997 -25.6
v 102.4 12.799999999999997 -25.6
v 89.60000000000001 115.2 -38.40000000000002
v 89.60000000000001 115.2 -25.600000000000016
v 81.60000000000001 107.2 -38.40000000000002
v 81.60000000000001 107.2 -25.600000000000016
v 102.4 57.59999999999998 -166.4
v 102.4 83.19999999999999 -166.4
v 89.60000000000001 63.99999999999998 -166.4
v 89.60000000000001 83.19999999999999 -166.4
v 89.60000000000001 63.99999999999998 -166.4
v 89.60000000000001 51.19999999999998 -166.4
v 102.4 57.59999999999998 -166.4
v 91.2 51.19999999999998 -166.4
vt 0.96875 0.96875
vt 0.96875 0.96875
vt 0.96875 0.96875
vt 0.9921875 0.9921875
vt 0.9921875 0.9921875
vt 0.9921875 0.9921875
vt 0.9921875 0.9921875
vt 0.96875 0.96875
vt 0.96875 0.96875
vt 0.96875 0.96875
vt 0.96875 0.96875
vt 0.96875 0.96875
vt 0.96875 0.96875
vt 0.96875 0.96875
vt 0.96875 0.96875
vt 0.96875 0.96875
vt 0.96875 0.96875
vt 0.96875 0.96875
vt 0.96875 0.96875
vt 0.96875 0.96875
vt 0.96875 0.96875
vt 0.96875 0.96875
vt 0.96875 0.96875
vt 0.96875 0.96875
vt 0.96875 0.96875
vt 0.96875 0.96875
vt 0.96875 0.96875
vt 0.96875 0.96875
vt 0.96875 0.96875
vt 0.96875 0.96875
vt 0.96875 0.96875
vt 0.9921875 0.9921875
vt 0.9921875 0.9921875
vt 0.9921875 0.9921875
vt 0.9921875 0.9921875
vt 0.9921875 0.9921875
vt 0.9921875 0.9921875
vt 0.9921875 0.9921875
vt 0.9921875 0.9921875
vn 0 1.2246467991473532e-16 1
vn 0 1.2246467991473532e-16 1
vn 0 1.2246467991473532e-16 1
vn -0.7071067811865475 0.7071067811865475 -8.659560562354932e-17
vn -0.7071067811865475 0.7071067811865475 -8.659560562354932e-17
vn -0.7071067811865475 0.7071067811865475 -8.659560562354932e-17
vn -0.7071067811865475 0.7071067811865475 -8.659560562354932e-17
vn 0 1.2246467991473532e-16 1
vn 0 1.2246467991473532e-16 1
vn 0 1.2246467991473532e-16 1
vn 0 1.2246467991473532e-16 1
vn 0 1.2246467991473532e-16 1
vn 0 1.2246467991473532e-16 1
vn 0 1.2246467991473532e-16 1
vn 0 1.2246467991473532e-16 1
vn 0 1.2246467991473532e-16 1
vn 0 1.2246467991473532e-16 1
vn 0 1.2246467991473532e-16 1
vn 0 1.2246467991473532e-16 1
vn 0 1.2246467991473532e-16 1
vn 0 1.2246467991473532e-16 1
vn 0 1.2246467991473532e-16 1
vn 0 1.2246467991473532e-16 1
vn 0 1.2246467991473532e-16 1
vn 0 1.2246467991473532e-16 1
vn 0 1.2246467991473532e-16 1
vn 0 1.2246467991473532e-16 1
vn -0.7071067811865475 0.7071067811865475 -8.659560562354932e-17
vn -0.7071067811865475 0.7071067811865475 -8.659560562354932e-17
vn -0.7071067811865475 0.7071067811865475 -8.659560562354932e-17
vn -0.7071067811865475 0.7071067811865475 -8.659560562354932e-17
vn 0 -1.2246467991473532e-16 -1
vn 0 -1.2246467991473532e-16 -1
vn 0 -1.2246467991473532e-16 -1
vn 0 -1.2246467991473532e-16 -1
vn 0 -1.2246467991473532e-16 -1
vn 0 -1.2246467991473532e-16 -1
vn 0 -1.2246467991473532e-16 -1
vn 0 -1.2246467991473532e-16 -1
f 4130/4130/4130 4129/4129/4129 4128/4128/4128
f 4133/4133/4133 4132/4132/4132 4131/4131/4131
f 4132/4132/4132 4133/4133/4133 4134/4134/4134
f 4137/4137/4137 4136/4136/4136 4135/4135/4135
f 4136/4136/4136 4137/4137/4137 4138/4138/4138
f 4141/4141/4141 4140/4140/4140 4139/4139/4139
f 4140/4140/4140 4141/4141/4141 4142/4142/4142
f 4145/4145/4145 4144/4144/4144 4143/4143/4143
f 4144/4144/4144 4145/4145/4145 4146/4146/4146
f 4149/4149/4149 4148/4148/4148 4147/4147/4147
f 4148/4148/4148 4149/4149/4149 4150/4150/4150
f 4153/4153/4153 4152/4152/4152 4151/4151/4151
f 4152/4152/4152 4153/4153/4153 4154/4154/4154
f 4157/4157/4157 4156/4156/4156 4155/4155/4155
f 4156/4156/4156 4157/4157/4157 4158/4158/4158
f 4161/4161/4161 4160/4160/4160 4159/4159/4159
f 4160/4160/4160 4161/4161/4161 4162/4162/4162
f 4165/4165/4165 4164/4164/4164 4163/4163/4163
f 4164/4164/4164 4165/4165/4165 4166/4166/4166
o mesh_86
usemtl mat17
v 0 51.2 12.799999999999994
v 0 48.800000000000004 -23.20000000000001
v 0 64 -25.60000000000001
v 0 51.2 -25.60000000000001
v 89.60000000000001 51.2 12.799999999999994
v 89.60000000000001 89.60000000000001 12.79999999999999
v 89.60000000000001 64 -25.60000000000001
v 89.60000000000001 89.60000000000001 -25.600000000000012
v 64 115.2 -25.600000000000016
v 81.60000000000001 107.2 -25.600000000000016
v 64 115.2 12.799999999999986
v 81.60000000000001 107.2 12.799999999999988
v 0 64 -25.60000000000001
v 0 89.60000000000001 -25.600000000000012
v 0 51.2 12.799999999999994
v 0 89.60000000000001 12.79999999999999
v 89.60000000000001 64 -25.60000000000001
v 89.60000000000001 51.2 -25.60000000000001
v 89.60000000000001 51.2 12.799999999999994
v 89.60000000000001 48.800000000000004 -23.20000000000001
v 25.6 115.2 12.799999999999986
v 8 107.2 12.799999999999988
v 25.6 115.2 -25.600000000000016
v 8 107.2 -25.600000000000016
v 89.60000000000001 89.60000000000001 12.79999999999999
v 81.60000000000001 107.2 12.799999999999988
v 89.60000000000001 89.60000000000001 -25.600000000000012
v 81.60000000000001 107.2 -25.600000000000016
v 8 107.2 12.799999999999988
v 0 89.60000000000001 12.79999999999999
v 8 107.2 -25.600000000000016
v 0 89.60000000000001 -25.600000000000012
vt 0.96875 0.96875
vt 0.96875 0.96875
vt 0.96875 0.96875
vt 0.96875 0.96875
vt 0.96875 0.96875
vt 0.96875 0.96875
vt 0.96875 0.96875
vt 0.96875 0.96875
vt 0.96875 0.96875
vt 0.96875 0.96875
vt 0.96875 0.96875
vt 0.96875 0.96875
vt 0.96875 0.96875
vt 0.96875 0.96875
vt 0.96875 0.96875
vt 0.96875 0.96875
vt 0.96875 0.96875
vt 0.96875 0.96875
vt 0.96875 0.96875
vt 0.96875 0.96875
vt 0.96875 0.96875
vt 0.96875 0.96875
vt 0.96875 0.96875
vt 0.96875 0.96875
vt 0.9921875 0.9921875
vt 0.9921875 0.9921875
vt 0.9921875 0.9921875
vt 0.9921875 0.9921875
vt 0.9921875 0.9921875
vt 0.9921875 0.9921875
vt 0.9921875 0.9921875
vt 0.9921875 0.9921875
vn -1 0 0
vn -1 0 0
vn -1 0 0
vn -1 0 0
vn 1 0 0
vn 1 0 0
vn 1 0 0
vn 1 0 0
vn 0.41380295103732534 0.9103664744007224 -1.1148773889259053e-16
vn 0.41380295103732534 0.9103664744007224 -1.1148773889259053e-16
vn 0.41380295103732534 0.9103664744007224 -1.1148773889259053e-16
vn 0.41380295103732534 0.9103664744007224 -1.1148773889259053e-16
vn -1 0 0
vn -1 0 0
vn -1 0 0
vn -1 0 0
vn 1 0 0
vn 1 0 0
vn 1 0 0
vn 1 0 0
vn -0.41380295103732534 0.9103664744007224 -1.1148773889259053e-16
vn -0.41380295103732534 0.9103664744007224 -1.1148773889259053e-16
vn -0.41380295103732534 0.9103664744007224 -1.1148773889259053e-16
vn -0.41380295103732534 0.9103664744007224 -1.1148773889259053e-16
vn 0.9103664744007224 0.41380295103732534 -5.067624594655893e-17
vn 0.9103664744007224 0.41380295103732534 -5.067624594655893e-17
vn 0.9103664744007224 0.41380295103732534 -5.067624594655893e-17
vn 0.9103664744007224 0.41380295103732534 -5.067624594655893e-17
vn -0.9103664744007224 0.41380295103732534 -5.067624594655893e-17
vn -0.9103664744007224 0.41380295103732534 -5.067624594655893e-17
vn -0.9103664744007224 0.41380295103732534 -5.067624594655893e-17
vn -0.9103664744007224 0.41380295103732534 -5.067624594655893e-17
f 4169/4169/4169 4168/4168/4168 4167/4167/4167
f 4168/4168/4168 4169/4169/4169 4170/4170/4170
f 4173/4173/4173 4172/4172/4172 4171/4171/4171
f 4172/4172/4172 4173/4173/4173 4174/4174/4174
f 4177/4177/4177 4176/4176/4176 4175/4175/4175
f 4176/4176/4176 4177/4177/4177 4178/4178/4178
f 4181/4181/4181 4180/4180/4180 4179/4179/4179
f 4180/4180/4180 4181/4181/4181 4182/4182/4182
f 4185/4185/4185 4184/4184/4184 4183/4183/4183
f 4184/4184/4184 4185/4185/4185 4186/4186/4186
f 4189/4189/4189 4188/4188/4188 4187/4187/4187
f 4188/4188/4188 4189/4189/4189 4190/4190/4190
f 4193/4193/4193 4192/4192/4192 4191/4191/4191
f 4192/4192/4192 4193/4193/4193 4194/4194/4194
f 4197/4197/4197 4196/4196/4196 4195/4195/4195
f 4196/4196/4196 4197/4197/4197 4198/4198/4198
o mesh_87
usemtl mat17
v 0 115.2 -25.600000000000016
v 8 107.2 -25.600000000000016
v 0 89.60000000000001 -25.600000000000012
v 0 115.19999999999999 -76.80000000000003
v 8 107.19999999999999 -76.80000000000003
v 0 115.19999999999999 -64.00000000000001
v 8 107.19999999999999 -64.00000000000001
v 8 107.2 -38.40000000000002
v 8 107.2 -25.600000000000016
v 0 115.2 -38.40000000000002
v 0 115.2 -25.600000000000016
vt 0.96875 0.96875
vt 0.96875 0.96875
vt 0.96875 0.96875
vt 0.9921875 0.9921875
vt 0.9921875 0.9921875
vt 0.9921875 0.9921875
vt 0.9921875 0.9921875
vt 0.96875 0.96875
vt 0.96875 0.96875
vt 0.96875 0.96875
vt 0.96875 0.96875
vn 0 1.2246467991473532e-16 1
vn 0 1.2246467991473532e-16 1
vn 0 1.2246467991473532e-16 1
vn 0.7071067811865475 0.7071067811865475 -8.659560562354932e-17
vn 0.7071067811865475 0.7071067811865475 -8.659560562354932e-17
vn 0.7071067811865475 0.7071067811865475 -8.659560562354932e-17
vn 0.7071067811865475 0.7071067811865475 -8.659560562354932e-17
vn 0.7071067811865475 0.7071067811865475 -8.659560562354932e-17
vn 0.7071067811865475 0.7071067811865475 -8.659560562354932e-17
vn 0.7071067811865475 0.7071067811865475 -8.659560562354932e-17
vn 0.7071067811865475 0.7071067811865475 -8.659560562354932e-17
f 4201/4201/4201 4200/4200/4200 4199/4199/4199
f 4204/4204/4204 4203/4203/4203 4202/4202/4202
f 4203/4203/4203 4204/4204/4204 4205/4205/4205
f 4208/4208/4208 4207/4207/4207 4206/4206/4206
f 4207/4207/4207 4208/4208/4208 4209/4209/4209
o mesh_88
usemtl mat12
v 0 38.399999999999984 -166.4
v 0 63.99999999999998 -166.4
v 12.8 51.19999999999998 -166.4
v 12.8 63.99999999999998 -166.4
v 25.6 25.59999999999998 -166.4
v 25.6 12.799999999999981 -166.4
v 12.8 30.39999999999998 -166.4
v 12.8 12.799999999999981 -166.4
v 12.8 30.39999999999998 -166.4
v 12.8 31.99999999999998 -166.4
v 25.6 25.59999999999998 -166.4
v 25.6 38.399999999999984 -166.4
vt 0 0.25
vt 0 0
vt 0.125 0.125
vt 0.125 0
vt 0.2421875 0.375
vt 0.2421875 0.4921875
vt 0.125 0.328125
vt 0.125 0.4921875
vt 0.125 0.328125
vt 0.125 0.3125
vt 0.2421875 0.375
vt 0.2421875 0.25
vn 0 1.2246467991473532e-16 1
vn 0 1.2246467991473532e-16 1
vn 0 1.2246467991473532e-16 1
vn 0 1.2246467991473532e-16 1
vn 0 1.2246467991473532e-16 1
vn 0 1.2246467991473532e-16 1
vn 0 1.2246467991473532e-16 1
vn 0 1.2246467991473532e-16 1
vn 0 1.2246467991473532e-16 1
vn 0 1.2246467991473532e-16 1
vn 0 1.2246467991473532e-16 1
vn 0 1.2246467991473532e-16 1
f 4212/4212/4212 4211/4211/4211 4210/4210/4210
f 4211/4211/4211 4212/4212/4212 4213/4213/4213
f 4216/4216/4216 4215/4215/4215 4214/4214/4214
f 4215/4215/4215 4216/4216/4216 4217/4217/4217
f 4220/4220/4220 4219/4219/4219 4218/4218/4218
f 4219/4219/4219 4220/4220/4220 4221/4221/4221
o mesh_89
usemtl mat10
v 76.80000000000001 63.99999999999998 -168
v 64 63.99999999999998 -168
v 76.80000000000001 89.6 -166.4
v 64 89.6 -166.4
v 89.60000000000001 63.99999999999998 -166.4
v 76.80000000000001 63.99999999999998 -166.4
v 89.60000000000001 83.19999999999999 -166.4
v 76.80000000000001 89.6 -166.4
vt 0.625 0.4921875
vt 0.5 0.4921875
vt 0.625 0.25
vt 0.5 0.25
vt 0.7421875 0.4921875
vt 0.625 0.4921875
vt 0.7421875 0.25
vt 0.625 0.25
vn 0 -0.062378286155180415 0.9980525784828886
vn 0 -0.062378286155180415 0.9980525784828886
vn 0 -0.062378286155180415 0.9980525784828886
vn 0 -0.062378286155180415 0.9980525784828886
vn 0 1.2246467991473532e-16 1
vn 0 1.2246467991473532e-16 1
vn 0 1.2246467991473532e-16 1
vn 0 1.2246467991473532e-16 1
f 4224/4224/4224 4223/4223/4223 4222/4222/4222
f 4223/4223/4223 4224/4224/4224 4225/4225/4225
f 4228/4228/4228 4227/4227/4227 4226/4226/4226
f 4227/4227/4227 4228/4228/4228 4229/4229/4229
o mesh_90
usemtl mat14
v 38.400000000000006 89.60000000000001 -25.600000000000012
v 38.400000000000006 89.60000000000001 -1.0972835320360286e-14
v 51.2 89.60000000000001 -25.600000000000012
v 51.2 89.60000000000001 -1.0972835320360286e-14
vt 0.8671875 0.6875
vt 0.8671875 0.9296875
vt 0.75 0.6875
vt 0.75 0.9296875
vn 0 -1 1.2246467991473532e-16
vn 0 -1 1.2246467991473532e-16
vn 0 -1 1.2246467991473532e-16
vn 0 -1 1.2246467991473532e-16
f 4232/4232/4232 4231/4231/4231 4230/4230/4230
f 4231/4231/4231 4232/4232/4232 4233/4233/4233
o mesh_91
usemtl mat12
v 51.2 25.599999999999998 -25.600000000000005
v 51.2 38.400000000000006 -25.600000000000005
v 38.400000000000006 25.599999999999998 -25.600000000000005
v 38.400000000000006 38.400000000000006 -25.600000000000005
v 38.400000000000006 25.599999999999998 -25.600000000000005
v 38.400000000000006 12.799999999999997 -25.6
v 51.2 25.599999999999998 -25.600000000000005
v 51.2 12.799999999999997 -25.6
v 51.2 38.400000000000006 -25.600000000000005
v 51.2 49.6 -25.60000000000001
v 38.400000000000006 38.400000000000006 -25.600000000000005
v 38.400000000000006 49.6 -25.60000000000001
vt 0.125 0.25
vt 0.125 0.125
vt 0 0.25
vt 0 0.125
vt 0 0.25
vt 0 0.375
vt 0.125 0.25
vt 0.125 0.375
vt 0.125 0.125
vt 0.125 0
vt 0 0.125
vt 0 0
vn 0 -1.2246467991473532e-16 -1
vn 0 -1.2246467991473532e-16 -1
vn 0 -1.2246467991473532e-16 -1
vn 0 -1.2246467991473532e-16 -1
vn 0 -1.2246467991473532e-16 -1
vn 0 -1.2246467991473532e-16 -1
vn 0 -1.2246467991473532e-16 -1
vn 0 -1.2246467991473532e-16 -1
vn 0 -1.2246467991473532e-16 -1
vn 0 -1.2246467991473532e-16 -1
vn 0 -1.2246467991473532e-16 -1
vn 0 -1.2246467991473532e-16 -1
f 4236/4236/4236 4235/4235/4235 4234/4234/4234
f 4235/4235/4235 4236/4236/4236 4237/4237/4237
f 4240/4240/4240 4239/4239/4239 4238/4238/4238
f 4239/4239/4239 4240/4240/4240 4241/4241/4241
f 4244/4244/4244 4243/4243/4243 4242/4242/4242
f 4243/4243/4243 4244/4244/4244 4245/4245/4245
o mesh_92
usemtl mat11
v 38.400000000000006 12.799999999999997 -25.6
v 38.400000000000006 -3.1350958058172244e-15 -25.6
v 51.2 12.799999999999997 -25.6
v 51.2 -3.1350958058172244e-15 -25.6
vt 0.875 0.75
vt 0.875 0.8671875
vt 0.9921875 0.75
vt 0.9921875 0.8671875
vn 0 -1.2246467991473532e-16 -1
vn 0 -1.2246467991473532e-16 -1
vn 0 -1.2246467991473532e-16 -1
vn 0 -1.2246467991473532e-16 -1
f 4248/4248/4248 4247/4247/4247 4246/4246/4246
f 4247/4247/4247 4248/4248/4248 4249/4249/4249
o mesh_93
usemtl mat9
v 49.6 51.2 -25.60000000000001
v 40 51.2 -25.60000000000001
v 51.2 49.6 -25.60000000000001
v 38.400000000000006 49.6 -25.60000000000001
vt 0.71875 0.25
vt 0.6484375 0.25
vt 0.7421875 0.25
vt 0.625 0.25
vn 0 -1.2246467991473532e-16 -1
vn 0 -1.2246467991473532e-16 -1
vn 0 -1.2246467991473532e-16 -1
vn 0 -1.2246467991473532e-16 -1
f 4252/4252/4252 4251/4251/4251 4250/4250/4250
f 4251/4251/4251 4252/4252/4252 4253/4253/4253
o mesh_94
usemtl mat14
v 40 48.79999999999998 -175.20000000000002
v 44.800000000000004 51.19999999999998 -175.20000000000002
v 40 48.79999999999998 -179.20000000000002
v 44.800000000000004 51.19999999999998 -179.20000000000002
v 49.6 48.79999999999998 -179.20000000000002
v 44.800000000000004 51.19999999999998 -179.20000000000002
v 49.6 48.79999999999998 -175.20000000000002
v 44.800000000000004 51.19999999999998 -175.20000000000002
v 40 48.79999999999998 -175.20000000000002
v 40 48.79999999999998 -179.20000000000002
v 38.400000000000006 44.79999999999998 -175.20000000000002
v 38.400000000000006 44.79999999999998 -179.20000000000002
v 51.2 44.79999999999998 -179.20000000000002
v 49.6 48.79999999999998 -179.20000000000002
v 51.2 44.79999999999998 -175.20000000000002
v 49.6 48.79999999999998 -175.20000000000002
v 51.2 38.399999999999984 -179.20000000000002
v 51.2 38.399999999999984 -192
v 38.400000000000006 38.399999999999984 -179.20000000000002
v 38.400000000000006 38.399999999999984 -192
vt 0.8203125 0.625
vt 0.8203125 0.5625
vt 0.859375 0.625
vt 0.859375 0.5625
vt 0.75 0.625
vt 0.75 0.5625
vt 0.796875 0.625
vt 0.796875 0.5625
vt 0.8203125 0.625
vt 0.859375 0.625
vt 0.8203125 0.6875
vt 0.859375 0.6875
vt 0.75 0.6875
vt 0.75 0.625
vt 0.796875 0.6875
vt 0.796875 0.625
vt 0.8671875 0.875
vt 0.8671875 0.9921875
vt 0.75 0.875
vt 0.75 0.9921875
vn 0.44721359549995787 -0.8944271909999157 1.095357396528405e-16
vn 0.44721359549995787 -0.8944271909999157 1.095357396528405e-16
vn 0.44721359549995787 -0.8944271909999157 1.095357396528405e-16
vn 0.44721359549995787 -0.8944271909999157 1.095357396528405e-16
vn -0.44721359549995787 -0.8944271909999157 1.095357396528405e-16
vn -0.44721359549995787 -0.8944271909999157 1.095357396528405e-16
vn -0.44721359549995787 -0.8944271909999157 1.095357396528405e-16
vn -0.44721359549995787 -0.8944271909999157 1.095357396528405e-16
vn 0.9284766929405919 -0.3713906712157723 4.548223967375825e-17
vn 0.9284766929405919 -0.3713906712157723 4.548223967375825e-17
vn 0.9284766929405919 -0.3713906712157723 4.548223967375825e-17
vn 0.9284766929405919 -0.3713906712157723 4.548223967375825e-17
vn -0.9284766929405919 -0.3713906712157723 4.548223967375825e-17
vn -0.9284766929405919 -0.3713906712157723 4.548223967375825e-17
vn -0.9284766929405919 -0.3713906712157723 4.548223967375825e-17
vn -0.9284766929405919 -0.3713906712157723 4.548223967375825e-17
vn 0 -1 1.2246467991473532e-16
vn 0 -1 1.2246467991473532e-16
vn 0 -1 1.2246467991473532e-16
vn 0 -1 1.2246467991473532e-16
f 4256/4256/4256 4255/4255/4255 4254/4254/4254
f 4255/4255/4255 4256/4256/4256 4257/4257/4257
f 4260/4260/4260 4259/4259/4259 4258/4258/4258
f 4259/4259/4259 4260/4260/4260 4261/4261/4261
f 4264/4264/4264 4263/4263/4263 4262/4262/4262
f 4263/4263/4263 4264/4264/4264 4265/4265/4265
f 4268/4268/4268 4267/4267/4267 4266/4266/4266
f 4267/4267/4267 4268/4268/4268 4269/4269/4269
f 4272/4272/4272 4271/4271/4271 4270/4270/4270
f 4271/4271/4271 4272/4272/4272 4273/4273/4273
o mesh_95
usemtl mat9
v 89.60000000000001 51.19999999999998 -153.60000000000002
v 89.60000000000001 38.399999999999984 -153.60000000000002
v 89.60000000000001 49.59999999999998 -154.4
v 91.2 25.599999999999984 -155.20000000000002
v 89.60000000000001 25.599999999999984 -155.20000000000002
v 89.60000000000001 12.799999999999981 -155.20000000000002
v 89.60000000000001 51.19999999999998 -155.20000000000002
v 89.60000000000001 49.59999999999998 -154.4
v 89.60000000000001 38.399999999999984 -155.20000000000002
v 89.60000000000001 38.399999999999984 -153.60000000000002
v 89.60000000000001 51.19999999999998 -155.20000000000002
v 89.60000000000001 38.399999999999984 -155.20000000000002
v 92 48.79999999999998 -155.20000000000002
v 92 38.399999999999984 -155.20000000000002
v 89.60000000000001 12.799999999999981 -155.20000000000002
v 89.60000000000001 25.599999999999984 -155.20000000000002
v 89.60000000000001 12.799999999999981 -153.60000000000002
v 89.60000000000001 25.599999999999984 -153.60000000000002
v 89.60000000000001 25.599999999999984 -153.60000000000002
v 89.60000000000001 25.599999999999984 -155.20000000000002
v 89.60000000000001 38.399999999999984 -153.60000000000002
v 89.60000000000001 38.399999999999984 -155.20000000000002
v 92 38.399999999999984 -155.20000000000002
v 89.60000000000001 38.399999999999984 -155.20000000000002
v 91.2 25.599999999999984 -155.20000000000002
v 89.60000000000001 25.599999999999984 -155.20000000000002
vt 0.6953125 0.3984375
vt 0.6953125 0.421875
vt 0.703125 0.40625
vt 0.703125 0.4375
vt 0.703125 0.4375
vt 0.703125 0.4609375
vt 0.703125 0.3984375
vt 0.703125 0.40625
vt 0.703125 0.421875
vt 0.6953125 0.421875
vt 0.703125 0.3984375
vt 0.703125 0.421875
vt 0.703125 0.40625
vt 0.703125 0.421875
vt 0.703125 0.4609375
vt 0.703125 0.4375
vt 0.6953125 0.4609375
vt 0.6953125 0.4375
vt 0.6953125 0.4375
vt 0.703125 0.4375
vt 0.6953125 0.421875
vt 0.703125 0.421875
vt 0.703125 0.421875
vt 0.703125 0.421875
vt 0.703125 0.4375
vt 0.703125 0.4375
vn -1 0 0
vn -1 0 0
vn -1 0 0
vn 0 -1.2246467991473532e-16 -1
vn 0 -1.2246467991473532e-16 -1
vn 0 -1.2246467991473532e-16 -1
vn -1 0 0
vn -1 0 0
vn -1 0 0
vn -1 0 0
vn 0 -1.2246467991473532e-16 -1
vn 0 -1.2246467991473532e-16 -1
vn 0 -1.2246467991473532e-16 -1
vn 0 -1.2246467991473532e-16 -1
vn -1 0 0
vn -1 0 0
vn -1 0 0
vn -1 0 0
vn -1 0 0
vn -1 0 0
vn -1 0 0
vn -1 0 0
vn 0 -1.2246467991473532e-16 -1
vn 0 -1.2246467991473532e-16 -1
vn 0 -1.2246467991473532e-16 -1
vn 0 -1.2246467991473532e-16 -1
f 4276/4276/4276 4275/4275/4275 4274/4274/4274
f 4279/4279/4279 4278/4278/4278 4277/4277/4277
f 4282/4282/4282 4281/4281/4281 4280/4280/4280
f 4281/4281/4281 4282/4282/4282 4283/4283/4283
f 4286/4286/4286 4285/4285/4285 4284/4284/4284
f 4285/4285/4285 4286/4286/4286 4287/4287/4287
f 4290/4290/4290 4289/4289/4289 4288/4288/4288
f 4289/4289/4289 4290/4290/4290 4291/4291/4291
f 4294/4294/4294 4293/4293/4293 4292/4292/4292
f 4293/4293/4293 4294/4294/4294 4295/4295/4295
f 4298/4298/4298 4297/4297/4297 4296/4296/4296
f 4297/4297/4297 4298/4298/4298 4299/4299/4299
o mesh_96
usemtl mat5
v 89.60000000000001 12.799999999999981 -153.60000000000002
v 89.60000000000001 25.599999999999984 -153.60000000000002
v 91.2 25.599999999999984 -153.60000000000002
v 89.60000000000001 12.799999999999981 -164.8
v 89.60000000000001 25.59999999999998 -164.8
v 91.2 25.59999999999998 -164.8
v 89.60000000000001 51.19999999999998 -164.8
v 92 48.79999999999998 -164.8
v 89.60000000000001 38.399999999999984 -164.8
v 92 38.399999999999984 -164.8
v 92 38.399999999999984 -153.60000000000002
v 89.60000000000001 38.399999999999984 -153.60000000000002
v 92 48.79999999999998 -153.60000000000002
v 89.60000000000001 51.19999999999998 -153.60000000000002
v 91.2 25.599999999999984 -153.60000000000002
v 89.60000000000001 25.599999999999984 -153.60000000000002
v 92 38.399999999999984 -153.60000000000002
v 89.60000000000001 38.399999999999984 -153.60000000000002
v 89.60000000000001 25.59999999999998 -164.8
v 89.60000000000001 25.59999999999998 -166.4
v 89.60000000000001 38.399999999999984 -164.8
v 89.60000000000001 38.399999999999984 -166.4
v 89.60000000000001 51.19999999999998 -164.8
v 89.60000000000001 38.399999999999984 -164.8
v 89.60000000000001 49.59999999999998 -166.4
v 89.60000000000001 38.399999999999984 -166.4
v 91.2 25.59999999999998 -164.8
v 89.60000000000001 25.59999999999998 -164.8
v 92 38.399999999999984 -164.8
v 89.60000000000001 38.399999999999984 -164.8
v 89.60000000000001 12.799999999999981 -166.4
v 89.60000000000001 25.59999999999998 -166.4
v 89.60000000000001 12.799999999999981 -164.8
v 89.60000000000001 25.59999999999998 -164.8
vt 0.375 0.8671875
vt 0.375 0.75
vt 0.3828125 0.75
vt 0.46875 0.8671875
vt 0.46875 0.75
vt 0.4765625 0.75
vt 0.46875 0.5
vt 0.4765625 0.515625
vt 0.46875 0.625
vt 0.4765625 0.625
vt 0.3828125 0.625
vt 0.375 0.625
vt 0.3828125 0.515625
vt 0.375 0.5
vt 0.3828125 0.75
vt 0.375 0.75
vt 0.3828125 0.625
vt 0.375 0.625
vt 0.3984375 0.75
vt 0.390625 0.75
vt 0.3984375 0.625
vt 0.390625 0.625
vt 0.3984375 0.5
vt 0.3984375 0.625
vt 0.390625 0.515625
vt 0.390625 0.625
vt 0.4765625 0.75
vt 0.46875 0.75
vt 0.4765625 0.625
vt 0.46875 0.625
vt 0.390625 0.8671875
vt 0.390625 0.75
vt 0.3984375 0.8671875
vt 0.3984375 0.75
vn 0 1.2246467991473532e-16 1
vn 0 1.2246467991473532e-16 1
vn 0 1.2246467991473532e-16 1
vn 0 1.2246467991473532e-16 1
vn 0 1.2246467991473532e-16 1
vn 0 1.2246467991473532e-16 1
vn 0 1.2246467991473532e-16 1
vn 0 1.2246467991473532e-16 1
vn 0 1.2246467991473532e-16 1
vn 0 1.2246467991473532e-16 1
vn 0 1.2246467991473532e-16 1
vn 0 1.2246467991473532e-16 1
vn 0 1.2246467991473532e-16 1
vn 0 1.2246467991473532e-16 1
vn 0 1.2246467991473532e-16 1
vn 0 1.2246467991473532e-16 1
vn 0 1.2246467991473532e-16 1
vn 0 1.2246467991473532e-16 1
vn -1 0 0
vn -1 0 0
vn -1 0 0
vn -1 0 0
vn -1 0 0
vn -1 0 0
vn -1 0 0
vn -1 0 0
vn 0 1.2246467991473532e-16 1
vn 0 1.2246467991473532e-16 1
vn 0 1.2246467991473532e-16 1
vn 0 1.2246467991473532e-16 1
vn -1 0 0
vn -1 0 0
vn -1 0 0
vn -1 0 0
f 4302/4302/4302 4301/4301/4301 4300/4300/4300
f 4305/4305/4305 4304/4304/4304 4303/4303/4303
f 4308/4308/4308 4307/4307/4307 4306/4306/4306
f 4307/4307/4307 4308/4308/4308 4309/4309/4309
f 4312/4312/4312 4311/4311/4311 4310/4310/4310
f 4311/4311/4311 4312/4312/4312 4313/4313/4313
f 4316/4316/4316 4315/4315/4315 4314/4314/4314
f 4315/4315/4315 4316/4316/4316 4317/4317/4317
f 4320/4320/4320 4319/4319/4319 4318/4318/4318
f 4319/4319/4319 4320/4320/4320 4321/4321/4321
f 4324/4324/4324 4323/4323/4323 4322/4322/4322
f 4323/4323/4323 4324/4324/4324 4325/4325/4325
f 4328/4328/4328 4327/4327/4327 4326/4326/4326
f 4327/4327/4327 4328/4328/4328 4329/4329/4329
f 4332/4332/4332 4331/4331/4331 4330/4330/4330
f 4331/4331/4331 4332/4332/4332 4333/4333/4333
o mesh_97
usemtl mat5
v 76.80000000000001 42.39999999999999 -129.6
v 76.80000000000001 38.39999999999999 -129.6
v 76.80000000000001 44.79999999999999 -140.8
v 76.80000000000001 40.79999999999999 -140.8
v 76.80000000000001 43.19999999999998 -153.60000000000002
v 76.80000000000001 47.19999999999998 -153.60000000000002
v 76.80000000000001 40.79999999999999 -140.8
v 76.80000000000001 44.79999999999999 -140.8
v 76.80000000000001 31.999999999999986 -129.6
v 76.80000000000001 27.19999999999999 -129.6
v 76.80000000000001 31.199999999999985 -140.8
v 76.80000000000001 26.399999999999984 -140.8
v 76.80000000000001 25.599999999999984 -153.60000000000002
v 76.80000000000001 30.399999999999984 -153.60000000000002
v 76.80000000000001 26.399999999999984 -140.8
v 76.80000000000001 31.199999999999985 -140.8
vt 0.375 0.8671875
vt 0.4375 0.8671875
vt 0.375 0.6875
vt 0.4375 0.6875
vt 0.4375 0.5
vt 0.375 0.5
vt 0.4375 0.6875
vt 0.375 0.6875
vt 0.4921875 0.5
vt 0.4375 0.5
vt 0.4921875 0.6875
vt 0.4375 0.6875
vt 0.4375 0.8671875
vt 0.4921875 0.8671875
vt 0.4375 0.6875
vt 0.4921875 0.6875
vn -1 0 0
vn -1 0 0
vn -1 0 0
vn -1 0 0
vn -1 0 0
vn -1 0 0
vn -1 0 0
vn -1 0 0
vn -1 0 0
vn -1 0 0
vn -1 0 0
vn -1 0 0
vn -1 0 0
vn -1 0 0
vn -1 0 0
vn -1 0 0
f 4336/4336/4336 4335/4335/4335 4334/4334/4334
f 4335/4335/4335 4336/4336/4336 4337/4337/4337
f 4340/4340/4340 4339/4339/4339 4338/4338/4338
f 4339/4339/4339 4340/4340/4340 4341/4341/4341
f 4344/4344/4344 4343/4343/4343 4342/4342/4342
f 4343/4343/4343 4344/4344/4344 4345/4345/4345
f 4348/4348/4348 4347/4347/4347 4346/4346/4346
f 4347/4347/4347 4348/4348/4348 4349/4349/4349
o mesh_98
usemtl mat18
v 90.4 36.79999999999998 -152
v 79.2 36.79999999999998 -152
v 90.4 24.799999999999983 -152
v 79.2 24.799999999999983 -152
v 90.4 36.79999999999998 -152
v 90.4 24.799999999999983 -152
v 90.4 36.79999999999999 -140
v 90.4 24.799999999999983 -140
v 90.4 36.79999999999999 -140
v 79.2 36.79999999999999 -140
v 90.4 36.79999999999998 -152
v 79.2 36.79999999999998 -152
v 79.2 36.79999999999999 -140
v 90.4 36.79999999999999 -140
v 79.2 24.799999999999983 -140
v 90.4 24.799999999999983 -140
v 79.2 36.79999999999999 -140
v 79.2 24.799999999999983 -140
v 79.2 36.79999999999998 -152
v 79.2 24.799999999999983 -152
v 89.60000000000001 24.799999999999983 -139.20000000000002
v 78.4 24.799999999999983 -139.20000000000002
v 89.60000000000001 24.799999999999983 -151.20000000000002
v 78.4 24.799999999999983 -151.20000000000002
v 78.4 24.799999999999983 -139.20000000000002
v 78.4 12.799999999999983 -139.20000000000002
v 78.4 24.799999999999983 -151.20000000000002
v 78.4 12.799999999999983 -151.20000000000002
v 78.4 24.799999999999983 -139.20000000000002
v 89.60000000000001 24.799999999999983 -139.20000000000002
v 78.4 12.799999999999983 -139.20000000000002
v 89.60000000000001 12.799999999999983 -139.20000000000002
v 89.60000000000001 24.799999999999983 -151.20000000000002
v 78.4 24.799999999999983 -151.20000000000002
v 89.60000000000001 12.799999999999983 -151.20000000000002
v 78.4 12.799999999999983 -151.20000000000002
v 89.60000000000001 24.799999999999983 -151.20000000000002
v 89.60000000000001 12.799999999999983 -151.20000000000002
v 89.60000000000001 24.799999999999983 -139.20000000000002
v 89.60000000000001 12.799999999999983 -139.20000000000002
vt 0.1171875 0.5
vt 0 0.5
vt 0.1171875 0.6171875
vt 0 0.6171875
vt 0.125 0.5
vt 0.125 0.6171875
vt 0 0.5
vt 0 0.6171875
vt 0.2421875 0.5
vt 0.2421875 0.6171875
vt 0.125 0.5
vt 0.125 0.6171875
vt 0.1171875 0.5
vt 0 0.5
vt 0.1171875 0.6171875
vt 0 0.6171875
vt 0.125 0.5
vt 0.125 0.6171875
vt 0 0.5
vt 0 0.6171875
vt 0.2421875 0.5
vt 0.2421875 0.6171875
vt 0.125 0.5
vt 0.125 0.6171875
vt 0.125 0.5
vt 0.125 0.6171875
vt 0 0.5
vt 0 0.6171875
vt 0.1171875 0.5
vt 0 0.5
vt 0.1171875 0.6171875
vt 0 0.6171875
vt 0.1171875 0.5
vt 0 0.5
vt 0.1171875 0.6171875
vt 0 0.6171875
vt 0.125 0.5
vt 0.125 0.6171875
vt 0 0.5
vt 0 0.6171875
vn 0 -1.2246467991473532e-16 -1
vn 0 -1.2246467991473532e-16 -1
vn 0 -1.2246467991473532e-16 -1
vn 0 -1.2246467991473532e-16 -1
vn 1 0 0
vn 1 0 0
vn 1 0 0
vn 1 0 0
vn 0 1 -1.2246467991473532e-16
vn 0 1 -1.2246467991473532e-16
vn 0 1 -1.2246467991473532e-16
vn 0 1 -1.2246467991473532e-16
vn 0 1.2246467991473532e-16 1
vn 0 1.2246467991473532e-16 1
vn 0 1.2246467991473532e-16 1
vn 0 1.2246467991473532e-16 1
vn -1 0 0
vn -1 0 0
vn -1 0 0
vn -1 0 0
vn 0 1 -1.2246467991473532e-16
vn 0 1 -1.2246467991473532e-16
vn 0 1 -1.2246467991473532e-16
vn 0 1 -1.2246467991473532e-16
vn -1 0 0
vn -1 0 0
vn -1 0 0
vn -1 0 0
vn 0 1.2246467991473532e-16 1
vn 0 1.2246467991473532e-16 1
vn 0 1.2246467991473532e-16 1
vn 0 1.2246467991473532e-16 1
vn 0 -1.2246467991473532e-16 -1
vn 0 -1.2246467991473532e-16 -1
vn 0 -1.2246467991473532e-16 -1
vn 0 -1.2246467991473532e-16 -1
vn 1 0 0
vn 1 0 0
vn 1 0 0
vn 1 0 0
f 4352/4352/4352 4351/4351/4351 4350/4350/4350
f 4351/4351/4351 4352/4352/4352 4353/4353/4353
f 4356/4356/4356 4355/4355/4355 4354/4354/4354
f 4355/4355/4355 4356/4356/4356 4357/4357/4357
f 4360/4360/4360 4359/4359/4359 4358/4358/4358
f 4359/4359/4359 4360/4360/4360 4361/4361/4361
f 4364/4364/4364 4363/4363/4363 4362/4362/4362
f 4363/4363/4363 4364/4364/4364 4365/4365/4365
f 4368/4368/4368 4367/4367/4367 4366/4366/4366
f 4367/4367/4367 4368/4368/4368 4369/4369/4369
f 4372/4372/4372 4371/4371/4371 4370/4370/4370
f 4371/4371/4371 4372/4372/4372 4373/4373/4373
f 4376/4376/4376 4375/4375/4375 4374/4374/4374
f 4375/4375/4375 4376/4376/4376 4377/4377/4377
f 4380/4380/4380 4379/4379/4379 4378/4378/4378
f 4379/4379/4379 4380/4380/4380 4381/4381/4381
f 4384/4384/4384 4383/4383/4383 4382/4382/4382
f 4383/4383/4383 4384/4384/4384 4385/4385/4385
f 4388/4388/4388 4387/4387/4387 4386/4386/4386
f 4387/4387/4387 4388/4388/4388 4389/4389/4389
o mesh_99
usemtl mat17
v 89.60000000000001 83.19999999999999 -166.4
v 76.80000000000001 89.6 -166.4
v 76.80000000000001 79.99999999999997 -175.20000000000002
v 25.6 80.79999999999998 -175.20000000000002
v 25.6 89.6 -166.4
v 12.8 81.6 -166.4
v 64 79.99999999999997 -175.20000000000002
v 64 79.99999999999997 -204.8
v 76.80000000000001 79.99999999999997 -175.20000000000002
v 76.80000000000001 79.99999999999997 -204.8
v 89.60000000000001 63.99999999999997 -204.8
v 89.60000000000001 63.99999999999998 -166.4
v 89.60000000000001 83.19999999999997 -204.8
v 89.60000000000001 83.19999999999999 -166.4
v 76.80000000000001 79.99999999999997 -175.20000000000002
v 76.80000000000001 89.6 -166.4
v 64 79.99999999999997 -175.20000000000002
v 64 89.6 -166.4
v 89.60000000000001 51.199999999999974 -204.8
v 89.60000000000001 51.19999999999998 -166.4
v 89.60000000000001 63.99999999999997 -204.8
v 89.60000000000001 63.99999999999998 -166.4
v 89.60000000000001 49.59999999999997 -204.8
v 89.60000000000001 38.39999999999998 -204.8
v 89.60000000000001 49.59999999999998 -166.4
v 89.60000000000001 38.399999999999984 -166.4
v 89.60000000000001 25.599999999999977 -204.8
v 89.60000000000001 25.59999999999998 -166.4
v 89.60000000000001 38.39999999999998 -204.8
v 89.60000000000001 38.399999999999984 -166.4
v 89.60000000000001 -2.5080766446537795e-14 -204.8
v 89.60000000000001 -2.037812273781196e-14 -166.4
v 89.60000000000001 12.799999999999976 -204.8
v 89.60000000000001 12.799999999999981 -166.4
v 89.60000000000001 12.799999999999976 -204.8
v 89.60000000000001 12.799999999999981 -166.4
v 89.60000000000001 25.599999999999977 -204.8
v 89.60000000000001 25.59999999999998 -166.4
v 89.60000000000001 49.59999999999998 -166.4
v 89.60000000000001 51.19999999999998 -166.4
v 89.60000000000001 49.59999999999997 -204.8
v 89.60000000000001 51.199999999999974 -204.8
vt 0.96875 0.96875
vt 0.96875 0.96875
vt 0.96875 0.96875
vt 0.96875 0.96875
vt 0.96875 0.96875
vt 0.96875 0.96875
vt 0.96875 0.96875
vt 0.96875 0.96875
vt 0.96875 0.96875
vt 0.96875 0.96875
vt 0.96875 0.96875
vt 0.96875 0.96875
vt 0.96875 0.96875
vt 0.96875 0.96875
vt 0.96875 0.96875
vt 0.96875 0.96875
vt 0.96875 0.96875
vt 0.96875 0.96875
vt 0.96875 0.96875
vt 0.96875 0.96875
vt 0.96875 0.96875
vt 0.96875 0.96875
vt 0.96875 0.96875
vt 0.96875 0.96875
vt 0.96875 0.96875
vt 0.96875 0.96875
vt 0.96875 0.96875
vt 0.96875 0.96875
vt 0.96875 0.96875
vt 0.96875 0.96875
vt 0.96875 0.96875
vt 0.96875 0.96875
vt 0.96875 0.96875
vt 0.96875 0.96875
vt 0.96875 0.96875
vt 0.96875 0.96875
vt 0.96875 0.96875
vt 0.96875 0.96875
vt 0.96875 0.96875
vt 0.96875 0.96875
vt 0.96875 0.96875
vt 0.96875 0.96875
vn 0.32008677424354354 0.640173548487087 -0.6983711654785111
vn 0.32008677424354354 0.640173548487087 -0.6983711654785111
vn 0.32008677424354354 0.640173548487087 -0.6983711654785111
vn -0.4042260417272216 0.6467616667635545 -0.6467616667635546
vn -0.4042260417272216 0.6467616667635545 -0.6467616667635546
vn -0.4042260417272216 0.6467616667635545 -0.6467616667635546
vn 0 1 -1.2246467991473532e-16
vn 0 1 -1.2246467991473532e-16
vn 0 1 -1.2246467991473532e-16
vn 0 1 -1.2246467991473532e-16
vn 1 0 0
vn 1 0 0
vn 1 0 0
vn 1 0 0
vn 0 0.6757246339155026 -0.7371541352524312
vn 0 0.6757246339155026 -0.7371541352524312
vn 0 0.6757246339155026 -0.7371541352524312
vn 0 0.6757246339155026 -0.7371541352524312
vn 1 0 0
vn 1 0 0
vn 1 0 0
vn 1 0 0
vn 1 0 0
vn 1 0 0
vn 1 0 0
vn 1 0 0
vn 1 0 0
vn 1 0 0
vn 1 0 0
vn 1 0 0
vn 1 0 0
vn 1 0 0
vn 1 0 0
vn 1 0 0
vn 1 0 0
vn 1 0 0
vn 1 0 0
vn 1 0 0
vn 1 0 0
vn 1 0 0
vn 1 0 0
vn 1 0 0
f 4392/4392/4392 4391/4391/4391 4390/4390/4390
f 4395/4395/4395 4394/4394/4394 4393/4393/4393
f 4398/4398/4398 4397/4397/4397 4396/4396/4396
f 4397/4397/4397 4398/4398/4398 4399/4399/4399
f 4402/4402/4402 4401/4401/4401 4400/4400/4400
f 4401/4401/4401 4402/4402/4402 4403/4403/4403
f 4406/4406/4406 4405/4405/4405 4404/4404/4404
f 4405/4405/4405 4406/4406/4406 4407/4407/4407
f 4410/4410/4410 4409/4409/4409 4408/4408/4408
f 4409/4409/4409 4410/4410/4410 4411/4411/4411
f 4414/4414/4414 4413/4413/4413 4412/4412/4412
f 4413/4413/4413 4414/4414/4414 4415/4415/4415
f 4418/4418/4418 4417/4417/4417 4416/4416/4416
f 4417/4417/4417 4418/4418/4418 4419/4419/4419
f 4422/4422/4422 4421/4421/4421 4420/4420/4420
f 4421/4421/4421 4422/4422/4422 4423/4423/4423
f 4426/4426/4426 4425/4425/4425 4424/4424/4424
f 4425/4425/4425 4426/4426/4426 4427/4427/4427
f 4430/4430/4430 4429/4429/4429 4428/4428/4428
f 4429/4429/4429 4430/4430/4430 4431/4431/4431
o mesh_100
usemtl mat11
v 89.60000000000001 61.59999999999999 -108.80000000000003
v 89.60000000000001 57.59999999999999 -106.4
v 92.80000000000001 57.59999999999999 -108
v 92.80000000000001 57.59999999999999 -109.60000000000001
v 89.60000000000001 57.59999999999999 -111.2
v 89.60000000000001 61.59999999999999 -108.80000000000003
v 92.80000000000001 57.59999999999999 -108
v 92.80000000000001 57.59999999999999 -109.60000000000001
v 89.60000000000001 61.59999999999999 -108.80000000000003
v 89.60000000000001 48.8 -70.4
v 89.60000000000001 44.8 -68
v 92.80000000000001 44.8 -69.60000000000001
v 92.80000000000001 44.8 -71.2
v 89.60000000000001 44.8 -72.8
v 89.60000000000001 48.8 -70.4
v 92.80000000000001 44.8 -69.60000000000001
v 92.80000000000001 44.8 -71.2
v 89.60000000000001 48.8 -70.4
v 89.60000000000001 51.19999999999999 -112
v 92.80000000000001 51.19999999999999 -110.4
v 89.60000000000001 51.19999999999999 -105.60000000000001
v 92.80000000000001 51.19999999999999 -107.2
v 92.80000000000001 51.19999999999999 -110.4
v 89.60000000000001 51.19999999999999 -112
v 92.80000000000001 57.59999999999999 -109.60000000000001
v 89.60000000000001 57.59999999999999 -111.2
v 92.80000000000001 57.59999999999999 -108
v 89.60000000000001 57.59999999999999 -106.4
v 92.80000000000001 51.19999999999999 -107.2
v 89.60000000000001 51.19999999999999 -105.60000000000001
v 92.80000000000001 51.19999999999999 -107.2
v 92.80000000000001 51.19999999999999 -110.4
v 92.80000000000001 57.59999999999999 -108
v 92.80000000000001 57.59999999999999 -109.60000000000001
v 89.60000000000001 38.4 -73.60000000000001
v 92.80000000000001 38.4 -72
v 89.60000000000001 38.4 -67.2
v 92.80000000000001 38.4 -68.8
v 92.80000000000001 38.4 -72
v 89.60000000000001 38.4 -73.60000000000001
v 92.80000000000001 44.8 -71.2
v 89.60000000000001 44.8 -72.8
v 92.80000000000001 44.8 -69.60000000000001
v 89.60000000000001 44.8 -68
v 92.80000000000001 38.4 -68.8
v 89.60000000000001 38.4 -67.2
v 92.80000000000001 38.4 -68.8
v 92.80000000000001 38.4 -72
v 92.80000000000001 44.8 -69.60000000000001
v 92.80000000000001 44.8 -71.2
vt 0.6796875 0.765625
vt 0.703125 0.796875
vt 0.6875 0.796875
vt 0.671875 0.796875
vt 0.65625 0.796875
vt 0.6796875 0.765625
vt 0.6875 0.796875
vt 0.671875 0.796875
vt 0.6796875 0.765625
vt 0.6796875 0.765625
vt 0.703125 0.796875
vt 0.6875 0.796875
vt 0.671875 0.796875
vt 0.65625 0.796875
vt 0.6796875 0.765625
vt 0.6875 0.796875
vt 0.671875 0.796875
vt 0.6796875 0.765625
vt 0.6484375 0.8671875
vt 0.6640625 0.8671875
vt 0.7109375 0.8671875
vt 0.6953125 0.8671875
vt 0.6640625 0.8671875
vt 0.6484375 0.8671875
vt 0.671875 0.796875
vt 0.65625 0.796875
vt 0.6875 0.796875
vt 0.703125 0.796875
vt 0.6953125 0.8671875
vt 0.7109375 0.8671875
vt 0.6953125 0.8671875
vt 0.6640625 0.8671875
vt 0.6875 0.796875
vt 0.671875 0.796875
vt 0.6484375 0.8671875
vt 0.6640625 0.8671875
vt 0.7109375 0.8671875
vt 0.6953125 0.8671875
vt 0.6640625 0.8671875
vt 0.6484375 0.8671875
vt 0.671875 0.796875
vt 0.65625 0.796875
vt 0.6875 0.796875
vt 0.703125 0.796875
vt 0.6953125 0.8671875
vt 0.7109375 0.8671875
vt 0.6953125 0.8671875
vt 0.6640625 0.8671875
vt 0.6875 0.796875
vt 0.671875 0.796875
vn -0.3940552075621323 -0.47286622523270155 -0.7881104151242645
vn -0.3940552075621323 -0.47286622523270155 -0.7881104151242645
vn -0.3940552075621323 -0.47286622523270155 -0.7881104151242645
vn -0.3940552075621323 -0.4728662252327014 0.7881104151242647
vn -0.3940552075621323 -0.4728662252327014 0.7881104151242647
vn -0.3940552075621323 -0.4728662252327014 0.7881104151242647
vn -0.7808688094430304 -0.6246950475544243 7.650307904307292e-17
vn -0.7808688094430304 -0.6246950475544243 7.650307904307292e-17
vn -0.7808688094430304 -0.6246950475544243 7.650307904307292e-17
vn -0.3940552075621323 -0.47286622523270155 -0.7881104151242645
vn -0.3940552075621323 -0.47286622523270155 -0.7881104151242645
vn -0.3940552075621323 -0.47286622523270155 -0.7881104151242645
vn -0.3940552075621323 -0.4728662252327014 0.7881104151242647
vn -0.3940552075621323 -0.4728662252327014 0.7881104151242647
vn -0.3940552075621323 -0.4728662252327014 0.7881104151242647
vn -0.7808688094430304 -0.6246950475544243 7.650307904307292e-17
vn -0.7808688094430304 -0.6246950475544243 7.650307904307292e-17
vn -0.7808688094430304 -0.6246950475544243 7.650307904307292e-17
vn 0 1 -1.2246467991473532e-16
vn 0 1 -1.2246467991473532e-16
vn 0 1 -1.2246467991473532e-16
vn 0 1 -1.2246467991473532e-16
vn -0.4444444444444445 -0.11111111111111101 0.888888888888889
vn -0.4444444444444445 -0.11111111111111101 0.888888888888889
vn -0.4444444444444445 -0.11111111111111101 0.888888888888889
vn -0.4444444444444445 -0.11111111111111101 0.888888888888889
vn -0.4444444444444445 -0.11111111111111123 -0.888888888888889
vn -0.4444444444444445 -0.11111111111111123 -0.888888888888889
vn -0.4444444444444445 -0.11111111111111123 -0.888888888888889
vn -0.4444444444444445 -0.11111111111111123 -0.888888888888889
vn -1 0 0
vn -1 0 0
vn -1 0 0
vn -1 0 0
vn 0 1 -1.2246467991473532e-16
vn 0 1 -1.2246467991473532e-16
vn 0 1 -1.2246467991473532e-16
vn 0 1 -1.2246467991473532e-16
vn -0.4444444444444445 -0.11111111111111101 0.888888888888889
vn -0.4444444444444445 -0.11111111111111101 0.888888888888889
vn -0.4444444444444445 -0.11111111111111101 0.888888888888889
vn -0.4444444444444445 -0.11111111111111101 0.888888888888889
vn -0.4444444444444445 -0.11111111111111123 -0.888888888888889
vn -0.4444444444444445 -0.11111111111111123 -0.888888888888889
vn -0.4444444444444445 -0.11111111111111123 -0.888888888888889
vn -0.4444444444444445 -0.11111111111111123 -0.888888888888889
vn -1 0 0
vn -1 0 0
vn -1 0 0
vn -1 0 0
f 4434/4434/4434 4433/4433/4433 4432/4432/4432
f 4437/4437/4437 4436/4436/4436 4435/4435/4435
f 4440/4440/4440 4439/4439/4439 4438/4438/4438
f 4443/4443/4443 4442/4442/4442 4441/4441/4441
f 4446/4446/4446 4445/4445/4445 4444/4444/4444
f 4449/4449/4449 4448/4448/4448 4447/4447/4447
f 4452/4452/4452 4451/4451/4451 4450/4450/4450
f 4451/4451/4451 4452/4452/4452 4453/4453/4453
f 4456/4456/4456 4455/4455/4455 4454/4454/4454
f 4455/4455/4455 4456/4456/4456 4457/4457/4457
f 4460/4460/4460 4459/4459/4459 4458/4458/4458
f 4459/4459/4459 4460/4460/4460 4461/4461/4461
f 4464/4464/4464 4463/4463/4463 4462/4462/4462
f 4463/4463/4463 4464/4464/4464 4465/4465/4465
f 4468/4468/4468 4467/4467/4467 4466/4466/4466
f 4467/4467/4467 4468/4468/4468 4469/4469/4469
f 4472/4472/4472 4471/4471/4471 4470/4470/4470
f 4471/4471/4471 4472/4472/4472 4473/4473/4473
f 4476/4476/4476 4475/4475/4475 4474/4474/4474
f 4475/4475/4475 4476/4476/4476 4477/4477/4477
f 4480/4480/4480 4479/4479/4479 4478/4478/4478
f 4479/4479/4479 4480/4480/4480 4481/4481/4481
o mesh_101
usemtl mat12
v 91.2 25.599999999999987 -115.2
v 89.60000000000001 12.799999999999986 -115.2
v 91.2 25.599999999999987 -128
v 89.60000000000001 12.799999999999985 -128
v 92 48.79999999999999 -115.2
v 92 38.39999999999999 -115.2
v 92 48.79999999999999 -128
v 92 38.39999999999999 -128
v 91.2 25.599999999999987 -128
v 92 38.39999999999999 -128
v 91.2 25.599999999999987 -115.2
v 92 38.39999999999999 -115.2
vt 0.4921875 0.375
vt 0.4921875 0.4921875
vt 0.375 0.375
vt 0.375 0.4921875
vt 0.4921875 0.1328125
vt 0.4921875 0.25
vt 0.375 0.1328125
vt 0.375 0.25
vt 0.375 0.375
vt 0.375 0.25
vt 0.4921875 0.375
vt 0.4921875 0.25
vn -0.9922778767136676 0.12403473458920845 -1.5189874069776562e-17
vn -0.9922778767136676 0.12403473458920845 -1.5189874069776562e-17
vn -0.9922778767136676 0.12403473458920845 -1.5189874069776562e-17
vn -0.9922778767136676 0.12403473458920845 -1.5189874069776562e-17
vn -1 0 0
vn -1 0 0
vn -1 0 0
vn -1 0 0
vn -0.9980525784828886 0.06237828615518054 -7.63913684762395e-18
vn -0.9980525784828886 0.06237828615518054 -7.63913684762395e-18
vn -0.9980525784828886 0.06237828615518054 -7.63913684762395e-18
vn -0.9980525784828886 0.06237828615518054 -7.63913684762395e-18
f 4484/4484/4484 4483/4483/4483 4482/4482/4482
f 4483/4483/4483 4484/4484/4484 4485/4485/4485
f 4488/4488/4488 4487/4487/4487 4486/4486/4486
f 4487/4487/4487 4488/4488/4488 4489/4489/4489
f 4492/4492/4492 4491/4491/4491 4490/4490/4490
f 4491/4491/4491 4492/4492/4492 4493/4493/4493
o mesh_102
usemtl mat12
v 92 38.39999999999999 -89.60000000000001
v 89.60000000000001 12.79999999999999 -89.60000000000001
v 92 38.39999999999999 -102.4
v 89.60000000000001 12.799999999999988 -102.4
v 92 38.39999999999999 -89.60000000000001
v 92 38.4 -76.80000000000001
v 89.60000000000001 12.79999999999999 -89.60000000000001
v 89.60000000000001 12.799999999999992 -76.80000000000001
vt 0.4921875 0.25
vt 0.4921875 0.4921875
vt 0.375 0.25
vt 0.375 0.4921875
vt 0 0.25
vt 0.1171875 0.25
vt 0 0.4921875
vt 0.1171875 0.4921875
vn -0.9956342257130849 0.09334071238589212 -1.1430940465351646e-17
vn -0.9956342257130849 0.09334071238589212 -1.1430940465351646e-17
vn -0.9956342257130849 0.09334071238589212 -1.1430940465351646e-17
vn -0.9956342257130849 0.09334071238589212 -1.1430940465351646e-17
vn -0.9956342257130849 0.09334071238589212 -1.1430940465351646e-17
vn -0.9956342257130849 0.09334071238589212 -1.1430940465351646e-17
vn -0.9956342257130849 0.09334071238589212 -1.1430940465351646e-17
vn -0.9956342257130849 0.09334071238589212 -1.1430940465351646e-17
f 4496/4496/4496 4495/4495/4495 4494/4494/4494
f 4495/4495/4495 4496/4496/4496 4497/4497/4497
f 4500/4500/4500 4499/4499/4499 4498/4498/4498
f 4499/4499/4499 4500/4500/4500 4501/4501/4501
o mesh_103
usemtl mat10
v -2.4000000000000004 63.999999999999986 -102.40000000000002
v -2.4000000000000004 63.999999999999986 -89.60000000000002
v -2.4000000000000004 89.6 -102.40000000000002
v -2.4000000000000004 89.6 -89.60000000000002
v -2.4000000000000004 63.999999999999986 -89.60000000000002
v -2.4000000000000004 63.99999999999999 -76.80000000000003
v -2.4000000000000004 89.6 -89.60000000000002
v -2.4000000000000004 89.6 -76.80000000000003
vt 0.6171875 0.4921875
vt 0.5 0.4921875
vt 0.6171875 0.25
vt 0.5 0.25
vt 0.9921875 0.4921875
vt 0.875 0.4921875
vt 0.9921875 0.25
vt 0.875 0.25
vn 1 0 0
vn 1 0 0
vn 1 0 0
vn 1 0 0
vn 1 0 0
vn 1 0 0
vn 1 0 0
vn 1 0 0
f 4504/4504/4504 4503/4503/4503 4502/4502/4502
f 4503/4503/4503 4504/4504/4504 4505/4505/4505
f 4508/4508/4508 4507/4507/4507 4506/4506/4506
f 4507/4507/4507 4508/4508/4508 4509/4509/4509
o mesh_104
usemtl mat11
v 0 12.799999999999981 -164.8
v 0 6.39999999999998 -164.8
v 0 12.799999999999981 -153.60000000000002
v 0 6.399999999999982 -153.60000000000002
v 0 12.799999999999981 -153.60000000000002
v 0 6.399999999999982 -153.60000000000002
v 0 12.799999999999983 -140.8
v 0 6.3999999999999835 -140.8
v 0 12.799999999999983 -140.8
v 0 6.3999999999999835 -140.8
v 0 12.799999999999985 -128
v 0 6.399999999999984 -128
v -2.4000000000000004 89.6 -89.60000000000002
v -2.4000000000000004 89.6 -76.80000000000003
v 0 115.19999999999999 -89.60000000000002
v 0 115.19999999999999 -76.80000000000003
v 0 115.19999999999999 -89.60000000000002
v 0 115.19999999999999 -102.40000000000002
v -2.4000000000000004 89.6 -89.60000000000002
v -2.4000000000000004 89.6 -102.40000000000002
vt 0.859375 0.75
vt 0.859375 0.796875
vt 0.75 0.75
vt 0.75 0.796875
vt 0.9921875 0.75
vt 0.9921875 0.796875
vt 0.875 0.75
vt 0.875 0.796875
vt 0.875 0.75
vt 0.875 0.796875
vt 0.75 0.75
vt 0.75 0.796875
vt 0.875 0.7421875
vt 0.75 0.7421875
vt 0.875 0.5
vt 0.75 0.5
vt 0.875 0.5
vt 0.9921875 0.5
vt 0.875 0.7421875
vt 0.9921875 0.7421875
vn 1 0 0
vn 1 0 0
vn 1 0 0
vn 1 0 0
vn 1 0 0
vn 1 0 0
vn 1 0 0
vn 1 0 0
vn 1 0 0
vn 1 0 0
vn 1 0 0
vn 1 0 0
vn 0.9956342257130849 -0.09334071238589212 1.1430940465351646e-17
vn 0.9956342257130849 -0.09334071238589212 1.1430940465351646e-17
vn 0.9956342257130849 -0.09334071238589212 1.1430940465351646e-17
vn 0.9956342257130849 -0.09334071238589212 1.1430940465351646e-17
vn 0.9956342257130849 -0.09334071238589212 1.1430940465351646e-17
vn 0.9956342257130849 -0.09334071238589212 1.1430940465351646e-17
vn 0.9956342257130849 -0.09334071238589212 1.1430940465351646e-17
vn 0.9956342257130849 -0.09334071238589212 1.1430940465351646e-17
f 4512/4512/4512 4511/4511/4511 4510/4510/4510
f 4511/4511/4511 4512/4512/4512 4513/4513/4513
f 4516/4516/4516 4515/4515/4515 4514/4514/4514
f 4515/4515/4515 4516/4516/4516 4517/4517/4517
f 4520/4520/4520 4519/4519/4519 4518/4518/4518
f 4519/4519/4519 4520/4520/4520 4521/4521/4521
f 4524/4524/4524 4523/4523/4523 4522/4522/4522
f 4523/4523/4523 4524/4524/4524 4525/4525/4525
f 4528/4528/4528 4527/4527/4527 4526/4526/4526
f 4527/4527/4527 4528/4528/4528 4529/4529/4529
o mesh_105
usemtl mat12
v 0 30.39999999999998 -164.8
v 0 12.799999999999981 -164.8
v 0 30.399999999999984 -153.60000000000002
v 0 12.799999999999981 -153.60000000000002
v 0 12.799999999999983 -140.8
v 0 30.399999999999984 -140.8
v 0 12.799999999999981 -153.60000000000002
v 0 30.399999999999984 -153.60000000000002
v 0 12.799999999999985 -128
v 0 30.399999999999988 -128
v 0 12.799999999999983 -140.8
v 0 30.399999999999984 -140.8
vt 0.484375 0.328125
vt 0.484375 0.4921875
vt 0.375 0.328125
vt 0.375 0.4921875
vt 0.25 0.4921875
vt 0.25 0.328125
vt 0.375 0.4921875
vt 0.375 0.328125
vt 0.125 0.4921875
vt 0.125 0.328125
vt 0.25 0.4921875
vt 0.25 0.328125
vn 1 0 0
vn 1 0 0
vn 1 0 0
vn 1 0 0
vn 1 0 0
vn 1 0 0
vn 1 0 0
vn 1 0 0
vn 1 0 0
vn 1 0 0
vn 1 0 0
vn 1 0 0
f 4532/4532/4532 4531/4531/4531 4530/4530/4530
f 4531/4531/4531 4532/4532/4532 4533/4533/4533
f 4536/4536/4536 4535/4535/4535 4534/4534/4534
f 4535/4535/4535 4536/4536/4536 4537/4537/4537
f 4540/4540/4540 4539/4539/4539 4538/4538/4538
f 4539/4539/4539 4540/4540/4540 4541/4541/4541
o mesh_106
usemtl mat12
v 0 38.399999999999984 -166.4
v 0 31.99999999999998 -166.4
v 0 31.99999999999998 -164.8
v 0 38.39999999999999 -140.8
v 0 31.999999999999982 -140.8
v 0 38.39999999999999 -128
v 0 31.999999999999986 -128
v 0 38.399999999999984 -153.60000000000002
v 0 31.999999999999982 -153.60000000000002
v 0 38.39999999999999 -140.8
v 0 31.999999999999982 -140.8
v 0 38.399999999999984 -166.4
v 0 31.99999999999998 -164.8
v 0 38.399999999999984 -153.60000000000002
v 0 31.999999999999982 -153.60000000000002
v -2.4000000000000004 63.99999999999999 -76.80000000000003
v -2.4000000000000004 63.999999999999986 -89.60000000000002
v -2.4000000000000004 38.4 -76.80000000000001
v -2.4000000000000004 38.39999999999999 -89.60000000000001
v -2.4000000000000004 63.999999999999986 -89.60000000000002
v -2.4000000000000004 63.999999999999986 -102.40000000000002
v -2.4000000000000004 38.39999999999999 -89.60000000000001
v -2.4000000000000004 38.39999999999999 -102.4
v -2.4000000000000004 38.4 -76.80000000000001
v -2.4000000000000004 38.39999999999999 -89.60000000000001
v 0 12.799999999999992 -76.80000000000001
v 0 12.79999999999999 -89.60000000000001
v 0 12.79999999999999 -89.60000000000001
v -2.4000000000000004 38.39999999999999 -89.60000000000001
v 0 12.799999999999988 -102.4
v -2.4000000000000004 38.39999999999999 -102.4
vt 0.4921875 0.25
vt 0.4921875 0.3125
vt 0.484375 0.3125
vt 0.25 0.25
vt 0.25 0.3125
vt 0.125 0.25
vt 0.125 0.3125
vt 0.375 0.25
vt 0.375 0.3125
vt 0.25 0.25
vt 0.25 0.3125
vt 0.4921875 0.25
vt 0.484375 0.3125
vt 0.375 0.25
vt 0.375 0.3125
vt 0.375 0
vt 0.4921875 0
vt 0.375 0.25
vt 0.4921875 0.25
vt 0 0
vt 0.1171875 0
vt 0 0.25
vt 0.1171875 0.25
vt 0.375 0.25
vt 0.4921875 0.25
vt 0.375 0.4921875
vt 0.4921875 0.4921875
vt 0 0.4921875
vt 0 0.25
vt 0.1171875 0.4921875
vt 0.1171875 0.25
vn 1 0 0
vn 1 0 0
vn 1 0 0
vn 1 0 0
vn 1 0 0
vn 1 0 0
vn 1 0 0
vn 1 0 0
vn 1 0 0
vn 1 0 0
vn 1 0 0
vn 1 0 0
vn 1 0 0
vn 1 0 0
vn 1 0 0
vn 1 0 0
vn 1 0 0
vn 1 0 0
vn 1 0 0
vn 1 0 0
vn 1 0 0
vn 1 0 0
vn 1 0 0
vn 0.9956342257130849 0.09334071238589212 -1.1430940465351646e-17
vn 0.9956342257130849 0.09334071238589212 -1.1430940465351646e-17
vn 0.9956342257130849 0.09334071238589212 -1.1430940465351646e-17
vn 0.9956342257130849 0.09334071238589212 -1.1430940465351646e-17
vn 0.9956342257130849 0.09334071238589212 -1.1430940465351646e-17
vn 0.9956342257130849 0.09334071238589212 -1.1430940465351646e-17
vn 0.9956342257130849 0.09334071238589212 -1.1430940465351646e-17
vn 0.9956342257130849 0.09334071238589212 -1.1430940465351646e-17
f 4544/4544/4544 4543/4543/4543 4542/4542/4542
f 4547/4547/4547 4546/4546/4546 4545/4545/4545
f 4546/4546/4546 4547/4547/4547 4548/4548/4548
f 4551/4551/4551 4550/4550/4550 4549/4549/4549
f 4550/4550/4550 4551/4551/4551 4552/4552/4552
f 4555/4555/4555 4554/4554/4554 4553/4553/4553
f 4554/4554/4554 4555/4555/4555 4556/4556/4556
f 4559/4559/4559 4558/4558/4558 4557/4557/4557
f 4558/4558/4558 4559/4559/4559 4560/4560/4560
f 4563/4563/4563 4562/4562/4562 4561/4561/4561
f 4562/4562/4562 4563/4563/4563 4564/4564/4564
f 4567/4567/4567 4566/4566/4566 4565/4565/4565
f 4566/4566/4566 4567/4567/4567 4568/4568/4568
f 4571/4571/4571 4570/4570/4570 4569/4569/4569
f 4570/4570/4570 4571/4571/4571 4572/4572/4572
o mesh_107
usemtl mat17
v 76.80000000000001 79.99999999999997 -175.20000000000002
v 76.80000000000001 79.99999999999997 -204.8
v 89.60000000000001 83.19999999999999 -166.4
v 89.60000000000001 83.19999999999997 -204.8
v 12.8 81.6 -166.4
v 12.8 81.59999999999998 -204.8
v 25.6 80.79999999999998 -175.20000000000002
v 25.6 80.79999999999998 -204.8
vt 0.96875 0.96875
vt 0.96875 0.96875
vt 0.96875 0.96875
vt 0.96875 0.96875
vt 0.96875 0.96875
vt 0.96875 0.96875
vt 0.96875 0.96875
vt 0.96875 0.96875
vn -0.24253562503633297 0.9701425001453319 -1.1880819075197913e-16
vn -0.24253562503633297 0.9701425001453319 -1.1880819075197913e-16
vn -0.24253562503633297 0.9701425001453319 -1.1880819075197913e-16
vn -0.24253562503633297 0.9701425001453319 -1.1880819075197913e-16
vn 0.06237828615518054 0.9980525784828886 -1.222261895619832e-16
vn 0.06237828615518054 0.9980525784828886 -1.222261895619832e-16
vn 0.06237828615518054 0.9980525784828886 -1.222261895619832e-16
vn 0.06237828615518054 0.9980525784828886 -1.222261895619832e-16
f 4575/4575/4575 4574/4574/4574 4573/4573/4573
f 4574/4574/4574 4575/4575/4575 4576/4576/4576
f 4579/4579/4579 4578/4578/4578 4577/4577/4577
f 4578/4578/4578 4579/4579/4579 4580/4580/4580
