mtllib MAP009.mtl
o mesh_0
usemtl mat0
v 51.2 0 0
v 44.800000000000004 7.837739514543061e-16 6.4
v 38.400000000000006 0 0
vt 0.625 0.3046875
vt 0.6796875 0.25
vt 0.7421875 0.3046875
vn 0 1 -1.2246467991473532e-16
vn 0 1 -1.2246467991473532e-16
vn 0 1 -1.2246467991473532e-16
f 3/3/3 2/2/2 1/1/1
o mesh_1
usemtl mat0
v 44.800000000000004 7.837739514543061e-16 6.4
v 38.400000000000006 0 0
v 51.2 0 0
vt 0.6796875 0.25
vt 0.7421875 0.3046875
vt 0.625 0.3046875
vn 0 1 -1.2246467991473532e-16
vn 0 1 -1.2246467991473532e-16
vn 0 1 -1.2246467991473532e-16
f 6/6/6 5/5/5 4/4/4
o mesh_2
usemtl mat1
v 0.1 11.200000000000001 -0.5000000000000013
v -0.7000000000000001 11.200000000000001 0.29999999999999866
v 0.1 -1.2246467991473533e-17 -0.1
v -0.30000000000000004 3.67394039744206e-17 0.30000000000000004
v -0.7000000000000001 11.200000000000001 0.29999999999999866
v 0.1 11.200000000000001 1.0999999999999988
v -0.30000000000000004 3.67394039744206e-17 0.30000000000000004
v 0.1 8.572527594031473e-17 0.7000000000000001
v 0.1 11.200000000000001 1.0999999999999988
v 0.9 11.200000000000001 0.29999999999999866
v 0.1 8.572527594031473e-17 0.7000000000000001
v 0.5 3.67394039744206e-17 0.30000000000000004
v 0.9 11.200000000000001 0.29999999999999866
v 0.1 11.200000000000001 -0.5000000000000013
v 0.5 3.67394039744206e-17 0.30000000000000004
v 0.1 -1.2246467991473533e-17 -0.1
v 0.1 -1.2246467991473533e-17 -0.1
v -0.30000000000000004 3.67394039744206e-17 0.30000000000000004
v 0.5 3.67394039744206e-17 0.30000000000000004
v 0.1 8.572527594031473e-17 0.7000000000000001
v -4.7 11.200000000000001 -0.5000000000000013
v -5.5 11.200000000000001 0.29999999999999866
v -4.7 -1.2246467991473533e-17 -0.1
v -5.1000000000000005 3.67394039744206e-17 0.30000000000000004
v -5.5 11.200000000000001 0.29999999999999866
v -4.7 11.200000000000001 1.0999999999999988
v -5.1000000000000005 3.67394039744206e-17 0.30000000000000004
v -4.7 8.572527594031473e-17 0.7000000000000001
v -4.7 11.200000000000001 1.0999999999999988
v -3.9000000000000004 11.200000000000001 0.29999999999999866
v -4.7 8.572527594031473e-17 0.7000000000000001
v -4.3 3.67394039744206e-17 0.30000000000000004
v -3.9000000000000004 11.200000000000001 0.29999999999999866
v -4.7 11.200000000000001 -0.5000000000000013
v -4.3 3.67394039744206e-17 0.30000000000000004
v -4.7 -1.2246467991473533e-17 -0.1
v -4.7 -1.2246467991473533e-17 -0.1
v -5.1000000000000005 3.67394039744206e-17 0.30000000000000004
v -4.3 3.67394039744206e-17 0.30000000000000004
v -4.7 8.572527594031473e-17 0.7000000000000001
vt 0.1953125 0.0625
vt 0.1875 0.0625
vt 0.1953125 0.1796875
vt 0.1875 0.1796875
vt 0.1875 0.0625
vt 0.1953125 0.0625
vt 0.1875 0.1796875
vt 0.1953125 0.1796875
vt 0.1953125 0.0625
vt 0.2109375 0.0625
vt 0.1953125 0.1796875
vt 0.2109375 0.1796875
vt 0.2109375 0.0625
vt 0.1953125 0.0625
vt 0.2109375 0.1796875
vt 0.1953125 0.1796875
vt 0.125 0
vt 0.125 0
vt 0.125 0
vt 0.125 0
vt 0.1953125 0.0625
vt 0.2109375 0.0625
vt 0.1953125 0.1796875
vt 0.2109375 0.1796875
vt 0.2109375 0.0625
vt 0.1953125 0.0625
vt 0.2109375 0.1796875
vt 0.1953125 0.1796875
vt 0.1953125 0.0625
vt 0.1875 0.0625
vt 0.1953125 0.1796875
vt 0.1875 0.1796875
vt 0.1875 0.0625
vt 0.1953125 0.0625
vt 0.1875 0.1796875
vt 0.1953125 0.1796875
vt 0.125 0
vt 0.125 0
vt 0.125 0
vt 0.125 0
vn -0.7068814084873145 -0.025245765387109247 -0.7068814084873145
vn -0.7068814084873145 -0.025245765387109247 -0.7068814084873145
vn -0.7068814084873145 -0.025245765387109247 -0.7068814084873145
vn -0.7068814084873145 -0.025245765387109247 -0.7068814084873145
vn -0.7068814084873145 -0.02524576538710907 0.7068814084873145
vn -0.7068814084873145 -0.02524576538710907 0.7068814084873145
vn -0.7068814084873145 -0.02524576538710907 0.7068814084873145
vn -0.7068814084873145 -0.02524576538710907 0.7068814084873145
vn 0.7068814084873145 -0.02524576538710907 0.7068814084873145
vn 0.7068814084873145 -0.02524576538710907 0.7068814084873145
vn 0.7068814084873145 -0.02524576538710907 0.7068814084873145
vn 0.7068814084873145 -0.02524576538710907 0.7068814084873145
vn 0.7068814084873145 -0.025245765387109247 -0.7068814084873145
vn 0.7068814084873145 -0.025245765387109247 -0.7068814084873145
vn 0.7068814084873145 -0.025245765387109247 -0.7068814084873145
vn 0.7068814084873145 -0.025245765387109247 -0.7068814084873145
vn 0 -1 1.2246467991473532e-16
vn 0 -1 1.2246467991473532e-16
vn 0 -1 1.2246467991473532e-16
vn 0 -1 1.2246467991473532e-16
vn -0.7068814084873145 -0.025245765387109247 -0.7068814084873145
vn -0.7068814084873145 -0.025245765387109247 -0.7068814084873145
vn -0.7068814084873145 -0.025245765387109247 -0.7068814084873145
vn -0.7068814084873145 -0.025245765387109247 -0.7068814084873145
vn -0.7068814084873145 -0.02524576538710907 0.7068814084873145
vn -0.7068814084873145 -0.02524576538710907 0.7068814084873145
vn -0.7068814084873145 -0.02524576538710907 0.7068814084873145
vn -0.7068814084873145 -0.02524576538710907 0.7068814084873145
vn 0.7068814084873145 -0.02524576538710907 0.7068814084873145
vn 0.7068814084873145 -0.02524576538710907 0.7068814084873145
vn 0.7068814084873145 -0.02524576538710907 0.7068814084873145
vn 0.7068814084873145 -0.02524576538710907 0.7068814084873145
vn 0.7068814084873145 -0.025245765387109247 -0.7068814084873145
vn 0.7068814084873145 -0.025245765387109247 -0.7068814084873145
vn 0.7068814084873145 -0.025245765387109247 -0.7068814084873145
vn 0.7068814084873145 -0.025245765387109247 -0.7068814084873145
vn 0 -1 1.2246467991473532e-16
vn 0 -1 1.2246467991473532e-16
vn 0 -1 1.2246467991473532e-16
vn 0 -1 1.2246467991473532e-16
f 9/9/9 8/8/8 7/7/7
f 8/8/8 9/9/9 10/10/10
f 13/13/13 12/12/12 11/11/11
f 12/12/12 13/13/13 14/14/14
f 17/17/17 16/16/16 15/15/15
f 16/16/16 17/17/17 18/18/18
f 21/21/21 20/20/20 19/19/19
f 20/20/20 21/21/21 22/22/22
f 25/25/25 24/24/24 23/23/23
f 24/24/24 25/25/25 26/26/26
f 29/29/29 28/28/28 27/27/27
f 28/28/28 29/29/29 30/30/30
f 33/33/33 32/32/32 31/31/31
f 32/32/32 33/33/33 34/34/34
f 37/37/37 36/36/36 35/35/35
f 36/36/36 37/37/37 38/38/38
f 41/41/41 40/40/40 39/39/39
f 40/40/40 41/41/41 42/42/42
f 45/45/45 44/44/44 43/43/43
f 44/44/44 45/45/45 46/46/46
o mesh_3
usemtl mat1
v 4.1000000000000005 25.6 1.099999999999997
v 4.1000000000000005 22.400000000000002 1.0999999999999974
v 0.1 25.6 1.099999999999997
v 0.1 22.400000000000002 1.0999999999999974
v 0.1 22.400000000000002 1.0999999999999974
v -4.7 22.400000000000002 1.0999999999999974
v 0.1 25.6 1.099999999999997
v -4.7 25.6 1.099999999999997
v -8.700000000000001 22.400000000000002 1.0999999999999974
v -8.700000000000001 25.6 1.099999999999997
v -4.7 22.400000000000002 1.0999999999999974
v -4.7 25.6 1.099999999999997
v -8.700000000000001 25.6 -0.5000000000000031
v -8.700000000000001 22.400000000000002 -0.5000000000000028
v -4.7 25.6 -0.5000000000000031
v -4.7 22.400000000000002 -0.5000000000000028
v 0.1 22.400000000000002 -0.5000000000000028
v 0.1 25.6 -0.5000000000000031
v -4.7 22.400000000000002 -0.5000000000000028
v -4.7 25.6 -0.5000000000000031
v 4.1000000000000005 22.400000000000002 -0.5000000000000028
v 4.1000000000000005 25.6 -0.5000000000000031
v 0.1 22.400000000000002 -0.5000000000000028
v 0.1 25.6 -0.5000000000000031
v 0.9 38.400000000000006 0.2999999999999953
v 0.1 38.400000000000006 1.0999999999999954
v 0.1 38.400000000000006 -0.5000000000000047
v -0.7000000000000001 38.400000000000006 0.2999999999999953
v 0.1 22.400000000000002 -0.5000000000000028
v -0.7000000000000001 22.400000000000002 0.2999999999999973
v 0.1 11.200000000000001 -0.5000000000000013
v -0.7000000000000001 11.200000000000001 0.29999999999999866
v -0.7000000000000001 22.400000000000002 0.2999999999999973
v 0.1 22.400000000000002 1.0999999999999974
v -0.7000000000000001 11.200000000000001 0.29999999999999866
v 0.1 11.200000000000001 1.0999999999999988
v 0.1 22.400000000000002 1.0999999999999974
v 0.9 22.400000000000002 0.2999999999999973
v 0.1 11.200000000000001 1.0999999999999988
v 0.9 11.200000000000001 0.29999999999999866
v 0.9 22.400000000000002 0.2999999999999973
v 0.1 22.400000000000002 -0.5000000000000028
v 0.9 11.200000000000001 0.29999999999999866
v 0.1 11.200000000000001 -0.5000000000000013
v -5.5 38.400000000000006 0.2999999999999953
v -4.7 38.400000000000006 1.0999999999999954
v -5.5 25.6 0.29999999999999694
v -4.7 25.6 1.099999999999997
v -4.7 38.400000000000006 -0.5000000000000047
v -5.5 38.400000000000006 0.2999999999999953
v -4.7 25.6 -0.5000000000000031
v -5.5 25.6 0.29999999999999694
v 0.1 38.400000000000006 1.0999999999999954
v 0.9 38.400000000000006 0.2999999999999953
v 0.1 25.6 1.099999999999997
v 0.9 25.6 0.29999999999999694
v 0.9 38.400000000000006 0.2999999999999953
v 0.1 38.400000000000006 -0.5000000000000047
v 0.9 25.6 0.29999999999999694
v 0.1 25.6 -0.5000000000000031
v 0.1 38.400000000000006 -0.5000000000000047
v -0.7000000000000001 38.400000000000006 0.2999999999999953
v 0.1 25.6 -0.5000000000000031
v -0.7000000000000001 25.6 0.29999999999999694
v -0.7000000000000001 38.400000000000006 0.2999999999999953
v 0.1 38.400000000000006 1.0999999999999954
v -0.7000000000000001 25.6 0.29999999999999694
v 0.1 25.6 1.099999999999997
v -3.9000000000000004 38.400000000000006 0.2999999999999953
v -4.7 38.400000000000006 1.0999999999999954
v -4.7 38.400000000000006 -0.5000000000000047
v -5.5 38.400000000000006 0.2999999999999953
v -4.7 22.400000000000002 -0.5000000000000028
v -5.5 22.400000000000002 0.2999999999999973
v -4.7 11.200000000000001 -0.5000000000000013
v -5.5 11.200000000000001 0.29999999999999866
v -5.5 22.400000000000002 0.2999999999999973
v -4.7 22.400000000000002 1.0999999999999974
v -5.5 11.200000000000001 0.29999999999999866
v -4.7 11.200000000000001 1.0999999999999988
v -4.7 22.400000000000002 1.0999999999999974
v -3.9000000000000004 22.400000000000002 0.2999999999999973
v -4.7 11.200000000000001 1.0999999999999988
v -3.9000000000000004 11.200000000000001 0.29999999999999866
v -3.9000000000000004 22.400000000000002 0.2999999999999973
v -4.7 22.400000000000002 -0.5000000000000028
v -3.9000000000000004 11.200000000000001 0.29999999999999866
v -4.7 11.200000000000001 -0.5000000000000013
v -3.9000000000000004 38.400000000000006 0.2999999999999953
v -4.7 38.400000000000006 -0.5000000000000047
v -3.9000000000000004 25.6 0.29999999999999694
v -4.7 25.6 -0.5000000000000031
v -4.7 38.400000000000006 1.0999999999999954
v -3.9000000000000004 38.400000000000006 0.2999999999999953
v -4.7 25.6 1.099999999999997
v -3.9000000000000004 25.6 0.29999999999999694
v 4.1000000000000005 25.6 1.099999999999997
v 0.1 25.6 1.099999999999997
v 4.1000000000000005 25.6 0.29999999999999694
v 0.9 25.6 0.29999999999999694
v 4.1000000000000005 25.6 0.29999999999999694
v 0.9 25.6 0.29999999999999694
v 4.1000000000000005 25.6 -0.5000000000000031
v 0.1 25.6 -0.5000000000000031
v -4.7 25.6 1.099999999999997
v -3.9000000000000004 25.6 0.29999999999999694
v 0.1 25.6 1.099999999999997
v -0.7000000000000001 25.6 0.29999999999999694
v -4.7 25.6 -0.5000000000000031
v 0.1 25.6 -0.5000000000000031
v -3.9000000000000004 25.6 0.29999999999999694
v -0.7000000000000001 25.6 0.29999999999999694
v -8.700000000000001 25.6 0.29999999999999694
v -5.5 25.6 0.29999999999999694
v -8.700000000000001 25.6 1.099999999999997
v -4.7 25.6 1.099999999999997
v -8.700000000000001 25.6 -0.5000000000000031
v -4.7 25.6 -0.5000000000000031
v -8.700000000000001 25.6 0.29999999999999694
v -5.5 25.6 0.29999999999999694
v -8.700000000000001 22.400000000000002 1.0999999999999974
v -4.7 22.400000000000002 1.0999999999999974
v -8.700000000000001 22.400000000000002 0.2999999999999973
v -5.5 22.400000000000002 0.2999999999999973
v -8.700000000000001 22.400000000000002 0.2999999999999973
v -5.5 22.400000000000002 0.2999999999999973
v -8.700000000000001 22.400000000000002 -0.5000000000000028
v -4.7 22.400000000000002 -0.5000000000000028
v 0.1 22.400000000000002 1.0999999999999974
v -0.7000000000000001 22.400000000000002 0.2999999999999973
v -4.7 22.400000000000002 1.0999999999999974
v -3.9000000000000004 22.400000000000002 0.2999999999999973
v -3.9000000000000004 22.400000000000002 0.2999999999999973
v -0.7000000000000001 22.400000000000002 0.2999999999999973
v -4.7 22.400000000000002 -0.5000000000000028
v 0.1 22.400000000000002 -0.5000000000000028
v 4.1000000000000005 22.400000000000002 0.2999999999999973
v 0.9 22.400000000000002 0.2999999999999973
v 4.1000000000000005 22.400000000000002 1.0999999999999974
v 0.1 22.400000000000002 1.0999999999999974
v 4.1000000000000005 22.400000000000002 -0.5000000000000028
v 0.1 22.400000000000002 -0.5000000000000028
v 4.1000000000000005 22.400000000000002 0.2999999999999973
v 0.9 22.400000000000002 0.2999999999999973
vt 0.2421875 0.015625
vt 0.2421875 0.0546875
vt 0.203125 0.015625
vt 0.203125 0.0546875
vt 0.203125 0.0546875
vt 0.15625 0.0546875
vt 0.203125 0.015625
vt 0.15625 0.015625
vt 0.125 0.0546875
vt 0.125 0.015625
vt 0.15625 0.0546875
vt 0.15625 0.015625
vt 0.2421875 0.015625
vt 0.2421875 0.0546875
vt 0.203125 0.015625
vt 0.203125 0.0546875
vt 0.15625 0.0546875
vt 0.15625 0.015625
vt 0.203125 0.0546875
vt 0.203125 0.015625
vt 0.125 0.0546875
vt 0.125 0.015625
vt 0.15625 0.0546875
vt 0.15625 0.015625
vt 0.203125 0.0078125
vt 0.203125 0.0078125
vt 0.203125 0.0078125
vt 0.203125 0.0078125
vt 0.1328125 0.0625
vt 0.1484375 0.0625
vt 0.1328125 0.1796875
vt 0.1484375 0.1796875
vt 0.1484375 0.0625
vt 0.1328125 0.0625
vt 0.1484375 0.1796875
vt 0.1328125 0.1796875
vt 0.1328125 0.0625
vt 0.125 0.0625
vt 0.1328125 0.1796875
vt 0.125 0.1796875
vt 0.125 0.0625
vt 0.1328125 0.0625
vt 0.125 0.1796875
vt 0.1328125 0.1796875
vt 0.1484375 0.0625
vt 0.1328125 0.0625
vt 0.1484375 0.1796875
vt 0.1328125 0.1796875
vt 0.1328125 0.0625
vt 0.1484375 0.0625
vt 0.1328125 0.1796875
vt 0.1484375 0.1796875
vt 0.1328125 0.0625
vt 0.1484375 0.0625
vt 0.1328125 0.1796875
vt 0.1484375 0.1796875
vt 0.1484375 0.0625
vt 0.1328125 0.0625
vt 0.1484375 0.1796875
vt 0.1328125 0.1796875
vt 0.1328125 0.0625
vt 0.125 0.0625
vt 0.1328125 0.1796875
vt 0.125 0.1796875
vt 0.125 0.0625
vt 0.1328125 0.0625
vt 0.125 0.1796875
vt 0.1328125 0.1796875
vt 0.203125 0.0078125
vt 0.203125 0.0078125
vt 0.203125 0.0078125
vt 0.203125 0.0078125
vt 0.1328125 0.0625
vt 0.125 0.0625
vt 0.1328125 0.1796875
vt 0.125 0.1796875
vt 0.125 0.0625
vt 0.1328125 0.0625
vt 0.125 0.1796875
vt 0.1328125 0.1796875
vt 0.1328125 0.0625
vt 0.1484375 0.0625
vt 0.1328125 0.1796875
vt 0.1484375 0.1796875
vt 0.1484375 0.0625
vt 0.1328125 0.0625
vt 0.1484375 0.1796875
vt 0.1328125 0.1796875
vt 0.125 0.0625
vt 0.1328125 0.0625
vt 0.125 0.1796875
vt 0.1328125 0.1796875
vt 0.1328125 0.0625
vt 0.125 0.0625
vt 0.1328125 0.1796875
vt 0.125 0.1796875
vt 0.125 0
vt 0.15625 0
vt 0.125 0.0078125
vt 0.1484375 0.0078125
vt 0.125 0.0078125
vt 0.1484375 0.0078125
vt 0.125 0.015625
vt 0.15625 0.015625
vt 0.203125 0
vt 0.1953125 0.0078125
vt 0.15625 0
vt 0.1640625 0.0078125
vt 0.203125 0.015625
vt 0.15625 0.015625
vt 0.1953125 0.0078125
vt 0.1640625 0.0078125
vt 0.2421875 0.0078125
vt 0.2109375 0.0078125
vt 0.2421875 0
vt 0.203125 0
vt 0.2421875 0.015625
vt 0.203125 0.015625
vt 0.2421875 0.0078125
vt 0.2109375 0.0078125
vt 0.2421875 0.015625
vt 0.203125 0.015625
vt 0.2421875 0.0078125
vt 0.2109375 0.0078125
vt 0.2421875 0.0078125
vt 0.2109375 0.0078125
vt 0.2421875 0
vt 0.203125 0
vt 0.15625 0.015625
vt 0.1640625 0.0078125
vt 0.203125 0.015625
vt 0.1953125 0.0078125
vt 0.1953125 0.0078125
vt 0.1640625 0.0078125
vt 0.203125 0
vt 0.15625 0
vt 0.125 0.0078125
vt 0.1484375 0.0078125
vt 0.125 0.015625
vt 0.15625 0.015625
vt 0.125 0
vt 0.15625 0
vt 0.125 0.0078125
vt 0.1484375 0.0078125
vn 0 1.2246467991473532e-16 1
vn 0 1.2246467991473532e-16 1
vn 0 1.2246467991473532e-16 1
vn 0 1.2246467991473532e-16 1
vn 0 1.2246467991473532e-16 1
vn 0 1.2246467991473532e-16 1
vn 0 1.2246467991473532e-16 1
vn 0 1.2246467991473532e-16 1
vn 0 1.2246467991473532e-16 1
vn 0 1.2246467991473532e-16 1
vn 0 1.2246467991473532e-16 1
vn 0 1.2246467991473532e-16 1
vn 0 -1.2246467991473532e-16 -1
vn 0 -1.2246467991473532e-16 -1
vn 0 -1.2246467991473532e-16 -1
vn 0 -1.2246467991473532e-16 -1
vn 0 -1.2246467991473532e-16 -1
vn 0 -1.2246467991473532e-16 -1
vn 0 -1.2246467991473532e-16 -1
vn 0 -1.2246467991473532e-16 -1
vn 0 -1.2246467991473532e-16 -1
vn 0 -1.2246467991473532e-16 -1
vn 0 -1.2246467991473532e-16 -1
vn 0 -1.2246467991473532e-16 -1
vn 0 1 -1.2246467991473532e-16
vn 0 1 -1.2246467991473532e-16
vn 0 1 -1.2246467991473532e-16
vn 0 1 -1.2246467991473532e-16
vn -0.7071067811865475 -8.659560562354932e-17 -0.7071067811865475
vn -0.7071067811865475 -8.659560562354932e-17 -0.7071067811865475
vn -0.7071067811865475 -8.659560562354932e-17 -0.7071067811865475
vn -0.7071067811865475 -8.659560562354932e-17 -0.7071067811865475
vn -0.7071067811865475 8.659560562354932e-17 0.7071067811865475
vn -0.7071067811865475 8.659560562354932e-17 0.7071067811865475
vn -0.7071067811865475 8.659560562354932e-17 0.7071067811865475
vn -0.7071067811865475 8.659560562354932e-17 0.7071067811865475
vn 0.7071067811865475 8.659560562354932e-17 0.7071067811865475
vn 0.7071067811865475 8.659560562354932e-17 0.7071067811865475
vn 0.7071067811865475 8.659560562354932e-17 0.7071067811865475
vn 0.7071067811865475 8.659560562354932e-17 0.7071067811865475
vn 0.7071067811865475 -8.659560562354932e-17 -0.7071067811865475
vn 0.7071067811865475 -8.659560562354932e-17 -0.7071067811865475
vn 0.7071067811865475 -8.659560562354932e-17 -0.7071067811865475
vn 0.7071067811865475 -8.659560562354932e-17 -0.7071067811865475
vn -0.7071067811865475 8.659560562354932e-17 0.7071067811865475
vn -0.7071067811865475 8.659560562354932e-17 0.7071067811865475
vn -0.7071067811865475 8.659560562354932e-17 0.7071067811865475
vn -0.7071067811865475 8.659560562354932e-17 0.7071067811865475
vn -0.7071067811865475 -8.659560562354932e-17 -0.7071067811865475
vn -0.7071067811865475 -8.659560562354932e-17 -0.7071067811865475
vn -0.7071067811865475 -8.659560562354932e-17 -0.7071067811865475
vn -0.7071067811865475 -8.659560562354932e-17 -0.7071067811865475
vn 0.7071067811865475 8.659560562354932e-17 0.7071067811865475
vn 0.7071067811865475 8.659560562354932e-17 0.7071067811865475
vn 0.7071067811865475 8.659560562354932e-17 0.7071067811865475
vn 0.7071067811865475 8.659560562354932e-17 0.7071067811865475
vn 0.7071067811865475 -8.659560562354932e-17 -0.7071067811865475
vn 0.7071067811865475 -8.659560562354932e-17 -0.7071067811865475
vn 0.7071067811865475 -8.659560562354932e-17 -0.7071067811865475
vn 0.7071067811865475 -8.659560562354932e-17 -0.7071067811865475
vn -0.7071067811865475 -8.659560562354932e-17 -0.7071067811865475
vn -0.7071067811865475 -8.659560562354932e-17 -0.7071067811865475
vn -0.7071067811865475 -8.659560562354932e-17 -0.7071067811865475
vn -0.7071067811865475 -8.659560562354932e-17 -0.7071067811865475
vn -0.7071067811865475 8.659560562354932e-17 0.7071067811865475
vn -0.7071067811865475 8.659560562354932e-17 0.7071067811865475
vn -0.7071067811865475 8.659560562354932e-17 0.7071067811865475
vn -0.7071067811865475 8.659560562354932e-17 0.7071067811865475
vn 0 1 -1.2246467991473532e-16
vn 0 1 -1.2246467991473532e-16
vn 0 1 -1.2246467991473532e-16
vn 0 1 -1.2246467991473532e-16
vn -0.7071067811865475 -8.659560562354932e-17 -0.7071067811865475
vn -0.7071067811865475 -8.659560562354932e-17 -0.7071067811865475
vn -0.7071067811865475 -8.659560562354932e-17 -0.7071067811865475
vn -0.7071067811865475 -8.659560562354932e-17 -0.7071067811865475
vn -0.7071067811865475 8.659560562354932e-17 0.7071067811865475
vn -0.7071067811865475 8.659560562354932e-17 0.7071067811865475
vn -0.7071067811865475 8.659560562354932e-17 0.7071067811865475
vn -0.7071067811865475 8.659560562354932e-17 0.7071067811865475
vn 0.7071067811865475 8.659560562354932e-17 0.7071067811865475
vn 0.7071067811865475 8.659560562354932e-17 0.7071067811865475
vn 0.7071067811865475 8.659560562354932e-17 0.7071067811865475
vn 0.7071067811865475 8.659560562354932e-17 0.7071067811865475
vn 0.7071067811865475 -8.659560562354932e-17 -0.7071067811865475
vn 0.7071067811865475 -8.659560562354932e-17 -0.7071067811865475
vn 0.7071067811865475 -8.659560562354932e-17 -0.7071067811865475
vn 0.7071067811865475 -8.659560562354932e-17 -0.7071067811865475
vn 0.7071067811865475 -8.659560562354932e-17 -0.7071067811865475
vn 0.7071067811865475 -8.659560562354932e-17 -0.7071067811865475
vn 0.7071067811865475 -8.659560562354932e-17 -0.7071067811865475
vn 0.7071067811865475 -8.659560562354932e-17 -0.7071067811865475
vn 0.7071067811865475 8.659560562354932e-17 0.7071067811865475
vn 0.7071067811865475 8.659560562354932e-17 0.7071067811865475
vn 0.7071067811865475 8.659560562354932e-17 0.7071067811865475
vn 0.7071067811865475 8.659560562354932e-17 0.7071067811865475
vn 0 1 -1.2246467991473532e-16
vn 0 1 -1.2246467991473532e-16
vn 0 1 -1.2246467991473532e-16
vn 0 1 -1.2246467991473532e-16
vn 0 1 -1.2246467991473532e-16
vn 0 1 -1.2246467991473532e-16
vn 0 1 -1.2246467991473532e-16
vn 0 1 -1.2246467991473532e-16
vn 0 1 -1.2246467991473532e-16
vn 0 1 -1.2246467991473532e-16
vn 0 1 -1.2246467991473532e-16
vn 0 1 -1.2246467991473532e-16
vn 0 1 -1.2246467991473532e-16
vn 0 1 -1.2246467991473532e-16
vn 0 1 -1.2246467991473532e-16
vn 0 1 -1.2246467991473532e-16
vn 0 1 -1.2246467991473532e-16
vn 0 1 -1.2246467991473532e-16
vn 0 1 -1.2246467991473532e-16
vn 0 1 -1.2246467991473532e-16
vn 0 1 -1.2246467991473532e-16
vn 0 1 -1.2246467991473532e-16
vn 0 1 -1.2246467991473532e-16
vn 0 1 -1.2246467991473532e-16
vn 0 -1 1.2246467991473532e-16
vn 0 -1 1.2246467991473532e-16
vn 0 -1 1.2246467991473532e-16
vn 0 -1 1.2246467991473532e-16
vn 0 -1 1.2246467991473532e-16
vn 0 -1 1.2246467991473532e-16
vn 0 -1 1.2246467991473532e-16
vn 0 -1 1.2246467991473532e-16
vn 0 -1 1.2246467991473532e-16
vn 0 -1 1.2246467991473532e-16
vn 0 -1 1.2246467991473532e-16
vn 0 -1 1.2246467991473532e-16
vn 0 -1 1.2246467991473532e-16
vn 0 -1 1.2246467991473532e-16
vn 0 -1 1.2246467991473532e-16
vn 0 -1 1.2246467991473532e-16
vn 0 -1 1.2246467991473532e-16
vn 0 -1 1.2246467991473532e-16
vn 0 -1 1.2246467991473532e-16
vn 0 -1 1.2246467991473532e-16
vn 0 -1 1.2246467991473532e-16
vn 0 -1 1.2246467991473532e-16
vn 0 -1 1.2246467991473532e-16
vn 0 -1 1.2246467991473532e-16
f 49/49/49 48/48/48 47/47/47
f 48/48/48 49/49/49 50/50/50
f 53/53/53 52/52/52 51/51/51
f 52/52/52 53/53/53 54/54/54
f 57/57/57 56/56/56 55/55/55
f 56/56/56 57/57/57 58/58/58
f 61/61/61 60/60/60 59/59/59
f 60/60/60 61/61/61 62/62/62
f 65/65/65 64/64/64 63/63/63
f 64/64/64 65/65/65 66/66/66
f 69/69/69 68/68/68 67/67/67
f 68/68/68 69/69/69 70/70/70
f 73/73/73 72/72/72 71/71/71
f 72/72/72 73/73/73 74/74/74
f 77/77/77 76/76/76 75/75/75
f 76/76/76 77/77/77 78/78/78
f 81/81/81 80/80/80 79/79/79
f 80/80/80 81/81/81 82/82/82
f 85/85/85 84/84/84 83/83/83
f 84/84/84 85/85/85 86/86/86
f 89/89/89 88/88/88 87/87/87
f 88/88/88 89/89/89 90/90/90
f 93/93/93 92/92/92 91/91/91
f 92/92/92 93/93/93 94/94/94
f 97/97/97 96/96/96 95/95/95
f 96/96/96 97/97/97 98/98/98
f 101/101/101 100/100/100 99/99/99
f 100/100/100 101/101/101 102/102/102
f 105/105/105 104/104/104 103/103/103
f 104/104/104 105/105/105 106/106/106
f 109/109/109 108/108/108 107/107/107
f 108/108/108 109/109/109 110/110/110
f 113/113/113 112/112/112 111/111/111
f 112/112/112 113/113/113 114/114/114
f 117/117/117 116/116/116 115/115/115
f 116/116/116 117/117/117 118/118/118
f 121/121/121 120/120/120 119/119/119
f 120/120/120 121/121/121 122/122/122
f 125/125/125 124/124/124 123/123/123
f 124/124/124 125/125/125 126/126/126
f 129/129/129 128/128/128 127/127/127
f 128/128/128 129/129/129 130/130/130
f 133/133/133 132/132/132 131/131/131
f 132/132/132 133/133/133 134/134/134
f 137/137/137 136/136/136 135/135/135
f 136/136/136 137/137/137 138/138/138
f 141/141/141 140/140/140 139/139/139
f 140/140/140 141/141/141 142/142/142
f 145/145/145 144/144/144 143/143/143
f 144/144/144 145/145/145 146/146/146
f 149/149/149 148/148/148 147/147/147
f 148/148/148 149/149/149 150/150/150
f 153/153/153 152/152/152 151/151/151
f 152/152/152 153/153/153 154/154/154
f 157/157/157 156/156/156 155/155/155
f 156/156/156 157/157/157 158/158/158
f 161/161/161 160/160/160 159/159/159
f 160/160/160 161/161/161 162/162/162
f 165/165/165 164/164/164 163/163/163
f 164/164/164 165/165/165 166/166/166
f 169/169/169 168/168/168 167/167/167
f 168/168/168 169/169/169 170/170/170
f 173/173/173 172/172/172 171/171/171
f 172/172/172 173/173/173 174/174/174
f 177/177/177 176/176/176 175/175/175
f 176/176/176 177/177/177 178/178/178
f 181/181/181 180/180/180 179/179/179
f 180/180/180 181/181/181 182/182/182
f 185/185/185 184/184/184 183/183/183
f 184/184/184 185/185/185 186/186/186
f 189/189/189 188/188/188 187/187/187
f 188/188/188 189/189/189 190/190/190
o mesh_4
usemtl mat2
v -0.7000000000000001 1.8 -0.10000000000000023
v 0.9 1.8 -0.10000000000000023
v -0.7000000000000001 -1.4000000000000001 -0.09999999999999984
v 0.9 -1.4000000000000001 -0.09999999999999984
vt 0.625 0.375
vt 0.6484375 0.375
vt 0.625 0.4296875
vt 0.6484375 0.4296875
vn 0 1.2246467991473532e-16 1
vn 0 1.2246467991473532e-16 1
vn 0 1.2246467991473532e-16 1
vn 0 1.2246467991473532e-16 1
f 193/193/193 192/192/192 191/191/191
f 192/192/192 193/193/193 194/194/194
o mesh_5
usemtl mat2
v -0.7000000000000001 1.7000000000000002 -0.10000000000000021
v 0.9 1.7000000000000002 -0.10000000000000021
v -0.7000000000000001 -1.5 -0.09999999999999983
v 0.9 -1.5 -0.09999999999999983
vt 0.625 0.375
vt 0.6484375 0.375
vt 0.625 0.4296875
vt 0.6484375 0.4296875
vn 0 1.2246467991473532e-16 1
vn 0 1.2246467991473532e-16 1
vn 0 1.2246467991473532e-16 1
vn 0 1.2246467991473532e-16 1
f 197/197/197 196/196/196 195/195/195
f 196/196/196 197/197/197 198/198/198
o mesh_6
usemtl mat2
v -0.8 1.7000000000000002 -0.10000000000000021
v 0.8 1.7000000000000002 -0.10000000000000021
v -0.8 -1.5 -0.09999999999999983
v 0.8 -1.5 -0.09999999999999983
vt 0.625 0.375
vt 0.6484375 0.375
vt 0.625 0.4296875
vt 0.6484375 0.4296875
vn 0 1.2246467991473532e-16 1
vn 0 1.2246467991473532e-16 1
vn 0 1.2246467991473532e-16 1
vn 0 1.2246467991473532e-16 1
f 201/201/201 200/200/200 199/199/199
f 200/200/200 201/201/201 202/202/202
o mesh_7
usemtl mat3
v -6.5 9.200000000000001 0.09999999999999888
v 6.300000000000001 9.200000000000001 0.09999999999999888
v -6.5 -9.200000000000001 0.10000000000000113
v 6.300000000000001 -9.200000000000001 0.10000000000000113
vt 0 0.625
vt 0.0546875 0.625
vt 0 0.7421875
vt 0.0546875 0.7421875
vn 0 1.2246467991473532e-16 1
vn 0 1.2246467991473532e-16 1
vn 0 1.2246467991473532e-16 1
vn 0 1.2246467991473532e-16 1
f 205/205/205 204/204/204 203/203/203
f 204/204/204 205/205/205 206/206/206
o mesh_8
usemtl mat4
v 64 -4.702643708725837e-15 -38.400000000000006
v 64 -3.1350958058172244e-15 -25.6
v 52.800000000000004 -3.1350958058172244e-15 -25.6
v 51.2 -2.939152317953648e-15 -24
v 51.2 -1.5675479029086122e-15 -12.8
v 38.400000000000006 -1.5675479029086122e-15 -12.8
v 12.8 -4.702643708725837e-15 -38.400000000000006
v 25.6 -4.702643708725837e-15 -38.400000000000006
v 12.8 -3.1350958058172244e-15 -25.6
v 25.6 -3.1350958058172244e-15 -25.6
v 52.800000000000004 -3.1350958058172244e-15 -25.6
v 51.2 -3.1350958058172244e-15 -25.6
v 64 -4.702643708725837e-15 -38.400000000000006
v 51.2 -4.702643708725837e-15 -38.400000000000006
v 25.6 -1.410793112617751e-14 -115.2
v 25.6 -1.567547902908612e-14 -128
v 38.400000000000006 -1.410793112617751e-14 -115.2
v 38.400000000000006 -1.567547902908612e-14 -128
v 51.2 -2.821586225235502e-14 -230.4
v 51.2 -2.5080766446537795e-14 -204.8
v 38.400000000000006 -2.821586225235502e-14 -230.4
v 38.400000000000006 -2.5080766446537795e-14 -204.8
v 51.2 -1.410793112617751e-14 -115.2
v 51.2 -1.567547902908612e-14 -128
v 64 -1.410793112617751e-14 -115.2
v 64 -1.567547902908612e-14 -128
v 25.6 -1.7243026931994733e-14 -140.8
v 25.6 -1.8810574834903348e-14 -153.60000000000002
v 38.400000000000006 -1.7243026931994733e-14 -140.8
v 38.400000000000006 -1.8810574834903348e-14 -153.60000000000002
v 12.8 -1.410793112617751e-14 -115.2
v 12.8 -1.567547902908612e-14 -128
v 25.6 -1.410793112617751e-14 -115.2
v 25.6 -1.567547902908612e-14 -128
v 64 -1.7243026931994733e-14 -140.8
v 64 -1.8810574834903348e-14 -153.60000000000002
v 76.80000000000001 -1.7243026931994733e-14 -140.8
v 76.80000000000001 -1.8810574834903348e-14 -153.60000000000002
v 25.6 -4.702643708725837e-15 -38.400000000000006
v 25.6 -6.270191611634449e-15 -51.2
v 38.400000000000006 -4.702643708725837e-15 -38.400000000000006
v 38.400000000000006 -6.270191611634449e-15 -51.2
v 51.2 -1.0972835320360286e-14 -89.60000000000001
v 51.2 -1.2540383223268897e-14 -102.4
v 64 -1.0972835320360286e-14 -89.60000000000001
v 64 -1.2540383223268897e-14 -102.4
v 51.2 -7.83773951454306e-15 -64
v 51.2 -9.405287417451674e-15 -76.80000000000001
v 64 -7.83773951454306e-15 -64
v 64 -9.405287417451674e-15 -76.80000000000001
v 25.6 -1.0972835320360286e-14 -89.60000000000001
v 25.6 -1.2540383223268897e-14 -102.4
v 38.400000000000006 -1.0972835320360286e-14 -89.60000000000001
v 38.400000000000006 -1.2540383223268897e-14 -102.4
v 51.2 -2.194567064072057e-14 -179.20000000000002
v 38.400000000000006 -2.194567064072057e-14 -179.20000000000002
v 51.2 -2.3513218543629183e-14 -192
v 38.400000000000006 -2.3513218543629183e-14 -192
v 51.2 -4.702643708725837e-15 -38.400000000000006
v 51.2 -6.270191611634449e-15 -51.2
v 64 -4.702643708725837e-15 -38.400000000000006
v 64 -6.270191611634449e-15 -51.2
v 64 -2.194567064072057e-14 -179.20000000000002
v 76.80000000000001 -2.194567064072057e-14 -179.20000000000002
v 64 -2.037812273781196e-14 -166.4
v 76.80000000000001 -2.037812273781196e-14 -166.4
v 76.80000000000001 -2.3513218543629183e-14 -192
v 64 -2.3513218543629183e-14 -192
v 76.80000000000001 -2.5080766446537795e-14 -204.8
v 64 -2.5080766446537795e-14 -204.8
v 25.6 -2.037812273781196e-14 -166.4
v 25.6 -2.194567064072057e-14 -179.20000000000002
v 38.400000000000006 -2.037812273781196e-14 -166.4
v 38.400000000000006 -2.194567064072057e-14 -179.20000000000002
v 25.6 -7.83773951454306e-15 -64
v 25.6 -9.405287417451674e-15 -76.80000000000001
v 38.400000000000006 -7.83773951454306e-15 -64
v 38.400000000000006 -9.405287417451674e-15 -76.80000000000001
v 51.2 -2.037812273781196e-14 -166.4
v 51.2 -1.8810574834903348e-14 -153.60000000000002
v 38.400000000000006 -2.037812273781196e-14 -166.4
v 38.400000000000006 -1.8810574834903348e-14 -153.60000000000002
v 51.2 -1.7243026931994733e-14 -140.8
v 51.2 -1.567547902908612e-14 -128
v 38.400000000000006 -1.7243026931994733e-14 -140.8
v 38.400000000000006 -1.567547902908612e-14 -128
v 76.80000000000001 -2.037812273781196e-14 -166.4
v 89.60000000000001 -2.037812273781196e-14 -166.4
v 76.80000000000001 -1.8810574834903348e-14 -153.60000000000002
v 89.60000000000001 -1.8810574834903348e-14 -153.60000000000002
v 25.6 -2.3513218543629183e-14 -192
v 25.6 -2.5080766446537795e-14 -204.8
v 38.400000000000006 -2.3513218543629183e-14 -192
v 38.400000000000006 -2.5080766446537795e-14 -204.8
v 51.2 -4.702643708725837e-15 -38.400000000000006
v 51.2 -3.1350958058172244e-15 -25.6
v 38.400000000000006 -4.702643708725837e-15 -38.400000000000006
v 38.400000000000006 -3.1350958058172244e-15 -25.6
v 51.2 -7.83773951454306e-15 -64
v 51.2 -6.270191611634449e-15 -51.2
v 38.400000000000006 -7.83773951454306e-15 -64
v 38.400000000000006 -6.270191611634449e-15 -51.2
v 51.2 -1.0972835320360286e-14 -89.60000000000001
v 51.2 -9.405287417451674e-15 -76.80000000000001
v 38.400000000000006 -1.0972835320360286e-14 -89.60000000000001
v 38.400000000000006 -9.405287417451674e-15 -76.80000000000001
v 51.2 -1.410793112617751e-14 -115.2
v 51.2 -1.2540383223268897e-14 -102.4
v 38.400000000000006 -1.410793112617751e-14 -115.2
v 38.400000000000006 -1.2540383223268897e-14 -102.4
v 51.2 -1.7243026931994733e-14 -140.8
v 51.2 -1.8810574834903348e-14 -153.60000000000002
v 64 -1.7243026931994733e-14 -140.8
v 64 -1.8810574834903348e-14 -153.60000000000002
v 51.2 -2.194567064072057e-14 -179.20000000000002
v 64 -2.194567064072057e-14 -179.20000000000002
v 51.2 -2.037812273781196e-14 -166.4
v 64 -2.037812273781196e-14 -166.4
v 51.2 -2.5080766446537795e-14 -204.8
v 64 -2.5080766446537795e-14 -204.8
v 51.2 -2.3513218543629183e-14 -192
v 64 -2.3513218543629183e-14 -192
v 12.8 -6.270191611634449e-15 -51.2
v 25.6 -6.270191611634449e-15 -51.2
v 12.8 -4.702643708725837e-15 -38.400000000000006
v 25.6 -4.702643708725837e-15 -38.400000000000006
v 25.6 -4.702643708725837e-15 -38.400000000000006
v 38.400000000000006 -4.702643708725837e-15 -38.400000000000006
v 25.6 -3.1350958058172244e-15 -25.6
v 38.400000000000006 -3.1350958058172244e-15 -25.6
v 25.6 -7.83773951454306e-15 -64
v 25.6 -6.270191611634449e-15 -51.2
v 12.8 -7.83773951454306e-15 -64
v 12.8 -6.270191611634449e-15 -51.2
v 0 -1.567547902908612e-14 -128
v 12.8 -1.567547902908612e-14 -128
v 0 -1.410793112617751e-14 -115.2
v 12.8 -1.410793112617751e-14 -115.2
v 38.400000000000006 -2.037812273781196e-14 -166.4
v 38.400000000000006 -1.8810574834903348e-14 -153.60000000000002
v 25.6 -2.037812273781196e-14 -166.4
v 25.6 -1.8810574834903348e-14 -153.60000000000002
v 38.400000000000006 -2.194567064072057e-14 -179.20000000000002
v 51.2 -2.194567064072057e-14 -179.20000000000002
v 38.400000000000006 -2.037812273781196e-14 -166.4
v 51.2 -2.037812273781196e-14 -166.4
v 64 -2.037812273781196e-14 -166.4
v 64 -1.8810574834903348e-14 -153.60000000000002
v 51.2 -2.037812273781196e-14 -166.4
v 51.2 -1.8810574834903348e-14 -153.60000000000002
v 38.400000000000006 -2.3513218543629183e-14 -192
v 38.400000000000006 -2.194567064072057e-14 -179.20000000000002
v 25.6 -2.3513218543629183e-14 -192
v 25.6 -2.194567064072057e-14 -179.20000000000002
v 38.400000000000006 -2.5080766446537795e-14 -204.8
v 51.2 -2.5080766446537795e-14 -204.8
v 38.400000000000006 -2.3513218543629183e-14 -192
v 51.2 -2.3513218543629183e-14 -192
v 64 -2.194567064072057e-14 -179.20000000000002
v 51.2 -2.194567064072057e-14 -179.20000000000002
v 64 -2.3513218543629183e-14 -192
v 51.2 -2.3513218543629183e-14 -192
v 76.80000000000001 -2.3513218543629183e-14 -192
v 89.60000000000001 -2.3513218543629183e-14 -192
v 76.80000000000001 -2.194567064072057e-14 -179.20000000000002
v 89.60000000000001 -2.194567064072057e-14 -179.20000000000002
v 38.400000000000006 -1.7243026931994733e-14 -140.8
v 38.400000000000006 -1.567547902908612e-14 -128
v 25.6 -1.7243026931994733e-14 -140.8
v 25.6 -1.567547902908612e-14 -128
v 38.400000000000006 -1.7243026931994733e-14 -140.8
v 38.400000000000006 -1.8810574834903348e-14 -153.60000000000002
v 51.2 -1.7243026931994733e-14 -140.8
v 51.2 -1.8810574834903348e-14 -153.60000000000002
v 64 -1.7243026931994733e-14 -140.8
v 64 -1.567547902908612e-14 -128
v 51.2 -1.7243026931994733e-14 -140.8
v 51.2 -1.567547902908612e-14 -128
v 76.80000000000001 -1.7243026931994733e-14 -140.8
v 89.60000000000001 -1.7243026931994733e-14 -140.8
v 76.80000000000001 -1.567547902908612e-14 -128
v 89.60000000000001 -1.567547902908612e-14 -128
v 38.400000000000006 -4.702643708725837e-15 -38.400000000000006
v 38.400000000000006 -6.270191611634449e-15 -51.2
v 51.2 -4.702643708725837e-15 -38.400000000000006
v 51.2 -6.270191611634449e-15 -51.2
v 64 -7.83773951454306e-15 -64
v 64 -6.270191611634449e-15 -51.2
v 51.2 -7.83773951454306e-15 -64
v 51.2 -6.270191611634449e-15 -51.2
v 38.400000000000006 -7.83773951454306e-15 -64
v 38.400000000000006 -9.405287417451674e-15 -76.80000000000001
v 51.2 -7.83773951454306e-15 -64
v 51.2 -9.405287417451674e-15 -76.80000000000001
v 38.400000000000006 -7.83773951454306e-15 -64
v 38.400000000000006 -6.270191611634449e-15 -51.2
v 25.6 -7.83773951454306e-15 -64
v 25.6 -6.270191611634449e-15 -51.2
v 38.400000000000006 -1.0972835320360286e-14 -89.60000000000001
v 38.400000000000006 -9.405287417451674e-15 -76.80000000000001
v 25.6 -1.0972835320360286e-14 -89.60000000000001
v 25.6 -9.405287417451674e-15 -76.80000000000001
v 38.400000000000006 -1.0972835320360286e-14 -89.60000000000001
v 38.400000000000006 -1.2540383223268897e-14 -102.4
v 51.2 -1.0972835320360286e-14 -89.60000000000001
v 51.2 -1.2540383223268897e-14 -102.4
v 64 -1.0972835320360286e-14 -89.60000000000001
v 64 -9.405287417451674e-15 -76.80000000000001
v 51.2 -1.0972835320360286e-14 -89.60000000000001
v 51.2 -9.405287417451674e-15 -76.80000000000001
v 64 -1.410793112617751e-14 -115.2
v 64 -1.2540383223268897e-14 -102.4
v 51.2 -1.410793112617751e-14 -115.2
v 51.2 -1.2540383223268897e-14 -102.4
v 38.400000000000006 -1.410793112617751e-14 -115.2
v 38.400000000000006 -1.567547902908612e-14 -128
v 51.2 -1.410793112617751e-14 -115.2
v 51.2 -1.567547902908612e-14 -128
v 38.400000000000006 -1.410793112617751e-14 -115.2
v 38.400000000000006 -1.2540383223268897e-14 -102.4
v 25.6 -1.410793112617751e-14 -115.2
v 25.6 -1.2540383223268897e-14 -102.4
v 76.80000000000001 -2.5080766446537795e-14 -204.8
v 89.60000000000001 -2.5080766446537795e-14 -204.8
v 76.80000000000001 -2.3513218543629183e-14 -192
v 89.60000000000001 -2.3513218543629183e-14 -192
v 76.80000000000001 -2.194567064072057e-14 -179.20000000000002
v 64 -2.194567064072057e-14 -179.20000000000002
v 76.80000000000001 -2.3513218543629183e-14 -192
v 64 -2.3513218543629183e-14 -192
v 89.60000000000001 -2.194567064072057e-14 -179.20000000000002
v 89.60000000000001 -2.037812273781196e-14 -166.4
v 76.80000000000001 -2.194567064072057e-14 -179.20000000000002
v 76.80000000000001 -2.037812273781196e-14 -166.4
v 76.80000000000001 -1.8810574834903348e-14 -153.60000000000002
v 64 -1.8810574834903348e-14 -153.60000000000002
v 76.80000000000001 -2.037812273781196e-14 -166.4
v 64 -2.037812273781196e-14 -166.4
v 89.60000000000001 -1.7243026931994733e-14 -140.8
v 76.80000000000001 -1.7243026931994733e-14 -140.8
v 89.60000000000001 -1.8810574834903348e-14 -153.60000000000002
v 76.80000000000001 -1.8810574834903348e-14 -153.60000000000002
v 76.80000000000001 -1.567547902908612e-14 -128
v 64 -1.567547902908612e-14 -128
v 76.80000000000001 -1.7243026931994733e-14 -140.8
v 64 -1.7243026931994733e-14 -140.8
v 38.400000000000006 -1.3716044150450357e-15 -11.200000000000001
v 38.400000000000006 -1.5675479029086122e-15 -12.8
v 51.2 -1.3716044150450357e-15 -11.200000000000001
v 51.2 -1.5675479029086122e-15 -12.8
v 38.400000000000006 -1.5675479029086122e-15 -12.8
v 38.400000000000006 -3.1350958058172244e-15 -25.6
v 51.2 -2.939152317953648e-15 -24
v 51.2 -3.1350958058172244e-15 -25.6
vt 0.75 0.125
vt 0.75 0.25
vt 0.640625 0.25
vt 0.625 0.265625
vt 0.625 0.3671875
vt 0.5 0.3671875
vt 0.75 0.125
vt 0.875 0.125
vt 0.75 0.25
vt 0.875 0.25
vt 0.640625 0.25
vt 0.625 0.25
vt 0.75 0.125
vt 0.625 0.125
vt 0.875 0.375
vt 0.875 0.25
vt 0.9921875 0.375
vt 0.9921875 0.25
vt 0.625 0.25
vt 0.625 0.4921875
vt 0.5 0.25
vt 0.5 0.4921875
vt 0.625 0.375
vt 0.625 0.25
vt 0.75 0.375
vt 0.75 0.25
vt 0.875 0.125
vt 0.875 0
vt 0.9921875 0.125
vt 0.9921875 0
vt 0.75 0.375
vt 0.75 0.25
vt 0.875 0.375
vt 0.875 0.25
vt 0.75 0.125
vt 0.75 0
vt 0.875 0.125
vt 0.875 0
vt 0.875 0.125
vt 0.875 0
vt 0.9921875 0.125
vt 0.9921875 0
vt 0.625 0.125
vt 0.625 0
vt 0.75 0.125
vt 0.75 0
vt 0.625 0.375
vt 0.625 0.25
vt 0.75 0.375
vt 0.75 0.25
vt 0.875 0.125
vt 0.875 0
vt 0.9921875 0.125
vt 0.9921875 0
vt 0.625 0.25
vt 0.5 0.25
vt 0.625 0.125
vt 0.5 0.125
vt 0.625 0.125
vt 0.625 0
vt 0.75 0.125
vt 0.75 0
vt 0.75 0.25
vt 0.875 0.25
vt 0.75 0.375
vt 0.875 0.375
vt 0.875 0.125
vt 0.75 0.125
vt 0.875 0
vt 0.75 0
vt 0.875 0.375
vt 0.875 0.25
vt 0.9921875 0.375
vt 0.9921875 0.25
vt 0.875 0.375
vt 0.875 0.25
vt 0.9921875 0.375
vt 0.9921875 0.25
vt 0.625 0.375
vt 0.625 0.4921875
vt 0.5 0.375
vt 0.5 0.4921875
vt 0.625 0.125
vt 0.625 0.25
vt 0.5 0.125
vt 0.5 0.25
vt 0.875 0.375
vt 0.9921875 0.375
vt 0.875 0.4921875
vt 0.9921875 0.4921875
vt 0.875 0.125
vt 0.875 0
vt 0.9921875 0.125
vt 0.9921875 0
vt 0.625 0.125
vt 0.625 0.25
vt 0.5 0.125
vt 0.5 0.25
vt 0.625 0.375
vt 0.625 0.4921875
vt 0.5 0.375
vt 0.5 0.4921875
vt 0.625 0.125
vt 0.625 0.25
vt 0.5 0.125
vt 0.5 0.25
vt 0.625 0.375
vt 0.625 0.4921875
vt 0.5 0.375
vt 0.5 0.4921875
vt 0.625 0.125
vt 0.625 0
vt 0.75 0.125
vt 0.75 0
vt 0.625 0.25
vt 0.75 0.25
vt 0.625 0.375
vt 0.75 0.375
vt 0.625 0
vt 0.75 0
vt 0.625 0.125
vt 0.75 0.125
vt 0.75 0
vt 0.875 0
vt 0.75 0.125
vt 0.875 0.125
vt 0.875 0.125
vt 0.9921875 0.125
vt 0.875 0.25
vt 0.9921875 0.25
vt 0.875 0.375
vt 0.875 0.4921875
vt 0.75 0.375
vt 0.75 0.4921875
vt 0.625 0.25
vt 0.75 0.25
vt 0.625 0.375
vt 0.75 0.375
vt 0.9921875 0.375
vt 0.9921875 0.4921875
vt 0.875 0.375
vt 0.875 0.4921875
vt 0.5 0.25
vt 0.625 0.25
vt 0.5 0.375
vt 0.625 0.375
vt 0.75 0.375
vt 0.75 0.4921875
vt 0.625 0.375
vt 0.625 0.4921875
vt 0.9921875 0.125
vt 0.9921875 0.25
vt 0.875 0.125
vt 0.875 0.25
vt 0.5 0
vt 0.625 0
vt 0.5 0.125
vt 0.625 0.125
vt 0.75 0.25
vt 0.625 0.25
vt 0.75 0.125
vt 0.625 0.125
vt 0.875 0.125
vt 0.9921875 0.125
vt 0.875 0.25
vt 0.9921875 0.25
vt 0.9921875 0.125
vt 0.9921875 0.25
vt 0.875 0.125
vt 0.875 0.25
vt 0.5 0.125
vt 0.5 0
vt 0.625 0.125
vt 0.625 0
vt 0.75 0.125
vt 0.75 0.25
vt 0.625 0.125
vt 0.625 0.25
vt 0.875 0.125
vt 0.9921875 0.125
vt 0.875 0.25
vt 0.9921875 0.25
vt 0.5 0.125
vt 0.5 0
vt 0.625 0.125
vt 0.625 0
vt 0.75 0.375
vt 0.75 0.4921875
vt 0.625 0.375
vt 0.625 0.4921875
vt 0.5 0.375
vt 0.5 0.25
vt 0.625 0.375
vt 0.625 0.25
vt 0.9921875 0.375
vt 0.9921875 0.4921875
vt 0.875 0.375
vt 0.875 0.4921875
vt 0.9921875 0.125
vt 0.9921875 0.25
vt 0.875 0.125
vt 0.875 0.25
vt 0.5 0.125
vt 0.5 0
vt 0.625 0.125
vt 0.625 0
vt 0.75 0.125
vt 0.75 0.25
vt 0.625 0.125
vt 0.625 0.25
vt 0.75 0.375
vt 0.75 0.4921875
vt 0.625 0.375
vt 0.625 0.4921875
vt 0.5 0.375
vt 0.5 0.25
vt 0.625 0.375
vt 0.625 0.25
vt 0.9921875 0.375
vt 0.9921875 0.4921875
vt 0.875 0.375
vt 0.875 0.4921875
vt 0.875 0
vt 0.9921875 0
vt 0.875 0.125
vt 0.9921875 0.125
vt 0.875 0.25
vt 0.75 0.25
vt 0.875 0.125
vt 0.75 0.125
vt 0.9921875 0.25
vt 0.9921875 0.375
vt 0.875 0.25
vt 0.875 0.375
vt 0.875 0.4921875
vt 0.75 0.4921875
vt 0.875 0.375
vt 0.75 0.375
vt 0.9921875 0.125
vt 0.875 0.125
vt 0.9921875 0
vt 0.875 0
vt 0.875 0.25
vt 0.75 0.25
vt 0.875 0.125
vt 0.75 0.125
vt 0.5 0.390625
vt 0.5 0.3671875
vt 0.625 0.390625
vt 0.625 0.3671875
vt 0.5 0.3671875
vt 0.5 0.25
vt 0.625 0.265625
vt 0.625 0.25
vn 0 1 -1.2246467991473532e-16
vn 0 1 -1.2246467991473532e-16
vn 0 1 -1.2246467991473532e-16
vn 0 1 -1.2246467991473532e-16
vn 0 1 -1.2246467991473532e-16
vn 0 1 -1.2246467991473532e-16
vn 0 1 -1.2246467991473532e-16
vn 0 1 -1.2246467991473532e-16
vn 0 1 -1.2246467991473532e-16
vn 0 1 -1.2246467991473532e-16
vn 0 1 -1.2246467991473532e-16
vn 0 1 -1.2246467991473532e-16
vn 0 1 -1.2246467991473532e-16
vn 0 1 -1.2246467991473532e-16
vn 0 1 -1.2246467991473532e-16
vn 0 1 -1.2246467991473532e-16
vn 0 1 -1.2246467991473532e-16
vn 0 1 -1.2246467991473532e-16
vn 0 1 -1.2246467991473532e-16
vn 0 1 -1.2246467991473532e-16
vn 0 1 -1.2246467991473532e-16
vn 0 1 -1.2246467991473532e-16
vn 0 1 -1.2246467991473532e-16
vn 0 1 -1.2246467991473532e-16
vn 0 1 -1.2246467991473532e-16
vn 0 1 -1.2246467991473532e-16
vn 0 1 -1.2246467991473532e-16
vn 0 1 -1.2246467991473532e-16
vn 0 1 -1.2246467991473532e-16
vn 0 1 -1.2246467991473532e-16
vn 0 1 -1.2246467991473532e-16
vn 0 1 -1.2246467991473532e-16
vn 0 1 -1.2246467991473532e-16
vn 0 1 -1.2246467991473532e-16
vn 0 1 -1.2246467991473532e-16
vn 0 1 -1.2246467991473532e-16
vn 0 1 -1.2246467991473532e-16
vn 0 1 -1.2246467991473532e-16
vn 0 1 -1.2246467991473532e-16
vn 0 1 -1.2246467991473532e-16
vn 0 1 -1.2246467991473532e-16
vn 0 1 -1.2246467991473532e-16
vn 0 1 -1.2246467991473532e-16
vn 0 1 -1.2246467991473532e-16
vn 0 1 -1.2246467991473532e-16
vn 0 1 -1.2246467991473532e-16
vn 0 1 -1.2246467991473532e-16
vn 0 1 -1.2246467991473532e-16
vn 0 1 -1.2246467991473532e-16
vn 0 1 -1.2246467991473532e-16
vn 0 1 -1.2246467991473532e-16
vn 0 1 -1.2246467991473532e-16
vn 0 1 -1.2246467991473532e-16
vn 0 1 -1.2246467991473532e-16
vn 0 1 -1.2246467991473532e-16
vn 0 1 -1.2246467991473532e-16
vn 0 1 -1.2246467991473532e-16
vn 0 1 -1.2246467991473532e-16
vn 0 1 -1.2246467991473532e-16
vn 0 1 -1.2246467991473532e-16
vn 0 1 -1.2246467991473532e-16
vn 0 1 -1.2246467991473532e-16
vn 0 1 -1.2246467991473532e-16
vn 0 1 -1.2246467991473532e-16
vn 0 1 -1.2246467991473532e-16
vn 0 1 -1.2246467991473532e-16
vn 0 1 -1.2246467991473532e-16
vn 0 1 -1.2246467991473532e-16
vn 0 1 -1.2246467991473532e-16
vn 0 1 -1.2246467991473532e-16
vn 0 1 -1.2246467991473532e-16
vn 0 1 -1.2246467991473532e-16
vn 0 1 -1.2246467991473532e-16
vn 0 1 -1.2246467991473532e-16
vn 0 1 -1.2246467991473532e-16
vn 0 1 -1.2246467991473532e-16
vn 0 1 -1.2246467991473532e-16
vn 0 1 -1.2246467991473532e-16
vn 0 1 -1.2246467991473532e-16
vn 0 1 -1.2246467991473532e-16
vn 0 1 -1.2246467991473532e-16
vn 0 1 -1.2246467991473532e-16
vn 0 1 -1.2246467991473532e-16
vn 0 1 -1.2246467991473532e-16
vn 0 1 -1.2246467991473532e-16
vn 0 1 -1.2246467991473532e-16
vn 0 1 -1.2246467991473532e-16
vn 0 1 -1.2246467991473532e-16
vn 0 1 -1.2246467991473532e-16
vn 0 1 -1.2246467991473532e-16
vn 0 1 -1.2246467991473532e-16
vn 0 1 -1.2246467991473532e-16
vn 0 1 -1.2246467991473532e-16
vn 0 1 -1.2246467991473532e-16
vn 0 1 -1.2246467991473532e-16
vn 0 1 -1.2246467991473532e-16
vn 0 1 -1.2246467991473532e-16
vn 0 1 -1.2246467991473532e-16
vn 0 1 -1.2246467991473532e-16
vn 0 1 -1.2246467991473532e-16
vn 0 1 -1.2246467991473532e-16
vn 0 1 -1.2246467991473532e-16
vn 0 1 -1.2246467991473532e-16
vn 0 1 -1.2246467991473532e-16
vn 0 1 -1.2246467991473532e-16
vn 0 1 -1.2246467991473532e-16
vn 0 1 -1.2246467991473532e-16
vn 0 1 -1.2246467991473532e-16
vn 0 1 -1.2246467991473532e-16
vn 0 1 -1.2246467991473532e-16
vn 0 1 -1.2246467991473532e-16
vn 0 1 -1.2246467991473532e-16
vn 0 1 -1.2246467991473532e-16
vn 0 1 -1.2246467991473532e-16
vn 0 1 -1.2246467991473532e-16
vn 0 1 -1.2246467991473532e-16
vn 0 1 -1.2246467991473532e-16
vn 0 1 -1.2246467991473532e-16
vn 0 1 -1.2246467991473532e-16
vn 0 1 -1.2246467991473532e-16
vn 0 1 -1.2246467991473532e-16
vn 0 1 -1.2246467991473532e-16
vn 0 1 -1.2246467991473532e-16
vn 0 1 -1.2246467991473532e-16
vn 0 1 -1.2246467991473532e-16
vn 0 1 -1.2246467991473532e-16
vn 0 1 -1.2246467991473532e-16
vn 0 1 -1.2246467991473532e-16
vn 0 1 -1.2246467991473532e-16
vn 0 1 -1.2246467991473532e-16
vn 0 1 -1.2246467991473532e-16
vn 0 1 -1.2246467991473532e-16
vn 0 1 -1.2246467991473532e-16
vn 0 1 -1.2246467991473532e-16
vn 0 1 -1.2246467991473532e-16
vn 0 1 -1.2246467991473532e-16
vn 0 1 -1.2246467991473532e-16
vn 0 1 -1.2246467991473532e-16
vn 0 1 -1.2246467991473532e-16
vn 0 1 -1.2246467991473532e-16
vn 0 1 -1.2246467991473532e-16
vn 0 1 -1.2246467991473532e-16
vn 0 1 -1.2246467991473532e-16
vn 0 1 -1.2246467991473532e-16
vn 0 1 -1.2246467991473532e-16
vn 0 1 -1.2246467991473532e-16
vn 0 1 -1.2246467991473532e-16
vn 0 1 -1.2246467991473532e-16
vn 0 1 -1.2246467991473532e-16
vn 0 1 -1.2246467991473532e-16
vn 0 1 -1.2246467991473532e-16
vn 0 1 -1.2246467991473532e-16
vn 0 1 -1.2246467991473532e-16
vn 0 1 -1.2246467991473532e-16
vn 0 1 -1.2246467991473532e-16
vn 0 1 -1.2246467991473532e-16
vn 0 1 -1.2246467991473532e-16
vn 0 1 -1.2246467991473532e-16
vn 0 1 -1.2246467991473532e-16
vn 0 1 -1.2246467991473532e-16
vn 0 1 -1.2246467991473532e-16
vn 0 1 -1.2246467991473532e-16
vn 0 1 -1.2246467991473532e-16
vn 0 1 -1.2246467991473532e-16
vn 0 1 -1.2246467991473532e-16
vn 0 1 -1.2246467991473532e-16
vn 0 1 -1.2246467991473532e-16
vn 0 1 -1.2246467991473532e-16
vn 0 1 -1.2246467991473532e-16
vn 0 1 -1.2246467991473532e-16
vn 0 1 -1.2246467991473532e-16
vn 0 1 -1.2246467991473532e-16
vn 0 1 -1.2246467991473532e-16
vn 0 1 -1.2246467991473532e-16
vn 0 1 -1.2246467991473532e-16
vn 0 1 -1.2246467991473532e-16
vn 0 1 -1.2246467991473532e-16
vn 0 1 -1.2246467991473532e-16
vn 0 1 -1.2246467991473532e-16
vn 0 1 -1.2246467991473532e-16
vn 0 1 -1.2246467991473532e-16
vn 0 1 -1.2246467991473532e-16
vn 0 1 -1.2246467991473532e-16
vn 0 1 -1.2246467991473532e-16
vn 0 1 -1.2246467991473532e-16
vn 0 1 -1.2246467991473532e-16
vn 0 1 -1.2246467991473532e-16
vn 0 1 -1.2246467991473532e-16
vn 0 1 -1.2246467991473532e-16
vn 0 1 -1.2246467991473532e-16
vn 0 1 -1.2246467991473532e-16
vn 0 1 -1.2246467991473532e-16
vn 0 1 -1.2246467991473532e-16
vn 0 1 -1.2246467991473532e-16
vn 0 1 -1.2246467991473532e-16
vn 0 1 -1.2246467991473532e-16
vn 0 1 -1.2246467991473532e-16
vn 0 1 -1.2246467991473532e-16
vn 0 1 -1.2246467991473532e-16
vn 0 1 -1.2246467991473532e-16
vn 0 1 -1.2246467991473532e-16
vn 0 1 -1.2246467991473532e-16
vn 0 1 -1.2246467991473532e-16
vn 0 1 -1.2246467991473532e-16
vn 0 1 -1.2246467991473532e-16
vn 0 1 -1.2246467991473532e-16
vn 0 1 -1.2246467991473532e-16
vn 0 1 -1.2246467991473532e-16
vn 0 1 -1.2246467991473532e-16
vn 0 1 -1.2246467991473532e-16
vn 0 1 -1.2246467991473532e-16
vn 0 1 -1.2246467991473532e-16
vn 0 1 -1.2246467991473532e-16
vn 0 1 -1.2246467991473532e-16
vn 0 1 -1.2246467991473532e-16
vn 0 1 -1.2246467991473532e-16
vn 0 1 -1.2246467991473532e-16
vn 0 1 -1.2246467991473532e-16
vn 0 1 -1.2246467991473532e-16
vn 0 1 -1.2246467991473532e-16
vn 0 1 -1.2246467991473532e-16
vn 0 1 -1.2246467991473532e-16
vn 0 1 -1.2246467991473532e-16
vn 0 1 -1.2246467991473532e-16
vn 0 1 -1.2246467991473532e-16
vn 0 1 -1.2246467991473532e-16
vn 0 1 -1.2246467991473532e-16
vn 0 1 -1.2246467991473532e-16
vn 0 1 -1.2246467991473532e-16
vn 0 1 -1.2246467991473532e-16
vn 0 1 -1.2246467991473532e-16
vn 0 1 -1.2246467991473532e-16
vn 0 1 -1.2246467991473532e-16
vn 0 1 -1.2246467991473532e-16
vn 0 1 -1.2246467991473532e-16
vn 0 1 -1.2246467991473532e-16
vn 0 1 -1.2246467991473532e-16
vn 0 1 -1.2246467991473532e-16
vn 0 1 -1.2246467991473532e-16
vn 0 1 -1.2246467991473532e-16
vn 0 1 -1.2246467991473532e-16
vn 0 1 -1.2246467991473532e-16
vn 0 1 -1.2246467991473532e-16
vn 0 1 -1.2246467991473532e-16
vn 0 1 -1.2246467991473532e-16
vn 0 1 -1.2246467991473532e-16
vn 0 1 -1.2246467991473532e-16
vn 0 1 -1.2246467991473532e-16
vn 0 1 -1.2246467991473532e-16
vn 0 1 -1.2246467991473532e-16
vn 0 1 -1.2246467991473532e-16
vn 0 1 -1.2246467991473532e-16
vn 0 1 -1.2246467991473532e-16
vn 0 1 -1.2246467991473532e-16
f 209/209/209 208/208/208 207/207/207
f 212/212/212 211/211/211 210/210/210
f 215/215/215 214/214/214 213/213/213
f 214/214/214 215/215/215 216/216/216
f 219/219/219 218/218/218 217/217/217
f 218/218/218 219/219/219 220/220/220
f 223/223/223 222/222/222 221/221/221
f 222/222/222 223/223/223 224/224/224
f 227/227/227 226/226/226 225/225/225
f 226/226/226 227/227/227 228/228/228
f 231/231/231 230/230/230 229/229/229
f 230/230/230 231/231/231 232/232/232
f 235/235/235 234/234/234 233/233/233
f 234/234/234 235/235/235 236/236/236
f 239/239/239 238/238/238 237/237/237
f 238/238/238 239/239/239 240/240/240
f 243/243/243 242/242/242 241/241/241
f 242/242/242 243/243/243 244/244/244
f 247/247/247 246/246/246 245/245/245
f 246/246/246 247/247/247 248/248/248
f 251/251/251 250/250/250 249/249/249
f 250/250/250 251/251/251 252/252/252
f 255/255/255 254/254/254 253/253/253
f 254/254/254 255/255/255 256/256/256
f 259/259/259 258/258/258 257/257/257
f 258/258/258 259/259/259 260/260/260
f 263/263/263 262/262/262 261/261/261
f 262/262/262 263/263/263 264/264/264
f 267/267/267 266/266/266 265/265/265
f 266/266/266 267/267/267 268/268/268
f 271/271/271 270/270/270 269/269/269
f 270/270/270 271/271/271 272/272/272
f 275/275/275 274/274/274 273/273/273
f 274/274/274 275/275/275 276/276/276
f 279/279/279 278/278/278 277/277/277
f 278/278/278 279/279/279 280/280/280
f 283/283/283 282/282/282 281/281/281
f 282/282/282 283/283/283 284/284/284
f 287/287/287 286/286/286 285/285/285
f 286/286/286 287/287/287 288/288/288
f 291/291/291 290/290/290 289/289/289
f 290/290/290 291/291/291 292/292/292
f 295/295/295 294/294/294 293/293/293
f 294/294/294 295/295/295 296/296/296
f 299/299/299 298/298/298 297/297/297
f 298/298/298 299/299/299 300/300/300
f 303/303/303 302/302/302 301/301/301
f 302/302/302 303/303/303 304/304/304
f 307/307/307 306/306/306 305/305/305
f 306/306/306 307/307/307 308/308/308
f 311/311/311 310/310/310 309/309/309
f 310/310/310 311/311/311 312/312/312
f 315/315/315 314/314/314 313/313/313
f 314/314/314 315/315/315 316/316/316
f 319/319/319 318/318/318 317/317/317
f 318/318/318 319/319/319 320/320/320
f 323/323/323 322/322/322 321/321/321
f 322/322/322 323/323/323 324/324/324
f 327/327/327 326/326/326 325/325/325
f 326/326/326 327/327/327 328/328/328
f 331/331/331 330/330/330 329/329/329
f 330/330/330 331/331/331 332/332/332
f 335/335/335 334/334/334 333/333/333
f 334/334/334 335/335/335 336/336/336
f 339/339/339 338/338/338 337/337/337
f 338/338/338 339/339/339 340/340/340
f 343/343/343 342/342/342 341/341/341
f 342/342/342 343/343/343 344/344/344
f 347/347/347 346/346/346 345/345/345
f 346/346/346 347/347/347 348/348/348
f 351/351/351 350/350/350 349/349/349
f 350/350/350 351/351/351 352/352/352
f 355/355/355 354/354/354 353/353/353
f 354/354/354 355/355/355 356/356/356
f 359/359/359 358/358/358 357/357/357
f 358/358/358 359/359/359 360/360/360
f 363/363/363 362/362/362 361/361/361
f 362/362/362 363/363/363 364/364/364
f 367/367/367 366/366/366 365/365/365
f 366/366/366 367/367/367 368/368/368
f 371/371/371 370/370/370 369/369/369
f 370/370/370 371/371/371 372/372/372
f 375/375/375 374/374/374 373/373/373
f 374/374/374 375/375/375 376/376/376
f 379/379/379 378/378/378 377/377/377
f 378/378/378 379/379/379 380/380/380
f 383/383/383 382/382/382 381/381/381
f 382/382/382 383/383/383 384/384/384
f 387/387/387 386/386/386 385/385/385
f 386/386/386 387/387/387 388/388/388
f 391/391/391 390/390/390 389/389/389
f 390/390/390 391/391/391 392/392/392
f 395/395/395 394/394/394 393/393/393
f 394/394/394 395/395/395 396/396/396
f 399/399/399 398/398/398 397/397/397
f 398/398/398 399/399/399 400/400/400
f 403/403/403 402/402/402 401/401/401
f 402/402/402 403/403/403 404/404/404
f 407/407/407 406/406/406 405/405/405
f 406/406/406 407/407/407 408/408/408
f 411/411/411 410/410/410 409/409/409
f 410/410/410 411/411/411 412/412/412
f 415/415/415 414/414/414 413/413/413
f 414/414/414 415/415/415 416/416/416
f 419/419/419 418/418/418 417/417/417
f 418/418/418 419/419/419 420/420/420
f 423/423/423 422/422/422 421/421/421
f 422/422/422 423/423/423 424/424/424
f 427/427/427 426/426/426 425/425/425
f 426/426/426 427/427/427 428/428/428
f 431/431/431 430/430/430 429/429/429
f 430/430/430 431/431/431 432/432/432
f 435/435/435 434/434/434 433/433/433
f 434/434/434 435/435/435 436/436/436
f 439/439/439 438/438/438 437/437/437
f 438/438/438 439/439/439 440/440/440
f 443/443/443 442/442/442 441/441/441
f 442/442/442 443/443/443 444/444/444
f 447/447/447 446/446/446 445/445/445
f 446/446/446 447/447/447 448/448/448
f 451/451/451 450/450/450 449/449/449
f 450/450/450 451/451/451 452/452/452
f 455/455/455 454/454/454 453/453/453
f 454/454/454 455/455/455 456/456/456
f 459/459/459 458/458/458 457/457/457
f 458/458/458 459/459/459 460/460/460
o mesh_9
usemtl mat5
v 11.200000000000001 25.599999999999998 -38.400000000000006
v 12.8 25.599999999999994 -49.6
v 11.200000000000001 19.2 -38.400000000000006
v 12.8 19.199999999999996 -49.6
v 1.6 25.599999999999994 -51.2
v 0 25.599999999999998 -40
v 1.6 19.199999999999996 -51.2
v 0 19.2 -40
v 0 25.599999999999998 -40
v 11.200000000000001 25.599999999999998 -38.400000000000006
v 0 19.2 -40
v 11.200000000000001 19.2 -38.400000000000006
v 12.8 25.599999999999994 -49.6
v 1.6 25.599999999999994 -51.2
v 12.8 19.199999999999996 -49.6
v 1.6 19.199999999999996 -51.2
v 0.8 19.2 -39.2
v 12 19.2 -39.2
v 0.8 12.799999999999995 -39.2
v 12 12.799999999999995 -39.2
v 0.8 19.2 -39.2
v 0.8 12.799999999999995 -39.2
v 0.8 19.199999999999996 -50.400000000000006
v 0.8 12.799999999999995 -50.400000000000006
v 12 19.199999999999996 -50.400000000000006
v 0.8 19.199999999999996 -50.400000000000006
v 12 12.799999999999995 -50.400000000000006
v 0.8 12.799999999999995 -50.400000000000006
v 12 19.199999999999996 -50.400000000000006
v 12 12.799999999999995 -50.400000000000006
v 12 19.2 -39.2
v 12 12.799999999999995 -39.2
v 1.6 12.799999999999994 -52.800000000000004
v 12.8 12.799999999999994 -52.800000000000004
v 1.6 6.399999999999994 -52.800000000000004
v 12.8 6.399999999999994 -52.800000000000004
v 1.6 12.799999999999994 -52.800000000000004
v 1.6 6.399999999999994 -52.800000000000004
v 1.6 12.799999999999994 -64
v 1.6 6.399999999999992 -64
v 12.8 12.799999999999994 -64
v 1.6 12.799999999999994 -64
v 12.8 6.399999999999992 -64
v 1.6 6.399999999999992 -64
v 12.8 12.799999999999994 -64
v 12.8 6.399999999999992 -64
v 12.8 12.799999999999994 -52.800000000000004
v 12.8 6.399999999999994 -52.800000000000004
v 0.8 6.399999999999994 -52
v 0.8 -6.368163355566237e-15 -52
v 0.8 6.399999999999992 -63.2
v 0.8 -7.739767770611272e-15 -63.2
v 0.8 6.399999999999994 -52
v 12 6.399999999999994 -52
v 0.8 -6.368163355566237e-15 -52
v 12 -6.368163355566237e-15 -52
v 12 6.399999999999992 -63.2
v 12 -7.739767770611272e-15 -63.2
v 12 6.399999999999994 -52
v 12 -6.368163355566237e-15 -52
v 12 6.399999999999992 -63.2
v 0.8 6.399999999999992 -63.2
v 12 -7.739767770611272e-15 -63.2
v 0.8 -7.739767770611272e-15 -63.2
vt 0.5 0.375
vt 0.6171875 0.375
vt 0.5 0.4296875
vt 0.6171875 0.4296875
vt 0.5 0.375
vt 0.6171875 0.375
vt 0.5 0.4296875
vt 0.6171875 0.4296875
vt 0.5 0.375
vt 0.6171875 0.375
vt 0.5 0.4296875
vt 0.6171875 0.4296875
vt 0.5 0.4375
vt 0.6171875 0.4375
vt 0.5 0.4921875
vt 0.6171875 0.4921875
vt 0.5 0.4375
vt 0.6171875 0.4375
vt 0.5 0.4921875
vt 0.6171875 0.4921875
vt 0.6171875 0.4375
vt 0.6171875 0.4921875
vt 0.5 0.4375
vt 0.5 0.4921875
vt 0.5 0.375
vt 0.6171875 0.375
vt 0.5 0.4296875
vt 0.6171875 0.4296875
vt 0.6171875 0.4375
vt 0.6171875 0.4921875
vt 0.5 0.4375
vt 0.5 0.4921875
vt 0.5 0.375
vt 0.6171875 0.375
vt 0.5 0.4296875
vt 0.6171875 0.4296875
vt 0.6171875 0.375
vt 0.6171875 0.4296875
vt 0.5 0.375
vt 0.5 0.4296875
vt 0.5 0.4375
vt 0.6171875 0.4375
vt 0.5 0.4921875
vt 0.6171875 0.4921875
vt 0.6171875 0.375
vt 0.6171875 0.4296875
vt 0.5 0.375
vt 0.5 0.4296875
vt 0.6171875 0.4375
vt 0.6171875 0.4921875
vt 0.5 0.4375
vt 0.5 0.4921875
vt 0.5 0.4375
vt 0.6171875 0.4375
vt 0.5 0.4921875
vt 0.6171875 0.4921875
vt 0.6171875 0.4375
vt 0.6171875 0.4921875
vt 0.5 0.4375
vt 0.5 0.4921875
vt 0.5 0.375
vt 0.6171875 0.375
vt 0.5 0.4296875
vt 0.6171875 0.4296875
vn 0.9899494921710503 1.7319122402116054e-17 0.14142136666812263
vn 0.9899494921710503 1.7319122402116054e-17 0.14142136666812263
vn 0.9899494921710503 1.7319122402116054e-17 0.14142136666812263
vn 0.9899494921710503 1.7319122402116054e-17 0.14142136666812263
vn -0.9899494921710503 -1.7319122402116054e-17 -0.14142136666812263
vn -0.9899494921710503 -1.7319122402116054e-17 -0.14142136666812263
vn -0.9899494921710503 -1.7319122402116054e-17 -0.14142136666812263
vn -0.9899494921710503 -1.7319122402116054e-17 -0.14142136666812263
vn -0.14142136666812263 1.2123384769048244e-16 0.9899494921710503
vn -0.14142136666812263 1.2123384769048244e-16 0.9899494921710503
vn -0.14142136666812263 1.2123384769048244e-16 0.9899494921710503
vn -0.14142136666812263 1.2123384769048244e-16 0.9899494921710503
vn 0.14142136666812263 -1.2123384769048244e-16 -0.9899494921710503
vn 0.14142136666812263 -1.2123384769048244e-16 -0.9899494921710503
vn 0.14142136666812263 -1.2123384769048244e-16 -0.9899494921710503
vn 0.14142136666812263 -1.2123384769048244e-16 -0.9899494921710503
vn 0 1.2246467991473532e-16 1
vn 0 1.2246467991473532e-16 1
vn 0 1.2246467991473532e-16 1
vn 0 1.2246467991473532e-16 1
vn -1 0 0
vn -1 0 0
vn -1 0 0
vn -1 0 0
vn 0 -1.2246467991473532e-16 -1
vn 0 -1.2246467991473532e-16 -1
vn 0 -1.2246467991473532e-16 -1
vn 0 -1.2246467991473532e-16 -1
vn 1 0 0
vn 1 0 0
vn 1 0 0
vn 1 0 0
vn 0 1.2246467991473532e-16 1
vn 0 1.2246467991473532e-16 1
vn 0 1.2246467991473532e-16 1
vn 0 1.2246467991473532e-16 1
vn -1 0 0
vn -1 0 0
vn -1 0 0
vn -1 0 0
vn 0 -1.2246467991473532e-16 -1
vn 0 -1.2246467991473532e-16 -1
vn 0 -1.2246467991473532e-16 -1
vn 0 -1.2246467991473532e-16 -1
vn 1 0 0
vn 1 0 0
vn 1 0 0
vn 1 0 0
vn -1 0 0
vn -1 0 0
vn -1 0 0
vn -1 0 0
vn 0 1.2246467991473532e-16 1
vn 0 1.2246467991473532e-16 1
vn 0 1.2246467991473532e-16 1
vn 0 1.2246467991473532e-16 1
vn 1 0 0
vn 1 0 0
vn 1 0 0
vn 1 0 0
vn 0 -1.2246467991473532e-16 -1
vn 0 -1.2246467991473532e-16 -1
vn 0 -1.2246467991473532e-16 -1
vn 0 -1.2246467991473532e-16 -1
f 463/463/463 462/462/462 461/461/461
f 462/462/462 463/463/463 464/464/464
f 467/467/467 466/466/466 465/465/465
f 466/466/466 467/467/467 468/468/468
f 471/471/471 470/470/470 469/469/469
f 470/470/470 471/471/471 472/472/472
f 475/475/475 474/474/474 473/473/473
f 474/474/474 475/475/475 476/476/476
f 479/479/479 478/478/478 477/477/477
f 478/478/478 479/479/479 480/480/480
f 483/483/483 482/482/482 481/481/481
f 482/482/482 483/483/483 484/484/484
f 487/487/487 486/486/486 485/485/485
f 486/486/486 487/487/487 488/488/488
f 491/491/491 490/490/490 489/489/489
f 490/490/490 491/491/491 492/492/492
f 495/495/495 494/494/494 493/493/493
f 494/494/494 495/495/495 496/496/496
f 499/499/499 498/498/498 497/497/497
f 498/498/498 499/499/499 500/500/500
f 503/503/503 502/502/502 501/501/501
f 502/502/502 503/503/503 504/504/504
f 507/507/507 506/506/506 505/505/505
f 506/506/506 507/507/507 508/508/508
f 511/511/511 510/510/510 509/509/509
f 510/510/510 511/511/511 512/512/512
f 515/515/515 514/514/514 513/513/513
f 514/514/514 515/515/515 516/516/516
f 519/519/519 518/518/518 517/517/517
f 518/518/518 519/519/519 520/520/520
f 523/523/523 522/522/522 521/521/521
f 522/522/522 523/523/523 524/524/524
o mesh_10
usemtl mat6
v 12.8 44.8 -38.40000000000001
v 12.8 44.800000000000004 -25.60000000000001
v 0 44.8 -38.40000000000001
v 0 44.800000000000004 -25.60000000000001
v 12.8 12.799999999999994 -51.2
v 12.8 -6.270191611634449e-15 -51.2
v 12.8 12.799999999999995 -38.400000000000006
v 12.8 -4.702643708725837e-15 -38.400000000000006
v 0 38.4 -38.40000000000001
v 0 25.599999999999998 -38.400000000000006
v 12.8 38.4 -38.40000000000001
v 12.8 25.599999999999998 -38.400000000000006
v 12.8 38.400000000000006 -25.600000000000005
v 12.8 44.800000000000004 -25.60000000000001
v 12.8 38.4 -38.40000000000001
v 12.8 44.8 -38.40000000000001
v 12.8 12.799999999999995 -38.400000000000006
v 12.8 -4.702643708725837e-15 -38.400000000000006
v 12.8 12.799999999999997 -25.6
v 12.8 -3.1350958058172244e-15 -25.6
v 12.8 25.599999999999998 -25.600000000000005
v 12.8 25.599999999999998 -38.400000000000006
v 12.8 19.2 -25.600000000000005
v 12.8 19.2 -38.400000000000006
v 12.8 19.2 -38.400000000000006
v 12.8 12.799999999999995 -38.400000000000006
v 12.8 19.2 -25.600000000000005
v 12.8 12.799999999999997 -25.6
v 12.8 19.2 -38.400000000000006
v 12.8 25.599999999999998 -38.400000000000006
v 0 19.2 -38.400000000000006
v 0 25.599999999999998 -38.400000000000006
v 0 19.2 -38.400000000000006
v 0 12.799999999999995 -38.400000000000006
v 12.8 19.2 -38.400000000000006
v 12.8 12.799999999999995 -38.400000000000006
v 12.8 38.4 -38.40000000000001
v 12.8 44.8 -38.40000000000001
v 0 38.4 -38.40000000000001
v 0 44.8 -38.40000000000001
v 12.8 38.4 -38.40000000000001
v 12.8 25.599999999999998 -38.400000000000006
v 12.8 38.400000000000006 -25.600000000000005
v 12.8 25.599999999999998 -25.600000000000005
v 0 -6.270191611634449e-15 -51.2
v 12.8 -6.270191611634449e-15 -51.2
v 0 12.799999999999994 -51.2
v 12.8 12.799999999999994 -51.2
vt 0.25 0
vt 0.4921875 0
vt 0.25 0.125
vt 0.4921875 0.125
vt 0.375 0.375
vt 0.375 0.4921875
vt 0.25 0.375
vt 0.25 0.4921875
vt 0.3671875 0.125
vt 0.3671875 0.2421875
vt 0.25 0.125
vt 0.25 0.2421875
vt 0.125 0.125
vt 0.125 0.0625
vt 0.2421875 0.125
vt 0.2421875 0.0625
vt 0.25 0.375
vt 0.25 0.4921875
vt 0.125 0.375
vt 0.125 0.4921875
vt 0.125 0.25
vt 0.25 0.25
vt 0.125 0.3125
vt 0.25 0.3125
vt 0.25 0.3125
vt 0.25 0.375
vt 0.125 0.3125
vt 0.125 0.375
vt 0.25 0.3125
vt 0.25 0.25
vt 0.375 0.3125
vt 0.375 0.25
vt 0.375 0.3125
vt 0.375 0.375
vt 0.25 0.3125
vt 0.25 0.375
vt 0.25 0.125
vt 0.25 0.0625
vt 0.3671875 0.125
vt 0.3671875 0.0625
vt 0.2421875 0.125
vt 0.2421875 0.2421875
vt 0.125 0.125
vt 0.125 0.2421875
vt 0.4921875 0.4921875
vt 0.375 0.4921875
vt 0.4921875 0.375
vt 0.375 0.375
vn 0 1 -1.2246467991473532e-16
vn 0 1 -1.2246467991473532e-16
vn 0 1 -1.2246467991473532e-16
vn 0 1 -1.2246467991473532e-16
vn 1 0 0
vn 1 0 0
vn 1 0 0
vn 1 0 0
vn 0 -1.2246467991473532e-16 -1
vn 0 -1.2246467991473532e-16 -1
vn 0 -1.2246467991473532e-16 -1
vn 0 -1.2246467991473532e-16 -1
vn 1 0 0
vn 1 0 0
vn 1 0 0
vn 1 0 0
vn 1 0 0
vn 1 0 0
vn 1 0 0
vn 1 0 0
vn 1 0 0
vn 1 0 0
vn 1 0 0
vn 1 0 0
vn 1 0 0
vn 1 0 0
vn 1 0 0
vn 1 0 0
vn 0 -1.2246467991473532e-16 -1
vn 0 -1.2246467991473532e-16 -1
vn 0 -1.2246467991473532e-16 -1
vn 0 -1.2246467991473532e-16 -1
vn 0 -1.2246467991473532e-16 -1
vn 0 -1.2246467991473532e-16 -1
vn 0 -1.2246467991473532e-16 -1
vn 0 -1.2246467991473532e-16 -1
vn 0 -1.2246467991473532e-16 -1
vn 0 -1.2246467991473532e-16 -1
vn 0 -1.2246467991473532e-16 -1
vn 0 -1.2246467991473532e-16 -1
vn 1 0 0
vn 1 0 0
vn 1 0 0
vn 1 0 0
vn 0 -1.2246467991473532e-16 -1
vn 0 -1.2246467991473532e-16 -1
vn 0 -1.2246467991473532e-16 -1
vn 0 -1.2246467991473532e-16 -1
f 527/527/527 526/526/526 525/525/525
f 526/526/526 527/527/527 528/528/528
f 531/531/531 530/530/530 529/529/529
f 530/530/530 531/531/531 532/532/532
f 535/535/535 534/534/534 533/533/533
f 534/534/534 535/535/535 536/536/536
f 539/539/539 538/538/538 537/537/537
f 538/538/538 539/539/539 540/540/540
f 543/543/543 542/542/542 541/541/541
f 542/542/542 543/543/543 544/544/544
f 547/547/547 546/546/546 545/545/545
f 546/546/546 547/547/547 548/548/548
f 551/551/551 550/550/550 549/549/549
f 550/550/550 551/551/551 552/552/552
f 555/555/555 554/554/554 553/553/553
f 554/554/554 555/555/555 556/556/556
f 559/559/559 558/558/558 557/557/557
f 558/558/558 559/559/559 560/560/560
f 563/563/563 562/562/562 561/561/561
f 562/562/562 563/563/563 564/564/564
f 567/567/567 566/566/566 565/565/565
f 566/566/566 567/567/567 568/568/568
f 571/571/571 570/570/570 569/569/569
f 570/570/570 571/571/571 572/572/572
o mesh_11
usemtl mat7
v 12.8 25.599999999999994 -49.6
v 11.200000000000001 25.599999999999998 -38.400000000000006
v 1.6 25.599999999999994 -51.2
v 0 25.599999999999998 -40
v 12.8 12.799999999999994 -52.800000000000004
v 1.6 12.799999999999994 -52.800000000000004
v 12.8 12.799999999999994 -64
v 1.6 12.799999999999994 -64
vt 0.5 0.1796875
vt 0.5 0
vt 0.6796875 0.1796875
vt 0.6796875 0
vt 0.6796875 0
vt 0.6796875 0.1796875
vt 0.5 0
vt 0.5 0.1796875
vn 0 1 -1.2246467991473532e-16
vn 0 1 -1.2246467991473532e-16
vn 0 1 -1.2246467991473532e-16
vn 0 1 -1.2246467991473532e-16
vn 0 1 -1.2246467991473532e-16
vn 0 1 -1.2246467991473532e-16
vn 0 1 -1.2246467991473532e-16
vn 0 1 -1.2246467991473532e-16
f 575/575/575 574/574/574 573/573/573
f 574/574/574 575/575/575 576/576/576
f 579/579/579 578/578/578 577/577/577
f 578/578/578 579/579/579 580/580/580
o mesh_12
usemtl mat8
v 12.8 -7.83773951454306e-15 -64
v 12.8 -9.405287417451674e-15 -76.80000000000001
v 25.6 -7.83773951454306e-15 -64
v 25.6 -9.405287417451674e-15 -76.80000000000001
v 12.8 -9.405287417451674e-15 -76.80000000000001
v 0 -9.405287417451674e-15 -76.80000000000001
v 12.8 -1.0972835320360286e-14 -89.60000000000001
v 0 -1.0972835320360286e-14 -89.60000000000001
v 0 -1.410793112617751e-14 -115.2
v 12.8 -1.410793112617751e-14 -115.2
v 0 -1.2540383223268897e-14 -102.4
v 12.8 -1.2540383223268897e-14 -102.4
v 12.8 -1.0972835320360286e-14 -89.60000000000001
v 12.8 -1.2540383223268897e-14 -102.4
v 25.6 -1.0972835320360286e-14 -89.60000000000001
v 25.6 -1.2540383223268897e-14 -102.4
v 12.8 -9.405287417451674e-15 -76.80000000000001
v 12.8 -7.83773951454306e-15 -64
v 0 -9.405287417451674e-15 -76.80000000000001
v 0 -7.83773951454306e-15 -64
v 25.6 -1.0972835320360286e-14 -89.60000000000001
v 25.6 -9.405287417451674e-15 -76.80000000000001
v 12.8 -1.0972835320360286e-14 -89.60000000000001
v 12.8 -9.405287417451674e-15 -76.80000000000001
v 0 -1.0972835320360286e-14 -89.60000000000001
v 0 -1.2540383223268897e-14 -102.4
v 12.8 -1.0972835320360286e-14 -89.60000000000001
v 12.8 -1.2540383223268897e-14 -102.4
v 25.6 -1.410793112617751e-14 -115.2
v 25.6 -1.2540383223268897e-14 -102.4
v 12.8 -1.410793112617751e-14 -115.2
v 12.8 -1.2540383223268897e-14 -102.4
vt 0.125 0.2421875
vt 0.125 0.125
vt 0.2421875 0.2421875
vt 0.2421875 0.125
vt 0.125 0.125
vt 0 0.125
vt 0.125 0
vt 0 0
vt 0 0.2421875
vt 0.125 0.2421875
vt 0 0.125
vt 0.125 0.125
vt 0.125 0
vt 0.125 0.125
vt 0.2421875 0
vt 0.2421875 0.125
vt 0.125 0.125
vt 0.125 0.2421875
vt 0 0.125
vt 0 0.2421875
vt 0.2421875 0
vt 0.2421875 0.125
vt 0.125 0
vt 0.125 0.125
vt 0 0
vt 0 0.125
vt 0.125 0
vt 0.125 0.125
vt 0.2421875 0.2421875
vt 0.2421875 0.125
vt 0.125 0.2421875
vt 0.125 0.125
vn 0 1 -1.2246467991473532e-16
vn 0 1 -1.2246467991473532e-16
vn 0 1 -1.2246467991473532e-16
vn 0 1 -1.2246467991473532e-16
vn 0 1 -1.2246467991473532e-16
vn 0 1 -1.2246467991473532e-16
vn 0 1 -1.2246467991473532e-16
vn 0 1 -1.2246467991473532e-16
vn 0 1 -1.2246467991473532e-16
vn 0 1 -1.2246467991473532e-16
vn 0 1 -1.2246467991473532e-16
vn 0 1 -1.2246467991473532e-16
vn 0 1 -1.2246467991473532e-16
vn 0 1 -1.2246467991473532e-16
vn 0 1 -1.2246467991473532e-16
vn 0 1 -1.2246467991473532e-16
vn 0 1 -1.2246467991473532e-16
vn 0 1 -1.2246467991473532e-16
vn 0 1 -1.2246467991473532e-16
vn 0 1 -1.2246467991473532e-16
vn 0 1 -1.2246467991473532e-16
vn 0 1 -1.2246467991473532e-16
vn 0 1 -1.2246467991473532e-16
vn 0 1 -1.2246467991473532e-16
vn 0 1 -1.2246467991473532e-16
vn 0 1 -1.2246467991473532e-16
vn 0 1 -1.2246467991473532e-16
vn 0 1 -1.2246467991473532e-16
vn 0 1 -1.2246467991473532e-16
vn 0 1 -1.2246467991473532e-16
vn 0 1 -1.2246467991473532e-16
vn 0 1 -1.2246467991473532e-16
f 583/583/583 582/582/582 581/581/581
f 582/582/582 583/583/583 584/584/584
f 587/587/587 586/586/586 585/585/585
f 586/586/586 587/587/587 588/588/588
f 591/591/591 590/590/590 589/589/589
f 590/590/590 591/591/591 592/592/592
f 595/595/595 594/594/594 593/593/593
f 594/594/594 595/595/595 596/596/596
f 599/599/599 598/598/598 597/597/597
f 598/598/598 599/599/599 600/600/600
f 603/603/603 602/602/602 601/601/601
f 602/602/602 603/603/603 604/604/604
f 607/607/607 606/606/606 605/605/605
f 606/606/606 607/607/607 608/608/608
f 611/611/611 610/610/610 609/609/609
f 610/610/610 611/611/611 612/612/612
o mesh_13
usemtl mat9
v 44.800000000000004 38.39999999999998 -204.8
v 38.400000000000006 38.39999999999998 -204.8
v 38.400000000000006 51.199999999999974 -204.8
v 44.800000000000004 38.39999999999998 -204.8
v 38.400000000000006 51.199999999999974 -204.8
v 51.2 51.199999999999974 -204.8
v 49.6 35.99999999999997 -204.8
v 44.800000000000004 38.39999999999998 -204.8
v 51.2 38.39999999999998 -204.8
v 40 35.99999999999997 -204.8
v 38.400000000000006 31.999999999999975 -204.8
v 38.400000000000006 38.39999999999998 -204.8
v 51.2 51.199999999999974 -204.8
v 51.2 38.39999999999998 -204.8
v 44.800000000000004 38.39999999999998 -204.8
v 51.2 38.39999999999998 -204.8
v 51.2 31.999999999999975 -204.8
v 49.6 35.99999999999997 -204.8
v 38.400000000000006 38.39999999999998 -204.8
v 44.800000000000004 38.39999999999998 -204.8
v 40 35.99999999999997 -204.8
v 51.2 38.39999999999998 -204.8
v 51.2 51.199999999999974 -204.8
v 64 51.199999999999974 -204.8
v 25.6 51.199999999999974 -204.8
v 38.400000000000006 51.199999999999974 -204.8
v 38.400000000000006 38.39999999999998 -204.8
v 52.800000000000004 19.199999999999978 -208
v 51.2 19.199999999999978 -208
v 51.2 23.199999999999978 -204.8
v 51.2 23.199999999999978 -204.8
v 54.400000000000006 19.199999999999978 -204.8
v 52.800000000000004 19.199999999999978 -208
v 38.400000000000006 19.199999999999978 -208
v 36.800000000000004 19.199999999999978 -208
v 38.400000000000006 23.199999999999978 -204.8
v 36.800000000000004 19.199999999999978 -208
v 35.2 19.199999999999978 -204.8
v 38.400000000000006 23.199999999999978 -204.8
v 64 12.799999999999976 -204.8
v 64 -2.5080766446537795e-14 -204.8
v 55.2 12.799999999999976 -204.8
v 51.2 25.599999999999977 -204.8
v 51.2 31.999999999999975 -204.8
v 64 25.599999999999977 -204.8
v 25.6 25.599999999999977 -204.8
v 38.400000000000006 31.999999999999975 -204.8
v 38.400000000000006 25.599999999999977 -204.8
v 34.4 12.799999999999976 -204.8
v 25.6 -2.5080766446537795e-14 -204.8
v 25.6 12.799999999999976 -204.8
v 51.2 31.99999999999997 -230.4
v 49.6 35.99999999999997 -230.4
v 51.2 31.999999999999975 -204.8
v 49.6 35.99999999999997 -204.8
v 40 35.99999999999997 -230.4
v 38.400000000000006 31.99999999999997 -230.4
v 40 35.99999999999997 -204.8
v 38.400000000000006 31.999999999999975 -204.8
v 49.6 35.99999999999997 -230.4
v 44.800000000000004 38.39999999999998 -230.4
v 49.6 35.99999999999997 -204.8
v 44.800000000000004 38.39999999999998 -204.8
v 44.800000000000004 38.39999999999998 -230.4
v 40 35.99999999999997 -230.4
v 44.800000000000004 38.39999999999998 -204.8
v 40 35.99999999999997 -204.8
v 25.6 12.799999999999976 -204.8
v 25.6 25.599999999999977 -204.8
v 34.4 12.799999999999976 -204.8
v 35.2 19.199999999999978 -204.8
v 36.800000000000004 19.199999999999978 -208
v 36 12.799999999999976 -208
v 35.2 19.199999999999978 -204.8
v 34.4 12.799999999999976 -204.8
v 34.4 12.799999999999976 -204.8
v 38.400000000000006 12.799999999999976 -204.8
v 25.6 -2.5080766446537795e-14 -204.8
v 38.400000000000006 -2.5080766446537795e-14 -204.8
v 52.800000000000004 19.199999999999978 -208
v 53.6 12.799999999999976 -208
v 51.2 19.199999999999978 -208
v 51.2 12.799999999999976 -208
v 38.400000000000006 19.199999999999978 -208
v 38.400000000000006 12.799999999999976 -208
v 36.800000000000004 19.199999999999978 -208
v 36 12.799999999999976 -208
v 54.400000000000006 19.199999999999978 -204.8
v 55.2 12.799999999999976 -204.8
v 52.800000000000004 19.199999999999978 -208
v 53.6 12.799999999999976 -208
v 64 -2.5080766446537795e-14 -204.8
v 51.2 -2.5080766446537795e-14 -204.8
v 55.2 12.799999999999976 -204.8
v 51.2 12.799999999999976 -204.8
v 38.400000000000006 38.39999999999998 -204.8
v 38.400000000000006 31.999999999999975 -204.8
v 25.6 51.199999999999974 -204.8
v 25.6 25.599999999999977 -204.8
v 64 51.199999999999974 -204.8
v 64 25.599999999999977 -204.8
v 51.2 38.39999999999998 -204.8
v 51.2 31.999999999999975 -204.8
v 38.400000000000006 25.599999999999977 -204.8
v 38.400000000000006 31.999999999999975 -204.8
v 38.400000000000006 25.599999999999973 -230.4
v 38.400000000000006 31.99999999999997 -230.4
v 51.2 12.799999999999976 -208
v 51.2 12.799999999999976 -204.8
v 51.2 -2.821586225235502e-14 -230.4
v 51.2 -2.5080766446537795e-14 -204.8
v 64 25.599999999999977 -204.8
v 54.400000000000006 19.199999999999978 -204.8
v 51.2 25.599999999999977 -204.8
v 51.2 23.199999999999978 -204.8
v 38.400000000000006 25.599999999999977 -204.8
v 38.400000000000006 23.199999999999978 -204.8
v 25.6 25.599999999999977 -204.8
v 35.2 19.199999999999978 -204.8
v 38.400000000000006 -2.821586225235502e-14 -230.4
v 38.400000000000006 -2.5080766446537795e-14 -204.8
v 38.400000000000006 12.799999999999976 -208
v 38.400000000000006 12.799999999999976 -204.8
v 51.2 25.599999999999973 -230.4
v 51.2 31.99999999999997 -230.4
v 51.2 25.599999999999977 -204.8
v 51.2 31.999999999999975 -204.8
v 51.2 25.599999999999973 -230.4
v 51.2 25.599999999999977 -204.8
v 51.2 19.199999999999978 -208
v 51.2 23.199999999999978 -204.8
v 38.400000000000006 19.199999999999978 -208
v 38.400000000000006 23.199999999999978 -204.8
v 38.400000000000006 25.599999999999973 -230.4
v 38.400000000000006 25.599999999999977 -204.8
v 55.2 12.799999999999976 -204.8
v 54.400000000000006 19.199999999999978 -204.8
v 64 12.799999999999976 -204.8
v 64 25.599999999999977 -204.8
vt 0.8046875 0.6171875
vt 0.7421875 0.6171875
vt 0.7421875 0.5
vt 0.8046875 0.6171875
vt 0.7421875 0.5
vt 0.8671875 0.5
vt 0.8515625 0.6328125
vt 0.8046875 0.6171875
vt 0.8671875 0.6171875
vt 0.7578125 0.6328125
vt 0.7421875 0.6796875
vt 0.7421875 0.6171875
vt 0.8671875 0.5
vt 0.8671875 0.6171875
vt 0.8046875 0.6171875
vt 0.8671875 0.6171875
vt 0.8671875 0.6796875
vt 0.8515625 0.6328125
vt 0.7421875 0.6171875
vt 0.8046875 0.6171875
vt 0.7578125 0.6328125
vt 0.8671875 0.6171875
vt 0.8671875 0.5
vt 0.9921875 0.5
vt 0.625 0.5
vt 0.7421875 0.5
vt 0.7421875 0.6171875
vt 0.8671875 0.8125
vt 0.84375 0.8125
vt 0.8671875 0.765625
vt 0.8671875 0.765625
vt 0.8984375 0.8046875
vt 0.8671875 0.8046875
vt 0.78125 0.8125
vt 0.75 0.8125
vt 0.75 0.765625
vt 0.75 0.8125
vt 0.71875 0.8125
vt 0.75 0.765625
vt 0.9921875 0.875
vt 0.9921875 0.9921875
vt 0.90625 0.875
vt 0.8671875 0.7421875
vt 0.8671875 0.6796875
vt 0.9921875 0.7421875
vt 0.625 0.7421875
vt 0.7421875 0.6796875
vt 0.7421875 0.7421875
vt 0.71875 0.875
vt 0.625 0.9921875
vt 0.625 0.875
vt 0.625 0.6796875
vt 0.625 0.625
vt 0.8671875 0.6796875
vt 0.8671875 0.625
vt 0.9921875 0.625
vt 0.9921875 0.6796875
vt 0.75 0.625
vt 0.75 0.6796875
vt 0.625 0.6171875
vt 0.625 0.5625
vt 0.8671875 0.6171875
vt 0.8671875 0.5625
vt 0.625 0.5625
vt 0.625 0.5
vt 0.8671875 0.5625
vt 0.8671875 0.5
vt 0.625 0.875
vt 0.625 0.75
vt 0.71875 0.875
vt 0.71875 0.8125
vt 0.75 0.8125
vt 0.75 0.875
vt 0.71875 0.8125
vt 0.71875 0.875
vt 0.71875 0.875
vt 0.75 0.875
vt 0.625 0.9921875
vt 0.75 0.9921875
vt 0.8671875 0.8125
vt 0.8671875 0.875
vt 0.84375 0.8125
vt 0.84375 0.875
vt 0.78125 0.8125
vt 0.78125 0.875
vt 0.75 0.8125
vt 0.75 0.875
vt 0.8984375 0.8046875
vt 0.90625 0.875
vt 0.8671875 0.8046875
vt 0.8671875 0.875
vt 0.9921875 0.9921875
vt 0.8671875 0.9921875
vt 0.90625 0.875
vt 0.8671875 0.875
vt 0.7421875 0.6171875
vt 0.7421875 0.6796875
vt 0.625 0.5
vt 0.625 0.7421875
vt 0.9921875 0.5
vt 0.9921875 0.7421875
vt 0.8671875 0.6171875
vt 0.8671875 0.6796875
vt 0.75 0.75
vt 0.75 0.6875
vt 0.9921875 0.75
vt 0.9921875 0.6875
vt 0.84375 0.875
vt 0.8671875 0.875
vt 0.625 0.9921875
vt 0.8671875 0.9921875
vt 0.9921875 0.7421875
vt 0.8984375 0.8046875
vt 0.8671875 0.7421875
vt 0.8671875 0.765625
vt 0.75 0.75
vt 0.75 0.765625
vt 0.625 0.75
vt 0.71875 0.8125
vt 0.9921875 0.9921875
vt 0.75 0.9921875
vt 0.78125 0.875
vt 0.75 0.875
vt 0.625 0.7421875
vt 0.625 0.6875
vt 0.8671875 0.7421875
vt 0.8671875 0.6875
vt 0.625 0.7421875
vt 0.8671875 0.7421875
vt 0.84375 0.8125
vt 0.8671875 0.765625
vt 0.78125 0.8125
vt 0.75 0.765625
vt 0.9921875 0.75
vt 0.75 0.75
vt 0.90625 0.875
vt 0.8984375 0.8046875
vt 0.9921875 0.875
vt 0.9921875 0.7421875
vn 0 1.2246467991473532e-16 1
vn 0 1.2246467991473532e-16 1
vn 0 1.2246467991473532e-16 1
vn 0 1.2246467991473532e-16 1
vn 0 1.2246467991473532e-16 1
vn 0 1.2246467991473532e-16 1
vn 0 1.2246467991473532e-16 1
vn 0 1.2246467991473532e-16 1
vn 0 1.2246467991473532e-16 1
vn 0 1.2246467991473532e-16 1
vn 0 1.2246467991473532e-16 1
vn 0 1.2246467991473532e-16 1
vn 0 1.2246467991473532e-16 1
vn 0 1.2246467991473532e-16 1
vn 0 1.2246467991473532e-16 1
vn 0 1.2246467991473532e-16 1
vn 0 1.2246467991473532e-16 1
vn 0 1.2246467991473532e-16 1
vn 0 1.2246467991473532e-16 1
vn 0 1.2246467991473532e-16 1
vn 0 1.2246467991473532e-16 1
vn 0 1.2246467991473532e-16 1
vn 0 1.2246467991473532e-16 1
vn 0 1.2246467991473532e-16 1
vn 0 1.2246467991473532e-16 1
vn 0 1.2246467991473532e-16 1
vn 0 1.2246467991473532e-16 1
vn 0 -0.6246950475544242 0.7808688094430304
vn 0 -0.6246950475544242 0.7808688094430304
vn 0 -0.6246950475544242 0.7808688094430304
vn -0.7273929724992038 -0.5819143660784339 0.36369648624960194
vn -0.7273929724992038 -0.5819143660784339 0.36369648624960194
vn -0.7273929724992038 -0.5819143660784339 0.36369648624960194
vn 0 -0.6246950475544242 0.7808688094430304
vn 0 -0.6246950475544242 0.7808688094430304
vn 0 -0.6246950475544242 0.7808688094430304
vn 0.7273929724992038 -0.5819143660784339 0.36369648624960194
vn 0.7273929724992038 -0.5819143660784339 0.36369648624960194
vn 0.7273929724992038 -0.5819143660784339 0.36369648624960194
vn 0 1.2246467991473532e-16 1
vn 0 1.2246467991473532e-16 1
vn 0 1.2246467991473532e-16 1
vn 0 1.2246467991473532e-16 1
vn 0 1.2246467991473532e-16 1
vn 0 1.2246467991473532e-16 1
vn 0 1.2246467991473532e-16 1
vn 0 1.2246467991473532e-16 1
vn 0 1.2246467991473532e-16 1
vn 0 1.2246467991473532e-16 1
vn 0 1.2246467991473532e-16 1
vn 0 1.2246467991473532e-16 1
vn -0.9284766929405919 -0.3713906712157723 4.548223967375825e-17
vn -0.9284766929405919 -0.3713906712157723 4.548223967375825e-17
vn -0.9284766929405919 -0.3713906712157723 4.548223967375825e-17
vn -0.9284766929405919 -0.3713906712157723 4.548223967375825e-17
vn 0.9284766929405919 -0.3713906712157723 4.548223967375825e-17
vn 0.9284766929405919 -0.3713906712157723 4.548223967375825e-17
vn 0.9284766929405919 -0.3713906712157723 4.548223967375825e-17
vn 0.9284766929405919 -0.3713906712157723 4.548223967375825e-17
vn -0.44721359549995787 -0.8944271909999157 1.095357396528405e-16
vn -0.44721359549995787 -0.8944271909999157 1.095357396528405e-16
vn -0.44721359549995787 -0.8944271909999157 1.095357396528405e-16
vn -0.44721359549995787 -0.8944271909999157 1.095357396528405e-16
vn 0.44721359549995787 -0.8944271909999157 1.095357396528405e-16
vn 0.44721359549995787 -0.8944271909999157 1.095357396528405e-16
vn 0.44721359549995787 -0.8944271909999157 1.095357396528405e-16
vn 0.44721359549995787 -0.8944271909999157 1.095357396528405e-16
vn 0 1.2246467991473532e-16 1
vn 0 1.2246467991473532e-16 1
vn 0 1.2246467991473532e-16 1
vn 0 1.2246467991473532e-16 1
vn 0.888888888888889 -0.11111111111111106 0.4444444444444445
vn 0.888888888888889 -0.11111111111111106 0.4444444444444445
vn 0.888888888888889 -0.11111111111111106 0.4444444444444445
vn 0.888888888888889 -0.11111111111111106 0.4444444444444445
vn 0 1.2246467991473532e-16 1
vn 0 1.2246467991473532e-16 1
vn 0 1.2246467991473532e-16 1
vn 0 1.2246467991473532e-16 1
vn 0 1.2246467991473532e-16 1
vn 0 1.2246467991473532e-16 1
vn 0 1.2246467991473532e-16 1
vn 0 1.2246467991473532e-16 1
vn 0 1.2246467991473532e-16 1
vn 0 1.2246467991473532e-16 1
vn 0 1.2246467991473532e-16 1
vn 0 1.2246467991473532e-16 1
vn -0.888888888888889 -0.11111111111111106 0.4444444444444445
vn -0.888888888888889 -0.11111111111111106 0.4444444444444445
vn -0.888888888888889 -0.11111111111111106 0.4444444444444445
vn -0.888888888888889 -0.11111111111111106 0.4444444444444445
vn 0 1.2246467991473532e-16 1
vn 0 1.2246467991473532e-16 1
vn 0 1.2246467991473532e-16 1
vn 0 1.2246467991473532e-16 1
vn 0 1.2246467991473532e-16 1
vn 0 1.2246467991473532e-16 1
vn 0 1.2246467991473532e-16 1
vn 0 1.2246467991473532e-16 1
vn 0 1.2246467991473532e-16 1
vn 0 1.2246467991473532e-16 1
vn 0 1.2246467991473532e-16 1
vn 0 1.2246467991473532e-16 1
vn 1 0 0
vn 1 0 0
vn 1 0 0
vn 1 0 0
vn -1 0 0
vn -1 0 0
vn -1 0 0
vn -1 0 0
vn 0 1.2246467991473532e-16 1
vn 0 1.2246467991473532e-16 1
vn 0 1.2246467991473532e-16 1
vn 0 1.2246467991473532e-16 1
vn 0 1.2246467991473532e-16 1
vn 0 1.2246467991473532e-16 1
vn 0 1.2246467991473532e-16 1
vn 0 1.2246467991473532e-16 1
vn 1 0 0
vn 1 0 0
vn 1 0 0
vn 1 0 0
vn -1 0 0
vn -1 0 0
vn -1 0 0
vn -1 0 0
vn -1 0 0
vn -1 0 0
vn -1 0 0
vn -1 0 0
vn 1 0 0
vn 1 0 0
vn 1 0 0
vn 1 0 0
vn 0 1.2246467991473532e-16 1
vn 0 1.2246467991473532e-16 1
vn 0 1.2246467991473532e-16 1
vn 0 1.2246467991473532e-16 1
f 615/615/615 614/614/614 613/613/613
f 618/618/618 617/617/617 616/616/616
f 621/621/621 620/620/620 619/619/619
f 624/624/624 623/623/623 622/622/622
f 627/627/627 626/626/626 625/625/625
f 630/630/630 629/629/629 628/628/628
f 633/633/633 632/632/632 631/631/631
f 636/636/636 635/635/635 634/634/634
f 639/639/639 638/638/638 637/637/637
f 642/642/642 641/641/641 640/640/640
f 645/645/645 644/644/644 643/643/643
f 648/648/648 647/647/647 646/646/646
f 651/651/651 650/650/650 649/649/649
f 654/654/654 653/653/653 652/652/652
f 657/657/657 656/656/656 655/655/655
f 660/660/660 659/659/659 658/658/658
f 663/663/663 662/662/662 661/661/661
f 666/666/666 665/665/665 664/664/664
f 665/665/665 666/666/666 667/667/667
f 670/670/670 669/669/669 668/668/668
f 669/669/669 670/670/670 671/671/671
f 674/674/674 673/673/673 672/672/672
f 673/673/673 674/674/674 675/675/675
f 678/678/678 677/677/677 676/676/676
f 677/677/677 678/678/678 679/679/679
f 682/682/682 681/681/681 680/680/680
f 681/681/681 682/682/682 683/683/683
f 686/686/686 685/685/685 684/684/684
f 685/685/685 686/686/686 687/687/687
f 690/690/690 689/689/689 688/688/688
f 689/689/689 690/690/690 691/691/691
f 694/694/694 693/693/693 692/692/692
f 693/693/693 694/694/694 695/695/695
f 698/698/698 697/697/697 696/696/696
f 697/697/697 698/698/698 699/699/699
f 702/702/702 701/701/701 700/700/700
f 701/701/701 702/702/702 703/703/703
f 706/706/706 705/705/705 704/704/704
f 705/705/705 706/706/706 707/707/707
f 710/710/710 709/709/709 708/708/708
f 709/709/709 710/710/710 711/711/711
f 714/714/714 713/713/713 712/712/712
f 713/713/713 714/714/714 715/715/715
f 718/718/718 717/717/717 716/716/716
f 717/717/717 718/718/718 719/719/719
f 722/722/722 721/721/721 720/720/720
f 721/721/721 722/722/722 723/723/723
f 726/726/726 725/725/725 724/724/724
f 725/725/725 726/726/726 727/727/727
f 730/730/730 729/729/729 728/728/728
f 729/729/729 730/730/730 731/731/731
f 734/734/734 733/733/733 732/732/732
f 733/733/733 734/734/734 735/735/735
f 738/738/738 737/737/737 736/736/736
f 737/737/737 738/738/738 739/739/739
f 742/742/742 741/741/741 740/740/740
f 741/741/741 742/742/742 743/743/743
f 746/746/746 745/745/745 744/744/744
f 745/745/745 746/746/746 747/747/747
f 750/750/750 749/749/749 748/748/748
f 749/749/749 750/750/750 751/751/751
o mesh_14
usemtl mat10
v 25.6 12.799999999999976 -204.8
v 25.6 -2.5080766446537795e-14 -204.8
v 0 -2.5080766446537795e-14 -204.8
vt 0.25 0.875
vt 0.25 0.9921875
vt 0 0.9921875
vn 0 1.2246467991473532e-16 1
vn 0 1.2246467991473532e-16 1
vn 0 1.2246467991473532e-16 1
f 754/754/754 753/753/753 752/752/752
o mesh_15
usemtl mat11
v 25.6 76.79999999999998 -204.8
v 25.6 51.199999999999974 -204.8
v 8 68.79999999999997 -204.8
v 0 51.199999999999974 -204.8
v 25.6 76.79999999999998 -204.8
v 38.400000000000006 76.79999999999998 -204.8
v 25.6 51.199999999999974 -204.8
v 38.400000000000006 51.199999999999974 -204.8
v 51.2 76.79999999999998 -204.8
v 64 76.79999999999998 -204.8
v 51.2 51.199999999999974 -204.8
v 64 51.199999999999974 -204.8
vt 0.9921875 0.25
vt 0.9921875 0.4921875
vt 0.828125 0.3203125
vt 0.75 0.4921875
vt 0.5 0.25
vt 0.625 0.25
vt 0.5 0.4921875
vt 0.625 0.4921875
vt 0.875 0.25
vt 0.9921875 0.25
vt 0.875 0.4921875
vt 0.9921875 0.4921875
vn 0 1.2246467991473532e-16 1
vn 0 1.2246467991473532e-16 1
vn 0 1.2246467991473532e-16 1
vn 0 1.2246467991473532e-16 1
vn 0 1.2246467991473532e-16 1
vn 0 1.2246467991473532e-16 1
vn 0 1.2246467991473532e-16 1
vn 0 1.2246467991473532e-16 1
vn 0 1.2246467991473532e-16 1
vn 0 1.2246467991473532e-16 1
vn 0 1.2246467991473532e-16 1
vn 0 1.2246467991473532e-16 1
f 757/757/757 756/756/756 755/755/755
f 756/756/756 757/757/757 758/758/758
f 761/761/761 760/760/760 759/759/759
f 760/760/760 761/761/761 762/762/762
f 765/765/765 764/764/764 763/763/763
f 764/764/764 765/765/765 766/766/766
o mesh_16
usemtl mat12
v 53.6 12.799999999999976 -208
v 55.2 12.799999999999976 -204.8
v 51.2 12.799999999999976 -208
v 51.2 12.799999999999976 -204.8
v 36 12.799999999999976 -208
v 38.400000000000006 12.799999999999976 -208
v 34.4 12.799999999999976 -204.8
v 38.400000000000006 12.799999999999976 -204.8
vt 0.4921875 0.9609375
vt 0.4921875 0.9921875
vt 0.4609375 0.9609375
vt 0.4609375 0.9921875
vt 0.25 0.9609375
vt 0.28125 0.9609375
vt 0.25 0.9921875
vt 0.28125 0.9921875
vn 0 1 -1.2246467991473532e-16
vn 0 1 -1.2246467991473532e-16
vn 0 1 -1.2246467991473532e-16
vn 0 1 -1.2246467991473532e-16
vn 0 1 -1.2246467991473532e-16
vn 0 1 -1.2246467991473532e-16
vn 0 1 -1.2246467991473532e-16
vn 0 1 -1.2246467991473532e-16
f 769/769/769 768/768/768 767/767/767
f 768/768/768 769/769/769 770/770/770
f 773/773/773 772/772/772 771/771/771
f 772/772/772 773/773/773 774/774/774
o mesh_17
usemtl mat6
v 38.400000000000006 76.79999999999998 -204.8
v 51.2 76.79999999999998 -204.8
v 38.400000000000006 51.199999999999974 -204.8
v 51.2 51.199999999999974 -204.8
v 76.80000000000001 12.799999999999976 -204.8
v 76.80000000000001 -2.5080766446537795e-14 -204.8
v 64 12.799999999999976 -204.8
v 64 -2.5080766446537795e-14 -204.8
vt 0.203125 0.125
vt 0.28125 0.125
vt 0.203125 0.375
vt 0.28125 0.375
vt 0.1171875 0.3671875
vt 0.1171875 0.4921875
vt 0 0.3671875
vt 0 0.4921875
vn 0 1.2246467991473532e-16 1
vn 0 1.2246467991473532e-16 1
vn 0 1.2246467991473532e-16 1
vn 0 1.2246467991473532e-16 1
vn 0 1.2246467991473532e-16 1
vn 0 1.2246467991473532e-16 1
vn 0 1.2246467991473532e-16 1
vn 0 1.2246467991473532e-16 1
f 777/777/777 776/776/776 775/775/775
f 776/776/776 777/777/777 778/778/778
f 781/781/781 780/780/780 779/779/779
f 780/780/780 781/781/781 782/782/782
o mesh_18
usemtl mat6
v 89.60000000000001 38.399999999999984 -153.60000000000002
v 89.60000000000001 35.99999999999998 -160
v 89.60000000000001 38.399999999999984 -166.4
v 89.60000000000001 38.399999999999984 -166.4
v 89.60000000000001 35.99999999999998 -160
v 89.60000000000001 31.99999999999998 -162.4
v 89.60000000000001 31.999999999999982 -157.60000000000002
v 89.60000000000001 35.99999999999998 -160
v 89.60000000000001 38.399999999999984 -153.60000000000002
v 89.60000000000001 -2.037812273781196e-14 -166.4
v 89.60000000000001 25.59999999999998 -166.4
v 89.60000000000001 25.59999999999998 -163.20000000000002
v 89.60000000000001 25.599999999999984 -156.8
v 89.60000000000001 25.599999999999984 -153.60000000000002
v 89.60000000000001 -1.8810574834903348e-14 -153.60000000000002
v 89.60000000000001 38.399999999999984 -166.4
v 89.60000000000001 51.19999999999998 -179.20000000000002
v 89.60000000000001 51.19999999999998 -166.4
v 89.60000000000001 25.59999999999998 -163.20000000000002
v 89.60000000000001 25.59999999999998 -166.4
v 89.60000000000001 31.99999999999998 -162.4
v 89.60000000000001 38.399999999999984 -166.4
v 89.60000000000001 51.199999999999996 -51.20000000000001
v 89.60000000000001 25.599999999999994 -51.2
v 89.60000000000001 51.199999999999996 -76.80000000000001
v 89.60000000000001 25.59999999999999 -76.80000000000001
v 89.60000000000001 51.2 -25.60000000000001
v 89.60000000000001 25.599999999999998 -25.600000000000005
v 89.60000000000001 51.199999999999996 -51.20000000000001
v 89.60000000000001 25.599999999999994 -51.2
v 89.60000000000001 -6.270191611634449e-15 -51.2
v 89.60000000000001 -9.405287417451674e-15 -76.80000000000001
v 89.60000000000001 25.599999999999994 -51.2
v 89.60000000000001 25.59999999999999 -76.80000000000001
v 89.60000000000001 -3.1350958058172244e-15 -25.6
v 89.60000000000001 -6.270191611634449e-15 -51.2
v 89.60000000000001 25.599999999999998 -25.600000000000005
v 89.60000000000001 25.599999999999994 -51.2
v 89.60000000000001 25.599999999999987 -102.4
v 89.60000000000001 51.19999999999999 -102.4
v 89.60000000000001 25.59999999999999 -76.80000000000001
v 89.60000000000001 51.199999999999996 -76.80000000000001
v 89.60000000000001 38.399999999999984 -153.60000000000002
v 89.60000000000001 25.599999999999984 -153.60000000000002
v 89.60000000000001 31.999999999999982 -157.60000000000002
v 89.60000000000001 25.599999999999984 -156.8
v 89.60000000000001 38.399999999999984 -166.4
v 89.60000000000001 25.59999999999998 -166.4
v 89.60000000000001 51.19999999999998 -179.20000000000002
v 89.60000000000001 25.59999999999998 -179.20000000000002
v 89.60000000000001 25.59999999999999 -76.80000000000001
v 89.60000000000001 -9.405287417451674e-15 -76.80000000000001
v 89.60000000000001 25.599999999999987 -102.4
v 89.60000000000001 -1.2540383223268897e-14 -102.4
v 89.60000000000001 38.399999999999984 -166.4
v 89.60000000000001 51.19999999999998 -166.4
v 89.60000000000001 38.399999999999984 -153.60000000000002
v 89.60000000000001 51.19999999999998 -153.60000000000002
vt 0.4921875 0.125
vt 0.4375 0.1328125
vt 0.375 0.125
vt 0.375 0.125
vt 0.4375 0.1328125
vt 0.40625 0.1875
vt 0.4609375 0.1875
vt 0.4375 0.1328125
vt 0.4921875 0.125
vt 0.375 0.4921875
vt 0.375 0.25
vt 0.40625 0.25
vt 0.46875 0.25
vt 0.4921875 0.25
vt 0.4921875 0.4921875
vt 0.375 0.125
vt 0.25 0
vt 0.375 0
vt 0.3984375 0.25
vt 0.375 0.25
vt 0.40625 0.1875
vt 0.375 0.125
vt 0.4921875 0
vt 0.4921875 0.25
vt 0.25 0
vt 0.25 0.25
vt 0.25 0
vt 0.25 0.25
vt 0 0
vt 0 0.25
vt 0.4921875 0.4921875
vt 0.25 0.4921875
vt 0.4921875 0.25
vt 0.25 0.25
vt 0.25 0.4921875
vt 0 0.4921875
vt 0.25 0.25
vt 0 0.25
vt 0 0.25
vt 0 0
vt 0.25 0.25
vt 0.25 0
vt 0.4921875 0.125
vt 0.4921875 0.25
vt 0.4609375 0.1875
vt 0.46875 0.25
vt 0.375 0.125
vt 0.375 0.25
vt 0.25 0
vt 0.25 0.25
vt 0.25 0.25
vt 0.25 0.4921875
vt 0 0.25
vt 0 0.4921875
vt 0.375 0.125
vt 0.375 0
vt 0.4921875 0.125
vt 0.4921875 0
vn -1 0 0
vn -1 0 0
vn -1 0 0
vn -1 0 0
vn -1 0 0
vn -1 0 0
vn -1 0 0
vn -1 0 0
vn -1 0 0
vn -1 0 0
vn -1 0 0
vn -1 0 0
vn -1 0 0
vn -1 0 0
vn -1 0 0
vn -1 0 0
vn -1 0 0
vn -1 0 0
vn -1 0 0
vn -1 0 0
vn -1 0 0
vn -1 0 0
vn -1 0 0
vn -1 0 0
vn -1 0 0
vn -1 0 0
vn -1 0 0
vn -1 0 0
vn -1 0 0
vn -1 0 0
vn -1 0 0
vn -1 0 0
vn -1 0 0
vn -1 0 0
vn -1 0 0
vn -1 0 0
vn -1 0 0
vn -1 0 0
vn -1 0 0
vn -1 0 0
vn -1 0 0
vn -1 0 0
vn -1 0 0
vn -1 0 0
vn -1 0 0
vn -1 0 0
vn -1 0 0
vn -1 0 0
vn -1 0 0
vn -1 0 0
vn -1 0 0
vn -1 0 0
vn -1 0 0
vn -1 0 0
vn -1 0 0
vn -1 0 0
vn -1 0 0
vn -1 0 0
f 785/785/785 784/784/784 783/783/783
f 788/788/788 787/787/787 786/786/786
f 791/791/791 790/790/790 789/789/789
f 794/794/794 793/793/793 792/792/792
f 797/797/797 796/796/796 795/795/795
f 800/800/800 799/799/799 798/798/798
f 803/803/803 802/802/802 801/801/801
f 802/802/802 803/803/803 804/804/804
f 807/807/807 806/806/806 805/805/805
f 806/806/806 807/807/807 808/808/808
f 811/811/811 810/810/810 809/809/809
f 810/810/810 811/811/811 812/812/812
f 815/815/815 814/814/814 813/813/813
f 814/814/814 815/815/815 816/816/816
f 819/819/819 818/818/818 817/817/817
f 818/818/818 819/819/819 820/820/820
f 823/823/823 822/822/822 821/821/821
f 822/822/822 823/823/823 824/824/824
f 827/827/827 826/826/826 825/825/825
f 826/826/826 827/827/827 828/828/828
f 831/831/831 830/830/830 829/829/829
f 830/830/830 831/831/831 832/832/832
f 835/835/835 834/834/834 833/833/833
f 834/834/834 835/835/835 836/836/836
f 839/839/839 838/838/838 837/837/837
f 838/838/838 839/839/839 840/840/840
o mesh_19
usemtl mat10
v 89.60000000000001 -2.3513218543629183e-14 -192
v 89.60000000000001 -2.5080766446537795e-14 -204.8
v 89.60000000000001 25.599999999999977 -204.8
v 89.60000000000001 -1.7243026931994733e-14 -140.8
v 89.60000000000001 -1.8810574834903348e-14 -153.60000000000002
v 89.60000000000001 25.599999999999984 -153.60000000000002
vt 0.375 0.9921875
vt 0.25 0.9921875
vt 0.25 0.75
vt 0.125 0.9921875
vt 0 0.9921875
vt 0 0.75
vn -1 0 0
vn -1 0 0
vn -1 0 0
vn -1 0 0
vn -1 0 0
vn -1 0 0
f 843/843/843 842/842/842 841/841/841
f 846/846/846 845/845/845 844/844/844
o mesh_20
usemtl mat11
v 89.60000000000001 67.19999999999999 -153.60000000000002
v 89.60000000000001 51.19999999999998 -153.60000000000002
v 81.60000000000001 68.79999999999998 -153.60000000000002
v 89.60000000000001 51.19999999999999 -128
v 89.60000000000001 67.19999999999999 -128
v 81.60000000000001 68.79999999999998 -128
v 89.60000000000001 51.19999999999998 -166.4
v 89.60000000000001 51.19999999999998 -179.20000000000002
v 81.60000000000001 68.79999999999998 -166.4
v 81.60000000000001 68.79999999999997 -179.20000000000002
v 89.60000000000001 51.19999999999998 -153.60000000000002
v 89.60000000000001 51.19999999999998 -166.4
v 81.60000000000001 68.79999999999998 -153.60000000000002
v 81.60000000000001 68.79999999999998 -166.4
v 81.60000000000001 68.79999999999998 -128
v 81.60000000000001 68.79999999999998 -102.40000000000002
v 89.60000000000001 51.19999999999999 -128
v 89.60000000000001 51.19999999999999 -102.4
v 81.60000000000001 68.8 -25.60000000000001
v 89.60000000000001 51.2 -25.60000000000001
v 81.60000000000001 68.8 -51.20000000000001
v 89.60000000000001 51.199999999999996 -51.20000000000001
v 89.60000000000001 51.199999999999974 -204.8
v 81.60000000000001 68.79999999999997 -204.8
v 89.60000000000001 51.19999999999998 -179.20000000000002
v 81.60000000000001 68.79999999999997 -179.20000000000002
v 81.60000000000001 68.79999999999998 -76.80000000000003
v 89.60000000000001 51.199999999999996 -76.80000000000001
v 81.60000000000001 68.79999999999998 -102.40000000000002
v 89.60000000000001 51.19999999999999 -102.4
v 81.60000000000001 68.8 -51.20000000000001
v 89.60000000000001 51.199999999999996 -51.20000000000001
v 81.60000000000001 68.79999999999998 -76.80000000000003
v 89.60000000000001 51.199999999999996 -76.80000000000001
v 89.60000000000001 67.19999999999999 -153.60000000000002
v 89.60000000000001 67.19999999999999 -128
v 89.60000000000001 51.19999999999998 -153.60000000000002
v 89.60000000000001 51.19999999999999 -128
vt 0.515625 0.25
vt 0.5 0.4921875
vt 0.5 0.25
vt 0.75 0.4921875
vt 0.734375 0.25
vt 0.75 0.25
vt 0.875 0.4921875
vt 0.75 0.4921875
vt 0.875 0.25
vt 0.75 0.25
vt 0.9921875 0.4921875
vt 0.875 0.4921875
vt 0.9921875 0.25
vt 0.875 0.25
vt 0.75 0.25
vt 0.9921875 0.25
vt 0.75 0.4921875
vt 0.9921875 0.4921875
vt 0.75 0.25
vt 0.75 0.4921875
vt 0.5 0.25
vt 0.5 0.4921875
vt 0.5 0.4921875
vt 0.5 0.25
vt 0.75 0.4921875
vt 0.75 0.25
vt 0.75 0.25
vt 0.75 0.4921875
vt 0.5 0.25
vt 0.5 0.4921875
vt 0.9921875 0.25
vt 0.9921875 0.4921875
vt 0.75 0.25
vt 0.75 0.4921875
vt 0.515625 0.25
vt 0.734375 0.25
vt 0.5 0.4921875
vt 0.75 0.4921875
vn 0 1.2246467991473532e-16 1
vn 0 1.2246467991473532e-16 1
vn 0 1.2246467991473532e-16 1
vn 0 -1.2246467991473532e-16 -1
vn 0 -1.2246467991473532e-16 -1
vn 0 -1.2246467991473532e-16 -1
vn -0.9103664744007224 -0.41380295103732534 5.067624594655893e-17
vn -0.9103664744007224 -0.41380295103732534 5.067624594655893e-17
vn -0.9103664744007224 -0.41380295103732534 5.067624594655893e-17
vn -0.9103664744007224 -0.41380295103732534 5.067624594655893e-17
vn -0.9103664744007224 -0.41380295103732534 5.067624594655893e-17
vn -0.9103664744007224 -0.41380295103732534 5.067624594655893e-17
vn -0.9103664744007224 -0.41380295103732534 5.067624594655893e-17
vn -0.9103664744007224 -0.41380295103732534 5.067624594655893e-17
vn -0.9103664744007224 -0.41380295103732534 5.067624594655893e-17
vn -0.9103664744007224 -0.41380295103732534 5.067624594655893e-17
vn -0.9103664744007224 -0.41380295103732534 5.067624594655893e-17
vn -0.9103664744007224 -0.41380295103732534 5.067624594655893e-17
vn -0.9103664744007224 -0.41380295103732534 5.067624594655893e-17
vn -0.9103664744007224 -0.41380295103732534 5.067624594655893e-17
vn -0.9103664744007224 -0.41380295103732534 5.067624594655893e-17
vn -0.9103664744007224 -0.41380295103732534 5.067624594655893e-17
vn -0.9103664744007224 -0.41380295103732534 5.067624594655893e-17
vn -0.9103664744007224 -0.41380295103732534 5.067624594655893e-17
vn -0.9103664744007224 -0.41380295103732534 5.067624594655893e-17
vn -0.9103664744007224 -0.41380295103732534 5.067624594655893e-17
vn -0.9103664744007224 -0.41380295103732534 5.067624594655893e-17
vn -0.9103664744007224 -0.41380295103732534 5.067624594655893e-17
vn -0.9103664744007224 -0.41380295103732534 5.067624594655893e-17
vn -0.9103664744007224 -0.41380295103732534 5.067624594655893e-17
vn -0.9103664744007224 -0.41380295103732534 5.067624594655893e-17
vn -0.9103664744007224 -0.41380295103732534 5.067624594655893e-17
vn -0.9103664744007224 -0.41380295103732534 5.067624594655893e-17
vn -0.9103664744007224 -0.41380295103732534 5.067624594655893e-17
vn -1 0 0
vn -1 0 0
vn -1 0 0
vn -1 0 0
f 849/849/849 848/848/848 847/847/847
f 852/852/852 851/851/851 850/850/850
f 855/855/855 854/854/854 853/853/853
f 854/854/854 855/855/855 856/856/856
f 859/859/859 858/858/858 857/857/857
f 858/858/858 859/859/859 860/860/860
f 863/863/863 862/862/862 861/861/861
f 862/862/862 863/863/863 864/864/864
f 867/867/867 866/866/866 865/865/865
f 866/866/866 867/867/867 868/868/868
f 871/871/871 870/870/870 869/869/869
f 870/870/870 871/871/871 872/872/872
f 875/875/875 874/874/874 873/873/873
f 874/874/874 875/875/875 876/876/876
f 879/879/879 878/878/878 877/877/877
f 878/878/878 879/879/879 880/880/880
f 883/883/883 882/882/882 881/881/881
f 882/882/882 883/883/883 884/884/884
o mesh_21
usemtl mat9
v 25.6 25.599999999999998 -25.600000000000005
v 25.6 12.799999999999997 -25.6
v 35.2 12.799999999999997 -25.6
v 35.2 12.799999999999997 -25.6
v 35.2 25.599999999999998 -23.200000000000006
v 25.6 25.599999999999998 -25.600000000000005
v 52.800000000000004 22.400000000000002 -13.600000000000005
v 52.800000000000004 12.799999999999999 -13.600000000000003
v 52.800000000000004 12.799999999999997 -24
v 52.800000000000004 25.599999999999998 -20.800000000000004
v 52.800000000000004 12.799999999999997 -24
v 54.400000000000006 12.799999999999997 -25.6
v 52.800000000000004 25.599999999999998 -20.800000000000004
v 54.400000000000006 12.799999999999997 -25.6
v 55.2 25.599999999999998 -25.600000000000005
v 36.800000000000004 12.799999999999999 -20.8
v 36.800000000000004 12.799999999999999 -13.600000000000003
v 36.800000000000004 22.400000000000002 -13.600000000000005
v 62.400000000000006 38.400000000000006 -20.800000000000004
v 51.2 38.400000000000006 -20.800000000000004
v 52.800000000000004 38.400000000000006 -16.800000000000004
v 38.400000000000006 -3.1350958058172244e-15 -25.6
v 36.800000000000004 12.799999999999999 -20.8
v 35.2 12.799999999999997 -25.6
v 52.800000000000004 25.599999999999998 -20.800000000000004
v 62.400000000000006 25.599999999999998 -20.800000000000004
v 62.400000000000006 38.400000000000006 -20.800000000000004
v 36.800000000000004 38.400000000000006 -16.800000000000004
v 38.400000000000006 38.400000000000006 -20.800000000000004
v 27.200000000000003 38.400000000000006 -20.800000000000004
v 36.800000000000004 31.999999999999996 -18.400000000000006
v 36.800000000000004 25.599999999999998 -18.400000000000006
v 36.800000000000004 25.6 -13.600000000000005
v 27.200000000000003 38.400000000000006 -20.800000000000004
v 36.800000000000004 31.999999999999996 -18.400000000000006
v 36.800000000000004 38.400000000000006 -16.800000000000004
v 52.800000000000004 38.400000000000006 -16.800000000000004
v 52.800000000000004 25.599999999999998 -20.800000000000004
v 62.400000000000006 38.400000000000006 -20.800000000000004
v 35.2 12.799999999999997 -25.6
v 25.6 12.799999999999997 -25.6
v 38.400000000000006 -3.1350958058172244e-15 -25.6
v 25.6 -3.1350958058172244e-15 -25.6
v 25.6 25.599999999999998 -25.600000000000005
v 35.2 25.599999999999998 -23.200000000000006
v 25.6 38.400000000000006 -25.600000000000005
v 35.2 31.999999999999996 -23.200000000000006
v 36.800000000000004 12.799999999999999 -20.8
v 38.400000000000006 -3.1350958058172244e-15 -25.6
v 36.800000000000004 12.799999999999999 -13.600000000000003
v 38.400000000000006 -1.5675479029086122e-15 -12.8
v 36.800000000000004 38.400000000000006 -16.800000000000004
v 52.800000000000004 38.400000000000006 -16.800000000000004
v 38.400000000000006 38.400000000000006 -20.800000000000004
v 51.2 38.400000000000006 -20.800000000000004
v 52.800000000000004 12.799999999999999 -13.600000000000003
v 51.2 -1.5675479029086122e-15 -12.8
v 52.800000000000004 12.799999999999997 -24
v 51.2 -2.939152317953648e-15 -24
v 52.800000000000004 12.799999999999997 -24
v 52.800000000000004 25.599999999999998 -20.800000000000004
v 52.800000000000004 22.400000000000002 -13.600000000000005
v 52.800000000000004 25.6 -13.600000000000005
v 54.400000000000006 12.799999999999997 -25.6
v 64 12.799999999999997 -25.6
v 55.2 25.599999999999998 -25.600000000000005
v 64 25.599999999999998 -25.600000000000005
v 35.2 12.799999999999997 -25.6
v 36.800000000000004 12.799999999999999 -20.8
v 35.2 25.599999999999998 -23.200000000000006
v 36.800000000000004 25.599999999999998 -18.400000000000006
v 64 12.799999999999997 -25.6
v 54.400000000000006 12.799999999999997 -25.6
v 64 -3.1350958058172244e-15 -25.6
v 52.800000000000004 -3.1350958058172244e-15 -25.6
v 52.800000000000004 -3.1350958058172244e-15 -25.6
v 54.400000000000006 12.799999999999997 -25.6
v 51.2 -2.939152317953648e-15 -24
v 52.800000000000004 12.799999999999997 -24
v 35.2 31.999999999999996 -23.200000000000006
v 35.2 25.599999999999998 -23.200000000000006
v 36.800000000000004 31.999999999999996 -18.400000000000006
v 36.800000000000004 25.599999999999998 -18.400000000000006
v 36.800000000000004 25.6 -13.600000000000005
v 36.800000000000004 38.400000000000006 -13.600000000000007
v 36.800000000000004 31.999999999999996 -18.400000000000006
v 36.800000000000004 38.400000000000006 -16.800000000000004
v 52.800000000000004 38.400000000000006 -16.800000000000004
v 52.800000000000004 38.400000000000006 -13.600000000000007
v 52.800000000000004 25.599999999999998 -20.800000000000004
v 52.800000000000004 25.6 -13.600000000000005
v 36.800000000000004 22.400000000000002 -13.600000000000005
v 36.800000000000004 25.6 -13.600000000000005
v 36.800000000000004 12.799999999999999 -20.8
v 36.800000000000004 25.599999999999998 -18.400000000000006
v 36.800000000000004 38.400000000000006 -16.800000000000004
v 36.800000000000004 38.400000000000006 -13.600000000000007
v 52.800000000000004 38.400000000000006 -16.800000000000004
v 52.800000000000004 38.400000000000006 -13.600000000000007
vt 0.9921875 0.75
vt 0.9921875 0.875
vt 0.890625 0.875
vt 0.890625 0.875
vt 0.890625 0.75
vt 0.9921875 0.75
vt 0.84375 0.78125
vt 0.84375 0.875
vt 0.7421875 0.875
vt 0.78125 0.75
vt 0.7421875 0.875
vt 0.71875 0.875
vt 0.78125 0.75
vt 0.71875 0.875
vt 0.7109375 0.75
vt 0.8515625 0.875
vt 0.8125 0.875
vt 0.8125 0.78125
vt 0.6875 0.75
vt 0.75 0.75
vt 0.71875 0.8125
vt 0.875 0.9921875
vt 0.8515625 0.875
vt 0.890625 0.875
vt 0.796875 0.75
vt 0.625 0.75
vt 0.625 0.625
vt 0.8984375 0.8125
vt 0.875 0.75
vt 0.9296875 0.75
vt 0.859375 0.6875
vt 0.859375 0.75
vt 0.8125 0.75
vt 0.9921875 0.625
vt 0.875 0.6875
vt 0.875 0.625
vt 0.796875 0.625
vt 0.796875 0.75
vt 0.625 0.625
vt 0.890625 0.875
vt 0.9921875 0.875
vt 0.875 0.9921875
vt 0.9921875 0.9921875
vt 0.9921875 0.75
vt 0.890625 0.75
vt 0.9921875 0.625
vt 0.890625 0.6875
vt 0.8515625 0.875
vt 0.875 0.9921875
vt 0.8125 0.875
vt 0.8125 0.9921875
vt 0.8984375 0.8125
vt 0.71875 0.8125
vt 0.875 0.75
vt 0.75 0.75
vt 0.84375 0.875
vt 0.84375 0.9921875
vt 0.7421875 0.875
vt 0.7421875 0.9921875
vt 0.7421875 0.875
vt 0.78125 0.75
vt 0.84375 0.78125
vt 0.84375 0.75
vt 0.71875 0.875
vt 0.625 0.875
vt 0.7109375 0.75
vt 0.625 0.75
vt 0.890625 0.875
vt 0.859375 0.875
vt 0.890625 0.75
vt 0.859375 0.75
vt 0.625 0.875
vt 0.71875 0.875
vt 0.625 0.9921875
vt 0.71875 0.9921875
vt 0.71875 0.9921875
vt 0.71875 0.875
vt 0.7421875 0.9921875
vt 0.7421875 0.875
vt 0.890625 0.6875
vt 0.890625 0.75
vt 0.859375 0.6875
vt 0.859375 0.75
vt 0.8125 0.75
vt 0.8125 0.625
vt 0.859375 0.6875
vt 0.859375 0.625
vt 0.8046875 0.625
vt 0.84375 0.625
vt 0.78125 0.75
vt 0.84375 0.75
vt 0.8125 0.78125
vt 0.8125 0.75
vt 0.859375 0.875
vt 0.859375 0.75
vt 0.8984375 0.8125
vt 0.8984375 0.84375
vt 0.71875 0.8125
vt 0.71875 0.84375
vn 0 -1.2246467991473532e-16 -1
vn 0 -1.2246467991473532e-16 -1
vn 0 -1.2246467991473532e-16 -1
vn 0.23861999434967032 0.17896499948754288 -0.9544799773986813
vn 0.23861999434967032 0.17896499948754288 -0.9544799773986813
vn 0.23861999434967032 0.17896499948754288 -0.9544799773986813
vn -1 0 0
vn -1 0 0
vn -1 0 0
vn -0.6963106238227914 0.17407765595569777 -0.6963106238227914
vn -0.6963106238227914 0.17407765595569777 -0.6963106238227914
vn -0.6963106238227914 0.17407765595569777 -0.6963106238227914
vn -0.8930329154975162 0.055814557218594706 -0.4465164577487581
vn -0.8930329154975162 0.055814557218594706 -0.4465164577487581
vn -0.8930329154975162 0.055814557218594706 -0.4465164577487581
vn 1 0 0
vn 1 0 0
vn 1 0 0
vn 0 -1 1.2246467991473532e-16
vn 0 -1 1.2246467991473532e-16
vn 0 -1 1.2246467991473532e-16
vn 0.9230769202554013 0.2307692300638503 -0.3076923166859079
vn 0.9230769202554013 0.2307692300638503 -0.3076923166859079
vn 0.9230769202554013 0.2307692300638503 -0.3076923166859079
vn 0 -1.2246467991473532e-16 -1
vn 0 -1.2246467991473532e-16 -1
vn 0 -1.2246467991473532e-16 -1
vn 0 -1 1.2246467991473532e-16
vn 0 -1 1.2246467991473532e-16
vn 0 -1 1.2246467991473532e-16
vn 1 0 0
vn 1 0 0
vn 1 0 0
vn 0.3747658444979307 0.22485950669875834 -0.8994380267950337
vn 0.3747658444979307 0.22485950669875834 -0.8994380267950337
vn 0.3747658444979307 0.22485950669875834 -0.8994380267950337
vn -0.36954754831731257 0.277160646336823 -0.886914080198763
vn -0.36954754831731257 0.277160646336823 -0.886914080198763
vn -0.36954754831731257 0.277160646336823 -0.886914080198763
vn 0 -1.2246467991473532e-16 -1
vn 0 -1.2246467991473532e-16 -1
vn 0 -1.2246467991473532e-16 -1
vn 0 -1.2246467991473532e-16 -1
vn 0.24253562503633297 -1.1880819075197913e-16 -0.9701425001453319
vn 0.24253562503633297 -1.1880819075197913e-16 -0.9701425001453319
vn 0.24253562503633297 -1.1880819075197913e-16 -0.9701425001453319
vn 0.24253562503633297 -1.1880819075197913e-16 -0.9701425001453319
vn 0.9922778767136676 0.12403473458920845 -1.5189874069776562e-17
vn 0.9922778767136676 0.12403473458920845 -1.5189874069776562e-17
vn 0.9922778767136676 0.12403473458920845 -1.5189874069776562e-17
vn 0.9922778767136676 0.12403473458920845 -1.5189874069776562e-17
vn 0 -1 1.2246467991473532e-16
vn 0 -1 1.2246467991473532e-16
vn 0 -1 1.2246467991473532e-16
vn 0 -1 1.2246467991473532e-16
vn -0.9922778767136676 0.12403473458920845 -1.5189874069776562e-17
vn -0.9922778767136676 0.12403473458920845 -1.5189874069776562e-17
vn -0.9922778767136676 0.12403473458920845 -1.5189874069776562e-17
vn -0.9922778767136676 0.12403473458920845 -1.5189874069776562e-17
vn -1 0 0
vn -1 0 0
vn -1 0 0
vn -1 0 0
vn 0 -1.2246467991473532e-16 -1
vn 0 -1.2246467991473532e-16 -1
vn 0 -1.2246467991473532e-16 -1
vn 0 -1.2246467991473532e-16 -1
vn 0.9470200748598847 0.059188754678742767 -0.31567335828662824
vn 0.9470200748598847 0.059188754678742767 -0.31567335828662824
vn 0.9470200748598847 0.059188754678742767 -0.31567335828662824
vn 0.9470200748598847 0.059188754678742767 -0.31567335828662824
vn 0 -1.2246467991473532e-16 -1
vn 0 -1.2246467991473532e-16 -1
vn 0 -1.2246467991473532e-16 -1
vn 0 -1.2246467991473532e-16 -1
vn -0.7043607250604991 0.0880450906325623 -0.7043607250604991
vn -0.7043607250604991 0.0880450906325623 -0.7043607250604991
vn -0.7043607250604991 0.0880450906325623 -0.7043607250604991
vn -0.7043607250604991 0.0880450906325623 -0.7043607250604991
vn 0.9486833010307459 -3.872673105048433e-17 -0.3162277570761414
vn 0.9486833010307459 -3.872673105048433e-17 -0.3162277570761414
vn 0.9486833010307459 -3.872673105048433e-17 -0.3162277570761414
vn 0.9486833010307459 -3.872673105048433e-17 -0.3162277570761414
vn 1 0 0
vn 1 0 0
vn 1 0 0
vn 1 0 0
vn -1 0 0
vn -1 0 0
vn -1 0 0
vn -1 0 0
vn 1 0 0
vn 1 0 0
vn 1 0 0
vn 1 0 0
vn 0 -1 1.2246467991473532e-16
vn 0 -1 1.2246467991473532e-16
vn 0 -1 1.2246467991473532e-16
vn 0 -1 1.2246467991473532e-16
f 887/887/887 886/886/886 885/885/885
f 890/890/890 889/889/889 888/888/888
f 893/893/893 892/892/892 891/891/891
f 896/896/896 895/895/895 894/894/894
f 899/899/899 898/898/898 897/897/897
f 902/902/902 901/901/901 900/900/900
f 905/905/905 904/904/904 903/903/903
f 908/908/908 907/907/907 906/906/906
f 911/911/911 910/910/910 909/909/909
f 914/914/914 913/913/913 912/912/912
f 917/917/917 916/916/916 915/915/915
f 920/920/920 919/919/919 918/918/918
f 923/923/923 922/922/922 921/921/921
f 926/926/926 925/925/925 924/924/924
f 925/925/925 926/926/926 927/927/927
f 930/930/930 929/929/929 928/928/928
f 929/929/929 930/930/930 931/931/931
f 934/934/934 933/933/933 932/932/932
f 933/933/933 934/934/934 935/935/935
f 938/938/938 937/937/937 936/936/936
f 937/937/937 938/938/938 939/939/939
f 942/942/942 941/941/941 940/940/940
f 941/941/941 942/942/942 943/943/943
f 946/946/946 945/945/945 944/944/944
f 945/945/945 946/946/946 947/947/947
f 950/950/950 949/949/949 948/948/948
f 949/949/949 950/950/950 951/951/951
f 954/954/954 953/953/953 952/952/952
f 953/953/953 954/954/954 955/955/955
f 958/958/958 957/957/957 956/956/956
f 957/957/957 958/958/958 959/959/959
f 962/962/962 961/961/961 960/960/960
f 961/961/961 962/962/962 963/963/963
f 966/966/966 965/965/965 964/964/964
f 965/965/965 966/966/966 967/967/967
f 970/970/970 969/969/969 968/968/968
f 969/969/969 970/970/970 971/971/971
f 974/974/974 973/973/973 972/972/972
f 973/973/973 974/974/974 975/975/975
f 978/978/978 977/977/977 976/976/976
f 977/977/977 978/978/978 979/979/979
f 982/982/982 981/981/981 980/980/980
f 981/981/981 982/982/982 983/983/983
o mesh_22
usemtl mat6
v 12.8 19.2 -25.600000000000005
v 12.8 12.799999999999997 -25.6
v 25.6 12.799999999999997 -25.6
v 64 76.80000000000001 -25.600000000000012
v 64 51.2 -25.60000000000001
v 81.60000000000001 68.8 -25.60000000000001
v 89.60000000000001 51.2 -25.60000000000001
v 12.8 38.400000000000006 -25.600000000000005
v 12.8 25.599999999999998 -25.600000000000005
v 25.6 38.400000000000006 -25.600000000000005
v 25.6 25.599999999999998 -25.600000000000005
v 25.6 12.799999999999997 -25.6
v 12.8 12.799999999999997 -25.6
v 25.6 -3.1350958058172244e-15 -25.6
v 12.8 -3.1350958058172244e-15 -25.6
v 12.8 25.599999999999998 -25.600000000000005
v 12.8 19.2 -25.600000000000005
v 25.6 25.599999999999998 -25.600000000000005
v 25.6 12.799999999999997 -25.6
v 27.200000000000003 38.400000000000006 -20.800000000000004
v 25.6 38.400000000000006 -25.600000000000005
v 36.800000000000004 31.999999999999996 -18.400000000000006
v 35.2 31.999999999999996 -23.200000000000006
vt 0.125 0.3125
vt 0.125 0.375
vt 0 0.375
vt 0.4921875 0.125
vt 0.4921875 0.375
vt 0.328125 0.203125
vt 0.25 0.375
vt 0.125 0.125
vt 0.125 0.25
vt 0 0.125
vt 0 0.25
vt 0 0.375
vt 0.125 0.375
vt 0 0.4921875
vt 0.125 0.4921875
vt 0.125 0.25
vt 0.125 0.3125
vt 0 0.25
vt 0 0.375
vt 0.25 0.46875
vt 0.25 0.40625
vt 0.3671875 0.4921875
vt 0.3671875 0.4375
vn 0 -1.2246467991473532e-16 -1
vn 0 -1.2246467991473532e-16 -1
vn 0 -1.2246467991473532e-16 -1
vn 0 -1.2246467991473532e-16 -1
vn 0 -1.2246467991473532e-16 -1
vn 0 -1.2246467991473532e-16 -1
vn 0 -1.2246467991473532e-16 -1
vn 0 -1.2246467991473532e-16 -1
vn 0 -1.2246467991473532e-16 -1
vn 0 -1.2246467991473532e-16 -1
vn 0 -1.2246467991473532e-16 -1
vn 0 -1.2246467991473532e-16 -1
vn 0 -1.2246467991473532e-16 -1
vn 0 -1.2246467991473532e-16 -1
vn 0 -1.2246467991473532e-16 -1
vn 0 -1.2246467991473532e-16 -1
vn 0 -1.2246467991473532e-16 -1
vn 0 -1.2246467991473532e-16 -1
vn 0 -1.2246467991473532e-16 -1
vn 0.577183294531281 0.7936270076287701 -0.1923944315104271
vn 0.577183294531281 0.7936270076287701 -0.1923944315104271
vn 0.577183294531281 0.7936270076287701 -0.1923944315104271
vn 0.577183294531281 0.7936270076287701 -0.1923944315104271
f 986/986/986 985/985/985 984/984/984
f 989/989/989 988/988/988 987/987/987
f 988/988/988 989/989/989 990/990/990
f 993/993/993 992/992/992 991/991/991
f 992/992/992 993/993/993 994/994/994
f 997/997/997 996/996/996 995/995/995
f 996/996/996 997/997/997 998/998/998
f 1001/1001/1001 1000/1000/1000 999/999/999
f 1000/1000/1000 1001/1001/1001 1002/1002/1002
f 1005/1005/1005 1004/1004/1004 1003/1003/1003
f 1004/1004/1004 1005/1005/1005 1006/1006/1006
o mesh_23
usemtl mat10
v 64 12.799999999999997 -25.6
v 64 -3.1350958058172244e-15 -25.6
v 89.60000000000001 -3.1350958058172244e-15 -25.6
v 62.400000000000006 38.400000000000006 -20.800000000000004
v 62.400000000000006 25.599999999999998 -20.800000000000004
v 64 38.400000000000006 -25.600000000000005
v 64 25.599999999999998 -25.600000000000005
v 62.400000000000006 44.800000000000004 -20.800000000000008
v 64 44.800000000000004 -25.60000000000001
v 62.400000000000006 51.2 -20.800000000000008
v 64 51.2 -25.60000000000001
v 62.400000000000006 44.800000000000004 -20.800000000000008
v 62.400000000000006 38.400000000000006 -20.800000000000004
v 64 44.800000000000004 -25.60000000000001
v 64 38.400000000000006 -25.600000000000005
vt 0.25 0.8125
vt 0.25 0.9921875
vt 0 0.9921875
vt 0.3125 0.625
vt 0.3125 0.75
vt 0.25 0.625
vt 0.25 0.75
vt 0.3125 0.5625
vt 0.25 0.5625
vt 0.3125 0.5
vt 0.25 0.5
vt 0.3125 0.5625
vt 0.3125 0.625
vt 0.25 0.5625
vt 0.25 0.625
vn 0 -1.2246467991473532e-16 -1
vn 0 -1.2246467991473532e-16 -1
vn 0 -1.2246467991473532e-16 -1
vn -0.9486833010307459 -3.872673105048433e-17 -0.3162277570761414
vn -0.9486833010307459 -3.872673105048433e-17 -0.3162277570761414
vn -0.9486833010307459 -3.872673105048433e-17 -0.3162277570761414
vn -0.9486833010307459 -3.872673105048433e-17 -0.3162277570761414
vn -0.9486833010307459 -3.872673105048433e-17 -0.3162277570761414
vn -0.9486833010307459 -3.872673105048433e-17 -0.3162277570761414
vn -0.9486833010307459 -3.872673105048433e-17 -0.3162277570761414
vn -0.9486833010307459 -3.872673105048433e-17 -0.3162277570761414
vn -0.9486833010307459 -3.872673105048433e-17 -0.3162277570761414
vn -0.9486833010307459 -3.872673105048433e-17 -0.3162277570761414
vn -0.9486833010307459 -3.872673105048433e-17 -0.3162277570761414
vn -0.9486833010307459 -3.872673105048433e-17 -0.3162277570761414
f 1009/1009/1009 1008/1008/1008 1007/1007/1007
f 1012/1012/1012 1011/1011/1011 1010/1010/1010
f 1011/1011/1011 1012/1012/1012 1013/1013/1013
f 1016/1016/1016 1015/1015/1015 1014/1014/1014
f 1015/1015/1015 1016/1016/1016 1017/1017/1017
f 1020/1020/1020 1019/1019/1019 1018/1018/1018
f 1019/1019/1019 1020/1020/1020 1021/1021/1021
o mesh_24
usemtl mat13
v 62.400000000000006 51.2 -20.800000000000008
v 64 51.2 -25.60000000000001
v 64 76.80000000000001 -25.600000000000012
v 25.6 76.80000000000001 -25.600000000000012
v 25.6 51.2 -25.60000000000001
v 27.200000000000003 51.2 -20.800000000000008
v 55.2 25.599999999999998 -25.600000000000005
v 64 25.599999999999998 -25.600000000000005
v 52.800000000000004 25.599999999999998 -20.800000000000004
v 62.400000000000006 25.599999999999998 -20.800000000000004
v 25.6 44.800000000000004 -25.60000000000001
v 25.6 38.400000000000006 -25.600000000000005
v 27.200000000000003 44.800000000000004 -20.800000000000008
v 27.200000000000003 38.400000000000006 -20.800000000000004
v 27.200000000000003 51.2 -20.800000000000008
v 25.6 51.2 -25.60000000000001
v 27.200000000000003 44.800000000000004 -20.800000000000008
v 25.6 44.800000000000004 -25.60000000000001
vt 0.5546875 0.2421875
vt 0.5 0.2421875
vt 0.5 0
vt 0.9921875 0
vt 0.9921875 0.2421875
vt 0.9375 0.2421875
vt 0.6171875 0.0546875
vt 0.5 0.0546875
vt 0.6171875 0
vt 0.5 0
vt 0.9921875 0.0625
vt 0.9921875 0.1171875
vt 0.9375 0.0625
vt 0.9375 0.1171875
vt 0.9375 0
vt 0.9921875 0
vt 0.9375 0.0625
vt 0.9921875 0.0625
vn -0.9486833010307459 -3.872673105048433e-17 -0.3162277570761414
vn -0.9486833010307459 -3.872673105048433e-17 -0.3162277570761414
vn -0.9486833010307459 -3.872673105048433e-17 -0.3162277570761414
vn 0.9486833010307459 -3.872673105048433e-17 -0.3162277570761414
vn 0.9486833010307459 -3.872673105048433e-17 -0.3162277570761414
vn 0.9486833010307459 -3.872673105048433e-17 -0.3162277570761414
vn 0 1 -1.2246467991473532e-16
vn 0 1 -1.2246467991473532e-16
vn 0 1 -1.2246467991473532e-16
vn 0 1 -1.2246467991473532e-16
vn 0.9486833010307459 -3.872673105048433e-17 -0.3162277570761414
vn 0.9486833010307459 -3.872673105048433e-17 -0.3162277570761414
vn 0.9486833010307459 -3.872673105048433e-17 -0.3162277570761414
vn 0.9486833010307459 -3.872673105048433e-17 -0.3162277570761414
vn 0.9486833010307459 -3.872673105048433e-17 -0.3162277570761414
vn 0.9486833010307459 -3.872673105048433e-17 -0.3162277570761414
vn 0.9486833010307459 -3.872673105048433e-17 -0.3162277570761414
vn 0.9486833010307459 -3.872673105048433e-17 -0.3162277570761414
f 1024/1024/1024 1023/1023/1023 1022/1022/1022
f 1027/1027/1027 1026/1026/1026 1025/1025/1025
f 1030/1030/1030 1029/1029/1029 1028/1028/1028
f 1029/1029/1029 1030/1030/1030 1031/1031/1031
f 1034/1034/1034 1033/1033/1033 1032/1032/1032
f 1033/1033/1033 1034/1034/1034 1035/1035/1035
f 1038/1038/1038 1037/1037/1037 1036/1036/1036
f 1037/1037/1037 1038/1038/1038 1039/1039/1039
o mesh_25
usemtl mat4
v 51.2 -2.939152317953648e-15 -24
v 51.2 -3.1350958058172244e-15 -25.6
v 52.800000000000004 -3.1350958058172244e-15 -25.6
vt 0.625 0.265625
vt 0.625 0.25
vt 0.640625 0.25
vn 0 1 -1.2246467991473532e-16
vn 0 1 -1.2246467991473532e-16
vn 0 1 -1.2246467991473532e-16
f 1042/1042/1042 1041/1041/1041 1040/1040/1040
o mesh_26
usemtl mat11
v 51.2 76.80000000000001 -25.600000000000012
v 38.400000000000006 76.80000000000001 -25.600000000000012
v 51.2 51.2 -20.800000000000008
v 38.400000000000006 51.2 -20.800000000000008
v 64 76.80000000000001 -25.600000000000012
v 51.2 76.80000000000001 -25.600000000000012
v 62.400000000000006 51.2 -20.800000000000008
v 51.2 51.2 -20.800000000000008
v 27.200000000000003 51.2 -20.800000000000008
v 38.400000000000006 51.2 -20.800000000000008
v 25.6 76.80000000000001 -25.600000000000012
v 38.400000000000006 76.80000000000001 -25.600000000000012
vt 0.625 0.25
vt 0.75 0.25
vt 0.625 0.4921875
vt 0.75 0.4921875
vt 0.5 0.25
vt 0.625 0.25
vt 0.5 0.4921875
vt 0.625 0.4921875
vt 0.875 0.4921875
vt 0.75 0.4921875
vt 0.875 0.25
vt 0.75 0.25
vn 0 -0.18428853145141444 -0.9828721876090913
vn 0 -0.18428853145141444 -0.9828721876090913
vn 0 -0.18428853145141444 -0.9828721876090913
vn 0 -0.18428853145141444 -0.9828721876090913
vn 0 -0.18428853145141444 -0.9828721876090913
vn 0 -0.18428853145141444 -0.9828721876090913
vn 0 -0.18428853145141444 -0.9828721876090913
vn 0 -0.18428853145141444 -0.9828721876090913
vn 0 -0.18428853145141444 -0.9828721876090913
vn 0 -0.18428853145141444 -0.9828721876090913
vn 0 -0.18428853145141444 -0.9828721876090913
vn 0 -0.18428853145141444 -0.9828721876090913
f 1045/1045/1045 1044/1044/1044 1043/1043/1043
f 1044/1044/1044 1045/1045/1045 1046/1046/1046
f 1049/1049/1049 1048/1048/1048 1047/1047/1047
f 1048/1048/1048 1049/1049/1049 1050/1050/1050
f 1053/1053/1053 1052/1052/1052 1051/1051/1051
f 1052/1052/1052 1053/1053/1053 1054/1054/1054
o mesh_27
usemtl mat14
v 51.2 44.800000000000004 -20.800000000000008
v 51.2 51.2 -20.800000000000008
v 38.400000000000006 44.800000000000004 -20.800000000000008
v 38.400000000000006 51.2 -20.800000000000008
v 62.400000000000006 51.2 -20.800000000000008
v 51.2 51.2 -20.800000000000008
v 62.400000000000006 44.800000000000004 -20.800000000000008
v 51.2 44.800000000000004 -20.800000000000008
v 27.200000000000003 44.800000000000004 -20.800000000000008
v 38.400000000000006 44.800000000000004 -20.800000000000008
v 27.200000000000003 51.2 -20.800000000000008
v 38.400000000000006 51.2 -20.800000000000008
vt 0.25 0.9375
vt 0.25 0.875
vt 0.375 0.9375
vt 0.375 0.875
vt 0.125 0.875
vt 0.25 0.875
vt 0.125 0.9375
vt 0.25 0.9375
vt 0.4921875 0.9375
vt 0.375 0.9375
vt 0.4921875 0.875
vt 0.375 0.875
vn 0 -1.2246467991473532e-16 -1
vn 0 -1.2246467991473532e-16 -1
vn 0 -1.2246467991473532e-16 -1
vn 0 -1.2246467991473532e-16 -1
vn 0 -1.2246467991473532e-16 -1
vn 0 -1.2246467991473532e-16 -1
vn 0 -1.2246467991473532e-16 -1
vn 0 -1.2246467991473532e-16 -1
vn 0 -1.2246467991473532e-16 -1
vn 0 -1.2246467991473532e-16 -1
vn 0 -1.2246467991473532e-16 -1
vn 0 -1.2246467991473532e-16 -1
f 1057/1057/1057 1056/1056/1056 1055/1055/1055
f 1056/1056/1056 1057/1057/1057 1058/1058/1058
f 1061/1061/1061 1060/1060/1060 1059/1059/1059
f 1060/1060/1060 1061/1061/1061 1062/1062/1062
f 1065/1065/1065 1064/1064/1064 1063/1063/1063
f 1064/1064/1064 1065/1065/1065 1066/1066/1066
o mesh_28
usemtl mat1
v 52.800000000000004 38.400000000000006 -10.400000000000006
v 52.800000000000004 38.400000000000006 -13.600000000000007
v 36.800000000000004 38.400000000000006 -10.400000000000006
v 36.800000000000004 38.400000000000006 -13.600000000000007
vt 0.125 0
vt 0.125 0
vt 0.125 0
vt 0.125 0
vn 0 -1 1.2246467991473532e-16
vn 0 -1 1.2246467991473532e-16
vn 0 -1 1.2246467991473532e-16
vn 0 -1 1.2246467991473532e-16
f 1069/1069/1069 1068/1068/1068 1067/1067/1067
f 1068/1068/1068 1069/1069/1069 1070/1070/1070
o mesh_29
usemtl mat15
v 0 38.39999999999999 -102.4
v 0 51.19999999999999 -102.4
v 0 51.19999999999999 -115.2
v 0 51.199999999999996 -64
v 0 51.199999999999996 -76.80000000000001
v 0 38.4 -76.80000000000001
v 0 12.799999999999994 -64
v 0 25.599999999999994 -64
v 0 25.59999999999999 -76.80000000000001
v 8 68.79999999999998 -115.20000000000002
v 0 51.19999999999999 -115.2
v 8 68.79999999999998 -102.40000000000002
v 0 51.19999999999999 -102.4
v 0 51.199999999999996 -76.80000000000001
v 0 51.199999999999996 -64
v 8 68.79999999999998 -76.80000000000003
v 8 68.79999999999998 -64.00000000000001
vt 0.5 0.625
vt 0.5 0.5
vt 0.6171875 0.5
vt 0.6171875 0.5
vt 0.5 0.5
vt 0.5 0.625
vt 0.6171875 0.875
vt 0.6171875 0.75
vt 0.5 0.75
vt 0.7421875 0.6328125
vt 0.7421875 0.7421875
vt 0.625 0.6328125
vt 0.625 0.7421875
vt 0.625 0.7421875
vt 0.7421875 0.7421875
vt 0.625 0.6328125
vt 0.7421875 0.6328125
vn 1 0 0
vn 1 0 0
vn 1 0 0
vn 1 0 0
vn 1 0 0
vn 1 0 0
vn 1 0 0
vn 1 0 0
vn 1 0 0
vn 0.9103664744007224 -0.41380295103732534 5.067624594655893e-17
vn 0.9103664744007224 -0.41380295103732534 5.067624594655893e-17
vn 0.9103664744007224 -0.41380295103732534 5.067624594655893e-17
vn 0.9103664744007224 -0.41380295103732534 5.067624594655893e-17
vn 0.9103664744007224 -0.41380295103732534 5.067624594655893e-17
vn 0.9103664744007224 -0.41380295103732534 5.067624594655893e-17
vn 0.9103664744007224 -0.41380295103732534 5.067624594655893e-17
vn 0.9103664744007224 -0.41380295103732534 5.067624594655893e-17
f 1073/1073/1073 1072/1072/1072 1071/1071/1071
f 1076/1076/1076 1075/1075/1075 1074/1074/1074
f 1079/1079/1079 1078/1078/1078 1077/1077/1077
f 1082/1082/1082 1081/1081/1081 1080/1080/1080
f 1081/1081/1081 1082/1082/1082 1083/1083/1083
f 1086/1086/1086 1085/1085/1085 1084/1084/1084
f 1085/1085/1085 1086/1086/1086 1087/1087/1087
o mesh_30
usemtl mat11
v 0 76.8 -102.40000000000002
v 0 51.19999999999999 -102.4
v -2.4000000000000004 51.19999999999999 -102.4
v 0 51.19999999999999 -102.4
v 0 76.8 -102.40000000000002
v 8 68.79999999999998 -102.40000000000002
v -2.4000000000000004 51.199999999999996 -76.80000000000001
v 0 51.199999999999996 -76.80000000000001
v 0 76.8 -76.80000000000003
v 8 68.79999999999998 -76.80000000000003
v 0 76.8 -76.80000000000003
v 0 51.199999999999996 -76.80000000000001
v 0 76.8 -64.00000000000001
v 8 68.79999999999998 -64.00000000000001
v 0 51.199999999999996 -64
v 8 68.79999999999998 -115.20000000000002
v 0 76.8 -115.20000000000002
v 0 51.19999999999999 -115.2
v 0 51.19999999999998 -153.60000000000002
v 0 67.19999999999999 -153.60000000000002
v 8 68.79999999999998 -153.60000000000002
v 8 68.79999999999998 -166.4
v 8 68.79999999999997 -179.20000000000002
v 0 51.19999999999998 -166.4
v 0 51.19999999999998 -179.20000000000002
v 8 68.79999999999998 -153.60000000000002
v 8 68.79999999999998 -166.4
v 0 51.19999999999998 -153.60000000000002
v 0 51.19999999999998 -166.4
v 0 76.8 -115.20000000000002
v 0 76.8 -128
v 0 51.19999999999999 -115.2
v 0 51.19999999999999 -128
v 8 68.79999999999997 -179.20000000000002
v 8 68.79999999999997 -204.8
v 0 51.19999999999998 -179.20000000000002
v 0 51.199999999999974 -204.8
v 0 76.8 -76.80000000000003
v 0 76.8 -89.60000000000002
v -2.4000000000000004 51.199999999999996 -76.80000000000001
v -2.4000000000000004 51.19999999999999 -89.60000000000001
v -2.4000000000000004 51.19999999999999 -102.4
v -2.4000000000000004 51.19999999999999 -89.60000000000001
v 0 76.8 -102.40000000000002
v 0 76.8 -89.60000000000002
v 0 67.19999999999999 -153.60000000000002
v 0 51.19999999999998 -153.60000000000002
v 0 76.8 -128
v 0 51.19999999999999 -128
vt 0.9921875 0.25
vt 0.9921875 0.4921875
vt 0.984375 0.4921875
vt 0.5 0.4921875
vt 0.5 0.25
vt 0.578125 0.3203125
vt 0.515625 0.4921875
vt 0.5 0.4921875
vt 0.5 0.25
vt 0.921875 0.3203125
vt 0.9921875 0.25
vt 0.9921875 0.4921875
vt 0.5 0.25
vt 0.578125 0.3203125
vt 0.5 0.4921875
vt 0.921875 0.3203125
vt 0.9921875 0.25
vt 0.9921875 0.4921875
vt 0.9921875 0.4921875
vt 0.9375 0.25
vt 0.9921875 0.25
vt 0.625 0.25
vt 0.75 0.25
vt 0.625 0.4921875
vt 0.75 0.4921875
vt 0.5 0.25
vt 0.625 0.25
vt 0.5 0.4921875
vt 0.625 0.4921875
vt 0.625 0.25
vt 0.75 0.25
vt 0.625 0.4921875
vt 0.75 0.4921875
vt 0.75 0.25
vt 0.9921875 0.25
vt 0.75 0.4921875
vt 0.9921875 0.4921875
vt 0.625 0.25
vt 0.75 0.25
vt 0.625 0.4921875
vt 0.75 0.4921875
vt 0.875 0.4921875
vt 0.75 0.4921875
vt 0.875 0.25
vt 0.75 0.25
vt 0.9375 0.25
vt 0.9921875 0.4921875
vt 0.75 0.25
vt 0.75 0.4921875
vn 0 1.2246467991473532e-16 1
vn 0 1.2246467991473532e-16 1
vn 0 1.2246467991473532e-16 1
vn 0 1.2246467991473532e-16 1
vn 0 1.2246467991473532e-16 1
vn 0 1.2246467991473532e-16 1
vn 0 -1.2246467991473532e-16 -1
vn 0 -1.2246467991473532e-16 -1
vn 0 -1.2246467991473532e-16 -1
vn 0 -1.2246467991473532e-16 -1
vn 0 -1.2246467991473532e-16 -1
vn 0 -1.2246467991473532e-16 -1
vn 0 1.2246467991473532e-16 1
vn 0 1.2246467991473532e-16 1
vn 0 1.2246467991473532e-16 1
vn 0 -1.2246467991473532e-16 -1
vn 0 -1.2246467991473532e-16 -1
vn 0 -1.2246467991473532e-16 -1
vn 0 1.2246467991473532e-16 1
vn 0 1.2246467991473532e-16 1
vn 0 1.2246467991473532e-16 1
vn 0.9103664744007224 -0.41380295103732534 5.067624594655893e-17
vn 0.9103664744007224 -0.41380295103732534 5.067624594655893e-17
vn 0.9103664744007224 -0.41380295103732534 5.067624594655893e-17
vn 0.9103664744007224 -0.41380295103732534 5.067624594655893e-17
vn 0.9103664744007224 -0.41380295103732534 5.067624594655893e-17
vn 0.9103664744007224 -0.41380295103732534 5.067624594655893e-17
vn 0.9103664744007224 -0.41380295103732534 5.067624594655893e-17
vn 0.9103664744007224 -0.41380295103732534 5.067624594655893e-17
vn 1 0 0
vn 1 0 0
vn 1 0 0
vn 1 0 0
vn 0.9103664744007224 -0.41380295103732534 5.067624594655893e-17
vn 0.9103664744007224 -0.41380295103732534 5.067624594655893e-17
vn 0.9103664744007224 -0.41380295103732534 5.067624594655893e-17
vn 0.9103664744007224 -0.41380295103732534 5.067624594655893e-17
vn 0.9956342257130849 -0.09334071238589212 1.1430940465351646e-17
vn 0.9956342257130849 -0.09334071238589212 1.1430940465351646e-17
vn 0.9956342257130849 -0.09334071238589212 1.1430940465351646e-17
vn 0.9956342257130849 -0.09334071238589212 1.1430940465351646e-17
vn 0.9956342257130849 -0.09334071238589212 1.1430940465351646e-17
vn 0.9956342257130849 -0.09334071238589212 1.1430940465351646e-17
vn 0.9956342257130849 -0.09334071238589212 1.1430940465351646e-17
vn 0.9956342257130849 -0.09334071238589212 1.1430940465351646e-17
vn 1 0 0
vn 1 0 0
vn 1 0 0
vn 1 0 0
f 1090/1090/1090 1089/1089/1089 1088/1088/1088
f 1093/1093/1093 1092/1092/1092 1091/1091/1091
f 1096/1096/1096 1095/1095/1095 1094/1094/1094
f 1099/1099/1099 1098/1098/1098 1097/1097/1097
f 1102/1102/1102 1101/1101/1101 1100/1100/1100
f 1105/1105/1105 1104/1104/1104 1103/1103/1103
f 1108/1108/1108 1107/1107/1107 1106/1106/1106
f 1111/1111/1111 1110/1110/1110 1109/1109/1109
f 1110/1110/1110 1111/1111/1111 1112/1112/1112
f 1115/1115/1115 1114/1114/1114 1113/1113/1113
f 1114/1114/1114 1115/1115/1115 1116/1116/1116
f 1119/1119/1119 1118/1118/1118 1117/1117/1117
f 1118/1118/1118 1119/1119/1119 1120/1120/1120
f 1123/1123/1123 1122/1122/1122 1121/1121/1121
f 1122/1122/1122 1123/1123/1123 1124/1124/1124
f 1127/1127/1127 1126/1126/1126 1125/1125/1125
f 1126/1126/1126 1127/1127/1127 1128/1128/1128
f 1131/1131/1131 1130/1130/1130 1129/1129/1129
f 1130/1130/1130 1131/1131/1131 1132/1132/1132
f 1135/1135/1135 1134/1134/1134 1133/1133/1133
f 1134/1134/1134 1135/1135/1135 1136/1136/1136
o mesh_31
usemtl mat6
v -2.4000000000000004 38.39999999999999 -102.4
v 0 38.39999999999999 -102.4
v 0 25.599999999999987 -102.4
v 0 25.59999999999999 -76.80000000000001
v 0 38.4 -76.80000000000001
v -2.4000000000000004 38.4 -76.80000000000001
v 0 25.599999999999994 -51.2
v 0 25.599999999999998 -38.400000000000006
v 0 38.4 -38.40000000000001
v 0 19.199999999999996 -51.2
v 0 25.599999999999994 -51.2
v 0 12.799999999999994 -64
v 0 25.599999999999994 -64
v 0 25.599999999999987 -128
v 0 25.599999999999987 -115.2
v 0 51.19999999999999 -128
v 0 51.19999999999999 -115.2
v 0 -2.194567064072057e-14 -179.20000000000002
v 0 25.59999999999998 -179.20000000000002
v 0 -2.5080766446537795e-14 -204.8
v 0 25.599999999999977 -204.8
v 0 25.59999999999998 -179.20000000000002
v 0 51.19999999999998 -179.20000000000002
v 0 25.599999999999977 -204.8
v 0 51.199999999999974 -204.8
v 0 25.59999999999998 -166.4
v 0 25.599999999999984 -153.60000000000002
v 0 51.19999999999998 -166.4
v 0 51.19999999999998 -153.60000000000002
v 0 -2.037812273781196e-14 -166.4
v 0 -1.8810574834903348e-14 -153.60000000000002
v 0 25.59999999999998 -166.4
v 0 25.599999999999984 -153.60000000000002
v -2.4000000000000004 38.39999999999999 -102.4
v -2.4000000000000004 51.19999999999999 -102.4
v 0 38.39999999999999 -102.4
v 0 51.19999999999999 -102.4
v 0 51.19999999999998 -166.4
v 0 51.19999999999998 -179.20000000000002
v 0 25.59999999999998 -166.4
v 0 25.59999999999998 -179.20000000000002
v 0 25.59999999999998 -166.4
v 0 25.59999999999998 -179.20000000000002
v 0 -2.037812273781196e-14 -166.4
v 0 -2.194567064072057e-14 -179.20000000000002
v -2.4000000000000004 51.19999999999999 -89.60000000000001
v -2.4000000000000004 38.39999999999999 -89.60000000000001
v -2.4000000000000004 51.199999999999996 -76.80000000000001
v -2.4000000000000004 38.4 -76.80000000000001
v -2.4000000000000004 51.19999999999999 -102.4
v -2.4000000000000004 38.39999999999999 -102.4
v -2.4000000000000004 51.19999999999999 -89.60000000000001
v -2.4000000000000004 38.39999999999999 -89.60000000000001
v 0 38.4 -76.80000000000001
v 0 51.199999999999996 -76.80000000000001
v -2.4000000000000004 38.4 -76.80000000000001
v -2.4000000000000004 51.199999999999996 -76.80000000000001
vt 0.4765625 0.125
vt 0.4921875 0.125
vt 0.4921875 0.25
vt 0 0.25
vt 0 0.125
vt 0.015625 0.125
vt 0.2421875 0.2421875
vt 0.125 0.2421875
vt 0.125 0.125
vt 0.25 0.3125
vt 0.25 0.25
vt 0.375 0.375
vt 0.375 0.25
vt 0.25 0.25
vt 0.125 0.25
vt 0.25 0
vt 0.125 0
vt 0.25 0.4921875
vt 0.25 0.25
vt 0.4921875 0.4921875
vt 0.4921875 0.25
vt 0.25 0.25
vt 0.25 0
vt 0.4921875 0.25
vt 0.4921875 0
vt 0.125 0.25
vt 0 0.25
vt 0.125 0
vt 0 0
vt 0.125 0.4921875
vt 0 0.4921875
vt 0.125 0.25
vt 0 0.25
vt 0.4765625 0.125
vt 0.4765625 0
vt 0.4921875 0.125
vt 0.4921875 0
vt 0.125 0
vt 0.25 0
vt 0.125 0.25
vt 0.25 0.25
vt 0.125 0.25
vt 0.25 0.25
vt 0.125 0.4921875
vt 0.25 0.4921875
vt 0.25 0
vt 0.25 0.125
vt 0.125 0
vt 0.125 0.125
vt 0.375 0
vt 0.375 0.125
vt 0.25 0
vt 0.25 0.125
vt 0 0.125
vt 0 0
vt 0.015625 0.125
vt 0.015625 0
vn 0 1.2246467991473532e-16 1
vn 0 1.2246467991473532e-16 1
vn 0 1.2246467991473532e-16 1
vn 0 -1.2246467991473532e-16 -1
vn 0 -1.2246467991473532e-16 -1
vn 0 -1.2246467991473532e-16 -1
vn 1 0 0
vn 1 0 0
vn 1 0 0
vn 1 0 0
vn 1 0 0
vn 1 0 0
vn 1 0 0
vn 1 0 0
vn 1 0 0
vn 1 0 0
vn 1 0 0
vn 1 0 0
vn 1 0 0
vn 1 0 0
vn 1 0 0
vn 1 0 0
vn 1 0 0
vn 1 0 0
vn 1 0 0
vn 1 0 0
vn 1 0 0
vn 1 0 0
vn 1 0 0
vn 1 0 0
vn 1 0 0
vn 1 0 0
vn 1 0 0
vn 0 1.2246467991473532e-16 1
vn 0 1.2246467991473532e-16 1
vn 0 1.2246467991473532e-16 1
vn 0 1.2246467991473532e-16 1
vn 1 0 0
vn 1 0 0
vn 1 0 0
vn 1 0 0
vn 1 0 0
vn 1 0 0
vn 1 0 0
vn 1 0 0
vn 1 0 0
vn 1 0 0
vn 1 0 0
vn 1 0 0
vn 1 0 0
vn 1 0 0
vn 1 0 0
vn 1 0 0
vn 0 -1.2246467991473532e-16 -1
vn 0 -1.2246467991473532e-16 -1
vn 0 -1.2246467991473532e-16 -1
vn 0 -1.2246467991473532e-16 -1
f 1139/1139/1139 1138/1138/1138 1137/1137/1137
f 1142/1142/1142 1141/1141/1141 1140/1140/1140
f 1145/1145/1145 1144/1144/1144 1143/1143/1143
f 1148/1148/1148 1147/1147/1147 1146/1146/1146
f 1147/1147/1147 1148/1148/1148 1149/1149/1149
f 1152/1152/1152 1151/1151/1151 1150/1150/1150
f 1151/1151/1151 1152/1152/1152 1153/1153/1153
f 1156/1156/1156 1155/1155/1155 1154/1154/1154
f 1155/1155/1155 1156/1156/1156 1157/1157/1157
f 1160/1160/1160 1159/1159/1159 1158/1158/1158
f 1159/1159/1159 1160/1160/1160 1161/1161/1161
f 1164/1164/1164 1163/1163/1163 1162/1162/1162
f 1163/1163/1163 1164/1164/1164 1165/1165/1165
f 1168/1168/1168 1167/1167/1167 1166/1166/1166
f 1167/1167/1167 1168/1168/1168 1169/1169/1169
f 1172/1172/1172 1171/1171/1171 1170/1170/1170
f 1171/1171/1171 1172/1172/1172 1173/1173/1173
f 1176/1176/1176 1175/1175/1175 1174/1174/1174
f 1175/1175/1175 1176/1176/1176 1177/1177/1177
f 1180/1180/1180 1179/1179/1179 1178/1178/1178
f 1179/1179/1179 1180/1180/1180 1181/1181/1181
f 1184/1184/1184 1183/1183/1183 1182/1182/1182
f 1183/1183/1183 1184/1184/1184 1185/1185/1185
f 1188/1188/1188 1187/1187/1187 1186/1186/1186
f 1187/1187/1187 1188/1188/1188 1189/1189/1189
f 1192/1192/1192 1191/1191/1191 1190/1190/1190
f 1191/1191/1191 1192/1192/1192 1193/1193/1193
o mesh_32
usemtl mat15
v 0 76.8 -128
v 25.6 76.8 -153.60000000000002
v 8 68.79999999999998 -153.60000000000002
v 0 76.8 -128
v 25.6 76.8 -128
v 25.6 76.8 -153.60000000000002
v 64 76.79999999999998 -179.20000000000002
v 64 76.79999999999998 -204.8
v 51.2 76.79999999999998 -204.8
v 25.6 76.80000000000001 -51.20000000000001
v 25.6 76.80000000000001 -25.600000000000012
v 38.400000000000006 76.80000000000001 -25.600000000000012
v 64 76.8 -128
v 25.6 76.8 -128
v 25.6 76.8 -115.20000000000002
v 51.2 76.80000000000001 -25.600000000000012
v 64 76.80000000000001 -25.600000000000012
v 64 76.80000000000001 -51.20000000000001
v 38.400000000000006 76.79999999999998 -204.8
v 25.6 76.79999999999998 -204.8
v 25.6 76.79999999999998 -179.20000000000002
v 0 76.8 -89.60000000000002
v 0 76.8 -76.80000000000003
v 25.6 76.8 -76.80000000000003
v 25.6 76.8 -64.00000000000001
v 25.6 76.80000000000001 -51.20000000000001
v 64 76.80000000000001 -51.20000000000001
v 25.6 76.8 -102.40000000000002
v 25.6 76.8 -115.20000000000002
v 8 68.79999999999998 -102.40000000000002
v 8 68.79999999999998 -115.20000000000002
v 8 68.79999999999998 -76.80000000000003
v 8 68.79999999999998 -64.00000000000001
v 25.6 76.8 -76.80000000000003
v 25.6 76.8 -64.00000000000001
v 8 68.79999999999998 -166.4
v 8 68.79999999999998 -153.60000000000002
v 25.6 76.8 -166.4
v 25.6 76.8 -153.60000000000002
v 64 76.8 -102.40000000000002
v 64 76.8 -76.80000000000003
v 81.60000000000001 68.79999999999998 -102.40000000000002
v 81.60000000000001 68.79999999999998 -76.80000000000003
v 64 76.8 -76.80000000000003
v 64 76.80000000000001 -51.20000000000001
v 81.60000000000001 68.79999999999998 -76.80000000000003
v 81.60000000000001 68.8 -51.20000000000001
v 64 76.8 -128
v 64 76.8 -102.40000000000002
v 81.60000000000001 68.79999999999998 -128
v 81.60000000000001 68.79999999999998 -102.40000000000002
v 64 76.80000000000001 -51.20000000000001
v 64 76.80000000000001 -25.600000000000012
v 81.60000000000001 68.8 -51.20000000000001
v 81.60000000000001 68.8 -25.60000000000001
v 25.6 76.8 -166.4
v 25.6 76.8 -153.60000000000002
v 64 76.8 -166.4
v 64 76.8 -153.60000000000002
v 81.60000000000001 68.79999999999998 -153.60000000000002
v 81.60000000000001 68.79999999999998 -166.4
v 64 76.8 -153.60000000000002
v 64 76.8 -166.4
v 25.6 76.8 -115.20000000000002
v 25.6 76.8 -102.40000000000002
v 64 76.8 -128
v 64 76.8 -102.40000000000002
v 8 68.79999999999997 -179.20000000000002
v 8 68.79999999999998 -166.4
v 25.6 76.79999999999998 -179.20000000000002
v 25.6 76.8 -166.4
v 64 76.8 -153.60000000000002
v 64 76.8 -128
v 81.60000000000001 68.79999999999998 -153.60000000000002
v 81.60000000000001 68.79999999999998 -128
v 81.60000000000001 68.79999999999997 -179.20000000000002
v 64 76.79999999999998 -179.20000000000002
v 81.60000000000001 68.79999999999998 -166.4
v 64 76.8 -166.4
v 64 76.80000000000001 -51.20000000000001
v 64 76.8 -76.80000000000003
v 25.6 76.8 -64.00000000000001
v 25.6 76.8 -76.80000000000003
v 25.6 76.79999999999998 -204.8
v 8 68.79999999999997 -204.8
v 25.6 76.79999999999998 -179.20000000000002
v 8 68.79999999999997 -179.20000000000002
v 81.60000000000001 68.79999999999997 -204.8
v 64 76.79999999999998 -204.8
v 81.60000000000001 68.79999999999997 -179.20000000000002
v 64 76.79999999999998 -179.20000000000002
v 25.6 76.79999999999998 -179.20000000000002
v 64 76.79999999999998 -179.20000000000002
v 38.400000000000006 76.79999999999998 -204.8
v 51.2 76.79999999999998 -204.8
v 25.6 76.8 -115.20000000000002
v 25.6 76.8 -128
v 0 76.8 -115.20000000000002
v 0 76.8 -128
v 25.6 76.8 -76.80000000000003
v 25.6 76.8 -102.40000000000002
v 0 76.8 -89.60000000000002
v 0 76.8 -102.40000000000002
v 25.6 76.80000000000001 -51.20000000000001
v 0 76.80000000000001 -51.20000000000001
v 25.6 76.80000000000001 -25.600000000000012
v 0 76.80000000000001 -25.600000000000012
v 64 76.80000000000001 -51.20000000000001
v 25.6 76.80000000000001 -51.20000000000001
v 51.2 76.80000000000001 -25.600000000000012
v 38.400000000000006 76.80000000000001 -25.600000000000012
v 64 76.8 -166.4
v 64 76.79999999999998 -179.20000000000002
v 25.6 76.8 -166.4
v 25.6 76.79999999999998 -179.20000000000002
v 64 76.8 -128
v 64 76.8 -153.60000000000002
v 25.6 76.8 -128
v 25.6 76.8 -153.60000000000002
v 64 76.8 -76.80000000000003
v 64 76.8 -102.40000000000002
v 25.6 76.8 -76.80000000000003
v 25.6 76.8 -102.40000000000002
v 0 76.8 -64.00000000000001
v 0 76.80000000000001 -51.20000000000001
v 25.6 76.8 -64.00000000000001
v 25.6 76.80000000000001 -51.20000000000001
vt 0.75 0.7421875
vt 0.9921875 0.5
vt 0.9921875 0.7421875
vt 0.75 0.7421875
vt 0.75 0.5
vt 0.9921875 0.5
vt 0.9921875 0.5
vt 0.9921875 0.7421875
vt 0.921875 0.7421875
vt 0.75 0.7421875
vt 0.75 0.5
vt 0.828125 0.5
vt 0.9921875 0.7421875
vt 0.75 0.7421875
vt 0.75 0.625
vt 0.921875 0.5
vt 0.9921875 0.5
vt 0.9921875 0.7421875
vt 0.828125 0.7421875
vt 0.75 0.7421875
vt 0.75 0.5
vt 0.875 0.5
vt 0.75 0.5
vt 0.75 0.7421875
vt 0.75 0.625
vt 0.75 0.5
vt 0.9921875 0.5
vt 0.625 0.5
vt 0.7421875 0.5
vt 0.625 0.6328125
vt 0.7421875 0.6328125
vt 0.625 0.6328125
vt 0.7421875 0.6328125
vt 0.625 0.5
vt 0.7421875 0.5
vt 0.875 0.7421875
vt 0.75 0.7421875
vt 0.875 0.5
vt 0.75 0.5
vt 0.75 0.5
vt 0.9921875 0.5
vt 0.75 0.7421875
vt 0.9921875 0.7421875
vt 0.75 0.5
vt 0.9921875 0.5
vt 0.75 0.7421875
vt 0.9921875 0.7421875
vt 0.75 0.5
vt 0.9921875 0.5
vt 0.75 0.7421875
vt 0.9921875 0.7421875
vt 0.75 0.5
vt 0.9921875 0.5
vt 0.75 0.7421875
vt 0.9921875 0.7421875
vt 0.75 0.625
vt 0.75 0.5
vt 0.9921875 0.625
vt 0.9921875 0.5
vt 0.9921875 0.7421875
vt 0.875 0.7421875
vt 0.9921875 0.5
vt 0.875 0.5
vt 0.75 0.625
vt 0.75 0.5
vt 0.9921875 0.7421875
vt 0.9921875 0.5
vt 0.9921875 0.7421875
vt 0.875 0.7421875
vt 0.9921875 0.5
vt 0.875 0.5
vt 0.75 0.5
vt 0.9921875 0.5
vt 0.75 0.7421875
vt 0.9921875 0.7421875
vt 0.75 0.7421875
vt 0.75 0.5
vt 0.875 0.7421875
vt 0.875 0.5
vt 0.9921875 0.5
vt 0.9921875 0.7421875
vt 0.75 0.625
vt 0.75 0.7421875
vt 0.9921875 0.5
vt 0.9921875 0.7421875
vt 0.75 0.5
vt 0.75 0.7421875
vt 0.75 0.7421875
vt 0.75 0.5
vt 0.9921875 0.7421875
vt 0.9921875 0.5
vt 0.75 0.5
vt 0.9921875 0.5
vt 0.828125 0.7421875
vt 0.921875 0.7421875
vt 0.75 0.5
vt 0.875 0.5
vt 0.75 0.7421875
vt 0.875 0.7421875
vt 0.75 0.7421875
vt 0.9921875 0.7421875
vt 0.875 0.5
vt 0.9921875 0.5
vt 0.75 0.7421875
vt 0.75 0.5
vt 0.9921875 0.7421875
vt 0.9921875 0.5
vt 0.9921875 0.7421875
vt 0.75 0.7421875
vt 0.921875 0.5
vt 0.828125 0.5
vt 0.9921875 0.625
vt 0.9921875 0.7421875
vt 0.75 0.625
vt 0.75 0.7421875
vt 0.9921875 0.5
vt 0.9921875 0.7421875
vt 0.75 0.5
vt 0.75 0.7421875
vt 0.9921875 0.5
vt 0.9921875 0.7421875
vt 0.75 0.5
vt 0.75 0.7421875
vt 0.875 0.7421875
vt 0.9921875 0.7421875
vt 0.875 0.5
vt 0.9921875 0.5
vn 0.3823595526167195 -0.8411910276777115 0.3823595526167196
vn 0.3823595526167195 -0.8411910276777115 0.3823595526167196
vn 0.3823595526167195 -0.8411910276777115 0.3823595526167196
vn 0 -1 1.2246467991473532e-16
vn 0 -1 1.2246467991473532e-16
vn 0 -1 1.2246467991473532e-16
vn 0 -1 1.2246467991473532e-16
vn 0 -1 1.2246467991473532e-16
vn 0 -1 1.2246467991473532e-16
vn 0 -1 1.2246467991473532e-16
vn 0 -1 1.2246467991473532e-16
vn 0 -1 1.2246467991473532e-16
vn 0 -1 1.2246467991473532e-16
vn 0 -1 1.2246467991473532e-16
vn 0 -1 1.2246467991473532e-16
vn 0 -1 1.2246467991473532e-16
vn 0 -1 1.2246467991473532e-16
vn 0 -1 1.2246467991473532e-16
vn 0 -1 1.2246467991473532e-16
vn 0 -1 1.2246467991473532e-16
vn 0 -1 1.2246467991473532e-16
vn 0 -1 1.2246467991473532e-16
vn 0 -1 1.2246467991473532e-16
vn 0 -1 1.2246467991473532e-16
vn 0 -1 1.2246467991473532e-16
vn 0 -1 1.2246467991473532e-16
vn 0 -1 1.2246467991473532e-16
vn 0.41380295103732534 -0.9103664744007224 1.1148773889259053e-16
vn 0.41380295103732534 -0.9103664744007224 1.1148773889259053e-16
vn 0.41380295103732534 -0.9103664744007224 1.1148773889259053e-16
vn 0.41380295103732534 -0.9103664744007224 1.1148773889259053e-16
vn 0.41380295103732534 -0.9103664744007224 1.1148773889259053e-16
vn 0.41380295103732534 -0.9103664744007224 1.1148773889259053e-16
vn 0.41380295103732534 -0.9103664744007224 1.1148773889259053e-16
vn 0.41380295103732534 -0.9103664744007224 1.1148773889259053e-16
vn 0.41380295103732534 -0.9103664744007224 1.1148773889259053e-16
vn 0.41380295103732534 -0.9103664744007224 1.1148773889259053e-16
vn 0.41380295103732534 -0.9103664744007224 1.1148773889259053e-16
vn 0.41380295103732534 -0.9103664744007224 1.1148773889259053e-16
vn -0.41380295103732534 -0.9103664744007224 1.1148773889259053e-16
vn -0.41380295103732534 -0.9103664744007224 1.1148773889259053e-16
vn -0.41380295103732534 -0.9103664744007224 1.1148773889259053e-16
vn -0.41380295103732534 -0.9103664744007224 1.1148773889259053e-16
vn -0.41380295103732534 -0.9103664744007224 1.1148773889259053e-16
vn -0.41380295103732534 -0.9103664744007224 1.1148773889259053e-16
vn -0.41380295103732534 -0.9103664744007224 1.1148773889259053e-16
vn -0.41380295103732534 -0.9103664744007224 1.1148773889259053e-16
vn -0.41380295103732534 -0.9103664744007224 1.1148773889259053e-16
vn -0.41380295103732534 -0.9103664744007224 1.1148773889259053e-16
vn -0.41380295103732534 -0.9103664744007224 1.1148773889259053e-16
vn -0.41380295103732534 -0.9103664744007224 1.1148773889259053e-16
vn -0.41380295103732534 -0.9103664744007224 1.1148773889259053e-16
vn -0.41380295103732534 -0.9103664744007224 1.1148773889259053e-16
vn -0.41380295103732534 -0.9103664744007224 1.1148773889259053e-16
vn -0.41380295103732534 -0.9103664744007224 1.1148773889259053e-16
vn 0 -1 1.2246467991473532e-16
vn 0 -1 1.2246467991473532e-16
vn 0 -1 1.2246467991473532e-16
vn 0 -1 1.2246467991473532e-16
vn -0.41380295103732534 -0.9103664744007224 1.1148773889259053e-16
vn -0.41380295103732534 -0.9103664744007224 1.1148773889259053e-16
vn -0.41380295103732534 -0.9103664744007224 1.1148773889259053e-16
vn -0.41380295103732534 -0.9103664744007224 1.1148773889259053e-16
vn 0 -1 1.2246467991473532e-16
vn 0 -1 1.2246467991473532e-16
vn 0 -1 1.2246467991473532e-16
vn 0 -1 1.2246467991473532e-16
vn 0.41380295103732534 -0.9103664744007224 1.1148773889259053e-16
vn 0.41380295103732534 -0.9103664744007224 1.1148773889259053e-16
vn 0.41380295103732534 -0.9103664744007224 1.1148773889259053e-16
vn 0.41380295103732534 -0.9103664744007224 1.1148773889259053e-16
vn -0.41380295103732534 -0.9103664744007224 1.1148773889259053e-16
vn -0.41380295103732534 -0.9103664744007224 1.1148773889259053e-16
vn -0.41380295103732534 -0.9103664744007224 1.1148773889259053e-16
vn -0.41380295103732534 -0.9103664744007224 1.1148773889259053e-16
vn -0.41380295103732534 -0.9103664744007224 1.1148773889259053e-16
vn -0.41380295103732534 -0.9103664744007224 1.1148773889259053e-16
vn -0.41380295103732534 -0.9103664744007224 1.1148773889259053e-16
vn -0.41380295103732534 -0.9103664744007224 1.1148773889259053e-16
vn 0 -1 1.2246467991473532e-16
vn 0 -1 1.2246467991473532e-16
vn 0 -1 1.2246467991473532e-16
vn 0 -1 1.2246467991473532e-16
vn 0.41380295103732534 -0.9103664744007224 1.1148773889259053e-16
vn 0.41380295103732534 -0.9103664744007224 1.1148773889259053e-16
vn 0.41380295103732534 -0.9103664744007224 1.1148773889259053e-16
vn 0.41380295103732534 -0.9103664744007224 1.1148773889259053e-16
vn -0.41380295103732534 -0.9103664744007224 1.1148773889259053e-16
vn -0.41380295103732534 -0.9103664744007224 1.1148773889259053e-16
vn -0.41380295103732534 -0.9103664744007224 1.1148773889259053e-16
vn -0.41380295103732534 -0.9103664744007224 1.1148773889259053e-16
vn 0 -1 1.2246467991473532e-16
vn 0 -1 1.2246467991473532e-16
vn 0 -1 1.2246467991473532e-16
vn 0 -1 1.2246467991473532e-16
vn 0 -1 1.2246467991473532e-16
vn 0 -1 1.2246467991473532e-16
vn 0 -1 1.2246467991473532e-16
vn 0 -1 1.2246467991473532e-16
vn 0 -1 1.2246467991473532e-16
vn 0 -1 1.2246467991473532e-16
vn 0 -1 1.2246467991473532e-16
vn 0 -1 1.2246467991473532e-16
vn 0 -1 1.2246467991473532e-16
vn 0 -1 1.2246467991473532e-16
vn 0 -1 1.2246467991473532e-16
vn 0 -1 1.2246467991473532e-16
vn 0 -1 1.2246467991473532e-16
vn 0 -1 1.2246467991473532e-16
vn 0 -1 1.2246467991473532e-16
vn 0 -1 1.2246467991473532e-16
vn 0 -1 1.2246467991473532e-16
vn 0 -1 1.2246467991473532e-16
vn 0 -1 1.2246467991473532e-16
vn 0 -1 1.2246467991473532e-16
vn 0 -1 1.2246467991473532e-16
vn 0 -1 1.2246467991473532e-16
vn 0 -1 1.2246467991473532e-16
vn 0 -1 1.2246467991473532e-16
vn 0 -1 1.2246467991473532e-16
vn 0 -1 1.2246467991473532e-16
vn 0 -1 1.2246467991473532e-16
vn 0 -1 1.2246467991473532e-16
vn 0 -1 1.2246467991473532e-16
vn 0 -1 1.2246467991473532e-16
vn 0 -1 1.2246467991473532e-16
vn 0 -1 1.2246467991473532e-16
f 1196/1196/1196 1195/1195/1195 1194/1194/1194
f 1199/1199/1199 1198/1198/1198 1197/1197/1197
f 1202/1202/1202 1201/1201/1201 1200/1200/1200
f 1205/1205/1205 1204/1204/1204 1203/1203/1203
f 1208/1208/1208 1207/1207/1207 1206/1206/1206
f 1211/1211/1211 1210/1210/1210 1209/1209/1209
f 1214/1214/1214 1213/1213/1213 1212/1212/1212
f 1217/1217/1217 1216/1216/1216 1215/1215/1215
f 1220/1220/1220 1219/1219/1219 1218/1218/1218
f 1223/1223/1223 1222/1222/1222 1221/1221/1221
f 1222/1222/1222 1223/1223/1223 1224/1224/1224
f 1227/1227/1227 1226/1226/1226 1225/1225/1225
f 1226/1226/1226 1227/1227/1227 1228/1228/1228
f 1231/1231/1231 1230/1230/1230 1229/1229/1229
f 1230/1230/1230 1231/1231/1231 1232/1232/1232
f 1235/1235/1235 1234/1234/1234 1233/1233/1233
f 1234/1234/1234 1235/1235/1235 1236/1236/1236
f 1239/1239/1239 1238/1238/1238 1237/1237/1237
f 1238/1238/1238 1239/1239/1239 1240/1240/1240
f 1243/1243/1243 1242/1242/1242 1241/1241/1241
f 1242/1242/1242 1243/1243/1243 1244/1244/1244
f 1247/1247/1247 1246/1246/1246 1245/1245/1245
f 1246/1246/1246 1247/1247/1247 1248/1248/1248
f 1251/1251/1251 1250/1250/1250 1249/1249/1249
f 1250/1250/1250 1251/1251/1251 1252/1252/1252
f 1255/1255/1255 1254/1254/1254 1253/1253/1253
f 1254/1254/1254 1255/1255/1255 1256/1256/1256
f 1259/1259/1259 1258/1258/1258 1257/1257/1257
f 1258/1258/1258 1259/1259/1259 1260/1260/1260
f 1263/1263/1263 1262/1262/1262 1261/1261/1261
f 1262/1262/1262 1263/1263/1263 1264/1264/1264
f 1267/1267/1267 1266/1266/1266 1265/1265/1265
f 1266/1266/1266 1267/1267/1267 1268/1268/1268
f 1271/1271/1271 1270/1270/1270 1269/1269/1269
f 1270/1270/1270 1271/1271/1271 1272/1272/1272
f 1275/1275/1275 1274/1274/1274 1273/1273/1273
f 1274/1274/1274 1275/1275/1275 1276/1276/1276
f 1279/1279/1279 1278/1278/1278 1277/1277/1277
f 1278/1278/1278 1279/1279/1279 1280/1280/1280
f 1283/1283/1283 1282/1282/1282 1281/1281/1281
f 1282/1282/1282 1283/1283/1283 1284/1284/1284
f 1287/1287/1287 1286/1286/1286 1285/1285/1285
f 1286/1286/1286 1287/1287/1287 1288/1288/1288
f 1291/1291/1291 1290/1290/1290 1289/1289/1289
f 1290/1290/1290 1291/1291/1291 1292/1292/1292
f 1295/1295/1295 1294/1294/1294 1293/1293/1293
f 1294/1294/1294 1295/1295/1295 1296/1296/1296
f 1299/1299/1299 1298/1298/1298 1297/1297/1297
f 1298/1298/1298 1299/1299/1299 1300/1300/1300
f 1303/1303/1303 1302/1302/1302 1301/1301/1301
f 1302/1302/1302 1303/1303/1303 1304/1304/1304
f 1307/1307/1307 1306/1306/1306 1305/1305/1305
f 1306/1306/1306 1307/1307/1307 1308/1308/1308
f 1311/1311/1311 1310/1310/1310 1309/1309/1309
f 1310/1310/1310 1311/1311/1311 1312/1312/1312
f 1315/1315/1315 1314/1314/1314 1313/1313/1313
f 1314/1314/1314 1315/1315/1315 1316/1316/1316
f 1319/1319/1319 1318/1318/1318 1317/1317/1317
f 1318/1318/1318 1319/1319/1319 1320/1320/1320
o mesh_33
usemtl mat11
v 25.6 76.8 -115.20000000000002
v 0 76.8 -115.20000000000002
v 8 68.79999999999998 -115.20000000000002
v 25.6 76.8 -76.80000000000003
v 0 76.8 -76.80000000000003
v 8 68.79999999999998 -76.80000000000003
v 8 68.79999999999998 -64.00000000000001
v 0 76.8 -64.00000000000001
v 25.6 76.8 -64.00000000000001
v 8 68.79999999999998 -102.40000000000002
v 0 76.8 -102.40000000000002
v 25.6 76.8 -102.40000000000002
v 0 67.19999999999999 -153.60000000000002
v 0 76.8 -128
v 8 68.79999999999998 -153.60000000000002
v 81.60000000000001 68.79999999999998 -128
v 89.60000000000001 67.19999999999999 -128
v 81.60000000000001 68.79999999999998 -153.60000000000002
v 89.60000000000001 67.19999999999999 -153.60000000000002
vt 0.75 0.25
vt 0.9921875 0.25
vt 0.921875 0.3203125
vt 0.75 0.25
vt 0.9921875 0.25
vt 0.921875 0.3203125
vt 0.578125 0.3203125
vt 0.5 0.25
vt 0.75 0.25
vt 0.578125 0.3203125
vt 0.5 0.25
vt 0.75 0.25
vt 0.9375 0.25
vt 0.75 0.25
vt 0.9921875 0.25
vt 0.75 0.25
vt 0.734375 0.25
vt 0.5 0.25
vt 0.515625 0.25
vn 0 -1.2246467991473532e-16 -1
vn 0 -1.2246467991473532e-16 -1
vn 0 -1.2246467991473532e-16 -1
vn 0 -1.2246467991473532e-16 -1
vn 0 -1.2246467991473532e-16 -1
vn 0 -1.2246467991473532e-16 -1
vn 0 1.2246467991473532e-16 1
vn 0 1.2246467991473532e-16 1
vn 0 1.2246467991473532e-16 1
vn 0 1.2246467991473532e-16 1
vn 0 1.2246467991473532e-16 1
vn 0 1.2246467991473532e-16 1
vn 0.18406617264795466 -0.9203309228444169 0.345124088616076
vn 0.18406617264795466 -0.9203309228444169 0.345124088616076
vn 0.18406617264795466 -0.9203309228444169 0.345124088616076
vn -0.19611613227257615 -0.9805806762640419 1.2008649864925056e-16
vn -0.19611613227257615 -0.9805806762640419 1.2008649864925056e-16
vn -0.19611613227257615 -0.9805806762640419 1.2008649864925056e-16
vn -0.19611613227257615 -0.9805806762640419 1.2008649864925056e-16
f 1323/1323/1323 1322/1322/1322 1321/1321/1321
f 1326/1326/1326 1325/1325/1325 1324/1324/1324
f 1329/1329/1329 1328/1328/1328 1327/1327/1327
f 1332/1332/1332 1331/1331/1331 1330/1330/1330
f 1335/1335/1335 1334/1334/1334 1333/1333/1333
f 1338/1338/1338 1337/1337/1337 1336/1336/1336
f 1337/1337/1337 1338/1338/1338 1339/1339/1339
o mesh_34
usemtl mat15
v 37.6 15.999999999999975 -205.60000000000002
v 37.9 15.599999999999977 -205.8
v 37.6 15.599999999999977 -205.3
v 37.6 15.999999999999975 -205.60000000000002
v 37.300000000000004 15.599999999999977 -205.8
v 37.9 15.599999999999977 -205.8
v 37.6 15.999999999999975 -205.60000000000002
v 37.6 15.599999999999977 -205.3
v 37.300000000000004 15.599999999999977 -205.8
v 37.6 13.199999999999976 -204.8
v 38.300000000000004 13.199999999999976 -206
v 37.6 12.799999999999976 -205
v 38.1 12.799999999999976 -205.9
v 37.300000000000004 15.599999999999977 -205.8
v 37.6 15.599999999999977 -205.3
v 37.300000000000004 13.399999999999975 -205.8
v 37.6 13.399999999999975 -205.20000000000002
v 37.300000000000004 13.399999999999975 -205.8
v 37.6 13.399999999999975 -205.20000000000002
v 36.9 13.199999999999976 -206
v 37.6 13.199999999999976 -204.8
v 36.9 13.199999999999976 -206
v 37.6 13.199999999999976 -204.8
v 37.1 12.799999999999976 -205.9
v 37.6 12.799999999999976 -205
v 37.6 15.599999999999977 -205.3
v 37.9 15.599999999999977 -205.8
v 37.6 13.399999999999975 -205.20000000000002
v 37.9 13.399999999999975 -205.8
v 37.9 13.399999999999975 -205.8
v 37.300000000000004 13.399999999999975 -205.8
v 38.300000000000004 13.199999999999976 -206
v 36.9 13.199999999999976 -206
v 37.6 13.399999999999975 -205.20000000000002
v 37.9 13.399999999999975 -205.8
v 37.6 13.199999999999976 -204.8
v 38.300000000000004 13.199999999999976 -206
vt 0.875 0.6328125
vt 0.875 0.6328125
vt 0.875 0.6328125
vt 0.875 0.6328125
vt 0.875 0.6328125
vt 0.875 0.6328125
vt 0.875 0.6328125
vt 0.875 0.6328125
vt 0.875 0.6328125
vt 0.875 0.6328125
vt 0.875 0.6328125
vt 0.875 0.6328125
vt 0.875 0.6328125
vt 0.875 0.6328125
vt 0.875 0.6328125
vt 0.875 0.6328125
vt 0.875 0.6328125
vt 0.875 0.6328125
vt 0.875 0.6328125
vt 0.875 0.6328125
vt 0.875 0.6328125
vt 0.875 0.6328125
vt 0.875 0.6328125
vt 0.875 0.6328125
vt 0.875 0.6328125
vt 0.875 0.6328125
vt 0.875 0.6328125
vt 0.875 0.6328125
vt 0.875 0.6328125
vt 0.875 0.6328125
vt 0.875 0.6328125
vt 0.875 0.6328125
vt 0.875 0.6328125
vt 0.875 0.6328125
vt 0.875 0.6328125
vt 0.875 0.6328125
vt 0.875 0.6328125
vn 0.8000000042915342 0.3600000108718871 0.4799999846935273
vn 0.8000000042915342 0.3600000108718871 0.4799999846935273
vn 0.8000000042915342 0.3600000108718871 0.4799999846935273
vn 0 0.4472135954999579 -0.894427190999916
vn 0 0.4472135954999579 -0.894427190999916
vn 0 0.4472135954999579 -0.894427190999916
vn -0.8000000042915342 0.3600000108718871 0.4799999846935273
vn -0.8000000042915342 0.3600000108718871 0.4799999846935273
vn -0.8000000042915342 0.3600000108718871 0.4799999846935273
vn 0.8376057676887255 -0.24430168969312543 0.4886033793862509
vn 0.8376057676887255 -0.24430168969312543 0.4886033793862509
vn 0.8376057676887255 -0.24430168969312543 0.4886033793862509
vn 0.8376057676887255 -0.24430168969312543 0.4886033793862509
vn -0.857492936231011 6.300755585902083e-17 0.5144957378967483
vn -0.857492936231011 6.300755585902083e-17 0.5144957378967483
vn -0.857492936231011 6.300755585902083e-17 0.5144957378967483
vn -0.857492936231011 6.300755585902083e-17 0.5144957378967483
vn -0.5345224710524249 0.8017837363809596 0.26726123552621234
vn -0.5345224710524249 0.8017837363809596 0.26726123552621234
vn -0.5345224710524249 0.8017837363809596 0.26726123552621234
vn -0.5345224710524249 0.8017837363809596 0.26726123552621234
vn -0.825991752097014 -0.29253873311672474 0.48182851212248407
vn -0.825991752097014 -0.29253873311672474 0.48182851212248407
vn -0.825991752097014 -0.29253873311672474 0.48182851212248407
vn -0.825991752097014 -0.29253873311672474 0.48182851212248407
vn 0.8572585401098495 0.0233797779941033 0.514355112144981
vn 0.8572585401098495 0.0233797779941033 0.514355112144981
vn 0.8572585401098495 0.0233797779941033 0.514355112144981
vn 0.8572585401098495 0.0233797779941033 0.514355112144981
vn 0 0.7071067811865475 -0.7071067811865476
vn 0 0.7071067811865475 -0.7071067811865476
vn 0 0.7071067811865475 -0.7071067811865476
vn 0 0.7071067811865475 -0.7071067811865476
vn 0.6666666666666666 0.6666666666666666 0.33333333333333326
vn 0.6666666666666666 0.6666666666666666 0.33333333333333326
vn 0.6666666666666666 0.6666666666666666 0.33333333333333326
vn 0.6666666666666666 0.6666666666666666 0.33333333333333326
f 1342/1342/1342 1341/1341/1341 1340/1340/1340
f 1345/1345/1345 1344/1344/1344 1343/1343/1343
f 1348/1348/1348 1347/1347/1347 1346/1346/1346
f 1351/1351/1351 1350/1350/1350 1349/1349/1349
f 1350/1350/1350 1351/1351/1351 1352/1352/1352
f 1355/1355/1355 1354/1354/1354 1353/1353/1353
f 1354/1354/1354 1355/1355/1355 1356/1356/1356
f 1359/1359/1359 1358/1358/1358 1357/1357/1357
f 1358/1358/1358 1359/1359/1359 1360/1360/1360
f 1363/1363/1363 1362/1362/1362 1361/1361/1361
f 1362/1362/1362 1363/1363/1363 1364/1364/1364
f 1367/1367/1367 1366/1366/1366 1365/1365/1365
f 1366/1366/1366 1367/1367/1367 1368/1368/1368
f 1371/1371/1371 1370/1370/1370 1369/1369/1369
f 1370/1370/1370 1371/1371/1371 1372/1372/1372
f 1375/1375/1375 1374/1374/1374 1373/1373/1373
f 1374/1374/1374 1375/1375/1375 1376/1376/1376
o mesh_35
usemtl mat15
v 90.4 28.79999999999998 -160
v 90.60000000000001 28.39999999999998 -159.70000000000002
v 90.10000000000001 28.39999999999998 -160
v 90.4 28.79999999999998 -160
v 90.60000000000001 28.39999999999998 -160.3
v 90.60000000000001 28.39999999999998 -159.70000000000002
v 90.4 28.79999999999998 -160
v 90.10000000000001 28.39999999999998 -160
v 90.60000000000001 28.39999999999998 -160.3
v 90.60000000000001 26.19999999999998 -160.3
v 90 26.19999999999998 -160
v 90.80000000000001 25.99999999999998 -160.70000000000002
v 89.60000000000001 25.99999999999998 -160
v 90.80000000000001 25.99999999999998 -160.70000000000002
v 89.60000000000001 25.99999999999998 -160
v 90.7 25.59999999999998 -160.5
v 89.80000000000001 25.59999999999998 -160
v 90.10000000000001 28.39999999999998 -160
v 90.60000000000001 28.39999999999998 -159.70000000000002
v 90 26.19999999999998 -160
v 90.60000000000001 26.19999999999998 -159.70000000000002
v 90.60000000000001 26.19999999999998 -159.70000000000002
v 90.60000000000001 26.19999999999998 -160.3
v 90.80000000000001 25.999999999999982 -159.3
v 90.80000000000001 25.99999999999998 -160.70000000000002
v 90 26.19999999999998 -160
v 90.60000000000001 26.19999999999998 -159.70000000000002
v 89.60000000000001 25.99999999999998 -160
v 90.80000000000001 25.999999999999982 -159.3
v 89.60000000000001 25.99999999999998 -160
v 90.80000000000001 25.999999999999982 -159.3
v 89.80000000000001 25.59999999999998 -160
v 90.7 25.599999999999984 -159.5
v 90.60000000000001 28.39999999999998 -160.3
v 90.10000000000001 28.39999999999998 -160
v 90.60000000000001 26.19999999999998 -160.3
v 90 26.19999999999998 -160
vt 0.875 0.6328125
vt 0.875 0.6328125
vt 0.875 0.6328125
vt 0.875 0.6328125
vt 0.875 0.6328125
vt 0.875 0.6328125
vt 0.875 0.6328125
vt 0.875 0.6328125
vt 0.875 0.6328125
vt 0.875 0.6328125
vt 0.875 0.6328125
vt 0.875 0.6328125
vt 0.875 0.6328125
vt 0.875 0.6328125
vt 0.875 0.6328125
vt 0.875 0.6328125
vt 0.875 0.6328125
vt 0.875 0.6328125
vt 0.875 0.6328125
vt 0.875 0.6328125
vt 0.875 0.6328125
vt 0.875 0.6328125
vt 0.875 0.6328125
vt 0.875 0.6328125
vt 0.875 0.6328125
vt 0.875 0.6328125
vt 0.875 0.6328125
vt 0.875 0.6328125
vt 0.875 0.6328125
vt 0.875 0.6328125
vt 0.875 0.6328125
vt 0.875 0.6328125
vt 0.875 0.6328125
vt 0.875 0.6328125
vt 0.875 0.6328125
vt 0.875 0.6328125
vt 0.875 0.6328125
vn -0.4799999846935272 0.36000001087188704 0.8000000042915341
vn -0.4799999846935272 0.36000001087188704 0.8000000042915341
vn -0.4799999846935272 0.36000001087188704 0.8000000042915341
vn 0.8944271909999157 0.44721359549995787 -5.476786982642025e-17
vn 0.8944271909999157 0.44721359549995787 -5.476786982642025e-17
vn 0.8944271909999157 0.44721359549995787 -5.476786982642025e-17
vn -0.4799999846935273 0.36000001087188693 -0.8000000042915342
vn -0.4799999846935273 0.36000001087188693 -0.8000000042915342
vn -0.4799999846935273 0.36000001087188693 -0.8000000042915342
vn -0.2672612355262124 0.8017837363809595 -0.5345224710524249
vn -0.2672612355262124 0.8017837363809595 -0.5345224710524249
vn -0.2672612355262124 0.8017837363809595 -0.5345224710524249
vn -0.2672612355262124 0.8017837363809595 -0.5345224710524249
vn -0.48182851212248395 -0.29253873311672485 -0.8259917520970139
vn -0.48182851212248395 -0.29253873311672485 -0.8259917520970139
vn -0.48182851212248395 -0.29253873311672485 -0.8259917520970139
vn -0.48182851212248395 -0.29253873311672485 -0.8259917520970139
vn -0.514355112144981 0.023379777994103342 0.8572585401098495
vn -0.514355112144981 0.023379777994103342 0.8572585401098495
vn -0.514355112144981 0.023379777994103342 0.8572585401098495
vn -0.514355112144981 0.023379777994103342 0.8572585401098495
vn 0.7071067811865475 0.7071067811865475 -8.659560562354932e-17
vn 0.7071067811865475 0.7071067811865475 -8.659560562354932e-17
vn 0.7071067811865475 0.7071067811865475 -8.659560562354932e-17
vn 0.7071067811865475 0.7071067811865475 -8.659560562354932e-17
vn -0.3333333333333333 0.6666666666666667 0.6666666666666665
vn -0.3333333333333333 0.6666666666666667 0.6666666666666665
vn -0.3333333333333333 0.6666666666666667 0.6666666666666665
vn -0.3333333333333333 0.6666666666666667 0.6666666666666665
vn -0.4886033793862509 -0.24430168969312538 0.8376057676887255
vn -0.4886033793862509 -0.24430168969312538 0.8376057676887255
vn -0.4886033793862509 -0.24430168969312538 0.8376057676887255
vn -0.4886033793862509 -0.24430168969312538 0.8376057676887255
vn -0.5144957378967483 -1.050125979646773e-16 -0.857492936231011
vn -0.5144957378967483 -1.050125979646773e-16 -0.857492936231011
vn -0.5144957378967483 -1.050125979646773e-16 -0.857492936231011
vn -0.5144957378967483 -1.050125979646773e-16 -0.857492936231011
f 1379/1379/1379 1378/1378/1378 1377/1377/1377
f 1382/1382/1382 1381/1381/1381 1380/1380/1380
f 1385/1385/1385 1384/1384/1384 1383/1383/1383
f 1388/1388/1388 1387/1387/1387 1386/1386/1386
f 1387/1387/1387 1388/1388/1388 1389/1389/1389
f 1392/1392/1392 1391/1391/1391 1390/1390/1390
f 1391/1391/1391 1392/1392/1392 1393/1393/1393
f 1396/1396/1396 1395/1395/1395 1394/1394/1394
f 1395/1395/1395 1396/1396/1396 1397/1397/1397
f 1400/1400/1400 1399/1399/1399 1398/1398/1398
f 1399/1399/1399 1400/1400/1400 1401/1401/1401
f 1404/1404/1404 1403/1403/1403 1402/1402/1402
f 1403/1403/1403 1404/1404/1404 1405/1405/1405
f 1408/1408/1408 1407/1407/1407 1406/1406/1406
f 1407/1407/1407 1408/1408/1408 1409/1409/1409
f 1412/1412/1412 1411/1411/1411 1410/1410/1410
f 1411/1411/1411 1412/1412/1412 1413/1413/1413
o mesh_36
usemtl mat15
v 57.6 28.799999999999997 -23.200000000000006
v 57.300000000000004 28.4 -23.000000000000004
v 57.6 28.4 -23.500000000000004
v 57.6 28.799999999999997 -23.200000000000006
v 57.900000000000006 28.4 -23.000000000000004
v 57.300000000000004 28.4 -23.000000000000004
v 57.6 28.799999999999997 -23.200000000000006
v 57.6 28.4 -23.500000000000004
v 57.900000000000006 28.4 -23.000000000000004
v 58.300000000000004 25.999999999999996 -22.800000000000004
v 57.6 25.999999999999996 -24.000000000000004
v 58.1 25.599999999999998 -22.900000000000006
v 57.6 25.599999999999998 -23.800000000000004
v 57.6 28.4 -23.500000000000004
v 57.300000000000004 28.4 -23.000000000000004
v 57.6 26.2 -23.600000000000005
v 57.300000000000004 26.2 -23.000000000000004
v 57.300000000000004 26.2 -23.000000000000004
v 57.900000000000006 26.2 -23.000000000000004
v 56.900000000000006 25.999999999999996 -22.800000000000004
v 58.300000000000004 25.999999999999996 -22.800000000000004
v 57.6 26.2 -23.600000000000005
v 57.300000000000004 26.2 -23.000000000000004
v 57.6 25.999999999999996 -24.000000000000004
v 56.900000000000006 25.999999999999996 -22.800000000000004
v 57.6 25.999999999999996 -24.000000000000004
v 56.900000000000006 25.999999999999996 -22.800000000000004
v 57.6 25.599999999999998 -23.800000000000004
v 57.1 25.599999999999998 -22.900000000000006
v 57.900000000000006 28.4 -23.000000000000004
v 57.6 28.4 -23.500000000000004
v 57.900000000000006 26.2 -23.000000000000004
v 57.6 26.2 -23.600000000000005
vt 0.8515625 0.6171875
vt 0.8515625 0.6171875
vt 0.8515625 0.6171875
vt 0.8515625 0.6171875
vt 0.8515625 0.6171875
vt 0.8515625 0.6171875
vt 0.8515625 0.6171875
vt 0.8515625 0.6171875
vt 0.8515625 0.6171875
vt 0.8515625 0.6171875
vt 0.8515625 0.6171875
vt 0.8515625 0.6171875
vt 0.8515625 0.6171875
vt 0.8515625 0.6171875
vt 0.8515625 0.6171875
vt 0.8515625 0.6171875
vt 0.8515625 0.6171875
vt 0.8515625 0.6171875
vt 0.8515625 0.6171875
vt 0.8515625 0.6171875
vt 0.8515625 0.6171875
vt 0.8515625 0.6171875
vt 0.8515625 0.6171875
vt 0.8515625 0.6171875
vt 0.8515625 0.6171875
vt 0.8515625 0.6171875
vt 0.8515625 0.6171875
vt 0.8515625 0.6171875
vt 0.8515625 0.6171875
vt 0.8515625 0.6171875
vt 0.8515625 0.6171875
vt 0.8515625 0.6171875
vt 0.8515625 0.6171875
vn -0.8000000042915342 0.360000010871887 -0.4799999846935273
vn -0.8000000042915342 0.360000010871887 -0.4799999846935273
vn -0.8000000042915342 0.360000010871887 -0.4799999846935273
vn 0 0.447213595499958 0.8944271909999157
vn 0 0.447213595499958 0.8944271909999157
vn 0 0.447213595499958 0.8944271909999157
vn 0.8000000042915342 0.360000010871887 -0.4799999846935273
vn 0.8000000042915342 0.360000010871887 -0.4799999846935273
vn 0.8000000042915342 0.360000010871887 -0.4799999846935273
vn 0.825991752097014 -0.29253873311672485 -0.48182851212248407
vn 0.825991752097014 -0.29253873311672485 -0.48182851212248407
vn 0.825991752097014 -0.29253873311672485 -0.48182851212248407
vn 0.825991752097014 -0.29253873311672485 -0.48182851212248407
vn -0.8572585401098495 0.023379777994103172 -0.514355112144981
vn -0.8572585401098495 0.023379777994103172 -0.514355112144981
vn -0.8572585401098495 0.023379777994103172 -0.514355112144981
vn -0.8572585401098495 0.023379777994103172 -0.514355112144981
vn 0 0.7071067811865476 0.7071067811865475
vn 0 0.7071067811865476 0.7071067811865475
vn 0 0.7071067811865476 0.7071067811865475
vn 0 0.7071067811865476 0.7071067811865475
vn -0.6666666666666666 0.6666666666666666 -0.3333333333333334
vn -0.6666666666666666 0.6666666666666666 -0.3333333333333334
vn -0.6666666666666666 0.6666666666666666 -0.3333333333333334
vn -0.6666666666666666 0.6666666666666666 -0.3333333333333334
vn -0.8376057676887255 -0.24430168969312552 -0.4886033793862509
vn -0.8376057676887255 -0.24430168969312552 -0.4886033793862509
vn -0.8376057676887255 -0.24430168969312552 -0.4886033793862509
vn -0.8376057676887255 -0.24430168969312552 -0.4886033793862509
vn 0.857492936231011 -6.300755585902083e-17 -0.5144957378967483
vn 0.857492936231011 -6.300755585902083e-17 -0.5144957378967483
vn 0.857492936231011 -6.300755585902083e-17 -0.5144957378967483
vn 0.857492936231011 -6.300755585902083e-17 -0.5144957378967483
f 1416/1416/1416 1415/1415/1415 1414/1414/1414
f 1419/1419/1419 1418/1418/1418 1417/1417/1417
f 1422/1422/1422 1421/1421/1421 1420/1420/1420
f 1425/1425/1425 1424/1424/1424 1423/1423/1423
f 1424/1424/1424 1425/1425/1425 1426/1426/1426
f 1429/1429/1429 1428/1428/1428 1427/1427/1427
f 1428/1428/1428 1429/1429/1429 1430/1430/1430
f 1433/1433/1433 1432/1432/1432 1431/1431/1431
f 1432/1432/1432 1433/1433/1433 1434/1434/1434
f 1437/1437/1437 1436/1436/1436 1435/1435/1435
f 1436/1436/1436 1437/1437/1437 1438/1438/1438
f 1441/1441/1441 1440/1440/1440 1439/1439/1439
f 1440/1440/1440 1441/1441/1441 1442/1442/1442
f 1445/1445/1445 1444/1444/1444 1443/1443/1443
f 1444/1444/1444 1445/1445/1445 1446/1446/1446
o mesh_37
usemtl mat1
v 57.900000000000006 26.2 -23.000000000000004
v 57.6 26.2 -23.600000000000005
v 58.300000000000004 25.999999999999996 -22.800000000000004
v 57.6 25.999999999999996 -24.000000000000004
vt 0.171875 0
vt 0.171875 0
vt 0.171875 0
vt 0.171875 0
vn 0.5345224710524248 0.8017837363809595 -0.2672612355262125
vn 0.5345224710524248 0.8017837363809595 -0.2672612355262125
vn 0.5345224710524248 0.8017837363809595 -0.2672612355262125
vn 0.5345224710524248 0.8017837363809595 -0.2672612355262125
f 1449/1449/1449 1448/1448/1448 1447/1447/1447
f 1448/1448/1448 1449/1449/1449 1450/1450/1450
o mesh_38
usemtl mat6
v -2.4000000000000004 38.4 -76.80000000000001
v -12.8 25.59999999999999 -80
v 0 25.59999999999999 -76.80000000000001
v 0 25.599999999999987 -102.4
v -12.8 25.59999999999999 -99.2
v -2.4000000000000004 38.39999999999999 -102.4
v -12.8 -9.797174393178826e-15 -80
v -12.8 25.59999999999999 -80
v -12.8 -1.0972835320360286e-14 -89.60000000000001
v -12.8 25.59999999999999 -89.60000000000001
v -12.8 -1.0972835320360286e-14 -89.60000000000001
v -12.8 25.59999999999999 -89.60000000000001
v -12.8 -1.2148496247541744e-14 -99.2
v -12.8 25.59999999999999 -99.2
v -12.8 25.59999999999999 -89.60000000000001
v -12.8 25.59999999999999 -80
v -2.4000000000000004 38.39999999999999 -89.60000000000001
v -2.4000000000000004 38.4 -76.80000000000001
v -2.4000000000000004 38.39999999999999 -102.4
v -12.8 25.59999999999999 -99.2
v -2.4000000000000004 38.39999999999999 -89.60000000000001
v -12.8 25.59999999999999 -89.60000000000001
vt 0.015625 0.125
vt 0.125 0.25
vt 0 0.25
vt 0.4921875 0.25
vt 0.375 0.25
vt 0.4765625 0.125
vt 0.125 0.4921875
vt 0.125 0.25
vt 0.25 0.4921875
vt 0.25 0.25
vt 0.25 0.4921875
vt 0.25 0.25
vt 0.375 0.4921875
vt 0.375 0.25
vt 0.25 0.25
vt 0.125 0.25
vt 0.25 0.125
vt 0.125 0.125
vt 0.375 0.125
vt 0.375 0.25
vt 0.25 0.125
vt 0.25 0.25
vn 0.24228522972599018 0.04542847964230049 -0.9691409189039607
vn 0.24228522972599018 0.04542847964230049 -0.9691409189039607
vn 0.24228522972599018 0.04542847964230049 -0.9691409189039607
vn 0.24228522972599018 0.04542847964230073 0.9691409189039607
vn 0.24228522972599018 0.04542847964230073 0.9691409189039607
vn 0.24228522972599018 0.04542847964230073 0.9691409189039607
vn 1 0 0
vn 1 0 0
vn 1 0 0
vn 1 0 0
vn 1 0 0
vn 1 0 0
vn 1 0 0
vn 1 0 0
vn 0.7761139855306581 -0.6305926430459821 7.722532618721313e-17
vn 0.7761139855306581 -0.6305926430459821 7.722532618721313e-17
vn 0.7761139855306581 -0.6305926430459821 7.722532618721313e-17
vn 0.7761139855306581 -0.6305926430459821 7.722532618721313e-17
vn 0.7761139855306581 -0.6305926430459821 7.722532618721313e-17
vn 0.7761139855306581 -0.6305926430459821 7.722532618721313e-17
vn 0.7761139855306581 -0.6305926430459821 7.722532618721313e-17
vn 0.7761139855306581 -0.6305926430459821 7.722532618721313e-17
f 1453/1453/1453 1452/1452/1452 1451/1451/1451
f 1456/1456/1456 1455/1455/1455 1454/1454/1454
f 1459/1459/1459 1458/1458/1458 1457/1457/1457
f 1458/1458/1458 1459/1459/1459 1460/1460/1460
f 1463/1463/1463 1462/1462/1462 1461/1461/1461
f 1462/1462/1462 1463/1463/1463 1464/1464/1464
f 1467/1467/1467 1466/1466/1466 1465/1465/1465
f 1466/1466/1466 1467/1467/1467 1468/1468/1468
f 1471/1471/1471 1470/1470/1470 1469/1469/1469
f 1470/1470/1470 1471/1471/1471 1472/1472/1472
o mesh_39
usemtl mat4
v 0 -1.0972835320360286e-14 -89.60000000000001
v 0 -9.405287417451674e-15 -76.80000000000001
v -12.8 -1.0972835320360286e-14 -89.60000000000001
v -12.8 -9.797174393178826e-15 -80
v -12.8 -1.0972835320360286e-14 -89.60000000000001
v -12.8 -1.2148496247541744e-14 -99.2
v 0 -1.0972835320360286e-14 -89.60000000000001
v 0 -1.2540383223268897e-14 -102.4
vt 0.625 0.125
vt 0.625 0.25
vt 0.5 0.125
vt 0.5 0.21875
vt 0.5 0.125
vt 0.5 0
vt 0.625 0.125
vt 0.625 0
vn 0 1 -1.2246467991473532e-16
vn 0 1 -1.2246467991473532e-16
vn 0 1 -1.2246467991473532e-16
vn 0 1 -1.2246467991473532e-16
vn 0 1 -1.2246467991473532e-16
vn 0 1 -1.2246467991473532e-16
vn 0 1 -1.2246467991473532e-16
vn 0 1 -1.2246467991473532e-16
f 1475/1475/1475 1474/1474/1474 1473/1473/1473
f 1474/1474/1474 1475/1475/1475 1476/1476/1476
f 1479/1479/1479 1478/1478/1478 1477/1477/1477
f 1478/1478/1478 1479/1479/1479 1480/1480/1480
o mesh_40
usemtl mat5
v -8 -1.0213554304888927e-14 -83.4
v -9.3 -1.0274786644846294e-14 -83.9
v -8.6 1.19999999999999 -83.7
v -5 -1.1646391059891329e-14 -95.10000000000001
v -3.7 -1.1597405187925436e-14 -94.7
v -4.4 1.1999999999999886 -94.9
v -1.2000000000000002 -1.1327982892113017e-14 -92.5
v -1 0.9999999999999886 -93.10000000000001
v -1.8 -1.1462694040019226e-14 -93.60000000000001
v -8.5 4.39999999999999 -88
v -9.1 4.499999999999989 -89.30000000000001
v -8.200000000000001 5.499999999999989 -88.80000000000001
v -6.5 1.1999999999999893 -89.30000000000001
v -4.4 1.1999999999999886 -94.9
v -5.800000000000001 -1.0899356512411444e-14 -89
v -3.7 -1.1597405187925436e-14 -94.7
v -7.1000000000000005 -1.0960588852368812e-14 -89.5
v -5 -1.1646391059891329e-14 -95.10000000000001
v -6.5 1.1999999999999893 -89.30000000000001
v -4.4 1.1999999999999886 -94.9
v -4.6000000000000005 0.7999999999999892 -88.4
v -2.2 -1.0385004856769555e-14 -84.80000000000001
v -4.800000000000001 2.1999999999999895 -87.80000000000001
v -2.4000000000000004 1.39999999999999 -84.30000000000001
v -4 -1.0225800772880399e-14 -83.5
v -3.3000000000000003 1.39999999999999 -83.7
v -2.2 -1.0385004856769555e-14 -84.80000000000001
v -2.4000000000000004 1.39999999999999 -84.30000000000001
v -6.4 0.9999999999999893 -87.10000000000001
v -7.800000000000001 1.5999999999999892 -89.30000000000001
v -5.7 2.2999999999999896 -87.30000000000001
v -7.1000000000000005 2.799999999999989 -89.4
v -10.100000000000001 2.399999999999989 -92.7
v -9.4 3.6999999999999886 -92.9
v -7.800000000000001 1.5999999999999892 -89.30000000000001
v -7.1000000000000005 2.799999999999989 -89.4
v -7.1000000000000005 2.799999999999989 -89.4
v -9.4 3.6999999999999886 -92.9
v -6.300000000000001 2.799999999999989 -90
v -8.6 3.5999999999999885 -93.4
v -8.3 2.0999999999999885 -94
v -8.6 3.5999999999999885 -93.4
v -10.100000000000001 2.399999999999989 -92.7
v -9.4 3.6999999999999886 -92.9
v -4.800000000000001 2.1999999999999895 -87.80000000000001
v -2.4000000000000004 1.39999999999999 -84.30000000000001
v -5.7 2.2999999999999896 -87.30000000000001
v -3.3000000000000003 1.39999999999999 -83.7
v -6.300000000000001 2.799999999999989 -90
v -8.6 3.5999999999999885 -93.4
v -6 1.299999999999989 -90.5
v -8.3 2.0999999999999885 -94
v -6.2 4.299999999999989 -90
v -8.200000000000001 5.499999999999989 -88.80000000000001
v -7.1000000000000005 3.299999999999989 -90.5
v -9.1 4.499999999999989 -89.30000000000001
v -6.4 3.199999999999989 -89.30000000000001
v -8.5 4.39999999999999 -88
v -6.2 4.299999999999989 -90
v -8.200000000000001 5.499999999999989 -88.80000000000001
v -6.2 2.699999999999989 -91
v -1.8 -1.1462694040019226e-14 -93.60000000000001
v -5.300000000000001 3.699999999999989 -90.5
v -1 0.9999999999999886 -93.10000000000001
v -5.300000000000001 3.699999999999989 -90.5
v -1 0.9999999999999886 -93.10000000000001
v -5.6000000000000005 2.699999999999989 -89.80000000000001
v -1.2000000000000002 -1.1327982892113017e-14 -92.5
v -5.800000000000001 -1.0899356512411444e-14 -89
v -8 -1.0213554304888927e-14 -83.4
v -6.5 1.1999999999999893 -89.30000000000001
v -8.6 1.19999999999999 -83.7
v -6.5 1.1999999999999893 -89.30000000000001
v -8.6 1.19999999999999 -83.7
v -7.1000000000000005 -1.0960588852368812e-14 -89.5
v -9.3 -1.0274786644846294e-14 -83.9
v -5.6000000000000005 2.699999999999989 -89.80000000000001
v -6.4 3.199999999999989 -89.30000000000001
v -5.300000000000001 3.699999999999989 -90.5
v -6.2 4.299999999999989 -90
v -5.300000000000001 3.699999999999989 -90.5
v -6.2 4.299999999999989 -90
v -6.2 2.699999999999989 -91
v -7.1000000000000005 3.299999999999989 -90.5
v -5.7 2.2999999999999896 -87.30000000000001
v -3.3000000000000003 1.39999999999999 -83.7
v -6.4 0.9999999999999893 -87.10000000000001
v -4 -1.0225800772880399e-14 -83.5
v -5.7 2.2999999999999896 -87.30000000000001
v -7.1000000000000005 2.799999999999989 -89.4
v -4.800000000000001 2.1999999999999895 -87.80000000000001
v -6.300000000000001 2.799999999999989 -90
v -4.800000000000001 2.1999999999999895 -87.80000000000001
v -6.300000000000001 2.799999999999989 -90
v -4.6000000000000005 0.7999999999999892 -88.4
v -6 1.299999999999989 -90.5
vt 0.515625 0.3984375
vt 0.6171875 0.40625
vt 0.5859375 0.40625
vt 0.5 0.4140625
vt 0.515625 0.390625
vt 0.5390625 0.3984375
vt 0.5 0.375
vt 0.5 0.40625
vt 0.5 0.4140625
vt 0.5859375 0.375
vt 0.59375 0.375
vt 0.5859375 0.375
vt 0.578125 0.4140625
vt 0.5390625 0.3984375
vt 0.53125 0.390625
vt 0.515625 0.390625
vt 0.5546875 0.4140625
vt 0.5 0.4140625
vt 0.578125 0.4140625
vt 0.5390625 0.3984375
vt 0.5390625 0.3984375
vt 0.5 0.3984375
vt 0.53125 0.375
vt 0.5 0.3828125
vt 0.5234375 0.4140625
vt 0.5078125 0.3828125
vt 0.5 0.3984375
vt 0.5 0.3828125
vt 0.546875 0.375
vt 0.5859375 0.4140625
vt 0.546875 0.3828125
vt 0.5703125 0.375
vt 0.6171875 0.4140625
vt 0.6171875 0.375
vt 0.5859375 0.4140625
vt 0.5703125 0.375
vt 0.5703125 0.375
vt 0.6171875 0.375
vt 0.5703125 0.375
vt 0.609375 0.375
vt 0.6015625 0.4140625
vt 0.609375 0.375
vt 0.6171875 0.4140625
vt 0.6171875 0.375
vt 0.53125 0.375
vt 0.5 0.3828125
vt 0.546875 0.3828125
vt 0.5078125 0.3828125
vt 0.5703125 0.375
vt 0.609375 0.375
vt 0.5703125 0.3828125
vt 0.6015625 0.4140625
vt 0.578125 0.390625
vt 0.5859375 0.375
vt 0.5703125 0.3828125
vt 0.59375 0.375
vt 0.5625 0.390625
vt 0.5859375 0.375
vt 0.578125 0.390625
vt 0.5859375 0.375
vt 0.5546875 0.3828125
vt 0.5 0.4140625
vt 0.546875 0.3828125
vt 0.5 0.40625
vt 0.546875 0.3828125
vt 0.5 0.40625
vt 0.5546875 0.3828125
vt 0.5 0.375
vt 0.53125 0.390625
vt 0.515625 0.3984375
vt 0.578125 0.4140625
vt 0.5859375 0.40625
vt 0.578125 0.4140625
vt 0.5859375 0.40625
vt 0.5546875 0.4140625
vt 0.6171875 0.40625
vt 0.5546875 0.3828125
vt 0.5625 0.390625
vt 0.546875 0.3828125
vt 0.578125 0.390625
vt 0.546875 0.3828125
vt 0.578125 0.390625
vt 0.5546875 0.3828125
vt 0.5703125 0.3828125
vt 0.546875 0.3828125
vt 0.5078125 0.3828125
vt 0.546875 0.375
vt 0.5234375 0.4140625
vt 0.546875 0.3828125
vt 0.5703125 0.375
vt 0.53125 0.375
vt 0.5703125 0.375
vt 0.53125 0.375
vt 0.5703125 0.375
vt 0.5390625 0.3984375
vt 0.5703125 0.3828125
vn -0.3584597652198196 0.05376896552803109 0.9319954372552459
vn -0.3584597652198196 0.05376896552803109 0.9319954372552459
vn -0.3584597652198196 0.05376896552803109 0.9319954372552459
vn 0.29406377909029724 0.01225265684121388 -0.9557072596917241
vn 0.29406377909029724 0.01225265684121388 -0.9557072596917241
vn 0.29406377909029724 0.01225265684121388 -0.9557072596917241
vn 0.7966832085084998 -0.42006934546219704 -0.43455449633338716
vn 0.7966832085084998 -0.42006934546219704 -0.43455449633338716
vn 0.7966832085084998 -0.42006934546219704 -0.43455449633338716
vn -0.7723117355419289 0.49771197887146884 0.3947370887464974
vn -0.7723117355419289 0.49771197887146884 0.3947370887464974
vn -0.7723117355419289 0.49771197887146884 0.3947370887464974
vn 0.7908000502838316 0.535437534667226 0.296550041208179
vn 0.7908000502838316 0.535437534667226 0.296550041208179
vn 0.7908000502838316 0.535437534667226 0.296550041208179
vn 0.7908000502838316 0.535437534667226 0.296550041208179
vn -0.8284485906934753 0.4660023434409507 -0.31066822896063384
vn -0.8284485906934753 0.4660023434409507 -0.31066822896063384
vn -0.8284485906934753 0.4660023434409507 -0.31066822896063384
vn -0.8284485906934753 0.4660023434409507 -0.31066822896063384
vn 0.8194566290904184 0.32065695218401485 -0.4750473155969065
vn 0.8194566290904184 0.32065695218401485 -0.4750473155969065
vn 0.8194566290904184 0.32065695218401485 -0.4750473155969065
vn 0.8194566290904184 0.32065695218401485 -0.4750473155969065
vn 0.576535703701007 -0.17422781943577606 0.7982801821996078
vn 0.576535703701007 -0.17422781943577606 0.7982801821996078
vn 0.576535703701007 -0.17422781943577606 0.7982801821996078
vn 0.576535703701007 -0.17422781943577606 0.7982801821996078
vn -0.6885030714693582 0.457326849207453 0.5628638144091727
vn -0.6885030714693582 0.457326849207453 0.5628638144091727
vn -0.6885030714693582 0.457326849207453 0.5628638144091727
vn -0.6885030714693582 0.457326849207453 0.5628638144091727
vn -0.6837634486947057 0.45584231899801897 0.5698028838463622
vn -0.6837634486947057 0.45584231899801897 0.5698028838463622
vn -0.6837634486947057 0.45584231899801897 0.5698028838463622
vn -0.6837634486947057 0.45584231899801897 0.5698028838463622
vn 0.12629237905688967 0.9775965914054817 0.16838984370957322
vn 0.12629237905688967 0.9775965914054817 0.16838984370957322
vn 0.12629237905688967 0.9775965914054817 0.16838984370957322
vn 0.12629237905688967 0.9775965914054817 0.16838984370957322
vn -0.5482977608822124 0.21374319416249823 -0.8085069031002549
vn -0.5482977608822124 0.21374319416249823 -0.8085069031002549
vn -0.5482977608822124 0.21374319416249823 -0.8085069031002549
vn -0.5482977608822124 0.21374319416249823 -0.8085069031002549
vn 0.16891120321348982 0.979685005460331 0.10810317065267981
vn 0.16891120321348982 0.979685005460331 0.10810317065267981
vn 0.16891120321348982 0.979685005460331 0.10810317065267981
vn 0.16891120321348982 0.979685005460331 0.10810317065267981
vn 0.8175061420022643 0.32254332599603136 -0.47712630470766476
vn 0.8175061420022643 0.32254332599603136 -0.47712630470766476
vn 0.8175061420022643 0.32254332599603136 -0.47712630470766476
vn 0.8175061420022643 0.32254332599603136 -0.47712630470766476
vn -0.1593761848174683 0.5525041073672233 -0.818131067161843
vn -0.1593761848174683 0.5525041073672233 -0.818131067161843
vn -0.1593761848174683 0.5525041073672233 -0.818131067161843
vn -0.1593761848174683 0.5525041073672233 -0.818131067161843
vn 0.6267108262485424 0.33406173869973804 0.7040144139147844
vn 0.6267108262485424 0.33406173869973804 0.7040144139147844
vn 0.6267108262485424 0.33406173869973804 0.7040144139147844
vn 0.6267108262485424 0.33406173869973804 0.7040144139147844
vn -0.15067569829282113 0.5472541421599907 -0.8232920124917423
vn -0.15067569829282113 0.5472541421599907 -0.8232920124917423
vn -0.15067569829282113 0.5472541421599907 -0.8232920124917423
vn -0.15067569829282113 0.5472541421599907 -0.8232920124917423
vn 0.6272203990472435 0.31151479821375866 0.713829882754188
vn 0.6272203990472435 0.31151479821375866 0.713829882754188
vn 0.6272203990472435 0.31151479821375866 0.713829882754188
vn 0.6272203990472435 0.31151479821375866 0.713829882754188
vn 0.785954697291087 0.5356655604234025 0.30876790827797795
vn 0.785954697291087 0.5356655604234025 0.30876790827797795
vn 0.785954697291087 0.5356655604234025 0.30876790827797795
vn 0.785954697291087 0.5356655604234025 0.30876790827797795
vn -0.8284485906934753 0.4660023434409507 -0.31066822896063384
vn -0.8284485906934753 0.4660023434409507 -0.31066822896063384
vn -0.8284485906934753 0.4660023434409507 -0.31066822896063384
vn -0.8284485906934753 0.4660023434409507 -0.31066822896063384
vn 0.634770392118932 0.30618336736338625 0.7094492898292274
vn 0.634770392118932 0.30618336736338625 0.7094492898292274
vn 0.634770392118932 0.30618336736338625 0.7094492898292274
vn 0.634770392118932 0.30618336736338625 0.7094492898292274
vn -0.11696906263761218 0.5263608042209963 -0.8421772629117366
vn -0.11696906263761218 0.5263608042209963 -0.8421772629117366
vn -0.11696906263761218 0.5263608042209963 -0.8421772629117366
vn -0.11696906263761218 0.5263608042209963 -0.8421772629117366
vn -0.6837634486947057 0.45584231899801897 0.5698028838463622
vn -0.6837634486947057 0.45584231899801897 0.5698028838463622
vn -0.6837634486947057 0.45584231899801897 0.5698028838463622
vn -0.6837634486947057 0.45584231899801897 0.5698028838463622
vn 0.1736677762879252 0.9778250606950849 0.11703697772866756
vn 0.1736677762879252 0.9778250606950849 0.11703697772866756
vn 0.1736677762879252 0.9778250606950849 0.11703697772866756
vn 0.1736677762879252 0.9778250606950849 0.11703697772866756
vn 0.821154413522612 0.31986829557269325 -0.47264119862719883
vn 0.821154413522612 0.31986829557269325 -0.47264119862719883
vn 0.821154413522612 0.31986829557269325 -0.47264119862719883
vn 0.821154413522612 0.31986829557269325 -0.47264119862719883
f 1483/1483/1483 1482/1482/1482 1481/1481/1481
f 1486/1486/1486 1485/1485/1485 1484/1484/1484
f 1489/1489/1489 1488/1488/1488 1487/1487/1487
f 1492/1492/1492 1491/1491/1491 1490/1490/1490
f 1495/1495/1495 1494/1494/1494 1493/1493/1493
f 1494/1494/1494 1495/1495/1495 1496/1496/1496
f 1499/1499/1499 1498/1498/1498 1497/1497/1497
f 1498/1498/1498 1499/1499/1499 1500/1500/1500
f 1503/1503/1503 1502/1502/1502 1501/1501/1501
f 1502/1502/1502 1503/1503/1503 1504/1504/1504
f 1507/1507/1507 1506/1506/1506 1505/1505/1505
f 1506/1506/1506 1507/1507/1507 1508/1508/1508
f 1511/1511/1511 1510/1510/1510 1509/1509/1509
f 1510/1510/1510 1511/1511/1511 1512/1512/1512
f 1515/1515/1515 1514/1514/1514 1513/1513/1513
f 1514/1514/1514 1515/1515/1515 1516/1516/1516
f 1519/1519/1519 1518/1518/1518 1517/1517/1517
f 1518/1518/1518 1519/1519/1519 1520/1520/1520
f 1523/1523/1523 1522/1522/1522 1521/1521/1521
f 1522/1522/1522 1523/1523/1523 1524/1524/1524
f 1527/1527/1527 1526/1526/1526 1525/1525/1525
f 1526/1526/1526 1527/1527/1527 1528/1528/1528
f 1531/1531/1531 1530/1530/1530 1529/1529/1529
f 1530/1530/1530 1531/1531/1531 1532/1532/1532
f 1535/1535/1535 1534/1534/1534 1533/1533/1533
f 1534/1534/1534 1535/1535/1535 1536/1536/1536
f 1539/1539/1539 1538/1538/1538 1537/1537/1537
f 1538/1538/1538 1539/1539/1539 1540/1540/1540
f 1543/1543/1543 1542/1542/1542 1541/1541/1541
f 1542/1542/1542 1543/1543/1543 1544/1544/1544
f 1547/1547/1547 1546/1546/1546 1545/1545/1545
f 1546/1546/1546 1547/1547/1547 1548/1548/1548
f 1551/1551/1551 1550/1550/1550 1549/1549/1549
f 1550/1550/1550 1551/1551/1551 1552/1552/1552
f 1555/1555/1555 1554/1554/1554 1553/1553/1553
f 1554/1554/1554 1555/1555/1555 1556/1556/1556
f 1559/1559/1559 1558/1558/1558 1557/1557/1557
f 1558/1558/1558 1559/1559/1559 1560/1560/1560
f 1563/1563/1563 1562/1562/1562 1561/1561/1561
f 1562/1562/1562 1563/1563/1563 1564/1564/1564
f 1567/1567/1567 1566/1566/1566 1565/1565/1565
f 1566/1566/1566 1567/1567/1567 1568/1568/1568
f 1571/1571/1571 1570/1570/1570 1569/1569/1569
f 1570/1570/1570 1571/1571/1571 1572/1572/1572
f 1575/1575/1575 1574/1574/1574 1573/1573/1573
f 1574/1574/1574 1575/1575/1575 1576/1576/1576
o mesh_41
usemtl mat16
v 64 12.799999999999997 -25.6
v 64 -3.1350958058172244e-15 -25.6
v 64 12.799999999999995 -38.400000000000006
v 64 -4.702643708725837e-15 -38.400000000000006
v 64 12.799999999999995 -38.400000000000006
v 64 25.599999999999998 -38.400000000000006
v 64 12.799999999999997 -25.6
v 64 25.599999999999998 -25.600000000000005
v 64 38.400000000000006 -25.600000000000005
v 64 25.599999999999998 -25.600000000000005
v 64 38.4 -38.40000000000001
v 64 25.599999999999998 -38.400000000000006
v 64 38.4 -38.40000000000001
v 64 51.199999999999996 -38.40000000000001
v 64 38.400000000000006 -25.600000000000005
v 64 51.2 -25.60000000000001
v 64 12.799999999999995 -38.400000000000006
v 64 -4.702643708725837e-15 -38.400000000000006
v 64 12.799999999999994 -51.2
v 64 -6.270191611634449e-15 -51.2
v 64 12.799999999999994 -51.2
v 64 25.599999999999994 -51.2
v 64 12.799999999999995 -38.400000000000006
v 64 25.599999999999998 -38.400000000000006
v 64 38.4 -38.40000000000001
v 64 25.599999999999998 -38.400000000000006
v 64 38.4 -51.20000000000001
v 64 25.599999999999994 -51.2
v 64 38.4 -51.20000000000001
v 64 51.199999999999996 -51.20000000000001
v 64 38.4 -38.40000000000001
v 64 51.199999999999996 -38.40000000000001
v 64 12.799999999999985 -128
v 64 -1.567547902908612e-14 -128
v 76.80000000000001 12.799999999999985 -128
v 76.80000000000001 -1.567547902908612e-14 -128
v 76.80000000000001 12.799999999999985 -128
v 76.80000000000001 25.599999999999987 -128
v 64 12.799999999999985 -128
v 64 25.599999999999987 -128
v 89.60000000000001 12.799999999999985 -128
v 89.60000000000001 25.599999999999987 -128
v 76.80000000000001 12.799999999999985 -128
v 76.80000000000001 25.599999999999987 -128
v 76.80000000000001 12.799999999999985 -128
v 76.80000000000001 -1.567547902908612e-14 -128
v 89.60000000000001 12.799999999999985 -128
v 89.60000000000001 -1.567547902908612e-14 -128
v 64 38.39999999999999 -128
v 64 25.599999999999987 -128
v 76.80000000000001 38.39999999999999 -128
v 76.80000000000001 25.599999999999987 -128
v 76.80000000000001 38.39999999999999 -128
v 76.80000000000001 25.599999999999987 -128
v 89.60000000000001 38.39999999999999 -128
v 89.60000000000001 25.599999999999987 -128
v 89.60000000000001 38.39999999999999 -128
v 89.60000000000001 51.19999999999999 -128
v 76.80000000000001 38.39999999999999 -128
v 76.80000000000001 51.19999999999999 -128
v 76.80000000000001 38.39999999999999 -128
v 76.80000000000001 51.19999999999999 -128
v 64 38.39999999999999 -128
v 64 51.19999999999999 -128
v 64 12.799999999999986 -115.2
v 64 -1.410793112617751e-14 -115.2
v 64 12.799999999999985 -128
v 64 -1.567547902908612e-14 -128
v 64 12.799999999999985 -128
v 64 25.599999999999987 -128
v 64 12.799999999999986 -115.2
v 64 25.599999999999987 -115.2
v 64 38.39999999999999 -115.2
v 64 25.599999999999987 -115.2
v 64 38.39999999999999 -128
v 64 25.599999999999987 -128
v 64 38.39999999999999 -128
v 64 51.19999999999999 -128
v 64 38.39999999999999 -115.2
v 64 51.19999999999999 -115.2
v 64 12.799999999999988 -102.4
v 64 -1.2540383223268897e-14 -102.4
v 64 12.799999999999986 -115.2
v 64 -1.410793112617751e-14 -115.2
v 64 12.799999999999986 -115.2
v 64 25.599999999999987 -115.2
v 64 12.799999999999988 -102.4
v 64 25.599999999999987 -102.4
v 64 38.39999999999999 -102.4
v 64 25.599999999999987 -102.4
v 64 38.39999999999999 -115.2
v 64 25.599999999999987 -115.2
v 64 38.39999999999999 -115.2
v 64 51.19999999999999 -115.2
v 64 38.39999999999999 -102.4
v 64 51.19999999999999 -102.4
v 64 12.79999999999999 -89.60000000000001
v 64 -1.0972835320360286e-14 -89.60000000000001
v 64 12.799999999999988 -102.4
v 64 -1.2540383223268897e-14 -102.4
v 64 12.799999999999988 -102.4
v 64 25.599999999999987 -102.4
v 64 12.79999999999999 -89.60000000000001
v 64 25.59999999999999 -89.60000000000001
v 64 38.39999999999999 -89.60000000000001
v 64 25.59999999999999 -89.60000000000001
v 64 38.39999999999999 -102.4
v 64 25.599999999999987 -102.4
v 64 38.39999999999999 -102.4
v 64 51.19999999999999 -102.4
v 64 38.39999999999999 -89.60000000000001
v 64 51.19999999999999 -89.60000000000001
v 64 12.799999999999992 -76.80000000000001
v 64 -9.405287417451674e-15 -76.80000000000001
v 64 12.79999999999999 -89.60000000000001
v 64 -1.0972835320360286e-14 -89.60000000000001
v 64 12.79999999999999 -89.60000000000001
v 64 25.59999999999999 -89.60000000000001
v 64 12.799999999999992 -76.80000000000001
v 64 25.59999999999999 -76.80000000000001
v 64 38.4 -76.80000000000001
v 64 25.59999999999999 -76.80000000000001
v 64 38.39999999999999 -89.60000000000001
v 64 25.59999999999999 -89.60000000000001
v 64 38.39999999999999 -89.60000000000001
v 64 51.19999999999999 -89.60000000000001
v 64 38.4 -76.80000000000001
v 64 51.199999999999996 -76.80000000000001
v 64 38.4 -76.80000000000001
v 64 51.199999999999996 -76.80000000000001
v 64 38.4 -64
v 64 51.199999999999996 -64
v 64 38.4 -64
v 64 25.599999999999994 -64
v 64 38.4 -76.80000000000001
v 64 25.59999999999999 -76.80000000000001
v 64 12.799999999999992 -76.80000000000001
v 64 25.59999999999999 -76.80000000000001
v 64 12.799999999999994 -64
v 64 25.599999999999994 -64
v 64 12.799999999999994 -64
v 64 -7.83773951454306e-15 -64
v 64 12.799999999999992 -76.80000000000001
v 64 -9.405287417451674e-15 -76.80000000000001
v 64 12.799999999999994 -51.2
v 64 -6.270191611634449e-15 -51.2
v 64 12.799999999999994 -64
v 64 -7.83773951454306e-15 -64
v 64 12.799999999999994 -64
v 64 25.599999999999994 -64
v 64 12.799999999999994 -51.2
v 64 25.599999999999994 -51.2
v 64 38.4 -51.20000000000001
v 64 25.599999999999994 -51.2
v 64 38.4 -64
v 64 25.599999999999994 -64
v 64 38.4 -64
v 64 51.199999999999996 -64
v 64 38.4 -51.20000000000001
v 64 51.199999999999996 -51.20000000000001
v 25.6 38.399999999999984 -192
v 25.6 51.19999999999998 -192
v 25.6 38.39999999999998 -204.8
v 25.6 51.199999999999974 -204.8
v 25.6 38.39999999999998 -204.8
v 25.6 25.599999999999977 -204.8
v 25.6 38.399999999999984 -192
v 25.6 25.599999999999977 -192
v 25.6 12.799999999999978 -192
v 25.6 25.599999999999977 -192
v 25.6 12.799999999999976 -204.8
v 25.6 25.599999999999977 -204.8
v 25.6 12.799999999999976 -204.8
v 25.6 -2.5080766446537795e-14 -204.8
v 25.6 12.799999999999978 -192
v 25.6 -2.3513218543629183e-14 -192
v 25.6 38.399999999999984 -179.20000000000002
v 25.6 51.19999999999998 -179.20000000000002
v 25.6 38.399999999999984 -192
v 25.6 51.19999999999998 -192
v 25.6 38.399999999999984 -192
v 25.6 25.599999999999977 -192
v 25.6 38.399999999999984 -179.20000000000002
v 25.6 25.59999999999998 -179.20000000000002
v 25.6 12.79999999999998 -179.20000000000002
v 25.6 25.59999999999998 -179.20000000000002
v 25.6 12.799999999999978 -192
v 25.6 25.599999999999977 -192
v 25.6 12.799999999999978 -192
v 25.6 -2.3513218543629183e-14 -192
v 25.6 12.79999999999998 -179.20000000000002
v 25.6 -2.194567064072057e-14 -179.20000000000002
v 25.6 38.399999999999984 -166.4
v 25.6 51.19999999999998 -166.4
v 25.6 38.399999999999984 -179.20000000000002
v 25.6 51.19999999999998 -179.20000000000002
v 25.6 38.399999999999984 -179.20000000000002
v 25.6 25.59999999999998 -179.20000000000002
v 25.6 38.399999999999984 -166.4
v 25.6 25.59999999999998 -166.4
v 25.6 12.799999999999981 -166.4
v 25.6 25.59999999999998 -166.4
v 25.6 12.79999999999998 -179.20000000000002
v 25.6 25.59999999999998 -179.20000000000002
v 25.6 12.79999999999998 -179.20000000000002
v 25.6 -2.194567064072057e-14 -179.20000000000002
v 25.6 12.799999999999981 -166.4
v 25.6 -2.037812273781196e-14 -166.4
v 25.6 38.399999999999984 -153.60000000000002
v 25.6 51.19999999999998 -153.60000000000002
v 25.6 38.399999999999984 -166.4
v 25.6 51.19999999999998 -166.4
v 25.6 38.399999999999984 -166.4
v 25.6 25.59999999999998 -166.4
v 25.6 38.399999999999984 -153.60000000000002
v 25.6 25.599999999999984 -153.60000000000002
v 25.6 12.799999999999981 -153.60000000000002
v 25.6 25.599999999999984 -153.60000000000002
v 25.6 12.799999999999981 -166.4
v 25.6 25.59999999999998 -166.4
v 25.6 12.799999999999981 -166.4
v 25.6 -2.037812273781196e-14 -166.4
v 25.6 12.799999999999981 -153.60000000000002
v 25.6 -1.8810574834903348e-14 -153.60000000000002
v 25.6 12.799999999999981 -153.60000000000002
v 25.6 -1.8810574834903348e-14 -153.60000000000002
v 25.6 12.799999999999983 -140.8
v 25.6 -1.7243026931994733e-14 -140.8
v 25.6 12.799999999999983 -140.8
v 25.6 25.599999999999984 -140.8
v 25.6 12.799999999999981 -153.60000000000002
v 25.6 25.599999999999984 -153.60000000000002
v 25.6 38.399999999999984 -153.60000000000002
v 25.6 25.599999999999984 -153.60000000000002
v 25.6 38.39999999999999 -140.8
v 25.6 25.599999999999984 -140.8
v 25.6 38.39999999999999 -140.8
v 25.6 51.19999999999999 -140.8
v 25.6 38.399999999999984 -153.60000000000002
v 25.6 51.19999999999998 -153.60000000000002
v 25.6 12.799999999999983 -140.8
v 25.6 -1.7243026931994733e-14 -140.8
v 25.6 12.799999999999985 -128
v 25.6 -1.567547902908612e-14 -128
v 25.6 12.799999999999985 -128
v 25.6 25.599999999999987 -128
v 25.6 12.799999999999983 -140.8
v 25.6 25.599999999999984 -140.8
v 25.6 38.39999999999999 -140.8
v 25.6 25.599999999999984 -140.8
v 25.6 38.39999999999999 -128
v 25.6 25.599999999999987 -128
v 25.6 38.39999999999999 -128
v 25.6 51.19999999999999 -128
v 25.6 38.39999999999999 -140.8
v 25.6 51.19999999999999 -140.8
v 12.8 38.39999999999999 -128
v 12.8 51.19999999999999 -128
v 25.6 38.39999999999999 -128
v 25.6 51.19999999999999 -128
v 25.6 38.39999999999999 -128
v 25.6 25.599999999999987 -128
v 12.8 38.39999999999999 -128
v 12.8 25.599999999999987 -128
v 12.8 12.799999999999985 -128
v 12.8 25.599999999999987 -128
v 25.6 12.799999999999985 -128
v 25.6 25.599999999999987 -128
v 25.6 12.799999999999985 -128
v 25.6 -1.567547902908612e-14 -128
v 12.8 12.799999999999985 -128
v 12.8 -1.567547902908612e-14 -128
v 12.8 12.799999999999985 -128
v 12.8 -1.567547902908612e-14 -128
v 0 12.799999999999985 -128
v 0 -1.567547902908612e-14 -128
v 0 12.799999999999985 -128
v 0 25.599999999999987 -128
v 12.8 12.799999999999985 -128
v 12.8 25.599999999999987 -128
v 12.8 38.39999999999999 -128
v 12.8 25.599999999999987 -128
v 0 38.39999999999999 -128
v 0 25.599999999999987 -128
v 0 38.39999999999999 -128
v 0 51.19999999999999 -128
v 12.8 38.39999999999999 -128
v 12.8 51.19999999999999 -128
vt 0.2265625 0.625
vt 0.2265625 0.7421875
vt 0.125 0.625
vt 0.125 0.7421875
vt 0.125 0.625
vt 0.125 0.5078125
vt 0.2265625 0.625
vt 0.2265625 0.5078125
vt 0.2265625 0.609375
vt 0.2265625 0.7265625
vt 0.125 0.609375
vt 0.125 0.7265625
vt 0.125 0.609375
vt 0.125 0.5
vt 0.2265625 0.609375
vt 0.2265625 0.5
vt 0.125 0.625
vt 0.125 0.7421875
vt 0 0.625
vt 0 0.7421875
vt 0 0.625
vt 0 0.5078125
vt 0.125 0.625
vt 0.125 0.5078125
vt 0.125 0.609375
vt 0.125 0.7265625
vt 0 0.609375
vt 0 0.7265625
vt 0 0.609375
vt 0 0.5
vt 0.125 0.609375
vt 0.125 0.5
vt 0.2421875 0.625
vt 0.2421875 0.7421875
vt 0.125 0.625
vt 0.125 0.7421875
vt 0.125 0.625
vt 0.125 0.5078125
vt 0.2421875 0.625
vt 0.2421875 0.5078125
vt 0.015625 0.625
vt 0.015625 0.5078125
vt 0.125 0.625
vt 0.125 0.5078125
vt 0.125 0.625
vt 0.125 0.7421875
vt 0.015625 0.625
vt 0.015625 0.7421875
vt 0.2421875 0.609375
vt 0.2421875 0.7265625
vt 0.125 0.609375
vt 0.125 0.7265625
vt 0.125 0.609375
vt 0.125 0.7265625
vt 0.015625 0.609375
vt 0.015625 0.7265625
vt 0.015625 0.609375
vt 0.015625 0.5
vt 0.125 0.609375
vt 0.125 0.5
vt 0.125 0.609375
vt 0.125 0.5
vt 0.2421875 0.609375
vt 0.2421875 0.5
vt 0.125 0.625
vt 0.125 0.7421875
vt 0 0.625
vt 0 0.7421875
vt 0 0.625
vt 0 0.5078125
vt 0.125 0.625
vt 0.125 0.5078125
vt 0.125 0.609375
vt 0.125 0.7265625
vt 0 0.609375
vt 0 0.7265625
vt 0 0.609375
vt 0 0.5
vt 0.125 0.609375
vt 0.125 0.5
vt 0.2421875 0.625
vt 0.2421875 0.7421875
vt 0.125 0.625
vt 0.125 0.7421875
vt 0.125 0.625
vt 0.125 0.5078125
vt 0.2421875 0.625
vt 0.2421875 0.5078125
vt 0.2421875 0.609375
vt 0.2421875 0.7265625
vt 0.125 0.609375
vt 0.125 0.7265625
vt 0.125 0.609375
vt 0.125 0.5
vt 0.2421875 0.609375
vt 0.2421875 0.5
vt 0.125 0.625
vt 0.125 0.7421875
vt 0 0.625
vt 0 0.7421875
vt 0 0.625
vt 0 0.5078125
vt 0.125 0.625
vt 0.125 0.5078125
vt 0.125 0.609375
vt 0.125 0.7265625
vt 0 0.609375
vt 0 0.7265625
vt 0 0.609375
vt 0 0.5
vt 0.125 0.609375
vt 0.125 0.5
vt 0.2421875 0.625
vt 0.2421875 0.7421875
vt 0.125 0.625
vt 0.125 0.7421875
vt 0.125 0.625
vt 0.125 0.5078125
vt 0.2421875 0.625
vt 0.2421875 0.5078125
vt 0.2421875 0.609375
vt 0.2421875 0.7265625
vt 0.125 0.609375
vt 0.125 0.7265625
vt 0.125 0.609375
vt 0.125 0.5
vt 0.2421875 0.609375
vt 0.2421875 0.5
vt 0 0.609375
vt 0 0.5
vt 0.125 0.609375
vt 0.125 0.5
vt 0.125 0.609375
vt 0.125 0.7265625
vt 0 0.609375
vt 0 0.7265625
vt 0 0.625
vt 0 0.5078125
vt 0.125 0.625
vt 0.125 0.5078125
vt 0.125 0.625
vt 0.125 0.7421875
vt 0 0.625
vt 0 0.7421875
vt 0.2421875 0.625
vt 0.2421875 0.7421875
vt 0.125 0.625
vt 0.125 0.7421875
vt 0.125 0.625
vt 0.125 0.5078125
vt 0.2421875 0.625
vt 0.2421875 0.5078125
vt 0.2421875 0.609375
vt 0.2421875 0.7265625
vt 0.125 0.609375
vt 0.125 0.7265625
vt 0.125 0.609375
vt 0.125 0.5
vt 0.2421875 0.609375
vt 0.2421875 0.5
vt 0.125 0.609375
vt 0.125 0.5
vt 0.2265625 0.609375
vt 0.2265625 0.5
vt 0.2265625 0.609375
vt 0.2265625 0.7265625
vt 0.125 0.609375
vt 0.125 0.7265625
vt 0.125 0.625
vt 0.125 0.5078125
vt 0.2265625 0.625
vt 0.2265625 0.5078125
vt 0.2265625 0.625
vt 0.2265625 0.7421875
vt 0.125 0.625
vt 0.125 0.7421875
vt 0 0.609375
vt 0 0.5
vt 0.125 0.609375
vt 0.125 0.5
vt 0.125 0.609375
vt 0.125 0.7265625
vt 0 0.609375
vt 0 0.7265625
vt 0 0.625
vt 0 0.5078125
vt 0.125 0.625
vt 0.125 0.5078125
vt 0.125 0.625
vt 0.125 0.7421875
vt 0 0.625
vt 0 0.7421875
vt 0.125 0.609375
vt 0.125 0.5
vt 0.2421875 0.609375
vt 0.2421875 0.5
vt 0.2421875 0.609375
vt 0.2421875 0.7265625
vt 0.125 0.609375
vt 0.125 0.7265625
vt 0.125 0.625
vt 0.125 0.5078125
vt 0.2421875 0.625
vt 0.2421875 0.5078125
vt 0.2421875 0.625
vt 0.2421875 0.7421875
vt 0.125 0.625
vt 0.125 0.7421875
vt 0 0.609375
vt 0 0.5
vt 0.125 0.609375
vt 0.125 0.5
vt 0.125 0.609375
vt 0.125 0.7265625
vt 0 0.609375
vt 0 0.7265625
vt 0 0.625
vt 0 0.5078125
vt 0.125 0.625
vt 0.125 0.5078125
vt 0.125 0.625
vt 0.125 0.7421875
vt 0 0.625
vt 0 0.7421875
vt 0.2421875 0.625
vt 0.2421875 0.7421875
vt 0.125 0.625
vt 0.125 0.7421875
vt 0.125 0.625
vt 0.125 0.5078125
vt 0.2421875 0.625
vt 0.2421875 0.5078125
vt 0.2421875 0.609375
vt 0.2421875 0.7265625
vt 0.125 0.609375
vt 0.125 0.7265625
vt 0.125 0.609375
vt 0.125 0.5
vt 0.2421875 0.609375
vt 0.2421875 0.5
vt 0.125 0.625
vt 0.125 0.7421875
vt 0 0.625
vt 0 0.7421875
vt 0 0.625
vt 0 0.5078125
vt 0.125 0.625
vt 0.125 0.5078125
vt 0.125 0.609375
vt 0.125 0.7265625
vt 0 0.609375
vt 0 0.7265625
vt 0 0.609375
vt 0 0.5
vt 0.125 0.609375
vt 0.125 0.5
vt 0.125 0.609375
vt 0.125 0.5
vt 0.2421875 0.609375
vt 0.2421875 0.5
vt 0.2421875 0.609375
vt 0.2421875 0.7265625
vt 0.125 0.609375
vt 0.125 0.7265625
vt 0.125 0.625
vt 0.125 0.5078125
vt 0.2421875 0.625
vt 0.2421875 0.5078125
vt 0.2421875 0.625
vt 0.2421875 0.7421875
vt 0.125 0.625
vt 0.125 0.7421875
vt 0.125 0.625
vt 0.125 0.7421875
vt 0.015625 0.625
vt 0.015625 0.7421875
vt 0.015625 0.625
vt 0.015625 0.5078125
vt 0.125 0.625
vt 0.125 0.5078125
vt 0.125 0.609375
vt 0.125 0.7265625
vt 0.015625 0.609375
vt 0.015625 0.7265625
vt 0.015625 0.609375
vt 0.015625 0.5
vt 0.125 0.609375
vt 0.125 0.5
vn -1 0 0
vn -1 0 0
vn -1 0 0
vn -1 0 0
vn -1 0 0
vn -1 0 0
vn -1 0 0
vn -1 0 0
vn -1 0 0
vn -1 0 0
vn -1 0 0
vn -1 0 0
vn -1 0 0
vn -1 0 0
vn -1 0 0
vn -1 0 0
vn -1 0 0
vn -1 0 0
vn -1 0 0
vn -1 0 0
vn -1 0 0
vn -1 0 0
vn -1 0 0
vn -1 0 0
vn -1 0 0
vn -1 0 0
vn -1 0 0
vn -1 0 0
vn -1 0 0
vn -1 0 0
vn -1 0 0
vn -1 0 0
vn 0 -1.2246467991473532e-16 -1
vn 0 -1.2246467991473532e-16 -1
vn 0 -1.2246467991473532e-16 -1
vn 0 -1.2246467991473532e-16 -1
vn 0 -1.2246467991473532e-16 -1
vn 0 -1.2246467991473532e-16 -1
vn 0 -1.2246467991473532e-16 -1
vn 0 -1.2246467991473532e-16 -1
vn 0 -1.2246467991473532e-16 -1
vn 0 -1.2246467991473532e-16 -1
vn 0 -1.2246467991473532e-16 -1
vn 0 -1.2246467991473532e-16 -1
vn 0 -1.2246467991473532e-16 -1
vn 0 -1.2246467991473532e-16 -1
vn 0 -1.2246467991473532e-16 -1
vn 0 -1.2246467991473532e-16 -1
vn 0 -1.2246467991473532e-16 -1
vn 0 -1.2246467991473532e-16 -1
vn 0 -1.2246467991473532e-16 -1
vn 0 -1.2246467991473532e-16 -1
vn 0 -1.2246467991473532e-16 -1
vn 0 -1.2246467991473532e-16 -1
vn 0 -1.2246467991473532e-16 -1
vn 0 -1.2246467991473532e-16 -1
vn 0 -1.2246467991473532e-16 -1
vn 0 -1.2246467991473532e-16 -1
vn 0 -1.2246467991473532e-16 -1
vn 0 -1.2246467991473532e-16 -1
vn 0 -1.2246467991473532e-16 -1
vn 0 -1.2246467991473532e-16 -1
vn 0 -1.2246467991473532e-16 -1
vn 0 -1.2246467991473532e-16 -1
vn -1 0 0
vn -1 0 0
vn -1 0 0
vn -1 0 0
vn -1 0 0
vn -1 0 0
vn -1 0 0
vn -1 0 0
vn -1 0 0
vn -1 0 0
vn -1 0 0
vn -1 0 0
vn -1 0 0
vn -1 0 0
vn -1 0 0
vn -1 0 0
vn -1 0 0
vn -1 0 0
vn -1 0 0
vn -1 0 0
vn -1 0 0
vn -1 0 0
vn -1 0 0
vn -1 0 0
vn -1 0 0
vn -1 0 0
vn -1 0 0
vn -1 0 0
vn -1 0 0
vn -1 0 0
vn -1 0 0
vn -1 0 0
vn -1 0 0
vn -1 0 0
vn -1 0 0
vn -1 0 0
vn -1 0 0
vn -1 0 0
vn -1 0 0
vn -1 0 0
vn -1 0 0
vn -1 0 0
vn -1 0 0
vn -1 0 0
vn -1 0 0
vn -1 0 0
vn -1 0 0
vn -1 0 0
vn -1 0 0
vn -1 0 0
vn -1 0 0
vn -1 0 0
vn -1 0 0
vn -1 0 0
vn -1 0 0
vn -1 0 0
vn -1 0 0
vn -1 0 0
vn -1 0 0
vn -1 0 0
vn -1 0 0
vn -1 0 0
vn -1 0 0
vn -1 0 0
vn -1 0 0
vn -1 0 0
vn -1 0 0
vn -1 0 0
vn -1 0 0
vn -1 0 0
vn -1 0 0
vn -1 0 0
vn -1 0 0
vn -1 0 0
vn -1 0 0
vn -1 0 0
vn -1 0 0
vn -1 0 0
vn -1 0 0
vn -1 0 0
vn -1 0 0
vn -1 0 0
vn -1 0 0
vn -1 0 0
vn -1 0 0
vn -1 0 0
vn -1 0 0
vn -1 0 0
vn -1 0 0
vn -1 0 0
vn -1 0 0
vn -1 0 0
vn -1 0 0
vn -1 0 0
vn -1 0 0
vn -1 0 0
vn 1 0 0
vn 1 0 0
vn 1 0 0
vn 1 0 0
vn 1 0 0
vn 1 0 0
vn 1 0 0
vn 1 0 0
vn 1 0 0
vn 1 0 0
vn 1 0 0
vn 1 0 0
vn 1 0 0
vn 1 0 0
vn 1 0 0
vn 1 0 0
vn 1 0 0
vn 1 0 0
vn 1 0 0
vn 1 0 0
vn 1 0 0
vn 1 0 0
vn 1 0 0
vn 1 0 0
vn 1 0 0
vn 1 0 0
vn 1 0 0
vn 1 0 0
vn 1 0 0
vn 1 0 0
vn 1 0 0
vn 1 0 0
vn 1 0 0
vn 1 0 0
vn 1 0 0
vn 1 0 0
vn 1 0 0
vn 1 0 0
vn 1 0 0
vn 1 0 0
vn 1 0 0
vn 1 0 0
vn 1 0 0
vn 1 0 0
vn 1 0 0
vn 1 0 0
vn 1 0 0
vn 1 0 0
vn 1 0 0
vn 1 0 0
vn 1 0 0
vn 1 0 0
vn 1 0 0
vn 1 0 0
vn 1 0 0
vn 1 0 0
vn 1 0 0
vn 1 0 0
vn 1 0 0
vn 1 0 0
vn 1 0 0
vn 1 0 0
vn 1 0 0
vn 1 0 0
vn 1 0 0
vn 1 0 0
vn 1 0 0
vn 1 0 0
vn 1 0 0
vn 1 0 0
vn 1 0 0
vn 1 0 0
vn 1 0 0
vn 1 0 0
vn 1 0 0
vn 1 0 0
vn 1 0 0
vn 1 0 0
vn 1 0 0
vn 1 0 0
vn 1 0 0
vn 1 0 0
vn 1 0 0
vn 1 0 0
vn 1 0 0
vn 1 0 0
vn 1 0 0
vn 1 0 0
vn 1 0 0
vn 1 0 0
vn 1 0 0
vn 1 0 0
vn 1 0 0
vn 1 0 0
vn 1 0 0
vn 1 0 0
vn 0 1.2246467991473532e-16 1
vn 0 1.2246467991473532e-16 1
vn 0 1.2246467991473532e-16 1
vn 0 1.2246467991473532e-16 1
vn 0 1.2246467991473532e-16 1
vn 0 1.2246467991473532e-16 1
vn 0 1.2246467991473532e-16 1
vn 0 1.2246467991473532e-16 1
vn 0 1.2246467991473532e-16 1
vn 0 1.2246467991473532e-16 1
vn 0 1.2246467991473532e-16 1
vn 0 1.2246467991473532e-16 1
vn 0 1.2246467991473532e-16 1
vn 0 1.2246467991473532e-16 1
vn 0 1.2246467991473532e-16 1
vn 0 1.2246467991473532e-16 1
vn 0 1.2246467991473532e-16 1
vn 0 1.2246467991473532e-16 1
vn 0 1.2246467991473532e-16 1
vn 0 1.2246467991473532e-16 1
vn 0 1.2246467991473532e-16 1
vn 0 1.2246467991473532e-16 1
vn 0 1.2246467991473532e-16 1
vn 0 1.2246467991473532e-16 1
vn 0 1.2246467991473532e-16 1
vn 0 1.2246467991473532e-16 1
vn 0 1.2246467991473532e-16 1
vn 0 1.2246467991473532e-16 1
vn 0 1.2246467991473532e-16 1
vn 0 1.2246467991473532e-16 1
vn 0 1.2246467991473532e-16 1
vn 0 1.2246467991473532e-16 1
f 1579/1579/1579 1578/1578/1578 1577/1577/1577
f 1578/1578/1578 1579/1579/1579 1580/1580/1580
f 1583/1583/1583 1582/1582/1582 1581/1581/1581
f 1582/1582/1582 1583/1583/1583 1584/1584/1584
f 1587/1587/1587 1586/1586/1586 1585/1585/1585
f 1586/1586/1586 1587/1587/1587 1588/1588/1588
f 1591/1591/1591 1590/1590/1590 1589/1589/1589
f 1590/1590/1590 1591/1591/1591 1592/1592/1592
f 1595/1595/1595 1594/1594/1594 1593/1593/1593
f 1594/1594/1594 1595/1595/1595 1596/1596/1596
f 1599/1599/1599 1598/1598/1598 1597/1597/1597
f 1598/1598/1598 1599/1599/1599 1600/1600/1600
f 1603/1603/1603 1602/1602/1602 1601/1601/1601
f 1602/1602/1602 1603/1603/1603 1604/1604/1604
f 1607/1607/1607 1606/1606/1606 1605/1605/1605
f 1606/1606/1606 1607/1607/1607 1608/1608/1608
f 1611/1611/1611 1610/1610/1610 1609/1609/1609
f 1610/1610/1610 1611/1611/1611 1612/1612/1612
f 1615/1615/1615 1614/1614/1614 1613/1613/1613
f 1614/1614/1614 1615/1615/1615 1616/1616/1616
f 1619/1619/1619 1618/1618/1618 1617/1617/1617
f 1618/1618/1618 1619/1619/1619 1620/1620/1620
f 1623/1623/1623 1622/1622/1622 1621/1621/1621
f 1622/1622/1622 1623/1623/1623 1624/1624/1624
f 1627/1627/1627 1626/1626/1626 1625/1625/1625
f 1626/1626/1626 1627/1627/1627 1628/1628/1628
f 1631/1631/1631 1630/1630/1630 1629/1629/1629
f 1630/1630/1630 1631/1631/1631 1632/1632/1632
f 1635/1635/1635 1634/1634/1634 1633/1633/1633
f 1634/1634/1634 1635/1635/1635 1636/1636/1636
f 1639/1639/1639 1638/1638/1638 1637/1637/1637
f 1638/1638/1638 1639/1639/1639 1640/1640/1640
f 1643/1643/1643 1642/1642/1642 1641/1641/1641
f 1642/1642/1642 1643/1643/1643 1644/1644/1644
f 1647/1647/1647 1646/1646/1646 1645/1645/1645
f 1646/1646/1646 1647/1647/1647 1648/1648/1648
f 1651/1651/1651 1650/1650/1650 1649/1649/1649
f 1650/1650/1650 1651/1651/1651 1652/1652/1652
f 1655/1655/1655 1654/1654/1654 1653/1653/1653
f 1654/1654/1654 1655/1655/1655 1656/1656/1656
f 1659/1659/1659 1658/1658/1658 1657/1657/1657
f 1658/1658/1658 1659/1659/1659 1660/1660/1660
f 1663/1663/1663 1662/1662/1662 1661/1661/1661
f 1662/1662/1662 1663/1663/1663 1664/1664/1664
f 1667/1667/1667 1666/1666/1666 1665/1665/1665
f 1666/1666/1666 1667/1667/1667 1668/1668/1668
f 1671/1671/1671 1670/1670/1670 1669/1669/1669
f 1670/1670/1670 1671/1671/1671 1672/1672/1672
f 1675/1675/1675 1674/1674/1674 1673/1673/1673
f 1674/1674/1674 1675/1675/1675 1676/1676/1676
f 1679/1679/1679 1678/1678/1678 1677/1677/1677
f 1678/1678/1678 1679/1679/1679 1680/1680/1680
f 1683/1683/1683 1682/1682/1682 1681/1681/1681
f 1682/1682/1682 1683/1683/1683 1684/1684/1684
f 1687/1687/1687 1686/1686/1686 1685/1685/1685
f 1686/1686/1686 1687/1687/1687 1688/1688/1688
f 1691/1691/1691 1690/1690/1690 1689/1689/1689
f 1690/1690/1690 1691/1691/1691 1692/1692/1692
f 1695/1695/1695 1694/1694/1694 1693/1693/1693
f 1694/1694/1694 1695/1695/1695 1696/1696/1696
f 1699/1699/1699 1698/1698/1698 1697/1697/1697
f 1698/1698/1698 1699/1699/1699 1700/1700/1700
f 1703/1703/1703 1702/1702/1702 1701/1701/1701
f 1702/1702/1702 1703/1703/1703 1704/1704/1704
f 1707/1707/1707 1706/1706/1706 1705/1705/1705
f 1706/1706/1706 1707/1707/1707 1708/1708/1708
f 1711/1711/1711 1710/1710/1710 1709/1709/1709
f 1710/1710/1710 1711/1711/1711 1712/1712/1712
f 1715/1715/1715 1714/1714/1714 1713/1713/1713
f 1714/1714/1714 1715/1715/1715 1716/1716/1716
f 1719/1719/1719 1718/1718/1718 1717/1717/1717
f 1718/1718/1718 1719/1719/1719 1720/1720/1720
f 1723/1723/1723 1722/1722/1722 1721/1721/1721
f 1722/1722/1722 1723/1723/1723 1724/1724/1724
f 1727/1727/1727 1726/1726/1726 1725/1725/1725
f 1726/1726/1726 1727/1727/1727 1728/1728/1728
f 1731/1731/1731 1730/1730/1730 1729/1729/1729
f 1730/1730/1730 1731/1731/1731 1732/1732/1732
f 1735/1735/1735 1734/1734/1734 1733/1733/1733
f 1734/1734/1734 1735/1735/1735 1736/1736/1736
f 1739/1739/1739 1738/1738/1738 1737/1737/1737
f 1738/1738/1738 1739/1739/1739 1740/1740/1740
f 1743/1743/1743 1742/1742/1742 1741/1741/1741
f 1742/1742/1742 1743/1743/1743 1744/1744/1744
f 1747/1747/1747 1746/1746/1746 1745/1745/1745
f 1746/1746/1746 1747/1747/1747 1748/1748/1748
f 1751/1751/1751 1750/1750/1750 1749/1749/1749
f 1750/1750/1750 1751/1751/1751 1752/1752/1752
f 1755/1755/1755 1754/1754/1754 1753/1753/1753
f 1754/1754/1754 1755/1755/1755 1756/1756/1756
f 1759/1759/1759 1758/1758/1758 1757/1757/1757
f 1758/1758/1758 1759/1759/1759 1760/1760/1760
f 1763/1763/1763 1762/1762/1762 1761/1761/1761
f 1762/1762/1762 1763/1763/1763 1764/1764/1764
f 1767/1767/1767 1766/1766/1766 1765/1765/1765
f 1766/1766/1766 1767/1767/1767 1768/1768/1768
f 1771/1771/1771 1770/1770/1770 1769/1769/1769
f 1770/1770/1770 1771/1771/1771 1772/1772/1772
f 1775/1775/1775 1774/1774/1774 1773/1773/1773
f 1774/1774/1774 1775/1775/1775 1776/1776/1776
f 1779/1779/1779 1778/1778/1778 1777/1777/1777
f 1778/1778/1778 1779/1779/1779 1780/1780/1780
f 1783/1783/1783 1782/1782/1782 1781/1781/1781
f 1782/1782/1782 1783/1783/1783 1784/1784/1784
f 1787/1787/1787 1786/1786/1786 1785/1785/1785
f 1786/1786/1786 1787/1787/1787 1788/1788/1788
f 1791/1791/1791 1790/1790/1790 1789/1789/1789
f 1790/1790/1790 1791/1791/1791 1792/1792/1792
f 1795/1795/1795 1794/1794/1794 1793/1793/1793
f 1794/1794/1794 1795/1795/1795 1796/1796/1796
f 1799/1799/1799 1798/1798/1798 1797/1797/1797
f 1798/1798/1798 1799/1799/1799 1800/1800/1800
f 1803/1803/1803 1802/1802/1802 1801/1801/1801
f 1802/1802/1802 1803/1803/1803 1804/1804/1804
f 1807/1807/1807 1806/1806/1806 1805/1805/1805
f 1806/1806/1806 1807/1807/1807 1808/1808/1808
f 1811/1811/1811 1810/1810/1810 1809/1809/1809
f 1810/1810/1810 1811/1811/1811 1812/1812/1812
f 1815/1815/1815 1814/1814/1814 1813/1813/1813
f 1814/1814/1814 1815/1815/1815 1816/1816/1816
f 1819/1819/1819 1818/1818/1818 1817/1817/1817
f 1818/1818/1818 1819/1819/1819 1820/1820/1820
f 1823/1823/1823 1822/1822/1822 1821/1821/1821
f 1822/1822/1822 1823/1823/1823 1824/1824/1824
f 1827/1827/1827 1826/1826/1826 1825/1825/1825
f 1826/1826/1826 1827/1827/1827 1828/1828/1828
f 1831/1831/1831 1830/1830/1830 1829/1829/1829
f 1830/1830/1830 1831/1831/1831 1832/1832/1832
f 1835/1835/1835 1834/1834/1834 1833/1833/1833
f 1834/1834/1834 1835/1835/1835 1836/1836/1836
f 1839/1839/1839 1838/1838/1838 1837/1837/1837
f 1838/1838/1838 1839/1839/1839 1840/1840/1840
f 1843/1843/1843 1842/1842/1842 1841/1841/1841
f 1842/1842/1842 1843/1843/1843 1844/1844/1844
f 1847/1847/1847 1846/1846/1846 1845/1845/1845
f 1846/1846/1846 1847/1847/1847 1848/1848/1848
f 1851/1851/1851 1850/1850/1850 1849/1849/1849
f 1850/1850/1850 1851/1851/1851 1852/1852/1852
f 1855/1855/1855 1854/1854/1854 1853/1853/1853
f 1854/1854/1854 1855/1855/1855 1856/1856/1856
f 1859/1859/1859 1858/1858/1858 1857/1857/1857
f 1858/1858/1858 1859/1859/1859 1860/1860/1860
f 1863/1863/1863 1862/1862/1862 1861/1861/1861
f 1862/1862/1862 1863/1863/1863 1864/1864/1864
o mesh_42
usemtl mat16
v 64 25.599999999999994 -51.2
v 64 -6.270191611634449e-15 -51.2
v 64 25.599999999999998 -25.600000000000005
v 64 -3.1350958058172244e-15 -25.6
v 64 51.199999999999996 -51.20000000000001
v 64 25.599999999999994 -51.2
v 64 51.2 -25.60000000000001
v 64 25.599999999999998 -25.600000000000005
v 89.60000000000001 -1.567547902908612e-14 -128
v 64 -1.567547902908612e-14 -128
v 89.60000000000001 25.599999999999987 -128
v 64 25.599999999999987 -128
v 89.60000000000001 25.599999999999987 -128
v 64 25.599999999999987 -128
v 89.60000000000001 51.19999999999999 -128
v 64 51.19999999999999 -128
v 0 -1.567547902908612e-14 -128
v 25.6 -1.567547902908612e-14 -128
v 0 25.599999999999987 -128
v 25.6 25.599999999999987 -128
v 0 25.599999999999987 -128
v 25.6 25.599999999999987 -128
v 0 51.19999999999999 -128
v 25.6 51.19999999999999 -128
v 64 -1.2540383223268897e-14 -102.4
v 64 25.599999999999987 -102.4
v 64 -1.567547902908612e-14 -128
v 64 25.599999999999987 -128
v 64 25.59999999999999 -76.80000000000001
v 64 51.199999999999996 -76.80000000000001
v 64 25.599999999999987 -102.4
v 64 51.19999999999999 -102.4
v 64 25.599999999999987 -102.4
v 64 51.19999999999999 -102.4
v 64 25.599999999999987 -128
v 64 51.19999999999999 -128
v 64 51.199999999999996 -76.80000000000001
v 64 25.59999999999999 -76.80000000000001
v 64 51.199999999999996 -51.20000000000001
v 64 25.599999999999994 -51.2
v 64 25.59999999999999 -76.80000000000001
v 64 -9.405287417451674e-15 -76.80000000000001
v 64 25.599999999999994 -51.2
v 64 -6.270191611634449e-15 -51.2
v 64 -9.405287417451674e-15 -76.80000000000001
v 64 25.59999999999999 -76.80000000000001
v 64 -1.2540383223268897e-14 -102.4
v 64 25.599999999999987 -102.4
v 25.6 51.19999999999998 -153.60000000000002
v 25.6 25.599999999999984 -153.60000000000002
v 25.6 51.19999999999998 -179.20000000000002
v 25.6 25.59999999999998 -179.20000000000002
v 25.6 25.59999999999998 -179.20000000000002
v 25.6 -2.194567064072057e-14 -179.20000000000002
v 25.6 25.599999999999977 -204.8
v 25.6 -2.5080766446537795e-14 -204.8
v 25.6 25.599999999999984 -153.60000000000002
v 25.6 51.19999999999998 -153.60000000000002
v 25.6 25.599999999999987 -128
v 25.6 51.19999999999999 -128
v 25.6 25.599999999999984 -153.60000000000002
v 25.6 -1.8810574834903348e-14 -153.60000000000002
v 25.6 25.59999999999998 -179.20000000000002
v 25.6 -2.194567064072057e-14 -179.20000000000002
v 25.6 -1.8810574834903348e-14 -153.60000000000002
v 25.6 25.599999999999984 -153.60000000000002
v 25.6 -1.567547902908612e-14 -128
v 25.6 25.599999999999987 -128
v 25.6 51.19999999999998 -179.20000000000002
v 25.6 25.59999999999998 -179.20000000000002
v 25.6 51.199999999999974 -204.8
v 25.6 25.599999999999977 -204.8
vt 0.2421875 0.5078125
vt 0.2421875 0.7421875
vt 0.015625 0.5078125
vt 0.015625 0.7421875
vt 0.2421875 0.5
vt 0.2421875 0.7265625
vt 0.015625 0.5
vt 0.015625 0.7265625
vt 0.015625 0.7421875
vt 0.2421875 0.7421875
vt 0.015625 0.5078125
vt 0.2421875 0.5078125
vt 0.015625 0.7265625
vt 0.2421875 0.7265625
vt 0.015625 0.5
vt 0.2421875 0.5
vt 0.015625 0.7421875
vt 0.2421875 0.7421875
vt 0.015625 0.5078125
vt 0.2421875 0.5078125
vt 0.015625 0.7265625
vt 0.2421875 0.7265625
vt 0.015625 0.5
vt 0.2421875 0.5
vt 0 0.7421875
vt 0 0.5078125
vt 0.2421875 0.7421875
vt 0.2421875 0.5078125
vt 0 0.7265625
vt 0 0.5
vt 0.2421875 0.7265625
vt 0.2421875 0.5
vt 0 0.7265625
vt 0 0.5
vt 0.2421875 0.7265625
vt 0.2421875 0.5
vt 0.2421875 0.5
vt 0.2421875 0.7265625
vt 0 0.5
vt 0 0.7265625
vt 0.2421875 0.5078125
vt 0.2421875 0.7421875
vt 0 0.5078125
vt 0 0.7421875
vt 0 0.7421875
vt 0 0.5078125
vt 0.2421875 0.7421875
vt 0.2421875 0.5078125
vt 0.2421875 0.5
vt 0.2421875 0.7265625
vt 0 0.5
vt 0 0.7265625
vt 0.2421875 0.5078125
vt 0.2421875 0.7421875
vt 0.015625 0.5078125
vt 0.015625 0.7421875
vt 0 0.7265625
vt 0 0.5
vt 0.2421875 0.7265625
vt 0.2421875 0.5
vt 0.2421875 0.5078125
vt 0.2421875 0.7421875
vt 0 0.5078125
vt 0 0.7421875
vt 0 0.7421875
vt 0 0.5078125
vt 0.2421875 0.7421875
vt 0.2421875 0.5078125
vt 0.2421875 0.5
vt 0.2421875 0.7265625
vt 0.015625 0.5
vt 0.015625 0.7265625
vn 1 0 0
vn 1 0 0
vn 1 0 0
vn 1 0 0
vn 1 0 0
vn 1 0 0
vn 1 0 0
vn 1 0 0
vn 0 1.2246467991473532e-16 1
vn 0 1.2246467991473532e-16 1
vn 0 1.2246467991473532e-16 1
vn 0 1.2246467991473532e-16 1
vn 0 1.2246467991473532e-16 1
vn 0 1.2246467991473532e-16 1
vn 0 1.2246467991473532e-16 1
vn 0 1.2246467991473532e-16 1
vn 0 -1.2246467991473532e-16 -1
vn 0 -1.2246467991473532e-16 -1
vn 0 -1.2246467991473532e-16 -1
vn 0 -1.2246467991473532e-16 -1
vn 0 -1.2246467991473532e-16 -1
vn 0 -1.2246467991473532e-16 -1
vn 0 -1.2246467991473532e-16 -1
vn 0 -1.2246467991473532e-16 -1
vn 1 0 0
vn 1 0 0
vn 1 0 0
vn 1 0 0
vn 1 0 0
vn 1 0 0
vn 1 0 0
vn 1 0 0
vn 1 0 0
vn 1 0 0
vn 1 0 0
vn 1 0 0
vn 1 0 0
vn 1 0 0
vn 1 0 0
vn 1 0 0
vn 1 0 0
vn 1 0 0
vn 1 0 0
vn 1 0 0
vn 1 0 0
vn 1 0 0
vn 1 0 0
vn 1 0 0
vn -1 0 0
vn -1 0 0
vn -1 0 0
vn -1 0 0
vn -1 0 0
vn -1 0 0
vn -1 0 0
vn -1 0 0
vn -1 0 0
vn -1 0 0
vn -1 0 0
vn -1 0 0
vn -1 0 0
vn -1 0 0
vn -1 0 0
vn -1 0 0
vn -1 0 0
vn -1 0 0
vn -1 0 0
vn -1 0 0
vn -1 0 0
vn -1 0 0
vn -1 0 0
vn -1 0 0
f 1867/1867/1867 1866/1866/1866 1865/1865/1865
f 1866/1866/1866 1867/1867/1867 1868/1868/1868
f 1871/1871/1871 1870/1870/1870 1869/1869/1869
f 1870/1870/1870 1871/1871/1871 1872/1872/1872
f 1875/1875/1875 1874/1874/1874 1873/1873/1873
f 1874/1874/1874 1875/1875/1875 1876/1876/1876
f 1879/1879/1879 1878/1878/1878 1877/1877/1877
f 1878/1878/1878 1879/1879/1879 1880/1880/1880
f 1883/1883/1883 1882/1882/1882 1881/1881/1881
f 1882/1882/1882 1883/1883/1883 1884/1884/1884
f 1887/1887/1887 1886/1886/1886 1885/1885/1885
f 1886/1886/1886 1887/1887/1887 1888/1888/1888
f 1891/1891/1891 1890/1890/1890 1889/1889/1889
f 1890/1890/1890 1891/1891/1891 1892/1892/1892
f 1895/1895/1895 1894/1894/1894 1893/1893/1893
f 1894/1894/1894 1895/1895/1895 1896/1896/1896
f 1899/1899/1899 1898/1898/1898 1897/1897/1897
f 1898/1898/1898 1899/1899/1899 1900/1900/1900
f 1903/1903/1903 1902/1902/1902 1901/1901/1901
f 1902/1902/1902 1903/1903/1903 1904/1904/1904
f 1907/1907/1907 1906/1906/1906 1905/1905/1905
f 1906/1906/1906 1907/1907/1907 1908/1908/1908
f 1911/1911/1911 1910/1910/1910 1909/1909/1909
f 1910/1910/1910 1911/1911/1911 1912/1912/1912
f 1915/1915/1915 1914/1914/1914 1913/1913/1913
f 1914/1914/1914 1915/1915/1915 1916/1916/1916
f 1919/1919/1919 1918/1918/1918 1917/1917/1917
f 1918/1918/1918 1919/1919/1919 1920/1920/1920
f 1923/1923/1923 1922/1922/1922 1921/1921/1921
f 1922/1922/1922 1923/1923/1923 1924/1924/1924
f 1927/1927/1927 1926/1926/1926 1925/1925/1925
f 1926/1926/1926 1927/1927/1927 1928/1928/1928
f 1931/1931/1931 1930/1930/1930 1929/1929/1929
f 1930/1930/1930 1931/1931/1931 1932/1932/1932
f 1935/1935/1935 1934/1934/1934 1933/1933/1933
f 1934/1934/1934 1935/1935/1935 1936/1936/1936
o mesh_43
usemtl mat17
v 75.2 23.99999999999999 -97.60000000000001
v 75.2 21.599999999999987 -102.4
v 75.2 21.59999999999999 -97.60000000000001
v 81.60000000000001 21.59999999999999 -97.60000000000001
v 81.60000000000001 21.599999999999987 -102.4
v 81.60000000000001 23.99999999999999 -97.60000000000001
v 75.2 21.599999999999987 -107.2
v 75.2 21.599999999999987 -102.4
v 75.2 23.999999999999986 -107.2
v 81.60000000000001 23.999999999999986 -107.2
v 81.60000000000001 21.599999999999987 -102.4
v 81.60000000000001 21.599999999999987 -107.2
v 75.2 23.999999999999993 -72
v 75.2 21.59999999999999 -76.80000000000001
v 75.2 21.599999999999994 -72
v 81.60000000000001 21.599999999999994 -72
v 81.60000000000001 21.59999999999999 -76.80000000000001
v 81.60000000000001 23.999999999999993 -72
v 75.2 21.59999999999999 -81.60000000000001
v 75.2 21.59999999999999 -76.80000000000001
v 75.2 23.99999999999999 -81.60000000000001
v 81.60000000000001 23.99999999999999 -81.60000000000001
v 81.60000000000001 21.59999999999999 -76.80000000000001
v 81.60000000000001 21.59999999999999 -81.60000000000001
v 75.2 23.999999999999993 -46.400000000000006
v 75.2 21.599999999999994 -51.2
v 75.2 21.599999999999994 -46.400000000000006
v 81.60000000000001 21.599999999999994 -46.400000000000006
v 81.60000000000001 21.599999999999994 -51.2
v 81.60000000000001 23.999999999999993 -46.400000000000006
v 81.60000000000001 23.999999999999993 -56
v 81.60000000000001 21.599999999999994 -51.2
v 81.60000000000001 21.599999999999994 -56
v 75.2 21.599999999999994 -56
v 75.2 21.599999999999994 -51.2
v 75.2 23.999999999999993 -56
v 71.2 23.19999999999999 -102.4
v 71.2 23.199999999999992 -94.4
v 71.2 21.599999999999987 -102.4
v 71.2 21.59999999999999 -94.4
v 71.2 21.599999999999987 -102.4
v 71.2 21.59999999999999 -94.4
v 75.2 21.599999999999987 -102.4
v 75.2 21.59999999999999 -97.60000000000001
v 81.60000000000001 21.599999999999987 -102.4
v 81.60000000000001 21.59999999999999 -97.60000000000001
v 85.60000000000001 21.599999999999987 -102.4
v 85.60000000000001 21.59999999999999 -94.4
v 75.2 21.59999999999999 -97.60000000000001
v 75.2 23.199999999999992 -94.4
v 75.2 23.99999999999999 -97.60000000000001
v 75.2 23.99999999999999 -94.4
v 81.60000000000001 23.99999999999999 -97.60000000000001
v 81.60000000000001 23.99999999999999 -94.4
v 81.60000000000001 21.59999999999999 -97.60000000000001
v 81.60000000000001 23.199999999999992 -94.4
v 85.60000000000001 23.199999999999992 -94.4
v 85.60000000000001 21.59999999999999 -94.4
v 81.60000000000001 23.99999999999999 -94.4
v 81.60000000000001 23.199999999999992 -94.4
v 71.2 23.19999999999999 -110.4
v 71.2 21.599999999999987 -110.4
v 75.2 23.999999999999986 -110.4
v 75.2 23.19999999999999 -110.4
v 71.2 21.59999999999999 -94.4
v 71.2 23.199999999999992 -94.4
v 75.2 23.199999999999992 -94.4
v 75.2 23.99999999999999 -94.4
v 71.2 23.199999999999992 -94.4
v 71.2 23.19999999999999 -102.4
v 75.2 23.99999999999999 -94.4
v 75.2 23.99999999999999 -97.60000000000001
v 71.2 21.599999999999987 -102.4
v 71.2 21.599999999999987 -110.4
v 71.2 23.19999999999999 -102.4
v 71.2 23.19999999999999 -110.4
v 75.2 21.599999999999987 -102.4
v 75.2 21.599999999999987 -107.2
v 71.2 21.599999999999987 -102.4
v 71.2 21.599999999999987 -110.4
v 75.2 21.599999999999987 -107.2
v 75.2 23.999999999999986 -107.2
v 75.2 23.19999999999999 -110.4
v 75.2 23.999999999999986 -110.4
v 71.2 23.19999999999999 -102.4
v 71.2 23.19999999999999 -110.4
v 75.2 23.999999999999986 -107.2
v 75.2 23.999999999999986 -110.4
v 81.60000000000001 23.19999999999999 -110.4
v 81.60000000000001 23.999999999999986 -110.4
v 81.60000000000001 21.599999999999987 -107.2
v 81.60000000000001 23.999999999999986 -107.2
v 85.60000000000001 21.599999999999987 -102.4
v 85.60000000000001 21.599999999999987 -110.4
v 81.60000000000001 21.599999999999987 -102.4
v 81.60000000000001 21.599999999999987 -107.2
v 81.60000000000001 23.999999999999986 -107.2
v 81.60000000000001 23.999999999999986 -110.4
v 85.60000000000001 23.19999999999999 -102.4
v 85.60000000000001 23.19999999999999 -110.4
v 85.60000000000001 21.599999999999987 -110.4
v 85.60000000000001 23.19999999999999 -110.4
v 81.60000000000001 23.19999999999999 -110.4
v 81.60000000000001 23.999999999999986 -110.4
v 85.60000000000001 23.19999999999999 -102.4
v 85.60000000000001 23.199999999999992 -94.4
v 81.60000000000001 23.99999999999999 -97.60000000000001
v 81.60000000000001 23.99999999999999 -94.4
v 71.2 23.199999999999996 -68.8
v 71.2 23.199999999999992 -76.80000000000001
v 75.2 23.999999999999993 -68.8
v 75.2 23.999999999999993 -72
v 71.2 21.59999999999999 -76.80000000000001
v 71.2 21.59999999999999 -84.80000000000001
v 71.2 23.199999999999992 -76.80000000000001
v 71.2 23.199999999999992 -84.80000000000001
v 75.2 21.59999999999999 -76.80000000000001
v 75.2 21.59999999999999 -81.60000000000001
v 71.2 21.59999999999999 -76.80000000000001
v 71.2 21.59999999999999 -84.80000000000001
v 75.2 21.59999999999999 -81.60000000000001
v 75.2 23.99999999999999 -81.60000000000001
v 75.2 23.199999999999992 -84.80000000000001
v 75.2 23.99999999999999 -84.80000000000001
v 71.2 23.199999999999992 -76.80000000000001
v 71.2 23.199999999999992 -84.80000000000001
v 75.2 23.99999999999999 -81.60000000000001
v 75.2 23.99999999999999 -84.80000000000001
v 81.60000000000001 23.199999999999992 -84.80000000000001
v 81.60000000000001 23.99999999999999 -84.80000000000001
v 81.60000000000001 21.59999999999999 -81.60000000000001
v 81.60000000000001 23.99999999999999 -81.60000000000001
v 85.60000000000001 21.59999999999999 -76.80000000000001
v 85.60000000000001 21.59999999999999 -84.80000000000001
v 81.60000000000001 21.59999999999999 -76.80000000000001
v 81.60000000000001 21.59999999999999 -81.60000000000001
v 81.60000000000001 23.99999999999999 -81.60000000000001
v 81.60000000000001 23.99999999999999 -84.80000000000001
v 85.60000000000001 23.199999999999992 -76.80000000000001
v 85.60000000000001 23.199999999999992 -84.80000000000001
v 85.60000000000001 21.59999999999999 -84.80000000000001
v 85.60000000000001 23.199999999999992 -84.80000000000001
v 81.60000000000001 23.199999999999992 -84.80000000000001
v 81.60000000000001 23.99999999999999 -84.80000000000001
v 85.60000000000001 23.199999999999992 -76.80000000000001
v 85.60000000000001 23.199999999999996 -68.8
v 81.60000000000001 23.999999999999993 -72
v 81.60000000000001 23.999999999999993 -68.8
v 71.2 21.599999999999994 -68.8
v 71.2 23.199999999999996 -68.8
v 75.2 23.199999999999996 -68.8
v 75.2 23.999999999999993 -68.8
v 71.2 23.199999999999992 -84.80000000000001
v 71.2 21.59999999999999 -84.80000000000001
v 75.2 23.99999999999999 -84.80000000000001
v 75.2 23.199999999999992 -84.80000000000001
v 85.60000000000001 23.199999999999996 -68.8
v 85.60000000000001 21.599999999999994 -68.8
v 81.60000000000001 23.999999999999993 -68.8
v 81.60000000000001 23.199999999999996 -68.8
v 81.60000000000001 23.999999999999993 -72
v 81.60000000000001 23.999999999999993 -68.8
v 81.60000000000001 21.599999999999994 -72
v 81.60000000000001 23.199999999999996 -68.8
v 75.2 21.599999999999994 -72
v 75.2 23.199999999999996 -68.8
v 75.2 23.999999999999993 -72
v 75.2 23.999999999999993 -68.8
v 81.60000000000001 21.59999999999999 -76.80000000000001
v 81.60000000000001 21.599999999999994 -72
v 85.60000000000001 21.59999999999999 -76.80000000000001
v 85.60000000000001 21.599999999999994 -68.8
v 71.2 21.59999999999999 -76.80000000000001
v 71.2 21.599999999999994 -68.8
v 75.2 21.59999999999999 -76.80000000000001
v 75.2 21.599999999999994 -72
v 71.2 23.199999999999992 -76.80000000000001
v 71.2 23.199999999999996 -68.8
v 71.2 21.59999999999999 -76.80000000000001
v 71.2 21.599999999999994 -68.8
v 71.2 23.2 -43.2
v 71.2 23.199999999999996 -51.2
v 75.2 23.999999999999996 -43.2
v 75.2 23.999999999999993 -46.400000000000006
v 71.2 21.599999999999994 -51.2
v 71.2 21.599999999999994 -59.2
v 71.2 23.199999999999996 -51.2
v 71.2 23.199999999999996 -59.2
v 75.2 21.599999999999994 -51.2
v 75.2 21.599999999999994 -56
v 71.2 21.599999999999994 -51.2
v 71.2 21.599999999999994 -59.2
v 75.2 21.599999999999994 -56
v 75.2 23.999999999999993 -56
v 75.2 23.199999999999996 -59.2
v 75.2 23.999999999999993 -59.2
v 71.2 23.199999999999996 -51.2
v 71.2 23.199999999999996 -59.2
v 75.2 23.999999999999993 -56
v 75.2 23.999999999999993 -59.2
v 81.60000000000001 23.199999999999996 -59.2
v 81.60000000000001 23.999999999999993 -59.2
v 81.60000000000001 21.599999999999994 -56
v 81.60000000000001 23.999999999999993 -56
v 85.60000000000001 21.599999999999994 -51.2
v 85.60000000000001 21.599999999999994 -59.2
v 81.60000000000001 21.599999999999994 -51.2
v 81.60000000000001 21.599999999999994 -56
v 81.60000000000001 23.999999999999993 -56
v 81.60000000000001 23.999999999999993 -59.2
v 85.60000000000001 23.199999999999996 -51.2
v 85.60000000000001 23.199999999999996 -59.2
v 85.60000000000001 21.599999999999994 -59.2
v 85.60000000000001 23.199999999999996 -59.2
v 81.60000000000001 23.199999999999996 -59.2
v 81.60000000000001 23.999999999999993 -59.2
v 85.60000000000001 23.199999999999996 -51.2
v 85.60000000000001 23.2 -43.2
v 81.60000000000001 23.999999999999993 -46.400000000000006
v 81.60000000000001 23.999999999999996 -43.2
v 71.2 21.599999999999998 -43.2
v 71.2 23.2 -43.2
v 75.2 23.2 -43.2
v 75.2 23.999999999999996 -43.2
v 71.2 23.199999999999996 -51.2
v 71.2 23.2 -43.2
v 71.2 21.599999999999994 -51.2
v 71.2 21.599999999999998 -43.2
v 71.2 21.599999999999994 -51.2
v 71.2 21.599999999999998 -43.2
v 75.2 21.599999999999994 -51.2
v 75.2 21.599999999999994 -46.400000000000006
v 81.60000000000001 21.599999999999994 -51.2
v 81.60000000000001 21.599999999999994 -46.400000000000006
v 85.60000000000001 21.599999999999994 -51.2
v 85.60000000000001 21.599999999999998 -43.2
v 75.2 21.599999999999994 -46.400000000000006
v 75.2 23.2 -43.2
v 75.2 23.999999999999993 -46.400000000000006
v 75.2 23.999999999999996 -43.2
v 81.60000000000001 23.999999999999993 -46.400000000000006
v 81.60000000000001 23.999999999999996 -43.2
v 81.60000000000001 21.599999999999994 -46.400000000000006
v 81.60000000000001 23.2 -43.2
v 85.60000000000001 23.2 -43.2
v 85.60000000000001 21.599999999999998 -43.2
v 81.60000000000001 23.999999999999996 -43.2
v 81.60000000000001 23.2 -43.2
v 71.2 23.199999999999996 -59.2
v 71.2 21.599999999999994 -59.2
v 75.2 23.999999999999993 -59.2
v 75.2 23.199999999999996 -59.2
vt 0.4375 0.5859375
vt 0.453125 0.609375
vt 0.453125 0.5859375
vt 0.4921875 0.5859375
vt 0.4921875 0.609375
vt 0.46875 0.5859375
vt 0.453125 0.65625
vt 0.453125 0.609375
vt 0.4375 0.65625
vt 0.46875 0.65625
vt 0.4921875 0.609375
vt 0.4921875 0.65625
vt 0.4375 0.703125
vt 0.453125 0.7421875
vt 0.453125 0.703125
vt 0.4921875 0.765625
vt 0.4921875 0.8046875
vt 0.46875 0.765625
vt 0.453125 0.78125
vt 0.453125 0.7421875
vt 0.4375 0.78125
vt 0.46875 0.84375
vt 0.4921875 0.8046875
vt 0.4921875 0.84375
vt 0.4375 0.640625
vt 0.453125 0.6796875
vt 0.453125 0.640625
vt 0.4921875 0.5859375
vt 0.4921875 0.609375
vt 0.46875 0.5859375
vt 0.46875 0.65625
vt 0.4921875 0.609375
vt 0.4921875 0.65625
vt 0.453125 0.71875
vt 0.453125 0.6796875
vt 0.4375 0.71875
vt 0.4765625 0.609375
vt 0.4765625 0.5546875
vt 0.4921875 0.609375
vt 0.4921875 0.5546875
vt 0.4921875 0.609375
vt 0.4921875 0.5546875
vt 0.453125 0.609375
vt 0.453125 0.5859375
vt 0.4921875 0.609375
vt 0.4921875 0.5859375
vt 0.4453125 0.609375
vt 0.4453125 0.5546875
vt 0.453125 0.5859375
vt 0.4375 0.5546875
vt 0.4375 0.5859375
vt 0.4375 0.5546875
vt 0.46875 0.5859375
vt 0.46875 0.5546875
vt 0.4921875 0.5859375
vt 0.4765625 0.5546875
vt 0.4375 0.5546875
vt 0.4453125 0.5546875
vt 0.46875 0.5546875
vt 0.4765625 0.5546875
vt 0.4765625 0.6796875
vt 0.4921875 0.6796875
vt 0.4375 0.6796875
vt 0.4375 0.6796875
vt 0.4921875 0.5546875
vt 0.4765625 0.5546875
vt 0.4375 0.5546875
vt 0.4375 0.5546875
vt 0.4765625 0.5546875
vt 0.4765625 0.609375
vt 0.4375 0.5546875
vt 0.4375 0.5859375
vt 0.4921875 0.609375
vt 0.4921875 0.6796875
vt 0.4765625 0.609375
vt 0.4765625 0.6796875
vt 0.453125 0.609375
vt 0.453125 0.65625
vt 0.4921875 0.609375
vt 0.4921875 0.6796875
vt 0.453125 0.65625
vt 0.4375 0.65625
vt 0.4375 0.6796875
vt 0.4375 0.6796875
vt 0.4765625 0.609375
vt 0.4765625 0.6796875
vt 0.4375 0.65625
vt 0.4375 0.6796875
vt 0.4765625 0.6796875
vt 0.46875 0.6796875
vt 0.4921875 0.65625
vt 0.46875 0.65625
vt 0.4453125 0.609375
vt 0.4453125 0.6796875
vt 0.4921875 0.609375
vt 0.4921875 0.65625
vt 0.46875 0.65625
vt 0.46875 0.6796875
vt 0.4375 0.609375
vt 0.4375 0.6796875
vt 0.4453125 0.6796875
vt 0.4375 0.6796875
vt 0.4765625 0.6796875
vt 0.46875 0.6796875
vt 0.4375 0.609375
vt 0.4375 0.5546875
vt 0.46875 0.5859375
vt 0.46875 0.5546875
vt 0.4765625 0.6875
vt 0.4765625 0.7421875
vt 0.4375 0.6875
vt 0.4375 0.703125
vt 0.4921875 0.7421875
vt 0.4921875 0.8046875
vt 0.4765625 0.7421875
vt 0.4765625 0.8046875
vt 0.453125 0.7421875
vt 0.453125 0.78125
vt 0.4921875 0.7421875
vt 0.4921875 0.8046875
vt 0.453125 0.78125
vt 0.4375 0.78125
vt 0.4375 0.8046875
vt 0.4375 0.8046875
vt 0.4765625 0.7421875
vt 0.4765625 0.8046875
vt 0.4375 0.78125
vt 0.4375 0.8046875
vt 0.4765625 0.8671875
vt 0.46875 0.8671875
vt 0.4921875 0.84375
vt 0.46875 0.84375
vt 0.4453125 0.8046875
vt 0.4453125 0.8671875
vt 0.4921875 0.8046875
vt 0.4921875 0.84375
vt 0.46875 0.84375
vt 0.46875 0.8671875
vt 0.4375 0.8046875
vt 0.4375 0.8671875
vt 0.4453125 0.8671875
vt 0.4375 0.8671875
vt 0.4765625 0.8671875
vt 0.46875 0.8671875
vt 0.4375 0.8046875
vt 0.4375 0.75
vt 0.46875 0.765625
vt 0.46875 0.75
vt 0.4921875 0.6875
vt 0.4765625 0.6875
vt 0.4375 0.6875
vt 0.4375 0.6875
vt 0.4765625 0.8046875
vt 0.4921875 0.8046875
vt 0.4375 0.8046875
vt 0.4375 0.8046875
vt 0.4375 0.75
vt 0.4453125 0.75
vt 0.46875 0.75
vt 0.4765625 0.75
vt 0.46875 0.765625
vt 0.46875 0.75
vt 0.4921875 0.765625
vt 0.4765625 0.75
vt 0.453125 0.703125
vt 0.4375 0.6875
vt 0.4375 0.703125
vt 0.4375 0.6875
vt 0.4921875 0.8046875
vt 0.4921875 0.765625
vt 0.4453125 0.8046875
vt 0.4453125 0.75
vt 0.4921875 0.7421875
vt 0.4921875 0.6875
vt 0.453125 0.7421875
vt 0.453125 0.703125
vt 0.4765625 0.7421875
vt 0.4765625 0.6875
vt 0.4921875 0.7421875
vt 0.4921875 0.6875
vt 0.4765625 0.625
vt 0.4765625 0.6796875
vt 0.4375 0.625
vt 0.4375 0.640625
vt 0.4921875 0.6796875
vt 0.4921875 0.7421875
vt 0.4765625 0.6796875
vt 0.4765625 0.7421875
vt 0.453125 0.6796875
vt 0.453125 0.71875
vt 0.4921875 0.6796875
vt 0.4921875 0.7421875
vt 0.453125 0.71875
vt 0.4375 0.71875
vt 0.4375 0.7421875
vt 0.4375 0.7421875
vt 0.4765625 0.6796875
vt 0.4765625 0.7421875
vt 0.4375 0.71875
vt 0.4375 0.7421875
vt 0.4765625 0.6796875
vt 0.46875 0.6796875
vt 0.4921875 0.65625
vt 0.46875 0.65625
vt 0.4453125 0.609375
vt 0.4453125 0.6796875
vt 0.4921875 0.609375
vt 0.4921875 0.65625
vt 0.46875 0.65625
vt 0.46875 0.6796875
vt 0.4375 0.609375
vt 0.4375 0.6796875
vt 0.4453125 0.6796875
vt 0.4375 0.6796875
vt 0.4765625 0.6796875
vt 0.46875 0.6796875
vt 0.4375 0.609375
vt 0.4375 0.5546875
vt 0.46875 0.5859375
vt 0.46875 0.5546875
vt 0.4921875 0.625
vt 0.4765625 0.625
vt 0.4375 0.625
vt 0.4375 0.625
vt 0.4765625 0.6796875
vt 0.4765625 0.625
vt 0.4921875 0.6796875
vt 0.4921875 0.625
vt 0.4921875 0.6796875
vt 0.4921875 0.625
vt 0.453125 0.6796875
vt 0.453125 0.640625
vt 0.4921875 0.609375
vt 0.4921875 0.5859375
vt 0.4453125 0.609375
vt 0.4453125 0.5546875
vt 0.453125 0.640625
vt 0.4375 0.625
vt 0.4375 0.640625
vt 0.4375 0.625
vt 0.46875 0.5859375
vt 0.46875 0.5546875
vt 0.4921875 0.5859375
vt 0.4765625 0.5546875
vt 0.4375 0.5546875
vt 0.4453125 0.5546875
vt 0.46875 0.5546875
vt 0.4765625 0.5546875
vt 0.4765625 0.7421875
vt 0.4921875 0.7421875
vt 0.4375 0.7421875
vt 0.4375 0.7421875
vn 1 0 0
vn 1 0 0
vn 1 0 0
vn -1 0 0
vn -1 0 0
vn -1 0 0
vn 1 0 0
vn 1 0 0
vn 1 0 0
vn -1 0 0
vn -1 0 0
vn -1 0 0
vn 1 0 0
vn 1 0 0
vn 1 0 0
vn -1 0 0
vn -1 0 0
vn -1 0 0
vn 1 0 0
vn 1 0 0
vn 1 0 0
vn -1 0 0
vn -1 0 0
vn -1 0 0
vn 1 0 0
vn 1 0 0
vn 1 0 0
vn -1 0 0
vn -1 0 0
vn -1 0 0
vn -1 0 0
vn -1 0 0
vn -1 0 0
vn 1 0 0
vn 1 0 0
vn 1 0 0
vn -1 0 0
vn -1 0 0
vn -1 0 0
vn -1 0 0
vn 0 -1 1.2246467991473532e-16
vn 0 -1 1.2246467991473532e-16
vn 0 -1 1.2246467991473532e-16
vn 0 -1 1.2246467991473532e-16
vn 0 -1 1.2246467991473532e-16
vn 0 -1 1.2246467991473532e-16
vn 0 -1 1.2246467991473532e-16
vn 0 -1 1.2246467991473532e-16
vn 1 0 0
vn 1 0 0
vn 1 0 0
vn 1 0 0
vn -1 0 0
vn -1 0 0
vn -1 0 0
vn -1 0 0
vn 0 1.2246467991473532e-16 1
vn 0 1.2246467991473532e-16 1
vn 0 1.2246467991473532e-16 1
vn 0 1.2246467991473532e-16 1
vn 0 -1.2246467991473532e-16 -1
vn 0 -1.2246467991473532e-16 -1
vn 0 -1.2246467991473532e-16 -1
vn 0 -1.2246467991473532e-16 -1
vn 0 1.2246467991473532e-16 1
vn 0 1.2246467991473532e-16 1
vn 0 1.2246467991473532e-16 1
vn 0 1.2246467991473532e-16 1
vn -0.19611613227257615 0.9805806762640419 -1.2008649864925056e-16
vn -0.19611613227257615 0.9805806762640419 -1.2008649864925056e-16
vn -0.19611613227257615 0.9805806762640419 -1.2008649864925056e-16
vn -0.19611613227257615 0.9805806762640419 -1.2008649864925056e-16
vn -1 0 0
vn -1 0 0
vn -1 0 0
vn -1 0 0
vn 0 -1 1.2246467991473532e-16
vn 0 -1 1.2246467991473532e-16
vn 0 -1 1.2246467991473532e-16
vn 0 -1 1.2246467991473532e-16
vn 1 0 0
vn 1 0 0
vn 1 0 0
vn 1 0 0
vn -0.19611613227257615 0.9805806762640419 -1.2008649864925056e-16
vn -0.19611613227257615 0.9805806762640419 -1.2008649864925056e-16
vn -0.19611613227257615 0.9805806762640419 -1.2008649864925056e-16
vn -0.19611613227257615 0.9805806762640419 -1.2008649864925056e-16
vn -1 0 0
vn -1 0 0
vn -1 0 0
vn -1 0 0
vn 0 -1 1.2246467991473532e-16
vn 0 -1 1.2246467991473532e-16
vn 0 -1 1.2246467991473532e-16
vn 0 -1 1.2246467991473532e-16
vn 0.19611613227257615 0.9805806762640419 -1.2008649864925056e-16
vn 0.19611613227257615 0.9805806762640419 -1.2008649864925056e-16
vn 0.19611613227257615 0.9805806762640419 -1.2008649864925056e-16
vn 0.19611613227257615 0.9805806762640419 -1.2008649864925056e-16
vn 0 -1.2246467991473532e-16 -1
vn 0 -1.2246467991473532e-16 -1
vn 0 -1.2246467991473532e-16 -1
vn 0 -1.2246467991473532e-16 -1
vn 0.19611613227257615 0.9805806762640419 -1.2008649864925056e-16
vn 0.19611613227257615 0.9805806762640419 -1.2008649864925056e-16
vn 0.19611613227257615 0.9805806762640419 -1.2008649864925056e-16
vn 0.19611613227257615 0.9805806762640419 -1.2008649864925056e-16
vn -0.19611613227257615 0.9805806762640419 -1.2008649864925056e-16
vn -0.19611613227257615 0.9805806762640419 -1.2008649864925056e-16
vn -0.19611613227257615 0.9805806762640419 -1.2008649864925056e-16
vn -0.19611613227257615 0.9805806762640419 -1.2008649864925056e-16
vn -1 0 0
vn -1 0 0
vn -1 0 0
vn -1 0 0
vn 0 -1 1.2246467991473532e-16
vn 0 -1 1.2246467991473532e-16
vn 0 -1 1.2246467991473532e-16
vn 0 -1 1.2246467991473532e-16
vn 1 0 0
vn 1 0 0
vn 1 0 0
vn 1 0 0
vn -0.19611613227257615 0.9805806762640419 -1.2008649864925056e-16
vn -0.19611613227257615 0.9805806762640419 -1.2008649864925056e-16
vn -0.19611613227257615 0.9805806762640419 -1.2008649864925056e-16
vn -0.19611613227257615 0.9805806762640419 -1.2008649864925056e-16
vn -1 0 0
vn -1 0 0
vn -1 0 0
vn -1 0 0
vn 0 -1 1.2246467991473532e-16
vn 0 -1 1.2246467991473532e-16
vn 0 -1 1.2246467991473532e-16
vn 0 -1 1.2246467991473532e-16
vn 0.19611613227257615 0.9805806762640419 -1.2008649864925056e-16
vn 0.19611613227257615 0.9805806762640419 -1.2008649864925056e-16
vn 0.19611613227257615 0.9805806762640419 -1.2008649864925056e-16
vn 0.19611613227257615 0.9805806762640419 -1.2008649864925056e-16
vn 0 -1.2246467991473532e-16 -1
vn 0 -1.2246467991473532e-16 -1
vn 0 -1.2246467991473532e-16 -1
vn 0 -1.2246467991473532e-16 -1
vn 0.19611613227257615 0.9805806762640419 -1.2008649864925056e-16
vn 0.19611613227257615 0.9805806762640419 -1.2008649864925056e-16
vn 0.19611613227257615 0.9805806762640419 -1.2008649864925056e-16
vn 0.19611613227257615 0.9805806762640419 -1.2008649864925056e-16
vn 0 1.2246467991473532e-16 1
vn 0 1.2246467991473532e-16 1
vn 0 1.2246467991473532e-16 1
vn 0 1.2246467991473532e-16 1
vn 0 -1.2246467991473532e-16 -1
vn 0 -1.2246467991473532e-16 -1
vn 0 -1.2246467991473532e-16 -1
vn 0 -1.2246467991473532e-16 -1
vn 0 1.2246467991473532e-16 1
vn 0 1.2246467991473532e-16 1
vn 0 1.2246467991473532e-16 1
vn 0 1.2246467991473532e-16 1
vn -1 0 0
vn -1 0 0
vn -1 0 0
vn -1 0 0
vn 1 0 0
vn 1 0 0
vn 1 0 0
vn 1 0 0
vn 0 -1 1.2246467991473532e-16
vn 0 -1 1.2246467991473532e-16
vn 0 -1 1.2246467991473532e-16
vn 0 -1 1.2246467991473532e-16
vn 0 -1 1.2246467991473532e-16
vn 0 -1 1.2246467991473532e-16
vn 0 -1 1.2246467991473532e-16
vn 0 -1 1.2246467991473532e-16
vn -1 0 0
vn -1 0 0
vn -1 0 0
vn -1 0 0
vn -0.19611613227257615 0.9805806762640419 -1.2008649864925056e-16
vn -0.19611613227257615 0.9805806762640419 -1.2008649864925056e-16
vn -0.19611613227257615 0.9805806762640419 -1.2008649864925056e-16
vn -0.19611613227257615 0.9805806762640419 -1.2008649864925056e-16
vn -1 0 0
vn -1 0 0
vn -1 0 0
vn -1 0 0
vn 0 -1 1.2246467991473532e-16
vn 0 -1 1.2246467991473532e-16
vn 0 -1 1.2246467991473532e-16
vn 0 -1 1.2246467991473532e-16
vn 1 0 0
vn 1 0 0
vn 1 0 0
vn 1 0 0
vn -0.19611613227257615 0.9805806762640419 -1.2008649864925056e-16
vn -0.19611613227257615 0.9805806762640419 -1.2008649864925056e-16
vn -0.19611613227257615 0.9805806762640419 -1.2008649864925056e-16
vn -0.19611613227257615 0.9805806762640419 -1.2008649864925056e-16
vn -1 0 0
vn -1 0 0
vn -1 0 0
vn -1 0 0
vn 0 -1 1.2246467991473532e-16
vn 0 -1 1.2246467991473532e-16
vn 0 -1 1.2246467991473532e-16
vn 0 -1 1.2246467991473532e-16
vn 0.19611613227257615 0.9805806762640419 -1.2008649864925056e-16
vn 0.19611613227257615 0.9805806762640419 -1.2008649864925056e-16
vn 0.19611613227257615 0.9805806762640419 -1.2008649864925056e-16
vn 0.19611613227257615 0.9805806762640419 -1.2008649864925056e-16
vn 0 -1.2246467991473532e-16 -1
vn 0 -1.2246467991473532e-16 -1
vn 0 -1.2246467991473532e-16 -1
vn 0 -1.2246467991473532e-16 -1
vn 0.19611613227257615 0.9805806762640419 -1.2008649864925056e-16
vn 0.19611613227257615 0.9805806762640419 -1.2008649864925056e-16
vn 0.19611613227257615 0.9805806762640419 -1.2008649864925056e-16
vn 0.19611613227257615 0.9805806762640419 -1.2008649864925056e-16
vn 0 1.2246467991473532e-16 1
vn 0 1.2246467991473532e-16 1
vn 0 1.2246467991473532e-16 1
vn 0 1.2246467991473532e-16 1
vn -1 0 0
vn -1 0 0
vn -1 0 0
vn -1 0 0
vn 0 -1 1.2246467991473532e-16
vn 0 -1 1.2246467991473532e-16
vn 0 -1 1.2246467991473532e-16
vn 0 -1 1.2246467991473532e-16
vn 0 -1 1.2246467991473532e-16
vn 0 -1 1.2246467991473532e-16
vn 0 -1 1.2246467991473532e-16
vn 0 -1 1.2246467991473532e-16
vn 1 0 0
vn 1 0 0
vn 1 0 0
vn 1 0 0
vn -1 0 0
vn -1 0 0
vn -1 0 0
vn -1 0 0
vn 0 1.2246467991473532e-16 1
vn 0 1.2246467991473532e-16 1
vn 0 1.2246467991473532e-16 1
vn 0 1.2246467991473532e-16 1
vn 0 -1.2246467991473532e-16 -1
vn 0 -1.2246467991473532e-16 -1
vn 0 -1.2246467991473532e-16 -1
vn 0 -1.2246467991473532e-16 -1
f 1939/1939/1939 1938/1938/1938 1937/1937/1937
f 1942/1942/1942 1941/1941/1941 1940/1940/1940
f 1945/1945/1945 1944/1944/1944 1943/1943/1943
f 1948/1948/1948 1947/1947/1947 1946/1946/1946
f 1951/1951/1951 1950/1950/1950 1949/1949/1949
f 1954/1954/1954 1953/1953/1953 1952/1952/1952
f 1957/1957/1957 1956/1956/1956 1955/1955/1955
f 1960/1960/1960 1959/1959/1959 1958/1958/1958
f 1963/1963/1963 1962/1962/1962 1961/1961/1961
f 1966/1966/1966 1965/1965/1965 1964/1964/1964
f 1969/1969/1969 1968/1968/1968 1967/1967/1967
f 1972/1972/1972 1971/1971/1971 1970/1970/1970
f 1975/1975/1975 1974/1974/1974 1973/1973/1973
f 1974/1974/1974 1975/1975/1975 1976/1976/1976
f 1979/1979/1979 1978/1978/1978 1977/1977/1977
f 1978/1978/1978 1979/1979/1979 1980/1980/1980
f 1983/1983/1983 1982/1982/1982 1981/1981/1981
f 1982/1982/1982 1983/1983/1983 1984/1984/1984
f 1987/1987/1987 1986/1986/1986 1985/1985/1985
f 1986/1986/1986 1987/1987/1987 1988/1988/1988
f 1991/1991/1991 1990/1990/1990 1989/1989/1989
f 1990/1990/1990 1991/1991/1991 1992/1992/1992
f 1995/1995/1995 1994/1994/1994 1993/1993/1993
f 1994/1994/1994 1995/1995/1995 1996/1996/1996
f 1999/1999/1999 1998/1998/1998 1997/1997/1997
f 1998/1998/1998 1999/1999/1999 2000/2000/2000
f 2003/2003/2003 2002/2002/2002 2001/2001/2001
f 2002/2002/2002 2003/2003/2003 2004/2004/2004
f 2007/2007/2007 2006/2006/2006 2005/2005/2005
f 2006/2006/2006 2007/2007/2007 2008/2008/2008
f 2011/2011/2011 2010/2010/2010 2009/2009/2009
f 2010/2010/2010 2011/2011/2011 2012/2012/2012
f 2015/2015/2015 2014/2014/2014 2013/2013/2013
f 2014/2014/2014 2015/2015/2015 2016/2016/2016
f 2019/2019/2019 2018/2018/2018 2017/2017/2017
f 2018/2018/2018 2019/2019/2019 2020/2020/2020
f 2023/2023/2023 2022/2022/2022 2021/2021/2021
f 2022/2022/2022 2023/2023/2023 2024/2024/2024
f 2027/2027/2027 2026/2026/2026 2025/2025/2025
f 2026/2026/2026 2027/2027/2027 2028/2028/2028
f 2031/2031/2031 2030/2030/2030 2029/2029/2029
f 2030/2030/2030 2031/2031/2031 2032/2032/2032
f 2035/2035/2035 2034/2034/2034 2033/2033/2033
f 2034/2034/2034 2035/2035/2035 2036/2036/2036
f 2039/2039/2039 2038/2038/2038 2037/2037/2037
f 2038/2038/2038 2039/2039/2039 2040/2040/2040
f 2043/2043/2043 2042/2042/2042 2041/2041/2041
f 2042/2042/2042 2043/2043/2043 2044/2044/2044
f 2047/2047/2047 2046/2046/2046 2045/2045/2045
f 2046/2046/2046 2047/2047/2047 2048/2048/2048
f 2051/2051/2051 2050/2050/2050 2049/2049/2049
f 2050/2050/2050 2051/2051/2051 2052/2052/2052
f 2055/2055/2055 2054/2054/2054 2053/2053/2053
f 2054/2054/2054 2055/2055/2055 2056/2056/2056
f 2059/2059/2059 2058/2058/2058 2057/2057/2057
f 2058/2058/2058 2059/2059/2059 2060/2060/2060
f 2063/2063/2063 2062/2062/2062 2061/2061/2061
f 2062/2062/2062 2063/2063/2063 2064/2064/2064
f 2067/2067/2067 2066/2066/2066 2065/2065/2065
f 2066/2066/2066 2067/2067/2067 2068/2068/2068
f 2071/2071/2071 2070/2070/2070 2069/2069/2069
f 2070/2070/2070 2071/2071/2071 2072/2072/2072
f 2075/2075/2075 2074/2074/2074 2073/2073/2073
f 2074/2074/2074 2075/2075/2075 2076/2076/2076
f 2079/2079/2079 2078/2078/2078 2077/2077/2077
f 2078/2078/2078 2079/2079/2079 2080/2080/2080
f 2083/2083/2083 2082/2082/2082 2081/2081/2081
f 2082/2082/2082 2083/2083/2083 2084/2084/2084
f 2087/2087/2087 2086/2086/2086 2085/2085/2085
f 2086/2086/2086 2087/2087/2087 2088/2088/2088
f 2091/2091/2091 2090/2090/2090 2089/2089/2089
f 2090/2090/2090 2091/2091/2091 2092/2092/2092
f 2095/2095/2095 2094/2094/2094 2093/2093/2093
f 2094/2094/2094 2095/2095/2095 2096/2096/2096
f 2099/2099/2099 2098/2098/2098 2097/2097/2097
f 2098/2098/2098 2099/2099/2099 2100/2100/2100
f 2103/2103/2103 2102/2102/2102 2101/2101/2101
f 2102/2102/2102 2103/2103/2103 2104/2104/2104
f 2107/2107/2107 2106/2106/2106 2105/2105/2105
f 2106/2106/2106 2107/2107/2107 2108/2108/2108
f 2111/2111/2111 2110/2110/2110 2109/2109/2109
f 2110/2110/2110 2111/2111/2111 2112/2112/2112
f 2115/2115/2115 2114/2114/2114 2113/2113/2113
f 2114/2114/2114 2115/2115/2115 2116/2116/2116
f 2119/2119/2119 2118/2118/2118 2117/2117/2117
f 2118/2118/2118 2119/2119/2119 2120/2120/2120
f 2123/2123/2123 2122/2122/2122 2121/2121/2121
f 2122/2122/2122 2123/2123/2123 2124/2124/2124
f 2127/2127/2127 2126/2126/2126 2125/2125/2125
f 2126/2126/2126 2127/2127/2127 2128/2128/2128
f 2131/2131/2131 2130/2130/2130 2129/2129/2129
f 2130/2130/2130 2131/2131/2131 2132/2132/2132
f 2135/2135/2135 2134/2134/2134 2133/2133/2133
f 2134/2134/2134 2135/2135/2135 2136/2136/2136
f 2139/2139/2139 2138/2138/2138 2137/2137/2137
f 2138/2138/2138 2139/2139/2139 2140/2140/2140
f 2143/2143/2143 2142/2142/2142 2141/2141/2141
f 2142/2142/2142 2143/2143/2143 2144/2144/2144
f 2147/2147/2147 2146/2146/2146 2145/2145/2145
f 2146/2146/2146 2147/2147/2147 2148/2148/2148
f 2151/2151/2151 2150/2150/2150 2149/2149/2149
f 2150/2150/2150 2151/2151/2151 2152/2152/2152
f 2155/2155/2155 2154/2154/2154 2153/2153/2153
f 2154/2154/2154 2155/2155/2155 2156/2156/2156
f 2159/2159/2159 2158/2158/2158 2157/2157/2157
f 2158/2158/2158 2159/2159/2159 2160/2160/2160
f 2163/2163/2163 2162/2162/2162 2161/2161/2161
f 2162/2162/2162 2163/2163/2163 2164/2164/2164
f 2167/2167/2167 2166/2166/2166 2165/2165/2165
f 2166/2166/2166 2167/2167/2167 2168/2168/2168
f 2171/2171/2171 2170/2170/2170 2169/2169/2169
f 2170/2170/2170 2171/2171/2171 2172/2172/2172
f 2175/2175/2175 2174/2174/2174 2173/2173/2173
f 2174/2174/2174 2175/2175/2175 2176/2176/2176
f 2179/2179/2179 2178/2178/2178 2177/2177/2177
f 2178/2178/2178 2179/2179/2179 2180/2180/2180
f 2183/2183/2183 2182/2182/2182 2181/2181/2181
f 2182/2182/2182 2183/2183/2183 2184/2184/2184
f 2187/2187/2187 2186/2186/2186 2185/2185/2185
f 2186/2186/2186 2187/2187/2187 2188/2188/2188
o mesh_44
usemtl mat12
v 81.60000000000001 23.999999999999986 -107.2
v 85.60000000000001 23.19999999999999 -102.4
v 89.60000000000001 24.799999999999986 -102.4
v 67.2 24.799999999999986 -102.4
v 71.2 23.19999999999999 -102.4
v 75.2 23.999999999999986 -107.2
v 75.2 23.99999999999999 -97.60000000000001
v 71.2 23.19999999999999 -102.4
v 67.2 24.799999999999986 -102.4
v 89.60000000000001 24.799999999999986 -102.4
v 85.60000000000001 23.19999999999999 -102.4
v 81.60000000000001 23.99999999999999 -97.60000000000001
v 81.60000000000001 23.99999999999999 -81.60000000000001
v 85.60000000000001 23.199999999999992 -76.80000000000001
v 89.60000000000001 24.79999999999999 -76.80000000000001
v 67.2 24.79999999999999 -76.80000000000001
v 71.2 23.199999999999992 -76.80000000000001
v 75.2 23.99999999999999 -81.60000000000001
v 75.2 23.999999999999993 -72
v 71.2 23.199999999999992 -76.80000000000001
v 67.2 24.79999999999999 -76.80000000000001
v 89.60000000000001 24.79999999999999 -76.80000000000001
v 85.60000000000001 23.199999999999992 -76.80000000000001
v 81.60000000000001 23.999999999999993 -72
v 81.60000000000001 23.999999999999993 -56
v 85.60000000000001 23.199999999999996 -51.2
v 89.60000000000001 24.799999999999994 -51.2
v 67.2 24.799999999999994 -51.2
v 71.2 23.199999999999996 -51.2
v 75.2 23.999999999999993 -56
v 75.2 23.999999999999993 -46.400000000000006
v 71.2 23.199999999999996 -51.2
v 67.2 24.799999999999994 -51.2
v 89.60000000000001 24.799999999999994 -51.2
v 85.60000000000001 23.199999999999996 -51.2
v 81.60000000000001 23.999999999999993 -46.400000000000006
v 89.60000000000001 39.999999999999986 -110.4
v 89.60000000000001 43.999999999999986 -102.4
v 81.60000000000001 41.59999999999999 -113.60000000000001
v 81.60000000000001 47.19999999999999 -102.4
v 81.60000000000001 47.19999999999999 -102.4
v 81.60000000000001 41.59999999999999 -91.2
v 75.2 47.19999999999999 -102.4
v 75.2 41.59999999999999 -91.2
v 75.2 23.999999999999986 -107.2
v 75.2 21.599999999999987 -102.4
v 81.60000000000001 23.999999999999986 -107.2
v 81.60000000000001 21.599999999999987 -102.4
v 75.2 21.599999999999987 -102.4
v 75.2 23.99999999999999 -97.60000000000001
v 81.60000000000001 21.599999999999987 -102.4
v 81.60000000000001 23.99999999999999 -97.60000000000001
v 75.2 47.19999999999999 -102.4
v 75.2 41.59999999999999 -113.60000000000001
v 81.60000000000001 47.19999999999999 -102.4
v 81.60000000000001 41.59999999999999 -113.60000000000001
v 67.2 39.999999999999986 -94.4
v 67.2 43.999999999999986 -102.4
v 75.2 41.59999999999999 -91.2
v 75.2 47.19999999999999 -102.4
v 75.2 41.59999999999999 -113.60000000000001
v 75.2 47.19999999999999 -102.4
v 67.2 39.999999999999986 -110.4
v 67.2 43.999999999999986 -102.4
v 81.60000000000001 23.999999999999986 -107.2
v 81.60000000000001 27.19999999999999 -113.60000000000001
v 75.2 23.999999999999986 -107.2
v 75.2 27.19999999999999 -113.60000000000001
v 75.2 41.59999999999999 -113.60000000000001
v 67.2 39.999999999999986 -110.4
v 75.2 27.19999999999999 -113.60000000000001
v 67.2 28.799999999999986 -110.4
v 89.60000000000001 39.999999999999986 -110.4
v 81.60000000000001 41.59999999999999 -113.60000000000001
v 89.60000000000001 28.799999999999986 -110.4
v 81.60000000000001 27.19999999999999 -113.60000000000001
v 81.60000000000001 27.19999999999999 -113.60000000000001
v 81.60000000000001 41.59999999999999 -113.60000000000001
v 75.2 27.19999999999999 -113.60000000000001
v 75.2 41.59999999999999 -113.60000000000001
v 81.60000000000001 23.99999999999999 -97.60000000000001
v 81.60000000000001 27.199999999999992 -91.2
v 89.60000000000001 24.799999999999986 -102.4
v 89.60000000000001 28.79999999999999 -94.4
v 81.60000000000001 41.59999999999999 -91.2
v 81.60000000000001 47.19999999999999 -102.4
v 89.60000000000001 39.999999999999986 -94.4
v 89.60000000000001 43.999999999999986 -102.4
v 89.60000000000001 39.999999999999986 -94.4
v 89.60000000000001 28.79999999999999 -94.4
v 81.60000000000001 41.59999999999999 -91.2
v 81.60000000000001 27.199999999999992 -91.2
v 67.2 39.999999999999986 -94.4
v 75.2 41.59999999999999 -91.2
v 67.2 28.79999999999999 -94.4
v 75.2 27.199999999999992 -91.2
v 81.60000000000001 41.59999999999999 -91.2
v 81.60000000000001 27.199999999999992 -91.2
v 75.2 41.59999999999999 -91.2
v 75.2 27.199999999999992 -91.2
v 89.60000000000001 24.799999999999986 -102.4
v 89.60000000000001 28.799999999999986 -110.4
v 81.60000000000001 23.999999999999986 -107.2
v 81.60000000000001 27.19999999999999 -113.60000000000001
v 67.2 24.799999999999986 -102.4
v 67.2 28.79999999999999 -94.4
v 75.2 23.99999999999999 -97.60000000000001
v 75.2 27.199999999999992 -91.2
v 75.2 23.999999999999986 -107.2
v 75.2 27.19999999999999 -113.60000000000001
v 67.2 24.799999999999986 -102.4
v 67.2 28.799999999999986 -110.4
v 89.60000000000001 39.99999999999999 -84.80000000000001
v 89.60000000000001 43.99999999999999 -76.80000000000001
v 81.60000000000001 41.59999999999999 -88
v 81.60000000000001 47.199999999999996 -76.80000000000001
v 81.60000000000001 47.199999999999996 -76.80000000000001
v 81.60000000000001 41.599999999999994 -65.60000000000001
v 75.2 47.199999999999996 -76.80000000000001
v 75.2 41.599999999999994 -65.60000000000001
v 75.2 23.99999999999999 -81.60000000000001
v 75.2 21.59999999999999 -76.80000000000001
v 81.60000000000001 23.99999999999999 -81.60000000000001
v 81.60000000000001 21.59999999999999 -76.80000000000001
v 75.2 21.59999999999999 -76.80000000000001
v 75.2 23.999999999999993 -72
v 81.60000000000001 21.59999999999999 -76.80000000000001
v 81.60000000000001 23.999999999999993 -72
v 75.2 47.199999999999996 -76.80000000000001
v 75.2 41.59999999999999 -88
v 81.60000000000001 47.199999999999996 -76.80000000000001
v 81.60000000000001 41.59999999999999 -88
v 67.2 39.99999999999999 -68.8
v 67.2 43.99999999999999 -76.80000000000001
v 75.2 41.599999999999994 -65.60000000000001
v 75.2 47.199999999999996 -76.80000000000001
v 75.2 41.59999999999999 -88
v 75.2 47.199999999999996 -76.80000000000001
v 67.2 39.99999999999999 -84.80000000000001
v 67.2 43.99999999999999 -76.80000000000001
v 81.60000000000001 23.99999999999999 -81.60000000000001
v 81.60000000000001 27.199999999999992 -88
v 75.2 23.99999999999999 -81.60000000000001
v 75.2 27.199999999999992 -88
v 75.2 41.59999999999999 -88
v 67.2 39.99999999999999 -84.80000000000001
v 75.2 27.199999999999992 -88
v 67.2 28.79999999999999 -84.80000000000001
v 89.60000000000001 39.99999999999999 -84.80000000000001
v 81.60000000000001 41.59999999999999 -88
v 89.60000000000001 28.79999999999999 -84.80000000000001
v 81.60000000000001 27.199999999999992 -88
v 81.60000000000001 27.199999999999992 -88
v 81.60000000000001 41.59999999999999 -88
v 75.2 27.199999999999992 -88
v 75.2 41.59999999999999 -88
v 81.60000000000001 23.999999999999993 -72
v 81.60000000000001 27.199999999999996 -65.60000000000001
v 89.60000000000001 24.79999999999999 -76.80000000000001
v 89.60000000000001 28.799999999999994 -68.8
v 81.60000000000001 41.599999999999994 -65.60000000000001
v 81.60000000000001 47.199999999999996 -76.80000000000001
v 89.60000000000001 39.99999999999999 -68.8
v 89.60000000000001 43.99999999999999 -76.80000000000001
v 75.2 23.999999999999993 -72
v 75.2 27.199999999999996 -65.60000000000001
v 81.60000000000001 23.999999999999993 -72
v 81.60000000000001 27.199999999999996 -65.60000000000001
v 89.60000000000001 39.99999999999999 -68.8
v 89.60000000000001 28.799999999999994 -68.8
v 81.60000000000001 41.599999999999994 -65.60000000000001
v 81.60000000000001 27.199999999999996 -65.60000000000001
v 67.2 39.99999999999999 -68.8
v 75.2 41.599999999999994 -65.60000000000001
v 67.2 28.799999999999994 -68.8
v 75.2 27.199999999999996 -65.60000000000001
v 81.60000000000001 41.599999999999994 -65.60000000000001
v 81.60000000000001 27.199999999999996 -65.60000000000001
v 75.2 41.599999999999994 -65.60000000000001
v 75.2 27.199999999999996 -65.60000000000001
v 89.60000000000001 24.79999999999999 -76.80000000000001
v 89.60000000000001 28.79999999999999 -84.80000000000001
v 81.60000000000001 23.99999999999999 -81.60000000000001
v 81.60000000000001 27.199999999999992 -88
v 67.2 24.79999999999999 -76.80000000000001
v 67.2 28.799999999999994 -68.8
v 75.2 23.999999999999993 -72
v 75.2 27.199999999999996 -65.60000000000001
v 75.2 23.99999999999999 -81.60000000000001
v 75.2 27.199999999999992 -88
v 67.2 24.79999999999999 -76.80000000000001
v 67.2 28.79999999999999 -84.80000000000001
v 89.60000000000001 39.99999999999999 -59.20000000000001
v 89.60000000000001 43.99999999999999 -51.20000000000001
v 81.60000000000001 41.599999999999994 -62.40000000000001
v 81.60000000000001 47.199999999999996 -51.20000000000001
v 81.60000000000001 47.199999999999996 -51.20000000000001
v 81.60000000000001 41.599999999999994 -40.00000000000001
v 75.2 47.199999999999996 -51.20000000000001
v 75.2 41.599999999999994 -40.00000000000001
v 75.2 23.999999999999993 -56
v 75.2 21.599999999999994 -51.2
v 81.60000000000001 23.999999999999993 -56
v 81.60000000000001 21.599999999999994 -51.2
v 75.2 21.599999999999994 -51.2
v 75.2 23.999999999999993 -46.400000000000006
v 81.60000000000001 21.599999999999994 -51.2
v 81.60000000000001 23.999999999999993 -46.400000000000006
v 75.2 47.199999999999996 -51.20000000000001
v 75.2 41.599999999999994 -62.40000000000001
v 81.60000000000001 47.199999999999996 -51.20000000000001
v 81.60000000000001 41.599999999999994 -62.40000000000001
v 67.2 39.99999999999999 -43.20000000000001
v 67.2 43.99999999999999 -51.20000000000001
v 75.2 41.599999999999994 -40.00000000000001
v 75.2 47.199999999999996 -51.20000000000001
v 75.2 41.599999999999994 -62.40000000000001
v 75.2 47.199999999999996 -51.20000000000001
v 67.2 39.99999999999999 -59.20000000000001
v 67.2 43.99999999999999 -51.20000000000001
v 81.60000000000001 23.999999999999993 -56
v 81.60000000000001 27.199999999999996 -62.400000000000006
v 75.2 23.999999999999993 -56
v 75.2 27.199999999999996 -62.400000000000006
v 75.2 41.599999999999994 -62.40000000000001
v 67.2 39.99999999999999 -59.20000000000001
v 75.2 27.199999999999996 -62.400000000000006
v 67.2 28.799999999999994 -59.2
v 89.60000000000001 39.99999999999999 -59.20000000000001
v 81.60000000000001 41.599999999999994 -62.40000000000001
v 89.60000000000001 28.799999999999994 -59.2
v 81.60000000000001 27.199999999999996 -62.400000000000006
v 81.60000000000001 27.199999999999996 -62.400000000000006
v 81.60000000000001 41.599999999999994 -62.40000000000001
v 75.2 27.199999999999996 -62.400000000000006
v 75.2 41.599999999999994 -62.40000000000001
v 81.60000000000001 23.999999999999993 -46.400000000000006
v 81.60000000000001 27.2 -40
v 89.60000000000001 24.799999999999994 -51.2
v 89.60000000000001 28.799999999999997 -43.2
v 89.60000000000001 24.799999999999994 -51.2
v 89.60000000000001 28.799999999999994 -59.2
v 81.60000000000001 23.999999999999993 -56
v 81.60000000000001 27.199999999999996 -62.400000000000006
v 67.2 24.799999999999994 -51.2
v 67.2 28.799999999999997 -43.2
v 75.2 23.999999999999993 -46.400000000000006
v 75.2 27.2 -40
v 81.60000000000001 41.599999999999994 -40.00000000000001
v 81.60000000000001 47.199999999999996 -51.20000000000001
v 89.60000000000001 39.99999999999999 -43.20000000000001
v 89.60000000000001 43.99999999999999 -51.20000000000001
v 75.2 23.999999999999993 -46.400000000000006
v 75.2 27.2 -40
v 81.60000000000001 23.999999999999993 -46.400000000000006
v 81.60000000000001 27.2 -40
v 89.60000000000001 39.99999999999999 -43.20000000000001
v 89.60000000000001 28.799999999999997 -43.2
v 81.60000000000001 41.599999999999994 -40.00000000000001
v 81.60000000000001 27.2 -40
v 67.2 39.99999999999999 -43.20000000000001
v 75.2 41.599999999999994 -40.00000000000001
v 67.2 28.799999999999997 -43.2
v 75.2 27.2 -40
v 81.60000000000001 41.599999999999994 -40.00000000000001
v 81.60000000000001 27.2 -40
v 75.2 41.599999999999994 -40.00000000000001
v 75.2 27.2 -40
v 75.2 23.999999999999993 -56
v 75.2 27.199999999999996 -62.400000000000006
v 67.2 24.799999999999994 -51.2
v 67.2 28.799999999999994 -59.2
v 75.2 27.199999999999992 -91.2
v 81.60000000000001 27.199999999999992 -91.2
v 75.2 23.99999999999999 -97.60000000000001
v 81.60000000000001 23.99999999999999 -97.60000000000001
vt 0.1484375 0.8125
vt 0.1953125 0.875
vt 0.2421875 0.875
vt 0 0.875
vt 0.046875 0.875
vt 0.09375 0.8125
vt 0.09375 0.921875
vt 0.046875 0.875
vt 0 0.875
vt 0.2421875 0.875
vt 0.1953125 0.875
vt 0.1484375 0.921875
vt 0.1484375 0.8125
vt 0.1953125 0.875
vt 0.2421875 0.875
vt 0 0.875
vt 0.046875 0.875
vt 0.09375 0.8125
vt 0.09375 0.921875
vt 0.046875 0.875
vt 0 0.875
vt 0.2421875 0.875
vt 0.1953125 0.875
vt 0.1484375 0.921875
vt 0.1484375 0.8125
vt 0.1953125 0.875
vt 0.2421875 0.875
vt 0 0.875
vt 0.046875 0.875
vt 0.09375 0.8125
vt 0.09375 0.921875
vt 0.046875 0.875
vt 0 0.875
vt 0.2421875 0.875
vt 0.1953125 0.875
vt 0.1484375 0.921875
vt 0.2421875 0.75
vt 0.2421875 0.875
vt 0.1484375 0.75
vt 0.1484375 0.875
vt 0.1484375 0.875
vt 0.1484375 0.9921875
vt 0.09375 0.875
vt 0.09375 0.9921875
vt 0.09375 0.8125
vt 0.09375 0.875
vt 0.1484375 0.8125
vt 0.1484375 0.875
vt 0.09375 0.875
vt 0.09375 0.921875
vt 0.1484375 0.875
vt 0.1484375 0.921875
vt 0.09375 0.875
vt 0.09375 0.75
vt 0.1484375 0.875
vt 0.1484375 0.75
vt 0 0.9921875
vt 0 0.875
vt 0.09375 0.9921875
vt 0.09375 0.875
vt 0.09375 0.75
vt 0.09375 0.875
vt 0 0.75
vt 0 0.875
vt 0.1484375 0.8125
vt 0.1484375 0.75
vt 0.09375 0.8125
vt 0.09375 0.75
vt 0.09375 0.8515625
vt 0 0.8515625
vt 0.09375 0.9921875
vt 0 0.9921875
vt 0.2421875 0.8515625
vt 0.1484375 0.8515625
vt 0.2421875 0.9921875
vt 0.1484375 0.9921875
vt 0.1484375 0.9921875
vt 0.1484375 0.8515625
vt 0.09375 0.9921875
vt 0.09375 0.8515625
vt 0.1484375 0.921875
vt 0.1484375 0.9921875
vt 0.2421875 0.875
vt 0.2421875 0.9921875
vt 0.1484375 0.9921875
vt 0.1484375 0.875
vt 0.2421875 0.9921875
vt 0.2421875 0.875
vt 0.2421875 0.8515625
vt 0.2421875 0.9921875
vt 0.1484375 0.8515625
vt 0.1484375 0.9921875
vt 0 0.8515625
vt 0.09375 0.8515625
vt 0 0.9921875
vt 0.09375 0.9921875
vt 0.1484375 0.8515625
vt 0.1484375 0.9921875
vt 0.09375 0.8515625
vt 0.09375 0.9921875
vt 0.2421875 0.875
vt 0.2421875 0.75
vt 0.1484375 0.8125
vt 0.1484375 0.75
vt 0 0.875
vt 0 0.9921875
vt 0.09375 0.921875
vt 0.09375 0.9921875
vt 0.09375 0.8125
vt 0.09375 0.75
vt 0 0.875
vt 0 0.75
vt 0.2421875 0.75
vt 0.2421875 0.875
vt 0.1484375 0.75
vt 0.1484375 0.875
vt 0.1484375 0.875
vt 0.1484375 0.9921875
vt 0.09375 0.875
vt 0.09375 0.9921875
vt 0.09375 0.8125
vt 0.09375 0.875
vt 0.1484375 0.8125
vt 0.1484375 0.875
vt 0.09375 0.875
vt 0.09375 0.921875
vt 0.1484375 0.875
vt 0.1484375 0.921875
vt 0.09375 0.875
vt 0.09375 0.75
vt 0.1484375 0.875
vt 0.1484375 0.75
vt 0 0.9921875
vt 0 0.875
vt 0.09375 0.9921875
vt 0.09375 0.875
vt 0.09375 0.75
vt 0.09375 0.875
vt 0 0.75
vt 0 0.875
vt 0.1484375 0.8125
vt 0.1484375 0.75
vt 0.09375 0.8125
vt 0.09375 0.75
vt 0.09375 0.8515625
vt 0 0.8515625
vt 0.09375 0.9921875
vt 0 0.9921875
vt 0.2421875 0.8515625
vt 0.1484375 0.8515625
vt 0.2421875 0.9921875
vt 0.1484375 0.9921875
vt 0.1484375 0.9921875
vt 0.1484375 0.8515625
vt 0.09375 0.9921875
vt 0.09375 0.8515625
vt 0.1484375 0.921875
vt 0.1484375 0.9921875
vt 0.2421875 0.875
vt 0.2421875 0.9921875
vt 0.1484375 0.9921875
vt 0.1484375 0.875
vt 0.2421875 0.9921875
vt 0.2421875 0.875
vt 0.09375 0.921875
vt 0.09375 0.9921875
vt 0.1484375 0.921875
vt 0.1484375 0.9921875
vt 0.2421875 0.8515625
vt 0.2421875 0.9921875
vt 0.1484375 0.8515625
vt 0.1484375 0.9921875
vt 0 0.8515625
vt 0.09375 0.8515625
vt 0 0.9921875
vt 0.09375 0.9921875
vt 0.1484375 0.8515625
vt 0.1484375 0.9921875
vt 0.09375 0.8515625
vt 0.09375 0.9921875
vt 0.2421875 0.875
vt 0.2421875 0.75
vt 0.1484375 0.8125
vt 0.1484375 0.75
vt 0 0.875
vt 0 0.9921875
vt 0.09375 0.921875
vt 0.09375 0.9921875
vt 0.09375 0.8125
vt 0.09375 0.75
vt 0 0.875
vt 0 0.75
vt 0.2421875 0.75
vt 0.2421875 0.875
vt 0.1484375 0.75
vt 0.1484375 0.875
vt 0.1484375 0.875
vt 0.1484375 0.9921875
vt 0.09375 0.875
vt 0.09375 0.9921875
vt 0.09375 0.8125
vt 0.09375 0.875
vt 0.1484375 0.8125
vt 0.1484375 0.875
vt 0.09375 0.875
vt 0.09375 0.921875
vt 0.1484375 0.875
vt 0.1484375 0.921875
vt 0.09375 0.875
vt 0.09375 0.75
vt 0.1484375 0.875
vt 0.1484375 0.75
vt 0 0.9921875
vt 0 0.875
vt 0.09375 0.9921875
vt 0.09375 0.875
vt 0.09375 0.75
vt 0.09375 0.875
vt 0 0.75
vt 0 0.875
vt 0.1484375 0.8125
vt 0.1484375 0.75
vt 0.09375 0.8125
vt 0.09375 0.75
vt 0.09375 0.8515625
vt 0 0.8515625
vt 0.09375 0.9921875
vt 0 0.9921875
vt 0.2421875 0.8515625
vt 0.1484375 0.8515625
vt 0.2421875 0.9921875
vt 0.1484375 0.9921875
vt 0.1484375 0.9921875
vt 0.1484375 0.8515625
vt 0.09375 0.9921875
vt 0.09375 0.8515625
vt 0.1484375 0.921875
vt 0.1484375 0.9921875
vt 0.2421875 0.875
vt 0.2421875 0.9921875
vt 0.2421875 0.875
vt 0.2421875 0.75
vt 0.1484375 0.8125
vt 0.1484375 0.75
vt 0 0.875
vt 0 0.9921875
vt 0.09375 0.921875
vt 0.09375 0.9921875
vt 0.1484375 0.9921875
vt 0.1484375 0.875
vt 0.2421875 0.9921875
vt 0.2421875 0.875
vt 0.09375 0.921875
vt 0.09375 0.9921875
vt 0.1484375 0.921875
vt 0.1484375 0.9921875
vt 0.2421875 0.8515625
vt 0.2421875 0.9921875
vt 0.1484375 0.8515625
vt 0.1484375 0.9921875
vt 0 0.8515625
vt 0.09375 0.8515625
vt 0 0.9921875
vt 0.09375 0.9921875
vt 0.1484375 0.8515625
vt 0.1484375 0.9921875
vt 0.09375 0.8515625
vt 0.09375 0.9921875
vt 0.09375 0.8125
vt 0.09375 0.75
vt 0 0.875
vt 0 0.75
vt 0.09375 0.9921875
vt 0.1484375 0.9921875
vt 0.09375 0.921875
vt 0.1484375 0.921875
vn 0.33686076842660756 -0.8421519210665189 -0.4210759605332594
vn 0.33686076842660756 -0.8421519210665189 -0.4210759605332594
vn 0.33686076842660756 -0.8421519210665189 -0.4210759605332594
vn -0.33686076842660756 -0.8421519210665189 -0.4210759605332594
vn -0.33686076842660756 -0.8421519210665189 -0.4210759605332594
vn -0.33686076842660756 -0.8421519210665189 -0.4210759605332594
vn -0.33686076842660756 -0.8421519210665189 0.4210759605332596
vn -0.33686076842660756 -0.8421519210665189 0.4210759605332596
vn -0.33686076842660756 -0.8421519210665189 0.4210759605332596
vn 0.33686076842660756 -0.8421519210665189 0.4210759605332596
vn 0.33686076842660756 -0.8421519210665189 0.4210759605332596
vn 0.33686076842660756 -0.8421519210665189 0.4210759605332596
vn 0.33686076842660756 -0.8421519210665189 -0.4210759605332594
vn 0.33686076842660756 -0.8421519210665189 -0.4210759605332594
vn 0.33686076842660756 -0.8421519210665189 -0.4210759605332594
vn -0.33686076842660756 -0.8421519210665189 -0.4210759605332594
vn -0.33686076842660756 -0.8421519210665189 -0.4210759605332594
vn -0.33686076842660756 -0.8421519210665189 -0.4210759605332594
vn -0.33686076842660756 -0.8421519210665189 0.4210759605332596
vn -0.33686076842660756 -0.8421519210665189 0.4210759605332596
vn -0.33686076842660756 -0.8421519210665189 0.4210759605332596
vn 0.33686076842660756 -0.8421519210665189 0.4210759605332596
vn 0.33686076842660756 -0.8421519210665189 0.4210759605332596
vn 0.33686076842660756 -0.8421519210665189 0.4210759605332596
vn 0.33686076842660756 -0.8421519210665189 -0.4210759605332594
vn 0.33686076842660756 -0.8421519210665189 -0.4210759605332594
vn 0.33686076842660756 -0.8421519210665189 -0.4210759605332594
vn -0.33686076842660756 -0.8421519210665189 -0.4210759605332594
vn -0.33686076842660756 -0.8421519210665189 -0.4210759605332594
vn -0.33686076842660756 -0.8421519210665189 -0.4210759605332594
vn -0.33686076842660756 -0.8421519210665189 0.4210759605332596
vn -0.33686076842660756 -0.8421519210665189 0.4210759605332596
vn -0.33686076842660756 -0.8421519210665189 0.4210759605332596
vn 0.33686076842660756 -0.8421519210665189 0.4210759605332596
vn 0.33686076842660756 -0.8421519210665189 0.4210759605332596
vn 0.33686076842660756 -0.8421519210665189 0.4210759605332596
vn 0.33686076842660756 0.8421519210665189 -0.4210759605332596
vn 0.33686076842660756 0.8421519210665189 -0.4210759605332596
vn 0.33686076842660756 0.8421519210665189 -0.4210759605332596
vn 0.33686076842660756 0.8421519210665189 -0.4210759605332596
vn 0 0.894427190999916 0.4472135954999579
vn 0 0.894427190999916 0.4472135954999579
vn 0 0.894427190999916 0.4472135954999579
vn 0 0.894427190999916 0.4472135954999579
vn 0 -0.894427190999916 -0.4472135954999579
vn 0 -0.894427190999916 -0.4472135954999579
vn 0 -0.894427190999916 -0.4472135954999579
vn 0 -0.894427190999916 -0.4472135954999579
vn 0 -0.8944271909999157 0.447213595499958
vn 0 -0.8944271909999157 0.447213595499958
vn 0 -0.8944271909999157 0.447213595499958
vn 0 -0.8944271909999157 0.447213595499958
vn 0 0.8944271909999157 -0.447213595499958
vn 0 0.8944271909999157 -0.447213595499958
vn 0 0.8944271909999157 -0.447213595499958
vn 0 0.8944271909999157 -0.447213595499958
vn -0.33686076842660756 0.8421519210665189 0.4210759605332594
vn -0.33686076842660756 0.8421519210665189 0.4210759605332594
vn -0.33686076842660756 0.8421519210665189 0.4210759605332594
vn -0.33686076842660756 0.8421519210665189 0.4210759605332594
vn -0.33686076842660756 0.8421519210665189 -0.4210759605332596
vn -0.33686076842660756 0.8421519210665189 -0.4210759605332596
vn -0.33686076842660756 0.8421519210665189 -0.4210759605332596
vn -0.33686076842660756 0.8421519210665189 -0.4210759605332596
vn 0 -0.894427190999916 -0.4472135954999579
vn 0 -0.894427190999916 -0.4472135954999579
vn 0 -0.894427190999916 -0.4472135954999579
vn 0 -0.894427190999916 -0.4472135954999579
vn -0.3713906712157723 -1.1370560100926155e-16 -0.9284766929405919
vn -0.3713906712157723 -1.1370560100926155e-16 -0.9284766929405919
vn -0.3713906712157723 -1.1370560100926155e-16 -0.9284766929405919
vn -0.3713906712157723 -1.1370560100926155e-16 -0.9284766929405919
vn 0.3713906712157723 -1.1370560100926155e-16 -0.9284766929405919
vn 0.3713906712157723 -1.1370560100926155e-16 -0.9284766929405919
vn 0.3713906712157723 -1.1370560100926155e-16 -0.9284766929405919
vn 0.3713906712157723 -1.1370560100926155e-16 -0.9284766929405919
vn 0 -1.2246467991473532e-16 -1
vn 0 -1.2246467991473532e-16 -1
vn 0 -1.2246467991473532e-16 -1
vn 0 -1.2246467991473532e-16 -1
vn 0.33686076842660756 -0.8421519210665189 0.4210759605332596
vn 0.33686076842660756 -0.8421519210665189 0.4210759605332596
vn 0.33686076842660756 -0.8421519210665189 0.4210759605332596
vn 0.33686076842660756 -0.8421519210665189 0.4210759605332596
vn 0.33686076842660756 0.8421519210665189 0.4210759605332594
vn 0.33686076842660756 0.8421519210665189 0.4210759605332594
vn 0.33686076842660756 0.8421519210665189 0.4210759605332594
vn 0.33686076842660756 0.8421519210665189 0.4210759605332594
vn 0.3713906712157723 1.1370560100926155e-16 0.9284766929405919
vn 0.3713906712157723 1.1370560100926155e-16 0.9284766929405919
vn 0.3713906712157723 1.1370560100926155e-16 0.9284766929405919
vn 0.3713906712157723 1.1370560100926155e-16 0.9284766929405919
vn -0.3713906712157723 1.1370560100926155e-16 0.9284766929405919
vn -0.3713906712157723 1.1370560100926155e-16 0.9284766929405919
vn -0.3713906712157723 1.1370560100926155e-16 0.9284766929405919
vn -0.3713906712157723 1.1370560100926155e-16 0.9284766929405919
vn 0 1.2246467991473532e-16 1
vn 0 1.2246467991473532e-16 1
vn 0 1.2246467991473532e-16 1
vn 0 1.2246467991473532e-16 1
vn 0.33686076842660756 -0.8421519210665189 -0.4210759605332594
vn 0.33686076842660756 -0.8421519210665189 -0.4210759605332594
vn 0.33686076842660756 -0.8421519210665189 -0.4210759605332594
vn 0.33686076842660756 -0.8421519210665189 -0.4210759605332594
vn -0.33686076842660756 -0.8421519210665189 0.4210759605332596
vn -0.33686076842660756 -0.8421519210665189 0.4210759605332596
vn -0.33686076842660756 -0.8421519210665189 0.4210759605332596
vn -0.33686076842660756 -0.8421519210665189 0.4210759605332596
vn -0.33686076842660756 -0.8421519210665189 -0.4210759605332594
vn -0.33686076842660756 -0.8421519210665189 -0.4210759605332594
vn -0.33686076842660756 -0.8421519210665189 -0.4210759605332594
vn -0.33686076842660756 -0.8421519210665189 -0.4210759605332594
vn 0.33686076842660756 0.8421519210665189 -0.4210759605332596
vn 0.33686076842660756 0.8421519210665189 -0.4210759605332596
vn 0.33686076842660756 0.8421519210665189 -0.4210759605332596
vn 0.33686076842660756 0.8421519210665189 -0.4210759605332596
vn 0 0.894427190999916 0.4472135954999579
vn 0 0.894427190999916 0.4472135954999579
vn 0 0.894427190999916 0.4472135954999579
vn 0 0.894427190999916 0.4472135954999579
vn 0 -0.894427190999916 -0.4472135954999579
vn 0 -0.894427190999916 -0.4472135954999579
vn 0 -0.894427190999916 -0.4472135954999579
vn 0 -0.894427190999916 -0.4472135954999579
vn 0 -0.8944271909999157 0.447213595499958
vn 0 -0.8944271909999157 0.447213595499958
vn 0 -0.8944271909999157 0.447213595499958
vn 0 -0.8944271909999157 0.447213595499958
vn 0 0.8944271909999157 -0.447213595499958
vn 0 0.8944271909999157 -0.447213595499958
vn 0 0.8944271909999157 -0.447213595499958
vn 0 0.8944271909999157 -0.447213595499958
vn -0.33686076842660756 0.8421519210665189 0.4210759605332594
vn -0.33686076842660756 0.8421519210665189 0.4210759605332594
vn -0.33686076842660756 0.8421519210665189 0.4210759605332594
vn -0.33686076842660756 0.8421519210665189 0.4210759605332594
vn -0.33686076842660756 0.8421519210665189 -0.4210759605332596
vn -0.33686076842660756 0.8421519210665189 -0.4210759605332596
vn -0.33686076842660756 0.8421519210665189 -0.4210759605332596
vn -0.33686076842660756 0.8421519210665189 -0.4210759605332596
vn 0 -0.894427190999916 -0.4472135954999579
vn 0 -0.894427190999916 -0.4472135954999579
vn 0 -0.894427190999916 -0.4472135954999579
vn 0 -0.894427190999916 -0.4472135954999579
vn -0.3713906712157723 -1.1370560100926155e-16 -0.9284766929405919
vn -0.3713906712157723 -1.1370560100926155e-16 -0.9284766929405919
vn -0.3713906712157723 -1.1370560100926155e-16 -0.9284766929405919
vn -0.3713906712157723 -1.1370560100926155e-16 -0.9284766929405919
vn 0.3713906712157723 -1.1370560100926155e-16 -0.9284766929405919
vn 0.3713906712157723 -1.1370560100926155e-16 -0.9284766929405919
vn 0.3713906712157723 -1.1370560100926155e-16 -0.9284766929405919
vn 0.3713906712157723 -1.1370560100926155e-16 -0.9284766929405919
vn 0 -1.2246467991473532e-16 -1
vn 0 -1.2246467991473532e-16 -1
vn 0 -1.2246467991473532e-16 -1
vn 0 -1.2246467991473532e-16 -1
vn 0.33686076842660756 -0.8421519210665189 0.4210759605332596
vn 0.33686076842660756 -0.8421519210665189 0.4210759605332596
vn 0.33686076842660756 -0.8421519210665189 0.4210759605332596
vn 0.33686076842660756 -0.8421519210665189 0.4210759605332596
vn 0.33686076842660756 0.8421519210665189 0.4210759605332594
vn 0.33686076842660756 0.8421519210665189 0.4210759605332594
vn 0.33686076842660756 0.8421519210665189 0.4210759605332594
vn 0.33686076842660756 0.8421519210665189 0.4210759605332594
vn 0 -0.8944271909999157 0.447213595499958
vn 0 -0.8944271909999157 0.447213595499958
vn 0 -0.8944271909999157 0.447213595499958
vn 0 -0.8944271909999157 0.447213595499958
vn 0.3713906712157723 1.1370560100926155e-16 0.9284766929405919
vn 0.3713906712157723 1.1370560100926155e-16 0.9284766929405919
vn 0.3713906712157723 1.1370560100926155e-16 0.9284766929405919
vn 0.3713906712157723 1.1370560100926155e-16 0.9284766929405919
vn -0.3713906712157723 1.1370560100926155e-16 0.9284766929405919
vn -0.3713906712157723 1.1370560100926155e-16 0.9284766929405919
vn -0.3713906712157723 1.1370560100926155e-16 0.9284766929405919
vn -0.3713906712157723 1.1370560100926155e-16 0.9284766929405919
vn 0 1.2246467991473532e-16 1
vn 0 1.2246467991473532e-16 1
vn 0 1.2246467991473532e-16 1
vn 0 1.2246467991473532e-16 1
vn 0.33686076842660756 -0.8421519210665189 -0.4210759605332594
vn 0.33686076842660756 -0.8421519210665189 -0.4210759605332594
vn 0.33686076842660756 -0.8421519210665189 -0.4210759605332594
vn 0.33686076842660756 -0.8421519210665189 -0.4210759605332594
vn -0.33686076842660756 -0.8421519210665189 0.4210759605332596
vn -0.33686076842660756 -0.8421519210665189 0.4210759605332596
vn -0.33686076842660756 -0.8421519210665189 0.4210759605332596
vn -0.33686076842660756 -0.8421519210665189 0.4210759605332596
vn -0.33686076842660756 -0.8421519210665189 -0.4210759605332594
vn -0.33686076842660756 -0.8421519210665189 -0.4210759605332594
vn -0.33686076842660756 -0.8421519210665189 -0.4210759605332594
vn -0.33686076842660756 -0.8421519210665189 -0.4210759605332594
vn 0.33686076842660756 0.8421519210665189 -0.4210759605332596
vn 0.33686076842660756 0.8421519210665189 -0.4210759605332596
vn 0.33686076842660756 0.8421519210665189 -0.4210759605332596
vn 0.33686076842660756 0.8421519210665189 -0.4210759605332596
vn 0 0.894427190999916 0.4472135954999579
vn 0 0.894427190999916 0.4472135954999579
vn 0 0.894427190999916 0.4472135954999579
vn 0 0.894427190999916 0.4472135954999579
vn 0 -0.894427190999916 -0.4472135954999579
vn 0 -0.894427190999916 -0.4472135954999579
vn 0 -0.894427190999916 -0.4472135954999579
vn 0 -0.894427190999916 -0.4472135954999579
vn 0 -0.8944271909999157 0.447213595499958
vn 0 -0.8944271909999157 0.447213595499958
vn 0 -0.8944271909999157 0.447213595499958
vn 0 -0.8944271909999157 0.447213595499958
vn 0 0.8944271909999157 -0.447213595499958
vn 0 0.8944271909999157 -0.447213595499958
vn 0 0.8944271909999157 -0.447213595499958
vn 0 0.8944271909999157 -0.447213595499958
vn -0.33686076842660756 0.8421519210665189 0.4210759605332594
vn -0.33686076842660756 0.8421519210665189 0.4210759605332594
vn -0.33686076842660756 0.8421519210665189 0.4210759605332594
vn -0.33686076842660756 0.8421519210665189 0.4210759605332594
vn -0.33686076842660756 0.8421519210665189 -0.4210759605332596
vn -0.33686076842660756 0.8421519210665189 -0.4210759605332596
vn -0.33686076842660756 0.8421519210665189 -0.4210759605332596
vn -0.33686076842660756 0.8421519210665189 -0.4210759605332596
vn 0 -0.894427190999916 -0.4472135954999579
vn 0 -0.894427190999916 -0.4472135954999579
vn 0 -0.894427190999916 -0.4472135954999579
vn 0 -0.894427190999916 -0.4472135954999579
vn -0.3713906712157723 -1.1370560100926155e-16 -0.9284766929405919
vn -0.3713906712157723 -1.1370560100926155e-16 -0.9284766929405919
vn -0.3713906712157723 -1.1370560100926155e-16 -0.9284766929405919
vn -0.3713906712157723 -1.1370560100926155e-16 -0.9284766929405919
vn 0.3713906712157723 -1.1370560100926155e-16 -0.9284766929405919
vn 0.3713906712157723 -1.1370560100926155e-16 -0.9284766929405919
vn 0.3713906712157723 -1.1370560100926155e-16 -0.9284766929405919
vn 0.3713906712157723 -1.1370560100926155e-16 -0.9284766929405919
vn 0 -1.2246467991473532e-16 -1
vn 0 -1.2246467991473532e-16 -1
vn 0 -1.2246467991473532e-16 -1
vn 0 -1.2246467991473532e-16 -1
vn 0.33686076842660756 -0.8421519210665189 0.4210759605332596
vn 0.33686076842660756 -0.8421519210665189 0.4210759605332596
vn 0.33686076842660756 -0.8421519210665189 0.4210759605332596
vn 0.33686076842660756 -0.8421519210665189 0.4210759605332596
vn 0.33686076842660756 -0.8421519210665189 -0.4210759605332594
vn 0.33686076842660756 -0.8421519210665189 -0.4210759605332594
vn 0.33686076842660756 -0.8421519210665189 -0.4210759605332594
vn 0.33686076842660756 -0.8421519210665189 -0.4210759605332594
vn -0.33686076842660756 -0.8421519210665189 0.4210759605332596
vn -0.33686076842660756 -0.8421519210665189 0.4210759605332596
vn -0.33686076842660756 -0.8421519210665189 0.4210759605332596
vn -0.33686076842660756 -0.8421519210665189 0.4210759605332596
vn 0.33686076842660756 0.8421519210665189 0.4210759605332594
vn 0.33686076842660756 0.8421519210665189 0.4210759605332594
vn 0.33686076842660756 0.8421519210665189 0.4210759605332594
vn 0.33686076842660756 0.8421519210665189 0.4210759605332594
vn 0 -0.8944271909999157 0.447213595499958
vn 0 -0.8944271909999157 0.447213595499958
vn 0 -0.8944271909999157 0.447213595499958
vn 0 -0.8944271909999157 0.447213595499958
vn 0.3713906712157723 1.1370560100926155e-16 0.9284766929405919
vn 0.3713906712157723 1.1370560100926155e-16 0.9284766929405919
vn 0.3713906712157723 1.1370560100926155e-16 0.9284766929405919
vn 0.3713906712157723 1.1370560100926155e-16 0.9284766929405919
vn -0.3713906712157723 1.1370560100926155e-16 0.9284766929405919
vn -0.3713906712157723 1.1370560100926155e-16 0.9284766929405919
vn -0.3713906712157723 1.1370560100926155e-16 0.9284766929405919
vn -0.3713906712157723 1.1370560100926155e-16 0.9284766929405919
vn 0 1.2246467991473532e-16 1
vn 0 1.2246467991473532e-16 1
vn 0 1.2246467991473532e-16 1
vn 0 1.2246467991473532e-16 1
vn -0.33686076842660756 -0.8421519210665189 -0.4210759605332594
vn -0.33686076842660756 -0.8421519210665189 -0.4210759605332594
vn -0.33686076842660756 -0.8421519210665189 -0.4210759605332594
vn -0.33686076842660756 -0.8421519210665189 -0.4210759605332594
vn 0 -0.8944271909999157 0.447213595499958
vn 0 -0.8944271909999157 0.447213595499958
vn 0 -0.8944271909999157 0.447213595499958
vn 0 -0.8944271909999157 0.447213595499958
f 2191/2191/2191 2190/2190/2190 2189/2189/2189
f 2194/2194/2194 2193/2193/2193 2192/2192/2192
f 2197/2197/2197 2196/2196/2196 2195/2195/2195
f 2200/2200/2200 2199/2199/2199 2198/2198/2198
f 2203/2203/2203 2202/2202/2202 2201/2201/2201
f 2206/2206/2206 2205/2205/2205 2204/2204/2204
f 2209/2209/2209 2208/2208/2208 2207/2207/2207
f 2212/2212/2212 2211/2211/2211 2210/2210/2210
f 2215/2215/2215 2214/2214/2214 2213/2213/2213
f 2218/2218/2218 2217/2217/2217 2216/2216/2216
f 2221/2221/2221 2220/2220/2220 2219/2219/2219
f 2224/2224/2224 2223/2223/2223 2222/2222/2222
f 2227/2227/2227 2226/2226/2226 2225/2225/2225
f 2226/2226/2226 2227/2227/2227 2228/2228/2228
f 2231/2231/2231 2230/2230/2230 2229/2229/2229
f 2230/2230/2230 2231/2231/2231 2232/2232/2232
f 2235/2235/2235 2234/2234/2234 2233/2233/2233
f 2234/2234/2234 2235/2235/2235 2236/2236/2236
f 2239/2239/2239 2238/2238/2238 2237/2237/2237
f 2238/2238/2238 2239/2239/2239 2240/2240/2240
f 2243/2243/2243 2242/2242/2242 2241/2241/2241
f 2242/2242/2242 2243/2243/2243 2244/2244/2244
f 2247/2247/2247 2246/2246/2246 2245/2245/2245
f 2246/2246/2246 2247/2247/2247 2248/2248/2248
f 2251/2251/2251 2250/2250/2250 2249/2249/2249
f 2250/2250/2250 2251/2251/2251 2252/2252/2252
f 2255/2255/2255 2254/2254/2254 2253/2253/2253
f 2254/2254/2254 2255/2255/2255 2256/2256/2256
f 2259/2259/2259 2258/2258/2258 2257/2257/2257
f 2258/2258/2258 2259/2259/2259 2260/2260/2260
f 2263/2263/2263 2262/2262/2262 2261/2261/2261
f 2262/2262/2262 2263/2263/2263 2264/2264/2264
f 2267/2267/2267 2266/2266/2266 2265/2265/2265
f 2266/2266/2266 2267/2267/2267 2268/2268/2268
f 2271/2271/2271 2270/2270/2270 2269/2269/2269
f 2270/2270/2270 2271/2271/2271 2272/2272/2272
f 2275/2275/2275 2274/2274/2274 2273/2273/2273
f 2274/2274/2274 2275/2275/2275 2276/2276/2276
f 2279/2279/2279 2278/2278/2278 2277/2277/2277
f 2278/2278/2278 2279/2279/2279 2280/2280/2280
f 2283/2283/2283 2282/2282/2282 2281/2281/2281
f 2282/2282/2282 2283/2283/2283 2284/2284/2284
f 2287/2287/2287 2286/2286/2286 2285/2285/2285
f 2286/2286/2286 2287/2287/2287 2288/2288/2288
f 2291/2291/2291 2290/2290/2290 2289/2289/2289
f 2290/2290/2290 2291/2291/2291 2292/2292/2292
f 2295/2295/2295 2294/2294/2294 2293/2293/2293
f 2294/2294/2294 2295/2295/2295 2296/2296/2296
f 2299/2299/2299 2298/2298/2298 2297/2297/2297
f 2298/2298/2298 2299/2299/2299 2300/2300/2300
f 2303/2303/2303 2302/2302/2302 2301/2301/2301
f 2302/2302/2302 2303/2303/2303 2304/2304/2304
f 2307/2307/2307 2306/2306/2306 2305/2305/2305
f 2306/2306/2306 2307/2307/2307 2308/2308/2308
f 2311/2311/2311 2310/2310/2310 2309/2309/2309
f 2310/2310/2310 2311/2311/2311 2312/2312/2312
f 2315/2315/2315 2314/2314/2314 2313/2313/2313
f 2314/2314/2314 2315/2315/2315 2316/2316/2316
f 2319/2319/2319 2318/2318/2318 2317/2317/2317
f 2318/2318/2318 2319/2319/2319 2320/2320/2320
f 2323/2323/2323 2322/2322/2322 2321/2321/2321
f 2322/2322/2322 2323/2323/2323 2324/2324/2324
f 2327/2327/2327 2326/2326/2326 2325/2325/2325
f 2326/2326/2326 2327/2327/2327 2328/2328/2328
f 2331/2331/2331 2330/2330/2330 2329/2329/2329
f 2330/2330/2330 2331/2331/2331 2332/2332/2332
f 2335/2335/2335 2334/2334/2334 2333/2333/2333
f 2334/2334/2334 2335/2335/2335 2336/2336/2336
f 2339/2339/2339 2338/2338/2338 2337/2337/2337
f 2338/2338/2338 2339/2339/2339 2340/2340/2340
f 2343/2343/2343 2342/2342/2342 2341/2341/2341
f 2342/2342/2342 2343/2343/2343 2344/2344/2344
f 2347/2347/2347 2346/2346/2346 2345/2345/2345
f 2346/2346/2346 2347/2347/2347 2348/2348/2348
f 2351/2351/2351 2350/2350/2350 2349/2349/2349
f 2350/2350/2350 2351/2351/2351 2352/2352/2352
f 2355/2355/2355 2354/2354/2354 2353/2353/2353
f 2354/2354/2354 2355/2355/2355 2356/2356/2356
f 2359/2359/2359 2358/2358/2358 2357/2357/2357
f 2358/2358/2358 2359/2359/2359 2360/2360/2360
f 2363/2363/2363 2362/2362/2362 2361/2361/2361
f 2362/2362/2362 2363/2363/2363 2364/2364/2364
f 2367/2367/2367 2366/2366/2366 2365/2365/2365
f 2366/2366/2366 2367/2367/2367 2368/2368/2368
f 2371/2371/2371 2370/2370/2370 2369/2369/2369
f 2370/2370/2370 2371/2371/2371 2372/2372/2372
f 2375/2375/2375 2374/2374/2374 2373/2373/2373
f 2374/2374/2374 2375/2375/2375 2376/2376/2376
f 2379/2379/2379 2378/2378/2378 2377/2377/2377
f 2378/2378/2378 2379/2379/2379 2380/2380/2380
f 2383/2383/2383 2382/2382/2382 2381/2381/2381
f 2382/2382/2382 2383/2383/2383 2384/2384/2384
f 2387/2387/2387 2386/2386/2386 2385/2385/2385
f 2386/2386/2386 2387/2387/2387 2388/2388/2388
f 2391/2391/2391 2390/2390/2390 2389/2389/2389
f 2390/2390/2390 2391/2391/2391 2392/2392/2392
f 2395/2395/2395 2394/2394/2394 2393/2393/2393
f 2394/2394/2394 2395/2395/2395 2396/2396/2396
f 2399/2399/2399 2398/2398/2398 2397/2397/2397
f 2398/2398/2398 2399/2399/2399 2400/2400/2400
f 2403/2403/2403 2402/2402/2402 2401/2401/2401
f 2402/2402/2402 2403/2403/2403 2404/2404/2404
f 2407/2407/2407 2406/2406/2406 2405/2405/2405
f 2406/2406/2406 2407/2407/2407 2408/2408/2408
f 2411/2411/2411 2410/2410/2410 2409/2409/2409
f 2410/2410/2410 2411/2411/2411 2412/2412/2412
f 2415/2415/2415 2414/2414/2414 2413/2413/2413
f 2414/2414/2414 2415/2415/2415 2416/2416/2416
f 2419/2419/2419 2418/2418/2418 2417/2417/2417
f 2418/2418/2418 2419/2419/2419 2420/2420/2420
f 2423/2423/2423 2422/2422/2422 2421/2421/2421
f 2422/2422/2422 2423/2423/2423 2424/2424/2424
f 2427/2427/2427 2426/2426/2426 2425/2425/2425
f 2426/2426/2426 2427/2427/2427 2428/2428/2428
f 2431/2431/2431 2430/2430/2430 2429/2429/2429
f 2430/2430/2430 2431/2431/2431 2432/2432/2432
f 2435/2435/2435 2434/2434/2434 2433/2433/2433
f 2434/2434/2434 2435/2435/2435 2436/2436/2436
f 2439/2439/2439 2438/2438/2438 2437/2437/2437
f 2438/2438/2438 2439/2439/2439 2440/2440/2440
f 2443/2443/2443 2442/2442/2442 2441/2441/2441
f 2442/2442/2442 2443/2443/2443 2444/2444/2444
f 2447/2447/2447 2446/2446/2446 2445/2445/2445
f 2446/2446/2446 2447/2447/2447 2448/2448/2448
f 2451/2451/2451 2450/2450/2450 2449/2449/2449
f 2450/2450/2450 2451/2451/2451 2452/2452/2452
f 2455/2455/2455 2454/2454/2454 2453/2453/2453
f 2454/2454/2454 2455/2455/2455 2456/2456/2456
f 2459/2459/2459 2458/2458/2458 2457/2457/2457
f 2458/2458/2458 2459/2459/2459 2460/2460/2460
f 2463/2463/2463 2462/2462/2462 2461/2461/2461
f 2462/2462/2462 2463/2463/2463 2464/2464/2464
o mesh_45
usemtl mat17
v 8 23.99999999999998 -174.4
v 8 21.59999999999998 -179.20000000000002
v 8 21.59999999999998 -174.4
v 14.4 21.59999999999998 -174.4
v 14.4 21.59999999999998 -179.20000000000002
v 14.4 23.99999999999998 -174.4
v 8 21.59999999999998 -184
v 8 21.59999999999998 -179.20000000000002
v 8 23.99999999999998 -184
v 14.4 23.99999999999998 -184
v 14.4 21.59999999999998 -179.20000000000002
v 14.4 21.59999999999998 -184
v 8 23.999999999999982 -148.8
v 8 21.599999999999984 -153.60000000000002
v 8 21.599999999999984 -148.8
v 14.4 21.599999999999984 -148.8
v 14.4 21.599999999999984 -153.60000000000002
v 14.4 23.999999999999982 -148.8
v 14.4 23.999999999999982 -158.4
v 14.4 21.599999999999984 -153.60000000000002
v 14.4 21.599999999999984 -158.4
v 8 21.599999999999984 -158.4
v 8 21.599999999999984 -153.60000000000002
v 8 23.999999999999982 -158.4
v 4 23.19999999999998 -171.20000000000002
v 4 23.19999999999998 -179.20000000000002
v 8 23.99999999999998 -171.20000000000002
v 8 23.99999999999998 -174.4
v 8 21.59999999999998 -179.20000000000002
v 8 21.59999999999998 -184
v 4 21.59999999999998 -179.20000000000002
v 4 21.59999999999998 -187.20000000000002
v 8 21.59999999999998 -184
v 8 23.99999999999998 -184
v 8 23.19999999999998 -187.20000000000002
v 8 23.99999999999998 -187.20000000000002
v 4 23.19999999999998 -179.20000000000002
v 4 23.19999999999998 -187.20000000000002
v 8 23.99999999999998 -184
v 8 23.99999999999998 -187.20000000000002
v 14.4 23.19999999999998 -187.20000000000002
v 14.4 23.99999999999998 -187.20000000000002
v 14.4 21.59999999999998 -184
v 14.4 23.99999999999998 -184
v 18.400000000000002 21.59999999999998 -179.20000000000002
v 18.400000000000002 21.59999999999998 -187.20000000000002
v 14.4 21.59999999999998 -179.20000000000002
v 14.4 21.59999999999998 -184
v 14.4 23.99999999999998 -184
v 14.4 23.99999999999998 -187.20000000000002
v 18.400000000000002 23.19999999999998 -179.20000000000002
v 18.400000000000002 23.19999999999998 -187.20000000000002
v 18.400000000000002 21.59999999999998 -179.20000000000002
v 18.400000000000002 21.59999999999998 -171.20000000000002
v 18.400000000000002 23.19999999999998 -179.20000000000002
v 18.400000000000002 23.19999999999998 -171.20000000000002
v 18.400000000000002 21.59999999999998 -187.20000000000002
v 18.400000000000002 23.19999999999998 -187.20000000000002
v 14.4 23.19999999999998 -187.20000000000002
v 14.4 23.99999999999998 -187.20000000000002
v 18.400000000000002 23.19999999999998 -179.20000000000002
v 18.400000000000002 23.19999999999998 -171.20000000000002
v 14.4 23.99999999999998 -174.4
v 14.4 23.99999999999998 -171.20000000000002
v 4 21.59999999999998 -171.20000000000002
v 4 23.19999999999998 -171.20000000000002
v 8 23.19999999999998 -171.20000000000002
v 8 23.99999999999998 -171.20000000000002
v 4 23.19999999999998 -187.20000000000002
v 4 21.59999999999998 -187.20000000000002
v 8 23.99999999999998 -187.20000000000002
v 8 23.19999999999998 -187.20000000000002
v 18.400000000000002 23.19999999999998 -171.20000000000002
v 18.400000000000002 21.59999999999998 -171.20000000000002
v 14.4 23.99999999999998 -171.20000000000002
v 14.4 23.19999999999998 -171.20000000000002
v 14.4 23.99999999999998 -174.4
v 14.4 23.99999999999998 -171.20000000000002
v 14.4 21.59999999999998 -174.4
v 14.4 23.19999999999998 -171.20000000000002
v 8 21.59999999999998 -174.4
v 8 23.19999999999998 -171.20000000000002
v 8 23.99999999999998 -174.4
v 8 23.99999999999998 -171.20000000000002
v 18.400000000000002 23.19999999999998 -179.20000000000002
v 18.400000000000002 23.19999999999998 -187.20000000000002
v 18.400000000000002 21.59999999999998 -179.20000000000002
v 18.400000000000002 21.59999999999998 -187.20000000000002
v 14.4 21.59999999999998 -179.20000000000002
v 14.4 21.59999999999998 -174.4
v 18.400000000000002 21.59999999999998 -179.20000000000002
v 18.400000000000002 21.59999999999998 -171.20000000000002
v 4 21.59999999999998 -179.20000000000002
v 4 21.59999999999998 -171.20000000000002
v 8 21.59999999999998 -179.20000000000002
v 8 21.59999999999998 -174.4
v 4 23.199999999999985 -145.6
v 4 23.199999999999985 -153.60000000000002
v 8 23.999999999999982 -145.6
v 8 23.999999999999982 -148.8
v 8 21.599999999999984 -153.60000000000002
v 8 21.599999999999984 -158.4
v 4 21.599999999999984 -153.60000000000002
v 4 21.59999999999998 -161.60000000000002
v 8 21.599999999999984 -158.4
v 8 23.999999999999982 -158.4
v 8 23.19999999999998 -161.60000000000002
v 8 23.99999999999998 -161.60000000000002
v 4 23.199999999999985 -153.60000000000002
v 4 23.19999999999998 -161.60000000000002
v 8 23.999999999999982 -158.4
v 8 23.99999999999998 -161.60000000000002
v 14.4 23.19999999999998 -161.60000000000002
v 14.4 23.99999999999998 -161.60000000000002
v 14.4 21.599999999999984 -158.4
v 14.4 23.999999999999982 -158.4
v 18.400000000000002 21.599999999999984 -153.60000000000002
v 18.400000000000002 21.59999999999998 -161.60000000000002
v 14.4 21.599999999999984 -153.60000000000002
v 14.4 21.599999999999984 -158.4
v 14.4 23.999999999999982 -158.4
v 14.4 23.99999999999998 -161.60000000000002
v 18.400000000000002 23.199999999999985 -153.60000000000002
v 18.400000000000002 23.19999999999998 -161.60000000000002
v 18.400000000000002 21.599999999999984 -153.60000000000002
v 18.400000000000002 21.599999999999984 -145.6
v 18.400000000000002 23.199999999999985 -153.60000000000002
v 18.400000000000002 23.199999999999985 -145.6
v 18.400000000000002 21.59999999999998 -161.60000000000002
v 18.400000000000002 23.19999999999998 -161.60000000000002
v 14.4 23.19999999999998 -161.60000000000002
v 14.4 23.99999999999998 -161.60000000000002
v 18.400000000000002 23.199999999999985 -153.60000000000002
v 18.400000000000002 23.199999999999985 -145.6
v 14.4 23.999999999999982 -148.8
v 14.4 23.999999999999982 -145.6
v 4 21.599999999999984 -145.6
v 4 23.199999999999985 -145.6
v 8 23.199999999999985 -145.6
v 8 23.999999999999982 -145.6
v 4 21.599999999999984 -153.60000000000002
v 4 21.599999999999984 -145.6
v 8 21.599999999999984 -153.60000000000002
v 8 21.599999999999984 -148.8
v 14.4 21.599999999999984 -153.60000000000002
v 14.4 21.599999999999984 -148.8
v 18.400000000000002 21.599999999999984 -153.60000000000002
v 18.400000000000002 21.599999999999984 -145.6
v 18.400000000000002 23.199999999999985 -153.60000000000002
v 18.400000000000002 23.19999999999998 -161.60000000000002
v 18.400000000000002 21.599999999999984 -153.60000000000002
v 18.400000000000002 21.59999999999998 -161.60000000000002
v 8 21.599999999999984 -148.8
v 8 23.199999999999985 -145.6
v 8 23.999999999999982 -148.8
v 8 23.999999999999982 -145.6
v 14.4 23.999999999999982 -148.8
v 14.4 23.999999999999982 -145.6
v 14.4 21.599999999999984 -148.8
v 14.4 23.199999999999985 -145.6
v 18.400000000000002 23.199999999999985 -145.6
v 18.400000000000002 21.599999999999984 -145.6
v 14.4 23.999999999999982 -145.6
v 14.4 23.199999999999985 -145.6
v 4 23.19999999999998 -161.60000000000002
v 4 21.59999999999998 -161.60000000000002
v 8 23.99999999999998 -161.60000000000002
v 8 23.19999999999998 -161.60000000000002
vt 0.4921875 0.84375
vt 0.4765625 0.8046875
vt 0.4765625 0.84375
vt 0.4375 0.78125
vt 0.4375 0.7421875
vt 0.453125 0.78125
vt 0.4765625 0.7734375
vt 0.4765625 0.8046875
vt 0.4921875 0.7734375
vt 0.453125 0.7109375
vt 0.4375 0.7421875
vt 0.4375 0.7109375
vt 0.4921875 0.71875
vt 0.4765625 0.6796875
vt 0.4765625 0.71875
vt 0.4375 0.65625
vt 0.4375 0.609375
vt 0.453125 0.65625
vt 0.453125 0.578125
vt 0.4375 0.609375
vt 0.4375 0.578125
vt 0.4765625 0.640625
vt 0.4765625 0.6796875
vt 0.4921875 0.640625
vt 0.4453125 0.8671875
vt 0.4453125 0.8046875
vt 0.4921875 0.8671875
vt 0.4921875 0.84375
vt 0.4765625 0.8046875
vt 0.4765625 0.7734375
vt 0.4375 0.8046875
vt 0.4375 0.75
vt 0.4765625 0.7734375
vt 0.4921875 0.7734375
vt 0.484375 0.75
vt 0.4921875 0.75
vt 0.4453125 0.8046875
vt 0.4453125 0.75
vt 0.4921875 0.7734375
vt 0.4921875 0.75
vt 0.4453125 0.6875
vt 0.453125 0.6875
vt 0.4375 0.7109375
vt 0.453125 0.7109375
vt 0.4765625 0.7421875
vt 0.4765625 0.6875
vt 0.4375 0.7421875
vt 0.4375 0.7109375
vt 0.453125 0.7109375
vt 0.453125 0.6875
vt 0.4921875 0.7421875
vt 0.4921875 0.6875
vt 0.4765625 0.7421875
vt 0.4765625 0.8046875
vt 0.4921875 0.7421875
vt 0.4921875 0.8046875
vt 0.4765625 0.6875
vt 0.4921875 0.6875
vt 0.4453125 0.6875
vt 0.453125 0.6875
vt 0.4921875 0.7421875
vt 0.4921875 0.8046875
vt 0.453125 0.78125
vt 0.453125 0.8046875
vt 0.4375 0.8671875
vt 0.4453125 0.8671875
vt 0.484375 0.8671875
vt 0.4921875 0.8671875
vt 0.4453125 0.75
vt 0.4375 0.75
vt 0.4921875 0.75
vt 0.484375 0.75
vt 0.4921875 0.8046875
vt 0.4765625 0.8046875
vt 0.453125 0.8046875
vt 0.4453125 0.8046875
vt 0.453125 0.78125
vt 0.453125 0.8046875
vt 0.4375 0.78125
vt 0.4453125 0.8046875
vt 0.4765625 0.84375
vt 0.484375 0.8671875
vt 0.4921875 0.84375
vt 0.4921875 0.8671875
vt 0.4921875 0.7421875
vt 0.4921875 0.6875
vt 0.4765625 0.7421875
vt 0.4765625 0.6875
vt 0.4375 0.7421875
vt 0.4375 0.78125
vt 0.4765625 0.7421875
vt 0.4765625 0.8046875
vt 0.4375 0.8046875
vt 0.4375 0.8671875
vt 0.4765625 0.8046875
vt 0.4765625 0.84375
vt 0.4453125 0.7421875
vt 0.4453125 0.6796875
vt 0.4921875 0.7421875
vt 0.4921875 0.71875
vt 0.4765625 0.6796875
vt 0.4765625 0.640625
vt 0.4375 0.6796875
vt 0.4375 0.625
vt 0.4765625 0.640625
vt 0.4921875 0.640625
vt 0.484375 0.625
vt 0.4921875 0.625
vt 0.4453125 0.6796875
vt 0.4453125 0.625
vt 0.4921875 0.640625
vt 0.4921875 0.625
vt 0.4453125 0.5546875
vt 0.453125 0.5546875
vt 0.4375 0.578125
vt 0.453125 0.578125
vt 0.4765625 0.609375
vt 0.4765625 0.5546875
vt 0.4375 0.609375
vt 0.4375 0.578125
vt 0.453125 0.578125
vt 0.453125 0.5546875
vt 0.4921875 0.609375
vt 0.4921875 0.5546875
vt 0.4765625 0.609375
vt 0.4765625 0.6796875
vt 0.4921875 0.609375
vt 0.4921875 0.6796875
vt 0.4765625 0.5546875
vt 0.4921875 0.5546875
vt 0.4453125 0.5546875
vt 0.453125 0.5546875
vt 0.4921875 0.609375
vt 0.4921875 0.6796875
vt 0.453125 0.65625
vt 0.453125 0.6796875
vt 0.4375 0.7421875
vt 0.4453125 0.7421875
vt 0.484375 0.7421875
vt 0.4921875 0.7421875
vt 0.4375 0.6796875
vt 0.4375 0.7421875
vt 0.4765625 0.6796875
vt 0.4765625 0.71875
vt 0.4375 0.609375
vt 0.4375 0.65625
vt 0.4765625 0.609375
vt 0.4765625 0.6796875
vt 0.4921875 0.609375
vt 0.4921875 0.5546875
vt 0.4765625 0.609375
vt 0.4765625 0.5546875
vt 0.4765625 0.71875
vt 0.484375 0.7421875
vt 0.4921875 0.71875
vt 0.4921875 0.7421875
vt 0.453125 0.65625
vt 0.453125 0.6796875
vt 0.4375 0.65625
vt 0.4453125 0.6796875
vt 0.4921875 0.6796875
vt 0.4765625 0.6796875
vt 0.453125 0.6796875
vt 0.4453125 0.6796875
vt 0.4453125 0.625
vt 0.4375 0.625
vt 0.4921875 0.625
vt 0.484375 0.625
vn 1 0 0
vn 1 0 0
vn 1 0 0
vn -1 0 0
vn -1 0 0
vn -1 0 0
vn 1 0 0
vn 1 0 0
vn 1 0 0
vn -1 0 0
vn -1 0 0
vn -1 0 0
vn 1 0 0
vn 1 0 0
vn 1 0 0
vn -1 0 0
vn -1 0 0
vn -1 0 0
vn -1 0 0
vn -1 0 0
vn -1 0 0
vn 1 0 0
vn 1 0 0
vn 1 0 0
vn -0.19611613227257615 0.9805806762640419 -1.2008649864925056e-16
vn -0.19611613227257615 0.9805806762640419 -1.2008649864925056e-16
vn -0.19611613227257615 0.9805806762640419 -1.2008649864925056e-16
vn -0.19611613227257615 0.9805806762640419 -1.2008649864925056e-16
vn 0 -1 1.2246467991473532e-16
vn 0 -1 1.2246467991473532e-16
vn 0 -1 1.2246467991473532e-16
vn 0 -1 1.2246467991473532e-16
vn 1 0 0
vn 1 0 0
vn 1 0 0
vn 1 0 0
vn -0.19611613227257615 0.9805806762640419 -1.2008649864925056e-16
vn -0.19611613227257615 0.9805806762640419 -1.2008649864925056e-16
vn -0.19611613227257615 0.9805806762640419 -1.2008649864925056e-16
vn -0.19611613227257615 0.9805806762640419 -1.2008649864925056e-16
vn -1 0 0
vn -1 0 0
vn -1 0 0
vn -1 0 0
vn 0 -1 1.2246467991473532e-16
vn 0 -1 1.2246467991473532e-16
vn 0 -1 1.2246467991473532e-16
vn 0 -1 1.2246467991473532e-16
vn 0.19611613227257615 0.9805806762640419 -1.2008649864925056e-16
vn 0.19611613227257615 0.9805806762640419 -1.2008649864925056e-16
vn 0.19611613227257615 0.9805806762640419 -1.2008649864925056e-16
vn 0.19611613227257615 0.9805806762640419 -1.2008649864925056e-16
vn 1 0 0
vn 1 0 0
vn 1 0 0
vn 1 0 0
vn 0 -1.2246467991473532e-16 -1
vn 0 -1.2246467991473532e-16 -1
vn 0 -1.2246467991473532e-16 -1
vn 0 -1.2246467991473532e-16 -1
vn 0.19611613227257615 0.9805806762640419 -1.2008649864925056e-16
vn 0.19611613227257615 0.9805806762640419 -1.2008649864925056e-16
vn 0.19611613227257615 0.9805806762640419 -1.2008649864925056e-16
vn 0.19611613227257615 0.9805806762640419 -1.2008649864925056e-16
vn 0 1.2246467991473532e-16 1
vn 0 1.2246467991473532e-16 1
vn 0 1.2246467991473532e-16 1
vn 0 1.2246467991473532e-16 1
vn 0 -1.2246467991473532e-16 -1
vn 0 -1.2246467991473532e-16 -1
vn 0 -1.2246467991473532e-16 -1
vn 0 -1.2246467991473532e-16 -1
vn 0 1.2246467991473532e-16 1
vn 0 1.2246467991473532e-16 1
vn 0 1.2246467991473532e-16 1
vn 0 1.2246467991473532e-16 1
vn -1 0 0
vn -1 0 0
vn -1 0 0
vn -1 0 0
vn 1 0 0
vn 1 0 0
vn 1 0 0
vn 1 0 0
vn 1 0 0
vn 1 0 0
vn 1 0 0
vn 1 0 0
vn 0 -1 1.2246467991473532e-16
vn 0 -1 1.2246467991473532e-16
vn 0 -1 1.2246467991473532e-16
vn 0 -1 1.2246467991473532e-16
vn 0 -1 1.2246467991473532e-16
vn 0 -1 1.2246467991473532e-16
vn 0 -1 1.2246467991473532e-16
vn 0 -1 1.2246467991473532e-16
vn -0.19611613227257615 0.9805806762640419 -1.2008649864925056e-16
vn -0.19611613227257615 0.9805806762640419 -1.2008649864925056e-16
vn -0.19611613227257615 0.9805806762640419 -1.2008649864925056e-16
vn -0.19611613227257615 0.9805806762640419 -1.2008649864925056e-16
vn 0 -1 1.2246467991473532e-16
vn 0 -1 1.2246467991473532e-16
vn 0 -1 1.2246467991473532e-16
vn 0 -1 1.2246467991473532e-16
vn 1 0 0
vn 1 0 0
vn 1 0 0
vn 1 0 0
vn -0.19611613227257615 0.9805806762640419 -1.2008649864925056e-16
vn -0.19611613227257615 0.9805806762640419 -1.2008649864925056e-16
vn -0.19611613227257615 0.9805806762640419 -1.2008649864925056e-16
vn -0.19611613227257615 0.9805806762640419 -1.2008649864925056e-16
vn -1 0 0
vn -1 0 0
vn -1 0 0
vn -1 0 0
vn 0 -1 1.2246467991473532e-16
vn 0 -1 1.2246467991473532e-16
vn 0 -1 1.2246467991473532e-16
vn 0 -1 1.2246467991473532e-16
vn 0.19611613227257615 0.9805806762640419 -1.2008649864925056e-16
vn 0.19611613227257615 0.9805806762640419 -1.2008649864925056e-16
vn 0.19611613227257615 0.9805806762640419 -1.2008649864925056e-16
vn 0.19611613227257615 0.9805806762640419 -1.2008649864925056e-16
vn 1 0 0
vn 1 0 0
vn 1 0 0
vn 1 0 0
vn 0 -1.2246467991473532e-16 -1
vn 0 -1.2246467991473532e-16 -1
vn 0 -1.2246467991473532e-16 -1
vn 0 -1.2246467991473532e-16 -1
vn 0.19611613227257615 0.9805806762640419 -1.2008649864925056e-16
vn 0.19611613227257615 0.9805806762640419 -1.2008649864925056e-16
vn 0.19611613227257615 0.9805806762640419 -1.2008649864925056e-16
vn 0.19611613227257615 0.9805806762640419 -1.2008649864925056e-16
vn 0 1.2246467991473532e-16 1
vn 0 1.2246467991473532e-16 1
vn 0 1.2246467991473532e-16 1
vn 0 1.2246467991473532e-16 1
vn 0 -1 1.2246467991473532e-16
vn 0 -1 1.2246467991473532e-16
vn 0 -1 1.2246467991473532e-16
vn 0 -1 1.2246467991473532e-16
vn 0 -1 1.2246467991473532e-16
vn 0 -1 1.2246467991473532e-16
vn 0 -1 1.2246467991473532e-16
vn 0 -1 1.2246467991473532e-16
vn 1 0 0
vn 1 0 0
vn 1 0 0
vn 1 0 0
vn 1 0 0
vn 1 0 0
vn 1 0 0
vn 1 0 0
vn -1 0 0
vn -1 0 0
vn -1 0 0
vn -1 0 0
vn 0 1.2246467991473532e-16 1
vn 0 1.2246467991473532e-16 1
vn 0 1.2246467991473532e-16 1
vn 0 1.2246467991473532e-16 1
vn 0 -1.2246467991473532e-16 -1
vn 0 -1.2246467991473532e-16 -1
vn 0 -1.2246467991473532e-16 -1
vn 0 -1.2246467991473532e-16 -1
f 2467/2467/2467 2466/2466/2466 2465/2465/2465
f 2470/2470/2470 2469/2469/2469 2468/2468/2468
f 2473/2473/2473 2472/2472/2472 2471/2471/2471
f 2476/2476/2476 2475/2475/2475 2474/2474/2474
f 2479/2479/2479 2478/2478/2478 2477/2477/2477
f 2482/2482/2482 2481/2481/2481 2480/2480/2480
f 2485/2485/2485 2484/2484/2484 2483/2483/2483
f 2488/2488/2488 2487/2487/2487 2486/2486/2486
f 2491/2491/2491 2490/2490/2490 2489/2489/2489
f 2490/2490/2490 2491/2491/2491 2492/2492/2492
f 2495/2495/2495 2494/2494/2494 2493/2493/2493
f 2494/2494/2494 2495/2495/2495 2496/2496/2496
f 2499/2499/2499 2498/2498/2498 2497/2497/2497
f 2498/2498/2498 2499/2499/2499 2500/2500/2500
f 2503/2503/2503 2502/2502/2502 2501/2501/2501
f 2502/2502/2502 2503/2503/2503 2504/2504/2504
f 2507/2507/2507 2506/2506/2506 2505/2505/2505
f 2506/2506/2506 2507/2507/2507 2508/2508/2508
f 2511/2511/2511 2510/2510/2510 2509/2509/2509
f 2510/2510/2510 2511/2511/2511 2512/2512/2512
f 2515/2515/2515 2514/2514/2514 2513/2513/2513
f 2514/2514/2514 2515/2515/2515 2516/2516/2516
f 2519/2519/2519 2518/2518/2518 2517/2517/2517
f 2518/2518/2518 2519/2519/2519 2520/2520/2520
f 2523/2523/2523 2522/2522/2522 2521/2521/2521
f 2522/2522/2522 2523/2523/2523 2524/2524/2524
f 2527/2527/2527 2526/2526/2526 2525/2525/2525
f 2526/2526/2526 2527/2527/2527 2528/2528/2528
f 2531/2531/2531 2530/2530/2530 2529/2529/2529
f 2530/2530/2530 2531/2531/2531 2532/2532/2532
f 2535/2535/2535 2534/2534/2534 2533/2533/2533
f 2534/2534/2534 2535/2535/2535 2536/2536/2536
f 2539/2539/2539 2538/2538/2538 2537/2537/2537
f 2538/2538/2538 2539/2539/2539 2540/2540/2540
f 2543/2543/2543 2542/2542/2542 2541/2541/2541
f 2542/2542/2542 2543/2543/2543 2544/2544/2544
f 2547/2547/2547 2546/2546/2546 2545/2545/2545
f 2546/2546/2546 2547/2547/2547 2548/2548/2548
f 2551/2551/2551 2550/2550/2550 2549/2549/2549
f 2550/2550/2550 2551/2551/2551 2552/2552/2552
f 2555/2555/2555 2554/2554/2554 2553/2553/2553
f 2554/2554/2554 2555/2555/2555 2556/2556/2556
f 2559/2559/2559 2558/2558/2558 2557/2557/2557
f 2558/2558/2558 2559/2559/2559 2560/2560/2560
f 2563/2563/2563 2562/2562/2562 2561/2561/2561
f 2562/2562/2562 2563/2563/2563 2564/2564/2564
f 2567/2567/2567 2566/2566/2566 2565/2565/2565
f 2566/2566/2566 2567/2567/2567 2568/2568/2568
f 2571/2571/2571 2570/2570/2570 2569/2569/2569
f 2570/2570/2570 2571/2571/2571 2572/2572/2572
f 2575/2575/2575 2574/2574/2574 2573/2573/2573
f 2574/2574/2574 2575/2575/2575 2576/2576/2576
f 2579/2579/2579 2578/2578/2578 2577/2577/2577
f 2578/2578/2578 2579/2579/2579 2580/2580/2580
f 2583/2583/2583 2582/2582/2582 2581/2581/2581
f 2582/2582/2582 2583/2583/2583 2584/2584/2584
f 2587/2587/2587 2586/2586/2586 2585/2585/2585
f 2586/2586/2586 2587/2587/2587 2588/2588/2588
f 2591/2591/2591 2590/2590/2590 2589/2589/2589
f 2590/2590/2590 2591/2591/2591 2592/2592/2592
f 2595/2595/2595 2594/2594/2594 2593/2593/2593
f 2594/2594/2594 2595/2595/2595 2596/2596/2596
f 2599/2599/2599 2598/2598/2598 2597/2597/2597
f 2598/2598/2598 2599/2599/2599 2600/2600/2600
f 2603/2603/2603 2602/2602/2602 2601/2601/2601
f 2602/2602/2602 2603/2603/2603 2604/2604/2604
f 2607/2607/2607 2606/2606/2606 2605/2605/2605
f 2606/2606/2606 2607/2607/2607 2608/2608/2608
f 2611/2611/2611 2610/2610/2610 2609/2609/2609
f 2610/2610/2610 2611/2611/2611 2612/2612/2612
f 2615/2615/2615 2614/2614/2614 2613/2613/2613
f 2614/2614/2614 2615/2615/2615 2616/2616/2616
f 2619/2619/2619 2618/2618/2618 2617/2617/2617
f 2618/2618/2618 2619/2619/2619 2620/2620/2620
f 2623/2623/2623 2622/2622/2622 2621/2621/2621
f 2622/2622/2622 2623/2623/2623 2624/2624/2624
f 2627/2627/2627 2626/2626/2626 2625/2625/2625
f 2626/2626/2626 2627/2627/2627 2628/2628/2628
f 2631/2631/2631 2630/2630/2630 2629/2629/2629
f 2630/2630/2630 2631/2631/2631 2632/2632/2632
o mesh_46
usemtl mat12
v 14.4 23.99999999999998 -184
v 18.400000000000002 23.19999999999998 -179.20000000000002
v 22.400000000000002 24.79999999999998 -179.20000000000002
v 0 24.79999999999998 -179.20000000000002
v 4 23.19999999999998 -179.20000000000002
v 8 23.99999999999998 -184
v 8 23.99999999999998 -174.4
v 4 23.19999999999998 -179.20000000000002
v 0 24.79999999999998 -179.20000000000002
v 22.400000000000002 24.79999999999998 -179.20000000000002
v 18.400000000000002 23.19999999999998 -179.20000000000002
v 14.4 23.99999999999998 -174.4
v 14.4 23.999999999999982 -158.4
v 18.400000000000002 23.199999999999985 -153.60000000000002
v 22.400000000000002 24.799999999999983 -153.60000000000002
v 0 24.799999999999983 -153.60000000000002
v 4 23.199999999999985 -153.60000000000002
v 8 23.999999999999982 -158.4
v 8 23.999999999999982 -148.8
v 4 23.199999999999985 -153.60000000000002
v 0 24.799999999999983 -153.60000000000002
v 22.400000000000002 24.799999999999983 -153.60000000000002
v 18.400000000000002 23.199999999999985 -153.60000000000002
v 14.4 23.999999999999982 -148.8
v 22.400000000000002 39.99999999999998 -187.20000000000002
v 22.400000000000002 43.99999999999998 -179.20000000000002
v 14.4 41.59999999999998 -190.4
v 14.4 47.19999999999998 -179.20000000000002
v 14.4 47.19999999999998 -179.20000000000002
v 14.4 41.59999999999998 -168
v 8 47.19999999999998 -179.20000000000002
v 8 41.59999999999998 -168
v 8 23.99999999999998 -184
v 8 21.59999999999998 -179.20000000000002
v 14.4 23.99999999999998 -184
v 14.4 21.59999999999998 -179.20000000000002
v 8 21.59999999999998 -179.20000000000002
v 8 23.99999999999998 -174.4
v 14.4 21.59999999999998 -179.20000000000002
v 14.4 23.99999999999998 -174.4
v 8 47.19999999999998 -179.20000000000002
v 8 41.59999999999998 -190.4
v 14.4 47.19999999999998 -179.20000000000002
v 14.4 41.59999999999998 -190.4
v 0 39.99999999999998 -171.20000000000002
v 0 43.99999999999998 -179.20000000000002
v 8 41.59999999999998 -168
v 8 47.19999999999998 -179.20000000000002
v 8 41.59999999999998 -190.4
v 8 47.19999999999998 -179.20000000000002
v 0 39.99999999999998 -187.20000000000002
v 0 43.99999999999998 -179.20000000000002
v 14.4 23.99999999999998 -184
v 14.4 27.199999999999978 -190.4
v 8 23.99999999999998 -184
v 8 27.199999999999978 -190.4
v 8 41.59999999999998 -190.4
v 0 39.99999999999998 -187.20000000000002
v 8 27.199999999999978 -190.4
v 0 28.79999999999998 -187.20000000000002
v 22.400000000000002 39.99999999999998 -187.20000000000002
v 14.4 41.59999999999998 -190.4
v 22.400000000000002 28.79999999999998 -187.20000000000002
v 14.4 27.199999999999978 -190.4
v 14.4 27.199999999999978 -190.4
v 14.4 41.59999999999998 -190.4
v 8 27.199999999999978 -190.4
v 8 41.59999999999998 -190.4
v 14.4 23.99999999999998 -174.4
v 14.4 27.19999999999998 -168
v 22.400000000000002 24.79999999999998 -179.20000000000002
v 22.400000000000002 28.79999999999998 -171.20000000000002
v 14.4 41.59999999999998 -168
v 14.4 47.19999999999998 -179.20000000000002
v 22.400000000000002 39.99999999999998 -171.20000000000002
v 22.400000000000002 43.99999999999998 -179.20000000000002
v 8 23.99999999999998 -174.4
v 8 27.19999999999998 -168
v 14.4 23.99999999999998 -174.4
v 14.4 27.19999999999998 -168
v 22.400000000000002 39.99999999999998 -171.20000000000002
v 22.400000000000002 28.79999999999998 -171.20000000000002
v 14.4 41.59999999999998 -168
v 14.4 27.19999999999998 -168
v 0 39.99999999999998 -171.20000000000002
v 8 41.59999999999998 -168
v 0 28.79999999999998 -171.20000000000002
v 8 27.19999999999998 -168
v 14.4 41.59999999999998 -168
v 14.4 27.19999999999998 -168
v 8 41.59999999999998 -168
v 8 27.19999999999998 -168
v 22.400000000000002 24.79999999999998 -179.20000000000002
v 22.400000000000002 28.79999999999998 -187.20000000000002
v 14.4 23.99999999999998 -184
v 14.4 27.199999999999978 -190.4
v 0 24.79999999999998 -179.20000000000002
v 0 28.79999999999998 -171.20000000000002
v 8 23.99999999999998 -174.4
v 8 27.19999999999998 -168
v 8 23.99999999999998 -184
v 8 27.199999999999978 -190.4
v 0 24.79999999999998 -179.20000000000002
v 0 28.79999999999998 -187.20000000000002
v 22.400000000000002 39.99999999999998 -161.60000000000002
v 22.400000000000002 43.99999999999998 -153.60000000000002
v 14.4 41.59999999999998 -164.8
v 14.4 47.19999999999998 -153.60000000000002
v 14.4 47.19999999999998 -153.60000000000002
v 14.4 41.59999999999999 -142.4
v 8 47.19999999999998 -153.60000000000002
v 8 41.59999999999999 -142.4
v 8 23.999999999999982 -158.4
v 8 21.599999999999984 -153.60000000000002
v 14.4 23.999999999999982 -158.4
v 14.4 21.599999999999984 -153.60000000000002
v 8 21.599999999999984 -153.60000000000002
v 8 23.999999999999982 -148.8
v 14.4 21.599999999999984 -153.60000000000002
v 14.4 23.999999999999982 -148.8
v 8 47.19999999999998 -153.60000000000002
v 8 41.59999999999998 -164.8
v 14.4 47.19999999999998 -153.60000000000002
v 14.4 41.59999999999998 -164.8
v 0 39.99999999999998 -145.6
v 0 43.99999999999998 -153.60000000000002
v 8 41.59999999999999 -142.4
v 8 47.19999999999998 -153.60000000000002
v 8 41.59999999999998 -164.8
v 8 47.19999999999998 -153.60000000000002
v 0 39.99999999999998 -161.60000000000002
v 0 43.99999999999998 -153.60000000000002
v 14.4 23.999999999999982 -158.4
v 14.4 27.19999999999998 -164.8
v 8 23.999999999999982 -158.4
v 8 27.19999999999998 -164.8
v 8 41.59999999999998 -164.8
v 0 39.99999999999998 -161.60000000000002
v 8 27.19999999999998 -164.8
v 0 28.79999999999998 -161.60000000000002
v 22.400000000000002 39.99999999999998 -161.60000000000002
v 14.4 41.59999999999998 -164.8
v 22.400000000000002 28.79999999999998 -161.60000000000002
v 14.4 27.19999999999998 -164.8
v 14.4 27.19999999999998 -164.8
v 14.4 41.59999999999998 -164.8
v 8 27.19999999999998 -164.8
v 8 41.59999999999998 -164.8
v 14.4 23.999999999999982 -148.8
v 14.4 27.199999999999985 -142.4
v 22.400000000000002 24.799999999999983 -153.60000000000002
v 22.400000000000002 28.799999999999983 -145.6
v 22.400000000000002 24.799999999999983 -153.60000000000002
v 22.400000000000002 28.79999999999998 -161.60000000000002
v 14.4 23.999999999999982 -158.4
v 14.4 27.19999999999998 -164.8
v 0 24.799999999999983 -153.60000000000002
v 0 28.799999999999983 -145.6
v 8 23.999999999999982 -148.8
v 8 27.199999999999985 -142.4
v 14.4 41.59999999999999 -142.4
v 14.4 47.19999999999998 -153.60000000000002
v 22.400000000000002 39.99999999999998 -145.6
v 22.400000000000002 43.99999999999998 -153.60000000000002
v 8 23.999999999999982 -148.8
v 8 27.199999999999985 -142.4
v 14.4 23.999999999999982 -148.8
v 14.4 27.199999999999985 -142.4
v 22.400000000000002 39.99999999999998 -145.6
v 22.400000000000002 28.799999999999983 -145.6
v 14.4 41.59999999999999 -142.4
v 14.4 27.199999999999985 -142.4
v 0 39.99999999999998 -145.6
v 8 41.59999999999999 -142.4
v 0 28.799999999999983 -145.6
v 8 27.199999999999985 -142.4
v 14.4 41.59999999999999 -142.4
v 14.4 27.199999999999985 -142.4
v 8 41.59999999999999 -142.4
v 8 27.199999999999985 -142.4
v 8 23.999999999999982 -158.4
v 8 27.19999999999998 -164.8
v 0 24.799999999999983 -153.60000000000002
v 0 28.79999999999998 -161.60000000000002
vt 0.1484375 0.8125
vt 0.1953125 0.875
vt 0.2421875 0.875
vt 0 0.875
vt 0.046875 0.875
vt 0.09375 0.8125
vt 0.09375 0.921875
vt 0.046875 0.875
vt 0 0.875
vt 0.2421875 0.875
vt 0.1953125 0.875
vt 0.1484375 0.921875
vt 0.1484375 0.8125
vt 0.1953125 0.875
vt 0.2421875 0.875
vt 0 0.875
vt 0.046875 0.875
vt 0.09375 0.8125
vt 0.09375 0.921875
vt 0.046875 0.875
vt 0 0.875
vt 0.2421875 0.875
vt 0.1953125 0.875
vt 0.1484375 0.921875
vt 0.2421875 0.75
vt 0.2421875 0.875
vt 0.1484375 0.75
vt 0.1484375 0.875
vt 0.1484375 0.875
vt 0.1484375 0.9921875
vt 0.09375 0.875
vt 0.09375 0.9921875
vt 0.09375 0.8125
vt 0.09375 0.875
vt 0.1484375 0.8125
vt 0.1484375 0.875
vt 0.09375 0.875
vt 0.09375 0.921875
vt 0.1484375 0.875
vt 0.1484375 0.921875
vt 0.09375 0.875
vt 0.09375 0.75
vt 0.1484375 0.875
vt 0.1484375 0.75
vt 0 0.9921875
vt 0 0.875
vt 0.09375 0.9921875
vt 0.09375 0.875
vt 0.09375 0.75
vt 0.09375 0.875
vt 0 0.75
vt 0 0.875
vt 0.1484375 0.8125
vt 0.1484375 0.75
vt 0.09375 0.8125
vt 0.09375 0.75
vt 0.09375 0.8515625
vt 0 0.8515625
vt 0.09375 0.9921875
vt 0 0.9921875
vt 0.2421875 0.8515625
vt 0.1484375 0.8515625
vt 0.2421875 0.9921875
vt 0.1484375 0.9921875
vt 0.1484375 0.9921875
vt 0.1484375 0.8515625
vt 0.09375 0.9921875
vt 0.09375 0.8515625
vt 0.1484375 0.921875
vt 0.1484375 0.9921875
vt 0.2421875 0.875
vt 0.2421875 0.9921875
vt 0.1484375 0.9921875
vt 0.1484375 0.875
vt 0.2421875 0.9921875
vt 0.2421875 0.875
vt 0.09375 0.921875
vt 0.09375 0.9921875
vt 0.1484375 0.921875
vt 0.1484375 0.9921875
vt 0.2421875 0.8515625
vt 0.2421875 0.9921875
vt 0.1484375 0.8515625
vt 0.1484375 0.9921875
vt 0 0.8515625
vt 0.09375 0.8515625
vt 0 0.9921875
vt 0.09375 0.9921875
vt 0.1484375 0.8515625
vt 0.1484375 0.9921875
vt 0.09375 0.8515625
vt 0.09375 0.9921875
vt 0.2421875 0.875
vt 0.2421875 0.75
vt 0.1484375 0.8125
vt 0.1484375 0.75
vt 0 0.875
vt 0 0.9921875
vt 0.09375 0.921875
vt 0.09375 0.9921875
vt 0.09375 0.8125
vt 0.09375 0.75
vt 0 0.875
vt 0 0.75
vt 0.2421875 0.75
vt 0.2421875 0.875
vt 0.1484375 0.75
vt 0.1484375 0.875
vt 0.1484375 0.875
vt 0.1484375 0.9921875
vt 0.09375 0.875
vt 0.09375 0.9921875
vt 0.09375 0.8125
vt 0.09375 0.875
vt 0.1484375 0.8125
vt 0.1484375 0.875
vt 0.09375 0.875
vt 0.09375 0.921875
vt 0.1484375 0.875
vt 0.1484375 0.921875
vt 0.09375 0.875
vt 0.09375 0.75
vt 0.1484375 0.875
vt 0.1484375 0.75
vt 0 0.9921875
vt 0 0.875
vt 0.09375 0.9921875
vt 0.09375 0.875
vt 0.09375 0.75
vt 0.09375 0.875
vt 0 0.75
vt 0 0.875
vt 0.1484375 0.8125
vt 0.1484375 0.75
vt 0.09375 0.8125
vt 0.09375 0.75
vt 0.09375 0.8515625
vt 0 0.8515625
vt 0.09375 0.9921875
vt 0 0.9921875
vt 0.2421875 0.8515625
vt 0.1484375 0.8515625
vt 0.2421875 0.9921875
vt 0.1484375 0.9921875
vt 0.1484375 0.9921875
vt 0.1484375 0.8515625
vt 0.09375 0.9921875
vt 0.09375 0.8515625
vt 0.1484375 0.921875
vt 0.1484375 0.9921875
vt 0.2421875 0.875
vt 0.2421875 0.9921875
vt 0.2421875 0.875
vt 0.2421875 0.75
vt 0.1484375 0.8125
vt 0.1484375 0.75
vt 0 0.875
vt 0 0.9921875
vt 0.09375 0.921875
vt 0.09375 0.9921875
vt 0.1484375 0.9921875
vt 0.1484375 0.875
vt 0.2421875 0.9921875
vt 0.2421875 0.875
vt 0.09375 0.921875
vt 0.09375 0.9921875
vt 0.1484375 0.921875
vt 0.1484375 0.9921875
vt 0.2421875 0.8515625
vt 0.2421875 0.9921875
vt 0.1484375 0.8515625
vt 0.1484375 0.9921875
vt 0 0.8515625
vt 0.09375 0.8515625
vt 0 0.9921875
vt 0.09375 0.9921875
vt 0.1484375 0.8515625
vt 0.1484375 0.9921875
vt 0.09375 0.8515625
vt 0.09375 0.9921875
vt 0.09375 0.8125
vt 0.09375 0.75
vt 0 0.875
vt 0 0.75
vn 0.33686076842660756 -0.8421519210665189 -0.4210759605332594
vn 0.33686076842660756 -0.8421519210665189 -0.4210759605332594
vn 0.33686076842660756 -0.8421519210665189 -0.4210759605332594
vn -0.33686076842660756 -0.8421519210665189 -0.4210759605332594
vn -0.33686076842660756 -0.8421519210665189 -0.4210759605332594
vn -0.33686076842660756 -0.8421519210665189 -0.4210759605332594
vn -0.33686076842660756 -0.8421519210665189 0.4210759605332596
vn -0.33686076842660756 -0.8421519210665189 0.4210759605332596
vn -0.33686076842660756 -0.8421519210665189 0.4210759605332596
vn 0.33686076842660756 -0.8421519210665189 0.4210759605332596
vn 0.33686076842660756 -0.8421519210665189 0.4210759605332596
vn 0.33686076842660756 -0.8421519210665189 0.4210759605332596
vn 0.33686076842660756 -0.8421519210665189 -0.4210759605332594
vn 0.33686076842660756 -0.8421519210665189 -0.4210759605332594
vn 0.33686076842660756 -0.8421519210665189 -0.4210759605332594
vn -0.33686076842660756 -0.8421519210665189 -0.4210759605332594
vn -0.33686076842660756 -0.8421519210665189 -0.4210759605332594
vn -0.33686076842660756 -0.8421519210665189 -0.4210759605332594
vn -0.33686076842660756 -0.8421519210665189 0.4210759605332596
vn -0.33686076842660756 -0.8421519210665189 0.4210759605332596
vn -0.33686076842660756 -0.8421519210665189 0.4210759605332596
vn 0.33686076842660756 -0.8421519210665189 0.4210759605332596
vn 0.33686076842660756 -0.8421519210665189 0.4210759605332596
vn 0.33686076842660756 -0.8421519210665189 0.4210759605332596
vn 0.33686076842660756 0.8421519210665189 -0.4210759605332596
vn 0.33686076842660756 0.8421519210665189 -0.4210759605332596
vn 0.33686076842660756 0.8421519210665189 -0.4210759605332596
vn 0.33686076842660756 0.8421519210665189 -0.4210759605332596
vn 0 0.894427190999916 0.4472135954999579
vn 0 0.894427190999916 0.4472135954999579
vn 0 0.894427190999916 0.4472135954999579
vn 0 0.894427190999916 0.4472135954999579
vn 0 -0.894427190999916 -0.4472135954999579
vn 0 -0.894427190999916 -0.4472135954999579
vn 0 -0.894427190999916 -0.4472135954999579
vn 0 -0.894427190999916 -0.4472135954999579
vn 0 -0.8944271909999157 0.447213595499958
vn 0 -0.8944271909999157 0.447213595499958
vn 0 -0.8944271909999157 0.447213595499958
vn 0 -0.8944271909999157 0.447213595499958
vn 0 0.8944271909999157 -0.447213595499958
vn 0 0.8944271909999157 -0.447213595499958
vn 0 0.8944271909999157 -0.447213595499958
vn 0 0.8944271909999157 -0.447213595499958
vn -0.33686076842660756 0.8421519210665189 0.4210759605332594
vn -0.33686076842660756 0.8421519210665189 0.4210759605332594
vn -0.33686076842660756 0.8421519210665189 0.4210759605332594
vn -0.33686076842660756 0.8421519210665189 0.4210759605332594
vn -0.33686076842660756 0.8421519210665189 -0.4210759605332596
vn -0.33686076842660756 0.8421519210665189 -0.4210759605332596
vn -0.33686076842660756 0.8421519210665189 -0.4210759605332596
vn -0.33686076842660756 0.8421519210665189 -0.4210759605332596
vn 0 -0.894427190999916 -0.4472135954999579
vn 0 -0.894427190999916 -0.4472135954999579
vn 0 -0.894427190999916 -0.4472135954999579
vn 0 -0.894427190999916 -0.4472135954999579
vn -0.3713906712157723 -1.1370560100926155e-16 -0.9284766929405919
vn -0.3713906712157723 -1.1370560100926155e-16 -0.9284766929405919
vn -0.3713906712157723 -1.1370560100926155e-16 -0.9284766929405919
vn -0.3713906712157723 -1.1370560100926155e-16 -0.9284766929405919
vn 0.3713906712157723 -1.1370560100926155e-16 -0.9284766929405919
vn 0.3713906712157723 -1.1370560100926155e-16 -0.9284766929405919
vn 0.3713906712157723 -1.1370560100926155e-16 -0.9284766929405919
vn 0.3713906712157723 -1.1370560100926155e-16 -0.9284766929405919
vn 0 -1.2246467991473532e-16 -1
vn 0 -1.2246467991473532e-16 -1
vn 0 -1.2246467991473532e-16 -1
vn 0 -1.2246467991473532e-16 -1
vn 0.33686076842660756 -0.8421519210665189 0.4210759605332596
vn 0.33686076842660756 -0.8421519210665189 0.4210759605332596
vn 0.33686076842660756 -0.8421519210665189 0.4210759605332596
vn 0.33686076842660756 -0.8421519210665189 0.4210759605332596
vn 0.33686076842660756 0.8421519210665189 0.4210759605332594
vn 0.33686076842660756 0.8421519210665189 0.4210759605332594
vn 0.33686076842660756 0.8421519210665189 0.4210759605332594
vn 0.33686076842660756 0.8421519210665189 0.4210759605332594
vn 0 -0.8944271909999157 0.447213595499958
vn 0 -0.8944271909999157 0.447213595499958
vn 0 -0.8944271909999157 0.447213595499958
vn 0 -0.8944271909999157 0.447213595499958
vn 0.3713906712157723 1.1370560100926155e-16 0.9284766929405919
vn 0.3713906712157723 1.1370560100926155e-16 0.9284766929405919
vn 0.3713906712157723 1.1370560100926155e-16 0.9284766929405919
vn 0.3713906712157723 1.1370560100926155e-16 0.9284766929405919
vn -0.3713906712157723 1.1370560100926155e-16 0.9284766929405919
vn -0.3713906712157723 1.1370560100926155e-16 0.9284766929405919
vn -0.3713906712157723 1.1370560100926155e-16 0.9284766929405919
vn -0.3713906712157723 1.1370560100926155e-16 0.9284766929405919
vn 0 1.2246467991473532e-16 1
vn 0 1.2246467991473532e-16 1
vn 0 1.2246467991473532e-16 1
vn 0 1.2246467991473532e-16 1
vn 0.33686076842660756 -0.8421519210665189 -0.4210759605332594
vn 0.33686076842660756 -0.8421519210665189 -0.4210759605332594
vn 0.33686076842660756 -0.8421519210665189 -0.4210759605332594
vn 0.33686076842660756 -0.8421519210665189 -0.4210759605332594
vn -0.33686076842660756 -0.8421519210665189 0.4210759605332596
vn -0.33686076842660756 -0.8421519210665189 0.4210759605332596
vn -0.33686076842660756 -0.8421519210665189 0.4210759605332596
vn -0.33686076842660756 -0.8421519210665189 0.4210759605332596
vn -0.33686076842660756 -0.8421519210665189 -0.4210759605332594
vn -0.33686076842660756 -0.8421519210665189 -0.4210759605332594
vn -0.33686076842660756 -0.8421519210665189 -0.4210759605332594
vn -0.33686076842660756 -0.8421519210665189 -0.4210759605332594
vn 0.33686076842660756 0.8421519210665189 -0.4210759605332596
vn 0.33686076842660756 0.8421519210665189 -0.4210759605332596
vn 0.33686076842660756 0.8421519210665189 -0.4210759605332596
vn 0.33686076842660756 0.8421519210665189 -0.4210759605332596
vn 0 0.894427190999916 0.4472135954999579
vn 0 0.894427190999916 0.4472135954999579
vn 0 0.894427190999916 0.4472135954999579
vn 0 0.894427190999916 0.4472135954999579
vn 0 -0.894427190999916 -0.4472135954999579
vn 0 -0.894427190999916 -0.4472135954999579
vn 0 -0.894427190999916 -0.4472135954999579
vn 0 -0.894427190999916 -0.4472135954999579
vn 0 -0.8944271909999157 0.447213595499958
vn 0 -0.8944271909999157 0.447213595499958
vn 0 -0.8944271909999157 0.447213595499958
vn 0 -0.8944271909999157 0.447213595499958
vn 0 0.8944271909999157 -0.447213595499958
vn 0 0.8944271909999157 -0.447213595499958
vn 0 0.8944271909999157 -0.447213595499958
vn 0 0.8944271909999157 -0.447213595499958
vn -0.33686076842660756 0.8421519210665189 0.4210759605332594
vn -0.33686076842660756 0.8421519210665189 0.4210759605332594
vn -0.33686076842660756 0.8421519210665189 0.4210759605332594
vn -0.33686076842660756 0.8421519210665189 0.4210759605332594
vn -0.33686076842660756 0.8421519210665189 -0.4210759605332596
vn -0.33686076842660756 0.8421519210665189 -0.4210759605332596
vn -0.33686076842660756 0.8421519210665189 -0.4210759605332596
vn -0.33686076842660756 0.8421519210665189 -0.4210759605332596
vn 0 -0.894427190999916 -0.4472135954999579
vn 0 -0.894427190999916 -0.4472135954999579
vn 0 -0.894427190999916 -0.4472135954999579
vn 0 -0.894427190999916 -0.4472135954999579
vn -0.3713906712157723 -1.1370560100926155e-16 -0.9284766929405919
vn -0.3713906712157723 -1.1370560100926155e-16 -0.9284766929405919
vn -0.3713906712157723 -1.1370560100926155e-16 -0.9284766929405919
vn -0.3713906712157723 -1.1370560100926155e-16 -0.9284766929405919
vn 0.3713906712157723 -1.1370560100926155e-16 -0.9284766929405919
vn 0.3713906712157723 -1.1370560100926155e-16 -0.9284766929405919
vn 0.3713906712157723 -1.1370560100926155e-16 -0.9284766929405919
vn 0.3713906712157723 -1.1370560100926155e-16 -0.9284766929405919
vn 0 -1.2246467991473532e-16 -1
vn 0 -1.2246467991473532e-16 -1
vn 0 -1.2246467991473532e-16 -1
vn 0 -1.2246467991473532e-16 -1
vn 0.33686076842660756 -0.8421519210665189 0.4210759605332596
vn 0.33686076842660756 -0.8421519210665189 0.4210759605332596
vn 0.33686076842660756 -0.8421519210665189 0.4210759605332596
vn 0.33686076842660756 -0.8421519210665189 0.4210759605332596
vn 0.33686076842660756 -0.8421519210665189 -0.4210759605332594
vn 0.33686076842660756 -0.8421519210665189 -0.4210759605332594
vn 0.33686076842660756 -0.8421519210665189 -0.4210759605332594
vn 0.33686076842660756 -0.8421519210665189 -0.4210759605332594
vn -0.33686076842660756 -0.8421519210665189 0.4210759605332596
vn -0.33686076842660756 -0.8421519210665189 0.4210759605332596
vn -0.33686076842660756 -0.8421519210665189 0.4210759605332596
vn -0.33686076842660756 -0.8421519210665189 0.4210759605332596
vn 0.33686076842660756 0.8421519210665189 0.4210759605332594
vn 0.33686076842660756 0.8421519210665189 0.4210759605332594
vn 0.33686076842660756 0.8421519210665189 0.4210759605332594
vn 0.33686076842660756 0.8421519210665189 0.4210759605332594
vn 0 -0.8944271909999157 0.447213595499958
vn 0 -0.8944271909999157 0.447213595499958
vn 0 -0.8944271909999157 0.447213595499958
vn 0 -0.8944271909999157 0.447213595499958
vn 0.3713906712157723 1.1370560100926155e-16 0.9284766929405919
vn 0.3713906712157723 1.1370560100926155e-16 0.9284766929405919
vn 0.3713906712157723 1.1370560100926155e-16 0.9284766929405919
vn 0.3713906712157723 1.1370560100926155e-16 0.9284766929405919
vn -0.3713906712157723 1.1370560100926155e-16 0.9284766929405919
vn -0.3713906712157723 1.1370560100926155e-16 0.9284766929405919
vn -0.3713906712157723 1.1370560100926155e-16 0.9284766929405919
vn -0.3713906712157723 1.1370560100926155e-16 0.9284766929405919
vn 0 1.2246467991473532e-16 1
vn 0 1.2246467991473532e-16 1
vn 0 1.2246467991473532e-16 1
vn 0 1.2246467991473532e-16 1
vn -0.33686076842660756 -0.8421519210665189 -0.4210759605332594
vn -0.33686076842660756 -0.8421519210665189 -0.4210759605332594
vn -0.33686076842660756 -0.8421519210665189 -0.4210759605332594
vn -0.33686076842660756 -0.8421519210665189 -0.4210759605332594
f 2635/2635/2635 2634/2634/2634 2633/2633/2633
f 2638/2638/2638 2637/2637/2637 2636/2636/2636
f 2641/2641/2641 2640/2640/2640 2639/2639/2639
f 2644/2644/2644 2643/2643/2643 2642/2642/2642
f 2647/2647/2647 2646/2646/2646 2645/2645/2645
f 2650/2650/2650 2649/2649/2649 2648/2648/2648
f 2653/2653/2653 2652/2652/2652 2651/2651/2651
f 2656/2656/2656 2655/2655/2655 2654/2654/2654
f 2659/2659/2659 2658/2658/2658 2657/2657/2657
f 2658/2658/2658 2659/2659/2659 2660/2660/2660
f 2663/2663/2663 2662/2662/2662 2661/2661/2661
f 2662/2662/2662 2663/2663/2663 2664/2664/2664
f 2667/2667/2667 2666/2666/2666 2665/2665/2665
f 2666/2666/2666 2667/2667/2667 2668/2668/2668
f 2671/2671/2671 2670/2670/2670 2669/2669/2669
f 2670/2670/2670 2671/2671/2671 2672/2672/2672
f 2675/2675/2675 2674/2674/2674 2673/2673/2673
f 2674/2674/2674 2675/2675/2675 2676/2676/2676
f 2679/2679/2679 2678/2678/2678 2677/2677/2677
f 2678/2678/2678 2679/2679/2679 2680/2680/2680
f 2683/2683/2683 2682/2682/2682 2681/2681/2681
f 2682/2682/2682 2683/2683/2683 2684/2684/2684
f 2687/2687/2687 2686/2686/2686 2685/2685/2685
f 2686/2686/2686 2687/2687/2687 2688/2688/2688
f 2691/2691/2691 2690/2690/2690 2689/2689/2689
f 2690/2690/2690 2691/2691/2691 2692/2692/2692
f 2695/2695/2695 2694/2694/2694 2693/2693/2693
f 2694/2694/2694 2695/2695/2695 2696/2696/2696
f 2699/2699/2699 2698/2698/2698 2697/2697/2697
f 2698/2698/2698 2699/2699/2699 2700/2700/2700
f 2703/2703/2703 2702/2702/2702 2701/2701/2701
f 2702/2702/2702 2703/2703/2703 2704/2704/2704
f 2707/2707/2707 2706/2706/2706 2705/2705/2705
f 2706/2706/2706 2707/2707/2707 2708/2708/2708
f 2711/2711/2711 2710/2710/2710 2709/2709/2709
f 2710/2710/2710 2711/2711/2711 2712/2712/2712
f 2715/2715/2715 2714/2714/2714 2713/2713/2713
f 2714/2714/2714 2715/2715/2715 2716/2716/2716
f 2719/2719/2719 2718/2718/2718 2717/2717/2717
f 2718/2718/2718 2719/2719/2719 2720/2720/2720
f 2723/2723/2723 2722/2722/2722 2721/2721/2721
f 2722/2722/2722 2723/2723/2723 2724/2724/2724
f 2727/2727/2727 2726/2726/2726 2725/2725/2725
f 2726/2726/2726 2727/2727/2727 2728/2728/2728
f 2731/2731/2731 2730/2730/2730 2729/2729/2729
f 2730/2730/2730 2731/2731/2731 2732/2732/2732
f 2735/2735/2735 2734/2734/2734 2733/2733/2733
f 2734/2734/2734 2735/2735/2735 2736/2736/2736
f 2739/2739/2739 2738/2738/2738 2737/2737/2737
f 2738/2738/2738 2739/2739/2739 2740/2740/2740
f 2743/2743/2743 2742/2742/2742 2741/2741/2741
f 2742/2742/2742 2743/2743/2743 2744/2744/2744
f 2747/2747/2747 2746/2746/2746 2745/2745/2745
f 2746/2746/2746 2747/2747/2747 2748/2748/2748
f 2751/2751/2751 2750/2750/2750 2749/2749/2749
f 2750/2750/2750 2751/2751/2751 2752/2752/2752
f 2755/2755/2755 2754/2754/2754 2753/2753/2753
f 2754/2754/2754 2755/2755/2755 2756/2756/2756
f 2759/2759/2759 2758/2758/2758 2757/2757/2757
f 2758/2758/2758 2759/2759/2759 2760/2760/2760
f 2763/2763/2763 2762/2762/2762 2761/2761/2761
f 2762/2762/2762 2763/2763/2763 2764/2764/2764
f 2767/2767/2767 2766/2766/2766 2765/2765/2765
f 2766/2766/2766 2767/2767/2767 2768/2768/2768
f 2771/2771/2771 2770/2770/2770 2769/2769/2769
f 2770/2770/2770 2771/2771/2771 2772/2772/2772
f 2775/2775/2775 2774/2774/2774 2773/2773/2773
f 2774/2774/2774 2775/2775/2775 2776/2776/2776
f 2779/2779/2779 2778/2778/2778 2777/2777/2777
f 2778/2778/2778 2779/2779/2779 2780/2780/2780
f 2783/2783/2783 2782/2782/2782 2781/2781/2781
f 2782/2782/2782 2783/2783/2783 2784/2784/2784
f 2787/2787/2787 2786/2786/2786 2785/2785/2785
f 2786/2786/2786 2787/2787/2787 2788/2788/2788
f 2791/2791/2791 2790/2790/2790 2789/2789/2789
f 2790/2790/2790 2791/2791/2791 2792/2792/2792
f 2795/2795/2795 2794/2794/2794 2793/2793/2793
f 2794/2794/2794 2795/2795/2795 2796/2796/2796
f 2799/2799/2799 2798/2798/2798 2797/2797/2797
f 2798/2798/2798 2799/2799/2799 2800/2800/2800
f 2803/2803/2803 2802/2802/2802 2801/2801/2801
f 2802/2802/2802 2803/2803/2803 2804/2804/2804
f 2807/2807/2807 2806/2806/2806 2805/2805/2805
f 2806/2806/2806 2807/2807/2807 2808/2808/2808
f 2811/2811/2811 2810/2810/2810 2809/2809/2809
f 2810/2810/2810 2811/2811/2811 2812/2812/2812
f 2815/2815/2815 2814/2814/2814 2813/2813/2813
f 2814/2814/2814 2815/2815/2815 2816/2816/2816
o mesh_47
usemtl mat12
v 89.60000000000001 3.199999999999986 -115.2
v 85.60000000000001 1.5999999999999859 -115.2
v 81.60000000000001 2.399999999999987 -110.4
v 75.2 2.399999999999987 -110.4
v 71.2 1.5999999999999859 -115.2
v 67.2 3.199999999999986 -115.2
v 89.60000000000001 22.399999999999988 -115.2
v 89.60000000000001 18.399999999999988 -107.2
v 85.60000000000001 21.599999999999987 -110.4
v 67.2 3.199999999999986 -115.2
v 71.2 1.5999999999999859 -115.2
v 75.2 2.3999999999999857 -120
v 81.60000000000001 2.3999999999999857 -120
v 85.60000000000001 1.5999999999999859 -115.2
v 89.60000000000001 3.199999999999986 -115.2
v 89.60000000000001 3.199999999999989 -89.60000000000001
v 85.60000000000001 1.5999999999999892 -89.60000000000001
v 81.60000000000001 2.39999999999999 -84.80000000000001
v 75.2 2.39999999999999 -84.80000000000001
v 71.2 1.5999999999999892 -89.60000000000001
v 67.2 3.199999999999989 -89.60000000000001
v 89.60000000000001 22.39999999999999 -89.60000000000001
v 89.60000000000001 18.39999999999999 -81.60000000000001
v 85.60000000000001 21.59999999999999 -84.80000000000001
v 67.2 3.199999999999989 -89.60000000000001
v 71.2 1.5999999999999892 -89.60000000000001
v 75.2 2.399999999999989 -94.4
v 81.60000000000001 2.399999999999989 -94.4
v 85.60000000000001 1.5999999999999892 -89.60000000000001
v 89.60000000000001 3.199999999999989 -89.60000000000001
v 89.60000000000001 3.199999999999992 -64
v 85.60000000000001 1.5999999999999923 -64
v 81.60000000000001 2.3999999999999932 -59.2
v 75.2 2.3999999999999932 -59.2
v 71.2 1.5999999999999923 -64
v 67.2 3.199999999999992 -64
v 85.60000000000001 21.599999999999998 -43.2
v 89.60000000000001 18.399999999999995 -46.400000000000006
v 89.60000000000001 22.4 -38.400000000000006
v 89.60000000000001 3.1999999999999953 -38.400000000000006
v 85.60000000000001 1.5999999999999954 -38.400000000000006
v 81.60000000000001 2.3999999999999964 -33.6
v 75.2 2.3999999999999964 -33.6
v 71.2 1.5999999999999954 -38.400000000000006
v 67.2 3.1999999999999953 -38.400000000000006
v 81.60000000000001 2.399999999999995 -43.2
v 85.60000000000001 1.5999999999999954 -38.400000000000006
v 89.60000000000001 3.1999999999999953 -38.400000000000006
v 81.60000000000001 2.399999999999992 -68.8
v 85.60000000000001 1.5999999999999923 -64
v 89.60000000000001 3.199999999999992 -64
v 67.2 3.199999999999992 -64
v 71.2 1.5999999999999923 -64
v 75.2 2.399999999999992 -68.8
v 67.2 3.1999999999999953 -38.400000000000006
v 71.2 1.5999999999999954 -38.400000000000006
v 75.2 2.399999999999995 -43.2
v 89.60000000000001 22.399999999999995 -64
v 89.60000000000001 18.399999999999995 -56
v 85.60000000000001 21.599999999999994 -59.2
v 89.60000000000001 22.399999999999995 -64
v 85.60000000000001 21.599999999999994 -68.8
v 89.60000000000001 18.399999999999995 -72
v 89.60000000000001 18.39999999999999 -97.60000000000001
v 89.60000000000001 22.39999999999999 -89.60000000000001
v 85.60000000000001 21.59999999999999 -94.4
v 71.2 21.59999999999999 -84.80000000000001
v 75.2 23.199999999999992 -84.80000000000001
v 75.2 21.59999999999999 -81.60000000000001
v 71.2 21.599999999999994 -68.8
v 75.2 21.599999999999994 -72
v 75.2 23.199999999999996 -68.8
v 85.60000000000001 21.59999999999999 -84.80000000000001
v 81.60000000000001 21.59999999999999 -81.60000000000001
v 81.60000000000001 23.199999999999992 -84.80000000000001
v 85.60000000000001 21.599999999999994 -68.8
v 81.60000000000001 23.199999999999996 -68.8
v 81.60000000000001 21.599999999999994 -72
v 85.60000000000001 21.59999999999999 -94.4
v 81.60000000000001 23.199999999999992 -94.4
v 81.60000000000001 21.59999999999999 -97.60000000000001
v 85.60000000000001 21.599999999999987 -110.4
v 81.60000000000001 21.599999999999987 -107.2
v 81.60000000000001 23.19999999999999 -110.4
v 71.2 21.59999999999999 -94.4
v 75.2 21.59999999999999 -97.60000000000001
v 75.2 23.199999999999992 -94.4
v 71.2 21.599999999999987 -110.4
v 75.2 23.19999999999999 -110.4
v 75.2 21.599999999999987 -107.2
v 85.60000000000001 21.599999999999998 -43.2
v 81.60000000000001 23.2 -43.2
v 81.60000000000001 21.599999999999994 -46.400000000000006
v 85.60000000000001 21.599999999999994 -59.2
v 81.60000000000001 21.599999999999994 -56
v 81.60000000000001 23.199999999999996 -59.2
v 71.2 21.599999999999998 -43.2
v 75.2 21.599999999999994 -46.400000000000006
v 75.2 23.2 -43.2
v 71.2 21.599999999999994 -59.2
v 75.2 23.199999999999996 -59.2
v 75.2 21.599999999999994 -56
v 67.2 18.399999999999988 -107.2
v 67.2 22.399999999999988 -115.2
v 71.2 21.599999999999987 -110.4
v 67.2 22.39999999999999 -89.60000000000001
v 67.2 18.39999999999999 -97.60000000000001
v 71.2 21.59999999999999 -94.4
v 67.2 18.39999999999999 -81.60000000000001
v 67.2 22.39999999999999 -89.60000000000001
v 71.2 21.59999999999999 -84.80000000000001
v 67.2 22.399999999999995 -64
v 67.2 18.399999999999995 -72
v 71.2 21.599999999999994 -68.8
v 67.2 18.399999999999995 -56
v 67.2 22.399999999999995 -64
v 71.2 21.599999999999994 -59.2
v 67.2 22.4 -38.400000000000006
v 67.2 18.399999999999995 -46.400000000000006
v 71.2 21.599999999999998 -43.2
v 75.2 23.199999999999996 -68.8
v 75.2 25.599999999999994 -64
v 71.2 21.599999999999994 -68.8
v 67.2 22.399999999999995 -64
v 71.2 21.59999999999999 -84.80000000000001
v 75.2 21.59999999999999 -81.60000000000001
v 67.2 18.39999999999999 -81.60000000000001
v 75.2 19.99999999999999 -78.4
v 71.2 21.59999999999999 -84.80000000000001
v 67.2 22.39999999999999 -89.60000000000001
v 75.2 23.199999999999992 -84.80000000000001
v 75.2 25.59999999999999 -89.60000000000001
v 67.2 18.39999999999999 -97.60000000000001
v 75.2 19.99999999999999 -100.80000000000001
v 71.2 21.59999999999999 -94.4
v 75.2 21.59999999999999 -97.60000000000001
v 67.2 22.39999999999999 -89.60000000000001
v 71.2 21.59999999999999 -94.4
v 75.2 25.59999999999999 -89.60000000000001
v 75.2 23.199999999999992 -94.4
v 71.2 21.599999999999987 -110.4
v 75.2 21.599999999999987 -107.2
v 67.2 18.399999999999988 -107.2
v 75.2 19.999999999999986 -104
v 71.2 21.599999999999987 -110.4
v 67.2 22.399999999999988 -115.2
v 75.2 23.19999999999999 -110.4
v 75.2 25.599999999999987 -115.2
v 85.60000000000001 21.599999999999998 -43.2
v 89.60000000000001 22.4 -38.400000000000006
v 81.60000000000001 23.2 -43.2
v 81.60000000000001 25.599999999999998 -38.400000000000006
v 81.60000000000001 25.599999999999994 -64
v 89.60000000000001 22.399999999999995 -64
v 81.60000000000001 23.199999999999996 -59.2
v 85.60000000000001 21.599999999999994 -59.2
v 81.60000000000001 25.599999999999987 -115.2
v 89.60000000000001 22.399999999999988 -115.2
v 81.60000000000001 23.19999999999999 -110.4
v 85.60000000000001 21.599999999999987 -110.4
v 89.60000000000001 22.39999999999999 -89.60000000000001
v 81.60000000000001 25.59999999999999 -89.60000000000001
v 85.60000000000001 21.59999999999999 -94.4
v 81.60000000000001 23.199999999999992 -94.4
v 81.60000000000001 25.59999999999999 -89.60000000000001
v 89.60000000000001 22.39999999999999 -89.60000000000001
v 81.60000000000001 23.199999999999992 -84.80000000000001
v 85.60000000000001 21.59999999999999 -84.80000000000001
v 85.60000000000001 21.599999999999994 -68.8
v 89.60000000000001 22.399999999999995 -64
v 81.60000000000001 23.199999999999996 -68.8
v 81.60000000000001 25.599999999999994 -64
v 89.60000000000001 18.399999999999988 -107.2
v 81.60000000000001 19.999999999999986 -104
v 85.60000000000001 21.599999999999987 -110.4
v 81.60000000000001 21.599999999999987 -107.2
v 81.60000000000001 19.99999999999999 -100.80000000000001
v 89.60000000000001 18.39999999999999 -97.60000000000001
v 81.60000000000001 21.59999999999999 -97.60000000000001
v 85.60000000000001 21.59999999999999 -94.4
v 81.60000000000001 21.599999999999994 -72
v 81.60000000000001 19.99999999999999 -75.2
v 85.60000000000001 21.599999999999994 -68.8
v 89.60000000000001 18.399999999999995 -72
v 89.60000000000001 18.39999999999999 -81.60000000000001
v 81.60000000000001 19.99999999999999 -78.4
v 85.60000000000001 21.59999999999999 -84.80000000000001
v 81.60000000000001 21.59999999999999 -81.60000000000001
v 89.60000000000001 22.399999999999988 -115.2
v 89.60000000000001 18.399999999999988 -123.2
v 89.60000000000001 3.199999999999986 -115.2
v 89.60000000000001 7.199999999999985 -123.2
v 89.60000000000001 18.399999999999995 -56
v 81.60000000000001 19.999999999999993 -52.800000000000004
v 85.60000000000001 21.599999999999994 -59.2
v 81.60000000000001 21.599999999999994 -56
v 81.60000000000001 2.399999999999987 -110.4
v 81.60000000000001 5.599999999999988 -104
v 89.60000000000001 3.199999999999986 -115.2
v 89.60000000000001 7.199999999999987 -107.2
v 67.2 3.199999999999986 -115.2
v 67.2 7.199999999999987 -107.2
v 75.2 2.399999999999987 -110.4
v 75.2 5.599999999999988 -104
v 89.60000000000001 3.199999999999986 -115.2
v 89.60000000000001 7.199999999999987 -107.2
v 89.60000000000001 22.399999999999988 -115.2
v 89.60000000000001 18.399999999999988 -107.2
v 81.60000000000001 23.199999999999992 -94.4
v 75.2 23.199999999999992 -94.4
v 81.60000000000001 21.59999999999999 -97.60000000000001
v 75.2 21.59999999999999 -97.60000000000001
v 75.2 19.999999999999986 -104
v 75.2 21.599999999999987 -107.2
v 81.60000000000001 19.999999999999986 -104
v 81.60000000000001 21.599999999999987 -107.2
v 75.2 25.599999999999998 -38.400000000000006
v 67.2 22.4 -38.400000000000006
v 75.2 23.2 -43.2
v 71.2 21.599999999999998 -43.2
v 75.2 2.399999999999987 -110.4
v 75.2 5.599999999999988 -104
v 81.60000000000001 2.399999999999987 -110.4
v 81.60000000000001 5.599999999999988 -104
v 81.60000000000001 2.3999999999999857 -120
v 81.60000000000001 5.599999999999985 -126.4
v 75.2 2.3999999999999857 -120
v 75.2 5.599999999999985 -126.4
v 75.2 2.3999999999999857 -120
v 75.2 5.599999999999985 -126.4
v 67.2 3.199999999999986 -115.2
v 67.2 7.199999999999985 -123.2
v 67.2 22.399999999999988 -115.2
v 67.2 18.399999999999988 -123.2
v 75.2 25.599999999999987 -115.2
v 75.2 19.999999999999986 -126.4
v 75.2 25.599999999999987 -115.2
v 75.2 19.999999999999986 -126.4
v 81.60000000000001 25.599999999999987 -115.2
v 81.60000000000001 19.999999999999986 -126.4
v 81.60000000000001 19.999999999999986 -126.4
v 89.60000000000001 18.399999999999988 -123.2
v 81.60000000000001 25.599999999999987 -115.2
v 89.60000000000001 22.399999999999988 -115.2
v 89.60000000000001 3.199999999999986 -115.2
v 89.60000000000001 7.199999999999985 -123.2
v 81.60000000000001 2.3999999999999857 -120
v 81.60000000000001 5.599999999999985 -126.4
v 89.60000000000001 7.199999999999987 -107.2
v 81.60000000000001 5.599999999999988 -104
v 89.60000000000001 18.399999999999988 -107.2
v 81.60000000000001 19.999999999999986 -104
v 67.2 18.399999999999988 -107.2
v 75.2 19.999999999999986 -104
v 67.2 7.199999999999987 -107.2
v 75.2 5.599999999999988 -104
v 89.60000000000001 18.399999999999988 -123.2
v 81.60000000000001 19.999999999999986 -126.4
v 89.60000000000001 7.199999999999985 -123.2
v 81.60000000000001 5.599999999999985 -126.4
v 75.2 19.999999999999986 -126.4
v 67.2 18.399999999999988 -123.2
v 75.2 5.599999999999985 -126.4
v 67.2 7.199999999999985 -123.2
v 75.2 5.599999999999988 -104
v 75.2 19.999999999999986 -104
v 81.60000000000001 5.599999999999988 -104
v 81.60000000000001 19.999999999999986 -104
v 75.2 23.19999999999999 -110.4
v 81.60000000000001 23.19999999999999 -110.4
v 75.2 21.599999999999987 -107.2
v 81.60000000000001 21.599999999999987 -107.2
v 75.2 25.599999999999987 -115.2
v 81.60000000000001 25.599999999999987 -115.2
v 75.2 23.19999999999999 -110.4
v 81.60000000000001 23.19999999999999 -110.4
v 67.2 18.399999999999995 -46.400000000000006
v 75.2 19.999999999999993 -49.6
v 71.2 21.599999999999998 -43.2
v 75.2 21.599999999999994 -46.400000000000006
v 75.2 2.39999999999999 -84.80000000000001
v 75.2 5.599999999999991 -78.4
v 81.60000000000001 2.39999999999999 -84.80000000000001
v 81.60000000000001 5.599999999999991 -78.4
v 81.60000000000001 2.399999999999989 -94.4
v 81.60000000000001 5.599999999999988 -100.80000000000001
v 75.2 2.399999999999989 -94.4
v 75.2 5.599999999999988 -100.80000000000001
v 75.2 2.399999999999989 -94.4
v 75.2 5.599999999999988 -100.80000000000001
v 67.2 3.199999999999989 -89.60000000000001
v 67.2 7.199999999999989 -97.60000000000001
v 89.60000000000001 3.199999999999989 -89.60000000000001
v 89.60000000000001 7.199999999999989 -97.60000000000001
v 81.60000000000001 2.399999999999989 -94.4
v 81.60000000000001 5.599999999999988 -100.80000000000001
v 89.60000000000001 7.19999999999999 -81.60000000000001
v 81.60000000000001 5.599999999999991 -78.4
v 89.60000000000001 18.39999999999999 -81.60000000000001
v 81.60000000000001 19.99999999999999 -78.4
v 81.60000000000001 5.599999999999988 -100.80000000000001
v 81.60000000000001 19.99999999999999 -100.80000000000001
v 75.2 5.599999999999988 -100.80000000000001
v 75.2 19.99999999999999 -100.80000000000001
v 67.2 18.39999999999999 -81.60000000000001
v 75.2 19.99999999999999 -78.4
v 67.2 7.19999999999999 -81.60000000000001
v 75.2 5.599999999999991 -78.4
v 89.60000000000001 18.39999999999999 -97.60000000000001
v 81.60000000000001 19.99999999999999 -100.80000000000001
v 89.60000000000001 7.199999999999989 -97.60000000000001
v 81.60000000000001 5.599999999999988 -100.80000000000001
v 75.2 19.99999999999999 -100.80000000000001
v 67.2 18.39999999999999 -97.60000000000001
v 75.2 5.599999999999988 -100.80000000000001
v 67.2 7.199999999999989 -97.60000000000001
v 75.2 5.599999999999991 -78.4
v 75.2 19.99999999999999 -78.4
v 81.60000000000001 5.599999999999991 -78.4
v 81.60000000000001 19.99999999999999 -78.4
v 75.2 25.59999999999999 -89.60000000000001
v 81.60000000000001 25.59999999999999 -89.60000000000001
v 75.2 23.199999999999992 -84.80000000000001
v 81.60000000000001 23.199999999999992 -84.80000000000001
v 75.2 23.199999999999992 -84.80000000000001
v 81.60000000000001 23.199999999999992 -84.80000000000001
v 75.2 21.59999999999999 -81.60000000000001
v 81.60000000000001 21.59999999999999 -81.60000000000001
v 75.2 19.99999999999999 -78.4
v 75.2 21.59999999999999 -81.60000000000001
v 81.60000000000001 19.99999999999999 -78.4
v 81.60000000000001 21.59999999999999 -81.60000000000001
v 81.60000000000001 23.199999999999996 -68.8
v 75.2 23.199999999999996 -68.8
v 81.60000000000001 21.599999999999994 -72
v 75.2 21.599999999999994 -72
v 89.60000000000001 3.199999999999989 -89.60000000000001
v 89.60000000000001 7.19999999999999 -81.60000000000001
v 89.60000000000001 22.39999999999999 -89.60000000000001
v 89.60000000000001 18.39999999999999 -81.60000000000001
v 67.2 3.199999999999989 -89.60000000000001
v 67.2 7.19999999999999 -81.60000000000001
v 75.2 2.39999999999999 -84.80000000000001
v 75.2 5.599999999999991 -78.4
v 81.60000000000001 2.39999999999999 -84.80000000000001
v 81.60000000000001 5.599999999999991 -78.4
v 89.60000000000001 3.199999999999989 -89.60000000000001
v 89.60000000000001 7.19999999999999 -81.60000000000001
v 71.2 21.599999999999994 -59.2
v 75.2 21.599999999999994 -56
v 67.2 18.399999999999995 -56
v 75.2 19.999999999999993 -52.800000000000004
v 89.60000000000001 22.39999999999999 -89.60000000000001
v 89.60000000000001 18.39999999999999 -97.60000000000001
v 89.60000000000001 3.199999999999989 -89.60000000000001
v 89.60000000000001 7.199999999999989 -97.60000000000001
v 71.2 21.599999999999994 -59.2
v 67.2 22.399999999999995 -64
v 75.2 23.199999999999996 -59.2
v 75.2 25.599999999999994 -64
v 75.2 2.3999999999999932 -59.2
v 75.2 5.599999999999994 -52.800000000000004
v 81.60000000000001 2.3999999999999932 -59.2
v 81.60000000000001 5.599999999999994 -52.800000000000004
v 81.60000000000001 2.399999999999992 -68.8
v 81.60000000000001 5.599999999999992 -75.2
v 75.2 2.399999999999992 -68.8
v 75.2 5.599999999999992 -75.2
v 75.2 2.399999999999992 -68.8
v 75.2 5.599999999999992 -75.2
v 67.2 3.199999999999992 -64
v 67.2 7.199999999999991 -72
v 89.60000000000001 3.199999999999992 -64
v 89.60000000000001 7.199999999999991 -72
v 81.60000000000001 2.399999999999992 -68.8
v 81.60000000000001 5.599999999999992 -75.2
v 89.60000000000001 7.199999999999993 -56
v 81.60000000000001 5.599999999999994 -52.800000000000004
v 89.60000000000001 18.399999999999995 -56
v 81.60000000000001 19.999999999999993 -52.800000000000004
v 81.60000000000001 5.599999999999992 -75.2
v 81.60000000000001 19.99999999999999 -75.2
v 75.2 5.599999999999992 -75.2
v 75.2 19.99999999999999 -75.2
v 67.2 18.399999999999995 -56
v 75.2 19.999999999999993 -52.800000000000004
v 67.2 7.199999999999993 -56
v 75.2 5.599999999999994 -52.800000000000004
v 89.60000000000001 18.399999999999995 -72
v 81.60000000000001 19.99999999999999 -75.2
v 89.60000000000001 7.199999999999991 -72
v 81.60000000000001 5.599999999999992 -75.2
v 75.2 19.99999999999999 -75.2
v 67.2 18.399999999999995 -72
v 75.2 5.599999999999992 -75.2
v 67.2 7.199999999999991 -72
v 75.2 5.599999999999994 -52.800000000000004
v 75.2 19.999999999999993 -52.800000000000004
v 81.60000000000001 5.599999999999994 -52.800000000000004
v 81.60000000000001 19.999999999999993 -52.800000000000004
v 75.2 2.3999999999999964 -33.6
v 75.2 5.599999999999997 -27.200000000000003
v 81.60000000000001 2.3999999999999964 -33.6
v 81.60000000000001 5.599999999999997 -27.200000000000003
v 81.60000000000001 2.399999999999995 -43.2
v 81.60000000000001 5.599999999999994 -49.6
v 75.2 2.399999999999995 -43.2
v 75.2 5.599999999999994 -49.6
v 75.2 2.399999999999995 -43.2
v 75.2 5.599999999999994 -49.6
v 67.2 3.1999999999999953 -38.400000000000006
v 67.2 7.199999999999995 -46.400000000000006
v 89.60000000000001 22.4 -38.400000000000006
v 89.60000000000001 18.4 -30.400000000000006
v 81.60000000000001 25.599999999999998 -38.400000000000006
v 81.60000000000001 19.999999999999996 -27.200000000000006
v 67.2 18.4 -30.400000000000006
v 67.2 22.4 -38.400000000000006
v 75.2 19.999999999999996 -27.200000000000006
v 75.2 25.599999999999998 -38.400000000000006
v 89.60000000000001 3.1999999999999953 -38.400000000000006
v 89.60000000000001 7.199999999999995 -46.400000000000006
v 81.60000000000001 2.399999999999995 -43.2
v 81.60000000000001 5.599999999999994 -49.6
v 75.2 19.999999999999996 -27.200000000000006
v 75.2 25.599999999999998 -38.400000000000006
v 81.60000000000001 19.999999999999996 -27.200000000000006
v 81.60000000000001 25.599999999999998 -38.400000000000006
v 81.60000000000001 5.599999999999994 -49.6
v 81.60000000000001 19.999999999999993 -49.6
v 75.2 5.599999999999994 -49.6
v 75.2 19.999999999999993 -49.6
v 89.60000000000001 18.4 -30.400000000000006
v 89.60000000000001 7.199999999999997 -30.400000000000002
v 81.60000000000001 19.999999999999996 -27.200000000000006
v 81.60000000000001 5.599999999999997 -27.200000000000003
v 81.60000000000001 5.599999999999994 -49.6
v 89.60000000000001 7.199999999999995 -46.400000000000006
v 81.60000000000001 19.999999999999993 -49.6
v 89.60000000000001 18.399999999999995 -46.400000000000006
v 67.2 18.4 -30.400000000000006
v 75.2 19.999999999999996 -27.200000000000006
v 67.2 7.199999999999997 -30.400000000000002
v 75.2 5.599999999999997 -27.200000000000003
v 81.60000000000001 19.999999999999996 -27.200000000000006
v 81.60000000000001 5.599999999999997 -27.200000000000003
v 75.2 19.999999999999996 -27.200000000000006
v 75.2 5.599999999999997 -27.200000000000003
v 75.2 19.999999999999993 -49.6
v 67.2 18.399999999999995 -46.400000000000006
v 75.2 5.599999999999994 -49.6
v 67.2 7.199999999999995 -46.400000000000006
v 89.60000000000001 22.399999999999995 -64
v 89.60000000000001 18.399999999999995 -72
v 89.60000000000001 3.199999999999992 -64
v 89.60000000000001 7.199999999999991 -72
v 89.60000000000001 3.1999999999999953 -38.400000000000006
v 89.60000000000001 7.199999999999997 -30.400000000000002
v 89.60000000000001 22.4 -38.400000000000006
v 89.60000000000001 18.4 -30.400000000000006
v 67.2 18.399999999999995 -72
v 75.2 19.99999999999999 -75.2
v 71.2 21.599999999999994 -68.8
v 75.2 21.599999999999994 -72
v 75.2 19.999999999999993 -49.6
v 81.60000000000001 19.999999999999993 -49.6
v 75.2 21.599999999999994 -46.400000000000006
v 81.60000000000001 21.599999999999994 -46.400000000000006
v 81.60000000000001 2.3999999999999964 -33.6
v 81.60000000000001 5.599999999999997 -27.200000000000003
v 89.60000000000001 3.1999999999999953 -38.400000000000006
v 89.60000000000001 7.199999999999997 -30.400000000000002
v 81.60000000000001 2.3999999999999932 -59.2
v 81.60000000000001 5.599999999999994 -52.800000000000004
v 89.60000000000001 3.199999999999992 -64
v 89.60000000000001 7.199999999999993 -56
v 67.2 3.199999999999992 -64
v 67.2 7.199999999999993 -56
v 75.2 2.3999999999999932 -59.2
v 75.2 5.599999999999994 -52.800000000000004
v 67.2 3.1999999999999953 -38.400000000000006
v 67.2 7.199999999999997 -30.400000000000002
v 75.2 2.3999999999999964 -33.6
v 75.2 5.599999999999997 -27.200000000000003
v 89.60000000000001 22.4 -38.400000000000006
v 89.60000000000001 18.399999999999995 -46.400000000000006
v 89.60000000000001 3.1999999999999953 -38.400000000000006
v 89.60000000000001 7.199999999999995 -46.400000000000006
v 89.60000000000001 3.199999999999992 -64
v 89.60000000000001 7.199999999999993 -56
v 89.60000000000001 22.399999999999995 -64
v 89.60000000000001 18.399999999999995 -56
v 81.60000000000001 23.2 -43.2
v 81.60000000000001 25.599999999999998 -38.400000000000006
v 75.2 23.2 -43.2
v 75.2 25.599999999999998 -38.400000000000006
v 81.60000000000001 23.2 -43.2
v 75.2 23.2 -43.2
v 81.60000000000001 21.599999999999994 -46.400000000000006
v 75.2 21.599999999999994 -46.400000000000006
v 75.2 19.999999999999993 -52.800000000000004
v 75.2 21.599999999999994 -56
v 81.60000000000001 19.999999999999993 -52.800000000000004
v 81.60000000000001 21.599999999999994 -56
v 75.2 23.199999999999996 -59.2
v 81.60000000000001 23.199999999999996 -59.2
v 75.2 21.599999999999994 -56
v 81.60000000000001 21.599999999999994 -56
v 75.2 25.599999999999994 -64
v 81.60000000000001 25.599999999999994 -64
v 75.2 23.199999999999996 -59.2
v 81.60000000000001 23.199999999999996 -59.2
v 75.2 19.99999999999999 -75.2
v 81.60000000000001 19.99999999999999 -75.2
v 75.2 21.599999999999994 -72
v 81.60000000000001 21.599999999999994 -72
v 81.60000000000001 25.599999999999994 -64
v 75.2 25.599999999999994 -64
v 81.60000000000001 23.199999999999996 -68.8
v 75.2 23.199999999999996 -68.8
v 75.2 25.59999999999999 -89.60000000000001
v 75.2 23.199999999999992 -94.4
v 81.60000000000001 25.59999999999999 -89.60000000000001
v 81.60000000000001 23.199999999999992 -94.4
v 75.2 19.99999999999999 -100.80000000000001
v 81.60000000000001 19.99999999999999 -100.80000000000001
v 75.2 21.59999999999999 -97.60000000000001
v 81.60000000000001 21.59999999999999 -97.60000000000001
v 85.60000000000001 21.599999999999998 -43.2
v 81.60000000000001 21.599999999999994 -46.400000000000006
v 89.60000000000001 18.399999999999995 -46.400000000000006
v 81.60000000000001 19.999999999999993 -49.6
vt 0.2421875 0.875
vt 0.1953125 0.875
vt 0.1484375 0.921875
vt 0.09375 0.921875
vt 0.046875 0.875
vt 0 0.875
vt 0.2421875 0.875
vt 0.2421875 0.9921875
vt 0.1953125 0.921875
vt 0 0.875
vt 0.046875 0.875
vt 0.09375 0.8125
vt 0.1484375 0.8125
vt 0.1953125 0.875
vt 0.2421875 0.875
vt 0.2421875 0.875
vt 0.1953125 0.875
vt 0.1484375 0.921875
vt 0.09375 0.921875
vt 0.046875 0.875
vt 0 0.875
vt 0.2421875 0.875
vt 0.2421875 0.9921875
vt 0.1953125 0.921875
vt 0 0.875
vt 0.046875 0.875
vt 0.09375 0.8125
vt 0.1484375 0.8125
vt 0.1953125 0.875
vt 0.2421875 0.875
vt 0.2421875 0.875
vt 0.1953125 0.875
vt 0.1484375 0.921875
vt 0.09375 0.921875
vt 0.046875 0.875
vt 0 0.875
vt 0.1953125 0.8125
vt 0.2421875 0.75
vt 0.2421875 0.875
vt 0.2421875 0.875
vt 0.1953125 0.875
vt 0.1484375 0.921875
vt 0.09375 0.921875
vt 0.046875 0.875
vt 0 0.875
vt 0.1484375 0.8125
vt 0.1953125 0.875
vt 0.2421875 0.875
vt 0.1484375 0.8125
vt 0.1953125 0.875
vt 0.2421875 0.875
vt 0 0.875
vt 0.046875 0.875
vt 0.09375 0.8125
vt 0 0.875
vt 0.046875 0.875
vt 0.09375 0.8125
vt 0.2421875 0.875
vt 0.2421875 0.9921875
vt 0.1953125 0.921875
vt 0.2421875 0.875
vt 0.1953125 0.8125
vt 0.2421875 0.75
vt 0.2421875 0.75
vt 0.2421875 0.875
vt 0.1953125 0.8125
vt 0.046875 0.921875
vt 0.09375 0.921875
vt 0.09375 0.9609375
vt 0.046875 0.8125
vt 0.09375 0.75
vt 0.09375 0.8125
vt 0.1953125 0.921875
vt 0.1484375 0.9609375
vt 0.1484375 0.921875
vt 0.1953125 0.8125
vt 0.1484375 0.8125
vt 0.1484375 0.75
vt 0.1953125 0.8125
vt 0.1484375 0.8125
vt 0.1484375 0.75
vt 0.1953125 0.921875
vt 0.1484375 0.9609375
vt 0.1484375 0.921875
vt 0.046875 0.8125
vt 0.09375 0.75
vt 0.09375 0.8125
vt 0.046875 0.921875
vt 0.09375 0.921875
vt 0.09375 0.9609375
vt 0.1953125 0.8125
vt 0.1484375 0.8125
vt 0.1484375 0.75
vt 0.1953125 0.921875
vt 0.1484375 0.9609375
vt 0.1484375 0.921875
vt 0.046875 0.8125
vt 0.09375 0.75
vt 0.09375 0.8125
vt 0.046875 0.921875
vt 0.09375 0.921875
vt 0.09375 0.9609375
vt 0 0.9921875
vt 0 0.875
vt 0.046875 0.921875
vt 0 0.875
vt 0 0.75
vt 0.046875 0.8125
vt 0 0.9921875
vt 0 0.875
vt 0.046875 0.921875
vt 0 0.875
vt 0 0.75
vt 0.046875 0.8125
vt 0 0.9921875
vt 0 0.875
vt 0.046875 0.921875
vt 0 0.875
vt 0 0.75
vt 0.046875 0.8125
vt 0.09375 0.8125
vt 0.09375 0.875
vt 0.046875 0.8125
vt 0 0.875
vt 0.046875 0.921875
vt 0.09375 0.9609375
vt 0 0.9921875
vt 0.09375 0.9921875
vt 0.046875 0.921875
vt 0 0.875
vt 0.09375 0.921875
vt 0.09375 0.875
vt 0 0.75
vt 0.09375 0.75
vt 0.046875 0.8125
vt 0.09375 0.75
vt 0 0.875
vt 0.046875 0.8125
vt 0.09375 0.875
vt 0.09375 0.8125
vt 0.046875 0.921875
vt 0.09375 0.9609375
vt 0 0.9921875
vt 0.09375 0.9921875
vt 0.046875 0.921875
vt 0 0.875
vt 0.09375 0.921875
vt 0.09375 0.875
vt 0.1953125 0.8125
vt 0.2421875 0.875
vt 0.1484375 0.8125
vt 0.1484375 0.875
vt 0.1484375 0.875
vt 0.2421875 0.875
vt 0.1484375 0.921875
vt 0.1953125 0.921875
vt 0.1484375 0.875
vt 0.2421875 0.875
vt 0.1484375 0.921875
vt 0.1953125 0.921875
vt 0.2421875 0.875
vt 0.1484375 0.875
vt 0.1953125 0.8125
vt 0.1484375 0.8125
vt 0.1484375 0.875
vt 0.2421875 0.875
vt 0.1484375 0.921875
vt 0.1953125 0.921875
vt 0.1953125 0.8125
vt 0.2421875 0.875
vt 0.1484375 0.8125
vt 0.1484375 0.875
vt 0.2421875 0.9921875
vt 0.1484375 0.9921875
vt 0.1953125 0.921875
vt 0.1484375 0.9609375
vt 0.1484375 0.75
vt 0.2421875 0.75
vt 0.1484375 0.75
vt 0.1953125 0.8125
vt 0.1484375 0.75
vt 0.1484375 0.75
vt 0.1953125 0.8125
vt 0.2421875 0.75
vt 0.2421875 0.9921875
vt 0.1484375 0.9921875
vt 0.1953125 0.921875
vt 0.1484375 0.9609375
vt 0.375 0.75
vt 0.4921875 0.796875
vt 0.375 0.9921875
vt 0.4921875 0.9453125
vt 0.2421875 0.9921875
vt 0.1484375 0.9921875
vt 0.1953125 0.921875
vt 0.1484375 0.9609375
vt 0.1484375 0.921875
vt 0.1484375 0.9921875
vt 0.2421875 0.875
vt 0.2421875 0.9921875
vt 0 0.875
vt 0 0.9921875
vt 0.09375 0.921875
vt 0.09375 0.9921875
vt 0.375 0.9921875
vt 0.25 0.9453125
vt 0.375 0.75
vt 0.25 0.796875
vt 0.1484375 0.8125
vt 0.09375 0.8125
vt 0.1484375 0.75
vt 0.09375 0.75
vt 0.09375 0.9921875
vt 0.09375 0.9609375
vt 0.1484375 0.9921875
vt 0.1484375 0.9609375
vt 0.09375 0.875
vt 0 0.875
vt 0.09375 0.8125
vt 0.046875 0.8125
vt 0.09375 0.921875
vt 0.09375 0.9921875
vt 0.1484375 0.921875
vt 0.1484375 0.9921875
vt 0.1484375 0.8125
vt 0.1484375 0.75
vt 0.09375 0.8125
vt 0.09375 0.75
vt 0.09375 0.8125
vt 0.09375 0.75
vt 0 0.875
vt 0 0.75
vt 0 0.875
vt 0 0.75
vt 0.09375 0.875
vt 0.09375 0.75
vt 0.09375 0.875
vt 0.09375 0.75
vt 0.1484375 0.875
vt 0.1484375 0.75
vt 0.1484375 0.75
vt 0.2421875 0.75
vt 0.1484375 0.875
vt 0.2421875 0.875
vt 0.2421875 0.875
vt 0.2421875 0.75
vt 0.1484375 0.8125
vt 0.1484375 0.75
vt 0.2421875 0.9921875
vt 0.1484375 0.9921875
vt 0.2421875 0.8515625
vt 0.1484375 0.8515625
vt 0 0.8515625
vt 0.09375 0.8515625
vt 0 0.9921875
vt 0.09375 0.9921875
vt 0.2421875 0.8515625
vt 0.1484375 0.8515625
vt 0.2421875 0.9921875
vt 0.1484375 0.9921875
vt 0.09375 0.8515625
vt 0 0.8515625
vt 0.09375 0.9921875
vt 0 0.9921875
vt 0.09375 0.9921875
vt 0.09375 0.8515625
vt 0.1484375 0.9921875
vt 0.1484375 0.8515625
vt 0.09375 0.921875
vt 0.1484375 0.921875
vt 0.09375 0.9609375
vt 0.1484375 0.9609375
vt 0.09375 0.875
vt 0.1484375 0.875
vt 0.09375 0.921875
vt 0.1484375 0.921875
vt 0 0.75
vt 0.09375 0.75
vt 0.046875 0.8125
vt 0.09375 0.75
vt 0.09375 0.921875
vt 0.09375 0.9921875
vt 0.1484375 0.921875
vt 0.1484375 0.9921875
vt 0.1484375 0.8125
vt 0.1484375 0.75
vt 0.09375 0.8125
vt 0.09375 0.75
vt 0.09375 0.8125
vt 0.09375 0.75
vt 0 0.875
vt 0 0.75
vt 0.2421875 0.875
vt 0.2421875 0.75
vt 0.1484375 0.8125
vt 0.1484375 0.75
vt 0.2421875 0.9921875
vt 0.1484375 0.9921875
vt 0.2421875 0.8515625
vt 0.1484375 0.8515625
vt 0.1484375 0.9921875
vt 0.1484375 0.8515625
vt 0.09375 0.9921875
vt 0.09375 0.8515625
vt 0 0.8515625
vt 0.09375 0.8515625
vt 0 0.9921875
vt 0.09375 0.9921875
vt 0.2421875 0.8515625
vt 0.1484375 0.8515625
vt 0.2421875 0.9921875
vt 0.1484375 0.9921875
vt 0.09375 0.8515625
vt 0 0.8515625
vt 0.09375 0.9921875
vt 0 0.9921875
vt 0.09375 0.9921875
vt 0.09375 0.8515625
vt 0.1484375 0.9921875
vt 0.1484375 0.8515625
vt 0.09375 0.875
vt 0.1484375 0.875
vt 0.09375 0.921875
vt 0.1484375 0.921875
vt 0.09375 0.921875
vt 0.1484375 0.921875
vt 0.09375 0.9609375
vt 0.1484375 0.9609375
vt 0.09375 0.9921875
vt 0.09375 0.9609375
vt 0.1484375 0.9921875
vt 0.1484375 0.9609375
vt 0.1484375 0.8125
vt 0.09375 0.8125
vt 0.1484375 0.75
vt 0.09375 0.75
vt 0.375 0.9921875
vt 0.25 0.9453125
vt 0.375 0.75
vt 0.25 0.796875
vt 0 0.875
vt 0 0.9921875
vt 0.09375 0.921875
vt 0.09375 0.9921875
vt 0.1484375 0.921875
vt 0.1484375 0.9921875
vt 0.2421875 0.875
vt 0.2421875 0.9921875
vt 0.046875 0.921875
vt 0.09375 0.9609375
vt 0 0.9921875
vt 0.09375 0.9921875
vt 0.375 0.75
vt 0.4921875 0.796875
vt 0.375 0.9921875
vt 0.4921875 0.9453125
vt 0.046875 0.921875
vt 0 0.875
vt 0.09375 0.921875
vt 0.09375 0.875
vt 0.09375 0.921875
vt 0.09375 0.9921875
vt 0.1484375 0.921875
vt 0.1484375 0.9921875
vt 0.1484375 0.8125
vt 0.1484375 0.75
vt 0.09375 0.8125
vt 0.09375 0.75
vt 0.09375 0.8125
vt 0.09375 0.75
vt 0 0.875
vt 0 0.75
vt 0.2421875 0.875
vt 0.2421875 0.75
vt 0.1484375 0.8125
vt 0.1484375 0.75
vt 0.2421875 0.9921875
vt 0.1484375 0.9921875
vt 0.2421875 0.8515625
vt 0.1484375 0.8515625
vt 0.1484375 0.9921875
vt 0.1484375 0.8515625
vt 0.09375 0.9921875
vt 0.09375 0.8515625
vt 0 0.8515625
vt 0.09375 0.8515625
vt 0 0.9921875
vt 0.09375 0.9921875
vt 0.2421875 0.8515625
vt 0.1484375 0.8515625
vt 0.2421875 0.9921875
vt 0.1484375 0.9921875
vt 0.09375 0.8515625
vt 0 0.8515625
vt 0.09375 0.9921875
vt 0 0.9921875
vt 0.09375 0.9921875
vt 0.09375 0.8515625
vt 0.1484375 0.9921875
vt 0.1484375 0.8515625
vt 0.09375 0.921875
vt 0.09375 0.9921875
vt 0.1484375 0.921875
vt 0.1484375 0.9921875
vt 0.1484375 0.8125
vt 0.1484375 0.75
vt 0.09375 0.8125
vt 0.09375 0.75
vt 0.09375 0.8125
vt 0.09375 0.75
vt 0 0.875
vt 0 0.75
vt 0.2421875 0.875
vt 0.2421875 0.9921875
vt 0.1484375 0.875
vt 0.1484375 0.9921875
vt 0 0.9921875
vt 0 0.875
vt 0.09375 0.9921875
vt 0.09375 0.875
vt 0.2421875 0.875
vt 0.2421875 0.75
vt 0.1484375 0.8125
vt 0.1484375 0.75
vt 0.09375 0.9921875
vt 0.09375 0.875
vt 0.1484375 0.9921875
vt 0.1484375 0.875
vt 0.1484375 0.9921875
vt 0.1484375 0.8515625
vt 0.09375 0.9921875
vt 0.09375 0.8515625
vt 0.2421875 0.8515625
vt 0.2421875 0.9921875
vt 0.1484375 0.8515625
vt 0.1484375 0.9921875
vt 0.1484375 0.9921875
vt 0.2421875 0.9921875
vt 0.1484375 0.8515625
vt 0.2421875 0.8515625
vt 0 0.8515625
vt 0.09375 0.8515625
vt 0 0.9921875
vt 0.09375 0.9921875
vt 0.1484375 0.8515625
vt 0.1484375 0.9921875
vt 0.09375 0.8515625
vt 0.09375 0.9921875
vt 0.09375 0.8515625
vt 0 0.8515625
vt 0.09375 0.9921875
vt 0 0.9921875
vt 0.375 0.75
vt 0.4921875 0.796875
vt 0.375 0.9921875
vt 0.4921875 0.9453125
vt 0.375 0.9921875
vt 0.25 0.9453125
vt 0.375 0.75
vt 0.25 0.796875
vt 0 0.75
vt 0.09375 0.75
vt 0.046875 0.8125
vt 0.09375 0.75
vt 0.09375 0.75
vt 0.1484375 0.75
vt 0.09375 0.75
vt 0.1484375 0.75
vt 0.1484375 0.921875
vt 0.1484375 0.9921875
vt 0.2421875 0.875
vt 0.2421875 0.9921875
vt 0.1484375 0.921875
vt 0.1484375 0.9921875
vt 0.2421875 0.875
vt 0.2421875 0.9921875
vt 0 0.875
vt 0 0.9921875
vt 0.09375 0.921875
vt 0.09375 0.9921875
vt 0 0.875
vt 0 0.9921875
vt 0.09375 0.921875
vt 0.09375 0.9921875
vt 0.375 0.75
vt 0.4921875 0.796875
vt 0.375 0.9921875
vt 0.4921875 0.9453125
vt 0.375 0.9921875
vt 0.25 0.9453125
vt 0.375 0.75
vt 0.25 0.796875
vt 0.1484375 0.8125
vt 0.1484375 0.875
vt 0.09375 0.8125
vt 0.09375 0.875
vt 0.1484375 0.8125
vt 0.09375 0.8125
vt 0.1484375 0.75
vt 0.09375 0.75
vt 0.09375 0.9921875
vt 0.09375 0.9609375
vt 0.1484375 0.9921875
vt 0.1484375 0.9609375
vt 0.09375 0.921875
vt 0.1484375 0.921875
vt 0.09375 0.9609375
vt 0.1484375 0.9609375
vt 0.09375 0.875
vt 0.1484375 0.875
vt 0.09375 0.921875
vt 0.1484375 0.921875
vt 0.09375 0.75
vt 0.1484375 0.75
vt 0.09375 0.75
vt 0.1484375 0.75
vt 0.1484375 0.875
vt 0.09375 0.875
vt 0.1484375 0.8125
vt 0.09375 0.8125
vt 0.09375 0.875
vt 0.09375 0.8125
vt 0.1484375 0.875
vt 0.1484375 0.8125
vt 0.09375 0.75
vt 0.1484375 0.75
vt 0.09375 0.75
vt 0.1484375 0.75
vt 0.1953125 0.8125
vt 0.1484375 0.75
vt 0.2421875 0.75
vt 0.1484375 0.75
vn 0.33686076842660756 -0.8421519210665189 0.4210759605332596
vn 0.33686076842660756 -0.8421519210665189 0.4210759605332596
vn 0.33686076842660756 -0.8421519210665189 0.4210759605332596
vn -0.33686076842660756 -0.8421519210665189 0.4210759605332596
vn -0.33686076842660756 -0.8421519210665189 0.4210759605332596
vn -0.33686076842660756 -0.8421519210665189 0.4210759605332596
vn 0.33686076842660756 0.8421519210665189 0.4210759605332594
vn 0.33686076842660756 0.8421519210665189 0.4210759605332594
vn 0.33686076842660756 0.8421519210665189 0.4210759605332594
vn -0.33686076842660756 -0.8421519210665189 -0.4210759605332594
vn -0.33686076842660756 -0.8421519210665189 -0.4210759605332594
vn -0.33686076842660756 -0.8421519210665189 -0.4210759605332594
vn 0.33686076842660756 -0.8421519210665189 -0.4210759605332594
vn 0.33686076842660756 -0.8421519210665189 -0.4210759605332594
vn 0.33686076842660756 -0.8421519210665189 -0.4210759605332594
vn 0.33686076842660756 -0.8421519210665189 0.4210759605332596
vn 0.33686076842660756 -0.8421519210665189 0.4210759605332596
vn 0.33686076842660756 -0.8421519210665189 0.4210759605332596
vn -0.33686076842660756 -0.8421519210665189 0.4210759605332596
vn -0.33686076842660756 -0.8421519210665189 0.4210759605332596
vn -0.33686076842660756 -0.8421519210665189 0.4210759605332596
vn 0.33686076842660756 0.8421519210665189 0.4210759605332594
vn 0.33686076842660756 0.8421519210665189 0.4210759605332594
vn 0.33686076842660756 0.8421519210665189 0.4210759605332594
vn -0.33686076842660756 -0.8421519210665189 -0.4210759605332594
vn -0.33686076842660756 -0.8421519210665189 -0.4210759605332594
vn -0.33686076842660756 -0.8421519210665189 -0.4210759605332594
vn 0.33686076842660756 -0.8421519210665189 -0.4210759605332594
vn 0.33686076842660756 -0.8421519210665189 -0.4210759605332594
vn 0.33686076842660756 -0.8421519210665189 -0.4210759605332594
vn 0.33686076842660756 -0.8421519210665189 0.4210759605332596
vn 0.33686076842660756 -0.8421519210665189 0.4210759605332596
vn 0.33686076842660756 -0.8421519210665189 0.4210759605332596
vn -0.33686076842660756 -0.8421519210665189 0.4210759605332596
vn -0.33686076842660756 -0.8421519210665189 0.4210759605332596
vn -0.33686076842660756 -0.8421519210665189 0.4210759605332596
vn 0.33686076842660756 0.8421519210665189 -0.4210759605332596
vn 0.33686076842660756 0.8421519210665189 -0.4210759605332596
vn 0.33686076842660756 0.8421519210665189 -0.4210759605332596
vn 0.33686076842660756 -0.8421519210665189 0.4210759605332596
vn 0.33686076842660756 -0.8421519210665189 0.4210759605332596
vn 0.33686076842660756 -0.8421519210665189 0.4210759605332596
vn -0.33686076842660756 -0.8421519210665189 0.4210759605332596
vn -0.33686076842660756 -0.8421519210665189 0.4210759605332596
vn -0.33686076842660756 -0.8421519210665189 0.4210759605332596
vn 0.33686076842660756 -0.8421519210665189 -0.4210759605332594
vn 0.33686076842660756 -0.8421519210665189 -0.4210759605332594
vn 0.33686076842660756 -0.8421519210665189 -0.4210759605332594
vn 0.33686076842660756 -0.8421519210665189 -0.4210759605332594
vn 0.33686076842660756 -0.8421519210665189 -0.4210759605332594
vn 0.33686076842660756 -0.8421519210665189 -0.4210759605332594
vn -0.33686076842660756 -0.8421519210665189 -0.4210759605332594
vn -0.33686076842660756 -0.8421519210665189 -0.4210759605332594
vn -0.33686076842660756 -0.8421519210665189 -0.4210759605332594
vn -0.33686076842660756 -0.8421519210665189 -0.4210759605332594
vn -0.33686076842660756 -0.8421519210665189 -0.4210759605332594
vn -0.33686076842660756 -0.8421519210665189 -0.4210759605332594
vn 0.33686076842660756 0.8421519210665189 0.4210759605332594
vn 0.33686076842660756 0.8421519210665189 0.4210759605332594
vn 0.33686076842660756 0.8421519210665189 0.4210759605332594
vn 0.33686076842660756 0.8421519210665189 -0.4210759605332596
vn 0.33686076842660756 0.8421519210665189 -0.4210759605332596
vn 0.33686076842660756 0.8421519210665189 -0.4210759605332596
vn 0.33686076842660756 0.8421519210665189 -0.4210759605332596
vn 0.33686076842660756 0.8421519210665189 -0.4210759605332596
vn 0.33686076842660756 0.8421519210665189 -0.4210759605332596
vn -0.33686076842660756 0.8421519210665189 0.4210759605332594
vn -0.33686076842660756 0.8421519210665189 0.4210759605332594
vn -0.33686076842660756 0.8421519210665189 0.4210759605332594
vn -0.33686076842660756 0.8421519210665189 -0.4210759605332596
vn -0.33686076842660756 0.8421519210665189 -0.4210759605332596
vn -0.33686076842660756 0.8421519210665189 -0.4210759605332596
vn 0.33686076842660756 0.8421519210665189 0.4210759605332594
vn 0.33686076842660756 0.8421519210665189 0.4210759605332594
vn 0.33686076842660756 0.8421519210665189 0.4210759605332594
vn 0.33686076842660756 0.8421519210665189 -0.4210759605332596
vn 0.33686076842660756 0.8421519210665189 -0.4210759605332596
vn 0.33686076842660756 0.8421519210665189 -0.4210759605332596
vn 0.33686076842660756 0.8421519210665189 -0.4210759605332596
vn 0.33686076842660756 0.8421519210665189 -0.4210759605332596
vn 0.33686076842660756 0.8421519210665189 -0.4210759605332596
vn 0.33686076842660756 0.8421519210665189 0.4210759605332594
vn 0.33686076842660756 0.8421519210665189 0.4210759605332594
vn 0.33686076842660756 0.8421519210665189 0.4210759605332594
vn -0.33686076842660756 0.8421519210665189 -0.4210759605332596
vn -0.33686076842660756 0.8421519210665189 -0.4210759605332596
vn -0.33686076842660756 0.8421519210665189 -0.4210759605332596
vn -0.33686076842660756 0.8421519210665189 0.4210759605332594
vn -0.33686076842660756 0.8421519210665189 0.4210759605332594
vn -0.33686076842660756 0.8421519210665189 0.4210759605332594
vn 0.33686076842660756 0.8421519210665189 -0.4210759605332596
vn 0.33686076842660756 0.8421519210665189 -0.4210759605332596
vn 0.33686076842660756 0.8421519210665189 -0.4210759605332596
vn 0.33686076842660756 0.8421519210665189 0.4210759605332594
vn 0.33686076842660756 0.8421519210665189 0.4210759605332594
vn 0.33686076842660756 0.8421519210665189 0.4210759605332594
vn -0.33686076842660756 0.8421519210665189 -0.4210759605332596
vn -0.33686076842660756 0.8421519210665189 -0.4210759605332596
vn -0.33686076842660756 0.8421519210665189 -0.4210759605332596
vn -0.33686076842660756 0.8421519210665189 0.4210759605332594
vn -0.33686076842660756 0.8421519210665189 0.4210759605332594
vn -0.33686076842660756 0.8421519210665189 0.4210759605332594
vn -0.33686076842660756 0.8421519210665189 0.4210759605332594
vn -0.33686076842660756 0.8421519210665189 0.4210759605332594
vn -0.33686076842660756 0.8421519210665189 0.4210759605332594
vn -0.33686076842660756 0.8421519210665189 -0.4210759605332596
vn -0.33686076842660756 0.8421519210665189 -0.4210759605332596
vn -0.33686076842660756 0.8421519210665189 -0.4210759605332596
vn -0.33686076842660756 0.8421519210665189 0.4210759605332594
vn -0.33686076842660756 0.8421519210665189 0.4210759605332594
vn -0.33686076842660756 0.8421519210665189 0.4210759605332594
vn -0.33686076842660756 0.8421519210665189 -0.4210759605332596
vn -0.33686076842660756 0.8421519210665189 -0.4210759605332596
vn -0.33686076842660756 0.8421519210665189 -0.4210759605332596
vn -0.33686076842660756 0.8421519210665189 0.4210759605332594
vn -0.33686076842660756 0.8421519210665189 0.4210759605332594
vn -0.33686076842660756 0.8421519210665189 0.4210759605332594
vn -0.33686076842660756 0.8421519210665189 -0.4210759605332596
vn -0.33686076842660756 0.8421519210665189 -0.4210759605332596
vn -0.33686076842660756 0.8421519210665189 -0.4210759605332596
vn -0.33686076842660756 0.8421519210665189 -0.4210759605332596
vn -0.33686076842660756 0.8421519210665189 -0.4210759605332596
vn -0.33686076842660756 0.8421519210665189 -0.4210759605332596
vn -0.33686076842660756 0.8421519210665189 -0.4210759605332596
vn -0.33686076842660756 0.8421519210665189 0.4210759605332594
vn -0.33686076842660756 0.8421519210665189 0.4210759605332594
vn -0.33686076842660756 0.8421519210665189 0.4210759605332594
vn -0.33686076842660756 0.8421519210665189 0.4210759605332594
vn -0.33686076842660756 0.8421519210665189 0.4210759605332594
vn -0.33686076842660756 0.8421519210665189 0.4210759605332594
vn -0.33686076842660756 0.8421519210665189 0.4210759605332594
vn -0.33686076842660756 0.8421519210665189 0.4210759605332594
vn -0.33686076842660756 0.8421519210665189 -0.4210759605332596
vn -0.33686076842660756 0.8421519210665189 -0.4210759605332596
vn -0.33686076842660756 0.8421519210665189 -0.4210759605332596
vn -0.33686076842660756 0.8421519210665189 -0.4210759605332596
vn -0.33686076842660756 0.8421519210665189 -0.4210759605332596
vn -0.33686076842660756 0.8421519210665189 -0.4210759605332596
vn -0.33686076842660756 0.8421519210665189 -0.4210759605332596
vn -0.33686076842660756 0.8421519210665189 -0.4210759605332596
vn -0.33686076842660756 0.8421519210665189 0.4210759605332594
vn -0.33686076842660756 0.8421519210665189 0.4210759605332594
vn -0.33686076842660756 0.8421519210665189 0.4210759605332594
vn -0.33686076842660756 0.8421519210665189 0.4210759605332594
vn -0.33686076842660756 0.8421519210665189 0.4210759605332594
vn -0.33686076842660756 0.8421519210665189 0.4210759605332594
vn -0.33686076842660756 0.8421519210665189 0.4210759605332594
vn -0.33686076842660756 0.8421519210665189 0.4210759605332594
vn 0.33686076842660756 0.8421519210665189 -0.4210759605332596
vn 0.33686076842660756 0.8421519210665189 -0.4210759605332596
vn 0.33686076842660756 0.8421519210665189 -0.4210759605332596
vn 0.33686076842660756 0.8421519210665189 -0.4210759605332596
vn 0.33686076842660756 0.8421519210665189 0.4210759605332594
vn 0.33686076842660756 0.8421519210665189 0.4210759605332594
vn 0.33686076842660756 0.8421519210665189 0.4210759605332594
vn 0.33686076842660756 0.8421519210665189 0.4210759605332594
vn 0.33686076842660756 0.8421519210665189 0.4210759605332594
vn 0.33686076842660756 0.8421519210665189 0.4210759605332594
vn 0.33686076842660756 0.8421519210665189 0.4210759605332594
vn 0.33686076842660756 0.8421519210665189 0.4210759605332594
vn 0.33686076842660756 0.8421519210665189 -0.4210759605332596
vn 0.33686076842660756 0.8421519210665189 -0.4210759605332596
vn 0.33686076842660756 0.8421519210665189 -0.4210759605332596
vn 0.33686076842660756 0.8421519210665189 -0.4210759605332596
vn 0.33686076842660756 0.8421519210665189 0.4210759605332594
vn 0.33686076842660756 0.8421519210665189 0.4210759605332594
vn 0.33686076842660756 0.8421519210665189 0.4210759605332594
vn 0.33686076842660756 0.8421519210665189 0.4210759605332594
vn 0.33686076842660756 0.8421519210665189 -0.4210759605332596
vn 0.33686076842660756 0.8421519210665189 -0.4210759605332596
vn 0.33686076842660756 0.8421519210665189 -0.4210759605332596
vn 0.33686076842660756 0.8421519210665189 -0.4210759605332596
vn 0.33686076842660756 0.8421519210665189 0.4210759605332594
vn 0.33686076842660756 0.8421519210665189 0.4210759605332594
vn 0.33686076842660756 0.8421519210665189 0.4210759605332594
vn 0.33686076842660756 0.8421519210665189 0.4210759605332594
vn 0.33686076842660756 0.8421519210665189 -0.4210759605332596
vn 0.33686076842660756 0.8421519210665189 -0.4210759605332596
vn 0.33686076842660756 0.8421519210665189 -0.4210759605332596
vn 0.33686076842660756 0.8421519210665189 -0.4210759605332596
vn 0.33686076842660756 0.8421519210665189 -0.4210759605332596
vn 0.33686076842660756 0.8421519210665189 -0.4210759605332596
vn 0.33686076842660756 0.8421519210665189 -0.4210759605332596
vn 0.33686076842660756 0.8421519210665189 -0.4210759605332596
vn 0.33686076842660756 0.8421519210665189 0.4210759605332594
vn 0.33686076842660756 0.8421519210665189 0.4210759605332594
vn 0.33686076842660756 0.8421519210665189 0.4210759605332594
vn 0.33686076842660756 0.8421519210665189 0.4210759605332594
vn 1 0 0
vn 1 0 0
vn 1 0 0
vn 1 0 0
vn 0.33686076842660756 0.8421519210665189 0.4210759605332594
vn 0.33686076842660756 0.8421519210665189 0.4210759605332594
vn 0.33686076842660756 0.8421519210665189 0.4210759605332594
vn 0.33686076842660756 0.8421519210665189 0.4210759605332594
vn 0.33686076842660756 -0.8421519210665189 0.4210759605332596
vn 0.33686076842660756 -0.8421519210665189 0.4210759605332596
vn 0.33686076842660756 -0.8421519210665189 0.4210759605332596
vn 0.33686076842660756 -0.8421519210665189 0.4210759605332596
vn -0.33686076842660756 -0.8421519210665189 0.4210759605332596
vn -0.33686076842660756 -0.8421519210665189 0.4210759605332596
vn -0.33686076842660756 -0.8421519210665189 0.4210759605332596
vn -0.33686076842660756 -0.8421519210665189 0.4210759605332596
vn 1 0 0
vn 1 0 0
vn 1 0 0
vn 1 0 0
vn 0 0.8944271909999157 -0.447213595499958
vn 0 0.8944271909999157 -0.447213595499958
vn 0 0.8944271909999157 -0.447213595499958
vn 0 0.8944271909999157 -0.447213595499958
vn 0 0.894427190999916 0.4472135954999579
vn 0 0.894427190999916 0.4472135954999579
vn 0 0.894427190999916 0.4472135954999579
vn 0 0.894427190999916 0.4472135954999579
vn -0.33686076842660756 0.8421519210665189 -0.4210759605332596
vn -0.33686076842660756 0.8421519210665189 -0.4210759605332596
vn -0.33686076842660756 0.8421519210665189 -0.4210759605332596
vn -0.33686076842660756 0.8421519210665189 -0.4210759605332596
vn 0 -0.8944271909999157 0.447213595499958
vn 0 -0.8944271909999157 0.447213595499958
vn 0 -0.8944271909999157 0.447213595499958
vn 0 -0.8944271909999157 0.447213595499958
vn 0 -0.894427190999916 -0.4472135954999579
vn 0 -0.894427190999916 -0.4472135954999579
vn 0 -0.894427190999916 -0.4472135954999579
vn 0 -0.894427190999916 -0.4472135954999579
vn -0.33686076842660756 -0.8421519210665189 -0.4210759605332594
vn -0.33686076842660756 -0.8421519210665189 -0.4210759605332594
vn -0.33686076842660756 -0.8421519210665189 -0.4210759605332594
vn -0.33686076842660756 -0.8421519210665189 -0.4210759605332594
vn -0.33686076842660756 0.8421519210665189 -0.4210759605332596
vn -0.33686076842660756 0.8421519210665189 -0.4210759605332596
vn -0.33686076842660756 0.8421519210665189 -0.4210759605332596
vn -0.33686076842660756 0.8421519210665189 -0.4210759605332596
vn 0 0.8944271909999157 -0.447213595499958
vn 0 0.8944271909999157 -0.447213595499958
vn 0 0.8944271909999157 -0.447213595499958
vn 0 0.8944271909999157 -0.447213595499958
vn 0.33686076842660756 0.8421519210665189 -0.4210759605332596
vn 0.33686076842660756 0.8421519210665189 -0.4210759605332596
vn 0.33686076842660756 0.8421519210665189 -0.4210759605332596
vn 0.33686076842660756 0.8421519210665189 -0.4210759605332596
vn 0.33686076842660756 -0.8421519210665189 -0.4210759605332594
vn 0.33686076842660756 -0.8421519210665189 -0.4210759605332594
vn 0.33686076842660756 -0.8421519210665189 -0.4210759605332594
vn 0.33686076842660756 -0.8421519210665189 -0.4210759605332594
vn 0.3713906712157723 1.1370560100926155e-16 0.9284766929405919
vn 0.3713906712157723 1.1370560100926155e-16 0.9284766929405919
vn 0.3713906712157723 1.1370560100926155e-16 0.9284766929405919
vn 0.3713906712157723 1.1370560100926155e-16 0.9284766929405919
vn -0.3713906712157723 1.1370560100926155e-16 0.9284766929405919
vn -0.3713906712157723 1.1370560100926155e-16 0.9284766929405919
vn -0.3713906712157723 1.1370560100926155e-16 0.9284766929405919
vn -0.3713906712157723 1.1370560100926155e-16 0.9284766929405919
vn 0.3713906712157723 -1.1370560100926155e-16 -0.9284766929405919
vn 0.3713906712157723 -1.1370560100926155e-16 -0.9284766929405919
vn 0.3713906712157723 -1.1370560100926155e-16 -0.9284766929405919
vn 0.3713906712157723 -1.1370560100926155e-16 -0.9284766929405919
vn -0.3713906712157723 -1.1370560100926155e-16 -0.9284766929405919
vn -0.3713906712157723 -1.1370560100926155e-16 -0.9284766929405919
vn -0.3713906712157723 -1.1370560100926155e-16 -0.9284766929405919
vn -0.3713906712157723 -1.1370560100926155e-16 -0.9284766929405919
vn 0 1.2246467991473532e-16 1
vn 0 1.2246467991473532e-16 1
vn 0 1.2246467991473532e-16 1
vn 0 1.2246467991473532e-16 1
vn 0 0.894427190999916 0.4472135954999579
vn 0 0.894427190999916 0.4472135954999579
vn 0 0.894427190999916 0.4472135954999579
vn 0 0.894427190999916 0.4472135954999579
vn 0 0.894427190999916 0.4472135954999579
vn 0 0.894427190999916 0.4472135954999579
vn 0 0.894427190999916 0.4472135954999579
vn 0 0.894427190999916 0.4472135954999579
vn -0.33686076842660756 0.8421519210665189 -0.4210759605332596
vn -0.33686076842660756 0.8421519210665189 -0.4210759605332596
vn -0.33686076842660756 0.8421519210665189 -0.4210759605332596
vn -0.33686076842660756 0.8421519210665189 -0.4210759605332596
vn 0 -0.8944271909999157 0.447213595499958
vn 0 -0.8944271909999157 0.447213595499958
vn 0 -0.8944271909999157 0.447213595499958
vn 0 -0.8944271909999157 0.447213595499958
vn 0 -0.894427190999916 -0.4472135954999579
vn 0 -0.894427190999916 -0.4472135954999579
vn 0 -0.894427190999916 -0.4472135954999579
vn 0 -0.894427190999916 -0.4472135954999579
vn -0.33686076842660756 -0.8421519210665189 -0.4210759605332594
vn -0.33686076842660756 -0.8421519210665189 -0.4210759605332594
vn -0.33686076842660756 -0.8421519210665189 -0.4210759605332594
vn -0.33686076842660756 -0.8421519210665189 -0.4210759605332594
vn 0.33686076842660756 -0.8421519210665189 -0.4210759605332594
vn 0.33686076842660756 -0.8421519210665189 -0.4210759605332594
vn 0.33686076842660756 -0.8421519210665189 -0.4210759605332594
vn 0.33686076842660756 -0.8421519210665189 -0.4210759605332594
vn 0.3713906712157723 1.1370560100926155e-16 0.9284766929405919
vn 0.3713906712157723 1.1370560100926155e-16 0.9284766929405919
vn 0.3713906712157723 1.1370560100926155e-16 0.9284766929405919
vn 0.3713906712157723 1.1370560100926155e-16 0.9284766929405919
vn 0 -1.2246467991473532e-16 -1
vn 0 -1.2246467991473532e-16 -1
vn 0 -1.2246467991473532e-16 -1
vn 0 -1.2246467991473532e-16 -1
vn -0.3713906712157723 1.1370560100926155e-16 0.9284766929405919
vn -0.3713906712157723 1.1370560100926155e-16 0.9284766929405919
vn -0.3713906712157723 1.1370560100926155e-16 0.9284766929405919
vn -0.3713906712157723 1.1370560100926155e-16 0.9284766929405919
vn 0.3713906712157723 -1.1370560100926155e-16 -0.9284766929405919
vn 0.3713906712157723 -1.1370560100926155e-16 -0.9284766929405919
vn 0.3713906712157723 -1.1370560100926155e-16 -0.9284766929405919
vn 0.3713906712157723 -1.1370560100926155e-16 -0.9284766929405919
vn -0.3713906712157723 -1.1370560100926155e-16 -0.9284766929405919
vn -0.3713906712157723 -1.1370560100926155e-16 -0.9284766929405919
vn -0.3713906712157723 -1.1370560100926155e-16 -0.9284766929405919
vn -0.3713906712157723 -1.1370560100926155e-16 -0.9284766929405919
vn 0 1.2246467991473532e-16 1
vn 0 1.2246467991473532e-16 1
vn 0 1.2246467991473532e-16 1
vn 0 1.2246467991473532e-16 1
vn 0 0.894427190999916 0.4472135954999579
vn 0 0.894427190999916 0.4472135954999579
vn 0 0.894427190999916 0.4472135954999579
vn 0 0.894427190999916 0.4472135954999579
vn 0 0.894427190999916 0.4472135954999579
vn 0 0.894427190999916 0.4472135954999579
vn 0 0.894427190999916 0.4472135954999579
vn 0 0.894427190999916 0.4472135954999579
vn 0 0.894427190999916 0.4472135954999579
vn 0 0.894427190999916 0.4472135954999579
vn 0 0.894427190999916 0.4472135954999579
vn 0 0.894427190999916 0.4472135954999579
vn 0 0.8944271909999157 -0.447213595499958
vn 0 0.8944271909999157 -0.447213595499958
vn 0 0.8944271909999157 -0.447213595499958
vn 0 0.8944271909999157 -0.447213595499958
vn 1 0 0
vn 1 0 0
vn 1 0 0
vn 1 0 0
vn -0.33686076842660756 -0.8421519210665189 0.4210759605332596
vn -0.33686076842660756 -0.8421519210665189 0.4210759605332596
vn -0.33686076842660756 -0.8421519210665189 0.4210759605332596
vn -0.33686076842660756 -0.8421519210665189 0.4210759605332596
vn 0.33686076842660756 -0.8421519210665189 0.4210759605332596
vn 0.33686076842660756 -0.8421519210665189 0.4210759605332596
vn 0.33686076842660756 -0.8421519210665189 0.4210759605332596
vn 0.33686076842660756 -0.8421519210665189 0.4210759605332596
vn -0.33686076842660756 0.8421519210665189 0.4210759605332594
vn -0.33686076842660756 0.8421519210665189 0.4210759605332594
vn -0.33686076842660756 0.8421519210665189 0.4210759605332594
vn -0.33686076842660756 0.8421519210665189 0.4210759605332594
vn 1 0 0
vn 1 0 0
vn 1 0 0
vn 1 0 0
vn -0.33686076842660756 0.8421519210665189 0.4210759605332594
vn -0.33686076842660756 0.8421519210665189 0.4210759605332594
vn -0.33686076842660756 0.8421519210665189 0.4210759605332594
vn -0.33686076842660756 0.8421519210665189 0.4210759605332594
vn 0 -0.8944271909999157 0.447213595499958
vn 0 -0.8944271909999157 0.447213595499958
vn 0 -0.8944271909999157 0.447213595499958
vn 0 -0.8944271909999157 0.447213595499958
vn 0 -0.894427190999916 -0.4472135954999579
vn 0 -0.894427190999916 -0.4472135954999579
vn 0 -0.894427190999916 -0.4472135954999579
vn 0 -0.894427190999916 -0.4472135954999579
vn -0.33686076842660756 -0.8421519210665189 -0.4210759605332594
vn -0.33686076842660756 -0.8421519210665189 -0.4210759605332594
vn -0.33686076842660756 -0.8421519210665189 -0.4210759605332594
vn -0.33686076842660756 -0.8421519210665189 -0.4210759605332594
vn 0.33686076842660756 -0.8421519210665189 -0.4210759605332594
vn 0.33686076842660756 -0.8421519210665189 -0.4210759605332594
vn 0.33686076842660756 -0.8421519210665189 -0.4210759605332594
vn 0.33686076842660756 -0.8421519210665189 -0.4210759605332594
vn 0.3713906712157723 1.1370560100926155e-16 0.9284766929405919
vn 0.3713906712157723 1.1370560100926155e-16 0.9284766929405919
vn 0.3713906712157723 1.1370560100926155e-16 0.9284766929405919
vn 0.3713906712157723 1.1370560100926155e-16 0.9284766929405919
vn 0 -1.2246467991473532e-16 -1
vn 0 -1.2246467991473532e-16 -1
vn 0 -1.2246467991473532e-16 -1
vn 0 -1.2246467991473532e-16 -1
vn -0.3713906712157723 1.1370560100926155e-16 0.9284766929405919
vn -0.3713906712157723 1.1370560100926155e-16 0.9284766929405919
vn -0.3713906712157723 1.1370560100926155e-16 0.9284766929405919
vn -0.3713906712157723 1.1370560100926155e-16 0.9284766929405919
vn 0.3713906712157723 -1.1370560100926155e-16 -0.9284766929405919
vn 0.3713906712157723 -1.1370560100926155e-16 -0.9284766929405919
vn 0.3713906712157723 -1.1370560100926155e-16 -0.9284766929405919
vn 0.3713906712157723 -1.1370560100926155e-16 -0.9284766929405919
vn -0.3713906712157723 -1.1370560100926155e-16 -0.9284766929405919
vn -0.3713906712157723 -1.1370560100926155e-16 -0.9284766929405919
vn -0.3713906712157723 -1.1370560100926155e-16 -0.9284766929405919
vn -0.3713906712157723 -1.1370560100926155e-16 -0.9284766929405919
vn 0 1.2246467991473532e-16 1
vn 0 1.2246467991473532e-16 1
vn 0 1.2246467991473532e-16 1
vn 0 1.2246467991473532e-16 1
vn 0 -0.8944271909999157 0.447213595499958
vn 0 -0.8944271909999157 0.447213595499958
vn 0 -0.8944271909999157 0.447213595499958
vn 0 -0.8944271909999157 0.447213595499958
vn 0 -0.894427190999916 -0.4472135954999579
vn 0 -0.894427190999916 -0.4472135954999579
vn 0 -0.894427190999916 -0.4472135954999579
vn 0 -0.894427190999916 -0.4472135954999579
vn -0.33686076842660756 -0.8421519210665189 -0.4210759605332594
vn -0.33686076842660756 -0.8421519210665189 -0.4210759605332594
vn -0.33686076842660756 -0.8421519210665189 -0.4210759605332594
vn -0.33686076842660756 -0.8421519210665189 -0.4210759605332594
vn 0.33686076842660756 0.8421519210665189 0.4210759605332594
vn 0.33686076842660756 0.8421519210665189 0.4210759605332594
vn 0.33686076842660756 0.8421519210665189 0.4210759605332594
vn 0.33686076842660756 0.8421519210665189 0.4210759605332594
vn -0.33686076842660756 0.8421519210665189 0.4210759605332594
vn -0.33686076842660756 0.8421519210665189 0.4210759605332594
vn -0.33686076842660756 0.8421519210665189 0.4210759605332594
vn -0.33686076842660756 0.8421519210665189 0.4210759605332594
vn 0.33686076842660756 -0.8421519210665189 -0.4210759605332594
vn 0.33686076842660756 -0.8421519210665189 -0.4210759605332594
vn 0.33686076842660756 -0.8421519210665189 -0.4210759605332594
vn 0.33686076842660756 -0.8421519210665189 -0.4210759605332594
vn 0 0.894427190999916 0.4472135954999579
vn 0 0.894427190999916 0.4472135954999579
vn 0 0.894427190999916 0.4472135954999579
vn 0 0.894427190999916 0.4472135954999579
vn 0 -1.2246467991473532e-16 -1
vn 0 -1.2246467991473532e-16 -1
vn 0 -1.2246467991473532e-16 -1
vn 0 -1.2246467991473532e-16 -1
vn 0.3713906712157723 1.1370560100926155e-16 0.9284766929405919
vn 0.3713906712157723 1.1370560100926155e-16 0.9284766929405919
vn 0.3713906712157723 1.1370560100926155e-16 0.9284766929405919
vn 0.3713906712157723 1.1370560100926155e-16 0.9284766929405919
vn 0.3713906712157723 -1.1370560100926155e-16 -0.9284766929405919
vn 0.3713906712157723 -1.1370560100926155e-16 -0.9284766929405919
vn 0.3713906712157723 -1.1370560100926155e-16 -0.9284766929405919
vn 0.3713906712157723 -1.1370560100926155e-16 -0.9284766929405919
vn -0.3713906712157723 1.1370560100926155e-16 0.9284766929405919
vn -0.3713906712157723 1.1370560100926155e-16 0.9284766929405919
vn -0.3713906712157723 1.1370560100926155e-16 0.9284766929405919
vn -0.3713906712157723 1.1370560100926155e-16 0.9284766929405919
vn 0 1.2246467991473532e-16 1
vn 0 1.2246467991473532e-16 1
vn 0 1.2246467991473532e-16 1
vn 0 1.2246467991473532e-16 1
vn -0.3713906712157723 -1.1370560100926155e-16 -0.9284766929405919
vn -0.3713906712157723 -1.1370560100926155e-16 -0.9284766929405919
vn -0.3713906712157723 -1.1370560100926155e-16 -0.9284766929405919
vn -0.3713906712157723 -1.1370560100926155e-16 -0.9284766929405919
vn 1 0 0
vn 1 0 0
vn 1 0 0
vn 1 0 0
vn 1 0 0
vn 1 0 0
vn 1 0 0
vn 1 0 0
vn -0.33686076842660756 0.8421519210665189 -0.4210759605332596
vn -0.33686076842660756 0.8421519210665189 -0.4210759605332596
vn -0.33686076842660756 0.8421519210665189 -0.4210759605332596
vn -0.33686076842660756 0.8421519210665189 -0.4210759605332596
vn 0 0.8944271909999157 -0.447213595499958
vn 0 0.8944271909999157 -0.447213595499958
vn 0 0.8944271909999157 -0.447213595499958
vn 0 0.8944271909999157 -0.447213595499958
vn 0.33686076842660756 -0.8421519210665189 0.4210759605332596
vn 0.33686076842660756 -0.8421519210665189 0.4210759605332596
vn 0.33686076842660756 -0.8421519210665189 0.4210759605332596
vn 0.33686076842660756 -0.8421519210665189 0.4210759605332596
vn 0.33686076842660756 -0.8421519210665189 0.4210759605332596
vn 0.33686076842660756 -0.8421519210665189 0.4210759605332596
vn 0.33686076842660756 -0.8421519210665189 0.4210759605332596
vn 0.33686076842660756 -0.8421519210665189 0.4210759605332596
vn -0.33686076842660756 -0.8421519210665189 0.4210759605332596
vn -0.33686076842660756 -0.8421519210665189 0.4210759605332596
vn -0.33686076842660756 -0.8421519210665189 0.4210759605332596
vn -0.33686076842660756 -0.8421519210665189 0.4210759605332596
vn -0.33686076842660756 -0.8421519210665189 0.4210759605332596
vn -0.33686076842660756 -0.8421519210665189 0.4210759605332596
vn -0.33686076842660756 -0.8421519210665189 0.4210759605332596
vn -0.33686076842660756 -0.8421519210665189 0.4210759605332596
vn 1 0 0
vn 1 0 0
vn 1 0 0
vn 1 0 0
vn 1 0 0
vn 1 0 0
vn 1 0 0
vn 1 0 0
vn 0 0.8944271909999157 -0.447213595499958
vn 0 0.8944271909999157 -0.447213595499958
vn 0 0.8944271909999157 -0.447213595499958
vn 0 0.8944271909999157 -0.447213595499958
vn 0 0.8944271909999157 -0.447213595499958
vn 0 0.8944271909999157 -0.447213595499958
vn 0 0.8944271909999157 -0.447213595499958
vn 0 0.8944271909999157 -0.447213595499958
vn 0 0.894427190999916 0.4472135954999579
vn 0 0.894427190999916 0.4472135954999579
vn 0 0.894427190999916 0.4472135954999579
vn 0 0.894427190999916 0.4472135954999579
vn 0 0.894427190999916 0.4472135954999579
vn 0 0.894427190999916 0.4472135954999579
vn 0 0.894427190999916 0.4472135954999579
vn 0 0.894427190999916 0.4472135954999579
vn 0 0.894427190999916 0.4472135954999579
vn 0 0.894427190999916 0.4472135954999579
vn 0 0.894427190999916 0.4472135954999579
vn 0 0.894427190999916 0.4472135954999579
vn 0 0.8944271909999157 -0.447213595499958
vn 0 0.8944271909999157 -0.447213595499958
vn 0 0.8944271909999157 -0.447213595499958
vn 0 0.8944271909999157 -0.447213595499958
vn 0 0.8944271909999157 -0.447213595499958
vn 0 0.8944271909999157 -0.447213595499958
vn 0 0.8944271909999157 -0.447213595499958
vn 0 0.8944271909999157 -0.447213595499958
vn 0 0.8944271909999157 -0.447213595499958
vn 0 0.8944271909999157 -0.447213595499958
vn 0 0.8944271909999157 -0.447213595499958
vn 0 0.8944271909999157 -0.447213595499958
vn 0 0.8944271909999157 -0.447213595499958
vn 0 0.8944271909999157 -0.447213595499958
vn 0 0.8944271909999157 -0.447213595499958
vn 0 0.8944271909999157 -0.447213595499958
vn 0.33686076842660756 0.8421519210665189 -0.4210759605332596
vn 0.33686076842660756 0.8421519210665189 -0.4210759605332596
vn 0.33686076842660756 0.8421519210665189 -0.4210759605332596
vn 0.33686076842660756 0.8421519210665189 -0.4210759605332596
f 2819/2819/2819 2818/2818/2818 2817/2817/2817
f 2822/2822/2822 2821/2821/2821 2820/2820/2820
f 2825/2825/2825 2824/2824/2824 2823/2823/2823
f 2828/2828/2828 2827/2827/2827 2826/2826/2826
f 2831/2831/2831 2830/2830/2830 2829/2829/2829
f 2834/2834/2834 2833/2833/2833 2832/2832/2832
f 2837/2837/2837 2836/2836/2836 2835/2835/2835
f 2840/2840/2840 2839/2839/2839 2838/2838/2838
f 2843/2843/2843 2842/2842/2842 2841/2841/2841
f 2846/2846/2846 2845/2845/2845 2844/2844/2844
f 2849/2849/2849 2848/2848/2848 2847/2847/2847
f 2852/2852/2852 2851/2851/2851 2850/2850/2850
f 2855/2855/2855 2854/2854/2854 2853/2853/2853
f 2858/2858/2858 2857/2857/2857 2856/2856/2856
f 2861/2861/2861 2860/2860/2860 2859/2859/2859
f 2864/2864/2864 2863/2863/2863 2862/2862/2862
f 2867/2867/2867 2866/2866/2866 2865/2865/2865
f 2870/2870/2870 2869/2869/2869 2868/2868/2868
f 2873/2873/2873 2872/2872/2872 2871/2871/2871
f 2876/2876/2876 2875/2875/2875 2874/2874/2874
f 2879/2879/2879 2878/2878/2878 2877/2877/2877
f 2882/2882/2882 2881/2881/2881 2880/2880/2880
f 2885/2885/2885 2884/2884/2884 2883/2883/2883
f 2888/2888/2888 2887/2887/2887 2886/2886/2886
f 2891/2891/2891 2890/2890/2890 2889/2889/2889
f 2894/2894/2894 2893/2893/2893 2892/2892/2892
f 2897/2897/2897 2896/2896/2896 2895/2895/2895
f 2900/2900/2900 2899/2899/2899 2898/2898/2898
f 2903/2903/2903 2902/2902/2902 2901/2901/2901
f 2906/2906/2906 2905/2905/2905 2904/2904/2904
f 2909/2909/2909 2908/2908/2908 2907/2907/2907
f 2912/2912/2912 2911/2911/2911 2910/2910/2910
f 2915/2915/2915 2914/2914/2914 2913/2913/2913
f 2918/2918/2918 2917/2917/2917 2916/2916/2916
f 2921/2921/2921 2920/2920/2920 2919/2919/2919
f 2924/2924/2924 2923/2923/2923 2922/2922/2922
f 2927/2927/2927 2926/2926/2926 2925/2925/2925
f 2930/2930/2930 2929/2929/2929 2928/2928/2928
f 2933/2933/2933 2932/2932/2932 2931/2931/2931
f 2936/2936/2936 2935/2935/2935 2934/2934/2934
f 2939/2939/2939 2938/2938/2938 2937/2937/2937
f 2938/2938/2938 2939/2939/2939 2940/2940/2940
f 2943/2943/2943 2942/2942/2942 2941/2941/2941
f 2942/2942/2942 2943/2943/2943 2944/2944/2944
f 2947/2947/2947 2946/2946/2946 2945/2945/2945
f 2946/2946/2946 2947/2947/2947 2948/2948/2948
f 2951/2951/2951 2950/2950/2950 2949/2949/2949
f 2950/2950/2950 2951/2951/2951 2952/2952/2952
f 2955/2955/2955 2954/2954/2954 2953/2953/2953
f 2954/2954/2954 2955/2955/2955 2956/2956/2956
f 2959/2959/2959 2958/2958/2958 2957/2957/2957
f 2958/2958/2958 2959/2959/2959 2960/2960/2960
f 2963/2963/2963 2962/2962/2962 2961/2961/2961
f 2962/2962/2962 2963/2963/2963 2964/2964/2964
f 2967/2967/2967 2966/2966/2966 2965/2965/2965
f 2966/2966/2966 2967/2967/2967 2968/2968/2968
f 2971/2971/2971 2970/2970/2970 2969/2969/2969
f 2970/2970/2970 2971/2971/2971 2972/2972/2972
f 2975/2975/2975 2974/2974/2974 2973/2973/2973
f 2974/2974/2974 2975/2975/2975 2976/2976/2976
f 2979/2979/2979 2978/2978/2978 2977/2977/2977
f 2978/2978/2978 2979/2979/2979 2980/2980/2980
f 2983/2983/2983 2982/2982/2982 2981/2981/2981
f 2982/2982/2982 2983/2983/2983 2984/2984/2984
f 2987/2987/2987 2986/2986/2986 2985/2985/2985
f 2986/2986/2986 2987/2987/2987 2988/2988/2988
f 2991/2991/2991 2990/2990/2990 2989/2989/2989
f 2990/2990/2990 2991/2991/2991 2992/2992/2992
f 2995/2995/2995 2994/2994/2994 2993/2993/2993
f 2994/2994/2994 2995/2995/2995 2996/2996/2996
f 2999/2999/2999 2998/2998/2998 2997/2997/2997
f 2998/2998/2998 2999/2999/2999 3000/3000/3000
f 3003/3003/3003 3002/3002/3002 3001/3001/3001
f 3002/3002/3002 3003/3003/3003 3004/3004/3004
f 3007/3007/3007 3006/3006/3006 3005/3005/3005
f 3006/3006/3006 3007/3007/3007 3008/3008/3008
f 3011/3011/3011 3010/3010/3010 3009/3009/3009
f 3010/3010/3010 3011/3011/3011 3012/3012/3012
f 3015/3015/3015 3014/3014/3014 3013/3013/3013
f 3014/3014/3014 3015/3015/3015 3016/3016/3016
f 3019/3019/3019 3018/3018/3018 3017/3017/3017
f 3018/3018/3018 3019/3019/3019 3020/3020/3020
f 3023/3023/3023 3022/3022/3022 3021/3021/3021
f 3022/3022/3022 3023/3023/3023 3024/3024/3024
f 3027/3027/3027 3026/3026/3026 3025/3025/3025
f 3026/3026/3026 3027/3027/3027 3028/3028/3028
f 3031/3031/3031 3030/3030/3030 3029/3029/3029
f 3030/3030/3030 3031/3031/3031 3032/3032/3032
f 3035/3035/3035 3034/3034/3034 3033/3033/3033
f 3034/3034/3034 3035/3035/3035 3036/3036/3036
f 3039/3039/3039 3038/3038/3038 3037/3037/3037
f 3038/3038/3038 3039/3039/3039 3040/3040/3040
f 3043/3043/3043 3042/3042/3042 3041/3041/3041
f 3042/3042/3042 3043/3043/3043 3044/3044/3044
f 3047/3047/3047 3046/3046/3046 3045/3045/3045
f 3046/3046/3046 3047/3047/3047 3048/3048/3048
f 3051/3051/3051 3050/3050/3050 3049/3049/3049
f 3050/3050/3050 3051/3051/3051 3052/3052/3052
f 3055/3055/3055 3054/3054/3054 3053/3053/3053
f 3054/3054/3054 3055/3055/3055 3056/3056/3056
f 3059/3059/3059 3058/3058/3058 3057/3057/3057
f 3058/3058/3058 3059/3059/3059 3060/3060/3060
f 3063/3063/3063 3062/3062/3062 3061/3061/3061
f 3062/3062/3062 3063/3063/3063 3064/3064/3064
f 3067/3067/3067 3066/3066/3066 3065/3065/3065
f 3066/3066/3066 3067/3067/3067 3068/3068/3068
f 3071/3071/3071 3070/3070/3070 3069/3069/3069
f 3070/3070/3070 3071/3071/3071 3072/3072/3072
f 3075/3075/3075 3074/3074/3074 3073/3073/3073
f 3074/3074/3074 3075/3075/3075 3076/3076/3076
f 3079/3079/3079 3078/3078/3078 3077/3077/3077
f 3078/3078/3078 3079/3079/3079 3080/3080/3080
f 3083/3083/3083 3082/3082/3082 3081/3081/3081
f 3082/3082/3082 3083/3083/3083 3084/3084/3084
f 3087/3087/3087 3086/3086/3086 3085/3085/3085
f 3086/3086/3086 3087/3087/3087 3088/3088/3088
f 3091/3091/3091 3090/3090/3090 3089/3089/3089
f 3090/3090/3090 3091/3091/3091 3092/3092/3092
f 3095/3095/3095 3094/3094/3094 3093/3093/3093
f 3094/3094/3094 3095/3095/3095 3096/3096/3096
f 3099/3099/3099 3098/3098/3098 3097/3097/3097
f 3098/3098/3098 3099/3099/3099 3100/3100/3100
f 3103/3103/3103 3102/3102/3102 3101/3101/3101
f 3102/3102/3102 3103/3103/3103 3104/3104/3104
f 3107/3107/3107 3106/3106/3106 3105/3105/3105
f 3106/3106/3106 3107/3107/3107 3108/3108/3108
f 3111/3111/3111 3110/3110/3110 3109/3109/3109
f 3110/3110/3110 3111/3111/3111 3112/3112/3112
f 3115/3115/3115 3114/3114/3114 3113/3113/3113
f 3114/3114/3114 3115/3115/3115 3116/3116/3116
f 3119/3119/3119 3118/3118/3118 3117/3117/3117
f 3118/3118/3118 3119/3119/3119 3120/3120/3120
f 3123/3123/3123 3122/3122/3122 3121/3121/3121
f 3122/3122/3122 3123/3123/3123 3124/3124/3124
f 3127/3127/3127 3126/3126/3126 3125/3125/3125
f 3126/3126/3126 3127/3127/3127 3128/3128/3128
f 3131/3131/3131 3130/3130/3130 3129/3129/3129
f 3130/3130/3130 3131/3131/3131 3132/3132/3132
f 3135/3135/3135 3134/3134/3134 3133/3133/3133
f 3134/3134/3134 3135/3135/3135 3136/3136/3136
f 3139/3139/3139 3138/3138/3138 3137/3137/3137
f 3138/3138/3138 3139/3139/3139 3140/3140/3140
f 3143/3143/3143 3142/3142/3142 3141/3141/3141
f 3142/3142/3142 3143/3143/3143 3144/3144/3144
f 3147/3147/3147 3146/3146/3146 3145/3145/3145
f 3146/3146/3146 3147/3147/3147 3148/3148/3148
f 3151/3151/3151 3150/3150/3150 3149/3149/3149
f 3150/3150/3150 3151/3151/3151 3152/3152/3152
f 3155/3155/3155 3154/3154/3154 3153/3153/3153
f 3154/3154/3154 3155/3155/3155 3156/3156/3156
f 3159/3159/3159 3158/3158/3158 3157/3157/3157
f 3158/3158/3158 3159/3159/3159 3160/3160/3160
f 3163/3163/3163 3162/3162/3162 3161/3161/3161
f 3162/3162/3162 3163/3163/3163 3164/3164/3164
f 3167/3167/3167 3166/3166/3166 3165/3165/3165
f 3166/3166/3166 3167/3167/3167 3168/3168/3168
f 3171/3171/3171 3170/3170/3170 3169/3169/3169
f 3170/3170/3170 3171/3171/3171 3172/3172/3172
f 3175/3175/3175 3174/3174/3174 3173/3173/3173
f 3174/3174/3174 3175/3175/3175 3176/3176/3176
f 3179/3179/3179 3178/3178/3178 3177/3177/3177
f 3178/3178/3178 3179/3179/3179 3180/3180/3180
f 3183/3183/3183 3182/3182/3182 3181/3181/3181
f 3182/3182/3182 3183/3183/3183 3184/3184/3184
f 3187/3187/3187 3186/3186/3186 3185/3185/3185
f 3186/3186/3186 3187/3187/3187 3188/3188/3188
f 3191/3191/3191 3190/3190/3190 3189/3189/3189
f 3190/3190/3190 3191/3191/3191 3192/3192/3192
f 3195/3195/3195 3194/3194/3194 3193/3193/3193
f 3194/3194/3194 3195/3195/3195 3196/3196/3196
f 3199/3199/3199 3198/3198/3198 3197/3197/3197
f 3198/3198/3198 3199/3199/3199 3200/3200/3200
f 3203/3203/3203 3202/3202/3202 3201/3201/3201
f 3202/3202/3202 3203/3203/3203 3204/3204/3204
f 3207/3207/3207 3206/3206/3206 3205/3205/3205
f 3206/3206/3206 3207/3207/3207 3208/3208/3208
f 3211/3211/3211 3210/3210/3210 3209/3209/3209
f 3210/3210/3210 3211/3211/3211 3212/3212/3212
f 3215/3215/3215 3214/3214/3214 3213/3213/3213
f 3214/3214/3214 3215/3215/3215 3216/3216/3216
f 3219/3219/3219 3218/3218/3218 3217/3217/3217
f 3218/3218/3218 3219/3219/3219 3220/3220/3220
f 3223/3223/3223 3222/3222/3222 3221/3221/3221
f 3222/3222/3222 3223/3223/3223 3224/3224/3224
f 3227/3227/3227 3226/3226/3226 3225/3225/3225
f 3226/3226/3226 3227/3227/3227 3228/3228/3228
f 3231/3231/3231 3230/3230/3230 3229/3229/3229
f 3230/3230/3230 3231/3231/3231 3232/3232/3232
f 3235/3235/3235 3234/3234/3234 3233/3233/3233
f 3234/3234/3234 3235/3235/3235 3236/3236/3236
f 3239/3239/3239 3238/3238/3238 3237/3237/3237
f 3238/3238/3238 3239/3239/3239 3240/3240/3240
f 3243/3243/3243 3242/3242/3242 3241/3241/3241
f 3242/3242/3242 3243/3243/3243 3244/3244/3244
f 3247/3247/3247 3246/3246/3246 3245/3245/3245
f 3246/3246/3246 3247/3247/3247 3248/3248/3248
f 3251/3251/3251 3250/3250/3250 3249/3249/3249
f 3250/3250/3250 3251/3251/3251 3252/3252/3252
f 3255/3255/3255 3254/3254/3254 3253/3253/3253
f 3254/3254/3254 3255/3255/3255 3256/3256/3256
f 3259/3259/3259 3258/3258/3258 3257/3257/3257
f 3258/3258/3258 3259/3259/3259 3260/3260/3260
f 3263/3263/3263 3262/3262/3262 3261/3261/3261
f 3262/3262/3262 3263/3263/3263 3264/3264/3264
f 3267/3267/3267 3266/3266/3266 3265/3265/3265
f 3266/3266/3266 3267/3267/3267 3268/3268/3268
f 3271/3271/3271 3270/3270/3270 3269/3269/3269
f 3270/3270/3270 3271/3271/3271 3272/3272/3272
f 3275/3275/3275 3274/3274/3274 3273/3273/3273
f 3274/3274/3274 3275/3275/3275 3276/3276/3276
f 3279/3279/3279 3278/3278/3278 3277/3277/3277
f 3278/3278/3278 3279/3279/3279 3280/3280/3280
f 3283/3283/3283 3282/3282/3282 3281/3281/3281
f 3282/3282/3282 3283/3283/3283 3284/3284/3284
f 3287/3287/3287 3286/3286/3286 3285/3285/3285
f 3286/3286/3286 3287/3287/3287 3288/3288/3288
f 3291/3291/3291 3290/3290/3290 3289/3289/3289
f 3290/3290/3290 3291/3291/3291 3292/3292/3292
f 3295/3295/3295 3294/3294/3294 3293/3293/3293
f 3294/3294/3294 3295/3295/3295 3296/3296/3296
f 3299/3299/3299 3298/3298/3298 3297/3297/3297
f 3298/3298/3298 3299/3299/3299 3300/3300/3300
f 3303/3303/3303 3302/3302/3302 3301/3301/3301
f 3302/3302/3302 3303/3303/3303 3304/3304/3304
f 3307/3307/3307 3306/3306/3306 3305/3305/3305
f 3306/3306/3306 3307/3307/3307 3308/3308/3308
f 3311/3311/3311 3310/3310/3310 3309/3309/3309
f 3310/3310/3310 3311/3311/3311 3312/3312/3312
f 3315/3315/3315 3314/3314/3314 3313/3313/3313
f 3314/3314/3314 3315/3315/3315 3316/3316/3316
f 3319/3319/3319 3318/3318/3318 3317/3317/3317
f 3318/3318/3318 3319/3319/3319 3320/3320/3320
f 3323/3323/3323 3322/3322/3322 3321/3321/3321
f 3322/3322/3322 3323/3323/3323 3324/3324/3324
f 3327/3327/3327 3326/3326/3326 3325/3325/3325
f 3326/3326/3326 3327/3327/3327 3328/3328/3328
f 3331/3331/3331 3330/3330/3330 3329/3329/3329
f 3330/3330/3330 3331/3331/3331 3332/3332/3332
f 3335/3335/3335 3334/3334/3334 3333/3333/3333
f 3334/3334/3334 3335/3335/3335 3336/3336/3336
f 3339/3339/3339 3338/3338/3338 3337/3337/3337
f 3338/3338/3338 3339/3339/3339 3340/3340/3340
f 3343/3343/3343 3342/3342/3342 3341/3341/3341
f 3342/3342/3342 3343/3343/3343 3344/3344/3344
f 3347/3347/3347 3346/3346/3346 3345/3345/3345
f 3346/3346/3346 3347/3347/3347 3348/3348/3348
o mesh_48
usemtl mat17
v 70.4 -1.410793112617751e-14 -115.2
v 70.4 -1.5087648565495394e-14 -123.2
v 71.2 1.5999999999999859 -115.2
v 71.2 1.599999999999985 -123.2
v 71.2 1.5999999999999859 -115.2
v 71.2 1.599999999999987 -107.2
v 70.4 -1.410793112617751e-14 -115.2
v 70.4 -1.3128213686859626e-14 -107.2
v 76 -1.5087648565495394e-14 -123.2
v 75.2 2.3999999999999853 -123.2
v 70.4 -1.5087648565495394e-14 -123.2
v 71.2 1.599999999999985 -123.2
v 85.60000000000001 1.599999999999985 -123.2
v 81.60000000000001 2.3999999999999853 -123.2
v 86.4 -1.5087648565495394e-14 -123.2
v 80.80000000000001 -1.5087648565495394e-14 -123.2
v 86.4 -1.410793112617751e-14 -115.2
v 86.4 -1.3128213686859626e-14 -107.2
v 85.60000000000001 1.5999999999999859 -115.2
v 85.60000000000001 1.599999999999987 -107.2
v 85.60000000000001 1.599999999999985 -123.2
v 85.60000000000001 1.5999999999999859 -115.2
v 81.60000000000001 2.3999999999999853 -123.2
v 81.60000000000001 2.3999999999999857 -120
v 76 -1.5087648565495394e-14 -123.2
v 80.80000000000001 -1.5087648565495394e-14 -123.2
v 75.2 2.3999999999999853 -123.2
v 81.60000000000001 2.3999999999999853 -123.2
v 81.60000000000001 2.3999999999999853 -123.2
v 81.60000000000001 2.3999999999999857 -120
v 75.2 2.3999999999999853 -123.2
v 75.2 2.3999999999999857 -120
v 75.2 2.399999999999987 -107.2
v 76 -1.3128213686859626e-14 -107.2
v 71.2 1.599999999999987 -107.2
v 70.4 -1.3128213686859626e-14 -107.2
v 80.80000000000001 -1.3128213686859626e-14 -107.2
v 81.60000000000001 2.399999999999987 -107.2
v 86.4 -1.3128213686859626e-14 -107.2
v 85.60000000000001 1.599999999999987 -107.2
v 75.2 2.399999999999987 -110.4
v 75.2 2.399999999999987 -107.2
v 71.2 1.5999999999999859 -115.2
v 71.2 1.599999999999987 -107.2
v 85.60000000000001 1.5999999999999859 -115.2
v 85.60000000000001 1.599999999999985 -123.2
v 86.4 -1.410793112617751e-14 -115.2
v 86.4 -1.5087648565495394e-14 -123.2
v 85.60000000000001 1.599999999999987 -107.2
v 81.60000000000001 2.399999999999987 -107.2
v 85.60000000000001 1.5999999999999859 -115.2
v 81.60000000000001 2.399999999999987 -110.4
v 71.2 1.599999999999985 -123.2
v 75.2 2.3999999999999853 -123.2
v 71.2 1.5999999999999859 -115.2
v 75.2 2.3999999999999857 -120
v 71.2 1.5999999999999892 -89.60000000000001
v 71.2 1.59999999999999 -81.60000000000001
v 70.4 -1.0972835320360286e-14 -89.60000000000001
v 70.4 -9.993117881042403e-15 -81.60000000000001
v 76 -1.3128213686859626e-14 -107.2
v 75.2 2.399999999999987 -107.2
v 80.80000000000001 -1.3128213686859626e-14 -107.2
v 81.60000000000001 2.399999999999987 -107.2
v 76 -1.1952552759678168e-14 -97.60000000000001
v 75.2 2.3999999999999884 -97.60000000000001
v 70.4 -1.1952552759678168e-14 -97.60000000000001
v 71.2 1.599999999999988 -97.60000000000001
v 85.60000000000001 1.599999999999988 -97.60000000000001
v 81.60000000000001 2.3999999999999884 -97.60000000000001
v 86.4 -1.1952552759678168e-14 -97.60000000000001
v 80.80000000000001 -1.1952552759678168e-14 -97.60000000000001
v 81.60000000000001 2.399999999999987 -107.2
v 75.2 2.399999999999987 -107.2
v 81.60000000000001 2.399999999999987 -110.4
v 75.2 2.399999999999987 -110.4
v 86.4 -1.0972835320360286e-14 -89.60000000000001
v 86.4 -9.993117881042403e-15 -81.60000000000001
v 85.60000000000001 1.5999999999999892 -89.60000000000001
v 85.60000000000001 1.59999999999999 -81.60000000000001
v 85.60000000000001 1.599999999999988 -97.60000000000001
v 85.60000000000001 1.5999999999999892 -89.60000000000001
v 81.60000000000001 2.3999999999999884 -97.60000000000001
v 81.60000000000001 2.399999999999989 -94.4
v 76 -1.1952552759678168e-14 -97.60000000000001
v 80.80000000000001 -1.1952552759678168e-14 -97.60000000000001
v 75.2 2.3999999999999884 -97.60000000000001
v 81.60000000000001 2.3999999999999884 -97.60000000000001
v 81.60000000000001 2.399999999999989 -94.4
v 75.2 2.399999999999989 -94.4
v 81.60000000000001 2.3999999999999884 -97.60000000000001
v 75.2 2.3999999999999884 -97.60000000000001
v 75.2 2.39999999999999 -81.60000000000001
v 76 -9.993117881042403e-15 -81.60000000000001
v 71.2 1.59999999999999 -81.60000000000001
v 70.4 -9.993117881042403e-15 -81.60000000000001
v 80.80000000000001 -9.993117881042403e-15 -81.60000000000001
v 81.60000000000001 2.39999999999999 -81.60000000000001
v 86.4 -9.993117881042403e-15 -81.60000000000001
v 85.60000000000001 1.59999999999999 -81.60000000000001
v 75.2 2.39999999999999 -84.80000000000001
v 75.2 2.39999999999999 -81.60000000000001
v 71.2 1.5999999999999892 -89.60000000000001
v 71.2 1.59999999999999 -81.60000000000001
v 85.60000000000001 1.5999999999999892 -89.60000000000001
v 85.60000000000001 1.599999999999988 -97.60000000000001
v 86.4 -1.0972835320360286e-14 -89.60000000000001
v 86.4 -1.1952552759678168e-14 -97.60000000000001
v 85.60000000000001 1.59999999999999 -81.60000000000001
v 81.60000000000001 2.39999999999999 -81.60000000000001
v 85.60000000000001 1.5999999999999892 -89.60000000000001
v 81.60000000000001 2.39999999999999 -84.80000000000001
v 71.2 1.599999999999988 -97.60000000000001
v 75.2 2.3999999999999884 -97.60000000000001
v 71.2 1.5999999999999892 -89.60000000000001
v 75.2 2.399999999999989 -94.4
v 70.4 -1.0972835320360286e-14 -89.60000000000001
v 70.4 -1.1952552759678168e-14 -97.60000000000001
v 71.2 1.5999999999999892 -89.60000000000001
v 71.2 1.599999999999988 -97.60000000000001
v 71.2 1.5999999999999923 -64
v 71.2 1.5999999999999932 -56
v 70.4 -7.83773951454306e-15 -64
v 70.4 -6.8580220752251786e-15 -56
v 76 -9.993117881042403e-15 -81.60000000000001
v 75.2 2.39999999999999 -81.60000000000001
v 80.80000000000001 -9.993117881042403e-15 -81.60000000000001
v 81.60000000000001 2.39999999999999 -81.60000000000001
v 76 -8.817456953860943e-15 -72
v 75.2 2.3999999999999915 -72
v 70.4 -8.817456953860943e-15 -72
v 71.2 1.5999999999999912 -72
v 85.60000000000001 1.5999999999999912 -72
v 81.60000000000001 2.3999999999999915 -72
v 86.4 -8.817456953860943e-15 -72
v 80.80000000000001 -8.817456953860943e-15 -72
v 81.60000000000001 2.39999999999999 -81.60000000000001
v 75.2 2.39999999999999 -81.60000000000001
v 81.60000000000001 2.39999999999999 -84.80000000000001
v 75.2 2.39999999999999 -84.80000000000001
v 86.4 -7.83773951454306e-15 -64
v 86.4 -6.8580220752251786e-15 -56
v 85.60000000000001 1.5999999999999923 -64
v 85.60000000000001 1.5999999999999932 -56
v 85.60000000000001 1.5999999999999912 -72
v 85.60000000000001 1.5999999999999923 -64
v 81.60000000000001 2.3999999999999915 -72
v 81.60000000000001 2.399999999999992 -68.8
v 75.2 2.3999999999999915 -72
v 76 -8.817456953860943e-15 -72
v 81.60000000000001 2.3999999999999915 -72
v 80.80000000000001 -8.817456953860943e-15 -72
v 81.60000000000001 2.399999999999992 -68.8
v 75.2 2.399999999999992 -68.8
v 81.60000000000001 2.3999999999999915 -72
v 75.2 2.3999999999999915 -72
v 75.2 2.3999999999999937 -56
v 76 -6.8580220752251786e-15 -56
v 71.2 1.5999999999999932 -56
v 70.4 -6.8580220752251786e-15 -56
v 80.80000000000001 -6.8580220752251786e-15 -56
v 81.60000000000001 2.3999999999999937 -56
v 86.4 -6.8580220752251786e-15 -56
v 85.60000000000001 1.5999999999999932 -56
v 75.2 2.3999999999999932 -59.2
v 75.2 2.3999999999999937 -56
v 71.2 1.5999999999999923 -64
v 71.2 1.5999999999999932 -56
v 85.60000000000001 1.5999999999999923 -64
v 85.60000000000001 1.5999999999999912 -72
v 86.4 -7.83773951454306e-15 -64
v 86.4 -8.817456953860943e-15 -72
v 85.60000000000001 1.5999999999999932 -56
v 81.60000000000001 2.3999999999999937 -56
v 85.60000000000001 1.5999999999999923 -64
v 81.60000000000001 2.3999999999999932 -59.2
v 71.2 1.5999999999999912 -72
v 75.2 2.3999999999999915 -72
v 71.2 1.5999999999999923 -64
v 75.2 2.399999999999992 -68.8
v 71.2 1.5999999999999954 -38.400000000000006
v 71.2 1.5999999999999963 -30.400000000000002
v 70.4 -4.702643708725837e-15 -38.400000000000006
v 70.4 -3.722926269407954e-15 -30.400000000000002
v 76 -6.8580220752251786e-15 -56
v 75.2 2.3999999999999937 -56
v 80.80000000000001 -6.8580220752251786e-15 -56
v 81.60000000000001 2.3999999999999937 -56
v 76 -5.682361148043719e-15 -46.400000000000006
v 75.2 2.3999999999999946 -46.400000000000006
v 70.4 -5.682361148043719e-15 -46.400000000000006
v 71.2 1.5999999999999943 -46.400000000000006
v 85.60000000000001 1.5999999999999943 -46.400000000000006
v 81.60000000000001 2.3999999999999946 -46.400000000000006
v 86.4 -5.682361148043719e-15 -46.400000000000006
v 80.80000000000001 -5.682361148043719e-15 -46.400000000000006
v 81.60000000000001 2.3999999999999937 -56
v 75.2 2.3999999999999937 -56
v 81.60000000000001 2.3999999999999932 -59.2
v 75.2 2.3999999999999932 -59.2
v 86.4 -4.702643708725837e-15 -38.400000000000006
v 86.4 -3.722926269407954e-15 -30.400000000000002
v 85.60000000000001 1.5999999999999954 -38.400000000000006
v 85.60000000000001 1.5999999999999963 -30.400000000000002
v 85.60000000000001 1.5999999999999943 -46.400000000000006
v 85.60000000000001 1.5999999999999954 -38.400000000000006
v 81.60000000000001 2.3999999999999946 -46.400000000000006
v 81.60000000000001 2.399999999999995 -43.2
v 75.2 2.3999999999999946 -46.400000000000006
v 76 -5.682361148043719e-15 -46.400000000000006
v 81.60000000000001 2.3999999999999946 -46.400000000000006
v 80.80000000000001 -5.682361148043719e-15 -46.400000000000006
v 81.60000000000001 2.399999999999995 -43.2
v 75.2 2.399999999999995 -43.2
v 81.60000000000001 2.3999999999999946 -46.400000000000006
v 75.2 2.3999999999999946 -46.400000000000006
v 75.2 2.399999999999997 -30.400000000000002
v 76 -3.722926269407954e-15 -30.400000000000002
v 71.2 1.5999999999999963 -30.400000000000002
v 70.4 -3.722926269407954e-15 -30.400000000000002
v 80.80000000000001 -3.722926269407954e-15 -30.400000000000002
v 81.60000000000001 2.399999999999997 -30.400000000000002
v 86.4 -3.722926269407954e-15 -30.400000000000002
v 85.60000000000001 1.5999999999999963 -30.400000000000002
v 75.2 2.3999999999999964 -33.6
v 75.2 2.399999999999997 -30.400000000000002
v 71.2 1.5999999999999954 -38.400000000000006
v 71.2 1.5999999999999963 -30.400000000000002
v 71.2 1.5999999999999943 -46.400000000000006
v 75.2 2.3999999999999946 -46.400000000000006
v 71.2 1.5999999999999954 -38.400000000000006
v 75.2 2.399999999999995 -43.2
v 85.60000000000001 1.5999999999999963 -30.400000000000002
v 81.60000000000001 2.399999999999997 -30.400000000000002
v 85.60000000000001 1.5999999999999954 -38.400000000000006
v 81.60000000000001 2.3999999999999964 -33.6
v 70.4 -7.83773951454306e-15 -64
v 70.4 -8.817456953860943e-15 -72
v 71.2 1.5999999999999923 -64
v 71.2 1.5999999999999912 -72
v 70.4 -4.702643708725837e-15 -38.400000000000006
v 70.4 -5.682361148043719e-15 -46.400000000000006
v 71.2 1.5999999999999954 -38.400000000000006
v 71.2 1.5999999999999943 -46.400000000000006
v 85.60000000000001 1.5999999999999954 -38.400000000000006
v 85.60000000000001 1.5999999999999943 -46.400000000000006
v 86.4 -4.702643708725837e-15 -38.400000000000006
v 86.4 -5.682361148043719e-15 -46.400000000000006
v 81.60000000000001 2.399999999999997 -30.400000000000002
v 75.2 2.399999999999997 -30.400000000000002
v 81.60000000000001 2.3999999999999964 -33.6
v 75.2 2.3999999999999964 -33.6
v 76 -3.722926269407954e-15 -30.400000000000002
v 75.2 2.399999999999997 -30.400000000000002
v 80.80000000000001 -3.722926269407954e-15 -30.400000000000002
v 81.60000000000001 2.399999999999997 -30.400000000000002
vt 0.375 0.5859375
vt 0.375 0.5
vt 0.390625 0.5859375
vt 0.390625 0.5
vt 0.390625 0.5859375
vt 0.390625 0.6796875
vt 0.375 0.5859375
vt 0.375 0.6796875
vt 0.4453125 0.5
vt 0.4375 0.5
vt 0.375 0.5
vt 0.390625 0.5
vt 0.4765625 0.5
vt 0.4375 0.5
vt 0.4921875 0.5
vt 0.4375 0.5
vt 0.4921875 0.5859375
vt 0.4921875 0.6796875
vt 0.4765625 0.5859375
vt 0.4765625 0.6796875
vt 0.4765625 0.5
vt 0.4765625 0.5859375
vt 0.4375 0.5
vt 0.4375 0.5234375
vt 0.4453125 0.5
vt 0.484375 0.5
vt 0.4375 0.5
vt 0.4921875 0.5
vt 0.4921875 0.5
vt 0.4921875 0.5234375
vt 0.4375 0.5
vt 0.4375 0.5234375
vt 0.4375 0.6796875
vt 0.4453125 0.6796875
vt 0.390625 0.6796875
vt 0.375 0.6796875
vt 0.4375 0.6796875
vt 0.4375 0.6796875
vt 0.4921875 0.6796875
vt 0.4765625 0.6796875
vt 0.4375 0.640625
vt 0.4375 0.6796875
vt 0.390625 0.5859375
vt 0.390625 0.6796875
vt 0.4765625 0.5859375
vt 0.4765625 0.5
vt 0.4921875 0.5859375
vt 0.4921875 0.5
vt 0.4765625 0.6796875
vt 0.4375 0.6796875
vt 0.4765625 0.5859375
vt 0.4375 0.640625
vt 0.390625 0.5
vt 0.4375 0.5
vt 0.390625 0.5859375
vt 0.4375 0.5234375
vt 0.390625 0.7734375
vt 0.390625 0.8671875
vt 0.375 0.7734375
vt 0.375 0.8671875
vt 0.4453125 0.6796875
vt 0.4375 0.6796875
vt 0.484375 0.6796875
vt 0.4921875 0.6796875
vt 0.4453125 0.6875
vt 0.4375 0.6875
vt 0.375 0.6875
vt 0.390625 0.6875
vt 0.4765625 0.5546875
vt 0.4375 0.5546875
vt 0.4921875 0.5546875
vt 0.4375 0.5546875
vt 0.4921875 0.6796875
vt 0.4375 0.6796875
vt 0.4921875 0.640625
vt 0.4375 0.640625
vt 0.4921875 0.640625
vt 0.4921875 0.7421875
vt 0.4765625 0.640625
vt 0.4765625 0.7421875
vt 0.4765625 0.5546875
vt 0.4765625 0.640625
vt 0.4375 0.5546875
vt 0.4375 0.59375
vt 0.4453125 0.6875
vt 0.484375 0.6875
vt 0.4375 0.6875
vt 0.4921875 0.6875
vt 0.4921875 0.71875
vt 0.4375 0.71875
vt 0.4921875 0.6875
vt 0.4375 0.6875
vt 0.4375 0.8671875
vt 0.4453125 0.8671875
vt 0.390625 0.8671875
vt 0.375 0.8671875
vt 0.4375 0.7421875
vt 0.4375 0.7421875
vt 0.4921875 0.7421875
vt 0.4765625 0.7421875
vt 0.4375 0.828125
vt 0.4375 0.8671875
vt 0.390625 0.7734375
vt 0.390625 0.8671875
vt 0.4765625 0.640625
vt 0.4765625 0.5546875
vt 0.4921875 0.640625
vt 0.4921875 0.5546875
vt 0.4765625 0.7421875
vt 0.4375 0.7421875
vt 0.4765625 0.640625
vt 0.4375 0.703125
vt 0.390625 0.6875
vt 0.4375 0.6875
vt 0.390625 0.7734375
vt 0.4375 0.71875
vt 0.375 0.7734375
vt 0.375 0.6875
vt 0.390625 0.7734375
vt 0.390625 0.6875
vt 0.390625 0.7109375
vt 0.390625 0.8046875
vt 0.375 0.7109375
vt 0.375 0.8046875
vt 0.4453125 0.8671875
vt 0.4375 0.8671875
vt 0.484375 0.8671875
vt 0.4921875 0.8671875
vt 0.4453125 0.625
vt 0.4375 0.625
vt 0.375 0.625
vt 0.390625 0.625
vt 0.4765625 0.6875
vt 0.4375 0.6875
vt 0.4921875 0.6875
vt 0.4375 0.6875
vt 0.4921875 0.8671875
vt 0.4375 0.8671875
vt 0.4921875 0.828125
vt 0.4375 0.828125
vt 0.4921875 0.7734375
vt 0.4921875 0.8671875
vt 0.4765625 0.7734375
vt 0.4765625 0.8671875
vt 0.4765625 0.6875
vt 0.4765625 0.7734375
vt 0.4375 0.6875
vt 0.4375 0.71875
vt 0.4375 0.625
vt 0.4453125 0.625
vt 0.4921875 0.625
vt 0.484375 0.625
vt 0.4921875 0.65625
vt 0.4375 0.65625
vt 0.4921875 0.625
vt 0.4375 0.625
vt 0.4375 0.8046875
vt 0.4453125 0.8046875
vt 0.390625 0.8046875
vt 0.375 0.8046875
vt 0.4375 0.8671875
vt 0.4375 0.8671875
vt 0.4921875 0.8671875
vt 0.4765625 0.8671875
vt 0.4375 0.765625
vt 0.4375 0.8046875
vt 0.390625 0.7109375
vt 0.390625 0.8046875
vt 0.4765625 0.7734375
vt 0.4765625 0.6875
vt 0.4921875 0.7734375
vt 0.4921875 0.6875
vt 0.4765625 0.8671875
vt 0.4375 0.8671875
vt 0.4765625 0.7734375
vt 0.4375 0.828125
vt 0.390625 0.625
vt 0.4375 0.625
vt 0.390625 0.7109375
vt 0.4375 0.65625
vt 0.390625 0.640625
vt 0.390625 0.7421875
vt 0.375 0.640625
vt 0.375 0.7421875
vt 0.4453125 0.8046875
vt 0.4375 0.8046875
vt 0.484375 0.8046875
vt 0.4921875 0.8046875
vt 0.4453125 0.5546875
vt 0.4375 0.5546875
vt 0.375 0.5546875
vt 0.390625 0.5546875
vt 0.4140625 0.5
vt 0.375 0.5
vt 0.4296875 0.5
vt 0.375 0.5
vt 0.4921875 0.8046875
vt 0.4375 0.8046875
vt 0.4921875 0.765625
vt 0.4375 0.765625
vt 0.4296875 0.5859375
vt 0.4296875 0.6796875
vt 0.4140625 0.5859375
vt 0.4140625 0.6796875
vt 0.4140625 0.5
vt 0.4140625 0.5859375
vt 0.375 0.5
vt 0.375 0.5234375
vt 0.4375 0.5546875
vt 0.4453125 0.5546875
vt 0.4921875 0.5546875
vt 0.484375 0.5546875
vt 0.4921875 0.59375
vt 0.4375 0.59375
vt 0.4921875 0.5546875
vt 0.4375 0.5546875
vt 0.4375 0.7421875
vt 0.4453125 0.7421875
vt 0.390625 0.7421875
vt 0.375 0.7421875
vt 0.375 0.6796875
vt 0.375 0.6796875
vt 0.4296875 0.6796875
vt 0.4140625 0.6796875
vt 0.4375 0.703125
vt 0.4375 0.7421875
vt 0.390625 0.640625
vt 0.390625 0.7421875
vt 0.390625 0.5546875
vt 0.4375 0.5546875
vt 0.390625 0.640625
vt 0.4375 0.59375
vt 0.4140625 0.6796875
vt 0.375 0.6796875
vt 0.4140625 0.5859375
vt 0.375 0.640625
vt 0.375 0.7109375
vt 0.375 0.625
vt 0.390625 0.7109375
vt 0.390625 0.625
vt 0.375 0.640625
vt 0.375 0.5546875
vt 0.390625 0.640625
vt 0.390625 0.5546875
vt 0.4140625 0.5859375
vt 0.4140625 0.5
vt 0.4296875 0.5859375
vt 0.4296875 0.5
vt 0.4921875 0.7421875
vt 0.4375 0.7421875
vt 0.4921875 0.703125
vt 0.4375 0.703125
vt 0.4453125 0.7421875
vt 0.4375 0.7421875
vt 0.484375 0.7421875
vt 0.4921875 0.7421875
vn -0.8944271909999157 0.44721359549995787 -5.476786982642025e-17
vn -0.8944271909999157 0.44721359549995787 -5.476786982642025e-17
vn -0.8944271909999157 0.44721359549995787 -5.476786982642025e-17
vn -0.8944271909999157 0.44721359549995787 -5.476786982642025e-17
vn -0.8944271909999157 0.44721359549995787 -5.476786982642025e-17
vn -0.8944271909999157 0.44721359549995787 -5.476786982642025e-17
vn -0.8944271909999157 0.44721359549995787 -5.476786982642025e-17
vn -0.8944271909999157 0.44721359549995787 -5.476786982642025e-17
vn 0 -1.2246467991473532e-16 -1
vn 0 -1.2246467991473532e-16 -1
vn 0 -1.2246467991473532e-16 -1
vn 0 -1.2246467991473532e-16 -1
vn 0 -1.2246467991473532e-16 -1
vn 0 -1.2246467991473532e-16 -1
vn 0 -1.2246467991473532e-16 -1
vn 0 -1.2246467991473532e-16 -1
vn 0.8944271909999157 0.44721359549995787 -5.476786982642025e-17
vn 0.8944271909999157 0.44721359549995787 -5.476786982642025e-17
vn 0.8944271909999157 0.44721359549995787 -5.476786982642025e-17
vn 0.8944271909999157 0.44721359549995787 -5.476786982642025e-17
vn 0.19611613227257615 0.9805806762640419 -1.2008649864925056e-16
vn 0.19611613227257615 0.9805806762640419 -1.2008649864925056e-16
vn 0.19611613227257615 0.9805806762640419 -1.2008649864925056e-16
vn 0.19611613227257615 0.9805806762640419 -1.2008649864925056e-16
vn 0 -1.2246467991473532e-16 -1
vn 0 -1.2246467991473532e-16 -1
vn 0 -1.2246467991473532e-16 -1
vn 0 -1.2246467991473532e-16 -1
vn 0 1 -1.2246467991473532e-16
vn 0 1 -1.2246467991473532e-16
vn 0 1 -1.2246467991473532e-16
vn 0 1 -1.2246467991473532e-16
vn 0 1.2246467991473532e-16 1
vn 0 1.2246467991473532e-16 1
vn 0 1.2246467991473532e-16 1
vn 0 1.2246467991473532e-16 1
vn 0 1.2246467991473532e-16 1
vn 0 1.2246467991473532e-16 1
vn 0 1.2246467991473532e-16 1
vn 0 1.2246467991473532e-16 1
vn -0.19611613227257615 0.9805806762640419 -1.2008649864925056e-16
vn -0.19611613227257615 0.9805806762640419 -1.2008649864925056e-16
vn -0.19611613227257615 0.9805806762640419 -1.2008649864925056e-16
vn -0.19611613227257615 0.9805806762640419 -1.2008649864925056e-16
vn 0.8944271909999157 0.44721359549995787 -5.476786982642025e-17
vn 0.8944271909999157 0.44721359549995787 -5.476786982642025e-17
vn 0.8944271909999157 0.44721359549995787 -5.476786982642025e-17
vn 0.8944271909999157 0.44721359549995787 -5.476786982642025e-17
vn 0.19611613227257615 0.9805806762640419 -1.2008649864925056e-16
vn 0.19611613227257615 0.9805806762640419 -1.2008649864925056e-16
vn 0.19611613227257615 0.9805806762640419 -1.2008649864925056e-16
vn 0.19611613227257615 0.9805806762640419 -1.2008649864925056e-16
vn -0.19611613227257615 0.9805806762640419 -1.2008649864925056e-16
vn -0.19611613227257615 0.9805806762640419 -1.2008649864925056e-16
vn -0.19611613227257615 0.9805806762640419 -1.2008649864925056e-16
vn -0.19611613227257615 0.9805806762640419 -1.2008649864925056e-16
vn -0.8944271909999157 0.44721359549995787 -5.476786982642025e-17
vn -0.8944271909999157 0.44721359549995787 -5.476786982642025e-17
vn -0.8944271909999157 0.44721359549995787 -5.476786982642025e-17
vn -0.8944271909999157 0.44721359549995787 -5.476786982642025e-17
vn 0 1.2246467991473532e-16 1
vn 0 1.2246467991473532e-16 1
vn 0 1.2246467991473532e-16 1
vn 0 1.2246467991473532e-16 1
vn 0 -1.2246467991473532e-16 -1
vn 0 -1.2246467991473532e-16 -1
vn 0 -1.2246467991473532e-16 -1
vn 0 -1.2246467991473532e-16 -1
vn 0 -1.2246467991473532e-16 -1
vn 0 -1.2246467991473532e-16 -1
vn 0 -1.2246467991473532e-16 -1
vn 0 -1.2246467991473532e-16 -1
vn 0 1 -1.2246467991473532e-16
vn 0 1 -1.2246467991473532e-16
vn 0 1 -1.2246467991473532e-16
vn 0 1 -1.2246467991473532e-16
vn 0.8944271909999157 0.44721359549995787 -5.476786982642025e-17
vn 0.8944271909999157 0.44721359549995787 -5.476786982642025e-17
vn 0.8944271909999157 0.44721359549995787 -5.476786982642025e-17
vn 0.8944271909999157 0.44721359549995787 -5.476786982642025e-17
vn 0.19611613227257615 0.9805806762640419 -1.2008649864925056e-16
vn 0.19611613227257615 0.9805806762640419 -1.2008649864925056e-16
vn 0.19611613227257615 0.9805806762640419 -1.2008649864925056e-16
vn 0.19611613227257615 0.9805806762640419 -1.2008649864925056e-16
vn 0 -1.2246467991473532e-16 -1
vn 0 -1.2246467991473532e-16 -1
vn 0 -1.2246467991473532e-16 -1
vn 0 -1.2246467991473532e-16 -1
vn 0 1 -1.2246467991473532e-16
vn 0 1 -1.2246467991473532e-16
vn 0 1 -1.2246467991473532e-16
vn 0 1 -1.2246467991473532e-16
vn 0 1.2246467991473532e-16 1
vn 0 1.2246467991473532e-16 1
vn 0 1.2246467991473532e-16 1
vn 0 1.2246467991473532e-16 1
vn 0 1.2246467991473532e-16 1
vn 0 1.2246467991473532e-16 1
vn 0 1.2246467991473532e-16 1
vn 0 1.2246467991473532e-16 1
vn -0.19611613227257615 0.9805806762640419 -1.2008649864925056e-16
vn -0.19611613227257615 0.9805806762640419 -1.2008649864925056e-16
vn -0.19611613227257615 0.9805806762640419 -1.2008649864925056e-16
vn -0.19611613227257615 0.9805806762640419 -1.2008649864925056e-16
vn 0.8944271909999157 0.44721359549995787 -5.476786982642025e-17
vn 0.8944271909999157 0.44721359549995787 -5.476786982642025e-17
vn 0.8944271909999157 0.44721359549995787 -5.476786982642025e-17
vn 0.8944271909999157 0.44721359549995787 -5.476786982642025e-17
vn 0.19611613227257615 0.9805806762640419 -1.2008649864925056e-16
vn 0.19611613227257615 0.9805806762640419 -1.2008649864925056e-16
vn 0.19611613227257615 0.9805806762640419 -1.2008649864925056e-16
vn 0.19611613227257615 0.9805806762640419 -1.2008649864925056e-16
vn -0.19611613227257615 0.9805806762640419 -1.2008649864925056e-16
vn -0.19611613227257615 0.9805806762640419 -1.2008649864925056e-16
vn -0.19611613227257615 0.9805806762640419 -1.2008649864925056e-16
vn -0.19611613227257615 0.9805806762640419 -1.2008649864925056e-16
vn -0.8944271909999157 0.44721359549995787 -5.476786982642025e-17
vn -0.8944271909999157 0.44721359549995787 -5.476786982642025e-17
vn -0.8944271909999157 0.44721359549995787 -5.476786982642025e-17
vn -0.8944271909999157 0.44721359549995787 -5.476786982642025e-17
vn -0.8944271909999157 0.44721359549995787 -5.476786982642025e-17
vn -0.8944271909999157 0.44721359549995787 -5.476786982642025e-17
vn -0.8944271909999157 0.44721359549995787 -5.476786982642025e-17
vn -0.8944271909999157 0.44721359549995787 -5.476786982642025e-17
vn 0 1.2246467991473532e-16 1
vn 0 1.2246467991473532e-16 1
vn 0 1.2246467991473532e-16 1
vn 0 1.2246467991473532e-16 1
vn 0 -1.2246467991473532e-16 -1
vn 0 -1.2246467991473532e-16 -1
vn 0 -1.2246467991473532e-16 -1
vn 0 -1.2246467991473532e-16 -1
vn 0 -1.2246467991473532e-16 -1
vn 0 -1.2246467991473532e-16 -1
vn 0 -1.2246467991473532e-16 -1
vn 0 -1.2246467991473532e-16 -1
vn 0 1 -1.2246467991473532e-16
vn 0 1 -1.2246467991473532e-16
vn 0 1 -1.2246467991473532e-16
vn 0 1 -1.2246467991473532e-16
vn 0.8944271909999157 0.44721359549995787 -5.476786982642025e-17
vn 0.8944271909999157 0.44721359549995787 -5.476786982642025e-17
vn 0.8944271909999157 0.44721359549995787 -5.476786982642025e-17
vn 0.8944271909999157 0.44721359549995787 -5.476786982642025e-17
vn 0.19611613227257615 0.9805806762640419 -1.2008649864925056e-16
vn 0.19611613227257615 0.9805806762640419 -1.2008649864925056e-16
vn 0.19611613227257615 0.9805806762640419 -1.2008649864925056e-16
vn 0.19611613227257615 0.9805806762640419 -1.2008649864925056e-16
vn 0 -1.2246467991473532e-16 -1
vn 0 -1.2246467991473532e-16 -1
vn 0 -1.2246467991473532e-16 -1
vn 0 -1.2246467991473532e-16 -1
vn 0 1 -1.2246467991473532e-16
vn 0 1 -1.2246467991473532e-16
vn 0 1 -1.2246467991473532e-16
vn 0 1 -1.2246467991473532e-16
vn 0 1.2246467991473532e-16 1
vn 0 1.2246467991473532e-16 1
vn 0 1.2246467991473532e-16 1
vn 0 1.2246467991473532e-16 1
vn 0 1.2246467991473532e-16 1
vn 0 1.2246467991473532e-16 1
vn 0 1.2246467991473532e-16 1
vn 0 1.2246467991473532e-16 1
vn -0.19611613227257615 0.9805806762640419 -1.2008649864925056e-16
vn -0.19611613227257615 0.9805806762640419 -1.2008649864925056e-16
vn -0.19611613227257615 0.9805806762640419 -1.2008649864925056e-16
vn -0.19611613227257615 0.9805806762640419 -1.2008649864925056e-16
vn 0.8944271909999157 0.44721359549995787 -5.476786982642025e-17
vn 0.8944271909999157 0.44721359549995787 -5.476786982642025e-17
vn 0.8944271909999157 0.44721359549995787 -5.476786982642025e-17
vn 0.8944271909999157 0.44721359549995787 -5.476786982642025e-17
vn 0.19611613227257615 0.9805806762640419 -1.2008649864925056e-16
vn 0.19611613227257615 0.9805806762640419 -1.2008649864925056e-16
vn 0.19611613227257615 0.9805806762640419 -1.2008649864925056e-16
vn 0.19611613227257615 0.9805806762640419 -1.2008649864925056e-16
vn -0.19611613227257615 0.9805806762640419 -1.2008649864925056e-16
vn -0.19611613227257615 0.9805806762640419 -1.2008649864925056e-16
vn -0.19611613227257615 0.9805806762640419 -1.2008649864925056e-16
vn -0.19611613227257615 0.9805806762640419 -1.2008649864925056e-16
vn -0.8944271909999157 0.44721359549995787 -5.476786982642025e-17
vn -0.8944271909999157 0.44721359549995787 -5.476786982642025e-17
vn -0.8944271909999157 0.44721359549995787 -5.476786982642025e-17
vn -0.8944271909999157 0.44721359549995787 -5.476786982642025e-17
vn 0 1.2246467991473532e-16 1
vn 0 1.2246467991473532e-16 1
vn 0 1.2246467991473532e-16 1
vn 0 1.2246467991473532e-16 1
vn 0 -1.2246467991473532e-16 -1
vn 0 -1.2246467991473532e-16 -1
vn 0 -1.2246467991473532e-16 -1
vn 0 -1.2246467991473532e-16 -1
vn 0 -1.2246467991473532e-16 -1
vn 0 -1.2246467991473532e-16 -1
vn 0 -1.2246467991473532e-16 -1
vn 0 -1.2246467991473532e-16 -1
vn 0 1 -1.2246467991473532e-16
vn 0 1 -1.2246467991473532e-16
vn 0 1 -1.2246467991473532e-16
vn 0 1 -1.2246467991473532e-16
vn 0.8944271909999157 0.44721359549995787 -5.476786982642025e-17
vn 0.8944271909999157 0.44721359549995787 -5.476786982642025e-17
vn 0.8944271909999157 0.44721359549995787 -5.476786982642025e-17
vn 0.8944271909999157 0.44721359549995787 -5.476786982642025e-17
vn 0.19611613227257615 0.9805806762640419 -1.2008649864925056e-16
vn 0.19611613227257615 0.9805806762640419 -1.2008649864925056e-16
vn 0.19611613227257615 0.9805806762640419 -1.2008649864925056e-16
vn 0.19611613227257615 0.9805806762640419 -1.2008649864925056e-16
vn 0 -1.2246467991473532e-16 -1
vn 0 -1.2246467991473532e-16 -1
vn 0 -1.2246467991473532e-16 -1
vn 0 -1.2246467991473532e-16 -1
vn 0 1 -1.2246467991473532e-16
vn 0 1 -1.2246467991473532e-16
vn 0 1 -1.2246467991473532e-16
vn 0 1 -1.2246467991473532e-16
vn 0 1.2246467991473532e-16 1
vn 0 1.2246467991473532e-16 1
vn 0 1.2246467991473532e-16 1
vn 0 1.2246467991473532e-16 1
vn 0 1.2246467991473532e-16 1
vn 0 1.2246467991473532e-16 1
vn 0 1.2246467991473532e-16 1
vn 0 1.2246467991473532e-16 1
vn -0.19611613227257615 0.9805806762640419 -1.2008649864925056e-16
vn -0.19611613227257615 0.9805806762640419 -1.2008649864925056e-16
vn -0.19611613227257615 0.9805806762640419 -1.2008649864925056e-16
vn -0.19611613227257615 0.9805806762640419 -1.2008649864925056e-16
vn -0.19611613227257615 0.9805806762640419 -1.2008649864925056e-16
vn -0.19611613227257615 0.9805806762640419 -1.2008649864925056e-16
vn -0.19611613227257615 0.9805806762640419 -1.2008649864925056e-16
vn -0.19611613227257615 0.9805806762640419 -1.2008649864925056e-16
vn 0.19611613227257615 0.9805806762640419 -1.2008649864925056e-16
vn 0.19611613227257615 0.9805806762640419 -1.2008649864925056e-16
vn 0.19611613227257615 0.9805806762640419 -1.2008649864925056e-16
vn 0.19611613227257615 0.9805806762640419 -1.2008649864925056e-16
vn -0.8944271909999157 0.44721359549995787 -5.476786982642025e-17
vn -0.8944271909999157 0.44721359549995787 -5.476786982642025e-17
vn -0.8944271909999157 0.44721359549995787 -5.476786982642025e-17
vn -0.8944271909999157 0.44721359549995787 -5.476786982642025e-17
vn -0.8944271909999157 0.44721359549995787 -5.476786982642025e-17
vn -0.8944271909999157 0.44721359549995787 -5.476786982642025e-17
vn -0.8944271909999157 0.44721359549995787 -5.476786982642025e-17
vn -0.8944271909999157 0.44721359549995787 -5.476786982642025e-17
vn 0.8944271909999157 0.44721359549995787 -5.476786982642025e-17
vn 0.8944271909999157 0.44721359549995787 -5.476786982642025e-17
vn 0.8944271909999157 0.44721359549995787 -5.476786982642025e-17
vn 0.8944271909999157 0.44721359549995787 -5.476786982642025e-17
vn 0 1 -1.2246467991473532e-16
vn 0 1 -1.2246467991473532e-16
vn 0 1 -1.2246467991473532e-16
vn 0 1 -1.2246467991473532e-16
vn 0 1.2246467991473532e-16 1
vn 0 1.2246467991473532e-16 1
vn 0 1.2246467991473532e-16 1
vn 0 1.2246467991473532e-16 1
f 3351/3351/3351 3350/3350/3350 3349/3349/3349
f 3350/3350/3350 3351/3351/3351 3352/3352/3352
f 3355/3355/3355 3354/3354/3354 3353/3353/3353
f 3354/3354/3354 3355/3355/3355 3356/3356/3356
f 3359/3359/3359 3358/3358/3358 3357/3357/3357
f 3358/3358/3358 3359/3359/3359 3360/3360/3360
f 3363/3363/3363 3362/3362/3362 3361/3361/3361
f 3362/3362/3362 3363/3363/3363 3364/3364/3364
f 3367/3367/3367 3366/3366/3366 3365/3365/3365
f 3366/3366/3366 3367/3367/3367 3368/3368/3368
f 3371/3371/3371 3370/3370/3370 3369/3369/3369
f 3370/3370/3370 3371/3371/3371 3372/3372/3372
f 3375/3375/3375 3374/3374/3374 3373/3373/3373
f 3374/3374/3374 3375/3375/3375 3376/3376/3376
f 3379/3379/3379 3378/3378/3378 3377/3377/3377
f 3378/3378/3378 3379/3379/3379 3380/3380/3380
f 3383/3383/3383 3382/3382/3382 3381/3381/3381
f 3382/3382/3382 3383/3383/3383 3384/3384/3384
f 3387/3387/3387 3386/3386/3386 3385/3385/3385
f 3386/3386/3386 3387/3387/3387 3388/3388/3388
f 3391/3391/3391 3390/3390/3390 3389/3389/3389
f 3390/3390/3390 3391/3391/3391 3392/3392/3392
f 3395/3395/3395 3394/3394/3394 3393/3393/3393
f 3394/3394/3394 3395/3395/3395 3396/3396/3396
f 3399/3399/3399 3398/3398/3398 3397/3397/3397
f 3398/3398/3398 3399/3399/3399 3400/3400/3400
f 3403/3403/3403 3402/3402/3402 3401/3401/3401
f 3402/3402/3402 3403/3403/3403 3404/3404/3404
f 3407/3407/3407 3406/3406/3406 3405/3405/3405
f 3406/3406/3406 3407/3407/3407 3408/3408/3408
f 3411/3411/3411 3410/3410/3410 3409/3409/3409
f 3410/3410/3410 3411/3411/3411 3412/3412/3412
f 3415/3415/3415 3414/3414/3414 3413/3413/3413
f 3414/3414/3414 3415/3415/3415 3416/3416/3416
f 3419/3419/3419 3418/3418/3418 3417/3417/3417
f 3418/3418/3418 3419/3419/3419 3420/3420/3420
f 3423/3423/3423 3422/3422/3422 3421/3421/3421
f 3422/3422/3422 3423/3423/3423 3424/3424/3424
f 3427/3427/3427 3426/3426/3426 3425/3425/3425
f 3426/3426/3426 3427/3427/3427 3428/3428/3428
f 3431/3431/3431 3430/3430/3430 3429/3429/3429
f 3430/3430/3430 3431/3431/3431 3432/3432/3432
f 3435/3435/3435 3434/3434/3434 3433/3433/3433
f 3434/3434/3434 3435/3435/3435 3436/3436/3436
f 3439/3439/3439 3438/3438/3438 3437/3437/3437
f 3438/3438/3438 3439/3439/3439 3440/3440/3440
f 3443/3443/3443 3442/3442/3442 3441/3441/3441
f 3442/3442/3442 3443/3443/3443 3444/3444/3444
f 3447/3447/3447 3446/3446/3446 3445/3445/3445
f 3446/3446/3446 3447/3447/3447 3448/3448/3448
f 3451/3451/3451 3450/3450/3450 3449/3449/3449
f 3450/3450/3450 3451/3451/3451 3452/3452/3452
f 3455/3455/3455 3454/3454/3454 3453/3453/3453
f 3454/3454/3454 3455/3455/3455 3456/3456/3456
f 3459/3459/3459 3458/3458/3458 3457/3457/3457
f 3458/3458/3458 3459/3459/3459 3460/3460/3460
f 3463/3463/3463 3462/3462/3462 3461/3461/3461
f 3462/3462/3462 3463/3463/3463 3464/3464/3464
f 3467/3467/3467 3466/3466/3466 3465/3465/3465
f 3466/3466/3466 3467/3467/3467 3468/3468/3468
f 3471/3471/3471 3470/3470/3470 3469/3469/3469
f 3470/3470/3470 3471/3471/3471 3472/3472/3472
f 3475/3475/3475 3474/3474/3474 3473/3473/3473
f 3474/3474/3474 3475/3475/3475 3476/3476/3476
f 3479/3479/3479 3478/3478/3478 3477/3477/3477
f 3478/3478/3478 3479/3479/3479 3480/3480/3480
f 3483/3483/3483 3482/3482/3482 3481/3481/3481
f 3482/3482/3482 3483/3483/3483 3484/3484/3484
f 3487/3487/3487 3486/3486/3486 3485/3485/3485
f 3486/3486/3486 3487/3487/3487 3488/3488/3488
f 3491/3491/3491 3490/3490/3490 3489/3489/3489
f 3490/3490/3490 3491/3491/3491 3492/3492/3492
f 3495/3495/3495 3494/3494/3494 3493/3493/3493
f 3494/3494/3494 3495/3495/3495 3496/3496/3496
f 3499/3499/3499 3498/3498/3498 3497/3497/3497
f 3498/3498/3498 3499/3499/3499 3500/3500/3500
f 3503/3503/3503 3502/3502/3502 3501/3501/3501
f 3502/3502/3502 3503/3503/3503 3504/3504/3504
f 3507/3507/3507 3506/3506/3506 3505/3505/3505
f 3506/3506/3506 3507/3507/3507 3508/3508/3508
f 3511/3511/3511 3510/3510/3510 3509/3509/3509
f 3510/3510/3510 3511/3511/3511 3512/3512/3512
f 3515/3515/3515 3514/3514/3514 3513/3513/3513
f 3514/3514/3514 3515/3515/3515 3516/3516/3516
f 3519/3519/3519 3518/3518/3518 3517/3517/3517
f 3518/3518/3518 3519/3519/3519 3520/3520/3520
f 3523/3523/3523 3522/3522/3522 3521/3521/3521
f 3522/3522/3522 3523/3523/3523 3524/3524/3524
f 3527/3527/3527 3526/3526/3526 3525/3525/3525
f 3526/3526/3526 3527/3527/3527 3528/3528/3528
f 3531/3531/3531 3530/3530/3530 3529/3529/3529
f 3530/3530/3530 3531/3531/3531 3532/3532/3532
f 3535/3535/3535 3534/3534/3534 3533/3533/3533
f 3534/3534/3534 3535/3535/3535 3536/3536/3536
f 3539/3539/3539 3538/3538/3538 3537/3537/3537
f 3538/3538/3538 3539/3539/3539 3540/3540/3540
f 3543/3543/3543 3542/3542/3542 3541/3541/3541
f 3542/3542/3542 3543/3543/3543 3544/3544/3544
f 3547/3547/3547 3546/3546/3546 3545/3545/3545
f 3546/3546/3546 3547/3547/3547 3548/3548/3548
f 3551/3551/3551 3550/3550/3550 3549/3549/3549
f 3550/3550/3550 3551/3551/3551 3552/3552/3552
f 3555/3555/3555 3554/3554/3554 3553/3553/3553
f 3554/3554/3554 3555/3555/3555 3556/3556/3556
f 3559/3559/3559 3558/3558/3558 3557/3557/3557
f 3558/3558/3558 3559/3559/3559 3560/3560/3560
f 3563/3563/3563 3562/3562/3562 3561/3561/3561
f 3562/3562/3562 3563/3563/3563 3564/3564/3564
f 3567/3567/3567 3566/3566/3566 3565/3565/3565
f 3566/3566/3566 3567/3567/3567 3568/3568/3568
f 3571/3571/3571 3570/3570/3570 3569/3569/3569
f 3570/3570/3570 3571/3571/3571 3572/3572/3572
f 3575/3575/3575 3574/3574/3574 3573/3573/3573
f 3574/3574/3574 3575/3575/3575 3576/3576/3576
f 3579/3579/3579 3578/3578/3578 3577/3577/3577
f 3578/3578/3578 3579/3579/3579 3580/3580/3580
f 3583/3583/3583 3582/3582/3582 3581/3581/3581
f 3582/3582/3582 3583/3583/3583 3584/3584/3584
f 3587/3587/3587 3586/3586/3586 3585/3585/3585
f 3586/3586/3586 3587/3587/3587 3588/3588/3588
f 3591/3591/3591 3590/3590/3590 3589/3589/3589
f 3590/3590/3590 3591/3591/3591 3592/3592/3592
f 3595/3595/3595 3594/3594/3594 3593/3593/3593
f 3594/3594/3594 3595/3595/3595 3596/3596/3596
f 3599/3599/3599 3598/3598/3598 3597/3597/3597
f 3598/3598/3598 3599/3599/3599 3600/3600/3600
f 3603/3603/3603 3602/3602/3602 3601/3601/3601
f 3602/3602/3602 3603/3603/3603 3604/3604/3604
o mesh_49
usemtl mat12
v 22.400000000000002 3.1999999999999766 -192
v 18.400000000000002 1.5999999999999766 -192
v 14.4 2.3999999999999773 -187.20000000000002
v 8 2.3999999999999773 -187.20000000000002
v 4 1.5999999999999766 -192
v 0 3.1999999999999766 -192
v 0 3.1999999999999766 -192
v 4 1.5999999999999766 -192
v 8 2.3999999999999764 -196.8
v 14.4 2.3999999999999764 -196.8
v 18.400000000000002 1.5999999999999766 -192
v 22.400000000000002 3.1999999999999766 -192
v 0 22.399999999999984 -140.8
v 0 18.399999999999984 -148.8
v 4 21.599999999999984 -145.6
v 22.400000000000002 3.1999999999999797 -166.4
v 18.400000000000002 1.5999999999999797 -166.4
v 14.4 2.3999999999999804 -161.60000000000002
v 8 2.3999999999999804 -161.60000000000002
v 4 1.5999999999999797 -166.4
v 0 3.1999999999999797 -166.4
v 22.400000000000002 3.199999999999983 -140.8
v 18.400000000000002 1.5999999999999828 -140.8
v 14.4 2.3999999999999835 -136
v 8 2.3999999999999835 -136
v 4 1.5999999999999828 -140.8
v 0 3.199999999999983 -140.8
v 14.4 2.3999999999999826 -145.6
v 18.400000000000002 1.5999999999999828 -140.8
v 22.400000000000002 3.199999999999983 -140.8
v 14.4 2.3999999999999795 -171.20000000000002
v 18.400000000000002 1.5999999999999797 -166.4
v 22.400000000000002 3.1999999999999797 -166.4
v 0 3.1999999999999797 -166.4
v 4 1.5999999999999797 -166.4
v 8 2.3999999999999795 -171.20000000000002
v 0 3.199999999999983 -140.8
v 4 1.5999999999999828 -140.8
v 8 2.3999999999999826 -145.6
v 18.400000000000002 21.59999999999998 -171.20000000000002
v 14.4 23.19999999999998 -171.20000000000002
v 14.4 21.59999999999998 -174.4
v 18.400000000000002 21.59999999999998 -187.20000000000002
v 14.4 21.59999999999998 -184
v 14.4 23.19999999999998 -187.20000000000002
v 4 21.59999999999998 -171.20000000000002
v 8 21.59999999999998 -174.4
v 8 23.19999999999998 -171.20000000000002
v 4 21.59999999999998 -187.20000000000002
v 8 23.19999999999998 -187.20000000000002
v 8 21.59999999999998 -184
v 18.400000000000002 21.599999999999984 -145.6
v 14.4 23.199999999999985 -145.6
v 14.4 21.599999999999984 -148.8
v 18.400000000000002 21.59999999999998 -161.60000000000002
v 14.4 21.599999999999984 -158.4
v 14.4 23.19999999999998 -161.60000000000002
v 4 21.599999999999984 -145.6
v 8 21.599999999999984 -148.8
v 8 23.199999999999985 -145.6
v 4 21.59999999999998 -161.60000000000002
v 8 23.19999999999998 -161.60000000000002
v 8 21.599999999999984 -158.4
v 22.400000000000002 22.399999999999977 -192
v 22.400000000000002 18.39999999999998 -184
v 18.400000000000002 21.59999999999998 -187.20000000000002
v 22.400000000000002 22.39999999999998 -166.4
v 18.400000000000002 21.59999999999998 -171.20000000000002
v 22.400000000000002 18.39999999999998 -174.4
v 22.400000000000002 22.39999999999998 -166.4
v 22.400000000000002 18.399999999999984 -158.4
v 18.400000000000002 21.59999999999998 -161.60000000000002
v 18.400000000000002 21.599999999999984 -145.6
v 22.400000000000002 18.399999999999984 -148.8
v 22.400000000000002 22.399999999999984 -140.8
v 0 18.39999999999998 -184
v 0 22.399999999999977 -192
v 4 21.59999999999998 -187.20000000000002
v 0 22.39999999999998 -166.4
v 0 18.39999999999998 -174.4
v 4 21.59999999999998 -171.20000000000002
v 0 18.399999999999984 -158.4
v 0 22.39999999999998 -166.4
v 4 21.59999999999998 -161.60000000000002
v 4 21.59999999999998 -161.60000000000002
v 8 21.599999999999984 -158.4
v 0 18.399999999999984 -158.4
v 8 19.999999999999982 -155.20000000000002
v 4 21.59999999999998 -161.60000000000002
v 0 22.39999999999998 -166.4
v 8 23.19999999999998 -161.60000000000002
v 8 25.59999999999998 -166.4
v 8 23.19999999999998 -171.20000000000002
v 8 25.59999999999998 -166.4
v 4 21.59999999999998 -171.20000000000002
v 0 22.39999999999998 -166.4
v 0 18.39999999999998 -174.4
v 8 19.99999999999998 -177.60000000000002
v 4 21.59999999999998 -171.20000000000002
v 8 21.59999999999998 -174.4
v 4 21.59999999999998 -187.20000000000002
v 8 21.59999999999998 -184
v 0 18.39999999999998 -184
v 8 19.99999999999998 -180.8
v 4 21.59999999999998 -187.20000000000002
v 0 22.399999999999977 -192
v 8 23.19999999999998 -187.20000000000002
v 8 25.599999999999977 -192
v 18.400000000000002 21.599999999999984 -145.6
v 14.4 21.599999999999984 -148.8
v 22.400000000000002 18.399999999999984 -148.8
v 14.4 19.999999999999982 -152
v 18.400000000000002 21.599999999999984 -145.6
v 22.400000000000002 22.399999999999984 -140.8
v 14.4 23.199999999999985 -145.6
v 14.4 25.599999999999984 -140.8
v 22.400000000000002 18.399999999999984 -158.4
v 14.4 19.999999999999982 -155.20000000000002
v 18.400000000000002 21.59999999999998 -161.60000000000002
v 14.4 21.599999999999984 -158.4
v 14.4 25.59999999999998 -166.4
v 22.400000000000002 22.39999999999998 -166.4
v 14.4 23.19999999999998 -161.60000000000002
v 18.400000000000002 21.59999999999998 -161.60000000000002
v 14.4 21.59999999999998 -174.4
v 14.4 19.99999999999998 -177.60000000000002
v 18.400000000000002 21.59999999999998 -171.20000000000002
v 22.400000000000002 18.39999999999998 -174.4
v 18.400000000000002 21.59999999999998 -171.20000000000002
v 22.400000000000002 22.39999999999998 -166.4
v 14.4 23.19999999999998 -171.20000000000002
v 14.4 25.59999999999998 -166.4
v 22.400000000000002 18.39999999999998 -184
v 14.4 19.99999999999998 -180.8
v 18.400000000000002 21.59999999999998 -187.20000000000002
v 14.4 21.59999999999998 -184
v 14.4 25.599999999999977 -192
v 22.400000000000002 22.399999999999977 -192
v 14.4 23.19999999999998 -187.20000000000002
v 18.400000000000002 21.59999999999998 -187.20000000000002
v 0 18.399999999999984 -148.8
v 8 19.999999999999982 -152
v 4 21.599999999999984 -145.6
v 8 21.599999999999984 -148.8
v 8 25.599999999999984 -140.8
v 0 22.399999999999984 -140.8
v 8 23.199999999999985 -145.6
v 4 21.599999999999984 -145.6
v 8 2.3999999999999773 -187.20000000000002
v 8 5.599999999999978 -180.8
v 14.4 2.3999999999999773 -187.20000000000002
v 14.4 5.599999999999978 -180.8
v 14.4 2.3999999999999764 -196.8
v 14.4 5.599999999999976 -203.20000000000002
v 8 2.3999999999999764 -196.8
v 8 5.599999999999976 -203.20000000000002
v 8 2.3999999999999764 -196.8
v 8 5.599999999999976 -203.20000000000002
v 0 3.1999999999999766 -192
v 0 7.199999999999975 -200
v 0 22.399999999999977 -192
v 0 18.399999999999977 -200
v 8 25.599999999999977 -192
v 8 19.999999999999975 -203.20000000000002
v 8 25.599999999999977 -192
v 8 19.999999999999975 -203.20000000000002
v 14.4 25.599999999999977 -192
v 14.4 19.999999999999975 -203.20000000000002
v 14.4 19.999999999999975 -203.20000000000002
v 22.400000000000002 18.399999999999977 -200
v 14.4 25.599999999999977 -192
v 22.400000000000002 22.399999999999977 -192
v 22.400000000000002 3.1999999999999766 -192
v 22.400000000000002 7.199999999999975 -200
v 14.4 2.3999999999999764 -196.8
v 14.4 5.599999999999976 -203.20000000000002
v 22.400000000000002 7.199999999999978 -184
v 14.4 5.599999999999978 -180.8
v 22.400000000000002 18.39999999999998 -184
v 14.4 19.99999999999998 -180.8
v 14.4 5.599999999999976 -203.20000000000002
v 14.4 19.999999999999975 -203.20000000000002
v 8 5.599999999999976 -203.20000000000002
v 8 19.999999999999975 -203.20000000000002
v 0 18.39999999999998 -184
v 8 19.99999999999998 -180.8
v 0 7.199999999999978 -184
v 8 5.599999999999978 -180.8
v 22.400000000000002 18.399999999999977 -200
v 14.4 19.999999999999975 -203.20000000000002
v 22.400000000000002 7.199999999999975 -200
v 14.4 5.599999999999976 -203.20000000000002
v 8 19.999999999999975 -203.20000000000002
v 0 18.399999999999977 -200
v 8 5.599999999999976 -203.20000000000002
v 0 7.199999999999975 -200
v 8 5.599999999999978 -180.8
v 8 19.99999999999998 -180.8
v 14.4 5.599999999999978 -180.8
v 14.4 19.99999999999998 -180.8
v 8 25.599999999999977 -192
v 14.4 25.599999999999977 -192
v 8 23.19999999999998 -187.20000000000002
v 14.4 23.19999999999998 -187.20000000000002
v 8 23.19999999999998 -187.20000000000002
v 14.4 23.19999999999998 -187.20000000000002
v 8 21.59999999999998 -184
v 14.4 21.59999999999998 -184
v 8 19.99999999999998 -180.8
v 8 21.59999999999998 -184
v 14.4 19.99999999999998 -180.8
v 14.4 21.59999999999998 -184
v 14.4 23.19999999999998 -171.20000000000002
v 8 23.19999999999998 -171.20000000000002
v 14.4 21.59999999999998 -174.4
v 8 21.59999999999998 -174.4
v 0 22.399999999999977 -192
v 0 18.39999999999998 -184
v 0 3.1999999999999766 -192
v 0 7.199999999999978 -184
v 0 3.1999999999999766 -192
v 0 7.199999999999978 -184
v 8 2.3999999999999773 -187.20000000000002
v 8 5.599999999999978 -180.8
v 14.4 2.3999999999999773 -187.20000000000002
v 14.4 5.599999999999978 -180.8
v 22.400000000000002 3.1999999999999766 -192
v 22.400000000000002 7.199999999999978 -184
v 0 3.1999999999999766 -192
v 0 7.199999999999975 -200
v 0 22.399999999999977 -192
v 0 18.399999999999977 -200
v 8 2.3999999999999804 -161.60000000000002
v 8 5.599999999999982 -155.20000000000002
v 14.4 2.3999999999999804 -161.60000000000002
v 14.4 5.599999999999982 -155.20000000000002
v 14.4 2.3999999999999795 -171.20000000000002
v 14.4 5.599999999999979 -177.60000000000002
v 8 2.3999999999999795 -171.20000000000002
v 8 5.599999999999979 -177.60000000000002
v 8 2.3999999999999795 -171.20000000000002
v 8 5.599999999999979 -177.60000000000002
v 0 3.1999999999999797 -166.4
v 0 7.199999999999979 -174.4
v 22.400000000000002 3.1999999999999797 -166.4
v 22.400000000000002 7.199999999999979 -174.4
v 14.4 2.3999999999999795 -171.20000000000002
v 14.4 5.599999999999979 -177.60000000000002
v 22.400000000000002 7.199999999999981 -158.4
v 14.4 5.599999999999982 -155.20000000000002
v 22.400000000000002 18.399999999999984 -158.4
v 14.4 19.999999999999982 -155.20000000000002
v 14.4 5.599999999999979 -177.60000000000002
v 14.4 19.99999999999998 -177.60000000000002
v 8 5.599999999999979 -177.60000000000002
v 8 19.99999999999998 -177.60000000000002
v 0 18.399999999999984 -158.4
v 8 19.999999999999982 -155.20000000000002
v 0 7.199999999999981 -158.4
v 8 5.599999999999982 -155.20000000000002
v 22.400000000000002 18.39999999999998 -174.4
v 14.4 19.99999999999998 -177.60000000000002
v 22.400000000000002 7.199999999999979 -174.4
v 14.4 5.599999999999979 -177.60000000000002
v 8 19.99999999999998 -177.60000000000002
v 0 18.39999999999998 -174.4
v 8 5.599999999999979 -177.60000000000002
v 0 7.199999999999979 -174.4
v 8 5.599999999999982 -155.20000000000002
v 8 19.999999999999982 -155.20000000000002
v 14.4 5.599999999999982 -155.20000000000002
v 14.4 19.999999999999982 -155.20000000000002
v 8 2.3999999999999835 -136
v 8 5.5999999999999845 -129.6
v 14.4 2.3999999999999835 -136
v 14.4 5.5999999999999845 -129.6
v 14.4 2.3999999999999826 -145.6
v 14.4 5.599999999999982 -152
v 8 2.3999999999999826 -145.6
v 8 5.599999999999982 -152
v 8 2.3999999999999826 -145.6
v 8 5.599999999999982 -152
v 0 3.199999999999983 -140.8
v 0 7.1999999999999815 -148.8
v 22.400000000000002 22.399999999999984 -140.8
v 22.400000000000002 18.399999999999984 -132.8
v 14.4 25.599999999999984 -140.8
v 14.4 19.999999999999986 -129.6
v 0 18.399999999999984 -132.8
v 0 22.399999999999984 -140.8
v 8 19.999999999999986 -129.6
v 8 25.599999999999984 -140.8
v 22.400000000000002 3.199999999999983 -140.8
v 22.400000000000002 7.1999999999999815 -148.8
v 14.4 2.3999999999999826 -145.6
v 14.4 5.599999999999982 -152
v 8 19.999999999999986 -129.6
v 8 25.599999999999984 -140.8
v 14.4 19.999999999999986 -129.6
v 14.4 25.599999999999984 -140.8
v 14.4 5.599999999999982 -152
v 14.4 19.999999999999982 -152
v 8 5.599999999999982 -152
v 8 19.999999999999982 -152
v 22.400000000000002 18.399999999999984 -132.8
v 22.400000000000002 7.199999999999984 -132.8
v 14.4 19.999999999999986 -129.6
v 14.4 5.5999999999999845 -129.6
v 14.4 5.599999999999982 -152
v 22.400000000000002 7.1999999999999815 -148.8
v 14.4 19.999999999999982 -152
v 22.400000000000002 18.399999999999984 -148.8
v 0 18.399999999999984 -132.8
v 8 19.999999999999986 -129.6
v 0 7.199999999999984 -132.8
v 8 5.5999999999999845 -129.6
v 8 19.999999999999982 -152
v 0 18.399999999999984 -148.8
v 8 5.599999999999982 -152
v 0 7.1999999999999815 -148.8
v 0 3.199999999999983 -140.8
v 0 7.1999999999999815 -148.8
v 0 22.399999999999984 -140.8
v 0 18.399999999999984 -148.8
v 0 3.1999999999999797 -166.4
v 0 7.199999999999979 -174.4
v 0 22.39999999999998 -166.4
v 0 18.39999999999998 -174.4
v 8 19.999999999999982 -152
v 14.4 19.999999999999982 -152
v 8 21.599999999999984 -148.8
v 14.4 21.599999999999984 -148.8
v 14.4 2.3999999999999835 -136
v 14.4 5.5999999999999845 -129.6
v 22.400000000000002 3.199999999999983 -140.8
v 22.400000000000002 7.199999999999984 -132.8
v 14.4 2.3999999999999804 -161.60000000000002
v 14.4 5.599999999999982 -155.20000000000002
v 22.400000000000002 3.1999999999999797 -166.4
v 22.400000000000002 7.199999999999981 -158.4
v 0 3.1999999999999797 -166.4
v 0 7.199999999999981 -158.4
v 8 2.3999999999999804 -161.60000000000002
v 8 5.599999999999982 -155.20000000000002
v 0 3.199999999999983 -140.8
v 0 7.199999999999984 -132.8
v 8 2.3999999999999835 -136
v 8 5.5999999999999845 -129.6
v 0 22.399999999999984 -140.8
v 0 18.399999999999984 -132.8
v 0 3.199999999999983 -140.8
v 0 7.199999999999984 -132.8
v 0 22.39999999999998 -166.4
v 0 18.399999999999984 -158.4
v 0 3.1999999999999797 -166.4
v 0 7.199999999999981 -158.4
v 14.4 23.199999999999985 -145.6
v 14.4 25.599999999999984 -140.8
v 8 23.199999999999985 -145.6
v 8 25.599999999999984 -140.8
v 14.4 23.199999999999985 -145.6
v 8 23.199999999999985 -145.6
v 14.4 21.599999999999984 -148.8
v 8 21.599999999999984 -148.8
v 8 19.999999999999982 -155.20000000000002
v 8 21.599999999999984 -158.4
v 14.4 19.999999999999982 -155.20000000000002
v 14.4 21.599999999999984 -158.4
v 8 23.19999999999998 -161.60000000000002
v 14.4 23.19999999999998 -161.60000000000002
v 8 21.599999999999984 -158.4
v 14.4 21.599999999999984 -158.4
v 8 25.59999999999998 -166.4
v 14.4 25.59999999999998 -166.4
v 8 23.19999999999998 -161.60000000000002
v 14.4 23.19999999999998 -161.60000000000002
v 8 19.99999999999998 -177.60000000000002
v 14.4 19.99999999999998 -177.60000000000002
v 8 21.59999999999998 -174.4
v 14.4 21.59999999999998 -174.4
v 14.4 25.59999999999998 -166.4
v 8 25.59999999999998 -166.4
v 14.4 23.19999999999998 -171.20000000000002
v 8 23.19999999999998 -171.20000000000002
vt 0.2421875 0.875
vt 0.1953125 0.875
vt 0.1484375 0.921875
vt 0.09375 0.921875
vt 0.046875 0.875
vt 0 0.875
vt 0 0.875
vt 0.046875 0.875
vt 0.09375 0.8125
vt 0.1484375 0.8125
vt 0.1953125 0.875
vt 0.2421875 0.875
vt 0 0.875
vt 0 0.75
vt 0.046875 0.8125
vt 0.2421875 0.875
vt 0.1953125 0.875
vt 0.1484375 0.921875
vt 0.09375 0.921875
vt 0.046875 0.875
vt 0 0.875
vt 0.2421875 0.875
vt 0.1953125 0.875
vt 0.1484375 0.921875
vt 0.09375 0.921875
vt 0.046875 0.875
vt 0 0.875
vt 0.1484375 0.8125
vt 0.1953125 0.875
vt 0.2421875 0.875
vt 0.1484375 0.8125
vt 0.1953125 0.875
vt 0.2421875 0.875
vt 0 0.875
vt 0.046875 0.875
vt 0.09375 0.8125
vt 0 0.875
vt 0.046875 0.875
vt 0.09375 0.8125
vt 0.1953125 0.8125
vt 0.1484375 0.8125
vt 0.1484375 0.75
vt 0.1953125 0.921875
vt 0.1484375 0.9609375
vt 0.1484375 0.921875
vt 0.046875 0.8125
vt 0.09375 0.75
vt 0.09375 0.8125
vt 0.046875 0.921875
vt 0.09375 0.921875
vt 0.09375 0.9609375
vt 0.1953125 0.8125
vt 0.1484375 0.8125
vt 0.1484375 0.75
vt 0.1953125 0.921875
vt 0.1484375 0.9609375
vt 0.1484375 0.921875
vt 0.046875 0.8125
vt 0.09375 0.75
vt 0.09375 0.8125
vt 0.046875 0.921875
vt 0.09375 0.921875
vt 0.09375 0.9609375
vt 0.2421875 0.875
vt 0.2421875 0.9921875
vt 0.1953125 0.921875
vt 0.2421875 0.8671875
vt 0.1953125 0.8125
vt 0.2421875 0.75
vt 0.2421875 0.8671875
vt 0.2421875 0.9921875
vt 0.1953125 0.921875
vt 0.1953125 0.8125
vt 0.2421875 0.75
vt 0.2421875 0.875
vt 0 0.9921875
vt 0 0.875
vt 0.046875 0.921875
vt 0 0.8671875
vt 0 0.75
vt 0.046875 0.8125
vt 0 0.9921875
vt 0 0.8671875
vt 0.046875 0.921875
vt 0.046875 0.921875
vt 0.09375 0.9609375
vt 0 0.9921875
vt 0.09375 0.9921875
vt 0.046875 0.921875
vt 0 0.8671875
vt 0.09375 0.921875
vt 0.09375 0.8671875
vt 0.09375 0.8125
vt 0.09375 0.8671875
vt 0.046875 0.8125
vt 0 0.8671875
vt 0 0.75
vt 0.09375 0.75
vt 0.046875 0.8125
vt 0.09375 0.75
vt 0.046875 0.921875
vt 0.09375 0.9609375
vt 0 0.9921875
vt 0.09375 0.9921875
vt 0.046875 0.921875
vt 0 0.875
vt 0.09375 0.921875
vt 0.09375 0.875
vt 0.1953125 0.8125
vt 0.1484375 0.75
vt 0.2421875 0.75
vt 0.1484375 0.75
vt 0.1953125 0.8125
vt 0.2421875 0.875
vt 0.1484375 0.8125
vt 0.1484375 0.875
vt 0.2421875 0.9921875
vt 0.1484375 0.9921875
vt 0.1953125 0.921875
vt 0.1484375 0.9609375
vt 0.1484375 0.8671875
vt 0.2421875 0.8671875
vt 0.1484375 0.921875
vt 0.1953125 0.921875
vt 0.1484375 0.75
vt 0.1484375 0.75
vt 0.1953125 0.8125
vt 0.2421875 0.75
vt 0.1953125 0.8125
vt 0.2421875 0.8671875
vt 0.1484375 0.8125
vt 0.1484375 0.8671875
vt 0.2421875 0.9921875
vt 0.1484375 0.9921875
vt 0.1953125 0.921875
vt 0.1484375 0.9609375
vt 0.1484375 0.875
vt 0.2421875 0.875
vt 0.1484375 0.921875
vt 0.1953125 0.921875
vt 0 0.75
vt 0.09375 0.75
vt 0.046875 0.8125
vt 0.09375 0.75
vt 0.09375 0.875
vt 0 0.875
vt 0.09375 0.8125
vt 0.046875 0.8125
vt 0.09375 0.921875
vt 0.09375 0.9921875
vt 0.1484375 0.921875
vt 0.1484375 0.9921875
vt 0.1484375 0.8125
vt 0.1484375 0.75
vt 0.09375 0.8125
vt 0.09375 0.75
vt 0.09375 0.8125
vt 0.09375 0.75
vt 0 0.875
vt 0 0.75
vt 0 0.875
vt 0 0.75
vt 0.09375 0.875
vt 0.09375 0.75
vt 0.09375 0.875
vt 0.09375 0.75
vt 0.1484375 0.875
vt 0.1484375 0.75
vt 0.1484375 0.75
vt 0.2421875 0.75
vt 0.1484375 0.875
vt 0.2421875 0.875
vt 0.2421875 0.875
vt 0.2421875 0.75
vt 0.1484375 0.8125
vt 0.1484375 0.75
vt 0.2421875 0.9921875
vt 0.1484375 0.9921875
vt 0.2421875 0.8515625
vt 0.1484375 0.8515625
vt 0.1484375 0.9921875
vt 0.1484375 0.8515625
vt 0.09375 0.9921875
vt 0.09375 0.8515625
vt 0 0.8515625
vt 0.09375 0.8515625
vt 0 0.9921875
vt 0.09375 0.9921875
vt 0.2421875 0.8515625
vt 0.1484375 0.8515625
vt 0.2421875 0.9921875
vt 0.1484375 0.9921875
vt 0.09375 0.8515625
vt 0 0.8515625
vt 0.09375 0.9921875
vt 0 0.9921875
vt 0.09375 0.9921875
vt 0.09375 0.8515625
vt 0.1484375 0.9921875
vt 0.1484375 0.8515625
vt 0.09375 0.875
vt 0.1484375 0.875
vt 0.09375 0.921875
vt 0.1484375 0.921875
vt 0.09375 0.921875
vt 0.1484375 0.921875
vt 0.09375 0.9609375
vt 0.1484375 0.9609375
vt 0.09375 0.9921875
vt 0.09375 0.9609375
vt 0.1484375 0.9921875
vt 0.1484375 0.9609375
vt 0.1484375 0.8125
vt 0.09375 0.8125
vt 0.1484375 0.75
vt 0.09375 0.75
vt 0.375 0.75
vt 0.4921875 0.796875
vt 0.375 0.9921875
vt 0.4921875 0.9453125
vt 0 0.875
vt 0 0.9921875
vt 0.09375 0.921875
vt 0.09375 0.9921875
vt 0.1484375 0.921875
vt 0.1484375 0.9921875
vt 0.2421875 0.875
vt 0.2421875 0.9921875
vt 0.375 0.9921875
vt 0.25 0.9453125
vt 0.375 0.75
vt 0.25 0.796875
vt 0.09375 0.921875
vt 0.09375 0.9921875
vt 0.1484375 0.921875
vt 0.1484375 0.9921875
vt 0.1484375 0.8125
vt 0.1484375 0.75
vt 0.09375 0.8125
vt 0.09375 0.75
vt 0.09375 0.8125
vt 0.09375 0.75
vt 0 0.875
vt 0 0.75
vt 0.2421875 0.875
vt 0.2421875 0.75
vt 0.1484375 0.8125
vt 0.1484375 0.75
vt 0.2421875 0.9921875
vt 0.1484375 0.9921875
vt 0.2421875 0.8515625
vt 0.1484375 0.8515625
vt 0.1484375 0.9921875
vt 0.1484375 0.8515625
vt 0.09375 0.9921875
vt 0.09375 0.8515625
vt 0 0.8515625
vt 0.09375 0.8515625
vt 0 0.9921875
vt 0.09375 0.9921875
vt 0.2421875 0.8515625
vt 0.1484375 0.8515625
vt 0.2421875 0.9921875
vt 0.1484375 0.9921875
vt 0.09375 0.8515625
vt 0 0.8515625
vt 0.09375 0.9921875
vt 0 0.9921875
vt 0.09375 0.9921875
vt 0.09375 0.8515625
vt 0.1484375 0.9921875
vt 0.1484375 0.8515625
vt 0.09375 0.921875
vt 0.09375 0.9921875
vt 0.1484375 0.921875
vt 0.1484375 0.9921875
vt 0.1484375 0.8125
vt 0.1484375 0.75
vt 0.09375 0.8125
vt 0.09375 0.75
vt 0.09375 0.8125
vt 0.09375 0.75
vt 0 0.875
vt 0 0.75
vt 0.2421875 0.875
vt 0.2421875 0.9921875
vt 0.1484375 0.875
vt 0.1484375 0.9921875
vt 0 0.9921875
vt 0 0.875
vt 0.09375 0.9921875
vt 0.09375 0.875
vt 0.2421875 0.875
vt 0.2421875 0.75
vt 0.1484375 0.8125
vt 0.1484375 0.75
vt 0.09375 0.9921875
vt 0.09375 0.875
vt 0.1484375 0.9921875
vt 0.1484375 0.875
vt 0.1484375 0.9921875
vt 0.1484375 0.8515625
vt 0.09375 0.9921875
vt 0.09375 0.8515625
vt 0.2421875 0.8515625
vt 0.2421875 0.9921875
vt 0.1484375 0.8515625
vt 0.1484375 0.9921875
vt 0.1484375 0.9921875
vt 0.2421875 0.9921875
vt 0.1484375 0.8515625
vt 0.2421875 0.8515625
vt 0 0.8515625
vt 0.09375 0.8515625
vt 0 0.9921875
vt 0.09375 0.9921875
vt 0.09375 0.8515625
vt 0 0.8515625
vt 0.09375 0.9921875
vt 0 0.9921875
vt 0.375 0.9921875
vt 0.25 0.9453125
vt 0.375 0.75
vt 0.25 0.796875
vt 0.375 0.9921875
vt 0.25 0.9453125
vt 0.375 0.75
vt 0.25 0.796875
vt 0.09375 0.75
vt 0.1484375 0.75
vt 0.09375 0.75
vt 0.1484375 0.75
vt 0.1484375 0.921875
vt 0.1484375 0.9921875
vt 0.2421875 0.875
vt 0.2421875 0.9921875
vt 0.1484375 0.921875
vt 0.1484375 0.9921875
vt 0.2421875 0.875
vt 0.2421875 0.9921875
vt 0 0.875
vt 0 0.9921875
vt 0.09375 0.921875
vt 0.09375 0.9921875
vt 0 0.875
vt 0 0.9921875
vt 0.09375 0.921875
vt 0.09375 0.9921875
vt 0.375 0.75
vt 0.4921875 0.796875
vt 0.375 0.9921875
vt 0.4921875 0.9453125
vt 0.375 0.75
vt 0.4921875 0.796875
vt 0.375 0.9921875
vt 0.4921875 0.9453125
vt 0.1484375 0.8125
vt 0.1484375 0.875
vt 0.09375 0.8125
vt 0.09375 0.875
vt 0.1484375 0.8125
vt 0.09375 0.8125
vt 0.1484375 0.75
vt 0.09375 0.75
vt 0.09375 0.9921875
vt 0.09375 0.9609375
vt 0.1484375 0.9921875
vt 0.1484375 0.9609375
vt 0.09375 0.921875
vt 0.1484375 0.921875
vt 0.09375 0.9609375
vt 0.1484375 0.9609375
vt 0.09375 0.8671875
vt 0.1484375 0.8671875
vt 0.09375 0.921875
vt 0.1484375 0.921875
vt 0.09375 0.75
vt 0.1484375 0.75
vt 0.09375 0.75
vt 0.1484375 0.75
vt 0.1484375 0.8671875
vt 0.09375 0.8671875
vt 0.1484375 0.8125
vt 0.09375 0.8125
vn 0.33686076842660756 -0.8421519210665189 0.4210759605332596
vn 0.33686076842660756 -0.8421519210665189 0.4210759605332596
vn 0.33686076842660756 -0.8421519210665189 0.4210759605332596
vn -0.33686076842660756 -0.8421519210665189 0.4210759605332596
vn -0.33686076842660756 -0.8421519210665189 0.4210759605332596
vn -0.33686076842660756 -0.8421519210665189 0.4210759605332596
vn -0.33686076842660756 -0.8421519210665189 -0.4210759605332594
vn -0.33686076842660756 -0.8421519210665189 -0.4210759605332594
vn -0.33686076842660756 -0.8421519210665189 -0.4210759605332594
vn 0.33686076842660756 -0.8421519210665189 -0.4210759605332594
vn 0.33686076842660756 -0.8421519210665189 -0.4210759605332594
vn 0.33686076842660756 -0.8421519210665189 -0.4210759605332594
vn -0.33686076842660756 0.8421519210665189 -0.4210759605332596
vn -0.33686076842660756 0.8421519210665189 -0.4210759605332596
vn -0.33686076842660756 0.8421519210665189 -0.4210759605332596
vn 0.33686076842660756 -0.8421519210665189 0.4210759605332596
vn 0.33686076842660756 -0.8421519210665189 0.4210759605332596
vn 0.33686076842660756 -0.8421519210665189 0.4210759605332596
vn -0.33686076842660756 -0.8421519210665189 0.4210759605332596
vn -0.33686076842660756 -0.8421519210665189 0.4210759605332596
vn -0.33686076842660756 -0.8421519210665189 0.4210759605332596
vn 0.33686076842660756 -0.8421519210665189 0.4210759605332596
vn 0.33686076842660756 -0.8421519210665189 0.4210759605332596
vn 0.33686076842660756 -0.8421519210665189 0.4210759605332596
vn -0.33686076842660756 -0.8421519210665189 0.4210759605332596
vn -0.33686076842660756 -0.8421519210665189 0.4210759605332596
vn -0.33686076842660756 -0.8421519210665189 0.4210759605332596
vn 0.33686076842660756 -0.8421519210665189 -0.4210759605332594
vn 0.33686076842660756 -0.8421519210665189 -0.4210759605332594
vn 0.33686076842660756 -0.8421519210665189 -0.4210759605332594
vn 0.33686076842660756 -0.8421519210665189 -0.4210759605332594
vn 0.33686076842660756 -0.8421519210665189 -0.4210759605332594
vn 0.33686076842660756 -0.8421519210665189 -0.4210759605332594
vn -0.33686076842660756 -0.8421519210665189 -0.4210759605332594
vn -0.33686076842660756 -0.8421519210665189 -0.4210759605332594
vn -0.33686076842660756 -0.8421519210665189 -0.4210759605332594
vn -0.33686076842660756 -0.8421519210665189 -0.4210759605332594
vn -0.33686076842660756 -0.8421519210665189 -0.4210759605332594
vn -0.33686076842660756 -0.8421519210665189 -0.4210759605332594
vn 0.33686076842660756 0.8421519210665189 -0.4210759605332596
vn 0.33686076842660756 0.8421519210665189 -0.4210759605332596
vn 0.33686076842660756 0.8421519210665189 -0.4210759605332596
vn 0.33686076842660756 0.8421519210665189 0.4210759605332594
vn 0.33686076842660756 0.8421519210665189 0.4210759605332594
vn 0.33686076842660756 0.8421519210665189 0.4210759605332594
vn -0.33686076842660756 0.8421519210665189 -0.4210759605332596
vn -0.33686076842660756 0.8421519210665189 -0.4210759605332596
vn -0.33686076842660756 0.8421519210665189 -0.4210759605332596
vn -0.33686076842660756 0.8421519210665189 0.4210759605332594
vn -0.33686076842660756 0.8421519210665189 0.4210759605332594
vn -0.33686076842660756 0.8421519210665189 0.4210759605332594
vn 0.33686076842660756 0.8421519210665189 -0.4210759605332596
vn 0.33686076842660756 0.8421519210665189 -0.4210759605332596
vn 0.33686076842660756 0.8421519210665189 -0.4210759605332596
vn 0.33686076842660756 0.8421519210665189 0.4210759605332594
vn 0.33686076842660756 0.8421519210665189 0.4210759605332594
vn 0.33686076842660756 0.8421519210665189 0.4210759605332594
vn -0.33686076842660756 0.8421519210665189 -0.4210759605332596
vn -0.33686076842660756 0.8421519210665189 -0.4210759605332596
vn -0.33686076842660756 0.8421519210665189 -0.4210759605332596
vn -0.33686076842660756 0.8421519210665189 0.4210759605332594
vn -0.33686076842660756 0.8421519210665189 0.4210759605332594
vn -0.33686076842660756 0.8421519210665189 0.4210759605332594
vn 0.33686076842660756 0.8421519210665189 0.4210759605332594
vn 0.33686076842660756 0.8421519210665189 0.4210759605332594
vn 0.33686076842660756 0.8421519210665189 0.4210759605332594
vn 0.33686076842660756 0.8421519210665189 -0.4210759605332596
vn 0.33686076842660756 0.8421519210665189 -0.4210759605332596
vn 0.33686076842660756 0.8421519210665189 -0.4210759605332596
vn 0.33686076842660756 0.8421519210665189 0.4210759605332594
vn 0.33686076842660756 0.8421519210665189 0.4210759605332594
vn 0.33686076842660756 0.8421519210665189 0.4210759605332594
vn 0.33686076842660756 0.8421519210665189 -0.4210759605332596
vn 0.33686076842660756 0.8421519210665189 -0.4210759605332596
vn 0.33686076842660756 0.8421519210665189 -0.4210759605332596
vn -0.33686076842660756 0.8421519210665189 0.4210759605332594
vn -0.33686076842660756 0.8421519210665189 0.4210759605332594
vn -0.33686076842660756 0.8421519210665189 0.4210759605332594
vn -0.33686076842660756 0.8421519210665189 -0.4210759605332596
vn -0.33686076842660756 0.8421519210665189 -0.4210759605332596
vn -0.33686076842660756 0.8421519210665189 -0.4210759605332596
vn -0.33686076842660756 0.8421519210665189 0.4210759605332594
vn -0.33686076842660756 0.8421519210665189 0.4210759605332594
vn -0.33686076842660756 0.8421519210665189 0.4210759605332594
vn -0.33686076842660756 0.8421519210665189 0.4210759605332594
vn -0.33686076842660756 0.8421519210665189 0.4210759605332594
vn -0.33686076842660756 0.8421519210665189 0.4210759605332594
vn -0.33686076842660756 0.8421519210665189 0.4210759605332594
vn -0.33686076842660756 0.8421519210665189 0.4210759605332594
vn -0.33686076842660756 0.8421519210665189 0.4210759605332594
vn -0.33686076842660756 0.8421519210665189 0.4210759605332594
vn -0.33686076842660756 0.8421519210665189 0.4210759605332594
vn -0.33686076842660756 0.8421519210665189 -0.4210759605332596
vn -0.33686076842660756 0.8421519210665189 -0.4210759605332596
vn -0.33686076842660756 0.8421519210665189 -0.4210759605332596
vn -0.33686076842660756 0.8421519210665189 -0.4210759605332596
vn -0.33686076842660756 0.8421519210665189 -0.4210759605332596
vn -0.33686076842660756 0.8421519210665189 -0.4210759605332596
vn -0.33686076842660756 0.8421519210665189 -0.4210759605332596
vn -0.33686076842660756 0.8421519210665189 -0.4210759605332596
vn -0.33686076842660756 0.8421519210665189 0.4210759605332594
vn -0.33686076842660756 0.8421519210665189 0.4210759605332594
vn -0.33686076842660756 0.8421519210665189 0.4210759605332594
vn -0.33686076842660756 0.8421519210665189 0.4210759605332594
vn -0.33686076842660756 0.8421519210665189 0.4210759605332594
vn -0.33686076842660756 0.8421519210665189 0.4210759605332594
vn -0.33686076842660756 0.8421519210665189 0.4210759605332594
vn -0.33686076842660756 0.8421519210665189 0.4210759605332594
vn 0.33686076842660756 0.8421519210665189 -0.4210759605332596
vn 0.33686076842660756 0.8421519210665189 -0.4210759605332596
vn 0.33686076842660756 0.8421519210665189 -0.4210759605332596
vn 0.33686076842660756 0.8421519210665189 -0.4210759605332596
vn 0.33686076842660756 0.8421519210665189 -0.4210759605332596
vn 0.33686076842660756 0.8421519210665189 -0.4210759605332596
vn 0.33686076842660756 0.8421519210665189 -0.4210759605332596
vn 0.33686076842660756 0.8421519210665189 -0.4210759605332596
vn 0.33686076842660756 0.8421519210665189 0.4210759605332594
vn 0.33686076842660756 0.8421519210665189 0.4210759605332594
vn 0.33686076842660756 0.8421519210665189 0.4210759605332594
vn 0.33686076842660756 0.8421519210665189 0.4210759605332594
vn 0.33686076842660756 0.8421519210665189 0.4210759605332594
vn 0.33686076842660756 0.8421519210665189 0.4210759605332594
vn 0.33686076842660756 0.8421519210665189 0.4210759605332594
vn 0.33686076842660756 0.8421519210665189 0.4210759605332594
vn 0.33686076842660756 0.8421519210665189 -0.4210759605332596
vn 0.33686076842660756 0.8421519210665189 -0.4210759605332596
vn 0.33686076842660756 0.8421519210665189 -0.4210759605332596
vn 0.33686076842660756 0.8421519210665189 -0.4210759605332596
vn 0.33686076842660756 0.8421519210665189 -0.4210759605332596
vn 0.33686076842660756 0.8421519210665189 -0.4210759605332596
vn 0.33686076842660756 0.8421519210665189 -0.4210759605332596
vn 0.33686076842660756 0.8421519210665189 -0.4210759605332596
vn 0.33686076842660756 0.8421519210665189 0.4210759605332594
vn 0.33686076842660756 0.8421519210665189 0.4210759605332594
vn 0.33686076842660756 0.8421519210665189 0.4210759605332594
vn 0.33686076842660756 0.8421519210665189 0.4210759605332594
vn 0.33686076842660756 0.8421519210665189 0.4210759605332594
vn 0.33686076842660756 0.8421519210665189 0.4210759605332594
vn 0.33686076842660756 0.8421519210665189 0.4210759605332594
vn 0.33686076842660756 0.8421519210665189 0.4210759605332594
vn -0.33686076842660756 0.8421519210665189 -0.4210759605332596
vn -0.33686076842660756 0.8421519210665189 -0.4210759605332596
vn -0.33686076842660756 0.8421519210665189 -0.4210759605332596
vn -0.33686076842660756 0.8421519210665189 -0.4210759605332596
vn -0.33686076842660756 0.8421519210665189 -0.4210759605332596
vn -0.33686076842660756 0.8421519210665189 -0.4210759605332596
vn -0.33686076842660756 0.8421519210665189 -0.4210759605332596
vn -0.33686076842660756 0.8421519210665189 -0.4210759605332596
vn 0 -0.8944271909999157 0.447213595499958
vn 0 -0.8944271909999157 0.447213595499958
vn 0 -0.8944271909999157 0.447213595499958
vn 0 -0.8944271909999157 0.447213595499958
vn 0 -0.894427190999916 -0.4472135954999579
vn 0 -0.894427190999916 -0.4472135954999579
vn 0 -0.894427190999916 -0.4472135954999579
vn 0 -0.894427190999916 -0.4472135954999579
vn -0.33686076842660756 -0.8421519210665189 -0.4210759605332594
vn -0.33686076842660756 -0.8421519210665189 -0.4210759605332594
vn -0.33686076842660756 -0.8421519210665189 -0.4210759605332594
vn -0.33686076842660756 -0.8421519210665189 -0.4210759605332594
vn -0.33686076842660756 0.8421519210665189 -0.4210759605332596
vn -0.33686076842660756 0.8421519210665189 -0.4210759605332596
vn -0.33686076842660756 0.8421519210665189 -0.4210759605332596
vn -0.33686076842660756 0.8421519210665189 -0.4210759605332596
vn 0 0.8944271909999157 -0.447213595499958
vn 0 0.8944271909999157 -0.447213595499958
vn 0 0.8944271909999157 -0.447213595499958
vn 0 0.8944271909999157 -0.447213595499958
vn 0.33686076842660756 0.8421519210665189 -0.4210759605332596
vn 0.33686076842660756 0.8421519210665189 -0.4210759605332596
vn 0.33686076842660756 0.8421519210665189 -0.4210759605332596
vn 0.33686076842660756 0.8421519210665189 -0.4210759605332596
vn 0.33686076842660756 -0.8421519210665189 -0.4210759605332594
vn 0.33686076842660756 -0.8421519210665189 -0.4210759605332594
vn 0.33686076842660756 -0.8421519210665189 -0.4210759605332594
vn 0.33686076842660756 -0.8421519210665189 -0.4210759605332594
vn 0.3713906712157723 1.1370560100926155e-16 0.9284766929405919
vn 0.3713906712157723 1.1370560100926155e-16 0.9284766929405919
vn 0.3713906712157723 1.1370560100926155e-16 0.9284766929405919
vn 0.3713906712157723 1.1370560100926155e-16 0.9284766929405919
vn 0 -1.2246467991473532e-16 -1
vn 0 -1.2246467991473532e-16 -1
vn 0 -1.2246467991473532e-16 -1
vn 0 -1.2246467991473532e-16 -1
vn -0.3713906712157723 1.1370560100926155e-16 0.9284766929405919
vn -0.3713906712157723 1.1370560100926155e-16 0.9284766929405919
vn -0.3713906712157723 1.1370560100926155e-16 0.9284766929405919
vn -0.3713906712157723 1.1370560100926155e-16 0.9284766929405919
vn 0.3713906712157723 -1.1370560100926155e-16 -0.9284766929405919
vn 0.3713906712157723 -1.1370560100926155e-16 -0.9284766929405919
vn 0.3713906712157723 -1.1370560100926155e-16 -0.9284766929405919
vn 0.3713906712157723 -1.1370560100926155e-16 -0.9284766929405919
vn -0.3713906712157723 -1.1370560100926155e-16 -0.9284766929405919
vn -0.3713906712157723 -1.1370560100926155e-16 -0.9284766929405919
vn -0.3713906712157723 -1.1370560100926155e-16 -0.9284766929405919
vn -0.3713906712157723 -1.1370560100926155e-16 -0.9284766929405919
vn 0 1.2246467991473532e-16 1
vn 0 1.2246467991473532e-16 1
vn 0 1.2246467991473532e-16 1
vn 0 1.2246467991473532e-16 1
vn 0 0.894427190999916 0.4472135954999579
vn 0 0.894427190999916 0.4472135954999579
vn 0 0.894427190999916 0.4472135954999579
vn 0 0.894427190999916 0.4472135954999579
vn 0 0.894427190999916 0.4472135954999579
vn 0 0.894427190999916 0.4472135954999579
vn 0 0.894427190999916 0.4472135954999579
vn 0 0.894427190999916 0.4472135954999579
vn 0 0.894427190999916 0.4472135954999579
vn 0 0.894427190999916 0.4472135954999579
vn 0 0.894427190999916 0.4472135954999579
vn 0 0.894427190999916 0.4472135954999579
vn 0 0.8944271909999157 -0.447213595499958
vn 0 0.8944271909999157 -0.447213595499958
vn 0 0.8944271909999157 -0.447213595499958
vn 0 0.8944271909999157 -0.447213595499958
vn -1 0 0
vn -1 0 0
vn -1 0 0
vn -1 0 0
vn -0.33686076842660756 -0.8421519210665189 0.4210759605332596
vn -0.33686076842660756 -0.8421519210665189 0.4210759605332596
vn -0.33686076842660756 -0.8421519210665189 0.4210759605332596
vn -0.33686076842660756 -0.8421519210665189 0.4210759605332596
vn 0.33686076842660756 -0.8421519210665189 0.4210759605332596
vn 0.33686076842660756 -0.8421519210665189 0.4210759605332596
vn 0.33686076842660756 -0.8421519210665189 0.4210759605332596
vn 0.33686076842660756 -0.8421519210665189 0.4210759605332596
vn -1 0 0
vn -1 0 0
vn -1 0 0
vn -1 0 0
vn 0 -0.8944271909999157 0.447213595499958
vn 0 -0.8944271909999157 0.447213595499958
vn 0 -0.8944271909999157 0.447213595499958
vn 0 -0.8944271909999157 0.447213595499958
vn 0 -0.894427190999916 -0.4472135954999579
vn 0 -0.894427190999916 -0.4472135954999579
vn 0 -0.894427190999916 -0.4472135954999579
vn 0 -0.894427190999916 -0.4472135954999579
vn -0.33686076842660756 -0.8421519210665189 -0.4210759605332594
vn -0.33686076842660756 -0.8421519210665189 -0.4210759605332594
vn -0.33686076842660756 -0.8421519210665189 -0.4210759605332594
vn -0.33686076842660756 -0.8421519210665189 -0.4210759605332594
vn 0.33686076842660756 -0.8421519210665189 -0.4210759605332594
vn 0.33686076842660756 -0.8421519210665189 -0.4210759605332594
vn 0.33686076842660756 -0.8421519210665189 -0.4210759605332594
vn 0.33686076842660756 -0.8421519210665189 -0.4210759605332594
vn 0.3713906712157723 1.1370560100926155e-16 0.9284766929405919
vn 0.3713906712157723 1.1370560100926155e-16 0.9284766929405919
vn 0.3713906712157723 1.1370560100926155e-16 0.9284766929405919
vn 0.3713906712157723 1.1370560100926155e-16 0.9284766929405919
vn 0 -1.2246467991473532e-16 -1
vn 0 -1.2246467991473532e-16 -1
vn 0 -1.2246467991473532e-16 -1
vn 0 -1.2246467991473532e-16 -1
vn -0.3713906712157723 1.1370560100926155e-16 0.9284766929405919
vn -0.3713906712157723 1.1370560100926155e-16 0.9284766929405919
vn -0.3713906712157723 1.1370560100926155e-16 0.9284766929405919
vn -0.3713906712157723 1.1370560100926155e-16 0.9284766929405919
vn 0.3713906712157723 -1.1370560100926155e-16 -0.9284766929405919
vn 0.3713906712157723 -1.1370560100926155e-16 -0.9284766929405919
vn 0.3713906712157723 -1.1370560100926155e-16 -0.9284766929405919
vn 0.3713906712157723 -1.1370560100926155e-16 -0.9284766929405919
vn -0.3713906712157723 -1.1370560100926155e-16 -0.9284766929405919
vn -0.3713906712157723 -1.1370560100926155e-16 -0.9284766929405919
vn -0.3713906712157723 -1.1370560100926155e-16 -0.9284766929405919
vn -0.3713906712157723 -1.1370560100926155e-16 -0.9284766929405919
vn 0 1.2246467991473532e-16 1
vn 0 1.2246467991473532e-16 1
vn 0 1.2246467991473532e-16 1
vn 0 1.2246467991473532e-16 1
vn 0 -0.8944271909999157 0.447213595499958
vn 0 -0.8944271909999157 0.447213595499958
vn 0 -0.8944271909999157 0.447213595499958
vn 0 -0.8944271909999157 0.447213595499958
vn 0 -0.894427190999916 -0.4472135954999579
vn 0 -0.894427190999916 -0.4472135954999579
vn 0 -0.894427190999916 -0.4472135954999579
vn 0 -0.894427190999916 -0.4472135954999579
vn -0.33686076842660756 -0.8421519210665189 -0.4210759605332594
vn -0.33686076842660756 -0.8421519210665189 -0.4210759605332594
vn -0.33686076842660756 -0.8421519210665189 -0.4210759605332594
vn -0.33686076842660756 -0.8421519210665189 -0.4210759605332594
vn 0.33686076842660756 0.8421519210665189 0.4210759605332594
vn 0.33686076842660756 0.8421519210665189 0.4210759605332594
vn 0.33686076842660756 0.8421519210665189 0.4210759605332594
vn 0.33686076842660756 0.8421519210665189 0.4210759605332594
vn -0.33686076842660756 0.8421519210665189 0.4210759605332594
vn -0.33686076842660756 0.8421519210665189 0.4210759605332594
vn -0.33686076842660756 0.8421519210665189 0.4210759605332594
vn -0.33686076842660756 0.8421519210665189 0.4210759605332594
vn 0.33686076842660756 -0.8421519210665189 -0.4210759605332594
vn 0.33686076842660756 -0.8421519210665189 -0.4210759605332594
vn 0.33686076842660756 -0.8421519210665189 -0.4210759605332594
vn 0.33686076842660756 -0.8421519210665189 -0.4210759605332594
vn 0 0.894427190999916 0.4472135954999579
vn 0 0.894427190999916 0.4472135954999579
vn 0 0.894427190999916 0.4472135954999579
vn 0 0.894427190999916 0.4472135954999579
vn 0 -1.2246467991473532e-16 -1
vn 0 -1.2246467991473532e-16 -1
vn 0 -1.2246467991473532e-16 -1
vn 0 -1.2246467991473532e-16 -1
vn 0.3713906712157723 1.1370560100926155e-16 0.9284766929405919
vn 0.3713906712157723 1.1370560100926155e-16 0.9284766929405919
vn 0.3713906712157723 1.1370560100926155e-16 0.9284766929405919
vn 0.3713906712157723 1.1370560100926155e-16 0.9284766929405919
vn 0.3713906712157723 -1.1370560100926155e-16 -0.9284766929405919
vn 0.3713906712157723 -1.1370560100926155e-16 -0.9284766929405919
vn 0.3713906712157723 -1.1370560100926155e-16 -0.9284766929405919
vn 0.3713906712157723 -1.1370560100926155e-16 -0.9284766929405919
vn -0.3713906712157723 1.1370560100926155e-16 0.9284766929405919
vn -0.3713906712157723 1.1370560100926155e-16 0.9284766929405919
vn -0.3713906712157723 1.1370560100926155e-16 0.9284766929405919
vn -0.3713906712157723 1.1370560100926155e-16 0.9284766929405919
vn -0.3713906712157723 -1.1370560100926155e-16 -0.9284766929405919
vn -0.3713906712157723 -1.1370560100926155e-16 -0.9284766929405919
vn -0.3713906712157723 -1.1370560100926155e-16 -0.9284766929405919
vn -0.3713906712157723 -1.1370560100926155e-16 -0.9284766929405919
vn -1 0 0
vn -1 0 0
vn -1 0 0
vn -1 0 0
vn -1 0 0
vn -1 0 0
vn -1 0 0
vn -1 0 0
vn 0 0.8944271909999157 -0.447213595499958
vn 0 0.8944271909999157 -0.447213595499958
vn 0 0.8944271909999157 -0.447213595499958
vn 0 0.8944271909999157 -0.447213595499958
vn 0.33686076842660756 -0.8421519210665189 0.4210759605332596
vn 0.33686076842660756 -0.8421519210665189 0.4210759605332596
vn 0.33686076842660756 -0.8421519210665189 0.4210759605332596
vn 0.33686076842660756 -0.8421519210665189 0.4210759605332596
vn 0.33686076842660756 -0.8421519210665189 0.4210759605332596
vn 0.33686076842660756 -0.8421519210665189 0.4210759605332596
vn 0.33686076842660756 -0.8421519210665189 0.4210759605332596
vn 0.33686076842660756 -0.8421519210665189 0.4210759605332596
vn -0.33686076842660756 -0.8421519210665189 0.4210759605332596
vn -0.33686076842660756 -0.8421519210665189 0.4210759605332596
vn -0.33686076842660756 -0.8421519210665189 0.4210759605332596
vn -0.33686076842660756 -0.8421519210665189 0.4210759605332596
vn -0.33686076842660756 -0.8421519210665189 0.4210759605332596
vn -0.33686076842660756 -0.8421519210665189 0.4210759605332596
vn -0.33686076842660756 -0.8421519210665189 0.4210759605332596
vn -0.33686076842660756 -0.8421519210665189 0.4210759605332596
vn -1 0 0
vn -1 0 0
vn -1 0 0
vn -1 0 0
vn -1 0 0
vn -1 0 0
vn -1 0 0
vn -1 0 0
vn 0 0.8944271909999157 -0.447213595499958
vn 0 0.8944271909999157 -0.447213595499958
vn 0 0.8944271909999157 -0.447213595499958
vn 0 0.8944271909999157 -0.447213595499958
vn 0 0.8944271909999157 -0.447213595499958
vn 0 0.8944271909999157 -0.447213595499958
vn 0 0.8944271909999157 -0.447213595499958
vn 0 0.8944271909999157 -0.447213595499958
vn 0 0.894427190999916 0.4472135954999579
vn 0 0.894427190999916 0.4472135954999579
vn 0 0.894427190999916 0.4472135954999579
vn 0 0.894427190999916 0.4472135954999579
vn 0 0.894427190999916 0.4472135954999579
vn 0 0.894427190999916 0.4472135954999579
vn 0 0.894427190999916 0.4472135954999579
vn 0 0.894427190999916 0.4472135954999579
vn 0 0.894427190999916 0.4472135954999579
vn 0 0.894427190999916 0.4472135954999579
vn 0 0.894427190999916 0.4472135954999579
vn 0 0.894427190999916 0.4472135954999579
vn 0 0.8944271909999157 -0.447213595499958
vn 0 0.8944271909999157 -0.447213595499958
vn 0 0.8944271909999157 -0.447213595499958
vn 0 0.8944271909999157 -0.447213595499958
vn 0 0.8944271909999157 -0.447213595499958
vn 0 0.8944271909999157 -0.447213595499958
vn 0 0.8944271909999157 -0.447213595499958
vn 0 0.8944271909999157 -0.447213595499958
f 3607/3607/3607 3606/3606/3606 3605/3605/3605
f 3610/3610/3610 3609/3609/3609 3608/3608/3608
f 3613/3613/3613 3612/3612/3612 3611/3611/3611
f 3616/3616/3616 3615/3615/3615 3614/3614/3614
f 3619/3619/3619 3618/3618/3618 3617/3617/3617
f 3622/3622/3622 3621/3621/3621 3620/3620/3620
f 3625/3625/3625 3624/3624/3624 3623/3623/3623
f 3628/3628/3628 3627/3627/3627 3626/3626/3626
f 3631/3631/3631 3630/3630/3630 3629/3629/3629
f 3634/3634/3634 3633/3633/3633 3632/3632/3632
f 3637/3637/3637 3636/3636/3636 3635/3635/3635
f 3640/3640/3640 3639/3639/3639 3638/3638/3638
f 3643/3643/3643 3642/3642/3642 3641/3641/3641
f 3646/3646/3646 3645/3645/3645 3644/3644/3644
f 3649/3649/3649 3648/3648/3648 3647/3647/3647
f 3652/3652/3652 3651/3651/3651 3650/3650/3650
f 3655/3655/3655 3654/3654/3654 3653/3653/3653
f 3658/3658/3658 3657/3657/3657 3656/3656/3656
f 3661/3661/3661 3660/3660/3660 3659/3659/3659
f 3664/3664/3664 3663/3663/3663 3662/3662/3662
f 3667/3667/3667 3666/3666/3666 3665/3665/3665
f 3670/3670/3670 3669/3669/3669 3668/3668/3668
f 3673/3673/3673 3672/3672/3672 3671/3671/3671
f 3676/3676/3676 3675/3675/3675 3674/3674/3674
f 3679/3679/3679 3678/3678/3678 3677/3677/3677
f 3682/3682/3682 3681/3681/3681 3680/3680/3680
f 3685/3685/3685 3684/3684/3684 3683/3683/3683
f 3688/3688/3688 3687/3687/3687 3686/3686/3686
f 3691/3691/3691 3690/3690/3690 3689/3689/3689
f 3690/3690/3690 3691/3691/3691 3692/3692/3692
f 3695/3695/3695 3694/3694/3694 3693/3693/3693
f 3694/3694/3694 3695/3695/3695 3696/3696/3696
f 3699/3699/3699 3698/3698/3698 3697/3697/3697
f 3698/3698/3698 3699/3699/3699 3700/3700/3700
f 3703/3703/3703 3702/3702/3702 3701/3701/3701
f 3702/3702/3702 3703/3703/3703 3704/3704/3704
f 3707/3707/3707 3706/3706/3706 3705/3705/3705
f 3706/3706/3706 3707/3707/3707 3708/3708/3708
f 3711/3711/3711 3710/3710/3710 3709/3709/3709
f 3710/3710/3710 3711/3711/3711 3712/3712/3712
f 3715/3715/3715 3714/3714/3714 3713/3713/3713
f 3714/3714/3714 3715/3715/3715 3716/3716/3716
f 3719/3719/3719 3718/3718/3718 3717/3717/3717
f 3718/3718/3718 3719/3719/3719 3720/3720/3720
f 3723/3723/3723 3722/3722/3722 3721/3721/3721
f 3722/3722/3722 3723/3723/3723 3724/3724/3724
f 3727/3727/3727 3726/3726/3726 3725/3725/3725
f 3726/3726/3726 3727/3727/3727 3728/3728/3728
f 3731/3731/3731 3730/3730/3730 3729/3729/3729
f 3730/3730/3730 3731/3731/3731 3732/3732/3732
f 3735/3735/3735 3734/3734/3734 3733/3733/3733
f 3734/3734/3734 3735/3735/3735 3736/3736/3736
f 3739/3739/3739 3738/3738/3738 3737/3737/3737
f 3738/3738/3738 3739/3739/3739 3740/3740/3740
f 3743/3743/3743 3742/3742/3742 3741/3741/3741
f 3742/3742/3742 3743/3743/3743 3744/3744/3744
f 3747/3747/3747 3746/3746/3746 3745/3745/3745
f 3746/3746/3746 3747/3747/3747 3748/3748/3748
f 3751/3751/3751 3750/3750/3750 3749/3749/3749
f 3750/3750/3750 3751/3751/3751 3752/3752/3752
f 3755/3755/3755 3754/3754/3754 3753/3753/3753
f 3754/3754/3754 3755/3755/3755 3756/3756/3756
f 3759/3759/3759 3758/3758/3758 3757/3757/3757
f 3758/3758/3758 3759/3759/3759 3760/3760/3760
f 3763/3763/3763 3762/3762/3762 3761/3761/3761
f 3762/3762/3762 3763/3763/3763 3764/3764/3764
f 3767/3767/3767 3766/3766/3766 3765/3765/3765
f 3766/3766/3766 3767/3767/3767 3768/3768/3768
f 3771/3771/3771 3770/3770/3770 3769/3769/3769
f 3770/3770/3770 3771/3771/3771 3772/3772/3772
f 3775/3775/3775 3774/3774/3774 3773/3773/3773
f 3774/3774/3774 3775/3775/3775 3776/3776/3776
f 3779/3779/3779 3778/3778/3778 3777/3777/3777
f 3778/3778/3778 3779/3779/3779 3780/3780/3780
f 3783/3783/3783 3782/3782/3782 3781/3781/3781
f 3782/3782/3782 3783/3783/3783 3784/3784/3784
f 3787/3787/3787 3786/3786/3786 3785/3785/3785
f 3786/3786/3786 3787/3787/3787 3788/3788/3788
f 3791/3791/3791 3790/3790/3790 3789/3789/3789
f 3790/3790/3790 3791/3791/3791 3792/3792/3792
f 3795/3795/3795 3794/3794/3794 3793/3793/3793
f 3794/3794/3794 3795/3795/3795 3796/3796/3796
f 3799/3799/3799 3798/3798/3798 3797/3797/3797
f 3798/3798/3798 3799/3799/3799 3800/3800/3800
f 3803/3803/3803 3802/3802/3802 3801/3801/3801
f 3802/3802/3802 3803/3803/3803 3804/3804/3804
f 3807/3807/3807 3806/3806/3806 3805/3805/3805
f 3806/3806/3806 3807/3807/3807 3808/3808/3808
f 3811/3811/3811 3810/3810/3810 3809/3809/3809
f 3810/3810/3810 3811/3811/3811 3812/3812/3812
f 3815/3815/3815 3814/3814/3814 3813/3813/3813
f 3814/3814/3814 3815/3815/3815 3816/3816/3816
f 3819/3819/3819 3818/3818/3818 3817/3817/3817
f 3818/3818/3818 3819/3819/3819 3820/3820/3820
f 3823/3823/3823 3822/3822/3822 3821/3821/3821
f 3822/3822/3822 3823/3823/3823 3824/3824/3824
f 3827/3827/3827 3826/3826/3826 3825/3825/3825
f 3826/3826/3826 3827/3827/3827 3828/3828/3828
f 3831/3831/3831 3830/3830/3830 3829/3829/3829
f 3830/3830/3830 3831/3831/3831 3832/3832/3832
f 3835/3835/3835 3834/3834/3834 3833/3833/3833
f 3834/3834/3834 3835/3835/3835 3836/3836/3836
f 3839/3839/3839 3838/3838/3838 3837/3837/3837
f 3838/3838/3838 3839/3839/3839 3840/3840/3840
f 3843/3843/3843 3842/3842/3842 3841/3841/3841
f 3842/3842/3842 3843/3843/3843 3844/3844/3844
f 3847/3847/3847 3846/3846/3846 3845/3845/3845
f 3846/3846/3846 3847/3847/3847 3848/3848/3848
f 3851/3851/3851 3850/3850/3850 3849/3849/3849
f 3850/3850/3850 3851/3851/3851 3852/3852/3852
f 3855/3855/3855 3854/3854/3854 3853/3853/3853
f 3854/3854/3854 3855/3855/3855 3856/3856/3856
f 3859/3859/3859 3858/3858/3858 3857/3857/3857
f 3858/3858/3858 3859/3859/3859 3860/3860/3860
f 3863/3863/3863 3862/3862/3862 3861/3861/3861
f 3862/3862/3862 3863/3863/3863 3864/3864/3864
f 3867/3867/3867 3866/3866/3866 3865/3865/3865
f 3866/3866/3866 3867/3867/3867 3868/3868/3868
f 3871/3871/3871 3870/3870/3870 3869/3869/3869
f 3870/3870/3870 3871/3871/3871 3872/3872/3872
f 3875/3875/3875 3874/3874/3874 3873/3873/3873
f 3874/3874/3874 3875/3875/3875 3876/3876/3876
f 3879/3879/3879 3878/3878/3878 3877/3877/3877
f 3878/3878/3878 3879/3879/3879 3880/3880/3880
f 3883/3883/3883 3882/3882/3882 3881/3881/3881
f 3882/3882/3882 3883/3883/3883 3884/3884/3884
f 3887/3887/3887 3886/3886/3886 3885/3885/3885
f 3886/3886/3886 3887/3887/3887 3888/3888/3888
f 3891/3891/3891 3890/3890/3890 3889/3889/3889
f 3890/3890/3890 3891/3891/3891 3892/3892/3892
f 3895/3895/3895 3894/3894/3894 3893/3893/3893
f 3894/3894/3894 3895/3895/3895 3896/3896/3896
f 3899/3899/3899 3898/3898/3898 3897/3897/3897
f 3898/3898/3898 3899/3899/3899 3900/3900/3900
f 3903/3903/3903 3902/3902/3902 3901/3901/3901
f 3902/3902/3902 3903/3903/3903 3904/3904/3904
f 3907/3907/3907 3906/3906/3906 3905/3905/3905
f 3906/3906/3906 3907/3907/3907 3908/3908/3908
f 3911/3911/3911 3910/3910/3910 3909/3909/3909
f 3910/3910/3910 3911/3911/3911 3912/3912/3912
f 3915/3915/3915 3914/3914/3914 3913/3913/3913
f 3914/3914/3914 3915/3915/3915 3916/3916/3916
f 3919/3919/3919 3918/3918/3918 3917/3917/3917
f 3918/3918/3918 3919/3919/3919 3920/3920/3920
f 3923/3923/3923 3922/3922/3922 3921/3921/3921
f 3922/3922/3922 3923/3923/3923 3924/3924/3924
f 3927/3927/3927 3926/3926/3926 3925/3925/3925
f 3926/3926/3926 3927/3927/3927 3928/3928/3928
f 3931/3931/3931 3930/3930/3930 3929/3929/3929
f 3930/3930/3930 3931/3931/3931 3932/3932/3932
f 3935/3935/3935 3934/3934/3934 3933/3933/3933
f 3934/3934/3934 3935/3935/3935 3936/3936/3936
f 3939/3939/3939 3938/3938/3938 3937/3937/3937
f 3938/3938/3938 3939/3939/3939 3940/3940/3940
f 3943/3943/3943 3942/3942/3942 3941/3941/3941
f 3942/3942/3942 3943/3943/3943 3944/3944/3944
f 3947/3947/3947 3946/3946/3946 3945/3945/3945
f 3946/3946/3946 3947/3947/3947 3948/3948/3948
f 3951/3951/3951 3950/3950/3950 3949/3949/3949
f 3950/3950/3950 3951/3951/3951 3952/3952/3952
f 3955/3955/3955 3954/3954/3954 3953/3953/3953
f 3954/3954/3954 3955/3955/3955 3956/3956/3956
f 3959/3959/3959 3958/3958/3958 3957/3957/3957
f 3958/3958/3958 3959/3959/3959 3960/3960/3960
f 3963/3963/3963 3962/3962/3962 3961/3961/3961
f 3962/3962/3962 3963/3963/3963 3964/3964/3964
f 3967/3967/3967 3966/3966/3966 3965/3965/3965
f 3966/3966/3966 3967/3967/3967 3968/3968/3968
f 3971/3971/3971 3970/3970/3970 3969/3969/3969
f 3970/3970/3970 3971/3971/3971 3972/3972/3972
f 3975/3975/3975 3974/3974/3974 3973/3973/3973
f 3974/3974/3974 3975/3975/3975 3976/3976/3976
f 3979/3979/3979 3978/3978/3978 3977/3977/3977
f 3978/3978/3978 3979/3979/3979 3980/3980/3980
f 3983/3983/3983 3982/3982/3982 3981/3981/3981
f 3982/3982/3982 3983/3983/3983 3984/3984/3984
f 3987/3987/3987 3986/3986/3986 3985/3985/3985
f 3986/3986/3986 3987/3987/3987 3988/3988/3988
o mesh_50
usemtl mat17
v 4 1.5999999999999766 -192
v 4 1.5999999999999777 -184
v 3.2 -2.3513218543629183e-14 -192
v 3.2 -2.25335011043113e-14 -184
v 8.8 -2.25335011043113e-14 -184
v 8 2.3999999999999777 -184
v 13.600000000000001 -2.25335011043113e-14 -184
v 14.4 2.3999999999999777 -184
v 8.8 -2.4492935982947064e-14 -200
v 8 2.399999999999976 -200
v 3.2 -2.4492935982947064e-14 -200
v 4 1.5999999999999757 -200
v 18.400000000000002 1.5999999999999757 -200
v 14.4 2.399999999999976 -200
v 19.200000000000003 -2.4492935982947064e-14 -200
v 13.600000000000001 -2.4492935982947064e-14 -200
v 14.4 2.3999999999999777 -184
v 8 2.3999999999999777 -184
v 14.4 2.3999999999999773 -187.20000000000002
v 8 2.3999999999999773 -187.20000000000002
v 19.200000000000003 -2.3513218543629183e-14 -192
v 19.200000000000003 -2.25335011043113e-14 -184
v 18.400000000000002 1.5999999999999766 -192
v 18.400000000000002 1.5999999999999777 -184
v 18.400000000000002 1.5999999999999757 -200
v 18.400000000000002 1.5999999999999766 -192
v 14.4 2.399999999999976 -200
v 14.4 2.3999999999999764 -196.8
v 13.600000000000001 -1.9398405298494075e-14 -158.4
v 8.8 -1.9398405298494075e-14 -158.4
v 14.4 2.399999999999981 -158.4
v 8 2.399999999999981 -158.4
v 14.4 2.399999999999981 -158.4
v 8 2.399999999999981 -158.4
v 14.4 2.3999999999999804 -161.60000000000002
v 8 2.3999999999999804 -161.60000000000002
v 8 2.3999999999999777 -184
v 8.8 -2.25335011043113e-14 -184
v 4 1.5999999999999777 -184
v 3.2 -2.25335011043113e-14 -184
v 13.600000000000001 -2.25335011043113e-14 -184
v 14.4 2.3999999999999777 -184
v 19.200000000000003 -2.25335011043113e-14 -184
v 18.400000000000002 1.5999999999999777 -184
v 8 2.3999999999999773 -187.20000000000002
v 8 2.3999999999999777 -184
v 4 1.5999999999999766 -192
v 4 1.5999999999999777 -184
v 18.400000000000002 1.5999999999999766 -192
v 18.400000000000002 1.5999999999999757 -200
v 19.200000000000003 -2.3513218543629183e-14 -192
v 19.200000000000003 -2.4492935982947064e-14 -200
v 18.400000000000002 1.5999999999999777 -184
v 14.4 2.3999999999999777 -184
v 18.400000000000002 1.5999999999999766 -192
v 14.4 2.3999999999999773 -187.20000000000002
v 4 1.5999999999999757 -200
v 8 2.399999999999976 -200
v 4 1.5999999999999766 -192
v 8 2.3999999999999764 -196.8
v 3.2 -2.3513218543629183e-14 -192
v 3.2 -2.4492935982947064e-14 -200
v 4 1.5999999999999766 -192
v 4 1.5999999999999757 -200
v 4 1.5999999999999797 -166.4
v 4 1.5999999999999808 -158.4
v 3.2 -2.037812273781196e-14 -166.4
v 3.2 -1.9398405298494075e-14 -158.4
v 8.8 -1.8222744371312617e-14 -148.8
v 13.600000000000001 -1.8222744371312617e-14 -148.8
v 8 2.399999999999982 -148.8
v 14.4 2.399999999999982 -148.8
v 8.8 -2.135784017712984e-14 -174.4
v 8 2.399999999999979 -174.4
v 3.2 -2.135784017712984e-14 -174.4
v 4 1.5999999999999788 -174.4
v 18.400000000000002 1.5999999999999788 -174.4
v 14.4 2.399999999999979 -174.4
v 19.200000000000003 -2.135784017712984e-14 -174.4
v 13.600000000000001 -2.135784017712984e-14 -174.4
v 14.4 2.399999999999982 -148.8
v 14.4 2.3999999999999826 -145.6
v 8 2.399999999999982 -148.8
v 8 2.3999999999999826 -145.6
v 19.200000000000003 -2.037812273781196e-14 -166.4
v 19.200000000000003 -1.9398405298494075e-14 -158.4
v 18.400000000000002 1.5999999999999797 -166.4
v 18.400000000000002 1.5999999999999808 -158.4
v 18.400000000000002 1.5999999999999788 -174.4
v 18.400000000000002 1.5999999999999797 -166.4
v 14.4 2.399999999999979 -174.4
v 14.4 2.3999999999999795 -171.20000000000002
v 8.8 -2.135784017712984e-14 -174.4
v 13.600000000000001 -2.135784017712984e-14 -174.4
v 8 2.399999999999979 -174.4
v 14.4 2.399999999999979 -174.4
v 14.4 2.399999999999979 -174.4
v 14.4 2.3999999999999795 -171.20000000000002
v 8 2.399999999999979 -174.4
v 8 2.3999999999999795 -171.20000000000002
v 8 2.399999999999981 -158.4
v 8.8 -1.9398405298494075e-14 -158.4
v 4 1.5999999999999808 -158.4
v 3.2 -1.9398405298494075e-14 -158.4
v 13.600000000000001 -1.9398405298494075e-14 -158.4
v 14.4 2.399999999999981 -158.4
v 19.200000000000003 -1.9398405298494075e-14 -158.4
v 18.400000000000002 1.5999999999999808 -158.4
v 8 2.3999999999999804 -161.60000000000002
v 8 2.399999999999981 -158.4
v 4 1.5999999999999797 -166.4
v 4 1.5999999999999808 -158.4
v 18.400000000000002 1.5999999999999797 -166.4
v 18.400000000000002 1.5999999999999788 -174.4
v 19.200000000000003 -2.037812273781196e-14 -166.4
v 19.200000000000003 -2.135784017712984e-14 -174.4
v 18.400000000000002 1.5999999999999808 -158.4
v 14.4 2.399999999999981 -158.4
v 18.400000000000002 1.5999999999999797 -166.4
v 14.4 2.3999999999999804 -161.60000000000002
v 4 1.5999999999999788 -174.4
v 8 2.399999999999979 -174.4
v 4 1.5999999999999797 -166.4
v 8 2.3999999999999795 -171.20000000000002
v 4 1.5999999999999828 -140.8
v 4 1.5999999999999839 -132.8
v 3.2 -1.7243026931994733e-14 -140.8
v 3.2 -1.6263309492676852e-14 -132.8
v 13.600000000000001 -1.6263309492676852e-14 -132.8
v 8.8 -1.6263309492676852e-14 -132.8
v 14.4 2.399999999999984 -132.8
v 8 2.399999999999984 -132.8
v 8.8 -1.8222744371312617e-14 -148.8
v 8 2.399999999999982 -148.8
v 3.2 -1.8222744371312617e-14 -148.8
v 4 1.5999999999999819 -148.8
v 18.400000000000002 1.5999999999999819 -148.8
v 14.4 2.399999999999982 -148.8
v 19.200000000000003 -1.8222744371312617e-14 -148.8
v 13.600000000000001 -1.8222744371312617e-14 -148.8
v 8 2.399999999999984 -132.8
v 8 2.3999999999999835 -136
v 14.4 2.399999999999984 -132.8
v 14.4 2.3999999999999835 -136
v 19.200000000000003 -1.7243026931994733e-14 -140.8
v 19.200000000000003 -1.6263309492676852e-14 -132.8
v 18.400000000000002 1.5999999999999828 -140.8
v 18.400000000000002 1.5999999999999839 -132.8
v 18.400000000000002 1.5999999999999819 -148.8
v 18.400000000000002 1.5999999999999828 -140.8
v 14.4 2.399999999999982 -148.8
v 14.4 2.3999999999999826 -145.6
v 8 2.399999999999984 -132.8
v 8.8 -1.6263309492676852e-14 -132.8
v 4 1.5999999999999839 -132.8
v 3.2 -1.6263309492676852e-14 -132.8
v 13.600000000000001 -1.6263309492676852e-14 -132.8
v 14.4 2.399999999999984 -132.8
v 19.200000000000003 -1.6263309492676852e-14 -132.8
v 18.400000000000002 1.5999999999999839 -132.8
v 8 2.3999999999999835 -136
v 8 2.399999999999984 -132.8
v 4 1.5999999999999828 -140.8
v 4 1.5999999999999839 -132.8
v 4 1.5999999999999819 -148.8
v 8 2.399999999999982 -148.8
v 4 1.5999999999999828 -140.8
v 8 2.3999999999999826 -145.6
v 18.400000000000002 1.5999999999999839 -132.8
v 14.4 2.399999999999984 -132.8
v 18.400000000000002 1.5999999999999828 -140.8
v 14.4 2.3999999999999835 -136
v 3.2 -2.037812273781196e-14 -166.4
v 3.2 -2.135784017712984e-14 -174.4
v 4 1.5999999999999797 -166.4
v 4 1.5999999999999788 -174.4
v 3.2 -1.7243026931994733e-14 -140.8
v 3.2 -1.8222744371312617e-14 -148.8
v 4 1.5999999999999828 -140.8
v 4 1.5999999999999819 -148.8
v 18.400000000000002 1.5999999999999828 -140.8
v 18.400000000000002 1.5999999999999819 -148.8
v 19.200000000000003 -1.7243026931994733e-14 -140.8
v 19.200000000000003 -1.8222744371312617e-14 -148.8
v 8.8 -2.4492935982947064e-14 -200
v 13.600000000000001 -2.4492935982947064e-14 -200
v 8 2.399999999999976 -200
v 14.4 2.399999999999976 -200
v 14.4 2.399999999999976 -200
v 14.4 2.3999999999999764 -196.8
v 8 2.399999999999976 -200
v 8 2.3999999999999764 -196.8
vt 0.390625 0.5859375
vt 0.390625 0.6796875
vt 0.375 0.5859375
vt 0.375 0.6796875
vt 0.3828125 0.6796875
vt 0.375 0.6796875
vt 0.421875 0.6796875
vt 0.4296875 0.6796875
vt 0.4296875 0.5
vt 0.4296875 0.5
vt 0.375 0.5
vt 0.390625 0.5
vt 0.4765625 0.5
vt 0.4296875 0.5
vt 0.4921875 0.5
vt 0.421875 0.5
vt 0.4296875 0.6796875
vt 0.375 0.6796875
vt 0.4296875 0.640625
vt 0.375 0.640625
vt 0.4921875 0.5859375
vt 0.4921875 0.6796875
vt 0.4765625 0.5859375
vt 0.4765625 0.6796875
vt 0.4765625 0.5
vt 0.4765625 0.5859375
vt 0.4296875 0.5
vt 0.4296875 0.5234375
vt 0.4140625 0.6796875
vt 0.3828125 0.6796875
vt 0.421875 0.6796875
vt 0.375 0.6796875
vt 0.421875 0.6796875
vt 0.375 0.6796875
vt 0.421875 0.640625
vt 0.375 0.640625
vt 0.4296875 0.6796875
vt 0.4296875 0.6796875
vt 0.390625 0.6796875
vt 0.375 0.6796875
vt 0.421875 0.6796875
vt 0.4296875 0.6796875
vt 0.4921875 0.6796875
vt 0.4765625 0.6796875
vt 0.4296875 0.640625
vt 0.4296875 0.6796875
vt 0.390625 0.5859375
vt 0.390625 0.6796875
vt 0.4765625 0.5859375
vt 0.4765625 0.5
vt 0.4921875 0.5859375
vt 0.4921875 0.5
vt 0.4765625 0.6796875
vt 0.4296875 0.6796875
vt 0.4765625 0.5859375
vt 0.4296875 0.640625
vt 0.390625 0.5
vt 0.4296875 0.5
vt 0.390625 0.5859375
vt 0.4296875 0.5234375
vt 0.375 0.5859375
vt 0.375 0.5
vt 0.390625 0.5859375
vt 0.390625 0.5
vt 0.390625 0.5859375
vt 0.390625 0.6796875
vt 0.375 0.5859375
vt 0.375 0.6796875
vt 0.3828125 0.5
vt 0.4140625 0.5
vt 0.375 0.5
vt 0.421875 0.5
vt 0.4296875 0.5
vt 0.4296875 0.5
vt 0.375 0.5
vt 0.390625 0.5
vt 0.4765625 0.5
vt 0.421875 0.5
vt 0.4921875 0.5
vt 0.4140625 0.5
vt 0.421875 0.5
vt 0.421875 0.5234375
vt 0.375 0.5
vt 0.375 0.5234375
vt 0.4921875 0.5859375
vt 0.4921875 0.6796875
vt 0.4765625 0.5859375
vt 0.4765625 0.6796875
vt 0.4765625 0.5
vt 0.4765625 0.5859375
vt 0.421875 0.5
vt 0.421875 0.5234375
vt 0.3828125 0.5
vt 0.4140625 0.5
vt 0.375 0.5
vt 0.421875 0.5
vt 0.421875 0.5
vt 0.421875 0.5234375
vt 0.375 0.5
vt 0.375 0.5234375
vt 0.4296875 0.6796875
vt 0.4296875 0.6796875
vt 0.390625 0.6796875
vt 0.375 0.6796875
vt 0.4140625 0.6796875
vt 0.421875 0.6796875
vt 0.4921875 0.6796875
vt 0.4765625 0.6796875
vt 0.4296875 0.640625
vt 0.4296875 0.6796875
vt 0.390625 0.5859375
vt 0.390625 0.6796875
vt 0.4765625 0.5859375
vt 0.4765625 0.5
vt 0.4921875 0.5859375
vt 0.4921875 0.5
vt 0.4765625 0.6796875
vt 0.421875 0.6796875
vt 0.4765625 0.5859375
vt 0.421875 0.640625
vt 0.390625 0.5
vt 0.4296875 0.5
vt 0.390625 0.5859375
vt 0.4296875 0.5234375
vt 0.390625 0.5859375
vt 0.390625 0.6796875
vt 0.375 0.5859375
vt 0.375 0.6796875
vt 0.4140625 0.6796875
vt 0.3828125 0.6796875
vt 0.421875 0.6796875
vt 0.375 0.6796875
vt 0.4296875 0.5
vt 0.4296875 0.5
vt 0.375 0.5
vt 0.390625 0.5
vt 0.4765625 0.5
vt 0.421875 0.5
vt 0.4921875 0.5
vt 0.4140625 0.5
vt 0.375 0.6796875
vt 0.375 0.640625
vt 0.421875 0.6796875
vt 0.421875 0.640625
vt 0.4921875 0.5859375
vt 0.4921875 0.6796875
vt 0.4765625 0.5859375
vt 0.4765625 0.6796875
vt 0.4765625 0.5
vt 0.4765625 0.5859375
vt 0.421875 0.5
vt 0.421875 0.5234375
vt 0.4296875 0.6796875
vt 0.4296875 0.6796875
vt 0.390625 0.6796875
vt 0.375 0.6796875
vt 0.4140625 0.6796875
vt 0.421875 0.6796875
vt 0.4921875 0.6796875
vt 0.4765625 0.6796875
vt 0.4296875 0.640625
vt 0.4296875 0.6796875
vt 0.390625 0.5859375
vt 0.390625 0.6796875
vt 0.390625 0.5
vt 0.4296875 0.5
vt 0.390625 0.5859375
vt 0.4296875 0.5234375
vt 0.4765625 0.6796875
vt 0.421875 0.6796875
vt 0.4765625 0.5859375
vt 0.421875 0.640625
vt 0.375 0.5859375
vt 0.375 0.5
vt 0.390625 0.5859375
vt 0.390625 0.5
vt 0.375 0.5859375
vt 0.375 0.5
vt 0.390625 0.5859375
vt 0.390625 0.5
vt 0.4765625 0.5859375
vt 0.4765625 0.5
vt 0.4921875 0.5859375
vt 0.4921875 0.5
vt 0.3828125 0.5
vt 0.421875 0.5
vt 0.375 0.5
vt 0.4296875 0.5
vt 0.4296875 0.5
vt 0.4296875 0.5234375
vt 0.375 0.5
vt 0.375 0.5234375
vn -0.8944271909999157 0.44721359549995787 -5.476786982642025e-17
vn -0.8944271909999157 0.44721359549995787 -5.476786982642025e-17
vn -0.8944271909999157 0.44721359549995787 -5.476786982642025e-17
vn -0.8944271909999157 0.44721359549995787 -5.476786982642025e-17
vn 0 1.2246467991473532e-16 1
vn 0 1.2246467991473532e-16 1
vn 0 1.2246467991473532e-16 1
vn 0 1.2246467991473532e-16 1
vn 0 -1.2246467991473532e-16 -1
vn 0 -1.2246467991473532e-16 -1
vn 0 -1.2246467991473532e-16 -1
vn 0 -1.2246467991473532e-16 -1
vn 0 -1.2246467991473532e-16 -1
vn 0 -1.2246467991473532e-16 -1
vn 0 -1.2246467991473532e-16 -1
vn 0 -1.2246467991473532e-16 -1
vn 0 1 -1.2246467991473532e-16
vn 0 1 -1.2246467991473532e-16
vn 0 1 -1.2246467991473532e-16
vn 0 1 -1.2246467991473532e-16
vn 0.8944271909999157 0.44721359549995787 -5.476786982642025e-17
vn 0.8944271909999157 0.44721359549995787 -5.476786982642025e-17
vn 0.8944271909999157 0.44721359549995787 -5.476786982642025e-17
vn 0.8944271909999157 0.44721359549995787 -5.476786982642025e-17
vn 0.19611613227257615 0.9805806762640419 -1.2008649864925056e-16
vn 0.19611613227257615 0.9805806762640419 -1.2008649864925056e-16
vn 0.19611613227257615 0.9805806762640419 -1.2008649864925056e-16
vn 0.19611613227257615 0.9805806762640419 -1.2008649864925056e-16
vn 0 1.2246467991473532e-16 1
vn 0 1.2246467991473532e-16 1
vn 0 1.2246467991473532e-16 1
vn 0 1.2246467991473532e-16 1
vn 0 1 -1.2246467991473532e-16
vn 0 1 -1.2246467991473532e-16
vn 0 1 -1.2246467991473532e-16
vn 0 1 -1.2246467991473532e-16
vn 0 1.2246467991473532e-16 1
vn 0 1.2246467991473532e-16 1
vn 0 1.2246467991473532e-16 1
vn 0 1.2246467991473532e-16 1
vn 0 1.2246467991473532e-16 1
vn 0 1.2246467991473532e-16 1
vn 0 1.2246467991473532e-16 1
vn 0 1.2246467991473532e-16 1
vn -0.19611613227257615 0.9805806762640419 -1.2008649864925056e-16
vn -0.19611613227257615 0.9805806762640419 -1.2008649864925056e-16
vn -0.19611613227257615 0.9805806762640419 -1.2008649864925056e-16
vn -0.19611613227257615 0.9805806762640419 -1.2008649864925056e-16
vn 0.8944271909999157 0.44721359549995787 -5.476786982642025e-17
vn 0.8944271909999157 0.44721359549995787 -5.476786982642025e-17
vn 0.8944271909999157 0.44721359549995787 -5.476786982642025e-17
vn 0.8944271909999157 0.44721359549995787 -5.476786982642025e-17
vn 0.19611613227257615 0.9805806762640419 -1.2008649864925056e-16
vn 0.19611613227257615 0.9805806762640419 -1.2008649864925056e-16
vn 0.19611613227257615 0.9805806762640419 -1.2008649864925056e-16
vn 0.19611613227257615 0.9805806762640419 -1.2008649864925056e-16
vn -0.19611613227257615 0.9805806762640419 -1.2008649864925056e-16
vn -0.19611613227257615 0.9805806762640419 -1.2008649864925056e-16
vn -0.19611613227257615 0.9805806762640419 -1.2008649864925056e-16
vn -0.19611613227257615 0.9805806762640419 -1.2008649864925056e-16
vn -0.8944271909999157 0.44721359549995787 -5.476786982642025e-17
vn -0.8944271909999157 0.44721359549995787 -5.476786982642025e-17
vn -0.8944271909999157 0.44721359549995787 -5.476786982642025e-17
vn -0.8944271909999157 0.44721359549995787 -5.476786982642025e-17
vn -0.8944271909999157 0.44721359549995787 -5.476786982642025e-17
vn -0.8944271909999157 0.44721359549995787 -5.476786982642025e-17
vn -0.8944271909999157 0.44721359549995787 -5.476786982642025e-17
vn -0.8944271909999157 0.44721359549995787 -5.476786982642025e-17
vn 0 -1.2246467991473532e-16 -1
vn 0 -1.2246467991473532e-16 -1
vn 0 -1.2246467991473532e-16 -1
vn 0 -1.2246467991473532e-16 -1
vn 0 -1.2246467991473532e-16 -1
vn 0 -1.2246467991473532e-16 -1
vn 0 -1.2246467991473532e-16 -1
vn 0 -1.2246467991473532e-16 -1
vn 0 -1.2246467991473532e-16 -1
vn 0 -1.2246467991473532e-16 -1
vn 0 -1.2246467991473532e-16 -1
vn 0 -1.2246467991473532e-16 -1
vn 0 1 -1.2246467991473532e-16
vn 0 1 -1.2246467991473532e-16
vn 0 1 -1.2246467991473532e-16
vn 0 1 -1.2246467991473532e-16
vn 0.8944271909999157 0.44721359549995787 -5.476786982642025e-17
vn 0.8944271909999157 0.44721359549995787 -5.476786982642025e-17
vn 0.8944271909999157 0.44721359549995787 -5.476786982642025e-17
vn 0.8944271909999157 0.44721359549995787 -5.476786982642025e-17
vn 0.19611613227257615 0.9805806762640419 -1.2008649864925056e-16
vn 0.19611613227257615 0.9805806762640419 -1.2008649864925056e-16
vn 0.19611613227257615 0.9805806762640419 -1.2008649864925056e-16
vn 0.19611613227257615 0.9805806762640419 -1.2008649864925056e-16
vn 0 -1.2246467991473532e-16 -1
vn 0 -1.2246467991473532e-16 -1
vn 0 -1.2246467991473532e-16 -1
vn 0 -1.2246467991473532e-16 -1
vn 0 1 -1.2246467991473532e-16
vn 0 1 -1.2246467991473532e-16
vn 0 1 -1.2246467991473532e-16
vn 0 1 -1.2246467991473532e-16
vn 0 1.2246467991473532e-16 1
vn 0 1.2246467991473532e-16 1
vn 0 1.2246467991473532e-16 1
vn 0 1.2246467991473532e-16 1
vn 0 1.2246467991473532e-16 1
vn 0 1.2246467991473532e-16 1
vn 0 1.2246467991473532e-16 1
vn 0 1.2246467991473532e-16 1
vn -0.19611613227257615 0.9805806762640419 -1.2008649864925056e-16
vn -0.19611613227257615 0.9805806762640419 -1.2008649864925056e-16
vn -0.19611613227257615 0.9805806762640419 -1.2008649864925056e-16
vn -0.19611613227257615 0.9805806762640419 -1.2008649864925056e-16
vn 0.8944271909999157 0.44721359549995787 -5.476786982642025e-17
vn 0.8944271909999157 0.44721359549995787 -5.476786982642025e-17
vn 0.8944271909999157 0.44721359549995787 -5.476786982642025e-17
vn 0.8944271909999157 0.44721359549995787 -5.476786982642025e-17
vn 0.19611613227257615 0.9805806762640419 -1.2008649864925056e-16
vn 0.19611613227257615 0.9805806762640419 -1.2008649864925056e-16
vn 0.19611613227257615 0.9805806762640419 -1.2008649864925056e-16
vn 0.19611613227257615 0.9805806762640419 -1.2008649864925056e-16
vn -0.19611613227257615 0.9805806762640419 -1.2008649864925056e-16
vn -0.19611613227257615 0.9805806762640419 -1.2008649864925056e-16
vn -0.19611613227257615 0.9805806762640419 -1.2008649864925056e-16
vn -0.19611613227257615 0.9805806762640419 -1.2008649864925056e-16
vn -0.8944271909999157 0.44721359549995787 -5.476786982642025e-17
vn -0.8944271909999157 0.44721359549995787 -5.476786982642025e-17
vn -0.8944271909999157 0.44721359549995787 -5.476786982642025e-17
vn -0.8944271909999157 0.44721359549995787 -5.476786982642025e-17
vn 0 1.2246467991473532e-16 1
vn 0 1.2246467991473532e-16 1
vn 0 1.2246467991473532e-16 1
vn 0 1.2246467991473532e-16 1
vn 0 -1.2246467991473532e-16 -1
vn 0 -1.2246467991473532e-16 -1
vn 0 -1.2246467991473532e-16 -1
vn 0 -1.2246467991473532e-16 -1
vn 0 -1.2246467991473532e-16 -1
vn 0 -1.2246467991473532e-16 -1
vn 0 -1.2246467991473532e-16 -1
vn 0 -1.2246467991473532e-16 -1
vn 0 1 -1.2246467991473532e-16
vn 0 1 -1.2246467991473532e-16
vn 0 1 -1.2246467991473532e-16
vn 0 1 -1.2246467991473532e-16
vn 0.8944271909999157 0.44721359549995787 -5.476786982642025e-17
vn 0.8944271909999157 0.44721359549995787 -5.476786982642025e-17
vn 0.8944271909999157 0.44721359549995787 -5.476786982642025e-17
vn 0.8944271909999157 0.44721359549995787 -5.476786982642025e-17
vn 0.19611613227257615 0.9805806762640419 -1.2008649864925056e-16
vn 0.19611613227257615 0.9805806762640419 -1.2008649864925056e-16
vn 0.19611613227257615 0.9805806762640419 -1.2008649864925056e-16
vn 0.19611613227257615 0.9805806762640419 -1.2008649864925056e-16
vn 0 1.2246467991473532e-16 1
vn 0 1.2246467991473532e-16 1
vn 0 1.2246467991473532e-16 1
vn 0 1.2246467991473532e-16 1
vn 0 1.2246467991473532e-16 1
vn 0 1.2246467991473532e-16 1
vn 0 1.2246467991473532e-16 1
vn 0 1.2246467991473532e-16 1
vn -0.19611613227257615 0.9805806762640419 -1.2008649864925056e-16
vn -0.19611613227257615 0.9805806762640419 -1.2008649864925056e-16
vn -0.19611613227257615 0.9805806762640419 -1.2008649864925056e-16
vn -0.19611613227257615 0.9805806762640419 -1.2008649864925056e-16
vn -0.19611613227257615 0.9805806762640419 -1.2008649864925056e-16
vn -0.19611613227257615 0.9805806762640419 -1.2008649864925056e-16
vn -0.19611613227257615 0.9805806762640419 -1.2008649864925056e-16
vn -0.19611613227257615 0.9805806762640419 -1.2008649864925056e-16
vn 0.19611613227257615 0.9805806762640419 -1.2008649864925056e-16
vn 0.19611613227257615 0.9805806762640419 -1.2008649864925056e-16
vn 0.19611613227257615 0.9805806762640419 -1.2008649864925056e-16
vn 0.19611613227257615 0.9805806762640419 -1.2008649864925056e-16
vn -0.8944271909999157 0.44721359549995787 -5.476786982642025e-17
vn -0.8944271909999157 0.44721359549995787 -5.476786982642025e-17
vn -0.8944271909999157 0.44721359549995787 -5.476786982642025e-17
vn -0.8944271909999157 0.44721359549995787 -5.476786982642025e-17
vn -0.8944271909999157 0.44721359549995787 -5.476786982642025e-17
vn -0.8944271909999157 0.44721359549995787 -5.476786982642025e-17
vn -0.8944271909999157 0.44721359549995787 -5.476786982642025e-17
vn -0.8944271909999157 0.44721359549995787 -5.476786982642025e-17
vn 0.8944271909999157 0.44721359549995787 -5.476786982642025e-17
vn 0.8944271909999157 0.44721359549995787 -5.476786982642025e-17
vn 0.8944271909999157 0.44721359549995787 -5.476786982642025e-17
vn 0.8944271909999157 0.44721359549995787 -5.476786982642025e-17
vn 0 -1.2246467991473532e-16 -1
vn 0 -1.2246467991473532e-16 -1
vn 0 -1.2246467991473532e-16 -1
vn 0 -1.2246467991473532e-16 -1
vn 0 1 -1.2246467991473532e-16
vn 0 1 -1.2246467991473532e-16
vn 0 1 -1.2246467991473532e-16
vn 0 1 -1.2246467991473532e-16
f 3991/3991/3991 3990/3990/3990 3989/3989/3989
f 3990/3990/3990 3991/3991/3991 3992/3992/3992
f 3995/3995/3995 3994/3994/3994 3993/3993/3993
f 3994/3994/3994 3995/3995/3995 3996/3996/3996
f 3999/3999/3999 3998/3998/3998 3997/3997/3997
f 3998/3998/3998 3999/3999/3999 4000/4000/4000
f 4003/4003/4003 4002/4002/4002 4001/4001/4001
f 4002/4002/4002 4003/4003/4003 4004/4004/4004
f 4007/4007/4007 4006/4006/4006 4005/4005/4005
f 4006/4006/4006 4007/4007/4007 4008/4008/4008
f 4011/4011/4011 4010/4010/4010 4009/4009/4009
f 4010/4010/4010 4011/4011/4011 4012/4012/4012
f 4015/4015/4015 4014/4014/4014 4013/4013/4013
f 4014/4014/4014 4015/4015/4015 4016/4016/4016
f 4019/4019/4019 4018/4018/4018 4017/4017/4017
f 4018/4018/4018 4019/4019/4019 4020/4020/4020
f 4023/4023/4023 4022/4022/4022 4021/4021/4021
f 4022/4022/4022 4023/4023/4023 4024/4024/4024
f 4027/4027/4027 4026/4026/4026 4025/4025/4025
f 4026/4026/4026 4027/4027/4027 4028/4028/4028
f 4031/4031/4031 4030/4030/4030 4029/4029/4029
f 4030/4030/4030 4031/4031/4031 4032/4032/4032
f 4035/4035/4035 4034/4034/4034 4033/4033/4033
f 4034/4034/4034 4035/4035/4035 4036/4036/4036
f 4039/4039/4039 4038/4038/4038 4037/4037/4037
f 4038/4038/4038 4039/4039/4039 4040/4040/4040
f 4043/4043/4043 4042/4042/4042 4041/4041/4041
f 4042/4042/4042 4043/4043/4043 4044/4044/4044
f 4047/4047/4047 4046/4046/4046 4045/4045/4045
f 4046/4046/4046 4047/4047/4047 4048/4048/4048
f 4051/4051/4051 4050/4050/4050 4049/4049/4049
f 4050/4050/4050 4051/4051/4051 4052/4052/4052
f 4055/4055/4055 4054/4054/4054 4053/4053/4053
f 4054/4054/4054 4055/4055/4055 4056/4056/4056
f 4059/4059/4059 4058/4058/4058 4057/4057/4057
f 4058/4058/4058 4059/4059/4059 4060/4060/4060
f 4063/4063/4063 4062/4062/4062 4061/4061/4061
f 4062/4062/4062 4063/4063/4063 4064/4064/4064
f 4067/4067/4067 4066/4066/4066 4065/4065/4065
f 4066/4066/4066 4067/4067/4067 4068/4068/4068
f 4071/4071/4071 4070/4070/4070 4069/4069/4069
f 4070/4070/4070 4071/4071/4071 4072/4072/4072
f 4075/4075/4075 4074/4074/4074 4073/4073/4073
f 4074/4074/4074 4075/4075/4075 4076/4076/4076
f 4079/4079/4079 4078/4078/4078 4077/4077/4077
f 4078/4078/4078 4079/4079/4079 4080/4080/4080
f 4083/4083/4083 4082/4082/4082 4081/4081/4081
f 4082/4082/4082 4083/4083/4083 4084/4084/4084
f 4087/4087/4087 4086/4086/4086 4085/4085/4085
f 4086/4086/4086 4087/4087/4087 4088/4088/4088
f 4091/4091/4091 4090/4090/4090 4089/4089/4089
f 4090/4090/4090 4091/4091/4091 4092/4092/4092
f 4095/4095/4095 4094/4094/4094 4093/4093/4093
f 4094/4094/4094 4095/4095/4095 4096/4096/4096
f 4099/4099/4099 4098/4098/4098 4097/4097/4097
f 4098/4098/4098 4099/4099/4099 4100/4100/4100
f 4103/4103/4103 4102/4102/4102 4101/4101/4101
f 4102/4102/4102 4103/4103/4103 4104/4104/4104
f 4107/4107/4107 4106/4106/4106 4105/4105/4105
f 4106/4106/4106 4107/4107/4107 4108/4108/4108
f 4111/4111/4111 4110/4110/4110 4109/4109/4109
f 4110/4110/4110 4111/4111/4111 4112/4112/4112
f 4115/4115/4115 4114/4114/4114 4113/4113/4113
f 4114/4114/4114 4115/4115/4115 4116/4116/4116
f 4119/4119/4119 4118/4118/4118 4117/4117/4117
f 4118/4118/4118 4119/4119/4119 4120/4120/4120
f 4123/4123/4123 4122/4122/4122 4121/4121/4121
f 4122/4122/4122 4123/4123/4123 4124/4124/4124
f 4127/4127/4127 4126/4126/4126 4125/4125/4125
f 4126/4126/4126 4127/4127/4127 4128/4128/4128
f 4131/4131/4131 4130/4130/4130 4129/4129/4129
f 4130/4130/4130 4131/4131/4131 4132/4132/4132
f 4135/4135/4135 4134/4134/4134 4133/4133/4133
f 4134/4134/4134 4135/4135/4135 4136/4136/4136
f 4139/4139/4139 4138/4138/4138 4137/4137/4137
f 4138/4138/4138 4139/4139/4139 4140/4140/4140
f 4143/4143/4143 4142/4142/4142 4141/4141/4141
f 4142/4142/4142 4143/4143/4143 4144/4144/4144
f 4147/4147/4147 4146/4146/4146 4145/4145/4145
f 4146/4146/4146 4147/4147/4147 4148/4148/4148
f 4151/4151/4151 4150/4150/4150 4149/4149/4149
f 4150/4150/4150 4151/4151/4151 4152/4152/4152
f 4155/4155/4155 4154/4154/4154 4153/4153/4153
f 4154/4154/4154 4155/4155/4155 4156/4156/4156
f 4159/4159/4159 4158/4158/4158 4157/4157/4157
f 4158/4158/4158 4159/4159/4159 4160/4160/4160
f 4163/4163/4163 4162/4162/4162 4161/4161/4161
f 4162/4162/4162 4163/4163/4163 4164/4164/4164
f 4167/4167/4167 4166/4166/4166 4165/4165/4165
f 4166/4166/4166 4167/4167/4167 4168/4168/4168
f 4171/4171/4171 4170/4170/4170 4169/4169/4169
f 4170/4170/4170 4171/4171/4171 4172/4172/4172
f 4175/4175/4175 4174/4174/4174 4173/4173/4173
f 4174/4174/4174 4175/4175/4175 4176/4176/4176
f 4179/4179/4179 4178/4178/4178 4177/4177/4177
f 4178/4178/4178 4179/4179/4179 4180/4180/4180
o mesh_51
usemtl mat12
v 67.2 24.799999999999986 -102.4
v 67.2 28.799999999999986 -110.4
v 67.2 43.999999999999986 -102.4
v 67.2 39.999999999999986 -110.4
v 67.2 43.999999999999986 -102.4
v 67.2 39.999999999999986 -94.4
v 67.2 24.799999999999986 -102.4
v 67.2 28.79999999999999 -94.4
v 67.2 43.99999999999999 -76.80000000000001
v 67.2 39.99999999999999 -68.8
v 67.2 24.79999999999999 -76.80000000000001
v 67.2 28.799999999999994 -68.8
v 67.2 24.79999999999999 -76.80000000000001
v 67.2 28.79999999999999 -84.80000000000001
v 67.2 43.99999999999999 -76.80000000000001
v 67.2 39.99999999999999 -84.80000000000001
v 67.2 24.799999999999994 -51.2
v 67.2 28.799999999999994 -59.2
v 67.2 43.99999999999999 -51.20000000000001
v 67.2 39.99999999999999 -59.20000000000001
v 67.2 43.99999999999999 -51.20000000000001
v 67.2 39.99999999999999 -43.20000000000001
v 67.2 24.799999999999994 -51.2
v 67.2 28.799999999999997 -43.2
vt 0.375 0.9921875
vt 0.25 0.9453125
vt 0.375 0.75
vt 0.25 0.796875
vt 0.375 0.75
vt 0.4921875 0.796875
vt 0.375 0.9921875
vt 0.4921875 0.9453125
vt 0.375 0.75
vt 0.4921875 0.796875
vt 0.375 0.9921875
vt 0.4921875 0.9453125
vt 0.375 0.9921875
vt 0.25 0.9453125
vt 0.375 0.75
vt 0.25 0.796875
vt 0.375 0.9921875
vt 0.25 0.9453125
vt 0.375 0.75
vt 0.25 0.796875
vt 0.375 0.75
vt 0.4921875 0.796875
vt 0.375 0.9921875
vt 0.4921875 0.9453125
vn -1 0 0
vn -1 0 0
vn -1 0 0
vn -1 0 0
vn -1 0 0
vn -1 0 0
vn -1 0 0
vn -1 0 0
vn -1 0 0
vn -1 0 0
vn -1 0 0
vn -1 0 0
vn -1 0 0
vn -1 0 0
vn -1 0 0
vn -1 0 0
vn -1 0 0
vn -1 0 0
vn -1 0 0
vn -1 0 0
vn -1 0 0
vn -1 0 0
vn -1 0 0
vn -1 0 0
f 4183/4183/4183 4182/4182/4182 4181/4181/4181
f 4182/4182/4182 4183/4183/4183 4184/4184/4184
f 4187/4187/4187 4186/4186/4186 4185/4185/4185
f 4186/4186/4186 4187/4187/4187 4188/4188/4188
f 4191/4191/4191 4190/4190/4190 4189/4189/4189
f 4190/4190/4190 4191/4191/4191 4192/4192/4192
f 4195/4195/4195 4194/4194/4194 4193/4193/4193
f 4194/4194/4194 4195/4195/4195 4196/4196/4196
f 4199/4199/4199 4198/4198/4198 4197/4197/4197
f 4198/4198/4198 4199/4199/4199 4200/4200/4200
f 4203/4203/4203 4202/4202/4202 4201/4201/4201
f 4202/4202/4202 4203/4203/4203 4204/4204/4204
o mesh_52
usemtl mat12
v 22.400000000000002 43.99999999999998 -179.20000000000002
v 22.400000000000002 39.99999999999998 -187.20000000000002
v 22.400000000000002 24.79999999999998 -179.20000000000002
v 22.400000000000002 28.79999999999998 -187.20000000000002
v 22.400000000000002 24.79999999999998 -179.20000000000002
v 22.400000000000002 28.79999999999998 -171.20000000000002
v 22.400000000000002 43.99999999999998 -179.20000000000002
v 22.400000000000002 39.99999999999998 -171.20000000000002
v 22.400000000000002 24.799999999999983 -153.60000000000002
v 22.400000000000002 28.799999999999983 -145.6
v 22.400000000000002 43.99999999999998 -153.60000000000002
v 22.400000000000002 39.99999999999998 -145.6
v 22.400000000000002 43.99999999999998 -153.60000000000002
v 22.400000000000002 39.99999999999998 -161.60000000000002
v 22.400000000000002 24.799999999999983 -153.60000000000002
v 22.400000000000002 28.79999999999998 -161.60000000000002
vt 0.375 0.75
vt 0.4921875 0.796875
vt 0.375 0.9921875
vt 0.4921875 0.9453125
vt 0.375 0.9921875
vt 0.25 0.9453125
vt 0.375 0.75
vt 0.25 0.796875
vt 0.375 0.9921875
vt 0.25 0.9453125
vt 0.375 0.75
vt 0.25 0.796875
vt 0.375 0.75
vt 0.4921875 0.796875
vt 0.375 0.9921875
vt 0.4921875 0.9453125
vn 1 0 0
vn 1 0 0
vn 1 0 0
vn 1 0 0
vn 1 0 0
vn 1 0 0
vn 1 0 0
vn 1 0 0
vn 1 0 0
vn 1 0 0
vn 1 0 0
vn 1 0 0
vn 1 0 0
vn 1 0 0
vn 1 0 0
vn 1 0 0
f 4207/4207/4207 4206/4206/4206 4205/4205/4205
f 4206/4206/4206 4207/4207/4207 4208/4208/4208
f 4211/4211/4211 4210/4210/4210 4209/4209/4209
f 4210/4210/4210 4211/4211/4211 4212/4212/4212
f 4215/4215/4215 4214/4214/4214 4213/4213/4213
f 4214/4214/4214 4215/4215/4215 4216/4216/4216
f 4219/4219/4219 4218/4218/4218 4217/4217/4217
f 4218/4218/4218 4219/4219/4219 4220/4220/4220
o mesh_53
usemtl mat12
v 22.400000000000002 3.1999999999999766 -192
v 22.400000000000002 7.199999999999978 -184
v 22.400000000000002 22.399999999999977 -192
v 22.400000000000002 18.39999999999998 -184
v 22.400000000000002 18.399999999999977 -200
v 22.400000000000002 7.199999999999975 -200
v 22.400000000000002 22.399999999999977 -192
v 22.400000000000002 3.1999999999999766 -192
v 22.400000000000002 22.39999999999998 -166.4
v 22.400000000000002 18.39999999999998 -174.4
v 22.400000000000002 3.1999999999999797 -166.4
v 22.400000000000002 7.199999999999979 -174.4
v 22.400000000000002 3.199999999999983 -140.8
v 22.400000000000002 7.199999999999984 -132.8
v 22.400000000000002 22.399999999999984 -140.8
v 22.400000000000002 18.399999999999984 -132.8
v 22.400000000000002 22.399999999999984 -140.8
v 22.400000000000002 18.399999999999984 -148.8
v 22.400000000000002 3.199999999999983 -140.8
v 22.400000000000002 7.1999999999999815 -148.8
v 22.400000000000002 3.1999999999999797 -166.4
v 22.400000000000002 7.199999999999981 -158.4
v 22.400000000000002 22.39999999999998 -166.4
v 22.400000000000002 18.399999999999984 -158.4
v 67.2 3.199999999999986 -115.2
v 67.2 7.199999999999985 -123.2
v 67.2 22.399999999999988 -115.2
v 67.2 18.399999999999988 -123.2
v 67.2 22.399999999999988 -115.2
v 67.2 18.399999999999988 -107.2
v 67.2 3.199999999999986 -115.2
v 67.2 7.199999999999987 -107.2
v 67.2 22.39999999999999 -89.60000000000001
v 67.2 18.39999999999999 -81.60000000000001
v 67.2 3.199999999999989 -89.60000000000001
v 67.2 7.19999999999999 -81.60000000000001
v 67.2 3.199999999999989 -89.60000000000001
v 67.2 7.199999999999989 -97.60000000000001
v 67.2 22.39999999999999 -89.60000000000001
v 67.2 18.39999999999999 -97.60000000000001
v 67.2 3.1999999999999953 -38.400000000000006
v 67.2 7.199999999999995 -46.400000000000006
v 67.2 22.4 -38.400000000000006
v 67.2 18.399999999999995 -46.400000000000006
v 67.2 3.199999999999992 -64
v 67.2 7.199999999999991 -72
v 67.2 22.399999999999995 -64
v 67.2 18.399999999999995 -72
v 67.2 22.4 -38.400000000000006
v 67.2 18.4 -30.400000000000006
v 67.2 3.1999999999999953 -38.400000000000006
v 67.2 7.199999999999997 -30.400000000000002
v 67.2 22.399999999999995 -64
v 67.2 18.399999999999995 -56
v 67.2 3.199999999999992 -64
v 67.2 7.199999999999993 -56
vt 0.375 0.9921875
vt 0.25 0.9453125
vt 0.375 0.75
vt 0.25 0.796875
vt 0.4921875 0.796875
vt 0.4921875 0.9453125
vt 0.375 0.75
vt 0.375 0.9921875
vt 0.375 0.75
vt 0.4921875 0.796875
vt 0.375 0.9921875
vt 0.4921875 0.9453125
vt 0.375 0.9921875
vt 0.25 0.9453125
vt 0.375 0.75
vt 0.25 0.796875
vt 0.375 0.75
vt 0.4921875 0.796875
vt 0.375 0.9921875
vt 0.4921875 0.9453125
vt 0.375 0.9921875
vt 0.25 0.9453125
vt 0.375 0.75
vt 0.25 0.796875
vt 0.375 0.9921875
vt 0.25 0.9453125
vt 0.375 0.75
vt 0.25 0.796875
vt 0.375 0.75
vt 0.4921875 0.796875
vt 0.375 0.9921875
vt 0.4921875 0.9453125
vt 0.375 0.75
vt 0.4921875 0.796875
vt 0.375 0.9921875
vt 0.4921875 0.9453125
vt 0.375 0.9921875
vt 0.25 0.9453125
vt 0.375 0.75
vt 0.25 0.796875
vt 0.375 0.9921875
vt 0.25 0.9453125
vt 0.375 0.75
vt 0.25 0.796875
vt 0.375 0.9921875
vt 0.25 0.9453125
vt 0.375 0.75
vt 0.25 0.796875
vt 0.375 0.75
vt 0.4921875 0.796875
vt 0.375 0.9921875
vt 0.4921875 0.9453125
vt 0.375 0.75
vt 0.4921875 0.796875
vt 0.375 0.9921875
vt 0.4921875 0.9453125
vn 1 0 0
vn 1 0 0
vn 1 0 0
vn 1 0 0
vn 1 0 0
vn 1 0 0
vn 1 0 0
vn 1 0 0
vn 1 0 0
vn 1 0 0
vn 1 0 0
vn 1 0 0
vn 1 0 0
vn 1 0 0
vn 1 0 0
vn 1 0 0
vn 1 0 0
vn 1 0 0
vn 1 0 0
vn 1 0 0
vn 1 0 0
vn 1 0 0
vn 1 0 0
vn 1 0 0
vn -1 0 0
vn -1 0 0
vn -1 0 0
vn -1 0 0
vn -1 0 0
vn -1 0 0
vn -1 0 0
vn -1 0 0
vn -1 0 0
vn -1 0 0
vn -1 0 0
vn -1 0 0
vn -1 0 0
vn -1 0 0
vn -1 0 0
vn -1 0 0
vn -1 0 0
vn -1 0 0
vn -1 0 0
vn -1 0 0
vn -1 0 0
vn -1 0 0
vn -1 0 0
vn -1 0 0
vn -1 0 0
vn -1 0 0
vn -1 0 0
vn -1 0 0
vn -1 0 0
vn -1 0 0
vn -1 0 0
vn -1 0 0
f 4223/4223/4223 4222/4222/4222 4221/4221/4221
f 4222/4222/4222 4223/4223/4223 4224/4224/4224
f 4227/4227/4227 4226/4226/4226 4225/4225/4225
f 4226/4226/4226 4227/4227/4227 4228/4228/4228
f 4231/4231/4231 4230/4230/4230 4229/4229/4229
f 4230/4230/4230 4231/4231/4231 4232/4232/4232
f 4235/4235/4235 4234/4234/4234 4233/4233/4233
f 4234/4234/4234 4235/4235/4235 4236/4236/4236
f 4239/4239/4239 4238/4238/4238 4237/4237/4237
f 4238/4238/4238 4239/4239/4239 4240/4240/4240
f 4243/4243/4243 4242/4242/4242 4241/4241/4241
f 4242/4242/4242 4243/4243/4243 4244/4244/4244
f 4247/4247/4247 4246/4246/4246 4245/4245/4245
f 4246/4246/4246 4247/4247/4247 4248/4248/4248
f 4251/4251/4251 4250/4250/4250 4249/4249/4249
f 4250/4250/4250 4251/4251/4251 4252/4252/4252
f 4255/4255/4255 4254/4254/4254 4253/4253/4253
f 4254/4254/4254 4255/4255/4255 4256/4256/4256
f 4259/4259/4259 4258/4258/4258 4257/4257/4257
f 4258/4258/4258 4259/4259/4259 4260/4260/4260
f 4263/4263/4263 4262/4262/4262 4261/4261/4261
f 4262/4262/4262 4263/4263/4263 4264/4264/4264
f 4267/4267/4267 4266/4266/4266 4265/4265/4265
f 4266/4266/4266 4267/4267/4267 4268/4268/4268
f 4271/4271/4271 4270/4270/4270 4269/4269/4269
f 4270/4270/4270 4271/4271/4271 4272/4272/4272
f 4275/4275/4275 4274/4274/4274 4273/4273/4273
f 4274/4274/4274 4275/4275/4275 4276/4276/4276
o mesh_54
usemtl mat12
v 14.4 19.999999999999986 -129.6
v 14.4 5.5999999999999845 -129.6
v 8 19.999999999999986 -129.6
v 8 5.5999999999999845 -129.6
v 81.60000000000001 5.599999999999985 -126.4
v 81.60000000000001 19.999999999999986 -126.4
v 75.2 5.599999999999985 -126.4
v 75.2 19.999999999999986 -126.4
vt 0.1484375 0.8515625
vt 0.1484375 0.9921875
vt 0.09375 0.8515625
vt 0.09375 0.9921875
vt 0.1484375 0.9921875
vt 0.1484375 0.8515625
vt 0.09375 0.9921875
vt 0.09375 0.8515625
vn 0 1.2246467991473532e-16 1
vn 0 1.2246467991473532e-16 1
vn 0 1.2246467991473532e-16 1
vn 0 1.2246467991473532e-16 1
vn 0 -1.2246467991473532e-16 -1
vn 0 -1.2246467991473532e-16 -1
vn 0 -1.2246467991473532e-16 -1
vn 0 -1.2246467991473532e-16 -1
f 4279/4279/4279 4278/4278/4278 4277/4277/4277
f 4278/4278/4278 4279/4279/4279 4280/4280/4280
f 4283/4283/4283 4282/4282/4282 4281/4281/4281
f 4282/4282/4282 4283/4283/4283 4284/4284/4284
o mesh_55
usemtl mat18
v 0 12.799999999999995 -38.400000000000006
v 0 12.799999999999997 -25.6
v 0 -4.702643708725837e-15 -38.400000000000006
v 0 -3.1350958058172244e-15 -25.6
v 0 12.799999999999997 -25.6
v 12.8 12.799999999999997 -25.6
v 0 -3.1350958058172244e-15 -25.6
v 12.8 -3.1350958058172244e-15 -25.6
v 0 38.4 -38.40000000000001
v 0 44.8 -38.40000000000001
v 0 38.400000000000006 -25.600000000000005
v 0 44.800000000000004 -25.60000000000001
v 0 38.400000000000006 -25.600000000000005
v 0 44.800000000000004 -25.60000000000001
v 12.8 38.400000000000006 -25.600000000000005
v 12.8 44.800000000000004 -25.60000000000001
v 0 25.599999999999998 -38.400000000000006
v 0 25.599999999999998 -25.600000000000005
v 0 19.2 -38.400000000000006
v 0 19.2 -25.600000000000005
v 0 25.599999999999998 -25.600000000000005
v 12.8 25.599999999999998 -25.600000000000005
v 0 19.2 -25.600000000000005
v 12.8 19.2 -25.600000000000005
v 0 19.2 -38.400000000000006
v 0 19.2 -25.600000000000005
v 0 12.799999999999995 -38.400000000000006
v 0 12.799999999999997 -25.6
v 0 19.2 -25.600000000000005
v 12.8 19.2 -25.600000000000005
v 0 12.799999999999997 -25.6
v 12.8 12.799999999999997 -25.6
v 0 -6.270191611634449e-15 -51.2
v 0 12.799999999999994 -51.2
v 0 -4.702643708725837e-15 -38.400000000000006
v 0 12.799999999999995 -38.400000000000006
v 0 38.400000000000006 -25.600000000000005
v 0 25.599999999999998 -25.600000000000005
v 0 38.4 -38.40000000000001
v 0 25.599999999999998 -38.400000000000006
v 12.8 38.400000000000006 -25.600000000000005
v 12.8 25.599999999999998 -25.600000000000005
v 0 38.400000000000006 -25.600000000000005
v 0 25.599999999999998 -25.600000000000005
vt 0.96875 0.96875
vt 0.96875 0.96875
vt 0.96875 0.96875
vt 0.96875 0.96875
vt 0.96875 0.96875
vt 0.96875 0.96875
vt 0.96875 0.96875
vt 0.96875 0.96875
vt 0.96875 0.96875
vt 0.96875 0.96875
vt 0.96875 0.96875
vt 0.96875 0.96875
vt 0.96875 0.96875
vt 0.96875 0.96875
vt 0.96875 0.96875
vt 0.96875 0.96875
vt 0.96875 0.96875
vt 0.96875 0.96875
vt 0.96875 0.96875
vt 0.96875 0.96875
vt 0.96875 0.96875
vt 0.96875 0.96875
vt 0.96875 0.96875
vt 0.96875 0.96875
vt 0.96875 0.96875
vt 0.96875 0.96875
vt 0.96875 0.96875
vt 0.96875 0.96875
vt 0.96875 0.96875
vt 0.96875 0.96875
vt 0.96875 0.96875
vt 0.96875 0.96875
vt 0.96875 0.96875
vt 0.96875 0.96875
vt 0.96875 0.96875
vt 0.96875 0.96875
vt 0.96875 0.96875
vt 0.96875 0.96875
vt 0.96875 0.96875
vt 0.96875 0.96875
vt 0.96875 0.96875
vt 0.96875 0.96875
vt 0.96875 0.96875
vt 0.96875 0.96875
vn -1 0 0
vn -1 0 0
vn -1 0 0
vn -1 0 0
vn 0 1.2246467991473532e-16 1
vn 0 1.2246467991473532e-16 1
vn 0 1.2246467991473532e-16 1
vn 0 1.2246467991473532e-16 1
vn -1 0 0
vn -1 0 0
vn -1 0 0
vn -1 0 0
vn 0 1.2246467991473532e-16 1
vn 0 1.2246467991473532e-16 1
vn 0 1.2246467991473532e-16 1
vn 0 1.2246467991473532e-16 1
vn -1 0 0
vn -1 0 0
vn -1 0 0
vn -1 0 0
vn 0 1.2246467991473532e-16 1
vn 0 1.2246467991473532e-16 1
vn 0 1.2246467991473532e-16 1
vn 0 1.2246467991473532e-16 1
vn -1 0 0
vn -1 0 0
vn -1 0 0
vn -1 0 0
vn 0 1.2246467991473532e-16 1
vn 0 1.2246467991473532e-16 1
vn 0 1.2246467991473532e-16 1
vn 0 1.2246467991473532e-16 1
vn -1 0 0
vn -1 0 0
vn -1 0 0
vn -1 0 0
vn -1 0 0
vn -1 0 0
vn -1 0 0
vn -1 0 0
vn 0 1.2246467991473532e-16 1
vn 0 1.2246467991473532e-16 1
vn 0 1.2246467991473532e-16 1
vn 0 1.2246467991473532e-16 1
f 4287/4287/4287 4286/4286/4286 4285/4285/4285
f 4286/4286/4286 4287/4287/4287 4288/4288/4288
f 4291/4291/4291 4290/4290/4290 4289/4289/4289
f 4290/4290/4290 4291/4291/4291 4292/4292/4292
f 4295/4295/4295 4294/4294/4294 4293/4293/4293
f 4294/4294/4294 4295/4295/4295 4296/4296/4296
f 4299/4299/4299 4298/4298/4298 4297/4297/4297
f 4298/4298/4298 4299/4299/4299 4300/4300/4300
f 4303/4303/4303 4302/4302/4302 4301/4301/4301
f 4302/4302/4302 4303/4303/4303 4304/4304/4304
f 4307/4307/4307 4306/4306/4306 4305/4305/4305
f 4306/4306/4306 4307/4307/4307 4308/4308/4308
f 4311/4311/4311 4310/4310/4310 4309/4309/4309
f 4310/4310/4310 4311/4311/4311 4312/4312/4312
f 4315/4315/4315 4314/4314/4314 4313/4313/4313
f 4314/4314/4314 4315/4315/4315 4316/4316/4316
f 4319/4319/4319 4318/4318/4318 4317/4317/4317
f 4318/4318/4318 4319/4319/4319 4320/4320/4320
f 4323/4323/4323 4322/4322/4322 4321/4321/4321
f 4322/4322/4322 4323/4323/4323 4324/4324/4324
f 4327/4327/4327 4326/4326/4326 4325/4325/4325
f 4326/4326/4326 4327/4327/4327 4328/4328/4328
o mesh_56
usemtl mat18
v -25.6 25.599999999999987 -115.2
v -25.6 -1.410793112617751e-14 -115.2
v 0 25.599999999999987 -115.2
v 0 -1.410793112617751e-14 -115.2
v -25.6 51.19999999999999 -115.2
v -25.6 25.599999999999987 -115.2
v 0 51.19999999999999 -115.2
v 0 25.599999999999987 -115.2
v 0 51.19999999999999 -115.2
v 0 76.8 -115.20000000000002
v -25.6 51.19999999999999 -115.2
v -25.6 76.8 -115.20000000000002
v 0 25.599999999999994 -64
v 0 -7.83773951454306e-15 -64
v -25.6 25.599999999999994 -64
v -25.6 -7.83773951454306e-15 -64
v 0 51.199999999999996 -64
v 0 25.599999999999994 -64
v -25.6 51.199999999999996 -64
v -25.6 25.599999999999994 -64
v -25.6 51.199999999999996 -64
v -25.6 76.8 -64.00000000000001
v 0 51.199999999999996 -64
v 0 76.8 -64.00000000000001
vt 0.96875 0.96875
vt 0.96875 0.96875
vt 0.96875 0.96875
vt 0.96875 0.96875
vt 0.96875 0.96875
vt 0.96875 0.96875
vt 0.96875 0.96875
vt 0.96875 0.96875
vt 0.96875 0.96875
vt 0.96875 0.96875
vt 0.96875 0.96875
vt 0.96875 0.96875
vt 0.96875 0.96875
vt 0.96875 0.96875
vt 0.96875 0.96875
vt 0.96875 0.96875
vt 0.96875 0.96875
vt 0.96875 0.96875
vt 0.96875 0.96875
vt 0.96875 0.96875
vt 0.96875 0.96875
vt 0.96875 0.96875
vt 0.96875 0.96875
vt 0.96875 0.96875
vn 0 -1.2246467991473532e-16 -1
vn 0 -1.2246467991473532e-16 -1
vn 0 -1.2246467991473532e-16 -1
vn 0 -1.2246467991473532e-16 -1
vn 0 -1.2246467991473532e-16 -1
vn 0 -1.2246467991473532e-16 -1
vn 0 -1.2246467991473532e-16 -1
vn 0 -1.2246467991473532e-16 -1
vn 0 -1.2246467991473532e-16 -1
vn 0 -1.2246467991473532e-16 -1
vn 0 -1.2246467991473532e-16 -1
vn 0 -1.2246467991473532e-16 -1
vn 0 1.2246467991473532e-16 1
vn 0 1.2246467991473532e-16 1
vn 0 1.2246467991473532e-16 1
vn 0 1.2246467991473532e-16 1
vn 0 1.2246467991473532e-16 1
vn 0 1.2246467991473532e-16 1
vn 0 1.2246467991473532e-16 1
vn 0 1.2246467991473532e-16 1
vn 0 1.2246467991473532e-16 1
vn 0 1.2246467991473532e-16 1
vn 0 1.2246467991473532e-16 1
vn 0 1.2246467991473532e-16 1
f 4331/4331/4331 4330/4330/4330 4329/4329/4329
f 4330/4330/4330 4331/4331/4331 4332/4332/4332
f 4335/4335/4335 4334/4334/4334 4333/4333/4333
f 4334/4334/4334 4335/4335/4335 4336/4336/4336
f 4339/4339/4339 4338/4338/4338 4337/4337/4337
f 4338/4338/4338 4339/4339/4339 4340/4340/4340
f 4343/4343/4343 4342/4342/4342 4341/4341/4341
f 4342/4342/4342 4343/4343/4343 4344/4344/4344
f 4347/4347/4347 4346/4346/4346 4345/4345/4345
f 4346/4346/4346 4347/4347/4347 4348/4348/4348
f 4351/4351/4351 4350/4350/4350 4349/4349/4349
f 4350/4350/4350 4351/4351/4351 4352/4352/4352
o mesh_57
usemtl mat4
v 89.60000000000001 -9.405287417451674e-15 -76.80000000000001
v 64 -9.405287417451674e-15 -76.80000000000001
v 64 -1.0972835320360286e-14 -89.60000000000001
v 89.60000000000001 -6.270191611634449e-15 -51.2
v 64 -6.270191611634449e-15 -51.2
v 64 -7.83773951454306e-15 -64
v 89.60000000000001 -3.1350958058172244e-15 -25.6
v 64 -3.1350958058172244e-15 -25.6
v 64 -4.702643708725837e-15 -38.400000000000006
v 0 -2.5080766446537795e-14 -204.8
v 25.6 -2.5080766446537795e-14 -204.8
v 25.6 -2.3513218543629183e-14 -192
v 12.8 -1.7243026931994733e-14 -140.8
v 12.8 -1.567547902908612e-14 -128
v 0 -1.8810574834903348e-14 -153.60000000000002
v 0 -1.567547902908612e-14 -128
v 76.80000000000001 -1.410793112617751e-14 -115.2
v 76.80000000000001 -1.567547902908612e-14 -128
v 89.60000000000001 -1.2540383223268897e-14 -102.4
v 89.60000000000001 -1.567547902908612e-14 -128
v 64 -1.410793112617751e-14 -115.2
v 64 -1.567547902908612e-14 -128
v 76.80000000000001 -1.410793112617751e-14 -115.2
v 76.80000000000001 -1.567547902908612e-14 -128
v 25.6 -1.7243026931994733e-14 -140.8
v 25.6 -1.567547902908612e-14 -128
v 12.8 -1.7243026931994733e-14 -140.8
v 12.8 -1.567547902908612e-14 -128
v 12.8 -1.7243026931994733e-14 -140.8
v 0 -1.8810574834903348e-14 -153.60000000000002
v 25.6 -1.7243026931994733e-14 -140.8
v 25.6 -1.8810574834903348e-14 -153.60000000000002
v 76.80000000000001 -1.410793112617751e-14 -115.2
v 89.60000000000001 -1.2540383223268897e-14 -102.4
v 64 -1.410793112617751e-14 -115.2
v 64 -1.2540383223268897e-14 -102.4
v 25.6 -2.037812273781196e-14 -166.4
v 25.6 -1.8810574834903348e-14 -153.60000000000002
v 0 -2.037812273781196e-14 -166.4
v 0 -1.8810574834903348e-14 -153.60000000000002
v 12.8 -7.83773951454306e-15 -64
v 12.8 -6.270191611634449e-15 -51.2
v 0 -7.83773951454306e-15 -64
v 0 -6.270191611634449e-15 -51.2
v 0 -2.037812273781196e-14 -166.4
v 0 -2.194567064072057e-14 -179.20000000000002
v 25.6 -2.037812273781196e-14 -166.4
v 25.6 -2.194567064072057e-14 -179.20000000000002
vt 0.9921875 0.25
vt 0.75 0.25
vt 0.75 0.125
vt 0.9921875 0.4921875
vt 0.75 0.4921875
vt 0.75 0.375
vt 0.9921875 0.25
vt 0.75 0.25
vt 0.75 0.125
vt 0.625 0
vt 0.875 0
vt 0.875 0.125
vt 0.75 0.25
vt 0.75 0.25
vt 0.625 0
vt 0.625 0.25
vt 0.875 0.25
vt 0.875 0.25
vt 0.9921875 0.4921875
vt 0.9921875 0.25
vt 0.75 0.375
vt 0.75 0.25
vt 0.9921875 0.4921875
vt 0.875 0.25
vt 0.875 0.125
vt 0.875 0.25
vt 0.625 0
vt 0.75 0.25
vt 0.625 0
vt 0.625 0
vt 0.875 0.125
vt 0.875 0
vt 0.9921875 0.4921875
vt 0.9921875 0.4921875
vt 0.75 0.375
vt 0.75 0.4921875
vt 0.875 0.375
vt 0.875 0.4921875
vt 0.625 0.375
vt 0.625 0.4921875
vt 0.75 0.375
vt 0.75 0.4921875
vt 0.625 0.375
vt 0.625 0.4921875
vt 0.625 0.375
vt 0.625 0.25
vt 0.875 0.375
vt 0.875 0.25
vn 0 1 -1.2246467991473532e-16
vn 0 1 -1.2246467991473532e-16
vn 0 1 -1.2246467991473532e-16
vn 0 1 -1.2246467991473532e-16
vn 0 1 -1.2246467991473532e-16
vn 0 1 -1.2246467991473532e-16
vn 0 1 -1.2246467991473532e-16
vn 0 1 -1.2246467991473532e-16
vn 0 1 -1.2246467991473532e-16
vn 0 1 -1.2246467991473532e-16
vn 0 1 -1.2246467991473532e-16
vn 0 1 -1.2246467991473532e-16
vn 0 1 -1.2246467991473532e-16
vn 0 1 -1.2246467991473532e-16
vn 0 1 -1.2246467991473532e-16
vn 0 1 -1.2246467991473532e-16
vn 0 1 -1.2246467991473532e-16
vn 0 1 -1.2246467991473532e-16
vn 0 1 -1.2246467991473532e-16
vn 0 1 -1.2246467991473532e-16
vn 0 1 -1.2246467991473532e-16
vn 0 1 -1.2246467991473532e-16
vn 0 1 -1.2246467991473532e-16
vn 0 1 -1.2246467991473532e-16
vn 0 1 -1.2246467991473532e-16
vn 0 1 -1.2246467991473532e-16
vn 0 1 -1.2246467991473532e-16
vn 0 1 -1.2246467991473532e-16
vn 0 1 -1.2246467991473532e-16
vn 0 1 -1.2246467991473532e-16
vn 0 1 -1.2246467991473532e-16
vn 0 1 -1.2246467991473532e-16
vn 0 1 -1.2246467991473532e-16
vn 0 1 -1.2246467991473532e-16
vn 0 1 -1.2246467991473532e-16
vn 0 1 -1.2246467991473532e-16
vn 0 1 -1.2246467991473532e-16
vn 0 1 -1.2246467991473532e-16
vn 0 1 -1.2246467991473532e-16
vn 0 1 -1.2246467991473532e-16
vn 0 1 -1.2246467991473532e-16
vn 0 1 -1.2246467991473532e-16
vn 0 1 -1.2246467991473532e-16
vn 0 1 -1.2246467991473532e-16
vn 0 1 -1.2246467991473532e-16
vn 0 1 -1.2246467991473532e-16
vn 0 1 -1.2246467991473532e-16
vn 0 1 -1.2246467991473532e-16
f 4355/4355/4355 4354/4354/4354 4353/4353/4353
f 4358/4358/4358 4357/4357/4357 4356/4356/4356
f 4361/4361/4361 4360/4360/4360 4359/4359/4359
f 4364/4364/4364 4363/4363/4363 4362/4362/4362
f 4367/4367/4367 4366/4366/4366 4365/4365/4365
f 4366/4366/4366 4367/4367/4367 4368/4368/4368
f 4371/4371/4371 4370/4370/4370 4369/4369/4369
f 4370/4370/4370 4371/4371/4371 4372/4372/4372
f 4375/4375/4375 4374/4374/4374 4373/4373/4373
f 4374/4374/4374 4375/4375/4375 4376/4376/4376
f 4379/4379/4379 4378/4378/4378 4377/4377/4377
f 4378/4378/4378 4379/4379/4379 4380/4380/4380
f 4383/4383/4383 4382/4382/4382 4381/4381/4381
f 4382/4382/4382 4383/4383/4383 4384/4384/4384
f 4387/4387/4387 4386/4386/4386 4385/4385/4385
f 4386/4386/4386 4387/4387/4387 4388/4388/4388
f 4391/4391/4391 4390/4390/4390 4389/4389/4389
f 4390/4390/4390 4391/4391/4391 4392/4392/4392
f 4395/4395/4395 4394/4394/4394 4393/4393/4393
f 4394/4394/4394 4395/4395/4395 4396/4396/4396
f 4399/4399/4399 4398/4398/4398 4397/4397/4397
f 4398/4398/4398 4399/4399/4399 4400/4400/4400
o mesh_58
usemtl mat1
v 52.800000000000004 12.799999999999999 -13.600000000000003
v 51.2 12.799999999999999 -12.800000000000002
v 51.2 -1.5675479029086122e-15 -12.8
v 36.800000000000004 12.799999999999999 -10.400000000000002
v 38.400000000000006 12.799999999999999 -11.200000000000003
v 38.400000000000006 -1.3716044150450357e-15 -11.200000000000001
v 51.2 -1.3716044150450357e-15 -11.200000000000001
v 51.2 12.799999999999999 -11.200000000000003
v 52.800000000000004 12.799999999999999 -10.400000000000002
v 38.400000000000006 -1.5675479029086122e-15 -12.8
v 38.400000000000006 12.799999999999999 -12.800000000000002
v 36.800000000000004 12.799999999999999 -13.600000000000003
v 51.2 38.400000000000006 -11.200000000000006
v 52.800000000000004 38.400000000000006 -10.400000000000006
v 51.2 25.6 -11.200000000000005
v 52.800000000000004 25.6 -10.400000000000004
v 36.800000000000004 38.400000000000006 -13.600000000000007
v 36.800000000000004 25.6 -13.600000000000005
v 38.400000000000006 38.400000000000006 -12.800000000000006
v 38.400000000000006 25.6 -12.800000000000004
v 38.400000000000006 38.400000000000006 -11.200000000000006
v 38.400000000000006 38.400000000000006 -12.800000000000006
v 38.400000000000006 25.6 -11.200000000000005
v 38.400000000000006 25.6 -12.800000000000004
v 51.2 38.400000000000006 -12.800000000000006
v 51.2 38.400000000000006 -11.200000000000006
v 51.2 25.6 -12.800000000000004
v 51.2 25.6 -11.200000000000005
v 52.800000000000004 25.6 -13.600000000000005
v 52.800000000000004 25.6 -10.400000000000004
v 52.800000000000004 38.400000000000006 -13.600000000000007
v 52.800000000000004 38.400000000000006 -10.400000000000006
v 52.800000000000004 12.799999999999999 -13.600000000000003
v 52.800000000000004 -1.6655196468404004e-15 -13.600000000000001
v 52.800000000000004 12.799999999999999 -10.400000000000002
v 52.800000000000004 -1.2736326711132475e-15 -10.4
v 51.2 -1.3716044150450357e-15 -11.200000000000001
v 51.2 -1.5675479029086122e-15 -12.8
v 51.2 12.799999999999999 -11.200000000000003
v 51.2 12.799999999999999 -12.800000000000002
v 36.800000000000004 12.799999999999999 -10.400000000000002
v 36.800000000000004 -1.2736326711132475e-15 -10.4
v 36.800000000000004 12.799999999999999 -13.600000000000003
v 36.800000000000004 -1.6655196468404004e-15 -13.600000000000001
v 38.400000000000006 -1.5675479029086122e-15 -12.8
v 38.400000000000006 -1.3716044150450357e-15 -11.200000000000001
v 38.400000000000006 12.799999999999999 -12.800000000000002
v 38.400000000000006 12.799999999999999 -11.200000000000003
v 38.400000000000006 25.6 -11.200000000000005
v 38.400000000000006 22.400000000000002 -11.200000000000005
v 36.800000000000004 25.6 -10.400000000000004
v 36.800000000000004 22.400000000000002 -10.400000000000004
v 38.400000000000006 22.400000000000002 -12.800000000000004
v 38.400000000000006 12.799999999999999 -12.800000000000002
v 38.400000000000006 22.400000000000002 -11.200000000000005
v 38.400000000000006 12.799999999999999 -11.200000000000003
v 36.800000000000004 22.400000000000002 -10.400000000000004
v 36.800000000000004 12.799999999999999 -10.400000000000002
v 36.800000000000004 22.400000000000002 -13.600000000000005
v 36.800000000000004 12.799999999999999 -13.600000000000003
v 36.800000000000004 22.400000000000002 -13.600000000000005
v 36.800000000000004 12.799999999999999 -13.600000000000003
v 38.400000000000006 22.400000000000002 -12.800000000000004
v 38.400000000000006 12.799999999999999 -12.800000000000002
v 51.2 25.6 -12.800000000000004
v 51.2 22.400000000000002 -12.800000000000004
v 52.800000000000004 25.6 -13.600000000000005
v 52.800000000000004 22.400000000000002 -13.600000000000005
v 51.2 22.400000000000002 -11.200000000000005
v 51.2 12.799999999999999 -11.200000000000003
v 51.2 22.400000000000002 -12.800000000000004
v 51.2 12.799999999999999 -12.800000000000002
v 52.800000000000004 22.400000000000002 -13.600000000000005
v 52.800000000000004 12.799999999999999 -13.600000000000003
v 52.800000000000004 22.400000000000002 -10.400000000000004
v 52.800000000000004 12.799999999999999 -10.400000000000002
v 52.800000000000004 22.400000000000002 -10.400000000000004
v 52.800000000000004 12.799999999999999 -10.400000000000002
v 51.2 22.400000000000002 -11.200000000000005
v 51.2 12.799999999999999 -11.200000000000003
v 38.400000000000006 25.6 -11.200000000000005
v 36.800000000000004 25.6 -10.400000000000004
v 38.400000000000006 38.400000000000006 -11.200000000000006
v 36.800000000000004 38.400000000000006 -10.400000000000006
v 36.800000000000004 38.400000000000006 -10.400000000000006
v 36.800000000000004 38.400000000000006 -13.600000000000007
v 38.400000000000006 38.400000000000006 -11.200000000000006
v 38.400000000000006 38.400000000000006 -12.800000000000006
v 36.800000000000004 25.6 -10.400000000000004
v 36.800000000000004 25.6 -13.600000000000005
v 36.800000000000004 38.400000000000006 -10.400000000000006
v 36.800000000000004 38.400000000000006 -13.600000000000007
v 38.400000000000006 22.400000000000002 -12.800000000000004
v 38.400000000000006 25.6 -12.800000000000004
v 36.800000000000004 22.400000000000002 -13.600000000000005
v 36.800000000000004 25.6 -13.600000000000005
v 52.800000000000004 38.400000000000006 -13.600000000000007
v 51.2 38.400000000000006 -12.800000000000006
v 52.800000000000004 25.6 -13.600000000000005
v 51.2 25.6 -12.800000000000004
v 52.800000000000004 38.400000000000006 -13.600000000000007
v 52.800000000000004 38.400000000000006 -10.400000000000006
v 51.2 38.400000000000006 -12.800000000000006
v 51.2 38.400000000000006 -11.200000000000006
v 51.2 22.400000000000002 -11.200000000000005
v 51.2 25.6 -11.200000000000005
v 52.800000000000004 22.400000000000002 -10.400000000000004
v 52.800000000000004 25.6 -10.400000000000004
v 38.400000000000006 22.400000000000002 -11.200000000000005
v 38.400000000000006 12.799999999999999 -11.200000000000003
v 36.800000000000004 22.400000000000002 -10.400000000000004
v 36.800000000000004 12.799999999999999 -10.400000000000002
v 36.800000000000004 22.400000000000002 -13.600000000000005
v 36.800000000000004 25.6 -13.600000000000005
v 36.800000000000004 22.400000000000002 -10.400000000000004
v 36.800000000000004 25.6 -10.400000000000004
v 51.2 22.400000000000002 -12.800000000000004
v 51.2 12.799999999999999 -12.800000000000002
v 52.800000000000004 22.400000000000002 -13.600000000000005
v 52.800000000000004 12.799999999999999 -13.600000000000003
v 52.800000000000004 22.400000000000002 -10.400000000000004
v 52.800000000000004 25.6 -10.400000000000004
v 52.800000000000004 22.400000000000002 -13.600000000000005
v 52.800000000000004 25.6 -13.600000000000005
vt 0.15625 0.0625
vt 0.1640625 0.0625
vt 0.1640625 0.1796875
vt 0.1640625 0.0625
vt 0.1796875 0.0625
vt 0.1796875 0.1796875
vt 0.15625 0.1796875
vt 0.15625 0.0625
vt 0.1640625 0.0625
vt 0.1640625 0.1796875
vt 0.1640625 0.0625
vt 0.1796875 0.0625
vt 0.15625 0.0625
vt 0.1640625 0.0625
vt 0.15625 0.1796875
vt 0.1640625 0.1796875
vt 0.1796875 0.0625
vt 0.1796875 0.1796875
vt 0.1640625 0.0625
vt 0.1640625 0.1796875
vt 0.15625 0.0625
vt 0.1640625 0.0625
vt 0.15625 0.1796875
vt 0.1640625 0.1796875
vt 0.125 0
vt 0.125 0
vt 0.125 0
vt 0.125 0
vt 0.1796875 0.1796875
vt 0.1640625 0.1796875
vt 0.1796875 0.0625
vt 0.1640625 0.0625
vt 0.1796875 0.0625
vt 0.1796875 0.1796875
vt 0.1640625 0.0625
vt 0.1640625 0.1796875
vt 0.1796875 0.1796875
vt 0.1640625 0.1796875
vt 0.1796875 0.0625
vt 0.1640625 0.0625
vt 0.1640625 0.0625
vt 0.1640625 0.1796875
vt 0.15625 0.0625
vt 0.15625 0.1796875
vt 0.1640625 0.1796875
vt 0.15625 0.1796875
vt 0.1640625 0.0625
vt 0.15625 0.0625
vt 0.2421875 0.0625
vt 0.2421875 0.0859375
vt 0.2265625 0.0625
vt 0.2265625 0.0859375
vt 0.2265625 0.0859375
vt 0.2265625 0.1796875
vt 0.21875 0.0859375
vt 0.21875 0.1796875
vt 0.2265625 0.0859375
vt 0.2265625 0.1796875
vt 0.21875 0.0859375
vt 0.21875 0.1796875
vt 0.2421875 0.0859375
vt 0.2421875 0.1796875
vt 0.2265625 0.0859375
vt 0.2265625 0.1796875
vt 0.125 0
vt 0.125 0
vt 0.125 0
vt 0.125 0
vt 0.125 0
vt 0.125 0
vt 0.125 0
vt 0.125 0
vt 0.2421875 0.0859375
vt 0.2421875 0.1796875
vt 0.2265625 0.0859375
vt 0.2265625 0.1796875
vt 0.2265625 0.0859375
vt 0.2265625 0.1796875
vt 0.21875 0.0859375
vt 0.21875 0.1796875
vt 0.1796875 0.1796875
vt 0.1640625 0.1796875
vt 0.1796875 0.0625
vt 0.1640625 0.0625
vt 0.203125 0.0078125
vt 0.203125 0.0078125
vt 0.203125 0.0078125
vt 0.203125 0.0078125
vt 0.1953125 0.1796875
vt 0.1875 0.1796875
vt 0.1953125 0.0625
vt 0.1875 0.0625
vt 0.2265625 0.0859375
vt 0.2265625 0.0625
vt 0.2421875 0.0859375
vt 0.2421875 0.0625
vt 0.125 0
vt 0.125 0
vt 0.125 0
vt 0.125 0
vt 0.203125 0.0078125
vt 0.203125 0.0078125
vt 0.203125 0.0078125
vt 0.203125 0.0078125
vt 0.21875 0.0859375
vt 0.21875 0.0625
vt 0.2265625 0.0859375
vt 0.2265625 0.0625
vt 0.2421875 0.0859375
vt 0.2421875 0.1796875
vt 0.2265625 0.0859375
vt 0.2265625 0.1796875
vt 0.21875 0.0859375
vt 0.21875 0.0625
vt 0.2265625 0.0859375
vt 0.2265625 0.0625
vt 0.125 0
vt 0.125 0
vt 0.125 0
vt 0.125 0
vt 0.2265625 0.0859375
vt 0.2265625 0.0625
vt 0.2421875 0.0859375
vt 0.2421875 0.0625
vn -0.44721359549995787 -1.095357396528405e-16 -0.8944271909999157
vn -0.44721359549995787 -1.095357396528405e-16 -0.8944271909999157
vn -0.44721359549995787 -1.095357396528405e-16 -0.8944271909999157
vn 0.44721359549995787 1.095357396528405e-16 0.8944271909999157
vn 0.44721359549995787 1.095357396528405e-16 0.8944271909999157
vn 0.44721359549995787 1.095357396528405e-16 0.8944271909999157
vn -0.44721359549995787 1.095357396528405e-16 0.8944271909999157
vn -0.44721359549995787 1.095357396528405e-16 0.8944271909999157
vn -0.44721359549995787 1.095357396528405e-16 0.8944271909999157
vn 0.44721359549995787 -1.095357396528405e-16 -0.8944271909999157
vn 0.44721359549995787 -1.095357396528405e-16 -0.8944271909999157
vn 0.44721359549995787 -1.095357396528405e-16 -0.8944271909999157
vn -0.44721359549995787 1.095357396528405e-16 0.8944271909999157
vn -0.44721359549995787 1.095357396528405e-16 0.8944271909999157
vn -0.44721359549995787 1.095357396528405e-16 0.8944271909999157
vn -0.44721359549995787 1.095357396528405e-16 0.8944271909999157
vn 0.44721359549995787 -1.095357396528405e-16 -0.8944271909999157
vn 0.44721359549995787 -1.095357396528405e-16 -0.8944271909999157
vn 0.44721359549995787 -1.095357396528405e-16 -0.8944271909999157
vn 0.44721359549995787 -1.095357396528405e-16 -0.8944271909999157
vn 1 0 0
vn 1 0 0
vn 1 0 0
vn 1 0 0
vn -1 0 0
vn -1 0 0
vn -1 0 0
vn -1 0 0
vn 1 0 0
vn 1 0 0
vn 1 0 0
vn 1 0 0
vn 1 0 0
vn 1 0 0
vn 1 0 0
vn 1 0 0
vn -1 0 0
vn -1 0 0
vn -1 0 0
vn -1 0 0
vn -1 0 0
vn -1 0 0
vn -1 0 0
vn -1 0 0
vn 1 0 0
vn 1 0 0
vn 1 0 0
vn 1 0 0
vn 0.44721359549995787 1.095357396528405e-16 0.8944271909999157
vn 0.44721359549995787 1.095357396528405e-16 0.8944271909999157
vn 0.44721359549995787 1.095357396528405e-16 0.8944271909999157
vn 0.44721359549995787 1.095357396528405e-16 0.8944271909999157
vn 1 0 0
vn 1 0 0
vn 1 0 0
vn 1 0 0
vn -1 0 0
vn -1 0 0
vn -1 0 0
vn -1 0 0
vn 0.44721359549995787 -1.095357396528405e-16 -0.8944271909999157
vn 0.44721359549995787 -1.095357396528405e-16 -0.8944271909999157
vn 0.44721359549995787 -1.095357396528405e-16 -0.8944271909999157
vn 0.44721359549995787 -1.095357396528405e-16 -0.8944271909999157
vn -0.44721359549995787 -1.095357396528405e-16 -0.8944271909999157
vn -0.44721359549995787 -1.095357396528405e-16 -0.8944271909999157
vn -0.44721359549995787 -1.095357396528405e-16 -0.8944271909999157
vn -0.44721359549995787 -1.095357396528405e-16 -0.8944271909999157
vn -1 0 0
vn -1 0 0
vn -1 0 0
vn -1 0 0
vn 1 0 0
vn 1 0 0
vn 1 0 0
vn 1 0 0
vn -0.44721359549995787 1.095357396528405e-16 0.8944271909999157
vn -0.44721359549995787 1.095357396528405e-16 0.8944271909999157
vn -0.44721359549995787 1.095357396528405e-16 0.8944271909999157
vn -0.44721359549995787 1.095357396528405e-16 0.8944271909999157
vn 0.44721359549995787 1.095357396528405e-16 0.8944271909999157
vn 0.44721359549995787 1.095357396528405e-16 0.8944271909999157
vn 0.44721359549995787 1.095357396528405e-16 0.8944271909999157
vn 0.44721359549995787 1.095357396528405e-16 0.8944271909999157
vn 0 1 -1.2246467991473532e-16
vn 0 1 -1.2246467991473532e-16
vn 0 1 -1.2246467991473532e-16
vn 0 1 -1.2246467991473532e-16
vn -1 0 0
vn -1 0 0
vn -1 0 0
vn -1 0 0
vn 0.44721359549995787 -1.095357396528405e-16 -0.8944271909999157
vn 0.44721359549995787 -1.095357396528405e-16 -0.8944271909999157
vn 0.44721359549995787 -1.095357396528405e-16 -0.8944271909999157
vn 0.44721359549995787 -1.095357396528405e-16 -0.8944271909999157
vn -0.44721359549995787 -1.095357396528405e-16 -0.8944271909999157
vn -0.44721359549995787 -1.095357396528405e-16 -0.8944271909999157
vn -0.44721359549995787 -1.095357396528405e-16 -0.8944271909999157
vn -0.44721359549995787 -1.095357396528405e-16 -0.8944271909999157
vn 0 1 -1.2246467991473532e-16
vn 0 1 -1.2246467991473532e-16
vn 0 1 -1.2246467991473532e-16
vn 0 1 -1.2246467991473532e-16
vn -0.44721359549995787 1.095357396528405e-16 0.8944271909999157
vn -0.44721359549995787 1.095357396528405e-16 0.8944271909999157
vn -0.44721359549995787 1.095357396528405e-16 0.8944271909999157
vn -0.44721359549995787 1.095357396528405e-16 0.8944271909999157
vn 0.44721359549995787 1.095357396528405e-16 0.8944271909999157
vn 0.44721359549995787 1.095357396528405e-16 0.8944271909999157
vn 0.44721359549995787 1.095357396528405e-16 0.8944271909999157
vn 0.44721359549995787 1.095357396528405e-16 0.8944271909999157
vn -1 0 0
vn -1 0 0
vn -1 0 0
vn -1 0 0
vn -0.44721359549995787 -1.095357396528405e-16 -0.8944271909999157
vn -0.44721359549995787 -1.095357396528405e-16 -0.8944271909999157
vn -0.44721359549995787 -1.095357396528405e-16 -0.8944271909999157
vn -0.44721359549995787 -1.095357396528405e-16 -0.8944271909999157
vn 1 0 0
vn 1 0 0
vn 1 0 0
vn 1 0 0
f 4403/4403/4403 4402/4402/4402 4401/4401/4401
f 4406/4406/4406 4405/4405/4405 4404/4404/4404
f 4409/4409/4409 4408/4408/4408 4407/4407/4407
f 4412/4412/4412 4411/4411/4411 4410/4410/4410
f 4415/4415/4415 4414/4414/4414 4413/4413/4413
f 4414/4414/4414 4415/4415/4415 4416/4416/4416
f 4419/4419/4419 4418/4418/4418 4417/4417/4417
f 4418/4418/4418 4419/4419/4419 4420/4420/4420
f 4423/4423/4423 4422/4422/4422 4421/4421/4421
f 4422/4422/4422 4423/4423/4423 4424/4424/4424
f 4427/4427/4427 4426/4426/4426 4425/4425/4425
f 4426/4426/4426 4427/4427/4427 4428/4428/4428
f 4431/4431/4431 4430/4430/4430 4429/4429/4429
f 4430/4430/4430 4431/4431/4431 4432/4432/4432
f 4435/4435/4435 4434/4434/4434 4433/4433/4433
f 4434/4434/4434 4435/4435/4435 4436/4436/4436
f 4439/4439/4439 4438/4438/4438 4437/4437/4437
f 4438/4438/4438 4439/4439/4439 4440/4440/4440
f 4443/4443/4443 4442/4442/4442 4441/4441/4441
f 4442/4442/4442 4443/4443/4443 4444/4444/4444
f 4447/4447/4447 4446/4446/4446 4445/4445/4445
f 4446/4446/4446 4447/4447/4447 4448/4448/4448
f 4451/4451/4451 4450/4450/4450 4449/4449/4449
f 4450/4450/4450 4451/4451/4451 4452/4452/4452
f 4455/4455/4455 4454/4454/4454 4453/4453/4453
f 4454/4454/4454 4455/4455/4455 4456/4456/4456
f 4459/4459/4459 4458/4458/4458 4457/4457/4457
f 4458/4458/4458 4459/4459/4459 4460/4460/4460
f 4463/4463/4463 4462/4462/4462 4461/4461/4461
f 4462/4462/4462 4463/4463/4463 4464/4464/4464
f 4467/4467/4467 4466/4466/4466 4465/4465/4465
f 4466/4466/4466 4467/4467/4467 4468/4468/4468
f 4471/4471/4471 4470/4470/4470 4469/4469/4469
f 4470/4470/4470 4471/4471/4471 4472/4472/4472
f 4475/4475/4475 4474/4474/4474 4473/4473/4473
f 4474/4474/4474 4475/4475/4475 4476/4476/4476
f 4479/4479/4479 4478/4478/4478 4477/4477/4477
f 4478/4478/4478 4479/4479/4479 4480/4480/4480
f 4483/4483/4483 4482/4482/4482 4481/4481/4481
f 4482/4482/4482 4483/4483/4483 4484/4484/4484
f 4487/4487/4487 4486/4486/4486 4485/4485/4485
f 4486/4486/4486 4487/4487/4487 4488/4488/4488
f 4491/4491/4491 4490/4490/4490 4489/4489/4489
f 4490/4490/4490 4491/4491/4491 4492/4492/4492
f 4495/4495/4495 4494/4494/4494 4493/4493/4493
f 4494/4494/4494 4495/4495/4495 4496/4496/4496
f 4499/4499/4499 4498/4498/4498 4497/4497/4497
f 4498/4498/4498 4499/4499/4499 4500/4500/4500
f 4503/4503/4503 4502/4502/4502 4501/4501/4501
f 4502/4502/4502 4503/4503/4503 4504/4504/4504
f 4507/4507/4507 4506/4506/4506 4505/4505/4505
f 4506/4506/4506 4507/4507/4507 4508/4508/4508
f 4511/4511/4511 4510/4510/4510 4509/4509/4509
f 4510/4510/4510 4511/4511/4511 4512/4512/4512
f 4515/4515/4515 4514/4514/4514 4513/4513/4513
f 4514/4514/4514 4515/4515/4515 4516/4516/4516
f 4519/4519/4519 4518/4518/4518 4517/4517/4517
f 4518/4518/4518 4519/4519/4519 4520/4520/4520
f 4523/4523/4523 4522/4522/4522 4521/4521/4521
f 4522/4522/4522 4523/4523/4523 4524/4524/4524
o mesh_59
usemtl mat6
v 38.400000000000006 22.400000000000002 -12.800000000000004
v 38.400000000000006 22.400000000000002 -11.200000000000005
v 38.400000000000006 25.6 -12.800000000000004
v 38.400000000000006 25.6 -11.200000000000005
v 51.2 22.400000000000002 -11.200000000000005
v 51.2 22.400000000000002 -12.800000000000004
v 51.2 25.6 -11.200000000000005
v 51.2 25.6 -12.800000000000004
vt 0.1796875 0.1171875
vt 0.1796875 0.1171875
vt 0.1796875 0.1171875
vt 0.1796875 0.1171875
vt 0.1796875 0.1171875
vt 0.1796875 0.1171875
vt 0.1796875 0.1171875
vt 0.1796875 0.1171875
vn 1 0 0
vn 1 0 0
vn 1 0 0
vn 1 0 0
vn -1 0 0
vn -1 0 0
vn -1 0 0
vn -1 0 0
f 4527/4527/4527 4526/4526/4526 4525/4525/4525
f 4526/4526/4526 4527/4527/4527 4528/4528/4528
f 4531/4531/4531 4530/4530/4530 4529/4529/4529
f 4530/4530/4530 4531/4531/4531 4532/4532/4532
o mesh_60
usemtl mat1
v 52.800000000000004 12.799999999999999 -10.400000000000002
v 52.800000000000004 -1.2736326711132475e-15 -10.4
v 51.2 -1.3716044150450357e-15 -11.200000000000001
v 51.2 -1.5675479029086122e-15 -12.8
v 52.800000000000004 -1.6655196468404004e-15 -13.600000000000001
v 52.800000000000004 12.799999999999999 -13.600000000000003
v 36.800000000000004 12.799999999999999 -13.600000000000003
v 36.800000000000004 -1.6655196468404004e-15 -13.600000000000001
v 38.400000000000006 -1.5675479029086122e-15 -12.8
v 38.400000000000006 -1.3716044150450357e-15 -11.200000000000001
v 36.800000000000004 -1.2736326711132475e-15 -10.4
v 36.800000000000004 12.799999999999999 -10.400000000000002
vt 0.1640625 0.0625
vt 0.1640625 0.1796875
vt 0.15625 0.1796875
vt 0.1640625 0.1796875
vt 0.15625 0.1796875
vt 0.15625 0.0625
vt 0.1796875 0.0625
vt 0.1796875 0.1796875
vt 0.1640625 0.1796875
vt 0.1796875 0.1796875
vt 0.1640625 0.1796875
vt 0.1640625 0.0625
vn -0.44721359549995787 1.095357396528405e-16 0.8944271909999157
vn -0.44721359549995787 1.095357396528405e-16 0.8944271909999157
vn -0.44721359549995787 1.095357396528405e-16 0.8944271909999157
vn -0.44721359549995787 -1.095357396528405e-16 -0.8944271909999157
vn -0.44721359549995787 -1.095357396528405e-16 -0.8944271909999157
vn -0.44721359549995787 -1.095357396528405e-16 -0.8944271909999157
vn 0.44721359549995787 -1.095357396528405e-16 -0.8944271909999157
vn 0.44721359549995787 -1.095357396528405e-16 -0.8944271909999157
vn 0.44721359549995787 -1.095357396528405e-16 -0.8944271909999157
vn 0.44721359549995787 1.095357396528405e-16 0.8944271909999157
vn 0.44721359549995787 1.095357396528405e-16 0.8944271909999157
vn 0.44721359549995787 1.095357396528405e-16 0.8944271909999157
f 4535/4535/4535 4534/4534/4534 4533/4533/4533
f 4538/4538/4538 4537/4537/4537 4536/4536/4536
f 4541/4541/4541 4540/4540/4540 4539/4539/4539
f 4544/4544/4544 4543/4543/4543 4542/4542/4542
o mesh_61
usemtl mat6
v 0 -9.405287417451674e-15 -76.80000000000001
v 0 25.59999999999999 -76.80000000000001
v -12.8 -9.797174393178826e-15 -80
v -12.8 25.59999999999999 -80
v -12.8 -1.2148496247541744e-14 -99.2
v -12.8 25.59999999999999 -99.2
v 0 -1.2540383223268897e-14 -102.4
v 0 25.599999999999987 -102.4
vt 0 0.4921875
vt 0 0.25
vt 0.125 0.4921875
vt 0.125 0.25
vt 0.375 0.4921875
vt 0.375 0.25
vt 0.4921875 0.4921875
vt 0.4921875 0.25
vn 0.24253562503633297 -1.1880819075197913e-16 -0.9701425001453319
vn 0.24253562503633297 -1.1880819075197913e-16 -0.9701425001453319
vn 0.24253562503633297 -1.1880819075197913e-16 -0.9701425001453319
vn 0.24253562503633297 -1.1880819075197913e-16 -0.9701425001453319
vn 0.24253562503633297 1.1880819075197913e-16 0.9701425001453319
vn 0.24253562503633297 1.1880819075197913e-16 0.9701425001453319
vn 0.24253562503633297 1.1880819075197913e-16 0.9701425001453319
vn 0.24253562503633297 1.1880819075197913e-16 0.9701425001453319
f 4547/4547/4547 4546/4546/4546 4545/4545/4545
f 4546/4546/4546 4547/4547/4547 4548/4548/4548
f 4551/4551/4551 4550/4550/4550 4549/4549/4549
f 4550/4550/4550 4551/4551/4551 4552/4552/4552
o mesh_62
usemtl mat6
v 89.60000000000001 25.599999999999977 -204.8
v 89.60000000000001 -2.5080766446537795e-14 -204.8
v 76.80000000000001 12.799999999999976 -204.8
v 76.80000000000001 -2.5080766446537795e-14 -204.8
v 64 25.599999999999977 -204.8
v 64 51.199999999999974 -204.8
v 89.60000000000001 25.599999999999977 -204.8
v 89.60000000000001 51.199999999999974 -204.8
v 76.80000000000001 12.799999999999976 -204.8
v 64 12.799999999999976 -204.8
v 89.60000000000001 25.599999999999977 -204.8
v 64 25.599999999999977 -204.8
vt 0.2421875 0.2421875
vt 0.2421875 0.4921875
vt 0.1171875 0.3671875
vt 0.1171875 0.4921875
vt 0 0.2421875
vt 0 0
vt 0.2421875 0.2421875
vt 0.2421875 0
vt 0.1171875 0.3671875
vt 0 0.3671875
vt 0.2421875 0.2421875
vt 0 0.2421875
vn 0 1.2246467991473532e-16 1
vn 0 1.2246467991473532e-16 1
vn 0 1.2246467991473532e-16 1
vn 0 1.2246467991473532e-16 1
vn 0 1.2246467991473532e-16 1
vn 0 1.2246467991473532e-16 1
vn 0 1.2246467991473532e-16 1
vn 0 1.2246467991473532e-16 1
vn 0 1.2246467991473532e-16 1
vn 0 1.2246467991473532e-16 1
vn 0 1.2246467991473532e-16 1
vn 0 1.2246467991473532e-16 1
f 4555/4555/4555 4554/4554/4554 4553/4553/4553
f 4554/4554/4554 4555/4555/4555 4556/4556/4556
f 4559/4559/4559 4558/4558/4558 4557/4557/4557
f 4558/4558/4558 4559/4559/4559 4560/4560/4560
f 4563/4563/4563 4562/4562/4562 4561/4561/4561
f 4562/4562/4562 4563/4563/4563 4564/4564/4564
o mesh_63
usemtl mat10
v 0 -2.5080766446537795e-14 -204.8
v 0 25.599999999999977 -204.8
v 25.6 12.799999999999976 -204.8
v 25.6 25.599999999999977 -204.8
v 0 25.599999999999977 -204.8
v 0 51.199999999999974 -204.8
v 25.6 25.599999999999977 -204.8
v 25.6 51.199999999999974 -204.8
vt 0 0.9921875
vt 0 0.75
vt 0.25 0.875
vt 0.25 0.75
vt 0 0.75
vt 0 0.5
vt 0.25 0.75
vt 0.25 0.5
vn 0 1.2246467991473532e-16 1
vn 0 1.2246467991473532e-16 1
vn 0 1.2246467991473532e-16 1
vn 0 1.2246467991473532e-16 1
vn 0 1.2246467991473532e-16 1
vn 0 1.2246467991473532e-16 1
vn 0 1.2246467991473532e-16 1
vn 0 1.2246467991473532e-16 1
f 4567/4567/4567 4566/4566/4566 4565/4565/4565
f 4566/4566/4566 4567/4567/4567 4568/4568/4568
f 4571/4571/4571 4570/4570/4570 4569/4569/4569
f 4570/4570/4570 4571/4571/4571 4572/4572/4572
o mesh_64
usemtl mat11
v 89.60000000000001 51.199999999999974 -204.8
v 64 51.199999999999974 -204.8
v 81.60000000000001 68.79999999999997 -204.8
v 64 76.79999999999998 -204.8
vt 0.75 0.4921875
vt 0.5 0.4921875
vt 0.671875 0.3203125
vt 0.5 0.25
vn 0 1.2246467991473532e-16 1
vn 0 1.2246467991473532e-16 1
vn 0 1.2246467991473532e-16 1
vn 0 1.2246467991473532e-16 1
f 4575/4575/4575 4574/4574/4574 4573/4573/4573
f 4574/4574/4574 4575/4575/4575 4576/4576/4576
o mesh_65
usemtl mat9
v 38.400000000000006 12.799999999999976 -208
v 38.400000000000006 19.199999999999978 -208
v 38.400000000000006 -2.821586225235502e-14 -230.4
v 38.400000000000006 25.599999999999973 -230.4
v 51.2 -2.821586225235502e-14 -230.4
v 51.2 25.599999999999973 -230.4
v 51.2 12.799999999999976 -208
v 51.2 19.199999999999978 -208
vt 0.78125 0.875
vt 0.78125 0.8125
vt 0.9921875 0.9921875
vt 0.9921875 0.75
vt 0.625 0.9921875
vt 0.625 0.7421875
vt 0.84375 0.875
vt 0.84375 0.8125
vn 1 0 0
vn 1 0 0
vn 1 0 0
vn 1 0 0
vn -1 0 0
vn -1 0 0
vn -1 0 0
vn -1 0 0
f 4579/4579/4579 4578/4578/4578 4577/4577/4577
f 4578/4578/4578 4579/4579/4579 4580/4580/4580
f 4583/4583/4583 4582/4582/4582 4581/4581/4581
f 4582/4582/4582 4583/4583/4583 4584/4584/4584
o mesh_66
usemtl mat10
v 89.60000000000001 38.399999999999984 -153.60000000000002
v 89.60000000000001 51.19999999999998 -153.60000000000002
v 89.60000000000001 51.19999999999999 -128
v 89.60000000000001 51.19999999999999 -128
v 89.60000000000001 25.599999999999987 -128
v 89.60000000000001 38.399999999999984 -153.60000000000002
v 89.60000000000001 25.599999999999984 -153.60000000000002
v 89.60000000000001 25.599999999999977 -204.8
v 89.60000000000001 51.199999999999974 -204.8
v 89.60000000000001 25.59999999999998 -179.20000000000002
v 89.60000000000001 51.19999999999998 -179.20000000000002
v 89.60000000000001 51.19999999999999 -102.4
v 89.60000000000001 25.599999999999987 -102.4
v 89.60000000000001 51.19999999999999 -128
v 89.60000000000001 25.599999999999987 -128
v 89.60000000000001 -1.567547902908612e-14 -128
v 89.60000000000001 25.599999999999987 -128
v 89.60000000000001 -1.2540383223268897e-14 -102.4
v 89.60000000000001 25.599999999999987 -102.4
v 89.60000000000001 25.599999999999977 -204.8
v 89.60000000000001 25.59999999999998 -179.20000000000002
v 89.60000000000001 -2.3513218543629183e-14 -192
v 89.60000000000001 -2.194567064072057e-14 -179.20000000000002
v 89.60000000000001 25.599999999999984 -153.60000000000002
v 89.60000000000001 25.599999999999987 -128
v 89.60000000000001 -1.7243026931994733e-14 -140.8
v 89.60000000000001 -1.567547902908612e-14 -128
vt 0 0.625
vt 0 0.5
vt 0.25 0.5
vt 0.25 0.5
vt 0.25 0.75
vt 0 0.625
vt 0 0.75
vt 0.25 0.75
vt 0.25 0.5
vt 0.4921875 0.75
vt 0.4921875 0.5
vt 0.4921875 0.5
vt 0.4921875 0.75
vt 0.25 0.5
vt 0.25 0.75
vt 0.25 0.9921875
vt 0.25 0.75
vt 0.4921875 0.9921875
vt 0.4921875 0.75
vt 0.25 0.75
vt 0.4921875 0.75
vt 0.375 0.9921875
vt 0.4921875 0.9921875
vt 0 0.75
vt 0.25 0.75
vt 0.125 0.9921875
vt 0.25 0.9921875
vn -1 0 0
vn -1 0 0
vn -1 0 0
vn -1 0 0
vn -1 0 0
vn -1 0 0
vn -1 0 0
vn -1 0 0
vn -1 0 0
vn -1 0 0
vn -1 0 0
vn -1 0 0
vn -1 0 0
vn -1 0 0
vn -1 0 0
vn -1 0 0
vn -1 0 0
vn -1 0 0
vn -1 0 0
vn -1 0 0
vn -1 0 0
vn -1 0 0
vn -1 0 0
vn -1 0 0
vn -1 0 0
vn -1 0 0
vn -1 0 0
f 4587/4587/4587 4586/4586/4586 4585/4585/4585
f 4590/4590/4590 4589/4589/4589 4588/4588/4588
f 4589/4589/4589 4590/4590/4590 4591/4591/4591
f 4594/4594/4594 4593/4593/4593 4592/4592/4592
f 4593/4593/4593 4594/4594/4594 4595/4595/4595
f 4598/4598/4598 4597/4597/4597 4596/4596/4596
f 4597/4597/4597 4598/4598/4598 4599/4599/4599
f 4602/4602/4602 4601/4601/4601 4600/4600/4600
f 4601/4601/4601 4602/4602/4602 4603/4603/4603
f 4606/4606/4606 4605/4605/4605 4604/4604/4604
f 4605/4605/4605 4606/4606/4606 4607/4607/4607
f 4610/4610/4610 4609/4609/4609 4608/4608/4608
f 4609/4609/4609 4610/4610/4610 4611/4611/4611
o mesh_67
usemtl mat6
v 89.60000000000001 25.59999999999998 -163.20000000000002
v 89.60000000000001 25.599999999999984 -156.8
v 89.60000000000001 -2.037812273781196e-14 -166.4
v 89.60000000000001 -1.8810574834903348e-14 -153.60000000000002
v 89.60000000000001 -2.037812273781196e-14 -166.4
v 89.60000000000001 -2.194567064072057e-14 -179.20000000000002
v 89.60000000000001 25.59999999999998 -166.4
v 89.60000000000001 25.59999999999998 -179.20000000000002
vt 0.40625 0.25
vt 0.46875 0.25
vt 0.375 0.4921875
vt 0.4921875 0.4921875
vt 0.375 0.4921875
vt 0.25 0.4921875
vt 0.375 0.25
vt 0.25 0.25
vn -1 0 0
vn -1 0 0
vn -1 0 0
vn -1 0 0
vn -1 0 0
vn -1 0 0
vn -1 0 0
vn -1 0 0
f 4614/4614/4614 4613/4613/4613 4612/4612/4612
f 4613/4613/4613 4614/4614/4614 4615/4615/4615
f 4618/4618/4618 4617/4617/4617 4616/4616/4616
f 4617/4617/4617 4618/4618/4618 4619/4619/4619
o mesh_68
usemtl mat10
v 64 38.400000000000006 -25.600000000000005
v 64 25.599999999999998 -25.600000000000005
v 89.60000000000001 51.2 -25.60000000000001
v 89.60000000000001 25.599999999999998 -25.600000000000005
v 89.60000000000001 -3.1350958058172244e-15 -25.6
v 89.60000000000001 25.599999999999998 -25.600000000000005
v 64 12.799999999999997 -25.6
v 64 25.599999999999998 -25.600000000000005
vt 0.25 0.625
vt 0.25 0.75
vt 0 0.5
vt 0 0.75
vt 0 0.9921875
vt 0 0.75
vt 0.25 0.8125
vt 0.25 0.75
vn 0 -1.2246467991473532e-16 -1
vn 0 -1.2246467991473532e-16 -1
vn 0 -1.2246467991473532e-16 -1
vn 0 -1.2246467991473532e-16 -1
vn 0 -1.2246467991473532e-16 -1
vn 0 -1.2246467991473532e-16 -1
vn 0 -1.2246467991473532e-16 -1
vn 0 -1.2246467991473532e-16 -1
f 4622/4622/4622 4621/4621/4621 4620/4620/4620
f 4621/4621/4621 4622/4622/4622 4623/4623/4623
f 4626/4626/4626 4625/4625/4625 4624/4624/4624
f 4625/4625/4625 4626/4626/4626 4627/4627/4627
o mesh_69
usemtl mat11
v 25.6 76.80000000000001 -25.600000000000012
v 0 76.80000000000001 -25.600000000000012
v 25.6 51.2 -25.60000000000001
v 0 51.2 -25.60000000000001
vt 0.5 0.25
vt 0.75 0.25
vt 0.5 0.4921875
vt 0.75 0.4921875
vn 0 -1.2246467991473532e-16 -1
vn 0 -1.2246467991473532e-16 -1
vn 0 -1.2246467991473532e-16 -1
vn 0 -1.2246467991473532e-16 -1
f 4630/4630/4630 4629/4629/4629 4628/4628/4628
f 4629/4629/4629 4630/4630/4630 4631/4631/4631
o mesh_70
usemtl mat16
v 0 25.59999999999999 -89.60000000000001
v 0 25.599999999999987 -102.4
v 0 -1.0972835320360286e-14 -89.60000000000001
v 0 -1.2540383223268897e-14 -102.4
v 0 -9.405287417451674e-15 -76.80000000000001
v 0 25.59999999999999 -76.80000000000001
v 0 -1.0972835320360286e-14 -89.60000000000001
v 0 25.59999999999999 -89.60000000000001
vt 0.0546875 0.5
vt 0.2265625 0.5
vt 0.0546875 0.7421875
vt 0.2265625 0.7421875
vt 0.015625 0.7421875
vt 0.015625 0.5
vt 0.1796875 0.7421875
vt 0.1796875 0.5
vn 1 0 0
vn 1 0 0
vn 1 0 0
vn 1 0 0
vn 1 0 0
vn 1 0 0
vn 1 0 0
vn 1 0 0
f 4634/4634/4634 4633/4633/4633 4632/4632/4632
f 4633/4633/4633 4634/4634/4634 4635/4635/4635
f 4638/4638/4638 4637/4637/4637 4636/4636/4636
f 4637/4637/4637 4638/4638/4638 4639/4639/4639
o mesh_71
usemtl mat15
v 0 51.19999999999999 -115.2
v 0 25.599999999999987 -115.2
v 0 38.39999999999999 -102.4
v 0 25.599999999999987 -102.4
v 0 -1.2540383223268897e-14 -102.4
v 0 25.599999999999987 -102.4
v 0 -1.410793112617751e-14 -115.2
v 0 25.599999999999987 -115.2
v 0 38.4 -76.80000000000001
v 0 25.59999999999999 -76.80000000000001
v 0 51.199999999999996 -64
v 0 25.599999999999994 -64
v 0 -9.405287417451674e-15 -76.80000000000001
v 0 -7.83773951454306e-15 -64
v 0 25.59999999999999 -76.80000000000001
v 0 12.799999999999994 -64
vt 0.6171875 0.5
vt 0.6171875 0.75
vt 0.5 0.625
vt 0.5 0.75
vt 0.5 0.9921875
vt 0.5 0.75
vt 0.6171875 0.9921875
vt 0.6171875 0.75
vt 0.5 0.625
vt 0.5 0.75
vt 0.6171875 0.5
vt 0.6171875 0.75
vt 0.5 0.9921875
vt 0.6171875 0.9921875
vt 0.5 0.75
vt 0.6171875 0.875
vn 1 0 0
vn 1 0 0
vn 1 0 0
vn 1 0 0
vn 1 0 0
vn 1 0 0
vn 1 0 0
vn 1 0 0
vn 1 0 0
vn 1 0 0
vn 1 0 0
vn 1 0 0
vn 1 0 0
vn 1 0 0
vn 1 0 0
vn 1 0 0
f 4642/4642/4642 4641/4641/4641 4640/4640/4640
f 4641/4641/4641 4642/4642/4642 4643/4643/4643
f 4646/4646/4646 4645/4645/4645 4644/4644/4644
f 4645/4645/4645 4646/4646/4646 4647/4647/4647
f 4650/4650/4650 4649/4649/4649 4648/4648/4648
f 4649/4649/4649 4650/4650/4650 4651/4651/4651
f 4654/4654/4654 4653/4653/4653 4652/4652/4652
f 4653/4653/4653 4654/4654/4654 4655/4655/4655
o mesh_72
usemtl mat6
v 0 51.199999999999996 -51.20000000000001
v 0 51.199999999999996 -64
v 0 25.599999999999994 -51.2
v 0 25.599999999999994 -64
v 0 -1.410793112617751e-14 -115.2
v 0 25.599999999999987 -115.2
v 0 -1.567547902908612e-14 -128
v 0 25.599999999999987 -128
v 0 44.800000000000004 -25.60000000000001
v 0 51.2 -25.60000000000001
v 0 44.8 -38.40000000000001
v 0 51.199999999999996 -51.20000000000001
v 0 -1.567547902908612e-14 -128
v 0 25.599999999999987 -128
v 0 -1.8810574834903348e-14 -153.60000000000002
v 0 25.599999999999984 -153.60000000000002
v 0 51.19999999999999 -128
v 0 51.19999999999998 -153.60000000000002
v 0 25.599999999999987 -128
v 0 25.599999999999984 -153.60000000000002
v 0 38.4 -38.40000000000001
v 0 44.8 -38.40000000000001
v 0 25.599999999999994 -51.2
v 0 51.199999999999996 -51.20000000000001
vt 0.25 0
vt 0.375 0
vt 0.25 0.25
vt 0.375 0.25
vt 0.125 0.4921875
vt 0.125 0.25
vt 0.25 0.4921875
vt 0.25 0.25
vt 0 0.0625
vt 0 0
vt 0.125 0.0625
vt 0.2421875 0
vt 0.25 0.4921875
vt 0.25 0.25
vt 0.4921875 0.4921875
vt 0.4921875 0.25
vt 0.25 0
vt 0.4921875 0
vt 0.25 0.25
vt 0.4921875 0.25
vt 0.125 0.125
vt 0.125 0.0625
vt 0.2421875 0.2421875
vt 0.2421875 0
vn 1 0 0
vn 1 0 0
vn 1 0 0
vn 1 0 0
vn 1 0 0
vn 1 0 0
vn 1 0 0
vn 1 0 0
vn 1 0 0
vn 1 0 0
vn 1 0 0
vn 1 0 0
vn 1 0 0
vn 1 0 0
vn 1 0 0
vn 1 0 0
vn 1 0 0
vn 1 0 0
vn 1 0 0
vn 1 0 0
vn 1 0 0
vn 1 0 0
vn 1 0 0
vn 1 0 0
f 4658/4658/4658 4657/4657/4657 4656/4656/4656
f 4657/4657/4657 4658/4658/4658 4659/4659/4659
f 4662/4662/4662 4661/4661/4661 4660/4660/4660
f 4661/4661/4661 4662/4662/4662 4663/4663/4663
f 4666/4666/4666 4665/4665/4665 4664/4664/4664
f 4665/4665/4665 4666/4666/4666 4667/4667/4667
f 4670/4670/4670 4669/4669/4669 4668/4668/4668
f 4669/4669/4669 4670/4670/4670 4671/4671/4671
f 4674/4674/4674 4673/4673/4673 4672/4672/4672
f 4673/4673/4673 4674/4674/4674 4675/4675/4675
f 4678/4678/4678 4677/4677/4677 4676/4676/4676
f 4677/4677/4677 4678/4678/4678 4679/4679/4679
o mesh_73
usemtl mat11
v 0 76.80000000000001 -51.20000000000001
v 0 76.8 -64.00000000000001
v 0 51.199999999999996 -51.20000000000001
v 0 51.199999999999996 -64
v 0 76.80000000000001 -25.600000000000012
v 0 76.80000000000001 -51.20000000000001
v 0 51.2 -25.60000000000001
v 0 51.199999999999996 -51.20000000000001
vt 0.75 0.25
vt 0.875 0.25
vt 0.75 0.4921875
vt 0.875 0.4921875
vt 0.5 0.25
vt 0.75 0.25
vt 0.5 0.4921875
vt 0.75 0.4921875
vn 1 0 0
vn 1 0 0
vn 1 0 0
vn 1 0 0
vn 1 0 0
vn 1 0 0
vn 1 0 0
vn 1 0 0
f 4682/4682/4682 4681/4681/4681 4680/4680/4680
f 4681/4681/4681 4682/4682/4682 4683/4683/4683
f 4686/4686/4686 4685/4685/4685 4684/4684/4684
f 4685/4685/4685 4686/4686/4686 4687/4687/4687
o mesh_74
usemtl mat9
v 36.800000000000004 22.400000000000002 -10.400000000000004
v 36.800000000000004 12.799999999999999 -10.400000000000002
v 36.800000000000004 12.8 -1.5675479029086122e-15
v 52.800000000000004 12.8 -1.5675479029086122e-15
v 52.800000000000004 12.799999999999999 -10.400000000000002
v 52.800000000000004 22.400000000000002 -10.400000000000004
v 36.800000000000004 38.400000000000006 -10.400000000000006
v 36.800000000000004 38.400000000000006 -4.702643708725837e-15
v 52.800000000000004 38.400000000000006 -10.400000000000006
v 52.800000000000004 38.400000000000006 -4.702643708725837e-15
v 36.800000000000004 25.6 -10.400000000000004
v 36.800000000000004 25.6 -3.1350958058172244e-15
v 36.800000000000004 38.400000000000006 -10.400000000000006
v 36.800000000000004 38.400000000000006 -4.702643708725837e-15
v 36.800000000000004 12.8 -1.5675479029086122e-15
v 36.800000000000004 25.6 -3.1350958058172244e-15
v 36.800000000000004 22.400000000000002 -10.400000000000004
v 36.800000000000004 25.6 -10.400000000000004
v 38.400000000000006 -1.3716044150450357e-15 -11.200000000000001
v 38.400000000000006 0 0
v 36.800000000000004 12.799999999999999 -10.400000000000002
v 36.800000000000004 12.8 -1.5675479029086122e-15
v 52.800000000000004 12.799999999999999 -10.400000000000002
v 52.800000000000004 12.8 -1.5675479029086122e-15
v 51.2 -1.3716044150450357e-15 -11.200000000000001
v 51.2 0 0
v 52.800000000000004 22.400000000000002 -10.400000000000004
v 52.800000000000004 25.6 -10.400000000000004
v 52.800000000000004 12.8 -1.5675479029086122e-15
v 52.800000000000004 25.6 -3.1350958058172244e-15
v 52.800000000000004 38.400000000000006 -10.400000000000006
v 52.800000000000004 38.400000000000006 -4.702643708725837e-15
v 52.800000000000004 25.6 -10.400000000000004
v 52.800000000000004 25.6 -3.1350958058172244e-15
vt 0.8125 0.78125
vt 0.8125 0.875
vt 0.875 0.875
vt 0.875 0.875
vt 0.8125 0.875
vt 0.8125 0.78125
vt 0.8984375 0.875
vt 0.8984375 0.9921875
vt 0.71875 0.875
vt 0.71875 0.9921875
vt 0.8125 0.75
vt 0.875 0.75
vt 0.8125 0.625
vt 0.875 0.625
vt 0.875 0.875
vt 0.875 0.75
vt 0.8125 0.78125
vt 0.8125 0.75
vt 0.8125 0.9921875
vt 0.875 0.9921875
vt 0.8125 0.875
vt 0.875 0.875
vt 0.8125 0.875
vt 0.875 0.875
vt 0.8125 0.9921875
vt 0.875 0.9921875
vt 0.8125 0.78125
vt 0.8125 0.75
vt 0.875 0.875
vt 0.875 0.75
vt 0.8125 0.625
vt 0.875 0.625
vt 0.8125 0.75
vt 0.875 0.75
vn 1 0 0
vn 1 0 0
vn 1 0 0
vn -1 0 0
vn -1 0 0
vn -1 0 0
vn 0 -1 1.2246467991473532e-16
vn 0 -1 1.2246467991473532e-16
vn 0 -1 1.2246467991473532e-16
vn 0 -1 1.2246467991473532e-16
vn 1 0 0
vn 1 0 0
vn 1 0 0
vn 1 0 0
vn 1 0 0
vn 1 0 0
vn 1 0 0
vn 1 0 0
vn 0.9922778767136676 0.12403473458920845 -1.5189874069776562e-17
vn 0.9922778767136676 0.12403473458920845 -1.5189874069776562e-17
vn 0.9922778767136676 0.12403473458920845 -1.5189874069776562e-17
vn 0.9922778767136676 0.12403473458920845 -1.5189874069776562e-17
vn -0.9922778767136676 0.12403473458920845 -1.5189874069776562e-17
vn -0.9922778767136676 0.12403473458920845 -1.5189874069776562e-17
vn -0.9922778767136676 0.12403473458920845 -1.5189874069776562e-17
vn -0.9922778767136676 0.12403473458920845 -1.5189874069776562e-17
vn -1 0 0
vn -1 0 0
vn -1 0 0
vn -1 0 0
vn -1 0 0
vn -1 0 0
vn -1 0 0
vn -1 0 0
f 4690/4690/4690 4689/4689/4689 4688/4688/4688
f 4693/4693/4693 4692/4692/4692 4691/4691/4691
f 4696/4696/4696 4695/4695/4695 4694/4694/4694
f 4695/4695/4695 4696/4696/4696 4697/4697/4697
f 4700/4700/4700 4699/4699/4699 4698/4698/4698
f 4699/4699/4699 4700/4700/4700 4701/4701/4701
f 4704/4704/4704 4703/4703/4703 4702/4702/4702
f 4703/4703/4703 4704/4704/4704 4705/4705/4705
f 4708/4708/4708 4707/4707/4707 4706/4706/4706
f 4707/4707/4707 4708/4708/4708 4709/4709/4709
f 4712/4712/4712 4711/4711/4711 4710/4710/4710
f 4711/4711/4711 4712/4712/4712 4713/4713/4713
f 4716/4716/4716 4715/4715/4715 4714/4714/4714
f 4715/4715/4715 4716/4716/4716 4717/4717/4717
f 4720/4720/4720 4719/4719/4719 4718/4718/4718
f 4719/4719/4719 4720/4720/4720 4721/4721/4721
o mesh_75
usemtl mat4
v 51.2 -1.3716044150450357e-15 -11.200000000000001
v 51.2 0 0
v 38.400000000000006 -1.3716044150450357e-15 -11.200000000000001
v 38.400000000000006 0 0
vt 0.625 0.390625
vt 0.625 0.4921875
vt 0.5 0.390625
vt 0.5 0.4921875
vn 0 1 -1.2246467991473532e-16
vn 0 1 -1.2246467991473532e-16
vn 0 1 -1.2246467991473532e-16
vn 0 1 -1.2246467991473532e-16
f 4724/4724/4724 4723/4723/4723 4722/4722/4722
f 4723/4723/4723 4724/4724/4724 4725/4725/4725
o mesh_76
usemtl mat10
v 64 44.800000000000004 -25.60000000000001
v 64 38.400000000000006 -25.600000000000005
v 89.60000000000001 51.2 -25.60000000000001
v 89.60000000000001 51.2 -25.60000000000001
v 64 51.2 -25.60000000000001
v 64 44.800000000000004 -25.60000000000001
vt 0.25 0.5625
vt 0.25 0.625
vt 0 0.5
vt 0 0.5
vt 0.25 0.5
vt 0.25 0.5625
vn 0 -1.2246467991473532e-16 -1
vn 0 -1.2246467991473532e-16 -1
vn 0 -1.2246467991473532e-16 -1
vn 0 -1.2246467991473532e-16 -1
vn 0 -1.2246467991473532e-16 -1
vn 0 -1.2246467991473532e-16 -1
f 4728/4728/4728 4727/4727/4727 4726/4726/4726
f 4731/4731/4731 4730/4730/4730 4729/4729/4729
o mesh_77
usemtl mat6
v 0 51.2 -25.60000000000001
v 0 44.800000000000004 -25.60000000000001
v 12.8 44.800000000000004 -25.60000000000001
v 25.6 38.400000000000006 -25.600000000000005
v 25.6 44.800000000000004 -25.60000000000001
v 12.8 38.400000000000006 -25.600000000000005
v 12.8 44.800000000000004 -25.60000000000001
v 12.8 44.800000000000004 -25.60000000000001
v 25.6 44.800000000000004 -25.60000000000001
v 0 51.2 -25.60000000000001
v 25.6 51.2 -25.60000000000001
vt 0.2421875 0
vt 0.2421875 0.0625
vt 0.125 0.0625
vt 0 0.1171875
vt 0 0.0625
vt 0.125 0.1171875
vt 0.125 0.0625
vt 0.125 0.0625
vt 0 0.0625
vt 0.2421875 0
vt 0 0
vn 0 -1.2246467991473532e-16 -1
vn 0 -1.2246467991473532e-16 -1
vn 0 -1.2246467991473532e-16 -1
vn 0 -1.2246467991473532e-16 -1
vn 0 -1.2246467991473532e-16 -1
vn 0 -1.2246467991473532e-16 -1
vn 0 -1.2246467991473532e-16 -1
vn 0 -1.2246467991473532e-16 -1
vn 0 -1.2246467991473532e-16 -1
vn 0 -1.2246467991473532e-16 -1
vn 0 -1.2246467991473532e-16 -1
f 4734/4734/4734 4733/4733/4733 4732/4732/4732
f 4737/4737/4737 4736/4736/4736 4735/4735/4735
f 4736/4736/4736 4737/4737/4737 4738/4738/4738
f 4741/4741/4741 4740/4740/4740 4739/4739/4739
f 4740/4740/4740 4741/4741/4741 4742/4742/4742
o mesh_78
usemtl mat14
v 51.2 38.400000000000006 -20.800000000000004
v 51.2 44.800000000000004 -20.800000000000008
v 38.400000000000006 38.400000000000006 -20.800000000000004
v 38.400000000000006 44.800000000000004 -20.800000000000008
v 62.400000000000006 38.400000000000006 -20.800000000000004
v 62.400000000000006 44.800000000000004 -20.800000000000008
v 51.2 38.400000000000006 -20.800000000000004
v 51.2 44.800000000000004 -20.800000000000008
v 38.400000000000006 38.400000000000006 -20.800000000000004
v 38.400000000000006 44.800000000000004 -20.800000000000008
v 27.200000000000003 38.400000000000006 -20.800000000000004
v 27.200000000000003 44.800000000000004 -20.800000000000008
vt 0.25 0.9921875
vt 0.25 0.9375
vt 0.375 0.9921875
vt 0.375 0.9375
vt 0.125 0.9921875
vt 0.125 0.9375
vt 0.25 0.9921875
vt 0.25 0.9375
vt 0.375 0.9921875
vt 0.375 0.9375
vt 0.4921875 0.9921875
vt 0.4921875 0.9375
vn 0 -1.2246467991473532e-16 -1
vn 0 -1.2246467991473532e-16 -1
vn 0 -1.2246467991473532e-16 -1
vn 0 -1.2246467991473532e-16 -1
vn 0 -1.2246467991473532e-16 -1
vn 0 -1.2246467991473532e-16 -1
vn 0 -1.2246467991473532e-16 -1
vn 0 -1.2246467991473532e-16 -1
vn 0 -1.2246467991473532e-16 -1
vn 0 -1.2246467991473532e-16 -1
vn 0 -1.2246467991473532e-16 -1
vn 0 -1.2246467991473532e-16 -1
f 4745/4745/4745 4744/4744/4744 4743/4743/4743
f 4744/4744/4744 4745/4745/4745 4746/4746/4746
f 4749/4749/4749 4748/4748/4748 4747/4747/4747
f 4748/4748/4748 4749/4749/4749 4750/4750/4750
f 4753/4753/4753 4752/4752/4752 4751/4751/4751
f 4752/4752/4752 4753/4753/4753 4754/4754/4754
o mesh_79
usemtl mat0
v 38.400000000000006 -2.821586225235502e-14 -230.4
v 44.800000000000004 -2.8999636203809326e-14 -236.8
v 51.2 -2.821586225235502e-14 -230.4
vt 0.625 0.3046875
vt 0.6796875 0.25
vt 0.7421875 0.3046875
vn 0 1 -1.2246467991473532e-16
vn 0 1 -1.2246467991473532e-16
vn 0 1 -1.2246467991473532e-16
f 4757/4757/4757 4756/4756/4756 4755/4755/4755
o mesh_80
usemtl mat18
v 89.60000000000001 25.599999999999977 -204.8
v 89.60000000000001 51.199999999999974 -204.8
v 89.60000000000001 25.599999999999973 -243.20000000000002
v 89.60000000000001 51.199999999999974 -243.20000000000002
v 0 25.599999999999973 -243.20000000000002
v 0 51.199999999999974 -243.20000000000002
v 0 25.599999999999977 -204.8
v 0 51.199999999999974 -204.8
v 0 25.599999999999977 -204.8
v 0 -2.5080766446537795e-14 -204.8
v 0 25.599999999999973 -243.20000000000002
v 0 -2.9783410155263633e-14 -243.20000000000002
v 8 68.79999999999997 -243.20000000000002
v 8 68.79999999999997 -204.8
v 0 51.199999999999974 -243.20000000000002
v 0 51.199999999999974 -204.8
v 89.60000000000001 25.599999999999973 -243.20000000000002
v 89.60000000000001 -2.9783410155263633e-14 -243.20000000000002
v 89.60000000000001 25.599999999999977 -204.8
v 89.60000000000001 -2.5080766446537795e-14 -204.8
v 81.60000000000001 68.79999999999997 -204.8
v 81.60000000000001 68.79999999999997 -243.20000000000002
v 89.60000000000001 51.199999999999974 -204.8
v 89.60000000000001 51.199999999999974 -243.20000000000002
vt 0.96875 0.96875
vt 0.96875 0.96875
vt 0.96875 0.96875
vt 0.96875 0.96875
vt 0.96875 0.96875
vt 0.96875 0.96875
vt 0.96875 0.96875
vt 0.96875 0.96875
vt 0.96875 0.96875
vt 0.96875 0.96875
vt 0.96875 0.96875
vt 0.96875 0.96875
vt 0.96875 0.96875
vt 0.96875 0.96875
vt 0.96875 0.96875
vt 0.96875 0.96875
vt 0.96875 0.96875
vt 0.96875 0.96875
vt 0.96875 0.96875
vt 0.96875 0.96875
vt 0.96875 0.96875
vt 0.96875 0.96875
vt 0.96875 0.96875
vt 0.96875 0.96875
vn 1 0 0
vn 1 0 0
vn 1 0 0
vn 1 0 0
vn -1 0 0
vn -1 0 0
vn -1 0 0
vn -1 0 0
vn -1 0 0
vn -1 0 0
vn -1 0 0
vn -1 0 0
vn -0.9103664744007224 0.41380295103732534 -5.067624594655893e-17
vn -0.9103664744007224 0.41380295103732534 -5.067624594655893e-17
vn -0.9103664744007224 0.41380295103732534 -5.067624594655893e-17
vn -0.9103664744007224 0.41380295103732534 -5.067624594655893e-17
vn 1 0 0
vn 1 0 0
vn 1 0 0
vn 1 0 0
vn 0.9103664744007224 0.41380295103732534 -5.067624594655893e-17
vn 0.9103664744007224 0.41380295103732534 -5.067624594655893e-17
vn 0.9103664744007224 0.41380295103732534 -5.067624594655893e-17
vn 0.9103664744007224 0.41380295103732534 -5.067624594655893e-17
f 4760/4760/4760 4759/4759/4759 4758/4758/4758
f 4759/4759/4759 4760/4760/4760 4761/4761/4761
f 4764/4764/4764 4763/4763/4763 4762/4762/4762
f 4763/4763/4763 4764/4764/4764 4765/4765/4765
f 4768/4768/4768 4767/4767/4767 4766/4766/4766
f 4767/4767/4767 4768/4768/4768 4769/4769/4769
f 4772/4772/4772 4771/4771/4771 4770/4770/4770
f 4771/4771/4771 4772/4772/4772 4773/4773/4773
f 4776/4776/4776 4775/4775/4775 4774/4774/4774
f 4775/4775/4775 4776/4776/4776 4777/4777/4777
f 4780/4780/4780 4779/4779/4779 4778/4778/4778
f 4779/4779/4779 4780/4780/4780 4781/4781/4781
o mesh_81
usemtl mat18
v 81.60000000000001 68.8 -25.60000000000001
v 89.60000000000001 67.2 -25.60000000000001
v 89.60000000000001 51.2 -25.60000000000001
v 81.60000000000001 68.79999999999997 -204.8
v 89.60000000000001 51.199999999999974 -204.8
v 89.60000000000001 67.19999999999997 -204.8
v 81.60000000000001 68.79999999999998 -102.40000000000002
v 81.60000000000001 68.79999999999998 -128
v 89.60000000000001 67.19999999999999 -102.40000000000002
v 89.60000000000001 67.19999999999999 -128
v 89.60000000000001 67.19999999999999 -166.4
v 89.60000000000001 67.19999999999999 -153.60000000000002
v 81.60000000000001 68.79999999999998 -166.4
v 81.60000000000001 68.79999999999998 -153.60000000000002
v 89.60000000000001 67.19999999999999 -76.80000000000003
v 89.60000000000001 67.2 -51.20000000000001
v 81.60000000000001 68.79999999999998 -76.80000000000003
v 81.60000000000001 68.8 -51.20000000000001
v 89.60000000000001 67.19999999999999 -102.40000000000002
v 89.60000000000001 67.19999999999999 -76.80000000000003
v 81.60000000000001 68.79999999999998 -102.40000000000002
v 81.60000000000001 68.79999999999998 -76.80000000000003
v 81.60000000000001 68.8 -25.60000000000001
v 81.60000000000001 68.8 -51.20000000000001
v 89.60000000000001 67.2 -25.60000000000001
v 89.60000000000001 67.2 -51.20000000000001
v 89.60000000000001 67.19999999999997 -179.20000000000002
v 89.60000000000001 67.19999999999999 -166.4
v 81.60000000000001 68.79999999999997 -179.20000000000002
v 81.60000000000001 68.79999999999998 -166.4
v 89.60000000000001 67.19999999999997 -204.8
v 89.60000000000001 67.19999999999997 -179.20000000000002
v 81.60000000000001 68.79999999999997 -204.8
v 81.60000000000001 68.79999999999997 -179.20000000000002
vt 0.96875 0.96875
vt 0.96875 0.96875
vt 0.96875 0.96875
vt 0.96875 0.96875
vt 0.96875 0.96875
vt 0.96875 0.96875
vt 0.96875 0.96875
vt 0.96875 0.96875
vt 0.96875 0.96875
vt 0.96875 0.96875
vt 0.96875 0.96875
vt 0.96875 0.96875
vt 0.96875 0.96875
vt 0.96875 0.96875
vt 0.96875 0.96875
vt 0.96875 0.96875
vt 0.96875 0.96875
vt 0.96875 0.96875
vt 0.96875 0.96875
vt 0.96875 0.96875
vt 0.96875 0.96875
vt 0.96875 0.96875
vt 0.96875 0.96875
vt 0.96875 0.96875
vt 0.96875 0.96875
vt 0.96875 0.96875
vt 0.96875 0.96875
vt 0.96875 0.96875
vt 0.96875 0.96875
vt 0.96875 0.96875
vt 0.96875 0.96875
vt 0.96875 0.96875
vt 0.96875 0.96875
vt 0.96875 0.96875
vn 0 1.2246467991473532e-16 1
vn 0 1.2246467991473532e-16 1
vn 0 1.2246467991473532e-16 1
vn 0 -1.2246467991473532e-16 -1
vn 0 -1.2246467991473532e-16 -1
vn 0 -1.2246467991473532e-16 -1
vn 0.19611613227257615 0.9805806762640419 -1.2008649864925056e-16
vn 0.19611613227257615 0.9805806762640419 -1.2008649864925056e-16
vn 0.19611613227257615 0.9805806762640419 -1.2008649864925056e-16
vn 0.19611613227257615 0.9805806762640419 -1.2008649864925056e-16
vn 0.19611613227257615 0.9805806762640419 -1.2008649864925056e-16
vn 0.19611613227257615 0.9805806762640419 -1.2008649864925056e-16
vn 0.19611613227257615 0.9805806762640419 -1.2008649864925056e-16
vn 0.19611613227257615 0.9805806762640419 -1.2008649864925056e-16
vn 0.19611613227257615 0.9805806762640419 -1.2008649864925056e-16
vn 0.19611613227257615 0.9805806762640419 -1.2008649864925056e-16
vn 0.19611613227257615 0.9805806762640419 -1.2008649864925056e-16
vn 0.19611613227257615 0.9805806762640419 -1.2008649864925056e-16
vn 0.19611613227257615 0.9805806762640419 -1.2008649864925056e-16
vn 0.19611613227257615 0.9805806762640419 -1.2008649864925056e-16
vn 0.19611613227257615 0.9805806762640419 -1.2008649864925056e-16
vn 0.19611613227257615 0.9805806762640419 -1.2008649864925056e-16
vn 0.19611613227257615 0.9805806762640419 -1.2008649864925056e-16
vn 0.19611613227257615 0.9805806762640419 -1.2008649864925056e-16
vn 0.19611613227257615 0.9805806762640419 -1.2008649864925056e-16
vn 0.19611613227257615 0.9805806762640419 -1.2008649864925056e-16
vn 0.19611613227257615 0.9805806762640419 -1.2008649864925056e-16
vn 0.19611613227257615 0.9805806762640419 -1.2008649864925056e-16
vn 0.19611613227257615 0.9805806762640419 -1.2008649864925056e-16
vn 0.19611613227257615 0.9805806762640419 -1.2008649864925056e-16
vn 0.19611613227257615 0.9805806762640419 -1.2008649864925056e-16
vn 0.19611613227257615 0.9805806762640419 -1.2008649864925056e-16
vn 0.19611613227257615 0.9805806762640419 -1.2008649864925056e-16
vn 0.19611613227257615 0.9805806762640419 -1.2008649864925056e-16
f 4784/4784/4784 4783/4783/4783 4782/4782/4782
f 4787/4787/4787 4786/4786/4786 4785/4785/4785
f 4790/4790/4790 4789/4789/4789 4788/4788/4788
f 4789/4789/4789 4790/4790/4790 4791/4791/4791
f 4794/4794/4794 4793/4793/4793 4792/4792/4792
f 4793/4793/4793 4794/4794/4794 4795/4795/4795
f 4798/4798/4798 4797/4797/4797 4796/4796/4796
f 4797/4797/4797 4798/4798/4798 4799/4799/4799
f 4802/4802/4802 4801/4801/4801 4800/4800/4800
f 4801/4801/4801 4802/4802/4802 4803/4803/4803
f 4806/4806/4806 4805/4805/4805 4804/4804/4804
f 4805/4805/4805 4806/4806/4806 4807/4807/4807
f 4810/4810/4810 4809/4809/4809 4808/4808/4808
f 4809/4809/4809 4810/4810/4810 4811/4811/4811
f 4814/4814/4814 4813/4813/4813 4812/4812/4812
f 4813/4813/4813 4814/4814/4814 4815/4815/4815
o mesh_82
usemtl mat18
v 0 76.80000000000001 12.799999999999992
v 0 76.80000000000001 -25.600000000000012
v 25.6 76.80000000000001 12.799999999999992
v 25.6 76.80000000000001 -25.600000000000012
v 64 76.80000000000001 -25.600000000000012
v 64 76.80000000000001 12.799999999999992
v 51.2 76.80000000000001 -25.600000000000012
v 51.2 76.80000000000001 12.799999999999992
v 51.2 76.80000000000001 -25.600000000000012
v 51.2 76.80000000000001 12.799999999999992
v 38.400000000000006 76.80000000000001 -25.600000000000012
v 38.400000000000006 76.80000000000001 12.799999999999992
v 38.400000000000006 76.80000000000001 -25.600000000000012
v 38.400000000000006 76.80000000000001 12.799999999999992
v 25.6 76.80000000000001 -25.600000000000012
v 25.6 76.80000000000001 12.799999999999992
v 0 76.80000000000001 -25.600000000000012
v 0 76.80000000000001 12.799999999999992
v 0 51.2 -25.60000000000001
v 0 51.2 12.799999999999994
v 81.60000000000001 68.8 12.799999999999992
v 64 76.80000000000001 12.799999999999992
v 81.60000000000001 68.8 -25.60000000000001
v 64 76.80000000000001 -25.600000000000012
v 89.60000000000001 51.2 12.799999999999994
v 89.60000000000001 51.2 -25.60000000000001
v 89.60000000000001 25.6 12.799999999999997
v 89.60000000000001 25.599999999999998 -25.600000000000005
v 0 51.2 -25.60000000000001
v 0 51.2 12.799999999999994
v 0 44.800000000000004 -25.60000000000001
v 0 44.800000000000004 12.799999999999995
v 0 44.800000000000004 -25.60000000000001
v 0 44.800000000000004 12.799999999999995
v 0 38.400000000000006 -25.600000000000005
v 0 38.400000000000006 12.799999999999995
v 0 38.400000000000006 -25.600000000000005
v 0 38.400000000000006 12.799999999999995
v 0 25.599999999999998 -25.600000000000005
v 0 25.6 12.799999999999997
v 0 12.799999999999997 -25.6
v 0 12.800000000000002 12.799999999999999
v 0 -3.1350958058172244e-15 -25.6
v 0 1.5675479029086122e-15 12.8
v 0 25.599999999999998 -25.600000000000005
v 0 25.6 12.799999999999997
v 0 19.2 -25.600000000000005
v 0 19.200000000000003 12.799999999999999
v 89.60000000000001 25.6 12.799999999999997
v 89.60000000000001 25.599999999999998 -25.600000000000005
v 89.60000000000001 1.5675479029086122e-15 12.8
v 89.60000000000001 -3.1350958058172244e-15 -25.6
v 0 19.2 -25.600000000000005
v 0 19.200000000000003 12.799999999999999
v 0 12.799999999999997 -25.6
v 0 12.800000000000002 12.799999999999999
v 81.60000000000001 68.8 -25.60000000000001
v 89.60000000000001 51.2 -25.60000000000001
v 81.60000000000001 68.8 12.799999999999992
v 89.60000000000001 51.2 12.799999999999994
vt 0.96875 0.96875
vt 0.96875 0.96875
vt 0.96875 0.96875
vt 0.96875 0.96875
vt 0.96875 0.96875
vt 0.96875 0.96875
vt 0.96875 0.96875
vt 0.96875 0.96875
vt 0.96875 0.96875
vt 0.96875 0.96875
vt 0.96875 0.96875
vt 0.96875 0.96875
vt 0.96875 0.96875
vt 0.96875 0.96875
vt 0.96875 0.96875
vt 0.96875 0.96875
vt 0.96875 0.96875
vt 0.96875 0.96875
vt 0.96875 0.96875
vt 0.96875 0.96875
vt 0.96875 0.96875
vt 0.96875 0.96875
vt 0.96875 0.96875
vt 0.96875 0.96875
vt 0.96875 0.96875
vt 0.96875 0.96875
vt 0.96875 0.96875
vt 0.96875 0.96875
vt 0.96875 0.96875
vt 0.96875 0.96875
vt 0.96875 0.96875
vt 0.96875 0.96875
vt 0.96875 0.96875
vt 0.96875 0.96875
vt 0.96875 0.96875
vt 0.96875 0.96875
vt 0.96875 0.96875
vt 0.96875 0.96875
vt 0.96875 0.96875
vt 0.96875 0.96875
vt 0.96875 0.96875
vt 0.96875 0.96875
vt 0.96875 0.96875
vt 0.96875 0.96875
vt 0.96875 0.96875
vt 0.96875 0.96875
vt 0.96875 0.96875
vt 0.96875 0.96875
vt 0.96875 0.96875
vt 0.96875 0.96875
vt 0.96875 0.96875
vt 0.96875 0.96875
vt 0.96875 0.96875
vt 0.96875 0.96875
vt 0.96875 0.96875
vt 0.96875 0.96875
vt 0.96875 0.96875
vt 0.96875 0.96875
vt 0.96875 0.96875
vt 0.96875 0.96875
vn 0 1 -1.2246467991473532e-16
vn 0 1 -1.2246467991473532e-16
vn 0 1 -1.2246467991473532e-16
vn 0 1 -1.2246467991473532e-16
vn 0 1 -1.2246467991473532e-16
vn 0 1 -1.2246467991473532e-16
vn 0 1 -1.2246467991473532e-16
vn 0 1 -1.2246467991473532e-16
vn 0 1 -1.2246467991473532e-16
vn 0 1 -1.2246467991473532e-16
vn 0 1 -1.2246467991473532e-16
vn 0 1 -1.2246467991473532e-16
vn 0 1 -1.2246467991473532e-16
vn 0 1 -1.2246467991473532e-16
vn 0 1 -1.2246467991473532e-16
vn 0 1 -1.2246467991473532e-16
vn -1 0 0
vn -1 0 0
vn -1 0 0
vn -1 0 0
vn 0.41380295103732534 0.9103664744007224 -1.1148773889259053e-16
vn 0.41380295103732534 0.9103664744007224 -1.1148773889259053e-16
vn 0.41380295103732534 0.9103664744007224 -1.1148773889259053e-16
vn 0.41380295103732534 0.9103664744007224 -1.1148773889259053e-16
vn 1 0 0
vn 1 0 0
vn 1 0 0
vn 1 0 0
vn -1 0 0
vn -1 0 0
vn -1 0 0
vn -1 0 0
vn -1 0 0
vn -1 0 0
vn -1 0 0
vn -1 0 0
vn -1 0 0
vn -1 0 0
vn -1 0 0
vn -1 0 0
vn -1 0 0
vn -1 0 0
vn -1 0 0
vn -1 0 0
vn -1 0 0
vn -1 0 0
vn -1 0 0
vn -1 0 0
vn 1 0 0
vn 1 0 0
vn 1 0 0
vn 1 0 0
vn -1 0 0
vn -1 0 0
vn -1 0 0
vn -1 0 0
vn 0.9103664744007224 0.41380295103732534 -5.067624594655893e-17
vn 0.9103664744007224 0.41380295103732534 -5.067624594655893e-17
vn 0.9103664744007224 0.41380295103732534 -5.067624594655893e-17
vn 0.9103664744007224 0.41380295103732534 -5.067624594655893e-17
f 4818/4818/4818 4817/4817/4817 4816/4816/4816
f 4817/4817/4817 4818/4818/4818 4819/4819/4819
f 4822/4822/4822 4821/4821/4821 4820/4820/4820
f 4821/4821/4821 4822/4822/4822 4823/4823/4823
f 4826/4826/4826 4825/4825/4825 4824/4824/4824
f 4825/4825/4825 4826/4826/4826 4827/4827/4827
f 4830/4830/4830 4829/4829/4829 4828/4828/4828
f 4829/4829/4829 4830/4830/4830 4831/4831/4831
f 4834/4834/4834 4833/4833/4833 4832/4832/4832
f 4833/4833/4833 4834/4834/4834 4835/4835/4835
f 4838/4838/4838 4837/4837/4837 4836/4836/4836
f 4837/4837/4837 4838/4838/4838 4839/4839/4839
f 4842/4842/4842 4841/4841/4841 4840/4840/4840
f 4841/4841/4841 4842/4842/4842 4843/4843/4843
f 4846/4846/4846 4845/4845/4845 4844/4844/4844
f 4845/4845/4845 4846/4846/4846 4847/4847/4847
f 4850/4850/4850 4849/4849/4849 4848/4848/4848
f 4849/4849/4849 4850/4850/4850 4851/4851/4851
f 4854/4854/4854 4853/4853/4853 4852/4852/4852
f 4853/4853/4853 4854/4854/4854 4855/4855/4855
f 4858/4858/4858 4857/4857/4857 4856/4856/4856
f 4857/4857/4857 4858/4858/4858 4859/4859/4859
f 4862/4862/4862 4861/4861/4861 4860/4860/4860
f 4861/4861/4861 4862/4862/4862 4863/4863/4863
f 4866/4866/4866 4865/4865/4865 4864/4864/4864
f 4865/4865/4865 4866/4866/4866 4867/4867/4867
f 4870/4870/4870 4869/4869/4869 4868/4868/4868
f 4869/4869/4869 4870/4870/4870 4871/4871/4871
f 4874/4874/4874 4873/4873/4873 4872/4872/4872
f 4873/4873/4873 4874/4874/4874 4875/4875/4875
o mesh_83
usemtl mat5
v 0 67.19999999999997 -204.8
v 0 51.199999999999974 -204.8
v 8 68.79999999999997 -204.8
vt 0.6171875 0.4921875
vt 0.6171875 0.4921875
vt 0.6171875 0.4921875
vn 0 -1.2246467991473532e-16 -1
vn 0 -1.2246467991473532e-16 -1
vn 0 -1.2246467991473532e-16 -1
f 4878/4878/4878 4877/4877/4877 4876/4876/4876
o mesh_84
usemtl mat18
v 0 76.8 -64.00000000000001
v -25.6 76.8 -64.00000000000001
v 0 76.8 -115.20000000000002
v -25.6 76.8 -115.20000000000002
v 8 68.79999999999998 -102.40000000000002
v 0 76.8 -102.40000000000002
v 8 68.79999999999998 -115.20000000000002
v 0 76.8 -115.20000000000002
v 8 68.79999999999998 -64.00000000000001
v 0 76.8 -64.00000000000001
v 8 68.79999999999998 -76.80000000000003
v 0 76.8 -76.80000000000003
v 8 68.79999999999998 -166.4
v 8 68.79999999999998 -153.60000000000002
v 0 67.19999999999999 -166.4
v 0 67.19999999999999 -153.60000000000002
v 0 67.19999999999997 -179.20000000000002
v 0 67.19999999999997 -204.8
v 8 68.79999999999997 -179.20000000000002
v 8 68.79999999999997 -204.8
v 0 67.19999999999999 -166.4
v 0 67.19999999999997 -179.20000000000002
v 8 68.79999999999998 -166.4
v 8 68.79999999999997 -179.20000000000002
vt 0.96875 0.96875
vt 0.96875 0.96875
vt 0.96875 0.96875
vt 0.96875 0.96875
vt 0.96875 0.96875
vt 0.96875 0.96875
vt 0.96875 0.96875
vt 0.96875 0.96875
vt 0.96875 0.96875
vt 0.96875 0.96875
vt 0.96875 0.96875
vt 0.96875 0.96875
vt 0.96875 0.96875
vt 0.96875 0.96875
vt 0.96875 0.96875
vt 0.96875 0.96875
vt 0.96875 0.96875
vt 0.96875 0.96875
vt 0.96875 0.96875
vt 0.96875 0.96875
vt 0.96875 0.96875
vt 0.96875 0.96875
vt 0.96875 0.96875
vt 0.96875 0.96875
vn 0 1 -1.2246467991473532e-16
vn 0 1 -1.2246467991473532e-16
vn 0 1 -1.2246467991473532e-16
vn 0 1 -1.2246467991473532e-16
vn 0.7071067811865475 0.7071067811865475 -8.659560562354932e-17
vn 0.7071067811865475 0.7071067811865475 -8.659560562354932e-17
vn 0.7071067811865475 0.7071067811865475 -8.659560562354932e-17
vn 0.7071067811865475 0.7071067811865475 -8.659560562354932e-17
vn 0.7071067811865475 0.7071067811865475 -8.659560562354932e-17
vn 0.7071067811865475 0.7071067811865475 -8.659560562354932e-17
vn 0.7071067811865475 0.7071067811865475 -8.659560562354932e-17
vn 0.7071067811865475 0.7071067811865475 -8.659560562354932e-17
vn -0.19611613227257615 0.9805806762640419 -1.2008649864925056e-16
vn -0.19611613227257615 0.9805806762640419 -1.2008649864925056e-16
vn -0.19611613227257615 0.9805806762640419 -1.2008649864925056e-16
vn -0.19611613227257615 0.9805806762640419 -1.2008649864925056e-16
vn -0.19611613227257615 0.9805806762640419 -1.2008649864925056e-16
vn -0.19611613227257615 0.9805806762640419 -1.2008649864925056e-16
vn -0.19611613227257615 0.9805806762640419 -1.2008649864925056e-16
vn -0.19611613227257615 0.9805806762640419 -1.2008649864925056e-16
vn -0.19611613227257615 0.9805806762640419 -1.2008649864925056e-16
vn -0.19611613227257615 0.9805806762640419 -1.2008649864925056e-16
vn -0.19611613227257615 0.9805806762640419 -1.2008649864925056e-16
vn -0.19611613227257615 0.9805806762640419 -1.2008649864925056e-16
f 4881/4881/4881 4880/4880/4880 4879/4879/4879
f 4880/4880/4880 4881/4881/4881 4882/4882/4882
f 4885/4885/4885 4884/4884/4884 4883/4883/4883
f 4884/4884/4884 4885/4885/4885 4886/4886/4886
f 4889/4889/4889 4888/4888/4888 4887/4887/4887
f 4888/4888/4888 4889/4889/4889 4890/4890/4890
f 4893/4893/4893 4892/4892/4892 4891/4891/4891
f 4892/4892/4892 4893/4893/4893 4894/4894/4894
f 4897/4897/4897 4896/4896/4896 4895/4895/4895
f 4896/4896/4896 4897/4897/4897 4898/4898/4898
f 4901/4901/4901 4900/4900/4900 4899/4899/4899
f 4900/4900/4900 4901/4901/4901 4902/4902/4902
o mesh_85
usemtl mat4
v 64 -7.83773951454306e-15 -64
v 64 -9.405287417451674e-15 -76.80000000000001
v 89.60000000000001 -6.270191611634449e-15 -51.2
v 89.60000000000001 -9.405287417451674e-15 -76.80000000000001
v 64 -4.702643708725837e-15 -38.400000000000006
v 64 -6.270191611634449e-15 -51.2
v 89.60000000000001 -3.1350958058172244e-15 -25.6
v 89.60000000000001 -6.270191611634449e-15 -51.2
v 25.6 -2.3513218543629183e-14 -192
v 25.6 -2.194567064072057e-14 -179.20000000000002
v 0 -2.5080766446537795e-14 -204.8
v 0 -2.194567064072057e-14 -179.20000000000002
v 64 -1.0972835320360286e-14 -89.60000000000001
v 64 -1.2540383223268897e-14 -102.4
v 89.60000000000001 -9.405287417451674e-15 -76.80000000000001
v 89.60000000000001 -1.2540383223268897e-14 -102.4
vt 0.75 0.375
vt 0.75 0.25
vt 0.9921875 0.4921875
vt 0.9921875 0.25
vt 0.75 0.125
vt 0.75 0
vt 0.9921875 0.25
vt 0.9921875 0
vt 0.875 0.125
vt 0.875 0.25
vt 0.625 0
vt 0.625 0.25
vt 0.75 0.125
vt 0.75 0
vt 0.9921875 0.25
vt 0.9921875 0
vn 0 1 -1.2246467991473532e-16
vn 0 1 -1.2246467991473532e-16
vn 0 1 -1.2246467991473532e-16
vn 0 1 -1.2246467991473532e-16
vn 0 1 -1.2246467991473532e-16
vn 0 1 -1.2246467991473532e-16
vn 0 1 -1.2246467991473532e-16
vn 0 1 -1.2246467991473532e-16
vn 0 1 -1.2246467991473532e-16
vn 0 1 -1.2246467991473532e-16
vn 0 1 -1.2246467991473532e-16
vn 0 1 -1.2246467991473532e-16
vn 0 1 -1.2246467991473532e-16
vn 0 1 -1.2246467991473532e-16
vn 0 1 -1.2246467991473532e-16
vn 0 1 -1.2246467991473532e-16
f 4905/4905/4905 4904/4904/4904 4903/4903/4903
f 4904/4904/4904 4905/4905/4905 4906/4906/4906
f 4909/4909/4909 4908/4908/4908 4907/4907/4907
f 4908/4908/4908 4909/4909/4909 4910/4910/4910
f 4913/4913/4913 4912/4912/4912 4911/4911/4911
f 4912/4912/4912 4913/4913/4913 4914/4914/4914
f 4917/4917/4917 4916/4916/4916 4915/4915/4915
f 4916/4916/4916 4917/4917/4917 4918/4918/4918
o mesh_86
usemtl mat7
v 12 19.2 -39.2
v 0.8 19.2 -39.2
v 12 19.199999999999996 -50.400000000000006
v 0.8 19.199999999999996 -50.400000000000006
v 12 6.399999999999994 -52
v 0.8 6.399999999999994 -52
v 12 6.399999999999992 -63.2
v 0.8 6.399999999999992 -63.2
v 1.6 19.199999999999996 -51.2
v 0 19.2 -40
v 12.8 19.199999999999996 -49.6
v 11.200000000000001 19.2 -38.400000000000006
vt 0.6796875 0
vt 0.6796875 0.1796875
vt 0.5 0
vt 0.5 0.1796875
vt 0.6796875 0.1796875
vt 0.5 0.1796875
vt 0.6796875 0
vt 0.5 0
vt 0.5 0
vt 0.6796875 0
vt 0.5 0.1796875
vt 0.6796875 0.1796875
vn 0 1 -1.2246467991473532e-16
vn 0 1 -1.2246467991473532e-16
vn 0 1 -1.2246467991473532e-16
vn 0 1 -1.2246467991473532e-16
vn 0 1 -1.2246467991473532e-16
vn 0 1 -1.2246467991473532e-16
vn 0 1 -1.2246467991473532e-16
vn 0 1 -1.2246467991473532e-16
vn 0 -1 1.2246467991473532e-16
vn 0 -1 1.2246467991473532e-16
vn 0 -1 1.2246467991473532e-16
vn 0 -1 1.2246467991473532e-16
f 4921/4921/4921 4920/4920/4920 4919/4919/4919
f 4920/4920/4920 4921/4921/4921 4922/4922/4922
f 4925/4925/4925 4924/4924/4924 4923/4923/4923
f 4924/4924/4924 4925/4925/4925 4926/4926/4926
f 4929/4929/4929 4928/4928/4928 4927/4927/4927
f 4928/4928/4928 4929/4929/4929 4930/4930/4930
o mesh_87
usemtl mat4
v 12.8 12.799999999999995 -38.400000000000006
v 0 12.799999999999995 -38.400000000000006
v 12.8 12.799999999999994 -51.2
v 0 12.799999999999994 -51.2
vt 0.75 0.25
vt 0.5 0.25
vt 0.75 0
vt 0.5 0
vn 0 1 -1.2246467991473532e-16
vn 0 1 -1.2246467991473532e-16
vn 0 1 -1.2246467991473532e-16
vn 0 1 -1.2246467991473532e-16
f 4933/4933/4933 4932/4932/4932 4931/4931/4931
f 4932/4932/4932 4933/4933/4933 4934/4934/4934
o mesh_88
usemtl mat6
v 89.60000000000001 35.99999999999998 -160
v 89.60000000000001 31.999999999999982 -157.60000000000002
v 92.80000000000001 31.999999999999982 -159.20000000000002
v 92.80000000000001 31.99999999999998 -160.8
v 89.60000000000001 31.99999999999998 -162.4
v 89.60000000000001 35.99999999999998 -160
v 89.60000000000001 35.99999999999998 -160
v 92.80000000000001 31.999999999999982 -159.20000000000002
v 92.80000000000001 31.99999999999998 -160.8
v 92.80000000000001 25.59999999999998 -161.60000000000002
v 92.80000000000001 25.599999999999984 -158.4
v 89.60000000000001 25.59999999999998 -163.20000000000002
v 89.60000000000001 25.599999999999984 -156.8
v 92.80000000000001 25.599999999999984 -158.4
v 92.80000000000001 31.999999999999982 -159.20000000000002
v 89.60000000000001 25.599999999999984 -156.8
v 89.60000000000001 31.999999999999982 -157.60000000000002
v 92.80000000000001 31.99999999999998 -160.8
v 92.80000000000001 25.59999999999998 -161.60000000000002
v 89.60000000000001 31.99999999999998 -162.4
v 89.60000000000001 25.59999999999998 -163.20000000000002
v 92.80000000000001 31.99999999999998 -160.8
v 92.80000000000001 31.999999999999982 -159.20000000000002
v 92.80000000000001 25.59999999999998 -161.60000000000002
v 92.80000000000001 25.599999999999984 -158.4
vt 0.4375 0.1328125
vt 0.4609375 0.1875
vt 0.4453125 0.1875
vt 0.421875 0.1875
vt 0.40625 0.1875
vt 0.4375 0.1328125
vt 0.4375 0.1328125
vt 0.4453125 0.1875
vt 0.421875 0.1875
vt 0.40625 0.25
vt 0.453125 0.25
vt 0.40625 0.25
vt 0.46875 0.25
vt 0.4453125 0.25
vt 0.4453125 0.1875
vt 0.46875 0.25
vt 0.4609375 0.1875
vt 0.421875 0.1875
vt 0.421875 0.25
vt 0.40625 0.1875
vt 0.3984375 0.25
vt 0.421875 0.1875
vt 0.4453125 0.1875
vt 0.421875 0.25
vt 0.4453125 0.25
vn -0.3940552075621323 -0.47286622523270155 -0.7881104151242645
vn -0.3940552075621323 -0.47286622523270155 -0.7881104151242645
vn -0.3940552075621323 -0.47286622523270155 -0.7881104151242645
vn -0.3940552075621323 -0.4728662252327014 0.7881104151242647
vn -0.3940552075621323 -0.4728662252327014 0.7881104151242647
vn -0.3940552075621323 -0.4728662252327014 0.7881104151242647
vn -0.7808688094430304 -0.6246950475544243 7.650307904307292e-17
vn -0.7808688094430304 -0.6246950475544243 7.650307904307292e-17
vn -0.7808688094430304 -0.6246950475544243 7.650307904307292e-17
vn 0 1 -1.2246467991473532e-16
vn 0 1 -1.2246467991473532e-16
vn 0 1 -1.2246467991473532e-16
vn 0 1 -1.2246467991473532e-16
vn -0.4444444444444445 -0.11111111111111123 -0.888888888888889
vn -0.4444444444444445 -0.11111111111111123 -0.888888888888889
vn -0.4444444444444445 -0.11111111111111123 -0.888888888888889
vn -0.4444444444444445 -0.11111111111111123 -0.888888888888889
vn -0.4444444444444445 -0.11111111111111101 0.888888888888889
vn -0.4444444444444445 -0.11111111111111101 0.888888888888889
vn -0.4444444444444445 -0.11111111111111101 0.888888888888889
vn -0.4444444444444445 -0.11111111111111101 0.888888888888889
vn -1 0 0
vn -1 0 0
vn -1 0 0
vn -1 0 0
f 4937/4937/4937 4936/4936/4936 4935/4935/4935
f 4940/4940/4940 4939/4939/4939 4938/4938/4938
f 4943/4943/4943 4942/4942/4942 4941/4941/4941
f 4946/4946/4946 4945/4945/4945 4944/4944/4944
f 4945/4945/4945 4946/4946/4946 4947/4947/4947
f 4950/4950/4950 4949/4949/4949 4948/4948/4948
f 4949/4949/4949 4950/4950/4950 4951/4951/4951
f 4954/4954/4954 4953/4953/4953 4952/4952/4952
f 4953/4953/4953 4954/4954/4954 4955/4955/4955
f 4958/4958/4958 4957/4957/4957 4956/4956/4956
f 4957/4957/4957 4958/4958/4958 4959/4959/4959
o mesh_89
usemtl mat6
v 0 12.799999999999994 -64
v 0 12.799999999999994 -51.2
v 0 19.199999999999996 -51.2
v 0 12.799999999999994 -64
v 0 -7.83773951454306e-15 -64
v 0 12.799999999999994 -51.2
v 0 -6.270191611634449e-15 -51.2
v 0 19.2 -38.400000000000006
v 0 25.599999999999998 -38.400000000000006
v 0 19.199999999999996 -51.2
v 0 25.599999999999994 -51.2
v 0 19.199999999999996 -51.2
v 0 12.799999999999994 -51.2
v 0 19.2 -38.400000000000006
v 0 12.799999999999995 -38.400000000000006
vt 0.375 0.375
vt 0.25 0.375
vt 0.25 0.3125
vt 0.375 0.375
vt 0.375 0.4921875
vt 0.25 0.375
vt 0.25 0.4921875
vt 0.125 0.3125
vt 0.125 0.25
vt 0.2421875 0.3125
vt 0.2421875 0.25
vt 0.2421875 0.3125
vt 0.2421875 0.3671875
vt 0.125 0.3125
vt 0.125 0.3671875
vn 1 0 0
vn 1 0 0
vn 1 0 0
vn 1 0 0
vn 1 0 0
vn 1 0 0
vn 1 0 0
vn 1 0 0
vn 1 0 0
vn 1 0 0
vn 1 0 0
vn 1 0 0
vn 1 0 0
vn 1 0 0
vn 1 0 0
f 4962/4962/4962 4961/4961/4961 4960/4960/4960
f 4965/4965/4965 4964/4964/4964 4963/4963/4963
f 4964/4964/4964 4965/4965/4965 4966/4966/4966
f 4969/4969/4969 4968/4968/4968 4967/4967/4967
f 4968/4968/4968 4969/4969/4969 4970/4970/4970
f 4973/4973/4973 4972/4972/4972 4971/4971/4971
f 4972/4972/4972 4973/4973/4973 4974/4974/4974
