mtllib MAP157.mtl
o mesh_0
usemtl mat0
v 140.8 12.8 -1.5675479029086122e-15
v 153.60000000000002 12.8 -1.5675479029086122e-15
v 147.20000000000002 12.8 6.399999999999999
vt 0.7421875 0.3046875
vt 0.625 0.3046875
vt 0.6796875 0.25
vn 0 1 -1.2246467991473532e-16
vn 0 1 -1.2246467991473532e-16
vn 0 1 -1.2246467991473532e-16
f 3/3/3 2/2/2 1/1/1
o mesh_1
usemtl mat0
v 0 -1.567547902908612e-14 -128
v -6.4 -1.645925298054043e-14 -134.4
v 0 -1.7243026931994733e-14 -140.8
vt 0.625 0.3046875
vt 0.6796875 0.25
vt 0.7421875 0.3046875
vn 0 1 -1.2246467991473532e-16
vn 0 1 -1.2246467991473532e-16
vn 0 1 -1.2246467991473532e-16
f 6/6/6 5/5/5 4/4/4
o mesh_2
usemtl mat0
v 281.6 -1.7243026931994733e-14 -140.8
v 288 -1.645925298054043e-14 -134.4
v 281.6 -1.567547902908612e-14 -128
vt 0.625 0.3046875
vt 0.6796875 0.25
vt 0.7421875 0.3046875
vn 0 1 -1.2246467991473532e-16
vn 0 1 -1.2246467991473532e-16
vn 0 1 -1.2246467991473532e-16
f 9/9/9 8/8/8 7/7/7
o mesh_3
usemtl mat0
v 281.6 89.59999999999997 -332.8
v 288 89.59999999999997 -326.40000000000003
v 281.6 89.59999999999997 -320
vt 0.625 0.3046875
vt 0.6796875 0.25
vt 0.7421875 0.3046875
vn 0 1 -1.2246467991473532e-16
vn 0 1 -1.2246467991473532e-16
vn 0 1 -1.2246467991473532e-16
f 12/12/12 11/11/11 10/10/10
o mesh_4
usemtl mat1
v 0.1 13 -0.2000000000000016
v 12.9 13 -0.2000000000000016
v 0.1 25.8 -0.20000000000000318
v 12.9 25.8 -0.20000000000000318
v 0.1 13 -0.2000000000000016
v 0.1 0.19999999999999998 -0.20000000000000004
v 12.9 13 -0.2000000000000016
v 12.9 0.19999999999999998 -0.20000000000000004
v 0.1 25.8 -0.20000000000000318
v 12.9 25.8 -0.20000000000000318
v 0.1 13 -0.2000000000000016
v 12.9 13 -0.2000000000000016
v 12.9 13 -0.2000000000000016
v 12.9 0.19999999999999998 -0.20000000000000004
v 0.1 13 -0.2000000000000016
v 0.1 0.19999999999999998 -0.20000000000000004
vt 0.375 0.875
vt 0.4921875 0.875
vt 0.375 0.75
vt 0.4921875 0.75
vt 0.375 0.875
vt 0.375 0.9921875
vt 0.4921875 0.875
vt 0.4921875 0.9921875
vt 0.375 0.75
vt 0.4921875 0.75
vt 0.375 0.875
vt 0.4921875 0.875
vt 0.4921875 0.875
vt 0.4921875 0.9921875
vt 0.375 0.875
vt 0.375 0.9921875
vn 0 -1.2246467991473532e-16 -1
vn 0 -1.2246467991473532e-16 -1
vn 0 -1.2246467991473532e-16 -1
vn 0 -1.2246467991473532e-16 -1
vn 0 -1.2246467991473532e-16 -1
vn 0 -1.2246467991473532e-16 -1
vn 0 -1.2246467991473532e-16 -1
vn 0 -1.2246467991473532e-16 -1
vn 0 1.2246467991473532e-16 1
vn 0 1.2246467991473532e-16 1
vn 0 1.2246467991473532e-16 1
vn 0 1.2246467991473532e-16 1
vn 0 1.2246467991473532e-16 1
vn 0 1.2246467991473532e-16 1
vn 0 1.2246467991473532e-16 1
vn 0 1.2246467991473532e-16 1
f 15/15/15 14/14/14 13/13/13
f 14/14/14 15/15/15 16/16/16
f 19/19/19 18/18/18 17/17/17
f 18/18/18 19/19/19 20/20/20
f 23/23/23 22/22/22 21/21/21
f 22/22/22 23/23/23 24/24/24
f 27/27/27 26/26/26 25/25/25
f 26/26/26 27/27/27 28/28/28
o mesh_5
usemtl mat2
v 76.80000000000001 25.599999999999966 -281.6
v 89.60000000000001 25.599999999999966 -294.40000000000003
v 89.60000000000001 25.599999999999966 -281.6
v 76.80000000000001 25.599999999999966 -281.6
v 76.80000000000001 31.999999999999964 -294.40000000000003
v 89.60000000000001 25.599999999999966 -294.40000000000003
v 76.80000000000001 6.399999999999974 -217.60000000000002
v 76.80000000000001 12.799999999999972 -230.4
v 89.60000000000001 12.799999999999972 -230.4
v 192 25.59999999999997 -268.8
v 192 25.59999999999997 -256
v 179.20000000000002 25.59999999999997 -256
v 76.80000000000001 25.59999999999997 -268.8
v 76.80000000000001 25.599999999999966 -281.6
v 89.60000000000001 25.599999999999966 -281.6
v 76.80000000000001 19.199999999999974 -243.20000000000002
v 76.80000000000001 25.59999999999997 -256
v 89.60000000000001 19.199999999999974 -243.20000000000002
v 89.60000000000001 25.59999999999997 -256
v 0 -1.7243026931994733e-14 -140.8
v 12.8 -1.7243026931994733e-14 -140.8
v 0 -1.567547902908612e-14 -128
v 12.8 -1.567547902908612e-14 -128
v 89.60000000000001 19.199999999999974 -243.20000000000002
v 89.60000000000001 12.799999999999972 -230.4
v 76.80000000000001 19.199999999999974 -243.20000000000002
v 76.80000000000001 12.799999999999972 -230.4
vt 0.4375 0.7265625
vt 0.3125 0.6015625
vt 0.3125 0.7265625
vt 0.4375 0.7265625
vt 0.4375 0.6015625
vt 0.3125 0.6015625
vt 0.0625 0.875
vt 0.0625 0.75
vt 0.1875 0.75
vt 0.1875 0.9921875
vt 0.0625 0.9921875
vt 0.0625 0.875
vt 0.0625 0.875
vt 0.0625 0.75
vt 0.1875 0.75
vt 0.0625 0.625
vt 0.0625 0.5
vt 0.1875 0.625
vt 0.1875 0.5
vt 0.1875 0.875
vt 0.1875 0.75
vt 0.3125 0.875
vt 0.3125 0.75
vt 0.1875 0.625
vt 0.1875 0.75
vt 0.0625 0.625
vt 0.0625 0.75
vn 0 1 -1.2246467991473532e-16
vn 0 1 -1.2246467991473532e-16
vn 0 1 -1.2246467991473532e-16
vn 0.408248290463863 0.816496580927726 0.40824829046386296
vn 0.408248290463863 0.816496580927726 0.40824829046386296
vn 0.408248290463863 0.816496580927726 0.40824829046386296
vn 0 0.894427190999916 0.4472135954999579
vn 0 0.894427190999916 0.4472135954999579
vn 0 0.894427190999916 0.4472135954999579
vn 0 1 -1.2246467991473532e-16
vn 0 1 -1.2246467991473532e-16
vn 0 1 -1.2246467991473532e-16
vn 0 1 -1.2246467991473532e-16
vn 0 1 -1.2246467991473532e-16
vn 0 1 -1.2246467991473532e-16
vn 0 0.894427190999916 0.4472135954999579
vn 0 0.894427190999916 0.4472135954999579
vn 0 0.894427190999916 0.4472135954999579
vn 0 0.894427190999916 0.4472135954999579
vn 0 1 -1.2246467991473532e-16
vn 0 1 -1.2246467991473532e-16
vn 0 1 -1.2246467991473532e-16
vn 0 1 -1.2246467991473532e-16
vn 0 0.894427190999916 0.4472135954999579
vn 0 0.894427190999916 0.4472135954999579
vn 0 0.894427190999916 0.4472135954999579
vn 0 0.894427190999916 0.4472135954999579
f 31/31/31 30/30/30 29/29/29
f 34/34/34 33/33/33 32/32/32
f 37/37/37 36/36/36 35/35/35
f 40/40/40 39/39/39 38/38/38
f 43/43/43 42/42/42 41/41/41
f 46/46/46 45/45/45 44/44/44
f 45/45/45 46/46/46 47/47/47
f 50/50/50 49/49/49 48/48/48
f 49/49/49 50/50/50 51/51/51
f 54/54/54 53/53/53 52/52/52
f 53/53/53 54/54/54 55/55/55
o mesh_6
usemtl mat3
v 217.60000000000002 25.599999999999977 -192
v 211.20000000000002 25.599999999999977 -198.4
v 217.60000000000002 25.599999999999977 -204.8
v 217.60000000000002 76.79999999999997 -345.6
v 217.60000000000002 76.79999999999997 -320
v 204.8 76.79999999999997 -320
v 256 76.79999999999997 -320
v 243.20000000000002 76.79999999999997 -320
v 243.20000000000002 83.19999999999996 -320
v 166.4 51.199999999999974 -249.60000000000002
v 153.60000000000002 51.199999999999974 -249.60000000000002
v 166.4 51.199999999999974 -256
v 153.60000000000002 51.199999999999974 -256
v 204.8 51.19999999999998 -160
v 217.60000000000002 51.19999999999998 -160
v 204.8 51.19999999999998 -153.60000000000002
v 217.60000000000002 51.19999999999998 -153.60000000000002
v 204.8 51.19999999999998 -153.60000000000002
v 192 51.19999999999998 -153.60000000000002
v 204.8 51.19999999999998 -160
v 192 51.19999999999998 -160
v 153.60000000000002 51.19999999999998 -160
v 166.4 51.19999999999998 -160
v 153.60000000000002 51.19999999999998 -153.60000000000002
v 166.4 51.19999999999998 -153.60000000000002
v 217.60000000000002 76.79999999999997 -307.20000000000005
v 217.60000000000002 76.79999999999997 -320
v 230.4 76.79999999999997 -307.20000000000005
v 230.4 76.79999999999997 -320
v 217.60000000000002 76.79999999999997 -307.20000000000005
v 217.60000000000002 76.79999999999997 -294.40000000000003
v 204.8 76.79999999999997 -307.20000000000005
v 204.8 76.79999999999997 -294.40000000000003
v 256 89.59999999999997 -332.8
v 256 89.59999999999997 -345.6
v 268.8 89.59999999999997 -332.8
v 268.8 89.59999999999997 -345.6
v 230.4 83.19999999999996 -332.8
v 230.4 83.19999999999996 -320
v 217.60000000000002 83.19999999999996 -332.8
v 217.60000000000002 83.19999999999996 -320
v 268.8 70.39999999999998 -243.20000000000002
v 268.8 70.39999999999998 -230.4
v 256 70.39999999999998 -243.20000000000002
v 256 70.39999999999998 -230.4
v 211.20000000000002 25.59999999999998 -166.4
v 211.20000000000002 25.59999999999998 -179.20000000000002
v 217.60000000000002 25.59999999999998 -166.4
v 217.60000000000002 25.59999999999998 -179.20000000000002
v 243.20000000000002 51.19999999999998 -192
v 243.20000000000002 51.199999999999974 -204.8
v 256 51.19999999999998 -192
v 256 51.199999999999974 -204.8
v 204.8 76.79999999999997 -307.20000000000005
v 204.8 76.79999999999997 -294.40000000000003
v 192 76.79999999999997 -300.8
v 192 76.79999999999997 -294.40000000000003
v 192 76.79999999999997 -300.8
v 192 76.79999999999997 -320
v 204.8 76.79999999999997 -307.20000000000005
v 204.8 76.79999999999997 -320
v 268.8 89.59999999999997 -332.8
v 268.8 89.59999999999997 -320
v 256 89.59999999999997 -332.8
v 256 89.59999999999997 -320
v 230.4 83.19999999999996 -332.8
v 230.4 83.19999999999996 -345.6
v 243.20000000000002 83.19999999999996 -332.8
v 243.20000000000002 83.19999999999996 -345.6
v 256 51.199999999999974 -204.8
v 256 51.199999999999974 -217.60000000000002
v 268.8 51.199999999999974 -204.8
v 268.8 51.199999999999974 -217.60000000000002
v 256 51.19999999999998 -192
v 256 51.19999999999998 -179.20000000000002
v 243.20000000000002 51.19999999999998 -192
v 243.20000000000002 51.19999999999998 -179.20000000000002
v 230.4 76.79999999999997 -320
v 217.60000000000002 76.79999999999997 -320
v 230.4 83.19999999999996 -320
v 217.60000000000002 83.19999999999996 -320
v 243.20000000000002 51.19999999999998 -192
v 243.20000000000002 51.19999999999998 -179.20000000000002
v 230.4 51.19999999999998 -192
v 230.4 51.19999999999998 -179.20000000000002
v 243.20000000000002 51.19999999999998 -192
v 230.4 51.19999999999998 -192
v 243.20000000000002 51.199999999999974 -204.8
v 230.4 51.199999999999974 -204.8
v 256 51.19999999999998 -192
v 256 51.199999999999974 -204.8
v 268.8 51.19999999999998 -192
v 268.8 51.199999999999974 -204.8
v 230.4 51.19999999999998 -179.20000000000002
v 217.60000000000002 51.19999999999998 -179.20000000000002
v 230.4 51.19999999999998 -192
v 217.60000000000002 51.19999999999998 -192
v 217.60000000000002 83.19999999999996 -332.8
v 217.60000000000002 83.19999999999996 -345.6
v 230.4 83.19999999999996 -332.8
v 230.4 83.19999999999996 -345.6
v 243.20000000000002 83.19999999999996 -332.8
v 243.20000000000002 83.19999999999996 -320
v 230.4 83.19999999999996 -332.8
v 230.4 83.19999999999996 -320
v 243.20000000000002 89.59999999999997 -332.8
v 243.20000000000002 89.59999999999997 -345.6
v 256 89.59999999999997 -332.8
v 256 89.59999999999997 -345.6
v 230.4 76.79999999999997 -307.20000000000005
v 230.4 76.79999999999997 -320
v 243.20000000000002 76.79999999999997 -307.20000000000005
v 243.20000000000002 76.79999999999997 -320
v 192 19.199999999999974 -243.20000000000002
v 192 19.199999999999974 -230.4
v 192 25.599999999999973 -243.20000000000002
v 192 25.599999999999973 -230.4
v 211.20000000000002 25.599999999999977 -198.4
v 217.60000000000002 25.599999999999977 -192
v 211.20000000000002 25.59999999999998 -179.20000000000002
v 217.60000000000002 25.59999999999998 -179.20000000000002
v 204.8 19.199999999999978 -204.8
v 217.60000000000002 19.199999999999978 -204.8
v 204.8 25.599999999999977 -204.8
v 217.60000000000002 25.599999999999977 -204.8
v 256 89.59999999999997 -332.8
v 256 89.59999999999997 -320
v 243.20000000000002 89.59999999999997 -332.8
v 243.20000000000002 89.59999999999997 -320
v 185.60000000000002 25.599999999999973 -217.60000000000002
v 185.60000000000002 25.599999999999973 -230.4
v 192 25.599999999999973 -217.60000000000002
v 192 25.599999999999973 -230.4
v 192 25.599999999999973 -217.60000000000002
v 192 25.599999999999973 -230.4
v 192 19.199999999999974 -217.60000000000002
v 192 19.199999999999974 -230.4
v 217.60000000000002 51.19999999999998 -192
v 217.60000000000002 51.199999999999974 -204.8
v 230.4 51.19999999999998 -192
v 230.4 51.199999999999974 -204.8
v 230.4 70.39999999999998 -230.4
v 243.20000000000002 70.39999999999998 -230.4
v 230.4 70.39999999999998 -217.60000000000002
v 243.20000000000002 70.39999999999998 -217.60000000000002
v 185.60000000000002 25.599999999999973 -243.20000000000002
v 185.60000000000002 25.59999999999997 -249.60000000000002
v 192 25.599999999999973 -243.20000000000002
v 192 25.59999999999997 -249.60000000000002
v 185.60000000000002 25.599999999999977 -204.8
v 192 25.599999999999977 -204.8
v 185.60000000000002 25.599999999999977 -198.4
v 192 25.599999999999977 -198.4
v 204.8 25.599999999999977 -198.4
v 192 25.599999999999977 -198.4
v 204.8 25.599999999999977 -204.8
v 192 25.599999999999977 -204.8
v 256 51.199999999999974 -217.60000000000002
v 256 51.199999999999974 -204.8
v 243.20000000000002 51.199999999999974 -217.60000000000002
v 243.20000000000002 51.199999999999974 -204.8
v 230.4 38.39999999999998 -217.60000000000002
v 233.60000000000002 38.39999999999998 -217.60000000000002
v 230.4 38.39999999999998 -204.8
v 233.60000000000002 38.39999999999998 -204.8
v 227.20000000000002 35.199999999999974 -217.60000000000002
v 230.4 35.199999999999974 -217.60000000000002
v 227.20000000000002 35.199999999999974 -204.8
v 230.4 35.199999999999974 -204.8
v 224 31.99999999999997 -217.60000000000002
v 227.20000000000002 31.99999999999997 -217.60000000000002
v 224 31.999999999999975 -204.8
v 227.20000000000002 31.999999999999975 -204.8
v 220.8 28.799999999999972 -217.60000000000002
v 224 28.799999999999972 -217.60000000000002
v 220.8 28.799999999999976 -204.8
v 224 28.799999999999976 -204.8
v 220.8 25.599999999999977 -204.8
v 217.60000000000002 25.599999999999977 -204.8
v 220.8 25.599999999999973 -217.60000000000002
v 217.60000000000002 25.599999999999973 -217.60000000000002
v 230.4 83.19999999999996 -320
v 243.20000000000002 83.19999999999996 -320
v 230.4 76.79999999999997 -320
v 243.20000000000002 76.79999999999997 -320
v 256 70.39999999999998 -243.20000000000002
v 243.20000000000002 70.39999999999998 -243.20000000000002
v 256 70.39999999999998 -256
v 243.20000000000002 70.39999999999998 -256
v 230.4 70.39999999999998 -243.20000000000002
v 217.60000000000002 70.39999999999998 -243.20000000000002
v 230.4 70.39999999999998 -256
v 217.60000000000002 70.39999999999998 -256
v 230.4 70.39999999999998 -217.60000000000002
v 217.60000000000002 70.39999999999998 -217.60000000000002
v 230.4 70.39999999999998 -230.4
v 217.60000000000002 70.39999999999998 -230.4
v 230.4 70.39999999999998 -230.4
v 217.60000000000002 70.39999999999998 -230.4
v 230.4 70.39999999999998 -243.20000000000002
v 217.60000000000002 70.39999999999998 -243.20000000000002
v 230.4 70.39999999999998 -256
v 243.20000000000002 70.39999999999998 -256
v 230.4 70.39999999999998 -243.20000000000002
v 243.20000000000002 70.39999999999998 -243.20000000000002
v 256 70.39999999999998 -243.20000000000002
v 256 70.39999999999998 -256
v 268.8 70.39999999999998 -243.20000000000002
v 268.8 70.39999999999998 -256
v 230.4 76.79999999999997 -307.20000000000005
v 230.4 76.79999999999997 -294.40000000000003
v 217.60000000000002 76.79999999999997 -307.20000000000005
v 217.60000000000002 76.79999999999997 -294.40000000000003
v 230.4 70.39999999999998 -243.20000000000002
v 243.20000000000002 70.39999999999998 -243.20000000000002
v 230.4 70.39999999999998 -230.4
v 243.20000000000002 70.39999999999998 -230.4
v 166.4 25.59999999999998 -185.60000000000002
v 166.4 25.59999999999998 -179.20000000000002
v 153.60000000000002 25.59999999999998 -185.60000000000002
v 153.60000000000002 25.59999999999998 -179.20000000000002
v 243.20000000000002 76.79999999999997 -307.20000000000005
v 243.20000000000002 76.79999999999997 -320
v 256 76.79999999999997 -307.20000000000005
v 256 76.79999999999997 -320
v 256 70.39999999999998 -217.60000000000002
v 256 70.39999999999998 -230.4
v 268.8 70.39999999999998 -217.60000000000002
v 268.8 70.39999999999998 -230.4
v 243.20000000000002 70.39999999999998 -230.4
v 256 70.39999999999998 -230.4
v 243.20000000000002 70.39999999999998 -217.60000000000002
v 256 70.39999999999998 -217.60000000000002
v 243.20000000000002 70.39999999999998 -243.20000000000002
v 256 70.39999999999998 -243.20000000000002
v 243.20000000000002 70.39999999999998 -230.4
v 256 70.39999999999998 -230.4
v 204.8 76.79999999999997 -307.20000000000005
v 204.8 76.79999999999997 -320
v 217.60000000000002 76.79999999999997 -307.20000000000005
v 217.60000000000002 76.79999999999997 -320
v 64 12.799999999999974 -217.60000000000002
v 64 12.799999999999972 -230.4
v 76.80000000000001 12.799999999999974 -217.60000000000002
v 76.80000000000001 12.799999999999972 -230.4
v 243.20000000000002 76.79999999999997 -307.20000000000005
v 243.20000000000002 76.79999999999997 -294.40000000000003
v 230.4 76.79999999999997 -307.20000000000005
v 230.4 76.79999999999997 -294.40000000000003
v 281.6 89.59999999999997 -320
v 268.8 89.59999999999997 -320
v 281.6 89.59999999999997 -332.8
v 268.8 89.59999999999997 -332.8
v 256 76.79999999999997 -307.20000000000005
v 256 76.79999999999997 -294.40000000000003
v 243.20000000000002 76.79999999999997 -307.20000000000005
v 243.20000000000002 76.79999999999997 -294.40000000000003
v 268.8 76.79999999999997 -307.20000000000005
v 268.8 76.79999999999997 -294.40000000000003
v 256 76.79999999999997 -307.20000000000005
v 256 76.79999999999997 -294.40000000000003
v 268.8 51.19999999999998 -192
v 268.8 51.19999999999998 -179.20000000000002
v 256 51.19999999999998 -192
v 256 51.19999999999998 -179.20000000000002
v 128 63.99999999999997 -243.20000000000002
v 128 63.99999999999997 -230.4
v 115.2 63.99999999999997 -243.20000000000002
v 115.2 63.99999999999997 -230.4
v 140.8 63.99999999999998 -166.4
v 140.8 63.99999999999998 -179.20000000000002
v 153.60000000000002 63.99999999999998 -166.4
v 153.60000000000002 63.99999999999998 -179.20000000000002
v 128 63.99999999999997 -217.60000000000002
v 128 63.99999999999997 -204.8
v 115.2 63.99999999999997 -217.60000000000002
v 115.2 63.99999999999997 -204.8
v 128 63.99999999999998 -192
v 128 63.99999999999998 -179.20000000000002
v 115.2 63.99999999999998 -192
v 115.2 63.99999999999998 -179.20000000000002
v 128 63.99999999999998 -166.4
v 128 63.99999999999998 -153.60000000000002
v 115.2 63.99999999999998 -166.4
v 115.2 63.99999999999998 -153.60000000000002
v 140.8 63.99999999999998 -192
v 140.8 63.99999999999997 -204.8
v 153.60000000000002 63.99999999999998 -192
v 153.60000000000002 63.99999999999997 -204.8
v 140.8 63.99999999999997 -217.60000000000002
v 140.8 63.99999999999997 -230.4
v 153.60000000000002 63.99999999999997 -217.60000000000002
v 153.60000000000002 63.99999999999997 -230.4
v 140.8 63.99999999999997 -243.20000000000002
v 140.8 63.99999999999997 -256
v 153.60000000000002 63.99999999999997 -243.20000000000002
v 153.60000000000002 63.99999999999997 -256
v 128 63.99999999999998 -166.4
v 128 63.99999999999998 -179.20000000000002
v 140.8 63.99999999999998 -166.4
v 140.8 63.99999999999998 -179.20000000000002
v 128 63.99999999999998 -192
v 128 63.99999999999997 -204.8
v 140.8 63.99999999999998 -192
v 140.8 63.99999999999997 -204.8
v 128 63.99999999999997 -217.60000000000002
v 128 63.99999999999997 -230.4
v 140.8 63.99999999999997 -217.60000000000002
v 140.8 63.99999999999997 -230.4
v 128 63.99999999999997 -243.20000000000002
v 128 63.99999999999997 -256
v 140.8 63.99999999999997 -243.20000000000002
v 140.8 63.99999999999997 -256
v 153.60000000000002 63.99999999999997 -243.20000000000002
v 153.60000000000002 63.99999999999997 -230.4
v 140.8 63.99999999999997 -243.20000000000002
v 140.8 63.99999999999997 -230.4
v 115.2 63.99999999999997 -243.20000000000002
v 115.2 63.99999999999997 -256
v 128 63.99999999999997 -243.20000000000002
v 128 63.99999999999997 -256
v 140.8 63.99999999999997 -243.20000000000002
v 140.8 63.99999999999997 -230.4
v 128 63.99999999999997 -243.20000000000002
v 128 63.99999999999997 -230.4
v 115.2 63.99999999999998 -166.4
v 115.2 63.99999999999998 -179.20000000000002
v 128 63.99999999999998 -166.4
v 128 63.99999999999998 -179.20000000000002
v 140.8 63.99999999999998 -166.4
v 140.8 63.99999999999998 -153.60000000000002
v 128 63.99999999999998 -166.4
v 128 63.99999999999998 -153.60000000000002
v 153.60000000000002 63.99999999999998 -166.4
v 153.60000000000002 63.99999999999998 -153.60000000000002
v 140.8 63.99999999999998 -166.4
v 140.8 63.99999999999998 -153.60000000000002
v 153.60000000000002 63.99999999999998 -192
v 153.60000000000002 63.99999999999998 -179.20000000000002
v 140.8 63.99999999999998 -192
v 140.8 63.99999999999998 -179.20000000000002
v 140.8 63.99999999999998 -192
v 140.8 63.99999999999998 -179.20000000000002
v 128 63.99999999999998 -192
v 128 63.99999999999998 -179.20000000000002
v 115.2 63.99999999999998 -192
v 115.2 63.99999999999997 -204.8
v 128 63.99999999999998 -192
v 128 63.99999999999997 -204.8
v 115.2 63.99999999999997 -217.60000000000002
v 115.2 63.99999999999997 -230.4
v 128 63.99999999999997 -217.60000000000002
v 128 63.99999999999997 -230.4
v 140.8 63.99999999999997 -217.60000000000002
v 140.8 63.99999999999997 -204.8
v 128 63.99999999999997 -217.60000000000002
v 128 63.99999999999997 -204.8
v 153.60000000000002 63.99999999999997 -217.60000000000002
v 153.60000000000002 63.99999999999997 -204.8
v 140.8 63.99999999999997 -217.60000000000002
v 140.8 63.99999999999997 -204.8
v 211.20000000000002 25.59999999999998 -166.4
v 217.60000000000002 25.59999999999998 -166.4
v 211.20000000000002 25.59999999999998 -160
v 217.60000000000002 25.59999999999998 -160
v 192 25.599999999999973 -217.60000000000002
v 192 25.599999999999977 -204.8
v 185.60000000000002 25.599999999999973 -217.60000000000002
v 185.60000000000002 25.599999999999977 -204.8
v 192 19.199999999999974 -217.60000000000002
v 192 19.199999999999978 -204.8
v 192 25.599999999999973 -217.60000000000002
v 192 25.599999999999977 -204.8
v 204.8 25.599999999999977 -204.8
v 192 25.599999999999977 -204.8
v 204.8 19.199999999999978 -204.8
v 192 19.199999999999978 -204.8
v 204.8 25.599999999999977 -204.8
v 217.60000000000002 25.599999999999977 -204.8
v 204.8 25.599999999999977 -198.4
v 211.20000000000002 25.599999999999977 -198.4
v 192 25.599999999999973 -243.20000000000002
v 192 25.599999999999973 -230.4
v 185.60000000000002 25.599999999999973 -243.20000000000002
v 185.60000000000002 25.599999999999973 -230.4
vt 0.375 0.5
vt 0.4375 0.5625
vt 0.4921875 0.5
vt 0.25 0
vt 0.25 0.25
vt 0.125 0.25
vt 0.375 0.9921875
vt 0.25 0.9921875
vt 0.25 0.9375
vt 0.3046875 0.625
vt 0.4296875 0.625
vt 0.3046875 0.6796875
vt 0.4296875 0.6796875
vt 0.3671875 0.625
vt 0.4921875 0.625
vt 0.3671875 0.6796875
vt 0.4921875 0.6796875
vt 0.3671875 0.6796875
vt 0.2421875 0.6796875
vt 0.3671875 0.625
vt 0.2421875 0.625
vt 0 0.6875
vt 0.1171875 0.6875
vt 0 0.7421875
vt 0.1171875 0.7421875
vt 0.25 0.375
vt 0.25 0.25
vt 0.375 0.375
vt 0.375 0.25
vt 0.25 0.375
vt 0.25 0.5
vt 0.125 0.375
vt 0.125 0.5
vt 0.125 0.3671875
vt 0 0.3671875
vt 0.125 0.2421875
vt 0 0.2421875
vt 0.25 0.6875
vt 0.3671875 0.6875
vt 0.25 0.8046875
vt 0.3671875 0.8046875
vt 0.25 0
vt 0.375 0
vt 0.25 0.125
vt 0.375 0.125
vt 0.125 0.5625
vt 0.25 0.5625
vt 0.125 0.5
vt 0.25 0.5
vt 0.375 0.25
vt 0.25 0.25
vt 0.375 0.125
vt 0.25 0.125
vt 0.125 0.375
vt 0.125 0.5
vt 0 0.4375
vt 0 0.5
vt 0 0.4375
vt 0 0.25
vt 0.125 0.375
vt 0.125 0.25
vt 0.125 0.2421875
vt 0.2421875 0.2421875
vt 0.125 0.3671875
vt 0.2421875 0.3671875
vt 0.25 0.6875
vt 0.125 0.6875
vt 0.25 0.5625
vt 0.125 0.5625
vt 0.25 0.125
vt 0.125 0.125
vt 0.25 0
vt 0.125 0
vt 0.375 0.125
vt 0.4921875 0.125
vt 0.375 0.25
vt 0.4921875 0.25
vt 0.375 0.9375
vt 0.25 0.9375
vt 0.375 0.875
vt 0.25 0.875
vt 0.375 0.25
vt 0.4921875 0.25
vt 0.375 0.375
vt 0.4921875 0.375
vt 0.375 0.25
vt 0.375 0.375
vt 0.25 0.25
vt 0.25 0.375
vt 0.375 0.125
vt 0.25 0.125
vt 0.375 0
vt 0.25 0
vt 0.4921875 0.375
vt 0.4921875 0.5
vt 0.375 0.375
vt 0.375 0.5
vt 0.25 0.8046875
vt 0.125 0.8046875
vt 0.25 0.6875
vt 0.125 0.6875
vt 0.25 0.5625
vt 0.3671875 0.5625
vt 0.25 0.6875
vt 0.3671875 0.6875
vt 0.125 0.4921875
vt 0 0.4921875
vt 0.125 0.3671875
vt 0 0.3671875
vt 0.375 0.375
vt 0.375 0.25
vt 0.4921875 0.375
vt 0.4921875 0.25
vt 0.3671875 0.5546875
vt 0.2421875 0.5546875
vt 0.3671875 0.5
vt 0.2421875 0.5
vt 0.4375 0.5625
vt 0.375 0.5
vt 0.25 0.5625
vt 0.25 0.5
vt 0.3671875 0.5546875
vt 0.25 0.5546875
vt 0.3671875 0.5
vt 0.25 0.5
vt 0.125 0.3671875
vt 0.2421875 0.3671875
vt 0.125 0.4921875
vt 0.2421875 0.4921875
vt 0.140625 0.5546875
vt 0.28125 0.5546875
vt 0.140625 0.5
vt 0.28125 0.5
vt 0.1171875 0.5
vt 0.2421875 0.5
vt 0.1171875 0.5546875
vt 0.2421875 0.5546875
vt 0.375 0.5
vt 0.25 0.5
vt 0.375 0.375
vt 0.25 0.375
vt 0.375 0.375
vt 0.375 0.25
vt 0.4921875 0.375
vt 0.4921875 0.25
vt 0.421875 0.5546875
vt 0.4921875 0.5546875
vt 0.421875 0.5
vt 0.4921875 0.5
vt 0.1875 0.2421875
vt 0.1875 0.1875
vt 0.2421875 0.2421875
vt 0.2421875 0.1875
vt 0.125 0.5546875
vt 0.2421875 0.5546875
vt 0.125 0.5
vt 0.2421875 0.5
vt 0.125 0.125
vt 0.25 0.125
vt 0.125 0.25
vt 0.25 0.25
vt 0.125 0.375
vt 0.125 0.34375
vt 0.25 0.375
vt 0.25 0.34375
vt 0.125 0.40625
vt 0.125 0.375
vt 0.25 0.40625
vt 0.25 0.375
vt 0.125 0.4375
vt 0.125 0.40625
vt 0.25 0.4375
vt 0.25 0.40625
vt 0.125 0.46875
vt 0.125 0.4375
vt 0.25 0.46875
vt 0.25 0.4375
vt 0.25 0.46875
vt 0.25 0.4921875
vt 0.125 0.46875
vt 0.125 0.4921875
vt 0.375 0.875
vt 0.4921875 0.875
vt 0.375 0.9375
vt 0.4921875 0.9375
vt 0.25 0.125
vt 0.25 0.25
vt 0.125 0.125
vt 0.125 0.25
vt 0.25 0.375
vt 0.25 0.5
vt 0.125 0.375
vt 0.125 0.5
vt 0.4921875 0.375
vt 0.4921875 0.5
vt 0.375 0.375
vt 0.375 0.5
vt 0.375 0.375
vt 0.375 0.5
vt 0.25 0.375
vt 0.25 0.5
vt 0.125 0.375
vt 0.125 0.25
vt 0.25 0.375
vt 0.25 0.25
vt 0.25 0.125
vt 0.125 0.125
vt 0.25 0
vt 0.125 0
vt 0.375 0.375
vt 0.375 0.5
vt 0.25 0.375
vt 0.25 0.5
vt 0.25 0.375
vt 0.25 0.25
vt 0.375 0.375
vt 0.375 0.25
vt 0.4921875 0.5
vt 0.4921875 0.5546875
vt 0.375 0.5
vt 0.375 0.5546875
vt 0 0.375
vt 0 0.25
vt 0.125 0.375
vt 0.125 0.25
vt 0.4921875 0.125
vt 0.375 0.125
vt 0.4921875 0
vt 0.375 0
vt 0.375 0.25
vt 0.375 0.125
vt 0.4921875 0.25
vt 0.4921875 0.125
vt 0.25 0.25
vt 0.25 0.125
vt 0.375 0.25
vt 0.375 0.125
vt 0.125 0.375
vt 0.125 0.25
vt 0.25 0.375
vt 0.25 0.25
vt 0.25 0.625
vt 0.3671875 0.625
vt 0.25 0.7421875
vt 0.3671875 0.7421875
vt 0.4921875 0.375
vt 0.4921875 0.5
vt 0.375 0.375
vt 0.375 0.5
vt 0.2421875 0.1171875
vt 0.2421875 0.2421875
vt 0.125 0.1171875
vt 0.125 0.2421875
vt 0.125 0.375
vt 0.125 0.5
vt 0 0.375
vt 0 0.5
vt 0.25 0.375
vt 0.25 0.5
vt 0.125 0.375
vt 0.125 0.5
vt 0.375 0
vt 0.4921875 0
vt 0.375 0.125
vt 0.4921875 0.125
vt 0.25 0.125
vt 0.25 0.2421875
vt 0.125 0.125
vt 0.125 0.2421875
vt 0.3671875 0.8671875
vt 0.3671875 0.7421875
vt 0.4921875 0.8671875
vt 0.4921875 0.7421875
vt 0.25 0.3671875
vt 0.25 0.4921875
vt 0.125 0.3671875
vt 0.125 0.4921875
vt 0.25 0.6171875
vt 0.25 0.7421875
vt 0.125 0.6171875
vt 0.125 0.7421875
vt 0.25 0.8671875
vt 0.25 0.9921875
vt 0.125 0.8671875
vt 0.125 0.9921875
vt 0.3671875 0.6171875
vt 0.3671875 0.4921875
vt 0.4921875 0.6171875
vt 0.4921875 0.4921875
vt 0.3671875 0.3671875
vt 0.3671875 0.2421875
vt 0.4921875 0.3671875
vt 0.4921875 0.2421875
vt 0.3671875 0.125
vt 0.3671875 0
vt 0.4921875 0.125
vt 0.4921875 0
vt 0.25 0.8671875
vt 0.25 0.7421875
vt 0.3671875 0.8671875
vt 0.3671875 0.7421875
vt 0.25 0.6171875
vt 0.25 0.4921875
vt 0.3671875 0.6171875
vt 0.3671875 0.4921875
vt 0.25 0.3671875
vt 0.25 0.2421875
vt 0.3671875 0.3671875
vt 0.3671875 0.2421875
vt 0.25 0.125
vt 0.25 0
vt 0.3671875 0.125
vt 0.3671875 0
vt 0.4921875 0.125
vt 0.4921875 0.2421875
vt 0.3671875 0.125
vt 0.3671875 0.2421875
vt 0.125 0.125
vt 0.125 0
vt 0.25 0.125
vt 0.25 0
vt 0.3671875 0.125
vt 0.3671875 0.2421875
vt 0.25 0.125
vt 0.25 0.2421875
vt 0.125 0.8671875
vt 0.125 0.7421875
vt 0.25 0.8671875
vt 0.25 0.7421875
vt 0.3671875 0.8671875
vt 0.3671875 0.9921875
vt 0.25 0.8671875
vt 0.25 0.9921875
vt 0.4921875 0.8671875
vt 0.4921875 0.9921875
vt 0.3671875 0.8671875
vt 0.3671875 0.9921875
vt 0.4921875 0.6171875
vt 0.4921875 0.7421875
vt 0.3671875 0.6171875
vt 0.3671875 0.7421875
vt 0.3671875 0.6171875
vt 0.3671875 0.7421875
vt 0.25 0.6171875
vt 0.25 0.7421875
vt 0.125 0.6171875
vt 0.125 0.4921875
vt 0.25 0.6171875
vt 0.25 0.4921875
vt 0.125 0.3671875
vt 0.125 0.2421875
vt 0.25 0.3671875
vt 0.25 0.2421875
vt 0.3671875 0.3671875
vt 0.3671875 0.4921875
vt 0.25 0.3671875
vt 0.25 0.4921875
vt 0.4921875 0.3671875
vt 0.4921875 0.4921875
vt 0.3671875 0.3671875
vt 0.3671875 0.4921875
vt 0.125 0.5625
vt 0.125 0.5
vt 0.0625 0.5625
vt 0.0625 0.5
vt 0.140625 0.5
vt 0 0.5
vt 0.140625 0.5546875
vt 0 0.5546875
vt 0.1171875 0.5546875
vt 0 0.5546875
vt 0.1171875 0.5
vt 0 0.5
vt 0.3671875 0.5
vt 0.4921875 0.5
vt 0.3671875 0.5546875
vt 0.4921875 0.5546875
vt 0.125 0.5
vt 0 0.5
vt 0.125 0.5546875
vt 0.0625 0.5546875
vt 0.421875 0.5
vt 0.28125 0.5
vt 0.421875 0.5546875
vt 0.28125 0.5546875
vn 0 1 -1.2246467991473532e-16
vn 0 1 -1.2246467991473532e-16
vn 0 1 -1.2246467991473532e-16
vn 0 1 -1.2246467991473532e-16
vn 0 1 -1.2246467991473532e-16
vn 0 1 -1.2246467991473532e-16
vn 0 1.2246467991473532e-16 1
vn 0 1.2246467991473532e-16 1
vn 0 1.2246467991473532e-16 1
vn 0 1 -1.2246467991473532e-16
vn 0 1 -1.2246467991473532e-16
vn 0 1 -1.2246467991473532e-16
vn 0 1 -1.2246467991473532e-16
vn 0 1 -1.2246467991473532e-16
vn 0 1 -1.2246467991473532e-16
vn 0 1 -1.2246467991473532e-16
vn 0 1 -1.2246467991473532e-16
vn 0 1 -1.2246467991473532e-16
vn 0 1 -1.2246467991473532e-16
vn 0 1 -1.2246467991473532e-16
vn 0 1 -1.2246467991473532e-16
vn 0 1 -1.2246467991473532e-16
vn 0 1 -1.2246467991473532e-16
vn 0 1 -1.2246467991473532e-16
vn 0 1 -1.2246467991473532e-16
vn 0 1 -1.2246467991473532e-16
vn 0 1 -1.2246467991473532e-16
vn 0 1 -1.2246467991473532e-16
vn 0 1 -1.2246467991473532e-16
vn 0 1 -1.2246467991473532e-16
vn 0 1 -1.2246467991473532e-16
vn 0 1 -1.2246467991473532e-16
vn 0 1 -1.2246467991473532e-16
vn 0 1 -1.2246467991473532e-16
vn 0 1 -1.2246467991473532e-16
vn 0 1 -1.2246467991473532e-16
vn 0 1 -1.2246467991473532e-16
vn 0 1 -1.2246467991473532e-16
vn 0 1 -1.2246467991473532e-16
vn 0 1 -1.2246467991473532e-16
vn 0 1 -1.2246467991473532e-16
vn 0 1 -1.2246467991473532e-16
vn 0 1 -1.2246467991473532e-16
vn 0 1 -1.2246467991473532e-16
vn 0 1 -1.2246467991473532e-16
vn 0 1 -1.2246467991473532e-16
vn 0 1 -1.2246467991473532e-16
vn 0 1 -1.2246467991473532e-16
vn 0 1 -1.2246467991473532e-16
vn 0 1 -1.2246467991473532e-16
vn 0 1 -1.2246467991473532e-16
vn 0 1 -1.2246467991473532e-16
vn 0 1 -1.2246467991473532e-16
vn 0 1 -1.2246467991473532e-16
vn 0 1 -1.2246467991473532e-16
vn 0 1 -1.2246467991473532e-16
vn 0 1 -1.2246467991473532e-16
vn 0 1 -1.2246467991473532e-16
vn 0 1 -1.2246467991473532e-16
vn 0 1 -1.2246467991473532e-16
vn 0 1 -1.2246467991473532e-16
vn 0 1 -1.2246467991473532e-16
vn 0 1 -1.2246467991473532e-16
vn 0 1 -1.2246467991473532e-16
vn 0 1 -1.2246467991473532e-16
vn 0 1 -1.2246467991473532e-16
vn 0 1 -1.2246467991473532e-16
vn 0 1 -1.2246467991473532e-16
vn 0 1 -1.2246467991473532e-16
vn 0 1 -1.2246467991473532e-16
vn 0 1 -1.2246467991473532e-16
vn 0 1 -1.2246467991473532e-16
vn 0 1 -1.2246467991473532e-16
vn 0 1 -1.2246467991473532e-16
vn 0 1 -1.2246467991473532e-16
vn 0 1 -1.2246467991473532e-16
vn 0 1 -1.2246467991473532e-16
vn 0 1.2246467991473532e-16 1
vn 0 1.2246467991473532e-16 1
vn 0 1.2246467991473532e-16 1
vn 0 1.2246467991473532e-16 1
vn 0 1 -1.2246467991473532e-16
vn 0 1 -1.2246467991473532e-16
vn 0 1 -1.2246467991473532e-16
vn 0 1 -1.2246467991473532e-16
vn 0 1 -1.2246467991473532e-16
vn 0 1 -1.2246467991473532e-16
vn 0 1 -1.2246467991473532e-16
vn 0 1 -1.2246467991473532e-16
vn 0 1 -1.2246467991473532e-16
vn 0 1 -1.2246467991473532e-16
vn 0 1 -1.2246467991473532e-16
vn 0 1 -1.2246467991473532e-16
vn 0 1 -1.2246467991473532e-16
vn 0 1 -1.2246467991473532e-16
vn 0 1 -1.2246467991473532e-16
vn 0 1 -1.2246467991473532e-16
vn 0 1 -1.2246467991473532e-16
vn 0 1 -1.2246467991473532e-16
vn 0 1 -1.2246467991473532e-16
vn 0 1 -1.2246467991473532e-16
vn 0 1 -1.2246467991473532e-16
vn 0 1 -1.2246467991473532e-16
vn 0 1 -1.2246467991473532e-16
vn 0 1 -1.2246467991473532e-16
vn 0 1 -1.2246467991473532e-16
vn 0 1 -1.2246467991473532e-16
vn 0 1 -1.2246467991473532e-16
vn 0 1 -1.2246467991473532e-16
vn 0 1 -1.2246467991473532e-16
vn 0 1 -1.2246467991473532e-16
vn 0 1 -1.2246467991473532e-16
vn 0 1 -1.2246467991473532e-16
vn 1 0 0
vn 1 0 0
vn 1 0 0
vn 1 0 0
vn 0 1 -1.2246467991473532e-16
vn 0 1 -1.2246467991473532e-16
vn 0 1 -1.2246467991473532e-16
vn 0 1 -1.2246467991473532e-16
vn 0 -1.2246467991473532e-16 -1
vn 0 -1.2246467991473532e-16 -1
vn 0 -1.2246467991473532e-16 -1
vn 0 -1.2246467991473532e-16 -1
vn 0 1 -1.2246467991473532e-16
vn 0 1 -1.2246467991473532e-16
vn 0 1 -1.2246467991473532e-16
vn 0 1 -1.2246467991473532e-16
vn 0 1 -1.2246467991473532e-16
vn 0 1 -1.2246467991473532e-16
vn 0 1 -1.2246467991473532e-16
vn 0 1 -1.2246467991473532e-16
vn 1 0 0
vn 1 0 0
vn 1 0 0
vn 1 0 0
vn 0 1 -1.2246467991473532e-16
vn 0 1 -1.2246467991473532e-16
vn 0 1 -1.2246467991473532e-16
vn 0 1 -1.2246467991473532e-16
vn 0 1 -1.2246467991473532e-16
vn 0 1 -1.2246467991473532e-16
vn 0 1 -1.2246467991473532e-16
vn 0 1 -1.2246467991473532e-16
vn 0 1 -1.2246467991473532e-16
vn 0 1 -1.2246467991473532e-16
vn 0 1 -1.2246467991473532e-16
vn 0 1 -1.2246467991473532e-16
vn 0 1 -1.2246467991473532e-16
vn 0 1 -1.2246467991473532e-16
vn 0 1 -1.2246467991473532e-16
vn 0 1 -1.2246467991473532e-16
vn 0 1 -1.2246467991473532e-16
vn 0 1 -1.2246467991473532e-16
vn 0 1 -1.2246467991473532e-16
vn 0 1 -1.2246467991473532e-16
vn 0 1 -1.2246467991473532e-16
vn 0 1 -1.2246467991473532e-16
vn 0 1 -1.2246467991473532e-16
vn 0 1 -1.2246467991473532e-16
vn 0 1 -1.2246467991473532e-16
vn 0 1 -1.2246467991473532e-16
vn 0 1 -1.2246467991473532e-16
vn 0 1 -1.2246467991473532e-16
vn 0 1 -1.2246467991473532e-16
vn 0 1 -1.2246467991473532e-16
vn 0 1 -1.2246467991473532e-16
vn 0 1 -1.2246467991473532e-16
vn 0 1 -1.2246467991473532e-16
vn 0 1 -1.2246467991473532e-16
vn 0 1 -1.2246467991473532e-16
vn 0 1 -1.2246467991473532e-16
vn 0 1 -1.2246467991473532e-16
vn 0 1 -1.2246467991473532e-16
vn 0 1 -1.2246467991473532e-16
vn 0 1 -1.2246467991473532e-16
vn 0 1 -1.2246467991473532e-16
vn 0 1 -1.2246467991473532e-16
vn 0 1 -1.2246467991473532e-16
vn 0 1 -1.2246467991473532e-16
vn 0 1.2246467991473532e-16 1
vn 0 1.2246467991473532e-16 1
vn 0 1.2246467991473532e-16 1
vn 0 1.2246467991473532e-16 1
vn 0 1 -1.2246467991473532e-16
vn 0 1 -1.2246467991473532e-16
vn 0 1 -1.2246467991473532e-16
vn 0 1 -1.2246467991473532e-16
vn 0 1 -1.2246467991473532e-16
vn 0 1 -1.2246467991473532e-16
vn 0 1 -1.2246467991473532e-16
vn 0 1 -1.2246467991473532e-16
vn 0 1 -1.2246467991473532e-16
vn 0 1 -1.2246467991473532e-16
vn 0 1 -1.2246467991473532e-16
vn 0 1 -1.2246467991473532e-16
vn 0 1 -1.2246467991473532e-16
vn 0 1 -1.2246467991473532e-16
vn 0 1 -1.2246467991473532e-16
vn 0 1 -1.2246467991473532e-16
vn 0 1 -1.2246467991473532e-16
vn 0 1 -1.2246467991473532e-16
vn 0 1 -1.2246467991473532e-16
vn 0 1 -1.2246467991473532e-16
vn 0 1 -1.2246467991473532e-16
vn 0 1 -1.2246467991473532e-16
vn 0 1 -1.2246467991473532e-16
vn 0 1 -1.2246467991473532e-16
vn 0 1 -1.2246467991473532e-16
vn 0 1 -1.2246467991473532e-16
vn 0 1 -1.2246467991473532e-16
vn 0 1 -1.2246467991473532e-16
vn 0 1 -1.2246467991473532e-16
vn 0 1 -1.2246467991473532e-16
vn 0 1 -1.2246467991473532e-16
vn 0 1 -1.2246467991473532e-16
vn 0 1 -1.2246467991473532e-16
vn 0 1 -1.2246467991473532e-16
vn 0 1 -1.2246467991473532e-16
vn 0 1 -1.2246467991473532e-16
vn 0 1 -1.2246467991473532e-16
vn 0 1 -1.2246467991473532e-16
vn 0 1 -1.2246467991473532e-16
vn 0 1 -1.2246467991473532e-16
vn 0 1 -1.2246467991473532e-16
vn 0 1 -1.2246467991473532e-16
vn 0 1 -1.2246467991473532e-16
vn 0 1 -1.2246467991473532e-16
vn 0 1 -1.2246467991473532e-16
vn 0 1 -1.2246467991473532e-16
vn 0 1 -1.2246467991473532e-16
vn 0 1 -1.2246467991473532e-16
vn 0 1 -1.2246467991473532e-16
vn 0 1 -1.2246467991473532e-16
vn 0 1 -1.2246467991473532e-16
vn 0 1 -1.2246467991473532e-16
vn 0 1 -1.2246467991473532e-16
vn 0 1 -1.2246467991473532e-16
vn 0 1 -1.2246467991473532e-16
vn 0 1 -1.2246467991473532e-16
vn 0 1 -1.2246467991473532e-16
vn 0 1 -1.2246467991473532e-16
vn 0 1 -1.2246467991473532e-16
vn 0 1 -1.2246467991473532e-16
vn 0 1 -1.2246467991473532e-16
vn 0 1 -1.2246467991473532e-16
vn 0 1 -1.2246467991473532e-16
vn 0 1 -1.2246467991473532e-16
vn 0 1 -1.2246467991473532e-16
vn 0 1 -1.2246467991473532e-16
vn 0 1 -1.2246467991473532e-16
vn 0 1 -1.2246467991473532e-16
vn 0 1 -1.2246467991473532e-16
vn 0 1 -1.2246467991473532e-16
vn 0 1 -1.2246467991473532e-16
vn 0 1 -1.2246467991473532e-16
vn 0 1 -1.2246467991473532e-16
vn 0 1 -1.2246467991473532e-16
vn 0 1 -1.2246467991473532e-16
vn 0 1 -1.2246467991473532e-16
vn 0 1 -1.2246467991473532e-16
vn 0 1 -1.2246467991473532e-16
vn 0 1 -1.2246467991473532e-16
vn 0 1 -1.2246467991473532e-16
vn 0 1 -1.2246467991473532e-16
vn 0 1 -1.2246467991473532e-16
vn 0 1 -1.2246467991473532e-16
vn 0 1 -1.2246467991473532e-16
vn 0 1 -1.2246467991473532e-16
vn 0 1 -1.2246467991473532e-16
vn 0 1 -1.2246467991473532e-16
vn 0 1 -1.2246467991473532e-16
vn 0 1 -1.2246467991473532e-16
vn 0 1 -1.2246467991473532e-16
vn 0 1 -1.2246467991473532e-16
vn 0 1 -1.2246467991473532e-16
vn 0 1 -1.2246467991473532e-16
vn 0 1 -1.2246467991473532e-16
vn 0 1 -1.2246467991473532e-16
vn 0 1 -1.2246467991473532e-16
vn 0 1 -1.2246467991473532e-16
vn 0 1 -1.2246467991473532e-16
vn 0 1 -1.2246467991473532e-16
vn 0 1 -1.2246467991473532e-16
vn 0 1 -1.2246467991473532e-16
vn 0 1 -1.2246467991473532e-16
vn 0 1 -1.2246467991473532e-16
vn 0 1 -1.2246467991473532e-16
vn 0 1 -1.2246467991473532e-16
vn 0 1 -1.2246467991473532e-16
vn 0 1 -1.2246467991473532e-16
vn 0 1 -1.2246467991473532e-16
vn 0 1 -1.2246467991473532e-16
vn 0 1 -1.2246467991473532e-16
vn 0 1 -1.2246467991473532e-16
vn 0 1 -1.2246467991473532e-16
vn 0 1 -1.2246467991473532e-16
vn 0 1 -1.2246467991473532e-16
vn 0 1 -1.2246467991473532e-16
vn 0 1 -1.2246467991473532e-16
vn 0 1 -1.2246467991473532e-16
vn 0 1 -1.2246467991473532e-16
vn 0 1 -1.2246467991473532e-16
vn 0 1 -1.2246467991473532e-16
vn 0 1 -1.2246467991473532e-16
vn 0 1 -1.2246467991473532e-16
vn 0 1 -1.2246467991473532e-16
vn 0 1 -1.2246467991473532e-16
vn 0 1 -1.2246467991473532e-16
vn 0 1 -1.2246467991473532e-16
vn 0 1 -1.2246467991473532e-16
vn 0 1 -1.2246467991473532e-16
vn 0 1 -1.2246467991473532e-16
vn 0 1 -1.2246467991473532e-16
vn 0 1 -1.2246467991473532e-16
vn 0 1 -1.2246467991473532e-16
vn 0 1 -1.2246467991473532e-16
vn 0 1 -1.2246467991473532e-16
vn 0 1 -1.2246467991473532e-16
vn 0 1 -1.2246467991473532e-16
vn 0 1 -1.2246467991473532e-16
vn 0 1 -1.2246467991473532e-16
vn 0 1 -1.2246467991473532e-16
vn 0 1 -1.2246467991473532e-16
vn 0 1 -1.2246467991473532e-16
vn 0 1 -1.2246467991473532e-16
vn 0 1 -1.2246467991473532e-16
vn 0 1 -1.2246467991473532e-16
vn 0 1 -1.2246467991473532e-16
vn 0 1 -1.2246467991473532e-16
vn 0 1 -1.2246467991473532e-16
vn 0 1 -1.2246467991473532e-16
vn 0 1 -1.2246467991473532e-16
vn 0 1 -1.2246467991473532e-16
vn 0 1 -1.2246467991473532e-16
vn 0 1 -1.2246467991473532e-16
vn 0 1 -1.2246467991473532e-16
vn 0 1 -1.2246467991473532e-16
vn 0 1 -1.2246467991473532e-16
vn 0 1 -1.2246467991473532e-16
vn 0 1 -1.2246467991473532e-16
vn 0 1 -1.2246467991473532e-16
vn 0 1 -1.2246467991473532e-16
vn 0 1 -1.2246467991473532e-16
vn 0 1 -1.2246467991473532e-16
vn 0 1 -1.2246467991473532e-16
vn 0 1 -1.2246467991473532e-16
vn 0 1 -1.2246467991473532e-16
vn 0 1 -1.2246467991473532e-16
vn 0 1 -1.2246467991473532e-16
vn 0 1 -1.2246467991473532e-16
vn 0 1 -1.2246467991473532e-16
vn 0 1 -1.2246467991473532e-16
vn 0 1 -1.2246467991473532e-16
vn 0 1 -1.2246467991473532e-16
vn 0 1 -1.2246467991473532e-16
vn 0 1 -1.2246467991473532e-16
vn 0 1 -1.2246467991473532e-16
vn 0 1 -1.2246467991473532e-16
vn 0 1 -1.2246467991473532e-16
vn 0 1 -1.2246467991473532e-16
vn 0 1 -1.2246467991473532e-16
vn 0 1 -1.2246467991473532e-16
vn 0 1 -1.2246467991473532e-16
vn 0 1 -1.2246467991473532e-16
vn 0 1 -1.2246467991473532e-16
vn 0 1 -1.2246467991473532e-16
vn 0 1 -1.2246467991473532e-16
vn 1 0 0
vn 1 0 0
vn 1 0 0
vn 1 0 0
vn 0 -1.2246467991473532e-16 -1
vn 0 -1.2246467991473532e-16 -1
vn 0 -1.2246467991473532e-16 -1
vn 0 -1.2246467991473532e-16 -1
vn 0 1 -1.2246467991473532e-16
vn 0 1 -1.2246467991473532e-16
vn 0 1 -1.2246467991473532e-16
vn 0 1 -1.2246467991473532e-16
vn 0 1 -1.2246467991473532e-16
vn 0 1 -1.2246467991473532e-16
vn 0 1 -1.2246467991473532e-16
vn 0 1 -1.2246467991473532e-16
f 58/58/58 57/57/57 56/56/56
f 61/61/61 60/60/60 59/59/59
f 64/64/64 63/63/63 62/62/62
f 67/67/67 66/66/66 65/65/65
f 66/66/66 67/67/67 68/68/68
f 71/71/71 70/70/70 69/69/69
f 70/70/70 71/71/71 72/72/72
f 75/75/75 74/74/74 73/73/73
f 74/74/74 75/75/75 76/76/76
f 79/79/79 78/78/78 77/77/77
f 78/78/78 79/79/79 80/80/80
f 83/83/83 82/82/82 81/81/81
f 82/82/82 83/83/83 84/84/84
f 87/87/87 86/86/86 85/85/85
f 86/86/86 87/87/87 88/88/88
f 91/91/91 90/90/90 89/89/89
f 90/90/90 91/91/91 92/92/92
f 95/95/95 94/94/94 93/93/93
f 94/94/94 95/95/95 96/96/96
f 99/99/99 98/98/98 97/97/97
f 98/98/98 99/99/99 100/100/100
f 103/103/103 102/102/102 101/101/101
f 102/102/102 103/103/103 104/104/104
f 107/107/107 106/106/106 105/105/105
f 106/106/106 107/107/107 108/108/108
f 111/111/111 110/110/110 109/109/109
f 110/110/110 111/111/111 112/112/112
f 115/115/115 114/114/114 113/113/113
f 114/114/114 115/115/115 116/116/116
f 119/119/119 118/118/118 117/117/117
f 118/118/118 119/119/119 120/120/120
f 123/123/123 122/122/122 121/121/121
f 122/122/122 123/123/123 124/124/124
f 127/127/127 126/126/126 125/125/125
f 126/126/126 127/127/127 128/128/128
f 131/131/131 130/130/130 129/129/129
f 130/130/130 131/131/131 132/132/132
f 135/135/135 134/134/134 133/133/133
f 134/134/134 135/135/135 136/136/136
f 139/139/139 138/138/138 137/137/137
f 138/138/138 139/139/139 140/140/140
f 143/143/143 142/142/142 141/141/141
f 142/142/142 143/143/143 144/144/144
f 147/147/147 146/146/146 145/145/145
f 146/146/146 147/147/147 148/148/148
f 151/151/151 150/150/150 149/149/149
f 150/150/150 151/151/151 152/152/152
f 155/155/155 154/154/154 153/153/153
f 154/154/154 155/155/155 156/156/156
f 159/159/159 158/158/158 157/157/157
f 158/158/158 159/159/159 160/160/160
f 163/163/163 162/162/162 161/161/161
f 162/162/162 163/163/163 164/164/164
f 167/167/167 166/166/166 165/165/165
f 166/166/166 167/167/167 168/168/168
f 171/171/171 170/170/170 169/169/169
f 170/170/170 171/171/171 172/172/172
f 175/175/175 174/174/174 173/173/173
f 174/174/174 175/175/175 176/176/176
f 179/179/179 178/178/178 177/177/177
f 178/178/178 179/179/179 180/180/180
f 183/183/183 182/182/182 181/181/181
f 182/182/182 183/183/183 184/184/184
f 187/187/187 186/186/186 185/185/185
f 186/186/186 187/187/187 188/188/188
f 191/191/191 190/190/190 189/189/189
f 190/190/190 191/191/191 192/192/192
f 195/195/195 194/194/194 193/193/193
f 194/194/194 195/195/195 196/196/196
f 199/199/199 198/198/198 197/197/197
f 198/198/198 199/199/199 200/200/200
f 203/203/203 202/202/202 201/201/201
f 202/202/202 203/203/203 204/204/204
f 207/207/207 206/206/206 205/205/205
f 206/206/206 207/207/207 208/208/208
f 211/211/211 210/210/210 209/209/209
f 210/210/210 211/211/211 212/212/212
f 215/215/215 214/214/214 213/213/213
f 214/214/214 215/215/215 216/216/216
f 219/219/219 218/218/218 217/217/217
f 218/218/218 219/219/219 220/220/220
f 223/223/223 222/222/222 221/221/221
f 222/222/222 223/223/223 224/224/224
f 227/227/227 226/226/226 225/225/225
f 226/226/226 227/227/227 228/228/228
f 231/231/231 230/230/230 229/229/229
f 230/230/230 231/231/231 232/232/232
f 235/235/235 234/234/234 233/233/233
f 234/234/234 235/235/235 236/236/236
f 239/239/239 238/238/238 237/237/237
f 238/238/238 239/239/239 240/240/240
f 243/243/243 242/242/242 241/241/241
f 242/242/242 243/243/243 244/244/244
f 247/247/247 246/246/246 245/245/245
f 246/246/246 247/247/247 248/248/248
f 251/251/251 250/250/250 249/249/249
f 250/250/250 251/251/251 252/252/252
f 255/255/255 254/254/254 253/253/253
f 254/254/254 255/255/255 256/256/256
f 259/259/259 258/258/258 257/257/257
f 258/258/258 259/259/259 260/260/260
f 263/263/263 262/262/262 261/261/261
f 262/262/262 263/263/263 264/264/264
f 267/267/267 266/266/266 265/265/265
f 266/266/266 267/267/267 268/268/268
f 271/271/271 270/270/270 269/269/269
f 270/270/270 271/271/271 272/272/272
f 275/275/275 274/274/274 273/273/273
f 274/274/274 275/275/275 276/276/276
f 279/279/279 278/278/278 277/277/277
f 278/278/278 279/279/279 280/280/280
f 283/283/283 282/282/282 281/281/281
f 282/282/282 283/283/283 284/284/284
f 287/287/287 286/286/286 285/285/285
f 286/286/286 287/287/287 288/288/288
f 291/291/291 290/290/290 289/289/289
f 290/290/290 291/291/291 292/292/292
f 295/295/295 294/294/294 293/293/293
f 294/294/294 295/295/295 296/296/296
f 299/299/299 298/298/298 297/297/297
f 298/298/298 299/299/299 300/300/300
f 303/303/303 302/302/302 301/301/301
f 302/302/302 303/303/303 304/304/304
f 307/307/307 306/306/306 305/305/305
f 306/306/306 307/307/307 308/308/308
f 311/311/311 310/310/310 309/309/309
f 310/310/310 311/311/311 312/312/312
f 315/315/315 314/314/314 313/313/313
f 314/314/314 315/315/315 316/316/316
f 319/319/319 318/318/318 317/317/317
f 318/318/318 319/319/319 320/320/320
f 323/323/323 322/322/322 321/321/321
f 322/322/322 323/323/323 324/324/324
f 327/327/327 326/326/326 325/325/325
f 326/326/326 327/327/327 328/328/328
f 331/331/331 330/330/330 329/329/329
f 330/330/330 331/331/331 332/332/332
f 335/335/335 334/334/334 333/333/333
f 334/334/334 335/335/335 336/336/336
f 339/339/339 338/338/338 337/337/337
f 338/338/338 339/339/339 340/340/340
f 343/343/343 342/342/342 341/341/341
f 342/342/342 343/343/343 344/344/344
f 347/347/347 346/346/346 345/345/345
f 346/346/346 347/347/347 348/348/348
f 351/351/351 350/350/350 349/349/349
f 350/350/350 351/351/351 352/352/352
f 355/355/355 354/354/354 353/353/353
f 354/354/354 355/355/355 356/356/356
f 359/359/359 358/358/358 357/357/357
f 358/358/358 359/359/359 360/360/360
f 363/363/363 362/362/362 361/361/361
f 362/362/362 363/363/363 364/364/364
f 367/367/367 366/366/366 365/365/365
f 366/366/366 367/367/367 368/368/368
f 371/371/371 370/370/370 369/369/369
f 370/370/370 371/371/371 372/372/372
f 375/375/375 374/374/374 373/373/373
f 374/374/374 375/375/375 376/376/376
f 379/379/379 378/378/378 377/377/377
f 378/378/378 379/379/379 380/380/380
f 383/383/383 382/382/382 381/381/381
f 382/382/382 383/383/383 384/384/384
f 387/387/387 386/386/386 385/385/385
f 386/386/386 387/387/387 388/388/388
f 391/391/391 390/390/390 389/389/389
f 390/390/390 391/391/391 392/392/392
f 395/395/395 394/394/394 393/393/393
f 394/394/394 395/395/395 396/396/396
f 399/399/399 398/398/398 397/397/397
f 398/398/398 399/399/399 400/400/400
f 403/403/403 402/402/402 401/401/401
f 402/402/402 403/403/403 404/404/404
f 407/407/407 406/406/406 405/405/405
f 406/406/406 407/407/407 408/408/408
f 411/411/411 410/410/410 409/409/409
f 410/410/410 411/411/411 412/412/412
f 415/415/415 414/414/414 413/413/413
f 414/414/414 415/415/415 416/416/416
f 419/419/419 418/418/418 417/417/417
f 418/418/418 419/419/419 420/420/420
f 423/423/423 422/422/422 421/421/421
f 422/422/422 423/423/423 424/424/424
f 427/427/427 426/426/426 425/425/425
f 426/426/426 427/427/427 428/428/428
f 431/431/431 430/430/430 429/429/429
f 430/430/430 431/431/431 432/432/432
f 435/435/435 434/434/434 433/433/433
f 434/434/434 435/435/435 436/436/436
f 439/439/439 438/438/438 437/437/437
f 438/438/438 439/439/439 440/440/440
o mesh_7
usemtl mat4
v 108.80000000000001 12.799999999999995 -38.400000000000006
v 108.80000000000001 12.799999999999994 -64
v 115.2 12.799999999999994 -64
v 166.4 12.799999999999994 -64
v 172.8 12.799999999999994 -64
v 172.8 12.799999999999995 -38.400000000000006
v 204.8 25.599999999999966 -281.6
v 192 25.599999999999966 -281.6
v 204.8 25.599999999999966 -294.40000000000003
v 192 25.599999999999966 -294.40000000000003
v 204.8 25.59999999999997 -268.8
v 217.60000000000002 25.59999999999997 -268.8
v 204.8 25.59999999999997 -256
v 217.60000000000002 25.59999999999997 -256
v 204.8 25.59999999999997 -268.8
v 192 25.59999999999997 -268.8
v 204.8 25.599999999999966 -281.6
v 192 25.599999999999966 -281.6
v 204.8 25.599999999999966 -281.6
v 217.60000000000002 25.599999999999966 -281.6
v 204.8 25.59999999999997 -268.8
v 217.60000000000002 25.59999999999997 -268.8
v 204.8 25.599999999999966 -294.40000000000003
v 217.60000000000002 25.599999999999966 -294.40000000000003
v 204.8 25.599999999999966 -281.6
v 217.60000000000002 25.599999999999966 -281.6
v 204.8 25.59999999999997 -256
v 192 25.59999999999997 -256
v 204.8 25.59999999999997 -268.8
v 192 25.59999999999997 -268.8
vt 0.75 0.75
vt 0.9921875 0.75
vt 0.9921875 0.796875
vt 0.9921875 0.703125
vt 0.9921875 0.75
vt 0.75 0.75
vt 0.8125 0.625
vt 0.8125 0.5
vt 0.9375 0.625
vt 0.9375 0.5
vt 0.6875 0.625
vt 0.6875 0.75
vt 0.5625 0.625
vt 0.5625 0.75
vt 0.6875 0.625
vt 0.6875 0.5
vt 0.8125 0.625
vt 0.8125 0.5
vt 0.8125 0.625
vt 0.8125 0.75
vt 0.6875 0.625
vt 0.6875 0.75
vt 0.9375 0.625
vt 0.9375 0.75
vt 0.8125 0.625
vt 0.8125 0.75
vt 0.5625 0.625
vt 0.5625 0.5
vt 0.6875 0.625
vt 0.6875 0.5
vn 0 1 -1.2246467991473532e-16
vn 0 1 -1.2246467991473532e-16
vn 0 1 -1.2246467991473532e-16
vn 0 1 -1.2246467991473532e-16
vn 0 1 -1.2246467991473532e-16
vn 0 1 -1.2246467991473532e-16
vn 0 1 -1.2246467991473532e-16
vn 0 1 -1.2246467991473532e-16
vn 0 1 -1.2246467991473532e-16
vn 0 1 -1.2246467991473532e-16
vn 0 1 -1.2246467991473532e-16
vn 0 1 -1.2246467991473532e-16
vn 0 1 -1.2246467991473532e-16
vn 0 1 -1.2246467991473532e-16
vn 0 1 -1.2246467991473532e-16
vn 0 1 -1.2246467991473532e-16
vn 0 1 -1.2246467991473532e-16
vn 0 1 -1.2246467991473532e-16
vn 0 1 -1.2246467991473532e-16
vn 0 1 -1.2246467991473532e-16
vn 0 1 -1.2246467991473532e-16
vn 0 1 -1.2246467991473532e-16
vn 0 1 -1.2246467991473532e-16
vn 0 1 -1.2246467991473532e-16
vn 0 1 -1.2246467991473532e-16
vn 0 1 -1.2246467991473532e-16
vn 0 1 -1.2246467991473532e-16
vn 0 1 -1.2246467991473532e-16
vn 0 1 -1.2246467991473532e-16
vn 0 1 -1.2246467991473532e-16
f 443/443/443 442/442/442 441/441/441
f 446/446/446 445/445/445 444/444/444
f 449/449/449 448/448/448 447/447/447
f 448/448/448 449/449/449 450/450/450
f 453/453/453 452/452/452 451/451/451
f 452/452/452 453/453/453 454/454/454
f 457/457/457 456/456/456 455/455/455
f 456/456/456 457/457/457 458/458/458
f 461/461/461 460/460/460 459/459/459
f 460/460/460 461/461/461 462/462/462
f 465/465/465 464/464/464 463/463/463
f 464/464/464 465/465/465 466/466/466
f 469/469/469 468/468/468 467/467/467
f 468/468/468 469/469/469 470/470/470
o mesh_8
usemtl mat5
v 211.20000000000002 25.59999999999998 -160
v 204.8 25.59999999999998 -160
v 211.20000000000002 25.59999999999998 -166.4
v 179.20000000000002 28.79999999999997 -249.60000000000002
v 185.60000000000002 25.59999999999997 -249.60000000000002
v 185.60000000000002 25.599999999999973 -243.20000000000002
v 192 25.59999999999998 -166.4
v 192 25.59999999999998 -160
v 179.20000000000002 25.59999999999998 -160
v 204.8 25.59999999999998 -160
v 192 25.59999999999998 -160
v 211.20000000000002 25.59999999999998 -166.4
v 192 25.59999999999998 -166.4
v 179.20000000000002 25.59999999999998 -160
v 166.4 25.59999999999998 -160
v 192 25.59999999999998 -166.4
v 166.4 25.59999999999998 -166.4
vt 0.6796875 0.0625
vt 0.6796875 0.125
vt 0.625 0.0625
vt 0.6796875 0.1796875
vt 0.6796875 0.2421875
vt 0.6171875 0.2421875
vt 0.625 0
vt 0.6796875 0
vt 0.6796875 0.125
vt 0.6796875 0.125
vt 0.6796875 0.2421875
vt 0.625 0.0625
vt 0.625 0.2421875
vt 0.6796875 0.125
vt 0.6796875 0.2421875
vt 0.625 0
vt 0.625 0.2421875
vn 0 1 -1.2246467991473532e-16
vn 0 1 -1.2246467991473532e-16
vn 0 1 -1.2246467991473532e-16
vn 0.44721359549995787 0.8944271909999157 -1.095357396528405e-16
vn 0.44721359549995787 0.8944271909999157 -1.095357396528405e-16
vn 0.44721359549995787 0.8944271909999157 -1.095357396528405e-16
vn 0 1 -1.2246467991473532e-16
vn 0 1 -1.2246467991473532e-16
vn 0 1 -1.2246467991473532e-16
vn 0 1 -1.2246467991473532e-16
vn 0 1 -1.2246467991473532e-16
vn 0 1 -1.2246467991473532e-16
vn 0 1 -1.2246467991473532e-16
vn 0 1 -1.2246467991473532e-16
vn 0 1 -1.2246467991473532e-16
vn 0 1 -1.2246467991473532e-16
vn 0 1 -1.2246467991473532e-16
f 473/473/473 472/472/472 471/471/471
f 476/476/476 475/475/475 474/474/474
f 479/479/479 478/478/478 477/477/477
f 482/482/482 481/481/481 480/480/480
f 481/481/481 482/482/482 483/483/483
f 486/486/486 485/485/485 484/484/484
f 485/485/485 486/486/486 487/487/487
o mesh_9
usemtl mat6
v 64 -2.037812273781196e-14 -166.4
v 64 -2.194567064072057e-14 -179.20000000000002
v 76.80000000000001 -2.194567064072057e-14 -179.20000000000002
v 166.4 25.59999999999998 -185.60000000000002
v 153.60000000000002 25.59999999999998 -185.60000000000002
v 153.60000000000002 28.799999999999976 -192
v 153.60000000000002 25.59999999999998 -166.4
v 166.4 25.59999999999998 -166.4
v 153.60000000000002 25.59999999999998 -160
v 166.4 25.59999999999998 -160
v 153.60000000000002 25.59999999999998 -166.4
v 153.60000000000002 25.59999999999998 -179.20000000000002
v 166.4 25.59999999999998 -166.4
v 166.4 25.59999999999998 -179.20000000000002
vt 0.75 0.125
vt 0.75 0
vt 0.875 0
vt 0.9921875 0.2421875
vt 0.875 0.2421875
vt 0.875 0.15625
vt 0.875 0.1171875
vt 0.875 0
vt 0.9296875 0.1171875
vt 0.9296875 0
vt 0.875 0.1171875
vt 0.75 0.1171875
vt 0.875 0
vt 0.75 0
vn 0 1 -1.2246467991473532e-16
vn 0 1 -1.2246467991473532e-16
vn 0 1 -1.2246467991473532e-16
vn 0 0.894427190999916 0.4472135954999579
vn 0 0.894427190999916 0.4472135954999579
vn 0 0.894427190999916 0.4472135954999579
vn 0 1 -1.2246467991473532e-16
vn 0 1 -1.2246467991473532e-16
vn 0 1 -1.2246467991473532e-16
vn 0 1 -1.2246467991473532e-16
vn 0 1 -1.2246467991473532e-16
vn 0 1 -1.2246467991473532e-16
vn 0 1 -1.2246467991473532e-16
vn 0 1 -1.2246467991473532e-16
f 490/490/490 489/489/489 488/488/488
f 493/493/493 492/492/492 491/491/491
f 496/496/496 495/495/495 494/494/494
f 495/495/495 496/496/496 497/497/497
f 500/500/500 499/499/499 498/498/498
f 499/499/499 500/500/500 501/501/501
o mesh_10
usemtl mat7
v 204.8 19.199999999999974 -243.20000000000002
v 217.60000000000002 19.199999999999974 -243.20000000000002
v 217.60000000000002 19.199999999999974 -230.4
v 140.8 12.8 -1.5675479029086122e-15
v 140.8 12.799999999999999 -12.800000000000002
v 153.60000000000002 12.8 -1.5675479029086122e-15
v 153.60000000000002 12.799999999999999 -12.800000000000002
vt 0.875 0.375
vt 0.875 0.4921875
vt 0.75 0.4921875
vt 0.9921875 0.3125
vt 0.9921875 0.4375
vt 0.875 0.3125
vt 0.875 0.4375
vn 0 1 -1.2246467991473532e-16
vn 0 1 -1.2246467991473532e-16
vn 0 1 -1.2246467991473532e-16
vn 0 1 -1.2246467991473532e-16
vn 0 1 -1.2246467991473532e-16
vn 0 1 -1.2246467991473532e-16
vn 0 1 -1.2246467991473532e-16
f 504/504/504 503/503/503 502/502/502
f 507/507/507 506/506/506 505/505/505
f 506/506/506 507/507/507 508/508/508
o mesh_11
usemtl mat2
v 64 -1.567547902908612e-14 -128
v 64 -1.8810574834903348e-14 -153.60000000000002
v 76.80000000000001 -1.8810574834903348e-14 -153.60000000000002
v 12.8 -1.7243026931994733e-14 -140.8
v 12.8 -1.8810574834903348e-14 -153.60000000000002
v 38.400000000000006 -1.8810574834903348e-14 -153.60000000000002
v 268.8 -1.7243026931994733e-14 -140.8
v 268.8 -1.567547902908612e-14 -128
v 243.20000000000002 -1.567547902908612e-14 -128
v 166.4 25.599999999999966 -281.6
v 192 25.599999999999966 -281.6
v 192 25.59999999999997 -268.8
v 115.2 -1.567547902908612e-14 -128
v 115.2 -1.8810574834903348e-14 -153.60000000000002
v 128 -1.8810574834903348e-14 -153.60000000000002
v 51.2 -1.8810574834903348e-14 -153.60000000000002
v 64 -1.8810574834903348e-14 -153.60000000000002
v 64 -1.567547902908612e-14 -128
v 115.2 -2.037812273781196e-14 -166.4
v 115.2 -1.8810574834903348e-14 -153.60000000000002
v 89.60000000000001 -1.8810574834903348e-14 -153.60000000000002
v 204.8 -1.8810574834903348e-14 -153.60000000000002
v 217.60000000000002 -1.8810574834903348e-14 -153.60000000000002
v 217.60000000000002 -1.567547902908612e-14 -128
v 128 25.59999999999997 -256
v 115.2 25.59999999999997 -256
v 115.2 25.599999999999966 -281.6
v 153.60000000000002 25.59999999999997 -256
v 140.8 25.59999999999997 -256
v 140.8 25.599999999999966 -281.6
v 140.8 -1.8810574834903348e-14 -153.60000000000002
v 166.4 -1.8810574834903348e-14 -153.60000000000002
v 140.8 -1.567547902908612e-14 -128
v 166.4 -1.567547902908612e-14 -128
v 115.2 25.599999999999966 -294.40000000000003
v 140.8 25.599999999999966 -294.40000000000003
v 115.2 25.599999999999966 -281.6
v 140.8 25.599999999999966 -281.6
v 128 -1.8810574834903348e-14 -153.60000000000002
v 140.8 -1.8810574834903348e-14 -153.60000000000002
v 115.2 -1.567547902908612e-14 -128
v 140.8 -1.567547902908612e-14 -128
v 89.60000000000001 -1.8810574834903348e-14 -153.60000000000002
v 89.60000000000001 -2.194567064072057e-14 -179.20000000000002
v 115.2 -2.037812273781196e-14 -166.4
v 115.2 -2.194567064072057e-14 -179.20000000000002
v 179.20000000000002 25.59999999999997 -256
v 166.4 25.59999999999997 -256
v 192 25.59999999999997 -268.8
v 166.4 25.599999999999966 -281.6
v 89.60000000000001 -2.194567064072057e-14 -179.20000000000002
v 89.60000000000001 -1.8810574834903348e-14 -153.60000000000002
v 76.80000000000001 -2.194567064072057e-14 -179.20000000000002
v 76.80000000000001 -1.8810574834903348e-14 -153.60000000000002
v 89.60000000000001 -2.5080766446537795e-14 -204.8
v 89.60000000000001 -2.194567064072057e-14 -179.20000000000002
v 76.80000000000001 -2.5080766446537795e-14 -204.8
v 76.80000000000001 -2.194567064072057e-14 -179.20000000000002
v 89.60000000000001 -2.5080766446537795e-14 -204.8
v 115.2 -2.5080766446537795e-14 -204.8
v 89.60000000000001 -2.194567064072057e-14 -179.20000000000002
v 115.2 -2.194567064072057e-14 -179.20000000000002
v 89.60000000000001 -2.5080766446537795e-14 -204.8
v 89.60000000000001 12.799999999999972 -230.4
v 115.2 -2.5080766446537795e-14 -204.8
v 115.2 12.799999999999972 -230.4
v 89.60000000000001 19.199999999999974 -243.20000000000002
v 89.60000000000001 25.59999999999997 -256
v 115.2 19.199999999999974 -243.20000000000002
v 115.2 25.59999999999997 -256
v 89.60000000000001 25.59999999999997 -256
v 89.60000000000001 25.599999999999966 -281.6
v 115.2 25.59999999999997 -256
v 115.2 25.599999999999966 -281.6
v 115.2 25.599999999999966 -281.6
v 140.8 25.599999999999966 -281.6
v 128 25.59999999999997 -256
v 140.8 25.59999999999997 -256
v 140.8 25.599999999999966 -281.6
v 166.4 25.599999999999966 -281.6
v 153.60000000000002 25.59999999999997 -256
v 166.4 25.59999999999997 -256
v 140.8 25.599999999999966 -281.6
v 140.8 25.599999999999966 -294.40000000000003
v 166.4 25.599999999999966 -281.6
v 166.4 25.599999999999966 -294.40000000000003
v 89.60000000000001 25.599999999999966 -281.6
v 89.60000000000001 25.599999999999966 -294.40000000000003
v 115.2 25.599999999999966 -281.6
v 115.2 25.599999999999966 -294.40000000000003
v 89.60000000000001 -1.8810574834903348e-14 -153.60000000000002
v 89.60000000000001 -1.567547902908612e-14 -128
v 76.80000000000001 -1.8810574834903348e-14 -153.60000000000002
v 64 -1.567547902908612e-14 -128
v 115.2 -1.8810574834903348e-14 -153.60000000000002
v 115.2 -1.567547902908612e-14 -128
v 89.60000000000001 -1.8810574834903348e-14 -153.60000000000002
v 89.60000000000001 -1.567547902908612e-14 -128
v 64 -1.567547902908612e-14 -128
v 38.400000000000006 -1.567547902908612e-14 -128
v 51.2 -1.8810574834903348e-14 -153.60000000000002
v 38.400000000000006 -1.8810574834903348e-14 -153.60000000000002
v 166.4 -1.8810574834903348e-14 -153.60000000000002
v 192 -1.8810574834903348e-14 -153.60000000000002
v 166.4 -1.567547902908612e-14 -128
v 192 -1.567547902908612e-14 -128
v 64 -1.567547902908612e-14 -128
v 64 -1.410793112617751e-14 -115.2
v 38.400000000000006 -1.567547902908612e-14 -128
v 38.400000000000006 -1.410793112617751e-14 -115.2
v 89.60000000000001 -1.567547902908612e-14 -128
v 89.60000000000001 -1.410793112617751e-14 -115.2
v 64 -1.567547902908612e-14 -128
v 64 -1.410793112617751e-14 -115.2
v 115.2 -1.567547902908612e-14 -128
v 115.2 -1.410793112617751e-14 -115.2
v 89.60000000000001 -1.567547902908612e-14 -128
v 89.60000000000001 -1.410793112617751e-14 -115.2
v 140.8 -1.567547902908612e-14 -128
v 140.8 -1.410793112617751e-14 -115.2
v 115.2 -1.567547902908612e-14 -128
v 115.2 -1.410793112617751e-14 -115.2
v 166.4 -1.567547902908612e-14 -128
v 166.4 -1.410793112617751e-14 -115.2
v 140.8 -1.567547902908612e-14 -128
v 140.8 -1.410793112617751e-14 -115.2
v 192 -1.567547902908612e-14 -128
v 192 -1.410793112617751e-14 -115.2
v 166.4 -1.567547902908612e-14 -128
v 166.4 -1.410793112617751e-14 -115.2
v 217.60000000000002 -1.567547902908612e-14 -128
v 217.60000000000002 -1.410793112617751e-14 -115.2
v 192 -1.567547902908612e-14 -128
v 192 -1.410793112617751e-14 -115.2
v 217.60000000000002 -1.567547902908612e-14 -128
v 243.20000000000002 -1.567547902908612e-14 -128
v 217.60000000000002 -1.410793112617751e-14 -115.2
v 243.20000000000002 -1.410793112617751e-14 -115.2
v 217.60000000000002 -1.8810574834903348e-14 -153.60000000000002
v 243.20000000000002 -1.8810574834903348e-14 -153.60000000000002
v 217.60000000000002 -1.567547902908612e-14 -128
v 243.20000000000002 -1.567547902908612e-14 -128
v 243.20000000000002 -1.567547902908612e-14 -128
v 268.8 -1.567547902908612e-14 -128
v 243.20000000000002 -1.410793112617751e-14 -115.2
v 268.8 -1.410793112617751e-14 -115.2
v 243.20000000000002 -1.567547902908612e-14 -128
v 243.20000000000002 -1.8810574834903348e-14 -153.60000000000002
v 268.8 -1.7243026931994733e-14 -140.8
v 268.8 -1.8810574834903348e-14 -153.60000000000002
v 38.400000000000006 -1.567547902908612e-14 -128
v 38.400000000000006 -1.410793112617751e-14 -115.2
v 12.8 -1.567547902908612e-14 -128
v 12.8 -1.410793112617751e-14 -115.2
v 268.8 -1.7243026931994733e-14 -140.8
v 281.6 -1.7243026931994733e-14 -140.8
v 268.8 -1.567547902908612e-14 -128
v 281.6 -1.567547902908612e-14 -128
v 12.8 -1.7243026931994733e-14 -140.8
v 38.400000000000006 -1.8810574834903348e-14 -153.60000000000002
v 12.8 -1.567547902908612e-14 -128
v 38.400000000000006 -1.567547902908612e-14 -128
v 166.4 25.599999999999966 -281.6
v 166.4 25.599999999999966 -294.40000000000003
v 192 25.599999999999966 -281.6
v 192 25.599999999999966 -294.40000000000003
v 217.60000000000002 -1.567547902908612e-14 -128
v 192 -1.567547902908612e-14 -128
v 204.8 -1.8810574834903348e-14 -153.60000000000002
v 192 -1.8810574834903348e-14 -153.60000000000002
v 115.2 19.199999999999974 -243.20000000000002
v 115.2 12.799999999999972 -230.4
v 89.60000000000001 19.199999999999974 -243.20000000000002
v 89.60000000000001 12.799999999999972 -230.4
v 89.60000000000001 12.799999999999972 -230.4
v 89.60000000000001 -2.5080766446537795e-14 -204.8
v 76.80000000000001 6.399999999999974 -217.60000000000002
v 76.80000000000001 -2.5080766446537795e-14 -204.8
v 140.8 -1.410793112617751e-14 -115.2
v 166.4 -1.410793112617751e-14 -115.2
v 140.8 -1.0972835320360286e-14 -89.60000000000001
v 166.4 -1.0972835320360286e-14 -89.60000000000001
v 140.8 -1.0972835320360286e-14 -89.60000000000001
v 115.2 -1.0972835320360286e-14 -89.60000000000001
v 140.8 -1.410793112617751e-14 -115.2
v 115.2 -1.410793112617751e-14 -115.2
v 89.60000000000001 25.599999999999966 -281.6
v 89.60000000000001 25.59999999999997 -256
v 76.80000000000001 25.59999999999997 -268.8
v 76.80000000000001 25.59999999999997 -256
vt 0.3125 0.75
vt 0.0625 0.75
vt 0.0625 0.625
vt 0.1875 0.75
vt 0.0625 0.75
vt 0.0625 0.5
vt 0.1875 0.75
vt 0.3125 0.75
vt 0.3125 0.9921875
vt 0.3125 0.75
vt 0.3125 0.9921875
vt 0.1875 0.9921875
vt 0.3125 0.75
vt 0.0625 0.75
vt 0.0625 0.625
vt 0.0625 0.875
vt 0.0625 0.75
vt 0.3125 0.75
vt 0.4296875 0.875
vt 0.4296875 0.9921875
vt 0.1875 0.9921875
vt 0.0625 0.875
vt 0.0625 0.75
vt 0.3125 0.75
vt 0.0625 0.875
vt 0.0625 0.75
vt 0.3125 0.75
vt 0.0625 0.625
vt 0.0625 0.5
vt 0.3125 0.5
vt 0.0625 0.9921875
vt 0.0625 0.75
vt 0.3125 0.9921875
vt 0.3125 0.75
vt 0.4375 0.75
vt 0.4375 0.9921875
vt 0.3125 0.75
vt 0.3125 0.9921875
vt 0.0625 0.625
vt 0.0625 0.5
vt 0.3125 0.75
vt 0.3125 0.5
vt 0.1875 0.9921875
vt 0.1875 0.75
vt 0.4296875 0.875
vt 0.4296875 0.75
vt 0.0625 0.875
vt 0.0625 0.75
vt 0.1875 0.9921875
vt 0.3125 0.75
vt 0.1875 0.75
vt 0.1875 0.9921875
vt 0.0625 0.75
vt 0.0625 0.9921875
vt 0.1875 0.5
vt 0.1875 0.75
vt 0.0625 0.5
vt 0.0625 0.75
vt 0.1875 0.5
vt 0.4296875 0.5
vt 0.1875 0.75
vt 0.4296875 0.75
vt 0.1875 0.9921875
vt 0.1875 0.75
vt 0.4296875 0.9921875
vt 0.4296875 0.75
vt 0.1875 0.625
vt 0.1875 0.5
vt 0.4296875 0.625
vt 0.4296875 0.5
vt 0.1875 0.9921875
vt 0.1875 0.75
vt 0.4296875 0.9921875
vt 0.4296875 0.75
vt 0.3125 0.75
vt 0.3125 0.9921875
vt 0.0625 0.875
vt 0.0625 0.9921875
vt 0.3125 0.5
vt 0.3125 0.75
vt 0.0625 0.625
vt 0.0625 0.75
vt 0.3125 0.5
vt 0.4375 0.5
vt 0.3125 0.75
vt 0.4375 0.75
vt 0.3125 0.5
vt 0.4375 0.5
vt 0.3125 0.75
vt 0.4375 0.75
vt 0.0625 0.5
vt 0.3125 0.5
vt 0.0625 0.625
vt 0.3125 0.75
vt 0.390625 0.9453125
vt 0.140625 0.9453125
vt 0.390625 0.6953125
vt 0.140625 0.6953125
vt 0.3125 0.75
vt 0.3125 0.9921875
vt 0.0625 0.875
vt 0.0625 0.9921875
vt 0.0625 0.75
vt 0.0625 0.5
vt 0.3125 0.75
vt 0.3125 0.5
vt 0.3125 0.75
vt 0.4296875 0.75
vt 0.3125 0.9921875
vt 0.4296875 0.9921875
vt 0.3125 0.5
vt 0.4296875 0.5
vt 0.3125 0.75
vt 0.4296875 0.75
vt 0.3125 0.75
vt 0.4296875 0.75
vt 0.3125 0.9921875
vt 0.4296875 0.9921875
vt 0.3125 0.5
vt 0.4296875 0.5
vt 0.3125 0.75
vt 0.4296875 0.75
vt 0.25 0.75
vt 0.375 0.75
vt 0.25 0.9921875
vt 0.375 0.9921875
vt 0.3125 0.5
vt 0.4296875 0.5
vt 0.3125 0.75
vt 0.4296875 0.75
vt 0.3125 0.75
vt 0.4296875 0.75
vt 0.3125 0.9921875
vt 0.4296875 0.9921875
vt 0.3125 0.75
vt 0.3125 0.5
vt 0.4296875 0.75
vt 0.4296875 0.5
vt 0.0625 0.75
vt 0.0625 0.5
vt 0.3125 0.75
vt 0.3125 0.5
vt 0.3125 0.9921875
vt 0.3125 0.75
vt 0.4296875 0.9921875
vt 0.4296875 0.75
vt 0.3125 0.9921875
vt 0.0625 0.9921875
vt 0.1875 0.75
vt 0.0625 0.75
vt 0.3125 0.5
vt 0.4296875 0.5
vt 0.3125 0.75
vt 0.4296875 0.75
vt 0.1875 0.75
vt 0.1875 0.625
vt 0.3125 0.75
vt 0.3125 0.625
vt 0.1875 0.75
vt 0.0625 0.5
vt 0.3125 0.75
vt 0.3125 0.5
vt 0.3125 0.75
vt 0.4375 0.75
vt 0.3125 0.9921875
vt 0.4375 0.9921875
vt 0.3125 0.75
vt 0.3125 0.9921875
vt 0.0625 0.875
vt 0.0625 0.9921875
vt 0.4296875 0.625
vt 0.4296875 0.75
vt 0.1875 0.625
vt 0.1875 0.75
vt 0.1875 0.75
vt 0.1875 0.9921875
vt 0.0625 0.875
vt 0.0625 0.9921875
vt 0.25 0.75
vt 0 0.75
vt 0.25 0.5
vt 0 0.5
vt 0.25 0.5
vt 0.4921875 0.5
vt 0.25 0.75
vt 0.4921875 0.75
vt 0.1875 0.75
vt 0.1875 0.9921875
vt 0.0625 0.875
vt 0.0625 0.9921875
vn 0 1 -1.2246467991473532e-16
vn 0 1 -1.2246467991473532e-16
vn 0 1 -1.2246467991473532e-16
vn 0 1 -1.2246467991473532e-16
vn 0 1 -1.2246467991473532e-16
vn 0 1 -1.2246467991473532e-16
vn 0 1 -1.2246467991473532e-16
vn 0 1 -1.2246467991473532e-16
vn 0 1 -1.2246467991473532e-16
vn 0 1 -1.2246467991473532e-16
vn 0 1 -1.2246467991473532e-16
vn 0 1 -1.2246467991473532e-16
vn 0 1 -1.2246467991473532e-16
vn 0 1 -1.2246467991473532e-16
vn 0 1 -1.2246467991473532e-16
vn 0 1 -1.2246467991473532e-16
vn 0 1 -1.2246467991473532e-16
vn 0 1 -1.2246467991473532e-16
vn 0 1 -1.2246467991473532e-16
vn 0 1 -1.2246467991473532e-16
vn 0 1 -1.2246467991473532e-16
vn 0 1 -1.2246467991473532e-16
vn 0 1 -1.2246467991473532e-16
vn 0 1 -1.2246467991473532e-16
vn 0 1 -1.2246467991473532e-16
vn 0 1 -1.2246467991473532e-16
vn 0 1 -1.2246467991473532e-16
vn 0 1 -1.2246467991473532e-16
vn 0 1 -1.2246467991473532e-16
vn 0 1 -1.2246467991473532e-16
vn 0 1 -1.2246467991473532e-16
vn 0 1 -1.2246467991473532e-16
vn 0 1 -1.2246467991473532e-16
vn 0 1 -1.2246467991473532e-16
vn 0 1 -1.2246467991473532e-16
vn 0 1 -1.2246467991473532e-16
vn 0 1 -1.2246467991473532e-16
vn 0 1 -1.2246467991473532e-16
vn 0 1 -1.2246467991473532e-16
vn 0 1 -1.2246467991473532e-16
vn 0 1 -1.2246467991473532e-16
vn 0 1 -1.2246467991473532e-16
vn 0 1 -1.2246467991473532e-16
vn 0 1 -1.2246467991473532e-16
vn 0 1 -1.2246467991473532e-16
vn 0 1 -1.2246467991473532e-16
vn 0 1 -1.2246467991473532e-16
vn 0 1 -1.2246467991473532e-16
vn 0 1 -1.2246467991473532e-16
vn 0 1 -1.2246467991473532e-16
vn 0 1 -1.2246467991473532e-16
vn 0 1 -1.2246467991473532e-16
vn 0 1 -1.2246467991473532e-16
vn 0 1 -1.2246467991473532e-16
vn 0 1 -1.2246467991473532e-16
vn 0 1 -1.2246467991473532e-16
vn 0 1 -1.2246467991473532e-16
vn 0 1 -1.2246467991473532e-16
vn 0 1 -1.2246467991473532e-16
vn 0 1 -1.2246467991473532e-16
vn 0 1 -1.2246467991473532e-16
vn 0 1 -1.2246467991473532e-16
vn 0 0.894427190999916 0.4472135954999579
vn 0 0.894427190999916 0.4472135954999579
vn 0 0.894427190999916 0.4472135954999579
vn 0 0.894427190999916 0.4472135954999579
vn 0 0.894427190999916 0.4472135954999579
vn 0 0.894427190999916 0.4472135954999579
vn 0 0.894427190999916 0.4472135954999579
vn 0 0.894427190999916 0.4472135954999579
vn 0 1 -1.2246467991473532e-16
vn 0 1 -1.2246467991473532e-16
vn 0 1 -1.2246467991473532e-16
vn 0 1 -1.2246467991473532e-16
vn 0 1 -1.2246467991473532e-16
vn 0 1 -1.2246467991473532e-16
vn 0 1 -1.2246467991473532e-16
vn 0 1 -1.2246467991473532e-16
vn 0 1 -1.2246467991473532e-16
vn 0 1 -1.2246467991473532e-16
vn 0 1 -1.2246467991473532e-16
vn 0 1 -1.2246467991473532e-16
vn 0 1 -1.2246467991473532e-16
vn 0 1 -1.2246467991473532e-16
vn 0 1 -1.2246467991473532e-16
vn 0 1 -1.2246467991473532e-16
vn 0 1 -1.2246467991473532e-16
vn 0 1 -1.2246467991473532e-16
vn 0 1 -1.2246467991473532e-16
vn 0 1 -1.2246467991473532e-16
vn 0 1 -1.2246467991473532e-16
vn 0 1 -1.2246467991473532e-16
vn 0 1 -1.2246467991473532e-16
vn 0 1 -1.2246467991473532e-16
vn 0 1 -1.2246467991473532e-16
vn 0 1 -1.2246467991473532e-16
vn 0 1 -1.2246467991473532e-16
vn 0 1 -1.2246467991473532e-16
vn 0 1 -1.2246467991473532e-16
vn 0 1 -1.2246467991473532e-16
vn 0 1 -1.2246467991473532e-16
vn 0 1 -1.2246467991473532e-16
vn 0 1 -1.2246467991473532e-16
vn 0 1 -1.2246467991473532e-16
vn 0 1 -1.2246467991473532e-16
vn 0 1 -1.2246467991473532e-16
vn 0 1 -1.2246467991473532e-16
vn 0 1 -1.2246467991473532e-16
vn 0 1 -1.2246467991473532e-16
vn 0 1 -1.2246467991473532e-16
vn 0 1 -1.2246467991473532e-16
vn 0 1 -1.2246467991473532e-16
vn 0 1 -1.2246467991473532e-16
vn 0 1 -1.2246467991473532e-16
vn 0 1 -1.2246467991473532e-16
vn 0 1 -1.2246467991473532e-16
vn 0 1 -1.2246467991473532e-16
vn 0 1 -1.2246467991473532e-16
vn 0 1 -1.2246467991473532e-16
vn 0 1 -1.2246467991473532e-16
vn 0 1 -1.2246467991473532e-16
vn 0 1 -1.2246467991473532e-16
vn 0 1 -1.2246467991473532e-16
vn 0 1 -1.2246467991473532e-16
vn 0 1 -1.2246467991473532e-16
vn 0 1 -1.2246467991473532e-16
vn 0 1 -1.2246467991473532e-16
vn 0 1 -1.2246467991473532e-16
vn 0 1 -1.2246467991473532e-16
vn 0 1 -1.2246467991473532e-16
vn 0 1 -1.2246467991473532e-16
vn 0 1 -1.2246467991473532e-16
vn 0 1 -1.2246467991473532e-16
vn 0 1 -1.2246467991473532e-16
vn 0 1 -1.2246467991473532e-16
vn 0 1 -1.2246467991473532e-16
vn 0 1 -1.2246467991473532e-16
vn 0 1 -1.2246467991473532e-16
vn 0 1 -1.2246467991473532e-16
vn 0 1 -1.2246467991473532e-16
vn 0 1 -1.2246467991473532e-16
vn 0 1 -1.2246467991473532e-16
vn 0 1 -1.2246467991473532e-16
vn 0 1 -1.2246467991473532e-16
vn 0 1 -1.2246467991473532e-16
vn 0 1 -1.2246467991473532e-16
vn 0 1 -1.2246467991473532e-16
vn 0 1 -1.2246467991473532e-16
vn 0 1 -1.2246467991473532e-16
vn 0 1 -1.2246467991473532e-16
vn 0 1 -1.2246467991473532e-16
vn 0 1 -1.2246467991473532e-16
vn 0 1 -1.2246467991473532e-16
vn 0 1 -1.2246467991473532e-16
vn 0 1 -1.2246467991473532e-16
vn 0 1 -1.2246467991473532e-16
vn 0 1 -1.2246467991473532e-16
vn 0 1 -1.2246467991473532e-16
vn 0 1 -1.2246467991473532e-16
vn 0 1 -1.2246467991473532e-16
vn 0 1 -1.2246467991473532e-16
vn 0 1 -1.2246467991473532e-16
vn 0 1 -1.2246467991473532e-16
vn 0 1 -1.2246467991473532e-16
vn 0 1 -1.2246467991473532e-16
vn 0 1 -1.2246467991473532e-16
vn 0 1 -1.2246467991473532e-16
vn 0 1 -1.2246467991473532e-16
vn 0 1 -1.2246467991473532e-16
vn 0 1 -1.2246467991473532e-16
vn 0 0.894427190999916 0.4472135954999579
vn 0 0.894427190999916 0.4472135954999579
vn 0 0.894427190999916 0.4472135954999579
vn 0 0.894427190999916 0.4472135954999579
vn 0 0.894427190999916 0.4472135954999579
vn 0 0.894427190999916 0.4472135954999579
vn 0 0.894427190999916 0.4472135954999579
vn 0 0.894427190999916 0.4472135954999579
vn 0 1 -1.2246467991473532e-16
vn 0 1 -1.2246467991473532e-16
vn 0 1 -1.2246467991473532e-16
vn 0 1 -1.2246467991473532e-16
vn 0 1 -1.2246467991473532e-16
vn 0 1 -1.2246467991473532e-16
vn 0 1 -1.2246467991473532e-16
vn 0 1 -1.2246467991473532e-16
vn 0 1 -1.2246467991473532e-16
vn 0 1 -1.2246467991473532e-16
vn 0 1 -1.2246467991473532e-16
vn 0 1 -1.2246467991473532e-16
f 511/511/511 510/510/510 509/509/509
f 514/514/514 513/513/513 512/512/512
f 517/517/517 516/516/516 515/515/515
f 520/520/520 519/519/519 518/518/518
f 523/523/523 522/522/522 521/521/521
f 526/526/526 525/525/525 524/524/524
f 529/529/529 528/528/528 527/527/527
f 532/532/532 531/531/531 530/530/530
f 535/535/535 534/534/534 533/533/533
f 538/538/538 537/537/537 536/536/536
f 541/541/541 540/540/540 539/539/539
f 540/540/540 541/541/541 542/542/542
f 545/545/545 544/544/544 543/543/543
f 544/544/544 545/545/545 546/546/546
f 549/549/549 548/548/548 547/547/547
f 548/548/548 549/549/549 550/550/550
f 553/553/553 552/552/552 551/551/551
f 552/552/552 553/553/553 554/554/554
f 557/557/557 556/556/556 555/555/555
f 556/556/556 557/557/557 558/558/558
f 561/561/561 560/560/560 559/559/559
f 560/560/560 561/561/561 562/562/562
f 565/565/565 564/564/564 563/563/563
f 564/564/564 565/565/565 566/566/566
f 569/569/569 568/568/568 567/567/567
f 568/568/568 569/569/569 570/570/570
f 573/573/573 572/572/572 571/571/571
f 572/572/572 573/573/573 574/574/574
f 577/577/577 576/576/576 575/575/575
f 576/576/576 577/577/577 578/578/578
f 581/581/581 580/580/580 579/579/579
f 580/580/580 581/581/581 582/582/582
f 585/585/585 584/584/584 583/583/583
f 584/584/584 585/585/585 586/586/586
f 589/589/589 588/588/588 587/587/587
f 588/588/588 589/589/589 590/590/590
f 593/593/593 592/592/592 591/591/591
f 592/592/592 593/593/593 594/594/594
f 597/597/597 596/596/596 595/595/595
f 596/596/596 597/597/597 598/598/598
f 601/601/601 600/600/600 599/599/599
f 600/600/600 601/601/601 602/602/602
f 605/605/605 604/604/604 603/603/603
f 604/604/604 605/605/605 606/606/606
f 609/609/609 608/608/608 607/607/607
f 608/608/608 609/609/609 610/610/610
f 613/613/613 612/612/612 611/611/611
f 612/612/612 613/613/613 614/614/614
f 617/617/617 616/616/616 615/615/615
f 616/616/616 617/617/617 618/618/618
f 621/621/621 620/620/620 619/619/619
f 620/620/620 621/621/621 622/622/622
f 625/625/625 624/624/624 623/623/623
f 624/624/624 625/625/625 626/626/626
f 629/629/629 628/628/628 627/627/627
f 628/628/628 629/629/629 630/630/630
f 633/633/633 632/632/632 631/631/631
f 632/632/632 633/633/633 634/634/634
f 637/637/637 636/636/636 635/635/635
f 636/636/636 637/637/637 638/638/638
f 641/641/641 640/640/640 639/639/639
f 640/640/640 641/641/641 642/642/642
f 645/645/645 644/644/644 643/643/643
f 644/644/644 645/645/645 646/646/646
f 649/649/649 648/648/648 647/647/647
f 648/648/648 649/649/649 650/650/650
f 653/653/653 652/652/652 651/651/651
f 652/652/652 653/653/653 654/654/654
f 657/657/657 656/656/656 655/655/655
f 656/656/656 657/657/657 658/658/658
f 661/661/661 660/660/660 659/659/659
f 660/660/660 661/661/661 662/662/662
f 665/665/665 664/664/664 663/663/663
f 664/664/664 665/665/665 666/666/666
f 669/669/669 668/668/668 667/667/667
f 668/668/668 669/669/669 670/670/670
f 673/673/673 672/672/672 671/671/671
f 672/672/672 673/673/673 674/674/674
f 677/677/677 676/676/676 675/675/675
f 676/676/676 677/677/677 678/678/678
f 681/681/681 680/680/680 679/679/679
f 680/680/680 681/681/681 682/682/682
f 685/685/685 684/684/684 683/683/683
f 684/684/684 685/685/685 686/686/686
f 689/689/689 688/688/688 687/687/687
f 688/688/688 689/689/689 690/690/690
f 693/693/693 692/692/692 691/691/691
f 692/692/692 693/693/693 694/694/694
f 697/697/697 696/696/696 695/695/695
f 696/696/696 697/697/697 698/698/698
o mesh_12
usemtl mat5
v 166.4 25.59999999999998 -185.60000000000002
v 166.4 35.199999999999974 -204.8
v 185.60000000000002 25.599999999999977 -204.8
v 243.20000000000002 -1.8810574834903348e-14 -153.60000000000002
v 217.60000000000002 -1.8810574834903348e-14 -153.60000000000002
v 217.60000000000002 -2.037812273781196e-14 -166.4
v 102.4 -1.0972835320360286e-14 -89.60000000000001
v 89.60000000000001 -1.0972835320360286e-14 -89.60000000000001
v 89.60000000000001 -1.410793112617751e-14 -115.2
v 185.60000000000002 25.599999999999973 -243.20000000000002
v 185.60000000000002 25.599999999999973 -230.4
v 166.4 35.199999999999974 -230.4
v 211.20000000000002 25.59999999999998 -179.20000000000002
v 211.20000000000002 25.59999999999998 -166.4
v 192 25.59999999999998 -179.20000000000002
v 192 25.59999999999998 -166.4
v 268.8 -2.194567064072057e-14 -179.20000000000002
v 268.8 -1.8810574834903348e-14 -153.60000000000002
v 243.20000000000002 -2.194567064072057e-14 -179.20000000000002
v 243.20000000000002 -1.8810574834903348e-14 -153.60000000000002
v 192 25.599999999999977 -198.4
v 192 25.59999999999998 -179.20000000000002
v 185.60000000000002 25.599999999999977 -198.4
v 166.4 25.59999999999998 -179.20000000000002
v 217.60000000000002 -2.037812273781196e-14 -166.4
v 217.60000000000002 -2.194567064072057e-14 -179.20000000000002
v 243.20000000000002 -1.8810574834903348e-14 -153.60000000000002
v 243.20000000000002 -2.194567064072057e-14 -179.20000000000002
v 166.4 25.59999999999998 -166.4
v 166.4 25.59999999999998 -179.20000000000002
v 192 25.59999999999998 -166.4
v 192 25.59999999999998 -179.20000000000002
v 153.60000000000002 35.199999999999974 -204.8
v 153.60000000000002 35.199999999999974 -230.4
v 166.4 35.199999999999974 -204.8
v 166.4 35.199999999999974 -230.4
v 89.60000000000001 -1.410793112617751e-14 -115.2
v 115.2 -1.410793112617751e-14 -115.2
v 102.4 -1.0972835320360286e-14 -89.60000000000001
v 115.2 -1.0972835320360286e-14 -89.60000000000001
v 166.4 35.199999999999974 -230.4
v 166.4 35.199999999999974 -249.60000000000002
v 185.60000000000002 25.599999999999973 -243.20000000000002
v 179.20000000000002 28.79999999999997 -249.60000000000002
vt 0.5 0.2421875
vt 0.5 0
vt 0.7421875 0
vt 0.7421875 0.2421875
vt 0.5 0.2421875
vt 0.5 0.125
vt 0.6171875 0
vt 0.7421875 0
vt 0.7421875 0.2421875
vt 0.6171875 0.2421875
vt 0.5 0.2421875
vt 0.5 0.0625
vt 0.5 0.0625
vt 0.625 0.0625
vt 0.5 0.2421875
vt 0.625 0.2421875
vt 0.7421875 0
vt 0.7421875 0.2421875
vt 0.5 0
vt 0.5 0.2421875
vt 0.5 0
vt 0.7421875 0
vt 0.5 0.0546875
vt 0.7421875 0.2421875
vt 0.5 0.125
vt 0.5 0
vt 0.7421875 0.2421875
vt 0.7421875 0
vt 0.625 0.2421875
vt 0.5 0.2421875
vt 0.625 0
vt 0.5 0
vt 0.625 0.2421875
vt 0.625 0
vt 0.7421875 0.2421875
vt 0.7421875 0
vt 0.7421875 0.2421875
vt 0.5 0.2421875
vt 0.6171875 0
vt 0.5 0
vt 0.5 0.0625
vt 0.6796875 0.0625
vt 0.6171875 0.2421875
vt 0.6796875 0.1796875
vn 0.408248290463863 0.816496580927726 0.40824829046386296
vn 0.408248290463863 0.816496580927726 0.40824829046386296
vn 0.408248290463863 0.816496580927726 0.40824829046386296
vn 0 1 -1.2246467991473532e-16
vn 0 1 -1.2246467991473532e-16
vn 0 1 -1.2246467991473532e-16
vn 0 1 -1.2246467991473532e-16
vn 0 1 -1.2246467991473532e-16
vn 0 1 -1.2246467991473532e-16
vn 0.44721359549995787 0.8944271909999157 -1.095357396528405e-16
vn 0.44721359549995787 0.8944271909999157 -1.095357396528405e-16
vn 0.44721359549995787 0.8944271909999157 -1.095357396528405e-16
vn 0 1 -1.2246467991473532e-16
vn 0 1 -1.2246467991473532e-16
vn 0 1 -1.2246467991473532e-16
vn 0 1 -1.2246467991473532e-16
vn 0 1 -1.2246467991473532e-16
vn 0 1 -1.2246467991473532e-16
vn 0 1 -1.2246467991473532e-16
vn 0 1 -1.2246467991473532e-16
vn 0 1 -1.2246467991473532e-16
vn 0 1 -1.2246467991473532e-16
vn 0 1 -1.2246467991473532e-16
vn 0 1 -1.2246467991473532e-16
vn 0 1 -1.2246467991473532e-16
vn 0 1 -1.2246467991473532e-16
vn 0 1 -1.2246467991473532e-16
vn 0 1 -1.2246467991473532e-16
vn 0 1 -1.2246467991473532e-16
vn 0 1 -1.2246467991473532e-16
vn 0 1 -1.2246467991473532e-16
vn 0 1 -1.2246467991473532e-16
vn 0 1 -1.2246467991473532e-16
vn 0 1 -1.2246467991473532e-16
vn 0 1 -1.2246467991473532e-16
vn 0 1 -1.2246467991473532e-16
vn 0 1 -1.2246467991473532e-16
vn 0 1 -1.2246467991473532e-16
vn 0 1 -1.2246467991473532e-16
vn 0 1 -1.2246467991473532e-16
vn 0.44721359549995787 0.8944271909999157 -1.095357396528405e-16
vn 0.44721359549995787 0.8944271909999157 -1.095357396528405e-16
vn 0.44721359549995787 0.8944271909999157 -1.095357396528405e-16
vn 0.44721359549995787 0.8944271909999157 -1.095357396528405e-16
f 701/701/701 700/700/700 699/699/699
f 704/704/704 703/703/703 702/702/702
f 707/707/707 706/706/706 705/705/705
f 710/710/710 709/709/709 708/708/708
f 713/713/713 712/712/712 711/711/711
f 712/712/712 713/713/713 714/714/714
f 717/717/717 716/716/716 715/715/715
f 716/716/716 717/717/717 718/718/718
f 721/721/721 720/720/720 719/719/719
f 720/720/720 721/721/721 722/722/722
f 725/725/725 724/724/724 723/723/723
f 724/724/724 725/725/725 726/726/726
f 729/729/729 728/728/728 727/727/727
f 728/728/728 729/729/729 730/730/730
f 733/733/733 732/732/732 731/731/731
f 732/732/732 733/733/733 734/734/734
f 737/737/737 736/736/736 735/735/735
f 736/736/736 737/737/737 738/738/738
f 741/741/741 740/740/740 739/739/739
f 740/740/740 741/741/741 742/742/742
o mesh_13
usemtl mat4
v 140.8 12.799999999999999 -12.800000000000002
v 140.8 12.799999999999995 -38.400000000000006
v 153.60000000000002 12.799999999999999 -12.800000000000002
v 140.8 12.799999999999995 -38.400000000000006
v 140.8 12.799999999999999 -12.800000000000002
v 128 12.799999999999999 -12.800000000000002
v 153.60000000000002 12.799999999999999 -12.800000000000002
v 140.8 12.799999999999995 -38.400000000000006
v 172.8 12.799999999999999 -12.800000000000002
v 172.8 12.799999999999995 -38.400000000000006
v 166.4 6.399999999999991 -76.80000000000001
v 166.4 12.799999999999994 -64
v 140.8 6.399999999999991 -76.80000000000001
v 140.8 12.799999999999994 -64
v 140.8 6.399999999999991 -76.80000000000001
v 140.8 12.799999999999994 -64
v 115.2 6.399999999999991 -76.80000000000001
v 115.2 12.799999999999994 -64
v 172.8 12.799999999999995 -38.400000000000006
v 140.8 12.799999999999995 -38.400000000000006
v 166.4 12.799999999999994 -64
v 140.8 12.799999999999994 -64
v 115.2 12.799999999999994 -64
v 140.8 12.799999999999994 -64
v 108.80000000000001 12.799999999999995 -38.400000000000006
v 140.8 12.799999999999995 -38.400000000000006
v 128 12.799999999999999 -12.800000000000002
v 108.80000000000001 12.799999999999999 -12.800000000000002
v 140.8 12.799999999999995 -38.400000000000006
v 108.80000000000001 12.799999999999995 -38.400000000000006
v 140.8 6.399999999999991 -76.80000000000001
v 140.8 -1.0972835320360286e-14 -89.60000000000001
v 166.4 6.399999999999991 -76.80000000000001
v 166.4 -1.0972835320360286e-14 -89.60000000000001
v 115.2 6.399999999999991 -76.80000000000001
v 115.2 -1.0972835320360286e-14 -89.60000000000001
v 140.8 6.399999999999991 -76.80000000000001
v 140.8 -1.0972835320360286e-14 -89.60000000000001
vt 0.5 0.5
vt 0.75 0.5
vt 0.5 0.59375
vt 0.75 0.9921875
vt 0.5 0.9921875
vt 0.5 0.890625
vt 0.5 0.59375
vt 0.75 0.5
vt 0.5 0.75
vt 0.75 0.75
vt 0.5 0.8125
vt 0.5 0.625
vt 0.75 0.8125
vt 0.75 0.625
vt 0.75 0.8125
vt 0.75 0.625
vt 0.9921875 0.8125
vt 0.9921875 0.625
vt 0.75 0.75
vt 0.75 0.5
vt 0.9921875 0.703125
vt 0.9921875 0.5
vt 0.9921875 0.796875
vt 0.9921875 0.9921875
vt 0.75 0.75
vt 0.75 0.9921875
vt 0.5 0.890625
vt 0.5 0.75
vt 0.75 0.9921875
vt 0.75 0.75
vt 0.75 0.8125
vt 0.75 0.9921875
vt 0.5 0.8125
vt 0.5 0.9921875
vt 0.9921875 0.8125
vt 0.9921875 0.9921875
vt 0.75 0.8125
vt 0.75 0.9921875
vn 0 1 -1.2246467991473532e-16
vn 0 1 -1.2246467991473532e-16
vn 0 1 -1.2246467991473532e-16
vn 0 1 -1.2246467991473532e-16
vn 0 1 -1.2246467991473532e-16
vn 0 1 -1.2246467991473532e-16
vn 0 1 -1.2246467991473532e-16
vn 0 1 -1.2246467991473532e-16
vn 0 1 -1.2246467991473532e-16
vn 0 1 -1.2246467991473532e-16
vn 0 0.8944271909999157 -0.447213595499958
vn 0 0.8944271909999157 -0.447213595499958
vn 0 0.8944271909999157 -0.447213595499958
vn 0 0.8944271909999157 -0.447213595499958
vn 0 0.8944271909999157 -0.447213595499958
vn 0 0.8944271909999157 -0.447213595499958
vn 0 0.8944271909999157 -0.447213595499958
vn 0 0.8944271909999157 -0.447213595499958
vn 0 1 -1.2246467991473532e-16
vn 0 1 -1.2246467991473532e-16
vn 0 1 -1.2246467991473532e-16
vn 0 1 -1.2246467991473532e-16
vn 0 1 -1.2246467991473532e-16
vn 0 1 -1.2246467991473532e-16
vn 0 1 -1.2246467991473532e-16
vn 0 1 -1.2246467991473532e-16
vn 0 1 -1.2246467991473532e-16
vn 0 1 -1.2246467991473532e-16
vn 0 1 -1.2246467991473532e-16
vn 0 1 -1.2246467991473532e-16
vn 0 0.8944271909999157 -0.447213595499958
vn 0 0.8944271909999157 -0.447213595499958
vn 0 0.8944271909999157 -0.447213595499958
vn 0 0.8944271909999157 -0.447213595499958
vn 0 0.8944271909999157 -0.447213595499958
vn 0 0.8944271909999157 -0.447213595499958
vn 0 0.8944271909999157 -0.447213595499958
vn 0 0.8944271909999157 -0.447213595499958
f 745/745/745 744/744/744 743/743/743
f 748/748/748 747/747/747 746/746/746
f 751/751/751 750/750/750 749/749/749
f 750/750/750 751/751/751 752/752/752
f 755/755/755 754/754/754 753/753/753
f 754/754/754 755/755/755 756/756/756
f 759/759/759 758/758/758 757/757/757
f 758/758/758 759/759/759 760/760/760
f 763/763/763 762/762/762 761/761/761
f 762/762/762 763/763/763 764/764/764
f 767/767/767 766/766/766 765/765/765
f 766/766/766 767/767/767 768/768/768
f 771/771/771 770/770/770 769/769/769
f 770/770/770 771/771/771 772/772/772
f 775/775/775 774/774/774 773/773/773
f 774/774/774 775/775/775 776/776/776
f 779/779/779 778/778/778 777/777/777
f 778/778/778 779/779/779 780/780/780
o mesh_14
usemtl mat8
v 268.8 -1.8810574834903348e-14 -153.60000000000002
v 268.8 -2.194567064072057e-14 -179.20000000000002
v 268.8 -2.194567064072057e-14 -179.20000000000002
v 217.60000000000002 -25.600000000000037 -294.40000000000003
v 243.20000000000002 -25.600000000000037 -294.40000000000003
v 217.60000000000002 -25.600000000000037 -281.6
v 243.20000000000002 -25.600000000000037 -281.6
v 217.60000000000002 -25.600000000000037 -281.6
v 243.20000000000002 -25.600000000000037 -281.6
v 217.60000000000002 -25.600000000000033 -256
v 243.20000000000002 -25.600000000000033 -256
v 268.8 -25.600000000000037 -281.6
v 243.20000000000002 -25.600000000000037 -281.6
v 268.8 -25.600000000000037 -294.40000000000003
v 243.20000000000002 -25.600000000000037 -294.40000000000003
v 268.8 -25.600000000000033 -256
v 243.20000000000002 -25.600000000000033 -256
v 268.8 -25.600000000000037 -281.6
v 243.20000000000002 -25.600000000000037 -281.6
vt 0.96875 0.96875
vt 0.96875 0.96875
vt 0.96875 0.96875
vt 0.96875 0.96875
vt 0.96875 0.96875
vt 0.96875 0.96875
vt 0.96875 0.96875
vt 0.96875 0.96875
vt 0.96875 0.96875
vt 0.96875 0.96875
vt 0.96875 0.96875
vt 0.96875 0.96875
vt 0.96875 0.96875
vt 0.96875 0.96875
vt 0.96875 0.96875
vt 0.96875 0.96875
vt 0.96875 0.96875
vt 0.96875 0.96875
vt 0.96875 0.96875
vn 0 0 0
vn 0 0 0
vn 0 0 0
vn 0 1 -1.2246467991473532e-16
vn 0 1 -1.2246467991473532e-16
vn 0 1 -1.2246467991473532e-16
vn 0 1 -1.2246467991473532e-16
vn 0 1 -1.2246467991473532e-16
vn 0 1 -1.2246467991473532e-16
vn 0 1 -1.2246467991473532e-16
vn 0 1 -1.2246467991473532e-16
vn 0 1 -1.2246467991473532e-16
vn 0 1 -1.2246467991473532e-16
vn 0 1 -1.2246467991473532e-16
vn 0 1 -1.2246467991473532e-16
vn 0 1 -1.2246467991473532e-16
vn 0 1 -1.2246467991473532e-16
vn 0 1 -1.2246467991473532e-16
vn 0 1 -1.2246467991473532e-16
f 783/783/783 782/782/782 781/781/781
f 786/786/786 785/785/785 784/784/784
f 785/785/785 786/786/786 787/787/787
f 790/790/790 789/789/789 788/788/788
f 789/789/789 790/790/790 791/791/791
f 794/794/794 793/793/793 792/792/792
f 793/793/793 794/794/794 795/795/795
f 798/798/798 797/797/797 796/796/796
f 797/797/797 798/798/798 799/799/799
o mesh_15
usemtl mat6
v 192 -1.410793112617751e-14 -115.2
v 192 -1.0972835320360286e-14 -89.60000000000001
v 179.20000000000002 -1.0972835320360286e-14 -89.60000000000001
v 185.60000000000002 25.599999999999973 -217.60000000000002
v 185.60000000000002 25.599999999999977 -204.8
v 166.4 35.199999999999974 -204.8
v 192 25.59999999999998 -179.20000000000002
v 192 25.599999999999977 -198.4
v 204.8 25.599999999999977 -198.4
v 179.20000000000002 -1.0972835320360286e-14 -89.60000000000001
v 166.4 -1.0972835320360286e-14 -89.60000000000001
v 192 -1.410793112617751e-14 -115.2
v 166.4 -1.410793112617751e-14 -115.2
v 76.80000000000001 -2.194567064072057e-14 -179.20000000000002
v 76.80000000000001 -1.8810574834903348e-14 -153.60000000000002
v 64 -2.037812273781196e-14 -166.4
v 64 -1.8810574834903348e-14 -153.60000000000002
v 153.60000000000002 28.799999999999976 -192
v 153.60000000000002 35.199999999999974 -204.8
v 166.4 25.59999999999998 -185.60000000000002
v 166.4 35.199999999999974 -204.8
v 166.4 35.199999999999974 -249.60000000000002
v 166.4 35.199999999999974 -230.4
v 153.60000000000002 35.199999999999974 -249.60000000000002
v 153.60000000000002 35.199999999999974 -230.4
v 64 -2.5080766446537795e-14 -204.8
v 76.80000000000001 -2.5080766446537795e-14 -204.8
v 64 -2.194567064072057e-14 -179.20000000000002
v 76.80000000000001 -2.194567064072057e-14 -179.20000000000002
v 166.4 35.199999999999974 -204.8
v 166.4 35.199999999999974 -230.4
v 185.60000000000002 25.599999999999973 -217.60000000000002
v 185.60000000000002 25.599999999999973 -230.4
v 204.8 25.599999999999977 -198.4
v 211.20000000000002 25.599999999999977 -198.4
v 192 25.59999999999998 -179.20000000000002
v 211.20000000000002 25.59999999999998 -179.20000000000002
vt 0.75 0
vt 0.9921875 0
vt 0.9921875 0.1171875
vt 0.75 0.1171875
vt 0.75 0
vt 0.9921875 0
vt 0.9921875 0.2421875
vt 0.8125 0.2421875
vt 0.8125 0.1171875
vt 0.9921875 0.1171875
vt 0.9921875 0.2421875
vt 0.75 0
vt 0.75 0.2421875
vt 0.875 0
vt 0.875 0.2421875
vt 0.75 0.125
vt 0.75 0.2421875
vt 0.875 0.15625
vt 0.875 0
vt 0.9921875 0.2421875
vt 0.9921875 0
vt 0.9921875 0
vt 0.9921875 0.2421875
vt 0.875 0
vt 0.875 0.2421875
vt 0.75 0
vt 0.875 0
vt 0.75 0.2421875
vt 0.875 0.2421875
vt 0.9921875 0
vt 0.9921875 0.2421875
vt 0.75 0.1171875
vt 0.75 0.2421875
vt 0.8125 0.1171875
vt 0.8125 0.0625
vt 0.9921875 0.2421875
vt 0.9921875 0.0625
vn 0 1 -1.2246467991473532e-16
vn 0 1 -1.2246467991473532e-16
vn 0 1 -1.2246467991473532e-16
vn 0.44721359549995787 0.8944271909999157 -1.095357396528405e-16
vn 0.44721359549995787 0.8944271909999157 -1.095357396528405e-16
vn 0.44721359549995787 0.8944271909999157 -1.095357396528405e-16
vn 0 1 -1.2246467991473532e-16
vn 0 1 -1.2246467991473532e-16
vn 0 1 -1.2246467991473532e-16
vn 0 1 -1.2246467991473532e-16
vn 0 1 -1.2246467991473532e-16
vn 0 1 -1.2246467991473532e-16
vn 0 1 -1.2246467991473532e-16
vn 0 1 -1.2246467991473532e-16
vn 0 1 -1.2246467991473532e-16
vn 0 1 -1.2246467991473532e-16
vn 0 1 -1.2246467991473532e-16
vn 0 0.894427190999916 0.4472135954999579
vn 0 0.894427190999916 0.4472135954999579
vn 0 0.894427190999916 0.4472135954999579
vn 0 0.894427190999916 0.4472135954999579
vn 0 1 -1.2246467991473532e-16
vn 0 1 -1.2246467991473532e-16
vn 0 1 -1.2246467991473532e-16
vn 0 1 -1.2246467991473532e-16
vn 0 1 -1.2246467991473532e-16
vn 0 1 -1.2246467991473532e-16
vn 0 1 -1.2246467991473532e-16
vn 0 1 -1.2246467991473532e-16
vn 0.44721359549995787 0.8944271909999157 -1.095357396528405e-16
vn 0.44721359549995787 0.8944271909999157 -1.095357396528405e-16
vn 0.44721359549995787 0.8944271909999157 -1.095357396528405e-16
vn 0.44721359549995787 0.8944271909999157 -1.095357396528405e-16
vn 0 1 -1.2246467991473532e-16
vn 0 1 -1.2246467991473532e-16
vn 0 1 -1.2246467991473532e-16
vn 0 1 -1.2246467991473532e-16
f 802/802/802 801/801/801 800/800/800
f 805/805/805 804/804/804 803/803/803
f 808/808/808 807/807/807 806/806/806
f 811/811/811 810/810/810 809/809/809
f 810/810/810 811/811/811 812/812/812
f 815/815/815 814/814/814 813/813/813
f 814/814/814 815/815/815 816/816/816
f 819/819/819 818/818/818 817/817/817
f 818/818/818 819/819/819 820/820/820
f 823/823/823 822/822/822 821/821/821
f 822/822/822 823/823/823 824/824/824
f 827/827/827 826/826/826 825/825/825
f 826/826/826 827/827/827 828/828/828
f 831/831/831 830/830/830 829/829/829
f 830/830/830 831/831/831 832/832/832
f 835/835/835 834/834/834 833/833/833
f 834/834/834 835/835/835 836/836/836
o mesh_16
usemtl mat3
v 185.60000000000002 51.199999999999974 -256
v 192 51.199999999999974 -256
v 185.60000000000002 51.199999999999974 -249.60000000000002
v 192 51.199999999999974 -249.60000000000002
v 172.8 51.199999999999974 -249.60000000000002
v 166.4 51.199999999999974 -249.60000000000002
v 172.8 51.199999999999974 -256
v 166.4 51.199999999999974 -256
v 185.60000000000002 51.19999999999998 -153.60000000000002
v 179.20000000000002 51.19999999999998 -153.60000000000002
v 185.60000000000002 51.19999999999998 -160
v 179.20000000000002 51.19999999999998 -160
v 172.8 51.19999999999998 -160
v 179.20000000000002 51.19999999999998 -160
v 172.8 51.19999999999998 -153.60000000000002
v 179.20000000000002 51.19999999999998 -153.60000000000002
v 76.80000000000001 12.799999999999974 -217.60000000000002
v 76.80000000000001 12.799999999999976 -204.8
v 64 12.799999999999974 -217.60000000000002
v 64 12.799999999999976 -204.8
v 185.60000000000002 25.599999999999977 -204.8
v 185.60000000000002 25.599999999999977 -198.4
v 166.4 25.59999999999998 -185.60000000000002
v 166.4 25.59999999999998 -179.20000000000002
v 185.60000000000002 51.199999999999974 -249.60000000000002
v 179.20000000000002 51.199999999999974 -249.60000000000002
v 185.60000000000002 51.199999999999974 -256
v 179.20000000000002 51.199999999999974 -256
v 204.8 76.79999999999997 -320
v 192 76.79999999999997 -320
v 217.60000000000002 76.79999999999997 -345.6
v 192 76.79999999999997 -345.6
v 172.8 51.199999999999974 -256
v 179.20000000000002 51.199999999999974 -256
v 172.8 51.199999999999974 -249.60000000000002
v 179.20000000000002 51.199999999999974 -249.60000000000002
v 172.8 51.19999999999998 -153.60000000000002
v 166.4 51.19999999999998 -153.60000000000002
v 172.8 51.19999999999998 -160
v 166.4 51.19999999999998 -160
v 185.60000000000002 51.19999999999998 -160
v 192 51.19999999999998 -160
v 185.60000000000002 51.19999999999998 -153.60000000000002
v 192 51.19999999999998 -153.60000000000002
vt 0.1171875 0.6796875
vt 0.0625 0.6796875
vt 0.1171875 0.625
vt 0.0625 0.625
vt 0.2421875 0.625
vt 0.3046875 0.625
vt 0.2421875 0.6796875
vt 0.3046875 0.6796875
vt 0.1796875 0.6796875
vt 0.1171875 0.6796875
vt 0.1796875 0.625
vt 0.1171875 0.625
vt 0.0625 0.625
vt 0.1171875 0.625
vt 0.0625 0.6796875
vt 0.1171875 0.6796875
vt 0.25 0.7421875
vt 0.125 0.7421875
vt 0.25 0.625
vt 0.125 0.625
vt 0.3671875 0.5
vt 0.3125 0.5546875
vt 0.0625 0.5
vt 0 0.5546875
vt 0.1171875 0.625
vt 0.1796875 0.625
vt 0.1171875 0.6796875
vt 0.1796875 0.6796875
vt 0.125 0.25
vt 0 0.25
vt 0.25 0
vt 0 0
vt 0.2421875 0.6796875
vt 0.1796875 0.6796875
vt 0.2421875 0.625
vt 0.1796875 0.625
vt 0.0625 0.6796875
vt 0 0.6796875
vt 0.0625 0.625
vt 0 0.625
vt 0.1796875 0.625
vt 0.2421875 0.625
vt 0.1796875 0.6796875
vt 0.2421875 0.6796875
vn 0 1 -1.2246467991473532e-16
vn 0 1 -1.2246467991473532e-16
vn 0 1 -1.2246467991473532e-16
vn 0 1 -1.2246467991473532e-16
vn 0 1 -1.2246467991473532e-16
vn 0 1 -1.2246467991473532e-16
vn 0 1 -1.2246467991473532e-16
vn 0 1 -1.2246467991473532e-16
vn 0 1 -1.2246467991473532e-16
vn 0 1 -1.2246467991473532e-16
vn 0 1 -1.2246467991473532e-16
vn 0 1 -1.2246467991473532e-16
vn 0 1 -1.2246467991473532e-16
vn 0 1 -1.2246467991473532e-16
vn 0 1 -1.2246467991473532e-16
vn 0 1 -1.2246467991473532e-16
vn 0 1 -1.2246467991473532e-16
vn 0 1 -1.2246467991473532e-16
vn 0 1 -1.2246467991473532e-16
vn 0 1 -1.2246467991473532e-16
vn 0 1 -1.2246467991473532e-16
vn 0 1 -1.2246467991473532e-16
vn 0 1 -1.2246467991473532e-16
vn 0 1 -1.2246467991473532e-16
vn 0 1 -1.2246467991473532e-16
vn 0 1 -1.2246467991473532e-16
vn 0 1 -1.2246467991473532e-16
vn 0 1 -1.2246467991473532e-16
vn 0 1 -1.2246467991473532e-16
vn 0 1 -1.2246467991473532e-16
vn 0 1 -1.2246467991473532e-16
vn 0 1 -1.2246467991473532e-16
vn 0 1 -1.2246467991473532e-16
vn 0 1 -1.2246467991473532e-16
vn 0 1 -1.2246467991473532e-16
vn 0 1 -1.2246467991473532e-16
vn 0 1 -1.2246467991473532e-16
vn 0 1 -1.2246467991473532e-16
vn 0 1 -1.2246467991473532e-16
vn 0 1 -1.2246467991473532e-16
vn 0 1 -1.2246467991473532e-16
vn 0 1 -1.2246467991473532e-16
vn 0 1 -1.2246467991473532e-16
vn 0 1 -1.2246467991473532e-16
f 839/839/839 838/838/838 837/837/837
f 838/838/838 839/839/839 840/840/840
f 843/843/843 842/842/842 841/841/841
f 842/842/842 843/843/843 844/844/844
f 847/847/847 846/846/846 845/845/845
f 846/846/846 847/847/847 848/848/848
f 851/851/851 850/850/850 849/849/849
f 850/850/850 851/851/851 852/852/852
f 855/855/855 854/854/854 853/853/853
f 854/854/854 855/855/855 856/856/856
f 859/859/859 858/858/858 857/857/857
f 858/858/858 859/859/859 860/860/860
f 863/863/863 862/862/862 861/861/861
f 862/862/862 863/863/863 864/864/864
f 867/867/867 866/866/866 865/865/865
f 866/866/866 867/867/867 868/868/868
f 871/871/871 870/870/870 869/869/869
f 870/870/870 871/871/871 872/872/872
f 875/875/875 874/874/874 873/873/873
f 874/874/874 875/875/875 876/876/876
f 879/879/879 878/878/878 877/877/877
f 878/878/878 879/879/879 880/880/880
o mesh_17
usemtl mat4
v 38.400000000000006 51.19999999999996 -332.8
v 64 31.99999999999996 -320
v 38.400000000000006 51.19999999999996 -320
v 76.80000000000001 31.999999999999964 -294.40000000000003
v 76.80000000000001 31.99999999999996 -313.6
v 89.60000000000001 25.599999999999966 -294.40000000000003
v 89.60000000000001 25.599999999999962 -307.20000000000005
v 76.80000000000001 31.999999999999964 -294.40000000000003
v 64 31.999999999999964 -294.40000000000003
v 76.80000000000001 31.99999999999996 -313.6
v 64 31.99999999999996 -320
v 64 31.999999999999964 -294.40000000000003
v 38.400000000000006 51.19999999999997 -294.40000000000003
v 64 31.99999999999996 -320
v 38.400000000000006 51.19999999999996 -320
v 38.400000000000006 51.19999999999996 -332.8
v 38.400000000000006 51.19999999999996 -320
v 12.8 51.19999999999996 -345.6
v 12.8 51.19999999999996 -320
v 38.400000000000006 51.19999999999997 -294.40000000000003
v 12.8 51.19999999999997 -294.40000000000003
v 38.400000000000006 51.19999999999996 -320
v 12.8 51.19999999999996 -320
vt 0.875 0.5
vt 0.75 0.75
vt 0.75 0.5
vt 0.5 0.875
vt 0.6875 0.875
vt 0.5 0.9921875
vt 0.625 0.9921875
vt 0.5 0.875
vt 0.5 0.75
vt 0.6875 0.875
vt 0.75 0.75
vt 0.5 0.75
vt 0.5 0.5
vt 0.75 0.75
vt 0.75 0.5
vt 0.875 0.9921875
vt 0.75 0.9921875
vt 0.9921875 0.75
vt 0.75 0.75
vt 0.5 0.9921875
vt 0.5 0.75
vt 0.75 0.9921875
vt 0.75 0.75
vn 0.6000000095367429 0.7999999928474428 -9.797174305585262e-17
vn 0.6000000095367429 0.7999999928474428 -9.797174305585262e-17
vn 0.6000000095367429 0.7999999928474428 -9.797174305585262e-17
vn 0.44721359549995787 0.8944271909999157 -1.095357396528405e-16
vn 0.44721359549995787 0.8944271909999157 -1.095357396528405e-16
vn 0.44721359549995787 0.8944271909999157 -1.095357396528405e-16
vn 0.44721359549995787 0.8944271909999157 -1.095357396528405e-16
vn 0 1 -1.2246467991473532e-16
vn 0 1 -1.2246467991473532e-16
vn 0 1 -1.2246467991473532e-16
vn 0 1 -1.2246467991473532e-16
vn 0.6000000095367429 0.7999999928474428 -9.797174305585262e-17
vn 0.6000000095367429 0.7999999928474428 -9.797174305585262e-17
vn 0.6000000095367429 0.7999999928474428 -9.797174305585262e-17
vn 0.6000000095367429 0.7999999928474428 -9.797174305585262e-17
vn 0 1 -1.2246467991473532e-16
vn 0 1 -1.2246467991473532e-16
vn 0 1 -1.2246467991473532e-16
vn 0 1 -1.2246467991473532e-16
vn 0 1 -1.2246467991473532e-16
vn 0 1 -1.2246467991473532e-16
vn 0 1 -1.2246467991473532e-16
vn 0 1 -1.2246467991473532e-16
f 883/883/883 882/882/882 881/881/881
f 886/886/886 885/885/885 884/884/884
f 885/885/885 886/886/886 887/887/887
f 890/890/890 889/889/889 888/888/888
f 889/889/889 890/890/890 891/891/891
f 894/894/894 893/893/893 892/892/892
f 893/893/893 894/894/894 895/895/895
f 898/898/898 897/897/897 896/896/896
f 897/897/897 898/898/898 899/899/899
f 902/902/902 901/901/901 900/900/900
f 901/901/901 902/902/902 903/903/903
o mesh_18
usemtl mat8
v 108.80000000000001 64 -12.800000000000008
v 108.80000000000001 89.60000000000001 -12.800000000000011
v 108.80000000000001 64 12.799999999999994
v 108.80000000000001 89.60000000000001 12.79999999999999
v 108.80000000000001 25.6 12.799999999999997
v 108.80000000000001 12.800000000000002 12.799999999999999
v 108.80000000000001 25.6 -12.800000000000004
v 108.80000000000001 12.799999999999999 -12.800000000000002
v 108.80000000000001 115.2 12.799999999999986
v 108.80000000000001 115.2 -25.600000000000016
v 108.80000000000001 153.60000000000002 12.799999999999981
v 108.80000000000001 153.60000000000002 -25.60000000000002
v 108.80000000000001 64 12.799999999999994
v 108.80000000000001 38.400000000000006 12.799999999999995
v 108.80000000000001 64 -12.800000000000008
v 108.80000000000001 38.400000000000006 -12.800000000000006
v 108.80000000000001 115.2 -25.600000000000016
v 108.80000000000001 115.2 12.799999999999986
v 108.80000000000001 89.60000000000001 -12.800000000000011
v 108.80000000000001 89.60000000000001 12.79999999999999
v 108.80000000000001 25.6 -12.800000000000004
v 108.80000000000001 38.400000000000006 -12.800000000000006
v 108.80000000000001 25.6 12.799999999999997
v 108.80000000000001 38.400000000000006 12.799999999999995
vt 0.96875 0.96875
vt 0.96875 0.96875
vt 0.96875 0.96875
vt 0.96875 0.96875
vt 0.96875 0.96875
vt 0.96875 0.96875
vt 0.96875 0.96875
vt 0.96875 0.96875
vt 0.96875 0.96875
vt 0.96875 0.96875
vt 0.96875 0.96875
vt 0.96875 0.96875
vt 0.96875 0.96875
vt 0.96875 0.96875
vt 0.96875 0.96875
vt 0.96875 0.96875
vt 0.96875 0.96875
vt 0.96875 0.96875
vt 0.96875 0.96875
vt 0.96875 0.96875
vt 0.96875 0.96875
vt 0.96875 0.96875
vt 0.96875 0.96875
vt 0.96875 0.96875
vn -1 0 0
vn -1 0 0
vn -1 0 0
vn -1 0 0
vn -1 0 0
vn -1 0 0
vn -1 0 0
vn -1 0 0
vn -1 0 0
vn -1 0 0
vn -1 0 0
vn -1 0 0
vn -1 0 0
vn -1 0 0
vn -1 0 0
vn -1 0 0
vn -1 0 0
vn -1 0 0
vn -1 0 0
vn -1 0 0
vn -1 0 0
vn -1 0 0
vn -1 0 0
vn -1 0 0
f 906/906/906 905/905/905 904/904/904
f 905/905/905 906/906/906 907/907/907
f 910/910/910 909/909/909 908/908/908
f 909/909/909 910/910/910 911/911/911
f 914/914/914 913/913/913 912/912/912
f 913/913/913 914/914/914 915/915/915
f 918/918/918 917/917/917 916/916/916
f 917/917/917 918/918/918 919/919/919
f 922/922/922 921/921/921 920/920/920
f 921/921/921 922/922/922 923/923/923
f 926/926/926 925/925/925 924/924/924
f 925/925/925 926/926/926 927/927/927
o mesh_19
usemtl mat8
v 268.8 89.59999999999997 -332.8
v 268.8 89.59999999999997 -345.6
v 268.8 76.79999999999997 -345.6
v 192 76.79999999999997 -345.6
v 192 76.79999999999997 -320
v 192 63.99999999999996 -320
v 76.80000000000001 25.599999999999966 -294.40000000000003
v 76.80000000000001 31.999999999999964 -294.40000000000003
v 76.80000000000001 25.599999999999966 -281.6
v 89.60000000000001 25.599999999999966 -294.40000000000003
v 76.80000000000001 31.999999999999964 -294.40000000000003
v 76.80000000000001 25.599999999999966 -294.40000000000003
v 243.20000000000002 83.19999999999996 -345.6
v 243.20000000000002 76.79999999999997 -345.6
v 256 76.79999999999997 -345.6
v 230.4 83.19999999999996 -345.6
v 217.60000000000002 83.19999999999996 -345.6
v 217.60000000000002 76.79999999999997 -345.6
v 192 38.39999999999997 -297.6
v 192 25.599999999999966 -294.40000000000003
v 192 25.599999999999962 -320
v 268.8 25.59999999999996 -345.6
v 268.8 25.599999999999962 -320
v 268.8 51.19999999999996 -320
v 192 51.19999999999996 -320
v 192 25.599999999999962 -320
v 192 25.59999999999996 -345.6
v 256 25.59999999999996 -345.6
v 268.8 25.59999999999996 -345.6
v 256 76.79999999999997 -345.6
v 268.8 76.79999999999997 -345.6
v 140.8 -25.600000000000037 -294.40000000000003
v 140.8 25.599999999999966 -294.40000000000003
v 115.2 -25.600000000000037 -294.40000000000003
v 115.2 25.599999999999966 -294.40000000000003
v 192 63.99999999999996 -320
v 192 51.19999999999996 -320
v 192 76.79999999999997 -345.6
v 192 25.59999999999996 -345.6
v 192 51.19999999999997 -300.8
v 192 51.19999999999996 -320
v 192 63.999999999999964 -300.8
v 192 63.99999999999996 -320
v 64 -2.6648314349446407e-14 -217.60000000000002
v 64 -2.821586225235502e-14 -230.4
v 64 12.799999999999974 -217.60000000000002
v 64 12.799999999999972 -230.4
v 256 76.79999999999997 -345.6
v 256 89.59999999999997 -345.6
v 243.20000000000002 83.19999999999996 -345.6
v 243.20000000000002 89.59999999999997 -345.6
v 256 76.79999999999997 -345.6
v 268.8 76.79999999999997 -345.6
v 256 89.59999999999997 -345.6
v 268.8 89.59999999999997 -345.6
v 268.8 89.59999999999997 -320
v 268.8 89.59999999999997 -332.8
v 268.8 76.79999999999997 -320
v 268.8 76.79999999999997 -345.6
v 38.400000000000006 51.19999999999997 -294.40000000000003
v 64 31.999999999999964 -294.40000000000003
v 12.8 51.19999999999997 -294.40000000000003
v 12.8 31.999999999999964 -294.40000000000003
v 192 63.999999999999964 -300.8
v 192 63.99999999999996 -320
v 192 76.79999999999997 -300.8
v 192 76.79999999999997 -320
v 64 12.799999999999974 -217.60000000000002
v 64 12.799999999999976 -204.8
v 64 -2.6648314349446407e-14 -217.60000000000002
v 64 -2.5080766446537795e-14 -204.8
v 192 -25.60000000000004 -320
v 192 25.599999999999962 -320
v 192 -25.600000000000037 -294.40000000000003
v 192 25.599999999999966 -294.40000000000003
v 243.20000000000002 25.599999999999962 -320
v 217.60000000000002 25.599999999999962 -320
v 243.20000000000002 -25.60000000000004 -320
v 217.60000000000002 -25.60000000000004 -320
v 140.8 -25.600000000000037 -294.40000000000003
v 166.4 -25.600000000000037 -294.40000000000003
v 140.8 25.599999999999966 -294.40000000000003
v 166.4 25.599999999999966 -294.40000000000003
v 166.4 -25.600000000000037 -294.40000000000003
v 192 -25.600000000000037 -294.40000000000003
v 166.4 25.599999999999966 -294.40000000000003
v 192 25.599999999999966 -294.40000000000003
v 217.60000000000002 25.599999999999962 -320
v 192 25.599999999999962 -320
v 217.60000000000002 -25.60000000000004 -320
v 192 -25.60000000000004 -320
v 243.20000000000002 -25.60000000000004 -320
v 268.8 -25.60000000000004 -320
v 243.20000000000002 25.599999999999962 -320
v 268.8 25.599999999999962 -320
v 243.20000000000002 76.79999999999997 -345.6
v 217.60000000000002 76.79999999999997 -345.6
v 243.20000000000002 25.59999999999996 -345.6
v 217.60000000000002 25.59999999999996 -345.6
v 268.8 51.19999999999996 -320
v 268.8 76.79999999999997 -320
v 268.8 25.59999999999996 -345.6
v 268.8 76.79999999999997 -345.6
v 217.60000000000002 76.79999999999997 -345.6
v 192 76.79999999999997 -345.6
v 217.60000000000002 25.59999999999996 -345.6
v 192 25.59999999999996 -345.6
v 192 25.599999999999962 -320
v 192 51.19999999999996 -320
v 192 38.39999999999997 -297.6
v 192 51.19999999999997 -300.8
v 217.60000000000002 76.79999999999997 -345.6
v 243.20000000000002 76.79999999999997 -345.6
v 230.4 83.19999999999996 -345.6
v 243.20000000000002 83.19999999999996 -345.6
v 256 76.79999999999997 -345.6
v 243.20000000000002 76.79999999999997 -345.6
v 256 25.59999999999996 -345.6
v 243.20000000000002 25.59999999999996 -345.6
vt 0.96875 0.96875
vt 0.96875 0.96875
vt 0.96875 0.96875
vt 0.96875 0.96875
vt 0.96875 0.96875
vt 0.96875 0.96875
vt 0.96875 0.96875
vt 0.96875 0.96875
vt 0.96875 0.96875
vt 0.96875 0.96875
vt 0.96875 0.96875
vt 0.96875 0.96875
vt 0.96875 0.96875
vt 0.96875 0.96875
vt 0.96875 0.96875
vt 0.96875 0.96875
vt 0.96875 0.96875
vt 0.96875 0.96875
vt 0.96875 0.96875
vt 0.96875 0.96875
vt 0.96875 0.96875
vt 0.96875 0.96875
vt 0.96875 0.96875
vt 0.96875 0.96875
vt 0.96875 0.96875
vt 0.96875 0.96875
vt 0.96875 0.96875
vt 0.96875 0.96875
vt 0.96875 0.96875
vt 0.96875 0.96875
vt 0.96875 0.96875
vt 0.96875 0.96875
vt 0.96875 0.96875
vt 0.96875 0.96875
vt 0.96875 0.96875
vt 0.96875 0.96875
vt 0.96875 0.96875
vt 0.96875 0.96875
vt 0.96875 0.96875
vt 0.96875 0.96875
vt 0.96875 0.96875
vt 0.96875 0.96875
vt 0.96875 0.96875
vt 0.9765625 0.96875
vt 0.9765625 0.96875
vt 0.9765625 0.96875
vt 0.9765625 0.96875
vt 0.96875 0.96875
vt 0.96875 0.96875
vt 0.96875 0.96875
vt 0.96875 0.96875
vt 0.96875 0.96875
vt 0.96875 0.96875
vt 0.96875 0.96875
vt 0.96875 0.96875
vt 0.96875 0.96875
vt 0.96875 0.96875
vt 0.96875 0.96875
vt 0.96875 0.96875
vt 0.96875 0.96875
vt 0.96875 0.96875
vt 0.96875 0.96875
vt 0.96875 0.96875
vt 0.96875 0.96875
vt 0.96875 0.96875
vt 0.96875 0.96875
vt 0.96875 0.96875
vt 0.9765625 0.96875
vt 0.9765625 0.96875
vt 0.9765625 0.96875
vt 0.9765625 0.96875
vt 0.96875 0.96875
vt 0.96875 0.96875
vt 0.96875 0.96875
vt 0.96875 0.96875
vt 0.96875 0.96875
vt 0.96875 0.96875
vt 0.96875 0.96875
vt 0.96875 0.96875
vt 0.96875 0.96875
vt 0.96875 0.96875
vt 0.96875 0.96875
vt 0.96875 0.96875
vt 0.96875 0.96875
vt 0.96875 0.96875
vt 0.96875 0.96875
vt 0.96875 0.96875
vt 0.96875 0.96875
vt 0.96875 0.96875
vt 0.96875 0.96875
vt 0.96875 0.96875
vt 0.96875 0.96875
vt 0.96875 0.96875
vt 0.96875 0.96875
vt 0.96875 0.96875
vt 0.96875 0.96875
vt 0.96875 0.96875
vt 0.96875 0.96875
vt 0.96875 0.96875
vt 0.96875 0.96875
vt 0.96875 0.96875
vt 0.96875 0.96875
vt 0.96875 0.96875
vt 0.96875 0.96875
vt 0.96875 0.96875
vt 0.96875 0.96875
vt 0.96875 0.96875
vt 0.96875 0.96875
vt 0.96875 0.96875
vt 0.96875 0.96875
vt 0.96875 0.96875
vt 0.96875 0.96875
vt 0.96875 0.96875
vt 0.96875 0.96875
vt 0.96875 0.96875
vt 0.96875 0.96875
vt 0.96875 0.96875
vt 0.96875 0.96875
vt 0.96875 0.96875
vn 1 0 0
vn 1 0 0
vn 1 0 0
vn -1 0 0
vn -1 0 0
vn -1 0 0
vn -1 0 0
vn -1 0 0
vn -1 0 0
vn 0 -1.2246467991473532e-16 -1
vn 0 -1.2246467991473532e-16 -1
vn 0 -1.2246467991473532e-16 -1
vn 0 -1.2246467991473532e-16 -1
vn 0 -1.2246467991473532e-16 -1
vn 0 -1.2246467991473532e-16 -1
vn 0 -1.2246467991473532e-16 -1
vn 0 -1.2246467991473532e-16 -1
vn 0 -1.2246467991473532e-16 -1
vn -1 0 0
vn -1 0 0
vn -1 0 0
vn 1 0 0
vn 1 0 0
vn 1 0 0
vn -1 0 0
vn -1 0 0
vn -1 0 0
vn 0 -1.2246467991473532e-16 -1
vn 0 -1.2246467991473532e-16 -1
vn 0 -1.2246467991473532e-16 -1
vn 0 -1.2246467991473532e-16 -1
vn 0 -1.2246467991473532e-16 -1
vn 0 -1.2246467991473532e-16 -1
vn 0 -1.2246467991473532e-16 -1
vn 0 -1.2246467991473532e-16 -1
vn -1 0 0
vn -1 0 0
vn -1 0 0
vn -1 0 0
vn -1 0 0
vn -1 0 0
vn -1 0 0
vn -1 0 0
vn -1 0 0
vn -1 0 0
vn -1 0 0
vn -1 0 0
vn 0 -1.2246467991473532e-16 -1
vn 0 -1.2246467991473532e-16 -1
vn 0 -1.2246467991473532e-16 -1
vn 0 -1.2246467991473532e-16 -1
vn 0 -1.2246467991473532e-16 -1
vn 0 -1.2246467991473532e-16 -1
vn 0 -1.2246467991473532e-16 -1
vn 0 -1.2246467991473532e-16 -1
vn 1 0 0
vn 1 0 0
vn 1 0 0
vn 1 0 0
vn 0 1.2246467991473532e-16 1
vn 0 1.2246467991473532e-16 1
vn 0 1.2246467991473532e-16 1
vn 0 1.2246467991473532e-16 1
vn -1 0 0
vn -1 0 0
vn -1 0 0
vn -1 0 0
vn -1 0 0
vn -1 0 0
vn -1 0 0
vn -1 0 0
vn -1 0 0
vn -1 0 0
vn -1 0 0
vn -1 0 0
vn 0 -1.2246467991473532e-16 -1
vn 0 -1.2246467991473532e-16 -1
vn 0 -1.2246467991473532e-16 -1
vn 0 -1.2246467991473532e-16 -1
vn 0 -1.2246467991473532e-16 -1
vn 0 -1.2246467991473532e-16 -1
vn 0 -1.2246467991473532e-16 -1
vn 0 -1.2246467991473532e-16 -1
vn 0 -1.2246467991473532e-16 -1
vn 0 -1.2246467991473532e-16 -1
vn 0 -1.2246467991473532e-16 -1
vn 0 -1.2246467991473532e-16 -1
vn 0 -1.2246467991473532e-16 -1
vn 0 -1.2246467991473532e-16 -1
vn 0 -1.2246467991473532e-16 -1
vn 0 -1.2246467991473532e-16 -1
vn 0 -1.2246467991473532e-16 -1
vn 0 -1.2246467991473532e-16 -1
vn 0 -1.2246467991473532e-16 -1
vn 0 -1.2246467991473532e-16 -1
vn 0 -1.2246467991473532e-16 -1
vn 0 -1.2246467991473532e-16 -1
vn 0 -1.2246467991473532e-16 -1
vn 0 -1.2246467991473532e-16 -1
vn 1 0 0
vn 1 0 0
vn 1 0 0
vn 1 0 0
vn 0 -1.2246467991473532e-16 -1
vn 0 -1.2246467991473532e-16 -1
vn 0 -1.2246467991473532e-16 -1
vn 0 -1.2246467991473532e-16 -1
vn -1 0 0
vn -1 0 0
vn -1 0 0
vn -1 0 0
vn 0 -1.2246467991473532e-16 -1
vn 0 -1.2246467991473532e-16 -1
vn 0 -1.2246467991473532e-16 -1
vn 0 -1.2246467991473532e-16 -1
vn 0 -1.2246467991473532e-16 -1
vn 0 -1.2246467991473532e-16 -1
vn 0 -1.2246467991473532e-16 -1
vn 0 -1.2246467991473532e-16 -1
f 930/930/930 929/929/929 928/928/928
f 933/933/933 932/932/932 931/931/931
f 936/936/936 935/935/935 934/934/934
f 939/939/939 938/938/938 937/937/937
f 942/942/942 941/941/941 940/940/940
f 945/945/945 944/944/944 943/943/943
f 948/948/948 947/947/947 946/946/946
f 951/951/951 950/950/950 949/949/949
f 954/954/954 953/953/953 952/952/952
f 957/957/957 956/956/956 955/955/955
f 956/956/956 957/957/957 958/958/958
f 961/961/961 960/960/960 959/959/959
f 960/960/960 961/961/961 962/962/962
f 965/965/965 964/964/964 963/963/963
f 964/964/964 965/965/965 966/966/966
f 969/969/969 968/968/968 967/967/967
f 968/968/968 969/969/969 970/970/970
f 973/973/973 972/972/972 971/971/971
f 972/972/972 973/973/973 974/974/974
f 977/977/977 976/976/976 975/975/975
f 976/976/976 977/977/977 978/978/978
f 981/981/981 980/980/980 979/979/979
f 980/980/980 981/981/981 982/982/982
f 985/985/985 984/984/984 983/983/983
f 984/984/984 985/985/985 986/986/986
f 989/989/989 988/988/988 987/987/987
f 988/988/988 989/989/989 990/990/990
f 993/993/993 992/992/992 991/991/991
f 992/992/992 993/993/993 994/994/994
f 997/997/997 996/996/996 995/995/995
f 996/996/996 997/997/997 998/998/998
f 1001/1001/1001 1000/1000/1000 999/999/999
f 1000/1000/1000 1001/1001/1001 1002/1002/1002
f 1005/1005/1005 1004/1004/1004 1003/1003/1003
f 1004/1004/1004 1005/1005/1005 1006/1006/1006
f 1009/1009/1009 1008/1008/1008 1007/1007/1007
f 1008/1008/1008 1009/1009/1009 1010/1010/1010
f 1013/1013/1013 1012/1012/1012 1011/1011/1011
f 1012/1012/1012 1013/1013/1013 1014/1014/1014
f 1017/1017/1017 1016/1016/1016 1015/1015/1015
f 1016/1016/1016 1017/1017/1017 1018/1018/1018
f 1021/1021/1021 1020/1020/1020 1019/1019/1019
f 1020/1020/1020 1021/1021/1021 1022/1022/1022
f 1025/1025/1025 1024/1024/1024 1023/1023/1023
f 1024/1024/1024 1025/1025/1025 1026/1026/1026
f 1029/1029/1029 1028/1028/1028 1027/1027/1027
f 1028/1028/1028 1029/1029/1029 1030/1030/1030
f 1033/1033/1033 1032/1032/1032 1031/1031/1031
f 1032/1032/1032 1033/1033/1033 1034/1034/1034
f 1037/1037/1037 1036/1036/1036 1035/1035/1035
f 1036/1036/1036 1037/1037/1037 1038/1038/1038
f 1041/1041/1041 1040/1040/1040 1039/1039/1039
f 1040/1040/1040 1041/1041/1041 1042/1042/1042
f 1045/1045/1045 1044/1044/1044 1043/1043/1043
f 1044/1044/1044 1045/1045/1045 1046/1046/1046
o mesh_20
usemtl mat8
v 268.8 51.199999999999974 -217.60000000000002
v 268.8 51.199999999999974 -230.4
v 268.8 25.599999999999973 -230.4
v 268.8 -25.60000000000004 -320
v 268.8 -25.600000000000037 -294.40000000000003
v 268.8 -3.605360176689808e-14 -294.40000000000003
v 268.8 12.799999999999965 -294.40000000000003
v 268.8 25.599999999999966 -294.40000000000003
v 268.8 25.599999999999962 -320
v 268.8 -2.821586225235502e-14 -230.4
v 268.8 12.799999999999969 -256
v 268.8 -3.135095805817224e-14 -256
v 268.8 63.99999999999997 -230.4
v 268.8 70.39999999999998 -230.4
v 268.8 70.39999999999998 -243.20000000000002
v 268.8 51.19999999999997 -294.40000000000003
v 268.8 76.79999999999997 -294.40000000000003
v 268.8 76.79999999999997 -307.20000000000005
v 268.8 -2.5080766446537795e-14 -204.8
v 268.8 -2.194567064072057e-14 -179.20000000000002
v 268.8 12.79999999999998 -179.20000000000002
v 268.8 70.39999999999998 -243.20000000000002
v 268.8 70.39999999999998 -256
v 268.8 51.199999999999974 -256
v 268.8 25.59999999999998 -179.20000000000002
v 268.8 51.19999999999998 -179.20000000000002
v 268.8 51.19999999999998 -192
v 268.8 51.199999999999974 -204.8
v 268.8 51.199999999999974 -217.60000000000002
v 268.8 25.599999999999977 -204.8
v 268.8 25.599999999999973 -230.4
v 268.8 12.79999999999998 -179.20000000000002
v 268.8 25.59999999999998 -179.20000000000002
v 268.8 -2.5080766446537795e-14 -204.8
v 268.8 25.599999999999977 -204.8
v 268.8 63.99999999999997 -217.60000000000002
v 268.8 63.99999999999997 -230.4
v 268.8 51.199999999999974 -217.60000000000002
v 268.8 51.199999999999974 -230.4
v 268.8 12.799999999999969 -256
v 268.8 -2.821586225235502e-14 -230.4
v 268.8 25.59999999999997 -256
v 268.8 25.599999999999973 -230.4
v 268.8 70.39999999999998 -217.60000000000002
v 268.8 70.39999999999998 -230.4
v 268.8 63.99999999999997 -217.60000000000002
v 268.8 63.99999999999997 -230.4
v 268.8 -3.605360176689808e-14 -294.40000000000003
v 268.8 12.799999999999965 -294.40000000000003
v 268.8 -25.60000000000004 -320
v 268.8 25.599999999999962 -320
v 268.8 51.199999999999974 -256
v 268.8 25.59999999999997 -256
v 268.8 51.199999999999974 -230.4
v 268.8 25.599999999999973 -230.4
v 268.8 -2.5080766446537795e-14 -204.8
v 268.8 25.599999999999977 -204.8
v 268.8 -2.821586225235502e-14 -230.4
v 268.8 25.599999999999973 -230.4
v 268.8 51.19999999999998 -192
v 268.8 51.199999999999974 -204.8
v 268.8 25.59999999999998 -179.20000000000002
v 268.8 25.599999999999977 -204.8
v 268.8 -2.821586225235502e-14 -230.4
v 268.8 -3.135095805817224e-14 -256
v 268.8 -25.60000000000003 -230.4
v 268.8 -25.600000000000033 -256
v 268.8 -2.5080766446537795e-14 -204.8
v 268.8 -2.821586225235502e-14 -230.4
v 268.8 -25.600000000000026 -204.8
v 268.8 -25.60000000000003 -230.4
v 268.8 51.19999999999996 -320
v 268.8 25.599999999999962 -320
v 268.8 51.19999999999997 -294.40000000000003
v 268.8 25.599999999999966 -294.40000000000003
v 268.8 76.79999999999997 -307.20000000000005
v 268.8 76.79999999999997 -320
v 268.8 51.19999999999997 -294.40000000000003
v 268.8 51.19999999999996 -320
v 268.8 51.199999999999974 -256
v 268.8 51.199999999999974 -230.4
v 268.8 70.39999999999998 -243.20000000000002
v 268.8 63.99999999999997 -230.4
vt 0.96875 0.96875
vt 0.96875 0.96875
vt 0.96875 0.96875
vt 0.96875 0.96875
vt 0.96875 0.96875
vt 0.96875 0.96875
vt 0.96875 0.96875
vt 0.96875 0.96875
vt 0.96875 0.96875
vt 0.96875 0.96875
vt 0.96875 0.96875
vt 0.96875 0.96875
vt 0.96875 0.96875
vt 0.96875 0.96875
vt 0.96875 0.96875
vt 0.96875 0.96875
vt 0.96875 0.96875
vt 0.96875 0.96875
vt 0.96875 0.96875
vt 0.96875 0.96875
vt 0.96875 0.96875
vt 0.96875 0.96875
vt 0.96875 0.96875
vt 0.96875 0.96875
vt 0.96875 0.96875
vt 0.96875 0.96875
vt 0.96875 0.96875
vt 0.96875 0.96875
vt 0.96875 0.96875
vt 0.96875 0.96875
vt 0.96875 0.96875
vt 0.96875 0.96875
vt 0.96875 0.96875
vt 0.96875 0.96875
vt 0.96875 0.96875
vt 0.96875 0.96875
vt 0.96875 0.96875
vt 0.96875 0.96875
vt 0.96875 0.96875
vt 0.96875 0.96875
vt 0.96875 0.96875
vt 0.96875 0.96875
vt 0.96875 0.96875
vt 0.96875 0.96875
vt 0.96875 0.96875
vt 0.96875 0.96875
vt 0.96875 0.96875
vt 0.96875 0.96875
vt 0.96875 0.96875
vt 0.96875 0.96875
vt 0.96875 0.96875
vt 0.96875 0.96875
vt 0.96875 0.96875
vt 0.96875 0.96875
vt 0.96875 0.96875
vt 0.96875 0.96875
vt 0.96875 0.96875
vt 0.96875 0.96875
vt 0.96875 0.96875
vt 0.96875 0.96875
vt 0.96875 0.96875
vt 0.96875 0.96875
vt 0.96875 0.96875
vt 0.96875 0.96875
vt 0.96875 0.96875
vt 0.96875 0.96875
vt 0.96875 0.96875
vt 0.96875 0.96875
vt 0.96875 0.96875
vt 0.96875 0.96875
vt 0.96875 0.96875
vt 0.96875 0.96875
vt 0.96875 0.96875
vt 0.96875 0.96875
vt 0.96875 0.96875
vt 0.96875 0.96875
vt 0.96875 0.96875
vt 0.96875 0.96875
vt 0.96875 0.96875
vt 0.96875 0.96875
vt 0.96875 0.96875
vt 0.96875 0.96875
vt 0.96875 0.96875
vn 1 0 0
vn 1 0 0
vn 1 0 0
vn 1 0 0
vn 1 0 0
vn 1 0 0
vn 1 0 0
vn 1 0 0
vn 1 0 0
vn 1 0 0
vn 1 0 0
vn 1 0 0
vn 1 0 0
vn 1 0 0
vn 1 0 0
vn 1 0 0
vn 1 0 0
vn 1 0 0
vn 1 0 0
vn 1 0 0
vn 1 0 0
vn 1 0 0
vn 1 0 0
vn 1 0 0
vn 1 0 0
vn 1 0 0
vn 1 0 0
vn 1 0 0
vn 1 0 0
vn 1 0 0
vn 1 0 0
vn 1 0 0
vn 1 0 0
vn 1 0 0
vn 1 0 0
vn 1 0 0
vn 1 0 0
vn 1 0 0
vn 1 0 0
vn 1 0 0
vn 1 0 0
vn 1 0 0
vn 1 0 0
vn 1 0 0
vn 1 0 0
vn 1 0 0
vn 1 0 0
vn 1 0 0
vn 1 0 0
vn 1 0 0
vn 1 0 0
vn 1 0 0
vn 1 0 0
vn 1 0 0
vn 1 0 0
vn 1 0 0
vn 1 0 0
vn 1 0 0
vn 1 0 0
vn 1 0 0
vn 1 0 0
vn 1 0 0
vn 1 0 0
vn 1 0 0
vn 1 0 0
vn 1 0 0
vn 1 0 0
vn 1 0 0
vn 1 0 0
vn 1 0 0
vn 1 0 0
vn 1 0 0
vn 1 0 0
vn 1 0 0
vn 1 0 0
vn 1 0 0
vn 1 0 0
vn 1 0 0
vn 1 0 0
vn 1 0 0
vn 1 0 0
vn 1 0 0
vn 1 0 0
f 1049/1049/1049 1048/1048/1048 1047/1047/1047
f 1052/1052/1052 1051/1051/1051 1050/1050/1050
f 1055/1055/1055 1054/1054/1054 1053/1053/1053
f 1058/1058/1058 1057/1057/1057 1056/1056/1056
f 1061/1061/1061 1060/1060/1060 1059/1059/1059
f 1064/1064/1064 1063/1063/1063 1062/1062/1062
f 1067/1067/1067 1066/1066/1066 1065/1065/1065
f 1070/1070/1070 1069/1069/1069 1068/1068/1068
f 1073/1073/1073 1072/1072/1072 1071/1071/1071
f 1076/1076/1076 1075/1075/1075 1074/1074/1074
f 1075/1075/1075 1076/1076/1076 1077/1077/1077
f 1080/1080/1080 1079/1079/1079 1078/1078/1078
f 1079/1079/1079 1080/1080/1080 1081/1081/1081
f 1084/1084/1084 1083/1083/1083 1082/1082/1082
f 1083/1083/1083 1084/1084/1084 1085/1085/1085
f 1088/1088/1088 1087/1087/1087 1086/1086/1086
f 1087/1087/1087 1088/1088/1088 1089/1089/1089
f 1092/1092/1092 1091/1091/1091 1090/1090/1090
f 1091/1091/1091 1092/1092/1092 1093/1093/1093
f 1096/1096/1096 1095/1095/1095 1094/1094/1094
f 1095/1095/1095 1096/1096/1096 1097/1097/1097
f 1100/1100/1100 1099/1099/1099 1098/1098/1098
f 1099/1099/1099 1100/1100/1100 1101/1101/1101
f 1104/1104/1104 1103/1103/1103 1102/1102/1102
f 1103/1103/1103 1104/1104/1104 1105/1105/1105
f 1108/1108/1108 1107/1107/1107 1106/1106/1106
f 1107/1107/1107 1108/1108/1108 1109/1109/1109
f 1112/1112/1112 1111/1111/1111 1110/1110/1110
f 1111/1111/1111 1112/1112/1112 1113/1113/1113
f 1116/1116/1116 1115/1115/1115 1114/1114/1114
f 1115/1115/1115 1116/1116/1116 1117/1117/1117
f 1120/1120/1120 1119/1119/1119 1118/1118/1118
f 1119/1119/1119 1120/1120/1120 1121/1121/1121
f 1124/1124/1124 1123/1123/1123 1122/1122/1122
f 1123/1123/1123 1124/1124/1124 1125/1125/1125
f 1128/1128/1128 1127/1127/1127 1126/1126/1126
f 1127/1127/1127 1128/1128/1128 1129/1129/1129
o mesh_21
usemtl mat3
v 128 38.39999999999997 -300.8
v 128 51.19999999999997 -300.8
v 128 38.39999999999997 -297.6
v 115.2 38.39999999999997 -300.8
v 115.2 38.39999999999997 -297.6
v 115.2 51.19999999999997 -300.8
v 192 89.59999999999997 -332.8
v 192 89.59999999999997 -345.6
v 192 76.79999999999997 -345.6
v 192 102.39999999999996 -332.8
v 192 102.39999999999996 -345.6
v 192 89.59999999999997 -332.8
v 192 89.59999999999997 -345.6
v 104 99.19999999999996 -300.8
v 104 99.19999999999996 -304
v 104 76.79999999999997 -300.8
v 104 76.79999999999997 -304
v 192 89.59999999999997 -332.8
v 192 89.59999999999997 -320
v 192 102.39999999999996 -332.8
v 192 102.39999999999996 -320
v 192 89.59999999999997 -300.8
v 192 102.39999999999996 -300.8
v 192 89.59999999999997 -320
v 192 102.39999999999996 -320
v 115.2 99.19999999999996 -300.8
v 115.2 99.19999999999996 -304
v 104 99.19999999999996 -300.8
v 104 99.19999999999996 -304
v 104 76.79999999999997 -304
v 115.2 76.79999999999997 -304
v 104 76.79999999999997 -300.8
v 115.2 76.79999999999997 -300.8
v 115.2 76.79999999999997 -304
v 115.2 99.19999999999996 -304
v 115.2 76.79999999999997 -300.8
v 115.2 99.19999999999996 -300.8
v 115.2 38.39999999999997 -300.8
v 128 38.39999999999997 -300.8
v 115.2 38.39999999999997 -297.6
v 128 38.39999999999997 -297.6
vt 0.3359375 0.875
vt 0.3671875 0.75
vt 0.3671875 0.875
vt 0.28125 0.875
vt 0.2421875 0.875
vt 0.2421875 0.75
vt 0.3359375 0.375
vt 0.4921875 0.375
vt 0.4921875 0.4921875
vt 0.3359375 0.25
vt 0.4921875 0.25
vt 0.3359375 0.375
vt 0.4921875 0.375
vt 0.140625 0.2890625
vt 0.1796875 0.2890625
vt 0.140625 0.5
vt 0.1796875 0.5
vt 0.3359375 0.375
vt 0.1796875 0.375
vt 0.3359375 0.25
vt 0.1796875 0.25
vt 0 0.375
vt 0 0.25
vt 0.1796875 0.375
vt 0.1796875 0.25
vt 0.2421875 0.2890625
vt 0.2421875 0.3125
vt 0.140625 0.2890625
vt 0.140625 0.3125
vt 0.140625 0.53125
vt 0.2421875 0.53125
vt 0.140625 0.5
vt 0.2421875 0.5
vt 0.21875 0.5
vt 0.21875 0.28125
vt 0.25 0.5
vt 0.25 0.28125
vt 0.1875 0.546875
vt 0.3125 0.546875
vt 0.1875 0.578125
vt 0.3125 0.578125
vn -1 0 0
vn -1 0 0
vn -1 0 0
vn 1 0 0
vn 1 0 0
vn 1 0 0
vn 1 0 0
vn 1 0 0
vn 1 0 0
vn 1 0 0
vn 1 0 0
vn 1 0 0
vn 1 0 0
vn 1 0 0
vn 1 0 0
vn 1 0 0
vn 1 0 0
vn 1 0 0
vn 1 0 0
vn 1 0 0
vn 1 0 0
vn 1 0 0
vn 1 0 0
vn 1 0 0
vn 1 0 0
vn 0 -1 1.2246467991473532e-16
vn 0 -1 1.2246467991473532e-16
vn 0 -1 1.2246467991473532e-16
vn 0 -1 1.2246467991473532e-16
vn 0 1 -1.2246467991473532e-16
vn 0 1 -1.2246467991473532e-16
vn 0 1 -1.2246467991473532e-16
vn 0 1 -1.2246467991473532e-16
vn -1 0 0
vn -1 0 0
vn -1 0 0
vn -1 0 0
vn 0 1 -1.2246467991473532e-16
vn 0 1 -1.2246467991473532e-16
vn 0 1 -1.2246467991473532e-16
vn 0 1 -1.2246467991473532e-16
f 1132/1132/1132 1131/1131/1131 1130/1130/1130
f 1135/1135/1135 1134/1134/1134 1133/1133/1133
f 1138/1138/1138 1137/1137/1137 1136/1136/1136
f 1141/1141/1141 1140/1140/1140 1139/1139/1139
f 1140/1140/1140 1141/1141/1141 1142/1142/1142
f 1145/1145/1145 1144/1144/1144 1143/1143/1143
f 1144/1144/1144 1145/1145/1145 1146/1146/1146
f 1149/1149/1149 1148/1148/1148 1147/1147/1147
f 1148/1148/1148 1149/1149/1149 1150/1150/1150
f 1153/1153/1153 1152/1152/1152 1151/1151/1151
f 1152/1152/1152 1153/1153/1153 1154/1154/1154
f 1157/1157/1157 1156/1156/1156 1155/1155/1155
f 1156/1156/1156 1157/1157/1157 1158/1158/1158
f 1161/1161/1161 1160/1160/1160 1159/1159/1159
f 1160/1160/1160 1161/1161/1161 1162/1162/1162
f 1165/1165/1165 1164/1164/1164 1163/1163/1163
f 1164/1164/1164 1165/1165/1165 1166/1166/1166
f 1169/1169/1169 1168/1168/1168 1167/1167/1167
f 1168/1168/1168 1169/1169/1169 1170/1170/1170
o mesh_22
usemtl mat9
v 128 38.39999999999997 -300.8
v 115.2 38.39999999999997 -300.8
v 128 51.19999999999997 -300.8
v 115.2 51.19999999999997 -300.8
vt 0.8671875 0.625
vt 0.75 0.625
vt 0.8671875 0.5
vt 0.75 0.5
vn 0 1.2246467991473532e-16 1
vn 0 1.2246467991473532e-16 1
vn 0 1.2246467991473532e-16 1
vn 0 1.2246467991473532e-16 1
f 1173/1173/1173 1172/1172/1172 1171/1171/1171
f 1172/1172/1172 1173/1173/1173 1174/1174/1174
o mesh_23
usemtl mat10
v 166.4 128.79999999999998 -297.6
v 192 128.79999999999998 -297.6
v 166.4 129.59999999999997 -300.8
v 192 129.59999999999997 -300.8
vt 0.2421875 0.1875
vt 0 0.1875
vt 0.2421875 0.2421875
vt 0 0.2421875
vn 0 -0.9701425001453319 -0.24253562503633283
vn 0 -0.9701425001453319 -0.24253562503633283
vn 0 -0.9701425001453319 -0.24253562503633283
vn 0 -0.9701425001453319 -0.24253562503633283
f 1177/1177/1177 1176/1176/1176 1175/1175/1175
f 1176/1176/1176 1177/1177/1177 1178/1178/1178
o mesh_24
usemtl mat11
v 115.2 76.79999999999997 -304
v 104 76.79999999999997 -304
v 115.2 99.19999999999996 -304
v 104 99.19999999999996 -304
vt 0.6171875 0.7421875
vt 0.5 0.7421875
vt 0.6171875 0.5
vt 0.5 0.5
vn 0 1.2246467991473532e-16 1
vn 0 1.2246467991473532e-16 1
vn 0 1.2246467991473532e-16 1
vn 0 1.2246467991473532e-16 1
f 1181/1181/1181 1180/1180/1180 1179/1179/1179
f 1180/1180/1180 1181/1181/1181 1182/1182/1182
o mesh_25
usemtl mat9
v 236.8 57.599999999999966 -299.2
v 243.20000000000002 51.19999999999997 -299.2
v 230.4 51.19999999999997 -299.2
v 128 51.19999999999998 -158.4
v 134.4 57.59999999999998 -158.4
v 140.8 51.19999999999998 -158.4
v 120 51.19999999999998 -172.8
v 120 57.59999999999998 -166.4
v 120 51.19999999999998 -160
v 243.20000000000002 38.39999999999998 -252.8
v 243.20000000000002 51.199999999999974 -252.8
v 230.4 38.39999999999998 -252.8
v 230.4 51.199999999999974 -252.8
v 230.4 38.39999999999997 -299.2
v 230.4 51.19999999999997 -299.2
v 243.20000000000002 38.39999999999997 -299.2
v 243.20000000000002 51.19999999999997 -299.2
v 128 51.19999999999998 -158.4
v 140.8 51.19999999999998 -158.4
v 128 38.399999999999984 -158.4
v 140.8 38.399999999999984 -158.4
v 120 51.19999999999998 -160
v 120 38.399999999999984 -160
v 120 51.19999999999998 -172.8
v 120 38.399999999999984 -172.8
vt 0.8046875 0.5
vt 0.8671875 0.5625
vt 0.75 0.5625
vt 0.75 0.59375
vt 0.8125 0.5
vt 0.8671875 0.59375
vt 0.75 0.59375
vt 0.8125 0.5
vt 0.8671875 0.59375
vt 0.75 0.625
vt 0.75 0.5
vt 0.8671875 0.625
vt 0.8671875 0.5
vt 0.75 0.6796875
vt 0.75 0.5625
vt 0.8671875 0.6796875
vt 0.8671875 0.5625
vt 0.75 0.59375
vt 0.8671875 0.59375
vt 0.75 0.7421875
vt 0.8671875 0.7421875
vt 0.8671875 0.59375
vt 0.8671875 0.7421875
vt 0.75 0.59375
vt 0.75 0.7421875
vn 0 1.2246467991473532e-16 1
vn 0 1.2246467991473532e-16 1
vn 0 1.2246467991473532e-16 1
vn 0 1.2246467991473532e-16 1
vn 0 1.2246467991473532e-16 1
vn 0 1.2246467991473532e-16 1
vn -1 0 0
vn -1 0 0
vn -1 0 0
vn 0 -1.2246467991473532e-16 -1
vn 0 -1.2246467991473532e-16 -1
vn 0 -1.2246467991473532e-16 -1
vn 0 -1.2246467991473532e-16 -1
vn 0 1.2246467991473532e-16 1
vn 0 1.2246467991473532e-16 1
vn 0 1.2246467991473532e-16 1
vn 0 1.2246467991473532e-16 1
vn 0 1.2246467991473532e-16 1
vn 0 1.2246467991473532e-16 1
vn 0 1.2246467991473532e-16 1
vn 0 1.2246467991473532e-16 1
vn -1 0 0
vn -1 0 0
vn -1 0 0
vn -1 0 0
f 1185/1185/1185 1184/1184/1184 1183/1183/1183
f 1188/1188/1188 1187/1187/1187 1186/1186/1186
f 1191/1191/1191 1190/1190/1190 1189/1189/1189
f 1194/1194/1194 1193/1193/1193 1192/1192/1192
f 1193/1193/1193 1194/1194/1194 1195/1195/1195
f 1198/1198/1198 1197/1197/1197 1196/1196/1196
f 1197/1197/1197 1198/1198/1198 1199/1199/1199
f 1202/1202/1202 1201/1201/1201 1200/1200/1200
f 1201/1201/1201 1202/1202/1202 1203/1203/1203
f 1206/1206/1206 1205/1205/1205 1204/1204/1204
f 1205/1205/1205 1206/1206/1206 1207/1207/1207
o mesh_26
usemtl mat3
v 217.60000000000002 25.599999999999977 -204.8
v 230.4 25.599999999999977 -204.8
v 230.4 38.39999999999998 -204.8
v 243.20000000000002 51.199999999999974 -217.60000000000002
v 243.20000000000002 38.39999999999998 -217.60000000000002
v 230.4 38.39999999999998 -217.60000000000002
v 230.4 38.39999999999998 -204.8
v 243.20000000000002 38.39999999999998 -204.8
v 243.20000000000002 51.199999999999974 -204.8
v 230.4 38.39999999999998 -217.60000000000002
v 230.4 25.599999999999973 -217.60000000000002
v 217.60000000000002 25.599999999999973 -217.60000000000002
v 230.4 51.199999999999974 -252.8
v 243.20000000000002 51.199999999999974 -252.8
v 230.4 51.199999999999974 -256
v 243.20000000000002 51.199999999999974 -256
v 230.4 38.39999999999998 -252.8
v 230.4 51.199999999999974 -252.8
v 230.4 38.39999999999998 -256
v 230.4 51.199999999999974 -256
v 150.4 55.99999999999998 -192
v 153.60000000000002 51.19999999999998 -192
v 150.4 55.99999999999998 -179.20000000000002
v 153.60000000000002 51.19999999999998 -179.20000000000002
v 128 38.399999999999984 -153.60000000000002
v 128 38.399999999999984 -158.4
v 140.8 38.399999999999984 -153.60000000000002
v 140.8 38.399999999999984 -158.4
v 128 51.19999999999998 -153.60000000000002
v 128 51.19999999999998 -158.4
v 128 38.399999999999984 -153.60000000000002
v 128 38.399999999999984 -158.4
v 134.4 57.59999999999998 -153.60000000000002
v 134.4 57.59999999999998 -158.4
v 128 51.19999999999998 -153.60000000000002
v 128 51.19999999999998 -158.4
v 140.8 51.19999999999998 -153.60000000000002
v 140.8 51.19999999999998 -158.4
v 134.4 57.59999999999998 -153.60000000000002
v 134.4 57.59999999999998 -158.4
v 140.8 38.399999999999984 -153.60000000000002
v 140.8 38.399999999999984 -158.4
v 140.8 51.19999999999998 -153.60000000000002
v 140.8 51.19999999999998 -158.4
v 115.2 51.19999999999998 -172.8
v 120 51.19999999999998 -172.8
v 115.2 38.399999999999984 -172.8
v 120 38.399999999999984 -172.8
v 115.2 57.59999999999998 -166.4
v 120 57.59999999999998 -166.4
v 115.2 51.19999999999998 -172.8
v 120 51.19999999999998 -172.8
v 115.2 51.19999999999998 -160
v 120 51.19999999999998 -160
v 115.2 57.59999999999998 -166.4
v 120 57.59999999999998 -166.4
v 115.2 38.399999999999984 -160
v 120 38.399999999999984 -160
v 115.2 51.19999999999998 -160
v 120 51.19999999999998 -160
v 115.2 38.399999999999984 -172.8
v 120 38.399999999999984 -172.8
v 115.2 38.399999999999984 -160
v 120 38.399999999999984 -160
v 243.20000000000002 51.199999999999974 -252.8
v 243.20000000000002 38.39999999999998 -252.8
v 243.20000000000002 51.199999999999974 -256
v 243.20000000000002 38.39999999999998 -256
v 153.60000000000002 63.99999999999998 -179.20000000000002
v 150.4 59.19999999999998 -179.20000000000002
v 153.60000000000002 51.19999999999998 -179.20000000000002
v 150.4 55.99999999999998 -179.20000000000002
v 153.60000000000002 63.99999999999998 -192
v 153.60000000000002 63.99999999999997 -204.8
v 150.4 59.19999999999998 -192
v 150.4 59.199999999999974 -204.8
v 153.60000000000002 51.199999999999974 -204.8
v 150.4 55.99999999999997 -204.8
v 153.60000000000002 63.99999999999997 -204.8
v 150.4 59.199999999999974 -204.8
v 150.4 59.19999999999998 -192
v 150.4 59.19999999999998 -179.20000000000002
v 153.60000000000002 63.99999999999998 -192
v 153.60000000000002 63.99999999999998 -179.20000000000002
v 150.4 55.99999999999998 -192
v 150.4 55.99999999999997 -204.8
v 153.60000000000002 51.19999999999998 -192
v 153.60000000000002 51.199999999999974 -204.8
v 243.20000000000002 38.39999999999998 -252.8
v 230.4 38.39999999999998 -252.8
v 243.20000000000002 38.39999999999998 -256
v 230.4 38.39999999999998 -256
v 150.4 55.99999999999998 -179.20000000000002
v 150.4 59.19999999999998 -179.20000000000002
v 150.4 55.99999999999998 -192
v 150.4 59.19999999999998 -192
v 230.4 38.39999999999997 -299.2
v 243.20000000000002 38.39999999999997 -299.2
v 230.4 38.39999999999997 -294.40000000000003
v 243.20000000000002 38.39999999999997 -294.40000000000003
v 243.20000000000002 38.39999999999997 -299.2
v 243.20000000000002 51.19999999999997 -299.2
v 243.20000000000002 38.39999999999997 -294.40000000000003
v 243.20000000000002 51.19999999999997 -294.40000000000003
v 230.4 51.19999999999997 -299.2
v 230.4 38.39999999999997 -299.2
v 230.4 51.19999999999997 -294.40000000000003
v 230.4 38.39999999999997 -294.40000000000003
v 236.8 57.599999999999966 -299.2
v 230.4 51.19999999999997 -299.2
v 236.8 57.599999999999966 -294.40000000000003
v 230.4 51.19999999999997 -294.40000000000003
v 243.20000000000002 51.19999999999997 -299.2
v 236.8 57.599999999999966 -299.2
v 243.20000000000002 51.19999999999997 -294.40000000000003
v 236.8 57.599999999999966 -294.40000000000003
vt 0.2421875 0.9921875
vt 0.1171875 0.9921875
vt 0.1171875 0.8671875
vt 0.2421875 0.6875
vt 0.2421875 0.8046875
vt 0.1171875 0.8046875
vt 0.1171875 0.8671875
vt 0 0.8671875
vt 0 0.75
vt 0.1171875 0.8046875
vt 0.1171875 0.9296875
vt 0 0.9296875
vt 0.375 0.71875
vt 0.25 0.71875
vt 0.375 0.6875
vt 0.25 0.6875
vt 0.34375 0.8125
vt 0.34375 0.6875
vt 0.375 0.8125
vt 0.375 0.6875
vt 0.328125 0.4375
vt 0.328125 0.5
vt 0.1640625 0.4375
vt 0.1640625 0.5
vt 0.125 0.625
vt 0.125 0.5703125
vt 0.25 0.625
vt 0.25 0.5703125
vt 0.125 0.5
vt 0.1796875 0.5
vt 0.125 0.625
vt 0.1796875 0.625
vt 0.125 0.40625
vt 0.1796875 0.40625
vt 0.125 0.5
vt 0.1796875 0.5
vt 0.25 0.5
vt 0.1875 0.5
vt 0.25 0.40625
vt 0.1875 0.40625
vt 0.25 0.625
vt 0.1875 0.625
vt 0.25 0.5
vt 0.1875 0.5
vt 0.3125 0.5
vt 0.375 0.5
vt 0.3125 0.625
vt 0.375 0.625
vt 0.3125 0.40625
vt 0.375 0.40625
vt 0.3125 0.5
vt 0.375 0.5
vt 0.4296875 0.5
vt 0.3671875 0.5
vt 0.4296875 0.40625
vt 0.3671875 0.40625
vt 0.4296875 0.625
vt 0.3671875 0.625
vt 0.4296875 0.5
vt 0.3671875 0.5
vt 0.3125 0.625
vt 0.3125 0.5625
vt 0.4296875 0.625
vt 0.4296875 0.5625
vt 0.28125 0.6875
vt 0.28125 0.8125
vt 0.25 0.6875
vt 0.25 0.8125
vt 0.1640625 0.375
vt 0.203125 0.40625
vt 0.1640625 0.5
vt 0.203125 0.4375
vt 0.328125 0.375
vt 0.4921875 0.375
vt 0.328125 0.40625
vt 0.4921875 0.40625
vt 0.4921875 0.5
vt 0.453125 0.4375
vt 0.4921875 0.375
vt 0.453125 0.40625
vt 0.328125 0.40625
vt 0.1640625 0.40625
vt 0.328125 0.375
vt 0.1640625 0.375
vt 0.328125 0.4375
vt 0.4921875 0.4375
vt 0.328125 0.5
vt 0.4921875 0.5
vt 0.25 0.84375
vt 0.375 0.84375
vt 0.25 0.8125
vt 0.375 0.8125
vt 0.25 0.6875
vt 0.03125 0.0625
vt 0.03125 0.0625
vt 0.03125 0.0625
vt 0.375 0.9375
vt 0.4921875 0.9375
vt 0.375 0.875
vt 0.4921875 0.875
vt 0.4375 0.875
vt 0.4375 0.75
vt 0.4921875 0.875
vt 0.4921875 0.75
vt 0.4375 0.75
vt 0.4375 0.875
vt 0.375 0.75
vt 0.375 0.875
vt 0.4375 0.65625
vt 0.4375 0.75
vt 0.375 0.65625
vt 0.375 0.75
vt 0.4375 0.75
vt 0.4375 0.65625
vt 0.4921875 0.75
vt 0.4921875 0.65625
vn 0 -1.2246467991473532e-16 -1
vn 0 -1.2246467991473532e-16 -1
vn 0 -1.2246467991473532e-16 -1
vn 0 1.2246467991473532e-16 1
vn 0 1.2246467991473532e-16 1
vn 0 1.2246467991473532e-16 1
vn 0 -1.2246467991473532e-16 -1
vn 0 -1.2246467991473532e-16 -1
vn 0 -1.2246467991473532e-16 -1
vn 0 1.2246467991473532e-16 1
vn 0 1.2246467991473532e-16 1
vn 0 1.2246467991473532e-16 1
vn 0 -1 1.2246467991473532e-16
vn 0 -1 1.2246467991473532e-16
vn 0 -1 1.2246467991473532e-16
vn 0 -1 1.2246467991473532e-16
vn 1 0 0
vn 1 0 0
vn 1 0 0
vn 1 0 0
vn 0.8320503035077887 0.5547001824703114 -6.793118029487195e-17
vn 0.8320503035077887 0.5547001824703114 -6.793118029487195e-17
vn 0.8320503035077887 0.5547001824703114 -6.793118029487195e-17
vn 0.8320503035077887 0.5547001824703114 -6.793118029487195e-17
vn 0 1 -1.2246467991473532e-16
vn 0 1 -1.2246467991473532e-16
vn 0 1 -1.2246467991473532e-16
vn 0 1 -1.2246467991473532e-16
vn 1 0 0
vn 1 0 0
vn 1 0 0
vn 1 0 0
vn 0.7071067811865475 -0.7071067811865475 8.659560562354932e-17
vn 0.7071067811865475 -0.7071067811865475 8.659560562354932e-17
vn 0.7071067811865475 -0.7071067811865475 8.659560562354932e-17
vn 0.7071067811865475 -0.7071067811865475 8.659560562354932e-17
vn -0.7071067811865475 -0.7071067811865475 8.659560562354932e-17
vn -0.7071067811865475 -0.7071067811865475 8.659560562354932e-17
vn -0.7071067811865475 -0.7071067811865475 8.659560562354932e-17
vn -0.7071067811865475 -0.7071067811865475 8.659560562354932e-17
vn -1 0 0
vn -1 0 0
vn -1 0 0
vn -1 0 0
vn 0 1.2246467991473532e-16 1
vn 0 1.2246467991473532e-16 1
vn 0 1.2246467991473532e-16 1
vn 0 1.2246467991473532e-16 1
vn 0 -0.7071067811865475 0.7071067811865476
vn 0 -0.7071067811865475 0.7071067811865476
vn 0 -0.7071067811865475 0.7071067811865476
vn 0 -0.7071067811865475 0.7071067811865476
vn 0 -0.7071067811865476 -0.7071067811865475
vn 0 -0.7071067811865476 -0.7071067811865475
vn 0 -0.7071067811865476 -0.7071067811865475
vn 0 -0.7071067811865476 -0.7071067811865475
vn 0 -1.2246467991473532e-16 -1
vn 0 -1.2246467991473532e-16 -1
vn 0 -1.2246467991473532e-16 -1
vn 0 -1.2246467991473532e-16 -1
vn 0 1 -1.2246467991473532e-16
vn 0 1 -1.2246467991473532e-16
vn 0 1 -1.2246467991473532e-16
vn 0 1 -1.2246467991473532e-16
vn -1 0 0
vn -1 0 0
vn -1 0 0
vn -1 0 0
vn 0 -1.2246467991473532e-16 -1
vn 0 -1.2246467991473532e-16 -1
vn 0 -1.2246467991473532e-16 -1
vn 0 -1.2246467991473532e-16 -1
vn 0.8320503035077887 -0.5547001824703114 6.793118029487195e-17
vn 0.8320503035077887 -0.5547001824703114 6.793118029487195e-17
vn 0.8320503035077887 -0.5547001824703114 6.793118029487195e-17
vn 0.8320503035077887 -0.5547001824703114 6.793118029487195e-17
vn 0 1.2246467991473532e-16 1
vn 0 1.2246467991473532e-16 1
vn 0 1.2246467991473532e-16 1
vn 0 1.2246467991473532e-16 1
vn 0.8320503035077887 -0.5547001824703114 6.793118029487195e-17
vn 0.8320503035077887 -0.5547001824703114 6.793118029487195e-17
vn 0.8320503035077887 -0.5547001824703114 6.793118029487195e-17
vn 0.8320503035077887 -0.5547001824703114 6.793118029487195e-17
vn 0.8320503035077887 0.5547001824703114 -6.793118029487195e-17
vn 0.8320503035077887 0.5547001824703114 -6.793118029487195e-17
vn 0.8320503035077887 0.5547001824703114 -6.793118029487195e-17
vn 0.8320503035077887 0.5547001824703114 -6.793118029487195e-17
vn 0 1 -1.2246467991473532e-16
vn 0 1 -1.2246467991473532e-16
vn 0 1 -1.2246467991473532e-16
vn 0 1 -1.2246467991473532e-16
vn 1 0 0
vn 1 0 0
vn 1 0 0
vn 1 0 0
vn 0 1 -1.2246467991473532e-16
vn 0 1 -1.2246467991473532e-16
vn 0 1 -1.2246467991473532e-16
vn 0 1 -1.2246467991473532e-16
vn -1 0 0
vn -1 0 0
vn -1 0 0
vn -1 0 0
vn 1 0 0
vn 1 0 0
vn 1 0 0
vn 1 0 0
vn 0.7071067811865475 -0.7071067811865475 8.659560562354932e-17
vn 0.7071067811865475 -0.7071067811865475 8.659560562354932e-17
vn 0.7071067811865475 -0.7071067811865475 8.659560562354932e-17
vn 0.7071067811865475 -0.7071067811865475 8.659560562354932e-17
vn -0.7071067811865475 -0.7071067811865475 8.659560562354932e-17
vn -0.7071067811865475 -0.7071067811865475 8.659560562354932e-17
vn -0.7071067811865475 -0.7071067811865475 8.659560562354932e-17
vn -0.7071067811865475 -0.7071067811865475 8.659560562354932e-17
f 1210/1210/1210 1209/1209/1209 1208/1208/1208
f 1213/1213/1213 1212/1212/1212 1211/1211/1211
f 1216/1216/1216 1215/1215/1215 1214/1214/1214
f 1219/1219/1219 1218/1218/1218 1217/1217/1217
f 1222/1222/1222 1221/1221/1221 1220/1220/1220
f 1221/1221/1221 1222/1222/1222 1223/1223/1223
f 1226/1226/1226 1225/1225/1225 1224/1224/1224
f 1225/1225/1225 1226/1226/1226 1227/1227/1227
f 1230/1230/1230 1229/1229/1229 1228/1228/1228
f 1229/1229/1229 1230/1230/1230 1231/1231/1231
f 1234/1234/1234 1233/1233/1233 1232/1232/1232
f 1233/1233/1233 1234/1234/1234 1235/1235/1235
f 1238/1238/1238 1237/1237/1237 1236/1236/1236
f 1237/1237/1237 1238/1238/1238 1239/1239/1239
f 1242/1242/1242 1241/1241/1241 1240/1240/1240
f 1241/1241/1241 1242/1242/1242 1243/1243/1243
f 1246/1246/1246 1245/1245/1245 1244/1244/1244
f 1245/1245/1245 1246/1246/1246 1247/1247/1247
f 1250/1250/1250 1249/1249/1249 1248/1248/1248
f 1249/1249/1249 1250/1250/1250 1251/1251/1251
f 1254/1254/1254 1253/1253/1253 1252/1252/1252
f 1253/1253/1253 1254/1254/1254 1255/1255/1255
f 1258/1258/1258 1257/1257/1257 1256/1256/1256
f 1257/1257/1257 1258/1258/1258 1259/1259/1259
f 1262/1262/1262 1261/1261/1261 1260/1260/1260
f 1261/1261/1261 1262/1262/1262 1263/1263/1263
f 1266/1266/1266 1265/1265/1265 1264/1264/1264
f 1265/1265/1265 1266/1266/1266 1267/1267/1267
f 1270/1270/1270 1269/1269/1269 1268/1268/1268
f 1269/1269/1269 1270/1270/1270 1271/1271/1271
f 1274/1274/1274 1273/1273/1273 1272/1272/1272
f 1273/1273/1273 1274/1274/1274 1275/1275/1275
f 1278/1278/1278 1277/1277/1277 1276/1276/1276
f 1277/1277/1277 1278/1278/1278 1279/1279/1279
f 1282/1282/1282 1281/1281/1281 1280/1280/1280
f 1281/1281/1281 1282/1282/1282 1283/1283/1283
f 1286/1286/1286 1285/1285/1285 1284/1284/1284
f 1285/1285/1285 1286/1286/1286 1287/1287/1287
f 1290/1290/1290 1289/1289/1289 1288/1288/1288
f 1289/1289/1289 1290/1290/1290 1291/1291/1291
f 1294/1294/1294 1293/1293/1293 1292/1292/1292
f 1293/1293/1293 1294/1294/1294 1295/1295/1295
f 1298/1298/1298 1297/1297/1297 1296/1296/1296
f 1297/1297/1297 1298/1298/1298 1299/1299/1299
f 1302/1302/1302 1301/1301/1301 1300/1300/1300
f 1301/1301/1301 1302/1302/1302 1303/1303/1303
f 1306/1306/1306 1305/1305/1305 1304/1304/1304
f 1305/1305/1305 1306/1306/1306 1307/1307/1307
f 1310/1310/1310 1309/1309/1309 1308/1308/1308
f 1309/1309/1309 1310/1310/1310 1311/1311/1311
f 1314/1314/1314 1313/1313/1313 1312/1312/1312
f 1313/1313/1313 1314/1314/1314 1315/1315/1315
f 1318/1318/1318 1317/1317/1317 1316/1316/1316
f 1317/1317/1317 1318/1318/1318 1319/1319/1319
f 1322/1322/1322 1321/1321/1321 1320/1320/1320
f 1321/1321/1321 1322/1322/1322 1323/1323/1323
o mesh_27
usemtl mat8
v 150.4 59.19999999999998 -192
v 150.4 59.199999999999974 -204.8
v 150.4 55.99999999999998 -192
v 150.4 55.99999999999997 -204.8
vt 0.96875 0.96875
vt 0.96875 0.96875
vt 0.96875 0.96875
vt 0.96875 0.96875
vn 1 0 0
vn 1 0 0
vn 1 0 0
vn 1 0 0
f 1326/1326/1326 1325/1325/1325 1324/1324/1324
f 1325/1325/1325 1326/1326/1326 1327/1327/1327
o mesh_28
usemtl mat10
v 76.80000000000001 102.39999999999998 -230.4
v 83.2 100.79999999999998 -230.4
v 76.80000000000001 102.39999999999998 -256
v 83.2 100.79999999999998 -256
v 83.2 100.79999999999997 -294.40000000000003
v 76.80000000000001 102.39999999999996 -294.40000000000003
v 83.2 100.79999999999998 -281.6
v 76.80000000000001 102.39999999999998 -281.6
v 70.4 75.19999999999997 -179.20000000000002
v 64 76.79999999999998 -179.20000000000002
v 70.4 75.19999999999999 -153.60000000000002
v 64 76.8 -153.60000000000002
vt 0.2421875 0.2421875
vt 0.2421875 0.1875
vt 0 0.2421875
vt 0 0.1875
vt 0.125 0.1875
vt 0.125 0.2421875
vt 0.2421875 0.1875
vt 0.2421875 0.2421875
vt 0 0.1875
vt 0 0.2421875
vt 0.2421875 0.1875
vt 0.2421875 0.2421875
vn -0.24253562503633297 -0.9701425001453319 1.1880819075197913e-16
vn -0.24253562503633297 -0.9701425001453319 1.1880819075197913e-16
vn -0.24253562503633297 -0.9701425001453319 1.1880819075197913e-16
vn -0.24253562503633297 -0.9701425001453319 1.1880819075197913e-16
vn -0.24253562503633297 -0.9701425001453319 1.1880819075197913e-16
vn -0.24253562503633297 -0.9701425001453319 1.1880819075197913e-16
vn -0.24253562503633297 -0.9701425001453319 1.1880819075197913e-16
vn -0.24253562503633297 -0.9701425001453319 1.1880819075197913e-16
vn -0.24253562503633297 -0.9701425001453319 1.1880819075197913e-16
vn -0.24253562503633297 -0.9701425001453319 1.1880819075197913e-16
vn -0.24253562503633297 -0.9701425001453319 1.1880819075197913e-16
vn -0.24253562503633297 -0.9701425001453319 1.1880819075197913e-16
f 1330/1330/1330 1329/1329/1329 1328/1328/1328
f 1329/1329/1329 1330/1330/1330 1331/1331/1331
f 1334/1334/1334 1333/1333/1333 1332/1332/1332
f 1333/1333/1333 1334/1334/1334 1335/1335/1335
f 1338/1338/1338 1337/1337/1337 1336/1336/1336
f 1337/1337/1337 1338/1338/1338 1339/1339/1339
o mesh_29
usemtl mat3
v 76.80000000000001 76.79999999999998 -281.6
v 73.60000000000001 76.79999999999998 -281.6
v 76.80000000000001 99.19999999999997 -281.6
v 73.60000000000001 99.19999999999997 -281.6
v 73.60000000000001 76.79999999999998 -270.40000000000003
v 73.60000000000001 76.79999999999998 -281.6
v 76.80000000000001 76.79999999999998 -270.40000000000003
v 76.80000000000001 76.79999999999998 -281.6
v 76.80000000000001 76.79999999999998 -270.40000000000003
v 76.80000000000001 99.19999999999997 -270.40000000000003
v 73.60000000000001 76.79999999999998 -270.40000000000003
v 73.60000000000001 99.19999999999997 -270.40000000000003
v 76.80000000000001 99.19999999999997 -281.6
v 73.60000000000001 99.19999999999997 -281.6
v 76.80000000000001 99.19999999999997 -270.40000000000003
v 73.60000000000001 99.19999999999997 -270.40000000000003
v 64 38.39999999999998 -216
v 64 25.599999999999977 -216
v 60.800000000000004 38.39999999999998 -216
v 60.800000000000004 25.599999999999977 -216
v 60.800000000000004 25.599999999999977 -204.8
v 60.800000000000004 25.599999999999977 -216
v 64 25.599999999999977 -204.8
v 64 25.599999999999977 -216
v 64 38.39999999999998 -204.8
v 64 47.99999999999997 -204.8
v 60.800000000000004 38.39999999999998 -204.8
v 60.800000000000004 47.99999999999997 -204.8
v 64 47.99999999999997 -216
v 60.800000000000004 47.99999999999997 -216
v 64 47.99999999999997 -204.8
v 60.800000000000004 47.99999999999997 -204.8
v 60.800000000000004 38.39999999999998 -216
v 60.800000000000004 47.99999999999997 -216
v 64 38.39999999999998 -216
v 64 47.99999999999997 -216
v 60.800000000000004 38.39999999999998 -204.8
v 60.800000000000004 25.599999999999977 -204.8
v 64 38.39999999999998 -204.8
v 64 25.599999999999977 -204.8
v 73.60000000000001 25.59999999999997 -268.8
v 73.60000000000001 38.39999999999997 -268.8
v 76.80000000000001 25.59999999999997 -268.8
v 76.80000000000001 38.39999999999997 -268.8
v 73.60000000000001 38.39999999999998 -256
v 73.60000000000001 25.59999999999997 -256
v 76.80000000000001 38.39999999999998 -256
v 76.80000000000001 25.59999999999997 -256
v 73.60000000000001 38.39999999999997 -268.8
v 73.60000000000001 51.19999999999997 -268.8
v 76.80000000000001 38.39999999999997 -268.8
v 76.80000000000001 51.19999999999997 -268.8
v 73.60000000000001 51.199999999999974 -256
v 73.60000000000001 38.39999999999998 -256
v 76.80000000000001 51.199999999999974 -256
v 76.80000000000001 38.39999999999998 -256
vt 0.4921875 0.25
vt 0.46875 0.25
vt 0.4921875 0.03125
vt 0.46875 0.03125
vt 0.375 0.96875
vt 0.4921875 0.96875
vt 0.375 0.9921875
vt 0.4921875 0.9921875
vt 0.375 0.2421875
vt 0.375 0.03125
vt 0.3984375 0.2421875
vt 0.3984375 0.03125
vt 0.4921875 0.03125
vt 0.4921875 0.0546875
vt 0.375 0.03125
vt 0.375 0.0546875
vt 0.1015625 0.625
vt 0.1015625 0.75
vt 0.0703125 0.625
vt 0.0703125 0.75
vt 0 0.71875
vt 0.1015625 0.71875
vt 0 0.75
vt 0.1015625 0.75
vt 0 0.625
vt 0 0.53125
vt 0.0390625 0.625
vt 0.0390625 0.53125
vt 0.1015625 0.53125
vt 0.1015625 0.5703125
vt 0 0.53125
vt 0 0.5703125
vt 0.0703125 0.625
vt 0.0703125 0.53125
vt 0.1015625 0.625
vt 0.1015625 0.53125
vt 0.0390625 0.625
vt 0.0390625 0.75
vt 0 0.625
vt 0 0.75
vt 0.3359375 0.9921875
vt 0.3359375 0.875
vt 0.3671875 0.9921875
vt 0.3671875 0.875
vt 0.28125 0.875
vt 0.28125 0.9921875
vt 0.2421875 0.875
vt 0.2421875 0.9921875
vt 0.3359375 0.875
vt 0.3359375 0.75
vt 0.3671875 0.875
vt 0.3671875 0.75
vt 0.28125 0.75
vt 0.28125 0.875
vt 0.2421875 0.75
vt 0.2421875 0.875
vn 0 1.2246467991473532e-16 1
vn 0 1.2246467991473532e-16 1
vn 0 1.2246467991473532e-16 1
vn 0 1.2246467991473532e-16 1
vn 0 1 -1.2246467991473532e-16
vn 0 1 -1.2246467991473532e-16
vn 0 1 -1.2246467991473532e-16
vn 0 1 -1.2246467991473532e-16
vn 0 -1.2246467991473532e-16 -1
vn 0 -1.2246467991473532e-16 -1
vn 0 -1.2246467991473532e-16 -1
vn 0 -1.2246467991473532e-16 -1
vn 0 -1 1.2246467991473532e-16
vn 0 -1 1.2246467991473532e-16
vn 0 -1 1.2246467991473532e-16
vn 0 -1 1.2246467991473532e-16
vn 0 1.2246467991473532e-16 1
vn 0 1.2246467991473532e-16 1
vn 0 1.2246467991473532e-16 1
vn 0 1.2246467991473532e-16 1
vn 0 1 -1.2246467991473532e-16
vn 0 1 -1.2246467991473532e-16
vn 0 1 -1.2246467991473532e-16
vn 0 1 -1.2246467991473532e-16
vn 0 -1.2246467991473532e-16 -1
vn 0 -1.2246467991473532e-16 -1
vn 0 -1.2246467991473532e-16 -1
vn 0 -1.2246467991473532e-16 -1
vn 0 -1 1.2246467991473532e-16
vn 0 -1 1.2246467991473532e-16
vn 0 -1 1.2246467991473532e-16
vn 0 -1 1.2246467991473532e-16
vn 0 1.2246467991473532e-16 1
vn 0 1.2246467991473532e-16 1
vn 0 1.2246467991473532e-16 1
vn 0 1.2246467991473532e-16 1
vn 0 -1.2246467991473532e-16 -1
vn 0 -1.2246467991473532e-16 -1
vn 0 -1.2246467991473532e-16 -1
vn 0 -1.2246467991473532e-16 -1
vn 0 1.2246467991473532e-16 1
vn 0 1.2246467991473532e-16 1
vn 0 1.2246467991473532e-16 1
vn 0 1.2246467991473532e-16 1
vn 0 -1.2246467991473532e-16 -1
vn 0 -1.2246467991473532e-16 -1
vn 0 -1.2246467991473532e-16 -1
vn 0 -1.2246467991473532e-16 -1
vn 0 1.2246467991473532e-16 1
vn 0 1.2246467991473532e-16 1
vn 0 1.2246467991473532e-16 1
vn 0 1.2246467991473532e-16 1
vn 0 -1.2246467991473532e-16 -1
vn 0 -1.2246467991473532e-16 -1
vn 0 -1.2246467991473532e-16 -1
vn 0 -1.2246467991473532e-16 -1
f 1342/1342/1342 1341/1341/1341 1340/1340/1340
f 1341/1341/1341 1342/1342/1342 1343/1343/1343
f 1346/1346/1346 1345/1345/1345 1344/1344/1344
f 1345/1345/1345 1346/1346/1346 1347/1347/1347
f 1350/1350/1350 1349/1349/1349 1348/1348/1348
f 1349/1349/1349 1350/1350/1350 1351/1351/1351
f 1354/1354/1354 1353/1353/1353 1352/1352/1352
f 1353/1353/1353 1354/1354/1354 1355/1355/1355
f 1358/1358/1358 1357/1357/1357 1356/1356/1356
f 1357/1357/1357 1358/1358/1358 1359/1359/1359
f 1362/1362/1362 1361/1361/1361 1360/1360/1360
f 1361/1361/1361 1362/1362/1362 1363/1363/1363
f 1366/1366/1366 1365/1365/1365 1364/1364/1364
f 1365/1365/1365 1366/1366/1366 1367/1367/1367
f 1370/1370/1370 1369/1369/1369 1368/1368/1368
f 1369/1369/1369 1370/1370/1370 1371/1371/1371
f 1374/1374/1374 1373/1373/1373 1372/1372/1372
f 1373/1373/1373 1374/1374/1374 1375/1375/1375
f 1378/1378/1378 1377/1377/1377 1376/1376/1376
f 1377/1377/1377 1378/1378/1378 1379/1379/1379
f 1382/1382/1382 1381/1381/1381 1380/1380/1380
f 1381/1381/1381 1382/1382/1382 1383/1383/1383
f 1386/1386/1386 1385/1385/1385 1384/1384/1384
f 1385/1385/1385 1386/1386/1386 1387/1387/1387
f 1390/1390/1390 1389/1389/1389 1388/1388/1388
f 1389/1389/1389 1390/1390/1390 1391/1391/1391
f 1394/1394/1394 1393/1393/1393 1392/1392/1392
f 1393/1393/1393 1394/1394/1394 1395/1395/1395
o mesh_30
usemtl mat9
v 73.60000000000001 99.19999999999997 -270.40000000000003
v 73.60000000000001 99.19999999999997 -281.6
v 73.60000000000001 76.79999999999998 -270.40000000000003
v 73.60000000000001 76.79999999999998 -281.6
vt 0.75 0.5
vt 0.8671875 0.5
vt 0.75 0.7421875
vt 0.8671875 0.7421875
vn 1 0 0
vn 1 0 0
vn 1 0 0
vn 1 0 0
f 1398/1398/1398 1397/1397/1397 1396/1396/1396
f 1397/1397/1397 1398/1398/1398 1399/1399/1399
o mesh_31
usemtl mat11
v 73.60000000000001 38.39999999999997 -268.8
v 73.60000000000001 38.39999999999998 -256
v 73.60000000000001 51.19999999999997 -268.8
v 73.60000000000001 51.199999999999974 -256
v 60.800000000000004 38.39999999999998 -204.8
v 60.800000000000004 47.99999999999997 -204.8
v 60.800000000000004 38.39999999999998 -216
v 60.800000000000004 47.99999999999997 -216
v 73.60000000000001 25.59999999999997 -268.8
v 73.60000000000001 25.59999999999997 -256
v 73.60000000000001 38.39999999999997 -268.8
v 73.60000000000001 38.39999999999998 -256
v 60.800000000000004 38.39999999999998 -216
v 60.800000000000004 25.599999999999977 -216
v 60.800000000000004 38.39999999999998 -204.8
v 60.800000000000004 25.599999999999977 -204.8
vt 0.7421875 0.625
vt 0.625 0.625
vt 0.7421875 0.5
vt 0.625 0.5
vt 0.5 0.6015625
vt 0.5 0.5
vt 0.6171875 0.6015625
vt 0.6171875 0.5
vt 0.7421875 0.7421875
vt 0.625 0.7421875
vt 0.7421875 0.625
vt 0.625 0.625
vt 0.6171875 0.6015625
vt 0.6171875 0.7421875
vt 0.5 0.6015625
vt 0.5 0.7421875
vn 1 0 0
vn 1 0 0
vn 1 0 0
vn 1 0 0
vn 1 0 0
vn 1 0 0
vn 1 0 0
vn 1 0 0
vn 1 0 0
vn 1 0 0
vn 1 0 0
vn 1 0 0
vn 1 0 0
vn 1 0 0
vn 1 0 0
vn 1 0 0
f 1402/1402/1402 1401/1401/1401 1400/1400/1400
f 1401/1401/1401 1402/1402/1402 1403/1403/1403
f 1406/1406/1406 1405/1405/1405 1404/1404/1404
f 1405/1405/1405 1406/1406/1406 1407/1407/1407
f 1410/1410/1410 1409/1409/1409 1408/1408/1408
f 1409/1409/1409 1410/1410/1410 1411/1411/1411
f 1414/1414/1414 1413/1413/1413 1412/1412/1412
f 1413/1413/1413 1414/1414/1414 1415/1415/1415
o mesh_32
usemtl mat2
v 73.60000000000001 25.59999999999997 -256
v 73.60000000000001 25.59999999999997 -268.8
v 76.80000000000001 25.59999999999997 -256
v 76.80000000000001 25.59999999999997 -268.8
v 73.60000000000001 51.19999999999997 -268.8
v 73.60000000000001 51.199999999999974 -256
v 76.80000000000001 51.19999999999997 -268.8
v 76.80000000000001 51.199999999999974 -256
vt 0.09375 0.71875
vt 0.09375 0.84375
vt 0.0625 0.71875
vt 0.0625 0.84375
vt 0.46875 0.75
vt 0.46875 0.75
vt 0.46875 0.75
vt 0.46875 0.75
vn 0 1 -1.2246467991473532e-16
vn 0 1 -1.2246467991473532e-16
vn 0 1 -1.2246467991473532e-16
vn 0 1 -1.2246467991473532e-16
vn 0 -1 1.2246467991473532e-16
vn 0 -1 1.2246467991473532e-16
vn 0 -1 1.2246467991473532e-16
vn 0 -1 1.2246467991473532e-16
f 1418/1418/1418 1417/1417/1417 1416/1416/1416
f 1417/1417/1417 1418/1418/1418 1419/1419/1419
f 1422/1422/1422 1421/1421/1421 1420/1420/1420
f 1421/1421/1421 1422/1422/1422 1423/1423/1423
o mesh_33
usemtl mat12
v 89.60000000000001 131.2 -307.20000000000005
v 89.60000000000001 129.59999999999997 -300.8
v 86.4 129.59999999999997 -301.6
v 166.4 129.59999999999997 -300.8
v 192 129.59999999999997 -300.8
v 166.4 128.79999999999998 -297.6
v 192 128.79999999999998 -297.6
v 166.4 128.79999999999998 -297.6
v 140.8 128.79999999999998 -297.6
v 166.4 129.59999999999997 -300.8
v 140.8 129.59999999999997 -300.8
v 140.8 128.79999999999998 -297.6
v 115.2 128.79999999999998 -297.6
v 140.8 129.59999999999997 -300.8
v 115.2 129.59999999999997 -300.8
v 115.2 129.59999999999997 -300.8
v 115.2 128.79999999999998 -297.6
v 89.60000000000001 129.59999999999997 -300.8
v 89.60000000000001 128.79999999999998 -297.6
v 64 131.2 -320
v 60.800000000000004 129.59999999999997 -314.40000000000003
v 38.400000000000006 131.2 -332.8
v 35.2 129.59999999999997 -327.20000000000005
v 9.600000000000001 129.59999999999997 -340
v 12.8 131.2 -345.6
v 35.2 129.59999999999997 -327.20000000000005
v 38.400000000000006 131.2 -332.8
v 86.4 129.59999999999997 -301.6
v 60.800000000000004 129.59999999999997 -314.40000000000003
v 89.60000000000001 131.2 -307.20000000000005
v 64 131.2 -320
vt 0.5625 0.4375
vt 0.59375 0.4921875
vt 0.5625 0.4921875
vt 0.7421875 0.4375
vt 0.5 0.4375
vt 0.7421875 0.4921875
vt 0.5 0.4921875
vt 0.7421875 0.4921875
vt 0.9609375 0.4921875
vt 0.7421875 0.4375
vt 0.9609375 0.4375
vt 0.9921875 0.4921875
vt 0.7421875 0.4921875
vt 0.9921875 0.4609375
vt 0.7421875 0.4609375
vt 0.7421875 0.4609375
vt 0.7421875 0.4921875
vt 0.5 0.4609375
vt 0.5 0.4921875
vt 0.75 0.4375
vt 0.75 0.4921875
vt 0.5 0.4375
vt 0.5 0.4921875
vt 0.75 0.4921875
vt 0.75 0.4375
vt 0.9921875 0.4921875
vt 0.9921875 0.4375
vt 0.9921875 0.4921875
vt 0.75 0.4921875
vt 0.9921875 0.4375
vt 0.75 0.4375
vn -0.06052275326688024 0.9683640522700838 0.24209101306752082
vn -0.06052275326688024 0.9683640522700838 0.24209101306752082
vn -0.06052275326688024 0.9683640522700838 0.24209101306752082
vn 0 0.9701425001453319 0.24253562503633283
vn 0 0.9701425001453319 0.24253562503633283
vn 0 0.9701425001453319 0.24253562503633283
vn 0 0.9701425001453319 0.24253562503633283
vn 0 0.9701425001453319 0.24253562503633283
vn 0 0.9701425001453319 0.24253562503633283
vn 0 0.9701425001453319 0.24253562503633283
vn 0 0.9701425001453319 0.24253562503633283
vn 0 0.9701425001453319 0.24253562503633283
vn 0 0.9701425001453319 0.24253562503633283
vn 0 0.9701425001453319 0.24253562503633283
vn 0 0.9701425001453319 0.24253562503633283
vn 0 0.9701425001453319 0.24253562503633283
vn 0 0.9701425001453319 0.24253562503633283
vn 0 0.9701425001453319 0.24253562503633283
vn 0 0.9701425001453319 0.24253562503633283
vn -0.10783277164401461 0.9704949596972923 0.2156655432880291
vn -0.10783277164401461 0.9704949596972923 0.2156655432880291
vn -0.10783277164401461 0.9704949596972923 0.2156655432880291
vn -0.10783277164401461 0.9704949596972923 0.2156655432880291
vn -0.10783277164401461 0.9704949596972923 0.2156655432880291
vn -0.10783277164401461 0.9704949596972923 0.2156655432880291
vn -0.10783277164401461 0.9704949596972923 0.2156655432880291
vn -0.10783277164401461 0.9704949596972923 0.2156655432880291
vn -0.10783277164401461 0.9704949596972923 0.2156655432880291
vn -0.10783277164401461 0.9704949596972923 0.2156655432880291
vn -0.10783277164401461 0.9704949596972923 0.2156655432880291
vn -0.10783277164401461 0.9704949596972923 0.2156655432880291
f 1426/1426/1426 1425/1425/1425 1424/1424/1424
f 1429/1429/1429 1428/1428/1428 1427/1427/1427
f 1428/1428/1428 1429/1429/1429 1430/1430/1430
f 1433/1433/1433 1432/1432/1432 1431/1431/1431
f 1432/1432/1432 1433/1433/1433 1434/1434/1434
f 1437/1437/1437 1436/1436/1436 1435/1435/1435
f 1436/1436/1436 1437/1437/1437 1438/1438/1438
f 1441/1441/1441 1440/1440/1440 1439/1439/1439
f 1440/1440/1440 1441/1441/1441 1442/1442/1442
f 1445/1445/1445 1444/1444/1444 1443/1443/1443
f 1444/1444/1444 1445/1445/1445 1446/1446/1446
f 1449/1449/1449 1448/1448/1448 1447/1447/1447
f 1448/1448/1448 1449/1449/1449 1450/1450/1450
f 1453/1453/1453 1452/1452/1452 1451/1451/1451
f 1452/1452/1452 1453/1453/1453 1454/1454/1454
o mesh_34
usemtl mat13
v 98.4 99.19999999999996 -299.2
v 104 99.19999999999996 -300.8
v 98.4 76.79999999999997 -299.2
v 104 76.79999999999997 -300.8
vt 0.3046875 0.5
vt 0.25 0.5
vt 0.3046875 0.7421875
vt 0.25 0.7421875
vn 0.2747211160889107 1.177527228913633e-16 0.961523951014671
vn 0.2747211160889107 1.177527228913633e-16 0.961523951014671
vn 0.2747211160889107 1.177527228913633e-16 0.961523951014671
vn 0.2747211160889107 1.177527228913633e-16 0.961523951014671
f 1457/1457/1457 1456/1456/1456 1455/1455/1455
f 1456/1456/1456 1457/1457/1457 1458/1458/1458
o mesh_35
usemtl mat12
v 83.2 100.79999999999998 -281.6
v 76.80000000000001 102.39999999999998 -281.6
v 83.2 100.79999999999997 -294.40000000000003
v 76.80000000000001 102.39999999999996 -294.40000000000003
v 83.2 100.79999999999998 -281.6
v 83.2 100.79999999999998 -256
v 76.80000000000001 102.39999999999998 -281.6
v 76.80000000000001 102.39999999999998 -256
v 76.80000000000001 102.39999999999998 -256
v 83.2 100.79999999999998 -256
v 76.80000000000001 102.39999999999998 -230.4
v 83.2 100.79999999999998 -230.4
v 64 76.79999999999998 -204.8
v 64 76.79999999999998 -230.4
v 70.4 75.19999999999997 -204.8
v 70.4 75.19999999999997 -230.4
v 64 76.79999999999998 -179.20000000000002
v 64 76.79999999999998 -204.8
v 70.4 75.19999999999997 -179.20000000000002
v 70.4 75.19999999999997 -204.8
v 70.4 75.19999999999999 -153.60000000000002
v 64 76.8 -153.60000000000002
v 70.4 75.19999999999997 -179.20000000000002
v 64 76.79999999999998 -179.20000000000002
vt 0.6171875 0.4921875
vt 0.6171875 0.40625
vt 0.5 0.4921875
vt 0.5 0.40625
vt 0.9296875 0.4921875
vt 0.71875 0.4921875
vt 0.9296875 0.40625
vt 0.71875 0.40625
vt 0.71875 0.40625
vt 0.71875 0.4921875
vt 0.5 0.40625
vt 0.5 0.4921875
vt 0.7421875 0.4375
vt 0.5 0.4375
vt 0.7421875 0.4921875
vt 0.5 0.4921875
vt 0.7421875 0.4375
vt 0.9921875 0.4375
vt 0.7421875 0.4921875
vt 0.9921875 0.4921875
vt 0.5 0.4921875
vt 0.5 0.4375
vt 0.7421875 0.4921875
vt 0.7421875 0.4375
vn 0.24253562503633297 0.9701425001453319 -1.1880819075197913e-16
vn 0.24253562503633297 0.9701425001453319 -1.1880819075197913e-16
vn 0.24253562503633297 0.9701425001453319 -1.1880819075197913e-16
vn 0.24253562503633297 0.9701425001453319 -1.1880819075197913e-16
vn 0.24253562503633297 0.9701425001453319 -1.1880819075197913e-16
vn 0.24253562503633297 0.9701425001453319 -1.1880819075197913e-16
vn 0.24253562503633297 0.9701425001453319 -1.1880819075197913e-16
vn 0.24253562503633297 0.9701425001453319 -1.1880819075197913e-16
vn 0.24253562503633297 0.9701425001453319 -1.1880819075197913e-16
vn 0.24253562503633297 0.9701425001453319 -1.1880819075197913e-16
vn 0.24253562503633297 0.9701425001453319 -1.1880819075197913e-16
vn 0.24253562503633297 0.9701425001453319 -1.1880819075197913e-16
vn 0.24253562503633297 0.9701425001453319 -1.1880819075197913e-16
vn 0.24253562503633297 0.9701425001453319 -1.1880819075197913e-16
vn 0.24253562503633297 0.9701425001453319 -1.1880819075197913e-16
vn 0.24253562503633297 0.9701425001453319 -1.1880819075197913e-16
vn 0.24253562503633297 0.9701425001453319 -1.1880819075197913e-16
vn 0.24253562503633297 0.9701425001453319 -1.1880819075197913e-16
vn 0.24253562503633297 0.9701425001453319 -1.1880819075197913e-16
vn 0.24253562503633297 0.9701425001453319 -1.1880819075197913e-16
vn 0.24253562503633297 0.9701425001453319 -1.1880819075197913e-16
vn 0.24253562503633297 0.9701425001453319 -1.1880819075197913e-16
vn 0.24253562503633297 0.9701425001453319 -1.1880819075197913e-16
vn 0.24253562503633297 0.9701425001453319 -1.1880819075197913e-16
f 1461/1461/1461 1460/1460/1460 1459/1459/1459
f 1460/1460/1460 1461/1461/1461 1462/1462/1462
f 1465/1465/1465 1464/1464/1464 1463/1463/1463
f 1464/1464/1464 1465/1465/1465 1466/1466/1466
f 1469/1469/1469 1468/1468/1468 1467/1467/1467
f 1468/1468/1468 1469/1469/1469 1470/1470/1470
f 1473/1473/1473 1472/1472/1472 1471/1471/1471
f 1472/1472/1472 1473/1473/1473 1474/1474/1474
f 1477/1477/1477 1476/1476/1476 1475/1475/1475
f 1476/1476/1476 1477/1477/1477 1478/1478/1478
f 1481/1481/1481 1480/1480/1480 1479/1479/1479
f 1480/1480/1480 1481/1481/1481 1482/1482/1482
o mesh_36
usemtl mat14
v 76.80000000000001 76.79999999999998 -270.40000000000003
v 78.4 76.79999999999998 -264.8
v 76.80000000000001 99.19999999999997 -270.40000000000003
v 78.4 99.19999999999997 -264.8
v 78.4 76.79999999999998 -287.2
v 76.80000000000001 76.79999999999998 -281.6
v 78.4 99.19999999999997 -287.2
v 76.80000000000001 99.19999999999997 -281.6
vt 0.125 0.7421875
vt 0.1796875 0.7421875
vt 0.125 0.5
vt 0.1796875 0.5
vt 0.1875 0.7421875
vt 0.2421875 0.7421875
vt 0.1875 0.5
vt 0.2421875 0.5
vn 0.961523951014671 -3.364363354764729e-17 -0.2747211160889107
vn 0.961523951014671 -3.364363354764729e-17 -0.2747211160889107
vn 0.961523951014671 -3.364363354764729e-17 -0.2747211160889107
vn 0.961523951014671 -3.364363354764729e-17 -0.2747211160889107
vn 0.961523951014671 3.364363354764729e-17 0.2747211160889107
vn 0.961523951014671 3.364363354764729e-17 0.2747211160889107
vn 0.961523951014671 3.364363354764729e-17 0.2747211160889107
vn 0.961523951014671 3.364363354764729e-17 0.2747211160889107
f 1485/1485/1485 1484/1484/1484 1483/1483/1483
f 1484/1484/1484 1485/1485/1485 1486/1486/1486
f 1489/1489/1489 1488/1488/1488 1487/1487/1487
f 1488/1488/1488 1489/1489/1489 1490/1490/1490
o mesh_37
usemtl mat15
v 50.400000000000006 44.79999999999997 -299.2
v 42.400000000000006 46.39999999999997 -301.6
v 56 39.999999999999964 -313.6
v 48 41.599999999999966 -316
v 56 39.999999999999964 -313.6
v 61.6 35.999999999999964 -310.40000000000003
v 50.400000000000006 44.79999999999997 -299.2
v 56 40.79999999999997 -296
v 75.2 39.999999999999964 -304
v 76.80000000000001 35.19999999999997 -310.40000000000003
v 88 35.999999999999964 -296.8
v 89.60000000000001 31.199999999999967 -303.2
v 81.60000000000001 35.999999999999964 -302.40000000000003
v 80 31.199999999999967 -295.2
v 66.4 39.19999999999997 -305.6
v 64.8 34.39999999999996 -299.2
v 66.4 39.19999999999997 -305.6
v 68 35.999999999999964 -312.8
v 81.60000000000001 35.999999999999964 -302.40000000000003
v 83.2 32.79999999999997 -309.6
v 88 35.999999999999964 -296.8
v 81.60000000000001 32.79999999999997 -291.2
v 75.2 39.999999999999964 -304
v 69.60000000000001 36.79999999999997 -298.40000000000003
vt 0.875 0.4921875
vt 0.75 0.4921875
vt 0.875 0.25
vt 0.75 0.25
vt 0.875 0.25
vt 0.9921875 0.25
vt 0.875 0.4921875
vt 0.9921875 0.4921875
vt 0.875 0.25
vt 0.9921875 0.25
vt 0.875 0.4921875
vt 0.9921875 0.4921875
vt 0.9921875 0.375
vt 0.9921875 0.4921875
vt 0.75 0.375
vt 0.75 0.4921875
vt 0.75 0.375
vt 0.75 0.25
vt 0.9921875 0.375
vt 0.9921875 0.25
vt 0.875 0.4921875
vt 0.75 0.4921875
vt 0.875 0.25
vt 0.75 0.25
vn 0.253342505156789 0.9429970826598334 -0.21581028051491363
vn 0.253342505156789 0.9429970826598334 -0.21581028051491363
vn 0.253342505156789 0.9429970826598334 -0.21581028051491363
vn 0.253342505156789 0.9429970826598334 -0.21581028051491363
vn 0.5945812460344181 0.803206204906556 -0.036509372272972594
vn 0.5945812460344181 0.803206204906556 -0.036509372272972594
vn 0.5945812460344181 0.803206204906556 -0.036509372272972594
vn 0.5945812460344181 0.803206204906556 -0.036509372272972594
vn 0.48510355135419797 0.7534586845951666 -0.44381815541014824
vn 0.48510355135419797 0.7534586845951666 -0.44381815541014824
vn 0.48510355135419797 0.7534586845951666 -0.44381815541014824
vn 0.48510355135419797 0.7534586845951666 -0.44381815541014824
vn 0.05531128483462216 0.8250600080963396 0.5623314367968517
vn 0.05531128483462216 0.8250600080963396 0.5623314367968517
vn 0.05531128483462216 0.8250600080963396 0.5623314367968517
vn 0.05531128483462216 0.8250600080963396 0.5623314367968517
vn 0.2620753335886073 0.9021439511042069 -0.3427138908922583
vn 0.2620753335886073 0.9021439511042069 -0.3427138908922583
vn 0.2620753335886073 0.9021439511042069 -0.3427138908922583
vn 0.2620753335886073 0.9021439511042069 -0.3427138908922583
vn -0.00473126683367273 0.8705530899452016 0.49205175815254454
vn -0.00473126683367273 0.8705530899452016 0.49205175815254454
vn -0.00473126683367273 0.8705530899452016 0.49205175815254454
vn -0.00473126683367273 0.8705530899452016 0.49205175815254454
f 1493/1493/1493 1492/1492/1492 1491/1491/1491
f 1492/1492/1492 1493/1493/1493 1494/1494/1494
f 1497/1497/1497 1496/1496/1496 1495/1495/1495
f 1496/1496/1496 1497/1497/1497 1498/1498/1498
f 1501/1501/1501 1500/1500/1500 1499/1499/1499
f 1500/1500/1500 1501/1501/1501 1502/1502/1502
f 1505/1505/1505 1504/1504/1504 1503/1503/1503
f 1504/1504/1504 1505/1505/1505 1506/1506/1506
f 1509/1509/1509 1508/1508/1508 1507/1507/1507
f 1508/1508/1508 1509/1509/1509 1510/1510/1510
f 1513/1513/1513 1512/1512/1512 1511/1511/1511
f 1512/1512/1512 1513/1513/1513 1514/1514/1514
o mesh_38
usemtl mat16
v 128 25.6 -12.800000000000004
v 108.80000000000001 25.6 -12.800000000000004
v 128 12.799999999999999 -12.800000000000002
v 108.80000000000001 12.799999999999999 -12.800000000000002
v 172.8 64 -12.800000000000008
v 172.8 89.60000000000001 -12.800000000000011
v 153.60000000000002 64 -12.800000000000008
v 153.60000000000002 89.60000000000001 -12.800000000000011
v 153.60000000000002 25.6 -12.800000000000004
v 153.60000000000002 12.799999999999999 -12.800000000000002
v 172.8 25.6 -12.800000000000004
v 172.8 12.799999999999999 -12.800000000000002
v 153.60000000000002 64 -12.800000000000008
v 153.60000000000002 38.400000000000006 -12.800000000000006
v 172.8 64 -12.800000000000008
v 172.8 38.400000000000006 -12.800000000000006
v 128 64 -12.800000000000008
v 108.80000000000001 64 -12.800000000000008
v 128 38.400000000000006 -12.800000000000006
v 108.80000000000001 38.400000000000006 -12.800000000000006
v 128 89.60000000000001 -12.800000000000011
v 108.80000000000001 89.60000000000001 -12.800000000000011
v 128 64 -12.800000000000008
v 108.80000000000001 64 -12.800000000000008
v 172.8 25.6 -12.800000000000004
v 172.8 38.400000000000006 -12.800000000000006
v 153.60000000000002 25.6 -12.800000000000004
v 153.60000000000002 38.400000000000006 -12.800000000000006
v 128 38.400000000000006 -12.800000000000006
v 108.80000000000001 38.400000000000006 -12.800000000000006
v 128 25.6 -12.800000000000004
v 108.80000000000001 25.6 -12.800000000000004
vt 0.625 0.75
vt 0.8125 0.75
vt 0.625 0.875
vt 0.8125 0.875
vt 0.9375 0.375
vt 0.9375 0.125
vt 0.6875 0.375
vt 0.6875 0.125
vt 0.6875 0.75
vt 0.6875 0.875
vt 0.9375 0.75
vt 0.9375 0.875
vt 0.6875 0.375
vt 0.6875 0.625
vt 0.9375 0.375
vt 0.9375 0.625
vt 0.625 0.375
vt 0.8125 0.375
vt 0.625 0.625
vt 0.8125 0.625
vt 0.625 0.125
vt 0.8125 0.125
vt 0.625 0.375
vt 0.8125 0.375
vt 0.9375 0.75
vt 0.9375 0.625
vt 0.6875 0.75
vt 0.6875 0.625
vt 0.625 0.625
vt 0.8125 0.625
vt 0.625 0.75
vt 0.8125 0.75
vn 0 -1.2246467991473532e-16 -1
vn 0 -1.2246467991473532e-16 -1
vn 0 -1.2246467991473532e-16 -1
vn 0 -1.2246467991473532e-16 -1
vn 0 -1.2246467991473532e-16 -1
vn 0 -1.2246467991473532e-16 -1
vn 0 -1.2246467991473532e-16 -1
vn 0 -1.2246467991473532e-16 -1
vn 0 -1.2246467991473532e-16 -1
vn 0 -1.2246467991473532e-16 -1
vn 0 -1.2246467991473532e-16 -1
vn 0 -1.2246467991473532e-16 -1
vn 0 -1.2246467991473532e-16 -1
vn 0 -1.2246467991473532e-16 -1
vn 0 -1.2246467991473532e-16 -1
vn 0 -1.2246467991473532e-16 -1
vn 0 -1.2246467991473532e-16 -1
vn 0 -1.2246467991473532e-16 -1
vn 0 -1.2246467991473532e-16 -1
vn 0 -1.2246467991473532e-16 -1
vn 0 -1.2246467991473532e-16 -1
vn 0 -1.2246467991473532e-16 -1
vn 0 -1.2246467991473532e-16 -1
vn 0 -1.2246467991473532e-16 -1
vn 0 -1.2246467991473532e-16 -1
vn 0 -1.2246467991473532e-16 -1
vn 0 -1.2246467991473532e-16 -1
vn 0 -1.2246467991473532e-16 -1
vn 0 -1.2246467991473532e-16 -1
vn 0 -1.2246467991473532e-16 -1
vn 0 -1.2246467991473532e-16 -1
vn 0 -1.2246467991473532e-16 -1
f 1517/1517/1517 1516/1516/1516 1515/1515/1515
f 1516/1516/1516 1517/1517/1517 1518/1518/1518
f 1521/1521/1521 1520/1520/1520 1519/1519/1519
f 1520/1520/1520 1521/1521/1521 1522/1522/1522
f 1525/1525/1525 1524/1524/1524 1523/1523/1523
f 1524/1524/1524 1525/1525/1525 1526/1526/1526
f 1529/1529/1529 1528/1528/1528 1527/1527/1527
f 1528/1528/1528 1529/1529/1529 1530/1530/1530
f 1533/1533/1533 1532/1532/1532 1531/1531/1531
f 1532/1532/1532 1533/1533/1533 1534/1534/1534
f 1537/1537/1537 1536/1536/1536 1535/1535/1535
f 1536/1536/1536 1537/1537/1537 1538/1538/1538
f 1541/1541/1541 1540/1540/1540 1539/1539/1539
f 1540/1540/1540 1541/1541/1541 1542/1542/1542
f 1545/1545/1545 1544/1544/1544 1543/1543/1543
f 1544/1544/1544 1545/1545/1545 1546/1546/1546
o mesh_39
usemtl mat17
v 140.8 64 -12.800000000000008
v 153.60000000000002 64 -12.800000000000008
v 140.8 89.60000000000001 -12.800000000000011
v 153.60000000000002 89.60000000000001 -12.800000000000011
v 140.8 64 -12.800000000000008
v 140.8 38.400000000000006 -12.800000000000006
v 153.60000000000002 64 -12.800000000000008
v 153.60000000000002 38.400000000000006 -12.800000000000006
v 128 89.60000000000001 -12.800000000000011
v 128 64 -12.800000000000008
v 140.8 89.60000000000001 -12.800000000000011
v 140.8 64 -12.800000000000008
v 128 38.400000000000006 -12.800000000000006
v 140.8 38.400000000000006 -12.800000000000006
v 128 64 -12.800000000000008
v 140.8 64 -12.800000000000008
vt 0.75 0.75
vt 0.625 0.75
vt 0.75 0.5
vt 0.625 0.5
vt 0.75 0.75
vt 0.75 0.9921875
vt 0.625 0.75
vt 0.625 0.9921875
vt 0.8671875 0.5
vt 0.8671875 0.75
vt 0.75 0.5
vt 0.75 0.75
vt 0.8671875 0.9921875
vt 0.75 0.9921875
vt 0.8671875 0.75
vt 0.75 0.75
vn 0 -1.2246467991473532e-16 -1
vn 0 -1.2246467991473532e-16 -1
vn 0 -1.2246467991473532e-16 -1
vn 0 -1.2246467991473532e-16 -1
vn 0 -1.2246467991473532e-16 -1
vn 0 -1.2246467991473532e-16 -1
vn 0 -1.2246467991473532e-16 -1
vn 0 -1.2246467991473532e-16 -1
vn 0 -1.2246467991473532e-16 -1
vn 0 -1.2246467991473532e-16 -1
vn 0 -1.2246467991473532e-16 -1
vn 0 -1.2246467991473532e-16 -1
vn 0 -1.2246467991473532e-16 -1
vn 0 -1.2246467991473532e-16 -1
vn 0 -1.2246467991473532e-16 -1
vn 0 -1.2246467991473532e-16 -1
f 1549/1549/1549 1548/1548/1548 1547/1547/1547
f 1548/1548/1548 1549/1549/1549 1550/1550/1550
f 1553/1553/1553 1552/1552/1552 1551/1551/1551
f 1552/1552/1552 1553/1553/1553 1554/1554/1554
f 1557/1557/1557 1556/1556/1556 1555/1555/1555
f 1556/1556/1556 1557/1557/1557 1558/1558/1558
f 1561/1561/1561 1560/1560/1560 1559/1559/1559
f 1560/1560/1560 1561/1561/1561 1562/1562/1562
o mesh_40
usemtl mat17
v 140.8 115.2 -25.600000000000016
v 140.8 89.60000000000001 -12.800000000000011
v 153.60000000000002 89.60000000000001 -12.800000000000011
v 140.8 153.60000000000002 -25.60000000000002
v 140.8 115.2 -25.600000000000016
v 172.8 153.60000000000002 -25.60000000000002
v 172.8 115.2 -25.600000000000016
v 140.8 38.400000000000006 -12.800000000000006
v 140.8 38.400000000000006 -4.702643708725837e-15
v 153.60000000000002 38.400000000000006 -12.800000000000006
v 153.60000000000002 38.400000000000006 -4.702643708725837e-15
v 153.60000000000002 89.60000000000001 -12.800000000000011
v 172.8 89.60000000000001 -12.800000000000011
v 140.8 115.2 -25.600000000000016
v 172.8 115.2 -25.600000000000016
vt 0.5 0.5
vt 0.5 0.9921875
vt 0.6953125 0.9921875
vt 0.9921875 0.5
vt 0.9921875 0.9921875
vt 0.5 0.5
vt 0.5 0.9921875
vt 0.75 0.5
vt 0.75 0.625
vt 0.625 0.5
vt 0.625 0.625
vt 0.6953125 0.9921875
vt 0.9921875 0.9921875
vt 0.5 0.5
vt 0.9921875 0.5
vn 0 -0.447213595499958 -0.8944271909999157
vn 0 -0.447213595499958 -0.8944271909999157
vn 0 -0.447213595499958 -0.8944271909999157
vn 0 -1.2246467991473532e-16 -1
vn 0 -1.2246467991473532e-16 -1
vn 0 -1.2246467991473532e-16 -1
vn 0 -1.2246467991473532e-16 -1
vn 0 -1 1.2246467991473532e-16
vn 0 -1 1.2246467991473532e-16
vn 0 -1 1.2246467991473532e-16
vn 0 -1 1.2246467991473532e-16
vn 0 -0.447213595499958 -0.8944271909999157
vn 0 -0.447213595499958 -0.8944271909999157
vn 0 -0.447213595499958 -0.8944271909999157
vn 0 -0.447213595499958 -0.8944271909999157
f 1565/1565/1565 1564/1564/1564 1563/1563/1563
f 1568/1568/1568 1567/1567/1567 1566/1566/1566
f 1567/1567/1567 1568/1568/1568 1569/1569/1569
f 1572/1572/1572 1571/1571/1571 1570/1570/1570
f 1571/1571/1571 1572/1572/1572 1573/1573/1573
f 1576/1576/1576 1575/1575/1575 1574/1574/1574
f 1575/1575/1575 1576/1576/1576 1577/1577/1577
o mesh_41
usemtl mat16
v 128 89.60000000000001 -12.800000000000011
v 140.8 89.60000000000001 -12.800000000000011
v 140.8 115.2 -25.600000000000016
v 140.8 153.60000000000002 -25.60000000000002
v 108.80000000000001 153.60000000000002 -25.60000000000002
v 140.8 115.2 -25.600000000000016
v 108.80000000000001 115.2 -25.600000000000016
v 153.60000000000002 25.6 -3.1350958058172244e-15
v 153.60000000000002 12.8 -1.5675479029086122e-15
v 153.60000000000002 25.6 -12.800000000000004
v 153.60000000000002 12.799999999999999 -12.800000000000002
v 140.8 115.2 -25.600000000000016
v 108.80000000000001 115.2 -25.600000000000016
v 128 89.60000000000001 -12.800000000000011
v 108.80000000000001 89.60000000000001 -12.800000000000011
v 153.60000000000002 25.6 -12.800000000000004
v 153.60000000000002 38.400000000000006 -12.800000000000006
v 153.60000000000002 25.6 -3.1350958058172244e-15
v 153.60000000000002 38.400000000000006 -4.702643708725837e-15
vt 0.796875 0.4921875
vt 0.9921875 0.4921875
vt 0.9921875 0
vt 0.5 0
vt 0.9921875 0
vt 0.5 0.4921875
vt 0.9921875 0.4921875
vt 0.6875 0.75
vt 0.6875 0.8671875
vt 0.5625 0.75
vt 0.5625 0.8671875
vt 0.9921875 0
vt 0.5 0
vt 0.796875 0.4921875
vt 0.5 0.4921875
vt 0.5625 0.75
vt 0.5625 0.625
vt 0.6875 0.75
vt 0.6875 0.625
vn 0 -0.447213595499958 -0.8944271909999157
vn 0 -0.447213595499958 -0.8944271909999157
vn 0 -0.447213595499958 -0.8944271909999157
vn 0 -1.2246467991473532e-16 -1
vn 0 -1.2246467991473532e-16 -1
vn 0 -1.2246467991473532e-16 -1
vn 0 -1.2246467991473532e-16 -1
vn -1 0 0
vn -1 0 0
vn -1 0 0
vn -1 0 0
vn 0 -0.447213595499958 -0.8944271909999157
vn 0 -0.447213595499958 -0.8944271909999157
vn 0 -0.447213595499958 -0.8944271909999157
vn 0 -0.447213595499958 -0.8944271909999157
vn -1 0 0
vn -1 0 0
vn -1 0 0
vn -1 0 0
f 1580/1580/1580 1579/1579/1579 1578/1578/1578
f 1583/1583/1583 1582/1582/1582 1581/1581/1581
f 1582/1582/1582 1583/1583/1583 1584/1584/1584
f 1587/1587/1587 1586/1586/1586 1585/1585/1585
f 1586/1586/1586 1587/1587/1587 1588/1588/1588
f 1591/1591/1591 1590/1590/1590 1589/1589/1589
f 1590/1590/1590 1591/1591/1591 1592/1592/1592
f 1595/1595/1595 1594/1594/1594 1593/1593/1593
f 1594/1594/1594 1595/1595/1595 1596/1596/1596
o mesh_42
usemtl mat8
v 160 44.800000000000004 6.399999999999995
v 134.4 44.800000000000004 6.399999999999995
v 160 6.400000000000001 6.3999999999999995
v 134.4 6.400000000000001 6.3999999999999995
vt 0.96875 0.96875
vt 0.96875 0.96875
vt 0.96875 0.96875
vt 0.96875 0.96875
vn 0 -1.2246467991473532e-16 -1
vn 0 -1.2246467991473532e-16 -1
vn 0 -1.2246467991473532e-16 -1
vn 0 -1.2246467991473532e-16 -1
f 1599/1599/1599 1598/1598/1598 1597/1597/1597
f 1598/1598/1598 1599/1599/1599 1600/1600/1600
o mesh_43
usemtl mat3
v 140.8 25.6 -12.800000000000004
v 140.8 12.799999999999999 -12.800000000000002
v 140.8 25.6 -3.1350958058172244e-15
v 140.8 12.8 -1.5675479029086122e-15
v 140.8 25.6 -3.1350958058172244e-15
v 140.8 38.400000000000006 -4.702643708725837e-15
v 140.8 25.6 -12.800000000000004
v 140.8 38.400000000000006 -12.800000000000006
vt 0.4921875 0.75
vt 0.4921875 0.875
vt 0.375 0.75
vt 0.375 0.875
vt 0.375 0.75
vt 0.375 0.625
vt 0.4921875 0.75
vt 0.4921875 0.625
vn 1 0 0
vn 1 0 0
vn 1 0 0
vn 1 0 0
vn 1 0 0
vn 1 0 0
vn 1 0 0
vn 1 0 0
f 1603/1603/1603 1602/1602/1602 1601/1601/1601
f 1602/1602/1602 1603/1603/1603 1604/1604/1604
f 1607/1607/1607 1606/1606/1606 1605/1605/1605
f 1606/1606/1606 1607/1607/1607 1608/1608/1608
o mesh_44
usemtl mat16
v 108.80000000000001 25.599999999999998 -25.600000000000005
v 108.80000000000001 25.599999999999998 -38.400000000000006
v 108.80000000000001 12.799999999999995 -38.400000000000006
v 89.60000000000001 12.799999999999988 -102.4
v 89.60000000000001 12.799999999999986 -115.2
v 89.60000000000001 -1.410793112617751e-14 -115.2
v 115.2 6.399999999999991 -76.80000000000001
v 115.2 12.799999999999994 -64
v 115.2 12.799999999999992 -76.80000000000001
v 108.80000000000001 115.2 -25.600000000000016
v 108.80000000000001 153.60000000000002 -25.60000000000002
v 108.80000000000001 115.2 -38.40000000000002
v 108.80000000000001 153.60000000000002 -38.40000000000003
v 108.80000000000001 115.2 -38.40000000000002
v 108.80000000000001 89.60000000000001 -38.40000000000002
v 108.80000000000001 115.2 -25.600000000000016
v 108.80000000000001 89.60000000000001 -12.800000000000011
vt 0.875 0.75
vt 0.75 0.75
vt 0.75 0.875
vt 0.6171875 0.875
vt 0.5 0.875
vt 0.5 0.9921875
vt 0.625 0.9375
vt 0.5 0.875
vt 0.625 0.875
vt 0.625 0.375
vt 0.625 0
vt 0.75 0.375
vt 0.75 0
vt 0.75 0.375
vt 0.75 0.625
vt 0.625 0.375
vt 0.5 0.625
vn 1 0 0
vn 1 0 0
vn 1 0 0
vn 1 0 0
vn 1 0 0
vn 1 0 0
vn 1 0 0
vn 1 0 0
vn 1 0 0
vn 1 0 0
vn 1 0 0
vn 1 0 0
vn 1 0 0
vn 1 0 0
vn 1 0 0
vn 1 0 0
vn 1 0 0
f 1611/1611/1611 1610/1610/1610 1609/1609/1609
f 1614/1614/1614 1613/1613/1613 1612/1612/1612
f 1617/1617/1617 1616/1616/1616 1615/1615/1615
f 1620/1620/1620 1619/1619/1619 1618/1618/1618
f 1619/1619/1619 1620/1620/1620 1621/1621/1621
f 1624/1624/1624 1623/1623/1623 1622/1622/1622
f 1623/1623/1623 1624/1624/1624 1625/1625/1625
o mesh_45
usemtl mat3
v 89.60000000000001 -1.410793112617751e-14 -115.2
v 89.60000000000001 12.799999999999986 -115.2
v 76.80000000000001 12.799999999999986 -115.2
v 38.400000000000006 -1.410793112617751e-14 -115.2
v 38.400000000000006 12.799999999999986 -115.2
v 25.6 12.799999999999986 -115.2
v 64 -1.410793112617751e-14 -115.2
v 64 12.799999999999986 -115.2
v 51.2 12.799999999999986 -115.2
v 60.800000000000004 153.60000000000002 -64.00000000000001
v 12.8 153.60000000000002 -64.00000000000001
v 60.800000000000004 204.8 -64.00000000000003
v 12.8 204.8 -64.00000000000003
v 38.400000000000006 115.19999999999999 -115.20000000000002
v 38.400000000000006 153.60000000000002 -115.20000000000002
v 12.8 115.19999999999999 -115.20000000000002
v 12.8 153.60000000000002 -115.20000000000002
v 38.400000000000006 204.8 -115.20000000000003
v 12.8 204.8 -115.20000000000003
v 38.400000000000006 153.60000000000002 -115.20000000000002
v 12.8 153.60000000000002 -115.20000000000002
v 108.80000000000001 204.8 -64.00000000000003
v 115.2 204.8 -64.00000000000003
v 108.80000000000001 153.60000000000002 -64.00000000000001
v 115.2 153.60000000000002 -64.00000000000001
v 38.400000000000006 115.19999999999999 -115.20000000000002
v 38.400000000000006 89.6 -115.20000000000002
v 64 115.19999999999999 -115.20000000000002
v 64 89.6 -115.20000000000002
v 38.400000000000006 153.60000000000002 -115.20000000000002
v 64 153.60000000000002 -115.20000000000002
v 38.400000000000006 204.8 -115.20000000000003
v 64 204.8 -115.20000000000003
v 108.80000000000001 115.19999999999999 -64.00000000000001
v 108.80000000000001 153.60000000000002 -64.00000000000001
v 115.2 115.19999999999999 -64.00000000000001
v 115.2 153.60000000000002 -64.00000000000001
v 115.2 115.19999999999999 -64.00000000000001
v 115.2 89.6 -64.00000000000001
v 108.80000000000001 115.19999999999999 -64.00000000000001
v 108.80000000000001 89.6 -64.00000000000001
v 64 115.19999999999999 -115.20000000000002
v 64 153.60000000000002 -115.20000000000002
v 38.400000000000006 115.19999999999999 -115.20000000000002
v 38.400000000000006 153.60000000000002 -115.20000000000002
v 12.8 115.19999999999999 -115.20000000000002
v 12.8 89.6 -115.20000000000002
v 38.400000000000006 115.19999999999999 -115.20000000000002
v 38.400000000000006 89.6 -115.20000000000002
v 60.800000000000004 204.8 -64.00000000000003
v 108.80000000000001 204.8 -64.00000000000003
v 60.800000000000004 153.60000000000002 -64.00000000000001
v 108.80000000000001 153.60000000000002 -64.00000000000001
vt 0.25 0.9921875
vt 0.25 0.875
vt 0.375 0.875
vt 0.25 0.9921875
vt 0.25 0.875
vt 0.375 0.875
vt 0 0.9921875
vt 0 0.875
vt 0.125 0.875
vt 0.4921875 0.9921875
vt 0 0.9921875
vt 0.4921875 0.5
vt 0 0.5
vt 0.2421875 0.75
vt 0.2421875 0.375
vt 0 0.75
vt 0 0.375
vt 0.2421875 0
vt 0 0
vt 0.2421875 0.375
vt 0 0.375
vt 0.4296875 0.5
vt 0.4921875 0.5
vt 0.4296875 0.9921875
vt 0.4921875 0.9921875
vt 0.2421875 0.75
vt 0.2421875 0.9921875
vt 0.4921875 0.75
vt 0.4921875 0.9921875
vt 0.2421875 0.375
vt 0.4921875 0.375
vt 0.2421875 0
vt 0.4921875 0
vt 0.4921875 0.75
vt 0.4921875 0.375
vt 0.4375 0.75
vt 0.4375 0.375
vt 0.4375 0.75
vt 0.4375 0.9921875
vt 0.4921875 0.75
vt 0.4921875 0.9921875
vt 0.4921875 0.75
vt 0.4921875 0.375
vt 0.2421875 0.75
vt 0.2421875 0.375
vt 0 0.75
vt 0 0.9921875
vt 0.2421875 0.75
vt 0.2421875 0.9921875
vt 0 0.5
vt 0.4296875 0.5
vt 0 0.9921875
vt 0.4296875 0.9921875
vn 0 -1.2246467991473532e-16 -1
vn 0 -1.2246467991473532e-16 -1
vn 0 -1.2246467991473532e-16 -1
vn 0 -1.2246467991473532e-16 -1
vn 0 -1.2246467991473532e-16 -1
vn 0 -1.2246467991473532e-16 -1
vn 0 -1.2246467991473532e-16 -1
vn 0 -1.2246467991473532e-16 -1
vn 0 -1.2246467991473532e-16 -1
vn 0 1.2246467991473532e-16 1
vn 0 1.2246467991473532e-16 1
vn 0 1.2246467991473532e-16 1
vn 0 1.2246467991473532e-16 1
vn 0 -1.2246467991473532e-16 -1
vn 0 -1.2246467991473532e-16 -1
vn 0 -1.2246467991473532e-16 -1
vn 0 -1.2246467991473532e-16 -1
vn 0 -1.2246467991473532e-16 -1
vn 0 -1.2246467991473532e-16 -1
vn 0 -1.2246467991473532e-16 -1
vn 0 -1.2246467991473532e-16 -1
vn 0 1.2246467991473532e-16 1
vn 0 1.2246467991473532e-16 1
vn 0 1.2246467991473532e-16 1
vn 0 1.2246467991473532e-16 1
vn 0 -1.2246467991473532e-16 -1
vn 0 -1.2246467991473532e-16 -1
vn 0 -1.2246467991473532e-16 -1
vn 0 -1.2246467991473532e-16 -1
vn 0 -1.2246467991473532e-16 -1
vn 0 -1.2246467991473532e-16 -1
vn 0 -1.2246467991473532e-16 -1
vn 0 -1.2246467991473532e-16 -1
vn 0 1.2246467991473532e-16 1
vn 0 1.2246467991473532e-16 1
vn 0 1.2246467991473532e-16 1
vn 0 1.2246467991473532e-16 1
vn 0 1.2246467991473532e-16 1
vn 0 1.2246467991473532e-16 1
vn 0 1.2246467991473532e-16 1
vn 0 1.2246467991473532e-16 1
vn 0 -1.2246467991473532e-16 -1
vn 0 -1.2246467991473532e-16 -1
vn 0 -1.2246467991473532e-16 -1
vn 0 -1.2246467991473532e-16 -1
vn 0 -1.2246467991473532e-16 -1
vn 0 -1.2246467991473532e-16 -1
vn 0 -1.2246467991473532e-16 -1
vn 0 -1.2246467991473532e-16 -1
vn 0 1.2246467991473532e-16 1
vn 0 1.2246467991473532e-16 1
vn 0 1.2246467991473532e-16 1
vn 0 1.2246467991473532e-16 1
f 1628/1628/1628 1627/1627/1627 1626/1626/1626
f 1631/1631/1631 1630/1630/1630 1629/1629/1629
f 1634/1634/1634 1633/1633/1633 1632/1632/1632
f 1637/1637/1637 1636/1636/1636 1635/1635/1635
f 1636/1636/1636 1637/1637/1637 1638/1638/1638
f 1641/1641/1641 1640/1640/1640 1639/1639/1639
f 1640/1640/1640 1641/1641/1641 1642/1642/1642
f 1645/1645/1645 1644/1644/1644 1643/1643/1643
f 1644/1644/1644 1645/1645/1645 1646/1646/1646
f 1649/1649/1649 1648/1648/1648 1647/1647/1647
f 1648/1648/1648 1649/1649/1649 1650/1650/1650
f 1653/1653/1653 1652/1652/1652 1651/1651/1651
f 1652/1652/1652 1653/1653/1653 1654/1654/1654
f 1657/1657/1657 1656/1656/1656 1655/1655/1655
f 1656/1656/1656 1657/1657/1657 1658/1658/1658
f 1661/1661/1661 1660/1660/1660 1659/1659/1659
f 1660/1660/1660 1661/1661/1661 1662/1662/1662
f 1665/1665/1665 1664/1664/1664 1663/1663/1663
f 1664/1664/1664 1665/1665/1665 1666/1666/1666
f 1669/1669/1669 1668/1668/1668 1667/1667/1667
f 1668/1668/1668 1669/1669/1669 1670/1670/1670
f 1673/1673/1673 1672/1672/1672 1671/1671/1671
f 1672/1672/1672 1673/1673/1673 1674/1674/1674
f 1677/1677/1677 1676/1676/1676 1675/1675/1675
f 1676/1676/1676 1677/1677/1677 1678/1678/1678
o mesh_46
usemtl mat3
v 166.4 12.799999999999992 -76.80000000000001
v 166.4 12.799999999999994 -64
v 166.4 6.399999999999991 -76.80000000000001
v 204.8 12.799999999999986 -115.2
v 192 12.799999999999986 -115.2
v 192 -1.410793112617751e-14 -115.2
v 192 -1.410793112617751e-14 -115.2
v 192 12.799999999999986 -115.2
v 192 12.799999999999988 -102.4
v 220.8 204.8 -64.00000000000003
v 268.8 204.8 -64.00000000000003
v 220.8 153.60000000000002 -64.00000000000001
v 268.8 153.60000000000002 -64.00000000000001
v 172.8 115.19999999999999 -64.00000000000001
v 172.8 89.6 -64.00000000000001
v 166.4 115.19999999999999 -64.00000000000001
v 166.4 89.6 -64.00000000000001
v 172.8 153.60000000000002 -64.00000000000001
v 166.4 153.60000000000002 -64.00000000000001
v 172.8 204.8 -64.00000000000003
v 166.4 204.8 -64.00000000000003
v 166.4 115.19999999999999 -64.00000000000001
v 166.4 153.60000000000002 -64.00000000000001
v 172.8 115.19999999999999 -64.00000000000001
v 172.8 153.60000000000002 -64.00000000000001
v 220.8 153.60000000000002 -64.00000000000001
v 172.8 153.60000000000002 -64.00000000000001
v 220.8 204.8 -64.00000000000003
v 172.8 204.8 -64.00000000000003
vt 0.125 0.875
vt 0 0.875
vt 0.125 0.9375
vt 0.375 0.875
vt 0.25 0.875
vt 0.25 0.9921875
vt 0.25 0.9921875
vt 0.25 0.875
vt 0.125 0.875
vt 0 0.5
vt 0.4921875 0.5
vt 0 0.9921875
vt 0.4921875 0.9921875
vt 0.125 0.75
vt 0.125 0.9921875
vt 0.1875 0.75
vt 0.1875 0.9921875
vt 0.0546875 0.9921875
vt 0 0.9921875
vt 0.0546875 0.5
vt 0 0.5
vt 0.1875 0.75
vt 0.1875 0.375
vt 0.125 0.75
vt 0.125 0.375
vt 0.4921875 0.9921875
vt 0.0546875 0.9921875
vt 0.4921875 0.5
vt 0.0546875 0.5
vn -1 0 0
vn -1 0 0
vn -1 0 0
vn 0 -1.2246467991473532e-16 -1
vn 0 -1.2246467991473532e-16 -1
vn 0 -1.2246467991473532e-16 -1
vn -1 0 0
vn -1 0 0
vn -1 0 0
vn 0 1.2246467991473532e-16 1
vn 0 1.2246467991473532e-16 1
vn 0 1.2246467991473532e-16 1
vn 0 1.2246467991473532e-16 1
vn 0 1.2246467991473532e-16 1
vn 0 1.2246467991473532e-16 1
vn 0 1.2246467991473532e-16 1
vn 0 1.2246467991473532e-16 1
vn 0 1.2246467991473532e-16 1
vn 0 1.2246467991473532e-16 1
vn 0 1.2246467991473532e-16 1
vn 0 1.2246467991473532e-16 1
vn 0 1.2246467991473532e-16 1
vn 0 1.2246467991473532e-16 1
vn 0 1.2246467991473532e-16 1
vn 0 1.2246467991473532e-16 1
vn 0 1.2246467991473532e-16 1
vn 0 1.2246467991473532e-16 1
vn 0 1.2246467991473532e-16 1
vn 0 1.2246467991473532e-16 1
f 1681/1681/1681 1680/1680/1680 1679/1679/1679
f 1684/1684/1684 1683/1683/1683 1682/1682/1682
f 1687/1687/1687 1686/1686/1686 1685/1685/1685
f 1690/1690/1690 1689/1689/1689 1688/1688/1688
f 1689/1689/1689 1690/1690/1690 1691/1691/1691
f 1694/1694/1694 1693/1693/1693 1692/1692/1692
f 1693/1693/1693 1694/1694/1694 1695/1695/1695
f 1698/1698/1698 1697/1697/1697 1696/1696/1696
f 1697/1697/1697 1698/1698/1698 1699/1699/1699
f 1702/1702/1702 1701/1701/1701 1700/1700/1700
f 1701/1701/1701 1702/1702/1702 1703/1703/1703
f 1706/1706/1706 1705/1705/1705 1704/1704/1704
f 1705/1705/1705 1706/1706/1706 1707/1707/1707
o mesh_47
usemtl mat16
v 172.8 12.799999999999995 -38.400000000000006
v 172.8 25.599999999999998 -38.400000000000006
v 172.8 25.599999999999998 -25.600000000000005
v 230.4 12.799999999999986 -115.2
v 217.60000000000002 12.799999999999986 -115.2
v 217.60000000000002 -1.410793112617751e-14 -115.2
v 256 12.799999999999986 -115.2
v 243.20000000000002 12.799999999999986 -115.2
v 243.20000000000002 -1.410793112617751e-14 -115.2
v 268.8 204.8 -115.20000000000003
v 243.20000000000002 204.8 -115.20000000000003
v 268.8 153.60000000000002 -115.20000000000002
v 243.20000000000002 153.60000000000002 -115.20000000000002
v 243.20000000000002 153.60000000000002 -115.20000000000002
v 243.20000000000002 204.8 -115.20000000000003
v 217.60000000000002 153.60000000000002 -115.20000000000002
v 217.60000000000002 204.8 -115.20000000000003
v 268.8 115.19999999999999 -115.20000000000002
v 268.8 153.60000000000002 -115.20000000000002
v 243.20000000000002 115.19999999999999 -115.20000000000002
v 243.20000000000002 153.60000000000002 -115.20000000000002
v 243.20000000000002 115.19999999999999 -115.20000000000002
v 243.20000000000002 153.60000000000002 -115.20000000000002
v 217.60000000000002 115.19999999999999 -115.20000000000002
v 217.60000000000002 153.60000000000002 -115.20000000000002
vt 0.75 0.8671875
vt 0.75 0.75
vt 0.875 0.75
vt 0.625 0.875
vt 0.5 0.875
vt 0.5 0.9921875
vt 0.875 0.875
vt 0.75 0.875
vt 0.75 0.9921875
vt 0.625 0
vt 0.8671875 0
vt 0.625 0.4375
vt 0.8671875 0.4375
vt 0.9921875 0.4375
vt 0.9921875 0
vt 0.75 0.4375
vt 0.75 0
vt 0.8671875 0.7734375
vt 0.8671875 0.4375
vt 0.625 0.7734375
vt 0.625 0.4375
vt 0.9921875 0.7734375
vt 0.9921875 0.4375
vt 0.75 0.7734375
vt 0.75 0.4375
vn -1 0 0
vn -1 0 0
vn -1 0 0
vn 0 -1.2246467991473532e-16 -1
vn 0 -1.2246467991473532e-16 -1
vn 0 -1.2246467991473532e-16 -1
vn 0 -1.2246467991473532e-16 -1
vn 0 -1.2246467991473532e-16 -1
vn 0 -1.2246467991473532e-16 -1
vn 0 -1.2246467991473532e-16 -1
vn 0 -1.2246467991473532e-16 -1
vn 0 -1.2246467991473532e-16 -1
vn 0 -1.2246467991473532e-16 -1
vn 0 -1.2246467991473532e-16 -1
vn 0 -1.2246467991473532e-16 -1
vn 0 -1.2246467991473532e-16 -1
vn 0 -1.2246467991473532e-16 -1
vn 0 -1.2246467991473532e-16 -1
vn 0 -1.2246467991473532e-16 -1
vn 0 -1.2246467991473532e-16 -1
vn 0 -1.2246467991473532e-16 -1
vn 0 -1.2246467991473532e-16 -1
vn 0 -1.2246467991473532e-16 -1
vn 0 -1.2246467991473532e-16 -1
vn 0 -1.2246467991473532e-16 -1
f 1710/1710/1710 1709/1709/1709 1708/1708/1708
f 1713/1713/1713 1712/1712/1712 1711/1711/1711
f 1716/1716/1716 1715/1715/1715 1714/1714/1714
f 1719/1719/1719 1718/1718/1718 1717/1717/1717
f 1718/1718/1718 1719/1719/1719 1720/1720/1720
f 1723/1723/1723 1722/1722/1722 1721/1721/1721
f 1722/1722/1722 1723/1723/1723 1724/1724/1724
f 1727/1727/1727 1726/1726/1726 1725/1725/1725
f 1726/1726/1726 1727/1727/1727 1728/1728/1728
f 1731/1731/1731 1730/1730/1730 1729/1729/1729
f 1730/1730/1730 1731/1731/1731 1732/1732/1732
o mesh_48
usemtl mat17
v 217.60000000000002 115.19999999999999 -115.20000000000002
v 217.60000000000002 89.6 -115.20000000000002
v 243.20000000000002 115.19999999999999 -115.20000000000002
v 243.20000000000002 89.6 -115.20000000000002
v 172.8 115.2 -38.40000000000002
v 172.8 153.60000000000002 -38.40000000000003
v 172.8 115.2 -25.600000000000016
v 172.8 153.60000000000002 -25.60000000000002
v 172.8 115.2 -38.40000000000002
v 172.8 115.2 -25.600000000000016
v 172.8 89.60000000000001 -38.40000000000002
v 172.8 89.60000000000001 -12.800000000000011
v 243.20000000000002 115.19999999999999 -115.20000000000002
v 243.20000000000002 89.6 -115.20000000000002
v 268.8 115.19999999999999 -115.20000000000002
v 268.8 89.6 -115.20000000000002
vt 0.9921875 0.5
vt 0.9921875 0.734375
vt 0.75 0.5
vt 0.75 0.734375
vt 0.7421875 0.796875
vt 0.7421875 0.5
vt 0.8671875 0.796875
vt 0.8671875 0.5
vt 0.7421875 0.796875
vt 0.8671875 0.796875
vt 0.7421875 0.9921875
vt 0.9921875 0.9921875
vt 0.7421875 0.5
vt 0.7421875 0.7421875
vt 0.5 0.5
vt 0.5 0.7421875
vn 0 -1.2246467991473532e-16 -1
vn 0 -1.2246467991473532e-16 -1
vn 0 -1.2246467991473532e-16 -1
vn 0 -1.2246467991473532e-16 -1
vn -1 0 0
vn -1 0 0
vn -1 0 0
vn -1 0 0
vn -1 0 0
vn -1 0 0
vn -1 0 0
vn -1 0 0
vn 0 -1.2246467991473532e-16 -1
vn 0 -1.2246467991473532e-16 -1
vn 0 -1.2246467991473532e-16 -1
vn 0 -1.2246467991473532e-16 -1
f 1735/1735/1735 1734/1734/1734 1733/1733/1733
f 1734/1734/1734 1735/1735/1735 1736/1736/1736
f 1739/1739/1739 1738/1738/1738 1737/1737/1737
f 1738/1738/1738 1739/1739/1739 1740/1740/1740
f 1743/1743/1743 1742/1742/1742 1741/1741/1741
f 1742/1742/1742 1743/1743/1743 1744/1744/1744
f 1747/1747/1747 1746/1746/1746 1745/1745/1745
f 1746/1746/1746 1747/1747/1747 1748/1748/1748
o mesh_49
usemtl mat16
v 89.60000000000001 63.999999999999986 -115.20000000000002
v 89.60000000000001 38.39999999999999 -115.2
v 89.60000000000001 38.39999999999999 -102.4
v 89.60000000000001 63.999999999999986 -89.60000000000002
v 89.60000000000001 38.39999999999999 -89.60000000000001
v 102.4 38.39999999999999 -89.60000000000001
v 115.2 89.6 -89.60000000000002
v 115.2 63.999999999999986 -89.60000000000002
v 115.2 63.99999999999999 -76.80000000000003
v 108.80000000000001 89.60000000000001 -38.40000000000002
v 108.80000000000001 63.99999999999999 -38.40000000000001
v 108.80000000000001 64 -25.60000000000001
v 108.80000000000001 64 -25.60000000000001
v 108.80000000000001 64 -12.800000000000008
v 108.80000000000001 89.60000000000001 -38.40000000000002
v 108.80000000000001 89.60000000000001 -12.800000000000011
v 115.2 12.799999999999992 -76.80000000000001
v 115.2 12.79999999999999 -89.60000000000001
v 115.2 6.399999999999991 -76.80000000000001
v 115.2 -1.0972835320360286e-14 -89.60000000000001
v 89.60000000000001 25.599999999999987 -102.4
v 89.60000000000001 25.59999999999999 -89.60000000000001
v 89.60000000000001 38.39999999999999 -102.4
v 89.60000000000001 38.39999999999999 -89.60000000000001
v 115.2 12.799999999999992 -76.80000000000001
v 115.2 12.799999999999994 -64
v 115.2 25.59999999999999 -76.80000000000001
v 115.2 25.599999999999994 -64
v 108.80000000000001 64 -25.60000000000001
v 108.80000000000001 63.99999999999999 -38.40000000000001
v 108.80000000000001 38.400000000000006 -25.600000000000005
v 108.80000000000001 38.4 -38.40000000000001
v 102.4 12.79999999999999 -89.60000000000001
v 89.60000000000001 12.79999999999999 -89.60000000000001
v 102.4 -1.0972835320360286e-14 -89.60000000000001
v 89.60000000000001 -1.0972835320360286e-14 -89.60000000000001
v 89.60000000000001 153.60000000000002 -115.20000000000002
v 89.60000000000001 204.8 -115.20000000000003
v 64 153.60000000000002 -115.20000000000002
v 64 204.8 -115.20000000000003
v 115.2 115.19999999999999 -64.00000000000001
v 115.2 153.60000000000002 -64.00000000000001
v 115.2 115.19999999999999 -89.60000000000002
v 115.2 153.60000000000002 -89.60000000000002
v 115.2 38.4 -76.80000000000001
v 115.2 38.39999999999999 -89.60000000000001
v 115.2 25.59999999999999 -76.80000000000001
v 115.2 25.59999999999999 -89.60000000000001
v 115.2 63.99999999999999 -76.80000000000003
v 115.2 63.999999999999986 -89.60000000000002
v 115.2 38.4 -76.80000000000001
v 115.2 38.39999999999999 -89.60000000000001
v 89.60000000000001 89.6 -89.60000000000002
v 89.60000000000001 63.999999999999986 -89.60000000000002
v 115.2 89.6 -89.60000000000002
v 115.2 63.999999999999986 -89.60000000000002
v 89.60000000000001 89.6 -115.20000000000002
v 89.60000000000001 63.999999999999986 -115.20000000000002
v 89.60000000000001 89.6 -89.60000000000002
v 89.60000000000001 63.999999999999986 -89.60000000000002
v 64 115.19999999999999 -115.20000000000002
v 64 89.6 -115.20000000000002
v 89.60000000000001 115.19999999999999 -115.20000000000002
v 89.60000000000001 89.6 -115.20000000000002
v 102.4 25.59999999999999 -89.60000000000001
v 115.2 25.59999999999999 -89.60000000000001
v 102.4 38.39999999999999 -89.60000000000001
v 115.2 38.39999999999999 -89.60000000000001
v 89.60000000000001 12.799999999999988 -102.4
v 89.60000000000001 12.79999999999999 -89.60000000000001
v 89.60000000000001 25.599999999999987 -102.4
v 89.60000000000001 25.59999999999999 -89.60000000000001
v 108.80000000000001 38.400000000000006 -25.600000000000005
v 108.80000000000001 38.4 -38.40000000000001
v 108.80000000000001 25.599999999999998 -25.600000000000005
v 108.80000000000001 25.599999999999998 -38.400000000000006
v 102.4 12.79999999999999 -89.60000000000001
v 115.2 12.79999999999999 -89.60000000000001
v 102.4 25.59999999999999 -89.60000000000001
v 115.2 25.59999999999999 -89.60000000000001
v 102.4 -1.0972835320360286e-14 -89.60000000000001
v 115.2 -1.0972835320360286e-14 -89.60000000000001
v 102.4 12.79999999999999 -89.60000000000001
v 115.2 12.79999999999999 -89.60000000000001
v 102.4 25.59999999999999 -89.60000000000001
v 89.60000000000001 25.59999999999999 -89.60000000000001
v 102.4 12.79999999999999 -89.60000000000001
v 89.60000000000001 12.79999999999999 -89.60000000000001
v 115.2 115.19999999999999 -89.60000000000002
v 115.2 89.6 -89.60000000000002
v 115.2 115.19999999999999 -64.00000000000001
v 115.2 89.6 -64.00000000000001
v 89.60000000000001 115.19999999999999 -115.20000000000002
v 89.60000000000001 153.60000000000002 -115.20000000000002
v 64 115.19999999999999 -115.20000000000002
v 64 153.60000000000002 -115.20000000000002
v 108.80000000000001 38.400000000000006 -25.600000000000005
v 108.80000000000001 38.400000000000006 -12.800000000000006
v 108.80000000000001 64 -25.60000000000001
v 108.80000000000001 64 -12.800000000000008
v 108.80000000000001 25.599999999999998 -25.600000000000005
v 108.80000000000001 25.6 -12.800000000000004
v 108.80000000000001 38.400000000000006 -25.600000000000005
v 108.80000000000001 38.400000000000006 -12.800000000000006
v 108.80000000000001 12.799999999999995 -38.400000000000006
v 108.80000000000001 12.799999999999999 -12.800000000000002
v 108.80000000000001 25.599999999999998 -25.600000000000005
v 108.80000000000001 25.6 -12.800000000000004
v 115.2 25.59999999999999 -76.80000000000001
v 115.2 25.59999999999999 -89.60000000000001
v 115.2 12.799999999999992 -76.80000000000001
v 115.2 12.79999999999999 -89.60000000000001
v 115.2 25.59999999999999 -76.80000000000001
v 115.2 25.599999999999994 -64
v 115.2 38.4 -76.80000000000001
v 115.2 38.4 -64
v 115.2 38.4 -76.80000000000001
v 115.2 38.4 -64
v 115.2 63.99999999999999 -76.80000000000003
v 115.2 63.99999999999999 -64.00000000000001
v 115.2 63.99999999999999 -76.80000000000003
v 115.2 63.99999999999999 -64.00000000000001
v 115.2 89.6 -89.60000000000002
v 115.2 89.6 -64.00000000000001
v 89.60000000000001 38.39999999999999 -102.4
v 89.60000000000001 38.39999999999999 -89.60000000000001
v 89.60000000000001 63.999999999999986 -115.20000000000002
v 89.60000000000001 63.999999999999986 -89.60000000000002
v 89.60000000000001 38.39999999999999 -102.4
v 89.60000000000001 38.39999999999999 -115.2
v 89.60000000000001 25.599999999999987 -102.4
v 89.60000000000001 25.599999999999987 -115.2
v 89.60000000000001 25.599999999999987 -102.4
v 89.60000000000001 25.599999999999987 -115.2
v 89.60000000000001 12.799999999999988 -102.4
v 89.60000000000001 12.799999999999986 -115.2
v 89.60000000000001 -1.410793112617751e-14 -115.2
v 89.60000000000001 -1.0972835320360286e-14 -89.60000000000001
v 89.60000000000001 12.799999999999988 -102.4
v 89.60000000000001 12.79999999999999 -89.60000000000001
v 102.4 38.39999999999999 -89.60000000000001
v 115.2 38.39999999999999 -89.60000000000001
v 89.60000000000001 63.999999999999986 -89.60000000000002
v 115.2 63.999999999999986 -89.60000000000002
v 102.4 38.39999999999999 -89.60000000000001
v 89.60000000000001 38.39999999999999 -89.60000000000001
v 102.4 25.59999999999999 -89.60000000000001
v 89.60000000000001 25.59999999999999 -89.60000000000001
vt 0.5 0.375
vt 0.5 0.625
vt 0.6171875 0.625
vt 0.9921875 0.375
vt 0.9921875 0.625
vt 0.875 0.625
vt 0.75 0.125
vt 0.75 0.375
vt 0.625 0.375
vt 0.75 0.125
vt 0.75 0.375
vt 0.875 0.375
vt 0.875 0.375
vt 0.9921875 0.375
vt 0.75 0.125
vt 0.9921875 0.125
vt 0.625 0.875
vt 0.75 0.875
vt 0.625 0.9375
vt 0.75 0.9921875
vt 0.6171875 0.75
vt 0.7421875 0.75
vt 0.6171875 0.625
vt 0.7421875 0.625
vt 0.625 0.875
vt 0.5 0.875
vt 0.625 0.75
vt 0.5 0.75
vt 0.875 0.375
vt 0.75 0.375
vt 0.875 0.625
vt 0.75 0.625
vt 0.875 0.875
vt 0.9921875 0.875
vt 0.875 0.9921875
vt 0.9921875 0.9921875
vt 0.75 0.375
vt 0.75 0
vt 0.5 0.375
vt 0.5 0
vt 0.5 0.75
vt 0.5 0.375
vt 0.75 0.75
vt 0.75 0.375
vt 0.625 0.625
vt 0.75 0.625
vt 0.625 0.75
vt 0.75 0.75
vt 0.625 0.375
vt 0.75 0.375
vt 0.625 0.625
vt 0.75 0.625
vt 0.9921875 0.125
vt 0.9921875 0.375
vt 0.75 0.125
vt 0.75 0.375
vt 0.5 0.125
vt 0.5 0.375
vt 0.7421875 0.125
vt 0.7421875 0.375
vt 0.5 0.625
vt 0.5 0.875
vt 0.75 0.625
vt 0.75 0.875
vt 0.875 0.75
vt 0.75 0.75
vt 0.875 0.625
vt 0.75 0.625
vt 0.6171875 0.875
vt 0.7421875 0.875
vt 0.6171875 0.75
vt 0.7421875 0.75
vt 0.875 0.625
vt 0.75 0.625
vt 0.875 0.75
vt 0.75 0.75
vt 0.875 0.875
vt 0.75 0.875
vt 0.875 0.75
vt 0.75 0.75
vt 0.875 0.9921875
vt 0.75 0.9921875
vt 0.875 0.875
vt 0.75 0.875
vt 0.875 0.75
vt 0.9921875 0.75
vt 0.875 0.875
vt 0.9921875 0.875
vt 0.75 0.75
vt 0.75 0.9921875
vt 0.5 0.75
vt 0.5 0.9921875
vt 0.75 0.75
vt 0.75 0.375
vt 0.5 0.75
vt 0.5 0.375
vt 0.875 0.625
vt 0.9921875 0.625
vt 0.875 0.375
vt 0.9921875 0.375
vt 0.875 0.75
vt 0.9921875 0.75
vt 0.875 0.625
vt 0.9921875 0.625
vt 0.75 0.875
vt 0.9921875 0.875
vt 0.875 0.75
vt 0.9921875 0.75
vt 0.625 0.75
vt 0.75 0.75
vt 0.625 0.875
vt 0.75 0.875
vt 0.625 0.75
vt 0.5 0.75
vt 0.625 0.625
vt 0.5 0.625
vt 0.625 0.625
vt 0.5 0.625
vt 0.625 0.375
vt 0.5 0.375
vt 0.625 0.375
vt 0.5 0.375
vt 0.75 0.125
vt 0.5 0.125
vt 0.6171875 0.625
vt 0.7421875 0.625
vt 0.5 0.375
vt 0.7421875 0.375
vt 0.6171875 0.625
vt 0.5 0.625
vt 0.6171875 0.75
vt 0.5 0.75
vt 0.6171875 0.75
vt 0.5 0.75
vt 0.6171875 0.875
vt 0.5 0.875
vt 0.5 0.9921875
vt 0.7421875 0.9921875
vt 0.6171875 0.875
vt 0.7421875 0.875
vt 0.875 0.625
vt 0.75 0.625
vt 0.9921875 0.375
vt 0.75 0.375
vt 0.875 0.625
vt 0.9921875 0.625
vt 0.875 0.75
vt 0.9921875 0.75
vn 1 0 0
vn 1 0 0
vn 1 0 0
vn 0 -1.2246467991473532e-16 -1
vn 0 -1.2246467991473532e-16 -1
vn 0 -1.2246467991473532e-16 -1
vn 1 0 0
vn 1 0 0
vn 1 0 0
vn 1 0 0
vn 1 0 0
vn 1 0 0
vn 1 0 0
vn 1 0 0
vn 1 0 0
vn 1 0 0
vn 1 0 0
vn 1 0 0
vn 1 0 0
vn 1 0 0
vn 1 0 0
vn 1 0 0
vn 1 0 0
vn 1 0 0
vn 1 0 0
vn 1 0 0
vn 1 0 0
vn 1 0 0
vn 1 0 0
vn 1 0 0
vn 1 0 0
vn 1 0 0
vn 0 -1.2246467991473532e-16 -1
vn 0 -1.2246467991473532e-16 -1
vn 0 -1.2246467991473532e-16 -1
vn 0 -1.2246467991473532e-16 -1
vn 0 -1.2246467991473532e-16 -1
vn 0 -1.2246467991473532e-16 -1
vn 0 -1.2246467991473532e-16 -1
vn 0 -1.2246467991473532e-16 -1
vn 1 0 0
vn 1 0 0
vn 1 0 0
vn 1 0 0
vn 1 0 0
vn 1 0 0
vn 1 0 0
vn 1 0 0
vn 1 0 0
vn 1 0 0
vn 1 0 0
vn 1 0 0
vn 0 -1.2246467991473532e-16 -1
vn 0 -1.2246467991473532e-16 -1
vn 0 -1.2246467991473532e-16 -1
vn 0 -1.2246467991473532e-16 -1
vn 1 0 0
vn 1 0 0
vn 1 0 0
vn 1 0 0
vn 0 -1.2246467991473532e-16 -1
vn 0 -1.2246467991473532e-16 -1
vn 0 -1.2246467991473532e-16 -1
vn 0 -1.2246467991473532e-16 -1
vn 0 -1.2246467991473532e-16 -1
vn 0 -1.2246467991473532e-16 -1
vn 0 -1.2246467991473532e-16 -1
vn 0 -1.2246467991473532e-16 -1
vn 1 0 0
vn 1 0 0
vn 1 0 0
vn 1 0 0
vn 1 0 0
vn 1 0 0
vn 1 0 0
vn 1 0 0
vn 0 -1.2246467991473532e-16 -1
vn 0 -1.2246467991473532e-16 -1
vn 0 -1.2246467991473532e-16 -1
vn 0 -1.2246467991473532e-16 -1
vn 0 -1.2246467991473532e-16 -1
vn 0 -1.2246467991473532e-16 -1
vn 0 -1.2246467991473532e-16 -1
vn 0 -1.2246467991473532e-16 -1
vn 0 -1.2246467991473532e-16 -1
vn 0 -1.2246467991473532e-16 -1
vn 0 -1.2246467991473532e-16 -1
vn 0 -1.2246467991473532e-16 -1
vn 1 0 0
vn 1 0 0
vn 1 0 0
vn 1 0 0
vn 0 -1.2246467991473532e-16 -1
vn 0 -1.2246467991473532e-16 -1
vn 0 -1.2246467991473532e-16 -1
vn 0 -1.2246467991473532e-16 -1
vn 1 0 0
vn 1 0 0
vn 1 0 0
vn 1 0 0
vn 1 0 0
vn 1 0 0
vn 1 0 0
vn 1 0 0
vn 1 0 0
vn 1 0 0
vn 1 0 0
vn 1 0 0
vn 1 0 0
vn 1 0 0
vn 1 0 0
vn 1 0 0
vn 1 0 0
vn 1 0 0
vn 1 0 0
vn 1 0 0
vn 1 0 0
vn 1 0 0
vn 1 0 0
vn 1 0 0
vn 1 0 0
vn 1 0 0
vn 1 0 0
vn 1 0 0
vn 1 0 0
vn 1 0 0
vn 1 0 0
vn 1 0 0
vn 1 0 0
vn 1 0 0
vn 1 0 0
vn 1 0 0
vn 1 0 0
vn 1 0 0
vn 1 0 0
vn 1 0 0
vn 1 0 0
vn 1 0 0
vn 1 0 0
vn 1 0 0
vn 0 -1.2246467991473532e-16 -1
vn 0 -1.2246467991473532e-16 -1
vn 0 -1.2246467991473532e-16 -1
vn 0 -1.2246467991473532e-16 -1
vn 0 -1.2246467991473532e-16 -1
vn 0 -1.2246467991473532e-16 -1
vn 0 -1.2246467991473532e-16 -1
vn 0 -1.2246467991473532e-16 -1
f 1751/1751/1751 1750/1750/1750 1749/1749/1749
f 1754/1754/1754 1753/1753/1753 1752/1752/1752
f 1757/1757/1757 1756/1756/1756 1755/1755/1755
f 1760/1760/1760 1759/1759/1759 1758/1758/1758
f 1763/1763/1763 1762/1762/1762 1761/1761/1761
f 1762/1762/1762 1763/1763/1763 1764/1764/1764
f 1767/1767/1767 1766/1766/1766 1765/1765/1765
f 1766/1766/1766 1767/1767/1767 1768/1768/1768
f 1771/1771/1771 1770/1770/1770 1769/1769/1769
f 1770/1770/1770 1771/1771/1771 1772/1772/1772
f 1775/1775/1775 1774/1774/1774 1773/1773/1773
f 1774/1774/1774 1775/1775/1775 1776/1776/1776
f 1779/1779/1779 1778/1778/1778 1777/1777/1777
f 1778/1778/1778 1779/1779/1779 1780/1780/1780
f 1783/1783/1783 1782/1782/1782 1781/1781/1781
f 1782/1782/1782 1783/1783/1783 1784/1784/1784
f 1787/1787/1787 1786/1786/1786 1785/1785/1785
f 1786/1786/1786 1787/1787/1787 1788/1788/1788
f 1791/1791/1791 1790/1790/1790 1789/1789/1789
f 1790/1790/1790 1791/1791/1791 1792/1792/1792
f 1795/1795/1795 1794/1794/1794 1793/1793/1793
f 1794/1794/1794 1795/1795/1795 1796/1796/1796
f 1799/1799/1799 1798/1798/1798 1797/1797/1797
f 1798/1798/1798 1799/1799/1799 1800/1800/1800
f 1803/1803/1803 1802/1802/1802 1801/1801/1801
f 1802/1802/1802 1803/1803/1803 1804/1804/1804
f 1807/1807/1807 1806/1806/1806 1805/1805/1805
f 1806/1806/1806 1807/1807/1807 1808/1808/1808
f 1811/1811/1811 1810/1810/1810 1809/1809/1809
f 1810/1810/1810 1811/1811/1811 1812/1812/1812
f 1815/1815/1815 1814/1814/1814 1813/1813/1813
f 1814/1814/1814 1815/1815/1815 1816/1816/1816
f 1819/1819/1819 1818/1818/1818 1817/1817/1817
f 1818/1818/1818 1819/1819/1819 1820/1820/1820
f 1823/1823/1823 1822/1822/1822 1821/1821/1821
f 1822/1822/1822 1823/1823/1823 1824/1824/1824
f 1827/1827/1827 1826/1826/1826 1825/1825/1825
f 1826/1826/1826 1827/1827/1827 1828/1828/1828
f 1831/1831/1831 1830/1830/1830 1829/1829/1829
f 1830/1830/1830 1831/1831/1831 1832/1832/1832
f 1835/1835/1835 1834/1834/1834 1833/1833/1833
f 1834/1834/1834 1835/1835/1835 1836/1836/1836
f 1839/1839/1839 1838/1838/1838 1837/1837/1837
f 1838/1838/1838 1839/1839/1839 1840/1840/1840
f 1843/1843/1843 1842/1842/1842 1841/1841/1841
f 1842/1842/1842 1843/1843/1843 1844/1844/1844
f 1847/1847/1847 1846/1846/1846 1845/1845/1845
f 1846/1846/1846 1847/1847/1847 1848/1848/1848
f 1851/1851/1851 1850/1850/1850 1849/1849/1849
f 1850/1850/1850 1851/1851/1851 1852/1852/1852
f 1855/1855/1855 1854/1854/1854 1853/1853/1853
f 1854/1854/1854 1855/1855/1855 1856/1856/1856
f 1859/1859/1859 1858/1858/1858 1857/1857/1857
f 1858/1858/1858 1859/1859/1859 1860/1860/1860
f 1863/1863/1863 1862/1862/1862 1861/1861/1861
f 1862/1862/1862 1863/1863/1863 1864/1864/1864
f 1867/1867/1867 1866/1866/1866 1865/1865/1865
f 1866/1866/1866 1867/1867/1867 1868/1868/1868
f 1871/1871/1871 1870/1870/1870 1869/1869/1869
f 1870/1870/1870 1871/1871/1871 1872/1872/1872
f 1875/1875/1875 1874/1874/1874 1873/1873/1873
f 1874/1874/1874 1875/1875/1875 1876/1876/1876
f 1879/1879/1879 1878/1878/1878 1877/1877/1877
f 1878/1878/1878 1879/1879/1879 1880/1880/1880
f 1883/1883/1883 1882/1882/1882 1881/1881/1881
f 1882/1882/1882 1883/1883/1883 1884/1884/1884
f 1887/1887/1887 1886/1886/1886 1885/1885/1885
f 1886/1886/1886 1887/1887/1887 1888/1888/1888
f 1891/1891/1891 1890/1890/1890 1889/1889/1889
f 1890/1890/1890 1891/1891/1891 1892/1892/1892
f 1895/1895/1895 1894/1894/1894 1893/1893/1893
f 1894/1894/1894 1895/1895/1895 1896/1896/1896
o mesh_50
usemtl mat3
v 76.80000000000001 38.39999999999999 -115.2
v 89.60000000000001 38.39999999999999 -115.2
v 89.60000000000001 63.999999999999986 -115.20000000000002
v 25.6 38.39999999999999 -115.2
v 38.400000000000006 38.39999999999999 -115.2
v 38.400000000000006 63.999999999999986 -115.20000000000002
v 51.2 38.39999999999999 -115.2
v 64 38.39999999999999 -115.2
v 64 63.999999999999986 -115.20000000000002
v 51.2 12.799999999999986 -115.2
v 64 12.799999999999986 -115.2
v 51.2 25.599999999999987 -115.2
v 64 25.599999999999987 -115.2
v 38.400000000000006 63.999999999999986 -115.20000000000002
v 64 63.999999999999986 -115.20000000000002
v 38.400000000000006 89.6 -115.20000000000002
v 64 89.6 -115.20000000000002
v 25.6 12.799999999999986 -115.2
v 38.400000000000006 12.799999999999986 -115.2
v 25.6 25.599999999999987 -115.2
v 38.400000000000006 25.599999999999987 -115.2
v 25.6 38.39999999999999 -115.2
v 12.8 38.39999999999999 -115.2
v 25.6 25.599999999999987 -115.2
v 12.8 25.599999999999987 -115.2
v 115.2 38.4 -64
v 115.2 25.599999999999994 -64
v 108.80000000000001 38.4 -64
v 108.80000000000001 25.599999999999994 -64
v 51.2 38.39999999999999 -115.2
v 38.400000000000006 38.39999999999999 -115.2
v 51.2 25.599999999999987 -115.2
v 38.400000000000006 25.599999999999987 -115.2
v 76.80000000000001 38.39999999999999 -115.2
v 64 38.39999999999999 -115.2
v 76.80000000000001 25.599999999999987 -115.2
v 64 25.599999999999987 -115.2
v 108.80000000000001 63.99999999999999 -64.00000000000001
v 115.2 63.99999999999999 -64.00000000000001
v 108.80000000000001 38.4 -64
v 115.2 38.4 -64
v 38.400000000000006 89.6 -115.20000000000002
v 12.8 89.6 -115.20000000000002
v 38.400000000000006 63.999999999999986 -115.20000000000002
v 12.8 63.999999999999986 -115.20000000000002
v 64 89.6 -115.20000000000002
v 64 63.999999999999986 -115.20000000000002
v 89.60000000000001 89.6 -115.20000000000002
v 89.60000000000001 63.999999999999986 -115.20000000000002
v 108.80000000000001 89.6 -64.00000000000001
v 115.2 89.6 -64.00000000000001
v 108.80000000000001 63.99999999999999 -64.00000000000001
v 115.2 63.99999999999999 -64.00000000000001
v 76.80000000000001 12.799999999999986 -115.2
v 64 12.799999999999986 -115.2
v 89.60000000000001 -1.410793112617751e-14 -115.2
v 64 -1.410793112617751e-14 -115.2
v 115.2 25.599999999999994 -64
v 115.2 12.799999999999994 -64
v 108.80000000000001 25.599999999999994 -64
v 108.80000000000001 12.799999999999994 -64
v 76.80000000000001 12.799999999999986 -115.2
v 89.60000000000001 12.799999999999986 -115.2
v 76.80000000000001 25.599999999999987 -115.2
v 89.60000000000001 25.599999999999987 -115.2
v 51.2 12.799999999999986 -115.2
v 38.400000000000006 12.799999999999986 -115.2
v 64 -1.410793112617751e-14 -115.2
v 38.400000000000006 -1.410793112617751e-14 -115.2
v 25.6 12.799999999999986 -115.2
v 12.8 12.799999999999986 -115.2
v 38.400000000000006 -1.410793112617751e-14 -115.2
v 12.8 -1.410793112617751e-14 -115.2
v 76.80000000000001 25.599999999999987 -115.2
v 64 25.599999999999987 -115.2
v 76.80000000000001 12.799999999999986 -115.2
v 64 12.799999999999986 -115.2
v 76.80000000000001 25.599999999999987 -115.2
v 89.60000000000001 25.599999999999987 -115.2
v 76.80000000000001 38.39999999999999 -115.2
v 89.60000000000001 38.39999999999999 -115.2
v 89.60000000000001 63.999999999999986 -115.20000000000002
v 64 63.999999999999986 -115.20000000000002
v 76.80000000000001 38.39999999999999 -115.2
v 64 38.39999999999999 -115.2
v 64 63.999999999999986 -115.20000000000002
v 38.400000000000006 63.999999999999986 -115.20000000000002
v 51.2 38.39999999999999 -115.2
v 38.400000000000006 38.39999999999999 -115.2
v 51.2 25.599999999999987 -115.2
v 64 25.599999999999987 -115.2
v 51.2 38.39999999999999 -115.2
v 64 38.39999999999999 -115.2
v 51.2 25.599999999999987 -115.2
v 38.400000000000006 25.599999999999987 -115.2
v 51.2 12.799999999999986 -115.2
v 38.400000000000006 12.799999999999986 -115.2
v 38.400000000000006 63.999999999999986 -115.20000000000002
v 12.8 63.999999999999986 -115.20000000000002
v 25.6 38.39999999999999 -115.2
v 12.8 38.39999999999999 -115.2
v 25.6 25.599999999999987 -115.2
v 38.400000000000006 25.599999999999987 -115.2
v 25.6 38.39999999999999 -115.2
v 38.400000000000006 38.39999999999999 -115.2
v 25.6 25.599999999999987 -115.2
v 12.8 25.599999999999987 -115.2
v 25.6 12.799999999999986 -115.2
v 12.8 12.799999999999986 -115.2
vt 0.375 0.625
vt 0.25 0.625
vt 0.25 0.375
vt 0.375 0.625
vt 0.25 0.625
vt 0.25 0.375
vt 0.125 0.625
vt 0 0.625
vt 0 0.375
vt 0.125 0.875
vt 0 0.875
vt 0.125 0.75
vt 0 0.75
vt 0.25 0.375
vt 0 0.375
vt 0.25 0.125
vt 0 0.125
vt 0.375 0.875
vt 0.25 0.875
vt 0.375 0.75
vt 0.25 0.75
vt 0.375 0.625
vt 0.4921875 0.625
vt 0.375 0.75
vt 0.4921875 0.75
vt 0 0.625
vt 0 0.75
vt 0.0625 0.625
vt 0.0625 0.75
vt 0.125 0.625
vt 0.25 0.625
vt 0.125 0.75
vt 0.25 0.75
vt 0.375 0.625
vt 0.4921875 0.625
vt 0.375 0.75
vt 0.4921875 0.75
vt 0.0625 0.375
vt 0 0.375
vt 0.0625 0.625
vt 0 0.625
vt 0.25 0.125
vt 0.4921875 0.125
vt 0.25 0.375
vt 0.4921875 0.375
vt 0.4921875 0.125
vt 0.4921875 0.375
vt 0.25 0.125
vt 0.25 0.375
vt 0.0625 0.125
vt 0 0.125
vt 0.0625 0.375
vt 0 0.375
vt 0.375 0.875
vt 0.4921875 0.875
vt 0.25 0.9921875
vt 0.4921875 0.9921875
vt 0 0.75
vt 0 0.875
vt 0.0625 0.75
vt 0.0625 0.875
vt 0.375 0.875
vt 0.25 0.875
vt 0.375 0.75
vt 0.25 0.75
vt 0.125 0.875
vt 0.25 0.875
vt 0 0.9921875
vt 0.25 0.9921875
vt 0.375 0.875
vt 0.4921875 0.875
vt 0.25 0.9921875
vt 0.4921875 0.9921875
vt 0.375 0.75
vt 0.4921875 0.75
vt 0.375 0.875
vt 0.4921875 0.875
vt 0.375 0.75
vt 0.25 0.75
vt 0.375 0.625
vt 0.25 0.625
vt 0.25 0.375
vt 0.4921875 0.375
vt 0.375 0.625
vt 0.4921875 0.625
vt 0 0.375
vt 0.25 0.375
vt 0.125 0.625
vt 0.25 0.625
vt 0.125 0.75
vt 0 0.75
vt 0.125 0.625
vt 0 0.625
vt 0.125 0.75
vt 0.25 0.75
vt 0.125 0.875
vt 0.25 0.875
vt 0.25 0.375
vt 0.4921875 0.375
vt 0.375 0.625
vt 0.4921875 0.625
vt 0.375 0.75
vt 0.25 0.75
vt 0.375 0.625
vt 0.25 0.625
vt 0.375 0.75
vt 0.4921875 0.75
vt 0.375 0.875
vt 0.4921875 0.875
vn 0 -1.2246467991473532e-16 -1
vn 0 -1.2246467991473532e-16 -1
vn 0 -1.2246467991473532e-16 -1
vn 0 -1.2246467991473532e-16 -1
vn 0 -1.2246467991473532e-16 -1
vn 0 -1.2246467991473532e-16 -1
vn 0 -1.2246467991473532e-16 -1
vn 0 -1.2246467991473532e-16 -1
vn 0 -1.2246467991473532e-16 -1
vn 0 -1.2246467991473532e-16 -1
vn 0 -1.2246467991473532e-16 -1
vn 0 -1.2246467991473532e-16 -1
vn 0 -1.2246467991473532e-16 -1
vn 0 -1.2246467991473532e-16 -1
vn 0 -1.2246467991473532e-16 -1
vn 0 -1.2246467991473532e-16 -1
vn 0 -1.2246467991473532e-16 -1
vn 0 -1.2246467991473532e-16 -1
vn 0 -1.2246467991473532e-16 -1
vn 0 -1.2246467991473532e-16 -1
vn 0 -1.2246467991473532e-16 -1
vn 0 -1.2246467991473532e-16 -1
vn 0 -1.2246467991473532e-16 -1
vn 0 -1.2246467991473532e-16 -1
vn 0 -1.2246467991473532e-16 -1
vn 0 1.2246467991473532e-16 1
vn 0 1.2246467991473532e-16 1
vn 0 1.2246467991473532e-16 1
vn 0 1.2246467991473532e-16 1
vn 0 -1.2246467991473532e-16 -1
vn 0 -1.2246467991473532e-16 -1
vn 0 -1.2246467991473532e-16 -1
vn 0 -1.2246467991473532e-16 -1
vn 0 -1.2246467991473532e-16 -1
vn 0 -1.2246467991473532e-16 -1
vn 0 -1.2246467991473532e-16 -1
vn 0 -1.2246467991473532e-16 -1
vn 0 1.2246467991473532e-16 1
vn 0 1.2246467991473532e-16 1
vn 0 1.2246467991473532e-16 1
vn 0 1.2246467991473532e-16 1
vn 0 -1.2246467991473532e-16 -1
vn 0 -1.2246467991473532e-16 -1
vn 0 -1.2246467991473532e-16 -1
vn 0 -1.2246467991473532e-16 -1
vn 0 -1.2246467991473532e-16 -1
vn 0 -1.2246467991473532e-16 -1
vn 0 -1.2246467991473532e-16 -1
vn 0 -1.2246467991473532e-16 -1
vn 0 1.2246467991473532e-16 1
vn 0 1.2246467991473532e-16 1
vn 0 1.2246467991473532e-16 1
vn 0 1.2246467991473532e-16 1
vn 0 -1.2246467991473532e-16 -1
vn 0 -1.2246467991473532e-16 -1
vn 0 -1.2246467991473532e-16 -1
vn 0 -1.2246467991473532e-16 -1
vn 0 1.2246467991473532e-16 1
vn 0 1.2246467991473532e-16 1
vn 0 1.2246467991473532e-16 1
vn 0 1.2246467991473532e-16 1
vn 0 -1.2246467991473532e-16 -1
vn 0 -1.2246467991473532e-16 -1
vn 0 -1.2246467991473532e-16 -1
vn 0 -1.2246467991473532e-16 -1
vn 0 -1.2246467991473532e-16 -1
vn 0 -1.2246467991473532e-16 -1
vn 0 -1.2246467991473532e-16 -1
vn 0 -1.2246467991473532e-16 -1
vn 0 -1.2246467991473532e-16 -1
vn 0 -1.2246467991473532e-16 -1
vn 0 -1.2246467991473532e-16 -1
vn 0 -1.2246467991473532e-16 -1
vn 0 -1.2246467991473532e-16 -1
vn 0 -1.2246467991473532e-16 -1
vn 0 -1.2246467991473532e-16 -1
vn 0 -1.2246467991473532e-16 -1
vn 0 -1.2246467991473532e-16 -1
vn 0 -1.2246467991473532e-16 -1
vn 0 -1.2246467991473532e-16 -1
vn 0 -1.2246467991473532e-16 -1
vn 0 -1.2246467991473532e-16 -1
vn 0 -1.2246467991473532e-16 -1
vn 0 -1.2246467991473532e-16 -1
vn 0 -1.2246467991473532e-16 -1
vn 0 -1.2246467991473532e-16 -1
vn 0 -1.2246467991473532e-16 -1
vn 0 -1.2246467991473532e-16 -1
vn 0 -1.2246467991473532e-16 -1
vn 0 -1.2246467991473532e-16 -1
vn 0 -1.2246467991473532e-16 -1
vn 0 -1.2246467991473532e-16 -1
vn 0 -1.2246467991473532e-16 -1
vn 0 -1.2246467991473532e-16 -1
vn 0 -1.2246467991473532e-16 -1
vn 0 -1.2246467991473532e-16 -1
vn 0 -1.2246467991473532e-16 -1
vn 0 -1.2246467991473532e-16 -1
vn 0 -1.2246467991473532e-16 -1
vn 0 -1.2246467991473532e-16 -1
vn 0 -1.2246467991473532e-16 -1
vn 0 -1.2246467991473532e-16 -1
vn 0 -1.2246467991473532e-16 -1
vn 0 -1.2246467991473532e-16 -1
vn 0 -1.2246467991473532e-16 -1
vn 0 -1.2246467991473532e-16 -1
vn 0 -1.2246467991473532e-16 -1
vn 0 -1.2246467991473532e-16 -1
vn 0 -1.2246467991473532e-16 -1
f 1899/1899/1899 1898/1898/1898 1897/1897/1897
f 1902/1902/1902 1901/1901/1901 1900/1900/1900
f 1905/1905/1905 1904/1904/1904 1903/1903/1903
f 1908/1908/1908 1907/1907/1907 1906/1906/1906
f 1907/1907/1907 1908/1908/1908 1909/1909/1909
f 1912/1912/1912 1911/1911/1911 1910/1910/1910
f 1911/1911/1911 1912/1912/1912 1913/1913/1913
f 1916/1916/1916 1915/1915/1915 1914/1914/1914
f 1915/1915/1915 1916/1916/1916 1917/1917/1917
f 1920/1920/1920 1919/1919/1919 1918/1918/1918
f 1919/1919/1919 1920/1920/1920 1921/1921/1921
f 1924/1924/1924 1923/1923/1923 1922/1922/1922
f 1923/1923/1923 1924/1924/1924 1925/1925/1925
f 1928/1928/1928 1927/1927/1927 1926/1926/1926
f 1927/1927/1927 1928/1928/1928 1929/1929/1929
f 1932/1932/1932 1931/1931/1931 1930/1930/1930
f 1931/1931/1931 1932/1932/1932 1933/1933/1933
f 1936/1936/1936 1935/1935/1935 1934/1934/1934
f 1935/1935/1935 1936/1936/1936 1937/1937/1937
f 1940/1940/1940 1939/1939/1939 1938/1938/1938
f 1939/1939/1939 1940/1940/1940 1941/1941/1941
f 1944/1944/1944 1943/1943/1943 1942/1942/1942
f 1943/1943/1943 1944/1944/1944 1945/1945/1945
f 1948/1948/1948 1947/1947/1947 1946/1946/1946
f 1947/1947/1947 1948/1948/1948 1949/1949/1949
f 1952/1952/1952 1951/1951/1951 1950/1950/1950
f 1951/1951/1951 1952/1952/1952 1953/1953/1953
f 1956/1956/1956 1955/1955/1955 1954/1954/1954
f 1955/1955/1955 1956/1956/1956 1957/1957/1957
f 1960/1960/1960 1959/1959/1959 1958/1958/1958
f 1959/1959/1959 1960/1960/1960 1961/1961/1961
f 1964/1964/1964 1963/1963/1963 1962/1962/1962
f 1963/1963/1963 1964/1964/1964 1965/1965/1965
f 1968/1968/1968 1967/1967/1967 1966/1966/1966
f 1967/1967/1967 1968/1968/1968 1969/1969/1969
f 1972/1972/1972 1971/1971/1971 1970/1970/1970
f 1971/1971/1971 1972/1972/1972 1973/1973/1973
f 1976/1976/1976 1975/1975/1975 1974/1974/1974
f 1975/1975/1975 1976/1976/1976 1977/1977/1977
f 1980/1980/1980 1979/1979/1979 1978/1978/1978
f 1979/1979/1979 1980/1980/1980 1981/1981/1981
f 1984/1984/1984 1983/1983/1983 1982/1982/1982
f 1983/1983/1983 1984/1984/1984 1985/1985/1985
f 1988/1988/1988 1987/1987/1987 1986/1986/1986
f 1987/1987/1987 1988/1988/1988 1989/1989/1989
f 1992/1992/1992 1991/1991/1991 1990/1990/1990
f 1991/1991/1991 1992/1992/1992 1993/1993/1993
f 1996/1996/1996 1995/1995/1995 1994/1994/1994
f 1995/1995/1995 1996/1996/1996 1997/1997/1997
f 2000/2000/2000 1999/1999/1999 1998/1998/1998
f 1999/1999/1999 2000/2000/2000 2001/2001/2001
f 2004/2004/2004 2003/2003/2003 2002/2002/2002
f 2003/2003/2003 2004/2004/2004 2005/2005/2005
o mesh_51
usemtl mat16
v 172.8 64 -25.60000000000001
v 172.8 63.99999999999999 -38.40000000000001
v 172.8 89.60000000000001 -38.40000000000002
v 217.60000000000002 63.999999999999986 -115.20000000000002
v 217.60000000000002 38.39999999999999 -115.2
v 230.4 38.39999999999999 -115.2
v 243.20000000000002 63.999999999999986 -115.20000000000002
v 243.20000000000002 38.39999999999999 -115.2
v 256 38.39999999999999 -115.2
v 172.8 25.599999999999998 -25.600000000000005
v 172.8 25.6 -12.800000000000004
v 172.8 12.799999999999995 -38.400000000000006
v 172.8 12.799999999999999 -12.800000000000002
v 230.4 12.799999999999986 -115.2
v 243.20000000000002 12.799999999999986 -115.2
v 230.4 25.599999999999987 -115.2
v 243.20000000000002 25.599999999999987 -115.2
v 256 12.799999999999986 -115.2
v 268.8 12.799999999999986 -115.2
v 256 25.599999999999987 -115.2
v 268.8 25.599999999999987 -115.2
v 217.60000000000002 153.60000000000002 -115.20000000000002
v 217.60000000000002 204.8 -115.20000000000003
v 192 153.60000000000002 -115.20000000000002
v 192 204.8 -115.20000000000003
v 256 38.39999999999999 -115.2
v 243.20000000000002 38.39999999999999 -115.2
v 256 25.599999999999987 -115.2
v 243.20000000000002 25.599999999999987 -115.2
v 230.4 38.39999999999999 -115.2
v 217.60000000000002 38.39999999999999 -115.2
v 230.4 25.599999999999987 -115.2
v 217.60000000000002 25.599999999999987 -115.2
v 172.8 38.400000000000006 -25.600000000000005
v 172.8 38.4 -38.40000000000001
v 172.8 64 -25.60000000000001
v 172.8 63.99999999999999 -38.40000000000001
v 268.8 89.6 -115.20000000000002
v 243.20000000000002 89.6 -115.20000000000002
v 268.8 63.999999999999986 -115.20000000000002
v 243.20000000000002 63.999999999999986 -115.20000000000002
v 217.60000000000002 89.6 -115.20000000000002
v 217.60000000000002 63.999999999999986 -115.20000000000002
v 243.20000000000002 89.6 -115.20000000000002
v 243.20000000000002 63.999999999999986 -115.20000000000002
v 192 115.19999999999999 -115.20000000000002
v 192 89.6 -115.20000000000002
v 217.60000000000002 115.19999999999999 -115.20000000000002
v 217.60000000000002 89.6 -115.20000000000002
v 172.8 38.400000000000006 -25.600000000000005
v 172.8 38.400000000000006 -12.800000000000006
v 172.8 25.599999999999998 -25.600000000000005
v 172.8 25.6 -12.800000000000004
v 217.60000000000002 115.19999999999999 -115.20000000000002
v 217.60000000000002 153.60000000000002 -115.20000000000002
v 192 115.19999999999999 -115.20000000000002
v 192 153.60000000000002 -115.20000000000002
v 172.8 64 -25.60000000000001
v 172.8 64 -12.800000000000008
v 172.8 38.400000000000006 -25.600000000000005
v 172.8 38.400000000000006 -12.800000000000006
v 172.8 25.599999999999998 -25.600000000000005
v 172.8 25.599999999999998 -38.400000000000006
v 172.8 38.400000000000006 -25.600000000000005
v 172.8 38.4 -38.40000000000001
v 172.8 89.60000000000001 -38.40000000000002
v 172.8 89.60000000000001 -12.800000000000011
v 172.8 64 -25.60000000000001
v 172.8 64 -12.800000000000008
v 256 38.39999999999999 -115.2
v 268.8 38.39999999999999 -115.2
v 243.20000000000002 63.999999999999986 -115.20000000000002
v 268.8 63.999999999999986 -115.20000000000002
v 256 25.599999999999987 -115.2
v 268.8 25.599999999999987 -115.2
v 256 38.39999999999999 -115.2
v 268.8 38.39999999999999 -115.2
v 256 25.599999999999987 -115.2
v 243.20000000000002 25.599999999999987 -115.2
v 256 12.799999999999986 -115.2
v 243.20000000000002 12.799999999999986 -115.2
v 230.4 38.39999999999999 -115.2
v 243.20000000000002 38.39999999999999 -115.2
v 217.60000000000002 63.999999999999986 -115.20000000000002
v 243.20000000000002 63.999999999999986 -115.20000000000002
v 230.4 25.599999999999987 -115.2
v 243.20000000000002 25.599999999999987 -115.2
v 230.4 38.39999999999999 -115.2
v 243.20000000000002 38.39999999999999 -115.2
v 230.4 25.599999999999987 -115.2
v 217.60000000000002 25.599999999999987 -115.2
v 230.4 12.799999999999986 -115.2
v 217.60000000000002 12.799999999999986 -115.2
v 243.20000000000002 -1.410793112617751e-14 -115.2
v 268.8 -1.410793112617751e-14 -115.2
v 256 12.799999999999986 -115.2
v 268.8 12.799999999999986 -115.2
v 217.60000000000002 -1.410793112617751e-14 -115.2
v 243.20000000000002 -1.410793112617751e-14 -115.2
v 230.4 12.799999999999986 -115.2
v 243.20000000000002 12.799999999999986 -115.2
vt 0.875 0.375
vt 0.75 0.375
vt 0.75 0.125
vt 0.5 0.375
vt 0.5 0.625
vt 0.625 0.625
vt 0.75 0.375
vt 0.75 0.625
vt 0.875 0.625
vt 0.875 0.75
vt 0.9921875 0.75
vt 0.75 0.8671875
vt 0.9921875 0.8671875
vt 0.625 0.875
vt 0.75 0.875
vt 0.625 0.75
vt 0.75 0.75
vt 0.875 0.875
vt 0.9921875 0.875
vt 0.875 0.75
vt 0.9921875 0.75
vt 0.7421875 0.4375
vt 0.7421875 0
vt 0.5 0.4375
vt 0.5 0
vt 0.875 0.625
vt 0.75 0.625
vt 0.875 0.75
vt 0.75 0.75
vt 0.625 0.625
vt 0.5 0.625
vt 0.625 0.75
vt 0.5 0.75
vt 0.875 0.625
vt 0.75 0.625
vt 0.875 0.375
vt 0.75 0.375
vt 0.9921875 0.125
vt 0.75 0.125
vt 0.9921875 0.375
vt 0.75 0.375
vt 0.5 0.125
vt 0.5 0.375
vt 0.75 0.125
vt 0.75 0.375
vt 0.5 0.625
vt 0.5 0.8671875
vt 0.7421875 0.625
vt 0.7421875 0.8671875
vt 0.875 0.625
vt 0.9921875 0.625
vt 0.875 0.75
vt 0.9921875 0.75
vt 0.7421875 0.75
vt 0.7421875 0.4375
vt 0.5 0.75
vt 0.5 0.4375
vt 0.875 0.375
vt 0.9921875 0.375
vt 0.875 0.625
vt 0.9921875 0.625
vt 0.875 0.75
vt 0.75 0.75
vt 0.875 0.625
vt 0.75 0.625
vt 0.75 0.125
vt 0.9921875 0.125
vt 0.875 0.375
vt 0.9921875 0.375
vt 0.875 0.625
vt 0.9921875 0.625
vt 0.75 0.375
vt 0.9921875 0.375
vt 0.875 0.75
vt 0.9921875 0.75
vt 0.875 0.625
vt 0.9921875 0.625
vt 0.875 0.75
vt 0.75 0.75
vt 0.875 0.875
vt 0.75 0.875
vt 0.625 0.625
vt 0.75 0.625
vt 0.5 0.375
vt 0.75 0.375
vt 0.625 0.75
vt 0.75 0.75
vt 0.625 0.625
vt 0.75 0.625
vt 0.625 0.75
vt 0.5 0.75
vt 0.625 0.875
vt 0.5 0.875
vt 0.75 0.9921875
vt 0.9921875 0.9921875
vt 0.875 0.875
vt 0.9921875 0.875
vt 0.5 0.9921875
vt 0.75 0.9921875
vt 0.625 0.875
vt 0.75 0.875
vn -1 0 0
vn -1 0 0
vn -1 0 0
vn 0 -1.2246467991473532e-16 -1
vn 0 -1.2246467991473532e-16 -1
vn 0 -1.2246467991473532e-16 -1
vn 0 -1.2246467991473532e-16 -1
vn 0 -1.2246467991473532e-16 -1
vn 0 -1.2246467991473532e-16 -1
vn -1 0 0
vn -1 0 0
vn -1 0 0
vn -1 0 0
vn 0 -1.2246467991473532e-16 -1
vn 0 -1.2246467991473532e-16 -1
vn 0 -1.2246467991473532e-16 -1
vn 0 -1.2246467991473532e-16 -1
vn 0 -1.2246467991473532e-16 -1
vn 0 -1.2246467991473532e-16 -1
vn 0 -1.2246467991473532e-16 -1
vn 0 -1.2246467991473532e-16 -1
vn 0 -1.2246467991473532e-16 -1
vn 0 -1.2246467991473532e-16 -1
vn 0 -1.2246467991473532e-16 -1
vn 0 -1.2246467991473532e-16 -1
vn 0 -1.2246467991473532e-16 -1
vn 0 -1.2246467991473532e-16 -1
vn 0 -1.2246467991473532e-16 -1
vn 0 -1.2246467991473532e-16 -1
vn 0 -1.2246467991473532e-16 -1
vn 0 -1.2246467991473532e-16 -1
vn 0 -1.2246467991473532e-16 -1
vn 0 -1.2246467991473532e-16 -1
vn -1 0 0
vn -1 0 0
vn -1 0 0
vn -1 0 0
vn 0 -1.2246467991473532e-16 -1
vn 0 -1.2246467991473532e-16 -1
vn 0 -1.2246467991473532e-16 -1
vn 0 -1.2246467991473532e-16 -1
vn 0 -1.2246467991473532e-16 -1
vn 0 -1.2246467991473532e-16 -1
vn 0 -1.2246467991473532e-16 -1
vn 0 -1.2246467991473532e-16 -1
vn 0 -1.2246467991473532e-16 -1
vn 0 -1.2246467991473532e-16 -1
vn 0 -1.2246467991473532e-16 -1
vn 0 -1.2246467991473532e-16 -1
vn -1 0 0
vn -1 0 0
vn -1 0 0
vn -1 0 0
vn 0 -1.2246467991473532e-16 -1
vn 0 -1.2246467991473532e-16 -1
vn 0 -1.2246467991473532e-16 -1
vn 0 -1.2246467991473532e-16 -1
vn -1 0 0
vn -1 0 0
vn -1 0 0
vn -1 0 0
vn -1 0 0
vn -1 0 0
vn -1 0 0
vn -1 0 0
vn -1 0 0
vn -1 0 0
vn -1 0 0
vn -1 0 0
vn 0 -1.2246467991473532e-16 -1
vn 0 -1.2246467991473532e-16 -1
vn 0 -1.2246467991473532e-16 -1
vn 0 -1.2246467991473532e-16 -1
vn 0 -1.2246467991473532e-16 -1
vn 0 -1.2246467991473532e-16 -1
vn 0 -1.2246467991473532e-16 -1
vn 0 -1.2246467991473532e-16 -1
vn 0 -1.2246467991473532e-16 -1
vn 0 -1.2246467991473532e-16 -1
vn 0 -1.2246467991473532e-16 -1
vn 0 -1.2246467991473532e-16 -1
vn 0 -1.2246467991473532e-16 -1
vn 0 -1.2246467991473532e-16 -1
vn 0 -1.2246467991473532e-16 -1
vn 0 -1.2246467991473532e-16 -1
vn 0 -1.2246467991473532e-16 -1
vn 0 -1.2246467991473532e-16 -1
vn 0 -1.2246467991473532e-16 -1
vn 0 -1.2246467991473532e-16 -1
vn 0 -1.2246467991473532e-16 -1
vn 0 -1.2246467991473532e-16 -1
vn 0 -1.2246467991473532e-16 -1
vn 0 -1.2246467991473532e-16 -1
vn 0 -1.2246467991473532e-16 -1
vn 0 -1.2246467991473532e-16 -1
vn 0 -1.2246467991473532e-16 -1
vn 0 -1.2246467991473532e-16 -1
vn 0 -1.2246467991473532e-16 -1
vn 0 -1.2246467991473532e-16 -1
vn 0 -1.2246467991473532e-16 -1
vn 0 -1.2246467991473532e-16 -1
f 2008/2008/2008 2007/2007/2007 2006/2006/2006
f 2011/2011/2011 2010/2010/2010 2009/2009/2009
f 2014/2014/2014 2013/2013/2013 2012/2012/2012
f 2017/2017/2017 2016/2016/2016 2015/2015/2015
f 2016/2016/2016 2017/2017/2017 2018/2018/2018
f 2021/2021/2021 2020/2020/2020 2019/2019/2019
f 2020/2020/2020 2021/2021/2021 2022/2022/2022
f 2025/2025/2025 2024/2024/2024 2023/2023/2023
f 2024/2024/2024 2025/2025/2025 2026/2026/2026
f 2029/2029/2029 2028/2028/2028 2027/2027/2027
f 2028/2028/2028 2029/2029/2029 2030/2030/2030
f 2033/2033/2033 2032/2032/2032 2031/2031/2031
f 2032/2032/2032 2033/2033/2033 2034/2034/2034
f 2037/2037/2037 2036/2036/2036 2035/2035/2035
f 2036/2036/2036 2037/2037/2037 2038/2038/2038
f 2041/2041/2041 2040/2040/2040 2039/2039/2039
f 2040/2040/2040 2041/2041/2041 2042/2042/2042
f 2045/2045/2045 2044/2044/2044 2043/2043/2043
f 2044/2044/2044 2045/2045/2045 2046/2046/2046
f 2049/2049/2049 2048/2048/2048 2047/2047/2047
f 2048/2048/2048 2049/2049/2049 2050/2050/2050
f 2053/2053/2053 2052/2052/2052 2051/2051/2051
f 2052/2052/2052 2053/2053/2053 2054/2054/2054
f 2057/2057/2057 2056/2056/2056 2055/2055/2055
f 2056/2056/2056 2057/2057/2057 2058/2058/2058
f 2061/2061/2061 2060/2060/2060 2059/2059/2059
f 2060/2060/2060 2061/2061/2061 2062/2062/2062
f 2065/2065/2065 2064/2064/2064 2063/2063/2063
f 2064/2064/2064 2065/2065/2065 2066/2066/2066
f 2069/2069/2069 2068/2068/2068 2067/2067/2067
f 2068/2068/2068 2069/2069/2069 2070/2070/2070
f 2073/2073/2073 2072/2072/2072 2071/2071/2071
f 2072/2072/2072 2073/2073/2073 2074/2074/2074
f 2077/2077/2077 2076/2076/2076 2075/2075/2075
f 2076/2076/2076 2077/2077/2077 2078/2078/2078
f 2081/2081/2081 2080/2080/2080 2079/2079/2079
f 2080/2080/2080 2081/2081/2081 2082/2082/2082
f 2085/2085/2085 2084/2084/2084 2083/2083/2083
f 2084/2084/2084 2085/2085/2085 2086/2086/2086
f 2089/2089/2089 2088/2088/2088 2087/2087/2087
f 2088/2088/2088 2089/2089/2089 2090/2090/2090
f 2093/2093/2093 2092/2092/2092 2091/2091/2091
f 2092/2092/2092 2093/2093/2093 2094/2094/2094
f 2097/2097/2097 2096/2096/2096 2095/2095/2095
f 2096/2096/2096 2097/2097/2097 2098/2098/2098
f 2101/2101/2101 2100/2100/2100 2099/2099/2099
f 2100/2100/2100 2101/2101/2101 2102/2102/2102
f 2105/2105/2105 2104/2104/2104 2103/2103/2103
f 2104/2104/2104 2105/2105/2105 2106/2106/2106
o mesh_52
usemtl mat3
v 179.20000000000002 38.39999999999999 -89.60000000000001
v 192 38.39999999999999 -89.60000000000001
v 192 63.999999999999986 -89.60000000000002
v 192 63.999999999999986 -115.20000000000002
v 192 38.39999999999999 -115.2
v 204.8 38.39999999999999 -115.2
v 192 38.39999999999999 -102.4
v 192 38.39999999999999 -115.2
v 192 63.999999999999986 -115.20000000000002
v 166.4 63.99999999999999 -76.80000000000003
v 166.4 63.999999999999986 -89.60000000000002
v 166.4 89.6 -89.60000000000002
v 192 25.599999999999987 -102.4
v 192 25.599999999999987 -115.2
v 192 38.39999999999999 -102.4
v 192 38.39999999999999 -115.2
v 192 12.799999999999988 -102.4
v 192 12.79999999999999 -89.60000000000001
v 192 -1.410793112617751e-14 -115.2
v 192 -1.0972835320360286e-14 -89.60000000000001
v 179.20000000000002 12.79999999999999 -89.60000000000001
v 166.4 12.79999999999999 -89.60000000000001
v 179.20000000000002 -1.0972835320360286e-14 -89.60000000000001
v 166.4 -1.0972835320360286e-14 -89.60000000000001
v 192 12.799999999999988 -102.4
v 192 12.799999999999986 -115.2
v 192 25.599999999999987 -102.4
v 192 25.599999999999987 -115.2
v 166.4 115.19999999999999 -89.60000000000002
v 166.4 153.60000000000002 -89.60000000000002
v 166.4 115.19999999999999 -64.00000000000001
v 166.4 153.60000000000002 -64.00000000000001
v 204.8 38.39999999999999 -115.2
v 192 38.39999999999999 -115.2
v 204.8 25.599999999999987 -115.2
v 192 25.599999999999987 -115.2
v 166.4 63.99999999999999 -76.80000000000003
v 166.4 63.99999999999999 -64.00000000000001
v 166.4 38.4 -76.80000000000001
v 166.4 38.4 -64
v 192 89.6 -115.20000000000002
v 192 63.999999999999986 -115.20000000000002
v 217.60000000000002 89.6 -115.20000000000002
v 217.60000000000002 63.999999999999986 -115.20000000000002
v 192 89.6 -89.60000000000002
v 192 63.999999999999986 -89.60000000000002
v 192 89.6 -115.20000000000002
v 192 63.999999999999986 -115.20000000000002
v 166.4 89.6 -89.60000000000002
v 166.4 63.999999999999986 -89.60000000000002
v 192 89.6 -89.60000000000002
v 192 63.999999999999986 -89.60000000000002
v 172.8 25.599999999999994 -64
v 166.4 25.599999999999994 -64
v 172.8 38.4 -64
v 166.4 38.4 -64
v 172.8 38.4 -64
v 166.4 38.4 -64
v 172.8 63.99999999999999 -64.00000000000001
v 166.4 63.99999999999999 -64.00000000000001
v 172.8 63.99999999999999 -64.00000000000001
v 166.4 63.99999999999999 -64.00000000000001
v 172.8 89.6 -64.00000000000001
v 166.4 89.6 -64.00000000000001
v 166.4 25.59999999999999 -76.80000000000001
v 166.4 25.59999999999999 -89.60000000000001
v 166.4 38.4 -76.80000000000001
v 166.4 38.39999999999999 -89.60000000000001
v 172.8 25.599999999999994 -64
v 172.8 12.799999999999994 -64
v 166.4 25.599999999999994 -64
v 166.4 12.799999999999994 -64
v 204.8 12.799999999999986 -115.2
v 217.60000000000002 12.799999999999986 -115.2
v 204.8 25.599999999999987 -115.2
v 217.60000000000002 25.599999999999987 -115.2
v 179.20000000000002 25.59999999999999 -89.60000000000001
v 192 25.59999999999999 -89.60000000000001
v 179.20000000000002 38.39999999999999 -89.60000000000001
v 192 38.39999999999999 -89.60000000000001
v 166.4 12.799999999999992 -76.80000000000001
v 166.4 12.79999999999999 -89.60000000000001
v 166.4 25.59999999999999 -76.80000000000001
v 166.4 25.59999999999999 -89.60000000000001
v 179.20000000000002 12.79999999999999 -89.60000000000001
v 192 12.79999999999999 -89.60000000000001
v 179.20000000000002 25.59999999999999 -89.60000000000001
v 192 25.59999999999999 -89.60000000000001
v 179.20000000000002 -1.0972835320360286e-14 -89.60000000000001
v 192 -1.0972835320360286e-14 -89.60000000000001
v 179.20000000000002 12.79999999999999 -89.60000000000001
v 192 12.79999999999999 -89.60000000000001
v 179.20000000000002 25.59999999999999 -89.60000000000001
v 166.4 25.59999999999999 -89.60000000000001
v 179.20000000000002 12.79999999999999 -89.60000000000001
v 166.4 12.79999999999999 -89.60000000000001
v 179.20000000000002 38.39999999999999 -89.60000000000001
v 166.4 38.39999999999999 -89.60000000000001
v 179.20000000000002 25.59999999999999 -89.60000000000001
v 166.4 25.59999999999999 -89.60000000000001
v 192 63.999999999999986 -89.60000000000002
v 166.4 63.999999999999986 -89.60000000000002
v 179.20000000000002 38.39999999999999 -89.60000000000001
v 166.4 38.39999999999999 -89.60000000000001
v 166.4 115.19999999999999 -64.00000000000001
v 166.4 89.6 -64.00000000000001
v 166.4 115.19999999999999 -89.60000000000002
v 166.4 89.6 -89.60000000000002
v 166.4 89.6 -89.60000000000002
v 166.4 89.6 -64.00000000000001
v 166.4 63.99999999999999 -76.80000000000003
v 166.4 63.99999999999999 -64.00000000000001
v 166.4 38.4 -76.80000000000001
v 166.4 38.39999999999999 -89.60000000000001
v 166.4 63.99999999999999 -76.80000000000003
v 166.4 63.999999999999986 -89.60000000000002
v 166.4 38.4 -76.80000000000001
v 166.4 38.4 -64
v 166.4 25.59999999999999 -76.80000000000001
v 166.4 25.599999999999994 -64
v 166.4 25.59999999999999 -76.80000000000001
v 166.4 25.599999999999994 -64
v 166.4 12.799999999999992 -76.80000000000001
v 166.4 12.799999999999994 -64
v 166.4 6.399999999999991 -76.80000000000001
v 166.4 -1.0972835320360286e-14 -89.60000000000001
v 166.4 12.799999999999992 -76.80000000000001
v 166.4 12.79999999999999 -89.60000000000001
v 204.8 25.599999999999987 -115.2
v 192 25.599999999999987 -115.2
v 204.8 12.799999999999986 -115.2
v 192 12.799999999999986 -115.2
v 204.8 25.599999999999987 -115.2
v 217.60000000000002 25.599999999999987 -115.2
v 204.8 38.39999999999999 -115.2
v 217.60000000000002 38.39999999999999 -115.2
v 204.8 38.39999999999999 -115.2
v 217.60000000000002 38.39999999999999 -115.2
v 192 63.999999999999986 -115.20000000000002
v 217.60000000000002 63.999999999999986 -115.20000000000002
v 192 63.999999999999986 -115.20000000000002
v 192 63.999999999999986 -89.60000000000002
v 192 38.39999999999999 -102.4
v 192 38.39999999999999 -89.60000000000001
v 192 38.39999999999999 -102.4
v 192 38.39999999999999 -89.60000000000001
v 192 25.599999999999987 -102.4
v 192 25.59999999999999 -89.60000000000001
v 192 25.599999999999987 -102.4
v 192 25.59999999999999 -89.60000000000001
v 192 12.799999999999988 -102.4
v 192 12.79999999999999 -89.60000000000001
v 192 -1.410793112617751e-14 -115.2
v 217.60000000000002 -1.410793112617751e-14 -115.2
v 204.8 12.799999999999986 -115.2
v 217.60000000000002 12.799999999999986 -115.2
vt 0.375 0.625
vt 0.4921875 0.625
vt 0.4921875 0.375
vt 0.25 0.375
vt 0.25 0.625
vt 0.375 0.625
vt 0.125 0.625
vt 0.25 0.625
vt 0.25 0.375
vt 0.125 0.375
vt 0.25 0.375
vt 0.25 0.125
vt 0.125 0.75
vt 0.25 0.75
vt 0.125 0.625
vt 0.25 0.625
vt 0.125 0.875
vt 0 0.875
vt 0.25 0.9921875
vt 0 0.9921875
vt 0.375 0.875
vt 0.25 0.875
vt 0.375 0.9921875
vt 0.25 0.9921875
vt 0.125 0.875
vt 0.25 0.875
vt 0.125 0.75
vt 0.25 0.75
vt 0.4921875 0.75
vt 0.4921875 0.375
vt 0.1875 0.75
vt 0.1875 0.375
vt 0.375 0.625
vt 0.25 0.625
vt 0.375 0.75
vt 0.25 0.75
vt 0.125 0.375
vt 0 0.375
vt 0.125 0.625
vt 0 0.625
vt 0.25 0.125
vt 0.25 0.375
vt 0.4921875 0.125
vt 0.4921875 0.375
vt 0 0.125
vt 0 0.375
vt 0.25 0.125
vt 0.25 0.375
vt 0.25 0.125
vt 0.25 0.375
vt 0.4921875 0.125
vt 0.4921875 0.375
vt 0.4375 0.75
vt 0.4921875 0.75
vt 0.4375 0.625
vt 0.4921875 0.625
vt 0.4375 0.625
vt 0.4921875 0.625
vt 0.4375 0.375
vt 0.4921875 0.375
vt 0.4375 0.375
vt 0.4921875 0.375
vt 0.4375 0.125
vt 0.4921875 0.125
vt 0.125 0.75
vt 0.25 0.75
vt 0.125 0.625
vt 0.25 0.625
vt 0.4375 0.75
vt 0.4375 0.875
vt 0.4921875 0.75
vt 0.4921875 0.875
vt 0.375 0.875
vt 0.4921875 0.875
vt 0.375 0.75
vt 0.4921875 0.75
vt 0.375 0.75
vt 0.4921875 0.75
vt 0.375 0.625
vt 0.4921875 0.625
vt 0.125 0.875
vt 0.25 0.875
vt 0.125 0.75
vt 0.25 0.75
vt 0.375 0.875
vt 0.4921875 0.875
vt 0.375 0.75
vt 0.4921875 0.75
vt 0.375 0.9921875
vt 0.4921875 0.9921875
vt 0.375 0.875
vt 0.4921875 0.875
vt 0.375 0.75
vt 0.25 0.75
vt 0.375 0.875
vt 0.25 0.875
vt 0.375 0.625
vt 0.25 0.625
vt 0.375 0.75
vt 0.25 0.75
vt 0.4921875 0.375
vt 0.25 0.375
vt 0.375 0.625
vt 0.25 0.625
vt 0.1875 0.75
vt 0.1875 0.9921875
vt 0.4921875 0.75
vt 0.4921875 0.9921875
vt 0.25 0.125
vt 0 0.125
vt 0.125 0.375
vt 0 0.375
vt 0.125 0.625
vt 0.25 0.625
vt 0.125 0.375
vt 0.25 0.375
vt 0.125 0.625
vt 0 0.625
vt 0.125 0.75
vt 0 0.75
vt 0.125 0.75
vt 0 0.75
vt 0.125 0.875
vt 0 0.875
vt 0.125 0.9375
vt 0.25 0.9921875
vt 0.125 0.875
vt 0.25 0.875
vt 0.375 0.75
vt 0.25 0.75
vt 0.375 0.875
vt 0.25 0.875
vt 0.375 0.75
vt 0.4921875 0.75
vt 0.375 0.625
vt 0.4921875 0.625
vt 0.375 0.625
vt 0.4921875 0.625
vt 0.25 0.375
vt 0.4921875 0.375
vt 0.25 0.375
vt 0 0.375
vt 0.125 0.625
vt 0 0.625
vt 0.125 0.625
vt 0 0.625
vt 0.125 0.75
vt 0 0.75
vt 0.125 0.75
vt 0 0.75
vt 0.125 0.875
vt 0 0.875
vt 0.25 0.9921875
vt 0.4921875 0.9921875
vt 0.375 0.875
vt 0.4921875 0.875
vn 0 -1.2246467991473532e-16 -1
vn 0 -1.2246467991473532e-16 -1
vn 0 -1.2246467991473532e-16 -1
vn 0 -1.2246467991473532e-16 -1
vn 0 -1.2246467991473532e-16 -1
vn 0 -1.2246467991473532e-16 -1
vn -1 0 0
vn -1 0 0
vn -1 0 0
vn -1 0 0
vn -1 0 0
vn -1 0 0
vn -1 0 0
vn -1 0 0
vn -1 0 0
vn -1 0 0
vn -1 0 0
vn -1 0 0
vn -1 0 0
vn -1 0 0
vn 0 -1.2246467991473532e-16 -1
vn 0 -1.2246467991473532e-16 -1
vn 0 -1.2246467991473532e-16 -1
vn 0 -1.2246467991473532e-16 -1
vn -1 0 0
vn -1 0 0
vn -1 0 0
vn -1 0 0
vn -1 0 0
vn -1 0 0
vn -1 0 0
vn -1 0 0
vn 0 -1.2246467991473532e-16 -1
vn 0 -1.2246467991473532e-16 -1
vn 0 -1.2246467991473532e-16 -1
vn 0 -1.2246467991473532e-16 -1
vn -1 0 0
vn -1 0 0
vn -1 0 0
vn -1 0 0
vn 0 -1.2246467991473532e-16 -1
vn 0 -1.2246467991473532e-16 -1
vn 0 -1.2246467991473532e-16 -1
vn 0 -1.2246467991473532e-16 -1
vn -1 0 0
vn -1 0 0
vn -1 0 0
vn -1 0 0
vn 0 -1.2246467991473532e-16 -1
vn 0 -1.2246467991473532e-16 -1
vn 0 -1.2246467991473532e-16 -1
vn 0 -1.2246467991473532e-16 -1
vn 0 1.2246467991473532e-16 1
vn 0 1.2246467991473532e-16 1
vn 0 1.2246467991473532e-16 1
vn 0 1.2246467991473532e-16 1
vn 0 1.2246467991473532e-16 1
vn 0 1.2246467991473532e-16 1
vn 0 1.2246467991473532e-16 1
vn 0 1.2246467991473532e-16 1
vn 0 1.2246467991473532e-16 1
vn 0 1.2246467991473532e-16 1
vn 0 1.2246467991473532e-16 1
vn 0 1.2246467991473532e-16 1
vn -1 0 0
vn -1 0 0
vn -1 0 0
vn -1 0 0
vn 0 1.2246467991473532e-16 1
vn 0 1.2246467991473532e-16 1
vn 0 1.2246467991473532e-16 1
vn 0 1.2246467991473532e-16 1
vn 0 -1.2246467991473532e-16 -1
vn 0 -1.2246467991473532e-16 -1
vn 0 -1.2246467991473532e-16 -1
vn 0 -1.2246467991473532e-16 -1
vn 0 -1.2246467991473532e-16 -1
vn 0 -1.2246467991473532e-16 -1
vn 0 -1.2246467991473532e-16 -1
vn 0 -1.2246467991473532e-16 -1
vn -1 0 0
vn -1 0 0
vn -1 0 0
vn -1 0 0
vn 0 -1.2246467991473532e-16 -1
vn 0 -1.2246467991473532e-16 -1
vn 0 -1.2246467991473532e-16 -1
vn 0 -1.2246467991473532e-16 -1
vn 0 -1.2246467991473532e-16 -1
vn 0 -1.2246467991473532e-16 -1
vn 0 -1.2246467991473532e-16 -1
vn 0 -1.2246467991473532e-16 -1
vn 0 -1.2246467991473532e-16 -1
vn 0 -1.2246467991473532e-16 -1
vn 0 -1.2246467991473532e-16 -1
vn 0 -1.2246467991473532e-16 -1
vn 0 -1.2246467991473532e-16 -1
vn 0 -1.2246467991473532e-16 -1
vn 0 -1.2246467991473532e-16 -1
vn 0 -1.2246467991473532e-16 -1
vn 0 -1.2246467991473532e-16 -1
vn 0 -1.2246467991473532e-16 -1
vn 0 -1.2246467991473532e-16 -1
vn 0 -1.2246467991473532e-16 -1
vn -1 0 0
vn -1 0 0
vn -1 0 0
vn -1 0 0
vn -1 0 0
vn -1 0 0
vn -1 0 0
vn -1 0 0
vn -1 0 0
vn -1 0 0
vn -1 0 0
vn -1 0 0
vn -1 0 0
vn -1 0 0
vn -1 0 0
vn -1 0 0
vn -1 0 0
vn -1 0 0
vn -1 0 0
vn -1 0 0
vn -1 0 0
vn -1 0 0
vn -1 0 0
vn -1 0 0
vn 0 -1.2246467991473532e-16 -1
vn 0 -1.2246467991473532e-16 -1
vn 0 -1.2246467991473532e-16 -1
vn 0 -1.2246467991473532e-16 -1
vn 0 -1.2246467991473532e-16 -1
vn 0 -1.2246467991473532e-16 -1
vn 0 -1.2246467991473532e-16 -1
vn 0 -1.2246467991473532e-16 -1
vn 0 -1.2246467991473532e-16 -1
vn 0 -1.2246467991473532e-16 -1
vn 0 -1.2246467991473532e-16 -1
vn 0 -1.2246467991473532e-16 -1
vn -1 0 0
vn -1 0 0
vn -1 0 0
vn -1 0 0
vn -1 0 0
vn -1 0 0
vn -1 0 0
vn -1 0 0
vn -1 0 0
vn -1 0 0
vn -1 0 0
vn -1 0 0
vn 0 -1.2246467991473532e-16 -1
vn 0 -1.2246467991473532e-16 -1
vn 0 -1.2246467991473532e-16 -1
vn 0 -1.2246467991473532e-16 -1
f 2109/2109/2109 2108/2108/2108 2107/2107/2107
f 2112/2112/2112 2111/2111/2111 2110/2110/2110
f 2115/2115/2115 2114/2114/2114 2113/2113/2113
f 2118/2118/2118 2117/2117/2117 2116/2116/2116
f 2121/2121/2121 2120/2120/2120 2119/2119/2119
f 2120/2120/2120 2121/2121/2121 2122/2122/2122
f 2125/2125/2125 2124/2124/2124 2123/2123/2123
f 2124/2124/2124 2125/2125/2125 2126/2126/2126
f 2129/2129/2129 2128/2128/2128 2127/2127/2127
f 2128/2128/2128 2129/2129/2129 2130/2130/2130
f 2133/2133/2133 2132/2132/2132 2131/2131/2131
f 2132/2132/2132 2133/2133/2133 2134/2134/2134
f 2137/2137/2137 2136/2136/2136 2135/2135/2135
f 2136/2136/2136 2137/2137/2137 2138/2138/2138
f 2141/2141/2141 2140/2140/2140 2139/2139/2139
f 2140/2140/2140 2141/2141/2141 2142/2142/2142
f 2145/2145/2145 2144/2144/2144 2143/2143/2143
f 2144/2144/2144 2145/2145/2145 2146/2146/2146
f 2149/2149/2149 2148/2148/2148 2147/2147/2147
f 2148/2148/2148 2149/2149/2149 2150/2150/2150
f 2153/2153/2153 2152/2152/2152 2151/2151/2151
f 2152/2152/2152 2153/2153/2153 2154/2154/2154
f 2157/2157/2157 2156/2156/2156 2155/2155/2155
f 2156/2156/2156 2157/2157/2157 2158/2158/2158
f 2161/2161/2161 2160/2160/2160 2159/2159/2159
f 2160/2160/2160 2161/2161/2161 2162/2162/2162
f 2165/2165/2165 2164/2164/2164 2163/2163/2163
f 2164/2164/2164 2165/2165/2165 2166/2166/2166
f 2169/2169/2169 2168/2168/2168 2167/2167/2167
f 2168/2168/2168 2169/2169/2169 2170/2170/2170
f 2173/2173/2173 2172/2172/2172 2171/2171/2171
f 2172/2172/2172 2173/2173/2173 2174/2174/2174
f 2177/2177/2177 2176/2176/2176 2175/2175/2175
f 2176/2176/2176 2177/2177/2177 2178/2178/2178
f 2181/2181/2181 2180/2180/2180 2179/2179/2179
f 2180/2180/2180 2181/2181/2181 2182/2182/2182
f 2185/2185/2185 2184/2184/2184 2183/2183/2183
f 2184/2184/2184 2185/2185/2185 2186/2186/2186
f 2189/2189/2189 2188/2188/2188 2187/2187/2187
f 2188/2188/2188 2189/2189/2189 2190/2190/2190
f 2193/2193/2193 2192/2192/2192 2191/2191/2191
f 2192/2192/2192 2193/2193/2193 2194/2194/2194
f 2197/2197/2197 2196/2196/2196 2195/2195/2195
f 2196/2196/2196 2197/2197/2197 2198/2198/2198
f 2201/2201/2201 2200/2200/2200 2199/2199/2199
f 2200/2200/2200 2201/2201/2201 2202/2202/2202
f 2205/2205/2205 2204/2204/2204 2203/2203/2203
f 2204/2204/2204 2205/2205/2205 2206/2206/2206
f 2209/2209/2209 2208/2208/2208 2207/2207/2207
f 2208/2208/2208 2209/2209/2209 2210/2210/2210
f 2213/2213/2213 2212/2212/2212 2211/2211/2211
f 2212/2212/2212 2213/2213/2213 2214/2214/2214
f 2217/2217/2217 2216/2216/2216 2215/2215/2215
f 2216/2216/2216 2217/2217/2217 2218/2218/2218
f 2221/2221/2221 2220/2220/2220 2219/2219/2219
f 2220/2220/2220 2221/2221/2221 2222/2222/2222
f 2225/2225/2225 2224/2224/2224 2223/2223/2223
f 2224/2224/2224 2225/2225/2225 2226/2226/2226
f 2229/2229/2229 2228/2228/2228 2227/2227/2227
f 2228/2228/2228 2229/2229/2229 2230/2230/2230
f 2233/2233/2233 2232/2232/2232 2231/2231/2231
f 2232/2232/2232 2233/2233/2233 2234/2234/2234
f 2237/2237/2237 2236/2236/2236 2235/2235/2235
f 2236/2236/2236 2237/2237/2237 2238/2238/2238
f 2241/2241/2241 2240/2240/2240 2239/2239/2239
f 2240/2240/2240 2241/2241/2241 2242/2242/2242
f 2245/2245/2245 2244/2244/2244 2243/2243/2243
f 2244/2244/2244 2245/2245/2245 2246/2246/2246
f 2249/2249/2249 2248/2248/2248 2247/2247/2247
f 2248/2248/2248 2249/2249/2249 2250/2250/2250
f 2253/2253/2253 2252/2252/2252 2251/2251/2251
f 2252/2252/2252 2253/2253/2253 2254/2254/2254
f 2257/2257/2257 2256/2256/2256 2255/2255/2255
f 2256/2256/2256 2257/2257/2257 2258/2258/2258
f 2261/2261/2261 2260/2260/2260 2259/2259/2259
f 2260/2260/2260 2261/2261/2261 2262/2262/2262
o mesh_53
usemtl mat3
v 166.4 153.60000000000002 -89.60000000000002
v 140.8 153.60000000000002 -89.60000000000002
v 166.4 153.60000000000002 -64.00000000000001
v 140.8 153.60000000000002 -64.00000000000001
vt 0.25 0.5
vt 0.4921875 0.5
vt 0.25 0.75
vt 0.4921875 0.75
vn 0 -1 1.2246467991473532e-16
vn 0 -1 1.2246467991473532e-16
vn 0 -1 1.2246467991473532e-16
vn 0 -1 1.2246467991473532e-16
f 2265/2265/2265 2264/2264/2264 2263/2263/2263
f 2264/2264/2264 2265/2265/2265 2266/2266/2266
o mesh_54
usemtl mat16
v 115.2 153.60000000000002 -64.00000000000001
v 140.8 153.60000000000002 -64.00000000000001
v 115.2 153.60000000000002 -89.60000000000002
v 140.8 153.60000000000002 -89.60000000000002
vt 0.75 0.75
vt 0.5 0.75
vt 0.75 0.5
vt 0.5 0.5
vn 0 -1 1.2246467991473532e-16
vn 0 -1 1.2246467991473532e-16
vn 0 -1 1.2246467991473532e-16
vn 0 -1 1.2246467991473532e-16
f 2269/2269/2269 2268/2268/2268 2267/2267/2267
f 2268/2268/2268 2269/2269/2269 2270/2270/2270
o mesh_55
usemtl mat3
v 76.80000000000001 99.19999999999997 -281.6
v 76.80000000000001 102.39999999999998 -281.6
v 76.80000000000001 102.39999999999996 -294.40000000000003
v 64 70.39999999999998 -190.4
v 64 76.79999999999998 -204.8
v 64 70.39999999999998 -204.8
v 64 76.8 -153.60000000000002
v 64 76.79999999999998 -179.20000000000002
v 64 70.39999999999998 -179.20000000000002
v 76.80000000000001 99.19999999999997 -270.40000000000003
v 76.80000000000001 99.19999999999997 -256
v 76.80000000000001 102.39999999999998 -256
v 76.80000000000001 25.599999999999973 -243.20000000000002
v 76.80000000000001 25.59999999999997 -256
v 76.80000000000001 19.199999999999974 -243.20000000000002
v 64 -2.194567064072057e-14 -179.20000000000002
v 64 12.79999999999998 -179.20000000000002
v 64 12.799999999999978 -190.4
v 64 47.99999999999997 -216
v 64 54.39999999999998 -216
v 64 51.199999999999974 -230.4
v 64 51.19999999999998 -166.4
v 64 54.399999999999984 -179.20000000000002
v 64 47.99999999999998 -179.20000000000002
v 64 51.199999999999974 -230.4
v 64 38.39999999999998 -230.4
v 64 47.99999999999997 -216
v 64 38.39999999999998 -216
v 64 47.99999999999998 -179.20000000000002
v 64 38.399999999999984 -179.20000000000002
v 64 51.19999999999998 -166.4
v 64 38.399999999999984 -166.4
v 64 38.399999999999984 -166.4
v 64 38.399999999999984 -153.60000000000002
v 64 51.19999999999998 -166.4
v 64 51.19999999999998 -153.60000000000002
v 76.80000000000001 102.39999999999998 -230.4
v 76.80000000000001 102.39999999999998 -256
v 76.80000000000001 99.19999999999997 -244.8
v 76.80000000000001 99.19999999999997 -256
v 64 38.399999999999984 -179.20000000000002
v 64 25.59999999999998 -179.20000000000002
v 64 38.399999999999984 -166.4
v 64 25.59999999999998 -166.4
v 64 25.59999999999998 -166.4
v 64 25.599999999999984 -153.60000000000002
v 64 38.399999999999984 -166.4
v 64 38.399999999999984 -153.60000000000002
v 64 38.399999999999984 -153.60000000000002
v 64 25.599999999999984 -153.60000000000002
v 51.2 38.399999999999984 -153.60000000000002
v 51.2 25.599999999999984 -153.60000000000002
v 76.80000000000001 51.199999999999974 -243.20000000000002
v 76.80000000000001 51.199999999999974 -256
v 76.80000000000001 38.39999999999998 -243.20000000000002
v 76.80000000000001 38.39999999999998 -256
v 76.80000000000001 38.39999999999997 -294.40000000000003
v 76.80000000000001 51.19999999999997 -294.40000000000003
v 64 38.39999999999997 -294.40000000000003
v 64 51.19999999999997 -294.40000000000003
v 76.80000000000001 102.39999999999998 -256
v 76.80000000000001 102.39999999999998 -281.6
v 76.80000000000001 99.19999999999997 -270.40000000000003
v 76.80000000000001 99.19999999999997 -281.6
v 38.400000000000006 83.19999999999997 -230.4
v 12.8 89.59999999999998 -230.4
v 38.400000000000006 111.99999999999997 -230.4
v 12.8 118.39999999999998 -230.40000000000003
v 64 76.79999999999998 -230.4
v 38.400000000000006 83.19999999999997 -230.4
v 64 105.59999999999998 -230.4
v 38.400000000000006 111.99999999999997 -230.4
v 64 70.39999999999998 -216
v 64 70.39999999999998 -204.8
v 64 76.79999999999998 -230.4
v 64 76.79999999999998 -204.8
v 64 54.399999999999984 -179.20000000000002
v 64 54.399999999999984 -190.4
v 64 47.99999999999998 -179.20000000000002
v 64 47.99999999999998 -190.4
v 64 70.39999999999998 -204.8
v 64 54.39999999999998 -204.8
v 64 70.39999999999998 -190.4
v 64 54.399999999999984 -190.4
v 64 54.39999999999998 -204.8
v 64 54.39999999999998 -216
v 64 47.99999999999997 -204.8
v 64 47.99999999999997 -216
v 64 47.99999999999998 -190.4
v 64 54.399999999999984 -190.4
v 64 47.99999999999997 -204.8
v 64 54.39999999999998 -204.8
v 64 38.39999999999998 -230.4
v 64 51.199999999999974 -230.4
v 76.80000000000001 38.39999999999998 -230.4
v 76.80000000000001 51.199999999999974 -230.4
v 76.80000000000001 38.39999999999998 -243.20000000000002
v 76.80000000000001 38.39999999999998 -230.4
v 76.80000000000001 51.199999999999974 -243.20000000000002
v 76.80000000000001 51.199999999999974 -230.4
v 51.2 38.399999999999984 -153.60000000000002
v 51.2 51.19999999999998 -153.60000000000002
v 64 38.399999999999984 -153.60000000000002
v 64 51.19999999999998 -153.60000000000002
v 64 76.79999999999998 -179.20000000000002
v 64 76.79999999999998 -204.8
v 64 70.39999999999998 -179.20000000000002
v 64 70.39999999999998 -190.4
v 64 38.39999999999998 -230.4
v 64 25.599999999999973 -230.4
v 64 38.39999999999998 -216
v 64 25.599999999999977 -216
v 76.80000000000001 102.39999999999996 -294.40000000000003
v 76.80000000000001 76.79999999999997 -294.40000000000003
v 76.80000000000001 99.19999999999997 -281.6
v 76.80000000000001 76.79999999999998 -281.6
v 76.80000000000001 76.79999999999998 -256
v 76.80000000000001 99.19999999999997 -256
v 76.80000000000001 76.79999999999998 -270.40000000000003
v 76.80000000000001 99.19999999999997 -270.40000000000003
v 64 38.399999999999984 -190.4
v 64 47.99999999999998 -190.4
v 64 38.39999999999998 -204.8
v 64 47.99999999999997 -204.8
v 76.80000000000001 51.19999999999997 -268.8
v 76.80000000000001 51.19999999999997 -281.6
v 76.80000000000001 38.39999999999997 -268.8
v 76.80000000000001 38.39999999999997 -281.6
v 64 38.39999999999998 -204.8
v 64 25.599999999999977 -204.8
v 64 38.399999999999984 -190.4
v 64 25.599999999999977 -190.4
vt 0 0.28125
vt 0 0.25
vt 0.1171875 0.25
vt 0.3515625 0.3125
vt 0.4921875 0.25
vt 0.4921875 0.3125
vt 0 0.25
vt 0.2421875 0.25
vt 0.2421875 0.3125
vt 0.3828125 0.28125
vt 0.2421875 0.28125
vt 0.2421875 0.25
vt 0.25 0.5
vt 0.3671875 0.5
vt 0.25 0.5625
vt 0.2421875 0.9921875
vt 0.2421875 0.875
vt 0.3515625 0.875
vt 0.1015625 0.5234375
vt 0.1015625 0.46875
vt 0.2421875 0.4921875
vt 0.1171875 0.4921875
vt 0.2421875 0.46875
vt 0.2421875 0.5234375
vt 0.2421875 0.4921875
vt 0.2421875 0.6171875
vt 0.1015625 0.5234375
vt 0.1015625 0.6171875
vt 0.2421875 0.5234375
vt 0.2421875 0.6171875
vt 0.1171875 0.4921875
vt 0.1171875 0.6171875
vt 0.1171875 0.6171875
vt 0 0.6171875
vt 0.1171875 0.4921875
vt 0 0.4921875
vt 0 0.25
vt 0.2421875 0.25
vt 0.1328125 0.28125
vt 0.2421875 0.28125
vt 0.2421875 0.6171875
vt 0.2421875 0.7421875
vt 0.1171875 0.6171875
vt 0.1171875 0.7421875
vt 0.1171875 0.7421875
vt 0 0.7421875
vt 0.1171875 0.6171875
vt 0 0.6171875
vt 0.4921875 0.625
vt 0.4921875 0.75
vt 0.3671875 0.625
vt 0.3671875 0.75
vt 0.125 0.75
vt 0.2421875 0.75
vt 0.125 0.875
vt 0.2421875 0.875
vt 0.1171875 0.875
vt 0.1171875 0.75
vt 0.2421875 0.875
vt 0.2421875 0.75
vt 0.2421875 0.25
vt 0.4921875 0.25
vt 0.3828125 0.28125
vt 0.4921875 0.28125
vt 0.1953125 0.4375
vt 0 0.375
vt 0.1953125 0.15625
vt 0 0.09375
vt 0.390625 0.5
vt 0.1953125 0.4375
vt 0.390625 0.21875
vt 0.1953125 0.15625
vt 0.1015625 0.3125
vt 0 0.3125
vt 0.2421875 0.25
vt 0 0.25
vt 0.2421875 0.46875
vt 0.3515625 0.46875
vt 0.2421875 0.5234375
vt 0.3515625 0.5234375
vt 0.4921875 0.3125
vt 0.4921875 0.46875
vt 0.3515625 0.3125
vt 0.3515625 0.46875
vt 0 0.46875
vt 0.1015625 0.46875
vt 0 0.5234375
vt 0.1015625 0.5234375
vt 0.3515625 0.5234375
vt 0.3515625 0.46875
vt 0.4921875 0.5234375
vt 0.4921875 0.46875
vt 0.390625 0.875
vt 0.390625 0.75
vt 0.4921875 0.875
vt 0.4921875 0.75
vt 0.125 0.875
vt 0 0.875
vt 0.125 0.75
vt 0 0.75
vt 0.3671875 0.625
vt 0.3671875 0.5
vt 0.4921875 0.625
vt 0.4921875 0.5
vt 0.2421875 0.25
vt 0.4921875 0.25
vt 0.2421875 0.3125
vt 0.3515625 0.3125
vt 0.2421875 0.6171875
vt 0.2421875 0.7421875
vt 0.1015625 0.6171875
vt 0.1015625 0.7421875
vt 0.1171875 0.25
vt 0.1171875 0.5
vt 0 0.28125
vt 0 0.5
vt 0.2421875 0.5
vt 0.2421875 0.28125
vt 0.3828125 0.5
vt 0.3828125 0.28125
vt 0.3515625 0.6171875
vt 0.3515625 0.5234375
vt 0.4921875 0.6171875
vt 0.4921875 0.5234375
vt 0.3671875 0.75
vt 0.4921875 0.75
vt 0.3671875 0.875
vt 0.4921875 0.875
vt 0.4921875 0.6171875
vt 0.4921875 0.7421875
vt 0.3515625 0.6171875
vt 0.3515625 0.7421875
vn 1 0 0
vn 1 0 0
vn 1 0 0
vn 1 0 0
vn 1 0 0
vn 1 0 0
vn 1 0 0
vn 1 0 0
vn 1 0 0
vn 1 0 0
vn 1 0 0
vn 1 0 0
vn 1 0 0
vn 1 0 0
vn 1 0 0
vn 1 0 0
vn 1 0 0
vn 1 0 0
vn 1 0 0
vn 1 0 0
vn 1 0 0
vn 1 0 0
vn 1 0 0
vn 1 0 0
vn 1 0 0
vn 1 0 0
vn 1 0 0
vn 1 0 0
vn 1 0 0
vn 1 0 0
vn 1 0 0
vn 1 0 0
vn 1 0 0
vn 1 0 0
vn 1 0 0
vn 1 0 0
vn 1 0 0
vn 1 0 0
vn 1 0 0
vn 1 0 0
vn 1 0 0
vn 1 0 0
vn 1 0 0
vn 1 0 0
vn 1 0 0
vn 1 0 0
vn 1 0 0
vn 1 0 0
vn 0 1.2246467991473532e-16 1
vn 0 1.2246467991473532e-16 1
vn 0 1.2246467991473532e-16 1
vn 0 1.2246467991473532e-16 1
vn 1 0 0
vn 1 0 0
vn 1 0 0
vn 1 0 0
vn 0 -1.2246467991473532e-16 -1
vn 0 -1.2246467991473532e-16 -1
vn 0 -1.2246467991473532e-16 -1
vn 0 -1.2246467991473532e-16 -1
vn 1 0 0
vn 1 0 0
vn 1 0 0
vn 1 0 0
vn 0 1.2246467991473532e-16 1
vn 0 1.2246467991473532e-16 1
vn 0 1.2246467991473532e-16 1
vn 0 1.2246467991473532e-16 1
vn 0 1.2246467991473532e-16 1
vn 0 1.2246467991473532e-16 1
vn 0 1.2246467991473532e-16 1
vn 0 1.2246467991473532e-16 1
vn 1 0 0
vn 1 0 0
vn 1 0 0
vn 1 0 0
vn 1 0 0
vn 1 0 0
vn 1 0 0
vn 1 0 0
vn 1 0 0
vn 1 0 0
vn 1 0 0
vn 1 0 0
vn 1 0 0
vn 1 0 0
vn 1 0 0
vn 1 0 0
vn 1 0 0
vn 1 0 0
vn 1 0 0
vn 1 0 0
vn 0 1.2246467991473532e-16 1
vn 0 1.2246467991473532e-16 1
vn 0 1.2246467991473532e-16 1
vn 0 1.2246467991473532e-16 1
vn 1 0 0
vn 1 0 0
vn 1 0 0
vn 1 0 0
vn 0 1.2246467991473532e-16 1
vn 0 1.2246467991473532e-16 1
vn 0 1.2246467991473532e-16 1
vn 0 1.2246467991473532e-16 1
vn 1 0 0
vn 1 0 0
vn 1 0 0
vn 1 0 0
vn 1 0 0
vn 1 0 0
vn 1 0 0
vn 1 0 0
vn 1 0 0
vn 1 0 0
vn 1 0 0
vn 1 0 0
vn 1 0 0
vn 1 0 0
vn 1 0 0
vn 1 0 0
vn 1 0 0
vn 1 0 0
vn 1 0 0
vn 1 0 0
vn 1 0 0
vn 1 0 0
vn 1 0 0
vn 1 0 0
vn 1 0 0
vn 1 0 0
vn 1 0 0
vn 1 0 0
f 2273/2273/2273 2272/2272/2272 2271/2271/2271
f 2276/2276/2276 2275/2275/2275 2274/2274/2274
f 2279/2279/2279 2278/2278/2278 2277/2277/2277
f 2282/2282/2282 2281/2281/2281 2280/2280/2280
f 2285/2285/2285 2284/2284/2284 2283/2283/2283
f 2288/2288/2288 2287/2287/2287 2286/2286/2286
f 2291/2291/2291 2290/2290/2290 2289/2289/2289
f 2294/2294/2294 2293/2293/2293 2292/2292/2292
f 2297/2297/2297 2296/2296/2296 2295/2295/2295
f 2296/2296/2296 2297/2297/2297 2298/2298/2298
f 2301/2301/2301 2300/2300/2300 2299/2299/2299
f 2300/2300/2300 2301/2301/2301 2302/2302/2302
f 2305/2305/2305 2304/2304/2304 2303/2303/2303
f 2304/2304/2304 2305/2305/2305 2306/2306/2306
f 2309/2309/2309 2308/2308/2308 2307/2307/2307
f 2308/2308/2308 2309/2309/2309 2310/2310/2310
f 2313/2313/2313 2312/2312/2312 2311/2311/2311
f 2312/2312/2312 2313/2313/2313 2314/2314/2314
f 2317/2317/2317 2316/2316/2316 2315/2315/2315
f 2316/2316/2316 2317/2317/2317 2318/2318/2318
f 2321/2321/2321 2320/2320/2320 2319/2319/2319
f 2320/2320/2320 2321/2321/2321 2322/2322/2322
f 2325/2325/2325 2324/2324/2324 2323/2323/2323
f 2324/2324/2324 2325/2325/2325 2326/2326/2326
f 2329/2329/2329 2328/2328/2328 2327/2327/2327
f 2328/2328/2328 2329/2329/2329 2330/2330/2330
f 2333/2333/2333 2332/2332/2332 2331/2331/2331
f 2332/2332/2332 2333/2333/2333 2334/2334/2334
f 2337/2337/2337 2336/2336/2336 2335/2335/2335
f 2336/2336/2336 2337/2337/2337 2338/2338/2338
f 2341/2341/2341 2340/2340/2340 2339/2339/2339
f 2340/2340/2340 2341/2341/2341 2342/2342/2342
f 2345/2345/2345 2344/2344/2344 2343/2343/2343
f 2344/2344/2344 2345/2345/2345 2346/2346/2346
f 2349/2349/2349 2348/2348/2348 2347/2347/2347
f 2348/2348/2348 2349/2349/2349 2350/2350/2350
f 2353/2353/2353 2352/2352/2352 2351/2351/2351
f 2352/2352/2352 2353/2353/2353 2354/2354/2354
f 2357/2357/2357 2356/2356/2356 2355/2355/2355
f 2356/2356/2356 2357/2357/2357 2358/2358/2358
f 2361/2361/2361 2360/2360/2360 2359/2359/2359
f 2360/2360/2360 2361/2361/2361 2362/2362/2362
f 2365/2365/2365 2364/2364/2364 2363/2363/2363
f 2364/2364/2364 2365/2365/2365 2366/2366/2366
f 2369/2369/2369 2368/2368/2368 2367/2367/2367
f 2368/2368/2368 2369/2369/2369 2370/2370/2370
f 2373/2373/2373 2372/2372/2372 2371/2371/2371
f 2372/2372/2372 2373/2373/2373 2374/2374/2374
f 2377/2377/2377 2376/2376/2376 2375/2375/2375
f 2376/2376/2376 2377/2377/2377 2378/2378/2378
f 2381/2381/2381 2380/2380/2380 2379/2379/2379
f 2380/2380/2380 2381/2381/2381 2382/2382/2382
f 2385/2385/2385 2384/2384/2384 2383/2383/2383
f 2384/2384/2384 2385/2385/2385 2386/2386/2386
f 2389/2389/2389 2388/2388/2388 2387/2387/2387
f 2388/2388/2388 2389/2389/2389 2390/2390/2390
f 2393/2393/2393 2392/2392/2392 2391/2391/2391
f 2392/2392/2392 2393/2393/2393 2394/2394/2394
f 2397/2397/2397 2396/2396/2396 2395/2395/2395
f 2396/2396/2396 2397/2397/2397 2398/2398/2398
f 2401/2401/2401 2400/2400/2400 2399/2399/2399
f 2400/2400/2400 2401/2401/2401 2402/2402/2402
o mesh_56
usemtl mat12
v 64 105.59999999999997 -294.40000000000003
v 64 105.59999999999998 -281.6
v 54.400000000000006 107.99999999999997 -281.6
v 76.80000000000001 102.39999999999998 -256
v 64 105.59999999999998 -256
v 64 105.59999999999998 -275.2
v 38.400000000000006 83.19999999999997 -211.20000000000002
v 64 76.79999999999998 -204.8
v 38.400000000000006 83.19999999999997 -204.8
v 28.8 85.59999999999998 -204.8
v 12.8 89.59999999999998 -179.20000000000002
v 12.8 89.59999999999998 -204.8
v 76.80000000000001 102.39999999999998 -256
v 64 105.59999999999998 -275.2
v 76.80000000000001 102.39999999999998 -281.6
v 64 105.59999999999998 -281.6
v 64 105.59999999999998 -256
v 76.80000000000001 102.39999999999998 -256
v 64 105.59999999999998 -230.4
v 76.80000000000001 102.39999999999998 -230.4
v 38.400000000000006 111.99999999999997 -256
v 64 105.59999999999998 -256
v 38.400000000000006 111.99999999999997 -230.4
v 64 105.59999999999998 -230.4
v 38.400000000000006 111.99999999999997 -281.6
v 54.400000000000006 107.99999999999997 -281.6
v 38.400000000000006 111.99999999999997 -256
v 54.400000000000006 107.99999999999997 -275.2
v 38.400000000000006 111.99999999999997 -281.6
v 38.400000000000006 111.99999999999996 -294.40000000000003
v 54.400000000000006 107.99999999999997 -281.6
v 64 105.59999999999997 -294.40000000000003
v 76.80000000000001 102.39999999999998 -281.6
v 64 105.59999999999998 -281.6
v 76.80000000000001 102.39999999999996 -294.40000000000003
v 64 105.59999999999997 -294.40000000000003
v 38.400000000000006 111.99999999999997 -230.4
v 12.8 118.39999999999998 -230.40000000000003
v 38.400000000000006 111.99999999999997 -256
v 12.8 118.39999999999998 -256
v 64 105.59999999999998 -256
v 38.400000000000006 111.99999999999997 -256
v 64 105.59999999999998 -275.2
v 54.400000000000006 107.99999999999997 -275.2
v 38.400000000000006 111.99999999999997 -281.6
v 12.8 118.39999999999998 -281.6
v 38.400000000000006 111.99999999999996 -294.40000000000003
v 12.8 118.39999999999996 -294.40000000000003
v 38.400000000000006 111.99999999999997 -256
v 12.8 118.39999999999998 -256
v 38.400000000000006 111.99999999999997 -281.6
v 12.8 118.39999999999998 -281.6
v 38.400000000000006 83.19999999999997 -179.20000000000002
v 38.400000000000006 83.19999999999999 -153.60000000000002
v 12.8 89.59999999999998 -179.20000000000002
v 12.8 89.6 -153.60000000000002
v 64 76.8 -153.60000000000002
v 38.400000000000006 83.19999999999999 -153.60000000000002
v 64 76.79999999999998 -179.20000000000002
v 38.400000000000006 83.19999999999997 -179.20000000000002
v 38.400000000000006 83.19999999999997 -204.8
v 64 76.79999999999998 -204.8
v 38.400000000000006 83.19999999999997 -179.20000000000002
v 64 76.79999999999998 -179.20000000000002
v 12.8 89.59999999999998 -179.20000000000002
v 28.8 85.59999999999998 -204.8
v 38.400000000000006 83.19999999999997 -179.20000000000002
v 38.400000000000006 83.19999999999997 -204.8
v 12.8 89.59999999999998 -230.4
v 38.400000000000006 83.19999999999997 -230.4
v 28.8 85.59999999999998 -211.20000000000002
v 38.400000000000006 83.19999999999997 -211.20000000000002
v 38.400000000000006 83.19999999999997 -230.4
v 64 76.79999999999998 -230.4
v 38.400000000000006 83.19999999999997 -211.20000000000002
v 64 76.79999999999998 -204.8
v 28.8 85.59999999999998 -211.20000000000002
v 28.8 85.59999999999998 -204.8
v 12.8 89.59999999999998 -230.4
v 12.8 89.59999999999998 -204.8
vt 0.5 0.4609375
vt 0.6171875 0.4609375
vt 0.6171875 0.375
vt 0.71875 0.40625
vt 0.71875 0.28125
vt 0.875 0.28125
vt 0.6875 0.21875
vt 0.7421875 0.4375
vt 0.7421875 0.21875
vt 0.9921875 0.1328125
vt 0.7421875 0
vt 0.9921875 0
vt 0.71875 0.40625
vt 0.875 0.28125
vt 0.9296875 0.40625
vt 0.9296875 0.28125
vt 0.71875 0.28125
vt 0.71875 0.40625
vt 0.5 0.28125
vt 0.5 0.40625
vt 0.75 0.21875
vt 0.75 0.4609375
vt 0.5 0.21875
vt 0.5 0.4609375
vt 0.9921875 0.21875
vt 0.9921875 0.375
vt 0.75 0.21875
vt 0.9375 0.375
vt 0.6171875 0.21875
vt 0.5 0.21875
vt 0.6171875 0.375
vt 0.5 0.4609375
vt 0.6171875 0.40625
vt 0.6171875 0.28125
vt 0.5 0.40625
vt 0.5 0.28125
vt 0.5 0.21875
vt 0.5 0
vt 0.75 0.21875
vt 0.75 0
vt 0.75 0.4609375
vt 0.75 0.21875
vt 0.9375 0.4609375
vt 0.9375 0.375
vt 0.6171875 0.21875
vt 0.6171875 0
vt 0.5 0.21875
vt 0.5 0
vt 0.75 0.21875
vt 0.75 0
vt 0.9921875 0.21875
vt 0.9921875 0
vt 0.7421875 0.21875
vt 0.5 0.21875
vt 0.7421875 0
vt 0.5 0
vt 0.5 0.4375
vt 0.5 0.21875
vt 0.7421875 0.4375
vt 0.7421875 0.21875
vt 0.9921875 0.21875
vt 0.9921875 0.4375
vt 0.7421875 0.21875
vt 0.7421875 0.4375
vt 0.7421875 0
vt 0.9921875 0.1328125
vt 0.7421875 0.21875
vt 0.9921875 0.21875
vt 0.5 0
vt 0.5 0.21875
vt 0.6875 0.1328125
vt 0.6875 0.21875
vt 0.5 0.21875
vt 0.5 0.4375
vt 0.6875 0.21875
vt 0.7421875 0.4375
vt 0.6875 0.1328125
vt 0.7421875 0.1328125
vt 0.5 0
vt 0.7421875 0
vn 0.24253562503633297 0.9701425001453319 -1.1880819075197913e-16
vn 0.24253562503633297 0.9701425001453319 -1.1880819075197913e-16
vn 0.24253562503633297 0.9701425001453319 -1.1880819075197913e-16
vn 0.24253562503633297 0.9701425001453319 -1.1880819075197913e-16
vn 0.24253562503633297 0.9701425001453319 -1.1880819075197913e-16
vn 0.24253562503633297 0.9701425001453319 -1.1880819075197913e-16
vn 0.24253562503633297 0.9701425001453319 -1.1880819075197913e-16
vn 0.24253562503633297 0.9701425001453319 -1.1880819075197913e-16
vn 0.24253562503633297 0.9701425001453319 -1.1880819075197913e-16
vn 0.24253562503633297 0.9701425001453319 -1.1880819075197913e-16
vn 0.24253562503633297 0.9701425001453319 -1.1880819075197913e-16
vn 0.24253562503633297 0.9701425001453319 -1.1880819075197913e-16
vn 0.24253562503633297 0.9701425001453319 -1.1880819075197913e-16
vn 0.24253562503633297 0.9701425001453319 -1.1880819075197913e-16
vn 0.24253562503633297 0.9701425001453319 -1.1880819075197913e-16
vn 0.24253562503633297 0.9701425001453319 -1.1880819075197913e-16
vn 0.24253562503633297 0.9701425001453319 -1.1880819075197913e-16
vn 0.24253562503633297 0.9701425001453319 -1.1880819075197913e-16
vn 0.24253562503633297 0.9701425001453319 -1.1880819075197913e-16
vn 0.24253562503633297 0.9701425001453319 -1.1880819075197913e-16
vn 0.24253562503633297 0.9701425001453319 -1.1880819075197913e-16
vn 0.24253562503633297 0.9701425001453319 -1.1880819075197913e-16
vn 0.24253562503633297 0.9701425001453319 -1.1880819075197913e-16
vn 0.24253562503633297 0.9701425001453319 -1.1880819075197913e-16
vn 0.24253562503633297 0.9701425001453319 -1.1880819075197913e-16
vn 0.24253562503633297 0.9701425001453319 -1.1880819075197913e-16
vn 0.24253562503633297 0.9701425001453319 -1.1880819075197913e-16
vn 0.24253562503633297 0.9701425001453319 -1.1880819075197913e-16
vn 0.24253562503633297 0.9701425001453319 -1.1880819075197913e-16
vn 0.24253562503633297 0.9701425001453319 -1.1880819075197913e-16
vn 0.24253562503633297 0.9701425001453319 -1.1880819075197913e-16
vn 0.24253562503633297 0.9701425001453319 -1.1880819075197913e-16
vn 0.24253562503633297 0.9701425001453319 -1.1880819075197913e-16
vn 0.24253562503633297 0.9701425001453319 -1.1880819075197913e-16
vn 0.24253562503633297 0.9701425001453319 -1.1880819075197913e-16
vn 0.24253562503633297 0.9701425001453319 -1.1880819075197913e-16
vn 0.24253562503633297 0.9701425001453319 -1.1880819075197913e-16
vn 0.24253562503633297 0.9701425001453319 -1.1880819075197913e-16
vn 0.24253562503633297 0.9701425001453319 -1.1880819075197913e-16
vn 0.24253562503633297 0.9701425001453319 -1.1880819075197913e-16
vn 0.24253562503633297 0.9701425001453319 -1.1880819075197913e-16
vn 0.24253562503633297 0.9701425001453319 -1.1880819075197913e-16
vn 0.24253562503633297 0.9701425001453319 -1.1880819075197913e-16
vn 0.24253562503633297 0.9701425001453319 -1.1880819075197913e-16
vn 0.24253562503633297 0.9701425001453319 -1.1880819075197913e-16
vn 0.24253562503633297 0.9701425001453319 -1.1880819075197913e-16
vn 0.24253562503633297 0.9701425001453319 -1.1880819075197913e-16
vn 0.24253562503633297 0.9701425001453319 -1.1880819075197913e-16
vn 0.24253562503633297 0.9701425001453319 -1.1880819075197913e-16
vn 0.24253562503633297 0.9701425001453319 -1.1880819075197913e-16
vn 0.24253562503633297 0.9701425001453319 -1.1880819075197913e-16
vn 0.24253562503633297 0.9701425001453319 -1.1880819075197913e-16
vn 0.24253562503633297 0.9701425001453319 -1.1880819075197913e-16
vn 0.24253562503633297 0.9701425001453319 -1.1880819075197913e-16
vn 0.24253562503633297 0.9701425001453319 -1.1880819075197913e-16
vn 0.24253562503633297 0.9701425001453319 -1.1880819075197913e-16
vn 0.24253562503633297 0.9701425001453319 -1.1880819075197913e-16
vn 0.24253562503633297 0.9701425001453319 -1.1880819075197913e-16
vn 0.24253562503633297 0.9701425001453319 -1.1880819075197913e-16
vn 0.24253562503633297 0.9701425001453319 -1.1880819075197913e-16
vn 0.24253562503633297 0.9701425001453319 -1.1880819075197913e-16
vn 0.24253562503633297 0.9701425001453319 -1.1880819075197913e-16
vn 0.24253562503633297 0.9701425001453319 -1.1880819075197913e-16
vn 0.24253562503633297 0.9701425001453319 -1.1880819075197913e-16
vn 0.24253562503633297 0.9701425001453319 -1.1880819075197913e-16
vn 0.24253562503633297 0.9701425001453319 -1.1880819075197913e-16
vn 0.24253562503633297 0.9701425001453319 -1.1880819075197913e-16
vn 0.24253562503633297 0.9701425001453319 -1.1880819075197913e-16
vn 0.24253562503633297 0.9701425001453319 -1.1880819075197913e-16
vn 0.24253562503633297 0.9701425001453319 -1.1880819075197913e-16
vn 0.24253562503633297 0.9701425001453319 -1.1880819075197913e-16
vn 0.24253562503633297 0.9701425001453319 -1.1880819075197913e-16
vn 0.24253562503633297 0.9701425001453319 -1.1880819075197913e-16
vn 0.24253562503633297 0.9701425001453319 -1.1880819075197913e-16
vn 0.24253562503633297 0.9701425001453319 -1.1880819075197913e-16
vn 0.24253562503633297 0.9701425001453319 -1.1880819075197913e-16
vn 0.24253562503633297 0.9701425001453319 -1.1880819075197913e-16
vn 0.24253562503633297 0.9701425001453319 -1.1880819075197913e-16
vn 0.24253562503633297 0.9701425001453319 -1.1880819075197913e-16
vn 0.24253562503633297 0.9701425001453319 -1.1880819075197913e-16
f 2405/2405/2405 2404/2404/2404 2403/2403/2403
f 2408/2408/2408 2407/2407/2407 2406/2406/2406
f 2411/2411/2411 2410/2410/2410 2409/2409/2409
f 2414/2414/2414 2413/2413/2413 2412/2412/2412
f 2417/2417/2417 2416/2416/2416 2415/2415/2415
f 2416/2416/2416 2417/2417/2417 2418/2418/2418
f 2421/2421/2421 2420/2420/2420 2419/2419/2419
f 2420/2420/2420 2421/2421/2421 2422/2422/2422
f 2425/2425/2425 2424/2424/2424 2423/2423/2423
f 2424/2424/2424 2425/2425/2425 2426/2426/2426
f 2429/2429/2429 2428/2428/2428 2427/2427/2427
f 2428/2428/2428 2429/2429/2429 2430/2430/2430
f 2433/2433/2433 2432/2432/2432 2431/2431/2431
f 2432/2432/2432 2433/2433/2433 2434/2434/2434
f 2437/2437/2437 2436/2436/2436 2435/2435/2435
f 2436/2436/2436 2437/2437/2437 2438/2438/2438
f 2441/2441/2441 2440/2440/2440 2439/2439/2439
f 2440/2440/2440 2441/2441/2441 2442/2442/2442
f 2445/2445/2445 2444/2444/2444 2443/2443/2443
f 2444/2444/2444 2445/2445/2445 2446/2446/2446
f 2449/2449/2449 2448/2448/2448 2447/2447/2447
f 2448/2448/2448 2449/2449/2449 2450/2450/2450
f 2453/2453/2453 2452/2452/2452 2451/2451/2451
f 2452/2452/2452 2453/2453/2453 2454/2454/2454
f 2457/2457/2457 2456/2456/2456 2455/2455/2455
f 2456/2456/2456 2457/2457/2457 2458/2458/2458
f 2461/2461/2461 2460/2460/2460 2459/2459/2459
f 2460/2460/2460 2461/2461/2461 2462/2462/2462
f 2465/2465/2465 2464/2464/2464 2463/2463/2463
f 2464/2464/2464 2465/2465/2465 2466/2466/2466
f 2469/2469/2469 2468/2468/2468 2467/2467/2467
f 2468/2468/2468 2469/2469/2469 2470/2470/2470
f 2473/2473/2473 2472/2472/2472 2471/2471/2471
f 2472/2472/2472 2473/2473/2473 2474/2474/2474
f 2477/2477/2477 2476/2476/2476 2475/2475/2475
f 2476/2476/2476 2477/2477/2477 2478/2478/2478
f 2481/2481/2481 2480/2480/2480 2479/2479/2479
f 2480/2480/2480 2481/2481/2481 2482/2482/2482
o mesh_57
usemtl mat13
v 51.2 38.399999999999984 -153.60000000000002
v 51.2 25.599999999999984 -153.60000000000002
v 38.400000000000006 25.599999999999984 -153.60000000000002
v 64 38.399999999999984 -190.4
v 64 25.599999999999977 -190.4
v 64 38.399999999999984 -179.20000000000002
v 64 25.59999999999998 -179.20000000000002
v 64 70.39999999999998 -190.4
v 64 54.399999999999984 -190.4
v 64 70.39999999999998 -179.20000000000002
v 64 54.399999999999984 -179.20000000000002
v 64 70.39999999999998 -204.8
v 64 70.39999999999998 -216
v 64 54.39999999999998 -204.8
v 64 54.39999999999998 -216
v 64 38.399999999999984 -179.20000000000002
v 64 47.99999999999998 -179.20000000000002
v 64 38.399999999999984 -190.4
v 64 47.99999999999998 -190.4
vt 0.3671875 0.625
vt 0.3671875 0.7421875
vt 0.25 0.7421875
vt 0.3671875 0.6015625
vt 0.3671875 0.7421875
vt 0.25 0.6015625
vt 0.25 0.7421875
vt 0.3671875 0.5
vt 0.3671875 0.7421875
vt 0.25 0.5
vt 0.25 0.7421875
vt 0.25 0.5
vt 0.3671875 0.5
vt 0.25 0.7421875
vt 0.3671875 0.7421875
vt 0.25 0.6015625
vt 0.25 0.5
vt 0.3671875 0.6015625
vt 0.3671875 0.5
vn 0 1.2246467991473532e-16 1
vn 0 1.2246467991473532e-16 1
vn 0 1.2246467991473532e-16 1
vn 1 0 0
vn 1 0 0
vn 1 0 0
vn 1 0 0
vn 1 0 0
vn 1 0 0
vn 1 0 0
vn 1 0 0
vn 1 0 0
vn 1 0 0
vn 1 0 0
vn 1 0 0
vn 1 0 0
vn 1 0 0
vn 1 0 0
vn 1 0 0
f 2485/2485/2485 2484/2484/2484 2483/2483/2483
f 2488/2488/2488 2487/2487/2487 2486/2486/2486
f 2487/2487/2487 2488/2488/2488 2489/2489/2489
f 2492/2492/2492 2491/2491/2491 2490/2490/2490
f 2491/2491/2491 2492/2492/2492 2493/2493/2493
f 2496/2496/2496 2495/2495/2495 2494/2494/2494
f 2495/2495/2495 2496/2496/2496 2497/2497/2497
f 2500/2500/2500 2499/2499/2499 2498/2498/2498
f 2499/2499/2499 2500/2500/2500 2501/2501/2501
o mesh_58
usemtl mat14
v 76.80000000000001 99.19999999999997 -244.8
v 76.80000000000001 99.19999999999997 -256
v 76.80000000000001 76.79999999999998 -244.8
v 76.80000000000001 76.79999999999998 -256
v 76.80000000000001 99.19999999999997 -270.40000000000003
v 78.4 99.19999999999997 -264.8
v 76.80000000000001 76.79999999999998 -270.40000000000003
v 78.4 76.79999999999998 -264.8
v 78.4 99.19999999999997 -287.2
v 76.80000000000001 99.19999999999997 -281.6
v 78.4 76.79999999999998 -287.2
v 76.80000000000001 76.79999999999998 -281.6
vt 0.125 0.5
vt 0.2421875 0.5
vt 0.125 0.7421875
vt 0.2421875 0.7421875
vt 0.125 0.5
vt 0.1796875 0.5
vt 0.125 0.7421875
vt 0.1796875 0.7421875
vt 0.1875 0.5
vt 0.2421875 0.5
vt 0.1875 0.7421875
vt 0.2421875 0.7421875
vn 1 0 0
vn 1 0 0
vn 1 0 0
vn 1 0 0
vn -0.961523951014671 3.364363354764729e-17 0.2747211160889107
vn -0.961523951014671 3.364363354764729e-17 0.2747211160889107
vn -0.961523951014671 3.364363354764729e-17 0.2747211160889107
vn -0.961523951014671 3.364363354764729e-17 0.2747211160889107
vn -0.961523951014671 -3.364363354764729e-17 -0.2747211160889107
vn -0.961523951014671 -3.364363354764729e-17 -0.2747211160889107
vn -0.961523951014671 -3.364363354764729e-17 -0.2747211160889107
vn -0.961523951014671 -3.364363354764729e-17 -0.2747211160889107
f 2504/2504/2504 2503/2503/2503 2502/2502/2502
f 2503/2503/2503 2504/2504/2504 2505/2505/2505
f 2508/2508/2508 2507/2507/2507 2506/2506/2506
f 2507/2507/2507 2508/2508/2508 2509/2509/2509
f 2512/2512/2512 2511/2511/2511 2510/2510/2510
f 2511/2511/2511 2512/2512/2512 2513/2513/2513
o mesh_59
usemtl mat10
v 76.80000000000001 102.39999999999998 -281.6
v 76.80000000000001 102.39999999999998 -256
v 83.2 100.79999999999998 -281.6
v 83.2 100.79999999999998 -256
v 70.4 75.19999999999997 -179.20000000000002
v 70.4 75.19999999999997 -204.8
v 64 76.79999999999998 -179.20000000000002
v 64 76.79999999999998 -204.8
vt 0 0.2421875
vt 0.2421875 0.2421875
vt 0 0.1875
vt 0.2421875 0.1875
vt 0.2421875 0.1875
vt 0 0.1875
vt 0.2421875 0.2421875
vt 0 0.2421875
vn -0.24253562503633297 -0.9701425001453319 1.1880819075197913e-16
vn -0.24253562503633297 -0.9701425001453319 1.1880819075197913e-16
vn -0.24253562503633297 -0.9701425001453319 1.1880819075197913e-16
vn -0.24253562503633297 -0.9701425001453319 1.1880819075197913e-16
vn -0.24253562503633297 -0.9701425001453319 1.1880819075197913e-16
vn -0.24253562503633297 -0.9701425001453319 1.1880819075197913e-16
vn -0.24253562503633297 -0.9701425001453319 1.1880819075197913e-16
vn -0.24253562503633297 -0.9701425001453319 1.1880819075197913e-16
f 2516/2516/2516 2515/2515/2515 2514/2514/2514
f 2515/2515/2515 2516/2516/2516 2517/2517/2517
f 2520/2520/2520 2519/2519/2519 2518/2518/2518
f 2519/2519/2519 2520/2520/2520 2521/2521/2521
o mesh_60
usemtl mat18
v 64 105.59999999999998 -281.6
v 64 131.2 -281.6
v 54.400000000000006 107.99999999999997 -281.6
v 54.400000000000006 131.2 -281.6
v 64 105.59999999999998 -275.2
v 64 131.2 -275.2
v 64 105.59999999999998 -281.6
v 64 131.2 -281.6
v 54.400000000000006 107.99999999999997 -281.6
v 54.400000000000006 131.2 -281.6
v 54.400000000000006 107.99999999999997 -275.2
v 54.400000000000006 131.2 -275.2
v 54.400000000000006 131.2 -281.6
v 64 131.2 -281.6
v 54.400000000000006 131.2 -275.2
v 64 131.2 -275.2
v 54.400000000000006 107.99999999999997 -275.2
v 54.400000000000006 131.2 -275.2
v 64 105.59999999999998 -275.2
v 64 131.2 -275.2
v 38.400000000000006 83.19999999999997 -211.20000000000002
v 38.400000000000006 108.79999999999998 -211.20000000000002
v 28.8 85.59999999999998 -211.20000000000002
v 28.8 108.79999999999998 -211.20000000000002
v 38.400000000000006 83.19999999999997 -204.8
v 38.400000000000006 108.79999999999998 -204.8
v 38.400000000000006 83.19999999999997 -211.20000000000002
v 38.400000000000006 108.79999999999998 -211.20000000000002
v 28.8 85.59999999999998 -211.20000000000002
v 28.8 108.79999999999998 -211.20000000000002
v 28.8 85.59999999999998 -204.8
v 28.8 108.79999999999998 -204.8
v 28.8 108.79999999999998 -211.20000000000002
v 38.400000000000006 108.79999999999998 -211.20000000000002
v 28.8 108.79999999999998 -204.8
v 38.400000000000006 108.79999999999998 -204.8
v 28.8 85.59999999999998 -204.8
v 28.8 108.79999999999998 -204.8
v 38.400000000000006 83.19999999999997 -204.8
v 38.400000000000006 108.79999999999998 -204.8
vt 0.0625 0.1796875
vt 0.0625 0
vt 0.125 0.1640625
vt 0.125 0
vt 0.125 0.1796875
vt 0.125 0
vt 0.1796875 0.1796875
vt 0.1796875 0
vt 0.1796875 0.1640625
vt 0.1796875 0
vt 0.125 0.1640625
vt 0.125 0
vt 0.1875 0
vt 0.2421875 0
vt 0.1875 0.1171875
vt 0.2421875 0.1171875
vt 0.125 0.1640625
vt 0.125 0
vt 0.0625 0.1796875
vt 0.0625 0
vt 0.0625 0.1796875
vt 0.0625 0
vt 0.125 0.1640625
vt 0.125 0
vt 0.125 0.1796875
vt 0.125 0
vt 0.1796875 0.1796875
vt 0.1796875 0
vt 0.1796875 0.1640625
vt 0.1796875 0
vt 0.125 0.1640625
vt 0.125 0
vt 0.1875 0.1171875
vt 0.1875 0
vt 0.2421875 0.1171875
vt 0.2421875 0
vt 0.125 0.1640625
vt 0.125 0
vt 0.0625 0.1796875
vt 0.0625 0
vn 0 -1.2246467991473532e-16 -1
vn 0 -1.2246467991473532e-16 -1
vn 0 -1.2246467991473532e-16 -1
vn 0 -1.2246467991473532e-16 -1
vn 1 0 0
vn 1 0 0
vn 1 0 0
vn 1 0 0
vn -1 0 0
vn -1 0 0
vn -1 0 0
vn -1 0 0
vn 0 1 -1.2246467991473532e-16
vn 0 1 -1.2246467991473532e-16
vn 0 1 -1.2246467991473532e-16
vn 0 1 -1.2246467991473532e-16
vn 0 1.2246467991473532e-16 1
vn 0 1.2246467991473532e-16 1
vn 0 1.2246467991473532e-16 1
vn 0 1.2246467991473532e-16 1
vn 0 -1.2246467991473532e-16 -1
vn 0 -1.2246467991473532e-16 -1
vn 0 -1.2246467991473532e-16 -1
vn 0 -1.2246467991473532e-16 -1
vn 1 0 0
vn 1 0 0
vn 1 0 0
vn 1 0 0
vn -1 0 0
vn -1 0 0
vn -1 0 0
vn -1 0 0
vn 0 1 -1.2246467991473532e-16
vn 0 1 -1.2246467991473532e-16
vn 0 1 -1.2246467991473532e-16
vn 0 1 -1.2246467991473532e-16
vn 0 1.2246467991473532e-16 1
vn 0 1.2246467991473532e-16 1
vn 0 1.2246467991473532e-16 1
vn 0 1.2246467991473532e-16 1
f 2524/2524/2524 2523/2523/2523 2522/2522/2522
f 2523/2523/2523 2524/2524/2524 2525/2525/2525
f 2528/2528/2528 2527/2527/2527 2526/2526/2526
f 2527/2527/2527 2528/2528/2528 2529/2529/2529
f 2532/2532/2532 2531/2531/2531 2530/2530/2530
f 2531/2531/2531 2532/2532/2532 2533/2533/2533
f 2536/2536/2536 2535/2535/2535 2534/2534/2534
f 2535/2535/2535 2536/2536/2536 2537/2537/2537
f 2540/2540/2540 2539/2539/2539 2538/2538/2538
f 2539/2539/2539 2540/2540/2540 2541/2541/2541
f 2544/2544/2544 2543/2543/2543 2542/2542/2542
f 2543/2543/2543 2544/2544/2544 2545/2545/2545
f 2548/2548/2548 2547/2547/2547 2546/2546/2546
f 2547/2547/2547 2548/2548/2548 2549/2549/2549
f 2552/2552/2552 2551/2551/2551 2550/2550/2550
f 2551/2551/2551 2552/2552/2552 2553/2553/2553
f 2556/2556/2556 2555/2555/2555 2554/2554/2554
f 2555/2555/2555 2556/2556/2556 2557/2557/2557
f 2560/2560/2560 2559/2559/2559 2558/2558/2558
f 2559/2559/2559 2560/2560/2560 2561/2561/2561
o mesh_61
usemtl mat3
v 64 51.19999999999998 -166.4
v 64 51.19999999999998 -153.60000000000002
v 64 76.8 -153.60000000000002
v 64 38.39999999999997 -294.40000000000003
v 64 51.19999999999997 -294.40000000000003
v 38.400000000000006 51.19999999999997 -294.40000000000003
v 64 76.8 -153.60000000000002
v 64 51.19999999999998 -153.60000000000002
v 51.2 51.19999999999998 -153.60000000000002
v 38.400000000000006 51.19999999999997 -294.40000000000003
v 64 31.999999999999964 -294.40000000000003
v 64 38.39999999999997 -294.40000000000003
v 38.400000000000006 12.799999999999981 -153.60000000000002
v 38.400000000000006 -1.8810574834903348e-14 -153.60000000000002
v 12.8 -1.8810574834903348e-14 -153.60000000000002
v 38.400000000000006 51.19999999999998 -153.60000000000002
v 38.400000000000006 25.599999999999984 -153.60000000000002
v 12.8 25.599999999999984 -153.60000000000002
v 12.8 12.799999999999981 -153.60000000000002
v 12.8 25.599999999999984 -153.60000000000002
v 38.400000000000006 25.599999999999984 -153.60000000000002
v 12.8 25.599999999999984 -153.60000000000002
v 12.8 51.19999999999998 -153.60000000000002
v 38.400000000000006 51.19999999999998 -153.60000000000002
v 38.400000000000006 25.599999999999984 -153.60000000000002
v 38.400000000000006 12.799999999999981 -153.60000000000002
v 12.8 12.799999999999981 -153.60000000000002
v 12.8 -1.8810574834903348e-14 -153.60000000000002
v 12.8 12.799999999999981 -153.60000000000002
v 38.400000000000006 12.799999999999981 -153.60000000000002
v 76.80000000000001 38.39999999999997 -268.8
v 76.80000000000001 38.39999999999997 -281.6
v 76.80000000000001 25.59999999999997 -268.8
v 76.80000000000001 25.599999999999966 -281.6
v 76.80000000000001 51.199999999999974 -243.20000000000002
v 76.80000000000001 51.199999999999974 -230.4
v 76.80000000000001 76.79999999999998 -244.8
v 76.80000000000001 76.79999999999998 -230.4
v 76.80000000000001 51.19999999999997 -268.8
v 76.80000000000001 51.199999999999974 -256
v 76.80000000000001 76.79999999999998 -270.40000000000003
v 76.80000000000001 76.79999999999998 -256
v 76.80000000000001 19.199999999999974 -243.20000000000002
v 76.80000000000001 12.799999999999972 -230.4
v 76.80000000000001 25.599999999999973 -243.20000000000002
v 76.80000000000001 25.599999999999973 -230.4
v 64 12.799999999999974 -217.60000000000002
v 64 12.799999999999976 -204.8
v 64 25.599999999999977 -216
v 64 25.599999999999977 -204.8
v 64 25.599999999999977 -190.4
v 64 25.599999999999977 -204.8
v 64 12.799999999999978 -190.4
v 64 12.799999999999976 -204.8
v 51.2 51.19999999999998 -153.60000000000002
v 38.400000000000006 51.19999999999998 -153.60000000000002
v 64 76.8 -153.60000000000002
v 38.400000000000006 83.19999999999999 -153.60000000000002
v 64 51.19999999999998 -166.4
v 64 76.8 -153.60000000000002
v 64 54.399999999999984 -179.20000000000002
v 64 70.39999999999998 -179.20000000000002
v 76.80000000000001 38.39999999999998 -243.20000000000002
v 76.80000000000001 38.39999999999998 -256
v 76.80000000000001 25.599999999999973 -243.20000000000002
v 76.80000000000001 25.59999999999997 -256
v 76.80000000000001 76.79999999999998 -244.8
v 76.80000000000001 76.79999999999998 -256
v 76.80000000000001 51.199999999999974 -243.20000000000002
v 76.80000000000001 51.199999999999974 -256
v 76.80000000000001 76.79999999999998 -270.40000000000003
v 76.80000000000001 76.79999999999998 -281.6
v 76.80000000000001 51.19999999999997 -268.8
v 76.80000000000001 51.19999999999997 -281.6
v 51.2 -1.8810574834903348e-14 -153.60000000000002
v 38.400000000000006 -1.8810574834903348e-14 -153.60000000000002
v 51.2 12.799999999999981 -153.60000000000002
v 38.400000000000006 12.799999999999981 -153.60000000000002
v 51.2 25.599999999999984 -153.60000000000002
v 64 25.599999999999984 -153.60000000000002
v 51.2 12.799999999999981 -153.60000000000002
v 64 12.799999999999981 -153.60000000000002
v 64 25.59999999999998 -166.4
v 64 25.59999999999998 -179.20000000000002
v 64 12.799999999999981 -166.4
v 64 12.79999999999998 -179.20000000000002
v 76.80000000000001 76.79999999999998 -244.8
v 76.80000000000001 76.79999999999998 -230.4
v 76.80000000000001 99.19999999999997 -244.8
v 76.80000000000001 102.39999999999998 -230.4
v 64 -2.037812273781196e-14 -166.4
v 64 -1.8810574834903348e-14 -153.60000000000002
v 64 12.799999999999981 -166.4
v 64 12.799999999999981 -153.60000000000002
v 12.8 76.79999999999997 -294.40000000000003
v 12.8 51.19999999999997 -294.40000000000003
v 38.400000000000006 76.79999999999997 -294.40000000000003
v 38.400000000000006 51.19999999999997 -294.40000000000003
v 64 51.19999999999997 -294.40000000000003
v 76.80000000000001 51.19999999999997 -294.40000000000003
v 64 76.79999999999997 -294.40000000000003
v 76.80000000000001 76.79999999999997 -294.40000000000003
v 76.80000000000001 76.79999999999998 -281.6
v 76.80000000000001 76.79999999999997 -294.40000000000003
v 76.80000000000001 51.19999999999997 -281.6
v 76.80000000000001 51.19999999999997 -294.40000000000003
v 64 76.79999999999997 -294.40000000000003
v 76.80000000000001 76.79999999999997 -294.40000000000003
v 64 105.59999999999997 -294.40000000000003
v 76.80000000000001 102.39999999999996 -294.40000000000003
v 12.8 118.39999999999996 -294.40000000000003
v 12.8 76.79999999999997 -294.40000000000003
v 38.400000000000006 111.99999999999996 -294.40000000000003
v 38.400000000000006 76.79999999999997 -294.40000000000003
v 76.80000000000001 25.599999999999973 -243.20000000000002
v 76.80000000000001 25.599999999999973 -230.4
v 76.80000000000001 38.39999999999998 -243.20000000000002
v 76.80000000000001 38.39999999999998 -230.4
v 76.80000000000001 38.39999999999998 -230.4
v 76.80000000000001 25.599999999999973 -230.4
v 64 38.39999999999998 -230.4
v 64 25.599999999999973 -230.4
v 64 76.79999999999998 -230.4
v 76.80000000000001 76.79999999999998 -230.4
v 64 51.199999999999974 -230.4
v 76.80000000000001 51.199999999999974 -230.4
v 64 105.59999999999998 -230.4
v 76.80000000000001 102.39999999999998 -230.4
v 64 76.79999999999998 -230.4
v 76.80000000000001 76.79999999999998 -230.4
v 64 105.59999999999997 -294.40000000000003
v 38.400000000000006 111.99999999999996 -294.40000000000003
v 64 76.79999999999997 -294.40000000000003
v 38.400000000000006 76.79999999999997 -294.40000000000003
v 64 76.79999999999997 -294.40000000000003
v 38.400000000000006 76.79999999999997 -294.40000000000003
v 64 51.19999999999997 -294.40000000000003
v 38.400000000000006 51.19999999999997 -294.40000000000003
v 64 76.79999999999998 -230.4
v 64 51.199999999999974 -230.4
v 64 70.39999999999998 -216
v 64 54.39999999999998 -216
v 64 12.799999999999978 -190.4
v 64 12.79999999999998 -179.20000000000002
v 64 25.599999999999977 -190.4
v 64 25.59999999999998 -179.20000000000002
v 64 12.799999999999981 -166.4
v 64 12.79999999999998 -179.20000000000002
v 64 -2.037812273781196e-14 -166.4
v 64 -2.194567064072057e-14 -179.20000000000002
v 64 38.39999999999997 -294.40000000000003
v 64 31.999999999999964 -294.40000000000003
v 76.80000000000001 38.39999999999997 -294.40000000000003
v 76.80000000000001 31.999999999999964 -294.40000000000003
v 51.2 12.799999999999981 -153.60000000000002
v 64 12.799999999999981 -153.60000000000002
v 51.2 -1.8810574834903348e-14 -153.60000000000002
v 64 -1.8810574834903348e-14 -153.60000000000002
v 12.8 89.6 -153.60000000000002
v 38.400000000000006 83.19999999999999 -153.60000000000002
v 12.8 51.19999999999998 -153.60000000000002
v 38.400000000000006 51.19999999999998 -153.60000000000002
v 76.80000000000001 12.799999999999972 -230.4
v 64 12.799999999999972 -230.4
v 76.80000000000001 25.599999999999973 -230.4
v 64 25.599999999999973 -230.4
v 64 25.599999999999977 -216
v 64 25.599999999999973 -230.4
v 64 12.799999999999974 -217.60000000000002
v 64 12.799999999999972 -230.4
v 76.80000000000001 38.39999999999997 -281.6
v 76.80000000000001 51.19999999999997 -281.6
v 76.80000000000001 38.39999999999997 -294.40000000000003
v 76.80000000000001 51.19999999999997 -294.40000000000003
v 51.2 12.799999999999981 -153.60000000000002
v 38.400000000000006 12.799999999999981 -153.60000000000002
v 51.2 25.599999999999984 -153.60000000000002
v 38.400000000000006 25.599999999999984 -153.60000000000002
v 64 12.799999999999981 -166.4
v 64 12.799999999999981 -153.60000000000002
v 64 25.59999999999998 -166.4
v 64 25.599999999999984 -153.60000000000002
v 76.80000000000001 38.39999999999997 -294.40000000000003
v 76.80000000000001 31.999999999999964 -294.40000000000003
v 76.80000000000001 38.39999999999997 -281.6
v 76.80000000000001 25.599999999999966 -281.6
vt 0.1171875 0.4921875
vt 0 0.4921875
vt 0 0.25
vt 0.2421875 0.875
vt 0.2421875 0.75
vt 0.4921875 0.75
vt 0.4921875 0.25
vt 0.4921875 0.5
vt 0.3671875 0.5
vt 0.4921875 0.75
vt 0.2421875 0.9375
vt 0.2421875 0.875
vt 0.25 0.875
vt 0.25 0.9921875
vt 0 0.9921875
vt 0.25 0.5
vt 0.25 0.75
vt 0 0.75
vt 0 0.875
vt 0 0.75
vt 0.25 0.75
vt 0 0.75
vt 0 0.5
vt 0.25 0.5
vt 0.25 0.75
vt 0.25 0.875
vt 0 0.875
vt 0 0.9921875
vt 0 0.875
vt 0.25 0.875
vt 0.3671875 0.875
vt 0.4921875 0.875
vt 0.3671875 0.9921875
vt 0.4921875 0.9921875
vt 0.125 0.75
vt 0 0.75
vt 0.1328125 0.5
vt 0 0.5
vt 0.3671875 0.75
vt 0.2421875 0.75
vt 0.3828125 0.5
vt 0.2421875 0.5
vt 0.25 0.5625
vt 0.125 0.6171875
vt 0.25 0.5
vt 0.125 0.5
vt 0.1171875 0.8671875
vt 0 0.8671875
vt 0.1015625 0.7421875
vt 0 0.7421875
vt 0.3515625 0.7421875
vt 0.4921875 0.7421875
vt 0.3515625 0.8671875
vt 0.4921875 0.8671875
vt 0.3671875 0.5
vt 0.25 0.5
vt 0.4921875 0.25
vt 0.25 0.1875
vt 0.1171875 0.4921875
vt 0 0.25
vt 0.2421875 0.46875
vt 0.2421875 0.3125
vt 0.125 0.875
vt 0.2421875 0.875
vt 0.125 0.9921875
vt 0.2421875 0.9921875
vt 0.1328125 0.5
vt 0.2421875 0.5
vt 0.125 0.75
vt 0.2421875 0.75
vt 0.3828125 0.5
vt 0.4921875 0.5
vt 0.3671875 0.75
vt 0.4921875 0.75
vt 0.3671875 0.9921875
vt 0.25 0.9921875
vt 0.3671875 0.875
vt 0.25 0.875
vt 0.3671875 0.75
vt 0.4921875 0.75
vt 0.3671875 0.875
vt 0.4921875 0.875
vt 0.1171875 0.7421875
vt 0.2421875 0.7421875
vt 0.1171875 0.8671875
vt 0.2421875 0.8671875
vt 0.1328125 0.5
vt 0 0.5
vt 0.1328125 0.28125
vt 0 0.25
vt 0.1171875 0.9921875
vt 0 0.9921875
vt 0.1171875 0.875
vt 0 0.875
vt 0.25 0.5
vt 0.25 0.7421875
vt 0 0.5
vt 0 0.7421875
vt 0.2421875 0.75
vt 0.1171875 0.75
vt 0.2421875 0.5
vt 0.1171875 0.5
vt 0 0.5
vt 0.1171875 0.5
vt 0 0.75
vt 0.1171875 0.75
vt 0.2421875 0.5
vt 0.1171875 0.5
vt 0.2421875 0.21875
vt 0.1171875 0.25
vt 0.25 0.09375
vt 0.25 0.5
vt 0 0.15625
vt 0 0.5
vt 0.125 0.9921875
vt 0 0.9921875
vt 0.125 0.875
vt 0 0.875
vt 0.4921875 0.875
vt 0.4921875 0.9921875
vt 0.390625 0.875
vt 0.390625 0.9921875
vt 0.390625 0.5
vt 0.4921875 0.5
vt 0.390625 0.75
vt 0.4921875 0.75
vt 0.390625 0.21875
vt 0.4921875 0.25
vt 0.390625 0.5
vt 0.4921875 0.5
vt 0.2421875 0.21875
vt 0.4921875 0.15625
vt 0.2421875 0.5
vt 0.4921875 0.5
vt 0.2421875 0.5
vt 0.4921875 0.5
vt 0.2421875 0.75
vt 0.4921875 0.75
vt 0.2421875 0.25
vt 0.2421875 0.4921875
vt 0.1015625 0.3125
vt 0.1015625 0.46875
vt 0.3515625 0.8671875
vt 0.2421875 0.8671875
vt 0.3515625 0.7421875
vt 0.2421875 0.7421875
vt 0.1171875 0.875
vt 0.2421875 0.875
vt 0.1171875 0.9921875
vt 0.2421875 0.9921875
vt 0.2421875 0.875
vt 0.2421875 0.9375
vt 0.1171875 0.875
vt 0.1171875 0.9375
vt 0.3671875 0.875
vt 0.4921875 0.875
vt 0.3671875 0.9921875
vt 0.4921875 0.9921875
vt 0 0.125
vt 0.25 0.1875
vt 0 0.5
vt 0.25 0.5
vt 0.125 0.6171875
vt 0 0.6171875
vt 0.125 0.5
vt 0 0.5
vt 0.1015625 0.7421875
vt 0.2421875 0.7421875
vt 0.1171875 0.8671875
vt 0.2421875 0.8671875
vt 0 0.875
vt 0 0.75
vt 0.1171875 0.875
vt 0.1171875 0.75
vt 0.3671875 0.875
vt 0.25 0.875
vt 0.3671875 0.75
vt 0.25 0.75
vt 0.1171875 0.8671875
vt 0 0.8671875
vt 0.1171875 0.7421875
vt 0 0.7421875
vt 0.1171875 0.875
vt 0.1171875 0.9375
vt 0 0.875
vt 0 0.9921875
vn 1 0 0
vn 1 0 0
vn 1 0 0
vn 0 -1.2246467991473532e-16 -1
vn 0 -1.2246467991473532e-16 -1
vn 0 -1.2246467991473532e-16 -1
vn 0 1.2246467991473532e-16 1
vn 0 1.2246467991473532e-16 1
vn 0 1.2246467991473532e-16 1
vn 0 -1.2246467991473532e-16 -1
vn 0 -1.2246467991473532e-16 -1
vn 0 -1.2246467991473532e-16 -1
vn 0 1.2246467991473532e-16 1
vn 0 1.2246467991473532e-16 1
vn 0 1.2246467991473532e-16 1
vn 0 1.2246467991473532e-16 1
vn 0 1.2246467991473532e-16 1
vn 0 1.2246467991473532e-16 1
vn 0 1.2246467991473532e-16 1
vn 0 1.2246467991473532e-16 1
vn 0 1.2246467991473532e-16 1
vn 0 1.2246467991473532e-16 1
vn 0 1.2246467991473532e-16 1
vn 0 1.2246467991473532e-16 1
vn 0 1.2246467991473532e-16 1
vn 0 1.2246467991473532e-16 1
vn 0 1.2246467991473532e-16 1
vn 0 1.2246467991473532e-16 1
vn 0 1.2246467991473532e-16 1
vn 0 1.2246467991473532e-16 1
vn 1 0 0
vn 1 0 0
vn 1 0 0
vn 1 0 0
vn 1 0 0
vn 1 0 0
vn 1 0 0
vn 1 0 0
vn 1 0 0
vn 1 0 0
vn 1 0 0
vn 1 0 0
vn 1 0 0
vn 1 0 0
vn 1 0 0
vn 1 0 0
vn 1 0 0
vn 1 0 0
vn 1 0 0
vn 1 0 0
vn 1 0 0
vn 1 0 0
vn 1 0 0
vn 1 0 0
vn 0 1.2246467991473532e-16 1
vn 0 1.2246467991473532e-16 1
vn 0 1.2246467991473532e-16 1
vn 0 1.2246467991473532e-16 1
vn 1 0 0
vn 1 0 0
vn 1 0 0
vn 1 0 0
vn 1 0 0
vn 1 0 0
vn 1 0 0
vn 1 0 0
vn 1 0 0
vn 1 0 0
vn 1 0 0
vn 1 0 0
vn 1 0 0
vn 1 0 0
vn 1 0 0
vn 1 0 0
vn 0 1.2246467991473532e-16 1
vn 0 1.2246467991473532e-16 1
vn 0 1.2246467991473532e-16 1
vn 0 1.2246467991473532e-16 1
vn 0 1.2246467991473532e-16 1
vn 0 1.2246467991473532e-16 1
vn 0 1.2246467991473532e-16 1
vn 0 1.2246467991473532e-16 1
vn 1 0 0
vn 1 0 0
vn 1 0 0
vn 1 0 0
vn 1 0 0
vn 1 0 0
vn 1 0 0
vn 1 0 0
vn 1 0 0
vn 1 0 0
vn 1 0 0
vn 1 0 0
vn 0 -1.2246467991473532e-16 -1
vn 0 -1.2246467991473532e-16 -1
vn 0 -1.2246467991473532e-16 -1
vn 0 -1.2246467991473532e-16 -1
vn 0 -1.2246467991473532e-16 -1
vn 0 -1.2246467991473532e-16 -1
vn 0 -1.2246467991473532e-16 -1
vn 0 -1.2246467991473532e-16 -1
vn 1 0 0
vn 1 0 0
vn 1 0 0
vn 1 0 0
vn 0 -1.2246467991473532e-16 -1
vn 0 -1.2246467991473532e-16 -1
vn 0 -1.2246467991473532e-16 -1
vn 0 -1.2246467991473532e-16 -1
vn 0 -1.2246467991473532e-16 -1
vn 0 -1.2246467991473532e-16 -1
vn 0 -1.2246467991473532e-16 -1
vn 0 -1.2246467991473532e-16 -1
vn 1 0 0
vn 1 0 0
vn 1 0 0
vn 1 0 0
vn 0 1.2246467991473532e-16 1
vn 0 1.2246467991473532e-16 1
vn 0 1.2246467991473532e-16 1
vn 0 1.2246467991473532e-16 1
vn 0 1.2246467991473532e-16 1
vn 0 1.2246467991473532e-16 1
vn 0 1.2246467991473532e-16 1
vn 0 1.2246467991473532e-16 1
vn 0 1.2246467991473532e-16 1
vn 0 1.2246467991473532e-16 1
vn 0 1.2246467991473532e-16 1
vn 0 1.2246467991473532e-16 1
vn 0 -1.2246467991473532e-16 -1
vn 0 -1.2246467991473532e-16 -1
vn 0 -1.2246467991473532e-16 -1
vn 0 -1.2246467991473532e-16 -1
vn 0 -1.2246467991473532e-16 -1
vn 0 -1.2246467991473532e-16 -1
vn 0 -1.2246467991473532e-16 -1
vn 0 -1.2246467991473532e-16 -1
vn 1 0 0
vn 1 0 0
vn 1 0 0
vn 1 0 0
vn 1 0 0
vn 1 0 0
vn 1 0 0
vn 1 0 0
vn 1 0 0
vn 1 0 0
vn 1 0 0
vn 1 0 0
vn 0 -1.2246467991473532e-16 -1
vn 0 -1.2246467991473532e-16 -1
vn 0 -1.2246467991473532e-16 -1
vn 0 -1.2246467991473532e-16 -1
vn 0 1.2246467991473532e-16 1
vn 0 1.2246467991473532e-16 1
vn 0 1.2246467991473532e-16 1
vn 0 1.2246467991473532e-16 1
vn 0 1.2246467991473532e-16 1
vn 0 1.2246467991473532e-16 1
vn 0 1.2246467991473532e-16 1
vn 0 1.2246467991473532e-16 1
vn 0 1.2246467991473532e-16 1
vn 0 1.2246467991473532e-16 1
vn 0 1.2246467991473532e-16 1
vn 0 1.2246467991473532e-16 1
vn 1 0 0
vn 1 0 0
vn 1 0 0
vn 1 0 0
vn 1 0 0
vn 1 0 0
vn 1 0 0
vn 1 0 0
vn 0 1.2246467991473532e-16 1
vn 0 1.2246467991473532e-16 1
vn 0 1.2246467991473532e-16 1
vn 0 1.2246467991473532e-16 1
vn 1 0 0
vn 1 0 0
vn 1 0 0
vn 1 0 0
vn 1 0 0
vn 1 0 0
vn 1 0 0
vn 1 0 0
f 2564/2564/2564 2563/2563/2563 2562/2562/2562
f 2567/2567/2567 2566/2566/2566 2565/2565/2565
f 2570/2570/2570 2569/2569/2569 2568/2568/2568
f 2573/2573/2573 2572/2572/2572 2571/2571/2571
f 2576/2576/2576 2575/2575/2575 2574/2574/2574
f 2579/2579/2579 2578/2578/2578 2577/2577/2577
f 2582/2582/2582 2581/2581/2581 2580/2580/2580
f 2585/2585/2585 2584/2584/2584 2583/2583/2583
f 2588/2588/2588 2587/2587/2587 2586/2586/2586
f 2591/2591/2591 2590/2590/2590 2589/2589/2589
f 2594/2594/2594 2593/2593/2593 2592/2592/2592
f 2593/2593/2593 2594/2594/2594 2595/2595/2595
f 2598/2598/2598 2597/2597/2597 2596/2596/2596
f 2597/2597/2597 2598/2598/2598 2599/2599/2599
f 2602/2602/2602 2601/2601/2601 2600/2600/2600
f 2601/2601/2601 2602/2602/2602 2603/2603/2603
f 2606/2606/2606 2605/2605/2605 2604/2604/2604
f 2605/2605/2605 2606/2606/2606 2607/2607/2607
f 2610/2610/2610 2609/2609/2609 2608/2608/2608
f 2609/2609/2609 2610/2610/2610 2611/2611/2611
f 2614/2614/2614 2613/2613/2613 2612/2612/2612
f 2613/2613/2613 2614/2614/2614 2615/2615/2615
f 2618/2618/2618 2617/2617/2617 2616/2616/2616
f 2617/2617/2617 2618/2618/2618 2619/2619/2619
f 2622/2622/2622 2621/2621/2621 2620/2620/2620
f 2621/2621/2621 2622/2622/2622 2623/2623/2623
f 2626/2626/2626 2625/2625/2625 2624/2624/2624
f 2625/2625/2625 2626/2626/2626 2627/2627/2627
f 2630/2630/2630 2629/2629/2629 2628/2628/2628
f 2629/2629/2629 2630/2630/2630 2631/2631/2631
f 2634/2634/2634 2633/2633/2633 2632/2632/2632
f 2633/2633/2633 2634/2634/2634 2635/2635/2635
f 2638/2638/2638 2637/2637/2637 2636/2636/2636
f 2637/2637/2637 2638/2638/2638 2639/2639/2639
f 2642/2642/2642 2641/2641/2641 2640/2640/2640
f 2641/2641/2641 2642/2642/2642 2643/2643/2643
f 2646/2646/2646 2645/2645/2645 2644/2644/2644
f 2645/2645/2645 2646/2646/2646 2647/2647/2647
f 2650/2650/2650 2649/2649/2649 2648/2648/2648
f 2649/2649/2649 2650/2650/2650 2651/2651/2651
f 2654/2654/2654 2653/2653/2653 2652/2652/2652
f 2653/2653/2653 2654/2654/2654 2655/2655/2655
f 2658/2658/2658 2657/2657/2657 2656/2656/2656
f 2657/2657/2657 2658/2658/2658 2659/2659/2659
f 2662/2662/2662 2661/2661/2661 2660/2660/2660
f 2661/2661/2661 2662/2662/2662 2663/2663/2663
f 2666/2666/2666 2665/2665/2665 2664/2664/2664
f 2665/2665/2665 2666/2666/2666 2667/2667/2667
f 2670/2670/2670 2669/2669/2669 2668/2668/2668
f 2669/2669/2669 2670/2670/2670 2671/2671/2671
f 2674/2674/2674 2673/2673/2673 2672/2672/2672
f 2673/2673/2673 2674/2674/2674 2675/2675/2675
f 2678/2678/2678 2677/2677/2677 2676/2676/2676
f 2677/2677/2677 2678/2678/2678 2679/2679/2679
f 2682/2682/2682 2681/2681/2681 2680/2680/2680
f 2681/2681/2681 2682/2682/2682 2683/2683/2683
f 2686/2686/2686 2685/2685/2685 2684/2684/2684
f 2685/2685/2685 2686/2686/2686 2687/2687/2687
f 2690/2690/2690 2689/2689/2689 2688/2688/2688
f 2689/2689/2689 2690/2690/2690 2691/2691/2691
f 2694/2694/2694 2693/2693/2693 2692/2692/2692
f 2693/2693/2693 2694/2694/2694 2695/2695/2695
f 2698/2698/2698 2697/2697/2697 2696/2696/2696
f 2697/2697/2697 2698/2698/2698 2699/2699/2699
f 2702/2702/2702 2701/2701/2701 2700/2700/2700
f 2701/2701/2701 2702/2702/2702 2703/2703/2703
f 2706/2706/2706 2705/2705/2705 2704/2704/2704
f 2705/2705/2705 2706/2706/2706 2707/2707/2707
f 2710/2710/2710 2709/2709/2709 2708/2708/2708
f 2709/2709/2709 2710/2710/2710 2711/2711/2711
f 2714/2714/2714 2713/2713/2713 2712/2712/2712
f 2713/2713/2713 2714/2714/2714 2715/2715/2715
f 2718/2718/2718 2717/2717/2717 2716/2716/2716
f 2717/2717/2717 2718/2718/2718 2719/2719/2719
f 2722/2722/2722 2721/2721/2721 2720/2720/2720
f 2721/2721/2721 2722/2722/2722 2723/2723/2723
f 2726/2726/2726 2725/2725/2725 2724/2724/2724
f 2725/2725/2725 2726/2726/2726 2727/2727/2727
f 2730/2730/2730 2729/2729/2729 2728/2728/2728
f 2729/2729/2729 2730/2730/2730 2731/2731/2731
f 2734/2734/2734 2733/2733/2733 2732/2732/2732
f 2733/2733/2733 2734/2734/2734 2735/2735/2735
f 2738/2738/2738 2737/2737/2737 2736/2736/2736
f 2737/2737/2737 2738/2738/2738 2739/2739/2739
f 2742/2742/2742 2741/2741/2741 2740/2740/2740
f 2741/2741/2741 2742/2742/2742 2743/2743/2743
f 2746/2746/2746 2745/2745/2745 2744/2744/2744
f 2745/2745/2745 2746/2746/2746 2747/2747/2747
o mesh_62
usemtl mat13
v 38.400000000000006 25.599999999999984 -153.60000000000002
v 38.400000000000006 51.19999999999998 -153.60000000000002
v 51.2 38.399999999999984 -153.60000000000002
v 51.2 51.19999999999998 -153.60000000000002
vt 0.25 0.7421875
vt 0.25 0.5
vt 0.3671875 0.625
vt 0.3671875 0.5
vn 0 1.2246467991473532e-16 1
vn 0 1.2246467991473532e-16 1
vn 0 1.2246467991473532e-16 1
vn 0 1.2246467991473532e-16 1
f 2750/2750/2750 2749/2749/2749 2748/2748/2748
f 2749/2749/2749 2750/2750/2750 2751/2751/2751
o mesh_63
usemtl mat10
v 70.4 75.19999999999997 -204.8
v 70.4 75.19999999999997 -230.4
v 64 76.79999999999998 -204.8
v 64 76.79999999999998 -230.4
vt 0.2421875 0.1875
vt 0 0.1875
vt 0.2421875 0.2421875
vt 0 0.2421875
vn -0.24253562503633297 -0.9701425001453319 1.1880819075197913e-16
vn -0.24253562503633297 -0.9701425001453319 1.1880819075197913e-16
vn -0.24253562503633297 -0.9701425001453319 1.1880819075197913e-16
vn -0.24253562503633297 -0.9701425001453319 1.1880819075197913e-16
f 2754/2754/2754 2753/2753/2753 2752/2752/2752
f 2753/2753/2753 2754/2754/2754 2755/2755/2755
o mesh_64
usemtl mat10
v 86.4 129.59999999999997 -301.6
v 89.60000000000001 129.59999999999997 -300.8
v 89.60000000000001 131.2 -307.20000000000005
v 64 131.2 -320
v 60.800000000000004 129.59999999999997 -314.40000000000003
v 89.60000000000001 131.2 -307.20000000000005
v 86.4 129.59999999999997 -301.6
v 166.4 129.59999999999997 -300.8
v 140.8 129.59999999999997 -300.8
v 166.4 128.79999999999998 -297.6
v 140.8 128.79999999999998 -297.6
v 38.400000000000006 131.2 -332.8
v 35.2 129.59999999999997 -327.20000000000005
v 64 131.2 -320
v 60.800000000000004 129.59999999999997 -314.40000000000003
v 9.600000000000001 129.59999999999997 -340
v 35.2 129.59999999999997 -327.20000000000005
v 12.8 131.2 -345.6
v 38.400000000000006 131.2 -332.8
v 115.2 128.79999999999998 -297.6
v 115.2 129.59999999999997 -300.8
v 89.60000000000001 128.79999999999998 -297.6
v 89.60000000000001 129.59999999999997 -300.8
v 140.8 129.59999999999997 -300.8
v 115.2 129.59999999999997 -300.8
v 140.8 128.79999999999998 -297.6
v 115.2 128.79999999999998 -297.6
vt 0.2421875 0.1875
vt 0.21875 0.1875
vt 0.2421875 0.2421875
vt 0.2421875 0.2421875
vt 0.2421875 0.1875
vt 0 0.2421875
vt 0 0.1875
vt 0 0.2421875
vt 0.2421875 0.2421875
vt 0 0.1875
vt 0.2421875 0.1875
vt 0.2421875 0.2421875
vt 0.2421875 0.1875
vt 0 0.2421875
vt 0 0.1875
vt 0.2421875 0.1875
vt 0 0.1875
vt 0.2421875 0.2421875
vt 0 0.2421875
vt 0 0.1875
vt 0 0.2421875
vt 0.2421875 0.1875
vt 0.2421875 0.2421875
vt 0 0.2421875
vt 0.2421875 0.2421875
vt 0 0.1875
vt 0.2421875 0.1875
vn 0.06052275326688024 -0.9683640522700838 -0.24209101306752082
vn 0.06052275326688024 -0.9683640522700838 -0.24209101306752082
vn 0.06052275326688024 -0.9683640522700838 -0.24209101306752082
vn 0.10783277164401461 -0.9704949596972923 -0.2156655432880291
vn 0.10783277164401461 -0.9704949596972923 -0.2156655432880291
vn 0.10783277164401461 -0.9704949596972923 -0.2156655432880291
vn 0.10783277164401461 -0.9704949596972923 -0.2156655432880291
vn 0 -0.9701425001453319 -0.24253562503633283
vn 0 -0.9701425001453319 -0.24253562503633283
vn 0 -0.9701425001453319 -0.24253562503633283
vn 0 -0.9701425001453319 -0.24253562503633283
vn 0.10783277164401461 -0.9704949596972923 -0.2156655432880291
vn 0.10783277164401461 -0.9704949596972923 -0.2156655432880291
vn 0.10783277164401461 -0.9704949596972923 -0.2156655432880291
vn 0.10783277164401461 -0.9704949596972923 -0.2156655432880291
vn 0.10783277164401461 -0.9704949596972923 -0.2156655432880291
vn 0.10783277164401461 -0.9704949596972923 -0.2156655432880291
vn 0.10783277164401461 -0.9704949596972923 -0.2156655432880291
vn 0.10783277164401461 -0.9704949596972923 -0.2156655432880291
vn 0 -0.9701425001453319 -0.24253562503633283
vn 0 -0.9701425001453319 -0.24253562503633283
vn 0 -0.9701425001453319 -0.24253562503633283
vn 0 -0.9701425001453319 -0.24253562503633283
vn 0 -0.9701425001453319 -0.24253562503633283
vn 0 -0.9701425001453319 -0.24253562503633283
vn 0 -0.9701425001453319 -0.24253562503633283
vn 0 -0.9701425001453319 -0.24253562503633283
f 2758/2758/2758 2757/2757/2757 2756/2756/2756
f 2761/2761/2761 2760/2760/2760 2759/2759/2759
f 2760/2760/2760 2761/2761/2761 2762/2762/2762
f 2765/2765/2765 2764/2764/2764 2763/2763/2763
f 2764/2764/2764 2765/2765/2765 2766/2766/2766
f 2769/2769/2769 2768/2768/2768 2767/2767/2767
f 2768/2768/2768 2769/2769/2769 2770/2770/2770
f 2773/2773/2773 2772/2772/2772 2771/2771/2771
f 2772/2772/2772 2773/2773/2773 2774/2774/2774
f 2777/2777/2777 2776/2776/2776 2775/2775/2775
f 2776/2776/2776 2777/2777/2777 2778/2778/2778
f 2781/2781/2781 2780/2780/2780 2779/2779/2779
f 2780/2780/2780 2781/2781/2781 2782/2782/2782
o mesh_65
usemtl mat3
v 166.4 129.59999999999997 -300.8
v 192 129.59999999999997 -300.8
v 166.4 123.19999999999996 -300.8
v 115.2 123.19999999999996 -300.8
v 115.2 129.59999999999997 -300.8
v 129.6 123.19999999999996 -300.8
v 140.8 123.19999999999996 -300.8
v 140.8 129.59999999999997 -300.8
v 155.20000000000002 123.19999999999996 -300.8
v 89.60000000000001 102.39999999999996 -300.8
v 104 107.19999999999996 -300.8
v 104 99.19999999999996 -300.8
v 192 134.39999999999998 -320
v 192 127.99999999999996 -320
v 192 129.59999999999997 -300.8
v 128 38.39999999999997 -297.6
v 140.8 38.39999999999997 -297.6
v 140.8 25.599999999999966 -294.40000000000003
v 192 140.79999999999998 -345.6
v 192 127.99999999999996 -345.6
v 192 127.99999999999996 -332.8
v 89.60000000000001 131.2 -307.20000000000005
v 89.60000000000001 129.59999999999997 -300.8
v 89.60000000000001 102.39999999999996 -307.20000000000005
v 89.60000000000001 102.39999999999996 -300.8
v 166.4 99.19999999999996 -300.8
v 155.20000000000002 99.19999999999996 -300.8
v 166.4 107.19999999999996 -300.8
v 155.20000000000002 107.19999999999996 -300.8
v 115.2 107.19999999999996 -300.8
v 129.6 107.19999999999996 -300.8
v 115.2 99.19999999999996 -300.8
v 129.6 99.19999999999996 -300.8
v 129.6 107.19999999999996 -300.8
v 140.8 107.19999999999996 -300.8
v 129.6 99.19999999999996 -300.8
v 140.8 99.19999999999996 -300.8
v 140.8 107.19999999999996 -300.8
v 155.20000000000002 107.19999999999996 -300.8
v 140.8 99.19999999999996 -300.8
v 155.20000000000002 99.19999999999996 -300.8
v 89.60000000000001 38.39999999999997 -297.6
v 89.60000000000001 25.599999999999966 -294.40000000000003
v 89.60000000000001 38.39999999999997 -307.20000000000005
v 89.60000000000001 25.599999999999962 -307.20000000000005
v 115.2 76.79999999999997 -300.8
v 115.2 99.19999999999996 -300.8
v 129.6 76.79999999999997 -300.8
v 129.6 99.19999999999996 -300.8
v 166.4 123.19999999999996 -300.8
v 155.20000000000002 123.19999999999996 -300.8
v 166.4 129.59999999999997 -300.8
v 140.8 129.59999999999997 -300.8
v 104 76.79999999999997 -300.8
v 89.60000000000001 76.79999999999997 -300.8
v 104 99.19999999999996 -300.8
v 89.60000000000001 102.39999999999996 -300.8
v 89.60000000000001 38.39999999999997 -307.20000000000005
v 89.60000000000001 51.19999999999997 -307.20000000000005
v 89.60000000000001 38.39999999999997 -297.6
v 89.60000000000001 51.19999999999997 -300.8
v 129.6 123.19999999999996 -300.8
v 129.6 107.19999999999996 -300.8
v 115.2 123.19999999999996 -300.8
v 115.2 107.19999999999996 -300.8
v 89.60000000000001 129.59999999999997 -300.8
v 115.2 129.59999999999997 -300.8
v 104 123.19999999999996 -300.8
v 115.2 123.19999999999996 -300.8
v 104 107.19999999999996 -300.8
v 115.2 107.19999999999996 -300.8
v 104 99.19999999999996 -300.8
v 115.2 99.19999999999996 -300.8
v 140.8 123.19999999999996 -300.8
v 129.6 123.19999999999996 -300.8
v 140.8 129.59999999999997 -300.8
v 115.2 129.59999999999997 -300.8
v 89.60000000000001 129.59999999999997 -300.8
v 104 123.19999999999996 -300.8
v 89.60000000000001 102.39999999999996 -300.8
v 104 107.19999999999996 -300.8
v 89.60000000000001 102.39999999999996 -300.8
v 89.60000000000001 76.79999999999997 -300.8
v 89.60000000000001 102.39999999999996 -307.20000000000005
v 89.60000000000001 76.79999999999997 -307.20000000000005
v 155.20000000000002 123.19999999999996 -300.8
v 155.20000000000002 107.19999999999996 -300.8
v 140.8 123.19999999999996 -300.8
v 140.8 107.19999999999996 -300.8
v 89.60000000000001 76.79999999999997 -300.8
v 89.60000000000001 51.19999999999997 -300.8
v 89.60000000000001 76.79999999999997 -307.20000000000005
v 89.60000000000001 51.19999999999997 -307.20000000000005
v 128 38.39999999999997 -297.6
v 128 51.19999999999997 -300.8
v 140.8 38.39999999999997 -297.6
v 140.8 51.19999999999997 -300.8
vt 0.2421875 0
vt 0.4921875 0
vt 0.2421875 0.0546875
vt 0.2421875 0.0546875
vt 0.2421875 0
vt 0.3828125 0.0546875
vt 0 0.0546875
vt 0 0
vt 0.1328125 0.0546875
vt 0 0.25
vt 0.1328125 0.2109375
vt 0.1328125 0.28125
vt 0.1796875 0.2109375
vt 0.1796875 0.2421875
vt 0 0.2421875
vt 0.3671875 0.875
vt 0.4921875 0.875
vt 0.4921875 0.9921875
vt 0.4296875 0.15625
vt 0.4296875 0.2421875
vt 0.3125 0.2421875
vt 0.4375 0
vt 0.4921875 0
vt 0.4375 0.25
vt 0.4921875 0.25
vt 0.2421875 0.28125
vt 0.1328125 0.28125
vt 0.2421875 0.2109375
vt 0.1328125 0.2109375
vt 0.2421875 0.2109375
vt 0.3828125 0.2109375
vt 0.2421875 0.28125
vt 0.3828125 0.28125
vt 0.3828125 0.2109375
vt 0.4921875 0.2109375
vt 0.3828125 0.28125
vt 0.4921875 0.28125
vt 0 0.2109375
vt 0.1328125 0.2109375
vt 0 0.28125
vt 0.1328125 0.28125
vt 0.4921875 0.875
vt 0.4921875 0.9921875
vt 0.40625 0.875
vt 0.375 0.9921875
vt 0.2421875 0.4921875
vt 0.2421875 0.28125
vt 0.3828125 0.4921875
vt 0.3828125 0.28125
vt 0.2421875 0.0546875
vt 0.1328125 0.0546875
vt 0.2421875 0
vt 0 0
vt 0.1328125 0.4921875
vt 0 0.4921875
vt 0.1328125 0.28125
vt 0 0.25
vt 0.40625 0.875
vt 0.4375 0.75
vt 0.4921875 0.875
vt 0.4921875 0.75
vt 0.3828125 0.0546875
vt 0.3828125 0.2109375
vt 0.2421875 0.0546875
vt 0.2421875 0.2109375
vt 0 0
vt 0.2421875 0
vt 0.1328125 0.0546875
vt 0.2421875 0.0546875
vt 0.1328125 0.2109375
vt 0.2421875 0.2109375
vt 0.1328125 0.28125
vt 0.2421875 0.28125
vt 0.4921875 0.0546875
vt 0.3828125 0.0546875
vt 0.4921875 0
vt 0.2421875 0
vt 0 0
vt 0.1328125 0.0546875
vt 0 0.25
vt 0.1328125 0.2109375
vt 0.4921875 0.25
vt 0.4921875 0.5
vt 0.4375 0.25
vt 0.4375 0.5
vt 0.1328125 0.0546875
vt 0.1328125 0.2109375
vt 0 0.0546875
vt 0 0.2109375
vt 0.4921875 0.5
vt 0.4921875 0.75
vt 0.4375 0.5
vt 0.4375 0.75
vt 0.3671875 0.875
vt 0.3671875 0.75
vt 0.4921875 0.875
vt 0.4921875 0.75
vn 0 1.2246467991473532e-16 1
vn 0 1.2246467991473532e-16 1
vn 0 1.2246467991473532e-16 1
vn 0 1.2246467991473532e-16 1
vn 0 1.2246467991473532e-16 1
vn 0 1.2246467991473532e-16 1
vn 0 1.2246467991473532e-16 1
vn 0 1.2246467991473532e-16 1
vn 0 1.2246467991473532e-16 1
vn 0 1.2246467991473532e-16 1
vn 0 1.2246467991473532e-16 1
vn 0 1.2246467991473532e-16 1
vn 1 0 0
vn 1 0 0
vn 1 0 0
vn 0 0.24253562503633308 0.9701425001453319
vn 0 0.24253562503633308 0.9701425001453319
vn 0 0.24253562503633308 0.9701425001453319
vn 1 0 0
vn 1 0 0
vn 1 0 0
vn -1 0 0
vn -1 0 0
vn -1 0 0
vn -1 0 0
vn 0 1.2246467991473532e-16 1
vn 0 1.2246467991473532e-16 1
vn 0 1.2246467991473532e-16 1
vn 0 1.2246467991473532e-16 1
vn 0 1.2246467991473532e-16 1
vn 0 1.2246467991473532e-16 1
vn 0 1.2246467991473532e-16 1
vn 0 1.2246467991473532e-16 1
vn 0 1.2246467991473532e-16 1
vn 0 1.2246467991473532e-16 1
vn 0 1.2246467991473532e-16 1
vn 0 1.2246467991473532e-16 1
vn 0 1.2246467991473532e-16 1
vn 0 1.2246467991473532e-16 1
vn 0 1.2246467991473532e-16 1
vn 0 1.2246467991473532e-16 1
vn -1 0 0
vn -1 0 0
vn -1 0 0
vn -1 0 0
vn 0 1.2246467991473532e-16 1
vn 0 1.2246467991473532e-16 1
vn 0 1.2246467991473532e-16 1
vn 0 1.2246467991473532e-16 1
vn 0 1.2246467991473532e-16 1
vn 0 1.2246467991473532e-16 1
vn 0 1.2246467991473532e-16 1
vn 0 1.2246467991473532e-16 1
vn 0 1.2246467991473532e-16 1
vn 0 1.2246467991473532e-16 1
vn 0 1.2246467991473532e-16 1
vn 0 1.2246467991473532e-16 1
vn -1 0 0
vn -1 0 0
vn -1 0 0
vn -1 0 0
vn 0 1.2246467991473532e-16 1
vn 0 1.2246467991473532e-16 1
vn 0 1.2246467991473532e-16 1
vn 0 1.2246467991473532e-16 1
vn 0 1.2246467991473532e-16 1
vn 0 1.2246467991473532e-16 1
vn 0 1.2246467991473532e-16 1
vn 0 1.2246467991473532e-16 1
vn 0 1.2246467991473532e-16 1
vn 0 1.2246467991473532e-16 1
vn 0 1.2246467991473532e-16 1
vn 0 1.2246467991473532e-16 1
vn 0 1.2246467991473532e-16 1
vn 0 1.2246467991473532e-16 1
vn 0 1.2246467991473532e-16 1
vn 0 1.2246467991473532e-16 1
vn 0 1.2246467991473532e-16 1
vn 0 1.2246467991473532e-16 1
vn 0 1.2246467991473532e-16 1
vn 0 1.2246467991473532e-16 1
vn -1 0 0
vn -1 0 0
vn -1 0 0
vn -1 0 0
vn 0 1.2246467991473532e-16 1
vn 0 1.2246467991473532e-16 1
vn 0 1.2246467991473532e-16 1
vn 0 1.2246467991473532e-16 1
vn -1 0 0
vn -1 0 0
vn -1 0 0
vn -1 0 0
vn 0 0.24253562503633308 0.9701425001453319
vn 0 0.24253562503633308 0.9701425001453319
vn 0 0.24253562503633308 0.9701425001453319
vn 0 0.24253562503633308 0.9701425001453319
f 2785/2785/2785 2784/2784/2784 2783/2783/2783
f 2788/2788/2788 2787/2787/2787 2786/2786/2786
f 2791/2791/2791 2790/2790/2790 2789/2789/2789
f 2794/2794/2794 2793/2793/2793 2792/2792/2792
f 2797/2797/2797 2796/2796/2796 2795/2795/2795
f 2800/2800/2800 2799/2799/2799 2798/2798/2798
f 2803/2803/2803 2802/2802/2802 2801/2801/2801
f 2806/2806/2806 2805/2805/2805 2804/2804/2804
f 2805/2805/2805 2806/2806/2806 2807/2807/2807
f 2810/2810/2810 2809/2809/2809 2808/2808/2808
f 2809/2809/2809 2810/2810/2810 2811/2811/2811
f 2814/2814/2814 2813/2813/2813 2812/2812/2812
f 2813/2813/2813 2814/2814/2814 2815/2815/2815
f 2818/2818/2818 2817/2817/2817 2816/2816/2816
f 2817/2817/2817 2818/2818/2818 2819/2819/2819
f 2822/2822/2822 2821/2821/2821 2820/2820/2820
f 2821/2821/2821 2822/2822/2822 2823/2823/2823
f 2826/2826/2826 2825/2825/2825 2824/2824/2824
f 2825/2825/2825 2826/2826/2826 2827/2827/2827
f 2830/2830/2830 2829/2829/2829 2828/2828/2828
f 2829/2829/2829 2830/2830/2830 2831/2831/2831
f 2834/2834/2834 2833/2833/2833 2832/2832/2832
f 2833/2833/2833 2834/2834/2834 2835/2835/2835
f 2838/2838/2838 2837/2837/2837 2836/2836/2836
f 2837/2837/2837 2838/2838/2838 2839/2839/2839
f 2842/2842/2842 2841/2841/2841 2840/2840/2840
f 2841/2841/2841 2842/2842/2842 2843/2843/2843
f 2846/2846/2846 2845/2845/2845 2844/2844/2844
f 2845/2845/2845 2846/2846/2846 2847/2847/2847
f 2850/2850/2850 2849/2849/2849 2848/2848/2848
f 2849/2849/2849 2850/2850/2850 2851/2851/2851
f 2854/2854/2854 2853/2853/2853 2852/2852/2852
f 2853/2853/2853 2854/2854/2854 2855/2855/2855
f 2858/2858/2858 2857/2857/2857 2856/2856/2856
f 2857/2857/2857 2858/2858/2858 2859/2859/2859
f 2862/2862/2862 2861/2861/2861 2860/2860/2860
f 2861/2861/2861 2862/2862/2862 2863/2863/2863
f 2866/2866/2866 2865/2865/2865 2864/2864/2864
f 2865/2865/2865 2866/2866/2866 2867/2867/2867
f 2870/2870/2870 2869/2869/2869 2868/2868/2868
f 2869/2869/2869 2870/2870/2870 2871/2871/2871
f 2874/2874/2874 2873/2873/2873 2872/2872/2872
f 2873/2873/2873 2874/2874/2874 2875/2875/2875
f 2878/2878/2878 2877/2877/2877 2876/2876/2876
f 2877/2877/2877 2878/2878/2878 2879/2879/2879
o mesh_66
usemtl mat17
v 49.6 102.39999999999996 -327.20000000000005
v 38.400000000000006 102.39999999999996 -332.8
v 38.400000000000006 131.2 -332.8
v 89.60000000000001 131.2 -307.20000000000005
v 89.60000000000001 102.39999999999996 -307.20000000000005
v 75.2 102.39999999999996 -314.40000000000003
v 64 102.39999999999996 -320
v 64 131.2 -320
v 75.2 102.39999999999996 -314.40000000000003
v 89.60000000000001 131.2 -307.20000000000005
v 38.400000000000006 131.2 -332.8
v 64 131.2 -320
v 49.6 102.39999999999996 -327.20000000000005
v 64 102.39999999999996 -320
v 12.8 131.2 -345.6
v 38.400000000000006 131.2 -332.8
v 12.8 102.39999999999996 -345.6
v 38.400000000000006 102.39999999999996 -332.8
v 12.8 76.79999999999997 -345.6
v 12.8 102.39999999999996 -345.6
v 38.400000000000006 76.79999999999997 -332.8
v 38.400000000000006 102.39999999999996 -332.8
vt 0.6015625 0.7421875
vt 0.5 0.7421875
vt 0.5 0.5
vt 0.75 0.5
vt 0.75 0.7421875
vt 0.890625 0.7421875
vt 0.9921875 0.7421875
vt 0.9921875 0.5
vt 0.890625 0.7421875
vt 0.75 0.5
vt 0.5 0.5
vt 0.7421875 0.5
vt 0.6015625 0.7421875
vt 0.7421875 0.7421875
vt 0.75 0.5
vt 0.9921875 0.5
vt 0.75 0.7578125
vt 0.9921875 0.7578125
vt 0.75 0.9921875
vt 0.75 0.7578125
vt 0.9921875 0.9921875
vt 0.9921875 0.7578125
vn -0.44721359549995787 1.095357396528405e-16 0.8944271909999157
vn -0.44721359549995787 1.095357396528405e-16 0.8944271909999157
vn -0.44721359549995787 1.095357396528405e-16 0.8944271909999157
vn -0.44721359549995787 1.095357396528405e-16 0.8944271909999157
vn -0.44721359549995787 1.095357396528405e-16 0.8944271909999157
vn -0.44721359549995787 1.095357396528405e-16 0.8944271909999157
vn -0.44721359549995787 1.095357396528405e-16 0.8944271909999157
vn -0.44721359549995787 1.095357396528405e-16 0.8944271909999157
vn -0.44721359549995787 1.095357396528405e-16 0.8944271909999157
vn -0.44721359549995787 1.095357396528405e-16 0.8944271909999157
vn -0.44721359549995787 1.095357396528405e-16 0.8944271909999157
vn -0.44721359549995787 1.095357396528405e-16 0.8944271909999157
vn -0.44721359549995787 1.095357396528405e-16 0.8944271909999157
vn -0.44721359549995787 1.095357396528405e-16 0.8944271909999157
vn -0.44721359549995787 1.095357396528405e-16 0.8944271909999157
vn -0.44721359549995787 1.095357396528405e-16 0.8944271909999157
vn -0.44721359549995787 1.095357396528405e-16 0.8944271909999157
vn -0.44721359549995787 1.095357396528405e-16 0.8944271909999157
vn -0.44721359549995787 1.095357396528405e-16 0.8944271909999157
vn -0.44721359549995787 1.095357396528405e-16 0.8944271909999157
vn -0.44721359549995787 1.095357396528405e-16 0.8944271909999157
vn -0.44721359549995787 1.095357396528405e-16 0.8944271909999157
f 2882/2882/2882 2881/2881/2881 2880/2880/2880
f 2885/2885/2885 2884/2884/2884 2883/2883/2883
f 2888/2888/2888 2887/2887/2887 2886/2886/2886
f 2887/2887/2887 2888/2888/2888 2889/2889/2889
f 2892/2892/2892 2891/2891/2891 2890/2890/2890
f 2891/2891/2891 2892/2892/2892 2893/2893/2893
f 2896/2896/2896 2895/2895/2895 2894/2894/2894
f 2895/2895/2895 2896/2896/2896 2897/2897/2897
f 2900/2900/2900 2899/2899/2899 2898/2898/2898
f 2899/2899/2899 2900/2900/2900 2901/2901/2901
o mesh_67
usemtl mat16
v 64 31.99999999999996 -320
v 38.400000000000006 51.19999999999996 -332.8
v 64 51.19999999999996 -320
v 38.400000000000006 51.19999999999996 -332.8
v 38.400000000000006 76.79999999999997 -332.8
v 49.6 76.79999999999997 -327.20000000000005
v 76.80000000000001 51.19999999999997 -313.6
v 89.60000000000001 51.19999999999997 -307.20000000000005
v 89.60000000000001 38.39999999999997 -307.20000000000005
v 49.6 76.79999999999997 -327.20000000000005
v 64 76.79999999999997 -320
v 38.400000000000006 51.19999999999996 -332.8
v 64 51.19999999999996 -320
v 64 102.39999999999996 -320
v 64 76.79999999999997 -320
v 49.6 102.39999999999996 -327.20000000000005
v 49.6 76.79999999999997 -327.20000000000005
v 12.8 76.79999999999997 -345.6
v 38.400000000000006 76.79999999999997 -332.8
v 12.8 51.19999999999996 -345.6
v 38.400000000000006 51.19999999999996 -332.8
v 89.60000000000001 76.79999999999997 -307.20000000000005
v 75.2 76.79999999999997 -314.40000000000003
v 89.60000000000001 102.39999999999996 -307.20000000000005
v 75.2 102.39999999999996 -314.40000000000003
vt 0.75 0.9375
vt 0.9921875 0.75
vt 0.75 0.75
vt 0.9921875 0.75
vt 0.9921875 0.5
vt 0.890625 0.5
vt 0.625 0.75
vt 0.5 0.75
vt 0.5 0.875
vt 0.890625 0.5
vt 0.75 0.5
vt 0.9921875 0.75
vt 0.75 0.75
vt 0.75 0.25
vt 0.75 0.5
vt 0.890625 0.25
vt 0.890625 0.5
vt 0.9921875 0.5
vt 0.7421875 0.5
vt 0.9921875 0.75
vt 0.7421875 0.75
vt 0.5 0.5
vt 0.640625 0.5
vt 0.5 0.25
vt 0.640625 0.25
vn -0.44721359549995787 1.095357396528405e-16 0.8944271909999157
vn -0.44721359549995787 1.095357396528405e-16 0.8944271909999157
vn -0.44721359549995787 1.095357396528405e-16 0.8944271909999157
vn -0.44721359549995787 1.095357396528405e-16 0.8944271909999157
vn -0.44721359549995787 1.095357396528405e-16 0.8944271909999157
vn -0.44721359549995787 1.095357396528405e-16 0.8944271909999157
vn -0.44721359549995787 1.095357396528405e-16 0.8944271909999157
vn -0.44721359549995787 1.095357396528405e-16 0.8944271909999157
vn -0.44721359549995787 1.095357396528405e-16 0.8944271909999157
vn -0.44721359549995787 1.095357396528405e-16 0.8944271909999157
vn -0.44721359549995787 1.095357396528405e-16 0.8944271909999157
vn -0.44721359549995787 1.095357396528405e-16 0.8944271909999157
vn -0.44721359549995787 1.095357396528405e-16 0.8944271909999157
vn -0.44721359549995787 1.095357396528405e-16 0.8944271909999157
vn -0.44721359549995787 1.095357396528405e-16 0.8944271909999157
vn -0.44721359549995787 1.095357396528405e-16 0.8944271909999157
vn -0.44721359549995787 1.095357396528405e-16 0.8944271909999157
vn -0.44721359549995787 1.095357396528405e-16 0.8944271909999157
vn -0.44721359549995787 1.095357396528405e-16 0.8944271909999157
vn -0.44721359549995787 1.095357396528405e-16 0.8944271909999157
vn -0.44721359549995787 1.095357396528405e-16 0.8944271909999157
vn -0.44721359549995787 1.095357396528405e-16 0.8944271909999157
vn -0.44721359549995787 1.095357396528405e-16 0.8944271909999157
vn -0.44721359549995787 1.095357396528405e-16 0.8944271909999157
vn -0.44721359549995787 1.095357396528405e-16 0.8944271909999157
f 2904/2904/2904 2903/2903/2903 2902/2902/2902
f 2907/2907/2907 2906/2906/2906 2905/2905/2905
f 2910/2910/2910 2909/2909/2909 2908/2908/2908
f 2913/2913/2913 2912/2912/2912 2911/2911/2911
f 2912/2912/2912 2913/2913/2913 2914/2914/2914
f 2917/2917/2917 2916/2916/2916 2915/2915/2915
f 2916/2916/2916 2917/2917/2917 2918/2918/2918
f 2921/2921/2921 2920/2920/2920 2919/2919/2919
f 2920/2920/2920 2921/2921/2921 2922/2922/2922
f 2925/2925/2925 2924/2924/2924 2923/2923/2923
f 2924/2924/2924 2925/2925/2925 2926/2926/2926
o mesh_68
usemtl mat12
v 89.60000000000001 134.39999999999998 -320
v 89.60000000000001 131.2 -307.20000000000005
v 64 131.2 -320
v 12.8 131.2 -345.6
v 44.800000000000004 135.2 -345.6
v 38.400000000000006 131.2 -332.8
v 115.2 129.59999999999997 -300.8
v 89.60000000000001 129.59999999999997 -300.8
v 89.60000000000001 131.2 -307.20000000000005
v 115.2 134.39999999999998 -320
v 140.8 134.39999999999998 -320
v 115.2 129.59999999999997 -300.8
v 140.8 129.59999999999997 -300.8
v 166.4 134.39999999999998 -320
v 140.8 134.39999999999998 -320
v 166.4 140.79999999999998 -345.6
v 140.8 140.79999999999998 -345.6
v 166.4 140.79999999999998 -345.6
v 192 140.79999999999998 -345.6
v 166.4 134.39999999999998 -320
v 192 134.39999999999998 -320
v 140.8 129.59999999999997 -300.8
v 140.8 134.39999999999998 -320
v 166.4 129.59999999999997 -300.8
v 166.4 134.39999999999998 -320
v 166.4 129.59999999999997 -300.8
v 166.4 134.39999999999998 -320
v 192 129.59999999999997 -300.8
v 192 134.39999999999998 -320
v 44.800000000000004 135.2 -345.6
v 76.80000000000001 139.2 -345.6
v 38.400000000000006 131.2 -332.8
v 64 131.2 -320
v 76.80000000000001 139.2 -345.6
v 89.60000000000001 140.79999999999998 -345.6
v 64 131.2 -320
v 89.60000000000001 134.39999999999998 -320
v 89.60000000000001 131.2 -307.20000000000005
v 89.60000000000001 134.39999999999998 -320
v 115.2 129.59999999999997 -300.8
v 115.2 134.39999999999998 -320
v 115.2 134.39999999999998 -320
v 115.2 140.79999999999998 -345.6
v 140.8 134.39999999999998 -320
v 140.8 140.79999999999998 -345.6
v 89.60000000000001 134.39999999999998 -320
v 89.60000000000001 140.79999999999998 -345.6
v 115.2 134.39999999999998 -320
v 115.2 140.79999999999998 -345.6
vt 0.9453125 0.3359375
vt 0.9921875 0.4375
vt 0.75 0.4375
vt 0.75 0.4375
vt 0.9921875 0.3125
vt 0.9921875 0.4375
vt 0.7421875 0.4609375
vt 0.5 0.4609375
vt 0.5 0.390625
vt 0.7421875 0.2578125
vt 0.9921875 0.2578125
vt 0.7421875 0.4609375
vt 0.9921875 0.4609375
vt 0.7421875 0.21875
vt 0.9609375 0.21875
vt 0.7421875 0
vt 0.9609375 0
vt 0.7421875 0
vt 0.5 0
vt 0.7421875 0.21875
vt 0.5 0.21875
vt 0.9609375 0.4375
vt 0.9609375 0.21875
vt 0.7421875 0.4375
vt 0.7421875 0.21875
vt 0.7421875 0.4375
vt 0.7421875 0.21875
vt 0.5 0.4375
vt 0.5 0.21875
vt 0.5 0.3125
vt 0.75 0.171875
vt 0.5 0.4375
vt 0.75 0.4375
vt 0.75 0.171875
vt 0.84375 0.125
vt 0.75 0.4375
vt 0.9453125 0.3359375
vt 0.5 0.390625
vt 0.5 0.2578125
vt 0.7421875 0.4609375
vt 0.7421875 0.2578125
vt 0.7421875 0.2578125
vt 0.7421875 0
vt 0.9921875 0.2578125
vt 0.9921875 0
vt 0.5 0.2578125
vt 0.5 0
vt 0.7421875 0.2578125
vt 0.7421875 0
vn -0.12038585308576921 0.9630868246861537 0.24077170617153829
vn -0.12038585308576921 0.9630868246861537 0.24077170617153829
vn -0.12038585308576921 0.9630868246861537 0.24077170617153829
vn -0.12038585308576921 0.9630868246861537 0.24077170617153829
vn -0.12038585308576921 0.9630868246861537 0.24077170617153829
vn -0.12038585308576921 0.9630868246861537 0.24077170617153829
vn 0 0.9701425001453319 0.24253562503633283
vn 0 0.9701425001453319 0.24253562503633283
vn 0 0.9701425001453319 0.24253562503633283
vn 0 0.9701425001453319 0.24253562503633283
vn 0 0.9701425001453319 0.24253562503633283
vn 0 0.9701425001453319 0.24253562503633283
vn 0 0.9701425001453319 0.24253562503633283
vn 0 0.9701425001453319 0.24253562503633283
vn 0 0.9701425001453319 0.24253562503633283
vn 0 0.9701425001453319 0.24253562503633283
vn 0 0.9701425001453319 0.24253562503633283
vn 0 0.9701425001453319 0.24253562503633283
vn 0 0.9701425001453319 0.24253562503633283
vn 0 0.9701425001453319 0.24253562503633283
vn 0 0.9701425001453319 0.24253562503633283
vn 0 0.9701425001453319 0.24253562503633283
vn 0 0.9701425001453319 0.24253562503633283
vn 0 0.9701425001453319 0.24253562503633283
vn 0 0.9701425001453319 0.24253562503633283
vn 0 0.9701425001453319 0.24253562503633283
vn 0 0.9701425001453319 0.24253562503633283
vn 0 0.9701425001453319 0.24253562503633283
vn 0 0.9701425001453319 0.24253562503633283
vn -0.12038585308576921 0.9630868246861537 0.24077170617153829
vn -0.12038585308576921 0.9630868246861537 0.24077170617153829
vn -0.12038585308576921 0.9630868246861537 0.24077170617153829
vn -0.12038585308576921 0.9630868246861537 0.24077170617153829
vn -0.12038585308576921 0.9630868246861537 0.24077170617153829
vn -0.12038585308576921 0.9630868246861537 0.24077170617153829
vn -0.12038585308576921 0.9630868246861537 0.24077170617153829
vn -0.12038585308576921 0.9630868246861537 0.24077170617153829
vn 0 0.9701425001453319 0.24253562503633283
vn 0 0.9701425001453319 0.24253562503633283
vn 0 0.9701425001453319 0.24253562503633283
vn 0 0.9701425001453319 0.24253562503633283
vn 0 0.9701425001453319 0.24253562503633283
vn 0 0.9701425001453319 0.24253562503633283
vn 0 0.9701425001453319 0.24253562503633283
vn 0 0.9701425001453319 0.24253562503633283
vn 0 0.9701425001453319 0.24253562503633283
vn 0 0.9701425001453319 0.24253562503633283
vn 0 0.9701425001453319 0.24253562503633283
vn 0 0.9701425001453319 0.24253562503633283
f 2929/2929/2929 2928/2928/2928 2927/2927/2927
f 2932/2932/2932 2931/2931/2931 2930/2930/2930
f 2935/2935/2935 2934/2934/2934 2933/2933/2933
f 2938/2938/2938 2937/2937/2937 2936/2936/2936
f 2937/2937/2937 2938/2938/2938 2939/2939/2939
f 2942/2942/2942 2941/2941/2941 2940/2940/2940
f 2941/2941/2941 2942/2942/2942 2943/2943/2943
f 2946/2946/2946 2945/2945/2945 2944/2944/2944
f 2945/2945/2945 2946/2946/2946 2947/2947/2947
f 2950/2950/2950 2949/2949/2949 2948/2948/2948
f 2949/2949/2949 2950/2950/2950 2951/2951/2951
f 2954/2954/2954 2953/2953/2953 2952/2952/2952
f 2953/2953/2953 2954/2954/2954 2955/2955/2955
f 2958/2958/2958 2957/2957/2957 2956/2956/2956
f 2957/2957/2957 2958/2958/2958 2959/2959/2959
f 2962/2962/2962 2961/2961/2961 2960/2960/2960
f 2961/2961/2961 2962/2962/2962 2963/2963/2963
f 2966/2966/2966 2965/2965/2965 2964/2964/2964
f 2965/2965/2965 2966/2966/2966 2967/2967/2967
f 2970/2970/2970 2969/2969/2969 2968/2968/2968
f 2969/2969/2969 2970/2970/2970 2971/2971/2971
f 2974/2974/2974 2973/2973/2973 2972/2972/2972
f 2973/2973/2973 2974/2974/2974 2975/2975/2975
o mesh_69
usemtl mat13
v 155.20000000000002 107.19999999999996 -300.8
v 155.20000000000002 123.19999999999996 -300.8
v 166.4 107.19999999999996 -300.8
v 166.4 123.19999999999996 -300.8
v 115.2 107.19999999999996 -300.8
v 104 107.19999999999996 -300.8
v 115.2 123.19999999999996 -300.8
v 104 123.19999999999996 -300.8
v 140.8 123.19999999999996 -300.8
v 140.8 107.19999999999996 -300.8
v 129.6 123.19999999999996 -300.8
v 129.6 107.19999999999996 -300.8
v 104 99.19999999999996 -300.8
v 98.4 99.19999999999996 -299.2
v 104 76.79999999999997 -300.8
v 98.4 76.79999999999997 -299.2
vt 0.25 0.7421875
vt 0.25 0.5
vt 0.3671875 0.7421875
vt 0.3671875 0.5
vt 0.3671875 0.7421875
vt 0.25 0.7421875
vt 0.3671875 0.5
vt 0.25 0.5
vt 0.3671875 0.5
vt 0.3671875 0.7421875
vt 0.25 0.5
vt 0.25 0.7421875
vt 0.25 0.5
vt 0.3046875 0.5
vt 0.25 0.7421875
vt 0.3046875 0.7421875
vn 0 1.2246467991473532e-16 1
vn 0 1.2246467991473532e-16 1
vn 0 1.2246467991473532e-16 1
vn 0 1.2246467991473532e-16 1
vn 0 1.2246467991473532e-16 1
vn 0 1.2246467991473532e-16 1
vn 0 1.2246467991473532e-16 1
vn 0 1.2246467991473532e-16 1
vn 0 1.2246467991473532e-16 1
vn 0 1.2246467991473532e-16 1
vn 0 1.2246467991473532e-16 1
vn 0 1.2246467991473532e-16 1
vn -0.2747211160889107 -1.177527228913633e-16 -0.961523951014671
vn -0.2747211160889107 -1.177527228913633e-16 -0.961523951014671
vn -0.2747211160889107 -1.177527228913633e-16 -0.961523951014671
vn -0.2747211160889107 -1.177527228913633e-16 -0.961523951014671
f 2978/2978/2978 2977/2977/2977 2976/2976/2976
f 2977/2977/2977 2978/2978/2978 2979/2979/2979
f 2982/2982/2982 2981/2981/2981 2980/2980/2980
f 2981/2981/2981 2982/2982/2982 2983/2983/2983
f 2986/2986/2986 2985/2985/2985 2984/2984/2984
f 2985/2985/2985 2986/2986/2986 2987/2987/2987
f 2990/2990/2990 2989/2989/2989 2988/2988/2988
f 2989/2989/2989 2990/2990/2990 2991/2991/2991
o mesh_70
usemtl mat11
v 38.400000000000006 102.39999999999996 -332.8
v 49.6 102.39999999999996 -327.20000000000005
v 38.400000000000006 76.79999999999997 -332.8
v 49.6 76.79999999999997 -327.20000000000005
v 75.2 76.79999999999997 -314.40000000000003
v 64 76.79999999999997 -320
v 75.2 102.39999999999996 -314.40000000000003
v 64 102.39999999999996 -320
vt 0.375 0.5
vt 0.4921875 0.5
vt 0.375 0.7421875
vt 0.4921875 0.7421875
vt 0.4921875 0.7421875
vt 0.375 0.7421875
vt 0.4921875 0.5
vt 0.375 0.5
vn -0.44721359549995787 1.095357396528405e-16 0.8944271909999157
vn -0.44721359549995787 1.095357396528405e-16 0.8944271909999157
vn -0.44721359549995787 1.095357396528405e-16 0.8944271909999157
vn -0.44721359549995787 1.095357396528405e-16 0.8944271909999157
vn -0.44721359549995787 1.095357396528405e-16 0.8944271909999157
vn -0.44721359549995787 1.095357396528405e-16 0.8944271909999157
vn -0.44721359549995787 1.095357396528405e-16 0.8944271909999157
vn -0.44721359549995787 1.095357396528405e-16 0.8944271909999157
f 2994/2994/2994 2993/2993/2993 2992/2992/2992
f 2993/2993/2993 2994/2994/2994 2995/2995/2995
f 2998/2998/2998 2997/2997/2997 2996/2996/2996
f 2997/2997/2997 2998/2998/2998 2999/2999/2999
o mesh_71
usemtl mat3
v 155.20000000000002 76.79999999999997 -300.8
v 166.4 76.79999999999997 -300.8
v 166.4 51.19999999999997 -300.8
v 192 63.999999999999964 -300.8
v 192 51.19999999999997 -300.8
v 166.4 51.19999999999997 -300.8
v 104 76.79999999999997 -300.8
v 115.2 76.79999999999997 -300.8
v 115.2 51.19999999999997 -300.8
v 192 76.79999999999997 -345.6
v 192 76.79999999999997 -320
v 192 89.59999999999997 -332.8
v 192 89.59999999999997 -320
v 89.60000000000001 38.39999999999997 -297.6
v 89.60000000000001 51.19999999999997 -300.8
v 115.2 38.39999999999997 -297.6
v 115.2 51.19999999999997 -300.8
v 129.6 76.79999999999997 -300.8
v 140.8 76.79999999999997 -300.8
v 128 51.19999999999997 -300.8
v 140.8 51.19999999999997 -300.8
v 166.4 38.39999999999997 -297.6
v 166.4 51.19999999999997 -300.8
v 192 38.39999999999997 -297.6
v 192 51.19999999999997 -300.8
v 166.4 38.39999999999997 -297.6
v 166.4 25.599999999999966 -294.40000000000003
v 140.8 38.39999999999997 -297.6
v 140.8 25.599999999999966 -294.40000000000003
v 192 63.999999999999964 -300.8
v 166.4 51.19999999999997 -300.8
v 192 76.79999999999997 -300.8
v 166.4 76.79999999999997 -300.8
v 192 127.99999999999996 -320
v 192 102.39999999999996 -320
v 192 129.59999999999997 -300.8
v 192 102.39999999999996 -300.8
v 192 102.39999999999996 -332.8
v 192 102.39999999999996 -320
v 192 127.99999999999996 -332.8
v 192 127.99999999999996 -320
v 155.20000000000002 99.19999999999996 -300.8
v 155.20000000000002 76.79999999999997 -300.8
v 140.8 99.19999999999996 -300.8
v 140.8 76.79999999999997 -300.8
v 192 127.99999999999996 -332.8
v 192 127.99999999999996 -345.6
v 192 102.39999999999996 -332.8
v 192 102.39999999999996 -345.6
v 192 89.59999999999997 -320
v 192 76.79999999999997 -320
v 192 89.59999999999997 -300.8
v 192 76.79999999999997 -300.8
v 140.8 76.79999999999997 -300.8
v 155.20000000000002 76.79999999999997 -300.8
v 140.8 51.19999999999997 -300.8
v 166.4 51.19999999999997 -300.8
v 192 127.99999999999996 -332.8
v 192 127.99999999999996 -320
v 192 140.79999999999998 -345.6
v 192 134.39999999999998 -320
v 128 51.19999999999997 -300.8
v 115.2 51.19999999999997 -300.8
v 129.6 76.79999999999997 -300.8
v 115.2 76.79999999999997 -300.8
v 140.8 25.599999999999966 -294.40000000000003
v 115.2 25.599999999999966 -294.40000000000003
v 128 38.39999999999997 -297.6
v 115.2 38.39999999999997 -297.6
v 115.2 51.19999999999997 -300.8
v 89.60000000000001 51.19999999999997 -300.8
v 104 76.79999999999997 -300.8
v 89.60000000000001 76.79999999999997 -300.8
v 115.2 38.39999999999997 -297.6
v 115.2 25.599999999999966 -294.40000000000003
v 89.60000000000001 38.39999999999997 -297.6
v 89.60000000000001 25.599999999999966 -294.40000000000003
v 140.8 38.39999999999997 -297.6
v 140.8 51.19999999999997 -300.8
v 166.4 38.39999999999997 -297.6
v 166.4 51.19999999999997 -300.8
vt 0.1328125 0.5
vt 0.2421875 0.5
vt 0.2421875 0.75
vt 0.4921875 0.625
vt 0.4921875 0.75
vt 0.2421875 0.75
vt 0.140625 0.5
vt 0.2421875 0.5
vt 0.2421875 0.75
vt 0.4921875 0.4921875
vt 0.1796875 0.4921875
vt 0.3359375 0.375
vt 0.1796875 0.375
vt 0 0.875
vt 0 0.75
vt 0.2421875 0.875
vt 0.2421875 0.75
vt 0.3828125 0.5
vt 0.4921875 0.5
vt 0.3671875 0.75
vt 0.4921875 0.75
vt 0.2421875 0.875
vt 0.2421875 0.75
vt 0.4921875 0.875
vt 0.4921875 0.75
vt 0.2421875 0.875
vt 0.2421875 0.9921875
vt 0 0.875
vt 0 0.9921875
vt 0.4921875 0.625
vt 0.2421875 0.75
vt 0.4921875 0.5
vt 0.2421875 0.5
vt 0.1796875 0.015625
vt 0.1796875 0.25
vt 0 0
vt 0 0.25
vt 0.3359375 0.25
vt 0.1796875 0.25
vt 0.3359375 0.015625
vt 0.1796875 0.015625
vt 0.1328125 0.28125
vt 0.1328125 0.4921875
vt 0 0.28125
vt 0 0.4921875
vt 0.3359375 0.015625
vt 0.4921875 0.015625
vt 0.3359375 0.25
vt 0.4921875 0.25
vt 0.1796875 0.375
vt 0.1796875 0.4921875
vt 0 0.375
vt 0 0.4921875
vt 0 0.5
vt 0.1328125 0.5
vt 0 0.75
vt 0.2421875 0.75
vt 0.3125 0.2421875
vt 0.1796875 0.2421875
vt 0.4296875 0.15625
vt 0.1796875 0.2109375
vt 0.3671875 0.75
vt 0.2421875 0.75
vt 0.3828125 0.5
vt 0.2421875 0.5
vt 0.4921875 0.9921875
vt 0.2421875 0.9921875
vt 0.3671875 0.875
vt 0.2421875 0.875
vt 0.2421875 0.75
vt 0 0.75
vt 0.140625 0.5
vt 0 0.5
vt 0.2421875 0.875
vt 0.2421875 0.9921875
vt 0 0.875
vt 0 0.9921875
vt 0 0.875
vt 0 0.75
vt 0.2421875 0.875
vt 0.2421875 0.75
vn 0 1.2246467991473532e-16 1
vn 0 1.2246467991473532e-16 1
vn 0 1.2246467991473532e-16 1
vn 0 1.2246467991473532e-16 1
vn 0 1.2246467991473532e-16 1
vn 0 1.2246467991473532e-16 1
vn 0 1.2246467991473532e-16 1
vn 0 1.2246467991473532e-16 1
vn 0 1.2246467991473532e-16 1
vn 1 0 0
vn 1 0 0
vn 1 0 0
vn 1 0 0
vn 0 0.24253562503633308 0.9701425001453319
vn 0 0.24253562503633308 0.9701425001453319
vn 0 0.24253562503633308 0.9701425001453319
vn 0 0.24253562503633308 0.9701425001453319
vn 0 1.2246467991473532e-16 1
vn 0 1.2246467991473532e-16 1
vn 0 1.2246467991473532e-16 1
vn 0 1.2246467991473532e-16 1
vn 0 0.24253562503633308 0.9701425001453319
vn 0 0.24253562503633308 0.9701425001453319
vn 0 0.24253562503633308 0.9701425001453319
vn 0 0.24253562503633308 0.9701425001453319
vn 0 0.24253562503633308 0.9701425001453319
vn 0 0.24253562503633308 0.9701425001453319
vn 0 0.24253562503633308 0.9701425001453319
vn 0 0.24253562503633308 0.9701425001453319
vn 0 1.2246467991473532e-16 1
vn 0 1.2246467991473532e-16 1
vn 0 1.2246467991473532e-16 1
vn 0 1.2246467991473532e-16 1
vn 1 0 0
vn 1 0 0
vn 1 0 0
vn 1 0 0
vn 1 0 0
vn 1 0 0
vn 1 0 0
vn 1 0 0
vn 0 1.2246467991473532e-16 1
vn 0 1.2246467991473532e-16 1
vn 0 1.2246467991473532e-16 1
vn 0 1.2246467991473532e-16 1
vn 1 0 0
vn 1 0 0
vn 1 0 0
vn 1 0 0
vn 1 0 0
vn 1 0 0
vn 1 0 0
vn 1 0 0
vn 0 1.2246467991473532e-16 1
vn 0 1.2246467991473532e-16 1
vn 0 1.2246467991473532e-16 1
vn 0 1.2246467991473532e-16 1
vn 1 0 0
vn 1 0 0
vn 1 0 0
vn 1 0 0
vn 0 1.2246467991473532e-16 1
vn 0 1.2246467991473532e-16 1
vn 0 1.2246467991473532e-16 1
vn 0 1.2246467991473532e-16 1
vn 0 0.24253562503633308 0.9701425001453319
vn 0 0.24253562503633308 0.9701425001453319
vn 0 0.24253562503633308 0.9701425001453319
vn 0 0.24253562503633308 0.9701425001453319
vn 0 1.2246467991473532e-16 1
vn 0 1.2246467991473532e-16 1
vn 0 1.2246467991473532e-16 1
vn 0 1.2246467991473532e-16 1
vn 0 0.24253562503633308 0.9701425001453319
vn 0 0.24253562503633308 0.9701425001453319
vn 0 0.24253562503633308 0.9701425001453319
vn 0 0.24253562503633308 0.9701425001453319
vn 0 0.24253562503633308 0.9701425001453319
vn 0 0.24253562503633308 0.9701425001453319
vn 0 0.24253562503633308 0.9701425001453319
vn 0 0.24253562503633308 0.9701425001453319
f 3002/3002/3002 3001/3001/3001 3000/3000/3000
f 3005/3005/3005 3004/3004/3004 3003/3003/3003
f 3008/3008/3008 3007/3007/3007 3006/3006/3006
f 3011/3011/3011 3010/3010/3010 3009/3009/3009
f 3010/3010/3010 3011/3011/3011 3012/3012/3012
f 3015/3015/3015 3014/3014/3014 3013/3013/3013
f 3014/3014/3014 3015/3015/3015 3016/3016/3016
f 3019/3019/3019 3018/3018/3018 3017/3017/3017
f 3018/3018/3018 3019/3019/3019 3020/3020/3020
f 3023/3023/3023 3022/3022/3022 3021/3021/3021
f 3022/3022/3022 3023/3023/3023 3024/3024/3024
f 3027/3027/3027 3026/3026/3026 3025/3025/3025
f 3026/3026/3026 3027/3027/3027 3028/3028/3028
f 3031/3031/3031 3030/3030/3030 3029/3029/3029
f 3030/3030/3030 3031/3031/3031 3032/3032/3032
f 3035/3035/3035 3034/3034/3034 3033/3033/3033
f 3034/3034/3034 3035/3035/3035 3036/3036/3036
f 3039/3039/3039 3038/3038/3038 3037/3037/3037
f 3038/3038/3038 3039/3039/3039 3040/3040/3040
f 3043/3043/3043 3042/3042/3042 3041/3041/3041
f 3042/3042/3042 3043/3043/3043 3044/3044/3044
f 3047/3047/3047 3046/3046/3046 3045/3045/3045
f 3046/3046/3046 3047/3047/3047 3048/3048/3048
f 3051/3051/3051 3050/3050/3050 3049/3049/3049
f 3050/3050/3050 3051/3051/3051 3052/3052/3052
f 3055/3055/3055 3054/3054/3054 3053/3053/3053
f 3054/3054/3054 3055/3055/3055 3056/3056/3056
f 3059/3059/3059 3058/3058/3058 3057/3057/3057
f 3058/3058/3058 3059/3059/3059 3060/3060/3060
f 3063/3063/3063 3062/3062/3062 3061/3061/3061
f 3062/3062/3062 3063/3063/3063 3064/3064/3064
f 3067/3067/3067 3066/3066/3066 3065/3065/3065
f 3066/3066/3066 3067/3067/3067 3068/3068/3068
f 3071/3071/3071 3070/3070/3070 3069/3069/3069
f 3070/3070/3070 3071/3071/3071 3072/3072/3072
f 3075/3075/3075 3074/3074/3074 3073/3073/3073
f 3074/3074/3074 3075/3075/3075 3076/3076/3076
f 3079/3079/3079 3078/3078/3078 3077/3077/3077
f 3078/3078/3078 3079/3079/3079 3080/3080/3080
o mesh_72
usemtl mat16
v 75.2 76.79999999999997 -314.40000000000003
v 89.60000000000001 76.79999999999997 -307.20000000000005
v 76.80000000000001 51.19999999999997 -313.6
v 89.60000000000001 51.19999999999997 -307.20000000000005
v 89.60000000000001 38.39999999999997 -307.20000000000005
v 89.60000000000001 25.599999999999962 -307.20000000000005
v 76.80000000000001 51.19999999999997 -313.6
v 76.80000000000001 31.99999999999996 -313.6
v 64 51.19999999999996 -320
v 76.80000000000001 51.19999999999997 -313.6
v 64 31.99999999999996 -320
v 76.80000000000001 31.99999999999996 -313.6
v 76.80000000000001 51.19999999999997 -313.6
v 64 51.19999999999996 -320
v 75.2 76.79999999999997 -314.40000000000003
v 64 76.79999999999997 -320
vt 0.640625 0.5
vt 0.5 0.5
vt 0.625 0.75
vt 0.5 0.75
vt 0.5 0.875
vt 0.5 0.9921875
vt 0.625 0.75
vt 0.625 0.9375
vt 0.75 0.75
vt 0.625 0.75
vt 0.75 0.9375
vt 0.625 0.9375
vt 0.625 0.75
vt 0.75 0.75
vt 0.640625 0.5
vt 0.75 0.5
vn -0.44721359549995787 1.095357396528405e-16 0.8944271909999157
vn -0.44721359549995787 1.095357396528405e-16 0.8944271909999157
vn -0.44721359549995787 1.095357396528405e-16 0.8944271909999157
vn -0.44721359549995787 1.095357396528405e-16 0.8944271909999157
vn -0.44721359549995787 1.095357396528405e-16 0.8944271909999157
vn -0.44721359549995787 1.095357396528405e-16 0.8944271909999157
vn -0.44721359549995787 1.095357396528405e-16 0.8944271909999157
vn -0.44721359549995787 1.095357396528405e-16 0.8944271909999157
vn -0.44721359549995787 1.095357396528405e-16 0.8944271909999157
vn -0.44721359549995787 1.095357396528405e-16 0.8944271909999157
vn -0.44721359549995787 1.095357396528405e-16 0.8944271909999157
vn -0.44721359549995787 1.095357396528405e-16 0.8944271909999157
vn -0.44721359549995787 1.095357396528405e-16 0.8944271909999157
vn -0.44721359549995787 1.095357396528405e-16 0.8944271909999157
vn -0.44721359549995787 1.095357396528405e-16 0.8944271909999157
vn -0.44721359549995787 1.095357396528405e-16 0.8944271909999157
f 3083/3083/3083 3082/3082/3082 3081/3081/3081
f 3082/3082/3082 3083/3083/3083 3084/3084/3084
f 3087/3087/3087 3086/3086/3086 3085/3085/3085
f 3086/3086/3086 3087/3087/3087 3088/3088/3088
f 3091/3091/3091 3090/3090/3090 3089/3089/3089
f 3090/3090/3090 3091/3091/3091 3092/3092/3092
f 3095/3095/3095 3094/3094/3094 3093/3093/3093
f 3094/3094/3094 3095/3095/3095 3096/3096/3096
o mesh_73
usemtl mat13
v 166.4 76.79999999999997 -300.8
v 155.20000000000002 76.79999999999997 -300.8
v 166.4 99.19999999999996 -300.8
v 155.20000000000002 99.19999999999996 -300.8
v 140.8 99.19999999999996 -300.8
v 140.8 76.79999999999997 -300.8
v 129.6 99.19999999999996 -300.8
v 129.6 76.79999999999997 -300.8
vt 0.3671875 0.7421875
vt 0.25 0.7421875
vt 0.3671875 0.5
vt 0.25 0.5
vt 0.3671875 0.5
vt 0.3671875 0.7421875
vt 0.25 0.5
vt 0.25 0.7421875
vn 0 1.2246467991473532e-16 1
vn 0 1.2246467991473532e-16 1
vn 0 1.2246467991473532e-16 1
vn 0 1.2246467991473532e-16 1
vn 0 1.2246467991473532e-16 1
vn 0 1.2246467991473532e-16 1
vn 0 1.2246467991473532e-16 1
vn 0 1.2246467991473532e-16 1
f 3099/3099/3099 3098/3098/3098 3097/3097/3097
f 3098/3098/3098 3099/3099/3099 3100/3100/3100
f 3103/3103/3103 3102/3102/3102 3101/3101/3101
f 3102/3102/3102 3103/3103/3103 3104/3104/3104
o mesh_74
usemtl mat17
v 268.8 12.799999999999965 -294.40000000000003
v 243.20000000000002 25.599999999999966 -294.40000000000003
v 268.8 25.599999999999966 -294.40000000000003
v 268.8 -25.600000000000037 -294.40000000000003
v 243.20000000000002 -25.600000000000037 -294.40000000000003
v 268.8 -3.605360176689808e-14 -294.40000000000003
v 243.20000000000002 -25.600000000000037 -294.40000000000003
v 243.20000000000002 -3.683737571835239e-14 -300.8
v 268.8 -3.605360176689808e-14 -294.40000000000003
v 268.8 12.799999999999965 -294.40000000000003
v 243.20000000000002 12.799999999999963 -300.8
v 243.20000000000002 25.599999999999966 -294.40000000000003
v 243.20000000000002 25.599999999999966 -294.40000000000003
v 243.20000000000002 12.799999999999963 -300.8
v 230.4 25.599999999999966 -294.40000000000003
v 211.20000000000002 12.799999999999963 -300.8
v 211.20000000000002 12.799999999999967 -268.8
v 211.20000000000002 12.799999999999967 -281.6
v 211.20000000000002 -3.0567184106717935e-14 -249.60000000000002
v 211.20000000000002 -3.4486053863989466e-14 -281.6
v 211.20000000000002 12.799999999999963 -300.8
v 211.20000000000002 -3.683737571835239e-14 -300.8
v 211.20000000000002 12.799999999999967 -281.6
v 211.20000000000002 -3.4486053863989466e-14 -281.6
v 211.20000000000002 -3.4486053863989466e-14 -281.6
v 217.60000000000002 -25.600000000000037 -281.6
v 211.20000000000002 -3.0567184106717935e-14 -249.60000000000002
v 217.60000000000002 -25.600000000000033 -256
v 211.20000000000002 -3.683737571835239e-14 -300.8
v 217.60000000000002 -25.600000000000037 -294.40000000000003
v 211.20000000000002 -3.4486053863989466e-14 -281.6
v 217.60000000000002 -25.600000000000037 -281.6
v 243.20000000000002 -3.683737571835239e-14 -300.8
v 243.20000000000002 -25.600000000000037 -294.40000000000003
v 211.20000000000002 -3.683737571835239e-14 -300.8
v 217.60000000000002 -25.600000000000037 -294.40000000000003
v 243.20000000000002 12.799999999999963 -300.8
v 243.20000000000002 -3.683737571835239e-14 -300.8
v 211.20000000000002 12.799999999999963 -300.8
v 211.20000000000002 -3.683737571835239e-14 -300.8
v 268.8 12.799999999999965 -294.40000000000003
v 268.8 -3.605360176689808e-14 -294.40000000000003
v 243.20000000000002 12.799999999999963 -300.8
v 243.20000000000002 -3.683737571835239e-14 -300.8
vt 0.9921875 0.625
vt 0.7734375 0.5
vt 0.9921875 0.5
vt 0.9921875 0.9921875
vt 0.7734375 0.9921875
vt 0.9921875 0.7421875
vt 0.7734375 0.9921875
vt 0.7734375 0.7421875
vt 0.9921875 0.7421875
vt 0.9921875 0.625
vt 0.7734375 0.625
vt 0.7734375 0.5
vt 0.7734375 0.5
vt 0.7734375 0.625
vt 0.6484375 0.5
vt 0.5 0.625
vt 0.6875 0.625
vt 0.8125 0.625
vt 0.5 0.75
vt 0.8125 0.75
vt 0.9921875 0.625
vt 0.9921875 0.75
vt 0.8125 0.625
vt 0.8125 0.75
vt 0.8125 0.75
vt 0.8125 0.9921875
vt 0.5 0.75
vt 0.5625 0.9921875
vt 0.9921875 0.75
vt 0.9375 0.9921875
vt 0.8125 0.75
vt 0.8125 0.9921875
vt 0.7734375 0.7421875
vt 0.7734375 0.9921875
vt 0.5 0.7421875
vt 0.546875 0.9921875
vt 0.7734375 0.625
vt 0.7734375 0.7421875
vt 0.5 0.625
vt 0.5 0.7421875
vt 0.9921875 0.625
vt 0.9921875 0.7421875
vt 0.7734375 0.625
vt 0.7734375 0.7421875
vn 0 1.2246467991473532e-16 1
vn 0 1.2246467991473532e-16 1
vn 0 1.2246467991473532e-16 1
vn 0 1.2246467991473532e-16 1
vn 0 1.2246467991473532e-16 1
vn 0 1.2246467991473532e-16 1
vn -0.23570226039551584 0.23570226039551598 0.9428090415820634
vn -0.23570226039551584 0.23570226039551598 0.9428090415820634
vn -0.23570226039551584 0.23570226039551598 0.9428090415820634
vn -0.2182178902359924 -0.4364357804719847 0.8728715609439696
vn -0.2182178902359924 -0.4364357804719847 0.8728715609439696
vn -0.2182178902359924 -0.4364357804719847 0.8728715609439696
vn 0 -0.4472135954999579 0.894427190999916
vn 0 -0.4472135954999579 0.894427190999916
vn 0 -0.4472135954999579 0.894427190999916
vn 0 -0.4472135954999579 0.894427190999916
vn 1 0 0
vn 1 0 0
vn 1 0 0
vn 1 0 0
vn 1 0 0
vn 1 0 0
vn 1 0 0
vn 1 0 0
vn 0.9701425001453319 0.24253562503633297 -2.970204768799478e-17
vn 0.9701425001453319 0.24253562503633297 -2.970204768799478e-17
vn 0.9701425001453319 0.24253562503633297 -2.970204768799478e-17
vn 0.9701425001453319 0.24253562503633297 -2.970204768799478e-17
vn 0.9701425001453319 0.24253562503633297 -2.970204768799478e-17
vn 0.9701425001453319 0.24253562503633297 -2.970204768799478e-17
vn 0.9701425001453319 0.24253562503633297 -2.970204768799478e-17
vn 0.9701425001453319 0.24253562503633297 -2.970204768799478e-17
vn 0 0.24253562503633308 0.9701425001453319
vn 0 0.24253562503633308 0.9701425001453319
vn 0 0.24253562503633308 0.9701425001453319
vn 0 0.24253562503633308 0.9701425001453319
vn 0 1.2246467991473532e-16 1
vn 0 1.2246467991473532e-16 1
vn 0 1.2246467991473532e-16 1
vn 0 1.2246467991473532e-16 1
vn -0.24253562503633297 1.1880819075197913e-16 0.9701425001453319
vn -0.24253562503633297 1.1880819075197913e-16 0.9701425001453319
vn -0.24253562503633297 1.1880819075197913e-16 0.9701425001453319
vn -0.24253562503633297 1.1880819075197913e-16 0.9701425001453319
f 3107/3107/3107 3106/3106/3106 3105/3105/3105
f 3110/3110/3110 3109/3109/3109 3108/3108/3108
f 3113/3113/3113 3112/3112/3112 3111/3111/3111
f 3116/3116/3116 3115/3115/3115 3114/3114/3114
f 3119/3119/3119 3118/3118/3118 3117/3117/3117
f 3118/3118/3118 3119/3119/3119 3120/3120/3120
f 3123/3123/3123 3122/3122/3122 3121/3121/3121
f 3122/3122/3122 3123/3123/3123 3124/3124/3124
f 3127/3127/3127 3126/3126/3126 3125/3125/3125
f 3126/3126/3126 3127/3127/3127 3128/3128/3128
f 3131/3131/3131 3130/3130/3130 3129/3129/3129
f 3130/3130/3130 3131/3131/3131 3132/3132/3132
f 3135/3135/3135 3134/3134/3134 3133/3133/3133
f 3134/3134/3134 3135/3135/3135 3136/3136/3136
f 3139/3139/3139 3138/3138/3138 3137/3137/3137
f 3138/3138/3138 3139/3139/3139 3140/3140/3140
f 3143/3143/3143 3142/3142/3142 3141/3141/3141
f 3142/3142/3142 3143/3143/3143 3144/3144/3144
f 3147/3147/3147 3146/3146/3146 3145/3145/3145
f 3146/3146/3146 3147/3147/3147 3148/3148/3148
o mesh_75
usemtl mat3
v 268.8 -3.135095805817224e-14 -256
v 243.20000000000002 -25.600000000000033 -256
v 268.8 -25.600000000000033 -256
v 268.8 25.59999999999997 -256
v 243.20000000000002 25.59999999999997 -256
v 268.8 12.799999999999969 -256
v 268.8 -3.135095805817224e-14 -256
v 243.20000000000002 -3.0567184106717935e-14 -249.60000000000002
v 243.20000000000002 -25.600000000000033 -256
v 243.20000000000002 25.59999999999997 -256
v 243.20000000000002 12.79999999999997 -249.60000000000002
v 268.8 12.799999999999969 -256
v 185.60000000000002 41.59999999999997 -249.60000000000002
v 192 38.39999999999998 -249.60000000000002
v 185.60000000000002 38.39999999999998 -249.60000000000002
v 243.20000000000002 38.39999999999998 -256
v 243.20000000000002 25.59999999999997 -256
v 268.8 25.59999999999997 -256
v 153.60000000000002 63.99999999999997 -217.60000000000002
v 153.60000000000002 63.99999999999997 -230.4
v 153.60000000000002 51.199999999999974 -217.60000000000002
v 153.60000000000002 51.199999999999974 -230.4
v 153.60000000000002 51.199999999999974 -240
v 153.60000000000002 51.199999999999974 -230.4
v 153.60000000000002 63.99999999999997 -243.20000000000002
v 153.60000000000002 63.99999999999997 -230.4
v 268.8 51.199999999999974 -256
v 268.8 70.39999999999998 -256
v 256 51.199999999999974 -256
v 256 70.39999999999998 -256
v 204.8 38.39999999999997 -294.40000000000003
v 192 38.39999999999997 -294.40000000000003
v 204.8 51.19999999999997 -294.40000000000003
v 192 51.19999999999997 -294.40000000000003
v 230.4 12.79999999999998 -179.20000000000002
v 243.20000000000002 12.79999999999998 -179.20000000000002
v 217.60000000000002 -2.194567064072057e-14 -179.20000000000002
v 243.20000000000002 -2.194567064072057e-14 -179.20000000000002
v 268.8 51.19999999999998 -179.20000000000002
v 268.8 25.59999999999998 -179.20000000000002
v 256 51.19999999999998 -179.20000000000002
v 256 25.59999999999998 -179.20000000000002
v 243.20000000000002 51.19999999999998 -179.20000000000002
v 243.20000000000002 25.59999999999998 -179.20000000000002
v 230.4 38.399999999999984 -179.20000000000002
v 230.4 25.59999999999998 -179.20000000000002
v 243.20000000000002 51.199999999999974 -256
v 256 51.199999999999974 -256
v 243.20000000000002 70.39999999999998 -256
v 256 70.39999999999998 -256
v 243.20000000000002 51.19999999999998 -179.20000000000002
v 256 51.19999999999998 -179.20000000000002
v 243.20000000000002 25.59999999999998 -179.20000000000002
v 256 25.59999999999998 -179.20000000000002
v 243.20000000000002 12.79999999999997 -249.60000000000002
v 243.20000000000002 -3.0567184106717935e-14 -249.60000000000002
v 268.8 12.799999999999969 -256
v 268.8 -3.135095805817224e-14 -256
v 153.60000000000002 38.39999999999998 -217.60000000000002
v 153.60000000000002 38.39999999999998 -204.8
v 153.60000000000002 51.199999999999974 -217.60000000000002
v 153.60000000000002 51.199999999999974 -204.8
v 192 38.39999999999998 -249.60000000000002
v 192 51.199999999999974 -249.60000000000002
v 192 38.39999999999998 -256
v 192 51.199999999999974 -256
v 166.4 38.39999999999998 -249.60000000000002
v 166.4 51.199999999999974 -249.60000000000002
v 172.8 41.59999999999997 -249.60000000000002
v 172.8 47.99999999999997 -249.60000000000002
v 153.60000000000002 35.199999999999974 -249.60000000000002
v 153.60000000000002 35.199999999999974 -230.4
v 153.60000000000002 38.39999999999998 -240
v 153.60000000000002 38.39999999999998 -230.4
v 192 38.39999999999998 -256
v 192 25.59999999999997 -256
v 192 38.39999999999998 -249.60000000000002
v 192 25.59999999999997 -249.60000000000002
v 230.4 38.39999999999997 -294.40000000000003
v 230.4 25.599999999999966 -294.40000000000003
v 217.60000000000002 38.39999999999997 -294.40000000000003
v 217.60000000000002 25.599999999999966 -294.40000000000003
v 179.20000000000002 38.39999999999998 -256
v 192 38.39999999999998 -256
v 179.20000000000002 41.59999999999997 -256
v 185.60000000000002 41.59999999999997 -256
v 192 38.39999999999998 -256
v 192 51.199999999999974 -256
v 185.60000000000002 41.59999999999997 -256
v 185.60000000000002 47.99999999999997 -256
v 185.60000000000002 41.59999999999997 -249.60000000000002
v 185.60000000000002 47.99999999999997 -249.60000000000002
v 192 38.39999999999998 -249.60000000000002
v 192 51.199999999999974 -249.60000000000002
v 204.8 38.39999999999997 -294.40000000000003
v 217.60000000000002 38.39999999999997 -294.40000000000003
v 204.8 25.599999999999966 -294.40000000000003
v 217.60000000000002 25.599999999999966 -294.40000000000003
v 217.60000000000002 38.39999999999997 -294.40000000000003
v 217.60000000000002 51.19999999999997 -294.40000000000003
v 230.4 38.39999999999997 -294.40000000000003
v 230.4 51.19999999999997 -294.40000000000003
v 243.20000000000002 38.39999999999997 -294.40000000000003
v 243.20000000000002 25.599999999999966 -294.40000000000003
v 230.4 38.39999999999997 -294.40000000000003
v 230.4 25.599999999999966 -294.40000000000003
v 256 12.79999999999998 -179.20000000000002
v 268.8 12.79999999999998 -179.20000000000002
v 243.20000000000002 -2.194567064072057e-14 -179.20000000000002
v 268.8 -2.194567064072057e-14 -179.20000000000002
v 153.60000000000002 51.199999999999974 -217.60000000000002
v 153.60000000000002 51.199999999999974 -204.8
v 153.60000000000002 63.99999999999997 -217.60000000000002
v 153.60000000000002 63.99999999999997 -204.8
v 153.60000000000002 38.39999999999998 -240
v 153.60000000000002 38.39999999999998 -230.4
v 153.60000000000002 51.199999999999974 -240
v 153.60000000000002 51.199999999999974 -230.4
v 153.60000000000002 38.39999999999998 -249.60000000000002
v 153.60000000000002 51.199999999999974 -249.60000000000002
v 166.4 38.39999999999998 -249.60000000000002
v 166.4 51.199999999999974 -249.60000000000002
v 179.20000000000002 38.39999999999998 -249.60000000000002
v 166.4 38.39999999999998 -249.60000000000002
v 179.20000000000002 41.59999999999997 -249.60000000000002
v 172.8 41.59999999999997 -249.60000000000002
v 166.4 38.39999999999998 -256
v 172.8 41.59999999999997 -256
v 166.4 51.199999999999974 -256
v 172.8 47.99999999999997 -256
v 179.20000000000002 41.59999999999997 -256
v 172.8 41.59999999999997 -256
v 179.20000000000002 38.39999999999998 -256
v 166.4 38.39999999999998 -256
v 185.60000000000002 38.39999999999998 -249.60000000000002
v 179.20000000000002 38.39999999999998 -249.60000000000002
v 185.60000000000002 41.59999999999997 -249.60000000000002
v 179.20000000000002 41.59999999999997 -249.60000000000002
v 179.20000000000002 41.59999999999998 -160
v 172.8 41.59999999999998 -160
v 179.20000000000002 38.399999999999984 -160
v 166.4 38.399999999999984 -160
v 217.60000000000002 12.799999999999981 -153.60000000000002
v 217.60000000000002 25.59999999999998 -160
v 217.60000000000002 12.799999999999981 -166.4
v 217.60000000000002 25.59999999999998 -166.4
v 172.8 41.59999999999998 -160
v 172.8 47.99999999999998 -160
v 166.4 38.399999999999984 -160
v 166.4 51.19999999999998 -160
v 185.60000000000002 47.99999999999998 -160
v 185.60000000000002 41.59999999999998 -160
v 192 51.19999999999998 -160
v 192 38.399999999999984 -160
v 268.8 25.59999999999997 -256
v 268.8 51.199999999999974 -256
v 243.20000000000002 38.39999999999998 -256
v 256 51.199999999999974 -256
v 243.20000000000002 51.199999999999974 -256
v 243.20000000000002 70.39999999999998 -256
v 230.4 63.99999999999997 -256
v 230.4 70.39999999999998 -256
v 179.20000000000002 38.399999999999984 -160
v 192 38.399999999999984 -160
v 179.20000000000002 41.59999999999998 -160
v 185.60000000000002 41.59999999999998 -160
v 192 -1.8810574834903348e-14 -153.60000000000002
v 166.4 -1.8810574834903348e-14 -153.60000000000002
v 179.20000000000002 12.799999999999981 -153.60000000000002
v 166.4 12.799999999999981 -153.60000000000002
v 166.4 -1.8810574834903348e-14 -153.60000000000002
v 140.8 -1.8810574834903348e-14 -153.60000000000002
v 153.60000000000002 12.799999999999981 -153.60000000000002
v 140.8 12.799999999999981 -153.60000000000002
v 153.60000000000002 35.199999999999974 -230.4
v 153.60000000000002 35.199999999999974 -204.8
v 153.60000000000002 38.39999999999998 -217.60000000000002
v 153.60000000000002 38.39999999999998 -204.8
v 115.2 -2.194567064072057e-14 -179.20000000000002
v 115.2 -2.5080766446537795e-14 -204.8
v 115.2 12.799999999999978 -192
v 115.2 12.799999999999976 -204.8
v 153.60000000000002 51.199999999999974 -217.60000000000002
v 153.60000000000002 51.199999999999974 -230.4
v 153.60000000000002 38.39999999999998 -217.60000000000002
v 153.60000000000002 38.39999999999998 -230.4
vt 0.25 0.25
vt 0.4921875 0.4921875
vt 0.25 0.4921875
vt 0.25 0
vt 0.4921875 0
vt 0.25 0.125
vt 0.25 0.25
vt 0.4921875 0.25
vt 0.4921875 0.4921875
vt 0.4921875 0
vt 0.4921875 0.125
vt 0.25 0.125
vt 0.0546875 0.5859375
vt 0.1171875 0.6171875
vt 0.0546875 0.6171875
vt 0.25 0.8125
vt 0.25 0.9375
vt 0 0.9375
vt 0.125 0.375
vt 0.25 0.375
vt 0.125 0.5
vt 0.25 0.5
vt 0.34375 0.5
vt 0.25 0.5
vt 0.375 0.375
vt 0.25 0.375
vt 0 0.6875
vt 0 0.5
vt 0.125 0.6875
vt 0.125 0.5
vt 0.125 0.875
vt 0 0.875
vt 0.125 0.75
vt 0 0.75
vt 0.125 0.875
vt 0.25 0.875
vt 0 0.9921875
vt 0.25 0.9921875
vt 0.4921875 0.5
vt 0.4921875 0.75
vt 0.375 0.5
vt 0.375 0.75
vt 0.25 0.5
vt 0.25 0.75
vt 0.125 0.625
vt 0.125 0.75
vt 0.25 0.6875
vt 0.125 0.6875
vt 0.25 0.5
vt 0.125 0.5
vt 0.25 0.5
vt 0.375 0.5
vt 0.25 0.75
vt 0.375 0.75
vt 0.4921875 0.125
vt 0.4921875 0.25
vt 0.25 0.125
vt 0.25 0.25
vt 0.125 0.625
vt 0 0.625
vt 0.125 0.5
vt 0 0.5
vt 0.1875 0.625
vt 0.1875 0.5
vt 0.25 0.625
vt 0.25 0.5
vt 0.375 0.6171875
vt 0.375 0.5
vt 0.4296875 0.5859375
vt 0.4296875 0.5234375
vt 0.4375 0.6484375
vt 0.25 0.6484375
vt 0.34375 0.625
vt 0.25 0.625
vt 0.25 0.625
vt 0.25 0.75
vt 0.1875 0.625
vt 0.1875 0.75
vt 0.375 0.875
vt 0.375 0.9921875
vt 0.25 0.875
vt 0.25 0.9921875
vt 0.3671875 0.6171875
vt 0.25 0.6171875
vt 0.3671875 0.5859375
vt 0.3046875 0.5859375
vt 0.25 0.6171875
vt 0.25 0.5
vt 0.3046875 0.5859375
vt 0.3046875 0.5234375
vt 0.0546875 0.5859375
vt 0.0546875 0.5234375
vt 0.1171875 0.6171875
vt 0.1171875 0.5
vt 0.125 0.875
vt 0.25 0.875
vt 0.125 0.9921875
vt 0.25 0.9921875
vt 0.25 0.875
vt 0.25 0.75
vt 0.375 0.875
vt 0.375 0.75
vt 0.4921875 0.875
vt 0.4921875 0.9921875
vt 0.375 0.875
vt 0.375 0.9921875
vt 0.375 0.875
vt 0.4921875 0.875
vt 0.25 0.9921875
vt 0.4921875 0.9921875
vt 0.125 0.5
vt 0 0.5
vt 0.125 0.375
vt 0 0.375
vt 0.34375 0.625
vt 0.25 0.625
vt 0.34375 0.5
vt 0.25 0.5
vt 0.25 0.625
vt 0.25 0.5
vt 0.3671875 0.625
vt 0.3671875 0.5
vt 0.4921875 0.6171875
vt 0.375 0.6171875
vt 0.4921875 0.5859375
vt 0.4296875 0.5859375
vt 0.4921875 0.6171875
vt 0.4296875 0.5859375
vt 0.4921875 0.5
vt 0.4296875 0.5234375
vt 0.3671875 0.5859375
vt 0.4296875 0.5859375
vt 0.3671875 0.6171875
vt 0.4921875 0.6171875
vt 0.0546875 0.6171875
vt 0 0.6171875
vt 0.0546875 0.5859375
vt 0 0.5859375
vt 0 0.5859375
vt 0.0546875 0.5859375
vt 0 0.6171875
vt 0.1171875 0.6171875
vt 0 0.875
vt 0.0546875 0.75
vt 0.1171875 0.875
vt 0.1171875 0.75
vt 0.0546875 0.5859375
vt 0.0546875 0.5234375
vt 0.1171875 0.6171875
vt 0.1171875 0.5
vt 0.421875 0.5234375
vt 0.421875 0.5859375
vt 0.3515625 0.5
vt 0.3515625 0.6171875
vt 0 0.9375
vt 0 0.6875
vt 0.25 0.8125
vt 0.125 0.6875
vt 0.25 0.6875
vt 0.25 0.5
vt 0.375 0.5625
vt 0.375 0.5
vt 0.4921875 0.6171875
vt 0.3515625 0.6171875
vt 0.4921875 0.5859375
vt 0.421875 0.5859375
vt 0.2421875 0.9921875
vt 0 0.9921875
vt 0.1171875 0.875
vt 0 0.875
vt 0.4921875 0.9921875
vt 0.25 0.9921875
vt 0.375 0.875
vt 0.25 0.875
vt 0.25 0.6484375
vt 0 0.6484375
vt 0.125 0.625
vt 0 0.625
vt 0.25 0.9921875
vt 0 0.9921875
vt 0.125 0.875
vt 0 0.875
vt 0.125 0.5
vt 0.25 0.5
vt 0.125 0.625
vt 0.25 0.625
vn 0 -1.2246467991473532e-16 -1
vn 0 -1.2246467991473532e-16 -1
vn 0 -1.2246467991473532e-16 -1
vn 0 -1.2246467991473532e-16 -1
vn 0 -1.2246467991473532e-16 -1
vn 0 -1.2246467991473532e-16 -1
vn -0.23570226039551584 0.2357022603955157 -0.9428090415820634
vn -0.23570226039551584 0.2357022603955157 -0.9428090415820634
vn -0.23570226039551584 0.2357022603955157 -0.9428090415820634
vn -0.2182178902359924 -0.4364357804719849 -0.8728715609439696
vn -0.2182178902359924 -0.4364357804719849 -0.8728715609439696
vn -0.2182178902359924 -0.4364357804719849 -0.8728715609439696
vn 0 1.2246467991473532e-16 1
vn 0 1.2246467991473532e-16 1
vn 0 1.2246467991473532e-16 1
vn 0 -1.2246467991473532e-16 -1
vn 0 -1.2246467991473532e-16 -1
vn 0 -1.2246467991473532e-16 -1
vn 1 0 0
vn 1 0 0
vn 1 0 0
vn 1 0 0
vn 1 0 0
vn 1 0 0
vn 1 0 0
vn 1 0 0
vn 0 -1.2246467991473532e-16 -1
vn 0 -1.2246467991473532e-16 -1
vn 0 -1.2246467991473532e-16 -1
vn 0 -1.2246467991473532e-16 -1
vn 0 1.2246467991473532e-16 1
vn 0 1.2246467991473532e-16 1
vn 0 1.2246467991473532e-16 1
vn 0 1.2246467991473532e-16 1
vn 0 1.2246467991473532e-16 1
vn 0 1.2246467991473532e-16 1
vn 0 1.2246467991473532e-16 1
vn 0 1.2246467991473532e-16 1
vn 0 1.2246467991473532e-16 1
vn 0 1.2246467991473532e-16 1
vn 0 1.2246467991473532e-16 1
vn 0 1.2246467991473532e-16 1
vn 0 1.2246467991473532e-16 1
vn 0 1.2246467991473532e-16 1
vn 0 1.2246467991473532e-16 1
vn 0 1.2246467991473532e-16 1
vn 0 -1.2246467991473532e-16 -1
vn 0 -1.2246467991473532e-16 -1
vn 0 -1.2246467991473532e-16 -1
vn 0 -1.2246467991473532e-16 -1
vn 0 1.2246467991473532e-16 1
vn 0 1.2246467991473532e-16 1
vn 0 1.2246467991473532e-16 1
vn 0 1.2246467991473532e-16 1
vn -0.24253562503633297 -1.1880819075197913e-16 -0.9701425001453319
vn -0.24253562503633297 -1.1880819075197913e-16 -0.9701425001453319
vn -0.24253562503633297 -1.1880819075197913e-16 -0.9701425001453319
vn -0.24253562503633297 -1.1880819075197913e-16 -0.9701425001453319
vn 1 0 0
vn 1 0 0
vn 1 0 0
vn 1 0 0
vn 1 0 0
vn 1 0 0
vn 1 0 0
vn 1 0 0
vn 0 1.2246467991473532e-16 1
vn 0 1.2246467991473532e-16 1
vn 0 1.2246467991473532e-16 1
vn 0 1.2246467991473532e-16 1
vn 1 0 0
vn 1 0 0
vn 1 0 0
vn 1 0 0
vn 1 0 0
vn 1 0 0
vn 1 0 0
vn 1 0 0
vn 0 1.2246467991473532e-16 1
vn 0 1.2246467991473532e-16 1
vn 0 1.2246467991473532e-16 1
vn 0 1.2246467991473532e-16 1
vn 0 -1.2246467991473532e-16 -1
vn 0 -1.2246467991473532e-16 -1
vn 0 -1.2246467991473532e-16 -1
vn 0 -1.2246467991473532e-16 -1
vn 0 -1.2246467991473532e-16 -1
vn 0 -1.2246467991473532e-16 -1
vn 0 -1.2246467991473532e-16 -1
vn 0 -1.2246467991473532e-16 -1
vn 0 1.2246467991473532e-16 1
vn 0 1.2246467991473532e-16 1
vn 0 1.2246467991473532e-16 1
vn 0 1.2246467991473532e-16 1
vn 0 1.2246467991473532e-16 1
vn 0 1.2246467991473532e-16 1
vn 0 1.2246467991473532e-16 1
vn 0 1.2246467991473532e-16 1
vn 0 1.2246467991473532e-16 1
vn 0 1.2246467991473532e-16 1
vn 0 1.2246467991473532e-16 1
vn 0 1.2246467991473532e-16 1
vn 0 1.2246467991473532e-16 1
vn 0 1.2246467991473532e-16 1
vn 0 1.2246467991473532e-16 1
vn 0 1.2246467991473532e-16 1
vn 0 1.2246467991473532e-16 1
vn 0 1.2246467991473532e-16 1
vn 0 1.2246467991473532e-16 1
vn 0 1.2246467991473532e-16 1
vn 1 0 0
vn 1 0 0
vn 1 0 0
vn 1 0 0
vn 1 0 0
vn 1 0 0
vn 1 0 0
vn 1 0 0
vn 0 1.2246467991473532e-16 1
vn 0 1.2246467991473532e-16 1
vn 0 1.2246467991473532e-16 1
vn 0 1.2246467991473532e-16 1
vn 0 1.2246467991473532e-16 1
vn 0 1.2246467991473532e-16 1
vn 0 1.2246467991473532e-16 1
vn 0 1.2246467991473532e-16 1
vn 0 -1.2246467991473532e-16 -1
vn 0 -1.2246467991473532e-16 -1
vn 0 -1.2246467991473532e-16 -1
vn 0 -1.2246467991473532e-16 -1
vn 0 -1.2246467991473532e-16 -1
vn 0 -1.2246467991473532e-16 -1
vn 0 -1.2246467991473532e-16 -1
vn 0 -1.2246467991473532e-16 -1
vn 0 1.2246467991473532e-16 1
vn 0 1.2246467991473532e-16 1
vn 0 1.2246467991473532e-16 1
vn 0 1.2246467991473532e-16 1
vn 0 -1.2246467991473532e-16 -1
vn 0 -1.2246467991473532e-16 -1
vn 0 -1.2246467991473532e-16 -1
vn 0 -1.2246467991473532e-16 -1
vn 1 0 0
vn 1 0 0
vn 1 0 0
vn 1 0 0
vn 0 -1.2246467991473532e-16 -1
vn 0 -1.2246467991473532e-16 -1
vn 0 -1.2246467991473532e-16 -1
vn 0 -1.2246467991473532e-16 -1
vn 0 -1.2246467991473532e-16 -1
vn 0 -1.2246467991473532e-16 -1
vn 0 -1.2246467991473532e-16 -1
vn 0 -1.2246467991473532e-16 -1
vn 0 -1.2246467991473532e-16 -1
vn 0 -1.2246467991473532e-16 -1
vn 0 -1.2246467991473532e-16 -1
vn 0 -1.2246467991473532e-16 -1
vn 0 -1.2246467991473532e-16 -1
vn 0 -1.2246467991473532e-16 -1
vn 0 -1.2246467991473532e-16 -1
vn 0 -1.2246467991473532e-16 -1
vn 0 -1.2246467991473532e-16 -1
vn 0 -1.2246467991473532e-16 -1
vn 0 -1.2246467991473532e-16 -1
vn 0 -1.2246467991473532e-16 -1
vn 0 1.2246467991473532e-16 1
vn 0 1.2246467991473532e-16 1
vn 0 1.2246467991473532e-16 1
vn 0 1.2246467991473532e-16 1
vn 0 1.2246467991473532e-16 1
vn 0 1.2246467991473532e-16 1
vn 0 1.2246467991473532e-16 1
vn 0 1.2246467991473532e-16 1
vn 1 0 0
vn 1 0 0
vn 1 0 0
vn 1 0 0
vn -1 0 0
vn -1 0 0
vn -1 0 0
vn -1 0 0
vn 1 0 0
vn 1 0 0
vn 1 0 0
vn 1 0 0
f 3151/3151/3151 3150/3150/3150 3149/3149/3149
f 3154/3154/3154 3153/3153/3153 3152/3152/3152
f 3157/3157/3157 3156/3156/3156 3155/3155/3155
f 3160/3160/3160 3159/3159/3159 3158/3158/3158
f 3163/3163/3163 3162/3162/3162 3161/3161/3161
f 3166/3166/3166 3165/3165/3165 3164/3164/3164
f 3169/3169/3169 3168/3168/3168 3167/3167/3167
f 3168/3168/3168 3169/3169/3169 3170/3170/3170
f 3173/3173/3173 3172/3172/3172 3171/3171/3171
f 3172/3172/3172 3173/3173/3173 3174/3174/3174
f 3177/3177/3177 3176/3176/3176 3175/3175/3175
f 3176/3176/3176 3177/3177/3177 3178/3178/3178
f 3181/3181/3181 3180/3180/3180 3179/3179/3179
f 3180/3180/3180 3181/3181/3181 3182/3182/3182
f 3185/3185/3185 3184/3184/3184 3183/3183/3183
f 3184/3184/3184 3185/3185/3185 3186/3186/3186
f 3189/3189/3189 3188/3188/3188 3187/3187/3187
f 3188/3188/3188 3189/3189/3189 3190/3190/3190
f 3193/3193/3193 3192/3192/3192 3191/3191/3191
f 3192/3192/3192 3193/3193/3193 3194/3194/3194
f 3197/3197/3197 3196/3196/3196 3195/3195/3195
f 3196/3196/3196 3197/3197/3197 3198/3198/3198
f 3201/3201/3201 3200/3200/3200 3199/3199/3199
f 3200/3200/3200 3201/3201/3201 3202/3202/3202
f 3205/3205/3205 3204/3204/3204 3203/3203/3203
f 3204/3204/3204 3205/3205/3205 3206/3206/3206
f 3209/3209/3209 3208/3208/3208 3207/3207/3207
f 3208/3208/3208 3209/3209/3209 3210/3210/3210
f 3213/3213/3213 3212/3212/3212 3211/3211/3211
f 3212/3212/3212 3213/3213/3213 3214/3214/3214
f 3217/3217/3217 3216/3216/3216 3215/3215/3215
f 3216/3216/3216 3217/3217/3217 3218/3218/3218
f 3221/3221/3221 3220/3220/3220 3219/3219/3219
f 3220/3220/3220 3221/3221/3221 3222/3222/3222
f 3225/3225/3225 3224/3224/3224 3223/3223/3223
f 3224/3224/3224 3225/3225/3225 3226/3226/3226
f 3229/3229/3229 3228/3228/3228 3227/3227/3227
f 3228/3228/3228 3229/3229/3229 3230/3230/3230
f 3233/3233/3233 3232/3232/3232 3231/3231/3231
f 3232/3232/3232 3233/3233/3233 3234/3234/3234
f 3237/3237/3237 3236/3236/3236 3235/3235/3235
f 3236/3236/3236 3237/3237/3237 3238/3238/3238
f 3241/3241/3241 3240/3240/3240 3239/3239/3239
f 3240/3240/3240 3241/3241/3241 3242/3242/3242
f 3245/3245/3245 3244/3244/3244 3243/3243/3243
f 3244/3244/3244 3245/3245/3245 3246/3246/3246
f 3249/3249/3249 3248/3248/3248 3247/3247/3247
f 3248/3248/3248 3249/3249/3249 3250/3250/3250
f 3253/3253/3253 3252/3252/3252 3251/3251/3251
f 3252/3252/3252 3253/3253/3253 3254/3254/3254
f 3257/3257/3257 3256/3256/3256 3255/3255/3255
f 3256/3256/3256 3257/3257/3257 3258/3258/3258
f 3261/3261/3261 3260/3260/3260 3259/3259/3259
f 3260/3260/3260 3261/3261/3261 3262/3262/3262
f 3265/3265/3265 3264/3264/3264 3263/3263/3263
f 3264/3264/3264 3265/3265/3265 3266/3266/3266
f 3269/3269/3269 3268/3268/3268 3267/3267/3267
f 3268/3268/3268 3269/3269/3269 3270/3270/3270
f 3273/3273/3273 3272/3272/3272 3271/3271/3271
f 3272/3272/3272 3273/3273/3273 3274/3274/3274
f 3277/3277/3277 3276/3276/3276 3275/3275/3275
f 3276/3276/3276 3277/3277/3277 3278/3278/3278
f 3281/3281/3281 3280/3280/3280 3279/3279/3279
f 3280/3280/3280 3281/3281/3281 3282/3282/3282
f 3285/3285/3285 3284/3284/3284 3283/3283/3283
f 3284/3284/3284 3285/3285/3285 3286/3286/3286
f 3289/3289/3289 3288/3288/3288 3287/3287/3287
f 3288/3288/3288 3289/3289/3289 3290/3290/3290
f 3293/3293/3293 3292/3292/3292 3291/3291/3291
f 3292/3292/3292 3293/3293/3293 3294/3294/3294
f 3297/3297/3297 3296/3296/3296 3295/3295/3295
f 3296/3296/3296 3297/3297/3297 3298/3298/3298
f 3301/3301/3301 3300/3300/3300 3299/3299/3299
f 3300/3300/3300 3301/3301/3301 3302/3302/3302
f 3305/3305/3305 3304/3304/3304 3303/3303/3303
f 3304/3304/3304 3305/3305/3305 3306/3306/3306
f 3309/3309/3309 3308/3308/3308 3307/3307/3307
f 3308/3308/3308 3309/3309/3309 3310/3310/3310
f 3313/3313/3313 3312/3312/3312 3311/3311/3311
f 3312/3312/3312 3313/3313/3313 3314/3314/3314
f 3317/3317/3317 3316/3316/3316 3315/3315/3315
f 3316/3316/3316 3317/3317/3317 3318/3318/3318
f 3321/3321/3321 3320/3320/3320 3319/3319/3319
f 3320/3320/3320 3321/3321/3321 3322/3322/3322
f 3325/3325/3325 3324/3324/3324 3323/3323/3323
f 3324/3324/3324 3325/3325/3325 3326/3326/3326
f 3329/3329/3329 3328/3328/3328 3327/3327/3327
f 3328/3328/3328 3329/3329/3329 3330/3330/3330
f 3333/3333/3333 3332/3332/3332 3331/3331/3331
f 3332/3332/3332 3333/3333/3333 3334/3334/3334
o mesh_76
usemtl mat16
v 256 76.79999999999997 -294.40000000000003
v 268.8 76.79999999999997 -294.40000000000003
v 268.8 51.19999999999997 -294.40000000000003
v 243.20000000000002 38.39999999999997 -294.40000000000003
v 243.20000000000002 51.19999999999997 -294.40000000000003
v 268.8 51.19999999999997 -294.40000000000003
v 211.20000000000002 12.79999999999997 -249.60000000000002
v 211.20000000000002 -3.0567184106717935e-14 -249.60000000000002
v 243.20000000000002 12.79999999999997 -249.60000000000002
v 243.20000000000002 -3.0567184106717935e-14 -249.60000000000002
v 211.20000000000002 -3.0567184106717935e-14 -249.60000000000002
v 217.60000000000002 -25.600000000000033 -256
v 243.20000000000002 -3.0567184106717935e-14 -249.60000000000002
v 243.20000000000002 -25.600000000000033 -256
v 211.20000000000002 12.79999999999997 -249.60000000000002
v 243.20000000000002 12.79999999999997 -249.60000000000002
v 230.4 25.59999999999997 -256
v 243.20000000000002 25.59999999999997 -256
v 268.8 51.19999999999997 -294.40000000000003
v 268.8 25.599999999999966 -294.40000000000003
v 243.20000000000002 38.39999999999997 -294.40000000000003
v 243.20000000000002 25.599999999999966 -294.40000000000003
v 256 76.79999999999997 -294.40000000000003
v 268.8 51.19999999999997 -294.40000000000003
v 243.20000000000002 63.999999999999964 -294.40000000000003
v 243.20000000000002 51.19999999999997 -294.40000000000003
vt 0.6171875 0.5
vt 0.7421875 0.5
vt 0.7421875 0.75
vt 0.5 0.875
vt 0.5 0.75
vt 0.7421875 0.75
vt 0.7421875 0.125
vt 0.7421875 0.25
vt 0.5 0.125
vt 0.5 0.25
vt 0.7421875 0.25
vt 0.6953125 0.4921875
vt 0.5 0.25
vt 0.5 0.4921875
vt 0.7421875 0.125
vt 0.5 0.125
vt 0.59375 0
vt 0.5 0
vt 0.7421875 0.75
vt 0.7421875 0.9921875
vt 0.5 0.875
vt 0.5 0.9921875
vt 0.6171875 0.5
vt 0.7421875 0.75
vt 0.5 0.625
vt 0.5 0.75
vn 0 1.2246467991473532e-16 1
vn 0 1.2246467991473532e-16 1
vn 0 1.2246467991473532e-16 1
vn 0 1.2246467991473532e-16 1
vn 0 1.2246467991473532e-16 1
vn 0 1.2246467991473532e-16 1
vn 0 -1.2246467991473532e-16 -1
vn 0 -1.2246467991473532e-16 -1
vn 0 -1.2246467991473532e-16 -1
vn 0 -1.2246467991473532e-16 -1
vn 0 0.24253562503633283 -0.9701425001453319
vn 0 0.24253562503633283 -0.9701425001453319
vn 0 0.24253562503633283 -0.9701425001453319
vn 0 0.24253562503633283 -0.9701425001453319
vn 0 -0.447213595499958 -0.8944271909999157
vn 0 -0.447213595499958 -0.8944271909999157
vn 0 -0.447213595499958 -0.8944271909999157
vn 0 -0.447213595499958 -0.8944271909999157
vn 0 1.2246467991473532e-16 1
vn 0 1.2246467991473532e-16 1
vn 0 1.2246467991473532e-16 1
vn 0 1.2246467991473532e-16 1
vn 0 1.2246467991473532e-16 1
vn 0 1.2246467991473532e-16 1
vn 0 1.2246467991473532e-16 1
vn 0 1.2246467991473532e-16 1
f 3337/3337/3337 3336/3336/3336 3335/3335/3335
f 3340/3340/3340 3339/3339/3339 3338/3338/3338
f 3343/3343/3343 3342/3342/3342 3341/3341/3341
f 3342/3342/3342 3343/3343/3343 3344/3344/3344
f 3347/3347/3347 3346/3346/3346 3345/3345/3345
f 3346/3346/3346 3347/3347/3347 3348/3348/3348
f 3351/3351/3351 3350/3350/3350 3349/3349/3349
f 3350/3350/3350 3351/3351/3351 3352/3352/3352
f 3355/3355/3355 3354/3354/3354 3353/3353/3353
f 3354/3354/3354 3355/3355/3355 3356/3356/3356
f 3359/3359/3359 3358/3358/3358 3357/3357/3357
f 3358/3358/3358 3359/3359/3359 3360/3360/3360
o mesh_77
usemtl mat11
v 204.8 51.19999999999997 -294.40000000000003
v 217.60000000000002 51.19999999999997 -294.40000000000003
v 204.8 38.39999999999997 -294.40000000000003
v 217.60000000000002 38.39999999999997 -294.40000000000003
vt 0.375 0.625
vt 0.4921875 0.625
vt 0.375 0.7421875
vt 0.4921875 0.7421875
vn 0 1.2246467991473532e-16 1
vn 0 1.2246467991473532e-16 1
vn 0 1.2246467991473532e-16 1
vn 0 1.2246467991473532e-16 1
f 3363/3363/3363 3362/3362/3362 3361/3361/3361
f 3362/3362/3362 3363/3363/3363 3364/3364/3364
o mesh_78
usemtl mat3
v 115.2 57.59999999999998 -166.4
v 115.2 63.99999999999998 -179.20000000000002
v 115.2 63.99999999999998 -166.4
v 128 63.99999999999998 -153.60000000000002
v 140.8 63.99999999999998 -153.60000000000002
v 134.4 57.59999999999998 -153.60000000000002
v 140.8 51.19999999999998 -153.60000000000002
v 134.4 57.59999999999998 -153.60000000000002
v 140.8 63.99999999999998 -153.60000000000002
v 256 51.199999999999974 -256
v 243.20000000000002 51.199999999999974 -256
v 243.20000000000002 38.39999999999998 -256
v 230.4 38.399999999999984 -179.20000000000002
v 230.4 51.19999999999998 -179.20000000000002
v 243.20000000000002 51.19999999999998 -179.20000000000002
v 217.60000000000002 83.19999999999996 -332.8
v 217.60000000000002 83.19999999999996 -320
v 217.60000000000002 76.79999999999997 -320
v 217.60000000000002 12.799999999999981 -153.60000000000002
v 217.60000000000002 25.599999999999984 -153.60000000000002
v 217.60000000000002 25.59999999999998 -160
v 115.2 19.199999999999974 -243.20000000000002
v 115.2 25.59999999999997 -256
v 115.2 25.599999999999973 -243.20000000000002
v 76.80000000000001 12.799999999999974 -217.60000000000002
v 76.80000000000001 12.799999999999972 -230.4
v 76.80000000000001 6.399999999999974 -217.60000000000002
v 192 38.39999999999997 -294.40000000000003
v 192 25.599999999999966 -294.40000000000003
v 192 38.39999999999997 -297.6
v 217.60000000000002 25.599999999999973 -243.20000000000002
v 217.60000000000002 19.199999999999974 -243.20000000000002
v 217.60000000000002 25.59999999999997 -256
v 115.2 63.99999999999998 -166.4
v 115.2 63.99999999999998 -153.60000000000002
v 115.2 57.59999999999998 -166.4
v 153.60000000000002 51.19999999999998 -160
v 153.60000000000002 51.19999999999998 -153.60000000000002
v 153.60000000000002 63.99999999999998 -153.60000000000002
v 153.60000000000002 28.799999999999976 -192
v 153.60000000000002 25.59999999999998 -185.60000000000002
v 153.60000000000002 38.399999999999984 -192
v 134.4 57.59999999999998 -153.60000000000002
v 128 51.19999999999998 -153.60000000000002
v 128 63.99999999999998 -153.60000000000002
v 211.20000000000002 38.399999999999984 -160
v 217.60000000000002 38.399999999999984 -160
v 217.60000000000002 51.19999999999998 -160
v 153.60000000000002 12.799999999999981 -153.60000000000002
v 166.4 12.799999999999981 -153.60000000000002
v 166.4 -1.8810574834903348e-14 -153.60000000000002
v 230.4 51.19999999999997 -294.40000000000003
v 230.4 63.999999999999964 -294.40000000000003
v 236.8 57.599999999999966 -294.40000000000003
v 243.20000000000002 63.999999999999964 -294.40000000000003
v 243.20000000000002 51.19999999999997 -294.40000000000003
v 236.8 57.599999999999966 -294.40000000000003
v 236.8 57.599999999999966 -294.40000000000003
v 230.4 63.999999999999964 -294.40000000000003
v 243.20000000000002 63.999999999999964 -294.40000000000003
v 230.4 63.99999999999997 -256
v 230.4 51.199999999999974 -256
v 243.20000000000002 51.199999999999974 -256
v 115.2 38.399999999999984 -172.8
v 115.2 38.399999999999984 -160
v 115.2 25.59999999999998 -166.4
v 153.60000000000002 38.39999999999998 -240
v 153.60000000000002 38.39999999999998 -249.60000000000002
v 153.60000000000002 35.199999999999974 -249.60000000000002
v 153.60000000000002 38.39999999999998 -217.60000000000002
v 153.60000000000002 38.39999999999998 -230.4
v 153.60000000000002 35.199999999999974 -230.4
v 153.60000000000002 63.99999999999997 -243.20000000000002
v 153.60000000000002 51.199999999999974 -249.60000000000002
v 153.60000000000002 51.199999999999974 -240
v 192 25.59999999999997 -249.60000000000002
v 192 25.59999999999997 -256
v 192 19.199999999999974 -243.20000000000002
v 185.60000000000002 51.199999999999974 -249.60000000000002
v 192 51.199999999999974 -249.60000000000002
v 185.60000000000002 47.99999999999997 -249.60000000000002
v 172.8 47.99999999999997 -249.60000000000002
v 166.4 51.199999999999974 -249.60000000000002
v 172.8 51.199999999999974 -249.60000000000002
v 172.8 51.199999999999974 -256
v 166.4 51.199999999999974 -256
v 172.8 47.99999999999997 -256
v 185.60000000000002 47.99999999999997 -256
v 192 51.199999999999974 -256
v 185.60000000000002 51.199999999999974 -256
v 172.8 47.99999999999998 -153.60000000000002
v 166.4 51.19999999999998 -153.60000000000002
v 172.8 51.19999999999998 -153.60000000000002
v 185.60000000000002 47.99999999999998 -160
v 192 51.19999999999998 -160
v 185.60000000000002 51.19999999999998 -160
v 172.8 51.19999999999998 -160
v 166.4 51.19999999999998 -160
v 172.8 47.99999999999998 -160
v 185.60000000000002 51.19999999999998 -153.60000000000002
v 192 51.19999999999998 -153.60000000000002
v 185.60000000000002 47.99999999999998 -153.60000000000002
v 192 19.199999999999974 -243.20000000000002
v 192 25.599999999999973 -243.20000000000002
v 192 25.59999999999997 -249.60000000000002
v 217.60000000000002 25.599999999999973 -217.60000000000002
v 217.60000000000002 38.39999999999998 -217.60000000000002
v 230.4 38.39999999999998 -217.60000000000002
v 230.4 38.39999999999998 -217.60000000000002
v 230.4 51.199999999999974 -217.60000000000002
v 243.20000000000002 51.199999999999974 -217.60000000000002
v 230.4 38.39999999999998 -204.8
v 217.60000000000002 38.39999999999998 -204.8
v 217.60000000000002 25.599999999999977 -204.8
v 243.20000000000002 51.199999999999974 -204.8
v 230.4 51.199999999999974 -204.8
v 230.4 38.39999999999998 -204.8
v 115.2 25.59999999999998 -166.4
v 115.2 25.59999999999998 -179.20000000000002
v 115.2 38.399999999999984 -172.8
v 115.2 38.399999999999984 -179.20000000000002
v 153.60000000000002 38.399999999999984 -153.60000000000002
v 153.60000000000002 25.599999999999984 -153.60000000000002
v 140.8 38.399999999999984 -153.60000000000002
v 140.8 25.599999999999984 -153.60000000000002
v 153.60000000000002 38.399999999999984 -166.4
v 153.60000000000002 51.19999999999998 -166.4
v 153.60000000000002 38.399999999999984 -179.20000000000002
v 153.60000000000002 51.19999999999998 -179.20000000000002
v 153.60000000000002 38.399999999999984 -192
v 153.60000000000002 38.399999999999984 -179.20000000000002
v 153.60000000000002 51.19999999999998 -192
v 153.60000000000002 51.19999999999998 -179.20000000000002
v 76.80000000000001 6.399999999999974 -217.60000000000002
v 76.80000000000001 -2.5080766446537795e-14 -204.8
v 76.80000000000001 12.799999999999974 -217.60000000000002
v 76.80000000000001 12.799999999999976 -204.8
v 192 38.39999999999997 -297.6
v 192 51.19999999999997 -300.8
v 192 38.39999999999997 -294.40000000000003
v 192 51.19999999999997 -294.40000000000003
v 185.60000000000002 38.39999999999998 -249.60000000000002
v 192 38.39999999999998 -249.60000000000002
v 185.60000000000002 25.59999999999997 -249.60000000000002
v 192 25.59999999999997 -249.60000000000002
v 153.60000000000002 38.39999999999998 -256
v 153.60000000000002 51.199999999999974 -256
v 140.8 38.39999999999998 -256
v 140.8 51.199999999999974 -256
v 192 76.79999999999997 -300.8
v 192 76.79999999999997 -294.40000000000003
v 192 63.999999999999964 -300.8
v 192 63.999999999999964 -294.40000000000003
v 115.2 38.399999999999984 -160
v 115.2 51.19999999999998 -160
v 115.2 38.399999999999984 -153.60000000000002
v 115.2 51.19999999999998 -153.60000000000002
v 185.60000000000002 47.99999999999997 -249.60000000000002
v 179.20000000000002 47.99999999999997 -249.60000000000002
v 185.60000000000002 51.199999999999974 -249.60000000000002
v 179.20000000000002 51.199999999999974 -249.60000000000002
v 128 -1.8810574834903348e-14 -153.60000000000002
v 115.2 -1.8810574834903348e-14 -153.60000000000002
v 128 12.799999999999981 -153.60000000000002
v 115.2 12.799999999999981 -153.60000000000002
v 128 12.799999999999981 -153.60000000000002
v 115.2 12.799999999999981 -153.60000000000002
v 128 25.599999999999984 -153.60000000000002
v 115.2 25.599999999999984 -153.60000000000002
v 230.4 38.399999999999984 -179.20000000000002
v 230.4 25.59999999999998 -179.20000000000002
v 217.60000000000002 38.399999999999984 -179.20000000000002
v 217.60000000000002 25.59999999999998 -179.20000000000002
v 115.2 51.19999999999998 -172.8
v 115.2 51.19999999999998 -179.20000000000002
v 115.2 57.59999999999998 -166.4
v 115.2 63.99999999999998 -179.20000000000002
v 115.2 51.19999999999998 -160
v 115.2 57.59999999999998 -166.4
v 115.2 51.19999999999998 -153.60000000000002
v 115.2 63.99999999999998 -153.60000000000002
v 153.60000000000002 63.99999999999998 -166.4
v 153.60000000000002 63.99999999999998 -179.20000000000002
v 153.60000000000002 51.19999999999998 -166.4
v 153.60000000000002 51.19999999999998 -179.20000000000002
v 140.8 63.99999999999998 -153.60000000000002
v 153.60000000000002 63.99999999999998 -153.60000000000002
v 140.8 51.19999999999998 -153.60000000000002
v 153.60000000000002 51.19999999999998 -153.60000000000002
v 256 51.199999999999974 -217.60000000000002
v 256 63.99999999999997 -217.60000000000002
v 268.8 51.199999999999974 -217.60000000000002
v 268.8 63.99999999999997 -217.60000000000002
v 230.4 51.199999999999974 -217.60000000000002
v 217.60000000000002 51.199999999999974 -217.60000000000002
v 230.4 63.99999999999997 -217.60000000000002
v 217.60000000000002 63.99999999999997 -217.60000000000002
v 230.4 63.99999999999997 -217.60000000000002
v 243.20000000000002 63.99999999999997 -217.60000000000002
v 230.4 51.199999999999974 -217.60000000000002
v 243.20000000000002 51.199999999999974 -217.60000000000002
v 217.60000000000002 38.399999999999984 -179.20000000000002
v 217.60000000000002 51.19999999999998 -179.20000000000002
v 230.4 38.399999999999984 -179.20000000000002
v 230.4 51.19999999999998 -179.20000000000002
v 115.2 51.199999999999974 -243.20000000000002
v 115.2 51.199999999999974 -256
v 115.2 63.99999999999997 -243.20000000000002
v 115.2 63.99999999999997 -256
v 128 63.99999999999997 -256
v 115.2 63.99999999999997 -256
v 128 51.199999999999974 -256
v 115.2 51.199999999999974 -256
v 153.60000000000002 51.199999999999974 -256
v 153.60000000000002 63.99999999999997 -256
v 140.8 51.199999999999974 -256
v 140.8 63.99999999999997 -256
v 153.60000000000002 51.199999999999974 -256
v 153.60000000000002 51.199999999999974 -249.60000000000002
v 153.60000000000002 63.99999999999997 -256
v 153.60000000000002 63.99999999999997 -243.20000000000002
v 230.4 70.39999999999998 -256
v 217.60000000000002 70.39999999999998 -256
v 230.4 63.99999999999997 -256
v 217.60000000000002 63.99999999999997 -256
v 230.4 63.99999999999997 -256
v 217.60000000000002 63.99999999999997 -256
v 230.4 51.199999999999974 -256
v 217.60000000000002 51.199999999999974 -256
v 243.20000000000002 89.59999999999997 -332.8
v 243.20000000000002 89.59999999999997 -320
v 243.20000000000002 83.19999999999996 -332.8
v 243.20000000000002 83.19999999999996 -320
v 217.60000000000002 76.79999999999997 -320
v 217.60000000000002 76.79999999999997 -345.6
v 217.60000000000002 83.19999999999996 -332.8
v 217.60000000000002 83.19999999999996 -345.6
v 243.20000000000002 83.19999999999996 -332.8
v 243.20000000000002 83.19999999999996 -345.6
v 243.20000000000002 89.59999999999997 -332.8
v 243.20000000000002 89.59999999999997 -345.6
v 217.60000000000002 38.39999999999998 -243.20000000000002
v 217.60000000000002 38.39999999999998 -230.4
v 217.60000000000002 25.599999999999973 -243.20000000000002
v 217.60000000000002 25.599999999999973 -230.4
v 217.60000000000002 25.599999999999973 -243.20000000000002
v 217.60000000000002 25.599999999999973 -230.4
v 217.60000000000002 19.199999999999974 -243.20000000000002
v 217.60000000000002 19.199999999999974 -230.4
v 217.60000000000002 38.399999999999984 -192
v 217.60000000000002 51.19999999999998 -192
v 217.60000000000002 38.399999999999984 -179.20000000000002
v 217.60000000000002 51.19999999999998 -179.20000000000002
v 217.60000000000002 38.399999999999984 -179.20000000000002
v 217.60000000000002 25.59999999999998 -179.20000000000002
v 217.60000000000002 38.399999999999984 -192
v 217.60000000000002 25.599999999999977 -192
v 268.8 70.39999999999998 -217.60000000000002
v 268.8 63.99999999999997 -217.60000000000002
v 256 70.39999999999998 -217.60000000000002
v 256 63.99999999999997 -217.60000000000002
v 128 38.39999999999998 -256
v 140.8 38.39999999999998 -256
v 128 51.199999999999974 -256
v 140.8 51.199999999999974 -256
v 115.2 38.39999999999998 -243.20000000000002
v 115.2 38.39999999999998 -256
v 115.2 51.199999999999974 -243.20000000000002
v 115.2 51.199999999999974 -256
v 204.8 63.999999999999964 -294.40000000000003
v 204.8 76.79999999999997 -294.40000000000003
v 217.60000000000002 63.999999999999964 -294.40000000000003
v 217.60000000000002 76.79999999999997 -294.40000000000003
v 243.20000000000002 83.19999999999996 -320
v 243.20000000000002 89.59999999999997 -320
v 256 76.79999999999997 -320
v 256 89.59999999999997 -320
v 128 38.399999999999984 -153.60000000000002
v 128 25.599999999999984 -153.60000000000002
v 115.2 38.399999999999984 -153.60000000000002
v 115.2 25.599999999999984 -153.60000000000002
v 115.2 12.799999999999981 -166.4
v 115.2 12.799999999999981 -153.60000000000002
v 115.2 -2.037812273781196e-14 -166.4
v 115.2 -1.8810574834903348e-14 -153.60000000000002
v 140.8 38.399999999999984 -153.60000000000002
v 140.8 51.19999999999998 -153.60000000000002
v 153.60000000000002 38.399999999999984 -153.60000000000002
v 153.60000000000002 51.19999999999998 -153.60000000000002
v 115.2 38.399999999999984 -179.20000000000002
v 115.2 51.19999999999998 -179.20000000000002
v 115.2 38.399999999999984 -172.8
v 115.2 51.19999999999998 -172.8
v 115.2 38.399999999999984 -160
v 115.2 38.399999999999984 -153.60000000000002
v 115.2 25.59999999999998 -166.4
v 115.2 25.599999999999984 -153.60000000000002
v 128 51.199999999999974 -256
v 140.8 51.199999999999974 -256
v 128 63.99999999999997 -256
v 140.8 63.99999999999997 -256
v 204.8 25.599999999999984 -153.60000000000002
v 217.60000000000002 25.599999999999984 -153.60000000000002
v 204.8 12.799999999999981 -153.60000000000002
v 217.60000000000002 12.799999999999981 -153.60000000000002
v 204.8 12.799999999999981 -153.60000000000002
v 217.60000000000002 12.799999999999981 -153.60000000000002
v 204.8 -1.8810574834903348e-14 -153.60000000000002
v 217.60000000000002 -1.8810574834903348e-14 -153.60000000000002
v 217.60000000000002 -2.037812273781196e-14 -166.4
v 217.60000000000002 -1.8810574834903348e-14 -153.60000000000002
v 217.60000000000002 12.799999999999981 -166.4
v 217.60000000000002 12.799999999999981 -153.60000000000002
v 140.8 38.39999999999998 -256
v 140.8 25.59999999999997 -256
v 153.60000000000002 38.39999999999998 -256
v 153.60000000000002 25.59999999999997 -256
v 217.60000000000002 25.599999999999973 -217.60000000000002
v 217.60000000000002 25.599999999999977 -204.8
v 217.60000000000002 19.199999999999974 -217.60000000000002
v 217.60000000000002 19.199999999999978 -204.8
v 217.60000000000002 63.99999999999997 -243.20000000000002
v 217.60000000000002 51.199999999999974 -243.20000000000002
v 217.60000000000002 63.99999999999997 -256
v 217.60000000000002 51.199999999999974 -256
v 166.4 38.39999999999998 -249.60000000000002
v 166.4 35.199999999999974 -249.60000000000002
v 153.60000000000002 38.39999999999998 -249.60000000000002
v 153.60000000000002 35.199999999999974 -249.60000000000002
v 179.20000000000002 41.59999999999997 -249.60000000000002
v 172.8 41.59999999999997 -249.60000000000002
v 179.20000000000002 41.59999999999997 -256
v 172.8 41.59999999999997 -256
v 128 38.39999999999998 -256
v 115.2 38.39999999999998 -256
v 128 25.59999999999997 -256
v 115.2 25.59999999999997 -256
v 217.60000000000002 25.599999999999973 -217.60000000000002
v 217.60000000000002 25.599999999999973 -230.4
v 217.60000000000002 38.39999999999998 -217.60000000000002
v 217.60000000000002 38.39999999999998 -230.4
v 217.60000000000002 63.99999999999997 -217.60000000000002
v 217.60000000000002 51.199999999999974 -217.60000000000002
v 217.60000000000002 63.99999999999997 -230.4
v 217.60000000000002 51.199999999999974 -230.4
v 230.4 38.39999999999998 -204.8
v 230.4 35.199999999999974 -204.8
v 230.4 38.39999999999998 -217.60000000000002
v 230.4 35.199999999999974 -217.60000000000002
v 227.20000000000002 35.199999999999974 -204.8
v 227.20000000000002 31.999999999999975 -204.8
v 227.20000000000002 35.199999999999974 -217.60000000000002
v 227.20000000000002 31.99999999999997 -217.60000000000002
v 224 31.999999999999975 -204.8
v 224 28.799999999999976 -204.8
v 224 31.99999999999997 -217.60000000000002
v 224 28.799999999999972 -217.60000000000002
v 220.8 28.799999999999976 -204.8
v 220.8 25.599999999999977 -204.8
v 220.8 28.799999999999972 -217.60000000000002
v 220.8 25.599999999999973 -217.60000000000002
v 217.60000000000002 38.39999999999998 -243.20000000000002
v 217.60000000000002 38.39999999999998 -256
v 217.60000000000002 51.199999999999974 -243.20000000000002
v 217.60000000000002 51.199999999999974 -256
v 217.60000000000002 38.39999999999998 -230.4
v 217.60000000000002 51.199999999999974 -230.4
v 217.60000000000002 38.39999999999998 -217.60000000000002
v 217.60000000000002 51.199999999999974 -217.60000000000002
v 230.4 38.39999999999998 -204.8
v 230.4 51.199999999999974 -204.8
v 217.60000000000002 38.39999999999998 -204.8
v 217.60000000000002 51.199999999999974 -204.8
v 230.4 38.39999999999998 -217.60000000000002
v 217.60000000000002 38.39999999999998 -217.60000000000002
v 230.4 51.199999999999974 -217.60000000000002
v 217.60000000000002 51.199999999999974 -217.60000000000002
v 185.60000000000002 51.199999999999974 -256
v 179.20000000000002 51.199999999999974 -256
v 185.60000000000002 47.99999999999997 -256
v 179.20000000000002 47.99999999999997 -256
v 185.60000000000002 51.19999999999998 -160
v 179.20000000000002 51.19999999999998 -160
v 185.60000000000002 47.99999999999998 -160
v 179.20000000000002 47.99999999999998 -160
v 217.60000000000002 63.99999999999997 -230.4
v 217.60000000000002 70.39999999999998 -230.4
v 217.60000000000002 63.99999999999997 -217.60000000000002
v 217.60000000000002 70.39999999999998 -217.60000000000002
v 230.4 63.999999999999964 -294.40000000000003
v 217.60000000000002 63.999999999999964 -294.40000000000003
v 230.4 76.79999999999997 -294.40000000000003
v 217.60000000000002 76.79999999999997 -294.40000000000003
v 217.60000000000002 63.99999999999997 -256
v 217.60000000000002 70.39999999999998 -256
v 217.60000000000002 63.99999999999997 -243.20000000000002
v 217.60000000000002 70.39999999999998 -243.20000000000002
v 204.8 63.999999999999964 -294.40000000000003
v 204.8 51.19999999999997 -294.40000000000003
v 192 63.999999999999964 -294.40000000000003
v 192 51.19999999999997 -294.40000000000003
v 230.4 38.39999999999998 -256
v 230.4 25.59999999999997 -256
v 243.20000000000002 38.39999999999998 -256
v 243.20000000000002 25.59999999999997 -256
v 217.60000000000002 63.99999999999997 -243.20000000000002
v 217.60000000000002 70.39999999999998 -243.20000000000002
v 217.60000000000002 63.99999999999997 -230.4
v 217.60000000000002 70.39999999999998 -230.4
v 192 63.999999999999964 -294.40000000000003
v 192 76.79999999999997 -294.40000000000003
v 204.8 63.999999999999964 -294.40000000000003
v 204.8 76.79999999999997 -294.40000000000003
v 192 63.999999999999964 -300.8
v 192 63.999999999999964 -294.40000000000003
v 192 51.19999999999997 -300.8
v 192 51.19999999999997 -294.40000000000003
v 128 25.59999999999997 -256
v 140.8 25.59999999999997 -256
v 128 38.39999999999998 -256
v 140.8 38.39999999999998 -256
v 115.2 25.59999999999998 -166.4
v 115.2 25.599999999999984 -153.60000000000002
v 115.2 12.799999999999981 -166.4
v 115.2 12.799999999999981 -153.60000000000002
v 256 89.59999999999997 -320
v 268.8 89.59999999999997 -320
v 256 76.79999999999997 -320
v 268.8 76.79999999999997 -320
v 230.4 51.199999999999974 -256
v 217.60000000000002 51.199999999999974 -256
v 230.4 38.39999999999998 -256
v 217.60000000000002 38.39999999999998 -256
v 230.4 70.39999999999998 -217.60000000000002
v 243.20000000000002 70.39999999999998 -217.60000000000002
v 230.4 63.99999999999997 -217.60000000000002
v 243.20000000000002 63.99999999999997 -217.60000000000002
v 128 51.199999999999974 -256
v 115.2 51.199999999999974 -256
v 128 38.39999999999998 -256
v 115.2 38.39999999999998 -256
v 115.2 25.599999999999973 -243.20000000000002
v 115.2 25.59999999999997 -256
v 115.2 38.39999999999998 -243.20000000000002
v 115.2 38.39999999999998 -256
v 128 38.399999999999984 -153.60000000000002
v 140.8 38.399999999999984 -153.60000000000002
v 128 25.599999999999984 -153.60000000000002
v 140.8 25.599999999999984 -153.60000000000002
v 230.4 63.99999999999997 -217.60000000000002
v 217.60000000000002 63.99999999999997 -217.60000000000002
v 230.4 70.39999999999998 -217.60000000000002
v 217.60000000000002 70.39999999999998 -217.60000000000002
v 256 63.99999999999997 -217.60000000000002
v 256 51.199999999999974 -217.60000000000002
v 243.20000000000002 63.99999999999997 -217.60000000000002
v 243.20000000000002 51.199999999999974 -217.60000000000002
v 256 70.39999999999998 -217.60000000000002
v 256 63.99999999999997 -217.60000000000002
v 243.20000000000002 70.39999999999998 -217.60000000000002
v 243.20000000000002 63.99999999999997 -217.60000000000002
v 76.80000000000001 -2.5080766446537795e-14 -204.8
v 64 -2.5080766446537795e-14 -204.8
v 76.80000000000001 12.799999999999976 -204.8
v 64 12.799999999999976 -204.8
v 217.60000000000002 19.199999999999974 -217.60000000000002
v 217.60000000000002 19.199999999999974 -230.4
v 217.60000000000002 25.599999999999973 -217.60000000000002
v 217.60000000000002 25.599999999999973 -230.4
v 230.4 63.999999999999964 -294.40000000000003
v 230.4 76.79999999999997 -294.40000000000003
v 243.20000000000002 63.999999999999964 -294.40000000000003
v 243.20000000000002 76.79999999999997 -294.40000000000003
v 217.60000000000002 51.19999999999997 -294.40000000000003
v 217.60000000000002 63.999999999999964 -294.40000000000003
v 230.4 51.19999999999997 -294.40000000000003
v 230.4 63.999999999999964 -294.40000000000003
v 115.2 38.399999999999984 -153.60000000000002
v 115.2 51.19999999999998 -153.60000000000002
v 128 38.399999999999984 -153.60000000000002
v 128 51.19999999999998 -153.60000000000002
v 230.4 38.39999999999998 -256
v 217.60000000000002 38.39999999999998 -256
v 230.4 25.59999999999997 -256
v 217.60000000000002 25.59999999999997 -256
v 217.60000000000002 25.59999999999997 -256
v 217.60000000000002 38.39999999999998 -256
v 217.60000000000002 25.599999999999973 -243.20000000000002
v 217.60000000000002 38.39999999999998 -243.20000000000002
v 128 51.19999999999998 -153.60000000000002
v 115.2 51.19999999999998 -153.60000000000002
v 128 63.99999999999998 -153.60000000000002
v 115.2 63.99999999999998 -153.60000000000002
v 153.60000000000002 38.399999999999984 -179.20000000000002
v 153.60000000000002 25.59999999999998 -179.20000000000002
v 153.60000000000002 38.399999999999984 -166.4
v 153.60000000000002 25.59999999999998 -166.4
v 153.60000000000002 25.59999999999998 -185.60000000000002
v 153.60000000000002 25.59999999999998 -179.20000000000002
v 153.60000000000002 38.399999999999984 -192
v 153.60000000000002 38.399999999999984 -179.20000000000002
v 153.60000000000002 38.399999999999984 -192
v 153.60000000000002 38.39999999999998 -204.8
v 153.60000000000002 28.799999999999976 -192
v 153.60000000000002 35.199999999999974 -204.8
v 153.60000000000002 51.19999999999998 -192
v 153.60000000000002 51.199999999999974 -204.8
v 153.60000000000002 38.399999999999984 -192
v 153.60000000000002 38.39999999999998 -204.8
v 179.20000000000002 41.59999999999997 -256
v 185.60000000000002 41.59999999999997 -256
v 179.20000000000002 41.59999999999997 -249.60000000000002
v 185.60000000000002 41.59999999999997 -249.60000000000002
v 179.20000000000002 28.79999999999997 -249.60000000000002
v 166.4 35.199999999999974 -249.60000000000002
v 179.20000000000002 38.39999999999998 -249.60000000000002
v 166.4 38.39999999999998 -249.60000000000002
v 185.60000000000002 25.59999999999997 -249.60000000000002
v 179.20000000000002 28.79999999999997 -249.60000000000002
v 185.60000000000002 38.39999999999998 -249.60000000000002
v 179.20000000000002 38.39999999999998 -249.60000000000002
v 153.60000000000002 51.19999999999998 -160
v 153.60000000000002 51.19999999999998 -166.4
v 153.60000000000002 38.399999999999984 -160
v 153.60000000000002 38.399999999999984 -166.4
v 153.60000000000002 38.399999999999984 -160
v 153.60000000000002 38.399999999999984 -166.4
v 153.60000000000002 25.59999999999998 -160
v 153.60000000000002 25.59999999999998 -166.4
v 153.60000000000002 63.99999999999998 -153.60000000000002
v 153.60000000000002 63.99999999999998 -166.4
v 153.60000000000002 51.19999999999998 -160
v 153.60000000000002 51.19999999999998 -166.4
v 211.20000000000002 38.399999999999984 -160
v 204.8 38.399999999999984 -160
v 211.20000000000002 25.59999999999998 -160
v 204.8 25.59999999999998 -160
v 217.60000000000002 38.399999999999984 -153.60000000000002
v 217.60000000000002 38.399999999999984 -160
v 217.60000000000002 25.599999999999984 -153.60000000000002
v 217.60000000000002 25.59999999999998 -160
v 217.60000000000002 51.19999999999998 -153.60000000000002
v 217.60000000000002 51.19999999999998 -160
v 217.60000000000002 38.399999999999984 -153.60000000000002
v 217.60000000000002 38.399999999999984 -160
v 179.20000000000002 41.59999999999998 -160
v 185.60000000000002 41.59999999999998 -160
v 179.20000000000002 41.59999999999998 -153.60000000000002
v 185.60000000000002 41.59999999999998 -153.60000000000002
v 179.20000000000002 41.59999999999998 -153.60000000000002
v 172.8 41.59999999999998 -153.60000000000002
v 179.20000000000002 41.59999999999998 -160
v 172.8 41.59999999999998 -160
v 217.60000000000002 38.399999999999984 -160
v 211.20000000000002 38.399999999999984 -160
v 217.60000000000002 25.59999999999998 -160
v 211.20000000000002 25.59999999999998 -160
v 153.60000000000002 51.199999999999974 -240
v 153.60000000000002 51.199999999999974 -249.60000000000002
v 153.60000000000002 38.39999999999998 -240
v 153.60000000000002 38.39999999999998 -249.60000000000002
v 172.8 51.199999999999974 -249.60000000000002
v 179.20000000000002 51.199999999999974 -249.60000000000002
v 172.8 47.99999999999997 -249.60000000000002
v 179.20000000000002 47.99999999999997 -249.60000000000002
v 172.8 47.99999999999997 -256
v 179.20000000000002 47.99999999999997 -256
v 172.8 51.199999999999974 -256
v 179.20000000000002 51.199999999999974 -256
v 172.8 47.99999999999998 -160
v 179.20000000000002 47.99999999999998 -160
v 172.8 51.19999999999998 -160
v 179.20000000000002 51.19999999999998 -160
v 172.8 51.19999999999998 -153.60000000000002
v 179.20000000000002 51.19999999999998 -153.60000000000002
v 172.8 47.99999999999998 -153.60000000000002
v 179.20000000000002 47.99999999999998 -153.60000000000002
v 185.60000000000002 47.99999999999998 -153.60000000000002
v 179.20000000000002 47.99999999999998 -153.60000000000002
v 185.60000000000002 51.19999999999998 -153.60000000000002
v 179.20000000000002 51.19999999999998 -153.60000000000002
vt 0.375 0.4375
vt 0.25 0.375
vt 0.375 0.375
vt 0.125 0.375
vt 0.25 0.375
vt 0.1875 0.4375
vt 0.25 0.5
vt 0.1875 0.4375
vt 0.25 0.375
vt 0.125 0.6875
vt 0.25 0.6875
vt 0.25 0.8125
vt 0.125 0.625
vt 0.125 0.5
vt 0.25 0.5
vt 0.1875 0.875
vt 0.25 0.875
vt 0.25 0.9375
vt 0 0.875
vt 0 0.75
vt 0.0546875 0.75
vt 0.125 0.8125
vt 0 0.75
vt 0.125 0.75
vt 0.25 0.875
vt 0.3671875 0.875
vt 0.25 0.9375
vt 0.4921875 0.8671875
vt 0.4921875 0.9921875
vt 0.4609375 0.8671875
vt 0.375 0.5
vt 0.375 0.5546875
vt 0.25 0.5
vt 0.375 0.375
vt 0.4921875 0.375
vt 0.375 0.4375
vt 0.4296875 0.5
vt 0.375 0.5
vt 0.375 0.375
vt 0.328125 0.7109375
vt 0.2421875 0.7421875
vt 0.328125 0.625
vt 0.1875 0.4375
vt 0.125 0.5
vt 0.125 0.375
vt 0.1328125 0.6171875
vt 0.0625 0.6171875
vt 0.0625 0.5
vt 0.375 0.875
vt 0.4921875 0.875
vt 0.4921875 0.9921875
vt 0.375 0.75
vt 0.375 0.625
vt 0.4375 0.6796875
vt 0.4921875 0.625
vt 0.4921875 0.75
vt 0.4375 0.6796875
vt 0.4375 0.6796875
vt 0.375 0.625
vt 0.4921875 0.625
vt 0.375 0.5625
vt 0.375 0.6875
vt 0.25 0.6875
vt 0.3125 0.625
vt 0.4375 0.625
vt 0.375 0.75
vt 0.34375 0.625
vt 0.4375 0.625
vt 0.4375 0.6484375
vt 0.125 0.625
vt 0.25 0.625
vt 0.25 0.6484375
vt 0.375 0.375
vt 0.4375 0.5
vt 0.34375 0.5
vt 0.4296875 0.5
vt 0.4921875 0.5
vt 0.3671875 0.5546875
vt 0.0546875 0.5
vt 0.1171875 0.5
vt 0.0546875 0.5234375
vt 0.4296875 0.5234375
vt 0.375 0.5
vt 0.4296875 0.5
vt 0.4296875 0.5
vt 0.4921875 0.5
vt 0.4296875 0.5234375
vt 0.3046875 0.5234375
vt 0.25 0.5
vt 0.3046875 0.5
vt 0.0546875 0.5234375
vt 0 0.5
vt 0.0546875 0.5
vt 0.421875 0.5234375
vt 0.3515625 0.5
vt 0.421875 0.5
vt 0.0546875 0.5
vt 0.1171875 0.5
vt 0.0546875 0.5234375
vt 0.1796875 0.5
vt 0.2421875 0.5
vt 0.1796875 0.5234375
vt 0.3671875 0.5546875
vt 0.3671875 0.5
vt 0.4296875 0.5
vt 0 0.9296875
vt 0 0.8046875
vt 0.1171875 0.8046875
vt 0.1171875 0.8046875
vt 0.1171875 0.6875
vt 0.2421875 0.6875
vt 0.1171875 0.8671875
vt 0.2421875 0.8671875
vt 0.2421875 0.9921875
vt 0 0.75
vt 0.1171875 0.75
vt 0.1171875 0.8671875
vt 0.375 0.75
vt 0.25 0.75
vt 0.3125 0.625
vt 0.25 0.625
vt 0.375 0.625
vt 0.375 0.75
vt 0.25 0.625
vt 0.25 0.75
vt 0 0.625
vt 0 0.5
vt 0.1640625 0.625
vt 0.1640625 0.5
vt 0.328125 0.625
vt 0.1640625 0.625
vt 0.328125 0.5
vt 0.1640625 0.5
vt 0.25 0.9375
vt 0.125 0.9921875
vt 0.25 0.875
vt 0.125 0.875
vt 0.4609375 0.8671875
vt 0.4375 0.7421875
vt 0.4921875 0.8671875
vt 0.4921875 0.7421875
vt 0.0546875 0.6171875
vt 0.1171875 0.6171875
vt 0.0546875 0.7421875
vt 0.1171875 0.7421875
vt 0.125 0.625
vt 0.125 0.5
vt 0.25 0.625
vt 0.25 0.5
vt 0.4375 0.5
vt 0.4921875 0.5
vt 0.4375 0.6171875
vt 0.4921875 0.6171875
vt 0.4375 0.625
vt 0.4375 0.5
vt 0.4921875 0.625
vt 0.4921875 0.5
vt 0.0546875 0.5234375
vt 0 0.5234375
vt 0.0546875 0.5
vt 0 0.5
vt 0.125 0.9921875
vt 0 0.9921875
vt 0.125 0.875
vt 0 0.875
vt 0.125 0.875
vt 0 0.875
vt 0.125 0.75
vt 0 0.75
vt 0.125 0.625
vt 0.125 0.75
vt 0 0.625
vt 0 0.75
vt 0.3125 0.5
vt 0.25 0.5
vt 0.375 0.4375
vt 0.25 0.375
vt 0.4375 0.5
vt 0.375 0.4375
vt 0.4921875 0.5
vt 0.4921875 0.375
vt 0 0.375
vt 0.1640625 0.375
vt 0 0.5
vt 0.1640625 0.5
vt 0.25 0.375
vt 0.375 0.375
vt 0.25 0.5
vt 0.375 0.5
vt 0.3671875 0.6796875
vt 0.3671875 0.5625
vt 0.4921875 0.6796875
vt 0.4921875 0.5625
vt 0.1171875 0.6796875
vt 0 0.6796875
vt 0.1171875 0.5625
vt 0 0.5625
vt 0.1171875 0.5625
vt 0.2421875 0.5625
vt 0.1171875 0.6796875
vt 0.2421875 0.6796875
vt 0 0.625
vt 0 0.5
vt 0.125 0.625
vt 0.125 0.5
vt 0.125 0.5
vt 0 0.5
vt 0.125 0.375
vt 0 0.375
vt 0.328125 0.375
vt 0.4921875 0.375
vt 0.328125 0.5
vt 0.4921875 0.5
vt 0 0.5
vt 0 0.375
vt 0.1640625 0.5
vt 0.1640625 0.375
vt 0.4921875 0.5
vt 0.4375 0.5
vt 0.4921875 0.375
vt 0.375 0.375
vt 0.375 0.5
vt 0.4921875 0.5
vt 0.375 0.5625
vt 0.4921875 0.5625
vt 0.375 0.5625
vt 0.4921875 0.5625
vt 0.375 0.6875
vt 0.4921875 0.6875
vt 0.125 0.875
vt 0.25 0.875
vt 0.125 0.9375
vt 0.25 0.9375
vt 0.25 0.9375
vt 0.125 0.9375
vt 0.1875 0.875
vt 0.125 0.875
vt 0.125 0.9375
vt 0 0.9375
vt 0.125 0.875
vt 0 0.875
vt 0.125 0.8125
vt 0.25 0.8125
vt 0.125 0.9375
vt 0.25 0.9375
vt 0.375 0.5
vt 0.4921875 0.5
vt 0.375 0.5546875
vt 0.4921875 0.5546875
vt 0.375 0.875
vt 0.375 0.75
vt 0.4921875 0.875
vt 0.4921875 0.75
vt 0.4921875 0.875
vt 0.4921875 0.9921875
vt 0.375 0.875
vt 0.375 0.9921875
vt 0.4921875 0.5
vt 0.4921875 0.5625
vt 0.3671875 0.5
vt 0.3671875 0.5625
vt 0.375 0.625
vt 0.25 0.625
vt 0.375 0.5
vt 0.25 0.5
vt 0.125 0.625
vt 0 0.625
vt 0.125 0.5
vt 0 0.5
vt 0.125 0.625
vt 0.125 0.5
vt 0.25 0.625
vt 0.25 0.5
vt 0.25 0.9375
vt 0.25 0.875
vt 0.375 0.9921875
vt 0.375 0.875
vt 0.125 0.625
vt 0.125 0.75
vt 0 0.625
vt 0 0.75
vt 0.375 0.875
vt 0.4921875 0.875
vt 0.375 0.9921875
vt 0.4921875 0.9921875
vt 0.25 0.625
vt 0.25 0.5
vt 0.375 0.625
vt 0.375 0.5
vt 0.25 0.625
vt 0.25 0.5
vt 0.3125 0.625
vt 0.3125 0.5
vt 0.4375 0.625
vt 0.4921875 0.625
vt 0.375 0.75
vt 0.4921875 0.75
vt 0.328125 0.5
vt 0.1640625 0.5
vt 0.328125 0.375
vt 0.1640625 0.375
vt 0.3671875 0.75
vt 0.4921875 0.75
vt 0.3671875 0.875
vt 0.4921875 0.875
vt 0.3671875 0.875
vt 0.4921875 0.875
vt 0.3671875 0.9921875
vt 0.4921875 0.9921875
vt 0.1171875 0.9921875
vt 0 0.9921875
vt 0.1171875 0.875
vt 0 0.875
vt 0.25 0.625
vt 0.25 0.75
vt 0.125 0.625
vt 0.125 0.75
vt 0.125 0.5
vt 0.25 0.5
vt 0.125 0.5546875
vt 0.25 0.5546875
vt 0.125 0.5625
vt 0.125 0.6875
vt 0 0.5625
vt 0 0.6875
vt 0.3671875 0.625
vt 0.3671875 0.65625
vt 0.25 0.625
vt 0.25 0.65625
vt 0.375 0.546875
vt 0.4375 0.546875
vt 0.375 0.59375
vt 0.4375 0.59375
vt 0.375 0.625
vt 0.4921875 0.625
vt 0.375 0.75
vt 0.4921875 0.75
vt 0.375 0.9375
vt 0.25 0.9375
vt 0.375 0.8125
vt 0.25 0.8125
vt 0.375 0.5625
vt 0.375 0.6875
vt 0.25 0.5625
vt 0.25 0.6875
vt 0.25 0.875
vt 0.25 0.90625
vt 0.125 0.875
vt 0.125 0.90625
vt 0.25 0.90625
vt 0.25 0.9375
vt 0.125 0.90625
vt 0.125 0.9375
vt 0.25 0.9375
vt 0.25 0.96875
vt 0.125 0.9375
vt 0.125 0.96875
vt 0.25 0.96875
vt 0.25 0.9921875
vt 0.125 0.96875
vt 0.125 0.9921875
vt 0.125 0.8125
vt 0 0.8125
vt 0.125 0.6875
vt 0 0.6875
vt 0.25 0.8125
vt 0.25 0.6875
vt 0.375 0.8125
vt 0.375 0.6875
vt 0.1171875 0.8671875
vt 0.1171875 0.75
vt 0.2421875 0.8671875
vt 0.2421875 0.75
vt 0.1171875 0.8046875
vt 0 0.8046875
vt 0.1171875 0.6875
vt 0 0.6875
vt 0.3046875 0.5
vt 0.3671875 0.5
vt 0.3046875 0.5234375
vt 0.3671875 0.5234375
vt 0.421875 0.5
vt 0.4921875 0.5
vt 0.421875 0.5234375
vt 0.4921875 0.5234375
vt 0.25 0.5625
vt 0.25 0.5
vt 0.375 0.5625
vt 0.375 0.5
vt 0.375 0.625
vt 0.25 0.625
vt 0.375 0.5
vt 0.25 0.5
vt 0 0.5625
vt 0 0.5
vt 0.125 0.5625
vt 0.125 0.5
vt 0.125 0.625
vt 0.125 0.75
vt 0 0.625
vt 0 0.75
vt 0.375 0.8125
vt 0.375 0.9375
vt 0.25 0.8125
vt 0.25 0.9375
vt 0.125 0.5625
vt 0.125 0.5
vt 0.25 0.5625
vt 0.25 0.5
vt 0 0.625
vt 0 0.5
vt 0.125 0.625
vt 0.125 0.5
vt 0.4375 0.6171875
vt 0.4921875 0.6171875
vt 0.4375 0.7421875
vt 0.4921875 0.7421875
vt 0.375 0.75
vt 0.25 0.75
vt 0.375 0.625
vt 0.25 0.625
vt 0.375 0.75
vt 0.4921875 0.75
vt 0.375 0.875
vt 0.4921875 0.875
vt 0.375 0.875
vt 0.4921875 0.875
vt 0.375 0.9921875
vt 0.4921875 0.9921875
vt 0.375 0.6875
vt 0.4921875 0.6875
vt 0.375 0.8125
vt 0.4921875 0.8125
vt 0.1171875 0.5
vt 0.2421875 0.5
vt 0.1171875 0.5625
vt 0.2421875 0.5625
vt 0.375 0.5
vt 0.4921875 0.5
vt 0.375 0.625
vt 0.4921875 0.625
vt 0.125 0.75
vt 0 0.75
vt 0.125 0.625
vt 0 0.625
vt 0.125 0.625
vt 0.25 0.625
vt 0.125 0.75
vt 0.25 0.75
vt 0.1171875 0.5625
vt 0 0.5625
vt 0.1171875 0.5
vt 0 0.5
vt 0.3671875 0.5625
vt 0.3671875 0.6796875
vt 0.2421875 0.5625
vt 0.2421875 0.6796875
vt 0.3671875 0.5
vt 0.3671875 0.5625
vt 0.2421875 0.5
vt 0.2421875 0.5625
vt 0.125 0.9921875
vt 0 0.9921875
vt 0.125 0.875
vt 0 0.875
vt 0.125 0.5546875
vt 0 0.5546875
vt 0.125 0.5
vt 0 0.5
vt 0.375 0.625
vt 0.375 0.5
vt 0.4921875 0.625
vt 0.4921875 0.5
vt 0.25 0.75
vt 0.25 0.625
vt 0.375 0.75
vt 0.375 0.625
vt 0 0.625
vt 0 0.5
vt 0.125 0.625
vt 0.125 0.5
vt 0.375 0.8125
vt 0.4921875 0.8125
vt 0.375 0.9375
vt 0.4921875 0.9375
vt 0 0.9375
vt 0 0.8125
vt 0.125 0.9375
vt 0.125 0.8125
vt 0.125 0.5
vt 0 0.5
vt 0.125 0.375
vt 0 0.375
vt 0.1640625 0.625
vt 0.1640625 0.7421875
vt 0 0.625
vt 0 0.7421875
vt 0.2421875 0.7421875
vt 0.1640625 0.7421875
vt 0.328125 0.625
vt 0.1640625 0.625
vt 0.328125 0.625
vt 0.4921875 0.625
vt 0.328125 0.7109375
vt 0.4921875 0.65625
vt 0.328125 0.5
vt 0.4921875 0.5
vt 0.328125 0.625
vt 0.4921875 0.625
vt 0.375 0.59375
vt 0.3046875 0.59375
vt 0.375 0.546875
vt 0.3046875 0.546875
vt 0.4921875 0.71875
vt 0.3671875 0.65625
vt 0.4921875 0.625
vt 0.3671875 0.625
vt 0.0546875 0.7421875
vt 0 0.7109375
vt 0.0546875 0.6171875
vt 0 0.6171875
vt 0.4296875 0.5
vt 0.4921875 0.5
vt 0.4296875 0.625
vt 0.4921875 0.625
vt 0.4296875 0.625
vt 0.4921875 0.625
vt 0.4296875 0.75
vt 0.4921875 0.75
vt 0.375 0.375
vt 0.4921875 0.375
vt 0.4296875 0.5
vt 0.4921875 0.5
vt 0.1328125 0.6171875
vt 0.203125 0.6171875
vt 0.1328125 0.7421875
vt 0.203125 0.7421875
vt 0 0.625
vt 0.0546875 0.625
vt 0 0.75
vt 0.0546875 0.75
vt 0 0.5
vt 0.0546875 0.5
vt 0 0.625
vt 0.0546875 0.625
vt 0.1171875 0.65625
vt 0.1796875 0.65625
vt 0.1171875 0.59375
vt 0.1796875 0.59375
vt 0.1171875 0.59375
vt 0.0546875 0.59375
vt 0.1171875 0.65625
vt 0.0546875 0.65625
vt 0.0625 0.6171875
vt 0.1328125 0.6171875
vt 0.0625 0.7421875
vt 0.1328125 0.7421875
vt 0.34375 0.5
vt 0.4375 0.5
vt 0.34375 0.625
vt 0.4375 0.625
vt 0.4296875 0.5
vt 0.4921875 0.5
vt 0.4296875 0.5234375
vt 0.4921875 0.5234375
vt 0.4296875 0.5234375
vt 0.3671875 0.5234375
vt 0.4296875 0.5
vt 0.3671875 0.5
vt 0.0546875 0.5234375
vt 0 0.5234375
vt 0.0546875 0.5
vt 0 0.5
vt 0.0546875 0.5
vt 0.1171875 0.5
vt 0.0546875 0.5234375
vt 0.1171875 0.5234375
vt 0.1796875 0.5234375
vt 0.1171875 0.5234375
vt 0.1796875 0.5
vt 0.1171875 0.5
vn -1 0 0
vn -1 0 0
vn -1 0 0
vn 0 1.2246467991473532e-16 1
vn 0 1.2246467991473532e-16 1
vn 0 1.2246467991473532e-16 1
vn 0 1.2246467991473532e-16 1
vn 0 1.2246467991473532e-16 1
vn 0 1.2246467991473532e-16 1
vn 0 -1.2246467991473532e-16 -1
vn 0 -1.2246467991473532e-16 -1
vn 0 -1.2246467991473532e-16 -1
vn 0 1.2246467991473532e-16 1
vn 0 1.2246467991473532e-16 1
vn 0 1.2246467991473532e-16 1
vn -1 0 0
vn -1 0 0
vn -1 0 0
vn 1 0 0
vn 1 0 0
vn 1 0 0
vn -1 0 0
vn -1 0 0
vn -1 0 0
vn 1 0 0
vn 1 0 0
vn 1 0 0
vn -1 0 0
vn -1 0 0
vn -1 0 0
vn -1 0 0
vn -1 0 0
vn -1 0 0
vn -1 0 0
vn -1 0 0
vn -1 0 0
vn 1 0 0
vn 1 0 0
vn 1 0 0
vn 1 0 0
vn 1 0 0
vn 1 0 0
vn 0 1.2246467991473532e-16 1
vn 0 1.2246467991473532e-16 1
vn 0 1.2246467991473532e-16 1
vn 0 -1.2246467991473532e-16 -1
vn 0 -1.2246467991473532e-16 -1
vn 0 -1.2246467991473532e-16 -1
vn 0 1.2246467991473532e-16 1
vn 0 1.2246467991473532e-16 1
vn 0 1.2246467991473532e-16 1
vn 0 1.2246467991473532e-16 1
vn 0 1.2246467991473532e-16 1
vn 0 1.2246467991473532e-16 1
vn 0 1.2246467991473532e-16 1
vn 0 1.2246467991473532e-16 1
vn 0 1.2246467991473532e-16 1
vn 0 1.2246467991473532e-16 1
vn 0 1.2246467991473532e-16 1
vn 0 1.2246467991473532e-16 1
vn 0 -1.2246467991473532e-16 -1
vn 0 -1.2246467991473532e-16 -1
vn 0 -1.2246467991473532e-16 -1
vn -1 0 0
vn -1 0 0
vn -1 0 0
vn 1 0 0
vn 1 0 0
vn 1 0 0
vn 1 0 0
vn 1 0 0
vn 1 0 0
vn 1 0 0
vn 1 0 0
vn 1 0 0
vn 1 0 0
vn 1 0 0
vn 1 0 0
vn 0 1.2246467991473532e-16 1
vn 0 1.2246467991473532e-16 1
vn 0 1.2246467991473532e-16 1
vn 0 1.2246467991473532e-16 1
vn 0 1.2246467991473532e-16 1
vn 0 1.2246467991473532e-16 1
vn 0 -1.2246467991473532e-16 -1
vn 0 -1.2246467991473532e-16 -1
vn 0 -1.2246467991473532e-16 -1
vn 0 -1.2246467991473532e-16 -1
vn 0 -1.2246467991473532e-16 -1
vn 0 -1.2246467991473532e-16 -1
vn 0 1.2246467991473532e-16 1
vn 0 1.2246467991473532e-16 1
vn 0 1.2246467991473532e-16 1
vn 0 -1.2246467991473532e-16 -1
vn 0 -1.2246467991473532e-16 -1
vn 0 -1.2246467991473532e-16 -1
vn 0 -1.2246467991473532e-16 -1
vn 0 -1.2246467991473532e-16 -1
vn 0 -1.2246467991473532e-16 -1
vn 0 1.2246467991473532e-16 1
vn 0 1.2246467991473532e-16 1
vn 0 1.2246467991473532e-16 1
vn 1 0 0
vn 1 0 0
vn 1 0 0
vn 0 1.2246467991473532e-16 1
vn 0 1.2246467991473532e-16 1
vn 0 1.2246467991473532e-16 1
vn 0 1.2246467991473532e-16 1
vn 0 1.2246467991473532e-16 1
vn 0 1.2246467991473532e-16 1
vn 0 -1.2246467991473532e-16 -1
vn 0 -1.2246467991473532e-16 -1
vn 0 -1.2246467991473532e-16 -1
vn 0 -1.2246467991473532e-16 -1
vn 0 -1.2246467991473532e-16 -1
vn 0 -1.2246467991473532e-16 -1
vn -1 0 0
vn -1 0 0
vn -1 0 0
vn -1 0 0
vn 0 1.2246467991473532e-16 1
vn 0 1.2246467991473532e-16 1
vn 0 1.2246467991473532e-16 1
vn 0 1.2246467991473532e-16 1
vn 1 0 0
vn 1 0 0
vn 1 0 0
vn 1 0 0
vn 1 0 0
vn 1 0 0
vn 1 0 0
vn 1 0 0
vn 1 0 0
vn 1 0 0
vn 1 0 0
vn 1 0 0
vn -1 0 0
vn -1 0 0
vn -1 0 0
vn -1 0 0
vn 0 1.2246467991473532e-16 1
vn 0 1.2246467991473532e-16 1
vn 0 1.2246467991473532e-16 1
vn 0 1.2246467991473532e-16 1
vn 0 -1.2246467991473532e-16 -1
vn 0 -1.2246467991473532e-16 -1
vn 0 -1.2246467991473532e-16 -1
vn 0 -1.2246467991473532e-16 -1
vn -1 0 0
vn -1 0 0
vn -1 0 0
vn -1 0 0
vn -1 0 0
vn -1 0 0
vn -1 0 0
vn -1 0 0
vn 0 1.2246467991473532e-16 1
vn 0 1.2246467991473532e-16 1
vn 0 1.2246467991473532e-16 1
vn 0 1.2246467991473532e-16 1
vn 0 1.2246467991473532e-16 1
vn 0 1.2246467991473532e-16 1
vn 0 1.2246467991473532e-16 1
vn 0 1.2246467991473532e-16 1
vn 0 1.2246467991473532e-16 1
vn 0 1.2246467991473532e-16 1
vn 0 1.2246467991473532e-16 1
vn 0 1.2246467991473532e-16 1
vn 0 1.2246467991473532e-16 1
vn 0 1.2246467991473532e-16 1
vn 0 1.2246467991473532e-16 1
vn 0 1.2246467991473532e-16 1
vn -1 0 0
vn -1 0 0
vn -1 0 0
vn -1 0 0
vn -1 0 0
vn -1 0 0
vn -1 0 0
vn -1 0 0
vn 1 0 0
vn 1 0 0
vn 1 0 0
vn 1 0 0
vn 0 1.2246467991473532e-16 1
vn 0 1.2246467991473532e-16 1
vn 0 1.2246467991473532e-16 1
vn 0 1.2246467991473532e-16 1
vn 0 1.2246467991473532e-16 1
vn 0 1.2246467991473532e-16 1
vn 0 1.2246467991473532e-16 1
vn 0 1.2246467991473532e-16 1
vn 0 1.2246467991473532e-16 1
vn 0 1.2246467991473532e-16 1
vn 0 1.2246467991473532e-16 1
vn 0 1.2246467991473532e-16 1
vn 0 1.2246467991473532e-16 1
vn 0 1.2246467991473532e-16 1
vn 0 1.2246467991473532e-16 1
vn 0 1.2246467991473532e-16 1
vn 0 1.2246467991473532e-16 1
vn 0 1.2246467991473532e-16 1
vn 0 1.2246467991473532e-16 1
vn 0 1.2246467991473532e-16 1
vn -1 0 0
vn -1 0 0
vn -1 0 0
vn -1 0 0
vn 0 -1.2246467991473532e-16 -1
vn 0 -1.2246467991473532e-16 -1
vn 0 -1.2246467991473532e-16 -1
vn 0 -1.2246467991473532e-16 -1
vn 0 -1.2246467991473532e-16 -1
vn 0 -1.2246467991473532e-16 -1
vn 0 -1.2246467991473532e-16 -1
vn 0 -1.2246467991473532e-16 -1
vn 1 0 0
vn 1 0 0
vn 1 0 0
vn 1 0 0
vn 0 -1.2246467991473532e-16 -1
vn 0 -1.2246467991473532e-16 -1
vn 0 -1.2246467991473532e-16 -1
vn 0 -1.2246467991473532e-16 -1
vn 0 -1.2246467991473532e-16 -1
vn 0 -1.2246467991473532e-16 -1
vn 0 -1.2246467991473532e-16 -1
vn 0 -1.2246467991473532e-16 -1
vn -1 0 0
vn -1 0 0
vn -1 0 0
vn -1 0 0
vn -1 0 0
vn -1 0 0
vn -1 0 0
vn -1 0 0
vn -1 0 0
vn -1 0 0
vn -1 0 0
vn -1 0 0
vn -1 0 0
vn -1 0 0
vn -1 0 0
vn -1 0 0
vn -1 0 0
vn -1 0 0
vn -1 0 0
vn -1 0 0
vn -1 0 0
vn -1 0 0
vn -1 0 0
vn -1 0 0
vn -1 0 0
vn -1 0 0
vn -1 0 0
vn -1 0 0
vn 0 1.2246467991473532e-16 1
vn 0 1.2246467991473532e-16 1
vn 0 1.2246467991473532e-16 1
vn 0 1.2246467991473532e-16 1
vn 0 -1.2246467991473532e-16 -1
vn 0 -1.2246467991473532e-16 -1
vn 0 -1.2246467991473532e-16 -1
vn 0 -1.2246467991473532e-16 -1
vn -1 0 0
vn -1 0 0
vn -1 0 0
vn -1 0 0
vn 0 1.2246467991473532e-16 1
vn 0 1.2246467991473532e-16 1
vn 0 1.2246467991473532e-16 1
vn 0 1.2246467991473532e-16 1
vn 0 1.2246467991473532e-16 1
vn 0 1.2246467991473532e-16 1
vn 0 1.2246467991473532e-16 1
vn 0 1.2246467991473532e-16 1
vn 0 1.2246467991473532e-16 1
vn 0 1.2246467991473532e-16 1
vn 0 1.2246467991473532e-16 1
vn 0 1.2246467991473532e-16 1
vn -1 0 0
vn -1 0 0
vn -1 0 0
vn -1 0 0
vn 0 1.2246467991473532e-16 1
vn 0 1.2246467991473532e-16 1
vn 0 1.2246467991473532e-16 1
vn 0 1.2246467991473532e-16 1
vn -1 0 0
vn -1 0 0
vn -1 0 0
vn -1 0 0
vn -1 0 0
vn -1 0 0
vn -1 0 0
vn -1 0 0
vn 0 -1.2246467991473532e-16 -1
vn 0 -1.2246467991473532e-16 -1
vn 0 -1.2246467991473532e-16 -1
vn 0 -1.2246467991473532e-16 -1
vn 0 1.2246467991473532e-16 1
vn 0 1.2246467991473532e-16 1
vn 0 1.2246467991473532e-16 1
vn 0 1.2246467991473532e-16 1
vn 0 1.2246467991473532e-16 1
vn 0 1.2246467991473532e-16 1
vn 0 1.2246467991473532e-16 1
vn 0 1.2246467991473532e-16 1
vn 1 0 0
vn 1 0 0
vn 1 0 0
vn 1 0 0
vn 0 -1.2246467991473532e-16 -1
vn 0 -1.2246467991473532e-16 -1
vn 0 -1.2246467991473532e-16 -1
vn 0 -1.2246467991473532e-16 -1
vn -1 0 0
vn -1 0 0
vn -1 0 0
vn -1 0 0
vn -1 0 0
vn -1 0 0
vn -1 0 0
vn -1 0 0
vn 0 1.2246467991473532e-16 1
vn 0 1.2246467991473532e-16 1
vn 0 1.2246467991473532e-16 1
vn 0 1.2246467991473532e-16 1
vn 0 1 -1.2246467991473532e-16
vn 0 1 -1.2246467991473532e-16
vn 0 1 -1.2246467991473532e-16
vn 0 1 -1.2246467991473532e-16
vn 0 -1.2246467991473532e-16 -1
vn 0 -1.2246467991473532e-16 -1
vn 0 -1.2246467991473532e-16 -1
vn 0 -1.2246467991473532e-16 -1
vn -1 0 0
vn -1 0 0
vn -1 0 0
vn -1 0 0
vn -1 0 0
vn -1 0 0
vn -1 0 0
vn -1 0 0
vn -1 0 0
vn -1 0 0
vn -1 0 0
vn -1 0 0
vn -1 0 0
vn -1 0 0
vn -1 0 0
vn -1 0 0
vn -1 0 0
vn -1 0 0
vn -1 0 0
vn -1 0 0
vn -1 0 0
vn -1 0 0
vn -1 0 0
vn -1 0 0
vn -1 0 0
vn -1 0 0
vn -1 0 0
vn -1 0 0
vn -1 0 0
vn -1 0 0
vn -1 0 0
vn -1 0 0
vn 0 -1.2246467991473532e-16 -1
vn 0 -1.2246467991473532e-16 -1
vn 0 -1.2246467991473532e-16 -1
vn 0 -1.2246467991473532e-16 -1
vn 0 1.2246467991473532e-16 1
vn 0 1.2246467991473532e-16 1
vn 0 1.2246467991473532e-16 1
vn 0 1.2246467991473532e-16 1
vn 0 -1.2246467991473532e-16 -1
vn 0 -1.2246467991473532e-16 -1
vn 0 -1.2246467991473532e-16 -1
vn 0 -1.2246467991473532e-16 -1
vn 0 -1.2246467991473532e-16 -1
vn 0 -1.2246467991473532e-16 -1
vn 0 -1.2246467991473532e-16 -1
vn 0 -1.2246467991473532e-16 -1
vn -1 0 0
vn -1 0 0
vn -1 0 0
vn -1 0 0
vn 0 1.2246467991473532e-16 1
vn 0 1.2246467991473532e-16 1
vn 0 1.2246467991473532e-16 1
vn 0 1.2246467991473532e-16 1
vn -1 0 0
vn -1 0 0
vn -1 0 0
vn -1 0 0
vn 0 1.2246467991473532e-16 1
vn 0 1.2246467991473532e-16 1
vn 0 1.2246467991473532e-16 1
vn 0 1.2246467991473532e-16 1
vn 0 -1.2246467991473532e-16 -1
vn 0 -1.2246467991473532e-16 -1
vn 0 -1.2246467991473532e-16 -1
vn 0 -1.2246467991473532e-16 -1
vn -1 0 0
vn -1 0 0
vn -1 0 0
vn -1 0 0
vn 0 1.2246467991473532e-16 1
vn 0 1.2246467991473532e-16 1
vn 0 1.2246467991473532e-16 1
vn 0 1.2246467991473532e-16 1
vn -1 0 0
vn -1 0 0
vn -1 0 0
vn -1 0 0
vn 0 -1.2246467991473532e-16 -1
vn 0 -1.2246467991473532e-16 -1
vn 0 -1.2246467991473532e-16 -1
vn 0 -1.2246467991473532e-16 -1
vn -1 0 0
vn -1 0 0
vn -1 0 0
vn -1 0 0
vn 0 1.2246467991473532e-16 1
vn 0 1.2246467991473532e-16 1
vn 0 1.2246467991473532e-16 1
vn 0 1.2246467991473532e-16 1
vn 0 -1.2246467991473532e-16 -1
vn 0 -1.2246467991473532e-16 -1
vn 0 -1.2246467991473532e-16 -1
vn 0 -1.2246467991473532e-16 -1
vn 0 1.2246467991473532e-16 1
vn 0 1.2246467991473532e-16 1
vn 0 1.2246467991473532e-16 1
vn 0 1.2246467991473532e-16 1
vn 0 -1.2246467991473532e-16 -1
vn 0 -1.2246467991473532e-16 -1
vn 0 -1.2246467991473532e-16 -1
vn 0 -1.2246467991473532e-16 -1
vn -1 0 0
vn -1 0 0
vn -1 0 0
vn -1 0 0
vn 0 1.2246467991473532e-16 1
vn 0 1.2246467991473532e-16 1
vn 0 1.2246467991473532e-16 1
vn 0 1.2246467991473532e-16 1
vn 0 1.2246467991473532e-16 1
vn 0 1.2246467991473532e-16 1
vn 0 1.2246467991473532e-16 1
vn 0 1.2246467991473532e-16 1
vn 0 1.2246467991473532e-16 1
vn 0 1.2246467991473532e-16 1
vn 0 1.2246467991473532e-16 1
vn 0 1.2246467991473532e-16 1
vn 0 1.2246467991473532e-16 1
vn 0 1.2246467991473532e-16 1
vn 0 1.2246467991473532e-16 1
vn 0 1.2246467991473532e-16 1
vn 0 1.2246467991473532e-16 1
vn 0 1.2246467991473532e-16 1
vn 0 1.2246467991473532e-16 1
vn 0 1.2246467991473532e-16 1
vn -1 0 0
vn -1 0 0
vn -1 0 0
vn -1 0 0
vn 0 1.2246467991473532e-16 1
vn 0 1.2246467991473532e-16 1
vn 0 1.2246467991473532e-16 1
vn 0 1.2246467991473532e-16 1
vn 0 1.2246467991473532e-16 1
vn 0 1.2246467991473532e-16 1
vn 0 1.2246467991473532e-16 1
vn 0 1.2246467991473532e-16 1
vn 0 1.2246467991473532e-16 1
vn 0 1.2246467991473532e-16 1
vn 0 1.2246467991473532e-16 1
vn 0 1.2246467991473532e-16 1
vn 0 -1.2246467991473532e-16 -1
vn 0 -1.2246467991473532e-16 -1
vn 0 -1.2246467991473532e-16 -1
vn 0 -1.2246467991473532e-16 -1
vn -1 0 0
vn -1 0 0
vn -1 0 0
vn -1 0 0
vn 0 1.2246467991473532e-16 1
vn 0 1.2246467991473532e-16 1
vn 0 1.2246467991473532e-16 1
vn 0 1.2246467991473532e-16 1
vn 1 0 0
vn 1 0 0
vn 1 0 0
vn 1 0 0
vn 1 0 0
vn 1 0 0
vn 1 0 0
vn 1 0 0
vn 1 0 0
vn 1 0 0
vn 1 0 0
vn 1 0 0
vn 1 0 0
vn 1 0 0
vn 1 0 0
vn 1 0 0
vn 0 1 -1.2246467991473532e-16
vn 0 1 -1.2246467991473532e-16
vn 0 1 -1.2246467991473532e-16
vn 0 1 -1.2246467991473532e-16
vn 0 1.2246467991473532e-16 1
vn 0 1.2246467991473532e-16 1
vn 0 1.2246467991473532e-16 1
vn 0 1.2246467991473532e-16 1
vn 0 1.2246467991473532e-16 1
vn 0 1.2246467991473532e-16 1
vn 0 1.2246467991473532e-16 1
vn 0 1.2246467991473532e-16 1
vn 1 0 0
vn 1 0 0
vn 1 0 0
vn 1 0 0
vn 1 0 0
vn 1 0 0
vn 1 0 0
vn 1 0 0
vn 1 0 0
vn 1 0 0
vn 1 0 0
vn 1 0 0
vn 0 -1.2246467991473532e-16 -1
vn 0 -1.2246467991473532e-16 -1
vn 0 -1.2246467991473532e-16 -1
vn 0 -1.2246467991473532e-16 -1
vn 1 0 0
vn 1 0 0
vn 1 0 0
vn 1 0 0
vn 1 0 0
vn 1 0 0
vn 1 0 0
vn 1 0 0
vn 0 1 -1.2246467991473532e-16
vn 0 1 -1.2246467991473532e-16
vn 0 1 -1.2246467991473532e-16
vn 0 1 -1.2246467991473532e-16
vn 0 1 -1.2246467991473532e-16
vn 0 1 -1.2246467991473532e-16
vn 0 1 -1.2246467991473532e-16
vn 0 1 -1.2246467991473532e-16
vn 0 -1.2246467991473532e-16 -1
vn 0 -1.2246467991473532e-16 -1
vn 0 -1.2246467991473532e-16 -1
vn 0 -1.2246467991473532e-16 -1
vn 1 0 0
vn 1 0 0
vn 1 0 0
vn 1 0 0
vn 0 1.2246467991473532e-16 1
vn 0 1.2246467991473532e-16 1
vn 0 1.2246467991473532e-16 1
vn 0 1.2246467991473532e-16 1
vn 0 -1.2246467991473532e-16 -1
vn 0 -1.2246467991473532e-16 -1
vn 0 -1.2246467991473532e-16 -1
vn 0 -1.2246467991473532e-16 -1
vn 0 -1.2246467991473532e-16 -1
vn 0 -1.2246467991473532e-16 -1
vn 0 -1.2246467991473532e-16 -1
vn 0 -1.2246467991473532e-16 -1
vn 0 1.2246467991473532e-16 1
vn 0 1.2246467991473532e-16 1
vn 0 1.2246467991473532e-16 1
vn 0 1.2246467991473532e-16 1
vn 0 1.2246467991473532e-16 1
vn 0 1.2246467991473532e-16 1
vn 0 1.2246467991473532e-16 1
vn 0 1.2246467991473532e-16 1
f 3367/3367/3367 3366/3366/3366 3365/3365/3365
f 3370/3370/3370 3369/3369/3369 3368/3368/3368
f 3373/3373/3373 3372/3372/3372 3371/3371/3371
f 3376/3376/3376 3375/3375/3375 3374/3374/3374
f 3379/3379/3379 3378/3378/3378 3377/3377/3377
f 3382/3382/3382 3381/3381/3381 3380/3380/3380
f 3385/3385/3385 3384/3384/3384 3383/3383/3383
f 3388/3388/3388 3387/3387/3387 3386/3386/3386
f 3391/3391/3391 3390/3390/3390 3389/3389/3389
f 3394/3394/3394 3393/3393/3393 3392/3392/3392
f 3397/3397/3397 3396/3396/3396 3395/3395/3395
f 3400/3400/3400 3399/3399/3399 3398/3398/3398
f 3403/3403/3403 3402/3402/3402 3401/3401/3401
f 3406/3406/3406 3405/3405/3405 3404/3404/3404
f 3409/3409/3409 3408/3408/3408 3407/3407/3407
f 3412/3412/3412 3411/3411/3411 3410/3410/3410
f 3415/3415/3415 3414/3414/3414 3413/3413/3413
f 3418/3418/3418 3417/3417/3417 3416/3416/3416
f 3421/3421/3421 3420/3420/3420 3419/3419/3419
f 3424/3424/3424 3423/3423/3423 3422/3422/3422
f 3427/3427/3427 3426/3426/3426 3425/3425/3425
f 3430/3430/3430 3429/3429/3429 3428/3428/3428
f 3433/3433/3433 3432/3432/3432 3431/3431/3431
f 3436/3436/3436 3435/3435/3435 3434/3434/3434
f 3439/3439/3439 3438/3438/3438 3437/3437/3437
f 3442/3442/3442 3441/3441/3441 3440/3440/3440
f 3445/3445/3445 3444/3444/3444 3443/3443/3443
f 3448/3448/3448 3447/3447/3447 3446/3446/3446
f 3451/3451/3451 3450/3450/3450 3449/3449/3449
f 3454/3454/3454 3453/3453/3453 3452/3452/3452
f 3457/3457/3457 3456/3456/3456 3455/3455/3455
f 3460/3460/3460 3459/3459/3459 3458/3458/3458
f 3463/3463/3463 3462/3462/3462 3461/3461/3461
f 3466/3466/3466 3465/3465/3465 3464/3464/3464
f 3469/3469/3469 3468/3468/3468 3467/3467/3467
f 3472/3472/3472 3471/3471/3471 3470/3470/3470
f 3475/3475/3475 3474/3474/3474 3473/3473/3473
f 3478/3478/3478 3477/3477/3477 3476/3476/3476
f 3481/3481/3481 3480/3480/3480 3479/3479/3479
f 3484/3484/3484 3483/3483/3483 3482/3482/3482
f 3483/3483/3483 3484/3484/3484 3485/3485/3485
f 3488/3488/3488 3487/3487/3487 3486/3486/3486
f 3487/3487/3487 3488/3488/3488 3489/3489/3489
f 3492/3492/3492 3491/3491/3491 3490/3490/3490
f 3491/3491/3491 3492/3492/3492 3493/3493/3493
f 3496/3496/3496 3495/3495/3495 3494/3494/3494
f 3495/3495/3495 3496/3496/3496 3497/3497/3497
f 3500/3500/3500 3499/3499/3499 3498/3498/3498
f 3499/3499/3499 3500/3500/3500 3501/3501/3501
f 3504/3504/3504 3503/3503/3503 3502/3502/3502
f 3503/3503/3503 3504/3504/3504 3505/3505/3505
f 3508/3508/3508 3507/3507/3507 3506/3506/3506
f 3507/3507/3507 3508/3508/3508 3509/3509/3509
f 3512/3512/3512 3511/3511/3511 3510/3510/3510
f 3511/3511/3511 3512/3512/3512 3513/3513/3513
f 3516/3516/3516 3515/3515/3515 3514/3514/3514
f 3515/3515/3515 3516/3516/3516 3517/3517/3517
f 3520/3520/3520 3519/3519/3519 3518/3518/3518
f 3519/3519/3519 3520/3520/3520 3521/3521/3521
f 3524/3524/3524 3523/3523/3523 3522/3522/3522
f 3523/3523/3523 3524/3524/3524 3525/3525/3525
f 3528/3528/3528 3527/3527/3527 3526/3526/3526
f 3527/3527/3527 3528/3528/3528 3529/3529/3529
f 3532/3532/3532 3531/3531/3531 3530/3530/3530
f 3531/3531/3531 3532/3532/3532 3533/3533/3533
f 3536/3536/3536 3535/3535/3535 3534/3534/3534
f 3535/3535/3535 3536/3536/3536 3537/3537/3537
f 3540/3540/3540 3539/3539/3539 3538/3538/3538
f 3539/3539/3539 3540/3540/3540 3541/3541/3541
f 3544/3544/3544 3543/3543/3543 3542/3542/3542
f 3543/3543/3543 3544/3544/3544 3545/3545/3545
f 3548/3548/3548 3547/3547/3547 3546/3546/3546
f 3547/3547/3547 3548/3548/3548 3549/3549/3549
f 3552/3552/3552 3551/3551/3551 3550/3550/3550
f 3551/3551/3551 3552/3552/3552 3553/3553/3553
f 3556/3556/3556 3555/3555/3555 3554/3554/3554
f 3555/3555/3555 3556/3556/3556 3557/3557/3557
f 3560/3560/3560 3559/3559/3559 3558/3558/3558
f 3559/3559/3559 3560/3560/3560 3561/3561/3561
f 3564/3564/3564 3563/3563/3563 3562/3562/3562
f 3563/3563/3563 3564/3564/3564 3565/3565/3565
f 3568/3568/3568 3567/3567/3567 3566/3566/3566
f 3567/3567/3567 3568/3568/3568 3569/3569/3569
f 3572/3572/3572 3571/3571/3571 3570/3570/3570
f 3571/3571/3571 3572/3572/3572 3573/3573/3573
f 3576/3576/3576 3575/3575/3575 3574/3574/3574
f 3575/3575/3575 3576/3576/3576 3577/3577/3577
f 3580/3580/3580 3579/3579/3579 3578/3578/3578
f 3579/3579/3579 3580/3580/3580 3581/3581/3581
f 3584/3584/3584 3583/3583/3583 3582/3582/3582
f 3583/3583/3583 3584/3584/3584 3585/3585/3585
f 3588/3588/3588 3587/3587/3587 3586/3586/3586
f 3587/3587/3587 3588/3588/3588 3589/3589/3589
f 3592/3592/3592 3591/3591/3591 3590/3590/3590
f 3591/3591/3591 3592/3592/3592 3593/3593/3593
f 3596/3596/3596 3595/3595/3595 3594/3594/3594
f 3595/3595/3595 3596/3596/3596 3597/3597/3597
f 3600/3600/3600 3599/3599/3599 3598/3598/3598
f 3599/3599/3599 3600/3600/3600 3601/3601/3601
f 3604/3604/3604 3603/3603/3603 3602/3602/3602
f 3603/3603/3603 3604/3604/3604 3605/3605/3605
f 3608/3608/3608 3607/3607/3607 3606/3606/3606
f 3607/3607/3607 3608/3608/3608 3609/3609/3609
f 3612/3612/3612 3611/3611/3611 3610/3610/3610
f 3611/3611/3611 3612/3612/3612 3613/3613/3613
f 3616/3616/3616 3615/3615/3615 3614/3614/3614
f 3615/3615/3615 3616/3616/3616 3617/3617/3617
f 3620/3620/3620 3619/3619/3619 3618/3618/3618
f 3619/3619/3619 3620/3620/3620 3621/3621/3621
f 3624/3624/3624 3623/3623/3623 3622/3622/3622
f 3623/3623/3623 3624/3624/3624 3625/3625/3625
f 3628/3628/3628 3627/3627/3627 3626/3626/3626
f 3627/3627/3627 3628/3628/3628 3629/3629/3629
f 3632/3632/3632 3631/3631/3631 3630/3630/3630
f 3631/3631/3631 3632/3632/3632 3633/3633/3633
f 3636/3636/3636 3635/3635/3635 3634/3634/3634
f 3635/3635/3635 3636/3636/3636 3637/3637/3637
f 3640/3640/3640 3639/3639/3639 3638/3638/3638
f 3639/3639/3639 3640/3640/3640 3641/3641/3641
f 3644/3644/3644 3643/3643/3643 3642/3642/3642
f 3643/3643/3643 3644/3644/3644 3645/3645/3645
f 3648/3648/3648 3647/3647/3647 3646/3646/3646
f 3647/3647/3647 3648/3648/3648 3649/3649/3649
f 3652/3652/3652 3651/3651/3651 3650/3650/3650
f 3651/3651/3651 3652/3652/3652 3653/3653/3653
f 3656/3656/3656 3655/3655/3655 3654/3654/3654
f 3655/3655/3655 3656/3656/3656 3657/3657/3657
f 3660/3660/3660 3659/3659/3659 3658/3658/3658
f 3659/3659/3659 3660/3660/3660 3661/3661/3661
f 3664/3664/3664 3663/3663/3663 3662/3662/3662
f 3663/3663/3663 3664/3664/3664 3665/3665/3665
f 3668/3668/3668 3667/3667/3667 3666/3666/3666
f 3667/3667/3667 3668/3668/3668 3669/3669/3669
f 3672/3672/3672 3671/3671/3671 3670/3670/3670
f 3671/3671/3671 3672/3672/3672 3673/3673/3673
f 3676/3676/3676 3675/3675/3675 3674/3674/3674
f 3675/3675/3675 3676/3676/3676 3677/3677/3677
f 3680/3680/3680 3679/3679/3679 3678/3678/3678
f 3679/3679/3679 3680/3680/3680 3681/3681/3681
f 3684/3684/3684 3683/3683/3683 3682/3682/3682
f 3683/3683/3683 3684/3684/3684 3685/3685/3685
f 3688/3688/3688 3687/3687/3687 3686/3686/3686
f 3687/3687/3687 3688/3688/3688 3689/3689/3689
f 3692/3692/3692 3691/3691/3691 3690/3690/3690
f 3691/3691/3691 3692/3692/3692 3693/3693/3693
f 3696/3696/3696 3695/3695/3695 3694/3694/3694
f 3695/3695/3695 3696/3696/3696 3697/3697/3697
f 3700/3700/3700 3699/3699/3699 3698/3698/3698
f 3699/3699/3699 3700/3700/3700 3701/3701/3701
f 3704/3704/3704 3703/3703/3703 3702/3702/3702
f 3703/3703/3703 3704/3704/3704 3705/3705/3705
f 3708/3708/3708 3707/3707/3707 3706/3706/3706
f 3707/3707/3707 3708/3708/3708 3709/3709/3709
f 3712/3712/3712 3711/3711/3711 3710/3710/3710
f 3711/3711/3711 3712/3712/3712 3713/3713/3713
f 3716/3716/3716 3715/3715/3715 3714/3714/3714
f 3715/3715/3715 3716/3716/3716 3717/3717/3717
f 3720/3720/3720 3719/3719/3719 3718/3718/3718
f 3719/3719/3719 3720/3720/3720 3721/3721/3721
f 3724/3724/3724 3723/3723/3723 3722/3722/3722
f 3723/3723/3723 3724/3724/3724 3725/3725/3725
f 3728/3728/3728 3727/3727/3727 3726/3726/3726
f 3727/3727/3727 3728/3728/3728 3729/3729/3729
f 3732/3732/3732 3731/3731/3731 3730/3730/3730
f 3731/3731/3731 3732/3732/3732 3733/3733/3733
f 3736/3736/3736 3735/3735/3735 3734/3734/3734
f 3735/3735/3735 3736/3736/3736 3737/3737/3737
f 3740/3740/3740 3739/3739/3739 3738/3738/3738
f 3739/3739/3739 3740/3740/3740 3741/3741/3741
f 3744/3744/3744 3743/3743/3743 3742/3742/3742
f 3743/3743/3743 3744/3744/3744 3745/3745/3745
f 3748/3748/3748 3747/3747/3747 3746/3746/3746
f 3747/3747/3747 3748/3748/3748 3749/3749/3749
f 3752/3752/3752 3751/3751/3751 3750/3750/3750
f 3751/3751/3751 3752/3752/3752 3753/3753/3753
f 3756/3756/3756 3755/3755/3755 3754/3754/3754
f 3755/3755/3755 3756/3756/3756 3757/3757/3757
f 3760/3760/3760 3759/3759/3759 3758/3758/3758
f 3759/3759/3759 3760/3760/3760 3761/3761/3761
f 3764/3764/3764 3763/3763/3763 3762/3762/3762
f 3763/3763/3763 3764/3764/3764 3765/3765/3765
f 3768/3768/3768 3767/3767/3767 3766/3766/3766
f 3767/3767/3767 3768/3768/3768 3769/3769/3769
f 3772/3772/3772 3771/3771/3771 3770/3770/3770
f 3771/3771/3771 3772/3772/3772 3773/3773/3773
f 3776/3776/3776 3775/3775/3775 3774/3774/3774
f 3775/3775/3775 3776/3776/3776 3777/3777/3777
f 3780/3780/3780 3779/3779/3779 3778/3778/3778
f 3779/3779/3779 3780/3780/3780 3781/3781/3781
f 3784/3784/3784 3783/3783/3783 3782/3782/3782
f 3783/3783/3783 3784/3784/3784 3785/3785/3785
f 3788/3788/3788 3787/3787/3787 3786/3786/3786
f 3787/3787/3787 3788/3788/3788 3789/3789/3789
f 3792/3792/3792 3791/3791/3791 3790/3790/3790
f 3791/3791/3791 3792/3792/3792 3793/3793/3793
f 3796/3796/3796 3795/3795/3795 3794/3794/3794
f 3795/3795/3795 3796/3796/3796 3797/3797/3797
f 3800/3800/3800 3799/3799/3799 3798/3798/3798
f 3799/3799/3799 3800/3800/3800 3801/3801/3801
f 3804/3804/3804 3803/3803/3803 3802/3802/3802
f 3803/3803/3803 3804/3804/3804 3805/3805/3805
f 3808/3808/3808 3807/3807/3807 3806/3806/3806
f 3807/3807/3807 3808/3808/3808 3809/3809/3809
f 3812/3812/3812 3811/3811/3811 3810/3810/3810
f 3811/3811/3811 3812/3812/3812 3813/3813/3813
f 3816/3816/3816 3815/3815/3815 3814/3814/3814
f 3815/3815/3815 3816/3816/3816 3817/3817/3817
f 3820/3820/3820 3819/3819/3819 3818/3818/3818
f 3819/3819/3819 3820/3820/3820 3821/3821/3821
f 3824/3824/3824 3823/3823/3823 3822/3822/3822
f 3823/3823/3823 3824/3824/3824 3825/3825/3825
f 3828/3828/3828 3827/3827/3827 3826/3826/3826
f 3827/3827/3827 3828/3828/3828 3829/3829/3829
f 3832/3832/3832 3831/3831/3831 3830/3830/3830
f 3831/3831/3831 3832/3832/3832 3833/3833/3833
f 3836/3836/3836 3835/3835/3835 3834/3834/3834
f 3835/3835/3835 3836/3836/3836 3837/3837/3837
f 3840/3840/3840 3839/3839/3839 3838/3838/3838
f 3839/3839/3839 3840/3840/3840 3841/3841/3841
f 3844/3844/3844 3843/3843/3843 3842/3842/3842
f 3843/3843/3843 3844/3844/3844 3845/3845/3845
f 3848/3848/3848 3847/3847/3847 3846/3846/3846
f 3847/3847/3847 3848/3848/3848 3849/3849/3849
f 3852/3852/3852 3851/3851/3851 3850/3850/3850
f 3851/3851/3851 3852/3852/3852 3853/3853/3853
f 3856/3856/3856 3855/3855/3855 3854/3854/3854
f 3855/3855/3855 3856/3856/3856 3857/3857/3857
f 3860/3860/3860 3859/3859/3859 3858/3858/3858
f 3859/3859/3859 3860/3860/3860 3861/3861/3861
f 3864/3864/3864 3863/3863/3863 3862/3862/3862
f 3863/3863/3863 3864/3864/3864 3865/3865/3865
f 3868/3868/3868 3867/3867/3867 3866/3866/3866
f 3867/3867/3867 3868/3868/3868 3869/3869/3869
f 3872/3872/3872 3871/3871/3871 3870/3870/3870
f 3871/3871/3871 3872/3872/3872 3873/3873/3873
f 3876/3876/3876 3875/3875/3875 3874/3874/3874
f 3875/3875/3875 3876/3876/3876 3877/3877/3877
f 3880/3880/3880 3879/3879/3879 3878/3878/3878
f 3879/3879/3879 3880/3880/3880 3881/3881/3881
f 3884/3884/3884 3883/3883/3883 3882/3882/3882
f 3883/3883/3883 3884/3884/3884 3885/3885/3885
f 3888/3888/3888 3887/3887/3887 3886/3886/3886
f 3887/3887/3887 3888/3888/3888 3889/3889/3889
f 3892/3892/3892 3891/3891/3891 3890/3890/3890
f 3891/3891/3891 3892/3892/3892 3893/3893/3893
f 3896/3896/3896 3895/3895/3895 3894/3894/3894
f 3895/3895/3895 3896/3896/3896 3897/3897/3897
f 3900/3900/3900 3899/3899/3899 3898/3898/3898
f 3899/3899/3899 3900/3900/3900 3901/3901/3901
f 3904/3904/3904 3903/3903/3903 3902/3902/3902
f 3903/3903/3903 3904/3904/3904 3905/3905/3905
f 3908/3908/3908 3907/3907/3907 3906/3906/3906
f 3907/3907/3907 3908/3908/3908 3909/3909/3909
f 3912/3912/3912 3911/3911/3911 3910/3910/3910
f 3911/3911/3911 3912/3912/3912 3913/3913/3913
f 3916/3916/3916 3915/3915/3915 3914/3914/3914
f 3915/3915/3915 3916/3916/3916 3917/3917/3917
f 3920/3920/3920 3919/3919/3919 3918/3918/3918
f 3919/3919/3919 3920/3920/3920 3921/3921/3921
f 3924/3924/3924 3923/3923/3923 3922/3922/3922
f 3923/3923/3923 3924/3924/3924 3925/3925/3925
f 3928/3928/3928 3927/3927/3927 3926/3926/3926
f 3927/3927/3927 3928/3928/3928 3929/3929/3929
f 3932/3932/3932 3931/3931/3931 3930/3930/3930
f 3931/3931/3931 3932/3932/3932 3933/3933/3933
f 3936/3936/3936 3935/3935/3935 3934/3934/3934
f 3935/3935/3935 3936/3936/3936 3937/3937/3937
f 3940/3940/3940 3939/3939/3939 3938/3938/3938
f 3939/3939/3939 3940/3940/3940 3941/3941/3941
f 3944/3944/3944 3943/3943/3943 3942/3942/3942
f 3943/3943/3943 3944/3944/3944 3945/3945/3945
o mesh_79
usemtl mat17
v 230.4 25.599999999999966 -294.40000000000003
v 211.20000000000002 12.799999999999963 -300.8
v 217.60000000000002 25.599999999999966 -294.40000000000003
v 211.20000000000002 -3.0567184106717935e-14 -249.60000000000002
v 211.20000000000002 12.79999999999997 -249.60000000000002
v 211.20000000000002 12.799999999999967 -268.8
v 211.20000000000002 12.799999999999967 -268.8
v 211.20000000000002 12.79999999999997 -249.60000000000002
v 217.60000000000002 25.59999999999997 -268.8
v 217.60000000000002 25.59999999999997 -256
v 217.60000000000002 25.599999999999966 -294.40000000000003
v 211.20000000000002 12.799999999999963 -300.8
v 217.60000000000002 25.599999999999966 -281.6
v 211.20000000000002 12.799999999999967 -281.6
v 217.60000000000002 25.59999999999997 -268.8
v 217.60000000000002 25.599999999999966 -281.6
v 211.20000000000002 12.799999999999967 -268.8
v 211.20000000000002 12.799999999999967 -281.6
vt 0.6484375 0.5
vt 0.5 0.625
vt 0.546875 0.5
vt 0.5 0.75
vt 0.5 0.625
vt 0.6875 0.625
vt 0.6875 0.625
vt 0.5 0.625
vt 0.6875 0.5
vt 0.5625 0.5
vt 0.9375 0.5
vt 0.9921875 0.625
vt 0.8125 0.5
vt 0.8125 0.625
vt 0.6875 0.5
vt 0.8125 0.5
vt 0.6875 0.625
vt 0.8125 0.625
vn 0 -0.4472135954999579 0.894427190999916
vn 0 -0.4472135954999579 0.894427190999916
vn 0 -0.4472135954999579 0.894427190999916
vn 1 0 0
vn 1 0 0
vn 1 0 0
vn 0.8944271909999157 -0.44721359549995787 5.476786982642025e-17
vn 0.8944271909999157 -0.44721359549995787 5.476786982642025e-17
vn 0.8944271909999157 -0.44721359549995787 5.476786982642025e-17
vn 0.8944271909999157 -0.44721359549995787 5.476786982642025e-17
vn 0.8944271909999157 -0.44721359549995787 5.476786982642025e-17
vn 0.8944271909999157 -0.44721359549995787 5.476786982642025e-17
vn 0.8944271909999157 -0.44721359549995787 5.476786982642025e-17
vn 0.8944271909999157 -0.44721359549995787 5.476786982642025e-17
vn 0.8944271909999157 -0.44721359549995787 5.476786982642025e-17
vn 0.8944271909999157 -0.44721359549995787 5.476786982642025e-17
vn 0.8944271909999157 -0.44721359549995787 5.476786982642025e-17
vn 0.8944271909999157 -0.44721359549995787 5.476786982642025e-17
f 3948/3948/3948 3947/3947/3947 3946/3946/3946
f 3951/3951/3951 3950/3950/3950 3949/3949/3949
f 3954/3954/3954 3953/3953/3953 3952/3952/3952
f 3953/3953/3953 3954/3954/3954 3955/3955/3955
f 3958/3958/3958 3957/3957/3957 3956/3956/3956
f 3957/3957/3957 3958/3958/3958 3959/3959/3959
f 3962/3962/3962 3961/3961/3961 3960/3960/3960
f 3961/3961/3961 3962/3962/3962 3963/3963/3963
o mesh_80
usemtl mat16
v 230.4 25.59999999999997 -256
v 217.60000000000002 25.59999999999997 -256
v 211.20000000000002 12.79999999999997 -249.60000000000002
v 243.20000000000002 63.999999999999964 -294.40000000000003
v 243.20000000000002 76.79999999999997 -294.40000000000003
v 256 76.79999999999997 -294.40000000000003
vt 0.59375 0
vt 0.6953125 0
vt 0.7421875 0.125
vt 0.5 0.625
vt 0.5 0.5
vt 0.6171875 0.5
vn 0 -0.447213595499958 -0.8944271909999157
vn 0 -0.447213595499958 -0.8944271909999157
vn 0 -0.447213595499958 -0.8944271909999157
vn 0 1.2246467991473532e-16 1
vn 0 1.2246467991473532e-16 1
vn 0 1.2246467991473532e-16 1
f 3966/3966/3966 3965/3965/3965 3964/3964/3964
f 3969/3969/3969 3968/3968/3968 3967/3967/3967
o mesh_81
usemtl mat11
v 217.60000000000002 63.999999999999964 -294.40000000000003
v 217.60000000000002 51.19999999999997 -294.40000000000003
v 204.8 63.999999999999964 -294.40000000000003
v 204.8 51.19999999999997 -294.40000000000003
vt 0.4921875 0.5
vt 0.4921875 0.625
vt 0.375 0.5
vt 0.375 0.625
vn 0 1.2246467991473532e-16 1
vn 0 1.2246467991473532e-16 1
vn 0 1.2246467991473532e-16 1
vn 0 1.2246467991473532e-16 1
f 3972/3972/3972 3971/3971/3971 3970/3970/3970
f 3971/3971/3971 3972/3972/3972 3973/3973/3973
o mesh_82
usemtl mat13
v 217.60000000000002 63.99999999999997 -230.4
v 217.60000000000002 51.199999999999974 -230.4
v 217.60000000000002 63.99999999999997 -243.20000000000002
v 217.60000000000002 51.199999999999974 -243.20000000000002
v 217.60000000000002 51.199999999999974 -243.20000000000002
v 217.60000000000002 51.199999999999974 -230.4
v 217.60000000000002 38.39999999999998 -243.20000000000002
v 217.60000000000002 38.39999999999998 -230.4
vt 0.3671875 0.5
vt 0.3671875 0.625
vt 0.25 0.5
vt 0.25 0.625
vt 0.25 0.625
vt 0.3671875 0.625
vt 0.25 0.7421875
vt 0.3671875 0.7421875
vn -1 0 0
vn -1 0 0
vn -1 0 0
vn -1 0 0
vn -1 0 0
vn -1 0 0
vn -1 0 0
vn -1 0 0
f 3976/3976/3976 3975/3975/3975 3974/3974/3974
f 3975/3975/3975 3976/3976/3976 3977/3977/3977
f 3980/3980/3980 3979/3979/3979 3978/3978/3978
f 3979/3979/3979 3980/3980/3980 3981/3981/3981
o mesh_83
usemtl mat3
v 166.4 38.39999999999998 -256
v 153.60000000000002 38.39999999999998 -256
v 166.4 25.59999999999997 -256
v 153.60000000000002 25.59999999999997 -256
v 166.4 25.59999999999997 -256
v 179.20000000000002 25.59999999999997 -256
v 166.4 38.39999999999998 -256
v 179.20000000000002 38.39999999999998 -256
v 217.60000000000002 38.399999999999984 -192
v 217.60000000000002 25.599999999999977 -192
v 217.60000000000002 38.39999999999998 -204.8
v 217.60000000000002 25.599999999999977 -204.8
v 217.60000000000002 38.39999999999998 -204.8
v 217.60000000000002 51.199999999999974 -204.8
v 217.60000000000002 38.399999999999984 -192
v 217.60000000000002 51.19999999999998 -192
v 179.20000000000002 25.59999999999997 -256
v 192 25.59999999999997 -256
v 179.20000000000002 38.39999999999998 -256
v 192 38.39999999999998 -256
v 166.4 51.199999999999974 -256
v 153.60000000000002 51.199999999999974 -256
v 166.4 38.39999999999998 -256
v 153.60000000000002 38.39999999999998 -256
v 204.8 25.599999999999966 -294.40000000000003
v 192 25.599999999999966 -294.40000000000003
v 204.8 38.39999999999997 -294.40000000000003
v 192 38.39999999999997 -294.40000000000003
v 179.20000000000002 38.399999999999984 -160
v 166.4 38.399999999999984 -160
v 179.20000000000002 25.59999999999998 -160
v 166.4 25.59999999999998 -160
v 179.20000000000002 25.599999999999984 -153.60000000000002
v 166.4 25.599999999999984 -153.60000000000002
v 179.20000000000002 38.399999999999984 -153.60000000000002
v 166.4 38.399999999999984 -153.60000000000002
v 192 38.399999999999984 -153.60000000000002
v 204.8 38.399999999999984 -153.60000000000002
v 192 25.599999999999984 -153.60000000000002
v 204.8 25.599999999999984 -153.60000000000002
v 204.8 38.399999999999984 -160
v 192 38.399999999999984 -160
v 204.8 25.59999999999998 -160
v 192 25.59999999999998 -160
v 153.60000000000002 38.399999999999984 -153.60000000000002
v 166.4 38.399999999999984 -153.60000000000002
v 153.60000000000002 25.599999999999984 -153.60000000000002
v 166.4 25.599999999999984 -153.60000000000002
v 166.4 38.399999999999984 -160
v 153.60000000000002 38.399999999999984 -160
v 166.4 25.59999999999998 -160
v 153.60000000000002 25.59999999999998 -160
v 204.8 38.399999999999984 -153.60000000000002
v 217.60000000000002 38.399999999999984 -153.60000000000002
v 204.8 25.599999999999984 -153.60000000000002
v 217.60000000000002 25.599999999999984 -153.60000000000002
v 204.8 51.19999999999998 -153.60000000000002
v 217.60000000000002 51.19999999999998 -153.60000000000002
v 204.8 38.399999999999984 -153.60000000000002
v 217.60000000000002 38.399999999999984 -153.60000000000002
v 217.60000000000002 51.19999999999998 -160
v 204.8 51.19999999999998 -160
v 211.20000000000002 38.399999999999984 -160
v 204.8 38.399999999999984 -160
v 153.60000000000002 51.19999999999998 -153.60000000000002
v 166.4 51.19999999999998 -153.60000000000002
v 153.60000000000002 38.399999999999984 -153.60000000000002
v 166.4 38.399999999999984 -153.60000000000002
v 166.4 51.19999999999998 -160
v 153.60000000000002 51.19999999999998 -160
v 166.4 38.399999999999984 -160
v 153.60000000000002 38.399999999999984 -160
v 204.8 51.19999999999998 -160
v 192 51.19999999999998 -160
v 204.8 38.399999999999984 -160
v 192 38.399999999999984 -160
v 192 51.19999999999998 -153.60000000000002
v 204.8 51.19999999999998 -153.60000000000002
v 192 38.399999999999984 -153.60000000000002
v 204.8 38.399999999999984 -153.60000000000002
v 172.8 47.99999999999998 -153.60000000000002
v 172.8 41.59999999999998 -153.60000000000002
v 166.4 51.19999999999998 -153.60000000000002
v 166.4 38.399999999999984 -153.60000000000002
v 185.60000000000002 41.59999999999998 -153.60000000000002
v 185.60000000000002 47.99999999999998 -153.60000000000002
v 192 38.399999999999984 -153.60000000000002
v 192 51.19999999999998 -153.60000000000002
v 179.20000000000002 41.59999999999998 -153.60000000000002
v 185.60000000000002 41.59999999999998 -153.60000000000002
v 179.20000000000002 38.399999999999984 -153.60000000000002
v 192 38.399999999999984 -153.60000000000002
v 179.20000000000002 38.399999999999984 -153.60000000000002
v 166.4 38.399999999999984 -153.60000000000002
v 179.20000000000002 41.59999999999998 -153.60000000000002
v 172.8 41.59999999999998 -153.60000000000002
v 179.20000000000002 25.59999999999998 -160
v 192 25.59999999999998 -160
v 179.20000000000002 38.399999999999984 -160
v 192 38.399999999999984 -160
v 179.20000000000002 38.399999999999984 -153.60000000000002
v 192 38.399999999999984 -153.60000000000002
v 179.20000000000002 25.599999999999984 -153.60000000000002
v 192 25.599999999999984 -153.60000000000002
vt 0 0.625
vt 0.125 0.625
vt 0 0.75
vt 0.125 0.75
vt 0.4921875 0.7421875
vt 0.3671875 0.7421875
vt 0.4921875 0.6171875
vt 0.3671875 0.6171875
vt 0.375 0.875
vt 0.375 0.9921875
vt 0.25 0.875
vt 0.25 0.9921875
vt 0.25 0.875
vt 0.25 0.75
vt 0.375 0.875
vt 0.375 0.75
vt 0.3671875 0.7421875
vt 0.25 0.7421875
vt 0.3671875 0.6171875
vt 0.25 0.6171875
vt 0 0.5
vt 0.125 0.5
vt 0 0.625
vt 0.125 0.625
vt 0.125 0.9921875
vt 0 0.9921875
vt 0.125 0.875
vt 0 0.875
vt 0 0.6171875
vt 0.1171875 0.6171875
vt 0 0.7421875
vt 0.1171875 0.7421875
vt 0.1171875 0.7421875
vt 0 0.7421875
vt 0.1171875 0.6171875
vt 0 0.6171875
vt 0.2421875 0.625
vt 0.3671875 0.625
vt 0.2421875 0.75
vt 0.3671875 0.75
vt 0.203125 0.6171875
vt 0.3515625 0.6171875
vt 0.203125 0.7421875
vt 0.3515625 0.7421875
vt 0.375 0.625
vt 0.4921875 0.625
vt 0.375 0.75
vt 0.4921875 0.75
vt 0.1171875 0.6171875
vt 0.2421875 0.6171875
vt 0.1171875 0.7421875
vt 0.2421875 0.7421875
vt 0.3671875 0.625
vt 0.4921875 0.625
vt 0.3671875 0.75
vt 0.4921875 0.75
vt 0.3671875 0.5
vt 0.4921875 0.5
vt 0.3671875 0.625
vt 0.4921875 0.625
vt 0.0625 0.5
vt 0.203125 0.5
vt 0.1328125 0.6171875
vt 0.203125 0.6171875
vt 0.375 0.5
vt 0.4921875 0.5
vt 0.375 0.625
vt 0.4921875 0.625
vt 0.1171875 0.5
vt 0.2421875 0.5
vt 0.1171875 0.6171875
vt 0.2421875 0.6171875
vt 0.203125 0.5
vt 0.3515625 0.5
vt 0.203125 0.6171875
vt 0.3515625 0.6171875
vt 0.2421875 0.5
vt 0.3671875 0.5
vt 0.2421875 0.625
vt 0.3671875 0.625
vt 0.0546875 0.5234375
vt 0.0546875 0.5859375
vt 0 0.5
vt 0 0.6171875
vt 0.1796875 0.5859375
vt 0.1796875 0.5234375
vt 0.2421875 0.6171875
vt 0.2421875 0.5
vt 0.1171875 0.5859375
vt 0.1796875 0.5859375
vt 0.1171875 0.6171875
vt 0.2421875 0.6171875
vt 0.1171875 0.6171875
vt 0 0.6171875
vt 0.1171875 0.5859375
vt 0.0546875 0.5859375
vt 0.4921875 0.7421875
vt 0.3515625 0.7421875
vt 0.4921875 0.6171875
vt 0.3515625 0.6171875
vt 0.1171875 0.6171875
vt 0.2421875 0.6171875
vt 0.1171875 0.7421875
vt 0.2421875 0.7421875
vn 0 -1.2246467991473532e-16 -1
vn 0 -1.2246467991473532e-16 -1
vn 0 -1.2246467991473532e-16 -1
vn 0 -1.2246467991473532e-16 -1
vn 0 -1.2246467991473532e-16 -1
vn 0 -1.2246467991473532e-16 -1
vn 0 -1.2246467991473532e-16 -1
vn 0 -1.2246467991473532e-16 -1
vn -1 0 0
vn -1 0 0
vn -1 0 0
vn -1 0 0
vn -1 0 0
vn -1 0 0
vn -1 0 0
vn -1 0 0
vn 0 -1.2246467991473532e-16 -1
vn 0 -1.2246467991473532e-16 -1
vn 0 -1.2246467991473532e-16 -1
vn 0 -1.2246467991473532e-16 -1
vn 0 -1.2246467991473532e-16 -1
vn 0 -1.2246467991473532e-16 -1
vn 0 -1.2246467991473532e-16 -1
vn 0 -1.2246467991473532e-16 -1
vn 0 1.2246467991473532e-16 1
vn 0 1.2246467991473532e-16 1
vn 0 1.2246467991473532e-16 1
vn 0 1.2246467991473532e-16 1
vn 0 -1.2246467991473532e-16 -1
vn 0 -1.2246467991473532e-16 -1
vn 0 -1.2246467991473532e-16 -1
vn 0 -1.2246467991473532e-16 -1
vn 0 1.2246467991473532e-16 1
vn 0 1.2246467991473532e-16 1
vn 0 1.2246467991473532e-16 1
vn 0 1.2246467991473532e-16 1
vn 0 1.2246467991473532e-16 1
vn 0 1.2246467991473532e-16 1
vn 0 1.2246467991473532e-16 1
vn 0 1.2246467991473532e-16 1
vn 0 -1.2246467991473532e-16 -1
vn 0 -1.2246467991473532e-16 -1
vn 0 -1.2246467991473532e-16 -1
vn 0 -1.2246467991473532e-16 -1
vn 0 1.2246467991473532e-16 1
vn 0 1.2246467991473532e-16 1
vn 0 1.2246467991473532e-16 1
vn 0 1.2246467991473532e-16 1
vn 0 -1.2246467991473532e-16 -1
vn 0 -1.2246467991473532e-16 -1
vn 0 -1.2246467991473532e-16 -1
vn 0 -1.2246467991473532e-16 -1
vn 0 1.2246467991473532e-16 1
vn 0 1.2246467991473532e-16 1
vn 0 1.2246467991473532e-16 1
vn 0 1.2246467991473532e-16 1
vn 0 1.2246467991473532e-16 1
vn 0 1.2246467991473532e-16 1
vn 0 1.2246467991473532e-16 1
vn 0 1.2246467991473532e-16 1
vn 0 -1.2246467991473532e-16 -1
vn 0 -1.2246467991473532e-16 -1
vn 0 -1.2246467991473532e-16 -1
vn 0 -1.2246467991473532e-16 -1
vn 0 1.2246467991473532e-16 1
vn 0 1.2246467991473532e-16 1
vn 0 1.2246467991473532e-16 1
vn 0 1.2246467991473532e-16 1
vn 0 -1.2246467991473532e-16 -1
vn 0 -1.2246467991473532e-16 -1
vn 0 -1.2246467991473532e-16 -1
vn 0 -1.2246467991473532e-16 -1
vn 0 -1.2246467991473532e-16 -1
vn 0 -1.2246467991473532e-16 -1
vn 0 -1.2246467991473532e-16 -1
vn 0 -1.2246467991473532e-16 -1
vn 0 1.2246467991473532e-16 1
vn 0 1.2246467991473532e-16 1
vn 0 1.2246467991473532e-16 1
vn 0 1.2246467991473532e-16 1
vn 0 1.2246467991473532e-16 1
vn 0 1.2246467991473532e-16 1
vn 0 1.2246467991473532e-16 1
vn 0 1.2246467991473532e-16 1
vn 0 1.2246467991473532e-16 1
vn 0 1.2246467991473532e-16 1
vn 0 1.2246467991473532e-16 1
vn 0 1.2246467991473532e-16 1
vn 0 1.2246467991473532e-16 1
vn 0 1.2246467991473532e-16 1
vn 0 1.2246467991473532e-16 1
vn 0 1.2246467991473532e-16 1
vn 0 1.2246467991473532e-16 1
vn 0 1.2246467991473532e-16 1
vn 0 1.2246467991473532e-16 1
vn 0 1.2246467991473532e-16 1
vn 0 -1.2246467991473532e-16 -1
vn 0 -1.2246467991473532e-16 -1
vn 0 -1.2246467991473532e-16 -1
vn 0 -1.2246467991473532e-16 -1
vn 0 1.2246467991473532e-16 1
vn 0 1.2246467991473532e-16 1
vn 0 1.2246467991473532e-16 1
vn 0 1.2246467991473532e-16 1
f 3984/3984/3984 3983/3983/3983 3982/3982/3982
f 3983/3983/3983 3984/3984/3984 3985/3985/3985
f 3988/3988/3988 3987/3987/3987 3986/3986/3986
f 3987/3987/3987 3988/3988/3988 3989/3989/3989
f 3992/3992/3992 3991/3991/3991 3990/3990/3990
f 3991/3991/3991 3992/3992/3992 3993/3993/3993
f 3996/3996/3996 3995/3995/3995 3994/3994/3994
f 3995/3995/3995 3996/3996/3996 3997/3997/3997
f 4000/4000/4000 3999/3999/3999 3998/3998/3998
f 3999/3999/3999 4000/4000/4000 4001/4001/4001
f 4004/4004/4004 4003/4003/4003 4002/4002/4002
f 4003/4003/4003 4004/4004/4004 4005/4005/4005
f 4008/4008/4008 4007/4007/4007 4006/4006/4006
f 4007/4007/4007 4008/4008/4008 4009/4009/4009
f 4012/4012/4012 4011/4011/4011 4010/4010/4010
f 4011/4011/4011 4012/4012/4012 4013/4013/4013
f 4016/4016/4016 4015/4015/4015 4014/4014/4014
f 4015/4015/4015 4016/4016/4016 4017/4017/4017
f 4020/4020/4020 4019/4019/4019 4018/4018/4018
f 4019/4019/4019 4020/4020/4020 4021/4021/4021
f 4024/4024/4024 4023/4023/4023 4022/4022/4022
f 4023/4023/4023 4024/4024/4024 4025/4025/4025
f 4028/4028/4028 4027/4027/4027 4026/4026/4026
f 4027/4027/4027 4028/4028/4028 4029/4029/4029
f 4032/4032/4032 4031/4031/4031 4030/4030/4030
f 4031/4031/4031 4032/4032/4032 4033/4033/4033
f 4036/4036/4036 4035/4035/4035 4034/4034/4034
f 4035/4035/4035 4036/4036/4036 4037/4037/4037
f 4040/4040/4040 4039/4039/4039 4038/4038/4038
f 4039/4039/4039 4040/4040/4040 4041/4041/4041
f 4044/4044/4044 4043/4043/4043 4042/4042/4042
f 4043/4043/4043 4044/4044/4044 4045/4045/4045
f 4048/4048/4048 4047/4047/4047 4046/4046/4046
f 4047/4047/4047 4048/4048/4048 4049/4049/4049
f 4052/4052/4052 4051/4051/4051 4050/4050/4050
f 4051/4051/4051 4052/4052/4052 4053/4053/4053
f 4056/4056/4056 4055/4055/4055 4054/4054/4054
f 4055/4055/4055 4056/4056/4056 4057/4057/4057
f 4060/4060/4060 4059/4059/4059 4058/4058/4058
f 4059/4059/4059 4060/4060/4060 4061/4061/4061
f 4064/4064/4064 4063/4063/4063 4062/4062/4062
f 4063/4063/4063 4064/4064/4064 4065/4065/4065
f 4068/4068/4068 4067/4067/4067 4066/4066/4066
f 4067/4067/4067 4068/4068/4068 4069/4069/4069
f 4072/4072/4072 4071/4071/4071 4070/4070/4070
f 4071/4071/4071 4072/4072/4072 4073/4073/4073
f 4076/4076/4076 4075/4075/4075 4074/4074/4074
f 4075/4075/4075 4076/4076/4076 4077/4077/4077
f 4080/4080/4080 4079/4079/4079 4078/4078/4078
f 4079/4079/4079 4080/4080/4080 4081/4081/4081
f 4084/4084/4084 4083/4083/4083 4082/4082/4082
f 4083/4083/4083 4084/4084/4084 4085/4085/4085
o mesh_84
usemtl mat3
v 179.20000000000002 47.99999999999997 -249.60000000000002
v 185.60000000000002 47.99999999999997 -249.60000000000002
v 179.20000000000002 47.99999999999997 -256
v 185.60000000000002 47.99999999999997 -256
v 172.8 41.59999999999997 -249.60000000000002
v 172.8 47.99999999999997 -249.60000000000002
v 172.8 41.59999999999997 -256
v 172.8 47.99999999999997 -256
v 185.60000000000002 47.99999999999997 -249.60000000000002
v 185.60000000000002 41.59999999999997 -249.60000000000002
v 185.60000000000002 47.99999999999997 -256
v 185.60000000000002 41.59999999999997 -256
v 179.20000000000002 47.99999999999997 -256
v 172.8 47.99999999999997 -256
v 179.20000000000002 47.99999999999997 -249.60000000000002
v 172.8 47.99999999999997 -249.60000000000002
v 179.20000000000002 47.99999999999998 -160
v 172.8 47.99999999999998 -160
v 179.20000000000002 47.99999999999998 -153.60000000000002
v 172.8 47.99999999999998 -153.60000000000002
v 179.20000000000002 47.99999999999998 -153.60000000000002
v 185.60000000000002 47.99999999999998 -153.60000000000002
v 179.20000000000002 47.99999999999998 -160
v 185.60000000000002 47.99999999999998 -160
v 172.8 47.99999999999998 -160
v 172.8 41.59999999999998 -160
v 172.8 47.99999999999998 -153.60000000000002
v 172.8 41.59999999999998 -153.60000000000002
v 185.60000000000002 41.59999999999998 -160
v 185.60000000000002 47.99999999999998 -160
v 185.60000000000002 41.59999999999998 -153.60000000000002
v 185.60000000000002 47.99999999999998 -153.60000000000002
vt 0.375 0.5859375
vt 0.3046875 0.5859375
vt 0.375 0.53125
vt 0.3046875 0.53125
vt 0.375 0.59375
vt 0.375 0.53125
vt 0.4375 0.59375
vt 0.4375 0.53125
vt 0.3671875 0.53125
vt 0.3671875 0.59375
vt 0.3046875 0.53125
vt 0.3046875 0.59375
vt 0.375 0.53125
vt 0.4375 0.53125
vt 0.375 0.5859375
vt 0.4375 0.5859375
vt 0 0.53125
vt 0.0546875 0.53125
vt 0 0.59375
vt 0.0546875 0.59375
vt 0.4921875 0.59375
vt 0.421875 0.59375
vt 0.4921875 0.53125
vt 0.421875 0.53125
vt 0.4375 0.875
vt 0.4375 0.9921875
vt 0.4921875 0.875
vt 0.4921875 0.9921875
vt 0.125 0.59375
vt 0.125 0.53125
vt 0.1796875 0.59375
vt 0.1796875 0.53125
vn 0 -1 1.2246467991473532e-16
vn 0 -1 1.2246467991473532e-16
vn 0 -1 1.2246467991473532e-16
vn 0 -1 1.2246467991473532e-16
vn 1 0 0
vn 1 0 0
vn 1 0 0
vn 1 0 0
vn -1 0 0
vn -1 0 0
vn -1 0 0
vn -1 0 0
vn 0 -1 1.2246467991473532e-16
vn 0 -1 1.2246467991473532e-16
vn 0 -1 1.2246467991473532e-16
vn 0 -1 1.2246467991473532e-16
vn 0 -1 1.2246467991473532e-16
vn 0 -1 1.2246467991473532e-16
vn 0 -1 1.2246467991473532e-16
vn 0 -1 1.2246467991473532e-16
vn 0 -1 1.2246467991473532e-16
vn 0 -1 1.2246467991473532e-16
vn 0 -1 1.2246467991473532e-16
vn 0 -1 1.2246467991473532e-16
vn 1 0 0
vn 1 0 0
vn 1 0 0
vn 1 0 0
vn -1 0 0
vn -1 0 0
vn -1 0 0
vn -1 0 0
f 4088/4088/4088 4087/4087/4087 4086/4086/4086
f 4087/4087/4087 4088/4088/4088 4089/4089/4089
f 4092/4092/4092 4091/4091/4091 4090/4090/4090
f 4091/4091/4091 4092/4092/4092 4093/4093/4093
f 4096/4096/4096 4095/4095/4095 4094/4094/4094
f 4095/4095/4095 4096/4096/4096 4097/4097/4097
f 4100/4100/4100 4099/4099/4099 4098/4098/4098
f 4099/4099/4099 4100/4100/4100 4101/4101/4101
f 4104/4104/4104 4103/4103/4103 4102/4102/4102
f 4103/4103/4103 4104/4104/4104 4105/4105/4105
f 4108/4108/4108 4107/4107/4107 4106/4106/4106
f 4107/4107/4107 4108/4108/4108 4109/4109/4109
f 4112/4112/4112 4111/4111/4111 4110/4110/4110
f 4111/4111/4111 4112/4112/4112 4113/4113/4113
f 4116/4116/4116 4115/4115/4115 4114/4114/4114
f 4115/4115/4115 4116/4116/4116 4117/4117/4117
o mesh_85
usemtl mat15
v 61.6 47.19999999999997 -303.2
v 67.2 44.79999999999997 -307.20000000000005
v 65.60000000000001 44.79999999999997 -297.6
v 71.2 42.39999999999997 -301.6
v 56.800000000000004 45.599999999999966 -309.6
v 62.400000000000006 43.19999999999997 -313.6
v 61.6 47.19999999999997 -303.2
v 67.2 44.79999999999997 -307.20000000000005
v 61.6 47.19999999999997 -303.2
v 56.800000000000004 43.999999999999964 -300
v 56.800000000000004 45.599999999999966 -309.6
v 52 42.39999999999997 -306.40000000000003
v 65.60000000000001 44.79999999999997 -297.6
v 60.800000000000004 41.599999999999966 -294.40000000000003
v 61.6 47.19999999999997 -303.2
v 56.800000000000004 43.999999999999964 -300
v 57.6 49.599999999999966 -317.6
v 64 46.39999999999996 -319.20000000000005
v 60.800000000000004 53.599999999999966 -304.8
v 67.2 50.39999999999997 -306.40000000000003
v 60.800000000000004 53.599999999999966 -304.8
v 55.2 50.39999999999997 -303.2
v 57.6 49.599999999999966 -317.6
v 52 46.39999999999997 -316
v 76.80000000000001 39.999999999999964 -294.40000000000003
v 68 40.79999999999997 -292.8
v 73.60000000000001 45.599999999999966 -309.6
v 65.60000000000001 45.599999999999966 -308
v 61.6 48.79999999999997 -306.40000000000003
v 56.800000000000004 47.19999999999997 -303.2
v 53.6 43.999999999999964 -318.40000000000003
v 48.800000000000004 42.39999999999997 -315.20000000000005
v 53.6 43.999999999999964 -318.40000000000003
v 59.2 42.39999999999996 -322.40000000000003
v 61.6 48.79999999999997 -306.40000000000003
v 67.2 47.19999999999997 -310.40000000000003
v 73.60000000000001 45.599999999999966 -309.6
v 76 39.999999999999964 -312
v 76.80000000000001 39.999999999999964 -294.40000000000003
v 79.2 34.39999999999996 -296.8
v 64 44.79999999999997 -313.6
v 68 42.39999999999997 -318.40000000000003
v 75.2 46.39999999999997 -303.2
v 79.2 43.999999999999964 -308
v 75.2 46.39999999999997 -303.2
v 70.4 44.79999999999997 -298.40000000000003
v 64 44.79999999999997 -313.6
v 59.2 43.19999999999997 -308.8
vt 0.75 0.25
vt 0.9921875 0.25
vt 0.75 0.4921875
vt 0.9921875 0.4921875
vt 0.75 0.25
vt 0.9921875 0.25
vt 0.75 0.4921875
vt 0.9921875 0.4921875
vt 0.75 0.25
vt 0.9921875 0.25
vt 0.75 0.4921875
vt 0.9921875 0.4921875
vt 0.75 0.25
vt 0.9921875 0.25
vt 0.75 0.4921875
vt 0.9921875 0.4921875
vt 0.75 0.25
vt 0.9921875 0.25
vt 0.75 0.4921875
vt 0.9921875 0.4921875
vt 0.75 0.25
vt 0.9921875 0.25
vt 0.75 0.4921875
vt 0.9921875 0.4921875
vt 0.875 0.4921875
vt 0.75 0.4921875
vt 0.875 0.25
vt 0.75 0.25
vt 0.75 0.25
vt 0.9921875 0.25
vt 0.75 0.4921875
vt 0.9921875 0.4921875
vt 0.75 0.25
vt 0.9921875 0.25
vt 0.75 0.4921875
vt 0.9921875 0.4921875
vt 0.875 0.25
vt 0.9921875 0.25
vt 0.875 0.4921875
vt 0.9921875 0.4921875
vt 0.875 0.4921875
vt 0.75 0.4921875
vt 0.875 0.25
vt 0.75 0.25
vt 0.875 0.25
vt 0.9921875 0.25
vt 0.875 0.4921875
vt 0.9921875 0.4921875
vn 0.4363075515200581 0.896854404835159 0.07271792773686979
vn 0.4363075515200581 0.896854404835159 0.07271792773686979
vn 0.4363075515200581 0.896854404835159 0.07271792773686979
vn 0.4363075515200581 0.896854404835159 0.07271792773686979
vn 0.15082565099594786 0.9265003892292648 -0.34474432810369654
vn 0.15082565099594786 0.9265003892292648 -0.34474432810369654
vn 0.15082565099594786 0.9265003892292648 -0.34474432810369654
vn 0.15082565099594786 0.9265003892292648 -0.34474432810369654
vn -0.48056932844145633 0.8650247971550857 0.1441708044929012
vn -0.48056932844145633 0.8650247971550857 0.1441708044929012
vn -0.48056932844145633 0.8650247971550857 0.1441708044929012
vn -0.48056932844145633 0.8650247971550857 0.1441708044929012
vn -0.2148861291587054 0.8326837430394027 0.5103545194990222
vn -0.2148861291587054 0.8326837430394027 0.5103545194990222
vn -0.2148861291587054 0.8326837430394027 0.5103545194990222
vn -0.2148861291587054 0.8326837430394027 0.5103545194990222
vn 0.344655891822517 0.8680222394487861 -0.3574209116075044
vn 0.344655891822517 0.8680222394487861 -0.3574209116075044
vn 0.344655891822517 0.8680222394487861 -0.3574209116075044
vn 0.344655891822517 0.8680222394487861 -0.3574209116075044
vn -0.5201860088971555 0.8435448438520848 -0.1335612689300684
vn -0.5201860088971555 0.8435448438520848 -0.1335612689300684
vn -0.5201860088971555 0.8435448438520848 -0.1335612689300684
vn -0.5201860088971555 0.8435448438520848 -0.1335612689300684
vn 0.1426621100627573 0.9381114383753277 0.31558588615750116
vn 0.1426621100627573 0.9381114383753277 0.31558588615750116
vn 0.1426621100627573 0.9381114383753277 0.31558588615750116
vn 0.1426621100627573 0.9381114383753277 0.31558588615750116
vn -0.38115220744972916 0.9175886387338451 -0.11293398435709077
vn -0.38115220744972916 0.9175886387338451 -0.11293398435709077
vn -0.38115220744972916 0.9175886387338451 -0.11293398435709077
vn -0.38115220744972916 0.9175886387338451 -0.11293398435709077
vn 0 0.9284766929405918 -0.37139067121577235
vn 0 0.9284766929405918 -0.37139067121577235
vn 0 0.9284766929405918 -0.37139067121577235
vn 0 0.9284766929405918 -0.37139067121577235
vn 0.9118014614893414 0.4085344094456182 -0.04144551996080002
vn 0.9118014614893414 0.4085344094456182 -0.04144551996080002
vn 0.9118014614893414 0.4085344094456182 -0.04144551996080002
vn 0.9118014614893414 0.4085344094456182 -0.04144551996080002
vn 0.16863804620676753 0.9306322096173602 -0.3247843897022667
vn 0.16863804620676753 0.9306322096173602 -0.3247843897022667
vn 0.16863804620676753 0.9306322096173602 -0.3247843897022667
vn 0.16863804620676753 0.9306322096173602 -0.3247843897022667
vn -0.22732086438819052 0.9691047651044249 0.09571404737917688
vn -0.22732086438819052 0.9691047651044249 0.09571404737917688
vn -0.22732086438819052 0.9691047651044249 0.09571404737917688
vn -0.22732086438819052 0.9691047651044249 0.09571404737917688
f 4120/4120/4120 4119/4119/4119 4118/4118/4118
f 4119/4119/4119 4120/4120/4120 4121/4121/4121
f 4124/4124/4124 4123/4123/4123 4122/4122/4122
f 4123/4123/4123 4124/4124/4124 4125/4125/4125
f 4128/4128/4128 4127/4127/4127 4126/4126/4126
f 4127/4127/4127 4128/4128/4128 4129/4129/4129
f 4132/4132/4132 4131/4131/4131 4130/4130/4130
f 4131/4131/4131 4132/4132/4132 4133/4133/4133
f 4136/4136/4136 4135/4135/4135 4134/4134/4134
f 4135/4135/4135 4136/4136/4136 4137/4137/4137
f 4140/4140/4140 4139/4139/4139 4138/4138/4138
f 4139/4139/4139 4140/4140/4140 4141/4141/4141
f 4144/4144/4144 4143/4143/4143 4142/4142/4142
f 4143/4143/4143 4144/4144/4144 4145/4145/4145
f 4148/4148/4148 4147/4147/4147 4146/4146/4146
f 4147/4147/4147 4148/4148/4148 4149/4149/4149
f 4152/4152/4152 4151/4151/4151 4150/4150/4150
f 4151/4151/4151 4152/4152/4152 4153/4153/4153
f 4156/4156/4156 4155/4155/4155 4154/4154/4154
f 4155/4155/4155 4156/4156/4156 4157/4157/4157
f 4160/4160/4160 4159/4159/4159 4158/4158/4158
f 4159/4159/4159 4160/4160/4160 4161/4161/4161
f 4164/4164/4164 4163/4163/4163 4162/4162/4162
f 4163/4163/4163 4164/4164/4164 4165/4165/4165
o mesh_86
usemtl mat3
v 166.4 107.19999999999996 -300.8
v 192 102.39999999999996 -300.8
v 166.4 99.19999999999996 -300.8
v 192 89.59999999999997 -300.8
v 192 76.79999999999997 -300.8
v 166.4 76.79999999999997 -300.8
v 192 102.39999999999996 -300.8
v 166.4 107.19999999999996 -300.8
v 192 129.59999999999997 -300.8
v 166.4 123.19999999999996 -300.8
v 166.4 76.79999999999997 -300.8
v 166.4 99.19999999999996 -300.8
v 192 89.59999999999997 -300.8
v 192 102.39999999999996 -300.8
vt 0.2421875 0.2109375
vt 0.4921875 0.25
vt 0.2421875 0.28125
vt 0.4921875 0.375
vt 0.4921875 0.4921875
vt 0.2421875 0.4921875
vt 0.4921875 0.25
vt 0.2421875 0.2109375
vt 0.4921875 0
vt 0.2421875 0.0546875
vt 0.2421875 0.4921875
vt 0.2421875 0.28125
vt 0.4921875 0.375
vt 0.4921875 0.25
vn 0 1.2246467991473532e-16 1
vn 0 1.2246467991473532e-16 1
vn 0 1.2246467991473532e-16 1
vn 0 1.2246467991473532e-16 1
vn 0 1.2246467991473532e-16 1
vn 0 1.2246467991473532e-16 1
vn 0 1.2246467991473532e-16 1
vn 0 1.2246467991473532e-16 1
vn 0 1.2246467991473532e-16 1
vn 0 1.2246467991473532e-16 1
vn 0 1.2246467991473532e-16 1
vn 0 1.2246467991473532e-16 1
vn 0 1.2246467991473532e-16 1
vn 0 1.2246467991473532e-16 1
f 4168/4168/4168 4167/4167/4167 4166/4166/4166
f 4171/4171/4171 4170/4170/4170 4169/4169/4169
f 4174/4174/4174 4173/4173/4173 4172/4172/4172
f 4173/4173/4173 4174/4174/4174 4175/4175/4175
f 4178/4178/4178 4177/4177/4177 4176/4176/4176
f 4177/4177/4177 4178/4178/4178 4179/4179/4179
o mesh_87
usemtl mat3
v 192 38.39999999999997 -297.6
v 192 25.599999999999966 -294.40000000000003
v 166.4 38.39999999999997 -297.6
v 166.4 25.599999999999966 -294.40000000000003
vt 0.4921875 0.875
vt 0.4921875 0.9921875
vt 0.2421875 0.875
vt 0.2421875 0.9921875
vn 0 0.24253562503633308 0.9701425001453319
vn 0 0.24253562503633308 0.9701425001453319
vn 0 0.24253562503633308 0.9701425001453319
vn 0 0.24253562503633308 0.9701425001453319
f 4182/4182/4182 4181/4181/4181 4180/4180/4180
f 4181/4181/4181 4182/4182/4182 4183/4183/4183
o mesh_88
usemtl mat19
v 113.60000000000001 0.10000000000000049 4
v 103.2 0.10000000000000177 14.4
v 124 0.10000000000000177 14.4
v 113.60000000000001 0.10000000000000304 24.8
vt 0.125 0.875
vt 0.125 0.9921875
vt 0.2421875 0.875
vt 0.2421875 0.9921875
vn 0 -1 1.2246467991473532e-16
vn 0 -1 1.2246467991473532e-16
vn 0 -1 1.2246467991473532e-16
vn 0 -1 1.2246467991473532e-16
f 4186/4186/4186 4185/4185/4185 4184/4184/4184
f 4185/4185/4185 4186/4186/4186 4187/4187/4187
o mesh_89
usemtl mat16
v 128 25.6 -12.800000000000004
v 140.8 25.6 -12.800000000000004
v 128 38.400000000000006 -12.800000000000006
v 140.8 38.400000000000006 -12.800000000000006
v 128 12.799999999999999 -12.800000000000002
v 140.8 12.799999999999999 -12.800000000000002
v 128 25.6 -12.800000000000004
v 140.8 25.6 -12.800000000000004
vt 0.625 0.75
vt 0.5 0.75
vt 0.625 0.625
vt 0.5 0.625
vt 0.625 0.875
vt 0.5 0.875
vt 0.625 0.75
vt 0.5 0.75
vn 0 -1.2246467991473532e-16 -1
vn 0 -1.2246467991473532e-16 -1
vn 0 -1.2246467991473532e-16 -1
vn 0 -1.2246467991473532e-16 -1
vn 0 -1.2246467991473532e-16 -1
vn 0 -1.2246467991473532e-16 -1
vn 0 -1.2246467991473532e-16 -1
vn 0 -1.2246467991473532e-16 -1
f 4190/4190/4190 4189/4189/4189 4188/4188/4188
f 4189/4189/4189 4190/4190/4190 4191/4191/4191
f 4194/4194/4194 4193/4193/4193 4192/4192/4192
f 4193/4193/4193 4194/4194/4194 4195/4195/4195
o mesh_90
usemtl mat13
v 5.6000000000000005 1.7145055188062946e-16 1.4000000000000001
v 0 -2.4492935982947065e-17 -0.2
v 5.6000000000000005 22.400000000000002 1.3999999999999975
v 0 22.400000000000002 -0.20000000000000276
v 0 -2.4492935982947065e-17 -0.2
v 5.6000000000000005 1.7145055188062946e-16 1.4000000000000001
v 0 22.400000000000002 -0.20000000000000276
v 5.6000000000000005 22.400000000000002 1.3999999999999975
vt 0.3125 0.7421875
vt 0.3671875 0.7421875
vt 0.3125 0.5
vt 0.3671875 0.5
vt 0.3671875 0.7421875
vt 0.3125 0.7421875
vt 0.3671875 0.5
vt 0.3125 0.5
vn -0.2747211160889107 1.177527228913633e-16 0.961523951014671
vn -0.2747211160889107 1.177527228913633e-16 0.961523951014671
vn -0.2747211160889107 1.177527228913633e-16 0.961523951014671
vn -0.2747211160889107 1.177527228913633e-16 0.961523951014671
vn 0.2747211160889107 -1.177527228913633e-16 -0.961523951014671
vn 0.2747211160889107 -1.177527228913633e-16 -0.961523951014671
vn 0.2747211160889107 -1.177527228913633e-16 -0.961523951014671
vn 0.2747211160889107 -1.177527228913633e-16 -0.961523951014671
f 4198/4198/4198 4197/4197/4197 4196/4196/4196
f 4197/4197/4197 4198/4198/4198 4199/4199/4199
f 4202/4202/4202 4201/4201/4201 4200/4200/4200
f 4201/4201/4201 4202/4202/4202 4203/4203/4203
o mesh_91
usemtl mat8
v 281.6 89.59999999999997 -332.8
v 268.8 89.59999999999997 -332.8
v 281.6 25.599999999999962 -332.8
v 268.8 25.599999999999962 -332.8
v 288 89.59999999999997 -326.40000000000003
v 281.6 89.59999999999997 -332.8
v 288 25.599999999999962 -326.40000000000003
v 281.6 25.599999999999962 -332.8
vt 0.96875 0.96875
vt 0.96875 0.96875
vt 0.96875 0.96875
vt 0.96875 0.96875
vt 0.96875 0.96875
vt 0.96875 0.96875
vt 0.96875 0.96875
vt 0.96875 0.96875
vn 0 -1.2246467991473532e-16 -1
vn 0 -1.2246467991473532e-16 -1
vn 0 -1.2246467991473532e-16 -1
vn 0 -1.2246467991473532e-16 -1
vn 0.7071067811865475 -8.659560562354932e-17 -0.7071067811865475
vn 0.7071067811865475 -8.659560562354932e-17 -0.7071067811865475
vn 0.7071067811865475 -8.659560562354932e-17 -0.7071067811865475
vn 0.7071067811865475 -8.659560562354932e-17 -0.7071067811865475
f 4206/4206/4206 4205/4205/4205 4204/4204/4204
f 4205/4205/4205 4206/4206/4206 4207/4207/4207
f 4210/4210/4210 4209/4209/4209 4208/4208/4208
f 4209/4209/4209 4210/4210/4210 4211/4211/4211
o mesh_92
usemtl mat16
v 172.8 12.799999999999994 -64
v 172.8 25.599999999999994 -64
v 172.8 25.599999999999994 -51.2
v 172.8 63.99999999999999 -51.20000000000001
v 172.8 63.99999999999999 -64.00000000000001
v 172.8 89.6 -64.00000000000001
v 172.8 25.599999999999994 -51.2
v 172.8 25.599999999999998 -38.400000000000006
v 172.8 12.799999999999994 -64
v 172.8 12.799999999999995 -38.400000000000006
v 172.8 63.99999999999999 -51.20000000000001
v 172.8 63.99999999999999 -38.40000000000001
v 172.8 38.4 -51.20000000000001
v 172.8 38.4 -38.40000000000001
v 172.8 89.6 -64.00000000000001
v 172.8 89.60000000000001 -38.40000000000002
v 172.8 63.99999999999999 -51.20000000000001
v 172.8 63.99999999999999 -38.40000000000001
v 172.8 25.599999999999994 -51.2
v 172.8 25.599999999999994 -64
v 172.8 38.4 -51.20000000000001
v 172.8 38.4 -64
v 172.8 38.4 -51.20000000000001
v 172.8 38.4 -38.40000000000001
v 172.8 25.599999999999994 -51.2
v 172.8 25.599999999999998 -38.400000000000006
v 172.8 63.99999999999999 -51.20000000000001
v 172.8 38.4 -51.20000000000001
v 172.8 63.99999999999999 -64.00000000000001
v 172.8 38.4 -64
vt 0.5 0.8671875
vt 0.5 0.75
vt 0.625 0.75
vt 0.625 0.375
vt 0.5 0.375
vt 0.5 0.125
vt 0.625 0.75
vt 0.75 0.75
vt 0.5 0.8671875
vt 0.75 0.8671875
vt 0.625 0.375
vt 0.75 0.375
vt 0.625 0.625
vt 0.75 0.625
vt 0.5 0.125
vt 0.75 0.125
vt 0.625 0.375
vt 0.75 0.375
vt 0.625 0.75
vt 0.5 0.75
vt 0.625 0.625
vt 0.5 0.625
vt 0.625 0.625
vt 0.75 0.625
vt 0.625 0.75
vt 0.75 0.75
vt 0.625 0.375
vt 0.625 0.625
vt 0.5 0.375
vt 0.5 0.625
vn -1 0 0
vn -1 0 0
vn -1 0 0
vn -1 0 0
vn -1 0 0
vn -1 0 0
vn -1 0 0
vn -1 0 0
vn -1 0 0
vn -1 0 0
vn -1 0 0
vn -1 0 0
vn -1 0 0
vn -1 0 0
vn -1 0 0
vn -1 0 0
vn -1 0 0
vn -1 0 0
vn -1 0 0
vn -1 0 0
vn -1 0 0
vn -1 0 0
vn -1 0 0
vn -1 0 0
vn -1 0 0
vn -1 0 0
vn -1 0 0
vn -1 0 0
vn -1 0 0
vn -1 0 0
f 4214/4214/4214 4213/4213/4213 4212/4212/4212
f 4217/4217/4217 4216/4216/4216 4215/4215/4215
f 4220/4220/4220 4219/4219/4219 4218/4218/4218
f 4219/4219/4219 4220/4220/4220 4221/4221/4221
f 4224/4224/4224 4223/4223/4223 4222/4222/4222
f 4223/4223/4223 4224/4224/4224 4225/4225/4225
f 4228/4228/4228 4227/4227/4227 4226/4226/4226
f 4227/4227/4227 4228/4228/4228 4229/4229/4229
f 4232/4232/4232 4231/4231/4231 4230/4230/4230
f 4231/4231/4231 4232/4232/4232 4233/4233/4233
f 4236/4236/4236 4235/4235/4235 4234/4234/4234
f 4235/4235/4235 4236/4236/4236 4237/4237/4237
f 4240/4240/4240 4239/4239/4239 4238/4238/4238
f 4239/4239/4239 4240/4240/4240 4241/4241/4241
o mesh_93
usemtl mat3
v 166.4 204.8 -108.80000000000004
v 166.4 153.60000000000002 -89.60000000000002
v 192 204.8 -108.80000000000004
v 192 153.60000000000002 -89.60000000000002
v 166.4 115.19999999999999 -89.60000000000002
v 166.4 89.6 -89.60000000000002
v 192 115.19999999999999 -89.60000000000002
v 192 89.6 -89.60000000000002
v 192 115.19999999999999 -89.60000000000002
v 192 153.60000000000002 -89.60000000000002
v 166.4 115.19999999999999 -89.60000000000002
v 166.4 153.60000000000002 -89.60000000000002
vt 0.2421875 0
vt 0.2421875 0.4921875
vt 0 0
vt 0 0.4921875
vt 0 0.75
vt 0 0.9921875
vt 0.25 0.75
vt 0.25 0.9921875
vt 0.25 0.75
vt 0.25 0.375
vt 0 0.75
vt 0 0.375
vn 0 -0.3511234481204076 -0.9363291751195385
vn 0 -0.3511234481204076 -0.9363291751195385
vn 0 -0.3511234481204076 -0.9363291751195385
vn 0 -0.3511234481204076 -0.9363291751195385
vn 0 -1.2246467991473532e-16 -1
vn 0 -1.2246467991473532e-16 -1
vn 0 -1.2246467991473532e-16 -1
vn 0 -1.2246467991473532e-16 -1
vn 0 -1.2246467991473532e-16 -1
vn 0 -1.2246467991473532e-16 -1
vn 0 -1.2246467991473532e-16 -1
vn 0 -1.2246467991473532e-16 -1
f 4244/4244/4244 4243/4243/4243 4242/4242/4242
f 4243/4243/4243 4244/4244/4244 4245/4245/4245
f 4248/4248/4248 4247/4247/4247 4246/4246/4246
f 4247/4247/4247 4248/4248/4248 4249/4249/4249
f 4252/4252/4252 4251/4251/4251 4250/4250/4250
f 4251/4251/4251 4252/4252/4252 4253/4253/4253
o mesh_94
usemtl mat17
v 172.8 115.19999999999999 -64.00000000000001
v 172.8 153.60000000000002 -64.00000000000001
v 172.8 115.2 -38.40000000000002
v 172.8 153.60000000000002 -38.40000000000003
v 172.8 115.2 -38.40000000000002
v 172.8 89.60000000000001 -38.40000000000002
v 172.8 115.19999999999999 -64.00000000000001
v 172.8 89.6 -64.00000000000001
vt 0.5 0.796875
vt 0.5 0.5
vt 0.7421875 0.796875
vt 0.7421875 0.5
vt 0.7421875 0.796875
vt 0.7421875 0.9921875
vt 0.5 0.796875
vt 0.5 0.9921875
vn -1 0 0
vn -1 0 0
vn -1 0 0
vn -1 0 0
vn -1 0 0
vn -1 0 0
vn -1 0 0
vn -1 0 0
f 4256/4256/4256 4255/4255/4255 4254/4254/4254
f 4255/4255/4255 4256/4256/4256 4257/4257/4257
f 4260/4260/4260 4259/4259/4259 4258/4258/4258
f 4259/4259/4259 4260/4260/4260 4261/4261/4261
o mesh_95
usemtl mat16
v 108.80000000000001 25.599999999999994 -51.2
v 108.80000000000001 25.599999999999994 -64
v 108.80000000000001 12.799999999999994 -64
v 108.80000000000001 89.6 -64.00000000000001
v 108.80000000000001 63.99999999999999 -64.00000000000001
v 108.80000000000001 63.99999999999999 -51.20000000000001
v 89.60000000000001 115.19999999999999 -89.60000000000002
v 89.60000000000001 89.6 -89.60000000000002
v 115.2 115.19999999999999 -89.60000000000002
v 115.2 89.6 -89.60000000000002
v 108.80000000000001 38.4 -51.20000000000001
v 108.80000000000001 38.4 -38.40000000000001
v 108.80000000000001 63.99999999999999 -51.20000000000001
v 108.80000000000001 63.99999999999999 -38.40000000000001
v 108.80000000000001 63.99999999999999 -51.20000000000001
v 108.80000000000001 63.99999999999999 -38.40000000000001
v 108.80000000000001 89.6 -64.00000000000001
v 108.80000000000001 89.60000000000001 -38.40000000000002
v 108.80000000000001 25.599999999999994 -51.2
v 108.80000000000001 25.599999999999998 -38.400000000000006
v 108.80000000000001 38.4 -51.20000000000001
v 108.80000000000001 38.4 -38.40000000000001
v 108.80000000000001 12.799999999999994 -64
v 108.80000000000001 12.799999999999995 -38.400000000000006
v 108.80000000000001 25.599999999999994 -51.2
v 108.80000000000001 25.599999999999998 -38.400000000000006
v 108.80000000000001 38.4 -51.20000000000001
v 108.80000000000001 38.4 -64
v 108.80000000000001 25.599999999999994 -51.2
v 108.80000000000001 25.599999999999994 -64
v 108.80000000000001 63.99999999999999 -51.20000000000001
v 108.80000000000001 63.99999999999999 -64.00000000000001
v 108.80000000000001 38.4 -51.20000000000001
v 108.80000000000001 38.4 -64
vt 0.625 0.75
vt 0.5 0.75
vt 0.5 0.875
vt 0.5 0.125
vt 0.5 0.375
vt 0.625 0.375
vt 0.9921875 0.75
vt 0.9921875 0.9921875
vt 0.75 0.75
vt 0.75 0.9921875
vt 0.625 0.625
vt 0.75 0.625
vt 0.625 0.375
vt 0.75 0.375
vt 0.625 0.375
vt 0.75 0.375
vt 0.5 0.125
vt 0.75 0.125
vt 0.625 0.75
vt 0.75 0.75
vt 0.625 0.625
vt 0.75 0.625
vt 0.5 0.875
vt 0.75 0.875
vt 0.625 0.75
vt 0.75 0.75
vt 0.625 0.625
vt 0.5 0.625
vt 0.625 0.75
vt 0.5 0.75
vt 0.625 0.375
vt 0.5 0.375
vt 0.625 0.625
vt 0.5 0.625
vn 1 0 0
vn 1 0 0
vn 1 0 0
vn 1 0 0
vn 1 0 0
vn 1 0 0
vn 0 -1.2246467991473532e-16 -1
vn 0 -1.2246467991473532e-16 -1
vn 0 -1.2246467991473532e-16 -1
vn 0 -1.2246467991473532e-16 -1
vn 1 0 0
vn 1 0 0
vn 1 0 0
vn 1 0 0
vn 1 0 0
vn 1 0 0
vn 1 0 0
vn 1 0 0
vn 1 0 0
vn 1 0 0
vn 1 0 0
vn 1 0 0
vn 1 0 0
vn 1 0 0
vn 1 0 0
vn 1 0 0
vn 1 0 0
vn 1 0 0
vn 1 0 0
vn 1 0 0
vn 1 0 0
vn 1 0 0
vn 1 0 0
vn 1 0 0
f 4264/4264/4264 4263/4263/4263 4262/4262/4262
f 4267/4267/4267 4266/4266/4266 4265/4265/4265
f 4270/4270/4270 4269/4269/4269 4268/4268/4268
f 4269/4269/4269 4270/4270/4270 4271/4271/4271
f 4274/4274/4274 4273/4273/4273 4272/4272/4272
f 4273/4273/4273 4274/4274/4274 4275/4275/4275
f 4278/4278/4278 4277/4277/4277 4276/4276/4276
f 4277/4277/4277 4278/4278/4278 4279/4279/4279
f 4282/4282/4282 4281/4281/4281 4280/4280/4280
f 4281/4281/4281 4282/4282/4282 4283/4283/4283
f 4286/4286/4286 4285/4285/4285 4284/4284/4284
f 4285/4285/4285 4286/4286/4286 4287/4287/4287
f 4290/4290/4290 4289/4289/4289 4288/4288/4288
f 4289/4289/4289 4290/4290/4290 4291/4291/4291
f 4294/4294/4294 4293/4293/4293 4292/4292/4292
f 4293/4293/4293 4294/4294/4294 4295/4295/4295
o mesh_96
usemtl mat17
v 115.2 153.60000000000002 -89.60000000000002
v 115.2 204.8 -108.80000000000004
v 89.60000000000001 153.60000000000002 -89.60000000000002
v 89.60000000000001 204.8 -108.80000000000004
v 108.80000000000001 115.19999999999999 -64.00000000000001
v 108.80000000000001 89.6 -64.00000000000001
v 108.80000000000001 115.2 -38.40000000000002
v 108.80000000000001 89.60000000000001 -38.40000000000002
v 108.80000000000001 115.2 -38.40000000000002
v 108.80000000000001 153.60000000000002 -38.40000000000003
v 108.80000000000001 115.19999999999999 -64.00000000000001
v 108.80000000000001 153.60000000000002 -64.00000000000001
v 115.2 115.19999999999999 -89.60000000000002
v 115.2 153.60000000000002 -89.60000000000002
v 89.60000000000001 115.19999999999999 -89.60000000000002
v 89.60000000000001 153.60000000000002 -89.60000000000002
vt 0.5 0.9921875
vt 0.5 0.5
vt 0.7421875 0.9921875
vt 0.7421875 0.5
vt 0.9296875 0.796875
vt 0.9296875 0.9921875
vt 0.6796875 0.796875
vt 0.6796875 0.9921875
vt 0.6796875 0.796875
vt 0.6796875 0.5
vt 0.9296875 0.796875
vt 0.9296875 0.5
vt 0.5 0.9921875
vt 0.5 0.5
vt 0.75 0.9921875
vt 0.75 0.5
vn 0 -0.3511234481204076 -0.9363291751195385
vn 0 -0.3511234481204076 -0.9363291751195385
vn 0 -0.3511234481204076 -0.9363291751195385
vn 0 -0.3511234481204076 -0.9363291751195385
vn 1 0 0
vn 1 0 0
vn 1 0 0
vn 1 0 0
vn 1 0 0
vn 1 0 0
vn 1 0 0
vn 1 0 0
vn 0 -1.2246467991473532e-16 -1
vn 0 -1.2246467991473532e-16 -1
vn 0 -1.2246467991473532e-16 -1
vn 0 -1.2246467991473532e-16 -1
f 4298/4298/4298 4297/4297/4297 4296/4296/4296
f 4297/4297/4297 4298/4298/4298 4299/4299/4299
f 4302/4302/4302 4301/4301/4301 4300/4300/4300
f 4301/4301/4301 4302/4302/4302 4303/4303/4303
f 4306/4306/4306 4305/4305/4305 4304/4304/4304
f 4305/4305/4305 4306/4306/4306 4307/4307/4307
f 4310/4310/4310 4309/4309/4309 4308/4308/4308
f 4309/4309/4309 4310/4310/4310 4311/4311/4311
o mesh_97
usemtl mat7
v 192 19.199999999999974 -217.60000000000002
v 192 19.199999999999974 -230.4
v 217.60000000000002 19.199999999999974 -217.60000000000002
v 217.60000000000002 19.199999999999974 -230.4
v 217.60000000000002 19.199999999999974 -230.4
v 192 19.199999999999974 -230.4
v 204.8 19.199999999999974 -243.20000000000002
v 192 19.199999999999974 -243.20000000000002
v 204.8 19.199999999999978 -204.8
v 192 19.199999999999978 -204.8
v 217.60000000000002 19.199999999999974 -217.60000000000002
v 192 19.199999999999974 -217.60000000000002
vt 0.75 0.3671875
vt 0.75 0.25
vt 0.9921875 0.3671875
vt 0.9921875 0.25
vt 0.75 0.4921875
vt 0.75 0.25
vt 0.875 0.375
vt 0.875 0.25
vt 0.8671875 0.4921875
vt 0.75 0.4921875
vt 0.9921875 0.3671875
vt 0.75 0.3671875
vn 0 1 -1.2246467991473532e-16
vn 0 1 -1.2246467991473532e-16
vn 0 1 -1.2246467991473532e-16
vn 0 1 -1.2246467991473532e-16
vn 0 1 -1.2246467991473532e-16
vn 0 1 -1.2246467991473532e-16
vn 0 1 -1.2246467991473532e-16
vn 0 1 -1.2246467991473532e-16
vn 0 1 -1.2246467991473532e-16
vn 0 1 -1.2246467991473532e-16
vn 0 1 -1.2246467991473532e-16
vn 0 1 -1.2246467991473532e-16
f 4314/4314/4314 4313/4313/4313 4312/4312/4312
f 4313/4313/4313 4314/4314/4314 4315/4315/4315
f 4318/4318/4318 4317/4317/4317 4316/4316/4316
f 4317/4317/4317 4318/4318/4318 4319/4319/4319
f 4322/4322/4322 4321/4321/4321 4320/4320/4320
f 4321/4321/4321 4322/4322/4322 4323/4323/4323
o mesh_98
usemtl mat7
v 217.60000000000002 19.199999999999974 -217.60000000000002
v 217.60000000000002 19.199999999999978 -204.8
v 204.8 19.199999999999978 -204.8
v 204.8 19.199999999999974 -243.20000000000002
v 192 19.199999999999974 -243.20000000000002
v 204.8 25.59999999999997 -256
v 192 25.59999999999997 -256
v 204.8 25.59999999999997 -256
v 217.60000000000002 25.59999999999997 -256
v 204.8 19.199999999999974 -243.20000000000002
v 217.60000000000002 19.199999999999974 -243.20000000000002
vt 0.9921875 0.3671875
vt 0.9921875 0.4921875
vt 0.8671875 0.4921875
vt 0.875 0.375
vt 0.875 0.25
vt 0.9921875 0.375
vt 0.9921875 0.25
vt 0.9921875 0.375
vt 0.9921875 0.4921875
vt 0.875 0.375
vt 0.875 0.4921875
vn 0 1 -1.2246467991473532e-16
vn 0 1 -1.2246467991473532e-16
vn 0 1 -1.2246467991473532e-16
vn 0 0.894427190999916 0.4472135954999579
vn 0 0.894427190999916 0.4472135954999579
vn 0 0.894427190999916 0.4472135954999579
vn 0 0.894427190999916 0.4472135954999579
vn 0 0.894427190999916 0.4472135954999579
vn 0 0.894427190999916 0.4472135954999579
vn 0 0.894427190999916 0.4472135954999579
vn 0 0.894427190999916 0.4472135954999579
f 4326/4326/4326 4325/4325/4325 4324/4324/4324
f 4329/4329/4329 4328/4328/4328 4327/4327/4327
f 4328/4328/4328 4329/4329/4329 4330/4330/4330
f 4333/4333/4333 4332/4332/4332 4331/4331/4331
f 4332/4332/4332 4333/4333/4333 4334/4334/4334
o mesh_99
usemtl mat3
v 256 76.79999999999997 -307.20000000000005
v 256 76.79999999999997 -320
v 268.8 76.79999999999997 -307.20000000000005
v 268.8 76.79999999999997 -320
v 233.60000000000002 41.59999999999997 -204.8
v 233.60000000000002 38.39999999999998 -204.8
v 233.60000000000002 41.59999999999997 -217.60000000000002
v 233.60000000000002 38.39999999999998 -217.60000000000002
v 236.8 44.799999999999976 -217.60000000000002
v 240 44.799999999999976 -217.60000000000002
v 236.8 44.799999999999976 -204.8
v 240 44.799999999999976 -204.8
v 243.20000000000002 47.99999999999997 -217.60000000000002
v 243.20000000000002 51.199999999999974 -217.60000000000002
v 243.20000000000002 47.99999999999997 -204.8
v 243.20000000000002 51.199999999999974 -204.8
v 240 47.99999999999997 -217.60000000000002
v 243.20000000000002 47.99999999999997 -217.60000000000002
v 240 47.99999999999997 -204.8
v 243.20000000000002 47.99999999999997 -204.8
v 240 44.799999999999976 -217.60000000000002
v 240 47.99999999999997 -217.60000000000002
v 240 44.799999999999976 -204.8
v 240 47.99999999999997 -204.8
v 236.8 44.799999999999976 -204.8
v 236.8 41.59999999999997 -204.8
v 236.8 44.799999999999976 -217.60000000000002
v 236.8 41.59999999999997 -217.60000000000002
v 233.60000000000002 41.59999999999997 -217.60000000000002
v 236.8 41.59999999999997 -217.60000000000002
v 233.60000000000002 41.59999999999997 -204.8
v 236.8 41.59999999999997 -204.8
vt 0.125 0.375
vt 0.125 0.25
vt 0.25 0.375
vt 0.25 0.25
vt 0.25 0.84375
vt 0.25 0.875
vt 0.125 0.84375
vt 0.125 0.875
vt 0.125 0.3125
vt 0.125 0.28125
vt 0.25 0.3125
vt 0.25 0.28125
vt 0.125 0.78125
vt 0.125 0.75
vt 0.25 0.78125
vt 0.25 0.75
vt 0.125 0.28125
vt 0.125 0.25
vt 0.25 0.28125
vt 0.25 0.25
vt 0.125 0.8125
vt 0.125 0.78125
vt 0.25 0.8125
vt 0.25 0.78125
vt 0.25 0.8125
vt 0.25 0.84375
vt 0.125 0.8125
vt 0.125 0.84375
vt 0.125 0.34375
vt 0.125 0.3125
vt 0.25 0.34375
vt 0.25 0.3125
vn 0 1 -1.2246467991473532e-16
vn 0 1 -1.2246467991473532e-16
vn 0 1 -1.2246467991473532e-16
vn 0 1 -1.2246467991473532e-16
vn -1 0 0
vn -1 0 0
vn -1 0 0
vn -1 0 0
vn 0 1 -1.2246467991473532e-16
vn 0 1 -1.2246467991473532e-16
vn 0 1 -1.2246467991473532e-16
vn 0 1 -1.2246467991473532e-16
vn -1 0 0
vn -1 0 0
vn -1 0 0
vn -1 0 0
vn 0 1 -1.2246467991473532e-16
vn 0 1 -1.2246467991473532e-16
vn 0 1 -1.2246467991473532e-16
vn 0 1 -1.2246467991473532e-16
vn -1 0 0
vn -1 0 0
vn -1 0 0
vn -1 0 0
vn -1 0 0
vn -1 0 0
vn -1 0 0
vn -1 0 0
vn 0 1 -1.2246467991473532e-16
vn 0 1 -1.2246467991473532e-16
vn 0 1 -1.2246467991473532e-16
vn 0 1 -1.2246467991473532e-16
f 4337/4337/4337 4336/4336/4336 4335/4335/4335
f 4336/4336/4336 4337/4337/4337 4338/4338/4338
f 4341/4341/4341 4340/4340/4340 4339/4339/4339
f 4340/4340/4340 4341/4341/4341 4342/4342/4342
f 4345/4345/4345 4344/4344/4344 4343/4343/4343
f 4344/4344/4344 4345/4345/4345 4346/4346/4346
f 4349/4349/4349 4348/4348/4348 4347/4347/4347
f 4348/4348/4348 4349/4349/4349 4350/4350/4350
f 4353/4353/4353 4352/4352/4352 4351/4351/4351
f 4352/4352/4352 4353/4353/4353 4354/4354/4354
f 4357/4357/4357 4356/4356/4356 4355/4355/4355
f 4356/4356/4356 4357/4357/4357 4358/4358/4358
f 4361/4361/4361 4360/4360/4360 4359/4359/4359
f 4360/4360/4360 4361/4361/4361 4362/4362/4362
f 4365/4365/4365 4364/4364/4364 4363/4363/4363
f 4364/4364/4364 4365/4365/4365 4366/4366/4366
o mesh_100
usemtl mat3
v 64 12.799999999999978 -190.4
v 64 12.799999999999976 -204.8
v 64 -2.194567064072057e-14 -179.20000000000002
v 64 -2.5080766446537795e-14 -204.8
vt 0.3515625 0.875
vt 0.4921875 0.875
vt 0.2421875 0.9921875
vt 0.4921875 0.9921875
vn 1 0 0
vn 1 0 0
vn 1 0 0
vn 1 0 0
f 4369/4369/4369 4368/4368/4368 4367/4367/4367
f 4368/4368/4368 4369/4369/4369 4370/4370/4370
o mesh_101
usemtl mat3
v 243.20000000000002 -2.194567064072057e-14 -179.20000000000002
v 243.20000000000002 12.79999999999998 -179.20000000000002
v 256 12.79999999999998 -179.20000000000002
v 217.60000000000002 -2.194567064072057e-14 -179.20000000000002
v 217.60000000000002 12.79999999999998 -179.20000000000002
v 230.4 12.79999999999998 -179.20000000000002
v 115.2 12.799999999999974 -217.60000000000002
v 115.2 12.799999999999976 -204.8
v 115.2 -2.5080766446537795e-14 -204.8
v 179.20000000000002 12.799999999999981 -153.60000000000002
v 192 12.799999999999981 -153.60000000000002
v 192 -1.8810574834903348e-14 -153.60000000000002
v 115.2 12.799999999999978 -192
v 115.2 12.79999999999998 -179.20000000000002
v 115.2 -2.194567064072057e-14 -179.20000000000002
v 115.2 -2.5080766446537795e-14 -204.8
v 115.2 12.799999999999972 -230.4
v 115.2 12.799999999999974 -217.60000000000002
v 115.2 51.19999999999998 -192
v 115.2 51.199999999999974 -204.8
v 115.2 63.99999999999998 -192
v 115.2 63.99999999999997 -204.8
v 115.2 51.199999999999974 -217.60000000000002
v 115.2 51.199999999999974 -230.4
v 115.2 63.99999999999997 -217.60000000000002
v 115.2 63.99999999999997 -230.4
v 217.60000000000002 -2.194567064072057e-14 -179.20000000000002
v 217.60000000000002 -2.037812273781196e-14 -166.4
v 217.60000000000002 12.79999999999998 -179.20000000000002
v 217.60000000000002 12.799999999999981 -166.4
v 153.60000000000002 25.599999999999984 -153.60000000000002
v 166.4 25.599999999999984 -153.60000000000002
v 153.60000000000002 12.799999999999981 -153.60000000000002
v 166.4 12.799999999999981 -153.60000000000002
v 115.2 25.599999999999973 -243.20000000000002
v 115.2 25.599999999999973 -230.4
v 115.2 19.199999999999974 -243.20000000000002
v 115.2 12.799999999999972 -230.4
v 115.2 38.399999999999984 -192
v 115.2 38.39999999999998 -204.8
v 115.2 51.19999999999998 -192
v 115.2 51.199999999999974 -204.8
v 115.2 38.39999999999998 -217.60000000000002
v 115.2 38.39999999999998 -204.8
v 115.2 25.599999999999973 -217.60000000000002
v 115.2 25.599999999999977 -204.8
v 256 12.79999999999998 -179.20000000000002
v 243.20000000000002 12.79999999999998 -179.20000000000002
v 256 25.59999999999998 -179.20000000000002
v 243.20000000000002 25.59999999999998 -179.20000000000002
v 115.2 63.99999999999997 -243.20000000000002
v 115.2 63.99999999999997 -230.4
v 115.2 51.199999999999974 -243.20000000000002
v 115.2 51.199999999999974 -230.4
v 115.2 12.799999999999974 -217.60000000000002
v 115.2 12.799999999999972 -230.4
v 115.2 25.599999999999973 -217.60000000000002
v 115.2 25.599999999999973 -230.4
v 115.2 38.399999999999984 -192
v 115.2 38.399999999999984 -179.20000000000002
v 115.2 25.599999999999977 -192
v 115.2 25.59999999999998 -179.20000000000002
v 179.20000000000002 12.799999999999981 -153.60000000000002
v 166.4 12.799999999999981 -153.60000000000002
v 179.20000000000002 25.599999999999984 -153.60000000000002
v 166.4 25.599999999999984 -153.60000000000002
v 115.2 12.799999999999978 -192
v 115.2 12.799999999999976 -204.8
v 115.2 25.599999999999977 -192
v 115.2 25.599999999999977 -204.8
v 128 12.799999999999981 -153.60000000000002
v 140.8 12.799999999999981 -153.60000000000002
v 128 -1.8810574834903348e-14 -153.60000000000002
v 140.8 -1.8810574834903348e-14 -153.60000000000002
v 204.8 12.799999999999981 -153.60000000000002
v 192 12.799999999999981 -153.60000000000002
v 204.8 25.599999999999984 -153.60000000000002
v 192 25.599999999999984 -153.60000000000002
v 204.8 -1.8810574834903348e-14 -153.60000000000002
v 192 -1.8810574834903348e-14 -153.60000000000002
v 204.8 12.799999999999981 -153.60000000000002
v 192 12.799999999999981 -153.60000000000002
v 256 25.59999999999998 -179.20000000000002
v 268.8 25.59999999999998 -179.20000000000002
v 256 12.79999999999998 -179.20000000000002
v 268.8 12.79999999999998 -179.20000000000002
v 230.4 25.59999999999998 -179.20000000000002
v 243.20000000000002 25.59999999999998 -179.20000000000002
v 230.4 12.79999999999998 -179.20000000000002
v 243.20000000000002 12.79999999999998 -179.20000000000002
v 128 25.599999999999984 -153.60000000000002
v 140.8 25.599999999999984 -153.60000000000002
v 128 12.799999999999981 -153.60000000000002
v 140.8 12.799999999999981 -153.60000000000002
v 115.2 51.199999999999974 -243.20000000000002
v 115.2 51.199999999999974 -230.4
v 115.2 38.39999999999998 -243.20000000000002
v 115.2 38.39999999999998 -230.4
v 230.4 12.79999999999998 -179.20000000000002
v 217.60000000000002 12.79999999999998 -179.20000000000002
v 230.4 25.59999999999998 -179.20000000000002
v 217.60000000000002 25.59999999999998 -179.20000000000002
v 115.2 38.39999999999998 -243.20000000000002
v 115.2 38.39999999999998 -230.4
v 115.2 25.599999999999973 -243.20000000000002
v 115.2 25.599999999999973 -230.4
v 115.2 38.39999999999998 -217.60000000000002
v 115.2 38.39999999999998 -230.4
v 115.2 51.199999999999974 -217.60000000000002
v 115.2 51.199999999999974 -230.4
v 115.2 63.99999999999998 -192
v 115.2 63.99999999999998 -179.20000000000002
v 115.2 51.19999999999998 -192
v 115.2 51.19999999999998 -179.20000000000002
v 115.2 63.99999999999997 -217.60000000000002
v 115.2 63.99999999999997 -204.8
v 115.2 51.199999999999974 -217.60000000000002
v 115.2 51.199999999999974 -204.8
v 217.60000000000002 12.79999999999998 -179.20000000000002
v 217.60000000000002 12.799999999999981 -166.4
v 217.60000000000002 25.59999999999998 -179.20000000000002
v 217.60000000000002 25.59999999999998 -166.4
v 179.20000000000002 25.599999999999984 -153.60000000000002
v 192 25.599999999999984 -153.60000000000002
v 179.20000000000002 12.799999999999981 -153.60000000000002
v 192 12.799999999999981 -153.60000000000002
v 153.60000000000002 12.799999999999981 -153.60000000000002
v 140.8 12.799999999999981 -153.60000000000002
v 153.60000000000002 25.599999999999984 -153.60000000000002
v 140.8 25.599999999999984 -153.60000000000002
v 115.2 51.199999999999974 -217.60000000000002
v 115.2 51.199999999999974 -204.8
v 115.2 38.39999999999998 -217.60000000000002
v 115.2 38.39999999999998 -204.8
v 115.2 25.599999999999973 -217.60000000000002
v 115.2 25.599999999999973 -230.4
v 115.2 38.39999999999998 -217.60000000000002
v 115.2 38.39999999999998 -230.4
v 115.2 25.599999999999973 -217.60000000000002
v 115.2 25.599999999999977 -204.8
v 115.2 12.799999999999974 -217.60000000000002
v 115.2 12.799999999999976 -204.8
v 115.2 25.599999999999977 -192
v 115.2 25.59999999999998 -179.20000000000002
v 115.2 12.799999999999978 -192
v 115.2 12.79999999999998 -179.20000000000002
v 115.2 25.599999999999977 -192
v 115.2 25.599999999999977 -204.8
v 115.2 38.399999999999984 -192
v 115.2 38.39999999999998 -204.8
v 115.2 51.19999999999998 -192
v 115.2 51.19999999999998 -179.20000000000002
v 115.2 38.399999999999984 -192
v 115.2 38.399999999999984 -179.20000000000002
vt 0.25 0.9921875
vt 0.25 0.875
vt 0.375 0.875
vt 0 0.9921875
vt 0 0.875
vt 0.125 0.875
vt 0.375 0.875
vt 0.4921875 0.875
vt 0.4921875 0.9921875
vt 0.1171875 0.875
vt 0.2421875 0.875
vt 0.2421875 0.9921875
vt 0.125 0.875
vt 0.25 0.875
vt 0.25 0.9921875
vt 0.4921875 0.9921875
vt 0.25 0.875
vt 0.375 0.875
vt 0.125 0.5
vt 0 0.5
vt 0.125 0.375
vt 0 0.375
vt 0.375 0.5
vt 0.25 0.5
vt 0.375 0.375
vt 0.25 0.375
vt 0.2421875 0.9921875
vt 0.1171875 0.9921875
vt 0.2421875 0.875
vt 0.1171875 0.875
vt 0.375 0.75
vt 0.4921875 0.75
vt 0.375 0.875
vt 0.4921875 0.875
vt 0.125 0.75
vt 0.25 0.75
vt 0.125 0.8125
vt 0.25 0.875
vt 0.125 0.625
vt 0 0.625
vt 0.125 0.5
vt 0 0.5
vt 0.375 0.625
vt 0.4921875 0.625
vt 0.375 0.75
vt 0.4921875 0.75
vt 0.375 0.875
vt 0.25 0.875
vt 0.375 0.75
vt 0.25 0.75
vt 0.125 0.375
vt 0.25 0.375
vt 0.125 0.5
vt 0.25 0.5
vt 0.375 0.875
vt 0.25 0.875
vt 0.375 0.75
vt 0.25 0.75
vt 0.125 0.625
vt 0.25 0.625
vt 0.125 0.75
vt 0.25 0.75
vt 0.1171875 0.875
vt 0 0.875
vt 0.1171875 0.75
vt 0 0.75
vt 0.125 0.875
vt 0 0.875
vt 0.125 0.75
vt 0 0.75
vt 0.125 0.875
vt 0.25 0.875
vt 0.125 0.9921875
vt 0.25 0.9921875
vt 0.3671875 0.875
vt 0.2421875 0.875
vt 0.3671875 0.75
vt 0.2421875 0.75
vt 0.3671875 0.9921875
vt 0.2421875 0.9921875
vt 0.3671875 0.875
vt 0.2421875 0.875
vt 0.375 0.75
vt 0.4921875 0.75
vt 0.375 0.875
vt 0.4921875 0.875
vt 0.125 0.75
vt 0.25 0.75
vt 0.125 0.875
vt 0.25 0.875
vt 0.125 0.75
vt 0.25 0.75
vt 0.125 0.875
vt 0.25 0.875
vt 0.125 0.5
vt 0.25 0.5
vt 0.125 0.625
vt 0.25 0.625
vt 0.125 0.875
vt 0 0.875
vt 0.125 0.75
vt 0 0.75
vt 0.125 0.625
vt 0.25 0.625
vt 0.125 0.75
vt 0.25 0.75
vt 0.375 0.625
vt 0.25 0.625
vt 0.375 0.5
vt 0.25 0.5
vt 0.125 0.375
vt 0.25 0.375
vt 0.125 0.5
vt 0.25 0.5
vt 0.375 0.375
vt 0.4921875 0.375
vt 0.375 0.5
vt 0.4921875 0.5
vt 0.2421875 0.875
vt 0.1171875 0.875
vt 0.2421875 0.75
vt 0.1171875 0.75
vt 0.1171875 0.75
vt 0.2421875 0.75
vt 0.1171875 0.875
vt 0.2421875 0.875
vt 0.375 0.875
vt 0.25 0.875
vt 0.375 0.75
vt 0.25 0.75
vt 0.375 0.5
vt 0.4921875 0.5
vt 0.375 0.625
vt 0.4921875 0.625
vt 0.375 0.75
vt 0.25 0.75
vt 0.375 0.625
vt 0.25 0.625
vt 0.375 0.75
vt 0.4921875 0.75
vt 0.375 0.875
vt 0.4921875 0.875
vt 0.125 0.75
vt 0.25 0.75
vt 0.125 0.875
vt 0.25 0.875
vt 0.125 0.75
vt 0 0.75
vt 0.125 0.625
vt 0 0.625
vt 0.125 0.5
vt 0.25 0.5
vt 0.125 0.625
vt 0.25 0.625
vn 0 1.2246467991473532e-16 1
vn 0 1.2246467991473532e-16 1
vn 0 1.2246467991473532e-16 1
vn 0 1.2246467991473532e-16 1
vn 0 1.2246467991473532e-16 1
vn 0 1.2246467991473532e-16 1
vn -1 0 0
vn -1 0 0
vn -1 0 0
vn 0 1.2246467991473532e-16 1
vn 0 1.2246467991473532e-16 1
vn 0 1.2246467991473532e-16 1
vn -1 0 0
vn -1 0 0
vn -1 0 0
vn -1 0 0
vn -1 0 0
vn -1 0 0
vn -1 0 0
vn -1 0 0
vn -1 0 0
vn -1 0 0
vn -1 0 0
vn -1 0 0
vn -1 0 0
vn -1 0 0
vn 1 0 0
vn 1 0 0
vn 1 0 0
vn 1 0 0
vn 0 1.2246467991473532e-16 1
vn 0 1.2246467991473532e-16 1
vn 0 1.2246467991473532e-16 1
vn 0 1.2246467991473532e-16 1
vn -1 0 0
vn -1 0 0
vn -1 0 0
vn -1 0 0
vn -1 0 0
vn -1 0 0
vn -1 0 0
vn -1 0 0
vn -1 0 0
vn -1 0 0
vn -1 0 0
vn -1 0 0
vn 0 1.2246467991473532e-16 1
vn 0 1.2246467991473532e-16 1
vn 0 1.2246467991473532e-16 1
vn 0 1.2246467991473532e-16 1
vn -1 0 0
vn -1 0 0
vn -1 0 0
vn -1 0 0
vn -1 0 0
vn -1 0 0
vn -1 0 0
vn -1 0 0
vn -1 0 0
vn -1 0 0
vn -1 0 0
vn -1 0 0
vn 0 1.2246467991473532e-16 1
vn 0 1.2246467991473532e-16 1
vn 0 1.2246467991473532e-16 1
vn 0 1.2246467991473532e-16 1
vn -1 0 0
vn -1 0 0
vn -1 0 0
vn -1 0 0
vn 0 1.2246467991473532e-16 1
vn 0 1.2246467991473532e-16 1
vn 0 1.2246467991473532e-16 1
vn 0 1.2246467991473532e-16 1
vn 0 1.2246467991473532e-16 1
vn 0 1.2246467991473532e-16 1
vn 0 1.2246467991473532e-16 1
vn 0 1.2246467991473532e-16 1
vn 0 1.2246467991473532e-16 1
vn 0 1.2246467991473532e-16 1
vn 0 1.2246467991473532e-16 1
vn 0 1.2246467991473532e-16 1
vn 0 1.2246467991473532e-16 1
vn 0 1.2246467991473532e-16 1
vn 0 1.2246467991473532e-16 1
vn 0 1.2246467991473532e-16 1
vn 0 1.2246467991473532e-16 1
vn 0 1.2246467991473532e-16 1
vn 0 1.2246467991473532e-16 1
vn 0 1.2246467991473532e-16 1
vn 0 1.2246467991473532e-16 1
vn 0 1.2246467991473532e-16 1
vn 0 1.2246467991473532e-16 1
vn 0 1.2246467991473532e-16 1
vn -1 0 0
vn -1 0 0
vn -1 0 0
vn -1 0 0
vn 0 1.2246467991473532e-16 1
vn 0 1.2246467991473532e-16 1
vn 0 1.2246467991473532e-16 1
vn 0 1.2246467991473532e-16 1
vn -1 0 0
vn -1 0 0
vn -1 0 0
vn -1 0 0
vn -1 0 0
vn -1 0 0
vn -1 0 0
vn -1 0 0
vn -1 0 0
vn -1 0 0
vn -1 0 0
vn -1 0 0
vn -1 0 0
vn -1 0 0
vn -1 0 0
vn -1 0 0
vn 1 0 0
vn 1 0 0
vn 1 0 0
vn 1 0 0
vn 0 1.2246467991473532e-16 1
vn 0 1.2246467991473532e-16 1
vn 0 1.2246467991473532e-16 1
vn 0 1.2246467991473532e-16 1
vn 0 1.2246467991473532e-16 1
vn 0 1.2246467991473532e-16 1
vn 0 1.2246467991473532e-16 1
vn 0 1.2246467991473532e-16 1
vn -1 0 0
vn -1 0 0
vn -1 0 0
vn -1 0 0
vn -1 0 0
vn -1 0 0
vn -1 0 0
vn -1 0 0
vn -1 0 0
vn -1 0 0
vn -1 0 0
vn -1 0 0
vn -1 0 0
vn -1 0 0
vn -1 0 0
vn -1 0 0
vn -1 0 0
vn -1 0 0
vn -1 0 0
vn -1 0 0
vn -1 0 0
vn -1 0 0
vn -1 0 0
vn -1 0 0
f 4373/4373/4373 4372/4372/4372 4371/4371/4371
f 4376/4376/4376 4375/4375/4375 4374/4374/4374
f 4379/4379/4379 4378/4378/4378 4377/4377/4377
f 4382/4382/4382 4381/4381/4381 4380/4380/4380
f 4385/4385/4385 4384/4384/4384 4383/4383/4383
f 4388/4388/4388 4387/4387/4387 4386/4386/4386
f 4391/4391/4391 4390/4390/4390 4389/4389/4389
f 4390/4390/4390 4391/4391/4391 4392/4392/4392
f 4395/4395/4395 4394/4394/4394 4393/4393/4393
f 4394/4394/4394 4395/4395/4395 4396/4396/4396
f 4399/4399/4399 4398/4398/4398 4397/4397/4397
f 4398/4398/4398 4399/4399/4399 4400/4400/4400
f 4403/4403/4403 4402/4402/4402 4401/4401/4401
f 4402/4402/4402 4403/4403/4403 4404/4404/4404
f 4407/4407/4407 4406/4406/4406 4405/4405/4405
f 4406/4406/4406 4407/4407/4407 4408/4408/4408
f 4411/4411/4411 4410/4410/4410 4409/4409/4409
f 4410/4410/4410 4411/4411/4411 4412/4412/4412
f 4415/4415/4415 4414/4414/4414 4413/4413/4413
f 4414/4414/4414 4415/4415/4415 4416/4416/4416
f 4419/4419/4419 4418/4418/4418 4417/4417/4417
f 4418/4418/4418 4419/4419/4419 4420/4420/4420
f 4423/4423/4423 4422/4422/4422 4421/4421/4421
f 4422/4422/4422 4423/4423/4423 4424/4424/4424
f 4427/4427/4427 4426/4426/4426 4425/4425/4425
f 4426/4426/4426 4427/4427/4427 4428/4428/4428
f 4431/4431/4431 4430/4430/4430 4429/4429/4429
f 4430/4430/4430 4431/4431/4431 4432/4432/4432
f 4435/4435/4435 4434/4434/4434 4433/4433/4433
f 4434/4434/4434 4435/4435/4435 4436/4436/4436
f 4439/4439/4439 4438/4438/4438 4437/4437/4437
f 4438/4438/4438 4439/4439/4439 4440/4440/4440
f 4443/4443/4443 4442/4442/4442 4441/4441/4441
f 4442/4442/4442 4443/4443/4443 4444/4444/4444
f 4447/4447/4447 4446/4446/4446 4445/4445/4445
f 4446/4446/4446 4447/4447/4447 4448/4448/4448
f 4451/4451/4451 4450/4450/4450 4449/4449/4449
f 4450/4450/4450 4451/4451/4451 4452/4452/4452
f 4455/4455/4455 4454/4454/4454 4453/4453/4453
f 4454/4454/4454 4455/4455/4455 4456/4456/4456
f 4459/4459/4459 4458/4458/4458 4457/4457/4457
f 4458/4458/4458 4459/4459/4459 4460/4460/4460
f 4463/4463/4463 4462/4462/4462 4461/4461/4461
f 4462/4462/4462 4463/4463/4463 4464/4464/4464
f 4467/4467/4467 4466/4466/4466 4465/4465/4465
f 4466/4466/4466 4467/4467/4467 4468/4468/4468
f 4471/4471/4471 4470/4470/4470 4469/4469/4469
f 4470/4470/4470 4471/4471/4471 4472/4472/4472
f 4475/4475/4475 4474/4474/4474 4473/4473/4473
f 4474/4474/4474 4475/4475/4475 4476/4476/4476
f 4479/4479/4479 4478/4478/4478 4477/4477/4477
f 4478/4478/4478 4479/4479/4479 4480/4480/4480
f 4483/4483/4483 4482/4482/4482 4481/4481/4481
f 4482/4482/4482 4483/4483/4483 4484/4484/4484
f 4487/4487/4487 4486/4486/4486 4485/4485/4485
f 4486/4486/4486 4487/4487/4487 4488/4488/4488
f 4491/4491/4491 4490/4490/4490 4489/4489/4489
f 4490/4490/4490 4491/4491/4491 4492/4492/4492
f 4495/4495/4495 4494/4494/4494 4493/4493/4493
f 4494/4494/4494 4495/4495/4495 4496/4496/4496
f 4499/4499/4499 4498/4498/4498 4497/4497/4497
f 4498/4498/4498 4499/4499/4499 4500/4500/4500
f 4503/4503/4503 4502/4502/4502 4501/4501/4501
f 4502/4502/4502 4503/4503/4503 4504/4504/4504
f 4507/4507/4507 4506/4506/4506 4505/4505/4505
f 4506/4506/4506 4507/4507/4507 4508/4508/4508
f 4511/4511/4511 4510/4510/4510 4509/4509/4509
f 4510/4510/4510 4511/4511/4511 4512/4512/4512
f 4515/4515/4515 4514/4514/4514 4513/4513/4513
f 4514/4514/4514 4515/4515/4515 4516/4516/4516
f 4519/4519/4519 4518/4518/4518 4517/4517/4517
f 4518/4518/4518 4519/4519/4519 4520/4520/4520
f 4523/4523/4523 4522/4522/4522 4521/4521/4521
f 4522/4522/4522 4523/4523/4523 4524/4524/4524
o mesh_102
usemtl mat9
v 115.2 -2.037812273781196e-14 -166.4
v 115.2 -2.194567064072057e-14 -179.20000000000002
v 115.2 12.799999999999981 -166.4
v 115.2 12.79999999999998 -179.20000000000002
v 115.2 12.799999999999981 -166.4
v 115.2 12.79999999999998 -179.20000000000002
v 115.2 25.59999999999998 -166.4
v 115.2 25.59999999999998 -179.20000000000002
vt 0.9921875 0.7421875
vt 0.875 0.7421875
vt 0.9921875 0.625
vt 0.875 0.625
vt 0.9921875 0.625
vt 0.875 0.625
vt 0.9921875 0.5
vt 0.875 0.5
vn -1 0 0
vn -1 0 0
vn -1 0 0
vn -1 0 0
vn -1 0 0
vn -1 0 0
vn -1 0 0
vn -1 0 0
f 4527/4527/4527 4526/4526/4526 4525/4525/4525
f 4526/4526/4526 4527/4527/4527 4528/4528/4528
f 4531/4531/4531 4530/4530/4530 4529/4529/4529
f 4530/4530/4530 4531/4531/4531 4532/4532/4532
o mesh_103
usemtl mat8
v 115.2 204.8 -108.80000000000004
v 115.2 204.8 -64.00000000000003
v 115.2 153.60000000000002 -89.60000000000002
v 115.2 153.60000000000002 -64.00000000000001
vt 0.96875 0.96875
vt 0.96875 0.96875
vt 0.96875 0.96875
vt 0.96875 0.96875
vn -1 0 0
vn -1 0 0
vn -1 0 0
vn -1 0 0
f 4535/4535/4535 4534/4534/4534 4533/4533/4533
f 4534/4534/4534 4535/4535/4535 4536/4536/4536
o mesh_104
usemtl mat8
v 166.4 204.8 -108.80000000000004
v 166.4 153.60000000000002 -89.60000000000002
v 166.4 204.8 -64.00000000000003
v 166.4 153.60000000000002 -64.00000000000001
vt 0.96875 0.96875
vt 0.96875 0.96875
vt 0.96875 0.96875
vt 0.96875 0.96875
vn 1 0 0
vn 1 0 0
vn 1 0 0
vn 1 0 0
f 4539/4539/4539 4538/4538/4538 4537/4537/4537
f 4538/4538/4538 4539/4539/4539 4540/4540/4540
o mesh_105
usemtl mat8
v 172.8 25.6 -12.800000000000004
v 172.8 12.799999999999999 -12.800000000000002
v 172.8 25.6 12.799999999999997
v 172.8 12.800000000000002 12.799999999999999
v 172.8 115.2 -25.600000000000016
v 172.8 115.2 12.799999999999986
v 172.8 153.60000000000002 -25.60000000000002
v 172.8 153.60000000000002 12.799999999999981
v 172.8 64 12.799999999999994
v 172.8 89.60000000000001 12.79999999999999
v 172.8 64 -12.800000000000008
v 172.8 89.60000000000001 -12.800000000000011
v 172.8 64 -12.800000000000008
v 172.8 38.400000000000006 -12.800000000000006
v 172.8 64 12.799999999999994
v 172.8 38.400000000000006 12.799999999999995
v 172.8 115.2 12.799999999999986
v 172.8 115.2 -25.600000000000016
v 172.8 89.60000000000001 12.79999999999999
v 172.8 89.60000000000001 -12.800000000000011
v 172.8 25.6 12.799999999999997
v 172.8 38.400000000000006 12.799999999999995
v 172.8 25.6 -12.800000000000004
v 172.8 38.400000000000006 -12.800000000000006
vt 0.96875 0.96875
vt 0.96875 0.96875
vt 0.96875 0.96875
vt 0.96875 0.96875
vt 0.96875 0.96875
vt 0.96875 0.96875
vt 0.96875 0.96875
vt 0.96875 0.96875
vt 0.96875 0.96875
vt 0.96875 0.96875
vt 0.96875 0.96875
vt 0.96875 0.96875
vt 0.96875 0.96875
vt 0.96875 0.96875
vt 0.96875 0.96875
vt 0.96875 0.96875
vt 0.96875 0.96875
vt 0.96875 0.96875
vt 0.96875 0.96875
vt 0.96875 0.96875
vt 0.96875 0.96875
vt 0.96875 0.96875
vt 0.96875 0.96875
vt 0.96875 0.96875
vn 1 0 0
vn 1 0 0
vn 1 0 0
vn 1 0 0
vn 1 0 0
vn 1 0 0
vn 1 0 0
vn 1 0 0
vn 1 0 0
vn 1 0 0
vn 1 0 0
vn 1 0 0
vn 1 0 0
vn 1 0 0
vn 1 0 0
vn 1 0 0
vn 1 0 0
vn 1 0 0
vn 1 0 0
vn 1 0 0
vn 1 0 0
vn 1 0 0
vn 1 0 0
vn 1 0 0
f 4543/4543/4543 4542/4542/4542 4541/4541/4541
f 4542/4542/4542 4543/4543/4543 4544/4544/4544
f 4547/4547/4547 4546/4546/4546 4545/4545/4545
f 4546/4546/4546 4547/4547/4547 4548/4548/4548
f 4551/4551/4551 4550/4550/4550 4549/4549/4549
f 4550/4550/4550 4551/4551/4551 4552/4552/4552
f 4555/4555/4555 4554/4554/4554 4553/4553/4553
f 4554/4554/4554 4555/4555/4555 4556/4556/4556
f 4559/4559/4559 4558/4558/4558 4557/4557/4557
f 4558/4558/4558 4559/4559/4559 4560/4560/4560
f 4563/4563/4563 4562/4562/4562 4561/4561/4561
f 4562/4562/4562 4563/4563/4563 4564/4564/4564
o mesh_106
usemtl mat16
v 89.60000000000001 153.60000000000002 -89.60000000000002
v 89.60000000000001 204.8 -108.80000000000004
v 89.60000000000001 153.60000000000002 -115.20000000000002
v 89.60000000000001 204.8 -115.20000000000003
v 89.60000000000001 115.19999999999999 -115.20000000000002
v 89.60000000000001 89.6 -115.20000000000002
v 89.60000000000001 115.19999999999999 -89.60000000000002
v 89.60000000000001 89.6 -89.60000000000002
vt 0.9921875 0.3671875
vt 0.8125 0
vt 0.75 0.3671875
vt 0.75 0
vt 0.75 0.75
vt 0.75 0.9921875
vt 0.9921875 0.75
vt 0.9921875 0.9921875
vn 1 0 0
vn 1 0 0
vn 1 0 0
vn 1 0 0
vn 1 0 0
vn 1 0 0
vn 1 0 0
vn 1 0 0
f 4567/4567/4567 4566/4566/4566 4565/4565/4565
f 4566/4566/4566 4567/4567/4567 4568/4568/4568
f 4571/4571/4571 4570/4570/4570 4569/4569/4569
f 4570/4570/4570 4571/4571/4571 4572/4572/4572
o mesh_107
usemtl mat17
v 89.60000000000001 115.19999999999999 -89.60000000000002
v 89.60000000000001 153.60000000000002 -89.60000000000002
v 89.60000000000001 115.19999999999999 -115.20000000000002
v 89.60000000000001 153.60000000000002 -115.20000000000002
vt 0.75 0.9921875
vt 0.75 0.5
vt 0.9921875 0.9921875
vt 0.9921875 0.5
vn 1 0 0
vn 1 0 0
vn 1 0 0
vn 1 0 0
f 4575/4575/4575 4574/4574/4574 4573/4573/4573
f 4574/4574/4574 4575/4575/4575 4576/4576/4576
o mesh_108
usemtl mat3
v 192 204.8 -115.20000000000003
v 192 204.8 -108.80000000000004
v 192 153.60000000000002 -115.20000000000002
v 192 153.60000000000002 -89.60000000000002
v 192 115.19999999999999 -89.60000000000002
v 192 89.6 -89.60000000000002
v 192 115.19999999999999 -115.20000000000002
v 192 89.6 -115.20000000000002
v 192 115.19999999999999 -115.20000000000002
v 192 153.60000000000002 -115.20000000000002
v 192 115.19999999999999 -89.60000000000002
v 192 153.60000000000002 -89.60000000000002
vt 0.4921875 0
vt 0.4375 0
vt 0.4921875 0.375
vt 0.25 0.375
vt 0.25 0.75
vt 0.25 0.9921875
vt 0.4921875 0.75
vt 0.4921875 0.9921875
vt 0.4921875 0.75
vt 0.4921875 0.375
vt 0.25 0.75
vt 0.25 0.375
vn -1 0 0
vn -1 0 0
vn -1 0 0
vn -1 0 0
vn -1 0 0
vn -1 0 0
vn -1 0 0
vn -1 0 0
vn -1 0 0
vn -1 0 0
vn -1 0 0
vn -1 0 0
f 4579/4579/4579 4578/4578/4578 4577/4577/4577
f 4578/4578/4578 4579/4579/4579 4580/4580/4580
f 4583/4583/4583 4582/4582/4582 4581/4581/4581
f 4582/4582/4582 4583/4583/4583 4584/4584/4584
f 4587/4587/4587 4586/4586/4586 4585/4585/4585
f 4586/4586/4586 4587/4587/4587 4588/4588/4588
o mesh_109
usemtl mat3
v 140.8 153.60000000000002 -89.60000000000002
v 166.4 153.60000000000002 -89.60000000000002
v 140.8 204.8 -108.80000000000004
v 166.4 204.8 -108.80000000000004
v 140.8 204.8 -64.00000000000003
v 166.4 204.8 -64.00000000000003
v 140.8 153.60000000000002 -64.00000000000001
v 166.4 153.60000000000002 -64.00000000000001
v 140.8 153.60000000000002 -64.00000000000001
v 115.2 153.60000000000002 -64.00000000000001
v 140.8 204.8 -64.00000000000003
v 115.2 204.8 -64.00000000000003
vt 0.4921875 0.4921875
vt 0.2421875 0.4921875
vt 0.4921875 0
vt 0.2421875 0
vt 0 0.5
vt 0.25 0.5
vt 0 0.9921875
vt 0.25 0.9921875
vt 0.4921875 0.9921875
vt 0.25 0.9921875
vt 0.4921875 0.5
vt 0.25 0.5
vn 0 -0.3511234481204076 -0.9363291751195385
vn 0 -0.3511234481204076 -0.9363291751195385
vn 0 -0.3511234481204076 -0.9363291751195385
vn 0 -0.3511234481204076 -0.9363291751195385
vn 0 1.2246467991473532e-16 1
vn 0 1.2246467991473532e-16 1
vn 0 1.2246467991473532e-16 1
vn 0 1.2246467991473532e-16 1
vn 0 1.2246467991473532e-16 1
vn 0 1.2246467991473532e-16 1
vn 0 1.2246467991473532e-16 1
vn 0 1.2246467991473532e-16 1
f 4591/4591/4591 4590/4590/4590 4589/4589/4589
f 4590/4590/4590 4591/4591/4591 4592/4592/4592
f 4595/4595/4595 4594/4594/4594 4593/4593/4593
f 4594/4594/4594 4595/4595/4595 4596/4596/4596
f 4599/4599/4599 4598/4598/4598 4597/4597/4597
f 4598/4598/4598 4599/4599/4599 4600/4600/4600
o mesh_110
usemtl mat16
v 140.8 204.8 -108.80000000000004
v 115.2 204.8 -108.80000000000004
v 140.8 153.60000000000002 -89.60000000000002
v 115.2 153.60000000000002 -89.60000000000002
vt 0.5 0
vt 0.7421875 0
vt 0.5 0.4921875
vt 0.7421875 0.4921875
vn 0 -0.3511234481204076 -0.9363291751195385
vn 0 -0.3511234481204076 -0.9363291751195385
vn 0 -0.3511234481204076 -0.9363291751195385
vn 0 -0.3511234481204076 -0.9363291751195385
f 4603/4603/4603 4602/4602/4602 4601/4601/4601
f 4602/4602/4602 4603/4603/4603 4604/4604/4604
