mtllib MAP172.mtl
o mesh_0
usemtl mat0
v 0.1 12.8 -1.5675479029086122e-15
v 0.1 25.6 -3.1350958058172244e-15
v -12.700000000000001 12.8 -1.5675479029086122e-15
v -12.700000000000001 25.6 -3.1350958058172244e-15
v -12.700000000000001 12.8 -1.5675479029086122e-15
v -12.700000000000001 25.6 -3.1350958058172244e-15
v 0.1 12.8 -1.5675479029086122e-15
v 0.1 25.6 -3.1350958058172244e-15
v 0.1 12.8 -1.5675479029086122e-15
v 0.1 0 0
v -12.700000000000001 12.8 -1.5675479029086122e-15
v -12.700000000000001 0 0
v -12.700000000000001 12.8 -1.5675479029086122e-15
v -12.700000000000001 0 0
v 0.1 12.8 -1.5675479029086122e-15
v 0.1 0 0
vt 0.375 0.75
vt 0.375 0.5
vt 0.6171875 0.75
vt 0.6171875 0.5
vt 0.6171875 0.75
vt 0.6171875 0.5
vt 0.375 0.75
vt 0.375 0.5
vt 0.375 0.75
vt 0.375 0.9921875
vt 0.6171875 0.75
vt 0.6171875 0.9921875
vt 0.6171875 0.75
vt 0.6171875 0.9921875
vt 0.375 0.75
vt 0.375 0.9921875
vn 0 -1.2246467991473532e-16 -1
vn 0 -1.2246467991473532e-16 -1
vn 0 -1.2246467991473532e-16 -1
vn 0 -1.2246467991473532e-16 -1
vn 0 1.2246467991473532e-16 1
vn 0 1.2246467991473532e-16 1
vn 0 1.2246467991473532e-16 1
vn 0 1.2246467991473532e-16 1
vn 0 1.2246467991473532e-16 1
vn 0 1.2246467991473532e-16 1
vn 0 1.2246467991473532e-16 1
vn 0 1.2246467991473532e-16 1
vn 0 -1.2246467991473532e-16 -1
vn 0 -1.2246467991473532e-16 -1
vn 0 -1.2246467991473532e-16 -1
vn 0 -1.2246467991473532e-16 -1
f 3/3/3 2/2/2 1/1/1
f 2/2/2 3/3/3 4/4/4
f 7/7/7 6/6/6 5/5/5
f 6/6/6 7/7/7 8/8/8
f 11/11/11 10/10/10 9/9/9
f 10/10/10 11/11/11 12/12/12
f 15/15/15 14/14/14 13/13/13
f 14/14/14 15/15/15 16/16/16
o mesh_1
usemtl mat1
v 38.400000000000006 -1.1364722296087438e-14 -92.80000000000001
v 38.400000000000006 -1.2540383223268897e-14 -102.4
v 51.2 -1.2540383223268897e-14 -102.4
v 0 -1.0972835320360286e-14 -89.60000000000001
v 1.6 -1.0972835320360286e-14 -89.60000000000001
v 0 -9.405287417451674e-15 -76.80000000000001
v 75.2 -4.898587196589413e-15 -40
v 67.2 -4.898587196589413e-15 -40
v 76.80000000000001 -6.270191611634449e-15 -51.2
v 76.80000000000001 -6.270191611634449e-15 -51.2
v 76.80000000000001 -4.898587196589413e-15 -40
v 75.2 -4.898587196589413e-15 -40
v 64 -9.405287417451674e-15 -76.80000000000001
v 64 -1.0972835320360286e-14 -89.60000000000001
v 75.2 -1.0972835320360286e-14 -89.60000000000001
v 76.80000000000001 -1.567547902908612e-14 -128
v 64 -1.567547902908612e-14 -128
v 64 -1.5969394260881488e-14 -130.4
v 40.800000000000004 -1.567547902908612e-14 -128
v 51.2 -1.567547902908612e-14 -128
v 51.2 -1.410793112617751e-14 -115.2
v 40.800000000000004 -1.694911170019937e-14 -138.4
v 51.2 -1.694911170019937e-14 -138.4
v 51.2 -1.5969394260881488e-14 -130.4
v 51.2 -1.5969394260881488e-14 -130.4
v 40.800000000000004 -1.5969394260881488e-14 -130.4
v 40.800000000000004 -1.694911170019937e-14 -138.4
v 75.2 -1.7047083444131156e-14 -139.20000000000002
v 76.80000000000001 -1.7047083444131156e-14 -139.20000000000002
v 76.80000000000001 -1.567547902908612e-14 -128
v 76.80000000000001 -1.567547902908612e-14 -128
v 64 -1.694911170019937e-14 -138.4
v 75.2 -1.7047083444131156e-14 -139.20000000000002
v 64 -1.5969394260881488e-14 -130.4
v 64 -1.694911170019937e-14 -138.4
v 76.80000000000001 -1.567547902908612e-14 -128
v 61.6 -1.5969394260881488e-14 -130.4
v 51.2 -1.5969394260881488e-14 -130.4
v 51.2 -1.694911170019937e-14 -138.4
v 51.2 -1.694911170019937e-14 -138.4
v 61.6 -1.694911170019937e-14 -138.4
v 61.6 -1.5969394260881488e-14 -130.4
v 51.2 -1.410793112617751e-14 -115.2
v 51.2 -1.567547902908612e-14 -128
v 61.6 -1.567547902908612e-14 -128
v 61.6 -1.567547902908612e-14 -128
v 64 -1.567547902908612e-14 -128
v 51.2 -1.410793112617751e-14 -115.2
v 64 -1.410793112617751e-14 -115.2
v 64 -1.567547902908612e-14 -128
v 76.80000000000001 -1.567547902908612e-14 -128
v 64 -1.410793112617751e-14 -115.2
v 76.80000000000001 -1.410793112617751e-14 -115.2
v 38.400000000000006 -1.410793112617751e-14 -115.2
v 51.2 -1.410793112617751e-14 -115.2
v 38.400000000000006 -1.2540383223268897e-14 -102.4
v 51.2 -1.2540383223268897e-14 -102.4
v 64 -1.410793112617751e-14 -115.2
v 76.80000000000001 -1.410793112617751e-14 -115.2
v 64 -1.2540383223268897e-14 -102.4
v 76.80000000000001 -1.2540383223268897e-14 -102.4
v 51.2 -1.410793112617751e-14 -115.2
v 64 -1.410793112617751e-14 -115.2
v 51.2 -1.2540383223268897e-14 -102.4
v 64 -1.2540383223268897e-14 -102.4
v 51.2 -1.2540383223268897e-14 -102.4
v 64 -1.2540383223268897e-14 -102.4
v 51.2 -1.0972835320360286e-14 -89.60000000000001
v 64 -1.0972835320360286e-14 -89.60000000000001
v 1.6 -1.0972835320360286e-14 -89.60000000000001
v 12.8 -1.0972835320360286e-14 -89.60000000000001
v 0 -9.405287417451674e-15 -76.80000000000001
v 12.8 -9.405287417451674e-15 -76.80000000000001
v 75.2 -1.0972835320360286e-14 -89.60000000000001
v 76.80000000000001 -1.0972835320360286e-14 -89.60000000000001
v 64 -9.405287417451674e-15 -76.80000000000001
v 76.80000000000001 -9.405287417451674e-15 -76.80000000000001
v 51.2 -1.0972835320360286e-14 -89.60000000000001
v 64 -1.0972835320360286e-14 -89.60000000000001
v 51.2 -9.405287417451674e-15 -76.80000000000001
v 64 -9.405287417451674e-15 -76.80000000000001
v 0 -9.405287417451674e-15 -76.80000000000001
v 12.8 -9.405287417451674e-15 -76.80000000000001
v 0 -7.83773951454306e-15 -64
v 12.8 -7.83773951454306e-15 -64
v 64 -9.405287417451674e-15 -76.80000000000001
v 76.80000000000001 -9.405287417451674e-15 -76.80000000000001
v 64 -7.83773951454306e-15 -64
v 76.80000000000001 -7.83773951454306e-15 -64
v 51.2 -9.405287417451674e-15 -76.80000000000001
v 64 -9.405287417451674e-15 -76.80000000000001
v 51.2 -7.83773951454306e-15 -64
v 64 -7.83773951454306e-15 -64
v 25.6 0 0
v 12.8 0 0
v 25.6 -2.3513218543629185e-15 -19.200000000000003
v 12.8 -2.3513218543629185e-15 -19.200000000000003
v 0 -6.270191611634449e-15 -51.2
v 0 -7.83773951454306e-15 -64
v 12.8 -6.270191611634449e-15 -51.2
v 12.8 -7.83773951454306e-15 -64
v 38.400000000000006 0 0
v 25.6 0 0
v 38.400000000000006 -2.3513218543629185e-15 -19.200000000000003
v 25.6 -2.3513218543629185e-15 -19.200000000000003
v 51.2 0 0
v 38.400000000000006 0 0
v 51.2 -2.3513218543629185e-15 -19.200000000000003
v 38.400000000000006 -2.3513218543629185e-15 -19.200000000000003
v 76.80000000000001 0 0
v 64 0 0
v 76.80000000000001 -2.3513218543629185e-15 -19.200000000000003
v 64 -2.3513218543629185e-15 -19.200000000000003
v 64 -6.270191611634449e-15 -51.2
v 64 -7.83773951454306e-15 -64
v 76.80000000000001 -6.270191611634449e-15 -51.2
v 76.80000000000001 -7.83773951454306e-15 -64
v 64 0 0
v 51.2 0 0
v 64 -2.3513218543629185e-15 -19.200000000000003
v 51.2 -2.3513218543629185e-15 -19.200000000000003
v 51.2 -6.270191611634449e-15 -51.2
v 51.2 -7.83773951454306e-15 -64
v 64 -6.270191611634449e-15 -51.2
v 64 -7.83773951454306e-15 -64
v 64 -1.694911170019937e-14 -138.4
v 64 -1.7243026931994733e-14 -140.8
v 75.2 -1.7047083444131156e-14 -139.20000000000002
v 75.2 -1.7243026931994733e-14 -140.8
v 51.2 -4.898587196589413e-15 -40
v 51.2 -6.270191611634449e-15 -51.2
v 64 -4.898587196589413e-15 -40
v 64 -6.270191611634449e-15 -51.2
v 75.2 -1.1364722296087438e-14 -92.80000000000001
v 75.2 -1.0972835320360286e-14 -89.60000000000001
v 64 -1.2540383223268897e-14 -102.4
v 64 -1.0972835320360286e-14 -89.60000000000001
v 64 -1.2540383223268897e-14 -102.4
v 76.80000000000001 -1.2540383223268897e-14 -102.4
v 75.2 -1.1364722296087438e-14 -92.80000000000001
v 76.80000000000001 -1.1364722296087438e-14 -92.80000000000001
v 76.80000000000001 -3.91886975727153e-15 -32
v 76.80000000000001 -2.3513218543629185e-15 -19.200000000000003
v 64 -3.91886975727153e-15 -32
v 64 -2.3513218543629185e-15 -19.200000000000003
v 64 -3.91886975727153e-15 -32
v 64 -2.3513218543629185e-15 -19.200000000000003
v 51.2 -3.91886975727153e-15 -32
v 51.2 -2.3513218543629185e-15 -19.200000000000003
v 51.2 -3.91886975727153e-15 -32
v 51.2 -2.3513218543629185e-15 -19.200000000000003
v 38.400000000000006 -3.91886975727153e-15 -32
v 38.400000000000006 -2.3513218543629185e-15 -19.200000000000003
v 38.400000000000006 -3.91886975727153e-15 -32
v 38.400000000000006 -2.3513218543629185e-15 -19.200000000000003
v 25.6 -3.91886975727153e-15 -32
v 25.6 -2.3513218543629185e-15 -19.200000000000003
v 25.6 -3.91886975727153e-15 -32
v 25.6 -2.3513218543629185e-15 -19.200000000000003
v 12.8 -3.91886975727153e-15 -32
v 12.8 -2.3513218543629185e-15 -19.200000000000003
v 64 -4.898587196589413e-15 -40
v 64 -4.702643708725837e-15 -38.400000000000006
v 51.2 -4.898587196589413e-15 -40
v 51.2 -4.702643708725837e-15 -38.400000000000006
v 12.8 -6.270191611634449e-15 -51.2
v 12.8 -4.702643708725837e-15 -38.400000000000006
v 0 -6.270191611634449e-15 -51.2
v 0 -4.702643708725837e-15 -38.400000000000006
v 64 -4.702643708725837e-15 -38.400000000000006
v 64 -3.91886975727153e-15 -32
v 51.2 -4.702643708725837e-15 -38.400000000000006
v 51.2 -3.91886975727153e-15 -32
v 75.2 -4.898587196589413e-15 -40
v 75.2 -4.702643708725837e-15 -38.400000000000006
v 67.2 -4.898587196589413e-15 -40
v 67.2 -4.702643708725837e-15 -38.400000000000006
v 64 -4.898587196589413e-15 -40
v 64 -6.270191611634449e-15 -51.2
v 67.2 -4.898587196589413e-15 -40
v 76.80000000000001 -6.270191611634449e-15 -51.2
v 51.2 -1.2540383223268897e-14 -102.4
v 51.2 -1.0972835320360286e-14 -89.60000000000001
v 38.400000000000006 -1.1364722296087438e-14 -92.80000000000001
v 38.400000000000006 -1.0972835320360286e-14 -89.60000000000001
v 51.2 -1.410793112617751e-14 -115.2
v 38.400000000000006 -1.410793112617751e-14 -115.2
v 40.800000000000004 -1.567547902908612e-14 -128
v 38.400000000000006 -1.567547902908612e-14 -128
v 40.800000000000004 -1.5969394260881488e-14 -130.4
v 38.400000000000006 -1.5969394260881488e-14 -130.4
v 40.800000000000004 -1.694911170019937e-14 -138.4
v 38.400000000000006 -1.694911170019937e-14 -138.4
v 40.800000000000004 -1.567547902908612e-14 -128
v 40.800000000000004 -1.5969394260881488e-14 -130.4
v 51.2 -1.567547902908612e-14 -128
v 51.2 -1.5969394260881488e-14 -130.4
v 51.2 -1.567547902908612e-14 -128
v 51.2 -1.5969394260881488e-14 -130.4
v 61.6 -1.567547902908612e-14 -128
v 61.6 -1.5969394260881488e-14 -130.4
v 61.6 -1.694911170019937e-14 -138.4
v 64 -1.694911170019937e-14 -138.4
v 61.6 -1.5969394260881488e-14 -130.4
v 64 -1.5969394260881488e-14 -130.4
vt 0.25 0.9296875
vt 0.25 0.7421875
vt 0.4921875 0.7421875
vt 0 0.5
vt 0.03125 0.5
vt 0 0.7421875
vt 0.4609375 0.9609375
vt 0.3046875 0.9609375
vt 0.4921875 0.7421875
vt 0.4921875 0.7421875
vt 0.4921875 0.9609375
vt 0.4609375 0.9609375
vt 0.2421875 0.7421875
vt 0.2421875 0.5
vt 0.4609375 0.5
vt 0.4921875 0.7421875
vt 0.2421875 0.7421875
vt 0.2421875 0.6953125
vt 0.2890625 0.7421875
vt 0.4921875 0.7421875
vt 0.4921875 0.9921875
vt 0.2890625 0.546875
vt 0.4921875 0.546875
vt 0.4921875 0.6953125
vt 0.4921875 0.6953125
vt 0.2890625 0.6953125
vt 0.2890625 0.546875
vt 0.4609375 0.53125
vt 0.4921875 0.53125
vt 0.4921875 0.7421875
vt 0.4921875 0.7421875
vt 0.2421875 0.5390625
vt 0.4609375 0.53125
vt 0.2421875 0.6953125
vt 0.2421875 0.5390625
vt 0.4921875 0.7421875
vt 0.203125 0.6953125
vt 0 0.6953125
vt 0 0.5390625
vt 0 0.5390625
vt 0.203125 0.5390625
vt 0.203125 0.6953125
vt 0 0.9921875
vt 0 0.7421875
vt 0.203125 0.7421875
vt 0.203125 0.7421875
vt 0.2421875 0.7421875
vt 0 0.9921875
vt 0.2421875 0.9921875
vt 0.2421875 0.7421875
vt 0.4921875 0.7421875
vt 0.2421875 0.9921875
vt 0.4921875 0.9921875
vt 0.25 0.5
vt 0.4921875 0.5
vt 0.25 0.7421875
vt 0.4921875 0.7421875
vt 0.2421875 0.5
vt 0.4921875 0.5
vt 0.2421875 0.75
vt 0.4921875 0.75
vt 0 0.5
vt 0.2421875 0.5
vt 0 0.75
vt 0.2421875 0.75
vt 0 0.75
vt 0.2421875 0.75
vt 0 0.9921875
vt 0.2421875 0.9921875
vt 0.03125 0.5
vt 0.2421875 0.5
vt 0 0.7421875
vt 0.2421875 0.7421875
vt 0.4609375 0.5
vt 0.4921875 0.5
vt 0.2421875 0.7421875
vt 0.4921875 0.7421875
vt 0 0.5
vt 0.2421875 0.5
vt 0 0.7421875
vt 0.2421875 0.7421875
vt 0 0.7421875
vt 0.2421875 0.7421875
vt 0 0.9921875
vt 0.2421875 0.9921875
vt 0.2421875 0.7421875
vt 0.4921875 0.7421875
vt 0.2421875 0.9921875
vt 0.4921875 0.9921875
vt 0 0.7421875
vt 0.2421875 0.7421875
vt 0 0.9921875
vt 0.2421875 0.9921875
vt 0.4921875 0.9921875
vt 0.25 0.9921875
vt 0.4921875 0.6953125
vt 0.25 0.6953125
vt 0 0.7421875
vt 0 0.5
vt 0.2421875 0.7421875
vt 0.2421875 0.5
vt 0.2421875 0.9921875
vt 0 0.9921875
vt 0.2421875 0.6953125
vt 0 0.6953125
vt 0.4921875 0.9921875
vt 0.2421875 0.9921875
vt 0.4921875 0.6953125
vt 0.2421875 0.6953125
vt 0.4921875 0.9921875
vt 0.2421875 0.9921875
vt 0.4921875 0.6953125
vt 0.2421875 0.6953125
vt 0.2421875 0.7421875
vt 0.2421875 0.5
vt 0.4921875 0.7421875
vt 0.4921875 0.5
vt 0.2421875 0.9921875
vt 0 0.9921875
vt 0.2421875 0.6953125
vt 0 0.6953125
vt 0 0.7421875
vt 0 0.5
vt 0.2421875 0.7421875
vt 0.2421875 0.5
vt 0.2421875 0.5390625
vt 0.2421875 0.5
vt 0.4609375 0.53125
vt 0.4609375 0.5
vt 0 0.9609375
vt 0 0.7421875
vt 0.2421875 0.9609375
vt 0.2421875 0.7421875
vt 0.4609375 0.9296875
vt 0.4609375 0.9921875
vt 0.2421875 0.75
vt 0.2421875 0.9921875
vt 0.2421875 0.75
vt 0.4921875 0.75
vt 0.4609375 0.9296875
vt 0.4921875 0.9296875
vt 0.4921875 0.5
vt 0.4921875 0.6953125
vt 0.2421875 0.5
vt 0.2421875 0.6953125
vt 0.2421875 0.5
vt 0.2421875 0.6953125
vt 0 0.5
vt 0 0.6953125
vt 0.4921875 0.5
vt 0.4921875 0.6953125
vt 0.2421875 0.5
vt 0.2421875 0.6953125
vt 0.2421875 0.5
vt 0.2421875 0.6953125
vt 0 0.5
vt 0 0.6953125
vt 0.4921875 0.5
vt 0.4921875 0.6953125
vt 0.25 0.5
vt 0.25 0.6953125
vt 0.2421875 0.9609375
vt 0.2421875 0.9921875
vt 0 0.9609375
vt 0 0.9921875
vt 0.2421875 0.7421875
vt 0.2421875 0.9921875
vt 0 0.7421875
vt 0 0.9921875
vt 0.2421875 0.5
vt 0.2421875 0.6171875
vt 0 0.5
vt 0 0.6171875
vt 0.4609375 0.9609375
vt 0.4609375 0.9921875
vt 0.3046875 0.9609375
vt 0.3046875 0.9921875
vt 0.2421875 0.9609375
vt 0.2421875 0.7421875
vt 0.3046875 0.9609375
vt 0.4921875 0.7421875
vt 0.4921875 0.7421875
vt 0.4921875 0.9921875
vt 0.25 0.9296875
vt 0.25 0.9921875
vt 0.4921875 0.9921875
vt 0.25 0.9921875
vt 0.2890625 0.7421875
vt 0.25 0.7421875
vt 0.2890625 0.6953125
vt 0.25 0.6953125
vt 0.2890625 0.546875
vt 0.25 0.546875
vt 0.2890625 0.7421875
vt 0.2890625 0.6953125
vt 0.4921875 0.7421875
vt 0.4921875 0.6953125
vt 0 0.7421875
vt 0 0.6953125
vt 0.203125 0.7421875
vt 0.203125 0.6953125
vt 0.203125 0.5390625
vt 0.2421875 0.5390625
vt 0.203125 0.6953125
vt 0.2421875 0.6953125
vn 0 1 -1.2246467991473532e-16
vn 0 1 -1.2246467991473532e-16
vn 0 1 -1.2246467991473532e-16
vn 0 1 -1.2246467991473532e-16
vn 0 1 -1.2246467991473532e-16
vn 0 1 -1.2246467991473532e-16
vn 0 1 -1.2246467991473532e-16
vn 0 1 -1.2246467991473532e-16
vn 0 1 -1.2246467991473532e-16
vn 0 1 -1.2246467991473532e-16
vn 0 1 -1.2246467991473532e-16
vn 0 1 -1.2246467991473532e-16
vn 0 1 -1.2246467991473532e-16
vn 0 1 -1.2246467991473532e-16
vn 0 1 -1.2246467991473532e-16
vn 0 1 -1.2246467991473532e-16
vn 0 1 -1.2246467991473532e-16
vn 0 1 -1.2246467991473532e-16
vn 0 1 -1.2246467991473532e-16
vn 0 1 -1.2246467991473532e-16
vn 0 1 -1.2246467991473532e-16
vn 0 1 -1.2246467991473532e-16
vn 0 1 -1.2246467991473532e-16
vn 0 1 -1.2246467991473532e-16
vn 0 1 -1.2246467991473532e-16
vn 0 1 -1.2246467991473532e-16
vn 0 1 -1.2246467991473532e-16
vn 0 1 -1.2246467991473532e-16
vn 0 1 -1.2246467991473532e-16
vn 0 1 -1.2246467991473532e-16
vn 0 1 -1.2246467991473532e-16
vn 0 1 -1.2246467991473532e-16
vn 0 1 -1.2246467991473532e-16
vn 0 1 -1.2246467991473532e-16
vn 0 1 -1.2246467991473532e-16
vn 0 1 -1.2246467991473532e-16
vn 0 1 -1.2246467991473532e-16
vn 0 1 -1.2246467991473532e-16
vn 0 1 -1.2246467991473532e-16
vn 0 1 -1.2246467991473532e-16
vn 0 1 -1.2246467991473532e-16
vn 0 1 -1.2246467991473532e-16
vn 0 1 -1.2246467991473532e-16
vn 0 1 -1.2246467991473532e-16
vn 0 1 -1.2246467991473532e-16
vn 0 1 -1.2246467991473532e-16
vn 0 1 -1.2246467991473532e-16
vn 0 1 -1.2246467991473532e-16
vn 0 1 -1.2246467991473532e-16
vn 0 1 -1.2246467991473532e-16
vn 0 1 -1.2246467991473532e-16
vn 0 1 -1.2246467991473532e-16
vn 0 1 -1.2246467991473532e-16
vn 0 1 -1.2246467991473532e-16
vn 0 1 -1.2246467991473532e-16
vn 0 1 -1.2246467991473532e-16
vn 0 1 -1.2246467991473532e-16
vn 0 1 -1.2246467991473532e-16
vn 0 1 -1.2246467991473532e-16
vn 0 1 -1.2246467991473532e-16
vn 0 1 -1.2246467991473532e-16
vn 0 1 -1.2246467991473532e-16
vn 0 1 -1.2246467991473532e-16
vn 0 1 -1.2246467991473532e-16
vn 0 1 -1.2246467991473532e-16
vn 0 1 -1.2246467991473532e-16
vn 0 1 -1.2246467991473532e-16
vn 0 1 -1.2246467991473532e-16
vn 0 1 -1.2246467991473532e-16
vn 0 1 -1.2246467991473532e-16
vn 0 1 -1.2246467991473532e-16
vn 0 1 -1.2246467991473532e-16
vn 0 1 -1.2246467991473532e-16
vn 0 1 -1.2246467991473532e-16
vn 0 1 -1.2246467991473532e-16
vn 0 1 -1.2246467991473532e-16
vn 0 1 -1.2246467991473532e-16
vn 0 1 -1.2246467991473532e-16
vn 0 1 -1.2246467991473532e-16
vn 0 1 -1.2246467991473532e-16
vn 0 1 -1.2246467991473532e-16
vn 0 1 -1.2246467991473532e-16
vn 0 1 -1.2246467991473532e-16
vn 0 1 -1.2246467991473532e-16
vn 0 1 -1.2246467991473532e-16
vn 0 1 -1.2246467991473532e-16
vn 0 1 -1.2246467991473532e-16
vn 0 1 -1.2246467991473532e-16
vn 0 1 -1.2246467991473532e-16
vn 0 1 -1.2246467991473532e-16
vn 0 1 -1.2246467991473532e-16
vn 0 1 -1.2246467991473532e-16
vn 0 1 -1.2246467991473532e-16
vn 0 1 -1.2246467991473532e-16
vn 0 1 -1.2246467991473532e-16
vn 0 1 -1.2246467991473532e-16
vn 0 1 -1.2246467991473532e-16
vn 0 1 -1.2246467991473532e-16
vn 0 1 -1.2246467991473532e-16
vn 0 1 -1.2246467991473532e-16
vn 0 1 -1.2246467991473532e-16
vn 0 1 -1.2246467991473532e-16
vn 0 1 -1.2246467991473532e-16
vn 0 1 -1.2246467991473532e-16
vn 0 1 -1.2246467991473532e-16
vn 0 1 -1.2246467991473532e-16
vn 0 1 -1.2246467991473532e-16
vn 0 1 -1.2246467991473532e-16
vn 0 1 -1.2246467991473532e-16
vn 0 1 -1.2246467991473532e-16
vn 0 1 -1.2246467991473532e-16
vn 0 1 -1.2246467991473532e-16
vn 0 1 -1.2246467991473532e-16
vn 0 1 -1.2246467991473532e-16
vn 0 1 -1.2246467991473532e-16
vn 0 1 -1.2246467991473532e-16
vn 0 1 -1.2246467991473532e-16
vn 0 1 -1.2246467991473532e-16
vn 0 1 -1.2246467991473532e-16
vn 0 1 -1.2246467991473532e-16
vn 0 1 -1.2246467991473532e-16
vn 0 1 -1.2246467991473532e-16
vn 0 1 -1.2246467991473532e-16
vn 0 1 -1.2246467991473532e-16
vn 0 1 -1.2246467991473532e-16
vn 0 1 -1.2246467991473532e-16
vn 0 1 -1.2246467991473532e-16
vn 0 1 -1.2246467991473532e-16
vn 0 1 -1.2246467991473532e-16
vn 0 1 -1.2246467991473532e-16
vn 0 1 -1.2246467991473532e-16
vn 0 1 -1.2246467991473532e-16
vn 0 1 -1.2246467991473532e-16
vn 0 1 -1.2246467991473532e-16
vn 0 1 -1.2246467991473532e-16
vn 0 1 -1.2246467991473532e-16
vn 0 1 -1.2246467991473532e-16
vn 0 1 -1.2246467991473532e-16
vn 0 1 -1.2246467991473532e-16
vn 0 1 -1.2246467991473532e-16
vn 0 1 -1.2246467991473532e-16
vn 0 1 -1.2246467991473532e-16
vn 0 1 -1.2246467991473532e-16
vn 0 1 -1.2246467991473532e-16
vn 0 1 -1.2246467991473532e-16
vn 0 1 -1.2246467991473532e-16
vn 0 1 -1.2246467991473532e-16
vn 0 1 -1.2246467991473532e-16
vn 0 1 -1.2246467991473532e-16
vn 0 1 -1.2246467991473532e-16
vn 0 1 -1.2246467991473532e-16
vn 0 1 -1.2246467991473532e-16
vn 0 1 -1.2246467991473532e-16
vn 0 1 -1.2246467991473532e-16
vn 0 1 -1.2246467991473532e-16
vn 0 1 -1.2246467991473532e-16
vn 0 1 -1.2246467991473532e-16
vn 0 1 -1.2246467991473532e-16
vn 0 1 -1.2246467991473532e-16
vn 0 1 -1.2246467991473532e-16
vn 0 1 -1.2246467991473532e-16
vn 0 1 -1.2246467991473532e-16
vn 0 1 -1.2246467991473532e-16
vn 0 1 -1.2246467991473532e-16
vn 0 1 -1.2246467991473532e-16
vn 0 1 -1.2246467991473532e-16
vn 0 1 -1.2246467991473532e-16
vn 0 1 -1.2246467991473532e-16
vn 0 1 -1.2246467991473532e-16
vn 0 1 -1.2246467991473532e-16
vn 0 1 -1.2246467991473532e-16
vn 0 1 -1.2246467991473532e-16
vn 0 1 -1.2246467991473532e-16
vn 0 1 -1.2246467991473532e-16
vn 0 1 -1.2246467991473532e-16
vn 0 1 -1.2246467991473532e-16
vn 0 1 -1.2246467991473532e-16
vn 0 1 -1.2246467991473532e-16
vn 0 1 -1.2246467991473532e-16
vn 0 1 -1.2246467991473532e-16
vn 0 1 -1.2246467991473532e-16
vn 0 1 -1.2246467991473532e-16
vn 0 1 -1.2246467991473532e-16
vn 0 1 -1.2246467991473532e-16
vn 0 1 -1.2246467991473532e-16
vn 0 1 -1.2246467991473532e-16
vn 0 1 -1.2246467991473532e-16
vn 0 1 -1.2246467991473532e-16
vn 0 1 -1.2246467991473532e-16
vn 0 1 -1.2246467991473532e-16
vn 0 1 -1.2246467991473532e-16
vn 0 1 -1.2246467991473532e-16
vn 0 1 -1.2246467991473532e-16
vn 0 1 -1.2246467991473532e-16
vn 0 1 -1.2246467991473532e-16
vn 0 1 -1.2246467991473532e-16
vn 0 1 -1.2246467991473532e-16
vn 0 1 -1.2246467991473532e-16
vn 0 1 -1.2246467991473532e-16
vn 0 1 -1.2246467991473532e-16
vn 0 1 -1.2246467991473532e-16
vn 0 1 -1.2246467991473532e-16
vn 0 1 -1.2246467991473532e-16
vn 0 1 -1.2246467991473532e-16
vn 0 1 -1.2246467991473532e-16
f 19/19/19 18/18/18 17/17/17
f 22/22/22 21/21/21 20/20/20
f 25/25/25 24/24/24 23/23/23
f 28/28/28 27/27/27 26/26/26
f 31/31/31 30/30/30 29/29/29
f 34/34/34 33/33/33 32/32/32
f 37/37/37 36/36/36 35/35/35
f 40/40/40 39/39/39 38/38/38
f 43/43/43 42/42/42 41/41/41
f 46/46/46 45/45/45 44/44/44
f 49/49/49 48/48/48 47/47/47
f 52/52/52 51/51/51 50/50/50
f 55/55/55 54/54/54 53/53/53
f 58/58/58 57/57/57 56/56/56
f 61/61/61 60/60/60 59/59/59
f 64/64/64 63/63/63 62/62/62
f 63/63/63 64/64/64 65/65/65
f 68/68/68 67/67/67 66/66/66
f 67/67/67 68/68/68 69/69/69
f 72/72/72 71/71/71 70/70/70
f 71/71/71 72/72/72 73/73/73
f 76/76/76 75/75/75 74/74/74
f 75/75/75 76/76/76 77/77/77
f 80/80/80 79/79/79 78/78/78
f 79/79/79 80/80/80 81/81/81
f 84/84/84 83/83/83 82/82/82
f 83/83/83 84/84/84 85/85/85
f 88/88/88 87/87/87 86/86/86
f 87/87/87 88/88/88 89/89/89
f 92/92/92 91/91/91 90/90/90
f 91/91/91 92/92/92 93/93/93
f 96/96/96 95/95/95 94/94/94
f 95/95/95 96/96/96 97/97/97
f 100/100/100 99/99/99 98/98/98
f 99/99/99 100/100/100 101/101/101
f 104/104/104 103/103/103 102/102/102
f 103/103/103 104/104/104 105/105/105
f 108/108/108 107/107/107 106/106/106
f 107/107/107 108/108/108 109/109/109
f 112/112/112 111/111/111 110/110/110
f 111/111/111 112/112/112 113/113/113
f 116/116/116 115/115/115 114/114/114
f 115/115/115 116/116/116 117/117/117
f 120/120/120 119/119/119 118/118/118
f 119/119/119 120/120/120 121/121/121
f 124/124/124 123/123/123 122/122/122
f 123/123/123 124/124/124 125/125/125
f 128/128/128 127/127/127 126/126/126
f 127/127/127 128/128/128 129/129/129
f 132/132/132 131/131/131 130/130/130
f 131/131/131 132/132/132 133/133/133
f 136/136/136 135/135/135 134/134/134
f 135/135/135 136/136/136 137/137/137
f 140/140/140 139/139/139 138/138/138
f 139/139/139 140/140/140 141/141/141
f 144/144/144 143/143/143 142/142/142
f 143/143/143 144/144/144 145/145/145
f 148/148/148 147/147/147 146/146/146
f 147/147/147 148/148/148 149/149/149
f 152/152/152 151/151/151 150/150/150
f 151/151/151 152/152/152 153/153/153
f 156/156/156 155/155/155 154/154/154
f 155/155/155 156/156/156 157/157/157
f 160/160/160 159/159/159 158/158/158
f 159/159/159 160/160/160 161/161/161
f 164/164/164 163/163/163 162/162/162
f 163/163/163 164/164/164 165/165/165
f 168/168/168 167/167/167 166/166/166
f 167/167/167 168/168/168 169/169/169
f 172/172/172 171/171/171 170/170/170
f 171/171/171 172/172/172 173/173/173
f 176/176/176 175/175/175 174/174/174
f 175/175/175 176/176/176 177/177/177
f 180/180/180 179/179/179 178/178/178
f 179/179/179 180/180/180 181/181/181
f 184/184/184 183/183/183 182/182/182
f 183/183/183 184/184/184 185/185/185
f 188/188/188 187/187/187 186/186/186
f 187/187/187 188/188/188 189/189/189
f 192/192/192 191/191/191 190/190/190
f 191/191/191 192/192/192 193/193/193
f 196/196/196 195/195/195 194/194/194
f 195/195/195 196/196/196 197/197/197
f 200/200/200 199/199/199 198/198/198
f 199/199/199 200/200/200 201/201/201
f 204/204/204 203/203/203 202/202/202
f 203/203/203 204/204/204 205/205/205
f 208/208/208 207/207/207 206/206/206
f 207/207/207 208/208/208 209/209/209
f 212/212/212 211/211/211 210/210/210
f 211/211/211 212/212/212 213/213/213
f 216/216/216 215/215/215 214/214/214
f 215/215/215 216/216/216 217/217/217
f 220/220/220 219/219/219 218/218/218
f 219/219/219 220/220/220 221/221/221
o mesh_2
usemtl mat2
v 48 -4.898587196589413e-15 -40
v 38.400000000000006 -4.702643708725837e-15 -38.400000000000006
v 38.400000000000006 -6.270191611634449e-15 -51.2
v 48 -4.898587196589413e-15 -40
v 48 -4.702643708725837e-15 -38.400000000000006
v 38.400000000000006 -4.702643708725837e-15 -38.400000000000006
v 25.6 -9.405287417451674e-15 -76.80000000000001
v 25.6 -1.0972835320360286e-14 -89.60000000000001
v 35.2 -1.0972835320360286e-14 -89.60000000000001
v 35.2 -1.0972835320360286e-14 -89.60000000000001
v 38.400000000000006 -1.0972835320360286e-14 -89.60000000000001
v 25.6 -9.405287417451674e-15 -76.80000000000001
v 38.400000000000006 -9.405287417451674e-15 -76.80000000000001
v 38.400000000000006 -1.0972835320360286e-14 -89.60000000000001
v 51.2 -1.0972835320360286e-14 -89.60000000000001
v 38.400000000000006 -9.405287417451674e-15 -76.80000000000001
v 51.2 -9.405287417451674e-15 -76.80000000000001
v 25.6 -9.405287417451674e-15 -76.80000000000001
v 38.400000000000006 -9.405287417451674e-15 -76.80000000000001
v 25.6 -7.83773951454306e-15 -64
v 38.400000000000006 -7.83773951454306e-15 -64
v 38.400000000000006 -9.405287417451674e-15 -76.80000000000001
v 51.2 -9.405287417451674e-15 -76.80000000000001
v 38.400000000000006 -7.83773951454306e-15 -64
v 51.2 -7.83773951454306e-15 -64
v 12.8 -6.270191611634449e-15 -51.2
v 12.8 -7.83773951454306e-15 -64
v 25.6 -6.270191611634449e-15 -51.2
v 25.6 -7.83773951454306e-15 -64
v 25.6 -6.270191611634449e-15 -51.2
v 25.6 -7.83773951454306e-15 -64
v 38.400000000000006 -6.270191611634449e-15 -51.2
v 38.400000000000006 -7.83773951454306e-15 -64
v 38.400000000000006 -6.270191611634449e-15 -51.2
v 38.400000000000006 -7.83773951454306e-15 -64
v 51.2 -6.270191611634449e-15 -51.2
v 51.2 -7.83773951454306e-15 -64
v 25.6 -9.405287417451674e-15 -76.80000000000001
v 12.8 -9.405287417451674e-15 -76.80000000000001
v 25.6 -1.0972835320360286e-14 -89.60000000000001
v 12.8 -1.0972835320360286e-14 -89.60000000000001
v 25.6 -7.83773951454306e-15 -64
v 12.8 -7.83773951454306e-15 -64
v 25.6 -9.405287417451674e-15 -76.80000000000001
v 12.8 -9.405287417451674e-15 -76.80000000000001
v 38.400000000000006 -6.270191611634449e-15 -51.2
v 51.2 -6.270191611634449e-15 -51.2
v 48 -4.898587196589413e-15 -40
v 51.2 -4.898587196589413e-15 -40
v 38.400000000000006 -6.270191611634449e-15 -51.2
v 38.400000000000006 -4.702643708725837e-15 -38.400000000000006
v 25.6 -6.270191611634449e-15 -51.2
v 25.6 -4.702643708725837e-15 -38.400000000000006
v 25.6 -6.270191611634449e-15 -51.2
v 25.6 -4.702643708725837e-15 -38.400000000000006
v 12.8 -6.270191611634449e-15 -51.2
v 12.8 -4.702643708725837e-15 -38.400000000000006
vt 0.4296875 0.03125
vt 0.2421875 0
vt 0.2421875 0.25
vt 0.4296875 0.4609375
vt 0.4296875 0.4921875
vt 0.2421875 0.4921875
vt 0 0.25
vt 0 0
vt 0.1796875 0
vt 0.1796875 0
vt 0.25 0
vt 0 0.25
vt 0.25 0.25
vt 0.25 0
vt 0.4921875 0
vt 0.25 0.25
vt 0.4921875 0.25
vt 0 0.25
vt 0.25 0.25
vt 0 0.4921875
vt 0.25 0.4921875
vt 0.25 0.25
vt 0.4921875 0.25
vt 0.25 0.4921875
vt 0.4921875 0.4921875
vt 0.4921875 0.25
vt 0.4921875 0.4921875
vt 0.25 0.25
vt 0.25 0.4921875
vt 0 0.25
vt 0 0.4921875
vt 0.2421875 0.25
vt 0.2421875 0.4921875
vt 0.2421875 0.25
vt 0.2421875 0.4921875
vt 0.4921875 0.25
vt 0.4921875 0.4921875
vt 0.25 0.2421875
vt 0.4921875 0.2421875
vt 0.25 0
vt 0.4921875 0
vt 0.25 0.4921875
vt 0.4921875 0.4921875
vt 0.25 0.2421875
vt 0.4921875 0.2421875
vt 0.2421875 0.25
vt 0.4921875 0.25
vt 0.4296875 0.03125
vt 0.4921875 0.03125
vt 0.2421875 0.25
vt 0.2421875 0
vt 0 0.25
vt 0 0
vt 0.25 0.25
vt 0.25 0
vt 0.4921875 0.25
vt 0.4921875 0
vn 0 1 -1.2246467991473532e-16
vn 0 1 -1.2246467991473532e-16
vn 0 1 -1.2246467991473532e-16
vn 0 1 -1.2246467991473532e-16
vn 0 1 -1.2246467991473532e-16
vn 0 1 -1.2246467991473532e-16
vn 0 1 -1.2246467991473532e-16
vn 0 1 -1.2246467991473532e-16
vn 0 1 -1.2246467991473532e-16
vn 0 1 -1.2246467991473532e-16
vn 0 1 -1.2246467991473532e-16
vn 0 1 -1.2246467991473532e-16
vn 0 1 -1.2246467991473532e-16
vn 0 1 -1.2246467991473532e-16
vn 0 1 -1.2246467991473532e-16
vn 0 1 -1.2246467991473532e-16
vn 0 1 -1.2246467991473532e-16
vn 0 1 -1.2246467991473532e-16
vn 0 1 -1.2246467991473532e-16
vn 0 1 -1.2246467991473532e-16
vn 0 1 -1.2246467991473532e-16
vn 0 1 -1.2246467991473532e-16
vn 0 1 -1.2246467991473532e-16
vn 0 1 -1.2246467991473532e-16
vn 0 1 -1.2246467991473532e-16
vn 0 1 -1.2246467991473532e-16
vn 0 1 -1.2246467991473532e-16
vn 0 1 -1.2246467991473532e-16
vn 0 1 -1.2246467991473532e-16
vn 0 1 -1.2246467991473532e-16
vn 0 1 -1.2246467991473532e-16
vn 0 1 -1.2246467991473532e-16
vn 0 1 -1.2246467991473532e-16
vn 0 1 -1.2246467991473532e-16
vn 0 1 -1.2246467991473532e-16
vn 0 1 -1.2246467991473532e-16
vn 0 1 -1.2246467991473532e-16
vn 0 1 -1.2246467991473532e-16
vn 0 1 -1.2246467991473532e-16
vn 0 1 -1.2246467991473532e-16
vn 0 1 -1.2246467991473532e-16
vn 0 1 -1.2246467991473532e-16
vn 0 1 -1.2246467991473532e-16
vn 0 1 -1.2246467991473532e-16
vn 0 1 -1.2246467991473532e-16
vn 0 1 -1.2246467991473532e-16
vn 0 1 -1.2246467991473532e-16
vn 0 1 -1.2246467991473532e-16
vn 0 1 -1.2246467991473532e-16
vn 0 1 -1.2246467991473532e-16
vn 0 1 -1.2246467991473532e-16
vn 0 1 -1.2246467991473532e-16
vn 0 1 -1.2246467991473532e-16
vn 0 1 -1.2246467991473532e-16
vn 0 1 -1.2246467991473532e-16
vn 0 1 -1.2246467991473532e-16
vn 0 1 -1.2246467991473532e-16
f 224/224/224 223/223/223 222/222/222
f 227/227/227 226/226/226 225/225/225
f 230/230/230 229/229/229 228/228/228
f 233/233/233 232/232/232 231/231/231
f 232/232/232 233/233/233 234/234/234
f 237/237/237 236/236/236 235/235/235
f 236/236/236 237/237/237 238/238/238
f 241/241/241 240/240/240 239/239/239
f 240/240/240 241/241/241 242/242/242
f 245/245/245 244/244/244 243/243/243
f 244/244/244 245/245/245 246/246/246
f 249/249/249 248/248/248 247/247/247
f 248/248/248 249/249/249 250/250/250
f 253/253/253 252/252/252 251/251/251
f 252/252/252 253/253/253 254/254/254
f 257/257/257 256/256/256 255/255/255
f 256/256/256 257/257/257 258/258/258
f 261/261/261 260/260/260 259/259/259
f 260/260/260 261/261/261 262/262/262
f 265/265/265 264/264/264 263/263/263
f 264/264/264 265/265/265 266/266/266
f 269/269/269 268/268/268 267/267/267
f 268/268/268 269/269/269 270/270/270
f 273/273/273 272/272/272 271/271/271
f 272/272/272 273/273/273 274/274/274
f 277/277/277 276/276/276 275/275/275
f 276/276/276 277/277/277 278/278/278
o mesh_3
usemtl mat3
v 1.6 -1.1364722296087438e-14 -92.80000000000001
v 0 -1.1364722296087438e-14 -92.80000000000001
v 3.2 -1.1952552759678168e-14 -97.60000000000001
v 1.6 -1.1364722296087438e-14 -92.80000000000001
v 3.2 -1.1952552759678168e-14 -97.60000000000001
v 1.6 -1.0972835320360286e-14 -89.60000000000001
v 12 -1.7047083444131156e-14 -139.20000000000002
v 22.400000000000002 -1.7047083444131156e-14 -139.20000000000002
v 16 -1.6655196468404005e-14 -136
v 38.400000000000006 -1.567547902908612e-14 -128
v 28.8 -1.5087648565495394e-14 -123.2
v 28.8 -1.6263309492676852e-14 -132.8
v 0 -1.410793112617751e-14 -115.2
v 0 -1.567547902908612e-14 -128
v 3.2 -1.5087648565495394e-14 -123.2
v 38.400000000000006 -1.694911170019937e-14 -138.4
v 38.400000000000006 -1.5969394260881488e-14 -130.4
v 28.8 -1.6655196468404005e-14 -136
v 38.400000000000006 -1.694911170019937e-14 -138.4
v 28.8 -1.6655196468404005e-14 -136
v 25.6 -1.7047083444131156e-14 -139.20000000000002
v 28.8 -1.6263309492676852e-14 -132.8
v 28.8 -1.6655196468404005e-14 -136
v 38.400000000000006 -1.567547902908612e-14 -128
v 38.400000000000006 -1.5969394260881488e-14 -130.4
v 28.8 -1.5087648565495394e-14 -123.2
v 38.400000000000006 -1.567547902908612e-14 -128
v 28.8 -1.352010066258678e-14 -110.4
v 38.400000000000006 -1.410793112617751e-14 -115.2
v 28.8 -1.352010066258678e-14 -110.4
v 38.400000000000006 -1.410793112617751e-14 -115.2
v 28.8 -1.1952552759678168e-14 -97.60000000000001
v 38.400000000000006 -1.2540383223268897e-14 -102.4
v 12.8 -1.1952552759678168e-14 -97.60000000000001
v 28.8 -1.1952552759678168e-14 -97.60000000000001
v 12.8 -1.0972835320360286e-14 -89.60000000000001
v 25.6 -1.0972835320360286e-14 -89.60000000000001
v 28.8 -1.1952552759678168e-14 -97.60000000000001
v 38.400000000000006 -1.2540383223268897e-14 -102.4
v 35.2 -1.1364722296087438e-14 -92.80000000000001
v 38.400000000000006 -1.1364722296087438e-14 -92.80000000000001
v 35.2 -1.1364722296087438e-14 -92.80000000000001
v 35.2 -1.0972835320360286e-14 -89.60000000000001
v 28.8 -1.1952552759678168e-14 -97.60000000000001
v 25.6 -1.0972835320360286e-14 -89.60000000000001
v 25.6 -1.7047083444131156e-14 -139.20000000000002
v 25.6 -1.7243026931994733e-14 -140.8
v 38.400000000000006 -1.694911170019937e-14 -138.4
v 38.400000000000006 -1.7243026931994733e-14 -140.8
v 3.2 -1.352010066258678e-14 -110.4
v 0 -1.2540383223268897e-14 -102.4
v 3.2 -1.5087648565495394e-14 -123.2
v 0 -1.410793112617751e-14 -115.2
v 22.400000000000002 -1.7047083444131156e-14 -139.20000000000002
v 25.6 -1.7047083444131156e-14 -139.20000000000002
v 16 -1.6655196468404005e-14 -136
v 28.8 -1.6655196468404005e-14 -136
v 0 -1.1364722296087438e-14 -92.80000000000001
v 0 -1.2540383223268897e-14 -102.4
v 3.2 -1.1952552759678168e-14 -97.60000000000001
v 3.2 -1.352010066258678e-14 -110.4
v 3.2 -1.1952552759678168e-14 -97.60000000000001
v 12.8 -1.1952552759678168e-14 -97.60000000000001
v 1.6 -1.0972835320360286e-14 -89.60000000000001
v 12.8 -1.0972835320360286e-14 -89.60000000000001
v 0 -1.567547902908612e-14 -128
v 0 -1.7047083444131156e-14 -139.20000000000002
v 3.2 -1.6655196468404005e-14 -136
v 1.6 -1.7047083444131156e-14 -139.20000000000002
v 0 -1.567547902908612e-14 -128
v 3.2 -1.6655196468404005e-14 -136
v 3.2 -1.5087648565495394e-14 -123.2
v 3.2 -1.6263309492676852e-14 -132.8
v 12 -1.7047083444131156e-14 -139.20000000000002
v 1.6 -1.7047083444131156e-14 -139.20000000000002
v 12.8 -1.7243026931994733e-14 -140.8
v 1.6 -1.7243026931994733e-14 -140.8
v 12.8 -1.7243026931994733e-14 -140.8
v 22.400000000000002 -1.7243026931994733e-14 -140.8
v 12 -1.7047083444131156e-14 -139.20000000000002
v 22.400000000000002 -1.7047083444131156e-14 -139.20000000000002
v 16 -1.6655196468404005e-14 -136
v 3.2 -1.6655196468404005e-14 -136
v 12 -1.7047083444131156e-14 -139.20000000000002
v 1.6 -1.7047083444131156e-14 -139.20000000000002
vt 0.640625 0.96875
vt 0.625 0.96875
vt 0.65625 0.921875
vt 0.640625 0.96875
vt 0.65625 0.921875
vt 0.640625 0.9921875
vt 0.734375 0.5078125
vt 0.84375 0.5078125
vt 0.78125 0.546875
vt 0.9921875 0.625
vt 0.90625 0.671875
vt 0.90625 0.5703125
vt 0.625 0.75
vt 0.625 0.625
vt 0.65625 0.671875
vt 0.9921875 0.5234375
vt 0.9921875 0.59375
vt 0.90625 0.546875
vt 0.9921875 0.5234375
vt 0.90625 0.546875
vt 0.875 0.5078125
vt 0.90625 0.5703125
vt 0.90625 0.546875
vt 0.9921875 0.625
vt 0.9921875 0.59375
vt 0.90625 0.671875
vt 0.9921875 0.625
vt 0.90625 0.796875
vt 0.9921875 0.75
vt 0.90625 0.796875
vt 0.9921875 0.75
vt 0.90625 0.921875
vt 0.9921875 0.875
vt 0.75 0.921875
vt 0.90625 0.921875
vt 0.75 0.9921875
vt 0.875 0.9921875
vt 0.90625 0.921875
vt 0.9921875 0.875
vt 0.96875 0.96875
vt 0.9921875 0.96875
vt 0.96875 0.96875
vt 0.96875 0.9921875
vt 0.90625 0.921875
vt 0.875 0.9921875
vt 0.875 0.5078125
vt 0.875 0.5
vt 0.9921875 0.5234375
vt 0.9921875 0.5
vt 0.65625 0.796875
vt 0.625 0.875
vt 0.65625 0.671875
vt 0.625 0.75
vt 0.84375 0.5078125
vt 0.875 0.5078125
vt 0.78125 0.546875
vt 0.90625 0.546875
vt 0.625 0.96875
vt 0.625 0.875
vt 0.65625 0.921875
vt 0.65625 0.796875
vt 0.65625 0.921875
vt 0.75 0.921875
vt 0.640625 0.9921875
vt 0.75 0.9921875
vt 0.625 0.625
vt 0.625 0.5078125
vt 0.65625 0.546875
vt 0.640625 0.5078125
vt 0.625 0.625
vt 0.65625 0.546875
vt 0.65625 0.671875
vt 0.65625 0.5703125
vt 0.734375 0.5078125
vt 0.640625 0.5078125
vt 0.75 0.5
vt 0.640625 0.5
vt 0.75 0.5
vt 0.84375 0.5
vt 0.734375 0.5078125
vt 0.84375 0.5078125
vt 0.78125 0.546875
vt 0.65625 0.546875
vt 0.734375 0.5078125
vt 0.640625 0.5078125
vn 0 1 -1.2246467991473532e-16
vn 0 1 -1.2246467991473532e-16
vn 0 1 -1.2246467991473532e-16
vn 0 1 -1.2246467991473532e-16
vn 0 1 -1.2246467991473532e-16
vn 0 1 -1.2246467991473532e-16
vn 0 1 -1.2246467991473532e-16
vn 0 1 -1.2246467991473532e-16
vn 0 1 -1.2246467991473532e-16
vn 0 1 -1.2246467991473532e-16
vn 0 1 -1.2246467991473532e-16
vn 0 1 -1.2246467991473532e-16
vn 0 1 -1.2246467991473532e-16
vn 0 1 -1.2246467991473532e-16
vn 0 1 -1.2246467991473532e-16
vn 0 1 -1.2246467991473532e-16
vn 0 1 -1.2246467991473532e-16
vn 0 1 -1.2246467991473532e-16
vn 0 1 -1.2246467991473532e-16
vn 0 1 -1.2246467991473532e-16
vn 0 1 -1.2246467991473532e-16
vn 0 1 -1.2246467991473532e-16
vn 0 1 -1.2246467991473532e-16
vn 0 1 -1.2246467991473532e-16
vn 0 1 -1.2246467991473532e-16
vn 0 1 -1.2246467991473532e-16
vn 0 1 -1.2246467991473532e-16
vn 0 1 -1.2246467991473532e-16
vn 0 1 -1.2246467991473532e-16
vn 0 1 -1.2246467991473532e-16
vn 0 1 -1.2246467991473532e-16
vn 0 1 -1.2246467991473532e-16
vn 0 1 -1.2246467991473532e-16
vn 0 1 -1.2246467991473532e-16
vn 0 1 -1.2246467991473532e-16
vn 0 1 -1.2246467991473532e-16
vn 0 1 -1.2246467991473532e-16
vn 0 1 -1.2246467991473532e-16
vn 0 1 -1.2246467991473532e-16
vn 0 1 -1.2246467991473532e-16
vn 0 1 -1.2246467991473532e-16
vn 0 1 -1.2246467991473532e-16
vn 0 1 -1.2246467991473532e-16
vn 0 1 -1.2246467991473532e-16
vn 0 1 -1.2246467991473532e-16
vn 0 1 -1.2246467991473532e-16
vn 0 1 -1.2246467991473532e-16
vn 0 1 -1.2246467991473532e-16
vn 0 1 -1.2246467991473532e-16
vn 0 1 -1.2246467991473532e-16
vn 0 1 -1.2246467991473532e-16
vn 0 1 -1.2246467991473532e-16
vn 0 1 -1.2246467991473532e-16
vn 0 1 -1.2246467991473532e-16
vn 0 1 -1.2246467991473532e-16
vn 0 1 -1.2246467991473532e-16
vn 0 1 -1.2246467991473532e-16
vn 0 1 -1.2246467991473532e-16
vn 0 1 -1.2246467991473532e-16
vn 0 1 -1.2246467991473532e-16
vn 0 1 -1.2246467991473532e-16
vn 0 1 -1.2246467991473532e-16
vn 0 1 -1.2246467991473532e-16
vn 0 1 -1.2246467991473532e-16
vn 0 1 -1.2246467991473532e-16
vn 0 1 -1.2246467991473532e-16
vn 0 1 -1.2246467991473532e-16
vn 0 1 -1.2246467991473532e-16
vn 0 1 -1.2246467991473532e-16
vn 0 1 -1.2246467991473532e-16
vn 0 1 -1.2246467991473532e-16
vn 0 1 -1.2246467991473532e-16
vn 0 1 -1.2246467991473532e-16
vn 0 1 -1.2246467991473532e-16
vn 0 1 -1.2246467991473532e-16
vn 0 1 -1.2246467991473532e-16
vn 0 1 -1.2246467991473532e-16
vn 0 1 -1.2246467991473532e-16
vn 0 1 -1.2246467991473532e-16
vn 0 1 -1.2246467991473532e-16
vn 0 1 -1.2246467991473532e-16
vn 0 1 -1.2246467991473532e-16
vn 0 1 -1.2246467991473532e-16
vn 0 1 -1.2246467991473532e-16
vn 0 1 -1.2246467991473532e-16
f 281/281/281 280/280/280 279/279/279
f 284/284/284 283/283/283 282/282/282
f 287/287/287 286/286/286 285/285/285
f 290/290/290 289/289/289 288/288/288
f 293/293/293 292/292/292 291/291/291
f 296/296/296 295/295/295 294/294/294
f 299/299/299 298/298/298 297/297/297
f 302/302/302 301/301/301 300/300/300
f 301/301/301 302/302/302 303/303/303
f 306/306/306 305/305/305 304/304/304
f 305/305/305 306/306/306 307/307/307
f 310/310/310 309/309/309 308/308/308
f 309/309/309 310/310/310 311/311/311
f 314/314/314 313/313/313 312/312/312
f 313/313/313 314/314/314 315/315/315
f 318/318/318 317/317/317 316/316/316
f 317/317/317 318/318/318 319/319/319
f 322/322/322 321/321/321 320/320/320
f 321/321/321 322/322/322 323/323/323
f 326/326/326 325/325/325 324/324/324
f 325/325/325 326/326/326 327/327/327
f 330/330/330 329/329/329 328/328/328
f 329/329/329 330/330/330 331/331/331
f 334/334/334 333/333/333 332/332/332
f 333/333/333 334/334/334 335/335/335
f 338/338/338 337/337/337 336/336/336
f 337/337/337 338/338/338 339/339/339
f 342/342/342 341/341/341 340/340/340
f 341/341/341 342/342/342 343/343/343
f 346/346/346 345/345/345 344/344/344
f 345/345/345 346/346/346 347/347/347
f 350/350/350 349/349/349 348/348/348
f 349/349/349 350/350/350 351/351/351
f 354/354/354 353/353/353 352/352/352
f 353/353/353 354/354/354 355/355/355
f 358/358/358 357/357/357 356/356/356
f 357/357/357 358/358/358 359/359/359
f 362/362/362 361/361/361 360/360/360
f 361/361/361 362/362/362 363/363/363
o mesh_4
usemtl mat4
v 39.2 36.79999999999999 -91.2
v 40.800000000000004 37.59999999999999 -91.2
v 40.800000000000004 36.79999999999999 -89.60000000000001
v 40.800000000000004 37.59999999999999 -91.2
v 39.2 36.79999999999999 -91.2
v 40.800000000000004 36.79999999999999 -92
v 40.800000000000004 37.59999999999999 -91.2
v 41.6 36.79999999999999 -91.2
v 40.800000000000004 36.79999999999999 -89.60000000000001
v 41.6 36.79999999999999 -91.2
v 40.800000000000004 37.59999999999999 -91.2
v 40.800000000000004 36.79999999999999 -92
v 8.8 17.599999999999994 -68.8
v 8 18.399999999999995 -68.8
v 8 17.599999999999994 -69.60000000000001
v 8 18.399999999999995 -68.8
v 8.8 17.599999999999994 -68.8
v 8 17.599999999999994 -67.2
v 8 18.399999999999995 -68.8
v 6.4 17.599999999999994 -68.8
v 8 17.599999999999994 -69.60000000000001
v 6.4 17.599999999999994 -68.8
v 8 18.399999999999995 -68.8
v 8 17.599999999999994 -67.2
v 39.2 32.79999999999999 -91.2
v 40.800000000000004 32.79999999999999 -89.60000000000001
v 39.2 31.99999999999999 -91.2
v 40.800000000000004 31.99999999999999 -90.4
v 40.800000000000004 32.79999999999999 -89.60000000000001
v 42.400000000000006 32.79999999999999 -91.2
v 40.800000000000004 31.99999999999999 -90.4
v 41.6 31.99999999999999 -91.2
v 40.800000000000004 32.79999999999999 -92.80000000000001
v 39.2 32.79999999999999 -91.2
v 40.800000000000004 31.99999999999999 -92
v 39.2 31.99999999999999 -91.2
v 42.400000000000006 32.79999999999999 -91.2
v 40.800000000000004 32.79999999999999 -92.80000000000001
v 41.6 31.99999999999999 -91.2
v 40.800000000000004 31.99999999999999 -92
v 42.400000000000006 32.79999999999999 -91.2
v 41.6 36.79999999999999 -91.2
v 40.800000000000004 32.79999999999999 -92.80000000000001
v 40.800000000000004 36.79999999999999 -92
v 40.800000000000004 32.79999999999999 -92.80000000000001
v 40.800000000000004 36.79999999999999 -92
v 39.2 32.79999999999999 -91.2
v 39.2 36.79999999999999 -91.2
v 40.800000000000004 36.79999999999999 -89.60000000000001
v 41.6 36.79999999999999 -91.2
v 40.800000000000004 32.79999999999999 -89.60000000000001
v 42.400000000000006 32.79999999999999 -91.2
v 40.800000000000004 36.79999999999999 -89.60000000000001
v 40.800000000000004 32.79999999999999 -89.60000000000001
v 39.2 36.79999999999999 -91.2
v 39.2 32.79999999999999 -91.2
v 41.6 32.79999999999999 -91.2
v 40 32.79999999999999 -91.2
v 41.6 35.999999999999986 -91.2
v 40 35.999999999999986 -91.2
v 40.800000000000004 32.79999999999999 -89.60000000000001
v 42.400000000000006 32.79999999999999 -91.2
v 40.800000000000004 36.79999999999999 -89.60000000000001
v 41.6 36.79999999999999 -91.2
v 42.400000000000006 32.79999999999999 -91.2
v 40.800000000000004 32.79999999999999 -89.60000000000001
v 40.800000000000004 32.79999999999999 -92.80000000000001
v 39.2 32.79999999999999 -91.2
v 39.2 36.79999999999999 -91.2
v 40.800000000000004 36.79999999999999 -89.60000000000001
v 40.800000000000004 36.79999999999999 -92
v 41.6 36.79999999999999 -91.2
v 39.2 32.79999999999999 -91.2
v 39.2 36.79999999999999 -91.2
v 40.800000000000004 32.79999999999999 -92.80000000000001
v 40.800000000000004 36.79999999999999 -92
v 40.800000000000004 32.79999999999999 -92.80000000000001
v 40.800000000000004 36.79999999999999 -92
v 42.400000000000006 32.79999999999999 -91.2
v 41.6 36.79999999999999 -91.2
v 39.2 36.79999999999999 -91.2
v 39.2 32.79999999999999 -91.2
v 40.800000000000004 36.79999999999999 -89.60000000000001
v 40.800000000000004 32.79999999999999 -89.60000000000001
v 41.6 31.99999999999999 -91.2
v 40.800000000000004 31.99999999999999 -92
v 40.800000000000004 31.99999999999999 -90.4
v 39.2 31.99999999999999 -91.2
v 8 17.599999999999994 -67.2
v 8.8 17.599999999999994 -68.8
v 8 14.399999999999991 -67.2
v 9.600000000000001 14.399999999999991 -68.8
v 8 17.599999999999994 -67.2
v 8 14.399999999999991 -67.2
v 6.4 17.599999999999994 -68.8
v 6.4 14.399999999999991 -68.8
v 8.8 14.399999999999991 -68.8
v 7.2 14.399999999999991 -68.8
v 8.8 17.599999999999994 -68.8
v 7.2 17.599999999999994 -68.8
v 8 14.399999999999991 -67.2
v 9.600000000000001 14.399999999999991 -68.8
v 8 17.599999999999994 -67.2
v 8.8 17.599999999999994 -68.8
v 6.4 17.599999999999994 -68.8
v 6.4 14.399999999999991 -68.8
v 8 17.599999999999994 -67.2
v 8 14.399999999999991 -67.2
v 8 14.399999999999991 -70.4
v 8 17.599999999999994 -69.60000000000001
v 9.600000000000001 14.399999999999991 -68.8
v 8.8 17.599999999999994 -68.8
v 6.4 14.399999999999991 -68.8
v 6.4 17.599999999999994 -68.8
v 8 14.399999999999991 -70.4
v 8 17.599999999999994 -69.60000000000001
v 6.4 17.599999999999994 -68.8
v 8 17.599999999999994 -67.2
v 8 17.599999999999994 -69.60000000000001
v 8.8 17.599999999999994 -68.8
v 9.600000000000001 14.399999999999991 -68.8
v 8 14.399999999999991 -67.2
v 8 14.399999999999991 -70.4
v 6.4 14.399999999999991 -68.8
v 8 12.799999999999992 -69.60000000000001
v 6.4 12.799999999999992 -68.8
v 8 12.799999999999992 -69.60000000000001
v 6.4 12.799999999999992 -68.8
v 8 12.799999999999992 -67.2
v 8.8 12.799999999999992 -68.8
v 8 12.799999999999992 -67.2
v 8.8 12.799999999999992 -68.8
v 6.4 12.799999999999992 -68.8
v 8 12.799999999999992 -67.2
v 6.4 12.799999999999992 -68.8
v 8 12.799999999999992 -67.2
v 8.8 12.799999999999992 -68.8
v 8 12.799999999999992 -69.60000000000001
v 8.8 12.799999999999992 -68.8
v 8 12.799999999999992 -69.60000000000001
v 8 14.399999999999991 -70.4
v 8 17.599999999999994 -69.60000000000001
v 6.4 14.399999999999991 -68.8
v 6.4 17.599999999999994 -68.8
v 9.600000000000001 14.399999999999991 -68.8
v 8.8 17.599999999999994 -68.8
v 8 14.399999999999991 -70.4
v 8 17.599999999999994 -69.60000000000001
v 9.600000000000001 14.399999999999991 -68.8
v 8 14.399999999999991 -70.4
v 8.8 12.799999999999992 -68.8
v 8 12.799999999999992 -69.60000000000001
v 8 14.399999999999991 -70.4
v 6.4 14.399999999999991 -68.8
v 8 12.799999999999992 -69.60000000000001
v 6.4 12.799999999999992 -68.8
v 8 14.399999999999991 -67.2
v 9.600000000000001 14.399999999999991 -68.8
v 8 12.799999999999992 -67.2
v 8.8 12.799999999999992 -68.8
v 6.4 14.399999999999991 -68.8
v 8 14.399999999999991 -67.2
v 6.4 12.799999999999992 -68.8
v 8 12.799999999999992 -67.2
v 73.60000000000001 25.599999999999998 -41.6
v 75.2 25.599999999999998 -40
v 73.60000000000001 25.599999999999998 -38.400000000000006
v 75.2 25.599999999999998 -38.400000000000006
v 0 25.599999999999984 -137.6
v 0 25.599999999999984 -139.20000000000002
v 3.2 25.599999999999984 -137.6
v 1.6 25.599999999999984 -139.20000000000002
v 3.2 25.599999999999984 -137.6
v 1.6 25.599999999999984 -139.20000000000002
v 3.2 25.599999999999984 -140.8
v 1.6 25.599999999999984 -140.8
v 76.80000000000001 25.599999999999998 -41.6
v 76.80000000000001 25.599999999999998 -40
v 73.60000000000001 25.599999999999998 -41.6
v 75.2 25.599999999999998 -40
vt 0.25 0.5234375
vt 0.2734375 0.5
vt 0.3046875 0.5234375
vt 0.2734375 0.5
vt 0.3046875 0.5234375
vt 0.25 0.5234375
vt 0.2734375 0.5
vt 0.3046875 0.5234375
vt 0.25 0.5234375
vt 0.25 0.5234375
vt 0.2734375 0.5
vt 0.3046875 0.5234375
vt 0.25 0.5234375
vt 0.2734375 0.5
vt 0.3046875 0.5234375
vt 0.2734375 0.5
vt 0.3046875 0.5234375
vt 0.25 0.5234375
vt 0.2734375 0.5
vt 0.3046875 0.5234375
vt 0.25 0.5234375
vt 0.25 0.5234375
vt 0.2734375 0.5
vt 0.3046875 0.5234375
vt 0.25 0.59375
vt 0.3046875 0.59375
vt 0.25 0.6171875
vt 0.3046875 0.6171875
vt 0.25 0.59375
vt 0.3046875 0.59375
vt 0.25 0.6171875
vt 0.3046875 0.6171875
vt 0.25 0.59375
vt 0.3046875 0.59375
vt 0.25 0.6171875
vt 0.3046875 0.6171875
vt 0.25 0.59375
vt 0.3046875 0.59375
vt 0.25 0.6171875
vt 0.3046875 0.6171875
vt 0.25 0.59375
vt 0.25 0.5234375
vt 0.3046875 0.59375
vt 0.3046875 0.5234375
vt 0.25 0.59375
vt 0.25 0.5234375
vt 0.3046875 0.59375
vt 0.3046875 0.5234375
vt 0.25 0.5234375
vt 0.3046875 0.5234375
vt 0.25 0.59375
vt 0.3046875 0.59375
vt 0.3046875 0.5234375
vt 0.3046875 0.59375
vt 0.25 0.5234375
vt 0.25 0.59375
vt 0.3671875 0.6171875
vt 0.34375 0.6171875
vt 0.3671875 0.59375
vt 0.34375 0.59375
vt 0.3046875 0.59375
vt 0.25 0.59375
vt 0.3046875 0.5234375
vt 0.25 0.5234375
vt 0.3359375 0.5
vt 0.3671875 0.5
vt 0.3359375 0.53125
vt 0.3671875 0.53125
vt 0.3671875 0.5390625
vt 0.3671875 0.5625
vt 0.3359375 0.5390625
vt 0.3359375 0.5625
vt 0.25 0.59375
vt 0.25 0.5234375
vt 0.3046875 0.59375
vt 0.3046875 0.5234375
vt 0.25 0.59375
vt 0.25 0.5234375
vt 0.3046875 0.59375
vt 0.3046875 0.5234375
vt 0.3046875 0.5234375
vt 0.3046875 0.59375
vt 0.25 0.5234375
vt 0.25 0.59375
vt 0.3359375 0.5625
vt 0.3359375 0.5390625
vt 0.3671875 0.5625
vt 0.3671875 0.5390625
vt 0.25 0.515625
vt 0.3046875 0.515625
vt 0.25 0.59375
vt 0.3046875 0.59375
vt 0.3046875 0.515625
vt 0.3046875 0.59375
vt 0.25 0.515625
vt 0.25 0.59375
vt 0.3671875 0.6171875
vt 0.34375 0.6171875
vt 0.3671875 0.59375
vt 0.34375 0.59375
vt 0.3046875 0.6015625
vt 0.25 0.6015625
vt 0.3046875 0.5234375
vt 0.25 0.5234375
vt 0.3046875 0.5234375
vt 0.3046875 0.6015625
vt 0.25 0.5234375
vt 0.25 0.6015625
vt 0.25 0.6015625
vt 0.25 0.5234375
vt 0.3046875 0.6015625
vt 0.3046875 0.5234375
vt 0.25 0.6015625
vt 0.25 0.5234375
vt 0.3046875 0.6015625
vt 0.3046875 0.5234375
vt 0.3671875 0.5390625
vt 0.3671875 0.5625
vt 0.3359375 0.5390625
vt 0.3359375 0.5625
vt 0.3671875 0.5
vt 0.3671875 0.53125
vt 0.3359375 0.5
vt 0.3359375 0.53125
vt 0.25 0.5
vt 0.3046875 0.5
vt 0.25 0.515625
vt 0.3046875 0.515625
vt 0.25 0.5
vt 0.3046875 0.5
vt 0.25 0.515625
vt 0.3046875 0.515625
vt 0.25 0.5
vt 0.3046875 0.5
vt 0.25 0.515625
vt 0.3046875 0.515625
vt 0.25 0.5
vt 0.3046875 0.5
vt 0.25 0.515625
vt 0.3046875 0.515625
vt 0.25 0.59375
vt 0.25 0.515625
vt 0.3046875 0.59375
vt 0.3046875 0.515625
vt 0.25 0.59375
vt 0.25 0.515625
vt 0.3046875 0.59375
vt 0.3046875 0.515625
vt 0.25 0.59375
vt 0.3046875 0.59375
vt 0.25 0.609375
vt 0.3046875 0.609375
vt 0.25 0.59375
vt 0.3046875 0.59375
vt 0.25 0.609375
vt 0.3046875 0.609375
vt 0.25 0.59375
vt 0.3046875 0.59375
vt 0.25 0.609375
vt 0.3046875 0.609375
vt 0.25 0.59375
vt 0.3046875 0.59375
vt 0.25 0.609375
vt 0.3046875 0.609375
vt 0.3359375 0.6171875
vt 0.328125 0.609375
vt 0.3359375 0.59375
vt 0.328125 0.59375
vt 0.3125 0.6171875
vt 0.3125 0.609375
vt 0.3359375 0.6171875
vt 0.328125 0.609375
vt 0.3359375 0.6171875
vt 0.328125 0.609375
vt 0.3359375 0.59375
vt 0.328125 0.59375
vt 0.3125 0.6171875
vt 0.3125 0.609375
vt 0.3359375 0.6171875
vt 0.328125 0.609375
vn -0.408248290463863 0.816496580927726 0.40824829046386296
vn -0.408248290463863 0.816496580927726 0.40824829046386296
vn -0.408248290463863 0.816496580927726 0.40824829046386296
vn -0.3333333333333333 0.6666666666666665 -0.6666666666666667
vn -0.3333333333333333 0.6666666666666665 -0.6666666666666667
vn -0.3333333333333333 0.6666666666666665 -0.6666666666666667
vn 0.6666666666666666 0.6666666666666666 0.33333333333333326
vn 0.6666666666666666 0.6666666666666666 0.33333333333333326
vn 0.6666666666666666 0.6666666666666666 0.33333333333333326
vn 0.5773502691896257 0.5773502691896257 -0.5773502691896258
vn 0.5773502691896257 0.5773502691896257 -0.5773502691896258
vn 0.5773502691896257 0.5773502691896257 -0.5773502691896258
vn 0.5773502691896257 0.5773502691896257 -0.5773502691896258
vn 0.5773502691896257 0.5773502691896257 -0.5773502691896258
vn 0.5773502691896257 0.5773502691896257 -0.5773502691896258
vn 0.6666666666666666 0.6666666666666666 0.33333333333333326
vn 0.6666666666666666 0.6666666666666666 0.33333333333333326
vn 0.6666666666666666 0.6666666666666666 0.33333333333333326
vn -0.3333333333333333 0.6666666666666665 -0.6666666666666667
vn -0.3333333333333333 0.6666666666666665 -0.6666666666666667
vn -0.3333333333333333 0.6666666666666665 -0.6666666666666667
vn -0.408248290463863 0.816496580927726 0.40824829046386296
vn -0.408248290463863 0.816496580927726 0.40824829046386296
vn -0.408248290463863 0.816496580927726 0.40824829046386296
vn -0.7071067811865475 8.659560562354932e-17 0.7071067811865475
vn -0.7071067811865475 8.659560562354932e-17 0.7071067811865475
vn -0.7071067811865475 8.659560562354932e-17 0.7071067811865475
vn -0.7071067811865475 8.659560562354932e-17 0.7071067811865475
vn 0.5773502691896257 -0.5773502691896257 0.5773502691896258
vn 0.5773502691896257 -0.5773502691896257 0.5773502691896258
vn 0.5773502691896257 -0.5773502691896257 0.5773502691896258
vn 0.5773502691896257 -0.5773502691896257 0.5773502691896258
vn -0.5773502691896257 -0.5773502691896258 -0.5773502691896257
vn -0.5773502691896257 -0.5773502691896258 -0.5773502691896257
vn -0.5773502691896257 -0.5773502691896258 -0.5773502691896257
vn -0.5773502691896257 -0.5773502691896258 -0.5773502691896257
vn 0.5773502691896257 -0.5773502691896258 -0.5773502691896257
vn 0.5773502691896257 -0.5773502691896258 -0.5773502691896257
vn 0.5773502691896257 -0.5773502691896258 -0.5773502691896257
vn 0.5773502691896257 -0.5773502691896258 -0.5773502691896257
vn 0.7001400417218252 0.1400280113245971 -0.7001400417218252
vn 0.7001400417218252 0.1400280113245971 -0.7001400417218252
vn 0.7001400417218252 0.1400280113245971 -0.7001400417218252
vn 0.7001400417218252 0.1400280113245971 -0.7001400417218252
vn -0.7001400417218252 0.1400280113245971 -0.7001400417218252
vn -0.7001400417218252 0.1400280113245971 -0.7001400417218252
vn -0.7001400417218252 0.1400280113245971 -0.7001400417218252
vn -0.7001400417218252 0.1400280113245971 -0.7001400417218252
vn 0.8944271909999157 5.476786982642025e-17 0.44721359549995787
vn 0.8944271909999157 5.476786982642025e-17 0.44721359549995787
vn 0.8944271909999157 5.476786982642025e-17 0.44721359549995787
vn 0.8944271909999157 5.476786982642025e-17 0.44721359549995787
vn -0.7071067811865475 8.659560562354932e-17 0.7071067811865475
vn -0.7071067811865475 8.659560562354932e-17 0.7071067811865475
vn -0.7071067811865475 8.659560562354932e-17 0.7071067811865475
vn -0.7071067811865475 8.659560562354932e-17 0.7071067811865475
vn 0 1.2246467991473532e-16 1
vn 0 1.2246467991473532e-16 1
vn 0 1.2246467991473532e-16 1
vn 0 1.2246467991473532e-16 1
vn -0.7071067811865475 -8.659560562354932e-17 -0.7071067811865475
vn -0.7071067811865475 -8.659560562354932e-17 -0.7071067811865475
vn -0.7071067811865475 -8.659560562354932e-17 -0.7071067811865475
vn -0.7071067811865475 -8.659560562354932e-17 -0.7071067811865475
vn 0 1 -1.2246467991473532e-16
vn 0 1 -1.2246467991473532e-16
vn 0 1 -1.2246467991473532e-16
vn 0 1 -1.2246467991473532e-16
vn 0 -1 1.2246467991473532e-16
vn 0 -1 1.2246467991473532e-16
vn 0 -1 1.2246467991473532e-16
vn 0 -1 1.2246467991473532e-16
vn 0.7071067811865475 8.659560562354932e-17 0.7071067811865475
vn 0.7071067811865475 8.659560562354932e-17 0.7071067811865475
vn 0.7071067811865475 8.659560562354932e-17 0.7071067811865475
vn 0.7071067811865475 8.659560562354932e-17 0.7071067811865475
vn -0.7001400417218252 -0.1400280113245971 0.7001400417218252
vn -0.7001400417218252 -0.1400280113245971 0.7001400417218252
vn -0.7001400417218252 -0.1400280113245971 0.7001400417218252
vn -0.7001400417218252 -0.1400280113245971 0.7001400417218252
vn 0.7071067811865475 -8.659560562354932e-17 -0.7071067811865475
vn 0.7071067811865475 -8.659560562354932e-17 -0.7071067811865475
vn 0.7071067811865475 -8.659560562354932e-17 -0.7071067811865475
vn 0.7071067811865475 -8.659560562354932e-17 -0.7071067811865475
vn 0 -1 1.2246467991473532e-16
vn 0 -1 1.2246467991473532e-16
vn 0 -1 1.2246467991473532e-16
vn 0 -1 1.2246467991473532e-16
vn 0.8944271909999157 5.476786982642025e-17 0.44721359549995787
vn 0.8944271909999157 5.476786982642025e-17 0.44721359549995787
vn 0.8944271909999157 5.476786982642025e-17 0.44721359549995787
vn 0.8944271909999157 5.476786982642025e-17 0.44721359549995787
vn -0.7071067811865475 8.659560562354932e-17 0.7071067811865475
vn -0.7071067811865475 8.659560562354932e-17 0.7071067811865475
vn -0.7071067811865475 8.659560562354932e-17 0.7071067811865475
vn -0.7071067811865475 8.659560562354932e-17 0.7071067811865475
vn 0 1.2246467991473532e-16 1
vn 0 1.2246467991473532e-16 1
vn 0 1.2246467991473532e-16 1
vn 0 1.2246467991473532e-16 1
vn -0.7071067811865475 -8.659560562354932e-17 -0.7071067811865475
vn -0.7071067811865475 -8.659560562354932e-17 -0.7071067811865475
vn -0.7071067811865475 -8.659560562354932e-17 -0.7071067811865475
vn -0.7071067811865475 -8.659560562354932e-17 -0.7071067811865475
vn 0.7071067811865475 -8.659560562354932e-17 -0.7071067811865475
vn 0.7071067811865475 -8.659560562354932e-17 -0.7071067811865475
vn 0.7071067811865475 -8.659560562354932e-17 -0.7071067811865475
vn 0.7071067811865475 -8.659560562354932e-17 -0.7071067811865475
vn -0.6963106238227914 -0.17407765595569777 0.6963106238227914
vn -0.6963106238227914 -0.17407765595569777 0.6963106238227914
vn -0.6963106238227914 -0.17407765595569777 0.6963106238227914
vn -0.6963106238227914 -0.17407765595569777 0.6963106238227914
vn 0.7071067811865475 8.659560562354932e-17 0.7071067811865475
vn 0.7071067811865475 8.659560562354932e-17 0.7071067811865475
vn 0.7071067811865475 8.659560562354932e-17 0.7071067811865475
vn 0.7071067811865475 8.659560562354932e-17 0.7071067811865475
vn 0 -1 1.2246467991473532e-16
vn 0 -1 1.2246467991473532e-16
vn 0 -1 1.2246467991473532e-16
vn 0 -1 1.2246467991473532e-16
vn 0 1 -1.2246467991473532e-16
vn 0 1 -1.2246467991473532e-16
vn 0 1 -1.2246467991473532e-16
vn 0 1 -1.2246467991473532e-16
vn 0 0 0
vn 0 0 0
vn 0 0 0
vn 0 0 0
vn 0 0 0
vn 0 0 0
vn 0 0 0
vn 0 0 0
vn 0 0 0
vn 0 0 0
vn 0 0 0
vn 0 0 0
vn 0 0 0
vn 0 0 0
vn 0 0 0
vn 0 0 0
vn -0.6963106238227914 0.17407765595569777 -0.6963106238227914
vn -0.6963106238227914 0.17407765595569777 -0.6963106238227914
vn -0.6963106238227914 0.17407765595569777 -0.6963106238227914
vn -0.6963106238227914 0.17407765595569777 -0.6963106238227914
vn 0.6963106238227914 0.17407765595569777 -0.6963106238227914
vn 0.6963106238227914 0.17407765595569777 -0.6963106238227914
vn 0.6963106238227914 0.17407765595569777 -0.6963106238227914
vn 0.6963106238227914 0.17407765595569777 -0.6963106238227914
vn 0.6666666666666666 -0.3333333333333334 -0.6666666666666666
vn 0.6666666666666666 -0.3333333333333334 -0.6666666666666666
vn 0.6666666666666666 -0.3333333333333334 -0.6666666666666666
vn 0.6666666666666666 -0.3333333333333334 -0.6666666666666666
vn -0.6666666666666666 -0.3333333333333334 -0.6666666666666666
vn -0.6666666666666666 -0.3333333333333334 -0.6666666666666666
vn -0.6666666666666666 -0.3333333333333334 -0.6666666666666666
vn -0.6666666666666666 -0.3333333333333334 -0.6666666666666666
vn 0.7071067811865475 8.659560562354932e-17 0.7071067811865475
vn 0.7071067811865475 8.659560562354932e-17 0.7071067811865475
vn 0.7071067811865475 8.659560562354932e-17 0.7071067811865475
vn 0.7071067811865475 8.659560562354932e-17 0.7071067811865475
vn -0.7071067811865475 8.659560562354932e-17 0.7071067811865475
vn -0.7071067811865475 8.659560562354932e-17 0.7071067811865475
vn -0.7071067811865475 8.659560562354932e-17 0.7071067811865475
vn -0.7071067811865475 8.659560562354932e-17 0.7071067811865475
vn 0 1 -1.2246467991473532e-16
vn 0 1 -1.2246467991473532e-16
vn 0 1 -1.2246467991473532e-16
vn 0 1 -1.2246467991473532e-16
vn 0 1 -1.2246467991473532e-16
vn 0 1 -1.2246467991473532e-16
vn 0 1 -1.2246467991473532e-16
vn 0 1 -1.2246467991473532e-16
vn 0 1 -1.2246467991473532e-16
vn 0 1 -1.2246467991473532e-16
vn 0 1 -1.2246467991473532e-16
vn 0 1 -1.2246467991473532e-16
vn 0 1 -1.2246467991473532e-16
vn 0 1 -1.2246467991473532e-16
vn 0 1 -1.2246467991473532e-16
vn 0 1 -1.2246467991473532e-16
f 366/366/366 365/365/365 364/364/364
f 369/369/369 368/368/368 367/367/367
f 372/372/372 371/371/371 370/370/370
f 375/375/375 374/374/374 373/373/373
f 378/378/378 377/377/377 376/376/376
f 381/381/381 380/380/380 379/379/379
f 384/384/384 383/383/383 382/382/382
f 387/387/387 386/386/386 385/385/385
f 390/390/390 389/389/389 388/388/388
f 389/389/389 390/390/390 391/391/391
f 394/394/394 393/393/393 392/392/392
f 393/393/393 394/394/394 395/395/395
f 398/398/398 397/397/397 396/396/396
f 397/397/397 398/398/398 399/399/399
f 402/402/402 401/401/401 400/400/400
f 401/401/401 402/402/402 403/403/403
f 406/406/406 405/405/405 404/404/404
f 405/405/405 406/406/406 407/407/407
f 410/410/410 409/409/409 408/408/408
f 409/409/409 410/410/410 411/411/411
f 414/414/414 413/413/413 412/412/412
f 413/413/413 414/414/414 415/415/415
f 418/418/418 417/417/417 416/416/416
f 417/417/417 418/418/418 419/419/419
f 422/422/422 421/421/421 420/420/420
f 421/421/421 422/422/422 423/423/423
f 426/426/426 425/425/425 424/424/424
f 425/425/425 426/426/426 427/427/427
f 430/430/430 429/429/429 428/428/428
f 429/429/429 430/430/430 431/431/431
f 434/434/434 433/433/433 432/432/432
f 433/433/433 434/434/434 435/435/435
f 438/438/438 437/437/437 436/436/436
f 437/437/437 438/438/438 439/439/439
f 442/442/442 441/441/441 440/440/440
f 441/441/441 442/442/442 443/443/443
f 446/446/446 445/445/445 444/444/444
f 445/445/445 446/446/446 447/447/447
f 450/450/450 449/449/449 448/448/448
f 449/449/449 450/450/450 451/451/451
f 454/454/454 453/453/453 452/452/452
f 453/453/453 454/454/454 455/455/455
f 458/458/458 457/457/457 456/456/456
f 457/457/457 458/458/458 459/459/459
f 462/462/462 461/461/461 460/460/460
f 461/461/461 462/462/462 463/463/463
f 466/466/466 465/465/465 464/464/464
f 465/465/465 466/466/466 467/467/467
f 470/470/470 469/469/469 468/468/468
f 469/469/469 470/470/470 471/471/471
f 474/474/474 473/473/473 472/472/472
f 473/473/473 474/474/474 475/475/475
f 478/478/478 477/477/477 476/476/476
f 477/477/477 478/478/478 479/479/479
f 482/482/482 481/481/481 480/480/480
f 481/481/481 482/482/482 483/483/483
f 486/486/486 485/485/485 484/484/484
f 485/485/485 486/486/486 487/487/487
f 490/490/490 489/489/489 488/488/488
f 489/489/489 490/490/490 491/491/491
f 494/494/494 493/493/493 492/492/492
f 493/493/493 494/494/494 495/495/495
f 498/498/498 497/497/497 496/496/496
f 497/497/497 498/498/498 499/499/499
f 502/502/502 501/501/501 500/500/500
f 501/501/501 502/502/502 503/503/503
f 506/506/506 505/505/505 504/504/504
f 505/505/505 506/506/506 507/507/507
f 510/510/510 509/509/509 508/508/508
f 509/509/509 510/510/510 511/511/511
f 514/514/514 513/513/513 512/512/512
f 513/513/513 514/514/514 515/515/515
f 518/518/518 517/517/517 516/516/516
f 517/517/517 518/518/518 519/519/519
f 522/522/522 521/521/521 520/520/520
f 521/521/521 522/522/522 523/523/523
f 526/526/526 525/525/525 524/524/524
f 525/525/525 526/526/526 527/527/527
f 530/530/530 529/529/529 528/528/528
f 529/529/529 530/530/530 531/531/531
f 534/534/534 533/533/533 532/532/532
f 533/533/533 534/534/534 535/535/535
f 538/538/538 537/537/537 536/536/536
f 537/537/537 538/538/538 539/539/539
f 542/542/542 541/541/541 540/540/540
f 541/541/541 542/542/542 543/543/543
o mesh_5
usemtl mat5
v 14.4 23.999999999999993 -66.4
v 12.8 25.599999999999994 -65.60000000000001
v 14.4 25.599999999999994 -65.60000000000001
v 4.800000000000001 23.199999999999996 -61.6
v 4.800000000000001 24.799999999999994 -61.6
v 3.2 23.199999999999996 -61.6
v 14.4 23.199999999999996 -60
v 14.4 24.799999999999994 -60
v 12.8 24.799999999999994 -60
v 4.800000000000001 23.999999999999996 -40.800000000000004
v 4.800000000000001 25.599999999999998 -40.800000000000004
v 12.8 23.999999999999996 -40.800000000000004
v 12.8 25.599999999999998 -40.800000000000004
v 14.4 12.799999999999995 -40.800000000000004
v 12.8 12.799999999999995 -40.800000000000004
v 14.4 23.999999999999996 -40.800000000000004
v 12.8 23.999999999999996 -40.800000000000004
v 4.800000000000001 12.799999999999995 -40.800000000000004
v 3.2 12.799999999999995 -40.800000000000004
v 4.800000000000001 23.999999999999996 -40.800000000000004
v 3.2 23.999999999999996 -40.800000000000004
v 3.2 12.799999999999995 -40.800000000000004
v 3.2 12.799999999999995 -42.400000000000006
v 3.2 23.999999999999996 -40.800000000000004
v 3.2 23.999999999999996 -42.400000000000006
v 3.2 25.599999999999998 -42.400000000000006
v 3.2 25.599999999999998 -40.800000000000004
v 3.2 23.999999999999996 -42.400000000000006
v 3.2 23.999999999999996 -40.800000000000004
v 3.2 25.599999999999994 -51.2
v 3.2 25.599999999999998 -42.400000000000006
v 3.2 23.999999999999993 -51.2
v 3.2 23.999999999999996 -42.400000000000006
v 3.2 23.999999999999993 -51.2
v 3.2 23.199999999999996 -60
v 3.2 25.599999999999994 -51.2
v 3.2 24.799999999999994 -60
v 14.4 12.799999999999995 -40.800000000000004
v 14.4 12.799999999999995 -42.400000000000006
v 14.4 -4.9965589405212015e-15 -40.800000000000004
v 14.4 -5.1925024283847775e-15 -42.400000000000006
v 14.4 23.999999999999996 -40.800000000000004
v 14.4 23.999999999999996 -42.400000000000006
v 14.4 12.799999999999995 -40.800000000000004
v 14.4 12.799999999999995 -42.400000000000006
v 3.2 23.199999999999996 -61.6
v 3.2 12.799999999999994 -61.6
v 3.2 23.999999999999993 -64
v 3.2 12.799999999999994 -64
v 14.4 23.999999999999996 -40.800000000000004
v 14.4 25.599999999999998 -40.800000000000004
v 14.4 23.999999999999996 -42.400000000000006
v 14.4 25.599999999999998 -42.400000000000006
v 14.4 23.999999999999993 -51.2
v 14.4 23.999999999999996 -42.400000000000006
v 14.4 25.599999999999994 -51.2
v 14.4 25.599999999999998 -42.400000000000006
v 14.4 24.799999999999994 -60
v 14.4 23.199999999999996 -60
v 14.4 25.599999999999994 -51.2
v 14.4 23.999999999999993 -51.2
v 3.2 -7.34788079488412e-15 -60
v 3.2 -7.543824282747697e-15 -61.6
v 3.2 12.799999999999994 -60
v 3.2 12.799999999999994 -61.6
v 3.2 12.799999999999994 -60
v 3.2 12.799999999999994 -61.6
v 3.2 23.199999999999996 -60
v 3.2 23.199999999999996 -61.6
v 3.2 24.799999999999994 -61.6
v 3.2 24.799999999999994 -60
v 3.2 23.199999999999996 -61.6
v 3.2 23.199999999999996 -60
v 3.2 25.599999999999994 -64
v 3.2 24.799999999999994 -61.6
v 3.2 23.999999999999993 -64
v 3.2 23.199999999999996 -61.6
v 3.2 23.999999999999993 -64
v 3.2 23.99999999999999 -75.2
v 3.2 25.599999999999994 -64
v 3.2 25.59999999999999 -75.2
v 3.2 23.99999999999999 -75.2
v 3.2 23.99999999999999 -76.80000000000001
v 3.2 25.59999999999999 -75.2
v 3.2 25.59999999999999 -76.80000000000001
v 3.2 23.99999999999999 -76.80000000000001
v 3.2 23.99999999999999 -75.2
v 3.2 12.799999999999992 -76.80000000000001
v 3.2 12.799999999999992 -75.2
v 14.4 -9.405287417451674e-15 -76.80000000000001
v 14.4 -9.209343929588097e-15 -75.2
v 14.4 12.799999999999992 -76.80000000000001
v 14.4 12.799999999999992 -75.2
v 12.8 25.599999999999994 -51.2
v 12.8 24.799999999999994 -60
v 4.800000000000001 25.599999999999994 -51.2
v 4.800000000000001 24.799999999999994 -60
v 4.800000000000001 25.599999999999994 -64
v 12.8 25.599999999999994 -65.60000000000001
v 4.800000000000001 25.59999999999999 -75.2
v 12.8 25.59999999999999 -75.2
v 4.800000000000001 25.599999999999994 -51.2
v 4.800000000000001 25.599999999999998 -42.400000000000006
v 12.8 25.599999999999994 -51.2
v 12.8 25.599999999999998 -42.400000000000006
v 3.2 -4.9965589405212015e-15 -40.800000000000004
v 3.2 -5.1925024283847775e-15 -42.400000000000006
v 3.2 12.799999999999995 -40.800000000000004
v 3.2 12.799999999999995 -42.400000000000006
v 12.8 -5.1925024283847775e-15 -42.400000000000006
v 14.4 -5.1925024283847775e-15 -42.400000000000006
v 12.8 12.799999999999995 -42.400000000000006
v 14.4 12.799999999999995 -42.400000000000006
v 3.2 23.999999999999993 -51.2
v 3.2 23.999999999999996 -42.400000000000006
v 4.800000000000001 25.599999999999994 -51.2
v 4.800000000000001 25.599999999999998 -42.400000000000006
v 12.8 -4.9965589405212015e-15 -40.800000000000004
v 12.8 -5.1925024283847775e-15 -42.400000000000006
v 12.8 12.799999999999995 -40.800000000000004
v 12.8 12.799999999999995 -42.400000000000006
v 4.800000000000001 -5.1925024283847775e-15 -42.400000000000006
v 4.800000000000001 -4.9965589405212015e-15 -40.800000000000004
v 4.800000000000001 12.799999999999995 -42.400000000000006
v 4.800000000000001 12.799999999999995 -40.800000000000004
v 12.8 12.799999999999995 -42.400000000000006
v 14.4 12.799999999999995 -42.400000000000006
v 12.8 25.599999999999998 -42.400000000000006
v 14.4 23.999999999999996 -42.400000000000006
v 4.800000000000001 25.599999999999998 -42.400000000000006
v 4.800000000000001 23.999999999999996 -40.800000000000004
v 12.8 25.599999999999998 -42.400000000000006
v 12.8 23.999999999999996 -40.800000000000004
v 3.2 12.799999999999995 -42.400000000000006
v 4.800000000000001 12.799999999999995 -42.400000000000006
v 3.2 23.999999999999996 -42.400000000000006
v 4.800000000000001 25.599999999999998 -42.400000000000006
v 4.800000000000001 12.799999999999995 -42.400000000000006
v 4.800000000000001 12.799999999999995 -40.800000000000004
v 4.800000000000001 25.599999999999998 -42.400000000000006
v 4.800000000000001 23.999999999999996 -40.800000000000004
v 12.8 12.799999999999995 -40.800000000000004
v 12.8 12.799999999999995 -42.400000000000006
v 12.8 23.999999999999996 -40.800000000000004
v 12.8 25.599999999999998 -42.400000000000006
v 3.2 -5.1925024283847775e-15 -42.400000000000006
v 4.800000000000001 -5.1925024283847775e-15 -42.400000000000006
v 3.2 12.799999999999995 -42.400000000000006
v 4.800000000000001 12.799999999999995 -42.400000000000006
v 12.8 12.799999999999992 -75.2
v 14.4 12.799999999999992 -75.2
v 12.8 -9.209343929588097e-15 -75.2
v 14.4 -9.209343929588097e-15 -75.2
v 4.800000000000001 25.599999999999994 -64
v 4.800000000000001 25.59999999999999 -75.2
v 3.2 23.999999999999993 -64
v 3.2 23.99999999999999 -75.2
v 12.8 12.799999999999992 -76.80000000000001
v 12.8 12.799999999999992 -75.2
v 12.8 -9.405287417451674e-15 -76.80000000000001
v 12.8 -9.209343929588097e-15 -75.2
v 4.800000000000001 12.799999999999992 -75.2
v 4.800000000000001 12.799999999999992 -76.80000000000001
v 4.800000000000001 -9.209343929588097e-15 -75.2
v 4.800000000000001 -9.405287417451674e-15 -76.80000000000001
v 12.8 25.59999999999999 -75.2
v 14.4 23.99999999999999 -75.2
v 12.8 12.799999999999992 -75.2
v 14.4 12.799999999999992 -75.2
v 12.8 25.59999999999999 -75.2
v 12.8 23.99999999999999 -76.80000000000001
v 4.800000000000001 25.59999999999999 -75.2
v 4.800000000000001 23.99999999999999 -76.80000000000001
v 3.2 23.99999999999999 -75.2
v 4.800000000000001 25.59999999999999 -75.2
v 3.2 12.799999999999992 -75.2
v 4.800000000000001 12.799999999999992 -75.2
v 4.800000000000001 25.59999999999999 -75.2
v 4.800000000000001 23.99999999999999 -76.80000000000001
v 4.800000000000001 12.799999999999992 -75.2
v 4.800000000000001 12.799999999999992 -76.80000000000001
v 12.8 23.99999999999999 -76.80000000000001
v 12.8 25.59999999999999 -75.2
v 12.8 12.799999999999992 -76.80000000000001
v 12.8 12.799999999999992 -75.2
v 3.2 12.799999999999992 -75.2
v 4.800000000000001 12.799999999999992 -75.2
v 3.2 -9.209343929588097e-15 -75.2
v 4.800000000000001 -9.209343929588097e-15 -75.2
v 3.2 12.799999999999992 -76.80000000000001
v 3.2 12.799999999999992 -75.2
v 3.2 -9.405287417451674e-15 -76.80000000000001
v 3.2 -9.209343929588097e-15 -75.2
v 12.8 23.99999999999999 -76.80000000000001
v 4.800000000000001 23.99999999999999 -76.80000000000001
v 12.8 12.799999999999992 -76.80000000000001
v 4.800000000000001 12.799999999999992 -76.80000000000001
v 4.800000000000001 12.799999999999992 -76.80000000000001
v 3.2 12.799999999999992 -76.80000000000001
v 4.800000000000001 -9.405287417451674e-15 -76.80000000000001
v 3.2 -9.405287417451674e-15 -76.80000000000001
v 4.800000000000001 23.99999999999999 -76.80000000000001
v 3.2 23.99999999999999 -76.80000000000001
v 4.800000000000001 12.799999999999992 -76.80000000000001
v 3.2 12.799999999999992 -76.80000000000001
v 4.800000000000001 23.99999999999999 -76.80000000000001
v 4.800000000000001 25.59999999999999 -76.80000000000001
v 3.2 23.99999999999999 -76.80000000000001
v 3.2 25.59999999999999 -76.80000000000001
v 12.8 23.99999999999999 -76.80000000000001
v 12.8 25.59999999999999 -76.80000000000001
v 4.800000000000001 23.99999999999999 -76.80000000000001
v 4.800000000000001 25.59999999999999 -76.80000000000001
v 14.4 23.99999999999999 -76.80000000000001
v 14.4 25.59999999999999 -76.80000000000001
v 12.8 23.99999999999999 -76.80000000000001
v 12.8 25.59999999999999 -76.80000000000001
v 4.800000000000001 -7.34788079488412e-15 -60
v 3.2 -7.34788079488412e-15 -60
v 4.800000000000001 12.799999999999994 -60
v 3.2 12.799999999999994 -60
v 4.800000000000001 -7.543824282747697e-15 -61.6
v 4.800000000000001 -7.34788079488412e-15 -60
v 4.800000000000001 12.799999999999994 -61.6
v 4.800000000000001 12.799999999999994 -60
v 4.800000000000001 25.599999999999994 -51.2
v 4.800000000000001 24.799999999999994 -60
v 3.2 23.999999999999993 -51.2
v 3.2 23.199999999999996 -60
v 4.800000000000001 23.199999999999996 -61.6
v 4.800000000000001 12.799999999999994 -61.6
v 4.800000000000001 23.199999999999996 -60
v 4.800000000000001 12.799999999999994 -60
v 4.800000000000001 23.199999999999996 -60
v 4.800000000000001 12.799999999999994 -60
v 3.2 23.199999999999996 -60
v 3.2 12.799999999999994 -60
v 3.2 -7.543824282747697e-15 -61.6
v 4.800000000000001 -7.543824282747697e-15 -61.6
v 3.2 12.799999999999994 -61.6
v 4.800000000000001 12.799999999999994 -61.6
v 3.2 23.999999999999993 -64
v 3.2 23.199999999999996 -61.6
v 4.800000000000001 25.599999999999994 -64
v 4.800000000000001 24.799999999999994 -61.6
v 11.200000000000001 22.399999999999995 -61.6
v 11.200000000000001 23.999999999999993 -61.6
v 11.200000000000001 22.399999999999995 -63.2
v 11.200000000000001 23.999999999999993 -63.2
v 3.2 23.199999999999996 -61.6
v 3.2 12.799999999999994 -61.6
v 4.800000000000001 23.199999999999996 -61.6
v 4.800000000000001 12.799999999999994 -61.6
v 11.200000000000001 23.999999999999993 -61.6
v 11.200000000000001 22.399999999999995 -61.6
v 4.800000000000001 24.799999999999994 -60
v 4.800000000000001 23.199999999999996 -60
v 11.200000000000001 22.399999999999995 -63.2
v 11.200000000000001 23.999999999999993 -63.2
v 4.800000000000001 23.199999999999996 -61.6
v 4.800000000000001 24.799999999999994 -61.6
v 11.200000000000001 22.399999999999995 -61.6
v 11.200000000000001 22.399999999999995 -63.2
v 4.800000000000001 23.199999999999996 -60
v 4.800000000000001 23.199999999999996 -61.6
v 3.2 12.799999999999994 -61.6
v 3.2 23.199999999999996 -61.6
v 3.2 12.799999999999994 -64
v 3.2 23.999999999999993 -64
v 4.800000000000001 23.99999999999999 -76.80000000000001
v 12.8 23.99999999999999 -76.80000000000001
v 4.800000000000001 12.799999999999992 -76.80000000000001
v 12.8 12.799999999999992 -76.80000000000001
v 14.4 23.99999999999999 -76.80000000000001
v 12.8 23.99999999999999 -76.80000000000001
v 14.4 12.799999999999992 -76.80000000000001
v 12.8 12.799999999999992 -76.80000000000001
v 14.4 12.799999999999992 -76.80000000000001
v 12.8 12.799999999999992 -76.80000000000001
v 14.4 -9.405287417451674e-15 -76.80000000000001
v 12.8 -9.405287417451674e-15 -76.80000000000001
v 11.200000000000001 23.999999999999993 -63.2
v 11.200000000000001 23.999999999999993 -61.6
v 4.800000000000001 24.799999999999994 -61.6
v 4.800000000000001 24.799999999999994 -60
v 4.800000000000001 25.59999999999999 -75.2
v 12.8 25.59999999999999 -75.2
v 4.800000000000001 25.599999999999994 -64
v 12.8 25.599999999999994 -65.60000000000001
v 4.800000000000001 25.599999999999994 -51.2
v 4.800000000000001 24.799999999999994 -60
v 12.8 25.599999999999994 -51.2
v 12.8 24.799999999999994 -60
v 12.8 25.599999999999994 -51.2
v 12.8 25.599999999999998 -42.400000000000006
v 4.800000000000001 25.599999999999994 -51.2
v 4.800000000000001 25.599999999999998 -42.400000000000006
v 12.8 24.799999999999994 -60
v 14.4 24.799999999999994 -60
v 12.8 25.599999999999994 -51.2
v 14.4 25.599999999999994 -51.2
v 14.4 25.599999999999994 -51.2
v 14.4 25.599999999999998 -42.400000000000006
v 12.8 25.599999999999994 -51.2
v 12.8 25.599999999999998 -42.400000000000006
v 12.8 25.599999999999998 -42.400000000000006
v 14.4 25.599999999999998 -42.400000000000006
v 12.8 25.599999999999998 -40.800000000000004
v 14.4 25.599999999999998 -40.800000000000004
v 12.8 25.599999999999998 -40.800000000000004
v 4.800000000000001 25.599999999999998 -40.800000000000004
v 12.8 25.599999999999998 -42.400000000000006
v 4.800000000000001 25.599999999999998 -42.400000000000006
v 4.800000000000001 25.599999999999998 -40.800000000000004
v 3.2 25.599999999999998 -40.800000000000004
v 4.800000000000001 25.599999999999998 -42.400000000000006
v 3.2 25.599999999999998 -42.400000000000006
v 4.800000000000001 25.599999999999994 -51.2
v 4.800000000000001 25.599999999999998 -42.400000000000006
v 3.2 25.599999999999994 -51.2
v 3.2 25.599999999999998 -42.400000000000006
v 3.2 25.599999999999994 -51.2
v 3.2 24.799999999999994 -60
v 4.800000000000001 25.599999999999994 -51.2
v 4.800000000000001 24.799999999999994 -60
v 4.800000000000001 24.799999999999994 -61.6
v 4.800000000000001 24.799999999999994 -60
v 3.2 24.799999999999994 -61.6
v 3.2 24.799999999999994 -60
v 4.800000000000001 25.599999999999994 -64
v 4.800000000000001 24.799999999999994 -61.6
v 3.2 25.599999999999994 -64
v 3.2 24.799999999999994 -61.6
v 3.2 25.599999999999994 -64
v 3.2 25.59999999999999 -75.2
v 4.800000000000001 25.599999999999994 -64
v 4.800000000000001 25.59999999999999 -75.2
v 4.800000000000001 25.59999999999999 -75.2
v 3.2 25.59999999999999 -75.2
v 4.800000000000001 25.59999999999999 -76.80000000000001
v 3.2 25.59999999999999 -76.80000000000001
v 12.8 25.59999999999999 -75.2
v 4.800000000000001 25.59999999999999 -75.2
v 12.8 25.59999999999999 -76.80000000000001
v 4.800000000000001 25.59999999999999 -76.80000000000001
v 12.8 25.59999999999999 -76.80000000000001
v 14.4 25.59999999999999 -76.80000000000001
v 12.8 25.59999999999999 -75.2
v 14.4 25.59999999999999 -75.2
v 12.8 25.599999999999994 -65.60000000000001
v 12.8 25.59999999999999 -75.2
v 14.4 25.599999999999994 -65.60000000000001
v 14.4 25.59999999999999 -75.2
v 14.4 25.599999999999994 -65.60000000000001
v 14.4 25.59999999999999 -75.2
v 14.4 23.999999999999993 -66.4
v 14.4 23.99999999999999 -75.2
v 14.4 23.99999999999999 -75.2
v 14.4 25.59999999999999 -75.2
v 14.4 23.99999999999999 -76.80000000000001
v 14.4 25.59999999999999 -76.80000000000001
v 14.4 12.799999999999992 -76.80000000000001
v 14.4 12.799999999999992 -75.2
v 14.4 23.99999999999999 -76.80000000000001
v 14.4 23.99999999999999 -75.2
vt 0.125 0.1328125
vt 0.1171875 0.125
vt 0.125 0.125
vt 0 0.2421875
vt 0 0.2265625
vt 0.015625 0.2421875
vt 0.1171875 0.1328125
vt 0.1171875 0.125
vt 0.125 0.125
vt 0.1171875 0.2421875
vt 0.1015625 0.2421875
vt 0.1171875 0.15625
vt 0.1015625 0.15625
vt 0.1171875 0.2421875
vt 0.1015625 0.2421875
vt 0.1171875 0.125
vt 0.1015625 0.125
vt 0.1171875 0.2421875
vt 0.1015625 0.2421875
vt 0.1171875 0.125
vt 0.1015625 0.125
vt 0.1015625 0.2421875
vt 0.1171875 0.2421875
vt 0.1015625 0.1484375
vt 0.1171875 0.1484375
vt 0 0.2265625
vt 0.015625 0.2265625
vt 0 0.2421875
vt 0.015625 0.2421875
vt 0.1015625 0.2421875
vt 0.1015625 0.1328125
vt 0.1171875 0.2421875
vt 0.1171875 0.1328125
vt 0.1171875 0.1328125
vt 0.1171875 0.2421875
vt 0.1015625 0.1328125
vt 0.1015625 0.2421875
vt 0.1171875 0.1328125
vt 0.1015625 0.1328125
vt 0.1171875 0.2421875
vt 0.1015625 0.2421875
vt 0.1171875 0.1484375
vt 0.1015625 0.1484375
vt 0.1171875 0.2421875
vt 0.1015625 0.2421875
vt 0.0859375 0.1328125
vt 0.0859375 0.2421875
vt 0.0625 0.125
vt 0.0625 0.2421875
vt 0 0.2421875
vt 0 0.2265625
vt 0.015625 0.2421875
vt 0.015625 0.2265625
vt 0.1171875 0.2421875
vt 0.1171875 0.1484375
vt 0.1015625 0.2421875
vt 0.1015625 0.1484375
vt 0.1015625 0.2421875
vt 0.1171875 0.2421875
vt 0.1015625 0.1328125
vt 0.1171875 0.1328125
vt 0.1171875 0.2421875
vt 0.1015625 0.2421875
vt 0.1171875 0.1328125
vt 0.1015625 0.1328125
vt 0.1015625 0.2421875
vt 0.1171875 0.2421875
vt 0.1015625 0.1484375
vt 0.1171875 0.1484375
vt 0 0.2265625
vt 0.015625 0.2265625
vt 0 0.2421875
vt 0.015625 0.2421875
vt 0.1015625 0.2421875
vt 0.1015625 0.21875
vt 0.1171875 0.2421875
vt 0.1171875 0.21875
vt 0.1171875 0.1328125
vt 0.1171875 0.2421875
vt 0.1015625 0.1328125
vt 0.1015625 0.2421875
vt 0.015625 0.2421875
vt 0 0.2421875
vt 0.015625 0.2265625
vt 0 0.2265625
vt 0.1171875 0.1484375
vt 0.1015625 0.1484375
vt 0.1171875 0.2421875
vt 0.1015625 0.2421875
vt 0.1015625 0.2421875
vt 0.1171875 0.2421875
vt 0.1015625 0.1328125
vt 0.1171875 0.1328125
vt 0.125 0
vt 0.125 0.1171875
vt 0.2421875 0
vt 0.2421875 0.1171875
vt 0.2421875 0.0859375
vt 0.125 0.1171875
vt 0.2421875 0.2421875
vt 0.125 0.2421875
vt 0.1171875 0.1171875
vt 0.1171875 0
vt 0 0.1171875
vt 0 0
vt 0.1015625 0.2421875
vt 0.1171875 0.2421875
vt 0.1015625 0.1328125
vt 0.1171875 0.1328125
vt 0.1171875 0.2421875
vt 0.1015625 0.2421875
vt 0.1171875 0.1328125
vt 0.1015625 0.1328125
vt 0.1171875 0.15625
vt 0.1171875 0.2421875
vt 0.1015625 0.15625
vt 0.1015625 0.2421875
vt 0.1015625 0.2421875
vt 0.1171875 0.2421875
vt 0.1015625 0.1328125
vt 0.1171875 0.1328125
vt 0.1015625 0.2421875
vt 0.1171875 0.2421875
vt 0.1015625 0.1328125
vt 0.1171875 0.1328125
vt 0.1171875 0.2421875
vt 0.1015625 0.2421875
vt 0.1171875 0.140625
vt 0.1015625 0.15625
vt 0.1171875 0.15625
vt 0.1015625 0.15625
vt 0.1171875 0.2421875
vt 0.1015625 0.2421875
vt 0.1171875 0.2421875
vt 0.1015625 0.2421875
vt 0.1171875 0.1484375
vt 0.1015625 0.1328125
vt 0.1015625 0.2421875
vt 0.1171875 0.2421875
vt 0.1015625 0.1328125
vt 0.1171875 0.1484375
vt 0.1015625 0.2421875
vt 0.1171875 0.2421875
vt 0.1015625 0.1484375
vt 0.1171875 0.1328125
vt 0.1171875 0.2421875
vt 0.1015625 0.2421875
vt 0.1171875 0.1328125
vt 0.1015625 0.1328125
vt 0.1015625 0.1328125
vt 0.1171875 0.1328125
vt 0.1015625 0.2421875
vt 0.1171875 0.2421875
vt 0.1171875 0.2421875
vt 0.1171875 0.1328125
vt 0.1015625 0.2421875
vt 0.1015625 0.1328125
vt 0.1171875 0.1328125
vt 0.1015625 0.1328125
vt 0.1171875 0.2421875
vt 0.1015625 0.2421875
vt 0.1171875 0.1328125
vt 0.1015625 0.1328125
vt 0.1171875 0.2421875
vt 0.1015625 0.2421875
vt 0.1015625 0.1328125
vt 0.1171875 0.1328125
vt 0.1015625 0.2421875
vt 0.1171875 0.2421875
vt 0.1171875 0.2421875
vt 0.1015625 0.2421875
vt 0.1171875 0.15625
vt 0.1015625 0.15625
vt 0.1015625 0.1328125
vt 0.1171875 0.1328125
vt 0.1015625 0.2421875
vt 0.1171875 0.2421875
vt 0.1171875 0.1328125
vt 0.1015625 0.1484375
vt 0.1171875 0.2421875
vt 0.1015625 0.2421875
vt 0.1171875 0.1484375
vt 0.1015625 0.1328125
vt 0.1171875 0.2421875
vt 0.1015625 0.2421875
vt 0.1015625 0.1328125
vt 0.1171875 0.1328125
vt 0.1015625 0.2421875
vt 0.1171875 0.2421875
vt 0.1171875 0.1328125
vt 0.1015625 0.1328125
vt 0.1171875 0.2421875
vt 0.1015625 0.2421875
vt 0.1328125 0.0625
vt 0.234375 0.0625
vt 0.1328125 0.2421875
vt 0.234375 0.2421875
vt 0.1015625 0.125
vt 0.1171875 0.125
vt 0.1015625 0.2421875
vt 0.1171875 0.2421875
vt 0.1015625 0.1328125
vt 0.1171875 0.1328125
vt 0.1015625 0.2421875
vt 0.1171875 0.2421875
vt 0 0.2421875
vt 0 0.2265625
vt 0.015625 0.2421875
vt 0.015625 0.2265625
vt 0.1171875 0.2421875
vt 0.1015625 0.2421875
vt 0.1171875 0.171875
vt 0.1015625 0.171875
vt 0 0.2421875
vt 0 0.2265625
vt 0.015625 0.2421875
vt 0.015625 0.2265625
vt 0.109375 0.2421875
vt 0.09375 0.2421875
vt 0.109375 0.1328125
vt 0.09375 0.1328125
vt 0.1015625 0.2421875
vt 0.1171875 0.2421875
vt 0.1015625 0.1328125
vt 0.1171875 0.1328125
vt 0.1015625 0.2421875
vt 0.1015625 0.15625
vt 0.1171875 0.2421875
vt 0.1171875 0.15625
vt 0.1015625 0.1484375
vt 0.1015625 0.2421875
vt 0.1171875 0.1484375
vt 0.1171875 0.2421875
vt 0.1171875 0.1484375
vt 0.1171875 0.2421875
vt 0.1015625 0.1484375
vt 0.1015625 0.2421875
vt 0.1171875 0.2421875
vt 0.1015625 0.2421875
vt 0.1171875 0.1328125
vt 0.1015625 0.1328125
vt 0.1015625 0.15625
vt 0.1015625 0.1328125
vt 0.1171875 0.15625
vt 0.1171875 0.1328125
vt 0.1171875 0.1328125
vt 0.1171875 0.125
vt 0.125 0.1328125
vt 0.125 0.125
vt 0.1171875 0.1484375
vt 0.1171875 0.2421875
vt 0.1015625 0.1484375
vt 0.1015625 0.2421875
vt 0.1171875 0.2421875
vt 0.1015625 0.2421875
vt 0.1171875 0.15625
vt 0.1015625 0.15625
vt 0.1171875 0.2421875
vt 0.1015625 0.2421875
vt 0.1171875 0.15625
vt 0.1015625 0.15625
vt 0.1015625 0.2421875
vt 0.1171875 0.2421875
vt 0.1015625 0.15625
vt 0.1171875 0.15625
vt 0.1171875 0.2421875
vt 0.1171875 0.1328125
vt 0.1015625 0.2421875
vt 0.1015625 0.125
vt 0.2421875 0.0625
vt 0.125 0.0625
vt 0.2421875 0.2421875
vt 0.125 0.2421875
vt 0.1015625 0.1328125
vt 0.1171875 0.1328125
vt 0.1015625 0.2421875
vt 0.1171875 0.2421875
vt 0.1015625 0.1328125
vt 0.1171875 0.1328125
vt 0.1015625 0.2421875
vt 0.1171875 0.2421875
vt 0.1015625 0.2421875
vt 0.1171875 0.2421875
vt 0.1015625 0.15625
vt 0.1171875 0.15625
vt 0.234375 0.2421875
vt 0.1328125 0.2421875
vt 0.234375 0.0859375
vt 0.1328125 0.1171875
vt 0.234375 0
vt 0.234375 0.1171875
vt 0.1328125 0
vt 0.1328125 0.1171875
vt 0.0078125 0.1171875
vt 0.0078125 0
vt 0.109375 0.1171875
vt 0.109375 0
vt 0.1171875 0.2421875
vt 0.1015625 0.2421875
vt 0.1171875 0.1328125
vt 0.1015625 0.1328125
vt 0.1015625 0.2421875
vt 0.1015625 0.15625
vt 0.1171875 0.2421875
vt 0.1171875 0.15625
vt 0.015625 0.2421875
vt 0 0.2421875
vt 0.015625 0.2265625
vt 0 0.2265625
vt 0.1171875 0.1484375
vt 0.1171875 0.2421875
vt 0.1015625 0.1484375
vt 0.1015625 0.2421875
vt 0 0.2265625
vt 0.015625 0.2265625
vt 0 0.2421875
vt 0.015625 0.2421875
vt 0.1015625 0.2421875
vt 0.1015625 0.1484375
vt 0.1171875 0.2421875
vt 0.1171875 0.1484375
vt 0.1171875 0.1328125
vt 0.1171875 0.2421875
vt 0.1015625 0.1328125
vt 0.1015625 0.2421875
vt 0.015625 0.2421875
vt 0 0.2421875
vt 0.015625 0.2265625
vt 0 0.2265625
vt 0.1015625 0.140625
vt 0.1015625 0.1796875
vt 0.1171875 0.140625
vt 0.1171875 0.1796875
vt 0.1171875 0.1328125
vt 0.1171875 0.2421875
vt 0.1015625 0.1328125
vt 0.1015625 0.2421875
vt 0.015625 0.2421875
vt 0 0.2421875
vt 0.015625 0.2265625
vt 0 0.2265625
vt 0.1171875 0.171875
vt 0.1171875 0.2421875
vt 0.1015625 0.171875
vt 0.1015625 0.2421875
vt 0 0.2265625
vt 0.015625 0.2265625
vt 0 0.2421875
vt 0.015625 0.2421875
vt 0.1171875 0.1328125
vt 0.1171875 0.2421875
vt 0.1015625 0.1328125
vt 0.1015625 0.2421875
vt 0.1015625 0.2421875
vt 0.1015625 0.1484375
vt 0.1171875 0.234375
vt 0.1171875 0.1484375
vt 0 0.2421875
vt 0 0.2265625
vt 0.015625 0.2421875
vt 0.015625 0.2265625
vt 0.1015625 0.2421875
vt 0.1171875 0.2421875
vt 0.1015625 0.1484375
vt 0.1171875 0.1484375
vn 0 -0.4472135954999579 0.894427190999916
vn 0 -0.4472135954999579 0.894427190999916
vn 0 -0.4472135954999579 0.894427190999916
vn 0 -1.2246467991473532e-16 -1
vn 0 -1.2246467991473532e-16 -1
vn 0 -1.2246467991473532e-16 -1
vn 0 -1.2246467991473532e-16 -1
vn 0 -1.2246467991473532e-16 -1
vn 0 -1.2246467991473532e-16 -1
vn 0 1.2246467991473532e-16 1
vn 0 1.2246467991473532e-16 1
vn 0 1.2246467991473532e-16 1
vn 0 1.2246467991473532e-16 1
vn 0 1.2246467991473532e-16 1
vn 0 1.2246467991473532e-16 1
vn 0 1.2246467991473532e-16 1
vn 0 1.2246467991473532e-16 1
vn 0 1.2246467991473532e-16 1
vn 0 1.2246467991473532e-16 1
vn 0 1.2246467991473532e-16 1
vn 0 1.2246467991473532e-16 1
vn -1 0 0
vn -1 0 0
vn -1 0 0
vn -1 0 0
vn -1 0 0
vn -1 0 0
vn -1 0 0
vn -1 0 0
vn -1 0 0
vn -1 0 0
vn -1 0 0
vn -1 0 0
vn -1 0 0
vn -1 0 0
vn -1 0 0
vn -1 0 0
vn 1 0 0
vn 1 0 0
vn 1 0 0
vn 1 0 0
vn 1 0 0
vn 1 0 0
vn 1 0 0
vn 1 0 0
vn -1 0 0
vn -1 0 0
vn -1 0 0
vn -1 0 0
vn 1 0 0
vn 1 0 0
vn 1 0 0
vn 1 0 0
vn 1 0 0
vn 1 0 0
vn 1 0 0
vn 1 0 0
vn 1 0 0
vn 1 0 0
vn 1 0 0
vn 1 0 0
vn -1 0 0
vn -1 0 0
vn -1 0 0
vn -1 0 0
vn -1 0 0
vn -1 0 0
vn -1 0 0
vn -1 0 0
vn -1 0 0
vn -1 0 0
vn -1 0 0
vn -1 0 0
vn -1 0 0
vn -1 0 0
vn -1 0 0
vn -1 0 0
vn -1 0 0
vn -1 0 0
vn -1 0 0
vn -1 0 0
vn -1 0 0
vn -1 0 0
vn -1 0 0
vn -1 0 0
vn -1 0 0
vn -1 0 0
vn -1 0 0
vn -1 0 0
vn 1 0 0
vn 1 0 0
vn 1 0 0
vn 1 0 0
vn 0 -0.9958932063455632 0.09053574738606601
vn 0 -0.9958932063455632 0.09053574738606601
vn 0 -0.9958932063455632 0.09053574738606601
vn 0 -0.9958932063455632 0.09053574738606601
vn 0 -1 1.2246467991473532e-16
vn 0 -1 1.2246467991473532e-16
vn 0 -1 1.2246467991473532e-16
vn 0 -1 1.2246467991473532e-16
vn 0 -1 1.2246467991473532e-16
vn 0 -1 1.2246467991473532e-16
vn 0 -1 1.2246467991473532e-16
vn 0 -1 1.2246467991473532e-16
vn -1 0 0
vn -1 0 0
vn -1 0 0
vn -1 0 0
vn 0 -1.2246467991473532e-16 -1
vn 0 -1.2246467991473532e-16 -1
vn 0 -1.2246467991473532e-16 -1
vn 0 -1.2246467991473532e-16 -1
vn 0.7071067811865475 -0.7071067811865475 8.659560562354932e-17
vn 0.7071067811865475 -0.7071067811865475 8.659560562354932e-17
vn 0.7071067811865475 -0.7071067811865475 8.659560562354932e-17
vn 0.7071067811865475 -0.7071067811865475 8.659560562354932e-17
vn -1 0 0
vn -1 0 0
vn -1 0 0
vn -1 0 0
vn 1 0 0
vn 1 0 0
vn 1 0 0
vn 1 0 0
vn 0 -1.2246467991473532e-16 -1
vn 0 -1.2246467991473532e-16 -1
vn 0 -1.2246467991473532e-16 -1
vn 0 -1.2246467991473532e-16 -1
vn 0 -0.7071067811865476 -0.7071067811865475
vn 0 -0.7071067811865476 -0.7071067811865475
vn 0 -0.7071067811865476 -0.7071067811865475
vn 0 -0.7071067811865476 -0.7071067811865475
vn 0 -1.2246467991473532e-16 -1
vn 0 -1.2246467991473532e-16 -1
vn 0 -1.2246467991473532e-16 -1
vn 0 -1.2246467991473532e-16 -1
vn 1 0 0
vn 1 0 0
vn 1 0 0
vn 1 0 0
vn -1 0 0
vn -1 0 0
vn -1 0 0
vn -1 0 0
vn 0 -1.2246467991473532e-16 -1
vn 0 -1.2246467991473532e-16 -1
vn 0 -1.2246467991473532e-16 -1
vn 0 -1.2246467991473532e-16 -1
vn 0 1.2246467991473532e-16 1
vn 0 1.2246467991473532e-16 1
vn 0 1.2246467991473532e-16 1
vn 0 1.2246467991473532e-16 1
vn 0.7071067811865475 -0.7071067811865475 8.659560562354932e-17
vn 0.7071067811865475 -0.7071067811865475 8.659560562354932e-17
vn 0.7071067811865475 -0.7071067811865475 8.659560562354932e-17
vn 0.7071067811865475 -0.7071067811865475 8.659560562354932e-17
vn -1 0 0
vn -1 0 0
vn -1 0 0
vn -1 0 0
vn 1 0 0
vn 1 0 0
vn 1 0 0
vn 1 0 0
vn 0 1.2246467991473532e-16 1
vn 0 1.2246467991473532e-16 1
vn 0 1.2246467991473532e-16 1
vn 0 1.2246467991473532e-16 1
vn 0 -0.7071067811865475 0.7071067811865476
vn 0 -0.7071067811865475 0.7071067811865476
vn 0 -0.7071067811865475 0.7071067811865476
vn 0 -0.7071067811865475 0.7071067811865476
vn 0 1.2246467991473532e-16 1
vn 0 1.2246467991473532e-16 1
vn 0 1.2246467991473532e-16 1
vn 0 1.2246467991473532e-16 1
vn 1 0 0
vn 1 0 0
vn 1 0 0
vn 1 0 0
vn -1 0 0
vn -1 0 0
vn -1 0 0
vn -1 0 0
vn 0 1.2246467991473532e-16 1
vn 0 1.2246467991473532e-16 1
vn 0 1.2246467991473532e-16 1
vn 0 1.2246467991473532e-16 1
vn -1 0 0
vn -1 0 0
vn -1 0 0
vn -1 0 0
vn 0 -1.2246467991473532e-16 -1
vn 0 -1.2246467991473532e-16 -1
vn 0 -1.2246467991473532e-16 -1
vn 0 -1.2246467991473532e-16 -1
vn 0 -1.2246467991473532e-16 -1
vn 0 -1.2246467991473532e-16 -1
vn 0 -1.2246467991473532e-16 -1
vn 0 -1.2246467991473532e-16 -1
vn 0 -1.2246467991473532e-16 -1
vn 0 -1.2246467991473532e-16 -1
vn 0 -1.2246467991473532e-16 -1
vn 0 -1.2246467991473532e-16 -1
vn 0 -1.2246467991473532e-16 -1
vn 0 -1.2246467991473532e-16 -1
vn 0 -1.2246467991473532e-16 -1
vn 0 -1.2246467991473532e-16 -1
vn 0 -1.2246467991473532e-16 -1
vn 0 -1.2246467991473532e-16 -1
vn 0 -1.2246467991473532e-16 -1
vn 0 -1.2246467991473532e-16 -1
vn 0 -1.2246467991473532e-16 -1
vn 0 -1.2246467991473532e-16 -1
vn 0 -1.2246467991473532e-16 -1
vn 0 -1.2246467991473532e-16 -1
vn 0 1.2246467991473532e-16 1
vn 0 1.2246467991473532e-16 1
vn 0 1.2246467991473532e-16 1
vn 0 1.2246467991473532e-16 1
vn 1 0 0
vn 1 0 0
vn 1 0 0
vn 1 0 0
vn 0.705650329101525 -0.705650329101525 0.06415002788634402
vn 0.705650329101525 -0.705650329101525 0.06415002788634402
vn 0.705650329101525 -0.705650329101525 0.06415002788634402
vn 0.705650329101525 -0.705650329101525 0.06415002788634402
vn 1 0 0
vn 1 0 0
vn 1 0 0
vn 1 0 0
vn 0 1.2246467991473532e-16 1
vn 0 1.2246467991473532e-16 1
vn 0 1.2246467991473532e-16 1
vn 0 1.2246467991473532e-16 1
vn 0 -1.2246467991473532e-16 -1
vn 0 -1.2246467991473532e-16 -1
vn 0 -1.2246467991473532e-16 -1
vn 0 -1.2246467991473532e-16 -1
vn 0.6882472023959569 -0.6882472023959569 -0.22941572916493183
vn 0.6882472023959569 -0.6882472023959569 -0.22941572916493183
vn 0.6882472023959569 -0.6882472023959569 -0.22941572916493183
vn 0.6882472023959569 -0.6882472023959569 -0.22941572916493183
vn 1 0 0
vn 1 0 0
vn 1 0 0
vn 1 0 0
vn 0 -1.2246467991473532e-16 -1
vn 0 -1.2246467991473532e-16 -1
vn 0 -1.2246467991473532e-16 -1
vn 0 -1.2246467991473532e-16 -1
vn 0.24253562503633297 1.1880819075197913e-16 0.9701425001453319
vn 0.24253562503633297 1.1880819075197913e-16 0.9701425001453319
vn 0.24253562503633297 1.1880819075197913e-16 0.9701425001453319
vn 0.24253562503633297 1.1880819075197913e-16 0.9701425001453319
vn -0.24253562503633297 -1.1880819075197913e-16 -0.9701425001453319
vn -0.24253562503633297 -1.1880819075197913e-16 -0.9701425001453319
vn -0.24253562503633297 -1.1880819075197913e-16 -0.9701425001453319
vn -0.24253562503633297 -1.1880819075197913e-16 -0.9701425001453319
vn -0.12403473458920845 -0.9922778767136676 1.215189925582125e-16
vn -0.12403473458920845 -0.9922778767136676 1.215189925582125e-16
vn -0.12403473458920845 -0.9922778767136676 1.215189925582125e-16
vn -0.12403473458920845 -0.9922778767136676 1.215189925582125e-16
vn 1 0 0
vn 1 0 0
vn 1 0 0
vn 1 0 0
vn 0 1.2246467991473532e-16 1
vn 0 1.2246467991473532e-16 1
vn 0 1.2246467991473532e-16 1
vn 0 1.2246467991473532e-16 1
vn 0 -1.2246467991473532e-16 -1
vn 0 -1.2246467991473532e-16 -1
vn 0 -1.2246467991473532e-16 -1
vn 0 -1.2246467991473532e-16 -1
vn 0 -1.2246467991473532e-16 -1
vn 0 -1.2246467991473532e-16 -1
vn 0 -1.2246467991473532e-16 -1
vn 0 -1.2246467991473532e-16 -1
vn 0.12403473458920845 0.9922778767136676 -1.215189925582125e-16
vn 0.12403473458920845 0.9922778767136676 -1.215189925582125e-16
vn 0.12403473458920845 0.9922778767136676 -1.215189925582125e-16
vn 0.12403473458920845 0.9922778767136676 -1.215189925582125e-16
vn 0 1 -1.2246467991473532e-16
vn 0 1 -1.2246467991473532e-16
vn 0 1 -1.2246467991473532e-16
vn 0 1 -1.2246467991473532e-16
vn 0 0.9958932063455632 -0.09053574738606601
vn 0 0.9958932063455632 -0.09053574738606601
vn 0 0.9958932063455632 -0.09053574738606601
vn 0 0.9958932063455632 -0.09053574738606601
vn 0 1 -1.2246467991473532e-16
vn 0 1 -1.2246467991473532e-16
vn 0 1 -1.2246467991473532e-16
vn 0 1 -1.2246467991473532e-16
vn 0 0.9958932063455632 -0.09053574738606601
vn 0 0.9958932063455632 -0.09053574738606601
vn 0 0.9958932063455632 -0.09053574738606601
vn 0 0.9958932063455632 -0.09053574738606601
vn 0 1 -1.2246467991473532e-16
vn 0 1 -1.2246467991473532e-16
vn 0 1 -1.2246467991473532e-16
vn 0 1 -1.2246467991473532e-16
vn 0 1 -1.2246467991473532e-16
vn 0 1 -1.2246467991473532e-16
vn 0 1 -1.2246467991473532e-16
vn 0 1 -1.2246467991473532e-16
vn 0 1 -1.2246467991473532e-16
vn 0 1 -1.2246467991473532e-16
vn 0 1 -1.2246467991473532e-16
vn 0 1 -1.2246467991473532e-16
vn 0 1 -1.2246467991473532e-16
vn 0 1 -1.2246467991473532e-16
vn 0 1 -1.2246467991473532e-16
vn 0 1 -1.2246467991473532e-16
vn 0 1 -1.2246467991473532e-16
vn 0 1 -1.2246467991473532e-16
vn 0 1 -1.2246467991473532e-16
vn 0 1 -1.2246467991473532e-16
vn 0 0.9958932063455632 -0.09053574738606601
vn 0 0.9958932063455632 -0.09053574738606601
vn 0 0.9958932063455632 -0.09053574738606601
vn 0 0.9958932063455632 -0.09053574738606601
vn 0 1 -1.2246467991473532e-16
vn 0 1 -1.2246467991473532e-16
vn 0 1 -1.2246467991473532e-16
vn 0 1 -1.2246467991473532e-16
vn 0 0.9486833010307459 0.31622775707614126
vn 0 0.9486833010307459 0.31622775707614126
vn 0 0.9486833010307459 0.31622775707614126
vn 0 0.9486833010307459 0.31622775707614126
vn 0 1 -1.2246467991473532e-16
vn 0 1 -1.2246467991473532e-16
vn 0 1 -1.2246467991473532e-16
vn 0 1 -1.2246467991473532e-16
vn 0 1 -1.2246467991473532e-16
vn 0 1 -1.2246467991473532e-16
vn 0 1 -1.2246467991473532e-16
vn 0 1 -1.2246467991473532e-16
vn 0 1 -1.2246467991473532e-16
vn 0 1 -1.2246467991473532e-16
vn 0 1 -1.2246467991473532e-16
vn 0 1 -1.2246467991473532e-16
vn 0 1 -1.2246467991473532e-16
vn 0 1 -1.2246467991473532e-16
vn 0 1 -1.2246467991473532e-16
vn 0 1 -1.2246467991473532e-16
vn 0 1 -1.2246467991473532e-16
vn 0 1 -1.2246467991473532e-16
vn 0 1 -1.2246467991473532e-16
vn 0 1 -1.2246467991473532e-16
vn 1 0 0
vn 1 0 0
vn 1 0 0
vn 1 0 0
vn 1 0 0
vn 1 0 0
vn 1 0 0
vn 1 0 0
vn 1 0 0
vn 1 0 0
vn 1 0 0
vn 1 0 0
f 546/546/546 545/545/545 544/544/544
f 549/549/549 548/548/548 547/547/547
f 552/552/552 551/551/551 550/550/550
f 555/555/555 554/554/554 553/553/553
f 554/554/554 555/555/555 556/556/556
f 559/559/559 558/558/558 557/557/557
f 558/558/558 559/559/559 560/560/560
f 563/563/563 562/562/562 561/561/561
f 562/562/562 563/563/563 564/564/564
f 567/567/567 566/566/566 565/565/565
f 566/566/566 567/567/567 568/568/568
f 571/571/571 570/570/570 569/569/569
f 570/570/570 571/571/571 572/572/572
f 575/575/575 574/574/574 573/573/573
f 574/574/574 575/575/575 576/576/576
f 579/579/579 578/578/578 577/577/577
f 578/578/578 579/579/579 580/580/580
f 583/583/583 582/582/582 581/581/581
f 582/582/582 583/583/583 584/584/584
f 587/587/587 586/586/586 585/585/585
f 586/586/586 587/587/587 588/588/588
f 591/591/591 590/590/590 589/589/589
f 590/590/590 591/591/591 592/592/592
f 595/595/595 594/594/594 593/593/593
f 594/594/594 595/595/595 596/596/596
f 599/599/599 598/598/598 597/597/597
f 598/598/598 599/599/599 600/600/600
f 603/603/603 602/602/602 601/601/601
f 602/602/602 603/603/603 604/604/604
f 607/607/607 606/606/606 605/605/605
f 606/606/606 607/607/607 608/608/608
f 611/611/611 610/610/610 609/609/609
f 610/610/610 611/611/611 612/612/612
f 615/615/615 614/614/614 613/613/613
f 614/614/614 615/615/615 616/616/616
f 619/619/619 618/618/618 617/617/617
f 618/618/618 619/619/619 620/620/620
f 623/623/623 622/622/622 621/621/621
f 622/622/622 623/623/623 624/624/624
f 627/627/627 626/626/626 625/625/625
f 626/626/626 627/627/627 628/628/628
f 631/631/631 630/630/630 629/629/629
f 630/630/630 631/631/631 632/632/632
f 635/635/635 634/634/634 633/633/633
f 634/634/634 635/635/635 636/636/636
f 639/639/639 638/638/638 637/637/637
f 638/638/638 639/639/639 640/640/640
f 643/643/643 642/642/642 641/641/641
f 642/642/642 643/643/643 644/644/644
f 647/647/647 646/646/646 645/645/645
f 646/646/646 647/647/647 648/648/648
f 651/651/651 650/650/650 649/649/649
f 650/650/650 651/651/651 652/652/652
f 655/655/655 654/654/654 653/653/653
f 654/654/654 655/655/655 656/656/656
f 659/659/659 658/658/658 657/657/657
f 658/658/658 659/659/659 660/660/660
f 663/663/663 662/662/662 661/661/661
f 662/662/662 663/663/663 664/664/664
f 667/667/667 666/666/666 665/665/665
f 666/666/666 667/667/667 668/668/668
f 671/671/671 670/670/670 669/669/669
f 670/670/670 671/671/671 672/672/672
f 675/675/675 674/674/674 673/673/673
f 674/674/674 675/675/675 676/676/676
f 679/679/679 678/678/678 677/677/677
f 678/678/678 679/679/679 680/680/680
f 683/683/683 682/682/682 681/681/681
f 682/682/682 683/683/683 684/684/684
f 687/687/687 686/686/686 685/685/685
f 686/686/686 687/687/687 688/688/688
f 691/691/691 690/690/690 689/689/689
f 690/690/690 691/691/691 692/692/692
f 695/695/695 694/694/694 693/693/693
f 694/694/694 695/695/695 696/696/696
f 699/699/699 698/698/698 697/697/697
f 698/698/698 699/699/699 700/700/700
f 703/703/703 702/702/702 701/701/701
f 702/702/702 703/703/703 704/704/704
f 707/707/707 706/706/706 705/705/705
f 706/706/706 707/707/707 708/708/708
f 711/711/711 710/710/710 709/709/709
f 710/710/710 711/711/711 712/712/712
f 715/715/715 714/714/714 713/713/713
f 714/714/714 715/715/715 716/716/716
f 719/719/719 718/718/718 717/717/717
f 718/718/718 719/719/719 720/720/720
f 723/723/723 722/722/722 721/721/721
f 722/722/722 723/723/723 724/724/724
f 727/727/727 726/726/726 725/725/725
f 726/726/726 727/727/727 728/728/728
f 731/731/731 730/730/730 729/729/729
f 730/730/730 731/731/731 732/732/732
f 735/735/735 734/734/734 733/733/733
f 734/734/734 735/735/735 736/736/736
f 739/739/739 738/738/738 737/737/737
f 738/738/738 739/739/739 740/740/740
f 743/743/743 742/742/742 741/741/741
f 742/742/742 743/743/743 744/744/744
f 747/747/747 746/746/746 745/745/745
f 746/746/746 747/747/747 748/748/748
f 751/751/751 750/750/750 749/749/749
f 750/750/750 751/751/751 752/752/752
f 755/755/755 754/754/754 753/753/753
f 754/754/754 755/755/755 756/756/756
f 759/759/759 758/758/758 757/757/757
f 758/758/758 759/759/759 760/760/760
f 763/763/763 762/762/762 761/761/761
f 762/762/762 763/763/763 764/764/764
f 767/767/767 766/766/766 765/765/765
f 766/766/766 767/767/767 768/768/768
f 771/771/771 770/770/770 769/769/769
f 770/770/770 771/771/771 772/772/772
f 775/775/775 774/774/774 773/773/773
f 774/774/774 775/775/775 776/776/776
f 779/779/779 778/778/778 777/777/777
f 778/778/778 779/779/779 780/780/780
f 783/783/783 782/782/782 781/781/781
f 782/782/782 783/783/783 784/784/784
f 787/787/787 786/786/786 785/785/785
f 786/786/786 787/787/787 788/788/788
f 791/791/791 790/790/790 789/789/789
f 790/790/790 791/791/791 792/792/792
f 795/795/795 794/794/794 793/793/793
f 794/794/794 795/795/795 796/796/796
f 799/799/799 798/798/798 797/797/797
f 798/798/798 799/799/799 800/800/800
f 803/803/803 802/802/802 801/801/801
f 802/802/802 803/803/803 804/804/804
f 807/807/807 806/806/806 805/805/805
f 806/806/806 807/807/807 808/808/808
f 811/811/811 810/810/810 809/809/809
f 810/810/810 811/811/811 812/812/812
f 815/815/815 814/814/814 813/813/813
f 814/814/814 815/815/815 816/816/816
f 819/819/819 818/818/818 817/817/817
f 818/818/818 819/819/819 820/820/820
f 823/823/823 822/822/822 821/821/821
f 822/822/822 823/823/823 824/824/824
f 827/827/827 826/826/826 825/825/825
f 826/826/826 827/827/827 828/828/828
f 831/831/831 830/830/830 829/829/829
f 830/830/830 831/831/831 832/832/832
f 835/835/835 834/834/834 833/833/833
f 834/834/834 835/835/835 836/836/836
f 839/839/839 838/838/838 837/837/837
f 838/838/838 839/839/839 840/840/840
f 843/843/843 842/842/842 841/841/841
f 842/842/842 843/843/843 844/844/844
f 847/847/847 846/846/846 845/845/845
f 846/846/846 847/847/847 848/848/848
f 851/851/851 850/850/850 849/849/849
f 850/850/850 851/851/851 852/852/852
f 855/855/855 854/854/854 853/853/853
f 854/854/854 855/855/855 856/856/856
f 859/859/859 858/858/858 857/857/857
f 858/858/858 859/859/859 860/860/860
f 863/863/863 862/862/862 861/861/861
f 862/862/862 863/863/863 864/864/864
f 867/867/867 866/866/866 865/865/865
f 866/866/866 867/867/867 868/868/868
f 871/871/871 870/870/870 869/869/869
f 870/870/870 871/871/871 872/872/872
f 875/875/875 874/874/874 873/873/873
f 874/874/874 875/875/875 876/876/876
f 879/879/879 878/878/878 877/877/877
f 878/878/878 879/879/879 880/880/880
f 883/883/883 882/882/882 881/881/881
f 882/882/882 883/883/883 884/884/884
f 887/887/887 886/886/886 885/885/885
f 886/886/886 887/887/887 888/888/888
f 891/891/891 890/890/890 889/889/889
f 890/890/890 891/891/891 892/892/892
f 895/895/895 894/894/894 893/893/893
f 894/894/894 895/895/895 896/896/896
f 899/899/899 898/898/898 897/897/897
f 898/898/898 899/899/899 900/900/900
f 903/903/903 902/902/902 901/901/901
f 902/902/902 903/903/903 904/904/904
f 907/907/907 906/906/906 905/905/905
f 906/906/906 907/907/907 908/908/908
o mesh_6
usemtl mat6
v 3.2 23.199999999999996 -60
v 4.800000000000001 24.799999999999994 -60
v 4.800000000000001 23.199999999999996 -60
v 38.400000000000006 27.199999999999985 -139.20000000000002
v 38.400000000000006 38.39999999999999 -139.20000000000002
v 41.6 38.39999999999999 -139.20000000000002
v 28.8 4.799999999999985 -132.8
v 28.8 9.599999999999985 -132.8
v 28.8 9.599999999999985 -136
v 22.400000000000002 38.39999999999999 -139.20000000000002
v 25.6 38.39999999999999 -139.20000000000002
v 25.6 27.199999999999985 -139.20000000000002
v 75.2 41.59999999999999 -92.80000000000001
v 75.2 41.59999999999999 -102.4
v 76.80000000000001 41.59999999999999 -102.4
v 0 41.59999999999999 -102.4
v 1.6 41.59999999999999 -102.4
v 1.6 41.59999999999999 -92.80000000000001
v 1.6 38.39999999999999 -102.4
v 0 38.39999999999999 -102.4
v 0 38.39999999999999 -96
v 32 25.599999999999984 -139.20000000000002
v 25.6 25.599999999999984 -139.20000000000002
v 25.6 27.199999999999985 -139.20000000000002
v 0 38.39999999999999 -108.80000000000001
v 0 38.39999999999999 -102.4
v 1.6 38.39999999999999 -102.4
v 1.6 31.99999999999999 -92.80000000000001
v 1.6 38.39999999999999 -92.80000000000001
v 0 38.39999999999999 -92.80000000000001
v 0 38.39999999999999 -89.60000000000001
v 1.6 38.39999999999999 -89.60000000000001
v 1.6 31.99999999999999 -89.60000000000001
v 76.80000000000001 38.39999999999999 -92.80000000000001
v 75.2 38.39999999999999 -92.80000000000001
v 75.2 31.99999999999999 -92.80000000000001
v 75.2 31.99999999999999 -89.60000000000001
v 75.2 38.39999999999999 -89.60000000000001
v 76.80000000000001 38.39999999999999 -89.60000000000001
v 1.6 38.4 -64
v 0 38.4 -64
v 0 38.4 -57.60000000000001
v 25.6 25.599999999999984 -139.20000000000002
v 32 25.599999999999984 -139.20000000000002
v 32 25.599999999999984 -140
v 0 38.4 -57.60000000000001
v 0 38.4 -51.20000000000001
v 1.6 38.4 -51.20000000000001
v 0 38.4 -57.60000000000001
v 1.6 38.4 -51.20000000000001
v 1.6 38.4 -64
v 76.80000000000001 25.59999999999999 -89.60000000000001
v 75.2 25.59999999999999 -89.60000000000001
v 75.2 28.79999999999999 -89.60000000000001
v 75.2 28.79999999999999 -92.80000000000001
v 75.2 25.59999999999999 -92.80000000000001
v 76.80000000000001 25.59999999999999 -92.80000000000001
v 67.2 38.39999999999999 -89.60000000000001
v 64 38.39999999999999 -89.60000000000001
v 64 41.59999999999999 -89.60000000000001
v 64 41.59999999999999 -92.80000000000001
v 64 38.39999999999999 -92.80000000000001
v 67.2 38.39999999999999 -92.80000000000001
v 8.8 38.39999999999999 -92.80000000000001
v 12.8 38.39999999999999 -92.80000000000001
v 12.8 41.59999999999999 -92.80000000000001
v 12.8 41.59999999999999 -89.60000000000001
v 12.8 38.39999999999999 -89.60000000000001
v 8.8 38.39999999999999 -89.60000000000001
v 0 25.59999999999999 -92.80000000000001
v 1.6 25.59999999999999 -92.80000000000001
v 1.6 28.79999999999999 -92.80000000000001
v 1.6 28.79999999999999 -89.60000000000001
v 1.6 25.59999999999999 -89.60000000000001
v 0 25.59999999999999 -89.60000000000001
v 28.8 4.7999999999999865 -113.60000000000001
v 28.8 4.799999999999986 -123.2
v 28.8 -1.5087648565495394e-14 -123.2
v 3.2 -1.352010066258678e-14 -110.4
v 3.2 -1.5087648565495394e-14 -123.2
v 3.2 4.799999999999986 -123.2
v 3.2 9.599999999999985 -136
v 3.2 9.599999999999985 -132.8
v 3.2 4.799999999999985 -132.8
v 38.400000000000006 11.199999999999983 -139.20000000000002
v 38.400000000000006 11.199999999999983 -140.8
v 38.400000000000006 12.799999999999983 -140.8
v 41.6 12.799999999999983 -140.8
v 41.6 11.199999999999983 -140.8
v 41.6 11.199999999999983 -139.20000000000002
v 25.6 41.59999999999999 -139.20000000000002
v 25.6 38.39999999999999 -139.20000000000002
v 22.400000000000002 41.59999999999999 -139.20000000000002
v 22.400000000000002 38.39999999999999 -139.20000000000002
v 28.8 -1.5087648565495394e-14 -123.2
v 28.8 -1.352010066258678e-14 -110.4
v 28.8 4.7999999999999865 -113.60000000000001
v 28.8 4.799999999999987 -110.4
v 28.8 4.799999999999987 -110.4
v 28.8 -1.352010066258678e-14 -110.4
v 28.8 4.799999999999989 -97.60000000000001
v 28.8 -1.1952552759678168e-14 -97.60000000000001
v 12.8 23.999999999999996 -40.800000000000004
v 12.8 25.599999999999998 -40.800000000000004
v 14.4 23.999999999999996 -40.800000000000004
v 14.4 25.599999999999998 -40.800000000000004
v 3.2 23.999999999999996 -40.800000000000004
v 3.2 25.599999999999998 -40.800000000000004
v 4.800000000000001 23.999999999999996 -40.800000000000004
v 4.800000000000001 25.599999999999998 -40.800000000000004
v 12.8 25.599999999999994 -51.2
v 12.8 25.599999999999998 -42.400000000000006
v 14.4 23.999999999999993 -51.2
v 14.4 23.999999999999996 -42.400000000000006
v 14.4 23.999999999999993 -66.4
v 14.4 23.99999999999999 -75.2
v 12.8 25.599999999999994 -65.60000000000001
v 12.8 25.59999999999999 -75.2
v 14.4 23.199999999999996 -60
v 12.8 24.799999999999994 -60
v 14.4 23.999999999999993 -51.2
v 12.8 25.599999999999994 -51.2
v 75.2 41.59999999999999 -128
v 75.2 41.59999999999999 -139.20000000000002
v 76.80000000000001 41.59999999999999 -128
v 76.80000000000001 41.59999999999999 -139.20000000000002
v 0 38.39999999999999 -128
v 0 38.39999999999999 -115.2
v 1.6 38.39999999999999 -128
v 1.6 38.39999999999999 -115.2
v 1.6 38.39999999999999 -128
v 1.6 38.39999999999999 -115.2
v 1.6 41.59999999999999 -128
v 1.6 41.59999999999999 -115.2
v 1.6 41.59999999999999 -128
v 1.6 41.59999999999999 -115.2
v 0 41.59999999999999 -128
v 0 41.59999999999999 -115.2
v 3.2 12.799999999999985 -132.8
v 3.2 12.799999999999985 -136
v 16 12.799999999999985 -132.8
v 16 12.799999999999985 -136
v 16 12.799999999999985 -132.8
v 16 12.799999999999985 -136
v 28.8 12.799999999999985 -132.8
v 28.8 12.799999999999985 -136
v 41.6 11.199999999999983 -139.20000000000002
v 41.6 25.599999999999984 -139.20000000000002
v 41.6 12.799999999999983 -140.8
v 41.6 25.599999999999984 -140.8
v 76.80000000000001 -1.7047083444131156e-14 -139.20000000000002
v 75.2 -1.7047083444131156e-14 -139.20000000000002
v 76.80000000000001 12.799999999999983 -139.20000000000002
v 75.2 12.799999999999983 -139.20000000000002
v 1.6 19.199999999999985 -140.8
v 1.6 12.799999999999983 -140.8
v 1.6 19.199999999999985 -139.20000000000002
v 1.6 12.799999999999983 -139.20000000000002
v 41.6 11.199999999999983 -139.20000000000002
v 38.400000000000006 11.199999999999983 -139.20000000000002
v 41.6 25.599999999999984 -139.20000000000002
v 38.400000000000006 25.599999999999984 -139.20000000000002
v 76.80000000000001 12.799999999999983 -139.20000000000002
v 75.2 12.799999999999983 -139.20000000000002
v 76.80000000000001 25.599999999999984 -139.20000000000002
v 75.2 25.599999999999984 -139.20000000000002
v 0 41.59999999999999 -139.20000000000002
v 0 51.19999999999999 -139.20000000000002
v 1.6 41.59999999999999 -139.20000000000002
v 1.6 51.19999999999999 -139.20000000000002
v 0 38.39999999999999 -139.20000000000002
v 1.6 38.39999999999999 -139.20000000000002
v 0 25.599999999999984 -139.20000000000002
v 1.6 25.599999999999984 -139.20000000000002
v 1.6 25.599999999999984 -140.8
v 1.6 25.599999999999984 -139.20000000000002
v 1.6 38.39999999999999 -140.8
v 1.6 38.39999999999999 -139.20000000000002
v 25.6 41.59999999999999 -139.20000000000002
v 25.6 51.19999999999999 -139.20000000000002
v 25.6 41.59999999999999 -140.8
v 25.6 51.19999999999999 -140.8
v 25.6 27.199999999999985 -139.20000000000002
v 25.6 25.599999999999984 -139.20000000000002
v 22.400000000000002 38.39999999999999 -139.20000000000002
v 22.400000000000002 25.599999999999984 -139.20000000000002
v 76.80000000000001 25.599999999999984 -139.20000000000002
v 75.2 25.599999999999984 -139.20000000000002
v 76.80000000000001 38.39999999999999 -139.20000000000002
v 75.2 38.39999999999999 -139.20000000000002
v 75.2 41.59999999999999 -140.8
v 75.2 51.19999999999999 -140.8
v 75.2 41.59999999999999 -139.20000000000002
v 75.2 51.19999999999999 -139.20000000000002
v 20.8 4.799999999999989 -97.60000000000001
v 28.8 4.799999999999989 -97.60000000000001
v 12.8 -1.1952552759678168e-14 -97.60000000000001
v 28.8 -1.1952552759678168e-14 -97.60000000000001
v 35.2 51.19999999999999 -92.80000000000001
v 38.400000000000006 51.19999999999999 -92.80000000000001
v 35.2 51.19999999999999 -102.4
v 38.400000000000006 51.19999999999999 -102.4
v 35.2 41.59999999999999 -92.80000000000001
v 38.400000000000006 41.59999999999999 -92.80000000000001
v 35.2 51.19999999999999 -92.80000000000001
v 38.400000000000006 51.19999999999999 -92.80000000000001
v 35.2 51.19999999999999 -89.60000000000001
v 35.2 41.59999999999999 -89.60000000000001
v 35.2 51.19999999999999 -92.80000000000001
v 35.2 41.59999999999999 -92.80000000000001
v 38.400000000000006 51.19999999999999 -92.80000000000001
v 38.400000000000006 41.59999999999999 -92.80000000000001
v 38.400000000000006 51.19999999999999 -89.60000000000001
v 38.400000000000006 41.59999999999999 -89.60000000000001
v 35.2 51.19999999999999 -89.60000000000001
v 38.400000000000006 51.19999999999999 -89.60000000000001
v 35.2 41.59999999999999 -89.60000000000001
v 38.400000000000006 41.59999999999999 -89.60000000000001
v 35.2 25.59999999999999 -92.80000000000001
v 35.2 38.39999999999999 -92.80000000000001
v 35.2 25.59999999999999 -89.60000000000001
v 35.2 38.39999999999999 -89.60000000000001
v 38.400000000000006 12.79999999999999 -89.60000000000001
v 38.400000000000006 -1.0972835320360286e-14 -89.60000000000001
v 35.2 12.79999999999999 -89.60000000000001
v 35.2 -1.0972835320360286e-14 -89.60000000000001
v 38.400000000000006 12.79999999999999 -92.80000000000001
v 38.400000000000006 -1.1364722296087438e-14 -92.80000000000001
v 38.400000000000006 12.79999999999999 -89.60000000000001
v 38.400000000000006 -1.0972835320360286e-14 -89.60000000000001
v 38.400000000000006 25.59999999999999 -92.80000000000001
v 38.400000000000006 38.39999999999999 -92.80000000000001
v 35.2 25.59999999999999 -92.80000000000001
v 35.2 38.39999999999999 -92.80000000000001
v 1.6 41.59999999999999 -128
v 1.6 41.59999999999999 -139.20000000000002
v 1.6 38.39999999999999 -128
v 1.6 38.39999999999999 -139.20000000000002
v 1.6 38.39999999999999 -128
v 1.6 38.39999999999999 -139.20000000000002
v 0 38.39999999999999 -128
v 0 38.39999999999999 -139.20000000000002
v 64 41.59999999999999 -92.80000000000001
v 75.2 41.59999999999999 -92.80000000000001
v 64 41.59999999999999 -89.60000000000001
v 75.2 41.59999999999999 -89.60000000000001
v 8.8 38.39999999999999 -92.80000000000001
v 1.6 38.39999999999999 -92.80000000000001
v 8.8 38.39999999999999 -89.60000000000001
v 1.6 38.39999999999999 -89.60000000000001
v 12.8 41.59999999999999 -92.80000000000001
v 1.6 41.59999999999999 -92.80000000000001
v 8.8 38.39999999999999 -92.80000000000001
v 1.6 38.39999999999999 -92.80000000000001
v 64 41.59999999999999 -89.60000000000001
v 75.2 41.59999999999999 -89.60000000000001
v 67.2 38.39999999999999 -89.60000000000001
v 75.2 38.39999999999999 -89.60000000000001
v 76.80000000000001 38.39999999999999 -128
v 76.80000000000001 38.39999999999999 -139.20000000000002
v 75.2 38.39999999999999 -128
v 75.2 38.39999999999999 -139.20000000000002
v 75.2 38.39999999999999 -128
v 75.2 38.39999999999999 -139.20000000000002
v 75.2 41.59999999999999 -128
v 75.2 41.59999999999999 -139.20000000000002
v 75.2 41.59999999999999 -139.20000000000002
v 75.2 51.19999999999999 -139.20000000000002
v 76.80000000000001 41.59999999999999 -139.20000000000002
v 76.80000000000001 51.19999999999999 -139.20000000000002
v 75.2 12.799999999999983 -140.8
v 75.2 12.799999999999983 -139.20000000000002
v 75.2 -1.7243026931994733e-14 -140.8
v 75.2 -1.7047083444131156e-14 -139.20000000000002
v 41.6 41.59999999999999 -139.20000000000002
v 41.6 51.19999999999999 -139.20000000000002
v 41.6 41.59999999999999 -140.8
v 41.6 51.19999999999999 -140.8
v 1.6 -1.7243026931994733e-14 -140.8
v 1.6 -1.7047083444131156e-14 -139.20000000000002
v 1.6 12.799999999999983 -140.8
v 1.6 12.799999999999983 -139.20000000000002
v 0 12.799999999999983 -139.20000000000002
v 1.6 12.799999999999983 -139.20000000000002
v 0 -1.7047083444131156e-14 -139.20000000000002
v 1.6 -1.7047083444131156e-14 -139.20000000000002
v 25.6 12.799999999999983 -139.20000000000002
v 25.6 12.799999999999983 -140.8
v 25.6 -1.7047083444131156e-14 -139.20000000000002
v 25.6 -1.7243026931994733e-14 -140.8
v 16 -1.6655196468404005e-14 -136
v 28.8 -1.6655196468404005e-14 -136
v 16 9.599999999999985 -136
v 28.8 9.599999999999985 -136
v 16 9.599999999999985 -136
v 3.2 9.599999999999985 -136
v 16 -1.6655196468404005e-14 -136
v 3.2 -1.6655196468404005e-14 -136
v 3.2 4.799999999999985 -132.8
v 3.2 -1.6263309492676852e-14 -132.8
v 3.2 9.599999999999985 -136
v 3.2 -1.6655196468404005e-14 -136
v 28.8 12.799999999999985 -132.8
v 28.8 12.799999999999985 -136
v 28.8 9.599999999999985 -132.8
v 28.8 9.599999999999985 -136
v 16 12.799999999999985 -132.8
v 28.8 12.799999999999985 -132.8
v 16 9.599999999999985 -132.8
v 28.8 9.599999999999985 -132.8
v 28.8 12.799999999999985 -136
v 16 12.799999999999985 -136
v 28.8 9.599999999999985 -136
v 16 9.599999999999985 -136
v 3.2 12.799999999999985 -132.8
v 16 12.799999999999985 -132.8
v 3.2 9.599999999999985 -132.8
v 16 9.599999999999985 -132.8
v 3.2 12.799999999999985 -136
v 3.2 12.799999999999985 -132.8
v 3.2 9.599999999999985 -136
v 3.2 9.599999999999985 -132.8
v 16 12.799999999999985 -136
v 3.2 12.799999999999985 -136
v 16 9.599999999999985 -136
v 3.2 9.599999999999985 -136
v 32 25.599999999999984 -140
v 32 12.799999999999983 -139.20000000000002
v 32 25.599999999999984 -140.8
v 32 12.799999999999983 -140.8
v 1.6 41.59999999999999 -139.20000000000002
v 1.6 51.19999999999999 -139.20000000000002
v 1.6 41.59999999999999 -140.8
v 1.6 51.19999999999999 -140.8
v 41.6 41.59999999999999 -139.20000000000002
v 41.6 38.39999999999999 -139.20000000000002
v 38.400000000000006 41.59999999999999 -139.20000000000002
v 38.400000000000006 38.39999999999999 -139.20000000000002
v 41.6 25.599999999999984 -139.20000000000002
v 41.6 38.39999999999999 -139.20000000000002
v 41.6 25.599999999999984 -140.8
v 41.6 38.39999999999999 -140.8
v 38.400000000000006 27.199999999999985 -140.8
v 38.400000000000006 38.39999999999999 -140.8
v 38.400000000000006 27.199999999999985 -139.20000000000002
v 38.400000000000006 38.39999999999999 -139.20000000000002
v 75.2 25.599999999999984 -140.8
v 75.2 25.599999999999984 -139.20000000000002
v 75.2 12.799999999999983 -140.8
v 75.2 12.799999999999983 -139.20000000000002
v 75.2 38.39999999999999 -140.8
v 75.2 38.39999999999999 -139.20000000000002
v 75.2 25.599999999999984 -140.8
v 75.2 25.599999999999984 -139.20000000000002
v 38.400000000000006 41.59999999999999 -139.20000000000002
v 38.400000000000006 51.19999999999999 -139.20000000000002
v 41.6 41.59999999999999 -139.20000000000002
v 41.6 51.19999999999999 -139.20000000000002
v 25.6 25.599999999999984 -139.20000000000002
v 25.6 25.599999999999984 -140.8
v 25.6 12.799999999999983 -139.20000000000002
v 25.6 12.799999999999983 -140.8
v 25.6 27.199999999999985 -139.20000000000002
v 25.6 38.39999999999999 -139.20000000000002
v 25.6 27.199999999999985 -140.8
v 25.6 38.39999999999999 -140.8
v 38.400000000000006 41.59999999999999 -140.8
v 38.400000000000006 51.19999999999999 -140.8
v 38.400000000000006 41.59999999999999 -139.20000000000002
v 38.400000000000006 51.19999999999999 -139.20000000000002
v 22.400000000000002 25.599999999999984 -139.20000000000002
v 22.400000000000002 25.599999999999984 -140.8
v 22.400000000000002 38.39999999999999 -139.20000000000002
v 22.400000000000002 38.39999999999999 -140.8
v 22.400000000000002 12.799999999999983 -139.20000000000002
v 22.400000000000002 12.799999999999983 -140.8
v 22.400000000000002 25.599999999999984 -139.20000000000002
v 22.400000000000002 25.599999999999984 -140.8
v 22.400000000000002 -1.7047083444131156e-14 -139.20000000000002
v 22.400000000000002 -1.7243026931994733e-14 -140.8
v 22.400000000000002 12.799999999999983 -139.20000000000002
v 22.400000000000002 12.799999999999983 -140.8
v 22.400000000000002 12.799999999999983 -139.20000000000002
v 25.6 12.799999999999983 -139.20000000000002
v 22.400000000000002 -1.7047083444131156e-14 -139.20000000000002
v 25.6 -1.7047083444131156e-14 -139.20000000000002
v 22.400000000000002 25.599999999999984 -139.20000000000002
v 25.6 25.599999999999984 -139.20000000000002
v 22.400000000000002 12.799999999999983 -139.20000000000002
v 25.6 12.799999999999983 -139.20000000000002
v 22.400000000000002 41.59999999999999 -139.20000000000002
v 22.400000000000002 51.19999999999999 -139.20000000000002
v 25.6 41.59999999999999 -139.20000000000002
v 25.6 51.19999999999999 -139.20000000000002
v 22.400000000000002 41.59999999999999 -140.8
v 22.400000000000002 51.19999999999999 -140.8
v 22.400000000000002 41.59999999999999 -139.20000000000002
v 22.400000000000002 51.19999999999999 -139.20000000000002
v 12.8 41.59999999999999 -140.8
v 22.400000000000002 41.59999999999999 -140.8
v 12.8 41.59999999999999 -139.20000000000002
v 22.400000000000002 41.59999999999999 -139.20000000000002
v 12.8 41.59999999999999 -139.20000000000002
v 22.400000000000002 41.59999999999999 -139.20000000000002
v 12.8 38.39999999999999 -139.20000000000002
v 22.400000000000002 38.39999999999999 -139.20000000000002
v 12.8 38.39999999999999 -140.8
v 1.6 38.39999999999999 -140.8
v 12.8 38.39999999999999 -139.20000000000002
v 1.6 38.39999999999999 -139.20000000000002
v 38.400000000000006 41.59999999999999 -139.20000000000002
v 38.400000000000006 38.39999999999999 -139.20000000000002
v 25.6 41.59999999999999 -139.20000000000002
v 25.6 38.39999999999999 -139.20000000000002
v 38.400000000000006 41.59999999999999 -140.8
v 38.400000000000006 41.59999999999999 -139.20000000000002
v 25.6 41.59999999999999 -140.8
v 25.6 41.59999999999999 -139.20000000000002
v 25.6 38.39999999999999 -139.20000000000002
v 38.400000000000006 38.39999999999999 -139.20000000000002
v 25.6 38.39999999999999 -140.8
v 38.400000000000006 38.39999999999999 -140.8
v 64 41.59999999999999 -139.20000000000002
v 75.2 41.59999999999999 -139.20000000000002
v 64 38.39999999999999 -139.20000000000002
v 75.2 38.39999999999999 -139.20000000000002
v 51.2 41.59999999999999 -139.20000000000002
v 41.6 41.59999999999999 -139.20000000000002
v 51.2 41.59999999999999 -140.8
v 41.6 41.59999999999999 -140.8
v 64 38.39999999999999 -139.20000000000002
v 75.2 38.39999999999999 -139.20000000000002
v 64 38.39999999999999 -140.8
v 75.2 38.39999999999999 -140.8
v 12.8 41.59999999999999 -139.20000000000002
v 1.6 41.59999999999999 -139.20000000000002
v 12.8 41.59999999999999 -140.8
v 1.6 41.59999999999999 -140.8
v 12.8 38.39999999999999 -139.20000000000002
v 1.6 38.39999999999999 -139.20000000000002
v 12.8 41.59999999999999 -139.20000000000002
v 1.6 41.59999999999999 -139.20000000000002
v 12.8 38.39999999999999 -139.20000000000002
v 22.400000000000002 38.39999999999999 -139.20000000000002
v 12.8 38.39999999999999 -140.8
v 22.400000000000002 38.39999999999999 -140.8
v 64 41.59999999999999 -140.8
v 75.2 41.59999999999999 -140.8
v 64 41.59999999999999 -139.20000000000002
v 75.2 41.59999999999999 -139.20000000000002
v 51.2 38.39999999999999 -139.20000000000002
v 41.6 38.39999999999999 -139.20000000000002
v 51.2 41.59999999999999 -139.20000000000002
v 41.6 41.59999999999999 -139.20000000000002
v 51.2 38.39999999999999 -140.8
v 41.6 38.39999999999999 -140.8
v 51.2 38.39999999999999 -139.20000000000002
v 41.6 38.39999999999999 -139.20000000000002
v 64 41.59999999999999 -139.20000000000002
v 51.2 41.59999999999999 -139.20000000000002
v 64 41.59999999999999 -140.8
v 51.2 41.59999999999999 -140.8
v 64 38.39999999999999 -139.20000000000002
v 51.2 38.39999999999999 -139.20000000000002
v 64 41.59999999999999 -139.20000000000002
v 51.2 41.59999999999999 -139.20000000000002
v 64 38.39999999999999 -140.8
v 51.2 38.39999999999999 -140.8
v 64 38.39999999999999 -139.20000000000002
v 51.2 38.39999999999999 -139.20000000000002
v 38.400000000000006 27.199999999999985 -140.8
v 38.400000000000006 27.199999999999985 -139.20000000000002
v 25.6 27.199999999999985 -140.8
v 25.6 27.199999999999985 -139.20000000000002
v 41.6 38.39999999999999 -139.20000000000002
v 41.6 25.599999999999984 -139.20000000000002
v 38.400000000000006 27.199999999999985 -139.20000000000002
v 38.400000000000006 25.599999999999984 -139.20000000000002
v 14.4 35.2 -19.200000000000006
v 14.4 35.2 -4.310756732998683e-15
v 12.8 35.2 -19.200000000000006
v 12.8 35.2 -4.310756732998683e-15
v 76.80000000000001 38.4 -40.00000000000001
v 76.80000000000001 38.4 -51.20000000000001
v 75.2 38.4 -40.00000000000001
v 75.2 38.4 -51.20000000000001
v 75.2 41.599999999999994 -40.00000000000001
v 75.2 41.599999999999994 -51.20000000000001
v 76.80000000000001 41.599999999999994 -38.40000000000001
v 76.80000000000001 41.599999999999994 -51.20000000000001
v 1.6 38.4 -40.00000000000001
v 1.6 38.4 -51.20000000000001
v 0 38.4 -38.40000000000001
v 0 38.4 -51.20000000000001
v 0 41.599999999999994 -38.40000000000001
v 0 41.599999999999994 -51.20000000000001
v 1.6 41.599999999999994 -40.00000000000001
v 1.6 41.599999999999994 -51.20000000000001
v 0 41.59999999999999 -128
v 0 41.59999999999999 -139.20000000000002
v 1.6 41.59999999999999 -128
v 1.6 41.59999999999999 -139.20000000000002
v 14.4 31.999999999999996 -19.200000000000006
v 14.4 32 -3.91886975727153e-15
v 14.4 35.2 -19.200000000000006
v 14.4 35.2 -4.310756732998683e-15
v 12.8 32 -3.91886975727153e-15
v 14.4 32 -3.91886975727153e-15
v 12.8 31.999999999999996 -19.200000000000006
v 14.4 31.999999999999996 -19.200000000000006
v 14.4 35.199999999999996 -32.00000000000001
v 14.4 35.2 -19.200000000000006
v 12.8 35.199999999999996 -32.00000000000001
v 12.8 35.2 -19.200000000000006
v 14.4 31.999999999999996 -32.00000000000001
v 14.4 31.999999999999996 -19.200000000000006
v 14.4 35.199999999999996 -32.00000000000001
v 14.4 35.2 -19.200000000000006
v 12.8 31.999999999999996 -19.200000000000006
v 14.4 31.999999999999996 -19.200000000000006
v 12.8 31.999999999999996 -32.00000000000001
v 14.4 31.999999999999996 -32.00000000000001
v 1.6 41.599999999999994 -76.80000000000001
v 1.6 41.599999999999994 -64
v 0 41.599999999999994 -76.80000000000001
v 0 41.599999999999994 -64
v 1.6 38.4 -76.80000000000001
v 1.6 38.4 -64
v 1.6 41.599999999999994 -76.80000000000001
v 1.6 41.599999999999994 -64
v 0 38.4 -76.80000000000001
v 0 38.4 -64
v 1.6 38.4 -76.80000000000001
v 1.6 38.4 -64
v 1.6 41.59999999999999 -89.60000000000001
v 1.6 41.599999999999994 -76.80000000000001
v 0 41.59999999999999 -89.60000000000001
v 0 41.599999999999994 -76.80000000000001
v 1.6 38.39999999999999 -89.60000000000001
v 1.6 38.4 -76.80000000000001
v 1.6 41.59999999999999 -89.60000000000001
v 1.6 41.599999999999994 -76.80000000000001
v 0 38.39999999999999 -89.60000000000001
v 0 38.4 -76.80000000000001
v 1.6 38.39999999999999 -89.60000000000001
v 1.6 38.4 -76.80000000000001
v 1.6 41.59999999999999 -92.80000000000001
v 1.6 41.59999999999999 -89.60000000000001
v 0 41.59999999999999 -102.4
v 0 41.59999999999999 -89.60000000000001
v 75.2 38.39999999999999 -92.80000000000001
v 75.2 38.39999999999999 -102.4
v 75.2 41.59999999999999 -92.80000000000001
v 75.2 41.59999999999999 -102.4
v 76.80000000000001 38.39999999999999 -92.80000000000001
v 76.80000000000001 38.39999999999999 -102.4
v 75.2 38.39999999999999 -92.80000000000001
v 75.2 38.39999999999999 -102.4
v 1.6 41.59999999999999 -115.2
v 1.6 41.59999999999999 -102.4
v 0 41.59999999999999 -115.2
v 0 41.59999999999999 -102.4
v 1.6 38.39999999999999 -115.2
v 1.6 38.39999999999999 -102.4
v 1.6 41.59999999999999 -115.2
v 1.6 41.59999999999999 -102.4
v 12.8 38.4 -38.40000000000001
v 25.6 38.4 -38.40000000000001
v 12.8 38.4 -40.00000000000001
v 25.6 38.4 -40.00000000000001
v 76.80000000000001 35.2 -19.200000000000006
v 76.80000000000001 35.2 -4.310756732998683e-15
v 75.2 35.2 -19.200000000000006
v 75.2 35.2 -4.310756732998683e-15
v 75.2 35.2 -19.200000000000006
v 75.2 35.2 -4.310756732998683e-15
v 75.2 31.999999999999996 -19.200000000000006
v 75.2 32 -3.91886975727153e-15
v 75.2 31.999999999999996 -19.200000000000006
v 75.2 32 -3.91886975727153e-15
v 76.80000000000001 31.999999999999996 -19.200000000000006
v 76.80000000000001 32 -3.91886975727153e-15
v 76.80000000000001 35.199999999999996 -32.00000000000001
v 76.80000000000001 35.2 -19.200000000000006
v 75.2 35.199999999999996 -32.00000000000001
v 75.2 35.2 -19.200000000000006
v 75.2 35.199999999999996 -32.00000000000001
v 75.2 35.2 -19.200000000000006
v 75.2 31.999999999999996 -32.00000000000001
v 75.2 31.999999999999996 -19.200000000000006
v 75.2 31.999999999999996 -32.00000000000001
v 75.2 31.999999999999996 -19.200000000000006
v 76.80000000000001 31.999999999999996 -32.00000000000001
v 76.80000000000001 31.999999999999996 -19.200000000000006
v 76.80000000000001 41.599999999999994 -76.80000000000001
v 76.80000000000001 41.599999999999994 -64
v 75.2 41.599999999999994 -76.80000000000001
v 75.2 41.599999999999994 -64
v 75.2 41.599999999999994 -76.80000000000001
v 75.2 41.599999999999994 -64
v 75.2 38.4 -76.80000000000001
v 75.2 38.4 -64
v 75.2 38.4 -76.80000000000001
v 75.2 38.4 -64
v 76.80000000000001 38.4 -76.80000000000001
v 76.80000000000001 38.4 -64
v 76.80000000000001 41.59999999999999 -89.60000000000001
v 76.80000000000001 41.599999999999994 -76.80000000000001
v 75.2 41.59999999999999 -89.60000000000001
v 75.2 41.599999999999994 -76.80000000000001
v 75.2 41.59999999999999 -89.60000000000001
v 75.2 41.599999999999994 -76.80000000000001
v 75.2 38.39999999999999 -89.60000000000001
v 75.2 38.4 -76.80000000000001
v 75.2 38.39999999999999 -89.60000000000001
v 75.2 38.4 -76.80000000000001
v 76.80000000000001 38.39999999999999 -89.60000000000001
v 76.80000000000001 38.4 -76.80000000000001
v 76.80000000000001 41.59999999999999 -102.4
v 76.80000000000001 41.59999999999999 -89.60000000000001
v 75.2 41.59999999999999 -92.80000000000001
v 75.2 41.59999999999999 -89.60000000000001
v 1.6 41.59999999999999 -92.80000000000001
v 1.6 41.59999999999999 -102.4
v 1.6 38.39999999999999 -92.80000000000001
v 1.6 38.39999999999999 -102.4
v 76.80000000000001 41.59999999999999 -115.2
v 76.80000000000001 41.59999999999999 -102.4
v 75.2 41.59999999999999 -115.2
v 75.2 41.59999999999999 -102.4
v 75.2 41.59999999999999 -115.2
v 75.2 41.59999999999999 -102.4
v 75.2 38.39999999999999 -115.2
v 75.2 38.39999999999999 -102.4
v 75.2 38.39999999999999 -115.2
v 75.2 38.39999999999999 -102.4
v 76.80000000000001 38.39999999999999 -115.2
v 76.80000000000001 38.39999999999999 -102.4
v 76.80000000000001 41.59999999999999 -128
v 76.80000000000001 41.59999999999999 -115.2
v 75.2 41.59999999999999 -128
v 75.2 41.59999999999999 -115.2
v 75.2 41.59999999999999 -128
v 75.2 41.59999999999999 -115.2
v 75.2 38.39999999999999 -128
v 75.2 38.39999999999999 -115.2
v 75.2 38.39999999999999 -128
v 75.2 38.39999999999999 -115.2
v 76.80000000000001 38.39999999999999 -128
v 76.80000000000001 38.39999999999999 -115.2
v 12.8 41.59999999999999 -89.60000000000001
v 1.6 41.59999999999999 -89.60000000000001
v 12.8 41.59999999999999 -92.80000000000001
v 1.6 41.59999999999999 -92.80000000000001
v 67.2 38.39999999999999 -92.80000000000001
v 75.2 38.39999999999999 -92.80000000000001
v 64 41.59999999999999 -92.80000000000001
v 75.2 41.59999999999999 -92.80000000000001
v 8.8 38.39999999999999 -89.60000000000001
v 1.6 38.39999999999999 -89.60000000000001
v 12.8 41.59999999999999 -89.60000000000001
v 1.6 41.59999999999999 -89.60000000000001
v 67.2 38.39999999999999 -89.60000000000001
v 75.2 38.39999999999999 -89.60000000000001
v 67.2 38.39999999999999 -92.80000000000001
v 75.2 38.39999999999999 -92.80000000000001
v 1.6 31.99999999999999 -89.60000000000001
v 1.6 38.39999999999999 -89.60000000000001
v 1.6 31.99999999999999 -92.80000000000001
v 1.6 38.39999999999999 -92.80000000000001
v 75.2 31.99999999999999 -92.80000000000001
v 75.2 38.39999999999999 -92.80000000000001
v 75.2 31.99999999999999 -89.60000000000001
v 75.2 38.39999999999999 -89.60000000000001
v 76.80000000000001 12.79999999999999 -89.60000000000001
v 76.80000000000001 -1.0972835320360286e-14 -89.60000000000001
v 75.2 12.79999999999999 -89.60000000000001
v 75.2 -1.0972835320360286e-14 -89.60000000000001
v 75.2 12.79999999999999 -89.60000000000001
v 75.2 -1.0972835320360286e-14 -89.60000000000001
v 75.2 12.79999999999999 -92.80000000000001
v 75.2 -1.1364722296087438e-14 -92.80000000000001
v 75.2 12.79999999999999 -92.80000000000001
v 75.2 -1.1364722296087438e-14 -92.80000000000001
v 76.80000000000001 12.79999999999999 -92.80000000000001
v 76.80000000000001 -1.1364722296087438e-14 -92.80000000000001
v 1.6 12.79999999999999 -89.60000000000001
v 1.6 -1.0972835320360286e-14 -89.60000000000001
v 0 12.79999999999999 -89.60000000000001
v 0 -1.0972835320360286e-14 -89.60000000000001
v 1.6 12.79999999999999 -92.80000000000001
v 1.6 -1.1364722296087438e-14 -92.80000000000001
v 1.6 12.79999999999999 -89.60000000000001
v 1.6 -1.0972835320360286e-14 -89.60000000000001
v 0 12.79999999999999 -92.80000000000001
v 0 -1.1364722296087438e-14 -92.80000000000001
v 1.6 12.79999999999999 -92.80000000000001
v 1.6 -1.1364722296087438e-14 -92.80000000000001
v 1.6 25.59999999999999 -89.60000000000001
v 1.6 12.79999999999999 -89.60000000000001
v 0 25.59999999999999 -89.60000000000001
v 0 12.79999999999999 -89.60000000000001
v 1.6 25.59999999999999 -92.80000000000001
v 1.6 12.79999999999999 -92.80000000000001
v 1.6 25.59999999999999 -89.60000000000001
v 1.6 12.79999999999999 -89.60000000000001
v 0 25.59999999999999 -92.80000000000001
v 0 12.79999999999999 -92.80000000000001
v 1.6 25.59999999999999 -92.80000000000001
v 1.6 12.79999999999999 -92.80000000000001
v 76.80000000000001 25.59999999999999 -89.60000000000001
v 76.80000000000001 12.79999999999999 -89.60000000000001
v 75.2 25.59999999999999 -89.60000000000001
v 75.2 12.79999999999999 -89.60000000000001
v 75.2 25.59999999999999 -89.60000000000001
v 75.2 12.79999999999999 -89.60000000000001
v 75.2 25.59999999999999 -92.80000000000001
v 75.2 12.79999999999999 -92.80000000000001
v 75.2 25.59999999999999 -92.80000000000001
v 75.2 12.79999999999999 -92.80000000000001
v 76.80000000000001 25.59999999999999 -92.80000000000001
v 76.80000000000001 12.79999999999999 -92.80000000000001
v 75.2 41.599999999999994 -51.20000000000001
v 75.2 41.599999999999994 -64
v 76.80000000000001 41.599999999999994 -51.20000000000001
v 76.80000000000001 41.599999999999994 -64
v 75.2 38.4 -51.20000000000001
v 75.2 38.4 -64
v 75.2 41.599999999999994 -51.20000000000001
v 75.2 41.599999999999994 -64
v 76.80000000000001 38.4 -51.20000000000001
v 76.80000000000001 38.4 -64
v 75.2 38.4 -51.20000000000001
v 75.2 38.4 -64
v 1.6 41.599999999999994 -51.20000000000001
v 1.6 41.599999999999994 -64
v 1.6 38.4 -51.20000000000001
v 1.6 38.4 -64
v 0 41.599999999999994 -51.20000000000001
v 0 41.599999999999994 -64
v 1.6 41.599999999999994 -51.20000000000001
v 1.6 41.599999999999994 -64
v 12.8 38.4 -40.00000000000001
v 1.6 38.4 -40.00000000000001
v 12.8 38.4 -38.40000000000001
v 0 38.4 -38.40000000000001
v 67.2 41.599999999999994 -38.40000000000001
v 67.2 41.599999999999994 -40.00000000000001
v 76.80000000000001 41.599999999999994 -38.40000000000001
v 75.2 41.599999999999994 -40.00000000000001
v 67.2 41.599999999999994 -38.40000000000001
v 67.2 51.199999999999996 -38.40000000000001
v 67.2 41.599999999999994 -40.00000000000001
v 67.2 51.199999999999996 -40.00000000000001
v 64 12.799999999999997 -32
v 64 -3.91886975727153e-15 -32
v 64 12.799999999999995 -38.400000000000006
v 64 -4.702643708725837e-15 -38.400000000000006
v 51.2 12.799999999999995 -38.400000000000006
v 51.2 -4.702643708725837e-15 -38.400000000000006
v 51.2 12.799999999999997 -32
v 51.2 -3.91886975727153e-15 -32
v 51.2 41.599999999999994 -38.40000000000001
v 51.2 51.199999999999996 -38.40000000000001
v 51.2 41.599999999999994 -40.00000000000001
v 51.2 51.199999999999996 -40.00000000000001
v 67.2 12.799999999999995 -40
v 67.2 -4.898587196589413e-15 -40
v 67.2 12.799999999999995 -38.400000000000006
v 67.2 -4.702643708725837e-15 -38.400000000000006
v 48 41.599999999999994 -40.00000000000001
v 48 51.199999999999996 -40.00000000000001
v 48 41.599999999999994 -38.40000000000001
v 48 51.199999999999996 -38.40000000000001
v 64 41.599999999999994 -40.00000000000001
v 64 51.199999999999996 -40.00000000000001
v 64 41.599999999999994 -38.40000000000001
v 64 51.199999999999996 -38.40000000000001
v 1.6 41.599999999999994 -40.00000000000001
v 1.6 41.599999999999994 -51.20000000000001
v 1.6 38.4 -40.00000000000001
v 1.6 38.4 -51.20000000000001
v 75.2 38.4 -40.00000000000001
v 75.2 38.4 -51.20000000000001
v 75.2 41.599999999999994 -40.00000000000001
v 75.2 41.599999999999994 -51.20000000000001
v 51.2 12.799999999999995 -40
v 51.2 -4.898587196589413e-15 -40
v 51.2 12.799999999999995 -38.400000000000006
v 51.2 -4.702643708725837e-15 -38.400000000000006
v 48 12.799999999999995 -38.400000000000006
v 48 -4.702643708725837e-15 -38.400000000000006
v 48 12.799999999999995 -40
v 48 -4.898587196589413e-15 -40
v 51.2 41.599999999999994 -38.40000000000001
v 51.2 41.599999999999994 -40.00000000000001
v 64 41.599999999999994 -38.40000000000001
v 64 41.599999999999994 -40.00000000000001
v 1.6 41.599999999999994 -40.00000000000001
v 12.8 41.599999999999994 -40.00000000000001
v 0 41.599999999999994 -38.40000000000001
v 12.8 41.599999999999994 -38.40000000000001
v 75.2 38.4 -40.00000000000001
v 67.2 38.4 -40.00000000000001
v 75.2 38.4 -38.40000000000001
v 67.2 38.4 -38.40000000000001
v 51.2 25.599999999999998 -38.400000000000006
v 51.2 38.4 -38.40000000000001
v 51.2 25.599999999999998 -40
v 51.2 38.4 -40.00000000000001
v 48 25.599999999999998 -40
v 48 38.4 -40.00000000000001
v 48 25.599999999999998 -38.400000000000006
v 48 38.4 -38.40000000000001
v 67.2 25.599999999999998 -38.400000000000006
v 67.2 38.4 -38.40000000000001
v 67.2 25.599999999999998 -40
v 67.2 38.4 -40.00000000000001
v 51.2 12.799999999999997 -32
v 51.2 25.599999999999998 -32
v 51.2 12.799999999999995 -38.400000000000006
v 51.2 25.599999999999998 -38.400000000000006
v 64 12.799999999999995 -38.400000000000006
v 64 25.599999999999998 -38.400000000000006
v 64 12.799999999999997 -32
v 64 25.599999999999998 -32
v 48 25.599999999999998 -38.400000000000006
v 48 12.799999999999995 -38.400000000000006
v 48 25.599999999999998 -40
v 48 12.799999999999995 -40
v 51.2 25.599999999999998 -40
v 51.2 12.799999999999995 -40
v 51.2 25.599999999999998 -38.400000000000006
v 51.2 12.799999999999995 -38.400000000000006
v 67.2 25.599999999999998 -40
v 67.2 12.799999999999995 -40
v 67.2 25.599999999999998 -38.400000000000006
v 67.2 12.799999999999995 -38.400000000000006
v 38.400000000000006 41.599999999999994 -40.00000000000001
v 48 41.599999999999994 -40.00000000000001
v 38.400000000000006 41.599999999999994 -38.40000000000001
v 48 41.599999999999994 -38.40000000000001
v 38.400000000000006 38.4 -38.40000000000001
v 48 38.4 -38.40000000000001
v 38.400000000000006 38.4 -40.00000000000001
v 48 38.4 -40.00000000000001
v 25.6 38.4 -38.40000000000001
v 38.400000000000006 38.4 -38.40000000000001
v 25.6 38.4 -40.00000000000001
v 38.400000000000006 38.4 -40.00000000000001
v 25.6 41.599999999999994 -40.00000000000001
v 38.400000000000006 41.599999999999994 -40.00000000000001
v 25.6 41.599999999999994 -38.40000000000001
v 38.400000000000006 41.599999999999994 -38.40000000000001
v 12.8 41.599999999999994 -40.00000000000001
v 25.6 41.599999999999994 -40.00000000000001
v 12.8 41.599999999999994 -38.40000000000001
v 25.6 41.599999999999994 -38.40000000000001
v 1.6 19.199999999999985 -139.20000000000002
v 1.6 12.799999999999983 -139.20000000000002
v 0 19.199999999999985 -139.20000000000002
v 0 12.799999999999983 -139.20000000000002
v 75.2 19.2 -38.400000000000006
v 75.2 12.799999999999995 -38.400000000000006
v 75.2 19.2 -40
v 75.2 12.799999999999995 -40
v 75.2 -4.702643708725837e-15 -38.400000000000006
v 75.2 -4.898587196589413e-15 -40
v 75.2 12.799999999999995 -38.400000000000006
v 75.2 12.799999999999995 -40
v 75.2 25.599999999999998 -38.400000000000006
v 75.2 25.599999999999998 -40
v 75.2 38.4 -38.40000000000001
v 75.2 38.4 -40.00000000000001
v 38.400000000000006 25.59999999999999 -89.60000000000001
v 38.400000000000006 38.39999999999999 -89.60000000000001
v 38.400000000000006 25.59999999999999 -92.80000000000001
v 38.400000000000006 38.39999999999999 -92.80000000000001
v 35.2 12.79999999999999 -92.80000000000001
v 35.2 -1.1364722296087438e-14 -92.80000000000001
v 38.400000000000006 12.79999999999999 -92.80000000000001
v 38.400000000000006 -1.1364722296087438e-14 -92.80000000000001
v 35.2 12.79999999999999 -89.60000000000001
v 35.2 -1.0972835320360286e-14 -89.60000000000001
v 35.2 12.79999999999999 -92.80000000000001
v 35.2 -1.1364722296087438e-14 -92.80000000000001
v 35.2 25.59999999999999 -89.60000000000001
v 35.2 38.39999999999999 -89.60000000000001
v 38.400000000000006 25.59999999999999 -89.60000000000001
v 38.400000000000006 38.39999999999999 -89.60000000000001
v 38.400000000000006 25.59999999999999 -92.80000000000001
v 38.400000000000006 12.79999999999999 -92.80000000000001
v 38.400000000000006 25.59999999999999 -89.60000000000001
v 38.400000000000006 12.79999999999999 -89.60000000000001
v 35.2 25.59999999999999 -92.80000000000001
v 35.2 12.79999999999999 -92.80000000000001
v 38.400000000000006 25.59999999999999 -92.80000000000001
v 38.400000000000006 12.79999999999999 -92.80000000000001
v 35.2 25.59999999999999 -89.60000000000001
v 35.2 12.79999999999999 -89.60000000000001
v 35.2 25.59999999999999 -92.80000000000001
v 35.2 12.79999999999999 -92.80000000000001
v 38.400000000000006 25.59999999999999 -89.60000000000001
v 38.400000000000006 12.79999999999999 -89.60000000000001
v 35.2 25.59999999999999 -89.60000000000001
v 35.2 12.79999999999999 -89.60000000000001
v 38.400000000000006 25.599999999999984 -140.8
v 32 25.599999999999984 -140
v 38.400000000000006 25.599999999999984 -139.20000000000002
v 32 25.599999999999984 -139.20000000000002
v 32 25.599999999999984 -140
v 32 25.599999999999984 -140.8
v 25.6 25.599999999999984 -139.20000000000002
v 25.6 25.599999999999984 -140.8
v 25.6 27.199999999999985 -139.20000000000002
v 38.400000000000006 27.199999999999985 -139.20000000000002
v 32 25.599999999999984 -139.20000000000002
v 38.400000000000006 25.599999999999984 -139.20000000000002
v 1.6 38.39999999999999 -102.4
v 1.6 38.39999999999999 -115.2
v 0 38.39999999999999 -108.80000000000001
v 0 38.39999999999999 -115.2
v 0 38.39999999999999 -96
v 0 38.39999999999999 -92.80000000000001
v 1.6 38.39999999999999 -102.4
v 1.6 38.39999999999999 -92.80000000000001
v 25.6 41.59999999999999 -89.60000000000001
v 35.2 41.59999999999999 -89.60000000000001
v 25.6 38.39999999999999 -89.60000000000001
v 35.2 38.39999999999999 -89.60000000000001
v 25.6 41.59999999999999 -92.80000000000001
v 35.2 41.59999999999999 -92.80000000000001
v 25.6 41.59999999999999 -89.60000000000001
v 35.2 41.59999999999999 -89.60000000000001
v 25.6 38.39999999999999 -92.80000000000001
v 35.2 38.39999999999999 -92.80000000000001
v 25.6 41.59999999999999 -92.80000000000001
v 35.2 41.59999999999999 -92.80000000000001
v 25.6 38.39999999999999 -89.60000000000001
v 35.2 38.39999999999999 -89.60000000000001
v 25.6 38.39999999999999 -92.80000000000001
v 35.2 38.39999999999999 -92.80000000000001
v 25.6 38.39999999999999 -92.80000000000001
v 12.8 38.39999999999999 -92.80000000000001
v 25.6 38.39999999999999 -89.60000000000001
v 12.8 38.39999999999999 -89.60000000000001
v 25.6 41.59999999999999 -92.80000000000001
v 12.8 41.59999999999999 -92.80000000000001
v 25.6 38.39999999999999 -92.80000000000001
v 12.8 38.39999999999999 -92.80000000000001
v 25.6 41.59999999999999 -89.60000000000001
v 12.8 41.59999999999999 -89.60000000000001
v 25.6 41.59999999999999 -92.80000000000001
v 12.8 41.59999999999999 -92.80000000000001
v 25.6 38.39999999999999 -89.60000000000001
v 12.8 38.39999999999999 -89.60000000000001
v 25.6 41.59999999999999 -89.60000000000001
v 12.8 41.59999999999999 -89.60000000000001
v 51.2 41.59999999999999 -89.60000000000001
v 38.400000000000006 41.59999999999999 -89.60000000000001
v 51.2 41.59999999999999 -92.80000000000001
v 38.400000000000006 41.59999999999999 -92.80000000000001
v 51.2 41.59999999999999 -92.80000000000001
v 38.400000000000006 41.59999999999999 -92.80000000000001
v 51.2 38.39999999999999 -92.80000000000001
v 38.400000000000006 38.39999999999999 -92.80000000000001
v 51.2 38.39999999999999 -92.80000000000001
v 38.400000000000006 38.39999999999999 -92.80000000000001
v 51.2 38.39999999999999 -89.60000000000001
v 38.400000000000006 38.39999999999999 -89.60000000000001
v 51.2 38.39999999999999 -89.60000000000001
v 38.400000000000006 38.39999999999999 -89.60000000000001
v 51.2 41.59999999999999 -89.60000000000001
v 38.400000000000006 41.59999999999999 -89.60000000000001
v 51.2 38.39999999999999 -89.60000000000001
v 64 38.39999999999999 -89.60000000000001
v 51.2 38.39999999999999 -92.80000000000001
v 64 38.39999999999999 -92.80000000000001
v 51.2 41.59999999999999 -89.60000000000001
v 64 41.59999999999999 -89.60000000000001
v 51.2 38.39999999999999 -89.60000000000001
v 64 38.39999999999999 -89.60000000000001
v 51.2 41.59999999999999 -92.80000000000001
v 64 41.59999999999999 -92.80000000000001
v 51.2 41.59999999999999 -89.60000000000001
v 64 41.59999999999999 -89.60000000000001
v 51.2 38.39999999999999 -92.80000000000001
v 64 38.39999999999999 -92.80000000000001
v 51.2 41.59999999999999 -92.80000000000001
v 64 41.59999999999999 -92.80000000000001
v 75.2 28.79999999999999 -89.60000000000001
v 75.2 25.59999999999999 -89.60000000000001
v 75.2 28.79999999999999 -92.80000000000001
v 75.2 25.59999999999999 -92.80000000000001
v 64 38.39999999999999 -89.60000000000001
v 75.2 28.79999999999999 -89.60000000000001
v 64 38.39999999999999 -92.80000000000001
v 75.2 28.79999999999999 -92.80000000000001
v 67.2 38.39999999999999 -92.80000000000001
v 75.2 31.99999999999999 -92.80000000000001
v 67.2 38.39999999999999 -89.60000000000001
v 75.2 31.99999999999999 -89.60000000000001
v 64 38.39999999999999 -92.80000000000001
v 75.2 28.79999999999999 -92.80000000000001
v 67.2 38.39999999999999 -92.80000000000001
v 75.2 31.99999999999999 -92.80000000000001
v 75.2 31.99999999999999 -89.60000000000001
v 75.2 28.79999999999999 -89.60000000000001
v 67.2 38.39999999999999 -89.60000000000001
v 64 38.39999999999999 -89.60000000000001
v 76.80000000000001 38.39999999999999 -89.60000000000001
v 76.80000000000001 25.59999999999999 -89.60000000000001
v 75.2 31.99999999999999 -89.60000000000001
v 75.2 28.79999999999999 -89.60000000000001
v 76.80000000000001 25.59999999999999 -92.80000000000001
v 76.80000000000001 38.39999999999999 -92.80000000000001
v 75.2 28.79999999999999 -92.80000000000001
v 75.2 31.99999999999999 -92.80000000000001
v 1.6 28.79999999999999 -92.80000000000001
v 1.6 25.59999999999999 -92.80000000000001
v 1.6 28.79999999999999 -89.60000000000001
v 1.6 25.59999999999999 -89.60000000000001
v 1.6 31.99999999999999 -89.60000000000001
v 8.8 38.39999999999999 -89.60000000000001
v 1.6 28.79999999999999 -89.60000000000001
v 12.8 38.39999999999999 -89.60000000000001
v 1.6 31.99999999999999 -92.80000000000001
v 8.8 38.39999999999999 -92.80000000000001
v 1.6 31.99999999999999 -89.60000000000001
v 8.8 38.39999999999999 -89.60000000000001
v 12.8 38.39999999999999 -92.80000000000001
v 1.6 28.79999999999999 -92.80000000000001
v 12.8 38.39999999999999 -89.60000000000001
v 1.6 28.79999999999999 -89.60000000000001
v 1.6 31.99999999999999 -92.80000000000001
v 1.6 28.79999999999999 -92.80000000000001
v 8.8 38.39999999999999 -92.80000000000001
v 12.8 38.39999999999999 -92.80000000000001
v 0 38.39999999999999 -92.80000000000001
v 0 25.59999999999999 -92.80000000000001
v 1.6 31.99999999999999 -92.80000000000001
v 1.6 28.79999999999999 -92.80000000000001
v 1.6 31.99999999999999 -89.60000000000001
v 1.6 28.79999999999999 -89.60000000000001
v 0 38.39999999999999 -89.60000000000001
v 0 25.59999999999999 -89.60000000000001
v 35.2 38.39999999999999 -89.60000000000001
v 35.2 51.199999999999996 -76.80000000000001
v 38.400000000000006 38.39999999999999 -89.60000000000001
v 38.400000000000006 51.199999999999996 -76.80000000000001
v 38.400000000000006 51.199999999999996 -76.80000000000001
v 38.400000000000006 51.199999999999996 -80
v 38.400000000000006 38.39999999999999 -89.60000000000001
v 38.400000000000006 41.59999999999999 -89.60000000000001
v 38.400000000000006 51.19999999999999 -102.4
v 38.400000000000006 51.19999999999999 -105.60000000000001
v 38.400000000000006 41.59999999999999 -92.80000000000001
v 38.400000000000006 38.39999999999999 -92.80000000000001
v 35.2 51.19999999999999 -102.4
v 38.400000000000006 51.19999999999999 -102.4
v 35.2 41.59999999999999 -92.80000000000001
v 38.400000000000006 41.59999999999999 -92.80000000000001
v 35.2 41.59999999999999 -89.60000000000001
v 38.400000000000006 41.59999999999999 -89.60000000000001
v 35.2 51.199999999999996 -80
v 38.400000000000006 51.199999999999996 -80
v 35.2 51.19999999999999 -102.4
v 35.2 41.59999999999999 -92.80000000000001
v 35.2 51.19999999999999 -105.60000000000001
v 35.2 38.39999999999999 -92.80000000000001
v 35.2 51.199999999999996 -80
v 35.2 51.199999999999996 -76.80000000000001
v 35.2 41.59999999999999 -89.60000000000001
v 35.2 38.39999999999999 -89.60000000000001
v 3.2 4.799999999999986 -123.2
v 3.2 -1.5087648565495394e-14 -123.2
v 3.2 4.799999999999985 -132.8
v 3.2 -1.6263309492676852e-14 -132.8
v 28.8 9.599999999999985 -136
v 28.8 -1.6655196468404005e-14 -136
v 28.8 4.799999999999985 -132.8
v 28.8 -1.6263309492676852e-14 -132.8
v 28.8 4.799999999999985 -132.8
v 28.8 -1.6263309492676852e-14 -132.8
v 28.8 4.799999999999986 -123.2
v 28.8 -1.5087648565495394e-14 -123.2
v 38.400000000000006 12.799999999999983 -140.8
v 38.400000000000006 25.599999999999984 -140.8
v 38.400000000000006 11.199999999999983 -139.20000000000002
v 38.400000000000006 25.599999999999984 -139.20000000000002
vt 0.75 0.09375
vt 0.75 0.09375
vt 0.75 0.09375
vt 0.828125 0.1015625
vt 0.828125 0
vt 0.8515625 0
vt 0.8125 0.203125
vt 0.8125 0.15625
vt 0.8359375 0.15625
vt 0.765625 0
vt 0.7890625 0
vt 0.7890625 0.1015625
vt 0.859375 0.1875
vt 0.859375 0.125
vt 0.8671875 0.125
vt 0.8125 0.125
vt 0.8203125 0.125
vt 0.8203125 0.203125
vt 0.859375 0.125
vt 0.8671875 0.125
vt 0.8671875 0.1875
vt 0.75 0
vt 0.75 0
vt 0.7578125 0
vt 0.8671875 0.0546875
vt 0.8671875 0.125
vt 0.859375 0.125
vt 0.859375 0.0546875
vt 0.859375 0
vt 0.8671875 0
vt 0.8125 0
vt 0.8203125 0
vt 0.8203125 0.0546875
vt 0.75 0
vt 0.7578125 0
vt 0.7578125 0.0546875
vt 0.796875 0.0546875
vt 0.796875 0
vt 0.8046875 0
vt 0.859375 0
vt 0.8671875 0
vt 0.8671875 0.125
vt 0.8046875 0
vt 0.8046875 0.0546875
vt 0.796875 0.0546875
vt 0.8671875 0.125
vt 0.8671875 0.125
vt 0.859375 0.125
vt 0.8671875 0.125
vt 0.859375 0.125
vt 0.859375 0
vt 0.8046875 0.1171875
vt 0.796875 0.1171875
vt 0.796875 0.0859375
vt 0.7578125 0.0859375
vt 0.7578125 0.1171875
vt 0.75 0.1171875
vt 0.78125 0.21875
vt 0.75 0.2421875
vt 0.75 0.21875
vt 0.8671875 0.109375
vt 0.8125 0
vt 0.8125 0
vt 0.75 0.0234375
vt 0.75 0
vt 0.78125 0
vt 0.75 0
vt 0.78125 0
vt 0.78125 0.0234375
vt 0.8671875 0.125
vt 0.859375 0.125
vt 0.859375 0.0859375
vt 0.8203125 0.0859375
vt 0.8203125 0.125
vt 0.8125 0.125
vt 0.8671875 0.0390625
vt 0.8671875 0.125
vt 0.8203125 0.125
vt 0.75 0.2421875
vt 0.75 0.125
vt 0.796875 0.125
vt 0.8125 0.15625
vt 0.8359375 0.15625
vt 0.8359375 0.1875
vt 0.8671875 0.1796875
vt 0.8359375 0.1796875
vt 0.8359375 0.1171875
vt 0.8671875 0.234375
vt 0.8671875 0.2421875
vt 0.859375 0.2421875
vt 0.7890625 0.0859375
vt 0.7890625 0.1171875
vt 0.765625 0.0859375
vt 0.765625 0.1171875
vt 0.8203125 0.125
vt 0.8203125 0
vt 0.8671875 0.0390625
vt 0.8671875 0
vt 0.8671875 0.1171875
vt 0.8203125 0.1171875
vt 0.8671875 0
vt 0.8203125 0
vt 0.765625 0.0625
vt 0.765625 0.0625
vt 0.765625 0.0625
vt 0.765625 0.0625
vt 0.75 0.0625
vt 0.75 0.0625
vt 0.75 0.0625
vt 0.75 0.0625
vt 0.7578125 0.078125
vt 0.765625 0.0703125
vt 0.765625 0.0859375
vt 0.765625 0.0703125
vt 0.765625 0.109375
vt 0.765625 0.125
vt 0.7578125 0.109375
vt 0.7578125 0.125
vt 0.765625 0.09375
vt 0.7578125 0.09375
vt 0.765625 0.0859375
vt 0.7578125 0.078125
vt 0.796875 0.125
vt 0.796875 0.0078125
vt 0.8046875 0.125
vt 0.8046875 0.0078125
vt 0.8046875 0.125
vt 0.8046875 0.2421875
vt 0.796875 0.125
vt 0.796875 0.2421875
vt 0.765625 0.125
vt 0.765625 0
vt 0.7890625 0.125
vt 0.7890625 0
vt 0.7578125 0.1015625
vt 0.7578125 0.2421875
vt 0.75 0.1015625
vt 0.75 0.2421875
vt 0.84375 0
vt 0.8671875 0
vt 0.84375 0.125
vt 0.8671875 0.125
vt 0.84375 0.125
vt 0.8671875 0.125
vt 0.84375 0.2421875
vt 0.8671875 0.2421875
vt 0.859375 0.2421875
vt 0.859375 0.125
vt 0.8671875 0.234375
vt 0.8671875 0.125
vt 0.8671875 0.1171875
vt 0.859375 0.1171875
vt 0.8671875 0
vt 0.859375 0
vt 0.8046875 0.1875
vt 0.8046875 0.2421875
vt 0.796875 0.1875
vt 0.796875 0.2421875
vt 0.8515625 0.2421875
vt 0.828125 0.2421875
vt 0.8515625 0.125
vt 0.828125 0.125
vt 0.8671875 0.2421875
vt 0.859375 0.2421875
vt 0.8671875 0.125
vt 0.859375 0.125
vt 0.75 0.1171875
vt 0.75 0
vt 0.7578125 0.1171875
vt 0.7578125 0
vt 0.78125 0
vt 0.796875 0
vt 0.78125 0.125
vt 0.796875 0.125
vt 0.8046875 0.125
vt 0.796875 0.125
vt 0.8046875 0
vt 0.796875 0
vt 0.796875 0.1171875
vt 0.796875 0.0234375
vt 0.8046875 0.1171875
vt 0.8046875 0.0234375
vt 0.7890625 0.1015625
vt 0.7890625 0.125
vt 0.765625 0
vt 0.765625 0.125
vt 0.8671875 0.125
vt 0.859375 0.125
vt 0.8671875 0
vt 0.859375 0
vt 0.84375 0.1484375
vt 0.84375 0.0546875
vt 0.859375 0.1484375
vt 0.859375 0.0546875
vt 0.8046875 0.15625
vt 0.8046875 0.2421875
vt 0.75 0.0546875
vt 0.75 0.2421875
vt 0.8046875 0.125
vt 0.8046875 0.125
vt 0.8046875 0.1484375
vt 0.8046875 0.1484375
vt 0.8046875 0.2421875
vt 0.78125 0.2421875
vt 0.8046875 0.15625
vt 0.78125 0.15625
vt 0.8359375 0.15625
vt 0.8359375 0.2421875
vt 0.8125 0.15625
vt 0.8125 0.2421875
vt 0.7734375 0.15625
vt 0.7734375 0.2421875
vt 0.75 0.15625
vt 0.75 0.2421875
vt 0.84375 0.15625
vt 0.8671875 0.15625
vt 0.84375 0.2421875
vt 0.8671875 0.2421875
vt 0.8125 0.2421875
vt 0.8125 0.125
vt 0.84375 0.2421875
vt 0.84375 0.125
vt 0.8046875 0.125
vt 0.8046875 0.2421875
vt 0.78125 0.125
vt 0.78125 0.2421875
vt 0.78125 0.125
vt 0.78125 0.2421875
vt 0.75 0.125
vt 0.75 0.2421875
vt 0.84375 0.2421875
vt 0.84375 0.125
vt 0.8671875 0.2421875
vt 0.8671875 0.125
vt 0.7890625 0.125
vt 0.7890625 0.2421875
vt 0.765625 0.125
vt 0.765625 0.2421875
vt 0.796875 0.125
vt 0.796875 0.0078125
vt 0.8046875 0.125
vt 0.8046875 0.0078125
vt 0.78125 0.2421875
vt 0.78125 0.125
vt 0.8046875 0.2421875
vt 0.8046875 0.125
vt 0.8046875 0.0234375
vt 0.8046875 0.1171875
vt 0.78125 0.0234375
vt 0.78125 0.1171875
vt 0.78125 0
vt 0.78125 0.1171875
vt 0.75 0.0234375
vt 0.75 0.1171875
vt 0.75 0.21875
vt 0.75 0.125
vt 0.78125 0.21875
vt 0.78125 0.125
vt 0.7578125 0.125
vt 0.7578125 0.2421875
vt 0.75 0.125
vt 0.75 0.2421875
vt 0.765625 0.125
vt 0.765625 0
vt 0.7890625 0.125
vt 0.7890625 0
vt 0.859375 0.1484375
vt 0.859375 0.0546875
vt 0.8671875 0.1484375
vt 0.8671875 0.0546875
vt 0.84375 0
vt 0.859375 0
vt 0.84375 0.1171875
vt 0.859375 0.1171875
vt 0.8125 0.234375
vt 0.8125 0.234375
vt 0.8125 0.234375
vt 0.8125 0.234375
vt 0.8046875 0.1171875
vt 0.796875 0.1171875
vt 0.8046875 0
vt 0.796875 0
vt 0.78125 0
vt 0.796875 0
vt 0.78125 0.1171875
vt 0.796875 0.1171875
vt 0.796875 0
vt 0.8046875 0
vt 0.796875 0.1171875
vt 0.8046875 0.1171875
vt 0.8671875 0.1171875
vt 0.75 0.1171875
vt 0.8671875 0.0234375
vt 0.75 0.0234375
vt 0.75 0.15625
vt 0.8671875 0.15625
vt 0.75 0.2421875
vt 0.8671875 0.2421875
vt 0.8359375 0.1875
vt 0.8359375 0.2421875
vt 0.8125 0.15625
vt 0.8125 0.2421875
vt 0.84375 0.2421875
vt 0.84375 0.21875
vt 0.8671875 0.2421875
vt 0.8671875 0.21875
vt 0.75 0.125
vt 0.75 0
vt 0.7734375 0.125
vt 0.7734375 0
vt 0.8046875 0
vt 0.8046875 0.125
vt 0.78125 0
vt 0.78125 0.125
vt 0.75 0.2421875
vt 0.75 0.125
vt 0.7734375 0.2421875
vt 0.7734375 0.125
vt 0.84375 0.0234375
vt 0.8671875 0.0234375
vt 0.84375 0.0546875
vt 0.8671875 0.0546875
vt 0.8046875 0.125
vt 0.8046875 0.2421875
vt 0.78125 0.125
vt 0.78125 0.2421875
vt 0.84375 0.125
vt 0.8515625 0.2421875
vt 0.84375 0.125
vt 0.84375 0.2421875
vt 0.7578125 0.1171875
vt 0.7578125 0
vt 0.7734375 0.1171875
vt 0.7734375 0
vt 0.8515625 0.0859375
vt 0.8515625 0.1171875
vt 0.828125 0.0859375
vt 0.828125 0.1171875
vt 0.859375 0.125
vt 0.859375 0
vt 0.8671875 0.125
vt 0.8671875 0
vt 0.8125 0.125
vt 0.8125 0
vt 0.8203125 0.125
vt 0.8203125 0
vt 0.84375 0.125
vt 0.859375 0.125
vt 0.84375 0.2421875
vt 0.859375 0.2421875
vt 0.84375 0
vt 0.859375 0
vt 0.84375 0.125
vt 0.859375 0.125
vt 0.828125 0.0859375
vt 0.828125 0.0234375
vt 0.8515625 0.0859375
vt 0.8515625 0.0234375
vt 0.75 0.0703125
vt 0.78125 0.0703125
vt 0.75 0.15625
vt 0.78125 0.15625
vt 0.75 0.0625
vt 0.75 0
vt 0.78125 0.0625
vt 0.78125 0
vt 0.8359375 0.0390625
vt 0.8359375 0
vt 0.8671875 0.0390625
vt 0.8671875 0
vt 0.7578125 0.125
vt 0.75 0.125
vt 0.7578125 0
vt 0.75 0
vt 0.7578125 0.2421875
vt 0.75 0.2421875
vt 0.7578125 0.125
vt 0.75 0.125
vt 0.7578125 0.1171875
vt 0.75 0.1171875
vt 0.7578125 0
vt 0.75 0
vt 0.765625 0
vt 0.7890625 0
vt 0.765625 0.125
vt 0.7890625 0.125
vt 0.765625 0.125
vt 0.7890625 0.125
vt 0.765625 0.2421875
vt 0.7890625 0.2421875
vt 0.765625 0.0859375
vt 0.765625 0.0234375
vt 0.7890625 0.0859375
vt 0.7890625 0.0234375
vt 0.75 0.0859375
vt 0.75 0
vt 0.7578125 0.0859375
vt 0.7578125 0
vt 0.796875 0.125
vt 0.796875 0.0078125
vt 0.8125 0.125
vt 0.8125 0.0078125
vt 0.796875 0.125
vt 0.796875 0.21875
vt 0.765625 0.125
vt 0.765625 0.21875
vt 0.75 0.125
vt 0.75 0.0078125
vt 0.765625 0.125
vt 0.765625 0.0078125
vt 0.859375 0.1171875
vt 0.8203125 0.1171875
vt 0.859375 0
vt 0.8203125 0
vt 0.8671875 0.1171875
vt 0.859375 0.1171875
vt 0.8671875 0
vt 0.859375 0
vt 0.8203125 0
vt 0.8203125 0.1171875
vt 0.8125 0
vt 0.8125 0.1171875
vt 0.7890625 0
vt 0.7890625 0.1015625
vt 0.765625 0
vt 0.765625 0.1015625
vt 0.859375 0.125
vt 0.859375 0.0234375
vt 0.8671875 0.125
vt 0.8671875 0.0234375
vt 0.765625 0
vt 0.765625 0.1015625
vt 0.75 0
vt 0.75 0.1015625
vt 0.8125 0.125
vt 0.8125 0.21875
vt 0.796875 0.125
vt 0.796875 0.21875
vt 0.765625 0.125
vt 0.765625 0.0078125
vt 0.796875 0.125
vt 0.796875 0.0078125
vt 0.765625 0.125
vt 0.765625 0.21875
vt 0.75 0.125
vt 0.75 0.21875
vt 0.8046875 0
vt 0.8046875 0.1015625
vt 0.7890625 0
vt 0.7890625 0.1015625
vt 0.8203125 0.125
vt 0.8203125 0.0234375
vt 0.859375 0.125
vt 0.859375 0.0234375
vt 0.8125 0.125
vt 0.8125 0.0234375
vt 0.8203125 0.125
vt 0.8203125 0.0234375
vt 0.859375 0.2421875
vt 0.859375 0.125
vt 0.8671875 0.2421875
vt 0.8671875 0.125
vt 0.8203125 0.2421875
vt 0.8203125 0.125
vt 0.859375 0.2421875
vt 0.859375 0.125
vt 0.8125 0.2421875
vt 0.8125 0.125
vt 0.8203125 0.2421875
vt 0.8203125 0.125
vt 0.7734375 0.1171875
vt 0.765625 0.1171875
vt 0.7734375 0
vt 0.765625 0
vt 0.8515625 0
vt 0.8515625 0.125
vt 0.828125 0.1015625
vt 0.828125 0.125
vt 0.765625 0
vt 0.765625 0.1875
vt 0.75 0
vt 0.75 0.1875
vt 0.8125 0.2421875
vt 0.8125 0.125
vt 0.8203125 0.2421875
vt 0.8203125 0.125
vt 0.859375 0.2265625
vt 0.859375 0.125
vt 0.8671875 0.2265625
vt 0.8671875 0.125
vt 0.859375 0.234375
vt 0.859375 0.125
vt 0.8671875 0.2421875
vt 0.8671875 0.125
vt 0.8125 0.2421875
vt 0.8125 0.125
vt 0.8203125 0.2421875
vt 0.8203125 0.125
vt 0.75 0.1015625
vt 0.75 0
vt 0.7578125 0.1015625
vt 0.7578125 0
vt 0.796875 0
vt 0.796875 0.1875
vt 0.765625 0
vt 0.765625 0.1875
vt 0.8046875 0.1875
vt 0.796875 0.1875
vt 0.8046875 0
vt 0.796875 0
vt 0.765625 0.125
vt 0.765625 0.2421875
vt 0.75 0.125
vt 0.75 0.2421875
vt 0.796875 0.125
vt 0.796875 0.2421875
vt 0.765625 0.125
vt 0.765625 0.2421875
vt 0.8046875 0.2421875
vt 0.796875 0.2421875
vt 0.8046875 0.125
vt 0.796875 0.125
vt 0.7578125 0.125
vt 0.7578125 0.2421875
vt 0.75 0.125
vt 0.75 0.2421875
vt 0.765625 0.125
vt 0.765625 0
vt 0.7890625 0.125
vt 0.7890625 0
vt 0.8046875 0.125
vt 0.8046875 0.2421875
vt 0.796875 0.125
vt 0.796875 0.2421875
vt 0.7578125 0
vt 0.7578125 0.125
vt 0.75 0
vt 0.75 0.125
vt 0.765625 0.2421875
vt 0.765625 0.125
vt 0.7890625 0.2421875
vt 0.7890625 0.125
vt 0.8046875 0
vt 0.8046875 0.125
vt 0.796875 0
vt 0.796875 0.125
vt 0.8203125 0.203125
vt 0.8203125 0.2421875
vt 0.8125 0.125
vt 0.8125 0.2421875
vt 0.828125 0.2109375
vt 0.828125 0.125
vt 0.8515625 0.2109375
vt 0.8515625 0.125
vt 0.8203125 0
vt 0.8203125 0.125
vt 0.8125 0
vt 0.8125 0.125
vt 0.8203125 0
vt 0.8203125 0.125
vt 0.8125 0
vt 0.8125 0.125
vt 0.828125 0.2109375
vt 0.828125 0.125
vt 0.8515625 0.2109375
vt 0.8515625 0.125
vt 0.828125 0.125
vt 0.828125 0.2265625
vt 0.8125 0.125
vt 0.8125 0.2421875
vt 0.8671875 0
vt 0.8671875 0.1875
vt 0.859375 0
vt 0.859375 0.1875
vt 0.859375 0
vt 0.859375 0.1875
vt 0.828125 0
vt 0.828125 0.1875
vt 0.828125 0
vt 0.828125 0.1875
vt 0.8125 0
vt 0.8125 0.1875
vt 0.8671875 0.125
vt 0.8671875 0.2421875
vt 0.859375 0.125
vt 0.859375 0.2421875
vt 0.859375 0.125
vt 0.859375 0.2421875
vt 0.828125 0.125
vt 0.828125 0.2421875
vt 0.828125 0.125
vt 0.828125 0.2421875
vt 0.8125 0.125
vt 0.8125 0.2421875
vt 0.8046875 0.125
vt 0.8046875 0.2421875
vt 0.796875 0.125
vt 0.796875 0.2421875
vt 0.7890625 0.125
vt 0.7890625 0.2421875
vt 0.765625 0.125
vt 0.765625 0.2421875
vt 0.75 0.125
vt 0.75 0
vt 0.7578125 0.125
vt 0.7578125 0
vt 0.8046875 0
vt 0.8046875 0.125
vt 0.796875 0
vt 0.796875 0.125
vt 0.7890625 0
vt 0.7890625 0.125
vt 0.765625 0
vt 0.765625 0.125
vt 0.75 0.2421875
vt 0.75 0.125
vt 0.7578125 0.2421875
vt 0.7578125 0.125
vt 0.8671875 0.125
vt 0.8671875 0.2421875
vt 0.859375 0.1875
vt 0.859375 0.2421875
vt 0.8515625 0
vt 0.8515625 0.125
vt 0.828125 0
vt 0.828125 0.125
vt 0.8671875 0
vt 0.8671875 0.125
vt 0.859375 0
vt 0.859375 0.125
vt 0.8515625 0
vt 0.8515625 0.125
vt 0.828125 0
vt 0.828125 0.125
vt 0.8125 0.2109375
vt 0.8125 0.125
vt 0.8203125 0.2109375
vt 0.8203125 0.125
vt 0.8046875 0.125
vt 0.8046875 0.2421875
vt 0.796875 0.125
vt 0.796875 0.2421875
vt 0.7890625 0.125
vt 0.7890625 0.2421875
vt 0.765625 0.125
vt 0.765625 0.2421875
vt 0.75 0.125
vt 0.75 0
vt 0.7578125 0.125
vt 0.7578125 0
vt 0.8046875 0
vt 0.8046875 0.1171875
vt 0.78125 0
vt 0.78125 0.1171875
vt 0.75 0.1875
vt 0.75 0.125
vt 0.78125 0.2421875
vt 0.78125 0.125
vt 0.78125 0.0234375
vt 0.78125 0.1171875
vt 0.75 0
vt 0.75 0.1171875
vt 0.78125 0.21875
vt 0.78125 0.125
vt 0.8046875 0.21875
vt 0.8046875 0.125
vt 0.828125 0.0546875
vt 0.828125 0
vt 0.8515625 0.0546875
vt 0.8515625 0
vt 0.765625 0.0546875
vt 0.765625 0
vt 0.7890625 0.0546875
vt 0.7890625 0
vt 0.8671875 0.125
vt 0.8671875 0.2421875
vt 0.859375 0.125
vt 0.859375 0.2421875
vt 0.8515625 0.125
vt 0.8515625 0.2421875
vt 0.828125 0.125
vt 0.828125 0.2421875
vt 0.8203125 0.125
vt 0.8203125 0.2421875
vt 0.8125 0.125
vt 0.8125 0.2421875
vt 0.765625 0
vt 0.765625 0.125
vt 0.75 0
vt 0.75 0.125
vt 0.796875 0
vt 0.796875 0.125
vt 0.765625 0
vt 0.765625 0.125
vt 0.8046875 0
vt 0.8046875 0.125
vt 0.796875 0
vt 0.796875 0.125
vt 0.8203125 0.125
vt 0.8203125 0.2421875
vt 0.8125 0.125
vt 0.8125 0.2421875
vt 0.859375 0.125
vt 0.859375 0.2421875
vt 0.828125 0.125
vt 0.828125 0.2421875
vt 0.8671875 0.125
vt 0.8671875 0.2421875
vt 0.859375 0.125
vt 0.859375 0.2421875
vt 0.8671875 0
vt 0.8671875 0.125
vt 0.859375 0
vt 0.859375 0.125
vt 0.8515625 0
vt 0.8515625 0.125
vt 0.828125 0
vt 0.828125 0.125
vt 0.8203125 0
vt 0.8203125 0.125
vt 0.8125 0
vt 0.8125 0.125
vt 0.859375 0.125
vt 0.859375 0
vt 0.8671875 0.125
vt 0.8671875 0
vt 0.828125 0.125
vt 0.828125 0
vt 0.8515625 0.125
vt 0.8515625 0
vt 0.8125 0.125
vt 0.8125 0
vt 0.8203125 0.125
vt 0.8203125 0
vt 0.8515625 0.125
vt 0.8515625 0.2421875
vt 0.828125 0.125
vt 0.828125 0.2421875
vt 0.8125 0.125
vt 0.8125 0
vt 0.8203125 0.125
vt 0.8203125 0
vt 0.8125 0.125
vt 0.8125 0
vt 0.828125 0.125
vt 0.828125 0
vt 0.8046875 0.1171875
vt 0.796875 0.1171875
vt 0.8046875 0.015625
vt 0.796875 0.0234375
vt 0.75 0.0390625
vt 0.75 0
vt 0.78125 0.0390625
vt 0.78125 0
vt 0.8671875 0.125
vt 0.8671875 0.2421875
vt 0.8125 0.125
vt 0.8125 0.2421875
vt 0.8046875 0.125
vt 0.8046875 0.2421875
vt 0.75 0.125
vt 0.75 0.2421875
vt 0.75 0.0859375
vt 0.75 0
vt 0.7578125 0.0859375
vt 0.7578125 0
vt 0.765625 0.125
vt 0.765625 0.2421875
vt 0.75 0.125
vt 0.75 0.2421875
vt 0.796875 0.0859375
vt 0.796875 0
vt 0.8046875 0.0859375
vt 0.8046875 0
vt 0.84375 0.0390625
vt 0.84375 0
vt 0.8671875 0.0390625
vt 0.8671875 0
vt 0.8515625 0
vt 0.8515625 0.125
vt 0.828125 0
vt 0.828125 0.125
vt 0.828125 0.2265625
vt 0.828125 0.125
vt 0.8515625 0.2265625
vt 0.8515625 0.125
vt 0.8203125 0.125
vt 0.8203125 0.2421875
vt 0.8125 0.125
vt 0.8125 0.2421875
vt 0.8671875 0.125
vt 0.8671875 0.2421875
vt 0.859375 0.125
vt 0.859375 0.2421875
vt 0.8046875 0.2421875
vt 0.796875 0.2421875
vt 0.8046875 0.125
vt 0.796875 0.125
vt 0.78125 0
vt 0.78125 0.0546875
vt 0.75 0
vt 0.75 0.0546875
vt 0.75 0.1171875
vt 0.75 0.0234375
vt 0.765625 0.1171875
vt 0.765625 0.0234375
vt 0.75 0.2421875
vt 0.75 0.125
vt 0.7578125 0.2421875
vt 0.7578125 0.125
vt 0.796875 0.2421875
vt 0.796875 0.125
vt 0.8046875 0.2421875
vt 0.8046875 0.125
vt 0.8125 0.2421875
vt 0.8125 0.125
vt 0.828125 0.2421875
vt 0.828125 0.125
vt 0.75 0.125
vt 0.75 0
vt 0.8046875 0.125
vt 0.8046875 0
vt 0.8125 0.125
vt 0.8125 0
vt 0.8671875 0.125
vt 0.8671875 0
vt 0.8671875 0
vt 0.8671875 0.125
vt 0.859375 0
vt 0.859375 0.125
vt 0.8203125 0
vt 0.8203125 0.125
vt 0.8125 0
vt 0.8125 0.125
vt 0.765625 0
vt 0.765625 0.125
vt 0.75 0
vt 0.75 0.125
vt 0.8046875 0.125
vt 0.8046875 0.2421875
vt 0.796875 0.125
vt 0.796875 0.2421875
vt 0.7578125 0.125
vt 0.7578125 0.2421875
vt 0.75 0.125
vt 0.75 0.2421875
vt 0.7578125 0.0234375
vt 0.7578125 0.125
vt 0.75 0.0234375
vt 0.75 0.125
vt 0.8046875 0.0234375
vt 0.8046875 0.125
vt 0.796875 0.0234375
vt 0.796875 0.125
vt 0.78125 0.0546875
vt 0.78125 0.125
vt 0.75 0.0546875
vt 0.75 0.125
vt 0.796875 0.1875
vt 0.796875 0.2421875
vt 0.78125 0.1875
vt 0.78125 0.2421875
vt 0.8359375 0.0546875
vt 0.8359375 0.1171875
vt 0.8203125 0.0546875
vt 0.8203125 0.1171875
vt 0.8359375 0.2421875
vt 0.8203125 0.2421875
vt 0.8359375 0.1171875
vt 0.8203125 0.1171875
vt 0.8671875 0.2421875
vt 0.8515625 0.2421875
vt 0.8671875 0.125
vt 0.8515625 0.125
vt 0.8125 0.2421875
vt 0.8125 0.125
vt 0.84375 0.2421875
vt 0.84375 0.125
vt 0.8046875 0.125
vt 0.8046875 0.2421875
vt 0.78125 0.125
vt 0.78125 0.2421875
vt 0.78125 0.125
vt 0.78125 0.2421875
vt 0.75 0.125
vt 0.75 0.2421875
vt 0.84375 0.2421875
vt 0.84375 0.125
vt 0.8671875 0.2421875
vt 0.8671875 0.125
vt 0.78125 0
vt 0.78125 0.125
vt 0.75 0
vt 0.75 0.125
vt 0.8046875 0
vt 0.8046875 0.125
vt 0.78125 0
vt 0.78125 0.125
vt 0.78125 0
vt 0.78125 0.125
vt 0.75 0
vt 0.75 0.125
vt 0.8046875 0
vt 0.8046875 0.125
vt 0.78125 0
vt 0.78125 0.125
vt 0.78125 0.1171875
vt 0.796875 0.0546875
vt 0.8046875 0.1171875
vt 0.8046875 0.0546875
vt 0.796875 0.0546875
vt 0.78125 0.0546875
vt 0.8046875 0
vt 0.78125 0
vt 0.7578125 0
vt 0.7578125 0.1171875
vt 0.75 0
vt 0.75 0.1171875
vt 0.859375 0.125
vt 0.859375 0
vt 0.8671875 0.0546875
vt 0.8671875 0
vt 0.8671875 0.1875
vt 0.8671875 0.2421875
vt 0.859375 0.125
vt 0.859375 0.2421875
vt 0.8125 0.125
vt 0.8125 0
vt 0.84375 0.125
vt 0.84375 0
vt 0.78125 0.125
vt 0.78125 0
vt 0.8046875 0.125
vt 0.8046875 0
vt 0.75 0.125
vt 0.75 0
vt 0.78125 0.125
vt 0.78125 0
vt 0.84375 0.125
vt 0.84375 0
vt 0.8671875 0.125
vt 0.8671875 0
vt 0.8671875 0.125
vt 0.8671875 0.2421875
vt 0.84375 0.125
vt 0.84375 0.2421875
vt 0.78125 0.125
vt 0.78125 0.2421875
vt 0.75 0.125
vt 0.75 0.2421875
vt 0.8046875 0.125
vt 0.8046875 0.2421875
vt 0.78125 0.125
vt 0.78125 0.2421875
vt 0.84375 0.125
vt 0.84375 0.2421875
vt 0.8125 0.125
vt 0.8125 0.2421875
vt 0.8671875 0.125
vt 0.8671875 0.2421875
vt 0.84375 0.125
vt 0.84375 0.2421875
vt 0.84375 0.125
vt 0.84375 0.2421875
vt 0.8125 0.125
vt 0.8125 0.2421875
vt 0.8671875 0.125
vt 0.8671875 0.2421875
vt 0.84375 0.125
vt 0.84375 0.2421875
vt 0.84375 0.125
vt 0.84375 0.2421875
vt 0.8125 0.125
vt 0.8125 0.2421875
vt 0.84375 0.125
vt 0.84375 0
vt 0.8671875 0.125
vt 0.8671875 0
vt 0.8125 0.125
vt 0.8125 0
vt 0.84375 0.125
vt 0.84375 0
vt 0.84375 0.125
vt 0.84375 0
vt 0.8671875 0.125
vt 0.8671875 0
vt 0.8125 0.125
vt 0.8125 0
vt 0.84375 0.125
vt 0.84375 0
vt 0.7890625 0.0859375
vt 0.7890625 0.1171875
vt 0.765625 0.0859375
vt 0.765625 0.1171875
vt 0.8671875 0.125
vt 0.8671875 0.2421875
vt 0.84375 0.125
vt 0.84375 0.2421875
vt 0.8359375 0
vt 0.8359375 0.0859375
vt 0.8125 0
vt 0.8125 0.0859375
vt 0.8359375 0.125
vt 0.8359375 0.2421875
vt 0.8125 0.1484375
vt 0.8125 0.2265625
vt 0.8671875 0.09375
vt 0.84375 0.1171875
vt 0.8671875 0.015625
vt 0.84375 0
vt 0.8046875 0
vt 0.8046875 0.1171875
vt 0.796875 0.0546875
vt 0.796875 0.0859375
vt 0.75 0.1171875
vt 0.75 0
vt 0.7578125 0.0859375
vt 0.7578125 0.0546875
vt 0.8515625 0.0859375
vt 0.8515625 0.125
vt 0.828125 0.0859375
vt 0.828125 0.125
vt 0.75 0.09375
vt 0.75 0.015625
vt 0.7734375 0.1171875
vt 0.7734375 0
vt 0.75 0.2421875
vt 0.75 0
vt 0.8046875 0.2421875
vt 0.8046875 0
vt 0.78125 0.1171875
vt 0.78125 0
vt 0.8046875 0.1171875
vt 0.8046875 0
vt 0.8359375 0.09375
vt 0.8125 0.1171875
vt 0.8359375 0.015625
vt 0.8125 0
vt 0.8671875 0
vt 0.8671875 0.125
vt 0.859375 0.0546875
vt 0.859375 0.0859375
vt 0.8203125 0.0546875
vt 0.8203125 0.0859375
vt 0.8125 0
vt 0.8125 0.125
vt 0.8359375 0
vt 0.8359375 0.1484375
vt 0.8125 0
vt 0.8125 0.1484375
vt 0.84375 0
vt 0.8671875 0.015625
vt 0.84375 0.1484375
vt 0.8671875 0.125
vt 0.8125 0.015625
vt 0.8359375 0
vt 0.8125 0.125
vt 0.8359375 0.1484375
vt 0.8359375 0.015625
vt 0.8671875 0.015625
vt 0.8359375 0.125
vt 0.8671875 0.125
vt 0.75 0.015625
vt 0.78125 0.015625
vt 0.75 0.125
vt 0.78125 0.125
vt 0.8359375 0.015625
vt 0.8359375 0.125
vt 0.8125 0
vt 0.8125 0.1484375
vt 0.78125 0.015625
vt 0.8046875 0
vt 0.78125 0.125
vt 0.8046875 0.1484375
vt 0.796875 0.125
vt 0.75 0.125
vt 0.796875 0.0234375
vt 0.75 0.0234375
vt 0.8359375 0.15625
vt 0.8359375 0.2421875
vt 0.8125 0.203125
vt 0.8125 0.2421875
vt 0.8671875 0.2421875
vt 0.8203125 0.2421875
vt 0.8671875 0.125
vt 0.8203125 0.125
vt 0.8125 0.140625
vt 0.8125 0.140625
vt 0.8203125 0.2421875
vt 0.8203125 0.140625
vn 0 1.2246467991473532e-16 1
vn 0 1.2246467991473532e-16 1
vn 0 1.2246467991473532e-16 1
vn 0 1.2246467991473532e-16 1
vn 0 1.2246467991473532e-16 1
vn 0 1.2246467991473532e-16 1
vn 1 0 0
vn 1 0 0
vn 1 0 0
vn 0 1.2246467991473532e-16 1
vn 0 1.2246467991473532e-16 1
vn 0 1.2246467991473532e-16 1
vn 0 1 -1.2246467991473532e-16
vn 0 1 -1.2246467991473532e-16
vn 0 1 -1.2246467991473532e-16
vn 0 1 -1.2246467991473532e-16
vn 0 1 -1.2246467991473532e-16
vn 0 1 -1.2246467991473532e-16
vn 0 -1 1.2246467991473532e-16
vn 0 -1 1.2246467991473532e-16
vn 0 -1 1.2246467991473532e-16
vn 0 1.2246467991473532e-16 1
vn 0 1.2246467991473532e-16 1
vn 0 1.2246467991473532e-16 1
vn 0 -1 1.2246467991473532e-16
vn 0 -1 1.2246467991473532e-16
vn 0 -1 1.2246467991473532e-16
vn 0 -1.2246467991473532e-16 -1
vn 0 -1.2246467991473532e-16 -1
vn 0 -1.2246467991473532e-16 -1
vn 0 1.2246467991473532e-16 1
vn 0 1.2246467991473532e-16 1
vn 0 1.2246467991473532e-16 1
vn 0 -1.2246467991473532e-16 -1
vn 0 -1.2246467991473532e-16 -1
vn 0 -1.2246467991473532e-16 -1
vn 0 1.2246467991473532e-16 1
vn 0 1.2246467991473532e-16 1
vn 0 1.2246467991473532e-16 1
vn 0 -1 1.2246467991473532e-16
vn 0 -1 1.2246467991473532e-16
vn 0 -1 1.2246467991473532e-16
vn 0 -1 1.2246467991473532e-16
vn 0 -1 1.2246467991473532e-16
vn 0 -1 1.2246467991473532e-16
vn 0 -1 1.2246467991473532e-16
vn 0 -1 1.2246467991473532e-16
vn 0 -1 1.2246467991473532e-16
vn 0 -1 1.2246467991473532e-16
vn 0 -1 1.2246467991473532e-16
vn 0 -1 1.2246467991473532e-16
vn 0 1.2246467991473532e-16 1
vn 0 1.2246467991473532e-16 1
vn 0 1.2246467991473532e-16 1
vn 0 -1.2246467991473532e-16 -1
vn 0 -1.2246467991473532e-16 -1
vn 0 -1.2246467991473532e-16 -1
vn 0 1.2246467991473532e-16 1
vn 0 1.2246467991473532e-16 1
vn 0 1.2246467991473532e-16 1
vn 0 -1.2246467991473532e-16 -1
vn 0 -1.2246467991473532e-16 -1
vn 0 -1.2246467991473532e-16 -1
vn 0 -1.2246467991473532e-16 -1
vn 0 -1.2246467991473532e-16 -1
vn 0 -1.2246467991473532e-16 -1
vn 0 1.2246467991473532e-16 1
vn 0 1.2246467991473532e-16 1
vn 0 1.2246467991473532e-16 1
vn 0 -1.2246467991473532e-16 -1
vn 0 -1.2246467991473532e-16 -1
vn 0 -1.2246467991473532e-16 -1
vn 0 1.2246467991473532e-16 1
vn 0 1.2246467991473532e-16 1
vn 0 1.2246467991473532e-16 1
vn 1 0 0
vn 1 0 0
vn 1 0 0
vn -1 0 0
vn -1 0 0
vn -1 0 0
vn -1 0 0
vn -1 0 0
vn -1 0 0
vn -1 0 0
vn -1 0 0
vn -1 0 0
vn 1 0 0
vn 1 0 0
vn 1 0 0
vn 0 1.2246467991473532e-16 1
vn 0 1.2246467991473532e-16 1
vn 0 1.2246467991473532e-16 1
vn 0 1.2246467991473532e-16 1
vn 1 0 0
vn 1 0 0
vn 1 0 0
vn 1 0 0
vn 1 0 0
vn 1 0 0
vn 1 0 0
vn 1 0 0
vn 0 1.2246467991473532e-16 1
vn 0 1.2246467991473532e-16 1
vn 0 1.2246467991473532e-16 1
vn 0 1.2246467991473532e-16 1
vn 0 1.2246467991473532e-16 1
vn 0 1.2246467991473532e-16 1
vn 0 1.2246467991473532e-16 1
vn 0 1.2246467991473532e-16 1
vn -0.7071067811865475 -0.7071067811865475 8.659560562354932e-17
vn -0.7071067811865475 -0.7071067811865475 8.659560562354932e-17
vn -0.7071067811865475 -0.7071067811865475 8.659560562354932e-17
vn -0.7071067811865475 -0.7071067811865475 8.659560562354932e-17
vn -0.7071067811865475 -0.7071067811865475 8.659560562354932e-17
vn -0.7071067811865475 -0.7071067811865475 8.659560562354932e-17
vn -0.7071067811865475 -0.7071067811865475 8.659560562354932e-17
vn -0.7071067811865475 -0.7071067811865475 8.659560562354932e-17
vn -0.705650329101525 -0.705650329101525 0.06415002788634402
vn -0.705650329101525 -0.705650329101525 0.06415002788634402
vn -0.705650329101525 -0.705650329101525 0.06415002788634402
vn -0.705650329101525 -0.705650329101525 0.06415002788634402
vn 0 1 -1.2246467991473532e-16
vn 0 1 -1.2246467991473532e-16
vn 0 1 -1.2246467991473532e-16
vn 0 1 -1.2246467991473532e-16
vn 0 -1 1.2246467991473532e-16
vn 0 -1 1.2246467991473532e-16
vn 0 -1 1.2246467991473532e-16
vn 0 -1 1.2246467991473532e-16
vn 1 0 0
vn 1 0 0
vn 1 0 0
vn 1 0 0
vn 0 1 -1.2246467991473532e-16
vn 0 1 -1.2246467991473532e-16
vn 0 1 -1.2246467991473532e-16
vn 0 1 -1.2246467991473532e-16
vn 0 1 -1.2246467991473532e-16
vn 0 1 -1.2246467991473532e-16
vn 0 1 -1.2246467991473532e-16
vn 0 1 -1.2246467991473532e-16
vn 0 1 -1.2246467991473532e-16
vn 0 1 -1.2246467991473532e-16
vn 0 1 -1.2246467991473532e-16
vn 0 1 -1.2246467991473532e-16
vn 1 0 0
vn 1 0 0
vn 1 0 0
vn 1 0 0
vn 0 1.2246467991473532e-16 1
vn 0 1.2246467991473532e-16 1
vn 0 1.2246467991473532e-16 1
vn 0 1.2246467991473532e-16 1
vn 1 0 0
vn 1 0 0
vn 1 0 0
vn 1 0 0
vn 0 1.2246467991473532e-16 1
vn 0 1.2246467991473532e-16 1
vn 0 1.2246467991473532e-16 1
vn 0 1.2246467991473532e-16 1
vn 0 1.2246467991473532e-16 1
vn 0 1.2246467991473532e-16 1
vn 0 1.2246467991473532e-16 1
vn 0 1.2246467991473532e-16 1
vn 0 1.2246467991473532e-16 1
vn 0 1.2246467991473532e-16 1
vn 0 1.2246467991473532e-16 1
vn 0 1.2246467991473532e-16 1
vn 0 1.2246467991473532e-16 1
vn 0 1.2246467991473532e-16 1
vn 0 1.2246467991473532e-16 1
vn 0 1.2246467991473532e-16 1
vn 1 0 0
vn 1 0 0
vn 1 0 0
vn 1 0 0
vn 1 0 0
vn 1 0 0
vn 1 0 0
vn 1 0 0
vn 0 1.2246467991473532e-16 1
vn 0 1.2246467991473532e-16 1
vn 0 1.2246467991473532e-16 1
vn 0 1.2246467991473532e-16 1
vn 0 1.2246467991473532e-16 1
vn 0 1.2246467991473532e-16 1
vn 0 1.2246467991473532e-16 1
vn 0 1.2246467991473532e-16 1
vn -1 0 0
vn -1 0 0
vn -1 0 0
vn -1 0 0
vn 0 1.2246467991473532e-16 1
vn 0 1.2246467991473532e-16 1
vn 0 1.2246467991473532e-16 1
vn 0 1.2246467991473532e-16 1
vn 0 -1 1.2246467991473532e-16
vn 0 -1 1.2246467991473532e-16
vn 0 -1 1.2246467991473532e-16
vn 0 -1 1.2246467991473532e-16
vn 0 -1.2246467991473532e-16 -1
vn 0 -1.2246467991473532e-16 -1
vn 0 -1.2246467991473532e-16 -1
vn 0 -1.2246467991473532e-16 -1
vn -1 0 0
vn -1 0 0
vn -1 0 0
vn -1 0 0
vn 1 0 0
vn 1 0 0
vn 1 0 0
vn 1 0 0
vn 0 1.2246467991473532e-16 1
vn 0 1.2246467991473532e-16 1
vn 0 1.2246467991473532e-16 1
vn 0 1.2246467991473532e-16 1
vn -1 0 0
vn -1 0 0
vn -1 0 0
vn -1 0 0
vn 0 1.2246467991473532e-16 1
vn 0 1.2246467991473532e-16 1
vn 0 1.2246467991473532e-16 1
vn 0 1.2246467991473532e-16 1
vn 1 0 0
vn 1 0 0
vn 1 0 0
vn 1 0 0
vn 0 -1.2246467991473532e-16 -1
vn 0 -1.2246467991473532e-16 -1
vn 0 -1.2246467991473532e-16 -1
vn 0 -1.2246467991473532e-16 -1
vn 1 0 0
vn 1 0 0
vn 1 0 0
vn 1 0 0
vn 0 -1 1.2246467991473532e-16
vn 0 -1 1.2246467991473532e-16
vn 0 -1 1.2246467991473532e-16
vn 0 -1 1.2246467991473532e-16
vn 0 1 -1.2246467991473532e-16
vn 0 1 -1.2246467991473532e-16
vn 0 1 -1.2246467991473532e-16
vn 0 1 -1.2246467991473532e-16
vn 0 -1 1.2246467991473532e-16
vn 0 -1 1.2246467991473532e-16
vn 0 -1 1.2246467991473532e-16
vn 0 -1 1.2246467991473532e-16
vn 0 -1.2246467991473532e-16 -1
vn 0 -1.2246467991473532e-16 -1
vn 0 -1.2246467991473532e-16 -1
vn 0 -1.2246467991473532e-16 -1
vn 0 1.2246467991473532e-16 1
vn 0 1.2246467991473532e-16 1
vn 0 1.2246467991473532e-16 1
vn 0 1.2246467991473532e-16 1
vn 0 -1 1.2246467991473532e-16
vn 0 -1 1.2246467991473532e-16
vn 0 -1 1.2246467991473532e-16
vn 0 -1 1.2246467991473532e-16
vn -1 0 0
vn -1 0 0
vn -1 0 0
vn -1 0 0
vn 0 1.2246467991473532e-16 1
vn 0 1.2246467991473532e-16 1
vn 0 1.2246467991473532e-16 1
vn 0 1.2246467991473532e-16 1
vn -1 0 0
vn -1 0 0
vn -1 0 0
vn -1 0 0
vn 1 0 0
vn 1 0 0
vn 1 0 0
vn 1 0 0
vn 1 0 0
vn 1 0 0
vn 1 0 0
vn 1 0 0
vn 0 1.2246467991473532e-16 1
vn 0 1.2246467991473532e-16 1
vn 0 1.2246467991473532e-16 1
vn 0 1.2246467991473532e-16 1
vn 1 0 0
vn 1 0 0
vn 1 0 0
vn 1 0 0
vn 0 -1.2246467991473532e-16 -1
vn 0 -1.2246467991473532e-16 -1
vn 0 -1.2246467991473532e-16 -1
vn 0 -1.2246467991473532e-16 -1
vn 0 -1.2246467991473532e-16 -1
vn 0 -1.2246467991473532e-16 -1
vn 0 -1.2246467991473532e-16 -1
vn 0 -1.2246467991473532e-16 -1
vn -1 0 0
vn -1 0 0
vn -1 0 0
vn -1 0 0
vn 1 0 0
vn 1 0 0
vn 1 0 0
vn 1 0 0
vn 0 1.2246467991473532e-16 1
vn 0 1.2246467991473532e-16 1
vn 0 1.2246467991473532e-16 1
vn 0 1.2246467991473532e-16 1
vn 0 -1.2246467991473532e-16 -1
vn 0 -1.2246467991473532e-16 -1
vn 0 -1.2246467991473532e-16 -1
vn 0 -1.2246467991473532e-16 -1
vn 0 1.2246467991473532e-16 1
vn 0 1.2246467991473532e-16 1
vn 0 1.2246467991473532e-16 1
vn 0 1.2246467991473532e-16 1
vn -1 0 0
vn -1 0 0
vn -1 0 0
vn -1 0 0
vn 0 -1.2246467991473532e-16 -1
vn 0 -1.2246467991473532e-16 -1
vn 0 -1.2246467991473532e-16 -1
vn 0 -1.2246467991473532e-16 -1
vn -1 0 0
vn -1 0 0
vn -1 0 0
vn -1 0 0
vn 1 0 0
vn 1 0 0
vn 1 0 0
vn 1 0 0
vn 0 1.2246467991473532e-16 1
vn 0 1.2246467991473532e-16 1
vn 0 1.2246467991473532e-16 1
vn 0 1.2246467991473532e-16 1
vn 1 0 0
vn 1 0 0
vn 1 0 0
vn 1 0 0
vn -1 0 0
vn -1 0 0
vn -1 0 0
vn -1 0 0
vn -1 0 0
vn -1 0 0
vn -1 0 0
vn -1 0 0
vn -1 0 0
vn -1 0 0
vn -1 0 0
vn -1 0 0
vn 0 1.2246467991473532e-16 1
vn 0 1.2246467991473532e-16 1
vn 0 1.2246467991473532e-16 1
vn 0 1.2246467991473532e-16 1
vn 1 0 0
vn 1 0 0
vn 1 0 0
vn 1 0 0
vn 1 0 0
vn 1 0 0
vn 1 0 0
vn 1 0 0
vn -1 0 0
vn -1 0 0
vn -1 0 0
vn -1 0 0
vn -1 0 0
vn -1 0 0
vn -1 0 0
vn -1 0 0
vn -1 0 0
vn -1 0 0
vn -1 0 0
vn -1 0 0
vn -1 0 0
vn -1 0 0
vn -1 0 0
vn -1 0 0
vn 0 1.2246467991473532e-16 1
vn 0 1.2246467991473532e-16 1
vn 0 1.2246467991473532e-16 1
vn 0 1.2246467991473532e-16 1
vn 0 1.2246467991473532e-16 1
vn 0 1.2246467991473532e-16 1
vn 0 1.2246467991473532e-16 1
vn 0 1.2246467991473532e-16 1
vn 0 1.2246467991473532e-16 1
vn 0 1.2246467991473532e-16 1
vn 0 1.2246467991473532e-16 1
vn 0 1.2246467991473532e-16 1
vn -1 0 0
vn -1 0 0
vn -1 0 0
vn -1 0 0
vn 0 1 -1.2246467991473532e-16
vn 0 1 -1.2246467991473532e-16
vn 0 1 -1.2246467991473532e-16
vn 0 1 -1.2246467991473532e-16
vn 0 1.2246467991473532e-16 1
vn 0 1.2246467991473532e-16 1
vn 0 1.2246467991473532e-16 1
vn 0 1.2246467991473532e-16 1
vn 0 -1 1.2246467991473532e-16
vn 0 -1 1.2246467991473532e-16
vn 0 -1 1.2246467991473532e-16
vn 0 -1 1.2246467991473532e-16
vn 0 1.2246467991473532e-16 1
vn 0 1.2246467991473532e-16 1
vn 0 1.2246467991473532e-16 1
vn 0 1.2246467991473532e-16 1
vn 0 1 -1.2246467991473532e-16
vn 0 1 -1.2246467991473532e-16
vn 0 1 -1.2246467991473532e-16
vn 0 1 -1.2246467991473532e-16
vn 0 -1 1.2246467991473532e-16
vn 0 -1 1.2246467991473532e-16
vn 0 -1 1.2246467991473532e-16
vn 0 -1 1.2246467991473532e-16
vn 0 1.2246467991473532e-16 1
vn 0 1.2246467991473532e-16 1
vn 0 1.2246467991473532e-16 1
vn 0 1.2246467991473532e-16 1
vn 0 1 -1.2246467991473532e-16
vn 0 1 -1.2246467991473532e-16
vn 0 1 -1.2246467991473532e-16
vn 0 1 -1.2246467991473532e-16
vn 0 -1 1.2246467991473532e-16
vn 0 -1 1.2246467991473532e-16
vn 0 -1 1.2246467991473532e-16
vn 0 -1 1.2246467991473532e-16
vn 0 1 -1.2246467991473532e-16
vn 0 1 -1.2246467991473532e-16
vn 0 1 -1.2246467991473532e-16
vn 0 1 -1.2246467991473532e-16
vn 0 1.2246467991473532e-16 1
vn 0 1.2246467991473532e-16 1
vn 0 1.2246467991473532e-16 1
vn 0 1.2246467991473532e-16 1
vn 0 -1 1.2246467991473532e-16
vn 0 -1 1.2246467991473532e-16
vn 0 -1 1.2246467991473532e-16
vn 0 -1 1.2246467991473532e-16
vn 0 1 -1.2246467991473532e-16
vn 0 1 -1.2246467991473532e-16
vn 0 1 -1.2246467991473532e-16
vn 0 1 -1.2246467991473532e-16
vn 0 1.2246467991473532e-16 1
vn 0 1.2246467991473532e-16 1
vn 0 1.2246467991473532e-16 1
vn 0 1.2246467991473532e-16 1
vn 0 -1 1.2246467991473532e-16
vn 0 -1 1.2246467991473532e-16
vn 0 -1 1.2246467991473532e-16
vn 0 -1 1.2246467991473532e-16
vn 0 1 -1.2246467991473532e-16
vn 0 1 -1.2246467991473532e-16
vn 0 1 -1.2246467991473532e-16
vn 0 1 -1.2246467991473532e-16
vn 0 1.2246467991473532e-16 1
vn 0 1.2246467991473532e-16 1
vn 0 1.2246467991473532e-16 1
vn 0 1.2246467991473532e-16 1
vn 0 -1 1.2246467991473532e-16
vn 0 -1 1.2246467991473532e-16
vn 0 -1 1.2246467991473532e-16
vn 0 -1 1.2246467991473532e-16
vn 0 1 -1.2246467991473532e-16
vn 0 1 -1.2246467991473532e-16
vn 0 1 -1.2246467991473532e-16
vn 0 1 -1.2246467991473532e-16
vn 0 1.2246467991473532e-16 1
vn 0 1.2246467991473532e-16 1
vn 0 1.2246467991473532e-16 1
vn 0 1.2246467991473532e-16 1
vn 0 1 -1.2246467991473532e-16
vn 0 1 -1.2246467991473532e-16
vn 0 1 -1.2246467991473532e-16
vn 0 1 -1.2246467991473532e-16
vn 0 -1 1.2246467991473532e-16
vn 0 -1 1.2246467991473532e-16
vn 0 -1 1.2246467991473532e-16
vn 0 -1 1.2246467991473532e-16
vn 0 1 -1.2246467991473532e-16
vn 0 1 -1.2246467991473532e-16
vn 0 1 -1.2246467991473532e-16
vn 0 1 -1.2246467991473532e-16
vn 0 -1 1.2246467991473532e-16
vn 0 -1 1.2246467991473532e-16
vn 0 -1 1.2246467991473532e-16
vn 0 -1 1.2246467991473532e-16
vn 0 1 -1.2246467991473532e-16
vn 0 1 -1.2246467991473532e-16
vn 0 1 -1.2246467991473532e-16
vn 0 1 -1.2246467991473532e-16
vn 0 1 -1.2246467991473532e-16
vn 0 1 -1.2246467991473532e-16
vn 0 1 -1.2246467991473532e-16
vn 0 1 -1.2246467991473532e-16
vn 1 0 0
vn 1 0 0
vn 1 0 0
vn 1 0 0
vn 0 -1 1.2246467991473532e-16
vn 0 -1 1.2246467991473532e-16
vn 0 -1 1.2246467991473532e-16
vn 0 -1 1.2246467991473532e-16
vn 0 1 -1.2246467991473532e-16
vn 0 1 -1.2246467991473532e-16
vn 0 1 -1.2246467991473532e-16
vn 0 1 -1.2246467991473532e-16
vn 1 0 0
vn 1 0 0
vn 1 0 0
vn 1 0 0
vn 0 -1 1.2246467991473532e-16
vn 0 -1 1.2246467991473532e-16
vn 0 -1 1.2246467991473532e-16
vn 0 -1 1.2246467991473532e-16
vn 0 1 -1.2246467991473532e-16
vn 0 1 -1.2246467991473532e-16
vn 0 1 -1.2246467991473532e-16
vn 0 1 -1.2246467991473532e-16
vn 1 0 0
vn 1 0 0
vn 1 0 0
vn 1 0 0
vn 0 -1 1.2246467991473532e-16
vn 0 -1 1.2246467991473532e-16
vn 0 -1 1.2246467991473532e-16
vn 0 -1 1.2246467991473532e-16
vn 0 1 -1.2246467991473532e-16
vn 0 1 -1.2246467991473532e-16
vn 0 1 -1.2246467991473532e-16
vn 0 1 -1.2246467991473532e-16
vn 1 0 0
vn 1 0 0
vn 1 0 0
vn 1 0 0
vn 0 -1 1.2246467991473532e-16
vn 0 -1 1.2246467991473532e-16
vn 0 -1 1.2246467991473532e-16
vn 0 -1 1.2246467991473532e-16
vn 0 1 -1.2246467991473532e-16
vn 0 1 -1.2246467991473532e-16
vn 0 1 -1.2246467991473532e-16
vn 0 1 -1.2246467991473532e-16
vn -1 0 0
vn -1 0 0
vn -1 0 0
vn -1 0 0
vn 0 -1 1.2246467991473532e-16
vn 0 -1 1.2246467991473532e-16
vn 0 -1 1.2246467991473532e-16
vn 0 -1 1.2246467991473532e-16
vn 0 1 -1.2246467991473532e-16
vn 0 1 -1.2246467991473532e-16
vn 0 1 -1.2246467991473532e-16
vn 0 1 -1.2246467991473532e-16
vn 1 0 0
vn 1 0 0
vn 1 0 0
vn 1 0 0
vn 0 -1 1.2246467991473532e-16
vn 0 -1 1.2246467991473532e-16
vn 0 -1 1.2246467991473532e-16
vn 0 -1 1.2246467991473532e-16
vn 0 1 -1.2246467991473532e-16
vn 0 1 -1.2246467991473532e-16
vn 0 1 -1.2246467991473532e-16
vn 0 1 -1.2246467991473532e-16
vn -1 0 0
vn -1 0 0
vn -1 0 0
vn -1 0 0
vn 0 -1 1.2246467991473532e-16
vn 0 -1 1.2246467991473532e-16
vn 0 -1 1.2246467991473532e-16
vn 0 -1 1.2246467991473532e-16
vn 0 1 -1.2246467991473532e-16
vn 0 1 -1.2246467991473532e-16
vn 0 1 -1.2246467991473532e-16
vn 0 1 -1.2246467991473532e-16
vn -1 0 0
vn -1 0 0
vn -1 0 0
vn -1 0 0
vn 0 -1 1.2246467991473532e-16
vn 0 -1 1.2246467991473532e-16
vn 0 -1 1.2246467991473532e-16
vn 0 -1 1.2246467991473532e-16
vn 0 1 -1.2246467991473532e-16
vn 0 1 -1.2246467991473532e-16
vn 0 1 -1.2246467991473532e-16
vn 0 1 -1.2246467991473532e-16
vn -1 0 0
vn -1 0 0
vn -1 0 0
vn -1 0 0
vn 0 -1 1.2246467991473532e-16
vn 0 -1 1.2246467991473532e-16
vn 0 -1 1.2246467991473532e-16
vn 0 -1 1.2246467991473532e-16
vn 0 1 -1.2246467991473532e-16
vn 0 1 -1.2246467991473532e-16
vn 0 1 -1.2246467991473532e-16
vn 0 1 -1.2246467991473532e-16
vn -1 0 0
vn -1 0 0
vn -1 0 0
vn -1 0 0
vn 0 -1 1.2246467991473532e-16
vn 0 -1 1.2246467991473532e-16
vn 0 -1 1.2246467991473532e-16
vn 0 -1 1.2246467991473532e-16
vn 0 1 -1.2246467991473532e-16
vn 0 1 -1.2246467991473532e-16
vn 0 1 -1.2246467991473532e-16
vn 0 1 -1.2246467991473532e-16
vn 1 0 0
vn 1 0 0
vn 1 0 0
vn 1 0 0
vn 0 1 -1.2246467991473532e-16
vn 0 1 -1.2246467991473532e-16
vn 0 1 -1.2246467991473532e-16
vn 0 1 -1.2246467991473532e-16
vn -1 0 0
vn -1 0 0
vn -1 0 0
vn -1 0 0
vn 0 -1 1.2246467991473532e-16
vn 0 -1 1.2246467991473532e-16
vn 0 -1 1.2246467991473532e-16
vn 0 -1 1.2246467991473532e-16
vn 0 1 -1.2246467991473532e-16
vn 0 1 -1.2246467991473532e-16
vn 0 1 -1.2246467991473532e-16
vn 0 1 -1.2246467991473532e-16
vn -1 0 0
vn -1 0 0
vn -1 0 0
vn -1 0 0
vn 0 -1 1.2246467991473532e-16
vn 0 -1 1.2246467991473532e-16
vn 0 -1 1.2246467991473532e-16
vn 0 -1 1.2246467991473532e-16
vn 0 1 -1.2246467991473532e-16
vn 0 1 -1.2246467991473532e-16
vn 0 1 -1.2246467991473532e-16
vn 0 1 -1.2246467991473532e-16
vn 0 -1.2246467991473532e-16 -1
vn 0 -1.2246467991473532e-16 -1
vn 0 -1.2246467991473532e-16 -1
vn 0 -1.2246467991473532e-16 -1
vn 0 1.2246467991473532e-16 1
vn 0 1.2246467991473532e-16 1
vn 0 1.2246467991473532e-16 1
vn 0 1.2246467991473532e-16 1
vn 0 -1 1.2246467991473532e-16
vn 0 -1 1.2246467991473532e-16
vn 0 -1 1.2246467991473532e-16
vn 0 -1 1.2246467991473532e-16
vn 1 0 0
vn 1 0 0
vn 1 0 0
vn 1 0 0
vn -1 0 0
vn -1 0 0
vn -1 0 0
vn -1 0 0
vn 0 1.2246467991473532e-16 1
vn 0 1.2246467991473532e-16 1
vn 0 1.2246467991473532e-16 1
vn 0 1.2246467991473532e-16 1
vn -1 0 0
vn -1 0 0
vn -1 0 0
vn -1 0 0
vn 0 -1.2246467991473532e-16 -1
vn 0 -1.2246467991473532e-16 -1
vn 0 -1.2246467991473532e-16 -1
vn 0 -1.2246467991473532e-16 -1
vn 0 1.2246467991473532e-16 1
vn 0 1.2246467991473532e-16 1
vn 0 1.2246467991473532e-16 1
vn 0 1.2246467991473532e-16 1
vn 1 0 0
vn 1 0 0
vn 1 0 0
vn 1 0 0
vn 0 -1.2246467991473532e-16 -1
vn 0 -1.2246467991473532e-16 -1
vn 0 -1.2246467991473532e-16 -1
vn 0 -1.2246467991473532e-16 -1
vn 0 1.2246467991473532e-16 1
vn 0 1.2246467991473532e-16 1
vn 0 1.2246467991473532e-16 1
vn 0 1.2246467991473532e-16 1
vn 1 0 0
vn 1 0 0
vn 1 0 0
vn 1 0 0
vn 0 -1.2246467991473532e-16 -1
vn 0 -1.2246467991473532e-16 -1
vn 0 -1.2246467991473532e-16 -1
vn 0 -1.2246467991473532e-16 -1
vn 0 1.2246467991473532e-16 1
vn 0 1.2246467991473532e-16 1
vn 0 1.2246467991473532e-16 1
vn 0 1.2246467991473532e-16 1
vn -1 0 0
vn -1 0 0
vn -1 0 0
vn -1 0 0
vn 0 -1.2246467991473532e-16 -1
vn 0 -1.2246467991473532e-16 -1
vn 0 -1.2246467991473532e-16 -1
vn 0 -1.2246467991473532e-16 -1
vn 0 1 -1.2246467991473532e-16
vn 0 1 -1.2246467991473532e-16
vn 0 1 -1.2246467991473532e-16
vn 0 1 -1.2246467991473532e-16
vn -1 0 0
vn -1 0 0
vn -1 0 0
vn -1 0 0
vn 0 -1 1.2246467991473532e-16
vn 0 -1 1.2246467991473532e-16
vn 0 -1 1.2246467991473532e-16
vn 0 -1 1.2246467991473532e-16
vn 1 0 0
vn 1 0 0
vn 1 0 0
vn 1 0 0
vn 0 1 -1.2246467991473532e-16
vn 0 1 -1.2246467991473532e-16
vn 0 1 -1.2246467991473532e-16
vn 0 1 -1.2246467991473532e-16
vn 0 -1 1.2246467991473532e-16
vn 0 -1 1.2246467991473532e-16
vn 0 -1 1.2246467991473532e-16
vn 0 -1 1.2246467991473532e-16
vn 0 1 -1.2246467991473532e-16
vn 0 1 -1.2246467991473532e-16
vn 0 1 -1.2246467991473532e-16
vn 0 1 -1.2246467991473532e-16
vn 1 0 0
vn 1 0 0
vn 1 0 0
vn 1 0 0
vn -1 0 0
vn -1 0 0
vn -1 0 0
vn -1 0 0
vn 1 0 0
vn 1 0 0
vn 1 0 0
vn 1 0 0
vn 1 0 0
vn 1 0 0
vn 1 0 0
vn 1 0 0
vn 1 0 0
vn 1 0 0
vn 1 0 0
vn 1 0 0
vn -1 0 0
vn -1 0 0
vn -1 0 0
vn -1 0 0
vn -1 0 0
vn -1 0 0
vn -1 0 0
vn -1 0 0
vn 1 0 0
vn 1 0 0
vn 1 0 0
vn 1 0 0
vn -1 0 0
vn -1 0 0
vn -1 0 0
vn -1 0 0
vn 1 0 0
vn 1 0 0
vn 1 0 0
vn 1 0 0
vn -1 0 0
vn -1 0 0
vn -1 0 0
vn -1 0 0
vn 0 1 -1.2246467991473532e-16
vn 0 1 -1.2246467991473532e-16
vn 0 1 -1.2246467991473532e-16
vn 0 1 -1.2246467991473532e-16
vn 0 1 -1.2246467991473532e-16
vn 0 1 -1.2246467991473532e-16
vn 0 1 -1.2246467991473532e-16
vn 0 1 -1.2246467991473532e-16
vn 0 -1 1.2246467991473532e-16
vn 0 -1 1.2246467991473532e-16
vn 0 -1 1.2246467991473532e-16
vn 0 -1 1.2246467991473532e-16
vn 1 0 0
vn 1 0 0
vn 1 0 0
vn 1 0 0
vn -1 0 0
vn -1 0 0
vn -1 0 0
vn -1 0 0
vn 1 0 0
vn 1 0 0
vn 1 0 0
vn 1 0 0
vn 1 0 0
vn 1 0 0
vn 1 0 0
vn 1 0 0
vn -1 0 0
vn -1 0 0
vn -1 0 0
vn -1 0 0
vn -1 0 0
vn -1 0 0
vn -1 0 0
vn -1 0 0
vn 1 0 0
vn 1 0 0
vn 1 0 0
vn 1 0 0
vn 1 0 0
vn 1 0 0
vn 1 0 0
vn 1 0 0
vn 0 1 -1.2246467991473532e-16
vn 0 1 -1.2246467991473532e-16
vn 0 1 -1.2246467991473532e-16
vn 0 1 -1.2246467991473532e-16
vn 0 -1 1.2246467991473532e-16
vn 0 -1 1.2246467991473532e-16
vn 0 -1 1.2246467991473532e-16
vn 0 -1 1.2246467991473532e-16
vn 0 -1 1.2246467991473532e-16
vn 0 -1 1.2246467991473532e-16
vn 0 -1 1.2246467991473532e-16
vn 0 -1 1.2246467991473532e-16
vn 0 1 -1.2246467991473532e-16
vn 0 1 -1.2246467991473532e-16
vn 0 1 -1.2246467991473532e-16
vn 0 1 -1.2246467991473532e-16
vn 0 1 -1.2246467991473532e-16
vn 0 1 -1.2246467991473532e-16
vn 0 1 -1.2246467991473532e-16
vn 0 1 -1.2246467991473532e-16
vn 0 1.2246467991473532e-16 1
vn 0 1.2246467991473532e-16 1
vn 0 1.2246467991473532e-16 1
vn 0 1.2246467991473532e-16 1
vn -1 0 0
vn -1 0 0
vn -1 0 0
vn -1 0 0
vn -1 0 0
vn -1 0 0
vn -1 0 0
vn -1 0 0
vn -1 0 0
vn -1 0 0
vn -1 0 0
vn -1 0 0
vn 1 0 0
vn 1 0 0
vn 1 0 0
vn 1 0 0
vn 0 -1.2246467991473532e-16 -1
vn 0 -1.2246467991473532e-16 -1
vn 0 -1.2246467991473532e-16 -1
vn 0 -1.2246467991473532e-16 -1
vn -1 0 0
vn -1 0 0
vn -1 0 0
vn -1 0 0
vn 0 1.2246467991473532e-16 1
vn 0 1.2246467991473532e-16 1
vn 0 1.2246467991473532e-16 1
vn 0 1.2246467991473532e-16 1
vn 1 0 0
vn 1 0 0
vn 1 0 0
vn 1 0 0
vn 0 -1.2246467991473532e-16 -1
vn 0 -1.2246467991473532e-16 -1
vn 0 -1.2246467991473532e-16 -1
vn 0 -1.2246467991473532e-16 -1
vn -1 0 0
vn -1 0 0
vn -1 0 0
vn -1 0 0
vn 0 1.2246467991473532e-16 1
vn 0 1.2246467991473532e-16 1
vn 0 1.2246467991473532e-16 1
vn 0 1.2246467991473532e-16 1
vn 0 -1 1.2246467991473532e-16
vn 0 -1 1.2246467991473532e-16
vn 0 -1 1.2246467991473532e-16
vn 0 -1 1.2246467991473532e-16
vn 0 -1 1.2246467991473532e-16
vn 0 -1 1.2246467991473532e-16
vn 0 -1 1.2246467991473532e-16
vn 0 -1 1.2246467991473532e-16
vn 0 1.2246467991473532e-16 1
vn 0 1.2246467991473532e-16 1
vn 0 1.2246467991473532e-16 1
vn 0 1.2246467991473532e-16 1
vn 0 -1 1.2246467991473532e-16
vn 0 -1 1.2246467991473532e-16
vn 0 -1 1.2246467991473532e-16
vn 0 -1 1.2246467991473532e-16
vn 0 -1 1.2246467991473532e-16
vn 0 -1 1.2246467991473532e-16
vn 0 -1 1.2246467991473532e-16
vn 0 -1 1.2246467991473532e-16
vn 0 1.2246467991473532e-16 1
vn 0 1.2246467991473532e-16 1
vn 0 1.2246467991473532e-16 1
vn 0 1.2246467991473532e-16 1
vn 0 1 -1.2246467991473532e-16
vn 0 1 -1.2246467991473532e-16
vn 0 1 -1.2246467991473532e-16
vn 0 1 -1.2246467991473532e-16
vn 0 -1.2246467991473532e-16 -1
vn 0 -1.2246467991473532e-16 -1
vn 0 -1.2246467991473532e-16 -1
vn 0 -1.2246467991473532e-16 -1
vn 0 -1 1.2246467991473532e-16
vn 0 -1 1.2246467991473532e-16
vn 0 -1 1.2246467991473532e-16
vn 0 -1 1.2246467991473532e-16
vn 0 -1 1.2246467991473532e-16
vn 0 -1 1.2246467991473532e-16
vn 0 -1 1.2246467991473532e-16
vn 0 -1 1.2246467991473532e-16
vn 0 -1.2246467991473532e-16 -1
vn 0 -1.2246467991473532e-16 -1
vn 0 -1.2246467991473532e-16 -1
vn 0 -1.2246467991473532e-16 -1
vn 0 1 -1.2246467991473532e-16
vn 0 1 -1.2246467991473532e-16
vn 0 1 -1.2246467991473532e-16
vn 0 1 -1.2246467991473532e-16
vn 0 1.2246467991473532e-16 1
vn 0 1.2246467991473532e-16 1
vn 0 1.2246467991473532e-16 1
vn 0 1.2246467991473532e-16 1
vn 0 1 -1.2246467991473532e-16
vn 0 1 -1.2246467991473532e-16
vn 0 1 -1.2246467991473532e-16
vn 0 1 -1.2246467991473532e-16
vn 0 -1.2246467991473532e-16 -1
vn 0 -1.2246467991473532e-16 -1
vn 0 -1.2246467991473532e-16 -1
vn 0 -1.2246467991473532e-16 -1
vn 0 -1 1.2246467991473532e-16
vn 0 -1 1.2246467991473532e-16
vn 0 -1 1.2246467991473532e-16
vn 0 -1 1.2246467991473532e-16
vn 0 1.2246467991473532e-16 1
vn 0 1.2246467991473532e-16 1
vn 0 1.2246467991473532e-16 1
vn 0 1.2246467991473532e-16 1
vn 0 -1 1.2246467991473532e-16
vn 0 -1 1.2246467991473532e-16
vn 0 -1 1.2246467991473532e-16
vn 0 -1 1.2246467991473532e-16
vn 0 1.2246467991473532e-16 1
vn 0 1.2246467991473532e-16 1
vn 0 1.2246467991473532e-16 1
vn 0 1.2246467991473532e-16 1
vn 0 1 -1.2246467991473532e-16
vn 0 1 -1.2246467991473532e-16
vn 0 1 -1.2246467991473532e-16
vn 0 1 -1.2246467991473532e-16
vn 0 -1.2246467991473532e-16 -1
vn 0 -1.2246467991473532e-16 -1
vn 0 -1.2246467991473532e-16 -1
vn 0 -1.2246467991473532e-16 -1
vn -1 0 0
vn -1 0 0
vn -1 0 0
vn -1 0 0
vn -0.6507913587301147 -0.7592566149874568 9.298211832758432e-17
vn -0.6507913587301147 -0.7592566149874568 9.298211832758432e-17
vn -0.6507913587301147 -0.7592566149874568 9.298211832758432e-17
vn -0.6507913587301147 -0.7592566149874568 9.298211832758432e-17
vn 0.6246950475544243 0.7808688094430304 -9.562884880384115e-17
vn 0.6246950475544243 0.7808688094430304 -9.562884880384115e-17
vn 0.6246950475544243 0.7808688094430304 -9.562884880384115e-17
vn 0.6246950475544243 0.7808688094430304 -9.562884880384115e-17
vn 0 -1.2246467991473532e-16 -1
vn 0 -1.2246467991473532e-16 -1
vn 0 -1.2246467991473532e-16 -1
vn 0 -1.2246467991473532e-16 -1
vn 0 1.2246467991473532e-16 1
vn 0 1.2246467991473532e-16 1
vn 0 1.2246467991473532e-16 1
vn 0 1.2246467991473532e-16 1
vn 0 1.2246467991473532e-16 1
vn 0 1.2246467991473532e-16 1
vn 0 1.2246467991473532e-16 1
vn 0 1.2246467991473532e-16 1
vn 0 -1.2246467991473532e-16 -1
vn 0 -1.2246467991473532e-16 -1
vn 0 -1.2246467991473532e-16 -1
vn 0 -1.2246467991473532e-16 -1
vn 1 0 0
vn 1 0 0
vn 1 0 0
vn 1 0 0
vn 0 1.2246467991473532e-16 1
vn 0 1.2246467991473532e-16 1
vn 0 1.2246467991473532e-16 1
vn 0 1.2246467991473532e-16 1
vn -0.6643638388299197 0.7474093186836597 -9.153124297788477e-17
vn -0.6643638388299197 0.7474093186836597 -9.153124297788477e-17
vn -0.6643638388299197 0.7474093186836597 -9.153124297788477e-17
vn -0.6643638388299197 0.7474093186836597 -9.153124297788477e-17
vn 0.6507913587301147 -0.7592566149874568 9.298211832758432e-17
vn 0.6507913587301147 -0.7592566149874568 9.298211832758432e-17
vn 0.6507913587301147 -0.7592566149874568 9.298211832758432e-17
vn 0.6507913587301147 -0.7592566149874568 9.298211832758432e-17
vn 0 -1.2246467991473532e-16 -1
vn 0 -1.2246467991473532e-16 -1
vn 0 -1.2246467991473532e-16 -1
vn 0 -1.2246467991473532e-16 -1
vn 0 -1.2246467991473532e-16 -1
vn 0 -1.2246467991473532e-16 -1
vn 0 -1.2246467991473532e-16 -1
vn 0 -1.2246467991473532e-16 -1
vn 0 1.2246467991473532e-16 1
vn 0 1.2246467991473532e-16 1
vn 0 1.2246467991473532e-16 1
vn 0 1.2246467991473532e-16 1
vn 0 -0.7071067811865475 0.7071067811865476
vn 0 -0.7071067811865475 0.7071067811865476
vn 0 -0.7071067811865475 0.7071067811865476
vn 0 -0.7071067811865475 0.7071067811865476
vn 1 0 0
vn 1 0 0
vn 1 0 0
vn 1 0 0
vn 1 0 0
vn 1 0 0
vn 1 0 0
vn 1 0 0
vn 0 0.7071067811865476 0.7071067811865475
vn 0 0.7071067811865476 0.7071067811865475
vn 0 0.7071067811865476 0.7071067811865475
vn 0 0.7071067811865476 0.7071067811865475
vn 0 0.7071067811865475 -0.7071067811865476
vn 0 0.7071067811865475 -0.7071067811865476
vn 0 0.7071067811865475 -0.7071067811865476
vn 0 0.7071067811865475 -0.7071067811865476
vn -1 0 0
vn -1 0 0
vn -1 0 0
vn -1 0 0
vn -1 0 0
vn -1 0 0
vn -1 0 0
vn -1 0 0
vn -1 0 0
vn -1 0 0
vn -1 0 0
vn -1 0 0
vn 1 0 0
vn 1 0 0
vn 1 0 0
vn 1 0 0
vn 1 0 0
vn 1 0 0
vn 1 0 0
vn 1 0 0
vn -1 0 0
vn -1 0 0
vn -1 0 0
vn -1 0 0
f 911/911/911 910/910/910 909/909/909
f 914/914/914 913/913/913 912/912/912
f 917/917/917 916/916/916 915/915/915
f 920/920/920 919/919/919 918/918/918
f 923/923/923 922/922/922 921/921/921
f 926/926/926 925/925/925 924/924/924
f 929/929/929 928/928/928 927/927/927
f 932/932/932 931/931/931 930/930/930
f 935/935/935 934/934/934 933/933/933
f 938/938/938 937/937/937 936/936/936
f 941/941/941 940/940/940 939/939/939
f 944/944/944 943/943/943 942/942/942
f 947/947/947 946/946/946 945/945/945
f 950/950/950 949/949/949 948/948/948
f 953/953/953 952/952/952 951/951/951
f 956/956/956 955/955/955 954/954/954
f 959/959/959 958/958/958 957/957/957
f 962/962/962 961/961/961 960/960/960
f 965/965/965 964/964/964 963/963/963
f 968/968/968 967/967/967 966/966/966
f 971/971/971 970/970/970 969/969/969
f 974/974/974 973/973/973 972/972/972
f 977/977/977 976/976/976 975/975/975
f 980/980/980 979/979/979 978/978/978
f 983/983/983 982/982/982 981/981/981
f 986/986/986 985/985/985 984/984/984
f 989/989/989 988/988/988 987/987/987
f 992/992/992 991/991/991 990/990/990
f 995/995/995 994/994/994 993/993/993
f 998/998/998 997/997/997 996/996/996
f 1001/1001/1001 1000/1000/1000 999/999/999
f 1000/1000/1000 1001/1001/1001 1002/1002/1002
f 1005/1005/1005 1004/1004/1004 1003/1003/1003
f 1004/1004/1004 1005/1005/1005 1006/1006/1006
f 1009/1009/1009 1008/1008/1008 1007/1007/1007
f 1008/1008/1008 1009/1009/1009 1010/1010/1010
f 1013/1013/1013 1012/1012/1012 1011/1011/1011
f 1012/1012/1012 1013/1013/1013 1014/1014/1014
f 1017/1017/1017 1016/1016/1016 1015/1015/1015
f 1016/1016/1016 1017/1017/1017 1018/1018/1018
f 1021/1021/1021 1020/1020/1020 1019/1019/1019
f 1020/1020/1020 1021/1021/1021 1022/1022/1022
f 1025/1025/1025 1024/1024/1024 1023/1023/1023
f 1024/1024/1024 1025/1025/1025 1026/1026/1026
f 1029/1029/1029 1028/1028/1028 1027/1027/1027
f 1028/1028/1028 1029/1029/1029 1030/1030/1030
f 1033/1033/1033 1032/1032/1032 1031/1031/1031
f 1032/1032/1032 1033/1033/1033 1034/1034/1034
f 1037/1037/1037 1036/1036/1036 1035/1035/1035
f 1036/1036/1036 1037/1037/1037 1038/1038/1038
f 1041/1041/1041 1040/1040/1040 1039/1039/1039
f 1040/1040/1040 1041/1041/1041 1042/1042/1042
f 1045/1045/1045 1044/1044/1044 1043/1043/1043
f 1044/1044/1044 1045/1045/1045 1046/1046/1046
f 1049/1049/1049 1048/1048/1048 1047/1047/1047
f 1048/1048/1048 1049/1049/1049 1050/1050/1050
f 1053/1053/1053 1052/1052/1052 1051/1051/1051
f 1052/1052/1052 1053/1053/1053 1054/1054/1054
f 1057/1057/1057 1056/1056/1056 1055/1055/1055
f 1056/1056/1056 1057/1057/1057 1058/1058/1058
f 1061/1061/1061 1060/1060/1060 1059/1059/1059
f 1060/1060/1060 1061/1061/1061 1062/1062/1062
f 1065/1065/1065 1064/1064/1064 1063/1063/1063
f 1064/1064/1064 1065/1065/1065 1066/1066/1066
f 1069/1069/1069 1068/1068/1068 1067/1067/1067
f 1068/1068/1068 1069/1069/1069 1070/1070/1070
f 1073/1073/1073 1072/1072/1072 1071/1071/1071
f 1072/1072/1072 1073/1073/1073 1074/1074/1074
f 1077/1077/1077 1076/1076/1076 1075/1075/1075
f 1076/1076/1076 1077/1077/1077 1078/1078/1078
f 1081/1081/1081 1080/1080/1080 1079/1079/1079
f 1080/1080/1080 1081/1081/1081 1082/1082/1082
f 1085/1085/1085 1084/1084/1084 1083/1083/1083
f 1084/1084/1084 1085/1085/1085 1086/1086/1086
f 1089/1089/1089 1088/1088/1088 1087/1087/1087
f 1088/1088/1088 1089/1089/1089 1090/1090/1090
f 1093/1093/1093 1092/1092/1092 1091/1091/1091
f 1092/1092/1092 1093/1093/1093 1094/1094/1094
f 1097/1097/1097 1096/1096/1096 1095/1095/1095
f 1096/1096/1096 1097/1097/1097 1098/1098/1098
f 1101/1101/1101 1100/1100/1100 1099/1099/1099
f 1100/1100/1100 1101/1101/1101 1102/1102/1102
f 1105/1105/1105 1104/1104/1104 1103/1103/1103
f 1104/1104/1104 1105/1105/1105 1106/1106/1106
f 1109/1109/1109 1108/1108/1108 1107/1107/1107
f 1108/1108/1108 1109/1109/1109 1110/1110/1110
f 1113/1113/1113 1112/1112/1112 1111/1111/1111
f 1112/1112/1112 1113/1113/1113 1114/1114/1114
f 1117/1117/1117 1116/1116/1116 1115/1115/1115
f 1116/1116/1116 1117/1117/1117 1118/1118/1118
f 1121/1121/1121 1120/1120/1120 1119/1119/1119
f 1120/1120/1120 1121/1121/1121 1122/1122/1122
f 1125/1125/1125 1124/1124/1124 1123/1123/1123
f 1124/1124/1124 1125/1125/1125 1126/1126/1126
f 1129/1129/1129 1128/1128/1128 1127/1127/1127
f 1128/1128/1128 1129/1129/1129 1130/1130/1130
f 1133/1133/1133 1132/1132/1132 1131/1131/1131
f 1132/1132/1132 1133/1133/1133 1134/1134/1134
f 1137/1137/1137 1136/1136/1136 1135/1135/1135
f 1136/1136/1136 1137/1137/1137 1138/1138/1138
f 1141/1141/1141 1140/1140/1140 1139/1139/1139
f 1140/1140/1140 1141/1141/1141 1142/1142/1142
f 1145/1145/1145 1144/1144/1144 1143/1143/1143
f 1144/1144/1144 1145/1145/1145 1146/1146/1146
f 1149/1149/1149 1148/1148/1148 1147/1147/1147
f 1148/1148/1148 1149/1149/1149 1150/1150/1150
f 1153/1153/1153 1152/1152/1152 1151/1151/1151
f 1152/1152/1152 1153/1153/1153 1154/1154/1154
f 1157/1157/1157 1156/1156/1156 1155/1155/1155
f 1156/1156/1156 1157/1157/1157 1158/1158/1158
f 1161/1161/1161 1160/1160/1160 1159/1159/1159
f 1160/1160/1160 1161/1161/1161 1162/1162/1162
f 1165/1165/1165 1164/1164/1164 1163/1163/1163
f 1164/1164/1164 1165/1165/1165 1166/1166/1166
f 1169/1169/1169 1168/1168/1168 1167/1167/1167
f 1168/1168/1168 1169/1169/1169 1170/1170/1170
f 1173/1173/1173 1172/1172/1172 1171/1171/1171
f 1172/1172/1172 1173/1173/1173 1174/1174/1174
f 1177/1177/1177 1176/1176/1176 1175/1175/1175
f 1176/1176/1176 1177/1177/1177 1178/1178/1178
f 1181/1181/1181 1180/1180/1180 1179/1179/1179
f 1180/1180/1180 1181/1181/1181 1182/1182/1182
f 1185/1185/1185 1184/1184/1184 1183/1183/1183
f 1184/1184/1184 1185/1185/1185 1186/1186/1186
f 1189/1189/1189 1188/1188/1188 1187/1187/1187
f 1188/1188/1188 1189/1189/1189 1190/1190/1190
f 1193/1193/1193 1192/1192/1192 1191/1191/1191
f 1192/1192/1192 1193/1193/1193 1194/1194/1194
f 1197/1197/1197 1196/1196/1196 1195/1195/1195
f 1196/1196/1196 1197/1197/1197 1198/1198/1198
f 1201/1201/1201 1200/1200/1200 1199/1199/1199
f 1200/1200/1200 1201/1201/1201 1202/1202/1202
f 1205/1205/1205 1204/1204/1204 1203/1203/1203
f 1204/1204/1204 1205/1205/1205 1206/1206/1206
f 1209/1209/1209 1208/1208/1208 1207/1207/1207
f 1208/1208/1208 1209/1209/1209 1210/1210/1210
f 1213/1213/1213 1212/1212/1212 1211/1211/1211
f 1212/1212/1212 1213/1213/1213 1214/1214/1214
f 1217/1217/1217 1216/1216/1216 1215/1215/1215
f 1216/1216/1216 1217/1217/1217 1218/1218/1218
f 1221/1221/1221 1220/1220/1220 1219/1219/1219
f 1220/1220/1220 1221/1221/1221 1222/1222/1222
f 1225/1225/1225 1224/1224/1224 1223/1223/1223
f 1224/1224/1224 1225/1225/1225 1226/1226/1226
f 1229/1229/1229 1228/1228/1228 1227/1227/1227
f 1228/1228/1228 1229/1229/1229 1230/1230/1230
f 1233/1233/1233 1232/1232/1232 1231/1231/1231
f 1232/1232/1232 1233/1233/1233 1234/1234/1234
f 1237/1237/1237 1236/1236/1236 1235/1235/1235
f 1236/1236/1236 1237/1237/1237 1238/1238/1238
f 1241/1241/1241 1240/1240/1240 1239/1239/1239
f 1240/1240/1240 1241/1241/1241 1242/1242/1242
f 1245/1245/1245 1244/1244/1244 1243/1243/1243
f 1244/1244/1244 1245/1245/1245 1246/1246/1246
f 1249/1249/1249 1248/1248/1248 1247/1247/1247
f 1248/1248/1248 1249/1249/1249 1250/1250/1250
f 1253/1253/1253 1252/1252/1252 1251/1251/1251
f 1252/1252/1252 1253/1253/1253 1254/1254/1254
f 1257/1257/1257 1256/1256/1256 1255/1255/1255
f 1256/1256/1256 1257/1257/1257 1258/1258/1258
f 1261/1261/1261 1260/1260/1260 1259/1259/1259
f 1260/1260/1260 1261/1261/1261 1262/1262/1262
f 1265/1265/1265 1264/1264/1264 1263/1263/1263
f 1264/1264/1264 1265/1265/1265 1266/1266/1266
f 1269/1269/1269 1268/1268/1268 1267/1267/1267
f 1268/1268/1268 1269/1269/1269 1270/1270/1270
f 1273/1273/1273 1272/1272/1272 1271/1271/1271
f 1272/1272/1272 1273/1273/1273 1274/1274/1274
f 1277/1277/1277 1276/1276/1276 1275/1275/1275
f 1276/1276/1276 1277/1277/1277 1278/1278/1278
f 1281/1281/1281 1280/1280/1280 1279/1279/1279
f 1280/1280/1280 1281/1281/1281 1282/1282/1282
f 1285/1285/1285 1284/1284/1284 1283/1283/1283
f 1284/1284/1284 1285/1285/1285 1286/1286/1286
f 1289/1289/1289 1288/1288/1288 1287/1287/1287
f 1288/1288/1288 1289/1289/1289 1290/1290/1290
f 1293/1293/1293 1292/1292/1292 1291/1291/1291
f 1292/1292/1292 1293/1293/1293 1294/1294/1294
f 1297/1297/1297 1296/1296/1296 1295/1295/1295
f 1296/1296/1296 1297/1297/1297 1298/1298/1298
f 1301/1301/1301 1300/1300/1300 1299/1299/1299
f 1300/1300/1300 1301/1301/1301 1302/1302/1302
f 1305/1305/1305 1304/1304/1304 1303/1303/1303
f 1304/1304/1304 1305/1305/1305 1306/1306/1306
f 1309/1309/1309 1308/1308/1308 1307/1307/1307
f 1308/1308/1308 1309/1309/1309 1310/1310/1310
f 1313/1313/1313 1312/1312/1312 1311/1311/1311
f 1312/1312/1312 1313/1313/1313 1314/1314/1314
f 1317/1317/1317 1316/1316/1316 1315/1315/1315
f 1316/1316/1316 1317/1317/1317 1318/1318/1318
f 1321/1321/1321 1320/1320/1320 1319/1319/1319
f 1320/1320/1320 1321/1321/1321 1322/1322/1322
f 1325/1325/1325 1324/1324/1324 1323/1323/1323
f 1324/1324/1324 1325/1325/1325 1326/1326/1326
f 1329/1329/1329 1328/1328/1328 1327/1327/1327
f 1328/1328/1328 1329/1329/1329 1330/1330/1330
f 1333/1333/1333 1332/1332/1332 1331/1331/1331
f 1332/1332/1332 1333/1333/1333 1334/1334/1334
f 1337/1337/1337 1336/1336/1336 1335/1335/1335
f 1336/1336/1336 1337/1337/1337 1338/1338/1338
f 1341/1341/1341 1340/1340/1340 1339/1339/1339
f 1340/1340/1340 1341/1341/1341 1342/1342/1342
f 1345/1345/1345 1344/1344/1344 1343/1343/1343
f 1344/1344/1344 1345/1345/1345 1346/1346/1346
f 1349/1349/1349 1348/1348/1348 1347/1347/1347
f 1348/1348/1348 1349/1349/1349 1350/1350/1350
f 1353/1353/1353 1352/1352/1352 1351/1351/1351
f 1352/1352/1352 1353/1353/1353 1354/1354/1354
f 1357/1357/1357 1356/1356/1356 1355/1355/1355
f 1356/1356/1356 1357/1357/1357 1358/1358/1358
f 1361/1361/1361 1360/1360/1360 1359/1359/1359
f 1360/1360/1360 1361/1361/1361 1362/1362/1362
f 1365/1365/1365 1364/1364/1364 1363/1363/1363
f 1364/1364/1364 1365/1365/1365 1366/1366/1366
f 1369/1369/1369 1368/1368/1368 1367/1367/1367
f 1368/1368/1368 1369/1369/1369 1370/1370/1370
f 1373/1373/1373 1372/1372/1372 1371/1371/1371
f 1372/1372/1372 1373/1373/1373 1374/1374/1374
f 1377/1377/1377 1376/1376/1376 1375/1375/1375
f 1376/1376/1376 1377/1377/1377 1378/1378/1378
f 1381/1381/1381 1380/1380/1380 1379/1379/1379
f 1380/1380/1380 1381/1381/1381 1382/1382/1382
f 1385/1385/1385 1384/1384/1384 1383/1383/1383
f 1384/1384/1384 1385/1385/1385 1386/1386/1386
f 1389/1389/1389 1388/1388/1388 1387/1387/1387
f 1388/1388/1388 1389/1389/1389 1390/1390/1390
f 1393/1393/1393 1392/1392/1392 1391/1391/1391
f 1392/1392/1392 1393/1393/1393 1394/1394/1394
f 1397/1397/1397 1396/1396/1396 1395/1395/1395
f 1396/1396/1396 1397/1397/1397 1398/1398/1398
f 1401/1401/1401 1400/1400/1400 1399/1399/1399
f 1400/1400/1400 1401/1401/1401 1402/1402/1402
f 1405/1405/1405 1404/1404/1404 1403/1403/1403
f 1404/1404/1404 1405/1405/1405 1406/1406/1406
f 1409/1409/1409 1408/1408/1408 1407/1407/1407
f 1408/1408/1408 1409/1409/1409 1410/1410/1410
f 1413/1413/1413 1412/1412/1412 1411/1411/1411
f 1412/1412/1412 1413/1413/1413 1414/1414/1414
f 1417/1417/1417 1416/1416/1416 1415/1415/1415
f 1416/1416/1416 1417/1417/1417 1418/1418/1418
f 1421/1421/1421 1420/1420/1420 1419/1419/1419
f 1420/1420/1420 1421/1421/1421 1422/1422/1422
f 1425/1425/1425 1424/1424/1424 1423/1423/1423
f 1424/1424/1424 1425/1425/1425 1426/1426/1426
f 1429/1429/1429 1428/1428/1428 1427/1427/1427
f 1428/1428/1428 1429/1429/1429 1430/1430/1430
f 1433/1433/1433 1432/1432/1432 1431/1431/1431
f 1432/1432/1432 1433/1433/1433 1434/1434/1434
f 1437/1437/1437 1436/1436/1436 1435/1435/1435
f 1436/1436/1436 1437/1437/1437 1438/1438/1438
f 1441/1441/1441 1440/1440/1440 1439/1439/1439
f 1440/1440/1440 1441/1441/1441 1442/1442/1442
f 1445/1445/1445 1444/1444/1444 1443/1443/1443
f 1444/1444/1444 1445/1445/1445 1446/1446/1446
f 1449/1449/1449 1448/1448/1448 1447/1447/1447
f 1448/1448/1448 1449/1449/1449 1450/1450/1450
f 1453/1453/1453 1452/1452/1452 1451/1451/1451
f 1452/1452/1452 1453/1453/1453 1454/1454/1454
f 1457/1457/1457 1456/1456/1456 1455/1455/1455
f 1456/1456/1456 1457/1457/1457 1458/1458/1458
f 1461/1461/1461 1460/1460/1460 1459/1459/1459
f 1460/1460/1460 1461/1461/1461 1462/1462/1462
f 1465/1465/1465 1464/1464/1464 1463/1463/1463
f 1464/1464/1464 1465/1465/1465 1466/1466/1466
f 1469/1469/1469 1468/1468/1468 1467/1467/1467
f 1468/1468/1468 1469/1469/1469 1470/1470/1470
f 1473/1473/1473 1472/1472/1472 1471/1471/1471
f 1472/1472/1472 1473/1473/1473 1474/1474/1474
f 1477/1477/1477 1476/1476/1476 1475/1475/1475
f 1476/1476/1476 1477/1477/1477 1478/1478/1478
f 1481/1481/1481 1480/1480/1480 1479/1479/1479
f 1480/1480/1480 1481/1481/1481 1482/1482/1482
f 1485/1485/1485 1484/1484/1484 1483/1483/1483
f 1484/1484/1484 1485/1485/1485 1486/1486/1486
f 1489/1489/1489 1488/1488/1488 1487/1487/1487
f 1488/1488/1488 1489/1489/1489 1490/1490/1490
f 1493/1493/1493 1492/1492/1492 1491/1491/1491
f 1492/1492/1492 1493/1493/1493 1494/1494/1494
f 1497/1497/1497 1496/1496/1496 1495/1495/1495
f 1496/1496/1496 1497/1497/1497 1498/1498/1498
f 1501/1501/1501 1500/1500/1500 1499/1499/1499
f 1500/1500/1500 1501/1501/1501 1502/1502/1502
f 1505/1505/1505 1504/1504/1504 1503/1503/1503
f 1504/1504/1504 1505/1505/1505 1506/1506/1506
f 1509/1509/1509 1508/1508/1508 1507/1507/1507
f 1508/1508/1508 1509/1509/1509 1510/1510/1510
f 1513/1513/1513 1512/1512/1512 1511/1511/1511
f 1512/1512/1512 1513/1513/1513 1514/1514/1514
f 1517/1517/1517 1516/1516/1516 1515/1515/1515
f 1516/1516/1516 1517/1517/1517 1518/1518/1518
f 1521/1521/1521 1520/1520/1520 1519/1519/1519
f 1520/1520/1520 1521/1521/1521 1522/1522/1522
f 1525/1525/1525 1524/1524/1524 1523/1523/1523
f 1524/1524/1524 1525/1525/1525 1526/1526/1526
f 1529/1529/1529 1528/1528/1528 1527/1527/1527
f 1528/1528/1528 1529/1529/1529 1530/1530/1530
f 1533/1533/1533 1532/1532/1532 1531/1531/1531
f 1532/1532/1532 1533/1533/1533 1534/1534/1534
f 1537/1537/1537 1536/1536/1536 1535/1535/1535
f 1536/1536/1536 1537/1537/1537 1538/1538/1538
f 1541/1541/1541 1540/1540/1540 1539/1539/1539
f 1540/1540/1540 1541/1541/1541 1542/1542/1542
f 1545/1545/1545 1544/1544/1544 1543/1543/1543
f 1544/1544/1544 1545/1545/1545 1546/1546/1546
f 1549/1549/1549 1548/1548/1548 1547/1547/1547
f 1548/1548/1548 1549/1549/1549 1550/1550/1550
f 1553/1553/1553 1552/1552/1552 1551/1551/1551
f 1552/1552/1552 1553/1553/1553 1554/1554/1554
f 1557/1557/1557 1556/1556/1556 1555/1555/1555
f 1556/1556/1556 1557/1557/1557 1558/1558/1558
f 1561/1561/1561 1560/1560/1560 1559/1559/1559
f 1560/1560/1560 1561/1561/1561 1562/1562/1562
f 1565/1565/1565 1564/1564/1564 1563/1563/1563
f 1564/1564/1564 1565/1565/1565 1566/1566/1566
f 1569/1569/1569 1568/1568/1568 1567/1567/1567
f 1568/1568/1568 1569/1569/1569 1570/1570/1570
f 1573/1573/1573 1572/1572/1572 1571/1571/1571
f 1572/1572/1572 1573/1573/1573 1574/1574/1574
f 1577/1577/1577 1576/1576/1576 1575/1575/1575
f 1576/1576/1576 1577/1577/1577 1578/1578/1578
f 1581/1581/1581 1580/1580/1580 1579/1579/1579
f 1580/1580/1580 1581/1581/1581 1582/1582/1582
f 1585/1585/1585 1584/1584/1584 1583/1583/1583
f 1584/1584/1584 1585/1585/1585 1586/1586/1586
f 1589/1589/1589 1588/1588/1588 1587/1587/1587
f 1588/1588/1588 1589/1589/1589 1590/1590/1590
f 1593/1593/1593 1592/1592/1592 1591/1591/1591
f 1592/1592/1592 1593/1593/1593 1594/1594/1594
f 1597/1597/1597 1596/1596/1596 1595/1595/1595
f 1596/1596/1596 1597/1597/1597 1598/1598/1598
f 1601/1601/1601 1600/1600/1600 1599/1599/1599
f 1600/1600/1600 1601/1601/1601 1602/1602/1602
f 1605/1605/1605 1604/1604/1604 1603/1603/1603
f 1604/1604/1604 1605/1605/1605 1606/1606/1606
f 1609/1609/1609 1608/1608/1608 1607/1607/1607
f 1608/1608/1608 1609/1609/1609 1610/1610/1610
f 1613/1613/1613 1612/1612/1612 1611/1611/1611
f 1612/1612/1612 1613/1613/1613 1614/1614/1614
f 1617/1617/1617 1616/1616/1616 1615/1615/1615
f 1616/1616/1616 1617/1617/1617 1618/1618/1618
f 1621/1621/1621 1620/1620/1620 1619/1619/1619
f 1620/1620/1620 1621/1621/1621 1622/1622/1622
f 1625/1625/1625 1624/1624/1624 1623/1623/1623
f 1624/1624/1624 1625/1625/1625 1626/1626/1626
f 1629/1629/1629 1628/1628/1628 1627/1627/1627
f 1628/1628/1628 1629/1629/1629 1630/1630/1630
f 1633/1633/1633 1632/1632/1632 1631/1631/1631
f 1632/1632/1632 1633/1633/1633 1634/1634/1634
f 1637/1637/1637 1636/1636/1636 1635/1635/1635
f 1636/1636/1636 1637/1637/1637 1638/1638/1638
f 1641/1641/1641 1640/1640/1640 1639/1639/1639
f 1640/1640/1640 1641/1641/1641 1642/1642/1642
f 1645/1645/1645 1644/1644/1644 1643/1643/1643
f 1644/1644/1644 1645/1645/1645 1646/1646/1646
f 1649/1649/1649 1648/1648/1648 1647/1647/1647
f 1648/1648/1648 1649/1649/1649 1650/1650/1650
f 1653/1653/1653 1652/1652/1652 1651/1651/1651
f 1652/1652/1652 1653/1653/1653 1654/1654/1654
f 1657/1657/1657 1656/1656/1656 1655/1655/1655
f 1656/1656/1656 1657/1657/1657 1658/1658/1658
f 1661/1661/1661 1660/1660/1660 1659/1659/1659
f 1660/1660/1660 1661/1661/1661 1662/1662/1662
f 1665/1665/1665 1664/1664/1664 1663/1663/1663
f 1664/1664/1664 1665/1665/1665 1666/1666/1666
f 1669/1669/1669 1668/1668/1668 1667/1667/1667
f 1668/1668/1668 1669/1669/1669 1670/1670/1670
f 1673/1673/1673 1672/1672/1672 1671/1671/1671
f 1672/1672/1672 1673/1673/1673 1674/1674/1674
f 1677/1677/1677 1676/1676/1676 1675/1675/1675
f 1676/1676/1676 1677/1677/1677 1678/1678/1678
f 1681/1681/1681 1680/1680/1680 1679/1679/1679
f 1680/1680/1680 1681/1681/1681 1682/1682/1682
f 1685/1685/1685 1684/1684/1684 1683/1683/1683
f 1684/1684/1684 1685/1685/1685 1686/1686/1686
f 1689/1689/1689 1688/1688/1688 1687/1687/1687
f 1688/1688/1688 1689/1689/1689 1690/1690/1690
f 1693/1693/1693 1692/1692/1692 1691/1691/1691
f 1692/1692/1692 1693/1693/1693 1694/1694/1694
f 1697/1697/1697 1696/1696/1696 1695/1695/1695
f 1696/1696/1696 1697/1697/1697 1698/1698/1698
f 1701/1701/1701 1700/1700/1700 1699/1699/1699
f 1700/1700/1700 1701/1701/1701 1702/1702/1702
f 1705/1705/1705 1704/1704/1704 1703/1703/1703
f 1704/1704/1704 1705/1705/1705 1706/1706/1706
f 1709/1709/1709 1708/1708/1708 1707/1707/1707
f 1708/1708/1708 1709/1709/1709 1710/1710/1710
f 1713/1713/1713 1712/1712/1712 1711/1711/1711
f 1712/1712/1712 1713/1713/1713 1714/1714/1714
f 1717/1717/1717 1716/1716/1716 1715/1715/1715
f 1716/1716/1716 1717/1717/1717 1718/1718/1718
f 1721/1721/1721 1720/1720/1720 1719/1719/1719
f 1720/1720/1720 1721/1721/1721 1722/1722/1722
f 1725/1725/1725 1724/1724/1724 1723/1723/1723
f 1724/1724/1724 1725/1725/1725 1726/1726/1726
f 1729/1729/1729 1728/1728/1728 1727/1727/1727
f 1728/1728/1728 1729/1729/1729 1730/1730/1730
f 1733/1733/1733 1732/1732/1732 1731/1731/1731
f 1732/1732/1732 1733/1733/1733 1734/1734/1734
f 1737/1737/1737 1736/1736/1736 1735/1735/1735
f 1736/1736/1736 1737/1737/1737 1738/1738/1738
f 1741/1741/1741 1740/1740/1740 1739/1739/1739
f 1740/1740/1740 1741/1741/1741 1742/1742/1742
f 1745/1745/1745 1744/1744/1744 1743/1743/1743
f 1744/1744/1744 1745/1745/1745 1746/1746/1746
f 1749/1749/1749 1748/1748/1748 1747/1747/1747
f 1748/1748/1748 1749/1749/1749 1750/1750/1750
f 1753/1753/1753 1752/1752/1752 1751/1751/1751
f 1752/1752/1752 1753/1753/1753 1754/1754/1754
f 1757/1757/1757 1756/1756/1756 1755/1755/1755
f 1756/1756/1756 1757/1757/1757 1758/1758/1758
f 1761/1761/1761 1760/1760/1760 1759/1759/1759
f 1760/1760/1760 1761/1761/1761 1762/1762/1762
f 1765/1765/1765 1764/1764/1764 1763/1763/1763
f 1764/1764/1764 1765/1765/1765 1766/1766/1766
f 1769/1769/1769 1768/1768/1768 1767/1767/1767
f 1768/1768/1768 1769/1769/1769 1770/1770/1770
f 1773/1773/1773 1772/1772/1772 1771/1771/1771
f 1772/1772/1772 1773/1773/1773 1774/1774/1774
f 1777/1777/1777 1776/1776/1776 1775/1775/1775
f 1776/1776/1776 1777/1777/1777 1778/1778/1778
f 1781/1781/1781 1780/1780/1780 1779/1779/1779
f 1780/1780/1780 1781/1781/1781 1782/1782/1782
f 1785/1785/1785 1784/1784/1784 1783/1783/1783
f 1784/1784/1784 1785/1785/1785 1786/1786/1786
f 1789/1789/1789 1788/1788/1788 1787/1787/1787
f 1788/1788/1788 1789/1789/1789 1790/1790/1790
f 1793/1793/1793 1792/1792/1792 1791/1791/1791
f 1792/1792/1792 1793/1793/1793 1794/1794/1794
f 1797/1797/1797 1796/1796/1796 1795/1795/1795
f 1796/1796/1796 1797/1797/1797 1798/1798/1798
f 1801/1801/1801 1800/1800/1800 1799/1799/1799
f 1800/1800/1800 1801/1801/1801 1802/1802/1802
f 1805/1805/1805 1804/1804/1804 1803/1803/1803
f 1804/1804/1804 1805/1805/1805 1806/1806/1806
f 1809/1809/1809 1808/1808/1808 1807/1807/1807
f 1808/1808/1808 1809/1809/1809 1810/1810/1810
f 1813/1813/1813 1812/1812/1812 1811/1811/1811
f 1812/1812/1812 1813/1813/1813 1814/1814/1814
f 1817/1817/1817 1816/1816/1816 1815/1815/1815
f 1816/1816/1816 1817/1817/1817 1818/1818/1818
f 1821/1821/1821 1820/1820/1820 1819/1819/1819
f 1820/1820/1820 1821/1821/1821 1822/1822/1822
f 1825/1825/1825 1824/1824/1824 1823/1823/1823
f 1824/1824/1824 1825/1825/1825 1826/1826/1826
f 1829/1829/1829 1828/1828/1828 1827/1827/1827
f 1828/1828/1828 1829/1829/1829 1830/1830/1830
f 1833/1833/1833 1832/1832/1832 1831/1831/1831
f 1832/1832/1832 1833/1833/1833 1834/1834/1834
f 1837/1837/1837 1836/1836/1836 1835/1835/1835
f 1836/1836/1836 1837/1837/1837 1838/1838/1838
f 1841/1841/1841 1840/1840/1840 1839/1839/1839
f 1840/1840/1840 1841/1841/1841 1842/1842/1842
f 1845/1845/1845 1844/1844/1844 1843/1843/1843
f 1844/1844/1844 1845/1845/1845 1846/1846/1846
f 1849/1849/1849 1848/1848/1848 1847/1847/1847
f 1848/1848/1848 1849/1849/1849 1850/1850/1850
f 1853/1853/1853 1852/1852/1852 1851/1851/1851
f 1852/1852/1852 1853/1853/1853 1854/1854/1854
f 1857/1857/1857 1856/1856/1856 1855/1855/1855
f 1856/1856/1856 1857/1857/1857 1858/1858/1858
f 1861/1861/1861 1860/1860/1860 1859/1859/1859
f 1860/1860/1860 1861/1861/1861 1862/1862/1862
f 1865/1865/1865 1864/1864/1864 1863/1863/1863
f 1864/1864/1864 1865/1865/1865 1866/1866/1866
f 1869/1869/1869 1868/1868/1868 1867/1867/1867
f 1868/1868/1868 1869/1869/1869 1870/1870/1870
f 1873/1873/1873 1872/1872/1872 1871/1871/1871
f 1872/1872/1872 1873/1873/1873 1874/1874/1874
f 1877/1877/1877 1876/1876/1876 1875/1875/1875
f 1876/1876/1876 1877/1877/1877 1878/1878/1878
f 1881/1881/1881 1880/1880/1880 1879/1879/1879
f 1880/1880/1880 1881/1881/1881 1882/1882/1882
f 1885/1885/1885 1884/1884/1884 1883/1883/1883
f 1884/1884/1884 1885/1885/1885 1886/1886/1886
f 1889/1889/1889 1888/1888/1888 1887/1887/1887
f 1888/1888/1888 1889/1889/1889 1890/1890/1890
f 1893/1893/1893 1892/1892/1892 1891/1891/1891
f 1892/1892/1892 1893/1893/1893 1894/1894/1894
f 1897/1897/1897 1896/1896/1896 1895/1895/1895
f 1896/1896/1896 1897/1897/1897 1898/1898/1898
f 1901/1901/1901 1900/1900/1900 1899/1899/1899
f 1900/1900/1900 1901/1901/1901 1902/1902/1902
f 1905/1905/1905 1904/1904/1904 1903/1903/1903
f 1904/1904/1904 1905/1905/1905 1906/1906/1906
f 1909/1909/1909 1908/1908/1908 1907/1907/1907
f 1908/1908/1908 1909/1909/1909 1910/1910/1910
f 1913/1913/1913 1912/1912/1912 1911/1911/1911
f 1912/1912/1912 1913/1913/1913 1914/1914/1914
f 1917/1917/1917 1916/1916/1916 1915/1915/1915
f 1916/1916/1916 1917/1917/1917 1918/1918/1918
f 1921/1921/1921 1920/1920/1920 1919/1919/1919
f 1920/1920/1920 1921/1921/1921 1922/1922/1922
f 1925/1925/1925 1924/1924/1924 1923/1923/1923
f 1924/1924/1924 1925/1925/1925 1926/1926/1926
f 1929/1929/1929 1928/1928/1928 1927/1927/1927
f 1928/1928/1928 1929/1929/1929 1930/1930/1930
f 1933/1933/1933 1932/1932/1932 1931/1931/1931
f 1932/1932/1932 1933/1933/1933 1934/1934/1934
f 1937/1937/1937 1936/1936/1936 1935/1935/1935
f 1936/1936/1936 1937/1937/1937 1938/1938/1938
f 1941/1941/1941 1940/1940/1940 1939/1939/1939
f 1940/1940/1940 1941/1941/1941 1942/1942/1942
f 1945/1945/1945 1944/1944/1944 1943/1943/1943
f 1944/1944/1944 1945/1945/1945 1946/1946/1946
f 1949/1949/1949 1948/1948/1948 1947/1947/1947
f 1948/1948/1948 1949/1949/1949 1950/1950/1950
f 1953/1953/1953 1952/1952/1952 1951/1951/1951
f 1952/1952/1952 1953/1953/1953 1954/1954/1954
f 1957/1957/1957 1956/1956/1956 1955/1955/1955
f 1956/1956/1956 1957/1957/1957 1958/1958/1958
f 1961/1961/1961 1960/1960/1960 1959/1959/1959
f 1960/1960/1960 1961/1961/1961 1962/1962/1962
f 1965/1965/1965 1964/1964/1964 1963/1963/1963
f 1964/1964/1964 1965/1965/1965 1966/1966/1966
f 1969/1969/1969 1968/1968/1968 1967/1967/1967
f 1968/1968/1968 1969/1969/1969 1970/1970/1970
f 1973/1973/1973 1972/1972/1972 1971/1971/1971
f 1972/1972/1972 1973/1973/1973 1974/1974/1974
f 1977/1977/1977 1976/1976/1976 1975/1975/1975
f 1976/1976/1976 1977/1977/1977 1978/1978/1978
f 1981/1981/1981 1980/1980/1980 1979/1979/1979
f 1980/1980/1980 1981/1981/1981 1982/1982/1982
f 1985/1985/1985 1984/1984/1984 1983/1983/1983
f 1984/1984/1984 1985/1985/1985 1986/1986/1986
f 1989/1989/1989 1988/1988/1988 1987/1987/1987
f 1988/1988/1988 1989/1989/1989 1990/1990/1990
f 1993/1993/1993 1992/1992/1992 1991/1991/1991
f 1992/1992/1992 1993/1993/1993 1994/1994/1994
f 1997/1997/1997 1996/1996/1996 1995/1995/1995
f 1996/1996/1996 1997/1997/1997 1998/1998/1998
o mesh_7
usemtl mat7
v 64 8.799999999999985 -130.4
v 64 8.799999999999985 -128
v 64 11.199999999999985 -128
v 40.800000000000004 8.799999999999985 -128
v 38.400000000000006 8.799999999999985 -128
v 38.400000000000006 11.199999999999985 -128
v 38.400000000000006 11.199999999999985 -128
v 38.400000000000006 8.799999999999985 -128
v 38.400000000000006 8.799999999999985 -130.4
v 64 11.199999999999985 -128
v 64 8.799999999999985 -128
v 61.6 8.799999999999985 -128
v 64 11.199999999999983 -140.8
v 64 8.799999999999983 -140.8
v 64 8.799999999999983 -138.4
v 64 8.799999999999985 -130.4
v 64 11.199999999999985 -128
v 64 11.199999999999985 -134.4
v 38.400000000000006 11.199999999999985 -134.4
v 38.400000000000006 11.199999999999985 -128
v 38.400000000000006 8.799999999999985 -130.4
v 64 11.199999999999985 -134.4
v 64 11.199999999999983 -140.8
v 64 8.799999999999985 -130.4
v 64 8.799999999999983 -138.4
v 51.2 11.199999999999985 -134.4
v 51.2 11.199999999999983 -140.8
v 64 11.199999999999985 -134.4
v 64 11.199999999999983 -140.8
v 38.400000000000006 11.199999999999985 -134.4
v 38.400000000000006 11.199999999999983 -139.20000000000002
v 51.2 11.199999999999985 -134.4
v 41.6 11.199999999999983 -139.20000000000002
v 41.6 11.199999999999983 -139.20000000000002
v 41.6 11.199999999999983 -140.8
v 51.2 11.199999999999985 -134.4
v 51.2 11.199999999999983 -140.8
v 61.6 8.799999999999983 -138.4
v 51.2 8.799999999999983 -138.4
v 61.6 8.799999999999985 -130.4
v 51.2 8.799999999999985 -130.4
v 51.2 8.799999999999983 -138.4
v 40.800000000000004 8.799999999999983 -138.4
v 51.2 8.799999999999985 -130.4
v 40.800000000000004 8.799999999999985 -130.4
v 40.800000000000004 8.799999999999983 -138.4
v 38.400000000000006 8.799999999999983 -138.4
v 40.800000000000004 8.799999999999985 -130.4
v 38.400000000000006 8.799999999999985 -130.4
v 38.400000000000006 8.799999999999985 -130.4
v 38.400000000000006 8.799999999999985 -128
v 38.400000000000006 -1.5969394260881488e-14 -130.4
v 38.400000000000006 -1.567547902908612e-14 -128
v 64 -1.5969394260881488e-14 -130.4
v 64 -1.567547902908612e-14 -128
v 64 8.799999999999985 -130.4
v 64 8.799999999999985 -128
v 38.400000000000006 -1.694911170019937e-14 -138.4
v 38.400000000000006 -1.7243026931994733e-14 -140.8
v 38.400000000000006 8.799999999999983 -138.4
v 38.400000000000006 8.799999999999983 -140.8
v 4 6.399999999999992 -62.400000000000006
v 13.600000000000001 6.399999999999992 -62.400000000000006
v 4 -7.641796026679484e-15 -62.400000000000006
v 13.600000000000001 -7.641796026679484e-15 -62.400000000000006
v 4 6.3999999999999915 -73.60000000000001
v 13.600000000000001 6.3999999999999915 -73.60000000000001
v 4 6.399999999999992 -62.400000000000006
v 13.600000000000001 6.399999999999992 -62.400000000000006
v 4 6.3999999999999915 -73.60000000000001
v 4 6.399999999999992 -62.400000000000006
v 4 -9.01340044172452e-15 -73.60000000000001
v 4 -7.641796026679484e-15 -62.400000000000006
v 13.600000000000001 6.3999999999999915 -73.60000000000001
v 4 6.3999999999999915 -73.60000000000001
v 13.600000000000001 -9.01340044172452e-15 -73.60000000000001
v 4 -9.01340044172452e-15 -73.60000000000001
v 13.600000000000001 6.399999999999992 -62.400000000000006
v 13.600000000000001 6.3999999999999915 -73.60000000000001
v 13.600000000000001 -7.641796026679484e-15 -62.400000000000006
v 13.600000000000001 -9.01340044172452e-15 -73.60000000000001
v 14.4 6.3999999999999915 -72.8
v 4.800000000000001 6.3999999999999915 -74.4
v 12.8 6.399999999999993 -61.6
v 3.2 6.399999999999992 -63.2
v 4.800000000000001 12.799999999999992 -74.4
v 14.4 12.799999999999992 -72.8
v 3.2 12.799999999999994 -63.2
v 12.8 12.799999999999994 -61.6
v 3.2 12.799999999999994 -63.2
v 12.8 12.799999999999994 -61.6
v 3.2 6.399999999999992 -63.2
v 12.8 6.399999999999993 -61.6
v 12.8 12.799999999999994 -61.6
v 14.4 12.799999999999992 -72.8
v 12.8 6.399999999999993 -61.6
v 14.4 6.3999999999999915 -72.8
v 14.4 12.799999999999992 -72.8
v 4.800000000000001 12.799999999999992 -74.4
v 14.4 6.3999999999999915 -72.8
v 4.800000000000001 6.3999999999999915 -74.4
v 4.800000000000001 12.799999999999992 -74.4
v 3.2 12.799999999999994 -63.2
v 4.800000000000001 6.3999999999999915 -74.4
v 3.2 6.399999999999992 -63.2
v 12.8 12.799999999999994 -56.800000000000004
v 3.2 12.799999999999994 -55.2
v 12.8 -6.955993819156966e-15 -56.800000000000004
v 3.2 -6.76005033129339e-15 -55.2
v 3.2 12.799999999999994 -55.2
v 4.800000000000001 12.799999999999995 -44
v 3.2 -6.76005033129339e-15 -55.2
v 4.800000000000001 -5.3884459162483544e-15 -44
v 3.2 12.799999999999994 -55.2
v 12.8 12.799999999999994 -56.800000000000004
v 4.800000000000001 12.799999999999995 -44
v 14.4 12.799999999999995 -45.6
v 14.4 12.799999999999995 -45.6
v 12.8 12.799999999999994 -56.800000000000004
v 14.4 -5.584389404111931e-15 -45.6
v 12.8 -6.955993819156966e-15 -56.800000000000004
v 4.800000000000001 12.799999999999995 -44
v 14.4 12.799999999999995 -45.6
v 4.800000000000001 -5.3884459162483544e-15 -44
v 14.4 -5.584389404111931e-15 -45.6
v 4 12.799999999999995 -44.800000000000004
v 13.600000000000001 12.799999999999995 -44.800000000000004
v 4 12.799999999999994 -56
v 13.600000000000001 12.799999999999994 -56
v 13.600000000000001 19.199999999999996 -44.800000000000004
v 13.600000000000001 19.199999999999996 -56
v 13.600000000000001 12.799999999999995 -44.800000000000004
v 13.600000000000001 12.799999999999994 -56
v 4 19.199999999999996 -44.800000000000004
v 13.600000000000001 19.199999999999996 -44.800000000000004
v 4 12.799999999999995 -44.800000000000004
v 13.600000000000001 12.799999999999995 -44.800000000000004
v 4 19.199999999999996 -56
v 13.600000000000001 19.199999999999996 -56
v 4 19.199999999999996 -44.800000000000004
v 13.600000000000001 19.199999999999996 -44.800000000000004
v 4 19.199999999999996 -56
v 4 19.199999999999996 -44.800000000000004
v 4 12.799999999999994 -56
v 4 12.799999999999995 -44.800000000000004
v 13.600000000000001 19.199999999999996 -56
v 4 19.199999999999996 -56
v 13.600000000000001 12.799999999999994 -56
v 4 12.799999999999994 -56
v 40.800000000000004 -1.567547902908612e-14 -128
v 38.400000000000006 -1.567547902908612e-14 -128
v 40.800000000000004 8.799999999999985 -128
v 38.400000000000006 8.799999999999985 -128
v 64 8.799999999999983 -138.4
v 64 8.799999999999983 -140.8
v 64 -1.694911170019937e-14 -138.4
v 64 -1.7243026931994733e-14 -140.8
v 64 11.199999999999985 -134.4
v 64 11.199999999999985 -128
v 51.2 11.199999999999985 -134.4
v 51.2 11.199999999999985 -128
v 61.6 8.799999999999985 -128
v 51.2 8.799999999999985 -128
v 64 11.199999999999985 -128
v 51.2 11.199999999999985 -128
v 38.400000000000006 8.799999999999985 -130.4
v 38.400000000000006 8.799999999999983 -138.4
v 38.400000000000006 11.199999999999985 -134.4
v 38.400000000000006 11.199999999999983 -139.20000000000002
v 38.400000000000006 11.199999999999985 -128
v 51.2 11.199999999999985 -128
v 40.800000000000004 8.799999999999985 -128
v 51.2 8.799999999999985 -128
v 51.2 11.199999999999985 -134.4
v 51.2 11.199999999999985 -128
v 38.400000000000006 11.199999999999985 -134.4
v 38.400000000000006 11.199999999999985 -128
v 51.2 8.799999999999985 -130.4
v 40.800000000000004 8.799999999999985 -130.4
v 51.2 8.799999999999985 -128
v 40.800000000000004 8.799999999999985 -128
v 61.6 8.799999999999985 -128
v 61.6 8.799999999999985 -130.4
v 51.2 8.799999999999985 -128
v 51.2 8.799999999999985 -130.4
v 40.800000000000004 -1.5969394260881488e-14 -130.4
v 40.800000000000004 -1.567547902908612e-14 -128
v 40.800000000000004 8.799999999999985 -130.4
v 40.800000000000004 8.799999999999985 -128
v 38.400000000000006 8.799999999999985 -130.4
v 38.400000000000006 -1.5969394260881488e-14 -130.4
v 40.800000000000004 8.799999999999985 -130.4
v 40.800000000000004 -1.5969394260881488e-14 -130.4
v 40.800000000000004 -1.694911170019937e-14 -138.4
v 38.400000000000006 -1.694911170019937e-14 -138.4
v 40.800000000000004 8.799999999999983 -138.4
v 38.400000000000006 8.799999999999983 -138.4
v 64 8.799999999999983 -138.4
v 64 -1.694911170019937e-14 -138.4
v 61.6 8.799999999999983 -138.4
v 61.6 -1.694911170019937e-14 -138.4
v 61.6 8.799999999999985 -130.4
v 64 8.799999999999985 -130.4
v 61.6 8.799999999999983 -138.4
v 64 8.799999999999983 -138.4
v 61.6 8.799999999999985 -128
v 64 8.799999999999985 -128
v 61.6 -1.567547902908612e-14 -128
v 64 -1.567547902908612e-14 -128
v 38.400000000000006 8.799999999999983 -138.4
v 38.400000000000006 8.799999999999983 -140.8
v 38.400000000000006 11.199999999999983 -139.20000000000002
v 38.400000000000006 11.199999999999983 -140.8
vt 0.515625 0.4921875
vt 0.5 0.4921875
vt 0.5 0.4375
vt 0.5234375 0.4296875
vt 0.5 0.4296875
vt 0.5 0.375
vt 0.6171875 0.4375
vt 0.6171875 0.4921875
vt 0.5859375 0.4921875
vt 0.7421875 0.375
vt 0.7421875 0.4296875
vt 0.71875 0.4296875
vt 0.6171875 0.4375
vt 0.6171875 0.4921875
vt 0.59375 0.4921875
vt 0.515625 0.4921875
vt 0.5 0.4375
vt 0.5546875 0.4375
vt 0.546875 0.4375
vt 0.6171875 0.4375
vt 0.5859375 0.4921875
vt 0.5546875 0.4375
vt 0.6171875 0.4375
vt 0.515625 0.4921875
vt 0.59375 0.4921875
vt 0.625 0.3125
vt 0.625 0.25
vt 0.7421875 0.3125
vt 0.7421875 0.25
vt 0.5 0.3125
vt 0.5 0.265625
vt 0.625 0.3125
vt 0.53125 0.265625
vt 0.53125 0.265625
vt 0.53125 0.25
vt 0.625 0.3125
vt 0.625 0.25
vt 0.53125 0.28125
vt 0.625 0.28125
vt 0.53125 0.3515625
vt 0.625 0.3515625
vt 0.625 0.28125
vt 0.71875 0.28125
vt 0.625 0.3515625
vt 0.71875 0.3515625
vt 0.71875 0.28125
vt 0.7421875 0.28125
vt 0.71875 0.3515625
vt 0.7421875 0.3515625
vt 0.625 0.4609375
vt 0.625 0.4375
vt 0.7421875 0.4609375
vt 0.7421875 0.4375
vt 0.7421875 0.4375
vt 0.7421875 0.4609375
vt 0.625 0.4375
vt 0.625 0.4609375
vt 0.7421875 0.4375
vt 0.7421875 0.4609375
vt 0.625 0.4375
vt 0.625 0.4609375
vt 0.8671875 0.1875
vt 0.75 0.1875
vt 0.8671875 0.2421875
vt 0.75 0.2421875
vt 0.75 0.1171875
vt 0.75 0
vt 0.8671875 0.1171875
vt 0.8671875 0
vt 0.75 0.125
vt 0.8671875 0.125
vt 0.75 0.1796875
vt 0.8671875 0.1796875
vt 0.75 0.1875
vt 0.8671875 0.1875
vt 0.75 0.2421875
vt 0.8671875 0.2421875
vt 0.8671875 0.125
vt 0.75 0.125
vt 0.8671875 0.1796875
vt 0.75 0.1796875
vt 0.9921875 0
vt 0.9921875 0.1171875
vt 0.875 0
vt 0.875 0.1171875
vt 0.9921875 0.125
vt 0.9921875 0.2421875
vt 0.875 0.125
vt 0.875 0.2421875
vt 0.75 0.125
vt 0.8671875 0.125
vt 0.75 0.1796875
vt 0.8671875 0.1796875
vt 0.75 0.1875
vt 0.8671875 0.1875
vt 0.75 0.2421875
vt 0.8671875 0.2421875
vt 0.75 0.125
vt 0.8671875 0.125
vt 0.75 0.1796875
vt 0.8671875 0.1796875
vt 0.75 0.1875
vt 0.8671875 0.1875
vt 0.75 0.2421875
vt 0.8671875 0.2421875
vt 0.75 0.25
vt 0.875 0.25
vt 0.75 0.3671875
vt 0.875 0.3671875
vt 0.75 0.25
vt 0.875 0.25
vt 0.75 0.3671875
vt 0.875 0.3671875
vt 0.9921875 0.25
vt 0.9921875 0.3671875
vt 0.875 0.25
vt 0.875 0.3671875
vt 0.75 0.25
vt 0.875 0.25
vt 0.75 0.3671875
vt 0.875 0.3671875
vt 0.75 0.25
vt 0.875 0.25
vt 0.75 0.3671875
vt 0.875 0.3671875
vt 0.875 0.1171875
vt 0.875 0
vt 0.9921875 0.1171875
vt 0.9921875 0
vt 0.75 0.125
vt 0.8671875 0.125
vt 0.75 0.1796875
vt 0.8671875 0.1796875
vt 0.75 0.1875
vt 0.8671875 0.1875
vt 0.75 0.2421875
vt 0.8671875 0.2421875
vt 0.8671875 0
vt 0.8671875 0.1171875
vt 0.75 0
vt 0.75 0.1171875
vt 0.75 0.125
vt 0.8671875 0.125
vt 0.75 0.1796875
vt 0.8671875 0.1796875
vt 0.75 0.1875
vt 0.8671875 0.1875
vt 0.75 0.2421875
vt 0.8671875 0.2421875
vt 0.7421875 0.4375
vt 0.7421875 0.4609375
vt 0.625 0.4375
vt 0.625 0.4609375
vt 0.625 0.4609375
vt 0.625 0.4375
vt 0.7421875 0.4609375
vt 0.7421875 0.4375
vt 0.7421875 0.3125
vt 0.7421875 0.375
vt 0.625 0.3125
vt 0.625 0.375
vt 0.71875 0.4296875
vt 0.625 0.4296875
vt 0.7421875 0.375
vt 0.625 0.375
vt 0.5859375 0.4921875
vt 0.53125 0.4921875
vt 0.546875 0.4375
vt 0.5234375 0.4375
vt 0.5 0.375
vt 0.625 0.375
vt 0.5234375 0.4296875
vt 0.625 0.4296875
vt 0.625 0.3125
vt 0.625 0.375
vt 0.5 0.3125
vt 0.5 0.375
vt 0.625 0.3515625
vt 0.71875 0.3515625
vt 0.625 0.3828125
vt 0.71875 0.3828125
vt 0.53125 0.3828125
vt 0.53125 0.3515625
vt 0.625 0.3828125
vt 0.625 0.3515625
vt 0.7421875 0.4375
vt 0.7421875 0.4609375
vt 0.625 0.4375
vt 0.625 0.4609375
vt 0.625 0.4375
vt 0.7421875 0.4375
vt 0.625 0.4609375
vt 0.7421875 0.4609375
vt 0.7421875 0.4375
vt 0.7421875 0.4609375
vt 0.625 0.4375
vt 0.625 0.4609375
vt 0.625 0.4375
vt 0.7421875 0.4375
vt 0.625 0.4609375
vt 0.7421875 0.4609375
vt 0.53125 0.3515625
vt 0.5 0.3515625
vt 0.53125 0.28125
vt 0.5 0.28125
vt 0.625 0.4609375
vt 0.625 0.4375
vt 0.7421875 0.4609375
vt 0.7421875 0.4375
vt 0.53125 0.4921875
vt 0.5 0.4921875
vt 0.5234375 0.4375
vt 0.5 0.4375
vn 1 0 0
vn 1 0 0
vn 1 0 0
vn 0 1.2246467991473532e-16 1
vn 0 1.2246467991473532e-16 1
vn 0 1.2246467991473532e-16 1
vn -1 0 0
vn -1 0 0
vn -1 0 0
vn 0 1.2246467991473532e-16 1
vn 0 1.2246467991473532e-16 1
vn 0 1.2246467991473532e-16 1
vn 1 0 0
vn 1 0 0
vn 1 0 0
vn 1 0 0
vn 1 0 0
vn 1 0 0
vn -1 0 0
vn -1 0 0
vn -1 0 0
vn 1 0 0
vn 1 0 0
vn 1 0 0
vn 1 0 0
vn 0 1 -1.2246467991473532e-16
vn 0 1 -1.2246467991473532e-16
vn 0 1 -1.2246467991473532e-16
vn 0 1 -1.2246467991473532e-16
vn 0 1 -1.2246467991473532e-16
vn 0 1 -1.2246467991473532e-16
vn 0 1 -1.2246467991473532e-16
vn 0 1 -1.2246467991473532e-16
vn 0 1 -1.2246467991473532e-16
vn 0 1 -1.2246467991473532e-16
vn 0 1 -1.2246467991473532e-16
vn 0 1 -1.2246467991473532e-16
vn 0 -1 1.2246467991473532e-16
vn 0 -1 1.2246467991473532e-16
vn 0 -1 1.2246467991473532e-16
vn 0 -1 1.2246467991473532e-16
vn 0 -1 1.2246467991473532e-16
vn 0 -1 1.2246467991473532e-16
vn 0 -1 1.2246467991473532e-16
vn 0 -1 1.2246467991473532e-16
vn 0 -1 1.2246467991473532e-16
vn 0 -1 1.2246467991473532e-16
vn 0 -1 1.2246467991473532e-16
vn 0 -1 1.2246467991473532e-16
vn -1 0 0
vn -1 0 0
vn -1 0 0
vn -1 0 0
vn 1 0 0
vn 1 0 0
vn 1 0 0
vn 1 0 0
vn -1 0 0
vn -1 0 0
vn -1 0 0
vn -1 0 0
vn 0 1.2246467991473532e-16 1
vn 0 1.2246467991473532e-16 1
vn 0 1.2246467991473532e-16 1
vn 0 1.2246467991473532e-16 1
vn 0 1 -1.2246467991473532e-16
vn 0 1 -1.2246467991473532e-16
vn 0 1 -1.2246467991473532e-16
vn 0 1 -1.2246467991473532e-16
vn -1 0 0
vn -1 0 0
vn -1 0 0
vn -1 0 0
vn 0 -1.2246467991473532e-16 -1
vn 0 -1.2246467991473532e-16 -1
vn 0 -1.2246467991473532e-16 -1
vn 0 -1.2246467991473532e-16 -1
vn 1 0 0
vn 1 0 0
vn 1 0 0
vn 1 0 0
vn 0 -1 1.2246467991473532e-16
vn 0 -1 1.2246467991473532e-16
vn 0 -1 1.2246467991473532e-16
vn 0 -1 1.2246467991473532e-16
vn 0 1 -1.2246467991473532e-16
vn 0 1 -1.2246467991473532e-16
vn 0 1 -1.2246467991473532e-16
vn 0 1 -1.2246467991473532e-16
vn -0.16439898247254825 1.2079841625058467e-16 0.9863939246376118
vn -0.16439898247254825 1.2079841625058467e-16 0.9863939246376118
vn -0.16439898247254825 1.2079841625058467e-16 0.9863939246376118
vn -0.16439898247254825 1.2079841625058467e-16 0.9863939246376118
vn 0.9899494921710503 1.7319122402116054e-17 0.14142136666812263
vn 0.9899494921710503 1.7319122402116054e-17 0.14142136666812263
vn 0.9899494921710503 1.7319122402116054e-17 0.14142136666812263
vn 0.9899494921710503 1.7319122402116054e-17 0.14142136666812263
vn 0.16439898247254825 -1.2079841625058467e-16 -0.9863939246376118
vn 0.16439898247254825 -1.2079841625058467e-16 -0.9863939246376118
vn 0.16439898247254825 -1.2079841625058467e-16 -0.9863939246376118
vn 0.16439898247254825 -1.2079841625058467e-16 -0.9863939246376118
vn -0.9899494921710503 -1.7319122402116054e-17 -0.14142136666812263
vn -0.9899494921710503 -1.7319122402116054e-17 -0.14142136666812263
vn -0.9899494921710503 -1.7319122402116054e-17 -0.14142136666812263
vn -0.9899494921710503 -1.7319122402116054e-17 -0.14142136666812263
vn -0.16439898247254825 -1.2079841625058467e-16 -0.9863939246376118
vn -0.16439898247254825 -1.2079841625058467e-16 -0.9863939246376118
vn -0.16439898247254825 -1.2079841625058467e-16 -0.9863939246376118
vn -0.16439898247254825 -1.2079841625058467e-16 -0.9863939246376118
vn -0.9899494921710503 1.7319122402116054e-17 0.14142136666812263
vn -0.9899494921710503 1.7319122402116054e-17 0.14142136666812263
vn -0.9899494921710503 1.7319122402116054e-17 0.14142136666812263
vn -0.9899494921710503 1.7319122402116054e-17 0.14142136666812263
vn 0 1 -1.2246467991473532e-16
vn 0 1 -1.2246467991473532e-16
vn 0 1 -1.2246467991473532e-16
vn 0 1 -1.2246467991473532e-16
vn 0.9899494921710503 -1.7319122402116054e-17 -0.14142136666812263
vn 0.9899494921710503 -1.7319122402116054e-17 -0.14142136666812263
vn 0.9899494921710503 -1.7319122402116054e-17 -0.14142136666812263
vn 0.9899494921710503 -1.7319122402116054e-17 -0.14142136666812263
vn 0.16439898247254825 1.2079841625058467e-16 0.9863939246376118
vn 0.16439898247254825 1.2079841625058467e-16 0.9863939246376118
vn 0.16439898247254825 1.2079841625058467e-16 0.9863939246376118
vn 0.16439898247254825 1.2079841625058467e-16 0.9863939246376118
vn 0 -1 1.2246467991473532e-16
vn 0 -1 1.2246467991473532e-16
vn 0 -1 1.2246467991473532e-16
vn 0 -1 1.2246467991473532e-16
vn 1 0 0
vn 1 0 0
vn 1 0 0
vn 1 0 0
vn 0 1.2246467991473532e-16 1
vn 0 1.2246467991473532e-16 1
vn 0 1.2246467991473532e-16 1
vn 0 1.2246467991473532e-16 1
vn 0 1 -1.2246467991473532e-16
vn 0 1 -1.2246467991473532e-16
vn 0 1 -1.2246467991473532e-16
vn 0 1 -1.2246467991473532e-16
vn -1 0 0
vn -1 0 0
vn -1 0 0
vn -1 0 0
vn 0 -1.2246467991473532e-16 -1
vn 0 -1.2246467991473532e-16 -1
vn 0 -1.2246467991473532e-16 -1
vn 0 -1.2246467991473532e-16 -1
vn 0 1.2246467991473532e-16 1
vn 0 1.2246467991473532e-16 1
vn 0 1.2246467991473532e-16 1
vn 0 1.2246467991473532e-16 1
vn 1 0 0
vn 1 0 0
vn 1 0 0
vn 1 0 0
vn 0 1 -1.2246467991473532e-16
vn 0 1 -1.2246467991473532e-16
vn 0 1 -1.2246467991473532e-16
vn 0 1 -1.2246467991473532e-16
vn 0 1.2246467991473532e-16 1
vn 0 1.2246467991473532e-16 1
vn 0 1.2246467991473532e-16 1
vn 0 1.2246467991473532e-16 1
vn -1 0 0
vn -1 0 0
vn -1 0 0
vn -1 0 0
vn 0 1.2246467991473532e-16 1
vn 0 1.2246467991473532e-16 1
vn 0 1.2246467991473532e-16 1
vn 0 1.2246467991473532e-16 1
vn 0 1 -1.2246467991473532e-16
vn 0 1 -1.2246467991473532e-16
vn 0 1 -1.2246467991473532e-16
vn 0 1 -1.2246467991473532e-16
vn 0 -1 1.2246467991473532e-16
vn 0 -1 1.2246467991473532e-16
vn 0 -1 1.2246467991473532e-16
vn 0 -1 1.2246467991473532e-16
vn 0 -1 1.2246467991473532e-16
vn 0 -1 1.2246467991473532e-16
vn 0 -1 1.2246467991473532e-16
vn 0 -1 1.2246467991473532e-16
vn 1 0 0
vn 1 0 0
vn 1 0 0
vn 1 0 0
vn 0 -1.2246467991473532e-16 -1
vn 0 -1.2246467991473532e-16 -1
vn 0 -1.2246467991473532e-16 -1
vn 0 -1.2246467991473532e-16 -1
vn 0 1.2246467991473532e-16 1
vn 0 1.2246467991473532e-16 1
vn 0 1.2246467991473532e-16 1
vn 0 1.2246467991473532e-16 1
vn 0 1.2246467991473532e-16 1
vn 0 1.2246467991473532e-16 1
vn 0 1.2246467991473532e-16 1
vn 0 1.2246467991473532e-16 1
vn 0 -1 1.2246467991473532e-16
vn 0 -1 1.2246467991473532e-16
vn 0 -1 1.2246467991473532e-16
vn 0 -1 1.2246467991473532e-16
vn 0 1.2246467991473532e-16 1
vn 0 1.2246467991473532e-16 1
vn 0 1.2246467991473532e-16 1
vn 0 1.2246467991473532e-16 1
vn -1 0 0
vn -1 0 0
vn -1 0 0
vn -1 0 0
f 2001/2001/2001 2000/2000/2000 1999/1999/1999
f 2004/2004/2004 2003/2003/2003 2002/2002/2002
f 2007/2007/2007 2006/2006/2006 2005/2005/2005
f 2010/2010/2010 2009/2009/2009 2008/2008/2008
f 2013/2013/2013 2012/2012/2012 2011/2011/2011
f 2016/2016/2016 2015/2015/2015 2014/2014/2014
f 2019/2019/2019 2018/2018/2018 2017/2017/2017
f 2022/2022/2022 2021/2021/2021 2020/2020/2020
f 2021/2021/2021 2022/2022/2022 2023/2023/2023
f 2026/2026/2026 2025/2025/2025 2024/2024/2024
f 2025/2025/2025 2026/2026/2026 2027/2027/2027
f 2030/2030/2030 2029/2029/2029 2028/2028/2028
f 2029/2029/2029 2030/2030/2030 2031/2031/2031
f 2034/2034/2034 2033/2033/2033 2032/2032/2032
f 2033/2033/2033 2034/2034/2034 2035/2035/2035
f 2038/2038/2038 2037/2037/2037 2036/2036/2036
f 2037/2037/2037 2038/2038/2038 2039/2039/2039
f 2042/2042/2042 2041/2041/2041 2040/2040/2040
f 2041/2041/2041 2042/2042/2042 2043/2043/2043
f 2046/2046/2046 2045/2045/2045 2044/2044/2044
f 2045/2045/2045 2046/2046/2046 2047/2047/2047
f 2050/2050/2050 2049/2049/2049 2048/2048/2048
f 2049/2049/2049 2050/2050/2050 2051/2051/2051
f 2054/2054/2054 2053/2053/2053 2052/2052/2052
f 2053/2053/2053 2054/2054/2054 2055/2055/2055
f 2058/2058/2058 2057/2057/2057 2056/2056/2056
f 2057/2057/2057 2058/2058/2058 2059/2059/2059
f 2062/2062/2062 2061/2061/2061 2060/2060/2060
f 2061/2061/2061 2062/2062/2062 2063/2063/2063
f 2066/2066/2066 2065/2065/2065 2064/2064/2064
f 2065/2065/2065 2066/2066/2066 2067/2067/2067
f 2070/2070/2070 2069/2069/2069 2068/2068/2068
f 2069/2069/2069 2070/2070/2070 2071/2071/2071
f 2074/2074/2074 2073/2073/2073 2072/2072/2072
f 2073/2073/2073 2074/2074/2074 2075/2075/2075
f 2078/2078/2078 2077/2077/2077 2076/2076/2076
f 2077/2077/2077 2078/2078/2078 2079/2079/2079
f 2082/2082/2082 2081/2081/2081 2080/2080/2080
f 2081/2081/2081 2082/2082/2082 2083/2083/2083
f 2086/2086/2086 2085/2085/2085 2084/2084/2084
f 2085/2085/2085 2086/2086/2086 2087/2087/2087
f 2090/2090/2090 2089/2089/2089 2088/2088/2088
f 2089/2089/2089 2090/2090/2090 2091/2091/2091
f 2094/2094/2094 2093/2093/2093 2092/2092/2092
f 2093/2093/2093 2094/2094/2094 2095/2095/2095
f 2098/2098/2098 2097/2097/2097 2096/2096/2096
f 2097/2097/2097 2098/2098/2098 2099/2099/2099
f 2102/2102/2102 2101/2101/2101 2100/2100/2100
f 2101/2101/2101 2102/2102/2102 2103/2103/2103
f 2106/2106/2106 2105/2105/2105 2104/2104/2104
f 2105/2105/2105 2106/2106/2106 2107/2107/2107
f 2110/2110/2110 2109/2109/2109 2108/2108/2108
f 2109/2109/2109 2110/2110/2110 2111/2111/2111
f 2114/2114/2114 2113/2113/2113 2112/2112/2112
f 2113/2113/2113 2114/2114/2114 2115/2115/2115
f 2118/2118/2118 2117/2117/2117 2116/2116/2116
f 2117/2117/2117 2118/2118/2118 2119/2119/2119
f 2122/2122/2122 2121/2121/2121 2120/2120/2120
f 2121/2121/2121 2122/2122/2122 2123/2123/2123
f 2126/2126/2126 2125/2125/2125 2124/2124/2124
f 2125/2125/2125 2126/2126/2126 2127/2127/2127
f 2130/2130/2130 2129/2129/2129 2128/2128/2128
f 2129/2129/2129 2130/2130/2130 2131/2131/2131
f 2134/2134/2134 2133/2133/2133 2132/2132/2132
f 2133/2133/2133 2134/2134/2134 2135/2135/2135
f 2138/2138/2138 2137/2137/2137 2136/2136/2136
f 2137/2137/2137 2138/2138/2138 2139/2139/2139
f 2142/2142/2142 2141/2141/2141 2140/2140/2140
f 2141/2141/2141 2142/2142/2142 2143/2143/2143
f 2146/2146/2146 2145/2145/2145 2144/2144/2144
f 2145/2145/2145 2146/2146/2146 2147/2147/2147
f 2150/2150/2150 2149/2149/2149 2148/2148/2148
f 2149/2149/2149 2150/2150/2150 2151/2151/2151
f 2154/2154/2154 2153/2153/2153 2152/2152/2152
f 2153/2153/2153 2154/2154/2154 2155/2155/2155
f 2158/2158/2158 2157/2157/2157 2156/2156/2156
f 2157/2157/2157 2158/2158/2158 2159/2159/2159
f 2162/2162/2162 2161/2161/2161 2160/2160/2160
f 2161/2161/2161 2162/2162/2162 2163/2163/2163
f 2166/2166/2166 2165/2165/2165 2164/2164/2164
f 2165/2165/2165 2166/2166/2166 2167/2167/2167
f 2170/2170/2170 2169/2169/2169 2168/2168/2168
f 2169/2169/2169 2170/2170/2170 2171/2171/2171
f 2174/2174/2174 2173/2173/2173 2172/2172/2172
f 2173/2173/2173 2174/2174/2174 2175/2175/2175
f 2178/2178/2178 2177/2177/2177 2176/2176/2176
f 2177/2177/2177 2178/2178/2178 2179/2179/2179
f 2182/2182/2182 2181/2181/2181 2180/2180/2180
f 2181/2181/2181 2182/2182/2182 2183/2183/2183
f 2186/2186/2186 2185/2185/2185 2184/2184/2184
f 2185/2185/2185 2186/2186/2186 2187/2187/2187
f 2190/2190/2190 2189/2189/2189 2188/2188/2188
f 2189/2189/2189 2190/2190/2190 2191/2191/2191
f 2194/2194/2194 2193/2193/2193 2192/2192/2192
f 2193/2193/2193 2194/2194/2194 2195/2195/2195
f 2198/2198/2198 2197/2197/2197 2196/2196/2196
f 2197/2197/2197 2198/2198/2198 2199/2199/2199
f 2202/2202/2202 2201/2201/2201 2200/2200/2200
f 2201/2201/2201 2202/2202/2202 2203/2203/2203
f 2206/2206/2206 2205/2205/2205 2204/2204/2204
f 2205/2205/2205 2206/2206/2206 2207/2207/2207
f 2210/2210/2210 2209/2209/2209 2208/2208/2208
f 2209/2209/2209 2210/2210/2210 2211/2211/2211
o mesh_8
usemtl mat8
v 12.8 12.799999999999983 -140.8
v 1.6 12.799999999999983 -140.8
v 1.6 19.199999999999985 -140.8
v 32 12.799999999999983 -139.20000000000002
v 38.400000000000006 11.199999999999983 -140.8
v 32 12.799999999999983 -140.8
v 0 31.999999999999993 -64
v 0 38.4 -64
v 0 38.4 -76.80000000000001
v 32 12.799999999999983 -140.8
v 38.400000000000006 11.199999999999983 -140.8
v 38.400000000000006 8.799999999999983 -140.8
v 0 25.599999999999984 -137.6
v 0 25.599999999999987 -128
v 0 38.39999999999999 -128
v 0 19.199999999999985 -139.20000000000002
v 0 12.799999999999983 -139.20000000000002
v 0 12.799999999999985 -128
v 12.8 38.39999999999999 -140.8
v 12.8 25.599999999999984 -140.8
v 3.2 25.599999999999984 -140.8
v 76.80000000000001 19.2 -40
v 76.80000000000001 12.799999999999995 -40
v 76.80000000000001 12.799999999999994 -51.2
v 76.80000000000001 25.599999999999998 -41.6
v 76.80000000000001 25.599999999999994 -51.2
v 76.80000000000001 38.4 -51.20000000000001
v 76.80000000000001 12.799999999999994 -51.2
v 76.80000000000001 25.599999999999994 -51.2
v 76.80000000000001 25.599999999999998 -41.6
v 76.80000000000001 25.599999999999998 -41.6
v 76.80000000000001 19.2 -40
v 76.80000000000001 12.799999999999994 -51.2
v 3.2 25.599999999999984 -140.8
v 12.8 25.599999999999984 -140.8
v 12.8 12.799999999999983 -140.8
v 12.8 12.799999999999983 -140.8
v 1.6 19.199999999999985 -140.8
v 3.2 25.599999999999984 -140.8
v 0 12.799999999999985 -128
v 0 25.599999999999987 -128
v 0 25.599999999999984 -137.6
v 0 25.599999999999984 -137.6
v 0 19.199999999999985 -139.20000000000002
v 0 12.799999999999985 -128
v 0 31.999999999999986 -108.80000000000001
v 0 38.39999999999999 -108.80000000000001
v 0 38.39999999999999 -115.2
v 0 -1.2540383223268897e-14 -102.4
v 0 12.799999999999988 -102.4
v 0 12.799999999999986 -108.80000000000001
v 38.400000000000006 12.799999999999983 -140.8
v 38.400000000000006 11.199999999999983 -140.8
v 32 12.799999999999983 -139.20000000000002
v 0 12.799999999999988 -96
v 0 12.799999999999988 -102.4
v 0 -1.2540383223268897e-14 -102.4
v 25.6 -1.7243026931994733e-14 -140.8
v 25.6 12.799999999999983 -140.8
v 32 12.799999999999983 -140.8
v 38.400000000000006 -1.7243026931994733e-14 -140.8
v 25.6 -1.7243026931994733e-14 -140.8
v 32 12.799999999999983 -140.8
v 0 38.39999999999999 -92.80000000000001
v 0 38.39999999999999 -96
v 0 31.99999999999999 -96
v 0 38.4 -38.40000000000001
v 0 38.4 -51.20000000000001
v 0 31.999999999999993 -51.20000000000001
v 0 -6.270191611634449e-15 -51.2
v 0 12.799999999999994 -51.2
v 0 12.799999999999994 -57.6
v 75.2 -1.7243026931994733e-14 -140.8
v 64 -1.7243026931994733e-14 -140.8
v 64 8.799999999999983 -140.8
v 38.400000000000006 8.799999999999983 -140.8
v 38.400000000000006 -1.7243026931994733e-14 -140.8
v 32 12.799999999999983 -140.8
v 75.2 12.799999999999983 -140.8
v 64 11.199999999999983 -140.8
v 64 12.799999999999983 -140.8
v 0 25.599999999999987 -115.2
v 0 38.39999999999999 -115.2
v 0 25.599999999999987 -128
v 0 38.39999999999999 -128
v 0 12.799999999999986 -115.2
v 0 12.799999999999985 -128
v 0 -1.410793112617751e-14 -115.2
v 0 -1.567547902908612e-14 -128
v 0 12.799999999999994 -64
v 0 12.799999999999992 -76.80000000000001
v 0 -7.83773951454306e-15 -64
v 0 -9.405287417451674e-15 -76.80000000000001
v 25.6 44.8 -32.00000000000001
v 25.6 25.599999999999998 -32
v 14.4 35.199999999999996 -32.00000000000001
v 14.4 31.999999999999996 -32.00000000000001
v 22.400000000000002 12.799999999999983 -140.8
v 12.8 12.799999999999983 -140.8
v 22.400000000000002 25.599999999999984 -140.8
v 12.8 25.599999999999984 -140.8
v 51.2 12.799999999999983 -140.8
v 51.2 25.599999999999984 -140.8
v 64 12.799999999999983 -140.8
v 64 25.599999999999984 -140.8
v 1.6 41.59999999999999 -140.8
v 1.6 51.19999999999999 -140.8
v 12.8 41.59999999999999 -140.8
v 12.8 51.19999999999999 -140.8
v 22.400000000000002 25.599999999999984 -140.8
v 12.8 25.599999999999984 -140.8
v 22.400000000000002 38.39999999999999 -140.8
v 12.8 38.39999999999999 -140.8
v 25.6 41.59999999999999 -140.8
v 25.6 51.19999999999999 -140.8
v 38.400000000000006 41.59999999999999 -140.8
v 38.400000000000006 51.19999999999999 -140.8
v 41.6 41.59999999999999 -140.8
v 41.6 51.19999999999999 -140.8
v 51.2 41.59999999999999 -140.8
v 51.2 51.19999999999999 -140.8
v 76.80000000000001 35.2 -19.200000000000006
v 76.80000000000001 44.800000000000004 -19.20000000000001
v 76.80000000000001 35.2 -4.310756732998683e-15
v 76.80000000000001 44.800000000000004 -5.486417660180143e-15
v 75.2 25.599999999999984 -140.8
v 64 25.599999999999984 -140.8
v 75.2 38.39999999999999 -140.8
v 64 38.39999999999999 -140.8
v 51.2 41.59999999999999 -140.8
v 51.2 51.19999999999999 -140.8
v 64 41.59999999999999 -140.8
v 64 51.19999999999999 -140.8
v 64 25.599999999999984 -140.8
v 51.2 25.599999999999984 -140.8
v 64 38.39999999999999 -140.8
v 51.2 38.39999999999999 -140.8
v 76.80000000000001 -1.567547902908612e-14 -128
v 76.80000000000001 12.799999999999985 -128
v 76.80000000000001 -1.410793112617751e-14 -115.2
v 76.80000000000001 12.799999999999986 -115.2
v 0 25.599999999999987 -128
v 0 12.799999999999985 -128
v 0 25.599999999999987 -115.2
v 0 12.799999999999986 -115.2
v 76.80000000000001 12.799999999999985 -128
v 76.80000000000001 25.599999999999987 -128
v 76.80000000000001 12.799999999999986 -115.2
v 76.80000000000001 25.599999999999987 -115.2
v 12.8 35.199999999999996 -32.00000000000001
v 12.8 35.2 -19.200000000000006
v 12.8 44.8 -32.00000000000001
v 12.8 44.800000000000004 -19.20000000000001
v 76.80000000000001 41.59999999999999 -128
v 76.80000000000001 51.19999999999999 -128
v 76.80000000000001 41.59999999999999 -115.2
v 76.80000000000001 51.19999999999999 -115.2
v 76.80000000000001 25.599999999999987 -128
v 76.80000000000001 38.39999999999999 -128
v 76.80000000000001 25.599999999999987 -115.2
v 76.80000000000001 38.39999999999999 -115.2
v 76.80000000000001 -1.410793112617751e-14 -115.2
v 76.80000000000001 12.799999999999986 -115.2
v 76.80000000000001 -1.2540383223268897e-14 -102.4
v 76.80000000000001 12.799999999999988 -102.4
v 0 25.599999999999987 -108.80000000000001
v 0 25.599999999999987 -115.2
v 0 12.799999999999986 -108.80000000000001
v 0 12.799999999999986 -115.2
v 76.80000000000001 12.799999999999986 -115.2
v 76.80000000000001 25.599999999999987 -115.2
v 76.80000000000001 12.799999999999988 -102.4
v 76.80000000000001 25.599999999999987 -102.4
v 0 41.599999999999994 -64
v 0 51.199999999999996 -64
v 0 41.599999999999994 -76.80000000000001
v 0 51.199999999999996 -76.80000000000001
v 76.80000000000001 41.59999999999999 -115.2
v 76.80000000000001 51.19999999999999 -115.2
v 76.80000000000001 41.59999999999999 -102.4
v 76.80000000000001 51.19999999999999 -102.4
v 76.80000000000001 25.599999999999987 -115.2
v 76.80000000000001 38.39999999999999 -115.2
v 76.80000000000001 25.599999999999987 -102.4
v 76.80000000000001 38.39999999999999 -102.4
v 76.80000000000001 -1.1364722296087438e-14 -92.80000000000001
v 76.80000000000001 -1.2540383223268897e-14 -102.4
v 76.80000000000001 12.79999999999999 -92.80000000000001
v 76.80000000000001 12.799999999999988 -102.4
v 76.80000000000001 12.79999999999999 -92.80000000000001
v 76.80000000000001 12.799999999999988 -102.4
v 76.80000000000001 25.59999999999999 -92.80000000000001
v 76.80000000000001 25.599999999999987 -102.4
v 0 41.599999999999994 -76.80000000000001
v 0 51.199999999999996 -76.80000000000001
v 0 41.59999999999999 -89.60000000000001
v 0 51.19999999999999 -89.60000000000001
v 0 31.99999999999999 -96
v 0 38.39999999999999 -96
v 0 31.999999999999986 -102.4
v 0 38.39999999999999 -102.4
v 76.80000000000001 41.59999999999999 -102.4
v 76.80000000000001 51.19999999999999 -102.4
v 76.80000000000001 41.59999999999999 -89.60000000000001
v 76.80000000000001 51.19999999999999 -89.60000000000001
v 76.80000000000001 25.59999999999999 -92.80000000000001
v 76.80000000000001 25.599999999999987 -102.4
v 76.80000000000001 38.39999999999999 -92.80000000000001
v 76.80000000000001 38.39999999999999 -102.4
v 0 12.79999999999999 -89.60000000000001
v 0 -1.0972835320360286e-14 -89.60000000000001
v 0 12.799999999999992 -76.80000000000001
v 0 -9.405287417451674e-15 -76.80000000000001
v 76.80000000000001 -1.0972835320360286e-14 -89.60000000000001
v 76.80000000000001 12.79999999999999 -89.60000000000001
v 76.80000000000001 -9.405287417451674e-15 -76.80000000000001
v 76.80000000000001 12.799999999999992 -76.80000000000001
v 0 25.59999999999999 -89.60000000000001
v 0 12.79999999999999 -89.60000000000001
v 0 25.59999999999999 -76.80000000000001
v 0 12.799999999999992 -76.80000000000001
v 76.80000000000001 12.79999999999999 -89.60000000000001
v 76.80000000000001 25.59999999999999 -89.60000000000001
v 76.80000000000001 12.799999999999992 -76.80000000000001
v 76.80000000000001 25.59999999999999 -76.80000000000001
v 0 41.59999999999999 -89.60000000000001
v 0 51.19999999999999 -89.60000000000001
v 0 41.59999999999999 -102.4
v 0 51.19999999999999 -102.4
v 0 38.39999999999999 -89.60000000000001
v 0 25.59999999999999 -89.60000000000001
v 0 38.4 -76.80000000000001
v 0 25.59999999999999 -76.80000000000001
v 76.80000000000001 41.59999999999999 -89.60000000000001
v 76.80000000000001 51.19999999999999 -89.60000000000001
v 76.80000000000001 41.599999999999994 -76.80000000000001
v 76.80000000000001 51.199999999999996 -76.80000000000001
v 76.80000000000001 25.59999999999999 -89.60000000000001
v 76.80000000000001 38.39999999999999 -89.60000000000001
v 76.80000000000001 25.59999999999999 -76.80000000000001
v 76.80000000000001 38.4 -76.80000000000001
v 76.80000000000001 -9.405287417451674e-15 -76.80000000000001
v 76.80000000000001 12.799999999999992 -76.80000000000001
v 76.80000000000001 -7.83773951454306e-15 -64
v 76.80000000000001 12.799999999999994 -64
v 0 25.59999999999999 -76.80000000000001
v 0 12.799999999999992 -76.80000000000001
v 0 25.599999999999994 -64
v 0 12.799999999999994 -64
v 76.80000000000001 12.799999999999992 -76.80000000000001
v 76.80000000000001 25.59999999999999 -76.80000000000001
v 76.80000000000001 12.799999999999994 -64
v 76.80000000000001 25.599999999999994 -64
v 0 41.59999999999999 -102.4
v 0 51.19999999999999 -102.4
v 0 41.59999999999999 -115.2
v 0 51.19999999999999 -115.2
v 76.80000000000001 41.599999999999994 -76.80000000000001
v 76.80000000000001 51.199999999999996 -76.80000000000001
v 76.80000000000001 41.599999999999994 -64
v 76.80000000000001 51.199999999999996 -64
v 76.80000000000001 25.59999999999999 -76.80000000000001
v 76.80000000000001 38.4 -76.80000000000001
v 76.80000000000001 25.599999999999994 -64
v 76.80000000000001 38.4 -64
v 12.8 12.799999999999999 -19.200000000000003
v 12.8 -2.3513218543629185e-15 -19.200000000000003
v 12.8 12.8 -1.5675479029086122e-15
v 12.8 0 0
v 0 12.799999999999994 -57.6
v 0 12.799999999999994 -64
v 0 -6.270191611634449e-15 -51.2
v 0 -7.83773951454306e-15 -64
v 76.80000000000001 12.8 -1.5675479029086122e-15
v 76.80000000000001 0 0
v 76.80000000000001 12.799999999999999 -19.200000000000003
v 76.80000000000001 -2.3513218543629185e-15 -19.200000000000003
v 76.80000000000001 -6.270191611634449e-15 -51.2
v 76.80000000000001 -7.83773951454306e-15 -64
v 76.80000000000001 12.799999999999994 -51.2
v 76.80000000000001 12.799999999999994 -64
v 76.80000000000001 25.6 -3.1350958058172244e-15
v 76.80000000000001 12.8 -1.5675479029086122e-15
v 76.80000000000001 25.599999999999998 -19.200000000000006
v 76.80000000000001 12.799999999999999 -19.200000000000003
v 76.80000000000001 12.799999999999994 -51.2
v 76.80000000000001 12.799999999999994 -64
v 76.80000000000001 25.599999999999994 -51.2
v 76.80000000000001 25.599999999999994 -64
v 12.8 35.2 -4.310756732998683e-15
v 12.8 44.800000000000004 -5.486417660180143e-15
v 12.8 35.2 -19.200000000000006
v 12.8 44.800000000000004 -19.20000000000001
v 0 41.59999999999999 -115.2
v 0 51.19999999999999 -115.2
v 0 41.59999999999999 -128
v 0 51.19999999999999 -128
v 0 31.999999999999993 -57.60000000000001
v 0 38.4 -57.60000000000001
v 0 31.999999999999993 -64
v 0 38.4 -64
v 76.80000000000001 41.599999999999994 -51.20000000000001
v 76.80000000000001 41.599999999999994 -64
v 76.80000000000001 51.199999999999996 -51.20000000000001
v 76.80000000000001 51.199999999999996 -64
v 76.80000000000001 32 -3.91886975727153e-15
v 76.80000000000001 25.6 -3.1350958058172244e-15
v 76.80000000000001 31.999999999999996 -19.200000000000006
v 76.80000000000001 25.599999999999998 -19.200000000000006
v 76.80000000000001 25.599999999999994 -51.2
v 76.80000000000001 25.599999999999994 -64
v 76.80000000000001 38.4 -51.20000000000001
v 76.80000000000001 38.4 -64
v 64 8.799999999999983 -140.8
v 64 11.199999999999983 -140.8
v 75.2 -1.7243026931994733e-14 -140.8
v 75.2 12.799999999999983 -140.8
v 25.6 27.199999999999985 -140.8
v 25.6 38.39999999999999 -140.8
v 38.400000000000006 27.199999999999985 -140.8
v 38.400000000000006 38.39999999999999 -140.8
v 0 41.59999999999999 -128
v 0 51.19999999999999 -128
v 0 41.59999999999999 -139.20000000000002
v 0 51.19999999999999 -139.20000000000002
v 0 -1.7047083444131156e-14 -139.20000000000002
v 0 -1.567547902908612e-14 -128
v 0 12.799999999999983 -139.20000000000002
v 0 12.799999999999985 -128
v 1.6 12.799999999999983 -140.8
v 12.8 12.799999999999983 -140.8
v 1.6 -1.7243026931994733e-14 -140.8
v 12.8 -1.7243026931994733e-14 -140.8
v 41.6 38.39999999999999 -140.8
v 51.2 38.39999999999999 -140.8
v 41.6 25.599999999999984 -140.8
v 51.2 25.599999999999984 -140.8
v 41.6 12.799999999999983 -140.8
v 41.6 25.599999999999984 -140.8
v 51.2 12.799999999999983 -140.8
v 51.2 25.599999999999984 -140.8
v 64 41.59999999999999 -140.8
v 64 51.19999999999999 -140.8
v 75.2 41.59999999999999 -140.8
v 75.2 51.19999999999999 -140.8
v 76.80000000000001 41.59999999999999 -139.20000000000002
v 76.80000000000001 51.19999999999999 -139.20000000000002
v 76.80000000000001 41.59999999999999 -128
v 76.80000000000001 51.19999999999999 -128
v 76.80000000000001 38.39999999999999 -139.20000000000002
v 76.80000000000001 38.39999999999999 -128
v 76.80000000000001 25.599999999999984 -139.20000000000002
v 76.80000000000001 25.599999999999987 -128
v 76.80000000000001 25.599999999999984 -139.20000000000002
v 76.80000000000001 25.599999999999987 -128
v 76.80000000000001 12.799999999999983 -139.20000000000002
v 76.80000000000001 12.799999999999985 -128
v 76.80000000000001 12.799999999999983 -139.20000000000002
v 76.80000000000001 12.799999999999985 -128
v 76.80000000000001 -1.7047083444131156e-14 -139.20000000000002
v 76.80000000000001 -1.567547902908612e-14 -128
v 22.400000000000002 -1.7243026931994733e-14 -140.8
v 12.8 -1.7243026931994733e-14 -140.8
v 22.400000000000002 12.799999999999983 -140.8
v 12.8 12.799999999999983 -140.8
v 12.8 41.59999999999999 -140.8
v 12.8 51.19999999999999 -140.8
v 22.400000000000002 41.59999999999999 -140.8
v 22.400000000000002 51.19999999999999 -140.8
v 12.8 -4.702643708725837e-15 -38.400000000000006
v 25.6 -4.702643708725837e-15 -38.400000000000006
v 12.8 12.799999999999995 -38.400000000000006
v 25.6 12.799999999999995 -38.400000000000006
v 12.8 12.799999999999995 -38.400000000000006
v 25.6 12.799999999999995 -38.400000000000006
v 12.8 25.599999999999998 -38.400000000000006
v 25.6 25.599999999999998 -38.400000000000006
v 12.8 25.599999999999998 -38.400000000000006
v 25.6 25.599999999999998 -38.400000000000006
v 12.8 38.4 -38.40000000000001
v 25.6 38.4 -38.40000000000001
v 76.80000000000001 44.8 -32.00000000000001
v 76.80000000000001 44.800000000000004 -19.20000000000001
v 76.80000000000001 35.199999999999996 -32.00000000000001
v 76.80000000000001 35.2 -19.200000000000006
v 76.80000000000001 31.999999999999996 -32.00000000000001
v 76.80000000000001 31.999999999999996 -19.200000000000006
v 76.80000000000001 25.599999999999998 -32
v 76.80000000000001 25.599999999999998 -19.200000000000006
v 76.80000000000001 25.599999999999998 -32
v 76.80000000000001 25.599999999999998 -19.200000000000006
v 76.80000000000001 12.799999999999997 -32
v 76.80000000000001 12.799999999999999 -19.200000000000003
v 76.80000000000001 12.799999999999997 -32
v 76.80000000000001 12.799999999999999 -19.200000000000003
v 76.80000000000001 -3.91886975727153e-15 -32
v 76.80000000000001 -2.3513218543629185e-15 -19.200000000000003
v 12.8 12.799999999999999 -19.200000000000003
v 12.8 12.799999999999997 -32
v 12.8 -2.3513218543629185e-15 -19.200000000000003
v 12.8 -3.91886975727153e-15 -32
v 0 51.199999999999996 -51.20000000000001
v 0 51.199999999999996 -64
v 0 41.599999999999994 -51.20000000000001
v 0 41.599999999999994 -64
v 0 -6.270191611634449e-15 -51.2
v 0 -4.702643708725837e-15 -38.400000000000006
v 0 12.799999999999994 -51.2
v 0 12.799999999999995 -38.400000000000006
v 0 12.799999999999994 -51.2
v 0 12.799999999999995 -38.400000000000006
v 0 25.599999999999994 -51.2
v 0 25.599999999999998 -38.400000000000006
v 0 31.999999999999993 -51.20000000000001
v 0 25.599999999999994 -51.2
v 0 38.4 -38.40000000000001
v 0 25.599999999999998 -38.400000000000006
v 0 41.599999999999994 -51.20000000000001
v 0 41.599999999999994 -38.40000000000001
v 0 51.199999999999996 -51.20000000000001
v 0 51.199999999999996 -38.40000000000001
v 76.80000000000001 51.199999999999996 -51.20000000000001
v 76.80000000000001 51.199999999999996 -38.40000000000001
v 76.80000000000001 41.599999999999994 -51.20000000000001
v 76.80000000000001 41.599999999999994 -38.40000000000001
v 64 44.8 -32.00000000000001
v 76.80000000000001 44.8 -32.00000000000001
v 75.2 35.199999999999996 -32.00000000000001
v 76.80000000000001 35.199999999999996 -32.00000000000001
v 38.400000000000006 12.799999999999997 -32
v 51.2 12.799999999999997 -32
v 38.400000000000006 -3.91886975727153e-15 -32
v 51.2 -3.91886975727153e-15 -32
v 64 25.599999999999998 -32
v 51.2 25.599999999999998 -32
v 64 44.8 -32.00000000000001
v 51.2 44.8 -32.00000000000001
v 12.8 12.799999999999995 -38.400000000000006
v 0 12.799999999999995 -38.400000000000006
v 12.8 -4.702643708725837e-15 -38.400000000000006
v 0 -4.702643708725837e-15 -38.400000000000006
v 14.4 35.199999999999996 -32.00000000000001
v 12.8 35.199999999999996 -32.00000000000001
v 25.6 44.8 -32.00000000000001
v 12.8 44.8 -32.00000000000001
v 12.8 25.599999999999998 -32
v 25.6 25.599999999999998 -32
v 12.8 12.799999999999997 -32
v 25.6 12.799999999999997 -32
v 76.80000000000001 12.799999999999997 -32
v 76.80000000000001 -3.91886975727153e-15 -32
v 64 12.799999999999997 -32
v 64 -3.91886975727153e-15 -32
v 12.8 25.599999999999998 -38.400000000000006
v 0 25.599999999999998 -38.400000000000006
v 12.8 12.799999999999995 -38.400000000000006
v 0 12.799999999999995 -38.400000000000006
v 12.8 38.4 -38.40000000000001
v 0 38.4 -38.40000000000001
v 12.8 25.599999999999998 -38.400000000000006
v 0 25.599999999999998 -38.400000000000006
v 12.8 51.199999999999996 -38.40000000000001
v 0 51.199999999999996 -38.40000000000001
v 12.8 41.599999999999994 -38.40000000000001
v 0 41.599999999999994 -38.40000000000001
v 25.6 -4.702643708725837e-15 -38.400000000000006
v 38.400000000000006 -4.702643708725837e-15 -38.400000000000006
v 25.6 12.799999999999995 -38.400000000000006
v 38.400000000000006 12.799999999999995 -38.400000000000006
v 25.6 12.799999999999995 -38.400000000000006
v 38.400000000000006 12.799999999999995 -38.400000000000006
v 25.6 25.599999999999998 -38.400000000000006
v 38.400000000000006 25.599999999999998 -38.400000000000006
v 25.6 25.599999999999998 -38.400000000000006
v 38.400000000000006 25.599999999999998 -38.400000000000006
v 25.6 38.4 -38.40000000000001
v 38.400000000000006 38.4 -38.40000000000001
v 25.6 41.599999999999994 -38.40000000000001
v 38.400000000000006 41.599999999999994 -38.40000000000001
v 25.6 51.199999999999996 -38.40000000000001
v 38.400000000000006 51.199999999999996 -38.40000000000001
v 12.8 41.599999999999994 -38.40000000000001
v 25.6 41.599999999999994 -38.40000000000001
v 12.8 51.199999999999996 -38.40000000000001
v 25.6 51.199999999999996 -38.40000000000001
v 76.80000000000001 -4.898587196589413e-15 -40
v 76.80000000000001 -6.270191611634449e-15 -51.2
v 76.80000000000001 12.799999999999995 -40
v 76.80000000000001 12.799999999999994 -51.2
v 76.80000000000001 38.4 -51.20000000000001
v 76.80000000000001 38.4 -40.00000000000001
v 76.80000000000001 25.599999999999998 -41.6
v 76.80000000000001 25.599999999999998 -40
v 0 38.39999999999999 -128
v 0 38.39999999999999 -139.20000000000002
v 0 25.599999999999984 -137.6
v 0 25.599999999999984 -139.20000000000002
v 3.2 25.599999999999984 -140.8
v 1.6 25.599999999999984 -140.8
v 12.8 38.39999999999999 -140.8
v 1.6 38.39999999999999 -140.8
v 76.80000000000001 25.599999999999998 -32
v 76.80000000000001 12.799999999999997 -32
v 64 25.599999999999998 -32
v 64 12.799999999999997 -32
v 75.2 31.999999999999996 -32.00000000000001
v 76.80000000000001 31.999999999999996 -32.00000000000001
v 64 25.599999999999998 -32
v 76.80000000000001 25.599999999999998 -32
v 64 25.599999999999998 -32
v 64 44.8 -32.00000000000001
v 75.2 31.999999999999996 -32.00000000000001
v 75.2 35.199999999999996 -32.00000000000001
v 38.400000000000006 44.8 -32.00000000000001
v 51.2 44.8 -32.00000000000001
v 38.400000000000006 25.599999999999998 -32
v 51.2 25.599999999999998 -32
v 38.400000000000006 25.599999999999998 -32
v 51.2 25.599999999999998 -32
v 38.400000000000006 12.799999999999997 -32
v 51.2 12.799999999999997 -32
v 25.6 -3.91886975727153e-15 -32
v 12.8 -3.91886975727153e-15 -32
v 25.6 12.799999999999997 -32
v 12.8 12.799999999999997 -32
v 25.6 12.799999999999997 -32
v 38.400000000000006 12.799999999999997 -32
v 25.6 -3.91886975727153e-15 -32
v 38.400000000000006 -3.91886975727153e-15 -32
v 25.6 25.599999999999998 -32
v 38.400000000000006 25.599999999999998 -32
v 25.6 12.799999999999997 -32
v 38.400000000000006 12.799999999999997 -32
v 25.6 44.8 -32.00000000000001
v 38.400000000000006 44.8 -32.00000000000001
v 25.6 25.599999999999998 -32
v 38.400000000000006 25.599999999999998 -32
v 25.6 25.599999999999998 -32
v 12.8 25.599999999999998 -32
v 14.4 31.999999999999996 -32.00000000000001
v 12.8 31.999999999999996 -32.00000000000001
v 12.8 12.8 -1.5675479029086122e-15
v 12.8 25.6 -3.1350958058172244e-15
v 12.8 12.799999999999999 -19.200000000000003
v 12.8 25.599999999999998 -19.200000000000006
v 12.8 25.6 -3.1350958058172244e-15
v 12.8 32 -3.91886975727153e-15
v 12.8 25.599999999999998 -19.200000000000006
v 12.8 31.999999999999996 -19.200000000000006
v 12.8 25.599999999999998 -32
v 12.8 12.799999999999997 -32
v 12.8 25.599999999999998 -19.200000000000006
v 12.8 12.799999999999999 -19.200000000000003
v 0 31.99999999999999 -96
v 0 25.59999999999999 -96
v 0 38.39999999999999 -92.80000000000001
v 0 25.59999999999999 -92.80000000000001
v 0 12.799999999999988 -96
v 0 12.79999999999999 -92.80000000000001
v 0 25.59999999999999 -96
v 0 25.59999999999999 -92.80000000000001
v 0 -1.2540383223268897e-14 -102.4
v 0 -1.1364722296087438e-14 -92.80000000000001
v 0 12.799999999999988 -96
v 0 12.79999999999999 -92.80000000000001
v 0 12.799999999999986 -108.80000000000001
v 0 12.799999999999986 -115.2
v 0 -1.2540383223268897e-14 -102.4
v 0 -1.410793112617751e-14 -115.2
v 0 31.999999999999986 -102.4
v 0 38.39999999999999 -102.4
v 0 31.999999999999986 -108.80000000000001
v 0 38.39999999999999 -108.80000000000001
v 0 38.39999999999999 -115.2
v 0 25.599999999999987 -115.2
v 0 31.999999999999986 -108.80000000000001
v 0 25.599999999999987 -108.80000000000001
v 0 31.999999999999993 -51.20000000000001
v 0 38.4 -51.20000000000001
v 0 31.999999999999993 -57.60000000000001
v 0 38.4 -57.60000000000001
v 0 38.4 -76.80000000000001
v 0 25.59999999999999 -76.80000000000001
v 0 31.999999999999993 -64
v 0 25.599999999999994 -64
v 61.6 8.799999999999983 -138.4
v 61.6 -1.694911170019937e-14 -138.4
v 51.2 8.799999999999983 -138.4
v 51.2 -1.694911170019937e-14 -138.4
v 51.2 -1.694911170019937e-14 -138.4
v 40.800000000000004 -1.694911170019937e-14 -138.4
v 51.2 8.799999999999983 -138.4
v 40.800000000000004 8.799999999999983 -138.4
v 64 12.799999999999983 -140.8
v 64 25.599999999999984 -140.8
v 75.2 12.799999999999983 -140.8
v 75.2 25.599999999999984 -140.8
v 64 12.799999999999983 -140.8
v 64 11.199999999999983 -140.8
v 51.2 12.799999999999983 -140.8
v 51.2 11.199999999999983 -140.8
v 51.2 12.799999999999983 -140.8
v 51.2 11.199999999999983 -140.8
v 41.6 12.799999999999983 -140.8
v 41.6 11.199999999999983 -140.8
v 12.8 25.599999999999998 -19.200000000000006
v 12.8 31.999999999999996 -19.200000000000006
v 12.8 25.599999999999998 -32
v 12.8 31.999999999999996 -32.00000000000001
vt 0.4375 0.8671875
vt 0.3125 0.8671875
vt 0.3125 0.8046875
vt 0.6875 0.875
vt 0.7421875 0.890625
vt 0.6875 0.875
vt 0.25 0.6875
vt 0.25 0.625
vt 0.375 0.625
vt 0.6875 0.875
vt 0.7421875 0.890625
vt 0.7421875 0.90625
vt 0.984375 0.75
vt 0.890625 0.75
vt 0.890625 0.625
vt 0.9921875 0.8125
vt 0.9921875 0.875
vt 0.890625 0.875
vt 0.4375 0.6171875
vt 0.4375 0.7421875
vt 0.328125 0.7421875
vt 0.96875 0.8125
vt 0.96875 0.875
vt 0.859375 0.875
vt 0.953125 0.75
vt 0.859375 0.75
vt 0.859375 0.625
vt 0.859375 0.875
vt 0.859375 0.75
vt 0.953125 0.75
vt 0.953125 0.75
vt 0.96875 0.8125
vt 0.859375 0.875
vt 0.328125 0.7421875
vt 0.4375 0.7421875
vt 0.4375 0.8671875
vt 0.4375 0.8671875
vt 0.3125 0.8046875
vt 0.328125 0.7421875
vt 0.890625 0.875
vt 0.890625 0.75
vt 0.984375 0.75
vt 0.984375 0.75
vt 0.9921875 0.8125
vt 0.890625 0.875
vt 0.6875 0.6875
vt 0.6875 0.625
vt 0.765625 0.625
vt 0.625 0.9921875
vt 0.625 0.875
vt 0.6875 0.875
vt 0.7421875 0.875
vt 0.7421875 0.890625
vt 0.6875 0.875
vt 0.5625 0.875
vt 0.625 0.875
vt 0.625 0.9921875
vt 0.625 0.9921875
vt 0.625 0.875
vt 0.6875 0.875
vt 0.7421875 0.9921875
vt 0.625 0.9921875
vt 0.6875 0.875
vt 0.53125 0.625
vt 0.5625 0.625
vt 0.5625 0.6875
vt 0 0.625
vt 0.125 0.625
vt 0.125 0.6875
vt 0.125 0.9921875
vt 0.125 0.875
vt 0.1875 0.875
vt 0.3671875 0.9921875
vt 0.25 0.9921875
vt 0.25 0.90625
vt 0.7421875 0.90625
vt 0.7421875 0.9921875
vt 0.6875 0.875
vt 0.3671875 0.8671875
vt 0.25 0.8828125
vt 0.25 0.8671875
vt 0.765625 0.75
vt 0.765625 0.625
vt 0.890625 0.75
vt 0.890625 0.625
vt 0.765625 0.875
vt 0.890625 0.875
vt 0.765625 0.9921875
vt 0.890625 0.9921875
vt 0.25 0.875
vt 0.375 0.875
vt 0.25 0.9921875
vt 0.375 0.9921875
vt 0.34375 0.5625
vt 0.34375 0.7421875
vt 0.234375 0.65625
vt 0.234375 0.6796875
vt 0.5546875 0.8671875
vt 0.4375 0.8671875
vt 0.5546875 0.7421875
vt 0.4375 0.7421875
vt 0.109375 0.8671875
vt 0.109375 0.7421875
vt 0.25 0.8671875
vt 0.25 0.7421875
vt 0.3125 0.5859375
vt 0.3125 0.5
vt 0.4375 0.5859375
vt 0.4375 0.5
vt 0.5546875 0.7421875
vt 0.4375 0.7421875
vt 0.5546875 0.6171875
vt 0.4375 0.6171875
vt 0.875 0.9921875
vt 0.875 0.875
vt 0.9921875 0.9921875
vt 0.9921875 0.875
vt 0.0078125 0.5859375
vt 0.0078125 0.5
vt 0.109375 0.5859375
vt 0.109375 0.5
vt 0.5 0.59375
vt 0.5 0.5
vt 0.6796875 0.59375
vt 0.6796875 0.5
vt 0.3671875 0.7421875
vt 0.25 0.7421875
vt 0.3671875 0.6171875
vt 0.25 0.6171875
vt 0.109375 0.5859375
vt 0.109375 0.5
vt 0.25 0.5859375
vt 0.25 0.5
vt 0.25 0.7421875
vt 0.109375 0.7421875
vt 0.25 0.6171875
vt 0.109375 0.6171875
vt 0.125 0.9921875
vt 0.125 0.875
vt 0.25 0.9921875
vt 0.25 0.875
vt 0.890625 0.75
vt 0.890625 0.875
vt 0.765625 0.75
vt 0.765625 0.875
vt 0.125 0.875
vt 0.125 0.75
vt 0.25 0.875
vt 0.25 0.75
vt 0.7421875 0.5859375
vt 0.625 0.5859375
vt 0.7421875 0.5
vt 0.625 0.5
vt 0.125 0.59375
vt 0.125 0.5
vt 0.25 0.59375
vt 0.25 0.5
vt 0.125 0.75
vt 0.125 0.625
vt 0.25 0.75
vt 0.25 0.625
vt 0.25 0.9921875
vt 0.25 0.875
vt 0.375 0.9921875
vt 0.375 0.875
vt 0.6875 0.75
vt 0.765625 0.75
vt 0.6875 0.875
vt 0.765625 0.875
vt 0.25 0.875
vt 0.25 0.75
vt 0.375 0.875
vt 0.375 0.75
vt 0.25 0.59375
vt 0.25 0.5
vt 0.375 0.59375
vt 0.375 0.5
vt 0.25 0.59375
vt 0.25 0.5
vt 0.375 0.59375
vt 0.375 0.5
vt 0.25 0.75
vt 0.25 0.625
vt 0.375 0.75
vt 0.375 0.625
vt 0.453125 0.9921875
vt 0.375 0.9921875
vt 0.453125 0.875
vt 0.375 0.875
vt 0.453125 0.875
vt 0.375 0.875
vt 0.453125 0.75
vt 0.375 0.75
vt 0.375 0.59375
vt 0.375 0.5
vt 0.5 0.59375
vt 0.5 0.5
vt 0.5625 0.6875
vt 0.5625 0.625
vt 0.625 0.6875
vt 0.625 0.625
vt 0.375 0.59375
vt 0.375 0.5
vt 0.484375 0.59375
vt 0.484375 0.5
vt 0.453125 0.75
vt 0.375 0.75
vt 0.453125 0.625
vt 0.375 0.625
vt 0.5 0.875
vt 0.5 0.9921875
vt 0.375 0.875
vt 0.375 0.9921875
vt 0.484375 0.9921875
vt 0.484375 0.875
vt 0.609375 0.9921875
vt 0.609375 0.875
vt 0.5 0.75
vt 0.5 0.875
vt 0.375 0.75
vt 0.375 0.875
vt 0.484375 0.875
vt 0.484375 0.75
vt 0.609375 0.875
vt 0.609375 0.75
vt 0.5 0.59375
vt 0.5 0.5
vt 0.625 0.59375
vt 0.625 0.5
vt 0.5 0.625
vt 0.5 0.75
vt 0.375 0.625
vt 0.375 0.75
vt 0.484375 0.59375
vt 0.484375 0.5
vt 0.609375 0.59375
vt 0.609375 0.5
vt 0.484375 0.75
vt 0.484375 0.625
vt 0.609375 0.75
vt 0.609375 0.625
vt 0.609375 0.9921875
vt 0.609375 0.875
vt 0.734375 0.9921875
vt 0.734375 0.875
vt 0.375 0.75
vt 0.375 0.875
vt 0.25 0.75
vt 0.25 0.875
vt 0.609375 0.875
vt 0.609375 0.75
vt 0.734375 0.875
vt 0.734375 0.75
vt 0.625 0.59375
vt 0.625 0.5
vt 0.765625 0.59375
vt 0.765625 0.5
vt 0.609375 0.59375
vt 0.609375 0.5
vt 0.734375 0.59375
vt 0.734375 0.5
vt 0.609375 0.75
vt 0.609375 0.625
vt 0.734375 0.75
vt 0.734375 0.625
vt 0.625 0.875
vt 0.625 0.9921875
vt 0.4375 0.875
vt 0.4375 0.9921875
vt 0.1875 0.875
vt 0.25 0.875
vt 0.125 0.9921875
vt 0.25 0.9921875
vt 0.6796875 0.875
vt 0.6796875 0.9921875
vt 0.5 0.875
vt 0.5 0.9921875
vt 0.859375 0.9921875
vt 0.734375 0.9921875
vt 0.859375 0.875
vt 0.734375 0.875
vt 0.6796875 0.75
vt 0.6796875 0.875
vt 0.5 0.75
vt 0.5 0.875
vt 0.859375 0.875
vt 0.734375 0.875
vt 0.859375 0.75
vt 0.734375 0.75
vt 0.4375 0.5859375
vt 0.4375 0.5
vt 0.625 0.5859375
vt 0.625 0.5
vt 0.765625 0.59375
vt 0.765625 0.5
vt 0.890625 0.59375
vt 0.890625 0.5
vt 0.1875 0.6875
vt 0.1875 0.625
vt 0.25 0.6875
vt 0.25 0.625
vt 0.859375 0.59375
vt 0.734375 0.59375
vt 0.859375 0.5
vt 0.734375 0.5
vt 0.6796875 0.6875
vt 0.6796875 0.75
vt 0.5 0.6875
vt 0.5 0.75
vt 0.859375 0.75
vt 0.734375 0.75
vt 0.859375 0.625
vt 0.734375 0.625
vt 0.25 0.90625
vt 0.25 0.8828125
vt 0.3671875 0.9921875
vt 0.3671875 0.8671875
vt 0.375 0.9921875
vt 0.375 0.875
vt 0.4921875 0.9921875
vt 0.4921875 0.875
vt 0.890625 0.59375
vt 0.890625 0.5
vt 0.9921875 0.59375
vt 0.9921875 0.5
vt 0.9921875 0.9921875
vt 0.890625 0.9921875
vt 0.9921875 0.875
vt 0.890625 0.875
vt 0.3125 0.8671875
vt 0.4375 0.8671875
vt 0.3125 0.9921875
vt 0.4375 0.9921875
vt 0.0078125 0.6171875
vt 0.109375 0.6171875
vt 0.0078125 0.7421875
vt 0.109375 0.7421875
vt 0.0078125 0.8671875
vt 0.0078125 0.7421875
vt 0.109375 0.8671875
vt 0.109375 0.7421875
vt 0.25 0.5859375
vt 0.25 0.5
vt 0.3671875 0.5859375
vt 0.3671875 0.5
vt 0.015625 0.59375
vt 0.015625 0.5
vt 0.125 0.59375
vt 0.125 0.5
vt 0.015625 0.625
vt 0.125 0.625
vt 0.015625 0.75
vt 0.125 0.75
vt 0.015625 0.75
vt 0.125 0.75
vt 0.015625 0.875
vt 0.125 0.875
vt 0.015625 0.875
vt 0.125 0.875
vt 0.015625 0.9921875
vt 0.125 0.9921875
vt 0.5546875 0.9921875
vt 0.4375 0.9921875
vt 0.5546875 0.8671875
vt 0.4375 0.8671875
vt 0.4375 0.5859375
vt 0.4375 0.5
vt 0.5546875 0.5859375
vt 0.5546875 0.5
vt 0.8515625 0.9921875
vt 0.703125 0.9921875
vt 0.8515625 0.875
vt 0.703125 0.875
vt 0.8515625 0.875
vt 0.703125 0.875
vt 0.8515625 0.75
vt 0.703125 0.75
vt 0.8515625 0.75
vt 0.703125 0.75
vt 0.8515625 0.625
vt 0.703125 0.625
vt 0.375 0.5
vt 0.5 0.5
vt 0.375 0.59375
vt 0.5 0.59375
vt 0.375 0.6875
vt 0.5 0.6875
vt 0.375 0.75
vt 0.5 0.75
vt 0.375 0.75
vt 0.5 0.75
vt 0.375 0.875
vt 0.5 0.875
vt 0.375 0.875
vt 0.5 0.875
vt 0.375 0.9921875
vt 0.5 0.9921875
vt 0.625 0.875
vt 0.7421875 0.875
vt 0.625 0.9921875
vt 0.7421875 0.9921875
vt 0.125 0.5
vt 0.25 0.5
vt 0.125 0.59375
vt 0.25 0.59375
vt 0.125 0.9921875
vt 0 0.9921875
vt 0.125 0.875
vt 0 0.875
vt 0.125 0.875
vt 0 0.875
vt 0.125 0.75
vt 0 0.75
vt 0.125 0.6875
vt 0.125 0.75
vt 0 0.625
vt 0 0.75
vt 0.125 0.59375
vt 0 0.59375
vt 0.125 0.5
vt 0 0.5
vt 0.859375 0.5
vt 0.9765625 0.5
vt 0.859375 0.59375
vt 0.9765625 0.59375
vt 0.5625 0.5625
vt 0.6796875 0.5625
vt 0.6640625 0.6484375
vt 0.6796875 0.6484375
vt 0.46875 0.8671875
vt 0.59375 0.8671875
vt 0.46875 0.9921875
vt 0.59375 0.9921875
vt 0.25 0.9921875
vt 0.25 0.875
vt 0.4921875 0.9921875
vt 0.4921875 0.875
vt 0.8515625 0.875
vt 0.9921875 0.875
vt 0.8515625 0.9921875
vt 0.9921875 0.9921875
vt 0.234375 0.65625
vt 0.21875 0.65625
vt 0.34375 0.5625
vt 0.21875 0.5625
vt 0.21875 0.7421875
vt 0.34375 0.7421875
vt 0.21875 0.8671875
vt 0.34375 0.8671875
vt 0.6796875 0.8671875
vt 0.6796875 0.9921875
vt 0.5625 0.8671875
vt 0.5625 0.9921875
vt 0.8515625 0.75
vt 0.9921875 0.75
vt 0.8515625 0.875
vt 0.9921875 0.875
vt 0.8515625 0.625
vt 0.9921875 0.625
vt 0.8515625 0.75
vt 0.9921875 0.75
vt 0.8515625 0.5
vt 0.9921875 0.5
vt 0.8515625 0.59375
vt 0.9921875 0.59375
vt 0.703125 0.9921875
vt 0.5625 0.9921875
vt 0.703125 0.875
vt 0.5625 0.875
vt 0.703125 0.875
vt 0.5625 0.875
vt 0.703125 0.75
vt 0.5625 0.75
vt 0.703125 0.75
vt 0.5625 0.75
vt 0.703125 0.625
vt 0.5625 0.625
vt 0.703125 0.59375
vt 0.5625 0.59375
vt 0.703125 0.5
vt 0.5625 0.5
vt 0.8515625 0.59375
vt 0.703125 0.59375
vt 0.8515625 0.5
vt 0.703125 0.5
vt 0.96875 0.9921875
vt 0.859375 0.9921875
vt 0.96875 0.875
vt 0.859375 0.875
vt 0.859375 0.625
vt 0.96875 0.625
vt 0.953125 0.75
vt 0.96875 0.75
vt 0.890625 0.625
vt 0.9921875 0.625
vt 0.984375 0.75
vt 0.9921875 0.75
vt 0.328125 0.7421875
vt 0.3125 0.7421875
vt 0.4375 0.6171875
vt 0.3125 0.6171875
vt 0.6796875 0.7421875
vt 0.6796875 0.8671875
vt 0.5625 0.7421875
vt 0.5625 0.8671875
vt 0.6640625 0.6796875
vt 0.6796875 0.6796875
vt 0.5625 0.7421875
vt 0.6796875 0.7421875
vt 0.5625 0.7421875
vt 0.5625 0.5625
vt 0.6640625 0.6796875
vt 0.6640625 0.6484375
vt 0.46875 0.5625
vt 0.59375 0.5625
vt 0.46875 0.7421875
vt 0.59375 0.7421875
vt 0.46875 0.7421875
vt 0.59375 0.7421875
vt 0.46875 0.8671875
vt 0.59375 0.8671875
vt 0.34375 0.9921875
vt 0.21875 0.9921875
vt 0.34375 0.8671875
vt 0.21875 0.8671875
vt 0.34375 0.8671875
vt 0.46875 0.8671875
vt 0.34375 0.9921875
vt 0.46875 0.9921875
vt 0.34375 0.7421875
vt 0.46875 0.7421875
vt 0.34375 0.8671875
vt 0.46875 0.8671875
vt 0.34375 0.5625
vt 0.46875 0.5625
vt 0.34375 0.7421875
vt 0.46875 0.7421875
vt 0.34375 0.7421875
vt 0.21875 0.7421875
vt 0.234375 0.6796875
vt 0.21875 0.6796875
vt 0.4375 0.875
vt 0.4375 0.75
vt 0.625 0.875
vt 0.625 0.75
vt 0.4375 0.75
vt 0.4375 0.6875
vt 0.625 0.75
vt 0.625 0.6875
vt 0.7421875 0.75
vt 0.7421875 0.875
vt 0.625 0.75
vt 0.625 0.875
vt 0.5625 0.6875
vt 0.5625 0.75
vt 0.53125 0.625
vt 0.53125 0.75
vt 0.5625 0.875
vt 0.53125 0.875
vt 0.5625 0.75
vt 0.53125 0.75
vt 0.625 0.9921875
vt 0.53125 0.9921875
vt 0.5625 0.875
vt 0.53125 0.875
vt 0.6875 0.875
vt 0.765625 0.875
vt 0.625 0.9921875
vt 0.765625 0.9921875
vt 0.625 0.6875
vt 0.625 0.625
vt 0.6875 0.6875
vt 0.6875 0.625
vt 0.765625 0.625
vt 0.765625 0.75
vt 0.6875 0.6875
vt 0.6875 0.75
vt 0.125 0.6875
vt 0.125 0.625
vt 0.1875 0.6875
vt 0.1875 0.625
vt 0.375 0.625
vt 0.375 0.75
vt 0.25 0.6875
vt 0.25 0.75
vt 0.21875 0.90625
vt 0.21875 0.9921875
vt 0.109375 0.90625
vt 0.109375 0.9921875
vt 0.109375 0.9921875
vt 0 0.9921875
vt 0.109375 0.90625
vt 0 0.90625
vt 0.25 0.8671875
vt 0.25 0.7421875
vt 0.3671875 0.8671875
vt 0.3671875 0.7421875
vt 0.25 0.8671875
vt 0.25 0.8828125
vt 0.109375 0.8671875
vt 0.109375 0.8828125
vt 0.109375 0.8671875
vt 0.109375 0.8828125
vt 0.0078125 0.8671875
vt 0.0078125 0.8828125
vt 0.625 0.75
vt 0.625 0.6875
vt 0.7421875 0.75
vt 0.7421875 0.6875
vn 0 1.2246467991473532e-16 1
vn 0 1.2246467991473532e-16 1
vn 0 1.2246467991473532e-16 1
vn -0.24253562503633297 -0.9701425001453319 1.1880819075197913e-16
vn -0.24253562503633297 -0.9701425001453319 1.1880819075197913e-16
vn -0.24253562503633297 -0.9701425001453319 1.1880819075197913e-16
vn 1 0 0
vn 1 0 0
vn 1 0 0
vn 0 1.2246467991473532e-16 1
vn 0 1.2246467991473532e-16 1
vn 0 1.2246467991473532e-16 1
vn 1 0 0
vn 1 0 0
vn 1 0 0
vn 1 0 0
vn 1 0 0
vn 1 0 0
vn 0 1.2246467991473532e-16 1
vn 0 1.2246467991473532e-16 1
vn 0 1.2246467991473532e-16 1
vn -1 0 0
vn -1 0 0
vn -1 0 0
vn -1 0 0
vn -1 0 0
vn -1 0 0
vn -1 0 0
vn -1 0 0
vn -1 0 0
vn -1 0 0
vn -1 0 0
vn -1 0 0
vn 0 1.2246467991473532e-16 1
vn 0 1.2246467991473532e-16 1
vn 0 1.2246467991473532e-16 1
vn 0 1.2246467991473532e-16 1
vn 0 1.2246467991473532e-16 1
vn 0 1.2246467991473532e-16 1
vn 1 0 0
vn 1 0 0
vn 1 0 0
vn 1 0 0
vn 1 0 0
vn 1 0 0
vn 1 0 0
vn 1 0 0
vn 1 0 0
vn 1 0 0
vn 1 0 0
vn 1 0 0
vn 0.24253562503633297 1.1880819075197913e-16 0.9701425001453319
vn 0.24253562503633297 1.1880819075197913e-16 0.9701425001453319
vn 0.24253562503633297 1.1880819075197913e-16 0.9701425001453319
vn 1 0 0
vn 1 0 0
vn 1 0 0
vn 0 1.2246467991473532e-16 1
vn 0 1.2246467991473532e-16 1
vn 0 1.2246467991473532e-16 1
vn 0 1.2246467991473532e-16 1
vn 0 1.2246467991473532e-16 1
vn 0 1.2246467991473532e-16 1
vn 1 0 0
vn 1 0 0
vn 1 0 0
vn 1 0 0
vn 1 0 0
vn 1 0 0
vn 1 0 0
vn 1 0 0
vn 1 0 0
vn 0 1.2246467991473532e-16 1
vn 0 1.2246467991473532e-16 1
vn 0 1.2246467991473532e-16 1
vn 0 1.2246467991473532e-16 1
vn 0 1.2246467991473532e-16 1
vn 0 1.2246467991473532e-16 1
vn 0 1.2246467991473532e-16 1
vn 0 1.2246467991473532e-16 1
vn 0 1.2246467991473532e-16 1
vn 1 0 0
vn 1 0 0
vn 1 0 0
vn 1 0 0
vn 1 0 0
vn 1 0 0
vn 1 0 0
vn 1 0 0
vn 1 0 0
vn 1 0 0
vn 1 0 0
vn 1 0 0
vn 0 1.2246467991473532e-16 1
vn 0 1.2246467991473532e-16 1
vn 0 1.2246467991473532e-16 1
vn 0 1.2246467991473532e-16 1
vn 0 1.2246467991473532e-16 1
vn 0 1.2246467991473532e-16 1
vn 0 1.2246467991473532e-16 1
vn 0 1.2246467991473532e-16 1
vn 0 1.2246467991473532e-16 1
vn 0 1.2246467991473532e-16 1
vn 0 1.2246467991473532e-16 1
vn 0 1.2246467991473532e-16 1
vn 0 1.2246467991473532e-16 1
vn 0 1.2246467991473532e-16 1
vn 0 1.2246467991473532e-16 1
vn 0 1.2246467991473532e-16 1
vn 0 1.2246467991473532e-16 1
vn 0 1.2246467991473532e-16 1
vn 0 1.2246467991473532e-16 1
vn 0 1.2246467991473532e-16 1
vn 0 1.2246467991473532e-16 1
vn 0 1.2246467991473532e-16 1
vn 0 1.2246467991473532e-16 1
vn 0 1.2246467991473532e-16 1
vn 0 1.2246467991473532e-16 1
vn 0 1.2246467991473532e-16 1
vn 0 1.2246467991473532e-16 1
vn 0 1.2246467991473532e-16 1
vn -1 0 0
vn -1 0 0
vn -1 0 0
vn -1 0 0
vn 0 1.2246467991473532e-16 1
vn 0 1.2246467991473532e-16 1
vn 0 1.2246467991473532e-16 1
vn 0 1.2246467991473532e-16 1
vn 0 1.2246467991473532e-16 1
vn 0 1.2246467991473532e-16 1
vn 0 1.2246467991473532e-16 1
vn 0 1.2246467991473532e-16 1
vn 0 1.2246467991473532e-16 1
vn 0 1.2246467991473532e-16 1
vn 0 1.2246467991473532e-16 1
vn 0 1.2246467991473532e-16 1
vn -1 0 0
vn -1 0 0
vn -1 0 0
vn -1 0 0
vn 1 0 0
vn 1 0 0
vn 1 0 0
vn 1 0 0
vn -1 0 0
vn -1 0 0
vn -1 0 0
vn -1 0 0
vn 1 0 0
vn 1 0 0
vn 1 0 0
vn 1 0 0
vn -1 0 0
vn -1 0 0
vn -1 0 0
vn -1 0 0
vn -1 0 0
vn -1 0 0
vn -1 0 0
vn -1 0 0
vn -1 0 0
vn -1 0 0
vn -1 0 0
vn -1 0 0
vn 1 0 0
vn 1 0 0
vn 1 0 0
vn 1 0 0
vn -1 0 0
vn -1 0 0
vn -1 0 0
vn -1 0 0
vn 1 0 0
vn 1 0 0
vn 1 0 0
vn 1 0 0
vn -1 0 0
vn -1 0 0
vn -1 0 0
vn -1 0 0
vn -1 0 0
vn -1 0 0
vn -1 0 0
vn -1 0 0
vn -1 0 0
vn -1 0 0
vn -1 0 0
vn -1 0 0
vn -1 0 0
vn -1 0 0
vn -1 0 0
vn -1 0 0
vn 1 0 0
vn 1 0 0
vn 1 0 0
vn 1 0 0
vn 1 0 0
vn 1 0 0
vn 1 0 0
vn 1 0 0
vn -1 0 0
vn -1 0 0
vn -1 0 0
vn -1 0 0
vn -1 0 0
vn -1 0 0
vn -1 0 0
vn -1 0 0
vn 1 0 0
vn 1 0 0
vn 1 0 0
vn 1 0 0
vn -1 0 0
vn -1 0 0
vn -1 0 0
vn -1 0 0
vn 1 0 0
vn 1 0 0
vn 1 0 0
vn 1 0 0
vn -1 0 0
vn -1 0 0
vn -1 0 0
vn -1 0 0
vn 1 0 0
vn 1 0 0
vn 1 0 0
vn 1 0 0
vn 1 0 0
vn 1 0 0
vn 1 0 0
vn 1 0 0
vn -1 0 0
vn -1 0 0
vn -1 0 0
vn -1 0 0
vn -1 0 0
vn -1 0 0
vn -1 0 0
vn -1 0 0
vn -1 0 0
vn -1 0 0
vn -1 0 0
vn -1 0 0
vn 1 0 0
vn 1 0 0
vn 1 0 0
vn 1 0 0
vn -1 0 0
vn -1 0 0
vn -1 0 0
vn -1 0 0
vn 1 0 0
vn 1 0 0
vn 1 0 0
vn 1 0 0
vn -1 0 0
vn -1 0 0
vn -1 0 0
vn -1 0 0
vn -1 0 0
vn -1 0 0
vn -1 0 0
vn -1 0 0
vn 1 0 0
vn 1 0 0
vn 1 0 0
vn 1 0 0
vn 1 0 0
vn 1 0 0
vn 1 0 0
vn 1 0 0
vn -1 0 0
vn -1 0 0
vn -1 0 0
vn -1 0 0
vn -1 0 0
vn -1 0 0
vn -1 0 0
vn -1 0 0
vn -1 0 0
vn -1 0 0
vn -1 0 0
vn -1 0 0
vn -1 0 0
vn -1 0 0
vn -1 0 0
vn -1 0 0
vn 1 0 0
vn 1 0 0
vn 1 0 0
vn 1 0 0
vn 1 0 0
vn 1 0 0
vn 1 0 0
vn 1 0 0
vn 1 0 0
vn 1 0 0
vn 1 0 0
vn 1 0 0
vn -1 0 0
vn -1 0 0
vn -1 0 0
vn -1 0 0
vn -1 0 0
vn -1 0 0
vn -1 0 0
vn -1 0 0
vn -1 0 0
vn -1 0 0
vn -1 0 0
vn -1 0 0
vn 0 1.2246467991473532e-16 1
vn 0 1.2246467991473532e-16 1
vn 0 1.2246467991473532e-16 1
vn 0 1.2246467991473532e-16 1
vn 0 1.2246467991473532e-16 1
vn 0 1.2246467991473532e-16 1
vn 0 1.2246467991473532e-16 1
vn 0 1.2246467991473532e-16 1
vn 1 0 0
vn 1 0 0
vn 1 0 0
vn 1 0 0
vn 1 0 0
vn 1 0 0
vn 1 0 0
vn 1 0 0
vn 0 1.2246467991473532e-16 1
vn 0 1.2246467991473532e-16 1
vn 0 1.2246467991473532e-16 1
vn 0 1.2246467991473532e-16 1
vn 0 1.2246467991473532e-16 1
vn 0 1.2246467991473532e-16 1
vn 0 1.2246467991473532e-16 1
vn 0 1.2246467991473532e-16 1
vn 0 1.2246467991473532e-16 1
vn 0 1.2246467991473532e-16 1
vn 0 1.2246467991473532e-16 1
vn 0 1.2246467991473532e-16 1
vn 0 1.2246467991473532e-16 1
vn 0 1.2246467991473532e-16 1
vn 0 1.2246467991473532e-16 1
vn 0 1.2246467991473532e-16 1
vn -1 0 0
vn -1 0 0
vn -1 0 0
vn -1 0 0
vn -1 0 0
vn -1 0 0
vn -1 0 0
vn -1 0 0
vn -1 0 0
vn -1 0 0
vn -1 0 0
vn -1 0 0
vn -1 0 0
vn -1 0 0
vn -1 0 0
vn -1 0 0
vn 0 1.2246467991473532e-16 1
vn 0 1.2246467991473532e-16 1
vn 0 1.2246467991473532e-16 1
vn 0 1.2246467991473532e-16 1
vn 0 1.2246467991473532e-16 1
vn 0 1.2246467991473532e-16 1
vn 0 1.2246467991473532e-16 1
vn 0 1.2246467991473532e-16 1
vn 0 -1.2246467991473532e-16 -1
vn 0 -1.2246467991473532e-16 -1
vn 0 -1.2246467991473532e-16 -1
vn 0 -1.2246467991473532e-16 -1
vn 0 -1.2246467991473532e-16 -1
vn 0 -1.2246467991473532e-16 -1
vn 0 -1.2246467991473532e-16 -1
vn 0 -1.2246467991473532e-16 -1
vn 0 -1.2246467991473532e-16 -1
vn 0 -1.2246467991473532e-16 -1
vn 0 -1.2246467991473532e-16 -1
vn 0 -1.2246467991473532e-16 -1
vn -1 0 0
vn -1 0 0
vn -1 0 0
vn -1 0 0
vn -1 0 0
vn -1 0 0
vn -1 0 0
vn -1 0 0
vn -1 0 0
vn -1 0 0
vn -1 0 0
vn -1 0 0
vn -1 0 0
vn -1 0 0
vn -1 0 0
vn -1 0 0
vn 1 0 0
vn 1 0 0
vn 1 0 0
vn 1 0 0
vn 1 0 0
vn 1 0 0
vn 1 0 0
vn 1 0 0
vn 1 0 0
vn 1 0 0
vn 1 0 0
vn 1 0 0
vn 1 0 0
vn 1 0 0
vn 1 0 0
vn 1 0 0
vn 1 0 0
vn 1 0 0
vn 1 0 0
vn 1 0 0
vn 1 0 0
vn 1 0 0
vn 1 0 0
vn 1 0 0
vn -1 0 0
vn -1 0 0
vn -1 0 0
vn -1 0 0
vn 0 1.2246467991473532e-16 1
vn 0 1.2246467991473532e-16 1
vn 0 1.2246467991473532e-16 1
vn 0 1.2246467991473532e-16 1
vn 0 1.2246467991473532e-16 1
vn 0 1.2246467991473532e-16 1
vn 0 1.2246467991473532e-16 1
vn 0 1.2246467991473532e-16 1
vn 0 1.2246467991473532e-16 1
vn 0 1.2246467991473532e-16 1
vn 0 1.2246467991473532e-16 1
vn 0 1.2246467991473532e-16 1
vn 0 -1.2246467991473532e-16 -1
vn 0 -1.2246467991473532e-16 -1
vn 0 -1.2246467991473532e-16 -1
vn 0 -1.2246467991473532e-16 -1
vn 0 1.2246467991473532e-16 1
vn 0 1.2246467991473532e-16 1
vn 0 1.2246467991473532e-16 1
vn 0 1.2246467991473532e-16 1
vn 0 1.2246467991473532e-16 1
vn 0 1.2246467991473532e-16 1
vn 0 1.2246467991473532e-16 1
vn 0 1.2246467991473532e-16 1
vn 0 1.2246467991473532e-16 1
vn 0 1.2246467991473532e-16 1
vn 0 1.2246467991473532e-16 1
vn 0 1.2246467991473532e-16 1
vn 0 -1.2246467991473532e-16 -1
vn 0 -1.2246467991473532e-16 -1
vn 0 -1.2246467991473532e-16 -1
vn 0 -1.2246467991473532e-16 -1
vn 0 -1.2246467991473532e-16 -1
vn 0 -1.2246467991473532e-16 -1
vn 0 -1.2246467991473532e-16 -1
vn 0 -1.2246467991473532e-16 -1
vn 0 -1.2246467991473532e-16 -1
vn 0 -1.2246467991473532e-16 -1
vn 0 -1.2246467991473532e-16 -1
vn 0 -1.2246467991473532e-16 -1
vn 0 -1.2246467991473532e-16 -1
vn 0 -1.2246467991473532e-16 -1
vn 0 -1.2246467991473532e-16 -1
vn 0 -1.2246467991473532e-16 -1
vn 0 -1.2246467991473532e-16 -1
vn 0 -1.2246467991473532e-16 -1
vn 0 -1.2246467991473532e-16 -1
vn 0 -1.2246467991473532e-16 -1
vn 0 -1.2246467991473532e-16 -1
vn 0 -1.2246467991473532e-16 -1
vn 0 -1.2246467991473532e-16 -1
vn 0 -1.2246467991473532e-16 -1
vn 0 -1.2246467991473532e-16 -1
vn 0 -1.2246467991473532e-16 -1
vn 0 -1.2246467991473532e-16 -1
vn 0 -1.2246467991473532e-16 -1
vn 0 -1.2246467991473532e-16 -1
vn 0 -1.2246467991473532e-16 -1
vn 0 -1.2246467991473532e-16 -1
vn 0 -1.2246467991473532e-16 -1
vn -1 0 0
vn -1 0 0
vn -1 0 0
vn -1 0 0
vn -1 0 0
vn -1 0 0
vn -1 0 0
vn -1 0 0
vn 1 0 0
vn 1 0 0
vn 1 0 0
vn 1 0 0
vn 0 1.2246467991473532e-16 1
vn 0 1.2246467991473532e-16 1
vn 0 1.2246467991473532e-16 1
vn 0 1.2246467991473532e-16 1
vn 0 1.2246467991473532e-16 1
vn 0 1.2246467991473532e-16 1
vn 0 1.2246467991473532e-16 1
vn 0 1.2246467991473532e-16 1
vn 0 1.2246467991473532e-16 1
vn 0 1.2246467991473532e-16 1
vn 0 1.2246467991473532e-16 1
vn 0 1.2246467991473532e-16 1
vn 0 1.2246467991473532e-16 1
vn 0 1.2246467991473532e-16 1
vn 0 1.2246467991473532e-16 1
vn 0 1.2246467991473532e-16 1
vn 0 1.2246467991473532e-16 1
vn 0 1.2246467991473532e-16 1
vn 0 1.2246467991473532e-16 1
vn 0 1.2246467991473532e-16 1
vn 0 1.2246467991473532e-16 1
vn 0 1.2246467991473532e-16 1
vn 0 1.2246467991473532e-16 1
vn 0 1.2246467991473532e-16 1
vn 0 1.2246467991473532e-16 1
vn 0 1.2246467991473532e-16 1
vn 0 1.2246467991473532e-16 1
vn 0 1.2246467991473532e-16 1
vn 0 1.2246467991473532e-16 1
vn 0 1.2246467991473532e-16 1
vn 0 1.2246467991473532e-16 1
vn 0 1.2246467991473532e-16 1
vn 0 1.2246467991473532e-16 1
vn 0 1.2246467991473532e-16 1
vn 0 1.2246467991473532e-16 1
vn 0 1.2246467991473532e-16 1
vn 0 1.2246467991473532e-16 1
vn 0 1.2246467991473532e-16 1
vn 0 1.2246467991473532e-16 1
vn 0 1.2246467991473532e-16 1
vn 0 1.2246467991473532e-16 1
vn 0 1.2246467991473532e-16 1
vn 0 1.2246467991473532e-16 1
vn 0 1.2246467991473532e-16 1
vn 1 0 0
vn 1 0 0
vn 1 0 0
vn 1 0 0
vn 1 0 0
vn 1 0 0
vn 1 0 0
vn 1 0 0
vn 1 0 0
vn 1 0 0
vn 1 0 0
vn 1 0 0
vn 1 0 0
vn 1 0 0
vn 1 0 0
vn 1 0 0
vn 1 0 0
vn 1 0 0
vn 1 0 0
vn 1 0 0
vn 1 0 0
vn 1 0 0
vn 1 0 0
vn 1 0 0
vn 1 0 0
vn 1 0 0
vn 1 0 0
vn 1 0 0
vn 1 0 0
vn 1 0 0
vn 1 0 0
vn 1 0 0
vn 1 0 0
vn 1 0 0
vn 1 0 0
vn 1 0 0
vn 1 0 0
vn 1 0 0
vn 1 0 0
vn 1 0 0
vn 1 0 0
vn 1 0 0
vn 1 0 0
vn 1 0 0
vn 0 1.2246467991473532e-16 1
vn 0 1.2246467991473532e-16 1
vn 0 1.2246467991473532e-16 1
vn 0 1.2246467991473532e-16 1
vn 0 1.2246467991473532e-16 1
vn 0 1.2246467991473532e-16 1
vn 0 1.2246467991473532e-16 1
vn 0 1.2246467991473532e-16 1
vn 0 1.2246467991473532e-16 1
vn 0 1.2246467991473532e-16 1
vn 0 1.2246467991473532e-16 1
vn 0 1.2246467991473532e-16 1
vn 0 1.2246467991473532e-16 1
vn 0 1.2246467991473532e-16 1
vn 0 1.2246467991473532e-16 1
vn 0 1.2246467991473532e-16 1
vn 0 1.2246467991473532e-16 1
vn 0 1.2246467991473532e-16 1
vn 0 1.2246467991473532e-16 1
vn 0 1.2246467991473532e-16 1
vn 1 0 0
vn 1 0 0
vn 1 0 0
vn 1 0 0
f 2214/2214/2214 2213/2213/2213 2212/2212/2212
f 2217/2217/2217 2216/2216/2216 2215/2215/2215
f 2220/2220/2220 2219/2219/2219 2218/2218/2218
f 2223/2223/2223 2222/2222/2222 2221/2221/2221
f 2226/2226/2226 2225/2225/2225 2224/2224/2224
f 2229/2229/2229 2228/2228/2228 2227/2227/2227
f 2232/2232/2232 2231/2231/2231 2230/2230/2230
f 2235/2235/2235 2234/2234/2234 2233/2233/2233
f 2238/2238/2238 2237/2237/2237 2236/2236/2236
f 2241/2241/2241 2240/2240/2240 2239/2239/2239
f 2244/2244/2244 2243/2243/2243 2242/2242/2242
f 2247/2247/2247 2246/2246/2246 2245/2245/2245
f 2250/2250/2250 2249/2249/2249 2248/2248/2248
f 2253/2253/2253 2252/2252/2252 2251/2251/2251
f 2256/2256/2256 2255/2255/2255 2254/2254/2254
f 2259/2259/2259 2258/2258/2258 2257/2257/2257
f 2262/2262/2262 2261/2261/2261 2260/2260/2260
f 2265/2265/2265 2264/2264/2264 2263/2263/2263
f 2268/2268/2268 2267/2267/2267 2266/2266/2266
f 2271/2271/2271 2270/2270/2270 2269/2269/2269
f 2274/2274/2274 2273/2273/2273 2272/2272/2272
f 2277/2277/2277 2276/2276/2276 2275/2275/2275
f 2280/2280/2280 2279/2279/2279 2278/2278/2278
f 2283/2283/2283 2282/2282/2282 2281/2281/2281
f 2286/2286/2286 2285/2285/2285 2284/2284/2284
f 2289/2289/2289 2288/2288/2288 2287/2287/2287
f 2292/2292/2292 2291/2291/2291 2290/2290/2290
f 2295/2295/2295 2294/2294/2294 2293/2293/2293
f 2294/2294/2294 2295/2295/2295 2296/2296/2296
f 2299/2299/2299 2298/2298/2298 2297/2297/2297
f 2298/2298/2298 2299/2299/2299 2300/2300/2300
f 2303/2303/2303 2302/2302/2302 2301/2301/2301
f 2302/2302/2302 2303/2303/2303 2304/2304/2304
f 2307/2307/2307 2306/2306/2306 2305/2305/2305
f 2306/2306/2306 2307/2307/2307 2308/2308/2308
f 2311/2311/2311 2310/2310/2310 2309/2309/2309
f 2310/2310/2310 2311/2311/2311 2312/2312/2312
f 2315/2315/2315 2314/2314/2314 2313/2313/2313
f 2314/2314/2314 2315/2315/2315 2316/2316/2316
f 2319/2319/2319 2318/2318/2318 2317/2317/2317
f 2318/2318/2318 2319/2319/2319 2320/2320/2320
f 2323/2323/2323 2322/2322/2322 2321/2321/2321
f 2322/2322/2322 2323/2323/2323 2324/2324/2324
f 2327/2327/2327 2326/2326/2326 2325/2325/2325
f 2326/2326/2326 2327/2327/2327 2328/2328/2328
f 2331/2331/2331 2330/2330/2330 2329/2329/2329
f 2330/2330/2330 2331/2331/2331 2332/2332/2332
f 2335/2335/2335 2334/2334/2334 2333/2333/2333
f 2334/2334/2334 2335/2335/2335 2336/2336/2336
f 2339/2339/2339 2338/2338/2338 2337/2337/2337
f 2338/2338/2338 2339/2339/2339 2340/2340/2340
f 2343/2343/2343 2342/2342/2342 2341/2341/2341
f 2342/2342/2342 2343/2343/2343 2344/2344/2344
f 2347/2347/2347 2346/2346/2346 2345/2345/2345
f 2346/2346/2346 2347/2347/2347 2348/2348/2348
f 2351/2351/2351 2350/2350/2350 2349/2349/2349
f 2350/2350/2350 2351/2351/2351 2352/2352/2352
f 2355/2355/2355 2354/2354/2354 2353/2353/2353
f 2354/2354/2354 2355/2355/2355 2356/2356/2356
f 2359/2359/2359 2358/2358/2358 2357/2357/2357
f 2358/2358/2358 2359/2359/2359 2360/2360/2360
f 2363/2363/2363 2362/2362/2362 2361/2361/2361
f 2362/2362/2362 2363/2363/2363 2364/2364/2364
f 2367/2367/2367 2366/2366/2366 2365/2365/2365
f 2366/2366/2366 2367/2367/2367 2368/2368/2368
f 2371/2371/2371 2370/2370/2370 2369/2369/2369
f 2370/2370/2370 2371/2371/2371 2372/2372/2372
f 2375/2375/2375 2374/2374/2374 2373/2373/2373
f 2374/2374/2374 2375/2375/2375 2376/2376/2376
f 2379/2379/2379 2378/2378/2378 2377/2377/2377
f 2378/2378/2378 2379/2379/2379 2380/2380/2380
f 2383/2383/2383 2382/2382/2382 2381/2381/2381
f 2382/2382/2382 2383/2383/2383 2384/2384/2384
f 2387/2387/2387 2386/2386/2386 2385/2385/2385
f 2386/2386/2386 2387/2387/2387 2388/2388/2388
f 2391/2391/2391 2390/2390/2390 2389/2389/2389
f 2390/2390/2390 2391/2391/2391 2392/2392/2392
f 2395/2395/2395 2394/2394/2394 2393/2393/2393
f 2394/2394/2394 2395/2395/2395 2396/2396/2396
f 2399/2399/2399 2398/2398/2398 2397/2397/2397
f 2398/2398/2398 2399/2399/2399 2400/2400/2400
f 2403/2403/2403 2402/2402/2402 2401/2401/2401
f 2402/2402/2402 2403/2403/2403 2404/2404/2404
f 2407/2407/2407 2406/2406/2406 2405/2405/2405
f 2406/2406/2406 2407/2407/2407 2408/2408/2408
f 2411/2411/2411 2410/2410/2410 2409/2409/2409
f 2410/2410/2410 2411/2411/2411 2412/2412/2412
f 2415/2415/2415 2414/2414/2414 2413/2413/2413
f 2414/2414/2414 2415/2415/2415 2416/2416/2416
f 2419/2419/2419 2418/2418/2418 2417/2417/2417
f 2418/2418/2418 2419/2419/2419 2420/2420/2420
f 2423/2423/2423 2422/2422/2422 2421/2421/2421
f 2422/2422/2422 2423/2423/2423 2424/2424/2424
f 2427/2427/2427 2426/2426/2426 2425/2425/2425
f 2426/2426/2426 2427/2427/2427 2428/2428/2428
f 2431/2431/2431 2430/2430/2430 2429/2429/2429
f 2430/2430/2430 2431/2431/2431 2432/2432/2432
f 2435/2435/2435 2434/2434/2434 2433/2433/2433
f 2434/2434/2434 2435/2435/2435 2436/2436/2436
f 2439/2439/2439 2438/2438/2438 2437/2437/2437
f 2438/2438/2438 2439/2439/2439 2440/2440/2440
f 2443/2443/2443 2442/2442/2442 2441/2441/2441
f 2442/2442/2442 2443/2443/2443 2444/2444/2444
f 2447/2447/2447 2446/2446/2446 2445/2445/2445
f 2446/2446/2446 2447/2447/2447 2448/2448/2448
f 2451/2451/2451 2450/2450/2450 2449/2449/2449
f 2450/2450/2450 2451/2451/2451 2452/2452/2452
f 2455/2455/2455 2454/2454/2454 2453/2453/2453
f 2454/2454/2454 2455/2455/2455 2456/2456/2456
f 2459/2459/2459 2458/2458/2458 2457/2457/2457
f 2458/2458/2458 2459/2459/2459 2460/2460/2460
f 2463/2463/2463 2462/2462/2462 2461/2461/2461
f 2462/2462/2462 2463/2463/2463 2464/2464/2464
f 2467/2467/2467 2466/2466/2466 2465/2465/2465
f 2466/2466/2466 2467/2467/2467 2468/2468/2468
f 2471/2471/2471 2470/2470/2470 2469/2469/2469
f 2470/2470/2470 2471/2471/2471 2472/2472/2472
f 2475/2475/2475 2474/2474/2474 2473/2473/2473
f 2474/2474/2474 2475/2475/2475 2476/2476/2476
f 2479/2479/2479 2478/2478/2478 2477/2477/2477
f 2478/2478/2478 2479/2479/2479 2480/2480/2480
f 2483/2483/2483 2482/2482/2482 2481/2481/2481
f 2482/2482/2482 2483/2483/2483 2484/2484/2484
f 2487/2487/2487 2486/2486/2486 2485/2485/2485
f 2486/2486/2486 2487/2487/2487 2488/2488/2488
f 2491/2491/2491 2490/2490/2490 2489/2489/2489
f 2490/2490/2490 2491/2491/2491 2492/2492/2492
f 2495/2495/2495 2494/2494/2494 2493/2493/2493
f 2494/2494/2494 2495/2495/2495 2496/2496/2496
f 2499/2499/2499 2498/2498/2498 2497/2497/2497
f 2498/2498/2498 2499/2499/2499 2500/2500/2500
f 2503/2503/2503 2502/2502/2502 2501/2501/2501
f 2502/2502/2502 2503/2503/2503 2504/2504/2504
f 2507/2507/2507 2506/2506/2506 2505/2505/2505
f 2506/2506/2506 2507/2507/2507 2508/2508/2508
f 2511/2511/2511 2510/2510/2510 2509/2509/2509
f 2510/2510/2510 2511/2511/2511 2512/2512/2512
f 2515/2515/2515 2514/2514/2514 2513/2513/2513
f 2514/2514/2514 2515/2515/2515 2516/2516/2516
f 2519/2519/2519 2518/2518/2518 2517/2517/2517
f 2518/2518/2518 2519/2519/2519 2520/2520/2520
f 2523/2523/2523 2522/2522/2522 2521/2521/2521
f 2522/2522/2522 2523/2523/2523 2524/2524/2524
f 2527/2527/2527 2526/2526/2526 2525/2525/2525
f 2526/2526/2526 2527/2527/2527 2528/2528/2528
f 2531/2531/2531 2530/2530/2530 2529/2529/2529
f 2530/2530/2530 2531/2531/2531 2532/2532/2532
f 2535/2535/2535 2534/2534/2534 2533/2533/2533
f 2534/2534/2534 2535/2535/2535 2536/2536/2536
f 2539/2539/2539 2538/2538/2538 2537/2537/2537
f 2538/2538/2538 2539/2539/2539 2540/2540/2540
f 2543/2543/2543 2542/2542/2542 2541/2541/2541
f 2542/2542/2542 2543/2543/2543 2544/2544/2544
f 2547/2547/2547 2546/2546/2546 2545/2545/2545
f 2546/2546/2546 2547/2547/2547 2548/2548/2548
f 2551/2551/2551 2550/2550/2550 2549/2549/2549
f 2550/2550/2550 2551/2551/2551 2552/2552/2552
f 2555/2555/2555 2554/2554/2554 2553/2553/2553
f 2554/2554/2554 2555/2555/2555 2556/2556/2556
f 2559/2559/2559 2558/2558/2558 2557/2557/2557
f 2558/2558/2558 2559/2559/2559 2560/2560/2560
f 2563/2563/2563 2562/2562/2562 2561/2561/2561
f 2562/2562/2562 2563/2563/2563 2564/2564/2564
f 2567/2567/2567 2566/2566/2566 2565/2565/2565
f 2566/2566/2566 2567/2567/2567 2568/2568/2568
f 2571/2571/2571 2570/2570/2570 2569/2569/2569
f 2570/2570/2570 2571/2571/2571 2572/2572/2572
f 2575/2575/2575 2574/2574/2574 2573/2573/2573
f 2574/2574/2574 2575/2575/2575 2576/2576/2576
f 2579/2579/2579 2578/2578/2578 2577/2577/2577
f 2578/2578/2578 2579/2579/2579 2580/2580/2580
f 2583/2583/2583 2582/2582/2582 2581/2581/2581
f 2582/2582/2582 2583/2583/2583 2584/2584/2584
f 2587/2587/2587 2586/2586/2586 2585/2585/2585
f 2586/2586/2586 2587/2587/2587 2588/2588/2588
f 2591/2591/2591 2590/2590/2590 2589/2589/2589
f 2590/2590/2590 2591/2591/2591 2592/2592/2592
f 2595/2595/2595 2594/2594/2594 2593/2593/2593
f 2594/2594/2594 2595/2595/2595 2596/2596/2596
f 2599/2599/2599 2598/2598/2598 2597/2597/2597
f 2598/2598/2598 2599/2599/2599 2600/2600/2600
f 2603/2603/2603 2602/2602/2602 2601/2601/2601
f 2602/2602/2602 2603/2603/2603 2604/2604/2604
f 2607/2607/2607 2606/2606/2606 2605/2605/2605
f 2606/2606/2606 2607/2607/2607 2608/2608/2608
f 2611/2611/2611 2610/2610/2610 2609/2609/2609
f 2610/2610/2610 2611/2611/2611 2612/2612/2612
f 2615/2615/2615 2614/2614/2614 2613/2613/2613
f 2614/2614/2614 2615/2615/2615 2616/2616/2616
f 2619/2619/2619 2618/2618/2618 2617/2617/2617
f 2618/2618/2618 2619/2619/2619 2620/2620/2620
f 2623/2623/2623 2622/2622/2622 2621/2621/2621
f 2622/2622/2622 2623/2623/2623 2624/2624/2624
f 2627/2627/2627 2626/2626/2626 2625/2625/2625
f 2626/2626/2626 2627/2627/2627 2628/2628/2628
f 2631/2631/2631 2630/2630/2630 2629/2629/2629
f 2630/2630/2630 2631/2631/2631 2632/2632/2632
f 2635/2635/2635 2634/2634/2634 2633/2633/2633
f 2634/2634/2634 2635/2635/2635 2636/2636/2636
f 2639/2639/2639 2638/2638/2638 2637/2637/2637
f 2638/2638/2638 2639/2639/2639 2640/2640/2640
f 2643/2643/2643 2642/2642/2642 2641/2641/2641
f 2642/2642/2642 2643/2643/2643 2644/2644/2644
f 2647/2647/2647 2646/2646/2646 2645/2645/2645
f 2646/2646/2646 2647/2647/2647 2648/2648/2648
f 2651/2651/2651 2650/2650/2650 2649/2649/2649
f 2650/2650/2650 2651/2651/2651 2652/2652/2652
f 2655/2655/2655 2654/2654/2654 2653/2653/2653
f 2654/2654/2654 2655/2655/2655 2656/2656/2656
f 2659/2659/2659 2658/2658/2658 2657/2657/2657
f 2658/2658/2658 2659/2659/2659 2660/2660/2660
f 2663/2663/2663 2662/2662/2662 2661/2661/2661
f 2662/2662/2662 2663/2663/2663 2664/2664/2664
f 2667/2667/2667 2666/2666/2666 2665/2665/2665
f 2666/2666/2666 2667/2667/2667 2668/2668/2668
f 2671/2671/2671 2670/2670/2670 2669/2669/2669
f 2670/2670/2670 2671/2671/2671 2672/2672/2672
f 2675/2675/2675 2674/2674/2674 2673/2673/2673
f 2674/2674/2674 2675/2675/2675 2676/2676/2676
f 2679/2679/2679 2678/2678/2678 2677/2677/2677
f 2678/2678/2678 2679/2679/2679 2680/2680/2680
f 2683/2683/2683 2682/2682/2682 2681/2681/2681
f 2682/2682/2682 2683/2683/2683 2684/2684/2684
f 2687/2687/2687 2686/2686/2686 2685/2685/2685
f 2686/2686/2686 2687/2687/2687 2688/2688/2688
f 2691/2691/2691 2690/2690/2690 2689/2689/2689
f 2690/2690/2690 2691/2691/2691 2692/2692/2692
f 2695/2695/2695 2694/2694/2694 2693/2693/2693
f 2694/2694/2694 2695/2695/2695 2696/2696/2696
f 2699/2699/2699 2698/2698/2698 2697/2697/2697
f 2698/2698/2698 2699/2699/2699 2700/2700/2700
f 2703/2703/2703 2702/2702/2702 2701/2701/2701
f 2702/2702/2702 2703/2703/2703 2704/2704/2704
f 2707/2707/2707 2706/2706/2706 2705/2705/2705
f 2706/2706/2706 2707/2707/2707 2708/2708/2708
f 2711/2711/2711 2710/2710/2710 2709/2709/2709
f 2710/2710/2710 2711/2711/2711 2712/2712/2712
f 2715/2715/2715 2714/2714/2714 2713/2713/2713
f 2714/2714/2714 2715/2715/2715 2716/2716/2716
f 2719/2719/2719 2718/2718/2718 2717/2717/2717
f 2718/2718/2718 2719/2719/2719 2720/2720/2720
f 2723/2723/2723 2722/2722/2722 2721/2721/2721
f 2722/2722/2722 2723/2723/2723 2724/2724/2724
f 2727/2727/2727 2726/2726/2726 2725/2725/2725
f 2726/2726/2726 2727/2727/2727 2728/2728/2728
f 2731/2731/2731 2730/2730/2730 2729/2729/2729
f 2730/2730/2730 2731/2731/2731 2732/2732/2732
f 2735/2735/2735 2734/2734/2734 2733/2733/2733
f 2734/2734/2734 2735/2735/2735 2736/2736/2736
f 2739/2739/2739 2738/2738/2738 2737/2737/2737
f 2738/2738/2738 2739/2739/2739 2740/2740/2740
f 2743/2743/2743 2742/2742/2742 2741/2741/2741
f 2742/2742/2742 2743/2743/2743 2744/2744/2744
f 2747/2747/2747 2746/2746/2746 2745/2745/2745
f 2746/2746/2746 2747/2747/2747 2748/2748/2748
f 2751/2751/2751 2750/2750/2750 2749/2749/2749
f 2750/2750/2750 2751/2751/2751 2752/2752/2752
f 2755/2755/2755 2754/2754/2754 2753/2753/2753
f 2754/2754/2754 2755/2755/2755 2756/2756/2756
f 2759/2759/2759 2758/2758/2758 2757/2757/2757
f 2758/2758/2758 2759/2759/2759 2760/2760/2760
f 2763/2763/2763 2762/2762/2762 2761/2761/2761
f 2762/2762/2762 2763/2763/2763 2764/2764/2764
f 2767/2767/2767 2766/2766/2766 2765/2765/2765
f 2766/2766/2766 2767/2767/2767 2768/2768/2768
f 2771/2771/2771 2770/2770/2770 2769/2769/2769
f 2770/2770/2770 2771/2771/2771 2772/2772/2772
f 2775/2775/2775 2774/2774/2774 2773/2773/2773
f 2774/2774/2774 2775/2775/2775 2776/2776/2776
f 2779/2779/2779 2778/2778/2778 2777/2777/2777
f 2778/2778/2778 2779/2779/2779 2780/2780/2780
f 2783/2783/2783 2782/2782/2782 2781/2781/2781
f 2782/2782/2782 2783/2783/2783 2784/2784/2784
f 2787/2787/2787 2786/2786/2786 2785/2785/2785
f 2786/2786/2786 2787/2787/2787 2788/2788/2788
f 2791/2791/2791 2790/2790/2790 2789/2789/2789
f 2790/2790/2790 2791/2791/2791 2792/2792/2792
f 2795/2795/2795 2794/2794/2794 2793/2793/2793
f 2794/2794/2794 2795/2795/2795 2796/2796/2796
f 2799/2799/2799 2798/2798/2798 2797/2797/2797
f 2798/2798/2798 2799/2799/2799 2800/2800/2800
f 2803/2803/2803 2802/2802/2802 2801/2801/2801
f 2802/2802/2802 2803/2803/2803 2804/2804/2804
f 2807/2807/2807 2806/2806/2806 2805/2805/2805
f 2806/2806/2806 2807/2807/2807 2808/2808/2808
f 2811/2811/2811 2810/2810/2810 2809/2809/2809
f 2810/2810/2810 2811/2811/2811 2812/2812/2812
f 2815/2815/2815 2814/2814/2814 2813/2813/2813
f 2814/2814/2814 2815/2815/2815 2816/2816/2816
f 2819/2819/2819 2818/2818/2818 2817/2817/2817
f 2818/2818/2818 2819/2819/2819 2820/2820/2820
o mesh_9
usemtl mat9
v 51.2 51.19999999999999 -102.4
v 38.400000000000006 51.19999999999999 -102.4
v 38.400000000000006 51.19999999999999 -92.80000000000001
v 25.6 51.19999999999999 -128
v 38.400000000000006 51.19999999999999 -128
v 38.400000000000006 51.19999999999999 -139.20000000000002
v 38.400000000000006 51.19999999999999 -139.20000000000002
v 25.6 51.19999999999999 -139.20000000000002
v 25.6 51.19999999999999 -128
v 51.2 51.19999999999999 -115.2
v 38.400000000000006 51.19999999999999 -115.2
v 38.400000000000006 51.19999999999999 -105.60000000000001
v 38.400000000000006 51.199999999999996 -80
v 38.400000000000006 51.199999999999996 -76.80000000000001
v 51.2 51.199999999999996 -76.80000000000001
v 35.2 51.199999999999996 -76.80000000000001
v 25.6 51.199999999999996 -76.80000000000001
v 25.6 51.199999999999996 -64
v 25.6 51.199999999999996 -76.80000000000001
v 35.2 51.199999999999996 -76.80000000000001
v 35.2 51.199999999999996 -80
v 35.2 51.19999999999999 -102.4
v 25.6 51.19999999999999 -102.4
v 35.2 51.19999999999999 -92.80000000000001
v 35.2 51.199999999999996 -80
v 35.2 51.19999999999999 -89.60000000000001
v 25.6 51.199999999999996 -76.80000000000001
v 25.6 51.19999999999999 -89.60000000000001
v 1.6 51.19999999999999 -139.20000000000002
v 0 51.19999999999999 -139.20000000000002
v 12.8 51.19999999999999 -128
v 0 51.19999999999999 -128
v 12.8 51.19999999999999 -140.8
v 1.6 51.19999999999999 -140.8
v 12.8 51.19999999999999 -128
v 1.6 51.19999999999999 -139.20000000000002
v 22.400000000000002 51.19999999999999 -139.20000000000002
v 22.400000000000002 51.19999999999999 -140.8
v 12.8 51.19999999999999 -128
v 12.8 51.19999999999999 -140.8
v 75.2 51.19999999999999 -139.20000000000002
v 75.2 51.19999999999999 -140.8
v 64 51.19999999999999 -128
v 64 51.19999999999999 -140.8
v 64 51.19999999999999 -140.8
v 51.2 51.19999999999999 -140.8
v 64 51.19999999999999 -128
v 51.2 51.19999999999999 -128
v 12.8 51.19999999999999 -128
v 0 51.19999999999999 -128
v 12.8 51.19999999999999 -115.2
v 0 51.19999999999999 -115.2
v 25.6 51.19999999999999 -128
v 12.8 51.19999999999999 -128
v 25.6 51.19999999999999 -115.2
v 12.8 51.19999999999999 -115.2
v 38.400000000000006 51.19999999999999 -128
v 25.6 51.19999999999999 -128
v 38.400000000000006 51.19999999999999 -115.2
v 25.6 51.19999999999999 -115.2
v 51.2 51.19999999999999 -128
v 38.400000000000006 51.19999999999999 -128
v 51.2 51.19999999999999 -115.2
v 38.400000000000006 51.19999999999999 -115.2
v 76.80000000000001 51.19999999999999 -128
v 64 51.19999999999999 -128
v 76.80000000000001 51.19999999999999 -115.2
v 64 51.19999999999999 -115.2
v 64 51.19999999999999 -128
v 51.2 51.19999999999999 -128
v 64 51.19999999999999 -115.2
v 51.2 51.19999999999999 -115.2
v 12.8 51.19999999999999 -115.2
v 0 51.19999999999999 -115.2
v 12.8 51.19999999999999 -102.4
v 0 51.19999999999999 -102.4
v 25.6 51.19999999999999 -115.2
v 12.8 51.19999999999999 -115.2
v 25.6 51.19999999999999 -102.4
v 12.8 51.19999999999999 -102.4
v 76.80000000000001 51.19999999999999 -115.2
v 64 51.19999999999999 -115.2
v 76.80000000000001 51.19999999999999 -102.4
v 64 51.19999999999999 -102.4
v 64 51.19999999999999 -115.2
v 51.2 51.19999999999999 -115.2
v 64 51.19999999999999 -102.4
v 51.2 51.19999999999999 -102.4
v 51.2 51.199999999999996 -76.80000000000001
v 51.2 51.19999999999999 -89.60000000000001
v 38.400000000000006 51.199999999999996 -80
v 38.400000000000006 51.19999999999999 -89.60000000000001
v 12.8 51.19999999999999 -102.4
v 0 51.19999999999999 -102.4
v 12.8 51.19999999999999 -89.60000000000001
v 0 51.19999999999999 -89.60000000000001
v 25.6 51.19999999999999 -102.4
v 12.8 51.19999999999999 -102.4
v 25.6 51.19999999999999 -89.60000000000001
v 12.8 51.19999999999999 -89.60000000000001
v 76.80000000000001 51.19999999999999 -102.4
v 64 51.19999999999999 -102.4
v 76.80000000000001 51.19999999999999 -89.60000000000001
v 64 51.19999999999999 -89.60000000000001
v 64 51.19999999999999 -102.4
v 51.2 51.19999999999999 -102.4
v 64 51.19999999999999 -89.60000000000001
v 51.2 51.19999999999999 -89.60000000000001
v 12.8 51.19999999999999 -89.60000000000001
v 0 51.19999999999999 -89.60000000000001
v 12.8 51.199999999999996 -76.80000000000001
v 0 51.199999999999996 -76.80000000000001
v 25.6 51.19999999999999 -89.60000000000001
v 12.8 51.19999999999999 -89.60000000000001
v 25.6 51.199999999999996 -76.80000000000001
v 12.8 51.199999999999996 -76.80000000000001
v 76.80000000000001 51.19999999999999 -89.60000000000001
v 64 51.19999999999999 -89.60000000000001
v 76.80000000000001 51.199999999999996 -76.80000000000001
v 64 51.199999999999996 -76.80000000000001
v 64 51.19999999999999 -89.60000000000001
v 51.2 51.19999999999999 -89.60000000000001
v 64 51.199999999999996 -76.80000000000001
v 51.2 51.199999999999996 -76.80000000000001
v 12.8 51.199999999999996 -76.80000000000001
v 0 51.199999999999996 -76.80000000000001
v 12.8 51.199999999999996 -64
v 0 51.199999999999996 -64
v 25.6 51.199999999999996 -76.80000000000001
v 12.8 51.199999999999996 -76.80000000000001
v 25.6 51.199999999999996 -64
v 12.8 51.199999999999996 -64
v 51.2 51.199999999999996 -76.80000000000001
v 38.400000000000006 51.199999999999996 -76.80000000000001
v 51.2 51.199999999999996 -64
v 38.400000000000006 51.199999999999996 -64
v 76.80000000000001 51.199999999999996 -76.80000000000001
v 64 51.199999999999996 -76.80000000000001
v 76.80000000000001 51.199999999999996 -64
v 64 51.199999999999996 -64
v 64 51.199999999999996 -76.80000000000001
v 51.2 51.199999999999996 -76.80000000000001
v 64 51.199999999999996 -64
v 51.2 51.199999999999996 -64
v 12.8 44.800000000000004 -5.486417660180143e-15
v 25.6 44.800000000000004 -5.486417660180143e-15
v 12.8 44.800000000000004 -19.20000000000001
v 25.6 44.800000000000004 -19.20000000000001
v 12.8 51.199999999999996 -51.20000000000001
v 12.8 51.199999999999996 -64
v 0 51.199999999999996 -51.20000000000001
v 0 51.199999999999996 -64
v 25.6 44.800000000000004 -5.486417660180143e-15
v 38.400000000000006 44.800000000000004 -5.486417660180143e-15
v 25.6 44.800000000000004 -19.20000000000001
v 38.400000000000006 44.800000000000004 -19.20000000000001
v 25.6 51.199999999999996 -51.20000000000001
v 25.6 51.199999999999996 -64
v 12.8 51.199999999999996 -51.20000000000001
v 12.8 51.199999999999996 -64
v 38.400000000000006 44.800000000000004 -19.20000000000001
v 38.400000000000006 44.800000000000004 -5.486417660180143e-15
v 51.2 44.800000000000004 -19.20000000000001
v 51.2 44.800000000000004 -5.486417660180143e-15
v 38.400000000000006 51.199999999999996 -51.20000000000001
v 38.400000000000006 51.199999999999996 -64
v 25.6 51.199999999999996 -51.20000000000001
v 25.6 51.199999999999996 -64
v 51.2 51.199999999999996 -51.20000000000001
v 51.2 51.199999999999996 -64
v 38.400000000000006 51.199999999999996 -51.20000000000001
v 38.400000000000006 51.199999999999996 -64
v 64 44.800000000000004 -5.486417660180143e-15
v 76.80000000000001 44.800000000000004 -5.486417660180143e-15
v 64 44.800000000000004 -19.20000000000001
v 76.80000000000001 44.800000000000004 -19.20000000000001
v 76.80000000000001 51.199999999999996 -51.20000000000001
v 76.80000000000001 51.199999999999996 -64
v 64 51.199999999999996 -51.20000000000001
v 64 51.199999999999996 -64
v 51.2 44.800000000000004 -5.486417660180143e-15
v 64 44.800000000000004 -5.486417660180143e-15
v 51.2 44.800000000000004 -19.20000000000001
v 64 44.800000000000004 -19.20000000000001
v 64 51.199999999999996 -51.20000000000001
v 64 51.199999999999996 -64
v 51.2 51.199999999999996 -51.20000000000001
v 51.2 51.199999999999996 -64
v 38.400000000000006 51.19999999999999 -128
v 51.2 51.19999999999999 -128
v 38.400000000000006 51.19999999999999 -139.20000000000002
v 41.6 51.19999999999999 -139.20000000000002
v 41.6 51.19999999999999 -139.20000000000002
v 51.2 51.19999999999999 -128
v 41.6 51.19999999999999 -140.8
v 51.2 51.19999999999999 -140.8
v 64 51.19999999999999 -128
v 76.80000000000001 51.19999999999999 -128
v 75.2 51.19999999999999 -139.20000000000002
v 76.80000000000001 51.19999999999999 -139.20000000000002
v 38.400000000000006 51.19999999999999 -140.8
v 25.6 51.19999999999999 -140.8
v 38.400000000000006 51.19999999999999 -139.20000000000002
v 25.6 51.19999999999999 -139.20000000000002
v 25.6 51.19999999999999 -139.20000000000002
v 22.400000000000002 51.19999999999999 -139.20000000000002
v 25.6 51.19999999999999 -128
v 12.8 51.19999999999999 -128
v 38.400000000000006 51.199999999999996 -51.20000000000001
v 38.400000000000006 51.199999999999996 -38.40000000000001
v 48 51.199999999999996 -40.00000000000001
v 48 51.199999999999996 -38.40000000000001
v 12.8 44.8 -32.00000000000001
v 12.8 44.800000000000004 -19.20000000000001
v 25.6 44.8 -32.00000000000001
v 25.6 44.800000000000004 -19.20000000000001
v 25.6 44.8 -32.00000000000001
v 25.6 44.800000000000004 -19.20000000000001
v 38.400000000000006 44.8 -32.00000000000001
v 38.400000000000006 44.800000000000004 -19.20000000000001
v 38.400000000000006 44.8 -32.00000000000001
v 38.400000000000006 44.800000000000004 -19.20000000000001
v 51.2 44.8 -32.00000000000001
v 51.2 44.800000000000004 -19.20000000000001
v 51.2 44.8 -32.00000000000001
v 51.2 44.800000000000004 -19.20000000000001
v 64 44.8 -32.00000000000001
v 64 44.800000000000004 -19.20000000000001
v 64 44.8 -32.00000000000001
v 64 44.800000000000004 -19.20000000000001
v 76.80000000000001 44.8 -32.00000000000001
v 76.80000000000001 44.800000000000004 -19.20000000000001
v 0 51.199999999999996 -51.20000000000001
v 0 51.199999999999996 -38.40000000000001
v 12.8 51.199999999999996 -51.20000000000001
v 12.8 51.199999999999996 -38.40000000000001
v 12.8 51.199999999999996 -51.20000000000001
v 12.8 51.199999999999996 -38.40000000000001
v 25.6 51.199999999999996 -51.20000000000001
v 25.6 51.199999999999996 -38.40000000000001
v 25.6 51.199999999999996 -51.20000000000001
v 25.6 51.199999999999996 -38.40000000000001
v 38.400000000000006 51.199999999999996 -51.20000000000001
v 38.400000000000006 51.199999999999996 -38.40000000000001
v 51.2 51.199999999999996 -40.00000000000001
v 51.2 51.199999999999996 -51.20000000000001
v 48 51.199999999999996 -40.00000000000001
v 38.400000000000006 51.199999999999996 -51.20000000000001
v 51.2 51.199999999999996 -40.00000000000001
v 51.2 51.199999999999996 -38.40000000000001
v 64 51.199999999999996 -40.00000000000001
v 64 51.199999999999996 -38.40000000000001
v 76.80000000000001 51.199999999999996 -51.20000000000001
v 64 51.199999999999996 -51.20000000000001
v 67.2 51.199999999999996 -40.00000000000001
v 64 51.199999999999996 -40.00000000000001
v 67.2 51.199999999999996 -40.00000000000001
v 67.2 51.199999999999996 -38.40000000000001
v 76.80000000000001 51.199999999999996 -51.20000000000001
v 76.80000000000001 51.199999999999996 -38.40000000000001
v 25.6 51.19999999999999 -102.4
v 25.6 51.19999999999999 -89.60000000000001
v 35.2 51.19999999999999 -92.80000000000001
v 35.2 51.19999999999999 -89.60000000000001
v 38.400000000000006 51.19999999999999 -92.80000000000001
v 38.400000000000006 51.19999999999999 -89.60000000000001
v 51.2 51.19999999999999 -102.4
v 51.2 51.19999999999999 -89.60000000000001
v 38.400000000000006 51.199999999999996 -80
v 38.400000000000006 51.19999999999999 -89.60000000000001
v 35.2 51.199999999999996 -80
v 35.2 51.19999999999999 -89.60000000000001
v 64 51.199999999999996 -40.00000000000001
v 64 51.199999999999996 -51.20000000000001
v 51.2 51.199999999999996 -40.00000000000001
v 51.2 51.199999999999996 -51.20000000000001
v 25.6 51.19999999999999 -115.2
v 25.6 51.19999999999999 -102.4
v 35.2 51.19999999999999 -105.60000000000001
v 35.2 51.19999999999999 -102.4
v 25.6 51.199999999999996 -64
v 38.400000000000006 51.199999999999996 -64
v 35.2 51.199999999999996 -76.80000000000001
v 38.400000000000006 51.199999999999996 -76.80000000000001
v 35.2 51.19999999999999 -105.60000000000001
v 38.400000000000006 51.19999999999999 -105.60000000000001
v 25.6 51.19999999999999 -115.2
v 38.400000000000006 51.19999999999999 -115.2
v 38.400000000000006 51.19999999999999 -105.60000000000001
v 38.400000000000006 51.19999999999999 -102.4
v 51.2 51.19999999999999 -115.2
v 51.2 51.19999999999999 -102.4
v 35.2 51.19999999999999 -105.60000000000001
v 35.2 38.39999999999999 -92.80000000000001
v 38.400000000000006 51.19999999999999 -105.60000000000001
v 38.400000000000006 38.39999999999999 -92.80000000000001
vt 0.625 0.125
vt 0.7421875 0.125
vt 0.7421875 0.21875
vt 0.625 0.125
vt 0.5 0.125
vt 0.5 0.015625
vt 0.5 0.015625
vt 0.625 0.015625
vt 0.625 0.125
vt 0.625 0
vt 0.7421875 0
vt 0.7421875 0.09375
vt 0.7421875 0.09375
vt 0.7421875 0.125
vt 0.625 0.125
vt 0.53125 0.125
vt 0.625 0.125
vt 0.625 0.2421875
vt 0.625 0.125
vt 0.53125 0.125
vt 0.53125 0.09375
vt 0.53125 0.125
vt 0.625 0.125
vt 0.53125 0.21875
vt 0.53125 0.09375
vt 0.53125 0
vt 0.625 0.125
vt 0.625 0
vt 0.609375 0.015625
vt 0.6171875 0.015625
vt 0.5 0.125
vt 0.6171875 0.125
vt 0.5 0
vt 0.609375 0
vt 0.5 0.125
vt 0.609375 0.015625
vt 0.65625 0.015625
vt 0.65625 0
vt 0.7421875 0.125
vt 0.7421875 0
vt 0.640625 0.015625
vt 0.640625 0
vt 0.7421875 0.125
vt 0.7421875 0
vt 0.5 0
vt 0.625 0
vt 0.5 0.125
vt 0.625 0.125
vt 0.5 0.125
vt 0.6171875 0.125
vt 0.5 0.2421875
vt 0.6171875 0.2421875
vt 0.625 0.125
vt 0.7421875 0.125
vt 0.625 0.2421875
vt 0.7421875 0.2421875
vt 0.5 0.125
vt 0.625 0.125
vt 0.5 0.2421875
vt 0.625 0.2421875
vt 0.625 0.125
vt 0.7421875 0.125
vt 0.625 0.2421875
vt 0.7421875 0.2421875
vt 0.625 0.125
vt 0.7421875 0.125
vt 0.625 0.2421875
vt 0.7421875 0.2421875
vt 0.5 0.125
vt 0.625 0.125
vt 0.5 0.2421875
vt 0.625 0.2421875
vt 0.5 0
vt 0.6171875 0
vt 0.5 0.125
vt 0.6171875 0.125
vt 0.625 0
vt 0.7421875 0
vt 0.625 0.125
vt 0.7421875 0.125
vt 0.625 0
vt 0.7421875 0
vt 0.625 0.125
vt 0.7421875 0.125
vt 0.5 0
vt 0.625 0
vt 0.5 0.125
vt 0.625 0.125
vt 0.625 0.125
vt 0.625 0
vt 0.7421875 0.09375
vt 0.7421875 0
vt 0.5 0.125
vt 0.6171875 0.125
vt 0.5 0.2421875
vt 0.6171875 0.2421875
vt 0.625 0.125
vt 0.7421875 0.125
vt 0.625 0.2421875
vt 0.7421875 0.2421875
vt 0.625 0.125
vt 0.7421875 0.125
vt 0.625 0.2421875
vt 0.7421875 0.2421875
vt 0.5 0.125
vt 0.625 0.125
vt 0.5 0.2421875
vt 0.625 0.2421875
vt 0.5 0
vt 0.6171875 0
vt 0.5 0.125
vt 0.6171875 0.125
vt 0.625 0
vt 0.7421875 0
vt 0.625 0.125
vt 0.7421875 0.125
vt 0.625 0
vt 0.7421875 0
vt 0.625 0.125
vt 0.7421875 0.125
vt 0.5 0
vt 0.625 0
vt 0.5 0.125
vt 0.625 0.125
vt 0.5 0.125
vt 0.6171875 0.125
vt 0.5 0.2421875
vt 0.6171875 0.2421875
vt 0.625 0.125
vt 0.7421875 0.125
vt 0.625 0.2421875
vt 0.7421875 0.2421875
vt 0.625 0.125
vt 0.7421875 0.125
vt 0.625 0.2421875
vt 0.7421875 0.2421875
vt 0.625 0.125
vt 0.7421875 0.125
vt 0.625 0.2421875
vt 0.7421875 0.2421875
vt 0.5 0.125
vt 0.625 0.125
vt 0.5 0.2421875
vt 0.625 0.2421875
vt 0.7421875 0.1796875
vt 0.5 0.1796875
vt 0.7421875 0
vt 0.5 0
vt 0.5 0.125
vt 0.5 0
vt 0.6171875 0.125
vt 0.6171875 0
vt 0.7421875 0.1796875
vt 0.625 0.1796875
vt 0.7421875 0
vt 0.625 0
vt 0.625 0.125
vt 0.625 0
vt 0.7421875 0.125
vt 0.7421875 0
vt 0.625 0
vt 0.625 0.1796875
vt 0.5 0
vt 0.5 0.1796875
vt 0.5 0.125
vt 0.5 0
vt 0.625 0.125
vt 0.625 0
vt 0.625 0.125
vt 0.625 0
vt 0.7421875 0.125
vt 0.7421875 0
vt 0.625 0.1796875
vt 0.5 0.1796875
vt 0.625 0
vt 0.5 0
vt 0.625 0.125
vt 0.625 0
vt 0.7421875 0.125
vt 0.7421875 0
vt 0.7421875 0.1796875
vt 0.625 0.1796875
vt 0.7421875 0
vt 0.625 0
vt 0.5 0.125
vt 0.5 0
vt 0.625 0.125
vt 0.625 0
vt 0.7421875 0.125
vt 0.625 0.125
vt 0.7421875 0.015625
vt 0.71875 0.015625
vt 0.71875 0.015625
vt 0.625 0.125
vt 0.71875 0
vt 0.625 0
vt 0.7421875 0.125
vt 0.625 0.125
vt 0.640625 0.015625
vt 0.625 0.015625
vt 0.5 0
vt 0.625 0
vt 0.5 0.015625
vt 0.625 0.015625
vt 0.625 0.015625
vt 0.65625 0.015625
vt 0.625 0.125
vt 0.7421875 0.125
vt 0.7421875 0.125
vt 0.7421875 0.2421875
vt 0.65625 0.234375
vt 0.65625 0.2421875
vt 0.7421875 0.125
vt 0.7421875 0.2421875
vt 0.5 0.125
vt 0.5 0.2421875
vt 0.7421875 0.125
vt 0.7421875 0.2421875
vt 0.625 0.125
vt 0.625 0.2421875
vt 0.625 0.125
vt 0.625 0.2421875
vt 0.5 0.125
vt 0.5 0.2421875
vt 0.7421875 0.125
vt 0.7421875 0.2421875
vt 0.625 0.125
vt 0.625 0.2421875
vt 0.625 0.125
vt 0.625 0.2421875
vt 0.5 0.125
vt 0.5 0.2421875
vt 0.6171875 0.125
vt 0.6171875 0.2421875
vt 0.5 0.125
vt 0.5 0.2421875
vt 0.7421875 0.125
vt 0.7421875 0.2421875
vt 0.625 0.125
vt 0.625 0.2421875
vt 0.625 0.125
vt 0.625 0.2421875
vt 0.5 0.125
vt 0.5 0.2421875
vt 0.625 0.234375
vt 0.625 0.125
vt 0.65625 0.234375
vt 0.7421875 0.125
vt 0.625 0.234375
vt 0.625 0.2421875
vt 0.5 0.234375
vt 0.5 0.2421875
vt 0.625 0.125
vt 0.7421875 0.125
vt 0.71875 0.234375
vt 0.7421875 0.234375
vt 0.71875 0.234375
vt 0.71875 0.2421875
vt 0.625 0.125
vt 0.625 0.2421875
vt 0.625 0.125
vt 0.625 0.2421875
vt 0.53125 0.21875
vt 0.53125 0.2421875
vt 0.7421875 0.21875
vt 0.7421875 0.2421875
vt 0.625 0.125
vt 0.625 0.2421875
vt 0.5 0.09375
vt 0.5 0
vt 0.53125 0.09375
vt 0.53125 0
vt 0.5 0.234375
vt 0.5 0.125
vt 0.625 0.234375
vt 0.625 0.125
vt 0.625 0
vt 0.625 0.125
vt 0.53125 0.09375
vt 0.53125 0.125
vt 0.625 0.2421875
vt 0.5 0.2421875
vt 0.53125 0.125
vt 0.5 0.125
vt 0.53125 0.09375
vt 0.5 0.09375
vt 0.625 0
vt 0.5 0
vt 0.7421875 0.09375
vt 0.7421875 0.125
vt 0.625 0
vt 0.625 0.125
vt 0.53125 0.09375
vt 0.53125 0.21875
vt 0.5 0.09375
vt 0.5 0.21875
vn 0 -1 1.2246467991473532e-16
vn 0 -1 1.2246467991473532e-16
vn 0 -1 1.2246467991473532e-16
vn 0 -1 1.2246467991473532e-16
vn 0 -1 1.2246467991473532e-16
vn 0 -1 1.2246467991473532e-16
vn 0 -1 1.2246467991473532e-16
vn 0 -1 1.2246467991473532e-16
vn 0 -1 1.2246467991473532e-16
vn 0 -1 1.2246467991473532e-16
vn 0 -1 1.2246467991473532e-16
vn 0 -1 1.2246467991473532e-16
vn 0 -1 1.2246467991473532e-16
vn 0 -1 1.2246467991473532e-16
vn 0 -1 1.2246467991473532e-16
vn 0 -1 1.2246467991473532e-16
vn 0 -1 1.2246467991473532e-16
vn 0 -1 1.2246467991473532e-16
vn 0 -1 1.2246467991473532e-16
vn 0 -1 1.2246467991473532e-16
vn 0 -1 1.2246467991473532e-16
vn 0 -1 1.2246467991473532e-16
vn 0 -1 1.2246467991473532e-16
vn 0 -1 1.2246467991473532e-16
vn 0 -1 1.2246467991473532e-16
vn 0 -1 1.2246467991473532e-16
vn 0 -1 1.2246467991473532e-16
vn 0 -1 1.2246467991473532e-16
vn 0 -1 1.2246467991473532e-16
vn 0 -1 1.2246467991473532e-16
vn 0 -1 1.2246467991473532e-16
vn 0 -1 1.2246467991473532e-16
vn 0 -1 1.2246467991473532e-16
vn 0 -1 1.2246467991473532e-16
vn 0 -1 1.2246467991473532e-16
vn 0 -1 1.2246467991473532e-16
vn 0 -1 1.2246467991473532e-16
vn 0 -1 1.2246467991473532e-16
vn 0 -1 1.2246467991473532e-16
vn 0 -1 1.2246467991473532e-16
vn 0 -1 1.2246467991473532e-16
vn 0 -1 1.2246467991473532e-16
vn 0 -1 1.2246467991473532e-16
vn 0 -1 1.2246467991473532e-16
vn 0 -1 1.2246467991473532e-16
vn 0 -1 1.2246467991473532e-16
vn 0 -1 1.2246467991473532e-16
vn 0 -1 1.2246467991473532e-16
vn 0 -1 1.2246467991473532e-16
vn 0 -1 1.2246467991473532e-16
vn 0 -1 1.2246467991473532e-16
vn 0 -1 1.2246467991473532e-16
vn 0 -1 1.2246467991473532e-16
vn 0 -1 1.2246467991473532e-16
vn 0 -1 1.2246467991473532e-16
vn 0 -1 1.2246467991473532e-16
vn 0 -1 1.2246467991473532e-16
vn 0 -1 1.2246467991473532e-16
vn 0 -1 1.2246467991473532e-16
vn 0 -1 1.2246467991473532e-16
vn 0 -1 1.2246467991473532e-16
vn 0 -1 1.2246467991473532e-16
vn 0 -1 1.2246467991473532e-16
vn 0 -1 1.2246467991473532e-16
vn 0 -1 1.2246467991473532e-16
vn 0 -1 1.2246467991473532e-16
vn 0 -1 1.2246467991473532e-16
vn 0 -1 1.2246467991473532e-16
vn 0 -1 1.2246467991473532e-16
vn 0 -1 1.2246467991473532e-16
vn 0 -1 1.2246467991473532e-16
vn 0 -1 1.2246467991473532e-16
vn 0 -1 1.2246467991473532e-16
vn 0 -1 1.2246467991473532e-16
vn 0 -1 1.2246467991473532e-16
vn 0 -1 1.2246467991473532e-16
vn 0 -1 1.2246467991473532e-16
vn 0 -1 1.2246467991473532e-16
vn 0 -1 1.2246467991473532e-16
vn 0 -1 1.2246467991473532e-16
vn 0 -1 1.2246467991473532e-16
vn 0 -1 1.2246467991473532e-16
vn 0 -1 1.2246467991473532e-16
vn 0 -1 1.2246467991473532e-16
vn 0 -1 1.2246467991473532e-16
vn 0 -1 1.2246467991473532e-16
vn 0 -1 1.2246467991473532e-16
vn 0 -1 1.2246467991473532e-16
vn 0 -1 1.2246467991473532e-16
vn 0 -1 1.2246467991473532e-16
vn 0 -1 1.2246467991473532e-16
vn 0 -1 1.2246467991473532e-16
vn 0 -1 1.2246467991473532e-16
vn 0 -1 1.2246467991473532e-16
vn 0 -1 1.2246467991473532e-16
vn 0 -1 1.2246467991473532e-16
vn 0 -1 1.2246467991473532e-16
vn 0 -1 1.2246467991473532e-16
vn 0 -1 1.2246467991473532e-16
vn 0 -1 1.2246467991473532e-16
vn 0 -1 1.2246467991473532e-16
vn 0 -1 1.2246467991473532e-16
vn 0 -1 1.2246467991473532e-16
vn 0 -1 1.2246467991473532e-16
vn 0 -1 1.2246467991473532e-16
vn 0 -1 1.2246467991473532e-16
vn 0 -1 1.2246467991473532e-16
vn 0 -1 1.2246467991473532e-16
vn 0 -1 1.2246467991473532e-16
vn 0 -1 1.2246467991473532e-16
vn 0 -1 1.2246467991473532e-16
vn 0 -1 1.2246467991473532e-16
vn 0 -1 1.2246467991473532e-16
vn 0 -1 1.2246467991473532e-16
vn 0 -1 1.2246467991473532e-16
vn 0 -1 1.2246467991473532e-16
vn 0 -1 1.2246467991473532e-16
vn 0 -1 1.2246467991473532e-16
vn 0 -1 1.2246467991473532e-16
vn 0 -1 1.2246467991473532e-16
vn 0 -1 1.2246467991473532e-16
vn 0 -1 1.2246467991473532e-16
vn 0 -1 1.2246467991473532e-16
vn 0 -1 1.2246467991473532e-16
vn 0 -1 1.2246467991473532e-16
vn 0 -1 1.2246467991473532e-16
vn 0 -1 1.2246467991473532e-16
vn 0 -1 1.2246467991473532e-16
vn 0 -1 1.2246467991473532e-16
vn 0 -1 1.2246467991473532e-16
vn 0 -1 1.2246467991473532e-16
vn 0 -1 1.2246467991473532e-16
vn 0 -1 1.2246467991473532e-16
vn 0 -1 1.2246467991473532e-16
vn 0 -1 1.2246467991473532e-16
vn 0 -1 1.2246467991473532e-16
vn 0 -1 1.2246467991473532e-16
vn 0 -1 1.2246467991473532e-16
vn 0 -1 1.2246467991473532e-16
vn 0 -1 1.2246467991473532e-16
vn 0 -1 1.2246467991473532e-16
vn 0 -1 1.2246467991473532e-16
vn 0 -1 1.2246467991473532e-16
vn 0 -1 1.2246467991473532e-16
vn 0 -1 1.2246467991473532e-16
vn 0 -1 1.2246467991473532e-16
vn 0 -1 1.2246467991473532e-16
vn 0 -1 1.2246467991473532e-16
vn 0 -1 1.2246467991473532e-16
vn 0 -1 1.2246467991473532e-16
vn 0 -1 1.2246467991473532e-16
vn 0 -1 1.2246467991473532e-16
vn 0 -1 1.2246467991473532e-16
vn 0 -1 1.2246467991473532e-16
vn 0 -1 1.2246467991473532e-16
vn 0 -1 1.2246467991473532e-16
vn 0 -1 1.2246467991473532e-16
vn 0 -1 1.2246467991473532e-16
vn 0 -1 1.2246467991473532e-16
vn 0 -1 1.2246467991473532e-16
vn 0 -1 1.2246467991473532e-16
vn 0 -1 1.2246467991473532e-16
vn 0 -1 1.2246467991473532e-16
vn 0 -1 1.2246467991473532e-16
vn 0 -1 1.2246467991473532e-16
vn 0 -1 1.2246467991473532e-16
vn 0 -1 1.2246467991473532e-16
vn 0 -1 1.2246467991473532e-16
vn 0 -1 1.2246467991473532e-16
vn 0 -1 1.2246467991473532e-16
vn 0 -1 1.2246467991473532e-16
vn 0 -1 1.2246467991473532e-16
vn 0 -1 1.2246467991473532e-16
vn 0 -1 1.2246467991473532e-16
vn 0 -1 1.2246467991473532e-16
vn 0 -1 1.2246467991473532e-16
vn 0 -1 1.2246467991473532e-16
vn 0 -1 1.2246467991473532e-16
vn 0 -1 1.2246467991473532e-16
vn 0 -1 1.2246467991473532e-16
vn 0 -1 1.2246467991473532e-16
vn 0 -1 1.2246467991473532e-16
vn 0 -1 1.2246467991473532e-16
vn 0 -1 1.2246467991473532e-16
vn 0 -1 1.2246467991473532e-16
vn 0 -1 1.2246467991473532e-16
vn 0 -1 1.2246467991473532e-16
vn 0 -1 1.2246467991473532e-16
vn 0 -1 1.2246467991473532e-16
vn 0 -1 1.2246467991473532e-16
vn 0 -1 1.2246467991473532e-16
vn 0 -1 1.2246467991473532e-16
vn 0 -1 1.2246467991473532e-16
vn 0 -1 1.2246467991473532e-16
vn 0 -1 1.2246467991473532e-16
vn 0 -1 1.2246467991473532e-16
vn 0 -1 1.2246467991473532e-16
vn 0 -1 1.2246467991473532e-16
vn 0 -1 1.2246467991473532e-16
vn 0 -1 1.2246467991473532e-16
vn 0 -1 1.2246467991473532e-16
vn 0 -1 1.2246467991473532e-16
vn 0 -1 1.2246467991473532e-16
vn 0 -1 1.2246467991473532e-16
vn 0 -1 1.2246467991473532e-16
vn 0 -1 1.2246467991473532e-16
vn 0 -1 1.2246467991473532e-16
vn 0 -1 1.2246467991473532e-16
vn 0 -1 1.2246467991473532e-16
vn 0 -1 1.2246467991473532e-16
vn 0 -1 1.2246467991473532e-16
vn 0 -1 1.2246467991473532e-16
vn 0 -1 1.2246467991473532e-16
vn 0 -1 1.2246467991473532e-16
vn 0 -1 1.2246467991473532e-16
vn 0 -1 1.2246467991473532e-16
vn 0 -1 1.2246467991473532e-16
vn 0 -1 1.2246467991473532e-16
vn 0 -1 1.2246467991473532e-16
vn 0 -1 1.2246467991473532e-16
vn 0 -1 1.2246467991473532e-16
vn 0 -1 1.2246467991473532e-16
vn 0 -1 1.2246467991473532e-16
vn 0 -1 1.2246467991473532e-16
vn 0 -1 1.2246467991473532e-16
vn 0 -1 1.2246467991473532e-16
vn 0 -1 1.2246467991473532e-16
vn 0 -1 1.2246467991473532e-16
vn 0 -1 1.2246467991473532e-16
vn 0 -1 1.2246467991473532e-16
vn 0 -1 1.2246467991473532e-16
vn 0 -1 1.2246467991473532e-16
vn 0 -1 1.2246467991473532e-16
vn 0 -1 1.2246467991473532e-16
vn 0 -1 1.2246467991473532e-16
vn 0 -1 1.2246467991473532e-16
vn 0 -1 1.2246467991473532e-16
vn 0 -1 1.2246467991473532e-16
vn 0 -1 1.2246467991473532e-16
vn 0 -1 1.2246467991473532e-16
vn 0 -1 1.2246467991473532e-16
vn 0 -1 1.2246467991473532e-16
vn 0 -1 1.2246467991473532e-16
vn 0 -1 1.2246467991473532e-16
vn 0 -1 1.2246467991473532e-16
vn 0 -1 1.2246467991473532e-16
vn 0 -1 1.2246467991473532e-16
vn 0 -1 1.2246467991473532e-16
vn 0 -1 1.2246467991473532e-16
vn 0 -1 1.2246467991473532e-16
vn 0 -1 1.2246467991473532e-16
vn 0 -1 1.2246467991473532e-16
vn 0 -1 1.2246467991473532e-16
vn 0 -1 1.2246467991473532e-16
vn 0 -1 1.2246467991473532e-16
vn 0 -1 1.2246467991473532e-16
vn 0 -1 1.2246467991473532e-16
vn 0 -1 1.2246467991473532e-16
vn 0 -1 1.2246467991473532e-16
vn 0 -1 1.2246467991473532e-16
vn 0 -1 1.2246467991473532e-16
vn 0 -1 1.2246467991473532e-16
vn 0 -1 1.2246467991473532e-16
vn 0 -1 1.2246467991473532e-16
vn 0 -1 1.2246467991473532e-16
vn 0 -1 1.2246467991473532e-16
vn 0 -1 1.2246467991473532e-16
vn 0 -1 1.2246467991473532e-16
vn 0 -1 1.2246467991473532e-16
vn 0 -1 1.2246467991473532e-16
vn 0 -1 1.2246467991473532e-16
vn 0 -1 1.2246467991473532e-16
vn 0 -1 1.2246467991473532e-16
vn 0 -1 1.2246467991473532e-16
vn 0 -1 1.2246467991473532e-16
vn 0 -1 1.2246467991473532e-16
vn 0 -1 1.2246467991473532e-16
vn 0 -1 1.2246467991473532e-16
vn 0 -1 1.2246467991473532e-16
vn 0 -1 1.2246467991473532e-16
vn 0 -1 1.2246467991473532e-16
vn 0 -1 1.2246467991473532e-16
vn 0 -1 1.2246467991473532e-16
vn 0 -1 1.2246467991473532e-16
vn 0 -1 1.2246467991473532e-16
vn 0 -1 1.2246467991473532e-16
vn 0 -1 1.2246467991473532e-16
vn 0 -1 1.2246467991473532e-16
vn 0 -1 1.2246467991473532e-16
vn 0 -1 1.2246467991473532e-16
vn 0 -1 1.2246467991473532e-16
vn 0 -1 1.2246467991473532e-16
vn 0 -0.7071067811865476 -0.7071067811865475
vn 0 -0.7071067811865476 -0.7071067811865475
vn 0 -0.7071067811865476 -0.7071067811865475
vn 0 -0.7071067811865476 -0.7071067811865475
f 2823/2823/2823 2822/2822/2822 2821/2821/2821
f 2826/2826/2826 2825/2825/2825 2824/2824/2824
f 2829/2829/2829 2828/2828/2828 2827/2827/2827
f 2832/2832/2832 2831/2831/2831 2830/2830/2830
f 2835/2835/2835 2834/2834/2834 2833/2833/2833
f 2838/2838/2838 2837/2837/2837 2836/2836/2836
f 2841/2841/2841 2840/2840/2840 2839/2839/2839
f 2844/2844/2844 2843/2843/2843 2842/2842/2842
f 2847/2847/2847 2846/2846/2846 2845/2845/2845
f 2846/2846/2846 2847/2847/2847 2848/2848/2848
f 2851/2851/2851 2850/2850/2850 2849/2849/2849
f 2850/2850/2850 2851/2851/2851 2852/2852/2852
f 2855/2855/2855 2854/2854/2854 2853/2853/2853
f 2854/2854/2854 2855/2855/2855 2856/2856/2856
f 2859/2859/2859 2858/2858/2858 2857/2857/2857
f 2858/2858/2858 2859/2859/2859 2860/2860/2860
f 2863/2863/2863 2862/2862/2862 2861/2861/2861
f 2862/2862/2862 2863/2863/2863 2864/2864/2864
f 2867/2867/2867 2866/2866/2866 2865/2865/2865
f 2866/2866/2866 2867/2867/2867 2868/2868/2868
f 2871/2871/2871 2870/2870/2870 2869/2869/2869
f 2870/2870/2870 2871/2871/2871 2872/2872/2872
f 2875/2875/2875 2874/2874/2874 2873/2873/2873
f 2874/2874/2874 2875/2875/2875 2876/2876/2876
f 2879/2879/2879 2878/2878/2878 2877/2877/2877
f 2878/2878/2878 2879/2879/2879 2880/2880/2880
f 2883/2883/2883 2882/2882/2882 2881/2881/2881
f 2882/2882/2882 2883/2883/2883 2884/2884/2884
f 2887/2887/2887 2886/2886/2886 2885/2885/2885
f 2886/2886/2886 2887/2887/2887 2888/2888/2888
f 2891/2891/2891 2890/2890/2890 2889/2889/2889
f 2890/2890/2890 2891/2891/2891 2892/2892/2892
f 2895/2895/2895 2894/2894/2894 2893/2893/2893
f 2894/2894/2894 2895/2895/2895 2896/2896/2896
f 2899/2899/2899 2898/2898/2898 2897/2897/2897
f 2898/2898/2898 2899/2899/2899 2900/2900/2900
f 2903/2903/2903 2902/2902/2902 2901/2901/2901
f 2902/2902/2902 2903/2903/2903 2904/2904/2904
f 2907/2907/2907 2906/2906/2906 2905/2905/2905
f 2906/2906/2906 2907/2907/2907 2908/2908/2908
f 2911/2911/2911 2910/2910/2910 2909/2909/2909
f 2910/2910/2910 2911/2911/2911 2912/2912/2912
f 2915/2915/2915 2914/2914/2914 2913/2913/2913
f 2914/2914/2914 2915/2915/2915 2916/2916/2916
f 2919/2919/2919 2918/2918/2918 2917/2917/2917
f 2918/2918/2918 2919/2919/2919 2920/2920/2920
f 2923/2923/2923 2922/2922/2922 2921/2921/2921
f 2922/2922/2922 2923/2923/2923 2924/2924/2924
f 2927/2927/2927 2926/2926/2926 2925/2925/2925
f 2926/2926/2926 2927/2927/2927 2928/2928/2928
f 2931/2931/2931 2930/2930/2930 2929/2929/2929
f 2930/2930/2930 2931/2931/2931 2932/2932/2932
f 2935/2935/2935 2934/2934/2934 2933/2933/2933
f 2934/2934/2934 2935/2935/2935 2936/2936/2936
f 2939/2939/2939 2938/2938/2938 2937/2937/2937
f 2938/2938/2938 2939/2939/2939 2940/2940/2940
f 2943/2943/2943 2942/2942/2942 2941/2941/2941
f 2942/2942/2942 2943/2943/2943 2944/2944/2944
f 2947/2947/2947 2946/2946/2946 2945/2945/2945
f 2946/2946/2946 2947/2947/2947 2948/2948/2948
f 2951/2951/2951 2950/2950/2950 2949/2949/2949
f 2950/2950/2950 2951/2951/2951 2952/2952/2952
f 2955/2955/2955 2954/2954/2954 2953/2953/2953
f 2954/2954/2954 2955/2955/2955 2956/2956/2956
f 2959/2959/2959 2958/2958/2958 2957/2957/2957
f 2958/2958/2958 2959/2959/2959 2960/2960/2960
f 2963/2963/2963 2962/2962/2962 2961/2961/2961
f 2962/2962/2962 2963/2963/2963 2964/2964/2964
f 2967/2967/2967 2966/2966/2966 2965/2965/2965
f 2966/2966/2966 2967/2967/2967 2968/2968/2968
f 2971/2971/2971 2970/2970/2970 2969/2969/2969
f 2970/2970/2970 2971/2971/2971 2972/2972/2972
f 2975/2975/2975 2974/2974/2974 2973/2973/2973
f 2974/2974/2974 2975/2975/2975 2976/2976/2976
f 2979/2979/2979 2978/2978/2978 2977/2977/2977
f 2978/2978/2978 2979/2979/2979 2980/2980/2980
f 2983/2983/2983 2982/2982/2982 2981/2981/2981
f 2982/2982/2982 2983/2983/2983 2984/2984/2984
f 2987/2987/2987 2986/2986/2986 2985/2985/2985
f 2986/2986/2986 2987/2987/2987 2988/2988/2988
f 2991/2991/2991 2990/2990/2990 2989/2989/2989
f 2990/2990/2990 2991/2991/2991 2992/2992/2992
f 2995/2995/2995 2994/2994/2994 2993/2993/2993
f 2994/2994/2994 2995/2995/2995 2996/2996/2996
f 2999/2999/2999 2998/2998/2998 2997/2997/2997
f 2998/2998/2998 2999/2999/2999 3000/3000/3000
f 3003/3003/3003 3002/3002/3002 3001/3001/3001
f 3002/3002/3002 3003/3003/3003 3004/3004/3004
f 3007/3007/3007 3006/3006/3006 3005/3005/3005
f 3006/3006/3006 3007/3007/3007 3008/3008/3008
f 3011/3011/3011 3010/3010/3010 3009/3009/3009
f 3010/3010/3010 3011/3011/3011 3012/3012/3012
f 3015/3015/3015 3014/3014/3014 3013/3013/3013
f 3014/3014/3014 3015/3015/3015 3016/3016/3016
f 3019/3019/3019 3018/3018/3018 3017/3017/3017
f 3018/3018/3018 3019/3019/3019 3020/3020/3020
f 3023/3023/3023 3022/3022/3022 3021/3021/3021
f 3022/3022/3022 3023/3023/3023 3024/3024/3024
f 3027/3027/3027 3026/3026/3026 3025/3025/3025
f 3026/3026/3026 3027/3027/3027 3028/3028/3028
f 3031/3031/3031 3030/3030/3030 3029/3029/3029
f 3030/3030/3030 3031/3031/3031 3032/3032/3032
f 3035/3035/3035 3034/3034/3034 3033/3033/3033
f 3034/3034/3034 3035/3035/3035 3036/3036/3036
f 3039/3039/3039 3038/3038/3038 3037/3037/3037
f 3038/3038/3038 3039/3039/3039 3040/3040/3040
f 3043/3043/3043 3042/3042/3042 3041/3041/3041
f 3042/3042/3042 3043/3043/3043 3044/3044/3044
f 3047/3047/3047 3046/3046/3046 3045/3045/3045
f 3046/3046/3046 3047/3047/3047 3048/3048/3048
f 3051/3051/3051 3050/3050/3050 3049/3049/3049
f 3050/3050/3050 3051/3051/3051 3052/3052/3052
f 3055/3055/3055 3054/3054/3054 3053/3053/3053
f 3054/3054/3054 3055/3055/3055 3056/3056/3056
f 3059/3059/3059 3058/3058/3058 3057/3057/3057
f 3058/3058/3058 3059/3059/3059 3060/3060/3060
f 3063/3063/3063 3062/3062/3062 3061/3061/3061
f 3062/3062/3062 3063/3063/3063 3064/3064/3064
f 3067/3067/3067 3066/3066/3066 3065/3065/3065
f 3066/3066/3066 3067/3067/3067 3068/3068/3068
f 3071/3071/3071 3070/3070/3070 3069/3069/3069
f 3070/3070/3070 3071/3071/3071 3072/3072/3072
f 3075/3075/3075 3074/3074/3074 3073/3073/3073
f 3074/3074/3074 3075/3075/3075 3076/3076/3076
f 3079/3079/3079 3078/3078/3078 3077/3077/3077
f 3078/3078/3078 3079/3079/3079 3080/3080/3080
f 3083/3083/3083 3082/3082/3082 3081/3081/3081
f 3082/3082/3082 3083/3083/3083 3084/3084/3084
f 3087/3087/3087 3086/3086/3086 3085/3085/3085
f 3086/3086/3086 3087/3087/3087 3088/3088/3088
f 3091/3091/3091 3090/3090/3090 3089/3089/3089
f 3090/3090/3090 3091/3091/3091 3092/3092/3092
f 3095/3095/3095 3094/3094/3094 3093/3093/3093
f 3094/3094/3094 3095/3095/3095 3096/3096/3096
f 3099/3099/3099 3098/3098/3098 3097/3097/3097
f 3098/3098/3098 3099/3099/3099 3100/3100/3100
f 3103/3103/3103 3102/3102/3102 3101/3101/3101
f 3102/3102/3102 3103/3103/3103 3104/3104/3104
f 3107/3107/3107 3106/3106/3106 3105/3105/3105
f 3106/3106/3106 3107/3107/3107 3108/3108/3108
f 3111/3111/3111 3110/3110/3110 3109/3109/3109
f 3110/3110/3110 3111/3111/3111 3112/3112/3112
f 3115/3115/3115 3114/3114/3114 3113/3113/3113
f 3114/3114/3114 3115/3115/3115 3116/3116/3116
o mesh_10
usemtl mat10
v 67.2 12.799999999999995 -38.400000000000006
v 75.2 12.799999999999995 -38.400000000000006
v 75.2 19.2 -38.400000000000006
v 67.2 38.4 -38.40000000000001
v 67.2 25.599999999999998 -38.400000000000006
v 73.60000000000001 25.599999999999998 -38.400000000000006
v 73.60000000000001 25.599999999999998 -38.400000000000006
v 67.2 25.599999999999998 -38.400000000000006
v 67.2 12.799999999999995 -38.400000000000006
v 67.2 12.799999999999995 -38.400000000000006
v 75.2 19.2 -38.400000000000006
v 73.60000000000001 25.599999999999998 -38.400000000000006
v 75.2 12.799999999999995 -38.400000000000006
v 67.2 12.799999999999995 -38.400000000000006
v 75.2 -4.702643708725837e-15 -38.400000000000006
v 67.2 -4.702643708725837e-15 -38.400000000000006
v 38.400000000000006 41.599999999999994 -38.40000000000001
v 48 41.599999999999994 -38.40000000000001
v 38.400000000000006 51.199999999999996 -38.40000000000001
v 48 51.199999999999996 -38.40000000000001
v 64 25.599999999999998 -38.400000000000006
v 51.2 25.599999999999998 -38.400000000000006
v 64 25.599999999999998 -32
v 51.2 25.599999999999998 -32
v 64 41.599999999999994 -38.40000000000001
v 64 51.199999999999996 -38.40000000000001
v 51.2 41.599999999999994 -38.40000000000001
v 51.2 51.199999999999996 -38.40000000000001
v 51.2 38.4 -38.40000000000001
v 51.2 25.599999999999998 -38.400000000000006
v 64 38.4 -38.40000000000001
v 64 25.599999999999998 -38.400000000000006
v 76.80000000000001 41.599999999999994 -38.40000000000001
v 76.80000000000001 51.199999999999996 -38.40000000000001
v 67.2 41.599999999999994 -38.40000000000001
v 67.2 51.199999999999996 -38.40000000000001
v 38.400000000000006 25.599999999999998 -38.400000000000006
v 48 25.599999999999998 -38.400000000000006
v 38.400000000000006 38.4 -38.40000000000001
v 48 38.4 -38.40000000000001
v 38.400000000000006 12.799999999999995 -38.400000000000006
v 48 12.799999999999995 -38.400000000000006
v 38.400000000000006 25.599999999999998 -38.400000000000006
v 48 25.599999999999998 -38.400000000000006
v 38.400000000000006 -4.702643708725837e-15 -38.400000000000006
v 48 -4.702643708725837e-15 -38.400000000000006
v 38.400000000000006 12.799999999999995 -38.400000000000006
v 48 12.799999999999995 -38.400000000000006
v 73.60000000000001 25.599999999999998 -38.400000000000006
v 75.2 25.599999999999998 -38.400000000000006
v 67.2 38.4 -38.40000000000001
v 75.2 38.4 -38.40000000000001
vt 0.7421875 0.75
vt 0.5 0.75
vt 0.5 0.625
vt 0.7421875 0.25
vt 0.7421875 0.5
vt 0.546875 0.5
vt 0.546875 0.5
vt 0.7421875 0.5
vt 0.7421875 0.75
vt 0.7421875 0.75
vt 0.5 0.625
vt 0.546875 0.5
vt 0.5 0.75
vt 0.7421875 0.75
vt 0.5 0.9921875
vt 0.7421875 0.9921875
vt 0.9921875 0.9921875
vt 0.75 0.9921875
vt 0.9921875 0.75
vt 0.75 0.75
vt 0.75 0.6875
vt 0.9921875 0.6875
vt 0.75 0.8046875
vt 0.9921875 0.8046875
vt 0.5 0.9921875
vt 0.5 0.75
vt 0.7421875 0.9921875
vt 0.7421875 0.75
vt 0.8203125 0.4921875
vt 0.8203125 0.7421875
vt 0.5703125 0.4921875
vt 0.5703125 0.7421875
vt 0.625 0.9921875
vt 0.625 0.75
vt 0.8671875 0.9921875
vt 0.8671875 0.75
vt 0.9921875 0.4921875
vt 0.75 0.4921875
vt 0.9921875 0.25
vt 0.75 0.25
vt 0.9921875 0.7421875
vt 0.75 0.7421875
vt 0.9921875 0.4921875
vt 0.75 0.4921875
vt 0.9921875 0.9921875
vt 0.75 0.9921875
vt 0.9921875 0.7421875
vt 0.75 0.7421875
vt 0.546875 0.5
vt 0.5 0.5
vt 0.7421875 0.25
vt 0.5 0.25
vn 0 -1.2246467991473532e-16 -1
vn 0 -1.2246467991473532e-16 -1
vn 0 -1.2246467991473532e-16 -1
vn 0 -1.2246467991473532e-16 -1
vn 0 -1.2246467991473532e-16 -1
vn 0 -1.2246467991473532e-16 -1
vn 0 -1.2246467991473532e-16 -1
vn 0 -1.2246467991473532e-16 -1
vn 0 -1.2246467991473532e-16 -1
vn 0 -1.2246467991473532e-16 -1
vn 0 -1.2246467991473532e-16 -1
vn 0 -1.2246467991473532e-16 -1
vn 0 -1.2246467991473532e-16 -1
vn 0 -1.2246467991473532e-16 -1
vn 0 -1.2246467991473532e-16 -1
vn 0 -1.2246467991473532e-16 -1
vn 0 -1.2246467991473532e-16 -1
vn 0 -1.2246467991473532e-16 -1
vn 0 -1.2246467991473532e-16 -1
vn 0 -1.2246467991473532e-16 -1
vn 0 -1 1.2246467991473532e-16
vn 0 -1 1.2246467991473532e-16
vn 0 -1 1.2246467991473532e-16
vn 0 -1 1.2246467991473532e-16
vn 0 -1.2246467991473532e-16 -1
vn 0 -1.2246467991473532e-16 -1
vn 0 -1.2246467991473532e-16 -1
vn 0 -1.2246467991473532e-16 -1
vn 0 -1.2246467991473532e-16 -1
vn 0 -1.2246467991473532e-16 -1
vn 0 -1.2246467991473532e-16 -1
vn 0 -1.2246467991473532e-16 -1
vn 0 -1.2246467991473532e-16 -1
vn 0 -1.2246467991473532e-16 -1
vn 0 -1.2246467991473532e-16 -1
vn 0 -1.2246467991473532e-16 -1
vn 0 -1.2246467991473532e-16 -1
vn 0 -1.2246467991473532e-16 -1
vn 0 -1.2246467991473532e-16 -1
vn 0 -1.2246467991473532e-16 -1
vn 0 -1.2246467991473532e-16 -1
vn 0 -1.2246467991473532e-16 -1
vn 0 -1.2246467991473532e-16 -1
vn 0 -1.2246467991473532e-16 -1
vn 0 -1.2246467991473532e-16 -1
vn 0 -1.2246467991473532e-16 -1
vn 0 -1.2246467991473532e-16 -1
vn 0 -1.2246467991473532e-16 -1
vn 0 -1.2246467991473532e-16 -1
vn 0 -1.2246467991473532e-16 -1
vn 0 -1.2246467991473532e-16 -1
vn 0 -1.2246467991473532e-16 -1
f 3119/3119/3119 3118/3118/3118 3117/3117/3117
f 3122/3122/3122 3121/3121/3121 3120/3120/3120
f 3125/3125/3125 3124/3124/3124 3123/3123/3123
f 3128/3128/3128 3127/3127/3127 3126/3126/3126
f 3131/3131/3131 3130/3130/3130 3129/3129/3129
f 3130/3130/3130 3131/3131/3131 3132/3132/3132
f 3135/3135/3135 3134/3134/3134 3133/3133/3133
f 3134/3134/3134 3135/3135/3135 3136/3136/3136
f 3139/3139/3139 3138/3138/3138 3137/3137/3137
f 3138/3138/3138 3139/3139/3139 3140/3140/3140
f 3143/3143/3143 3142/3142/3142 3141/3141/3141
f 3142/3142/3142 3143/3143/3143 3144/3144/3144
f 3147/3147/3147 3146/3146/3146 3145/3145/3145
f 3146/3146/3146 3147/3147/3147 3148/3148/3148
f 3151/3151/3151 3150/3150/3150 3149/3149/3149
f 3150/3150/3150 3151/3151/3151 3152/3152/3152
f 3155/3155/3155 3154/3154/3154 3153/3153/3153
f 3154/3154/3154 3155/3155/3155 3156/3156/3156
f 3159/3159/3159 3158/3158/3158 3157/3157/3157
f 3158/3158/3158 3159/3159/3159 3160/3160/3160
f 3163/3163/3163 3162/3162/3162 3161/3161/3161
f 3162/3162/3162 3163/3163/3163 3164/3164/3164
f 3167/3167/3167 3166/3166/3166 3165/3165/3165
f 3166/3166/3166 3167/3167/3167 3168/3168/3168
o mesh_11
usemtl mat11
v 32 12.799999999999983 -139.20000000000002
v 32 25.599999999999984 -140
v 38.400000000000006 25.599999999999984 -140.8
v 32 12.799999999999983 -139.20000000000002
v 38.400000000000006 25.599999999999984 -140.8
v 38.400000000000006 12.799999999999983 -140.8
v 0 25.59999999999999 -96
v 0 25.599999999999987 -102.4
v 0 12.799999999999988 -96
v 0 12.799999999999988 -102.4
v 0 25.599999999999994 -57.6
v 0 25.599999999999994 -64
v 0 12.799999999999994 -57.6
v 0 12.799999999999994 -64
v 25.6 12.799999999999983 -140.8
v 25.6 25.599999999999984 -140.8
v 32 12.799999999999983 -140.8
v 32 25.599999999999984 -140.8
v 0 19.199999999999985 -139.20000000000002
v 0 25.599999999999984 -137.6
v 1.6 19.199999999999985 -139.20000000000002
v 3.2 25.599999999999984 -137.6
v 1.6 19.199999999999985 -140.8
v 1.6 19.199999999999985 -139.20000000000002
v 3.2 25.599999999999984 -140.8
v 3.2 25.599999999999984 -137.6
v 73.60000000000001 25.599999999999998 -41.6
v 75.2 19.2 -40
v 76.80000000000001 25.599999999999998 -41.6
v 76.80000000000001 19.2 -40
v 73.60000000000001 25.599999999999998 -38.400000000000006
v 75.2 19.2 -38.400000000000006
v 73.60000000000001 25.599999999999998 -41.6
v 75.2 19.2 -40
v 0 12.799999999999986 -108.80000000000001
v 0 12.799999999999988 -102.4
v 0 25.599999999999987 -108.80000000000001
v 0 25.599999999999987 -102.4
v 0 31.999999999999986 -108.80000000000001
v 0 25.599999999999987 -108.80000000000001
v 0 31.999999999999986 -102.4
v 0 25.599999999999987 -102.4
v 0 31.999999999999986 -102.4
v 0 25.599999999999987 -102.4
v 0 31.99999999999999 -96
v 0 25.59999999999999 -96
v 0 12.799999999999994 -57.6
v 0 12.799999999999994 -51.2
v 0 25.599999999999994 -57.6
v 0 25.599999999999994 -51.2
v 0 31.999999999999993 -57.60000000000001
v 0 25.599999999999994 -57.6
v 0 31.999999999999993 -51.20000000000001
v 0 25.599999999999994 -51.2
v 0 31.999999999999993 -64
v 0 25.599999999999994 -64
v 0 31.999999999999993 -57.60000000000001
v 0 25.599999999999994 -57.6
vt 0.9921875 0.1171875
vt 0.9921875 0
vt 0.9375 0
vt 0.9921875 0.1171875
vt 0.9375 0
vt 0.9375 0.1171875
vt 0.875 0.0703125
vt 0.9296875 0.0703125
vt 0.875 0.2421875
vt 0.9296875 0.2421875
vt 0.875 0.0703125
vt 0.9296875 0.0703125
vt 0.875 0.2421875
vt 0.9296875 0.2421875
vt 0.9375 0.1171875
vt 0.9375 0
vt 0.9921875 0.1171875
vt 0.9921875 0
vt 0.953125 0.2421875
vt 0.9375 0.125
vt 0.96875 0.2421875
vt 0.96875 0.125
vt 0.984375 0.2421875
vt 0.96875 0.2421875
vt 0.9921875 0.125
vt 0.96875 0.125
vt 0.9296875 0
vt 0.8984375 0.1796875
vt 0.875 0
vt 0.875 0.1796875
vt 0.875 0
vt 0.8984375 0.1796875
vt 0.9296875 0
vt 0.9296875 0.1796875
vt 0.9296875 0
vt 0.875 0
vt 0.9296875 0.171875
vt 0.875 0.171875
vt 0.9296875 0.2421875
vt 0.9296875 0.171875
vt 0.875 0.2421875
vt 0.875 0.171875
vt 0.9296875 0
vt 0.9296875 0.0703125
vt 0.875 0
vt 0.875 0.0703125
vt 0.9296875 0
vt 0.875 0
vt 0.9296875 0.1640625
vt 0.875 0.1640625
vt 0.9296875 0.2421875
vt 0.9296875 0.1640625
vt 0.875 0.2421875
vt 0.875 0.1640625
vt 0.9296875 0
vt 0.9296875 0.0703125
vt 0.875 0
vt 0.875 0.0703125
vn 0.12379689211803456 0.061898446059017405 0.9903751369442765
vn 0.12379689211803456 0.061898446059017405 0.9903751369442765
vn 0.12379689211803456 0.061898446059017405 0.9903751369442765
vn 0.24253562503633297 1.1880819075197913e-16 0.9701425001453319
vn 0.24253562503633297 1.1880819075197913e-16 0.9701425001453319
vn 0.24253562503633297 1.1880819075197913e-16 0.9701425001453319
vn 1 0 0
vn 1 0 0
vn 1 0 0
vn 1 0 0
vn 1 0 0
vn 1 0 0
vn 1 0 0
vn 1 0 0
vn 0 1.2246467991473532e-16 1
vn 0 1.2246467991473532e-16 1
vn 0 1.2246467991473532e-16 1
vn 0 1.2246467991473532e-16 1
vn 0 -0.24253562503633283 0.9701425001453319
vn 0 -0.24253562503633283 0.9701425001453319
vn 0 -0.24253562503633283 0.9701425001453319
vn 0 -0.24253562503633283 0.9701425001453319
vn 0.9701425001453319 -0.24253562503633297 2.970204768799478e-17
vn 0.9701425001453319 -0.24253562503633297 2.970204768799478e-17
vn 0.9701425001453319 -0.24253562503633297 2.970204768799478e-17
vn 0.9701425001453319 -0.24253562503633297 2.970204768799478e-17
vn 0 -0.24253562503633308 -0.9701425001453319
vn 0 -0.24253562503633308 -0.9701425001453319
vn 0 -0.24253562503633308 -0.9701425001453319
vn 0 -0.24253562503633308 -0.9701425001453319
vn -0.9701425001453319 -0.24253562503633297 2.970204768799478e-17
vn -0.9701425001453319 -0.24253562503633297 2.970204768799478e-17
vn -0.9701425001453319 -0.24253562503633297 2.970204768799478e-17
vn -0.9701425001453319 -0.24253562503633297 2.970204768799478e-17
vn 1 0 0
vn 1 0 0
vn 1 0 0
vn 1 0 0
vn 1 0 0
vn 1 0 0
vn 1 0 0
vn 1 0 0
vn 1 0 0
vn 1 0 0
vn 1 0 0
vn 1 0 0
vn 1 0 0
vn 1 0 0
vn 1 0 0
vn 1 0 0
vn 1 0 0
vn 1 0 0
vn 1 0 0
vn 1 0 0
vn 1 0 0
vn 1 0 0
vn 1 0 0
vn 1 0 0
f 3171/3171/3171 3170/3170/3170 3169/3169/3169
f 3174/3174/3174 3173/3173/3173 3172/3172/3172
f 3177/3177/3177 3176/3176/3176 3175/3175/3175
f 3176/3176/3176 3177/3177/3177 3178/3178/3178
f 3181/3181/3181 3180/3180/3180 3179/3179/3179
f 3180/3180/3180 3181/3181/3181 3182/3182/3182
f 3185/3185/3185 3184/3184/3184 3183/3183/3183
f 3184/3184/3184 3185/3185/3185 3186/3186/3186
f 3189/3189/3189 3188/3188/3188 3187/3187/3187
f 3188/3188/3188 3189/3189/3189 3190/3190/3190
f 3193/3193/3193 3192/3192/3192 3191/3191/3191
f 3192/3192/3192 3193/3193/3193 3194/3194/3194
f 3197/3197/3197 3196/3196/3196 3195/3195/3195
f 3196/3196/3196 3197/3197/3197 3198/3198/3198
f 3201/3201/3201 3200/3200/3200 3199/3199/3199
f 3200/3200/3200 3201/3201/3201 3202/3202/3202
f 3205/3205/3205 3204/3204/3204 3203/3203/3203
f 3204/3204/3204 3205/3205/3205 3206/3206/3206
f 3209/3209/3209 3208/3208/3208 3207/3207/3207
f 3208/3208/3208 3209/3209/3209 3210/3210/3210
f 3213/3213/3213 3212/3212/3212 3211/3211/3211
f 3212/3212/3212 3213/3213/3213 3214/3214/3214
f 3217/3217/3217 3216/3216/3216 3215/3215/3215
f 3216/3216/3216 3217/3217/3217 3218/3218/3218
f 3221/3221/3221 3220/3220/3220 3219/3219/3219
f 3220/3220/3220 3221/3221/3221 3222/3222/3222
f 3225/3225/3225 3224/3224/3224 3223/3223/3223
f 3224/3224/3224 3225/3225/3225 3226/3226/3226
o mesh_12
usemtl mat12
v 9.600000000000001 10.399999999999986 -123.2
v 16 9.599999999999987 -123.2
v 16.8 11.199999999999987 -120.80000000000001
v 12.8 9.599999999999989 -104
v 9.600000000000001 9.599999999999987 -110.4
v 14.4 10.399999999999986 -112
v 20 10.399999999999988 -104
v 20 11.999999999999986 -113.60000000000001
v 21.6 10.399999999999986 -112
v 12.8 -1.1952552759678168e-14 -97.60000000000001
v 3.2 -1.1952552759678168e-14 -97.60000000000001
v 3.2 4.799999999999989 -97.60000000000001
v 3.2 4.799999999999989 -97.60000000000001
v 3.2 -1.1952552759678168e-14 -97.60000000000001
v 3.2 9.599999999999989 -104
v 3.2 9.599999999999987 -116.80000000000001
v 3.2 9.599999999999987 -110.4
v 3.2 -1.352010066258678e-14 -110.4
v 12 11.199999999999987 -115.2
v 9.600000000000001 9.599999999999987 -110.4
v 3.2 9.599999999999987 -110.4
v 22.400000000000002 10.399999999999986 -116.80000000000001
v 20 11.999999999999986 -113.60000000000001
v 14.4 10.399999999999986 -112
v 20 10.399999999999988 -104
v 22.400000000000002 9.599999999999989 -97.60000000000001
v 16 9.599999999999989 -97.60000000000001
v 16 9.599999999999987 -116.80000000000001
v 14.4 10.399999999999986 -112
v 9.600000000000001 9.599999999999987 -110.4
v 16.8 11.199999999999987 -120.80000000000001
v 16 9.599999999999987 -123.2
v 22.400000000000002 9.599999999999987 -120
v 29.6 9.599999999999987 -116
v 28.8 4.7999999999999865 -113.60000000000001
v 28.8 4.799999999999987 -110.4
v 17.6 11.199999999999989 -104
v 14.4 10.399999999999986 -112
v 20 11.999999999999986 -113.60000000000001
v 17.6 11.199999999999989 -104
v 16 9.599999999999989 -97.60000000000001
v 9.600000000000001 9.599999999999989 -97.60000000000001
v 3.2 9.599999999999989 -104
v 3.2 9.599999999999987 -110.4
v 9.600000000000001 9.599999999999987 -110.4
v 16.8 11.199999999999987 -120.80000000000001
v 16 9.599999999999987 -116.80000000000001
v 12 11.199999999999987 -115.2
v 22.400000000000002 10.399999999999986 -120
v 22.400000000000002 10.399999999999986 -116.80000000000001
v 16 9.599999999999987 -116.80000000000001
v 16 9.599999999999987 -116.80000000000001
v 16.8 11.199999999999987 -120.80000000000001
v 22.400000000000002 10.399999999999986 -120
v 9.600000000000001 9.599999999999987 -110.4
v 12 11.199999999999987 -115.2
v 16 9.599999999999987 -116.80000000000001
v 9.600000000000001 9.599999999999987 -110.4
v 12.8 9.599999999999989 -104
v 3.2 9.599999999999989 -104
v 14.4 10.399999999999986 -112
v 17.6 11.199999999999989 -104
v 12.8 9.599999999999989 -104
v 14.4 10.399999999999986 -112
v 16 9.599999999999987 -116.80000000000001
v 22.400000000000002 10.399999999999986 -116.80000000000001
v 20 11.999999999999986 -113.60000000000001
v 20 10.399999999999988 -104
v 17.6 11.199999999999989 -104
v 9.600000000000001 9.599999999999989 -97.60000000000001
v 12.8 9.599999999999989 -104
v 17.6 11.199999999999989 -104
v 28.8 9.599999999999987 -110.4
v 28.8 9.599999999999989 -104
v 20 10.399999999999988 -104
v 21.6 10.399999999999986 -112
v 28.8 9.599999999999987 -110.4
v 20 10.399999999999988 -104
v 16 9.599999999999989 -97.60000000000001
v 17.6 11.199999999999989 -104
v 20 10.399999999999988 -104
v 3.2 9.599999999999987 -110.4
v 3.2 9.599999999999987 -116.80000000000001
v 12 11.199999999999987 -115.2
v 12 11.199999999999987 -115.2
v 9.600000000000001 10.399999999999986 -123.2
v 16.8 11.199999999999987 -120.80000000000001
v 22.400000000000002 9.599999999999987 -120
v 22.400000000000002 10.399999999999986 -120
v 16.8 11.199999999999987 -120.80000000000001
v 22.400000000000002 9.599999999999989 -97.60000000000001
v 20 10.399999999999988 -104
v 28.8 9.599999999999989 -104
v 3.2 4.799999999999989 -97.60000000000001
v 3.2 9.599999999999989 -97.60000000000001
v 9.600000000000001 9.599999999999989 -97.60000000000001
v 3.2 9.599999999999989 -104
v 3.2 9.599999999999989 -97.60000000000001
v 3.2 4.799999999999989 -97.60000000000001
v 28.8 9.599999999999987 -110.4
v 21.6 10.399999999999986 -112
v 28.8 10.399999999999986 -116.80000000000001
v 28.8 10.399999999999986 -116.80000000000001
v 22.400000000000002 10.399999999999986 -116.80000000000001
v 22.400000000000002 10.399999999999986 -120
v 28.8 10.399999999999986 -116.80000000000001
v 28.8 9.599999999999987 -116.80000000000001
v 29.6 9.599999999999987 -116
v 28.8 9.599999999999987 -110.4
v 28.8 10.399999999999986 -116.80000000000001
v 29.6 9.599999999999987 -116
v 28.8 4.7999999999999865 -113.60000000000001
v 29.6 9.599999999999987 -116
v 28.8 9.599999999999987 -116.80000000000001
v 28.8 4.799999999999987 -110.4
v 28.8 9.599999999999987 -110.4
v 29.6 9.599999999999987 -116
v 3.2 9.599999999999987 -116.80000000000001
v 3.2 9.599999999999987 -123.2
v 9.600000000000001 10.399999999999986 -123.2
v 9.600000000000001 10.399999999999986 -123.2
v 12 11.199999999999987 -115.2
v 3.2 9.599999999999987 -116.80000000000001
v 20.8 4.799999999999989 -97.60000000000001
v 12.8 -1.1952552759678168e-14 -97.60000000000001
v 22.400000000000002 9.599999999999989 -97.60000000000001
v 16 9.599999999999989 -97.60000000000001
v 22.400000000000002 10.399999999999986 -120
v 22.400000000000002 9.599999999999987 -120
v 28.8 10.399999999999986 -116.80000000000001
v 28.8 9.599999999999987 -116.80000000000001
v 3.2 4.799999999999986 -123.2
v 3.2 9.599999999999987 -123.2
v 3.2 -1.352010066258678e-14 -110.4
v 3.2 9.599999999999987 -116.80000000000001
v 28.8 10.399999999999986 -116.80000000000001
v 21.6 10.399999999999986 -112
v 22.400000000000002 10.399999999999986 -116.80000000000001
v 20 11.999999999999986 -113.60000000000001
v 12.8 9.599999999999989 -104
v 9.600000000000001 9.599999999999989 -97.60000000000001
v 3.2 9.599999999999989 -104
v 3.2 9.599999999999989 -97.60000000000001
v 3.2 -1.1952552759678168e-14 -97.60000000000001
v 3.2 -1.352010066258678e-14 -110.4
v 3.2 9.599999999999989 -104
v 3.2 9.599999999999987 -110.4
v 28.8 9.599999999999989 -104
v 28.8 9.599999999999987 -110.4
v 28.8 5.599999999999987 -107.2
v 28.8 4.799999999999987 -110.4
v 9.600000000000001 9.599999999999989 -97.60000000000001
v 16 9.599999999999989 -97.60000000000001
v 3.2 4.799999999999989 -97.60000000000001
v 12.8 -1.1952552759678168e-14 -97.60000000000001
vt 0 0.90625
vt 0 0.8125
vt 0.03125 0.796875
vt 0.125 0.8515625
vt 0.15625 0.78125
vt 0.203125 0.796875
vt 0.1875 0.921875
vt 0.265625 0.8359375
vt 0.265625 0.8671875
vt 0 0.9921875
vt 0 0.875
vt 0.0546875 0.875
vt 0 0.78125
vt 0 0.703125
vt 0.046875 0.78125
vt 0.15625 0.6640625
vt 0.1015625 0.7265625
vt 0 0.625
vt 0.2109375 0.7578125
vt 0.15625 0.78125
vt 0.1015625 0.7265625
vt 0.3125 0.828125
vt 0.265625 0.8359375
vt 0.203125 0.796875
vt 0.1875 0.921875
vt 0.15625 0.9921875
vt 0.1015625 0.9375
vt 0.2578125 0.78125
vt 0.203125 0.796875
vt 0.15625 0.78125
vt 0.03125 0.796875
vt 0 0.8125
vt 0.046875 0.7109375
vt 0.3671875 0.90625
vt 0.3671875 0.9921875
vt 0.34375 0.9921875
vt 0.171875 0.8984375
vt 0.203125 0.796875
vt 0.265625 0.8359375
vt 0.171875 0.8984375
vt 0.1015625 0.9375
vt 0.046875 0.890625
vt 0.046875 0.78125
vt 0.1015625 0.7265625
vt 0.15625 0.78125
vt 0.296875 0.75
vt 0.2578125 0.78125
vt 0.2109375 0.7578125
vt 0.34375 0.796875
vt 0.3125 0.828125
vt 0.2578125 0.78125
vt 0.2578125 0.78125
vt 0.296875 0.75
vt 0.34375 0.796875
vt 0.15625 0.78125
vt 0.2109375 0.7578125
vt 0.2578125 0.78125
vt 0.15625 0.78125
vt 0.125 0.8515625
vt 0.046875 0.78125
vt 0.203125 0.796875
vt 0.171875 0.8984375
vt 0.125 0.8515625
vt 0.203125 0.796875
vt 0.2578125 0.78125
vt 0.3125 0.828125
vt 0.265625 0.8359375
vt 0.1875 0.921875
vt 0.171875 0.8984375
vt 0.046875 0.890625
vt 0.125 0.8515625
vt 0.171875 0.8984375
vt 0.3125 0.9375
vt 0.2578125 0.9921875
vt 0.1875 0.921875
vt 0.265625 0.8671875
vt 0.3125 0.9375
vt 0.1875 0.921875
vt 0.1015625 0.9375
vt 0.171875 0.8984375
vt 0.1875 0.921875
vt 0.1015625 0.7265625
vt 0.15625 0.6640625
vt 0.2109375 0.7578125
vt 0.2109375 0.7578125
vt 0.2578125 0.6640625
vt 0.296875 0.75
vt 0.078125 0.7109375
vt 0.078125 0.7109375
vt 0.0625 0.796875
vt 0.15625 0.9921875
vt 0.1875 0.921875
vt 0.2578125 0.9921875
vt 0 0.890625
vt 0 0.828125
vt 0.046875 0.890625
vt 0.046875 0.78125
vt 0 0.828125
vt 0 0.78125
vt 0.3125 0.9375
vt 0.265625 0.8671875
vt 0.3671875 0.8828125
vt 0.3671875 0.8828125
vt 0.3125 0.828125
vt 0.34375 0.796875
vt 0.359375 0.875
vt 0.359375 0.875
vt 0.3671875 0.890625
vt 0.3125 0.9375
vt 0.3671875 0.8828125
vt 0.3671875 0.90625
vt 0.3359375 0.953125
vt 0.3671875 0.890625
vt 0.359375 0.875
vt 0.34375 0.9921875
vt 0.3125 0.9375
vt 0.3671875 0.90625
vt 0.15625 0.6640625
vt 0.203125 0.625
vt 0.2578125 0.6640625
vt 0.2578125 0.6640625
vt 0.2109375 0.7578125
vt 0.15625 0.6640625
vt 0.09375 0.9921875
vt 0 0.9921875
vt 0.15625 0.9921875
vt 0.1015625 0.9375
vt 0.078125 0.7109375
vt 0.078125 0.7109375
vt 0.125 0.625
vt 0.125 0.625
vt 0.171875 0.625
vt 0.203125 0.625
vt 0 0.625
vt 0.15625 0.6640625
vt 0.3671875 0.8828125
vt 0.265625 0.8671875
vt 0.3125 0.828125
vt 0.265625 0.8359375
vt 0.125 0.8515625
vt 0.046875 0.890625
vt 0.046875 0.78125
vt 0 0.828125
vt 0 0.703125
vt 0.1015625 0.625
vt 0.046875 0.78125
vt 0.1015625 0.7265625
vt 0.2578125 0.9921875
vt 0.3125 0.9375
vt 0.3203125 0.9921875
vt 0.34375 0.9921875
vt 0.046875 0.890625
vt 0.1015625 0.9375
vt 0 0.890625
vt 0 0.9921875
vn 0.10147651183980386 0.8118120947184309 -0.5750335993780709
vn 0.10147651183980386 0.8118120947184309 -0.5750335993780709
vn 0.10147651183980386 0.8118120947184309 -0.5750335993780709
vn -0.1410691293990706 0.9874838610900105 0.07053456469953517
vn -0.1410691293990706 0.9874838610900105 0.07053456469953517
vn -0.1410691293990706 0.9874838610900105 0.07053456469953517
vn 0.6350006527862094 0.762000747580664 0.12700012459677726
vn 0.6350006527862094 0.762000747580664 0.12700012459677726
vn 0.6350006527862094 0.762000747580664 0.12700012459677726
vn 0 1.2246467991473532e-16 1
vn 0 1.2246467991473532e-16 1
vn 0 1.2246467991473532e-16 1
vn -1 0 0
vn -1 0 0
vn -1 0 0
vn -1 0 0
vn -1 0 0
vn -1 0 0
vn 0 0.9486833010307459 0.31622775707614126
vn 0 0.9486833010307459 0.31622775707614126
vn 0 0.9486833010307459 0.31622775707614126
vn -0.37426971693108324 0.6861611477069859 -0.6237828615518055
vn -0.37426971693108324 0.6861611477069859 -0.6237828615518055
vn -0.37426971693108324 0.6861611477069859 -0.6237828615518055
vn 0 0.9922778767136676 0.12403473458920834
vn 0 0.9922778767136676 0.12403473458920834
vn 0 0.9922778767136676 0.12403473458920834
vn -0.2357022603955158 0.9428090415820632 -0.23570226039551595
vn -0.2357022603955158 0.9428090415820632 -0.23570226039551595
vn -0.2357022603955158 0.9428090415820632 -0.23570226039551595
vn 0.2981424069340794 0.7453559726317144 -0.5962848138681589
vn 0.2981424069340794 0.7453559726317144 -0.5962848138681589
vn 0.2981424069340794 0.7453559726317144 -0.5962848138681589
vn 0.9863939246376118 -0.16439898247254825 2.01330687668088e-17
vn 0.9863939246376118 -0.16439898247254825 2.01330687668088e-17
vn 0.9863939246376118 -0.16439898247254825 2.01330687668088e-17
vn -0.27143949352583546 0.9623764186486775 0.012338159643285655
vn -0.27143949352583546 0.9623764186486775 0.012338159643285655
vn -0.27143949352583546 0.9623764186486775 0.012338159643285655
vn 0 0.9701425001453319 0.24253562503633283
vn 0 0.9701425001453319 0.24253562503633283
vn 0 0.9701425001453319 0.24253562503633283
vn 0 1 -1.2246467991473532e-16
vn 0 1 -1.2246467991473532e-16
vn 0 1 -1.2246467991473532e-16
vn 0.47491746255293144 0.7802215669100458 0.4070721192746045
vn 0.47491746255293144 0.7802215669100458 0.4070721192746045
vn 0.47491746255293144 0.7802215669100458 0.4070721192746045
vn -0.12403473458920845 0.9922778767136676 -1.215189925582125e-16
vn -0.12403473458920845 0.9922778767136676 -1.215189925582125e-16
vn -0.12403473458920845 0.9922778767136676 -1.215189925582125e-16
vn 0.07669649932300648 0.9203579918760777 0.3834824817138712
vn 0.07669649932300648 0.9203579918760777 0.3834824817138712
vn 0.07669649932300648 0.9203579918760777 0.3834824817138712
vn 0.4850712395541991 0.727606889133621 0.48507123955419906
vn 0.4850712395541991 0.727606889133621 0.48507123955419906
vn 0.4850712395541991 0.727606889133621 0.48507123955419906
vn 0 1 -1.2246467991473532e-16
vn 0 1 -1.2246467991473532e-16
vn 0 1 -1.2246467991473532e-16
vn -0.31606978850636663 0.9482093059144538 0.03160697661546232
vn -0.31606978850636663 0.9482093059144538 0.03160697661546232
vn -0.31606978850636663 0.9482093059144538 0.03160697661546232
vn -0.12146644971004839 0.9717315976803871 -0.2024440753995002
vn -0.12146644971004839 0.9717315976803871 -0.2024440753995002
vn -0.12146644971004839 0.9717315976803871 -0.2024440753995002
vn 0.31234752377721214 0.9370425713316364 0.15617376188860596
vn 0.31234752377721214 0.9370425713316364 0.15617376188860596
vn 0.31234752377721214 0.9370425713316364 0.15617376188860596
vn -0.31234752377721214 0.9370425713316364 -0.15617376188860618
vn -0.31234752377721214 0.9370425713316364 -0.15617376188860618
vn -0.31234752377721214 0.9370425713316364 -0.15617376188860618
vn 0.09053574738606589 0.9958932063455632 -1.2196174274436884e-16
vn 0.09053574738606589 0.9958932063455632 -1.2196174274436884e-16
vn 0.09053574738606589 0.9958932063455632 -1.2196174274436884e-16
vn 0.10576238443659097 0.9941664300952324 0.02115247763237613
vn 0.10576238443659097 0.9941664300952324 0.02115247763237613
vn 0.10576238443659097 0.9941664300952324 0.02115247763237613
vn 0.30151134457776363 0.9045340337332908 0.3015113445777635
vn 0.30151134457776363 0.9045340337332908 0.3015113445777635
vn 0.30151134457776363 0.9045340337332908 0.3015113445777635
vn -0.17888544475649407 0.9838699089078144 -1.204893134721353e-16
vn -0.17888544475649407 0.9838699089078144 -1.204893134721353e-16
vn -0.17888544475649407 0.9838699089078144 -1.204893134721353e-16
vn -0.08586533572817741 0.9935845970116012 -0.07359886345305548
vn -0.08586533572817741 0.9935845970116012 -0.07359886345305548
vn -0.08586533572817741 0.9935845970116012 -0.07359886345305548
vn 0.14142136666812263 -1.2123384769048244e-16 -0.9899494921710503
vn 0.14142136666812263 -1.2123384769048244e-16 -0.9899494921710503
vn 0.14142136666812263 -1.2123384769048244e-16 -0.9899494921710503
vn 0.09016696280043116 0.9918365982553233 0.09016696280043104
vn 0.09016696280043116 0.9918365982553233 0.09016696280043104
vn 0.09016696280043116 0.9918365982553233 0.09016696280043104
vn 0 1.2246467991473532e-16 1
vn 0 1.2246467991473532e-16 1
vn 0 1.2246467991473532e-16 1
vn -1 0 0
vn -1 0 0
vn -1 0 0
vn 0.08240856434303291 0.988902772116395 0.12361284651454926
vn 0.08240856434303291 0.988902772116395 0.12361284651454926
vn 0.08240856434303291 0.988902772116395 0.12361284651454926
vn 0 1 -1.2246467991473532e-16
vn 0 1 -1.2246467991473532e-16
vn 0 1 -1.2246467991473532e-16
vn 0.7071067811865475 -8.659560562354932e-17 -0.7071067811865475
vn 0.7071067811865475 -8.659560562354932e-17 -0.7071067811865475
vn 0.7071067811865475 -8.659560562354932e-17 -0.7071067811865475
vn 0.6556100766034618 0.7492686419454866 0.09365858024318574
vn 0.6556100766034618 0.7492686419454866 0.09365858024318574
vn 0.6556100766034618 0.7492686419454866 0.09365858024318574
vn 0.639602143648227 -0.4264014489670336 -0.6396021436482269
vn 0.639602143648227 -0.4264014489670336 -0.6396021436482269
vn 0.639602143648227 -0.4264014489670336 -0.6396021436482269
vn 0.9899494921710503 1.7319122402116054e-17 0.14142136666812263
vn 0.9899494921710503 1.7319122402116054e-17 0.14142136666812263
vn 0.9899494921710503 1.7319122402116054e-17 0.14142136666812263
vn -0.12403473458920845 0.9922778767136676 -1.215189925582125e-16
vn -0.12403473458920845 0.9922778767136676 -1.215189925582125e-16
vn -0.12403473458920845 0.9922778767136676 -1.215189925582125e-16
vn -0.17035038583074988 0.9842467200479447 -0.04731955327533742
vn -0.17035038583074988 0.9842467200479447 -0.04731955327533742
vn -0.17035038583074988 0.9842467200479447 -0.04731955327533742
vn 0 1.2246467991473532e-16 1
vn 0 1.2246467991473532e-16 1
vn 0 1.2246467991473532e-16 1
vn 0 1.2246467991473532e-16 1
vn 0.44721359549995787 -1.095357396528405e-16 -0.8944271909999157
vn 0.44721359549995787 -1.095357396528405e-16 -0.8944271909999157
vn 0.44721359549995787 -1.095357396528405e-16 -0.8944271909999157
vn 0.44721359549995787 -1.095357396528405e-16 -0.8944271909999157
vn -1 0 0
vn -1 0 0
vn -1 0 0
vn -1 0 0
vn 0 1 -1.2246467991473532e-16
vn 0 1 -1.2246467991473532e-16
vn 0 1 -1.2246467991473532e-16
vn 0 1 -1.2246467991473532e-16
vn 0 1 -1.2246467991473532e-16
vn 0 1 -1.2246467991473532e-16
vn 0 1 -1.2246467991473532e-16
vn 0 1 -1.2246467991473532e-16
vn -1 0 0
vn -1 0 0
vn -1 0 0
vn -1 0 0
vn 1 0 0
vn 1 0 0
vn 1 0 0
vn 1 0 0
vn 0 1.2246467991473532e-16 1
vn 0 1.2246467991473532e-16 1
vn 0 1.2246467991473532e-16 1
vn 0 1.2246467991473532e-16 1
f 3229/3229/3229 3228/3228/3228 3227/3227/3227
f 3232/3232/3232 3231/3231/3231 3230/3230/3230
f 3235/3235/3235 3234/3234/3234 3233/3233/3233
f 3238/3238/3238 3237/3237/3237 3236/3236/3236
f 3241/3241/3241 3240/3240/3240 3239/3239/3239
f 3244/3244/3244 3243/3243/3243 3242/3242/3242
f 3247/3247/3247 3246/3246/3246 3245/3245/3245
f 3250/3250/3250 3249/3249/3249 3248/3248/3248
f 3253/3253/3253 3252/3252/3252 3251/3251/3251
f 3256/3256/3256 3255/3255/3255 3254/3254/3254
f 3259/3259/3259 3258/3258/3258 3257/3257/3257
f 3262/3262/3262 3261/3261/3261 3260/3260/3260
f 3265/3265/3265 3264/3264/3264 3263/3263/3263
f 3268/3268/3268 3267/3267/3267 3266/3266/3266
f 3271/3271/3271 3270/3270/3270 3269/3269/3269
f 3274/3274/3274 3273/3273/3273 3272/3272/3272
f 3277/3277/3277 3276/3276/3276 3275/3275/3275
f 3280/3280/3280 3279/3279/3279 3278/3278/3278
f 3283/3283/3283 3282/3282/3282 3281/3281/3281
f 3286/3286/3286 3285/3285/3285 3284/3284/3284
f 3289/3289/3289 3288/3288/3288 3287/3287/3287
f 3292/3292/3292 3291/3291/3291 3290/3290/3290
f 3295/3295/3295 3294/3294/3294 3293/3293/3293
f 3298/3298/3298 3297/3297/3297 3296/3296/3296
f 3301/3301/3301 3300/3300/3300 3299/3299/3299
f 3304/3304/3304 3303/3303/3303 3302/3302/3302
f 3307/3307/3307 3306/3306/3306 3305/3305/3305
f 3310/3310/3310 3309/3309/3309 3308/3308/3308
f 3313/3313/3313 3312/3312/3312 3311/3311/3311
f 3316/3316/3316 3315/3315/3315 3314/3314/3314
f 3319/3319/3319 3318/3318/3318 3317/3317/3317
f 3322/3322/3322 3321/3321/3321 3320/3320/3320
f 3325/3325/3325 3324/3324/3324 3323/3323/3323
f 3328/3328/3328 3327/3327/3327 3326/3326/3326
f 3331/3331/3331 3330/3330/3330 3329/3329/3329
f 3334/3334/3334 3333/3333/3333 3332/3332/3332
f 3337/3337/3337 3336/3336/3336 3335/3335/3335
f 3340/3340/3340 3339/3339/3339 3338/3338/3338
f 3343/3343/3343 3342/3342/3342 3341/3341/3341
f 3346/3346/3346 3345/3345/3345 3344/3344/3344
f 3349/3349/3349 3348/3348/3348 3347/3347/3347
f 3352/3352/3352 3351/3351/3351 3350/3350/3350
f 3351/3351/3351 3352/3352/3352 3353/3353/3353
f 3356/3356/3356 3355/3355/3355 3354/3354/3354
f 3355/3355/3355 3356/3356/3356 3357/3357/3357
f 3360/3360/3360 3359/3359/3359 3358/3358/3358
f 3359/3359/3359 3360/3360/3360 3361/3361/3361
f 3364/3364/3364 3363/3363/3363 3362/3362/3362
f 3363/3363/3363 3364/3364/3364 3365/3365/3365
f 3368/3368/3368 3367/3367/3367 3366/3366/3366
f 3367/3367/3367 3368/3368/3368 3369/3369/3369
f 3372/3372/3372 3371/3371/3371 3370/3370/3370
f 3371/3371/3371 3372/3372/3372 3373/3373/3373
f 3376/3376/3376 3375/3375/3375 3374/3374/3374
f 3375/3375/3375 3376/3376/3376 3377/3377/3377
f 3380/3380/3380 3379/3379/3379 3378/3378/3378
f 3379/3379/3379 3380/3380/3380 3381/3381/3381
o mesh_13
usemtl mat3
v 22.400000000000002 9.599999999999987 -120
v 28.8 9.599999999999987 -123.2
v 28.8 9.599999999999987 -116.80000000000001
v 28.8 9.599999999999987 -123.2
v 22.400000000000002 9.599999999999987 -120
v 16 9.599999999999987 -123.2
v 9.600000000000001 10.399999999999986 -123.2
v 3.2 9.599999999999987 -123.2
v 3.2 9.599999999999985 -125.60000000000001
v 28.8 9.599999999999989 -104
v 28.8 9.599999999999989 -97.60000000000001
v 22.400000000000002 9.599999999999989 -97.60000000000001
v 16 9.599999999999985 -132.8
v 16 9.599999999999987 -123.2
v 9.600000000000001 10.399999999999986 -123.2
v 16 9.599999999999987 -123.2
v 16 9.599999999999985 -132.8
v 28.8 9.599999999999985 -132.8
v 28.8 5.599999999999987 -107.2
v 28.8 4.799999999999987 -110.4
v 28.8 4.799999999999989 -97.60000000000001
v 3.2 9.599999999999985 -125.60000000000001
v 3.2 9.599999999999987 -123.2
v 3.2 4.799999999999986 -123.2
v 28.8 9.599999999999985 -132.8
v 28.8 9.599999999999987 -123.2
v 16 9.599999999999987 -123.2
v 22.400000000000002 9.599999999999989 -97.60000000000001
v 28.8 9.599999999999989 -97.60000000000001
v 20.8 4.799999999999989 -97.60000000000001
v 28.8 4.799999999999989 -97.60000000000001
v 28.8 9.599999999999987 -116.80000000000001
v 28.8 9.599999999999987 -123.2
v 28.8 4.7999999999999865 -113.60000000000001
v 28.8 4.799999999999986 -123.2
v 28.8 4.799999999999989 -97.60000000000001
v 28.8 9.599999999999989 -97.60000000000001
v 28.8 5.599999999999987 -107.2
v 28.8 9.599999999999989 -104
v 3.2 4.799999999999986 -123.2
v 3.2 4.799999999999985 -132.8
v 3.2 9.599999999999985 -125.60000000000001
v 3.2 9.599999999999985 -132.8
v 9.600000000000001 10.399999999999986 -123.2
v 3.2 9.599999999999985 -125.60000000000001
v 16 9.599999999999985 -132.8
v 3.2 9.599999999999985 -132.8
v 28.8 4.799999999999986 -123.2
v 28.8 9.599999999999987 -123.2
v 28.8 4.799999999999985 -132.8
v 28.8 9.599999999999985 -132.8
vt 0.7109375 0.703125
vt 0.65625 0.671875
vt 0.65625 0.7265625
vt 0.65625 0.671875
vt 0.7109375 0.703125
vt 0.7734375 0.671875
vt 0.8671875 0.8671875
vt 0.75 0.8671875
vt 0.75 0.8125
vt 0.71875 0.640625
vt 0.71875 0.7265625
vt 0.7734375 0.7265625
vt 0.7734375 0.5703125
vt 0.7734375 0.671875
vt 0.8359375 0.671875
vt 0.7734375 0.671875
vt 0.7734375 0.5703125
vt 0.65625 0.5703125
vt 0.6640625 0.609375
vt 0.65625 0.5703125
vt 0.65625 0.7265625
vt 0.8671875 0.8125
vt 0.8671875 0.8671875
vt 0.75 0.8671875
vt 0.65625 0.5703125
vt 0.65625 0.671875
vt 0.7734375 0.671875
vt 0.75 0.6484375
vt 0.84375 0.6484375
vt 0.7265625 0.7265625
vt 0.84375 0.7265625
vt 0.65625 0.7265625
vt 0.65625 0.671875
vt 0.7109375 0.7578125
vt 0.7109375 0.671875
vt 0.65625 0.7265625
vt 0.7109375 0.7265625
vt 0.6640625 0.609375
vt 0.7109375 0.6484375
vt 0.84375 0.671875
vt 0.84375 0.5703125
vt 0.8984375 0.6328125
vt 0.8984375 0.5703125
vt 0.8359375 0.671875
vt 0.8984375 0.6328125
vt 0.7734375 0.5703125
vt 0.8984375 0.5703125
vt 0.7109375 0.671875
vt 0.65625 0.671875
vt 0.7109375 0.5703125
vt 0.65625 0.5703125
vn 0 1 -1.2246467991473532e-16
vn 0 1 -1.2246467991473532e-16
vn 0 1 -1.2246467991473532e-16
vn 0 1 -1.2246467991473532e-16
vn 0 1 -1.2246467991473532e-16
vn 0 1 -1.2246467991473532e-16
vn -0.12403473458920845 0.9922778767136676 -1.215189925582125e-16
vn -0.12403473458920845 0.9922778767136676 -1.215189925582125e-16
vn -0.12403473458920845 0.9922778767136676 -1.215189925582125e-16
vn 0 1 -1.2246467991473532e-16
vn 0 1 -1.2246467991473532e-16
vn 0 1 -1.2246467991473532e-16
vn 0.12403473458920845 0.9922778767136676 -1.215189925582125e-16
vn 0.12403473458920845 0.9922778767136676 -1.215189925582125e-16
vn 0.12403473458920845 0.9922778767136676 -1.215189925582125e-16
vn 0 1 -1.2246467991473532e-16
vn 0 1 -1.2246467991473532e-16
vn 0 1 -1.2246467991473532e-16
vn 1 0 0
vn 1 0 0
vn 1 0 0
vn -1 0 0
vn -1 0 0
vn -1 0 0
vn 0 1 -1.2246467991473532e-16
vn 0 1 -1.2246467991473532e-16
vn 0 1 -1.2246467991473532e-16
vn 0 1.2246467991473532e-16 1
vn 0 1.2246467991473532e-16 1
vn 0 1.2246467991473532e-16 1
vn 0 1.2246467991473532e-16 1
vn 1 0 0
vn 1 0 0
vn 1 0 0
vn 1 0 0
vn 1 0 0
vn 1 0 0
vn 1 0 0
vn 1 0 0
vn -1 0 0
vn -1 0 0
vn -1 0 0
vn -1 0 0
vn -0.0741375096468264 0.9885000690197068 -0.13180001218285994
vn -0.0741375096468264 0.9885000690197068 -0.13180001218285994
vn -0.0741375096468264 0.9885000690197068 -0.13180001218285994
vn -0.0741375096468264 0.9885000690197068 -0.13180001218285994
vn 1 0 0
vn 1 0 0
vn 1 0 0
vn 1 0 0
f 3384/3384/3384 3383/3383/3383 3382/3382/3382
f 3387/3387/3387 3386/3386/3386 3385/3385/3385
f 3390/3390/3390 3389/3389/3389 3388/3388/3388
f 3393/3393/3393 3392/3392/3392 3391/3391/3391
f 3396/3396/3396 3395/3395/3395 3394/3394/3394
f 3399/3399/3399 3398/3398/3398 3397/3397/3397
f 3402/3402/3402 3401/3401/3401 3400/3400/3400
f 3405/3405/3405 3404/3404/3404 3403/3403/3403
f 3408/3408/3408 3407/3407/3407 3406/3406/3406
f 3411/3411/3411 3410/3410/3410 3409/3409/3409
f 3410/3410/3410 3411/3411/3411 3412/3412/3412
f 3415/3415/3415 3414/3414/3414 3413/3413/3413
f 3414/3414/3414 3415/3415/3415 3416/3416/3416
f 3419/3419/3419 3418/3418/3418 3417/3417/3417
f 3418/3418/3418 3419/3419/3419 3420/3420/3420
f 3423/3423/3423 3422/3422/3422 3421/3421/3421
f 3422/3422/3422 3423/3423/3423 3424/3424/3424
f 3427/3427/3427 3426/3426/3426 3425/3425/3425
f 3426/3426/3426 3427/3427/3427 3428/3428/3428
f 3431/3431/3431 3430/3430/3430 3429/3429/3429
f 3430/3430/3430 3431/3431/3431 3432/3432/3432
o mesh_14
usemtl mat13
v 67.2 38.4 -40.00000000000001
v 67.2 41.599999999999994 -40.00000000000001
v 64 38.4 -40.00000000000001
v 64 41.599999999999994 -40.00000000000001
v 75.2 38.4 -40.00000000000001
v 75.2 25.599999999999998 -40
v 76.80000000000001 38.4 -40.00000000000001
v 76.80000000000001 25.599999999999998 -40
v 76.80000000000001 12.799999999999995 -40
v 75.2 12.799999999999995 -40
v 76.80000000000001 -4.898587196589413e-15 -40
v 75.2 -4.898587196589413e-15 -40
v 67.2 41.599999999999994 -40.00000000000001
v 67.2 51.199999999999996 -40.00000000000001
v 64 41.599999999999994 -40.00000000000001
v 64 51.199999999999996 -40.00000000000001
v 51.2 41.599999999999994 -40.00000000000001
v 51.2 51.199999999999996 -40.00000000000001
v 48 41.599999999999994 -40.00000000000001
v 48 51.199999999999996 -40.00000000000001
v 64 12.799999999999995 -40
v 64 -4.898587196589413e-15 -40
v 67.2 12.799999999999995 -40
v 67.2 -4.898587196589413e-15 -40
v 64 12.799999999999995 -38.400000000000006
v 64 -4.702643708725837e-15 -38.400000000000006
v 64 12.799999999999995 -40
v 64 -4.898587196589413e-15 -40
v 51.2 38.4 -40.00000000000001
v 51.2 41.599999999999994 -40.00000000000001
v 48 38.4 -40.00000000000001
v 48 41.599999999999994 -40.00000000000001
v 48 12.799999999999995 -40
v 48 -4.898587196589413e-15 -40
v 51.2 12.799999999999995 -40
v 51.2 -4.898587196589413e-15 -40
v 12.8 41.599999999999994 -40.00000000000001
v 1.6 41.599999999999994 -40.00000000000001
v 12.8 38.4 -40.00000000000001
v 1.6 38.4 -40.00000000000001
v 51.2 41.599999999999994 -40.00000000000001
v 51.2 38.4 -40.00000000000001
v 64 41.599999999999994 -40.00000000000001
v 64 38.4 -40.00000000000001
v 67.2 41.599999999999994 -40.00000000000001
v 67.2 38.4 -40.00000000000001
v 75.2 41.599999999999994 -40.00000000000001
v 75.2 38.4 -40.00000000000001
v 51.2 38.4 -40.00000000000001
v 51.2 38.4 -38.40000000000001
v 64 38.4 -40.00000000000001
v 64 38.4 -38.40000000000001
v 51.2 25.599999999999998 -40
v 51.2 38.4 -40.00000000000001
v 48 25.599999999999998 -40
v 48 38.4 -40.00000000000001
v 64 25.599999999999998 -40
v 64 38.4 -40.00000000000001
v 64 25.599999999999998 -38.400000000000006
v 64 38.4 -38.40000000000001
v 67.2 25.599999999999998 -40
v 67.2 38.4 -40.00000000000001
v 64 25.599999999999998 -40
v 64 38.4 -40.00000000000001
v 48 25.599999999999998 -40
v 48 12.799999999999995 -40
v 51.2 25.599999999999998 -40
v 51.2 12.799999999999995 -40
v 64 25.599999999999998 -40
v 64 12.799999999999995 -40
v 67.2 25.599999999999998 -40
v 67.2 12.799999999999995 -40
v 64 25.599999999999998 -38.400000000000006
v 64 12.799999999999995 -38.400000000000006
v 64 25.599999999999998 -40
v 64 12.799999999999995 -40
v 38.400000000000006 38.4 -40.00000000000001
v 48 38.4 -40.00000000000001
v 38.400000000000006 41.599999999999994 -40.00000000000001
v 48 41.599999999999994 -40.00000000000001
v 25.6 38.4 -40.00000000000001
v 38.400000000000006 38.4 -40.00000000000001
v 25.6 41.599999999999994 -40.00000000000001
v 38.400000000000006 41.599999999999994 -40.00000000000001
v 12.8 38.4 -40.00000000000001
v 25.6 38.4 -40.00000000000001
v 12.8 41.599999999999994 -40.00000000000001
v 25.6 41.599999999999994 -40.00000000000001
v 75.2 19.2 -40
v 75.2 12.799999999999995 -40
v 76.80000000000001 19.2 -40
v 76.80000000000001 12.799999999999995 -40
vt 0.875 0.9921875
vt 0.875 0.9375
vt 0.9921875 0.9921875
vt 0.9921875 0.9375
vt 0.875 0.75
vt 0.875 0.9921875
vt 0.9296875 0.75
vt 0.9296875 0.9921875
vt 0.9375 0.75
vt 0.9921875 0.75
vt 0.9375 0.9921875
vt 0.9921875 0.9921875
vt 0.875 0.9375
vt 0.875 0.75
vt 0.9921875 0.9375
vt 0.9921875 0.75
vt 0.875 0.6875
vt 0.875 0.5
vt 0.9921875 0.6875
vt 0.9921875 0.5
vt 0.9921875 0.5
vt 0.9921875 0.7421875
vt 0.875 0.5
vt 0.875 0.7421875
vt 0.9296875 0.5
vt 0.9296875 0.7421875
vt 0.875 0.5
vt 0.875 0.7421875
vt 0.875 0.75
vt 0.875 0.6875
vt 0.9921875 0.75
vt 0.9921875 0.6875
vt 0.9921875 0.75
vt 0.9921875 0.9921875
vt 0.875 0.75
vt 0.875 0.9921875
vt 0.9921875 0.75
vt 0.9921875 0.9921875
vt 0.875 0.75
vt 0.875 0.9921875
vt 0.9921875 0.9921875
vt 0.875 0.9921875
vt 0.9921875 0.75
vt 0.875 0.75
vt 0.9921875 0.6796875
vt 0.875 0.6796875
vt 0.9921875 0.5
vt 0.875 0.5
vt 0.9296875 0.9921875
vt 0.875 0.9921875
vt 0.9296875 0.75
vt 0.875 0.75
vt 0.875 0.9921875
vt 0.875 0.75
vt 0.9921875 0.9921875
vt 0.9921875 0.75
vt 0.875 0.75
vt 0.875 0.5
vt 0.9296875 0.75
vt 0.9296875 0.5
vt 0.875 0.75
vt 0.875 0.5
vt 0.9921875 0.75
vt 0.9921875 0.5
vt 0.9921875 0.5
vt 0.9921875 0.75
vt 0.875 0.5
vt 0.875 0.75
vt 0.9921875 0.75
vt 0.9921875 0.9921875
vt 0.875 0.75
vt 0.875 0.9921875
vt 0.9296875 0.75
vt 0.9296875 0.9921875
vt 0.875 0.75
vt 0.875 0.9921875
vt 0.875 0.75
vt 0.875 0.5625
vt 0.9921875 0.75
vt 0.9921875 0.5625
vt 0.875 0.9921875
vt 0.875 0.75
vt 0.9921875 0.9921875
vt 0.9921875 0.75
vt 0.875 0.75
vt 0.875 0.5
vt 0.9921875 0.75
vt 0.9921875 0.5
vt 0.9921875 0.625
vt 0.9921875 0.75
vt 0.9375 0.625
vt 0.9375 0.75
vn 0 -1.2246467991473532e-16 -1
vn 0 -1.2246467991473532e-16 -1
vn 0 -1.2246467991473532e-16 -1
vn 0 -1.2246467991473532e-16 -1
vn 0 -1.2246467991473532e-16 -1
vn 0 -1.2246467991473532e-16 -1
vn 0 -1.2246467991473532e-16 -1
vn 0 -1.2246467991473532e-16 -1
vn 0 -1.2246467991473532e-16 -1
vn 0 -1.2246467991473532e-16 -1
vn 0 -1.2246467991473532e-16 -1
vn 0 -1.2246467991473532e-16 -1
vn 0 -1.2246467991473532e-16 -1
vn 0 -1.2246467991473532e-16 -1
vn 0 -1.2246467991473532e-16 -1
vn 0 -1.2246467991473532e-16 -1
vn 0 -1.2246467991473532e-16 -1
vn 0 -1.2246467991473532e-16 -1
vn 0 -1.2246467991473532e-16 -1
vn 0 -1.2246467991473532e-16 -1
vn 0 -1.2246467991473532e-16 -1
vn 0 -1.2246467991473532e-16 -1
vn 0 -1.2246467991473532e-16 -1
vn 0 -1.2246467991473532e-16 -1
vn -1 0 0
vn -1 0 0
vn -1 0 0
vn -1 0 0
vn 0 -1.2246467991473532e-16 -1
vn 0 -1.2246467991473532e-16 -1
vn 0 -1.2246467991473532e-16 -1
vn 0 -1.2246467991473532e-16 -1
vn 0 -1.2246467991473532e-16 -1
vn 0 -1.2246467991473532e-16 -1
vn 0 -1.2246467991473532e-16 -1
vn 0 -1.2246467991473532e-16 -1
vn 0 -1.2246467991473532e-16 -1
vn 0 -1.2246467991473532e-16 -1
vn 0 -1.2246467991473532e-16 -1
vn 0 -1.2246467991473532e-16 -1
vn 0 -1.2246467991473532e-16 -1
vn 0 -1.2246467991473532e-16 -1
vn 0 -1.2246467991473532e-16 -1
vn 0 -1.2246467991473532e-16 -1
vn 0 -1.2246467991473532e-16 -1
vn 0 -1.2246467991473532e-16 -1
vn 0 -1.2246467991473532e-16 -1
vn 0 -1.2246467991473532e-16 -1
vn 0 -1 1.2246467991473532e-16
vn 0 -1 1.2246467991473532e-16
vn 0 -1 1.2246467991473532e-16
vn 0 -1 1.2246467991473532e-16
vn 0 -1.2246467991473532e-16 -1
vn 0 -1.2246467991473532e-16 -1
vn 0 -1.2246467991473532e-16 -1
vn 0 -1.2246467991473532e-16 -1
vn -1 0 0
vn -1 0 0
vn -1 0 0
vn -1 0 0
vn 0 -1.2246467991473532e-16 -1
vn 0 -1.2246467991473532e-16 -1
vn 0 -1.2246467991473532e-16 -1
vn 0 -1.2246467991473532e-16 -1
vn 0 -1.2246467991473532e-16 -1
vn 0 -1.2246467991473532e-16 -1
vn 0 -1.2246467991473532e-16 -1
vn 0 -1.2246467991473532e-16 -1
vn 0 -1.2246467991473532e-16 -1
vn 0 -1.2246467991473532e-16 -1
vn 0 -1.2246467991473532e-16 -1
vn 0 -1.2246467991473532e-16 -1
vn -1 0 0
vn -1 0 0
vn -1 0 0
vn -1 0 0
vn 0 -1.2246467991473532e-16 -1
vn 0 -1.2246467991473532e-16 -1
vn 0 -1.2246467991473532e-16 -1
vn 0 -1.2246467991473532e-16 -1
vn 0 -1.2246467991473532e-16 -1
vn 0 -1.2246467991473532e-16 -1
vn 0 -1.2246467991473532e-16 -1
vn 0 -1.2246467991473532e-16 -1
vn 0 -1.2246467991473532e-16 -1
vn 0 -1.2246467991473532e-16 -1
vn 0 -1.2246467991473532e-16 -1
vn 0 -1.2246467991473532e-16 -1
vn 0 -1.2246467991473532e-16 -1
vn 0 -1.2246467991473532e-16 -1
vn 0 -1.2246467991473532e-16 -1
vn 0 -1.2246467991473532e-16 -1
f 3435/3435/3435 3434/3434/3434 3433/3433/3433
f 3434/3434/3434 3435/3435/3435 3436/3436/3436
f 3439/3439/3439 3438/3438/3438 3437/3437/3437
f 3438/3438/3438 3439/3439/3439 3440/3440/3440
f 3443/3443/3443 3442/3442/3442 3441/3441/3441
f 3442/3442/3442 3443/3443/3443 3444/3444/3444
f 3447/3447/3447 3446/3446/3446 3445/3445/3445
f 3446/3446/3446 3447/3447/3447 3448/3448/3448
f 3451/3451/3451 3450/3450/3450 3449/3449/3449
f 3450/3450/3450 3451/3451/3451 3452/3452/3452
f 3455/3455/3455 3454/3454/3454 3453/3453/3453
f 3454/3454/3454 3455/3455/3455 3456/3456/3456
f 3459/3459/3459 3458/3458/3458 3457/3457/3457
f 3458/3458/3458 3459/3459/3459 3460/3460/3460
f 3463/3463/3463 3462/3462/3462 3461/3461/3461
f 3462/3462/3462 3463/3463/3463 3464/3464/3464
f 3467/3467/3467 3466/3466/3466 3465/3465/3465
f 3466/3466/3466 3467/3467/3467 3468/3468/3468
f 3471/3471/3471 3470/3470/3470 3469/3469/3469
f 3470/3470/3470 3471/3471/3471 3472/3472/3472
f 3475/3475/3475 3474/3474/3474 3473/3473/3473
f 3474/3474/3474 3475/3475/3475 3476/3476/3476
f 3479/3479/3479 3478/3478/3478 3477/3477/3477
f 3478/3478/3478 3479/3479/3479 3480/3480/3480
f 3483/3483/3483 3482/3482/3482 3481/3481/3481
f 3482/3482/3482 3483/3483/3483 3484/3484/3484
f 3487/3487/3487 3486/3486/3486 3485/3485/3485
f 3486/3486/3486 3487/3487/3487 3488/3488/3488
f 3491/3491/3491 3490/3490/3490 3489/3489/3489
f 3490/3490/3490 3491/3491/3491 3492/3492/3492
f 3495/3495/3495 3494/3494/3494 3493/3493/3493
f 3494/3494/3494 3495/3495/3495 3496/3496/3496
f 3499/3499/3499 3498/3498/3498 3497/3497/3497
f 3498/3498/3498 3499/3499/3499 3500/3500/3500
f 3503/3503/3503 3502/3502/3502 3501/3501/3501
f 3502/3502/3502 3503/3503/3503 3504/3504/3504
f 3507/3507/3507 3506/3506/3506 3505/3505/3505
f 3506/3506/3506 3507/3507/3507 3508/3508/3508
f 3511/3511/3511 3510/3510/3510 3509/3509/3509
f 3510/3510/3510 3511/3511/3511 3512/3512/3512
f 3515/3515/3515 3514/3514/3514 3513/3513/3513
f 3514/3514/3514 3515/3515/3515 3516/3516/3516
f 3519/3519/3519 3518/3518/3518 3517/3517/3517
f 3518/3518/3518 3519/3519/3519 3520/3520/3520
f 3523/3523/3523 3522/3522/3522 3521/3521/3521
f 3522/3522/3522 3523/3523/3523 3524/3524/3524
o mesh_15
usemtl mat14
v 29.400000000000002 5.199999999999993 -60.2
v 29.200000000000003 4.399999999999993 -57.1
v 37.1 3.299999999999993 -56.800000000000004
v 29.200000000000003 4.399999999999993 -57.1
v 29.400000000000002 5.199999999999993 -60.2
v 20 6.799999999999994 -59
v 38.900000000000006 3.599999999999993 -58.1
v 38.6 2.799999999999993 -56.6
v 39.1 5.799999999999994 -55.800000000000004
v 39.1 5.799999999999994 -55.800000000000004
v 38.6 2.799999999999993 -56.6
v 37.1 3.299999999999993 -56.800000000000004
v 21.6 11.59999999999999 -80.7
v 21.900000000000002 12.39999999999999 -82.2
v 22.400000000000002 15.49999999999999 -81.4
v 39.300000000000004 9.79999999999999 -81.5
v 40.800000000000004 9.19999999999999 -81.30000000000001
v 41.300000000000004 12.29999999999999 -80.5
v 21.3 5.499999999999993 -57.400000000000006
v 19.700000000000003 5.999999999999993 -57.5
v 20.200000000000003 9.099999999999993 -56.7
v 20.200000000000003 9.099999999999993 -56.7
v 19.700000000000003 5.999999999999993 -57.5
v 20 6.799999999999994 -59
v 41.300000000000004 12.29999999999999 -80.5
v 40.800000000000004 9.19999999999999 -81.30000000000001
v 40.6 8.39999999999999 -79.80000000000001
v 22.400000000000002 15.49999999999999 -81.4
v 21.900000000000002 12.39999999999999 -82.2
v 23.5 11.89999999999999 -82
v 21.6 11.59999999999999 -80.7
v 31.1 9.999999999999991 -78.7
v 31.400000000000002 10.79999999999999 -81.80000000000001
v 29.400000000000002 5.199999999999993 -60.2
v 38.900000000000006 3.599999999999993 -58.1
v 39.7 5.999999999999991 -69
v 31.1 9.999999999999991 -78.7
v 21.6 11.59999999999999 -80.7
v 20.8 9.199999999999992 -69.9
v 37.6 -0.10000000000000714 -58.300000000000004
v 36.1 -0.4000000000000072 -58.5
v 37.1 3.299999999999993 -56.800000000000004
v 37.9 -0.10000000000000733 -59.800000000000004
v 37.6 -0.10000000000000714 -58.300000000000004
v 38.6 2.799999999999993 -56.6
v 29.6 7.399999999999993 -56.2
v 39.1 5.799999999999994 -55.800000000000004
v 37.1 3.299999999999993 -56.800000000000004
v 39.300000000000004 9.79999999999999 -81.5
v 41.300000000000004 12.29999999999999 -80.5
v 31.900000000000002 13.89999999999999 -80.9
v 20 6.799999999999994 -59
v 21.3 5.499999999999993 -57.400000000000006
v 29.200000000000003 4.399999999999993 -57.1
v 40.6 8.39999999999999 -79.80000000000001
v 39.300000000000004 9.79999999999999 -81.5
v 31.400000000000002 10.79999999999999 -81.80000000000001
v 21.3 5.499999999999993 -57.400000000000006
v 20.200000000000003 9.099999999999993 -56.7
v 29.6 7.399999999999993 -56.2
v 37.1 3.299999999999993 -56.800000000000004
v 38.900000000000006 3.599999999999993 -58.1
v 29.400000000000002 5.199999999999993 -60.2
v 20.8 9.199999999999992 -69.9
v 20 6.799999999999994 -59
v 29.400000000000002 5.199999999999993 -60.2
v 39.7 5.999999999999991 -69
v 40.6 8.39999999999999 -79.80000000000001
v 31.1 9.999999999999991 -78.7
v 31.400000000000002 10.79999999999999 -81.80000000000001
v 23.5 11.89999999999999 -82
v 21.6 11.59999999999999 -80.7
v 31.900000000000002 13.89999999999999 -80.9
v 22.400000000000002 15.49999999999999 -81.4
v 23.5 11.89999999999999 -82
v 38.6 2.799999999999993 -56.6
v 38.900000000000006 3.599999999999993 -58.1
v 37.9 -0.10000000000000733 -59.800000000000004
v 37.1 3.299999999999993 -56.800000000000004
v 38.6 2.799999999999993 -56.6
v 37.6 -0.10000000000000714 -58.300000000000004
v 23.5 11.89999999999999 -82
v 31.400000000000002 10.79999999999999 -81.80000000000001
v 31.900000000000002 13.89999999999999 -80.9
v 31.900000000000002 13.89999999999999 -80.9
v 31.400000000000002 10.79999999999999 -81.80000000000001
v 39.300000000000004 9.79999999999999 -81.5
v 21.6 11.59999999999999 -80.7
v 22.400000000000002 15.49999999999999 -81.4
v 21.8 13.899999999999991 -75.2
v 20.700000000000003 10.699999999999994 -62.800000000000004
v 20.200000000000003 9.099999999999993 -56.7
v 20 6.799999999999994 -59
v 29.6 7.399999999999993 -56.2
v 29.200000000000003 4.399999999999993 -57.1
v 21.3 5.499999999999993 -57.400000000000006
v 37.1 3.299999999999993 -56.800000000000004
v 29.200000000000003 4.399999999999993 -57.1
v 29.6 7.399999999999993 -56.2
v 38.900000000000006 3.599999999999993 -58.1
v 39.1 5.799999999999994 -55.800000000000004
v 39.6 7.399999999999992 -62
v 40.800000000000004 10.699999999999992 -74.3
v 41.300000000000004 12.29999999999999 -80.5
v 40.6 8.39999999999999 -79.80000000000001
v 39.7 5.999999999999991 -69
v 30.3 7.599999999999992 -69.4
v 29.400000000000002 5.199999999999993 -60.2
v 29.400000000000002 5.199999999999993 -60.2
v 30.3 7.599999999999992 -69.4
v 20.8 9.199999999999992 -69.9
v 20.8 9.199999999999992 -69.9
v 30.3 7.599999999999992 -69.4
v 31.1 9.999999999999991 -78.7
v 31.1 9.999999999999991 -78.7
v 30.3 7.599999999999992 -69.4
v 39.7 5.999999999999991 -69
v 31.400000000000002 10.79999999999999 -81.80000000000001
v 31.1 9.999999999999991 -78.7
v 40.6 8.39999999999999 -79.80000000000001
v 20.700000000000003 10.699999999999994 -62.800000000000004
v 21.3 12.299999999999992 -69
v 30.200000000000003 9.099999999999993 -62.400000000000006
v 30.700000000000003 10.699999999999992 -68.60000000000001
v 39.6 7.399999999999992 -62
v 39.1 5.799999999999994 -55.800000000000004
v 30.200000000000003 9.099999999999993 -62.400000000000006
v 29.6 7.399999999999993 -56.2
v 40.800000000000004 10.699999999999992 -74.3
v 40.2 9.09999999999999 -68.10000000000001
v 31.3 12.299999999999992 -74.8
v 30.700000000000003 10.699999999999992 -68.60000000000001
v 21.8 13.899999999999991 -75.2
v 22.400000000000002 15.49999999999999 -81.4
v 31.3 12.299999999999992 -74.8
v 31.900000000000002 13.89999999999999 -80.9
v 40.6 8.39999999999999 -79.80000000000001
v 39.7 5.999999999999991 -69
v 40.800000000000004 10.699999999999992 -74.3
v 40.2 9.09999999999999 -68.10000000000001
v 20 6.799999999999994 -59
v 20.8 9.199999999999992 -69.9
v 20.700000000000003 10.699999999999994 -62.800000000000004
v 21.3 12.299999999999992 -69
v 39.6 7.399999999999992 -62
v 40.2 9.09999999999999 -68.10000000000001
v 38.900000000000006 3.599999999999993 -58.1
v 39.7 5.999999999999991 -69
v 21.8 13.899999999999991 -75.2
v 21.3 12.299999999999992 -69
v 21.6 11.59999999999999 -80.7
v 20.8 9.199999999999992 -69.9
v 31.3 12.299999999999992 -74.8
v 30.700000000000003 10.699999999999992 -68.60000000000001
v 21.8 13.899999999999991 -75.2
v 21.3 12.299999999999992 -69
v 30.200000000000003 9.099999999999993 -62.400000000000006
v 29.6 7.399999999999993 -56.2
v 20.700000000000003 10.699999999999994 -62.800000000000004
v 20.200000000000003 9.099999999999993 -56.7
v 22 2.79999999999999 -84.60000000000001
v 20.200000000000003 2.49999999999999 -83.2
v 23.5 11.89999999999999 -82
v 21.6 11.59999999999999 -80.7
v 20.5 3.29999999999999 -84.7
v 22 2.79999999999999 -84.60000000000001
v 21.900000000000002 12.39999999999999 -82.2
v 23.5 11.89999999999999 -82
v 20.200000000000003 2.49999999999999 -83.2
v 20.5 3.29999999999999 -84.7
v 21.6 11.59999999999999 -80.7
v 21.900000000000002 12.39999999999999 -82.2
v 18.5 -0.7000000000000076 -61.5
v 19.8 -2.1000000000000076 -59.900000000000006
v 20 6.799999999999994 -59
v 21.3 5.499999999999993 -57.400000000000006
v 18.3 -1.5000000000000073 -60
v 18.5 -0.7000000000000076 -61.5
v 19.700000000000003 5.999999999999993 -57.5
v 20 6.799999999999994 -59
v 19.8 -2.1000000000000076 -59.900000000000006
v 18.3 -1.5000000000000073 -60
v 21.3 5.499999999999993 -57.400000000000006
v 19.700000000000003 5.999999999999993 -57.5
v 37.1 3.299999999999993 -56.800000000000004
v 36.1 -0.4000000000000072 -58.5
v 38.900000000000006 3.599999999999993 -58.1
v 37.9 -0.10000000000000733 -59.800000000000004
v 39.1 0.09999999999998992 -82.4
v 37.800000000000004 0.5999999999999898 -84
v 40.6 8.39999999999999 -79.80000000000001
v 39.300000000000004 9.79999999999999 -81.5
v 37.800000000000004 0.5999999999999898 -84
v 39.400000000000006 0.09999999999998975 -83.80000000000001
v 39.300000000000004 9.79999999999999 -81.5
v 40.800000000000004 9.19999999999999 -81.30000000000001
v 39.400000000000006 0.09999999999998975 -83.80000000000001
v 39.1 0.09999999999998992 -82.4
v 40.800000000000004 9.19999999999999 -81.30000000000001
v 40.6 8.39999999999999 -79.80000000000001
v 31.3 12.299999999999992 -74.8
v 31.900000000000002 13.89999999999999 -80.9
v 40.800000000000004 10.699999999999992 -74.3
v 41.300000000000004 12.29999999999999 -80.5
v 30.200000000000003 9.099999999999993 -62.400000000000006
v 30.700000000000003 10.699999999999992 -68.60000000000001
v 39.6 7.399999999999992 -62
v 40.2 9.09999999999999 -68.10000000000001
vt 0.5859375 0.1484375
vt 0.5625 0.1484375
vt 0.5625 0.0234375
vt 0.5625 0.1484375
vt 0.5859375 0.1484375
vt 0.5859375 0.3046875
vt 0.9609375 0.4921875
vt 0.9921875 0.4921875
vt 0.9921875 0.375
vt 0.9921875 0.375
vt 0.9921875 0.4921875
vt 0.953125 0.4921875
vt 0.9609375 0.4921875
vt 0.9921875 0.4921875
vt 0.9921875 0.375
vt 0.953125 0.4921875
vt 0.9921875 0.4921875
vt 0.9921875 0.375
vt 0.9453125 0.4921875
vt 0.9921875 0.4921875
vt 0.9921875 0.375
vt 0.9921875 0.375
vt 0.9921875 0.4921875
vt 0.9609375 0.4921875
vt 0.9921875 0.375
vt 0.9921875 0.4921875
vt 0.9609375 0.4921875
vt 0.9921875 0.375
vt 0.9921875 0.4921875
vt 0.953125 0.4921875
vt 0.90625 0.3046875
vt 0.90625 0.1484375
vt 0.9296875 0.1484375
vt 0.5859375 0.1484375
vt 0.5859375 0
vt 0.75 0
vt 0.90625 0.1484375
vt 0.90625 0.3046875
vt 0.75 0.3046875
vt 0.875 0.46875
vt 0.9140625 0.4921875
vt 0.75 0.4921875
vt 0.8984375 0.4609375
vt 0.875 0.484375
vt 0.75 0.4921875
vt 0.75 0.375
vt 0.9921875 0.375
vt 0.953125 0.4921875
vt 0.953125 0.4921875
vt 0.9921875 0.375
vt 0.75 0.375
vt 0.5859375 0.3046875
vt 0.5625 0.2734375
vt 0.5625 0.1484375
vt 0.90625 0
vt 0.9296875 0.015625
vt 0.9296875 0.1484375
vt 0.9453125 0.4921875
vt 0.9921875 0.375
vt 0.75 0.375
vt 0.5625 0.0234375
vt 0.5859375 0
vt 0.5859375 0.1484375
vt 0.75 0.3046875
vt 0.5859375 0.3046875
vt 0.5859375 0.1484375
vt 0.75 0
vt 0.90625 0
vt 0.90625 0.1484375
vt 0.9296875 0.1484375
vt 0.9296875 0.28125
vt 0.90625 0.3046875
vt 0.75 0.375
vt 0.9921875 0.375
vt 0.953125 0.4921875
vt 0.75 0.4921875
vt 0.75 0.4609375
vt 0.8984375 0.4609375
vt 0.75 0.4921875
vt 0.75 0.4609375
vt 0.875 0.46875
vt 0.953125 0.4921875
vt 0.75 0.4921875
vt 0.75 0.375
vt 0.75 0.375
vt 0.75 0.4921875
vt 0.953125 0.4921875
vt 0.9609375 0.4921875
vt 0.9921875 0.375
vt 0.875 0.375
vt 0.875 0.375
vt 0.9921875 0.375
vt 0.9609375 0.4921875
vt 0.75 0.375
vt 0.75 0.4921875
vt 0.9453125 0.4921875
vt 0.953125 0.4921875
vt 0.75 0.4921875
vt 0.75 0.375
vt 0.9609375 0.4921875
vt 0.9921875 0.375
vt 0.875 0.375
vt 0.875 0.375
vt 0.9921875 0.375
vt 0.9609375 0.4921875
vt 0.75 0
vt 0.75 0.1484375
vt 0.5859375 0.1484375
vt 0.5859375 0.1484375
vt 0.75 0.1484375
vt 0.75 0.3046875
vt 0.75 0.3046875
vt 0.75 0.1484375
vt 0.90625 0.1484375
vt 0.90625 0.1484375
vt 0.75 0.1484375
vt 0.75 0
vt 0.9296875 0.1484375
vt 0.90625 0.1484375
vt 0.90625 0
vt 0.625 0
vt 0.75 0
vt 0.625 0.1796875
vt 0.75 0.1796875
vt 0.625 0.3671875
vt 0.5 0.3671875
vt 0.625 0.1796875
vt 0.5 0.1796875
vt 0.875 0.3671875
vt 0.75 0.3671875
vt 0.875 0.1796875
vt 0.75 0.1796875
vt 0.875 0
vt 0.9921875 0
vt 0.875 0.1796875
vt 0.9921875 0.1796875
vt 0.9609375 0.4921875
vt 0.75 0.4921875
vt 0.875 0.375
vt 0.75 0.375
vt 0.9609375 0.4921875
vt 0.75 0.4921875
vt 0.875 0.375
vt 0.75 0.375
vt 0.875 0.375
vt 0.75 0.375
vt 0.9609375 0.4921875
vt 0.75 0.4921875
vt 0.875 0.375
vt 0.75 0.375
vt 0.9609375 0.4921875
vt 0.75 0.4921875
vt 0.875 0.1796875
vt 0.75 0.1796875
vt 0.875 0
vt 0.75 0
vt 0.625 0.1796875
vt 0.5 0.1796875
vt 0.625 0
vt 0.5 0
vt 0.7421875 0.4375
vt 0.7421875 0.4921875
vt 0.5 0.4375
vt 0.5 0.4921875
vt 0.7421875 0.4375
vt 0.7421875 0.4921875
vt 0.5 0.4375
vt 0.5 0.4921875
vt 0.7421875 0.4375
vt 0.7421875 0.4921875
vt 0.5 0.4375
vt 0.5 0.4921875
vt 0.6953125 0.375
vt 0.703125 0.4296875
vt 0.5 0.375
vt 0.5 0.4296875
vt 0.9453125 0.4921875
vt 0.9453125 0.4609375
vt 0.75 0.4921875
vt 0.75 0.4609375
vt 0.9453125 0.4921875
vt 0.9453125 0.4609375
vt 0.75 0.4921875
vt 0.75 0.4609375
vt 0.5 0.375
vt 0.625 0.375
vt 0.5 0.4296875
vt 0.625 0.4296875
vt 0.71875 0.4375
vt 0.7421875 0.4921875
vt 0.5 0.4375
vt 0.5 0.4921875
vt 0.7421875 0.4375
vt 0.7421875 0.4921875
vt 0.5 0.4375
vt 0.5 0.4921875
vt 0.7421875 0.4375
vt 0.71875 0.4921875
vt 0.5 0.4375
vt 0.5 0.4921875
vt 0.875 0.1796875
vt 0.9921875 0.1796875
vt 0.875 0.3671875
vt 0.9921875 0.3671875
vt 0.625 0.1796875
vt 0.75 0.1796875
vt 0.625 0.3671875
vt 0.75 0.3671875
vn -0.12381272442940913 -0.9588651409224661 -0.2554369800814017
vn -0.12381272442940913 -0.9588651409224661 -0.2554369800814017
vn -0.12381272442940913 -0.9588651409224661 -0.2554369800814017
vn -0.19394497725778473 -0.9467921927464816 -0.25684604250559623
vn -0.19394497725778473 -0.9467921927464816 -0.25684604250559623
vn -0.19394497725778473 -0.9467921927464816 -0.25684604250559623
vn 0.9775025682516013 -0.18827384398176897 0.09508779487322201
vn 0.9775025682516013 -0.18827384398176897 0.09508779487322201
vn 0.9775025682516013 -0.18827384398176897 0.09508779487322201
vn -0.20091626550169203 -0.2210078890716288 0.9543522238801333
vn -0.20091626550169203 -0.2210078890716288 0.9543522238801333
vn -0.20091626550169203 -0.2210078890716288 0.9543522238801333
vn -0.9782032853008781 0.18306639577928285 -0.09800524150754313
vn -0.9782032853008781 0.18306639577928285 -0.09800524150754313
vn -0.9782032853008781 0.18306639577928285 -0.09800524150754313
vn 0.211999580521849 0.21199958052184886 -0.9539980899965786
vn 0.211999580521849 0.21199958052184886 -0.9539980899965786
vn 0.211999580521849 0.21199958052184886 -0.9539980899965786
vn -0.13147899689792752 -0.22777349070901848 0.9647966160310386
vn -0.13147899689792752 -0.22777349070901848 0.9647966160310386
vn -0.13147899689792752 -0.22777349070901848 0.9647966160310386
vn -0.9782032853008781 0.18306639577928285 -0.09800524150754313
vn -0.9782032853008781 0.18306639577928285 -0.09800524150754313
vn -0.9782032853008781 0.18306639577928285 -0.09800524150754313
vn 0.9846978614889234 -0.16939036257904014 0.04095151577759003
vn 0.9846978614889234 -0.16939036257904014 0.04095151577759003
vn 0.9846978614889234 -0.16939036257904014 0.04095151577759003
vn 0.18755292612495983 0.21697298858539624 -0.9579909300856072
vn 0.18755292612495983 0.21697298858539624 -0.9579909300856072
vn 0.18755292612495983 0.21697298858539624 -0.9579909300856072
vn -0.10735435054112816 -0.9601185335498326 -0.25816166437721044
vn -0.10735435054112816 -0.9601185335498326 -0.25816166437721044
vn -0.10735435054112816 -0.9601185335498326 -0.25816166437721044
vn -0.11411761041201948 -0.9684351335917611 -0.22160903189842762
vn -0.11411761041201948 -0.9684351335917611 -0.22160903189842762
vn -0.11411761041201948 -0.9684351335917611 -0.22160903189842762
vn -0.11590768723926455 -0.9677548681592495 -0.223642400257461
vn -0.11590768723926455 -0.9677548681592495 -0.223642400257461
vn -0.11590768723926455 -0.9677548681592495 -0.223642400257461
vn -0.03995446761323973 -0.40823041376444846 0.9120041500977121
vn -0.03995446761323973 -0.40823041376444846 0.9120041500977121
vn -0.03995446761323973 -0.40823041376444846 0.9120041500977121
vn 0.8931748726557581 -0.4127083653866492 0.17863496857068728
vn 0.8931748726557581 -0.4127083653866492 0.17863496857068728
vn 0.8931748726557581 -0.4127083653866492 0.17863496857068728
vn -0.09142512087642254 -0.30592250839328977 0.9476565127360699
vn -0.09142512087642254 -0.30592250839328977 0.9476565127360699
vn -0.09142512087642254 -0.30592250839328977 0.9476565127360699
vn 0.09229322043260706 0.3052775649608959 -0.9477803383662926
vn 0.09229322043260706 0.3052775649608959 -0.9477803383662926
vn 0.09229322043260706 0.3052775649608959 -0.9477803383662926
vn -0.09031843502172107 -0.8075918651946227 -0.582784659687176
vn -0.09031843502172107 -0.8075918651946227 -0.582784659687176
vn -0.09031843502172107 -0.8075918651946227 -0.582784659687176
vn -0.07834388309332671 -0.7981283062192982 -0.5973721141745515
vn -0.07834388309332671 -0.7981283062192982 -0.5973721141745515
vn -0.07834388309332671 -0.7981283062192982 -0.5973721141745515
vn -0.09090464463459869 -0.2167726135555367 0.9719804419823267
vn -0.09090464463459869 -0.2167726135555367 0.9719804419823267
vn -0.09090464463459869 -0.2167726135555367 0.9719804419823267
vn -0.0844061989397828 -0.9389462082839439 -0.3335500135358152
vn -0.0844061989397828 -0.9389462082839439 -0.3335500135358152
vn -0.0844061989397828 -0.9389462082839439 -0.3335500135358152
vn -0.1912942107091882 -0.9555296428726963 -0.22443178594113175
vn -0.1912942107091882 -0.9555296428726963 -0.22443178594113175
vn -0.1912942107091882 -0.9555296428726963 -0.22443178594113175
vn -0.18731720454974066 -0.9554870576451158 -0.227940228025572
vn -0.18731720454974066 -0.9554870576451158 -0.227940228025572
vn -0.18731720454974066 -0.9554870576451158 -0.227940228025572
vn -0.11782750293000567 -0.9159583298299282 -0.3835844334282197
vn -0.11782750293000567 -0.9159583298299282 -0.3835844334282197
vn -0.11782750293000567 -0.9159583298299282 -0.3835844334282197
vn 0.08325370578406388 0.18852742417724802 -0.9785326927631557
vn 0.08325370578406388 0.18852742417724802 -0.9785326927631557
vn 0.08325370578406388 0.18852742417724802 -0.9785326927631557
vn 0.9593124205753392 -0.27904745401474734 0.043037171581912385
vn 0.9593124205753392 -0.27904745401474734 0.043037171581912385
vn 0.9593124205753392 -0.27904745401474734 0.043037171581912385
vn -0.2564639780706659 -0.4214617963158351 0.869825374542729
vn -0.2564639780706659 -0.4214617963158351 0.869825374542729
vn -0.2564639780706659 -0.4214617963158351 0.869825374542729
vn 0.061798243802156844 0.269071843226986 -0.9611354328321277
vn 0.061798243802156844 0.269071843226986 -0.9611354328321277
vn 0.061798243802156844 0.269071843226986 -0.9611354328321277
vn 0.07036948877704405 0.26763477649953915 -0.9609473250169852
vn 0.07036948877704405 0.26763477649953915 -0.9609473250169852
vn 0.07036948877704405 0.26763477649953915 -0.9609473250169852
vn -0.9801689947128578 0.19297343423038318 -0.04505547119848568
vn -0.9801689947128578 0.19297343423038318 -0.04505547119848568
vn -0.9801689947128578 0.19297343423038318 -0.04505547119848568
vn -0.9900966064595681 0.13249739707368047 -0.04640204355356086
vn -0.9900966064595681 0.13249739707368047 -0.04640204355356086
vn -0.9900966064595681 0.13249739707368047 -0.04640204355356086
vn -0.07499221765006582 -0.2773521860046621 0.9578371115228103
vn -0.07499221765006582 -0.2773521860046621 0.9578371115228103
vn -0.07499221765006582 -0.2773521860046621 0.9578371115228103
vn -0.07499221765006582 -0.2773521860046621 0.9578371115228103
vn -0.07499221765006582 -0.2773521860046621 0.9578371115228103
vn -0.07499221765006582 -0.2773521860046621 0.9578371115228103
vn 0.9896288170949836 -0.13655963888999303 0.044567582404906395
vn 0.9896288170949836 -0.13655963888999303 0.044567582404906395
vn 0.9896288170949836 -0.13655963888999303 0.044567582404906395
vn 0.9847396613838924 -0.17038643363030195 0.03544379398828388
vn 0.9847396613838924 -0.17038643363030195 0.03544379398828388
vn 0.9847396613838924 -0.17038643363030195 0.03544379398828388
vn -0.15097629648793762 -0.9528184892398812 -0.2633307510744176
vn -0.15097629648793762 -0.9528184892398812 -0.2633307510744176
vn -0.15097629648793762 -0.9528184892398812 -0.2633307510744176
vn -0.14674868771405875 -0.9535408946795163 -0.26310565335619274
vn -0.14674868771405875 -0.9535408946795163 -0.26310565335619274
vn -0.14674868771405875 -0.9535408946795163 -0.26310565335619274
vn -0.147143124293765 -0.9546018162371105 -0.259006319247001
vn -0.147143124293765 -0.9546018162371105 -0.259006319247001
vn -0.147143124293765 -0.9546018162371105 -0.259006319247001
vn -0.15133635922834063 -0.9538974306530552 -0.2591852583944742
vn -0.15133635922834063 -0.9538974306530552 -0.2591852583944742
vn -0.15133635922834063 -0.9538974306530552 -0.2591852583944742
vn -0.1897377941046868 -0.9460898504200533 -0.26251393185971816
vn -0.1897377941046868 -0.9460898504200533 -0.26251393185971816
vn -0.1897377941046868 -0.9460898504200533 -0.26251393185971816
vn 0.14966177762003116 0.9537712817963407 0.2606179087096228
vn 0.14966177762003116 0.9537712817963407 0.2606179087096228
vn 0.14966177762003116 0.9537712817963407 0.2606179087096228
vn 0.14966177762003116 0.9537712817963407 0.2606179087096228
vn 0.16122810545193852 0.9523858429543377 0.2587792575778323
vn 0.16122810545193852 0.9523858429543377 0.2587792575778323
vn 0.16122810545193852 0.9523858429543377 0.2587792575778323
vn 0.16122810545193852 0.9523858429543377 0.2587792575778323
vn 0.1470019678875628 0.9542232820231045 0.26047715731372434
vn 0.1470019678875628 0.9542232820231045 0.26047715731372434
vn 0.1470019678875628 0.9542232820231045 0.26047715731372434
vn 0.1470019678875628 0.9542232820231045 0.26047715731372434
vn 0.14966177762003116 0.9537712817963407 0.2606179087096228
vn 0.14966177762003116 0.9537712817963407 0.2606179087096228
vn 0.14966177762003116 0.9537712817963407 0.2606179087096228
vn 0.14966177762003116 0.9537712817963407 0.2606179087096228
vn 0.9821487010801425 -0.18357196341212487 0.04105195751247875
vn 0.9821487010801425 -0.18357196341212487 0.04105195751247875
vn 0.9821487010801425 -0.18357196341212487 0.04105195751247875
vn 0.9821487010801425 -0.18357196341212487 0.04105195751247875
vn -0.9897803741139805 0.1360614608373 -0.042685944918775975
vn -0.9897803741139805 0.1360614608373 -0.042685944918775975
vn -0.9897803741139805 0.1360614608373 -0.042685944918775975
vn -0.9897803741139805 0.1360614608373 -0.042685944918775975
vn 0.9911503568328474 -0.11558429636216674 0.06527817847169537
vn 0.9911503568328474 -0.11558429636216674 0.06527817847169537
vn 0.9911503568328474 -0.11558429636216674 0.06527817847169537
vn 0.9911503568328474 -0.11558429636216674 0.06527817847169537
vn -0.9847396613838924 0.17038643363030195 -0.03544379398828388
vn -0.9847396613838924 0.17038643363030195 -0.03544379398828388
vn -0.9847396613838924 0.17038643363030195 -0.03544379398828388
vn -0.9847396613838924 0.17038643363030195 -0.03544379398828388
vn 0.14966177762003116 0.9537712817963407 0.2606179087096228
vn 0.14966177762003116 0.9537712817963407 0.2606179087096228
vn 0.14966177762003116 0.9537712817963407 0.2606179087096228
vn 0.14966177762003116 0.9537712817963407 0.2606179087096228
vn 0.14842212367961827 0.9499657857527058 0.2748379142361481
vn 0.14842212367961827 0.9499657857527058 0.2748379142361481
vn 0.14842212367961827 0.9499657857527058 0.2748379142361481
vn 0.14842212367961827 0.9499657857527058 0.2748379142361481
vn 0.6154848493935305 -0.30865291547122153 0.7251977509191115
vn 0.6154848493935305 -0.30865291547122153 0.7251977509191115
vn 0.6154848493935305 -0.30865291547122153 0.7251977509191115
vn 0.6154848493935305 -0.30865291547122153 0.7251977509191115
vn 0.14444357407531128 0.2414080244491865 -0.9596135782907048
vn 0.14444357407531128 0.2414080244491865 -0.9596135782907048
vn 0.14444357407531128 0.2414080244491865 -0.9596135782907048
vn 0.14444357407531128 0.2414080244491865 -0.9596135782907048
vn -0.9788190219683263 0.17825138738720317 -0.10069640076738917
vn -0.9788190219683263 0.17825138738720317 -0.10069640076738917
vn -0.9788190219683263 0.17825138738720317 -0.10069640076738917
vn -0.9788190219683263 0.17825138738720317 -0.10069640076738917
vn 0.7936777328777798 0.04352426077588405 -0.6067794451511197
vn 0.7936777328777798 0.04352426077588405 -0.6067794451511197
vn 0.7936777328777798 0.04352426077588405 -0.6067794451511197
vn 0.7936777328777798 0.04352426077588405 -0.6067794451511197
vn -0.980897960299435 0.1924780899855232 -0.028131412263391886
vn -0.980897960299435 0.1924780899855232 -0.028131412263391886
vn -0.980897960299435 0.1924780899855232 -0.028131412263391886
vn -0.980897960299435 0.1924780899855232 -0.028131412263391886
vn -0.17366251142700323 -0.2766305473295957 0.9451544172297955
vn -0.17366251142700323 -0.2766305473295957 0.9451544172297955
vn -0.17366251142700323 -0.2766305473295957 0.9451544172297955
vn -0.17366251142700323 -0.2766305473295957 0.9451544172297955
vn -0.5678836570431849 0.46540840371304637 -0.6788984974328139
vn -0.5678836570431849 0.46540840371304637 -0.6788984974328139
vn -0.5678836570431849 0.46540840371304637 -0.6788984974328139
vn -0.5678836570431849 0.46540840371304637 -0.6788984974328139
vn -0.7830244979351498 -0.05263127440715583 0.6197601024490729
vn -0.7830244979351498 -0.05263127440715583 0.6197601024490729
vn -0.7830244979351498 -0.05263127440715583 0.6197601024490729
vn -0.7830244979351498 -0.05263127440715583 0.6197601024490729
vn 0.19069750191082513 0.22834328809038718 -0.9547218472146959
vn 0.19069750191082513 0.22834328809038718 -0.9547218472146959
vn 0.19069750191082513 0.22834328809038718 -0.9547218472146959
vn 0.19069750191082513 0.22834328809038718 -0.9547218472146959
vn 0.9573142119695199 -0.20363592009605844 0.20513876183649168
vn 0.9573142119695199 -0.20363592009605844 0.20513876183649168
vn 0.9573142119695199 -0.20363592009605844 0.20513876183649168
vn 0.9573142119695199 -0.20363592009605844 0.20513876183649168
vn 0.14661971937949472 0.9531917981640047 0.2644391306178975
vn 0.14661971937949472 0.9531917981640047 0.2644391306178975
vn 0.14661971937949472 0.9531917981640047 0.2644391306178975
vn 0.14661971937949472 0.9531917981640047 0.2644391306178975
vn 0.16122810545193852 0.9523858429543377 0.2587792575778323
vn 0.16122810545193852 0.9523858429543377 0.2587792575778323
vn 0.16122810545193852 0.9523858429543377 0.2587792575778323
vn 0.16122810545193852 0.9523858429543377 0.2587792575778323
f 3527/3527/3527 3526/3526/3526 3525/3525/3525
f 3530/3530/3530 3529/3529/3529 3528/3528/3528
f 3533/3533/3533 3532/3532/3532 3531/3531/3531
f 3536/3536/3536 3535/3535/3535 3534/3534/3534
f 3539/3539/3539 3538/3538/3538 3537/3537/3537
f 3542/3542/3542 3541/3541/3541 3540/3540/3540
f 3545/3545/3545 3544/3544/3544 3543/3543/3543
f 3548/3548/3548 3547/3547/3547 3546/3546/3546
f 3551/3551/3551 3550/3550/3550 3549/3549/3549
f 3554/3554/3554 3553/3553/3553 3552/3552/3552
f 3557/3557/3557 3556/3556/3556 3555/3555/3555
f 3560/3560/3560 3559/3559/3559 3558/3558/3558
f 3563/3563/3563 3562/3562/3562 3561/3561/3561
f 3566/3566/3566 3565/3565/3565 3564/3564/3564
f 3569/3569/3569 3568/3568/3568 3567/3567/3567
f 3572/3572/3572 3571/3571/3571 3570/3570/3570
f 3575/3575/3575 3574/3574/3574 3573/3573/3573
f 3578/3578/3578 3577/3577/3577 3576/3576/3576
f 3581/3581/3581 3580/3580/3580 3579/3579/3579
f 3584/3584/3584 3583/3583/3583 3582/3582/3582
f 3587/3587/3587 3586/3586/3586 3585/3585/3585
f 3590/3590/3590 3589/3589/3589 3588/3588/3588
f 3593/3593/3593 3592/3592/3592 3591/3591/3591
f 3596/3596/3596 3595/3595/3595 3594/3594/3594
f 3599/3599/3599 3598/3598/3598 3597/3597/3597
f 3602/3602/3602 3601/3601/3601 3600/3600/3600
f 3605/3605/3605 3604/3604/3604 3603/3603/3603
f 3608/3608/3608 3607/3607/3607 3606/3606/3606
f 3611/3611/3611 3610/3610/3610 3609/3609/3609
f 3614/3614/3614 3613/3613/3613 3612/3612/3612
f 3617/3617/3617 3616/3616/3616 3615/3615/3615
f 3620/3620/3620 3619/3619/3619 3618/3618/3618
f 3623/3623/3623 3622/3622/3622 3621/3621/3621
f 3626/3626/3626 3625/3625/3625 3624/3624/3624
f 3629/3629/3629 3628/3628/3628 3627/3627/3627
f 3632/3632/3632 3631/3631/3631 3630/3630/3630
f 3635/3635/3635 3634/3634/3634 3633/3633/3633
f 3638/3638/3638 3637/3637/3637 3636/3636/3636
f 3641/3641/3641 3640/3640/3640 3639/3639/3639
f 3644/3644/3644 3643/3643/3643 3642/3642/3642
f 3647/3647/3647 3646/3646/3646 3645/3645/3645
f 3646/3646/3646 3647/3647/3647 3648/3648/3648
f 3651/3651/3651 3650/3650/3650 3649/3649/3649
f 3650/3650/3650 3651/3651/3651 3652/3652/3652
f 3655/3655/3655 3654/3654/3654 3653/3653/3653
f 3654/3654/3654 3655/3655/3655 3656/3656/3656
f 3659/3659/3659 3658/3658/3658 3657/3657/3657
f 3658/3658/3658 3659/3659/3659 3660/3660/3660
f 3663/3663/3663 3662/3662/3662 3661/3661/3661
f 3662/3662/3662 3663/3663/3663 3664/3664/3664
f 3667/3667/3667 3666/3666/3666 3665/3665/3665
f 3666/3666/3666 3667/3667/3667 3668/3668/3668
f 3671/3671/3671 3670/3670/3670 3669/3669/3669
f 3670/3670/3670 3671/3671/3671 3672/3672/3672
f 3675/3675/3675 3674/3674/3674 3673/3673/3673
f 3674/3674/3674 3675/3675/3675 3676/3676/3676
f 3679/3679/3679 3678/3678/3678 3677/3677/3677
f 3678/3678/3678 3679/3679/3679 3680/3680/3680
f 3683/3683/3683 3682/3682/3682 3681/3681/3681
f 3682/3682/3682 3683/3683/3683 3684/3684/3684
f 3687/3687/3687 3686/3686/3686 3685/3685/3685
f 3686/3686/3686 3687/3687/3687 3688/3688/3688
f 3691/3691/3691 3690/3690/3690 3689/3689/3689
f 3690/3690/3690 3691/3691/3691 3692/3692/3692
f 3695/3695/3695 3694/3694/3694 3693/3693/3693
f 3694/3694/3694 3695/3695/3695 3696/3696/3696
f 3699/3699/3699 3698/3698/3698 3697/3697/3697
f 3698/3698/3698 3699/3699/3699 3700/3700/3700
f 3703/3703/3703 3702/3702/3702 3701/3701/3701
f 3702/3702/3702 3703/3703/3703 3704/3704/3704
f 3707/3707/3707 3706/3706/3706 3705/3705/3705
f 3706/3706/3706 3707/3707/3707 3708/3708/3708
f 3711/3711/3711 3710/3710/3710 3709/3709/3709
f 3710/3710/3710 3711/3711/3711 3712/3712/3712
f 3715/3715/3715 3714/3714/3714 3713/3713/3713
f 3714/3714/3714 3715/3715/3715 3716/3716/3716
f 3719/3719/3719 3718/3718/3718 3717/3717/3717
f 3718/3718/3718 3719/3719/3719 3720/3720/3720
f 3723/3723/3723 3722/3722/3722 3721/3721/3721
f 3722/3722/3722 3723/3723/3723 3724/3724/3724
f 3727/3727/3727 3726/3726/3726 3725/3725/3725
f 3726/3726/3726 3727/3727/3727 3728/3728/3728
f 3731/3731/3731 3730/3730/3730 3729/3729/3729
f 3730/3730/3730 3731/3731/3731 3732/3732/3732
o mesh_16
usemtl mat7
v 15.600000000000001 5.39999999999999 -87.7
v 15.600000000000001 5.39999999999999 -86.9
v 15.600000000000001 6.999999999999989 -87.7
v 10 5.39999999999999 -87.7
v 14.8 5.39999999999999 -87.7
v 10.8 6.999999999999989 -87.7
v 15.600000000000001 5.399999999999991 -82.10000000000001
v 15.600000000000001 5.399999999999991 -81.30000000000001
v 15.600000000000001 6.99999999999999 -81.30000000000001
v 14.8 5.399999999999991 -81.30000000000001
v 10 5.399999999999991 -81.30000000000001
v 10.8 6.99999999999999 -81.30000000000001
v 9.200000000000001 6.99999999999999 -81.30000000000001
v 9.200000000000001 5.399999999999991 -81.30000000000001
v 9.200000000000001 5.399999999999991 -82.10000000000001
v 9.200000000000001 5.39999999999999 -87.7
v 9.200000000000001 6.999999999999989 -87.7
v 9.200000000000001 5.39999999999999 -86.9
v 14.8 5.399999999999991 -81.30000000000001
v 15.600000000000001 5.399999999999991 -81.30000000000001
v 14.8 0.5999999999999901 -81.30000000000001
v 15.600000000000001 0.5999999999999901 -81.30000000000001
v 14.8 5.39999999999999 -87.7
v 15.600000000000001 5.39999999999999 -87.7
v 10.8 6.999999999999989 -87.7
v 15.600000000000001 6.999999999999989 -87.7
v 10.8 6.99999999999999 -81.30000000000001
v 15.600000000000001 6.99999999999999 -81.30000000000001
v 14.8 5.399999999999991 -81.30000000000001
v 15.600000000000001 5.399999999999991 -81.30000000000001
v 10.8 14.99999999999999 -81.30000000000001
v 9.200000000000001 14.99999999999999 -81.30000000000001
v 10.8 14.99999999999999 -87.7
v 9.200000000000001 14.99999999999999 -87.7
v 10.8 6.999999999999989 -87.7
v 15.600000000000001 6.999999999999989 -87.7
v 10.8 6.99999999999999 -81.30000000000001
v 15.600000000000001 6.99999999999999 -81.30000000000001
v 10.8 14.99999999999999 -87.7
v 9.200000000000001 14.99999999999999 -87.7
v 10.8 6.999999999999989 -87.7
v 9.200000000000001 6.999999999999989 -87.7
v 10.8 14.99999999999999 -81.30000000000001
v 10.8 14.99999999999999 -87.7
v 10.8 6.99999999999999 -81.30000000000001
v 10.8 6.999999999999989 -87.7
v 9.200000000000001 14.99999999999999 -81.30000000000001
v 10.8 14.99999999999999 -81.30000000000001
v 9.200000000000001 6.99999999999999 -81.30000000000001
v 10.8 6.99999999999999 -81.30000000000001
v 9.200000000000001 14.99999999999999 -87.7
v 9.200000000000001 14.99999999999999 -81.30000000000001
v 9.200000000000001 6.999999999999989 -87.7
v 9.200000000000001 6.99999999999999 -81.30000000000001
v 15.600000000000001 6.999999999999989 -87.7
v 15.600000000000001 5.39999999999999 -86.9
v 15.600000000000001 6.99999999999999 -81.30000000000001
v 15.600000000000001 5.399999999999991 -82.10000000000001
v 9.200000000000001 6.99999999999999 -81.30000000000001
v 10.8 6.99999999999999 -81.30000000000001
v 9.200000000000001 5.399999999999991 -81.30000000000001
v 10 5.399999999999991 -81.30000000000001
v 10 5.39999999999999 -87.7
v 10 0.5999999999999893 -87.7
v 10 5.39999999999999 -86.9
v 10 0.5999999999999894 -86.9
v 10 0.59999999999999 -82.10000000000001
v 10 0.5999999999999901 -81.30000000000001
v 10 5.399999999999991 -82.10000000000001
v 10 5.399999999999991 -81.30000000000001
v 9.200000000000001 5.399999999999991 -82.10000000000001
v 9.200000000000001 0.59999999999999 -82.10000000000001
v 10 5.399999999999991 -82.10000000000001
v 10 0.59999999999999 -82.10000000000001
v 9.200000000000001 5.39999999999999 -86.9
v 10 5.39999999999999 -86.9
v 9.200000000000001 0.5999999999999894 -86.9
v 10 0.5999999999999894 -86.9
v 14.8 5.39999999999999 -86.9
v 15.600000000000001 5.39999999999999 -86.9
v 14.8 0.5999999999999894 -86.9
v 15.600000000000001 0.5999999999999894 -86.9
v 14.8 0.59999999999999 -82.10000000000001
v 15.600000000000001 0.59999999999999 -82.10000000000001
v 14.8 5.399999999999991 -82.10000000000001
v 15.600000000000001 5.399999999999991 -82.10000000000001
v 14.8 5.39999999999999 -86.9
v 14.8 0.5999999999999894 -86.9
v 14.8 5.39999999999999 -87.7
v 14.8 0.5999999999999893 -87.7
v 9.200000000000001 5.399999999999991 -82.10000000000001
v 9.200000000000001 5.399999999999991 -81.30000000000001
v 9.200000000000001 0.59999999999999 -82.10000000000001
v 9.200000000000001 0.5999999999999901 -81.30000000000001
v 10 5.39999999999999 -87.7
v 9.200000000000001 5.39999999999999 -87.7
v 10 0.5999999999999893 -87.7
v 9.200000000000001 0.5999999999999893 -87.7
v 15.600000000000001 5.39999999999999 -86.9
v 15.600000000000001 5.39999999999999 -87.7
v 15.600000000000001 0.5999999999999894 -86.9
v 15.600000000000001 0.5999999999999893 -87.7
v 9.200000000000001 6.999999999999989 -87.7
v 9.200000000000001 6.99999999999999 -81.30000000000001
v 9.200000000000001 5.39999999999999 -86.9
v 9.200000000000001 5.399999999999991 -82.10000000000001
v 14.8 0.5999999999999893 -87.7
v 15.600000000000001 0.5999999999999893 -87.7
v 14.8 5.39999999999999 -87.7
v 15.600000000000001 5.39999999999999 -87.7
v 9.200000000000001 0.5999999999999894 -86.9
v 9.200000000000001 0.5999999999999893 -87.7
v 9.200000000000001 5.39999999999999 -86.9
v 9.200000000000001 5.39999999999999 -87.7
v 15.600000000000001 0.59999999999999 -82.10000000000001
v 15.600000000000001 0.5999999999999901 -81.30000000000001
v 15.600000000000001 5.399999999999991 -82.10000000000001
v 15.600000000000001 5.399999999999991 -81.30000000000001
v 10 0.5999999999999901 -81.30000000000001
v 9.200000000000001 0.5999999999999901 -81.30000000000001
v 10 5.399999999999991 -81.30000000000001
v 9.200000000000001 5.399999999999991 -81.30000000000001
v 10 5.399999999999991 -82.10000000000001
v 10 5.399999999999991 -81.30000000000001
v 14.8 5.399999999999991 -82.10000000000001
v 14.8 5.399999999999991 -81.30000000000001
v 14.8 5.39999999999999 -86.9
v 14.8 5.39999999999999 -87.7
v 10 5.39999999999999 -86.9
v 10 5.39999999999999 -87.7
v 14.8 5.399999999999991 -82.10000000000001
v 14.8 5.39999999999999 -86.9
v 10 5.399999999999991 -82.10000000000001
v 10 5.39999999999999 -86.9
v 14.8 5.39999999999999 -86.9
v 14.8 5.399999999999991 -82.10000000000001
v 15.600000000000001 5.39999999999999 -86.9
v 15.600000000000001 5.399999999999991 -82.10000000000001
v 9.200000000000001 5.39999999999999 -86.9
v 9.200000000000001 5.399999999999991 -82.10000000000001
v 10 5.39999999999999 -86.9
v 10 5.399999999999991 -82.10000000000001
v 14.8 5.399999999999991 -81.30000000000001
v 14.8 0.5999999999999901 -81.30000000000001
v 14.8 5.399999999999991 -82.10000000000001
v 14.8 0.59999999999999 -82.10000000000001
v 10.8 6.999999999999989 -87.7
v 9.200000000000001 6.999999999999989 -87.7
v 10 5.39999999999999 -87.7
v 9.200000000000001 5.39999999999999 -87.7
vt 0.5859375 0.2109375
vt 0.578125 0.2109375
vt 0.5859375 0.1875
vt 0.734375 0.2109375
vt 0.640625 0.2109375
vt 0.71875 0.1875
vt 0.5078125 0.2109375
vt 0.5 0.2109375
vt 0.5 0.1875
vt 0.640625 0.2109375
vt 0.734375 0.2109375
vt 0.71875 0.1875
vt 0.7109375 0.1875
vt 0.7109375 0.2109375
vt 0.703125 0.2109375
vt 0.625 0.2109375
vt 0.625 0.1875
vt 0.6328125 0.2109375
vt 0.625 0.234375
vt 0.625 0.21875
vt 0.7109375 0.234375
vt 0.7109375 0.21875
vt 0.640625 0.2109375
vt 0.625 0.2109375
vt 0.71875 0.1875
vt 0.625 0.1875
vt 0.71875 0.1875
vt 0.625 0.1875
vt 0.640625 0.2109375
vt 0.625 0.2109375
vt 0.71875 0
vt 0.7421875 0
vt 0.71875 0.0859375
vt 0.7421875 0.0859375
vt 0.71875 0.125
vt 0.71875 0.1796875
vt 0.625 0.125
vt 0.625 0.1796875
vt 0.71875 0.0859375
vt 0.7421875 0.0859375
vt 0.71875 0.2109375
vt 0.7421875 0.2109375
vt 0.625 0
vt 0.71875 0
vt 0.625 0.1171875
vt 0.71875 0.1171875
vt 0.7421875 0
vt 0.71875 0
vt 0.7421875 0.1171875
vt 0.71875 0.1171875
vt 0.5 0
vt 0.59375 0
vt 0.5 0.0859375
vt 0.59375 0.0859375
vt 0.5859375 0.1875
vt 0.578125 0.2109375
vt 0.5 0.1875
vt 0.5078125 0.2109375
vt 0.7421875 0.1875
vt 0.71875 0.1875
vt 0.7421875 0.2109375
vt 0.734375 0.2109375
vt 0.625 0.234375
vt 0.7109375 0.234375
vt 0.625 0.2421875
vt 0.7109375 0.2421875
vt 0.7109375 0.234375
vt 0.7109375 0.2421875
vt 0.625 0.234375
vt 0.625 0.2421875
vt 0.625 0.21875
vt 0.7109375 0.21875
vt 0.625 0.234375
vt 0.7109375 0.234375
vt 0.625 0.234375
vt 0.625 0.21875
vt 0.7109375 0.234375
vt 0.7109375 0.21875
vt 0.625 0.234375
vt 0.625 0.21875
vt 0.7109375 0.234375
vt 0.7109375 0.21875
vt 0.7109375 0.21875
vt 0.7109375 0.234375
vt 0.625 0.21875
vt 0.625 0.234375
vt 0.625 0.234375
vt 0.7109375 0.234375
vt 0.625 0.2421875
vt 0.7109375 0.2421875
vt 0.625 0.2421875
vt 0.625 0.234375
vt 0.7109375 0.2421875
vt 0.7109375 0.234375
vt 0.625 0.234375
vt 0.625 0.21875
vt 0.7109375 0.234375
vt 0.7109375 0.21875
vt 0.625 0.2421875
vt 0.625 0.234375
vt 0.7109375 0.2421875
vt 0.7109375 0.234375
vt 0.625 0.1875
vt 0.7109375 0.1875
vt 0.6328125 0.2109375
vt 0.703125 0.2109375
vt 0.7109375 0.21875
vt 0.7109375 0.234375
vt 0.625 0.21875
vt 0.625 0.234375
vt 0.7109375 0.234375
vt 0.7109375 0.2421875
vt 0.625 0.234375
vt 0.625 0.2421875
vt 0.7109375 0.234375
vt 0.7109375 0.2421875
vt 0.625 0.234375
vt 0.625 0.2421875
vt 0.7109375 0.21875
vt 0.7109375 0.234375
vt 0.625 0.21875
vt 0.625 0.234375
vt 0.9765625 0.265625
vt 0.9921875 0.265625
vt 0.9765625 0.3515625
vt 0.9921875 0.3515625
vt 0.890625 0.3515625
vt 0.875 0.3515625
vt 0.890625 0.265625
vt 0.875 0.265625
vt 0.9765625 0.3515625
vt 0.890625 0.3515625
vt 0.9765625 0.265625
vt 0.890625 0.265625
vt 0.890625 0.3515625
vt 0.9765625 0.3515625
vt 0.890625 0.3671875
vt 0.9765625 0.3671875
vt 0.890625 0.25
vt 0.9765625 0.25
vt 0.890625 0.265625
vt 0.9765625 0.265625
vt 0.625 0.234375
vt 0.7109375 0.234375
vt 0.625 0.2421875
vt 0.7109375 0.2421875
vt 0.71875 0.1875
vt 0.7421875 0.1875
vt 0.734375 0.2109375
vt 0.7421875 0.2109375
vn 1 0 0
vn 1 0 0
vn 1 0 0
vn 0 -1.2246467991473532e-16 -1
vn 0 -1.2246467991473532e-16 -1
vn 0 -1.2246467991473532e-16 -1
vn 1 0 0
vn 1 0 0
vn 1 0 0
vn 0 1.2246467991473532e-16 1
vn 0 1.2246467991473532e-16 1
vn 0 1.2246467991473532e-16 1
vn -1 0 0
vn -1 0 0
vn -1 0 0
vn -1 0 0
vn -1 0 0
vn -1 0 0
vn 0 1.2246467991473532e-16 1
vn 0 1.2246467991473532e-16 1
vn 0 1.2246467991473532e-16 1
vn 0 1.2246467991473532e-16 1
vn 0 -1.2246467991473532e-16 -1
vn 0 -1.2246467991473532e-16 -1
vn 0 -1.2246467991473532e-16 -1
vn 0 -1.2246467991473532e-16 -1
vn 0 1.2246467991473532e-16 1
vn 0 1.2246467991473532e-16 1
vn 0 1.2246467991473532e-16 1
vn 0 1.2246467991473532e-16 1
vn 0 1 -1.2246467991473532e-16
vn 0 1 -1.2246467991473532e-16
vn 0 1 -1.2246467991473532e-16
vn 0 1 -1.2246467991473532e-16
vn 0 1 -1.2246467991473532e-16
vn 0 1 -1.2246467991473532e-16
vn 0 1 -1.2246467991473532e-16
vn 0 1 -1.2246467991473532e-16
vn 0 -1.2246467991473532e-16 -1
vn 0 -1.2246467991473532e-16 -1
vn 0 -1.2246467991473532e-16 -1
vn 0 -1.2246467991473532e-16 -1
vn 1 0 0
vn 1 0 0
vn 1 0 0
vn 1 0 0
vn 0 1.2246467991473532e-16 1
vn 0 1.2246467991473532e-16 1
vn 0 1.2246467991473532e-16 1
vn 0 1.2246467991473532e-16 1
vn -1 0 0
vn -1 0 0
vn -1 0 0
vn -1 0 0
vn 1 0 0
vn 1 0 0
vn 1 0 0
vn 1 0 0
vn 0 1.2246467991473532e-16 1
vn 0 1.2246467991473532e-16 1
vn 0 1.2246467991473532e-16 1
vn 0 1.2246467991473532e-16 1
vn 1 0 0
vn 1 0 0
vn 1 0 0
vn 1 0 0
vn 1 0 0
vn 1 0 0
vn 1 0 0
vn 1 0 0
vn 0 -1.2246467991473532e-16 -1
vn 0 -1.2246467991473532e-16 -1
vn 0 -1.2246467991473532e-16 -1
vn 0 -1.2246467991473532e-16 -1
vn 0 1.2246467991473532e-16 1
vn 0 1.2246467991473532e-16 1
vn 0 1.2246467991473532e-16 1
vn 0 1.2246467991473532e-16 1
vn 0 1.2246467991473532e-16 1
vn 0 1.2246467991473532e-16 1
vn 0 1.2246467991473532e-16 1
vn 0 1.2246467991473532e-16 1
vn 0 -1.2246467991473532e-16 -1
vn 0 -1.2246467991473532e-16 -1
vn 0 -1.2246467991473532e-16 -1
vn 0 -1.2246467991473532e-16 -1
vn -1 0 0
vn -1 0 0
vn -1 0 0
vn -1 0 0
vn -1 0 0
vn -1 0 0
vn -1 0 0
vn -1 0 0
vn 0 -1.2246467991473532e-16 -1
vn 0 -1.2246467991473532e-16 -1
vn 0 -1.2246467991473532e-16 -1
vn 0 -1.2246467991473532e-16 -1
vn 1 0 0
vn 1 0 0
vn 1 0 0
vn 1 0 0
vn -1 0 0
vn -1 0 0
vn -1 0 0
vn -1 0 0
vn 0 -1.2246467991473532e-16 -1
vn 0 -1.2246467991473532e-16 -1
vn 0 -1.2246467991473532e-16 -1
vn 0 -1.2246467991473532e-16 -1
vn -1 0 0
vn -1 0 0
vn -1 0 0
vn -1 0 0
vn 1 0 0
vn 1 0 0
vn 1 0 0
vn 1 0 0
vn 0 1.2246467991473532e-16 1
vn 0 1.2246467991473532e-16 1
vn 0 1.2246467991473532e-16 1
vn 0 1.2246467991473532e-16 1
vn 0 -1 1.2246467991473532e-16
vn 0 -1 1.2246467991473532e-16
vn 0 -1 1.2246467991473532e-16
vn 0 -1 1.2246467991473532e-16
vn 0 -1 1.2246467991473532e-16
vn 0 -1 1.2246467991473532e-16
vn 0 -1 1.2246467991473532e-16
vn 0 -1 1.2246467991473532e-16
vn 0 -1 1.2246467991473532e-16
vn 0 -1 1.2246467991473532e-16
vn 0 -1 1.2246467991473532e-16
vn 0 -1 1.2246467991473532e-16
vn 0 -1 1.2246467991473532e-16
vn 0 -1 1.2246467991473532e-16
vn 0 -1 1.2246467991473532e-16
vn 0 -1 1.2246467991473532e-16
vn 0 -1 1.2246467991473532e-16
vn 0 -1 1.2246467991473532e-16
vn 0 -1 1.2246467991473532e-16
vn 0 -1 1.2246467991473532e-16
vn -1 0 0
vn -1 0 0
vn -1 0 0
vn -1 0 0
vn 0 -1.2246467991473532e-16 -1
vn 0 -1.2246467991473532e-16 -1
vn 0 -1.2246467991473532e-16 -1
vn 0 -1.2246467991473532e-16 -1
f 3735/3735/3735 3734/3734/3734 3733/3733/3733
f 3738/3738/3738 3737/3737/3737 3736/3736/3736
f 3741/3741/3741 3740/3740/3740 3739/3739/3739
f 3744/3744/3744 3743/3743/3743 3742/3742/3742
f 3747/3747/3747 3746/3746/3746 3745/3745/3745
f 3750/3750/3750 3749/3749/3749 3748/3748/3748
f 3753/3753/3753 3752/3752/3752 3751/3751/3751
f 3752/3752/3752 3753/3753/3753 3754/3754/3754
f 3757/3757/3757 3756/3756/3756 3755/3755/3755
f 3756/3756/3756 3757/3757/3757 3758/3758/3758
f 3761/3761/3761 3760/3760/3760 3759/3759/3759
f 3760/3760/3760 3761/3761/3761 3762/3762/3762
f 3765/3765/3765 3764/3764/3764 3763/3763/3763
f 3764/3764/3764 3765/3765/3765 3766/3766/3766
f 3769/3769/3769 3768/3768/3768 3767/3767/3767
f 3768/3768/3768 3769/3769/3769 3770/3770/3770
f 3773/3773/3773 3772/3772/3772 3771/3771/3771
f 3772/3772/3772 3773/3773/3773 3774/3774/3774
f 3777/3777/3777 3776/3776/3776 3775/3775/3775
f 3776/3776/3776 3777/3777/3777 3778/3778/3778
f 3781/3781/3781 3780/3780/3780 3779/3779/3779
f 3780/3780/3780 3781/3781/3781 3782/3782/3782
f 3785/3785/3785 3784/3784/3784 3783/3783/3783
f 3784/3784/3784 3785/3785/3785 3786/3786/3786
f 3789/3789/3789 3788/3788/3788 3787/3787/3787
f 3788/3788/3788 3789/3789/3789 3790/3790/3790
f 3793/3793/3793 3792/3792/3792 3791/3791/3791
f 3792/3792/3792 3793/3793/3793 3794/3794/3794
f 3797/3797/3797 3796/3796/3796 3795/3795/3795
f 3796/3796/3796 3797/3797/3797 3798/3798/3798
f 3801/3801/3801 3800/3800/3800 3799/3799/3799
f 3800/3800/3800 3801/3801/3801 3802/3802/3802
f 3805/3805/3805 3804/3804/3804 3803/3803/3803
f 3804/3804/3804 3805/3805/3805 3806/3806/3806
f 3809/3809/3809 3808/3808/3808 3807/3807/3807
f 3808/3808/3808 3809/3809/3809 3810/3810/3810
f 3813/3813/3813 3812/3812/3812 3811/3811/3811
f 3812/3812/3812 3813/3813/3813 3814/3814/3814
f 3817/3817/3817 3816/3816/3816 3815/3815/3815
f 3816/3816/3816 3817/3817/3817 3818/3818/3818
f 3821/3821/3821 3820/3820/3820 3819/3819/3819
f 3820/3820/3820 3821/3821/3821 3822/3822/3822
f 3825/3825/3825 3824/3824/3824 3823/3823/3823
f 3824/3824/3824 3825/3825/3825 3826/3826/3826
f 3829/3829/3829 3828/3828/3828 3827/3827/3827
f 3828/3828/3828 3829/3829/3829 3830/3830/3830
f 3833/3833/3833 3832/3832/3832 3831/3831/3831
f 3832/3832/3832 3833/3833/3833 3834/3834/3834
f 3837/3837/3837 3836/3836/3836 3835/3835/3835
f 3836/3836/3836 3837/3837/3837 3838/3838/3838
f 3841/3841/3841 3840/3840/3840 3839/3839/3839
f 3840/3840/3840 3841/3841/3841 3842/3842/3842
f 3845/3845/3845 3844/3844/3844 3843/3843/3843
f 3844/3844/3844 3845/3845/3845 3846/3846/3846
f 3849/3849/3849 3848/3848/3848 3847/3847/3847
f 3848/3848/3848 3849/3849/3849 3850/3850/3850
f 3853/3853/3853 3852/3852/3852 3851/3851/3851
f 3852/3852/3852 3853/3853/3853 3854/3854/3854
f 3857/3857/3857 3856/3856/3856 3855/3855/3855
f 3856/3856/3856 3857/3857/3857 3858/3858/3858
f 3861/3861/3861 3860/3860/3860 3859/3859/3859
f 3860/3860/3860 3861/3861/3861 3862/3862/3862
f 3865/3865/3865 3864/3864/3864 3863/3863/3863
f 3864/3864/3864 3865/3865/3865 3866/3866/3866
f 3869/3869/3869 3868/3868/3868 3867/3867/3867
f 3868/3868/3868 3869/3869/3869 3870/3870/3870
f 3873/3873/3873 3872/3872/3872 3871/3871/3871
f 3872/3872/3872 3873/3873/3873 3874/3874/3874
f 3877/3877/3877 3876/3876/3876 3875/3875/3875
f 3876/3876/3876 3877/3877/3877 3878/3878/3878
f 3881/3881/3881 3880/3880/3880 3879/3879/3879
f 3880/3880/3880 3881/3881/3881 3882/3882/3882
o mesh_17
usemtl mat7
v 40 6.7999999999999865 -113
v 40.5 6.799999999999987 -112.4
v 39.400000000000006 6.799999999999987 -111.30000000000001
v 40.5 5.999999999999987 -112.4
v 40.5 1.1999999999999864 -112.4
v 39.400000000000006 1.9999999999999865 -111.30000000000001
v 36 1.199999999999986 -116.9
v 36 5.999999999999986 -116.9
v 34.9 1.9999999999999858 -115.80000000000001
v 34.9 6.7999999999999865 -115.80000000000001
v 36 6.7999999999999865 -116.9
v 36.6 6.7999999999999865 -116.4
v 40.5 5.999999999999987 -112.4
v 40.5 6.799999999999987 -112.4
v 43.900000000000006 5.999999999999986 -115.80000000000001
v 43.900000000000006 6.7999999999999865 -115.80000000000001
v 34.9 1.9999999999999858 -115.80000000000001
v 34.9 0.39999999999998587 -115.80000000000001
v 36 1.199999999999986 -116.9
v 36 0.3999999999999857 -116.9
v 36 1.199999999999986 -116.9
v 36 0.3999999999999857 -116.9
v 39.400000000000006 1.1999999999999855 -120.30000000000001
v 39.400000000000006 0.3999999999999853 -120.30000000000001
v 33.7 1.9999999999999871 -105.60000000000001
v 33.7 0.3999999999999871 -105.60000000000001
v 29.200000000000003 1.9999999999999865 -110.2
v 29.200000000000003 0.39999999999998653 -110.2
v 34.9 1.9999999999999858 -115.80000000000001
v 34.9 6.7999999999999865 -115.80000000000001
v 39.400000000000006 1.9999999999999865 -111.30000000000001
v 39.400000000000006 6.799999999999987 -111.30000000000001
v 29.200000000000003 1.9999999999999865 -110.2
v 29.200000000000003 0.39999999999998653 -110.2
v 34.9 1.9999999999999858 -115.80000000000001
v 34.9 0.39999999999998587 -115.80000000000001
v 33.7 1.9999999999999871 -105.60000000000001
v 29.200000000000003 1.9999999999999865 -110.2
v 39.400000000000006 1.9999999999999865 -111.30000000000001
v 34.9 1.9999999999999858 -115.80000000000001
v 33.7 0.3999999999999871 -105.60000000000001
v 33.7 1.9999999999999871 -105.60000000000001
v 39.400000000000006 0.39999999999998637 -111.30000000000001
v 39.400000000000006 1.9999999999999865 -111.30000000000001
v 36.6 6.7999999999999865 -116.4
v 36 6.7999999999999865 -116.9
v 40 6.799999999999986 -119.80000000000001
v 39.400000000000006 6.799999999999986 -120.30000000000001
v 40 1.1999999999999855 -119.80000000000001
v 39.400000000000006 1.1999999999999855 -120.30000000000001
v 40 0.39999999999998537 -119.80000000000001
v 39.400000000000006 0.3999999999999853 -120.30000000000001
v 39.400000000000006 1.9999999999999865 -111.30000000000001
v 39.400000000000006 6.799999999999987 -111.30000000000001
v 40.5 5.999999999999987 -112.4
v 40.5 6.799999999999987 -112.4
v 40.5 1.1999999999999864 -112.4
v 40.5 0.39999999999998626 -112.4
v 39.400000000000006 1.9999999999999865 -111.30000000000001
v 39.400000000000006 0.39999999999998637 -111.30000000000001
v 43.400000000000006 5.999999999999986 -116.4
v 43.900000000000006 5.999999999999986 -115.80000000000001
v 43.400000000000006 6.7999999999999865 -116.4
v 43.900000000000006 6.7999999999999865 -115.80000000000001
v 40 6.799999999999986 -119.80000000000001
v 39.400000000000006 6.799999999999986 -120.30000000000001
v 40 5.999999999999985 -119.80000000000001
v 39.400000000000006 5.999999999999985 -120.30000000000001
v 43.400000000000006 0.39999999999998576 -116.4
v 43.900000000000006 0.39999999999998587 -115.80000000000001
v 43.400000000000006 1.199999999999986 -116.4
v 43.900000000000006 1.199999999999986 -115.80000000000001
v 43.400000000000006 6.7999999999999865 -116.4
v 43.900000000000006 6.7999999999999865 -115.80000000000001
v 40 6.7999999999999865 -113
v 40.5 6.799999999999987 -112.4
v 39.400000000000006 5.999999999999985 -120.30000000000001
v 39.400000000000006 6.799999999999986 -120.30000000000001
v 36 5.999999999999986 -116.9
v 36 6.7999999999999865 -116.9
v 43.900000000000006 1.199999999999986 -115.80000000000001
v 43.900000000000006 0.39999999999998587 -115.80000000000001
v 40.5 1.1999999999999864 -112.4
v 40.5 0.39999999999998626 -112.4
v 36.6 1.199999999999986 -116.4
v 36 1.199999999999986 -116.9
v 40 1.1999999999999855 -119.80000000000001
v 39.400000000000006 1.1999999999999855 -120.30000000000001
v 43.400000000000006 1.199999999999986 -116.4
v 43.900000000000006 1.199999999999986 -115.80000000000001
v 40 1.1999999999999864 -113
v 40.5 1.1999999999999864 -112.4
v 40 5.999999999999986 -113
v 40.5 5.999999999999987 -112.4
v 43.400000000000006 5.999999999999986 -116.4
v 43.900000000000006 5.999999999999986 -115.80000000000001
v 40 5.999999999999985 -119.80000000000001
v 39.400000000000006 5.999999999999985 -120.30000000000001
v 36.6 5.999999999999986 -116.4
v 36 5.999999999999986 -116.9
v 40 6.799999999999986 -119.80000000000001
v 40 5.999999999999985 -119.80000000000001
v 36.6 6.7999999999999865 -116.4
v 36.6 5.999999999999986 -116.4
v 40 5.999999999999986 -113
v 43.400000000000006 5.999999999999986 -116.4
v 40 6.7999999999999865 -113
v 43.400000000000006 6.7999999999999865 -116.4
v 36.6 6.7999999999999865 -116.4
v 36.6 5.999999999999986 -116.4
v 40 6.7999999999999865 -113
v 40 5.999999999999986 -113
v 36 5.999999999999986 -116.9
v 36 1.199999999999986 -116.9
v 36.6 5.999999999999986 -116.4
v 36.6 1.199999999999986 -116.4
v 40 5.999999999999986 -113
v 40 1.1999999999999864 -113
v 40.5 5.999999999999987 -112.4
v 40.5 1.1999999999999864 -112.4
v 36.6 5.999999999999986 -116.4
v 36.6 1.199999999999986 -116.4
v 40 5.999999999999986 -113
v 40 1.1999999999999864 -113
v 40 0.3999999999999862 -113
v 43.400000000000006 0.39999999999998576 -116.4
v 40 1.1999999999999864 -113
v 43.400000000000006 1.199999999999986 -116.4
v 40 1.1999999999999855 -119.80000000000001
v 40 0.39999999999998537 -119.80000000000001
v 36.6 1.199999999999986 -116.4
v 36.6 0.39999999999998576 -116.4
v 36.6 0.39999999999998576 -116.4
v 40 0.3999999999999862 -113
v 36.6 1.199999999999986 -116.4
v 40 1.1999999999999864 -113
v 36 5.999999999999986 -116.9
v 36 6.7999999999999865 -116.9
v 34.9 1.9999999999999858 -115.80000000000001
v 34.9 6.7999999999999865 -115.80000000000001
v 39.400000000000006 6.799999999999987 -111.30000000000001
v 34.9 6.7999999999999865 -115.80000000000001
v 40 6.7999999999999865 -113
v 36.6 6.7999999999999865 -116.4
vt 0.6328125 0.2109375
vt 0.625 0.2109375
vt 0.625 0.1875
vt 0.703125 0.2109375
vt 0.6328125 0.2109375
vt 0.640625 0.1875
vt 0.703125 0.2109375
vt 0.6328125 0.2109375
vt 0.6875 0.1875
vt 0.7109375 0.1875
vt 0.7109375 0.2109375
vt 0.703125 0.2109375
vt 0.625 0.2421875
vt 0.625 0.234375
vt 0.7109375 0.2421875
vt 0.7109375 0.234375
vt 0.6875 0.1875
vt 0.7109375 0.1875
vt 0.703125 0.2109375
vt 0.7109375 0.2109375
vt 0.625 0.21875
vt 0.625 0.234375
vt 0.7109375 0.21875
vt 0.7109375 0.234375
vt 0.71875 0.0859375
vt 0.7421875 0.0859375
vt 0.71875 0
vt 0.7421875 0
vt 0.7109375 0.125
vt 0.7109375 0.1796875
vt 0.625 0.125
vt 0.625 0.1796875
vt 0.71875 0.0859375
vt 0.7421875 0.0859375
vt 0.71875 0.2109375
vt 0.7421875 0.2109375
vt 0.625 0
vt 0.7109375 0
vt 0.625 0.125
vt 0.7109375 0.125
vt 0.7421875 0.0859375
vt 0.71875 0.0859375
vt 0.7421875 0.2109375
vt 0.71875 0.2109375
vt 0.625 0.234375
vt 0.625 0.21875
vt 0.7109375 0.234375
vt 0.7109375 0.21875
vt 0.65625 0.15625
vt 0.6796875 0.15625
vt 0.65625 0.1796875
vt 0.6796875 0.1796875
vt 0.640625 0.1875
vt 0.7109375 0.1875
vt 0.703125 0.2109375
vt 0.7109375 0.2109375
vt 0.6328125 0.2109375
vt 0.625 0.2109375
vt 0.640625 0.1875
vt 0.625 0.1875
vt 0.5546875 0.0546875
vt 0.53125 0.0546875
vt 0.5546875 0.0234375
vt 0.53125 0.0234375
vt 0.65625 0.0234375
vt 0.6796875 0.0234375
vt 0.65625 0.0546875
vt 0.6796875 0.0546875
vt 0.5546875 0.1796875
vt 0.53125 0.1796875
vt 0.5546875 0.15625
vt 0.53125 0.15625
vt 0.7109375 0.2421875
vt 0.7109375 0.234375
vt 0.625 0.2421875
vt 0.625 0.234375
vt 0.7109375 0.234375
vt 0.7109375 0.2421875
vt 0.625 0.234375
vt 0.625 0.2421875
vt 0.7109375 0.234375
vt 0.7109375 0.2421875
vt 0.625 0.234375
vt 0.625 0.2421875
vt 0.625 0.234375
vt 0.625 0.2421875
vt 0.7109375 0.234375
vt 0.7109375 0.2421875
vt 0.7109375 0.21875
vt 0.7109375 0.234375
vt 0.625 0.21875
vt 0.625 0.234375
vt 0.625 0.234375
vt 0.625 0.21875
vt 0.7109375 0.234375
vt 0.7109375 0.21875
vt 0.7109375 0.21875
vt 0.7109375 0.234375
vt 0.625 0.21875
vt 0.625 0.234375
vt 0.7109375 0.234375
vt 0.7109375 0.2421875
vt 0.625 0.234375
vt 0.625 0.2421875
vt 0.625 0.234375
vt 0.7109375 0.234375
vt 0.625 0.21875
vt 0.7109375 0.21875
vt 0.984375 0.25
vt 0.984375 0.2578125
vt 0.890625 0.25
vt 0.890625 0.2578125
vt 0.9921875 0.2578125
vt 0.9921875 0.3515625
vt 0.984375 0.2578125
vt 0.984375 0.3515625
vt 0.890625 0.2578125
vt 0.890625 0.3515625
vt 0.875 0.2578125
vt 0.875 0.3515625
vt 0.984375 0.2578125
vt 0.984375 0.3515625
vt 0.890625 0.2578125
vt 0.890625 0.3515625
vt 0.625 0.234375
vt 0.7109375 0.234375
vt 0.625 0.2421875
vt 0.7109375 0.2421875
vt 0.7109375 0.234375
vt 0.7109375 0.2421875
vt 0.625 0.234375
vt 0.625 0.2421875
vt 0.984375 0.3671875
vt 0.890625 0.3671875
vt 0.984375 0.3515625
vt 0.890625 0.3515625
vt 0.6328125 0.2109375
vt 0.625 0.2109375
vt 0.6875 0.1875
vt 0.625 0.1875
vt 0.625 0.1875
vt 0.7109375 0.1875
vt 0.6328125 0.2109375
vt 0.703125 0.2109375
vn 0 1 -1.2246467991473532e-16
vn 0 1 -1.2246467991473532e-16
vn 0 1 -1.2246467991473532e-16
vn 0.7071067811865475 8.659560562354932e-17 0.7071067811865475
vn 0.7071067811865475 8.659560562354932e-17 0.7071067811865475
vn 0.7071067811865475 8.659560562354932e-17 0.7071067811865475
vn -0.7071067811865475 -8.659560562354932e-17 -0.7071067811865475
vn -0.7071067811865475 -8.659560562354932e-17 -0.7071067811865475
vn -0.7071067811865475 -8.659560562354932e-17 -0.7071067811865475
vn 0 1 -1.2246467991473532e-16
vn 0 1 -1.2246467991473532e-16
vn 0 1 -1.2246467991473532e-16
vn 0.7071067811865475 8.659560562354932e-17 0.7071067811865475
vn 0.7071067811865475 8.659560562354932e-17 0.7071067811865475
vn 0.7071067811865475 8.659560562354932e-17 0.7071067811865475
vn 0.7071067811865475 8.659560562354932e-17 0.7071067811865475
vn -0.7071067811865475 -8.659560562354932e-17 -0.7071067811865475
vn -0.7071067811865475 -8.659560562354932e-17 -0.7071067811865475
vn -0.7071067811865475 -8.659560562354932e-17 -0.7071067811865475
vn -0.7071067811865475 -8.659560562354932e-17 -0.7071067811865475
vn -0.7071067811865475 -8.659560562354932e-17 -0.7071067811865475
vn -0.7071067811865475 -8.659560562354932e-17 -0.7071067811865475
vn -0.7071067811865475 -8.659560562354932e-17 -0.7071067811865475
vn -0.7071067811865475 -8.659560562354932e-17 -0.7071067811865475
vn -0.7148340327100686 8.563883402316975e-17 0.6992941481804782
vn -0.7148340327100686 8.563883402316975e-17 0.6992941481804782
vn -0.7148340327100686 8.563883402316975e-17 0.6992941481804782
vn -0.7148340327100686 8.563883402316975e-17 0.6992941481804782
vn -0.7071067811865475 8.659560562354932e-17 0.7071067811865475
vn -0.7071067811865475 8.659560562354932e-17 0.7071067811865475
vn -0.7071067811865475 8.659560562354932e-17 0.7071067811865475
vn -0.7071067811865475 8.659560562354932e-17 0.7071067811865475
vn -0.7008217689838955 -8.735851634852858e-17 -0.7133364200139256
vn -0.7008217689838955 -8.735851634852858e-17 -0.7133364200139256
vn -0.7008217689838955 -8.735851634852858e-17 -0.7133364200139256
vn -0.7008217689838955 -8.735851634852858e-17 -0.7133364200139256
vn 0 1 -1.2246467991473532e-16
vn 0 1 -1.2246467991473532e-16
vn 0 1 -1.2246467991473532e-16
vn 0 1 -1.2246467991473532e-16
vn 0.7071067811865475 8.659560562354932e-17 0.7071067811865475
vn 0.7071067811865475 8.659560562354932e-17 0.7071067811865475
vn 0.7071067811865475 8.659560562354932e-17 0.7071067811865475
vn 0.7071067811865475 8.659560562354932e-17 0.7071067811865475
vn 0 1 -1.2246467991473532e-16
vn 0 1 -1.2246467991473532e-16
vn 0 1 -1.2246467991473532e-16
vn 0 1 -1.2246467991473532e-16
vn 0.6401844113899839 -9.40799719129476e-17 -0.7682212698261224
vn 0.6401844113899839 -9.40799719129476e-17 -0.7682212698261224
vn 0.6401844113899839 -9.40799719129476e-17 -0.7682212698261224
vn 0.6401844113899839 -9.40799719129476e-17 -0.7682212698261224
vn 0.7071067811865475 8.659560562354932e-17 0.7071067811865475
vn 0.7071067811865475 8.659560562354932e-17 0.7071067811865475
vn 0.7071067811865475 8.659560562354932e-17 0.7071067811865475
vn 0.7071067811865475 8.659560562354932e-17 0.7071067811865475
vn 0.7071067811865475 8.659560562354932e-17 0.7071067811865475
vn 0.7071067811865475 8.659560562354932e-17 0.7071067811865475
vn 0.7071067811865475 8.659560562354932e-17 0.7071067811865475
vn 0.7071067811865475 8.659560562354932e-17 0.7071067811865475
vn 0.7682212698261224 -7.839997902727761e-17 -0.6401844113899839
vn 0.7682212698261224 -7.839997902727761e-17 -0.6401844113899839
vn 0.7682212698261224 -7.839997902727761e-17 -0.6401844113899839
vn 0.7682212698261224 -7.839997902727761e-17 -0.6401844113899839
vn 0.6401844113899839 -9.40799719129476e-17 -0.7682212698261224
vn 0.6401844113899839 -9.40799719129476e-17 -0.7682212698261224
vn 0.6401844113899839 -9.40799719129476e-17 -0.7682212698261224
vn 0.6401844113899839 -9.40799719129476e-17 -0.7682212698261224
vn 0.7682212698261224 -7.839997902727761e-17 -0.6401844113899839
vn 0.7682212698261224 -7.839997902727761e-17 -0.6401844113899839
vn 0.7682212698261224 -7.839997902727761e-17 -0.6401844113899839
vn 0.7682212698261224 -7.839997902727761e-17 -0.6401844113899839
vn 0 1 -1.2246467991473532e-16
vn 0 1 -1.2246467991473532e-16
vn 0 1 -1.2246467991473532e-16
vn 0 1 -1.2246467991473532e-16
vn -0.7071067811865475 -8.659560562354932e-17 -0.7071067811865475
vn -0.7071067811865475 -8.659560562354932e-17 -0.7071067811865475
vn -0.7071067811865475 -8.659560562354932e-17 -0.7071067811865475
vn -0.7071067811865475 -8.659560562354932e-17 -0.7071067811865475
vn 0.7071067811865475 8.659560562354932e-17 0.7071067811865475
vn 0.7071067811865475 8.659560562354932e-17 0.7071067811865475
vn 0.7071067811865475 8.659560562354932e-17 0.7071067811865475
vn 0.7071067811865475 8.659560562354932e-17 0.7071067811865475
vn 0 1 -1.2246467991473532e-16
vn 0 1 -1.2246467991473532e-16
vn 0 1 -1.2246467991473532e-16
vn 0 1 -1.2246467991473532e-16
vn 0 1 -1.2246467991473532e-16
vn 0 1 -1.2246467991473532e-16
vn 0 1 -1.2246467991473532e-16
vn 0 1 -1.2246467991473532e-16
vn 0 -1 1.2246467991473532e-16
vn 0 -1 1.2246467991473532e-16
vn 0 -1 1.2246467991473532e-16
vn 0 -1 1.2246467991473532e-16
vn 0 -1 1.2246467991473532e-16
vn 0 -1 1.2246467991473532e-16
vn 0 -1 1.2246467991473532e-16
vn 0 -1 1.2246467991473532e-16
vn 0.7071067811865475 8.659560562354932e-17 0.7071067811865475
vn 0.7071067811865475 8.659560562354932e-17 0.7071067811865475
vn 0.7071067811865475 8.659560562354932e-17 0.7071067811865475
vn 0.7071067811865475 8.659560562354932e-17 0.7071067811865475
vn -0.7071067811865475 -8.659560562354932e-17 -0.7071067811865475
vn -0.7071067811865475 -8.659560562354932e-17 -0.7071067811865475
vn -0.7071067811865475 -8.659560562354932e-17 -0.7071067811865475
vn -0.7071067811865475 -8.659560562354932e-17 -0.7071067811865475
vn 0.7071067811865475 -8.659560562354932e-17 -0.7071067811865475
vn 0.7071067811865475 -8.659560562354932e-17 -0.7071067811865475
vn 0.7071067811865475 -8.659560562354932e-17 -0.7071067811865475
vn 0.7071067811865475 -8.659560562354932e-17 -0.7071067811865475
vn 0.6401844113899839 -9.40799719129476e-17 -0.7682212698261224
vn 0.6401844113899839 -9.40799719129476e-17 -0.7682212698261224
vn 0.6401844113899839 -9.40799719129476e-17 -0.7682212698261224
vn 0.6401844113899839 -9.40799719129476e-17 -0.7682212698261224
vn 0.7682212698261224 -7.839997902727761e-17 -0.6401844113899839
vn 0.7682212698261224 -7.839997902727761e-17 -0.6401844113899839
vn 0.7682212698261224 -7.839997902727761e-17 -0.6401844113899839
vn 0.7682212698261224 -7.839997902727761e-17 -0.6401844113899839
vn 0.7071067811865475 -8.659560562354932e-17 -0.7071067811865475
vn 0.7071067811865475 -8.659560562354932e-17 -0.7071067811865475
vn 0.7071067811865475 -8.659560562354932e-17 -0.7071067811865475
vn 0.7071067811865475 -8.659560562354932e-17 -0.7071067811865475
vn -0.7071067811865475 -8.659560562354932e-17 -0.7071067811865475
vn -0.7071067811865475 -8.659560562354932e-17 -0.7071067811865475
vn -0.7071067811865475 -8.659560562354932e-17 -0.7071067811865475
vn -0.7071067811865475 -8.659560562354932e-17 -0.7071067811865475
vn 0.7071067811865475 8.659560562354932e-17 0.7071067811865475
vn 0.7071067811865475 8.659560562354932e-17 0.7071067811865475
vn 0.7071067811865475 8.659560562354932e-17 0.7071067811865475
vn 0.7071067811865475 8.659560562354932e-17 0.7071067811865475
vn 0.7071067811865475 -8.659560562354932e-17 -0.7071067811865475
vn 0.7071067811865475 -8.659560562354932e-17 -0.7071067811865475
vn 0.7071067811865475 -8.659560562354932e-17 -0.7071067811865475
vn 0.7071067811865475 -8.659560562354932e-17 -0.7071067811865475
vn -0.7071067811865475 -8.659560562354932e-17 -0.7071067811865475
vn -0.7071067811865475 -8.659560562354932e-17 -0.7071067811865475
vn -0.7071067811865475 -8.659560562354932e-17 -0.7071067811865475
vn -0.7071067811865475 -8.659560562354932e-17 -0.7071067811865475
vn 0 1 -1.2246467991473532e-16
vn 0 1 -1.2246467991473532e-16
vn 0 1 -1.2246467991473532e-16
vn 0 1 -1.2246467991473532e-16
f 3885/3885/3885 3884/3884/3884 3883/3883/3883
f 3888/3888/3888 3887/3887/3887 3886/3886/3886
f 3891/3891/3891 3890/3890/3890 3889/3889/3889
f 3894/3894/3894 3893/3893/3893 3892/3892/3892
f 3897/3897/3897 3896/3896/3896 3895/3895/3895
f 3896/3896/3896 3897/3897/3897 3898/3898/3898
f 3901/3901/3901 3900/3900/3900 3899/3899/3899
f 3900/3900/3900 3901/3901/3901 3902/3902/3902
f 3905/3905/3905 3904/3904/3904 3903/3903/3903
f 3904/3904/3904 3905/3905/3905 3906/3906/3906
f 3909/3909/3909 3908/3908/3908 3907/3907/3907
f 3908/3908/3908 3909/3909/3909 3910/3910/3910
f 3913/3913/3913 3912/3912/3912 3911/3911/3911
f 3912/3912/3912 3913/3913/3913 3914/3914/3914
f 3917/3917/3917 3916/3916/3916 3915/3915/3915
f 3916/3916/3916 3917/3917/3917 3918/3918/3918
f 3921/3921/3921 3920/3920/3920 3919/3919/3919
f 3920/3920/3920 3921/3921/3921 3922/3922/3922
f 3925/3925/3925 3924/3924/3924 3923/3923/3923
f 3924/3924/3924 3925/3925/3925 3926/3926/3926
f 3929/3929/3929 3928/3928/3928 3927/3927/3927
f 3928/3928/3928 3929/3929/3929 3930/3930/3930
f 3933/3933/3933 3932/3932/3932 3931/3931/3931
f 3932/3932/3932 3933/3933/3933 3934/3934/3934
f 3937/3937/3937 3936/3936/3936 3935/3935/3935
f 3936/3936/3936 3937/3937/3937 3938/3938/3938
f 3941/3941/3941 3940/3940/3940 3939/3939/3939
f 3940/3940/3940 3941/3941/3941 3942/3942/3942
f 3945/3945/3945 3944/3944/3944 3943/3943/3943
f 3944/3944/3944 3945/3945/3945 3946/3946/3946
f 3949/3949/3949 3948/3948/3948 3947/3947/3947
f 3948/3948/3948 3949/3949/3949 3950/3950/3950
f 3953/3953/3953 3952/3952/3952 3951/3951/3951
f 3952/3952/3952 3953/3953/3953 3954/3954/3954
f 3957/3957/3957 3956/3956/3956 3955/3955/3955
f 3956/3956/3956 3957/3957/3957 3958/3958/3958
f 3961/3961/3961 3960/3960/3960 3959/3959/3959
f 3960/3960/3960 3961/3961/3961 3962/3962/3962
f 3965/3965/3965 3964/3964/3964 3963/3963/3963
f 3964/3964/3964 3965/3965/3965 3966/3966/3966
f 3969/3969/3969 3968/3968/3968 3967/3967/3967
f 3968/3968/3968 3969/3969/3969 3970/3970/3970
f 3973/3973/3973 3972/3972/3972 3971/3971/3971
f 3972/3972/3972 3973/3973/3973 3974/3974/3974
f 3977/3977/3977 3976/3976/3976 3975/3975/3975
f 3976/3976/3976 3977/3977/3977 3978/3978/3978
f 3981/3981/3981 3980/3980/3980 3979/3979/3979
f 3980/3980/3980 3981/3981/3981 3982/3982/3982
f 3985/3985/3985 3984/3984/3984 3983/3983/3983
f 3984/3984/3984 3985/3985/3985 3986/3986/3986
f 3989/3989/3989 3988/3988/3988 3987/3987/3987
f 3988/3988/3988 3989/3989/3989 3990/3990/3990
f 3993/3993/3993 3992/3992/3992 3991/3991/3991
f 3992/3992/3992 3993/3993/3993 3994/3994/3994
f 3997/3997/3997 3996/3996/3996 3995/3995/3995
f 3996/3996/3996 3997/3997/3997 3998/3998/3998
f 4001/4001/4001 4000/4000/4000 3999/3999/3999
f 4000/4000/4000 4001/4001/4001 4002/4002/4002
f 4005/4005/4005 4004/4004/4004 4003/4003/4003
f 4004/4004/4004 4005/4005/4005 4006/4006/4006
f 4009/4009/4009 4008/4008/4008 4007/4007/4007
f 4008/4008/4008 4009/4009/4009 4010/4010/4010
f 4013/4013/4013 4012/4012/4012 4011/4011/4011
f 4012/4012/4012 4013/4013/4013 4014/4014/4014
f 4017/4017/4017 4016/4016/4016 4015/4015/4015
f 4016/4016/4016 4017/4017/4017 4018/4018/4018
f 4021/4021/4021 4020/4020/4020 4019/4019/4019
f 4020/4020/4020 4021/4021/4021 4022/4022/4022
f 4025/4025/4025 4024/4024/4024 4023/4023/4023
f 4024/4024/4024 4025/4025/4025 4026/4026/4026
o mesh_18
usemtl mat7
v 63.300000000000004 6.399999999999985 -124.10000000000001
v 63.300000000000004 4.799999999999986 -124.10000000000001
v 62.800000000000004 4.799999999999986 -123.4
v 54.300000000000004 6.399999999999985 -122.80000000000001
v 54.300000000000004 4.799999999999986 -122.80000000000001
v 54.800000000000004 4.799999999999986 -123.4
v 58.800000000000004 6.399999999999986 -119.4
v 58.800000000000004 4.7999999999999865 -119.4
v 55 4.799999999999986 -122.30000000000001
v 58.800000000000004 4.799999999999985 -127.4
v 62.7 4.799999999999986 -124.60000000000001
v 62.7 6.399999999999985 -124.60000000000001
v 57.7 4.799999999999985 -127.30000000000001
v 58.2 4.799999999999985 -127.9
v 58.2 6.399999999999984 -127.9
v 60 4.7999999999999865 -119.60000000000001
v 59.5 4.7999999999999865 -119
v 59.5 6.399999999999986 -119
v 61.6 8.799999999999985 -128
v 61.6 -1.567547902908612e-14 -128
v 61.6 8.799999999999985 -130.4
v 61.6 -1.5969394260881488e-14 -130.4
v 61.6 8.799999999999985 -130.4
v 61.6 -1.5969394260881488e-14 -130.4
v 64 8.799999999999985 -130.4
v 64 -1.5969394260881488e-14 -130.4
v 62.7 11.999999999999984 -124.60000000000001
v 63.300000000000004 11.999999999999984 -124.10000000000001
v 58.800000000000004 11.999999999999986 -119.4
v 59.5 11.999999999999986 -119
v 58.800000000000004 4.799999999999985 -127.4
v 58.2 4.799999999999985 -127.9
v 58.800000000000004 -1.560200022113728e-14 -127.4
v 58.2 -1.5663232561094647e-14 -127.9
v 59.5 11.999999999999986 -119
v 63.300000000000004 11.999999999999984 -124.10000000000001
v 59.5 6.399999999999986 -119
v 63.300000000000004 6.399999999999985 -124.10000000000001
v 63.300000000000004 11.999999999999984 -124.10000000000001
v 62.7 11.999999999999984 -124.60000000000001
v 63.300000000000004 6.399999999999985 -124.10000000000001
v 62.7 6.399999999999985 -124.60000000000001
v 58.800000000000004 6.399999999999986 -119.4
v 54.300000000000004 6.399999999999985 -122.80000000000001
v 62.7 6.399999999999985 -124.60000000000001
v 58.2 6.399999999999984 -127.9
v 62.7 11.999999999999984 -124.60000000000001
v 58.800000000000004 11.999999999999986 -119.4
v 62.7 6.399999999999985 -124.60000000000001
v 58.800000000000004 6.399999999999986 -119.4
v 62.7 4.799999999999986 -124.60000000000001
v 63.300000000000004 4.799999999999986 -124.10000000000001
v 62.7 6.399999999999985 -124.60000000000001
v 63.300000000000004 6.399999999999985 -124.10000000000001
v 62.800000000000004 4.799999999999986 -123.4
v 63.300000000000004 4.799999999999986 -124.10000000000001
v 62.800000000000004 -1.511214150147834e-14 -123.4
v 63.300000000000004 -1.5197866777418655e-14 -124.10000000000001
v 58.800000000000004 4.7999999999999865 -119.4
v 59.5 4.7999999999999865 -119
v 58.800000000000004 -1.4622282781819398e-14 -119.4
v 59.5 -1.4573296909853505e-14 -119
v 54.800000000000004 4.799999999999986 -123.4
v 54.300000000000004 4.799999999999986 -122.80000000000001
v 54.800000000000004 -1.511214150147834e-14 -123.4
v 54.300000000000004 -1.5038662693529497e-14 -122.80000000000001
v 58.800000000000004 11.999999999999986 -119.4
v 59.5 11.999999999999986 -119
v 58.800000000000004 6.399999999999986 -119.4
v 59.5 6.399999999999986 -119
v 62.7 -1.5259099117376022e-14 -124.60000000000001
v 63.300000000000004 -1.5197866777418655e-14 -124.10000000000001
v 62.7 4.799999999999986 -124.60000000000001
v 63.300000000000004 4.799999999999986 -124.10000000000001
v 60 -1.4646775717802346e-14 -119.60000000000001
v 59.5 -1.4573296909853505e-14 -119
v 60 4.7999999999999865 -119.60000000000001
v 59.5 4.7999999999999865 -119
v 57.7 -1.5589753753145808e-14 -127.30000000000001
v 58.2 -1.5663232561094647e-14 -127.9
v 57.7 4.799999999999985 -127.30000000000001
v 58.2 4.799999999999985 -127.9
v 55 -1.497743035357213e-14 -122.30000000000001
v 54.300000000000004 -1.5038662693529497e-14 -122.80000000000001
v 55 4.799999999999986 -122.30000000000001
v 54.300000000000004 4.799999999999986 -122.80000000000001
v 59.300000000000004 4.799999999999986 -120.10000000000001
v 60 4.7999999999999865 -119.60000000000001
v 62.2 4.799999999999986 -123.9
v 62.800000000000004 4.799999999999986 -123.4
v 58.300000000000004 4.799999999999986 -126.80000000000001
v 57.7 4.799999999999985 -127.30000000000001
v 55.5 4.799999999999986 -122.9
v 54.800000000000004 4.799999999999986 -123.4
v 62.2 4.799999999999986 -123.9
v 58.300000000000004 4.799999999999986 -126.80000000000001
v 59.300000000000004 4.799999999999986 -120.10000000000001
v 55.5 4.799999999999986 -122.9
v 55.5 4.799999999999986 -122.9
v 55 4.799999999999986 -122.30000000000001
v 59.300000000000004 4.799999999999986 -120.10000000000001
v 58.800000000000004 4.7999999999999865 -119.4
v 58.800000000000004 4.799999999999985 -127.4
v 58.300000000000004 4.799999999999986 -126.80000000000001
v 62.7 4.799999999999986 -124.60000000000001
v 62.2 4.799999999999986 -123.9
v 54.800000000000004 4.799999999999986 -123.4
v 54.800000000000004 -1.511214150147834e-14 -123.4
v 55.5 4.799999999999986 -122.9
v 55.5 -1.505090916152097e-14 -122.9
v 59.300000000000004 4.799999999999986 -120.10000000000001
v 59.300000000000004 -1.4708008057759714e-14 -120.10000000000001
v 60 4.7999999999999865 -119.60000000000001
v 60 -1.4646775717802346e-14 -119.60000000000001
v 58.800000000000004 4.7999999999999865 -119.4
v 58.800000000000004 -1.4622282781819398e-14 -119.4
v 59.300000000000004 4.799999999999986 -120.10000000000001
v 59.300000000000004 -1.4708008057759714e-14 -120.10000000000001
v 62.2 4.799999999999986 -123.9
v 62.2 -1.5173373841435706e-14 -123.9
v 62.7 4.799999999999986 -124.60000000000001
v 62.7 -1.5259099117376022e-14 -124.60000000000001
v 55 4.799999999999986 -122.30000000000001
v 54.300000000000004 4.799999999999986 -122.80000000000001
v 58.800000000000004 6.399999999999986 -119.4
v 54.300000000000004 6.399999999999985 -122.80000000000001
v 58.800000000000004 -1.560200022113728e-14 -127.4
v 58.300000000000004 -1.552852141318844e-14 -126.80000000000001
v 58.800000000000004 4.799999999999985 -127.4
v 58.300000000000004 4.799999999999986 -126.80000000000001
v 54.800000000000004 4.799999999999986 -123.4
v 57.7 4.799999999999985 -127.30000000000001
v 54.300000000000004 6.399999999999985 -122.80000000000001
v 58.2 6.399999999999984 -127.9
v 62.800000000000004 4.799999999999986 -123.4
v 60 4.7999999999999865 -119.60000000000001
v 63.300000000000004 6.399999999999985 -124.10000000000001
v 59.5 6.399999999999986 -119
v 58.800000000000004 6.399999999999986 -119.4
v 59.5 6.399999999999986 -119
v 58.800000000000004 4.7999999999999865 -119.4
v 59.5 4.7999999999999865 -119
v 62.7 6.399999999999985 -124.60000000000001
v 58.2 6.399999999999984 -127.9
v 58.800000000000004 4.799999999999985 -127.4
v 58.2 4.799999999999985 -127.9
v 62.800000000000004 -1.511214150147834e-14 -123.4
v 62.2 -1.5173373841435706e-14 -123.9
v 62.800000000000004 4.799999999999986 -123.4
v 62.2 4.799999999999986 -123.9
v 55 -1.497743035357213e-14 -122.30000000000001
v 55 4.799999999999986 -122.30000000000001
v 55.5 -1.505090916152097e-14 -122.9
v 55.5 4.799999999999986 -122.9
v 58.300000000000004 -1.552852141318844e-14 -126.80000000000001
v 57.7 -1.5589753753145808e-14 -127.30000000000001
v 58.300000000000004 4.799999999999986 -126.80000000000001
v 57.7 4.799999999999985 -127.30000000000001
vt 0.5859375 0.1875
vt 0.5859375 0.2109375
vt 0.578125 0.2109375
vt 0.5859375 0.1875
vt 0.5859375 0.2109375
vt 0.578125 0.2109375
vt 0.5859375 0.1875
vt 0.5859375 0.2109375
vt 0.5078125 0.2109375
vt 0.578125 0.2109375
vt 0.5 0.2109375
vt 0.5 0.1875
vt 0.5078125 0.2109375
vt 0.5 0.2109375
vt 0.5 0.1875
vt 0.5078125 0.2109375
vt 0.5 0.2109375
vt 0.5 0.1875
vt 0.625 0.4375
vt 0.7421875 0.4375
vt 0.625 0.4609375
vt 0.7421875 0.4609375
vt 0.625 0.4375
vt 0.7421875 0.4375
vt 0.625 0.4609375
vt 0.7421875 0.4609375
vt 0.609375 0
vt 0.6171875 0
vt 0.609375 0.0859375
vt 0.6171875 0.0859375
vt 0.5 0.234375
vt 0.5 0.21875
vt 0.5859375 0.234375
vt 0.5859375 0.21875
vt 0.5 0
vt 0.59375 0
vt 0.5 0.0859375
vt 0.59375 0.0859375
vt 0.6171875 0.0859375
vt 0.609375 0.0859375
vt 0.6171875 0.1796875
vt 0.609375 0.1796875
vt 0.59375 0.0859375
vt 0.59375 0.1796875
vt 0.5 0.0859375
vt 0.5 0.1796875
vt 0.5 0
vt 0.59375 0
vt 0.5 0.0859375
vt 0.59375 0.0859375
vt 0.6015625 0.2109375
vt 0.6171875 0.2109375
vt 0.6015625 0.1796875
vt 0.6171875 0.1796875
vt 0.5 0.2421875
vt 0.5 0.234375
vt 0.5859375 0.2421875
vt 0.5859375 0.234375
vt 0.5 0.234375
vt 0.5 0.21875
vt 0.5859375 0.234375
vt 0.5859375 0.21875
vt 0.5 0.2421875
vt 0.5 0.234375
vt 0.5859375 0.2421875
vt 0.5859375 0.234375
vt 0.609375 0.0859375
vt 0.6171875 0.0859375
vt 0.609375 0.1796875
vt 0.6171875 0.1796875
vt 0.5859375 0.21875
vt 0.5859375 0.234375
vt 0.5 0.21875
vt 0.5 0.234375
vt 0.5859375 0.234375
vt 0.5859375 0.2421875
vt 0.5 0.234375
vt 0.5 0.2421875
vt 0.5859375 0.234375
vt 0.5859375 0.2421875
vt 0.5 0.234375
vt 0.5 0.2421875
vt 0.5859375 0.21875
vt 0.5859375 0.234375
vt 0.5 0.21875
vt 0.5 0.234375
vt 0.9765625 0.265625
vt 0.9921875 0.265625
vt 0.9765625 0.3515625
vt 0.9921875 0.3515625
vt 0.890625 0.3515625
vt 0.875 0.3515625
vt 0.890625 0.265625
vt 0.875 0.265625
vt 0.9765625 0.3515625
vt 0.890625 0.3515625
vt 0.9765625 0.265625
vt 0.890625 0.265625
vt 0.890625 0.265625
vt 0.890625 0.25
vt 0.9765625 0.265625
vt 0.9765625 0.25
vt 0.890625 0.3671875
vt 0.890625 0.3515625
vt 0.9765625 0.3671875
vt 0.9765625 0.3515625
vt 0.5 0.21875
vt 0.5859375 0.21875
vt 0.5 0.234375
vt 0.5859375 0.234375
vt 0.5 0.21875
vt 0.5859375 0.21875
vt 0.5 0.234375
vt 0.5859375 0.234375
vt 0.5 0.234375
vt 0.5859375 0.234375
vt 0.5 0.2421875
vt 0.5859375 0.2421875
vt 0.5 0.234375
vt 0.5859375 0.234375
vt 0.5 0.2421875
vt 0.5859375 0.2421875
vt 0.5078125 0.2109375
vt 0.5 0.2109375
vt 0.5859375 0.1875
vt 0.5 0.1875
vt 0.5859375 0.234375
vt 0.5859375 0.2421875
vt 0.5 0.234375
vt 0.5 0.2421875
vt 0.578125 0.2109375
vt 0.5078125 0.2109375
vt 0.5859375 0.1875
vt 0.5 0.1875
vt 0.578125 0.2109375
vt 0.5078125 0.2109375
vt 0.5859375 0.1875
vt 0.5 0.1875
vt 0.6015625 0.1796875
vt 0.6171875 0.1796875
vt 0.6015625 0.2109375
vt 0.6171875 0.2109375
vt 0.5 0.1875
vt 0.5859375 0.1875
vt 0.578125 0.2109375
vt 0.5859375 0.2109375
vt 0.5859375 0.21875
vt 0.5859375 0.234375
vt 0.5 0.21875
vt 0.5 0.234375
vt 0.5859375 0.2421875
vt 0.5 0.2421875
vt 0.5859375 0.234375
vt 0.5 0.234375
vt 0.5859375 0.21875
vt 0.5859375 0.234375
vt 0.5 0.21875
vt 0.5 0.234375
vn 0.8137334591247122 7.118115141949747e-17 0.5812382106339279
vn 0.8137334591247122 7.118115141949747e-17 0.5812382106339279
vn 0.8137334591247122 7.118115141949747e-17 0.5812382106339279
vn -0.7682212698261224 -7.839997902727761e-17 -0.6401844113899839
vn -0.7682212698261224 -7.839997902727761e-17 -0.6401844113899839
vn -0.7682212698261224 -7.839997902727761e-17 -0.6401844113899839
vn -0.606673300516688 9.735345165490743e-17 0.7949512604180136
vn -0.606673300516688 9.735345165490743e-17 0.7949512604180136
vn -0.606673300516688 9.735345165490743e-17 0.7949512604180136
vn 0.5832067689724677 -9.948096726282075e-17 -0.8123237437282593
vn 0.5832067689724677 -9.948096726282075e-17 -0.8123237437282593
vn 0.5832067689724677 -9.948096726282075e-17 -0.8123237437282593
vn -0.7682212698261224 -7.839997902727761e-17 -0.6401844113899839
vn -0.7682212698261224 -7.839997902727761e-17 -0.6401844113899839
vn -0.7682212698261224 -7.839997902727761e-17 -0.6401844113899839
vn 0.7682212698261224 7.839997902727761e-17 0.6401844113899839
vn 0.7682212698261224 7.839997902727761e-17 0.6401844113899839
vn 0.7682212698261224 7.839997902727761e-17 0.6401844113899839
vn -1 0 0
vn -1 0 0
vn -1 0 0
vn -1 0 0
vn 0 -1.2246467991473532e-16 -1
vn 0 -1.2246467991473532e-16 -1
vn 0 -1.2246467991473532e-16 -1
vn 0 -1.2246467991473532e-16 -1
vn 0 1 -1.2246467991473532e-16
vn 0 1 -1.2246467991473532e-16
vn 0 1 -1.2246467991473532e-16
vn 0 1 -1.2246467991473532e-16
vn 0.6401844113899839 -9.40799719129476e-17 -0.7682212698261224
vn 0.6401844113899839 -9.40799719129476e-17 -0.7682212698261224
vn 0.6401844113899839 -9.40799719129476e-17 -0.7682212698261224
vn 0.6401844113899839 -9.40799719129476e-17 -0.7682212698261224
vn 0.8018828248136756 7.317035937950354e-17 0.5974813262929981
vn 0.8018828248136756 7.317035937950354e-17 0.5974813262929981
vn 0.8018828248136756 7.317035937950354e-17 0.5974813262929981
vn 0.8018828248136756 7.317035937950354e-17 0.5974813262929981
vn 0.6401844113899839 -9.40799719129476e-17 -0.7682212698261224
vn 0.6401844113899839 -9.40799719129476e-17 -0.7682212698261224
vn 0.6401844113899839 -9.40799719129476e-17 -0.7682212698261224
vn 0.6401844113899839 -9.40799719129476e-17 -0.7682212698261224
vn 0 1 -1.2246467991473532e-16
vn 0 1 -1.2246467991473532e-16
vn 0 1 -1.2246467991473532e-16
vn 0 1 -1.2246467991473532e-16
vn -0.7999999928474428 -7.347880911675536e-17 -0.6000000095367429
vn -0.7999999928474428 -7.347880911675536e-17 -0.6000000095367429
vn -0.7999999928474428 -7.347880911675536e-17 -0.6000000095367429
vn -0.7999999928474428 -7.347880911675536e-17 -0.6000000095367429
vn 0.6401844113899839 -9.40799719129476e-17 -0.7682212698261224
vn 0.6401844113899839 -9.40799719129476e-17 -0.7682212698261224
vn 0.6401844113899839 -9.40799719129476e-17 -0.7682212698261224
vn 0.6401844113899839 -9.40799719129476e-17 -0.7682212698261224
vn 0.8137334591247122 7.118115141949747e-17 0.5812382106339279
vn 0.8137334591247122 7.118115141949747e-17 0.5812382106339279
vn 0.8137334591247122 7.118115141949747e-17 0.5812382106339279
vn 0.8137334591247122 7.118115141949747e-17 0.5812382106339279
vn -0.49613892551891037 1.0632911938683145e-16 0.8682431494604153
vn -0.49613892551891037 1.0632911938683145e-16 0.8682431494604153
vn -0.49613892551891037 1.0632911938683145e-16 0.8682431494604153
vn -0.49613892551891037 1.0632911938683145e-16 0.8682431494604153
vn -0.7682212698261224 -7.839997902727761e-17 -0.6401844113899839
vn -0.7682212698261224 -7.839997902727761e-17 -0.6401844113899839
vn -0.7682212698261224 -7.839997902727761e-17 -0.6401844113899839
vn -0.7682212698261224 -7.839997902727761e-17 -0.6401844113899839
vn -0.49613892551891037 1.0632911938683145e-16 0.8682431494604153
vn -0.49613892551891037 1.0632911938683145e-16 0.8682431494604153
vn -0.49613892551891037 1.0632911938683145e-16 0.8682431494604153
vn -0.49613892551891037 1.0632911938683145e-16 0.8682431494604153
vn 0.6401844113899839 -9.40799719129476e-17 -0.7682212698261224
vn 0.6401844113899839 -9.40799719129476e-17 -0.7682212698261224
vn 0.6401844113899839 -9.40799719129476e-17 -0.7682212698261224
vn 0.6401844113899839 -9.40799719129476e-17 -0.7682212698261224
vn 0.7682212698261224 7.839997902727761e-17 0.6401844113899839
vn 0.7682212698261224 7.839997902727761e-17 0.6401844113899839
vn 0.7682212698261224 7.839997902727761e-17 0.6401844113899839
vn 0.7682212698261224 7.839997902727761e-17 0.6401844113899839
vn -0.7682212698261224 -7.839997902727761e-17 -0.6401844113899839
vn -0.7682212698261224 -7.839997902727761e-17 -0.6401844113899839
vn -0.7682212698261224 -7.839997902727761e-17 -0.6401844113899839
vn -0.7682212698261224 -7.839997902727761e-17 -0.6401844113899839
vn -0.5812382106339279 9.965360760761821e-17 0.8137334591247122
vn -0.5812382106339279 9.965360760761821e-17 0.8137334591247122
vn -0.5812382106339279 9.965360760761821e-17 0.8137334591247122
vn -0.5812382106339279 9.965360760761821e-17 0.8137334591247122
vn 0 -1 1.2246467991473532e-16
vn 0 -1 1.2246467991473532e-16
vn 0 -1 1.2246467991473532e-16
vn 0 -1 1.2246467991473532e-16
vn 0 -1 1.2246467991473532e-16
vn 0 -1 1.2246467991473532e-16
vn 0 -1 1.2246467991473532e-16
vn 0 -1 1.2246467991473532e-16
vn 0 -1 1.2246467991473532e-16
vn 0 -1 1.2246467991473532e-16
vn 0 -1 1.2246467991473532e-16
vn 0 -1 1.2246467991473532e-16
vn 0 -1 1.2246467991473532e-16
vn 0 -1 1.2246467991473532e-16
vn 0 -1 1.2246467991473532e-16
vn 0 -1 1.2246467991473532e-16
vn 0 -1 1.2246467991473532e-16
vn 0 -1 1.2246467991473532e-16
vn 0 -1 1.2246467991473532e-16
vn 0 -1 1.2246467991473532e-16
vn 0.5812382106339279 -9.965360760761821e-17 -0.8137334591247122
vn 0.5812382106339279 -9.965360760761821e-17 -0.8137334591247122
vn 0.5812382106339279 -9.965360760761821e-17 -0.8137334591247122
vn 0.5812382106339279 -9.965360760761821e-17 -0.8137334591247122
vn 0.5812382106339279 -9.965360760761821e-17 -0.8137334591247122
vn 0.5812382106339279 -9.965360760761821e-17 -0.8137334591247122
vn 0.5812382106339279 -9.965360760761821e-17 -0.8137334591247122
vn 0.5812382106339279 -9.965360760761821e-17 -0.8137334591247122
vn -0.8137334591247122 -7.118115141949747e-17 -0.5812382106339279
vn -0.8137334591247122 -7.118115141949747e-17 -0.5812382106339279
vn -0.8137334591247122 -7.118115141949747e-17 -0.5812382106339279
vn -0.8137334591247122 -7.118115141949747e-17 -0.5812382106339279
vn -0.8137334591247122 -7.118115141949747e-17 -0.5812382106339279
vn -0.8137334591247122 -7.118115141949747e-17 -0.5812382106339279
vn -0.8137334591247122 -7.118115141949747e-17 -0.5812382106339279
vn -0.8137334591247122 -7.118115141949747e-17 -0.5812382106339279
vn -0.5786628019018574 -0.09403270307387758 0.8101278988207428
vn -0.5786628019018574 -0.09403270307387758 0.8101278988207428
vn -0.5786628019018574 -0.09403270307387758 0.8101278988207428
vn -0.5786628019018574 -0.09403270307387758 0.8101278988207428
vn 0.7682212698261224 7.839997902727761e-17 0.6401844113899839
vn 0.7682212698261224 7.839997902727761e-17 0.6401844113899839
vn 0.7682212698261224 7.839997902727761e-17 0.6401844113899839
vn 0.7682212698261224 7.839997902727761e-17 0.6401844113899839
vn -0.8021698570107205 -0.026996102103334793 -0.5964853149698042
vn -0.8021698570107205 -0.026996102103334793 -0.5964853149698042
vn -0.8021698570107205 -0.026996102103334793 -0.5964853149698042
vn -0.8021698570107205 -0.026996102103334793 -0.5964853149698042
vn 0.8050304321428104 0.007944379264567281 0.5931803184210183
vn 0.8050304321428104 0.007944379264567281 0.5931803184210183
vn 0.8050304321428104 0.007944379264567281 0.5931803184210183
vn 0.8050304321428104 0.007944379264567281 0.5931803184210183
vn -0.49613892551891037 1.0632911938683145e-16 0.8682431494604153
vn -0.49613892551891037 1.0632911938683145e-16 0.8682431494604153
vn -0.49613892551891037 1.0632911938683145e-16 0.8682431494604153
vn -0.49613892551891037 1.0632911938683145e-16 0.8682431494604153
vn 0.591093472591529 -0.03022636991086459 -0.8060365210222792
vn 0.591093472591529 -0.03022636991086459 -0.8060365210222792
vn 0.591093472591529 -0.03022636991086459 -0.8060365210222792
vn 0.591093472591529 -0.03022636991086459 -0.8060365210222792
vn -0.6401844113899839 9.40799719129476e-17 0.7682212698261224
vn -0.6401844113899839 9.40799719129476e-17 0.7682212698261224
vn -0.6401844113899839 9.40799719129476e-17 0.7682212698261224
vn -0.6401844113899839 9.40799719129476e-17 0.7682212698261224
vn 0.7682212698261224 7.839997902727761e-17 0.6401844113899839
vn 0.7682212698261224 7.839997902727761e-17 0.6401844113899839
vn 0.7682212698261224 7.839997902727761e-17 0.6401844113899839
vn 0.7682212698261224 7.839997902727761e-17 0.6401844113899839
vn -0.6401844113899839 9.40799719129476e-17 0.7682212698261224
vn -0.6401844113899839 9.40799719129476e-17 0.7682212698261224
vn -0.6401844113899839 9.40799719129476e-17 0.7682212698261224
vn -0.6401844113899839 9.40799719129476e-17 0.7682212698261224
f 4029/4029/4029 4028/4028/4028 4027/4027/4027
f 4032/4032/4032 4031/4031/4031 4030/4030/4030
f 4035/4035/4035 4034/4034/4034 4033/4033/4033
f 4038/4038/4038 4037/4037/4037 4036/4036/4036
f 4041/4041/4041 4040/4040/4040 4039/4039/4039
f 4044/4044/4044 4043/4043/4043 4042/4042/4042
f 4047/4047/4047 4046/4046/4046 4045/4045/4045
f 4046/4046/4046 4047/4047/4047 4048/4048/4048
f 4051/4051/4051 4050/4050/4050 4049/4049/4049
f 4050/4050/4050 4051/4051/4051 4052/4052/4052
f 4055/4055/4055 4054/4054/4054 4053/4053/4053
f 4054/4054/4054 4055/4055/4055 4056/4056/4056
f 4059/4059/4059 4058/4058/4058 4057/4057/4057
f 4058/4058/4058 4059/4059/4059 4060/4060/4060
f 4063/4063/4063 4062/4062/4062 4061/4061/4061
f 4062/4062/4062 4063/4063/4063 4064/4064/4064
f 4067/4067/4067 4066/4066/4066 4065/4065/4065
f 4066/4066/4066 4067/4067/4067 4068/4068/4068
f 4071/4071/4071 4070/4070/4070 4069/4069/4069
f 4070/4070/4070 4071/4071/4071 4072/4072/4072
f 4075/4075/4075 4074/4074/4074 4073/4073/4073
f 4074/4074/4074 4075/4075/4075 4076/4076/4076
f 4079/4079/4079 4078/4078/4078 4077/4077/4077
f 4078/4078/4078 4079/4079/4079 4080/4080/4080
f 4083/4083/4083 4082/4082/4082 4081/4081/4081
f 4082/4082/4082 4083/4083/4083 4084/4084/4084
f 4087/4087/4087 4086/4086/4086 4085/4085/4085
f 4086/4086/4086 4087/4087/4087 4088/4088/4088
f 4091/4091/4091 4090/4090/4090 4089/4089/4089
f 4090/4090/4090 4091/4091/4091 4092/4092/4092
f 4095/4095/4095 4094/4094/4094 4093/4093/4093
f 4094/4094/4094 4095/4095/4095 4096/4096/4096
f 4099/4099/4099 4098/4098/4098 4097/4097/4097
f 4098/4098/4098 4099/4099/4099 4100/4100/4100
f 4103/4103/4103 4102/4102/4102 4101/4101/4101
f 4102/4102/4102 4103/4103/4103 4104/4104/4104
f 4107/4107/4107 4106/4106/4106 4105/4105/4105
f 4106/4106/4106 4107/4107/4107 4108/4108/4108
f 4111/4111/4111 4110/4110/4110 4109/4109/4109
f 4110/4110/4110 4111/4111/4111 4112/4112/4112
f 4115/4115/4115 4114/4114/4114 4113/4113/4113
f 4114/4114/4114 4115/4115/4115 4116/4116/4116
f 4119/4119/4119 4118/4118/4118 4117/4117/4117
f 4118/4118/4118 4119/4119/4119 4120/4120/4120
f 4123/4123/4123 4122/4122/4122 4121/4121/4121
f 4122/4122/4122 4123/4123/4123 4124/4124/4124
f 4127/4127/4127 4126/4126/4126 4125/4125/4125
f 4126/4126/4126 4127/4127/4127 4128/4128/4128
f 4131/4131/4131 4130/4130/4130 4129/4129/4129
f 4130/4130/4130 4131/4131/4131 4132/4132/4132
f 4135/4135/4135 4134/4134/4134 4133/4133/4133
f 4134/4134/4134 4135/4135/4135 4136/4136/4136
f 4139/4139/4139 4138/4138/4138 4137/4137/4137
f 4138/4138/4138 4139/4139/4139 4140/4140/4140
f 4143/4143/4143 4142/4142/4142 4141/4141/4141
f 4142/4142/4142 4143/4143/4143 4144/4144/4144
f 4147/4147/4147 4146/4146/4146 4145/4145/4145
f 4146/4146/4146 4147/4147/4147 4148/4148/4148
f 4151/4151/4151 4150/4150/4150 4149/4149/4149
f 4150/4150/4150 4151/4151/4151 4152/4152/4152
f 4155/4155/4155 4154/4154/4154 4153/4153/4153
f 4154/4154/4154 4155/4155/4155 4156/4156/4156
f 4159/4159/4159 4158/4158/4158 4157/4157/4157
f 4158/4158/4158 4159/4159/4159 4160/4160/4160
f 4163/4163/4163 4162/4162/4162 4161/4161/4161
f 4162/4162/4162 4163/4163/4163 4164/4164/4164
f 4167/4167/4167 4166/4166/4166 4165/4165/4165
f 4166/4166/4166 4167/4167/4167 4168/4168/4168
f 4171/4171/4171 4170/4170/4170 4169/4169/4169
f 4170/4170/4170 4171/4171/4171 4172/4172/4172
f 4175/4175/4175 4174/4174/4174 4173/4173/4173
f 4174/4174/4174 4175/4175/4175 4176/4176/4176
f 4179/4179/4179 4178/4178/4178 4177/4177/4177
f 4178/4178/4178 4179/4179/4179 4180/4180/4180
f 4183/4183/4183 4182/4182/4182 4181/4181/4181
f 4182/4182/4182 4183/4183/4183 4184/4184/4184
