mtllib MAP054.mtl
o mesh_0
usemtl mat0
v 0.2 0.09999999999999999 -0.10000000000000002
v 6.6000000000000005 0.09999999999999921 -6.5
v 6.6000000000000005 0.10000000000000078 6.300000000000001
v -6.2 0.09999999999999921 -6.5
v 6.6000000000000005 0.09999999999999921 -6.5
v 0.2 0.09999999999999999 -0.10000000000000002
v 6.6000000000000005 0.10000000000000078 6.300000000000001
v -6.2 0.10000000000000078 6.300000000000001
v 0.2 0.09999999999999999 -0.10000000000000002
v 0.2 0.09999999999999999 -0.10000000000000002
v -6.2 0.10000000000000078 6.300000000000001
v -6.2 0.09999999999999921 -6.5
vt 0.6171875 0.7421875
vt 0.5 0.7421875
vt 0.6171875 0.625
vt 0.5 0.7421875
vt 0.6171875 0.625
vt 0.6171875 0.7421875
vt 0.5 0.7421875
vt 0.6171875 0.625
vt 0.6171875 0.7421875
vt 0.6171875 0.7421875
vt 0.5 0.7421875
vt 0.6171875 0.625
vn 0 1 -1.2246467991473532e-16
vn 0 1 -1.2246467991473532e-16
vn 0 1 -1.2246467991473532e-16
vn 0 1 -1.2246467991473532e-16
vn 0 1 -1.2246467991473532e-16
vn 0 1 -1.2246467991473532e-16
vn 0 1 -1.2246467991473532e-16
vn 0 1 -1.2246467991473532e-16
vn 0 1 -1.2246467991473532e-16
vn 0 1 -1.2246467991473532e-16
vn 0 1 -1.2246467991473532e-16
vn 0 1 -1.2246467991473532e-16
f 3/3/3 2/2/2 1/1/1
f 6/6/6 5/5/5 4/4/4
f 9/9/9 8/8/8 7/7/7
f 12/12/12 11/11/11 10/10/10
o mesh_1
usemtl mat1
v 6.6000000000000005 0.10000000000000078 6.300000000000001
v 5 -6.3 4.700000000000001
v -6.2 0.10000000000000078 6.300000000000001
v -4.6000000000000005 -6.3 4.700000000000001
v 6.6000000000000005 0.09999999999999921 -6.5
v 5 -6.300000000000002 -4.8999999999999995
v 6.6000000000000005 0.10000000000000078 6.300000000000001
v 5 -6.3 4.700000000000001
v -6.2 0.10000000000000078 6.300000000000001
v -4.6000000000000005 -6.3 4.700000000000001
v -6.2 0.09999999999999921 -6.5
v -4.6000000000000005 -6.300000000000002 -4.8999999999999995
v -6.2 0.09999999999999921 -6.5
v -4.6000000000000005 -6.300000000000002 -4.8999999999999995
v 6.6000000000000005 0.09999999999999921 -6.5
v 5 -6.300000000000002 -4.8999999999999995
v -4.6000000000000005 -6.3 4.700000000000001
v 5 -6.3 4.700000000000001
v -4.6000000000000005 -6.300000000000002 -4.8999999999999995
v 5 -6.300000000000002 -4.8999999999999995
vt 0.3671875 0.1875
vt 0.3515625 0.2421875
vt 0.25 0.1875
vt 0.2578125 0.2421875
vt 0.4921875 0.1875
vt 0.4765625 0.2421875
vt 0.375 0.1875
vt 0.3828125 0.2421875
vt 0.2421875 0.1875
vt 0.234375 0.2421875
vt 0.125 0.1875
vt 0.1328125 0.2421875
vt 0.1171875 0.1875
vt 0.109375 0.2421875
vt 0 0.1875
vt 0.0078125 0.2421875
vt 0.1171875 0.1875
vt 0.1171875 0.2421875
vt 0.0625 0.1875
vt 0.0625 0.2421875
vn 0 -0.24253562503633283 0.9701425001453319
vn 0 -0.24253562503633283 0.9701425001453319
vn 0 -0.24253562503633283 0.9701425001453319
vn 0 -0.24253562503633283 0.9701425001453319
vn 0.9701425001453319 -0.24253562503633297 2.970204768799478e-17
vn 0.9701425001453319 -0.24253562503633297 2.970204768799478e-17
vn 0.9701425001453319 -0.24253562503633297 2.970204768799478e-17
vn 0.9701425001453319 -0.24253562503633297 2.970204768799478e-17
vn -0.9701425001453319 -0.24253562503633297 2.970204768799478e-17
vn -0.9701425001453319 -0.24253562503633297 2.970204768799478e-17
vn -0.9701425001453319 -0.24253562503633297 2.970204768799478e-17
vn -0.9701425001453319 -0.24253562503633297 2.970204768799478e-17
vn 0 -0.24253562503633308 -0.9701425001453319
vn 0 -0.24253562503633308 -0.9701425001453319
vn 0 -0.24253562503633308 -0.9701425001453319
vn 0 -0.24253562503633308 -0.9701425001453319
vn 0 -1 1.2246467991473532e-16
vn 0 -1 1.2246467991473532e-16
vn 0 -1 1.2246467991473532e-16
vn 0 -1 1.2246467991473532e-16
f 15/15/15 14/14/14 13/13/13
f 14/14/14 15/15/15 16/16/16
f 19/19/19 18/18/18 17/17/17
f 18/18/18 19/19/19 20/20/20
f 23/23/23 22/22/22 21/21/21
f 22/22/22 23/23/23 24/24/24
f 27/27/27 26/26/26 25/25/25
f 26/26/26 27/27/27 28/28/28
f 31/31/31 30/30/30 29/29/29
f 30/30/30 31/31/31 32/32/32
o mesh_2
usemtl mat2
v -0.6000000000000001 1.7000000000000002 0.0999999999999998
v 1 1.7000000000000002 0.0999999999999998
v -0.6000000000000001 -1.5 0.10000000000000019
v 1 -1.5 0.10000000000000019
vt 0.625 0.375
vt 0.6484375 0.375
vt 0.625 0.4296875
vt 0.6484375 0.4296875
vn 0 1.2246467991473532e-16 1
vn 0 1.2246467991473532e-16 1
vn 0 1.2246467991473532e-16 1
vn 0 1.2246467991473532e-16 1
f 35/35/35 34/34/34 33/33/33
f 34/34/34 35/35/35 36/36/36
o mesh_3
usemtl mat3
v 62.400000000000006 89.59999999999998 -192
v 64 87.99999999999997 -179.20000000000002
v 51.2 89.59999999999998 -185.60000000000002
v 64 87.99999999999997 -179.20000000000002
v 51.2 89.59999999999998 -179.20000000000002
v 51.2 89.59999999999998 -185.60000000000002
v 78.4 87.99999999999997 -192
v 89.60000000000001 89.59999999999998 -192
v 76.80000000000001 89.59999999999998 -179.20000000000002
v 51.2 89.59999999999998 -185.60000000000002
v 51.2 89.59999999999998 -192
v 62.400000000000006 89.59999999999998 -192
v 25.6 51.199999999999996 -38.40000000000001
v 25.6 51.199999999999996 -51.20000000000001
v 38.400000000000006 51.199999999999996 -51.20000000000001
v 38.400000000000006 89.59999999999998 -192
v 40 89.59999999999998 -185.60000000000002
v 38.400000000000006 89.59999999999998 -185.60000000000002
v 89.60000000000001 89.59999999999998 -204.8
v 78.4 89.59999999999998 -193.60000000000002
v 76.80000000000001 89.59999999999998 -204.8
v 51.2 89.59999999999998 -204.8
v 64 89.59999999999998 -204.8
v 62.400000000000006 89.59999999999998 -193.60000000000002
v 25.6 89.59999999999998 -179.20000000000002
v 25.6 89.59999999999998 -192
v 28 89.59999999999998 -185.60000000000002
v 38.400000000000006 89.59999999999998 -185.60000000000002
v 29.6 89.59999999999998 -185.60000000000002
v 38.400000000000006 89.59999999999998 -192
v 62.400000000000006 89.59999999999998 -192
v 64 87.99999999999997 -192
v 64 87.99999999999997 -179.20000000000002
v 76.80000000000001 89.59999999999998 -179.20000000000002
v 76.80000000000001 87.99999999999997 -192
v 78.4 87.99999999999997 -192
v 76.80000000000001 89.59999999999998 -179.20000000000002
v 89.60000000000001 89.59999999999998 -179.20000000000002
v 89.60000000000001 89.6 -166.4
v 51.2 89.59999999999998 -192
v 51.2 89.59999999999998 -185.60000000000002
v 49.6 89.59999999999998 -185.60000000000002
v 64 89.59999999999998 -204.8
v 64 89.59999999999998 -193.60000000000002
v 62.400000000000006 89.59999999999998 -193.60000000000002
v 78.4 89.59999999999998 -193.60000000000002
v 76.80000000000001 89.59999999999998 -193.60000000000002
v 76.80000000000001 89.59999999999998 -204.8
v 89.60000000000001 89.59999999999998 -192
v 89.60000000000001 89.59999999999998 -179.20000000000002
v 76.80000000000001 89.59999999999998 -179.20000000000002
v 28 89.59999999999998 -185.60000000000002
v 28 89.59999999999998 -179.20000000000002
v 25.6 89.59999999999998 -179.20000000000002
v 25.6 51.199999999999996 -38.40000000000001
v 38.400000000000006 51.199999999999996 -51.20000000000001
v 38.400000000000006 49.599999999999994 -38.40000000000001
v 37.6 51.199999999999996 -37.60000000000001
v 38.400000000000006 51.2 -25.60000000000001
v 32 51.2 -25.60000000000001
v 48 44.800000000000004 -25.60000000000001
v 51.2 44.800000000000004 -12.800000000000006
v 44.800000000000004 44.800000000000004 -12.800000000000006
v 38.400000000000006 44.800000000000004 -12.800000000000006
v 44.800000000000004 44.800000000000004 -12.800000000000006
v 44.800000000000004 44.800000000000004 -6.400000000000006
v 51.2 44.800000000000004 -6.400000000000006
v 51.2 44.800000000000004 -5.486417660180143e-15
v 44.800000000000004 44.800000000000004 -6.400000000000006
v 44.800000000000004 44.800000000000004 -5.486417660180143e-15
v 44.800000000000004 44.800000000000004 -12.800000000000006
v 51.2 44.800000000000004 -12.800000000000006
v 44.800000000000004 44.800000000000004 -6.400000000000006
v 51.2 44.800000000000004 -6.400000000000006
v 89.60000000000001 89.59999999999998 -204.8
v 76.80000000000001 89.59999999999998 -204.8
v 89.60000000000001 89.59999999999998 -217.60000000000002
v 76.80000000000001 89.59999999999998 -217.60000000000002
v 89.60000000000001 89.59999999999998 -217.60000000000002
v 76.80000000000001 89.59999999999998 -217.60000000000002
v 89.60000000000001 89.59999999999998 -230.4
v 76.80000000000001 89.59999999999998 -230.4
v 64 89.59999999999998 -204.8
v 51.2 89.59999999999998 -204.8
v 64 89.59999999999998 -217.60000000000002
v 51.2 89.59999999999998 -217.60000000000002
v 64 89.59999999999998 -217.60000000000002
v 51.2 89.59999999999998 -217.60000000000002
v 64 89.59999999999998 -230.4
v 51.2 89.59999999999998 -230.4
v 38.400000000000006 38.4 -38.40000000000001
v 38.400000000000006 38.4 -51.20000000000001
v 51.2 38.4 -38.40000000000001
v 51.2 38.4 -51.20000000000001
v 51.2 38.4 -38.40000000000001
v 51.2 38.4 -51.20000000000001
v 64 38.4 -38.40000000000001
v 64 38.4 -51.20000000000001
v 76.80000000000001 38.4 -51.20000000000001
v 76.80000000000001 38.4 -38.40000000000001
v 64 38.4 -51.20000000000001
v 64 38.4 -38.40000000000001
v 38.400000000000006 89.59999999999998 -185.60000000000002
v 38.400000000000006 89.59999999999998 -179.20000000000002
v 29.6 89.59999999999998 -185.60000000000002
v 29.6 89.59999999999998 -179.20000000000002
v 89.60000000000001 38.4 -51.20000000000001
v 89.60000000000001 38.4 -38.40000000000001
v 76.80000000000001 38.4 -51.20000000000001
v 76.80000000000001 38.4 -38.40000000000001
v 64 38.400000000000006 -12.800000000000006
v 64 38.400000000000006 -4.702643708725837e-15
v 51.2 38.400000000000006 -12.800000000000006
v 51.2 38.400000000000006 -4.702643708725837e-15
v 0 51.199999999999996 -38.40000000000001
v 25.6 51.199999999999996 -38.40000000000001
v 0 51.2 -25.60000000000001
v 25.6 51.2 -25.60000000000001
v 89.60000000000001 38.4 -38.40000000000001
v 89.60000000000001 38.400000000000006 -25.600000000000005
v 76.80000000000001 38.4 -38.40000000000001
v 76.80000000000001 38.400000000000006 -25.600000000000005
v 38.400000000000006 44.800000000000004 -5.486417660180143e-15
v 25.6 44.800000000000004 -5.486417660180143e-15
v 38.400000000000006 44.800000000000004 -12.800000000000006
v 25.6 44.800000000000004 -12.800000000000006
v 51.2 38.400000000000006 -25.600000000000005
v 64 38.400000000000006 -25.600000000000005
v 51.2 38.400000000000006 -12.800000000000006
v 64 38.400000000000006 -12.800000000000006
v 76.80000000000001 38.400000000000006 -25.600000000000005
v 76.80000000000001 38.400000000000006 -12.800000000000006
v 64 38.400000000000006 -25.600000000000005
v 64 38.400000000000006 -12.800000000000006
v 89.60000000000001 38.400000000000006 -25.600000000000005
v 89.60000000000001 38.400000000000006 -12.800000000000006
v 76.80000000000001 38.400000000000006 -25.600000000000005
v 76.80000000000001 38.400000000000006 -12.800000000000006
v 76.80000000000001 38.400000000000006 -12.800000000000006
v 76.80000000000001 38.400000000000006 -4.702643708725837e-15
v 64 38.400000000000006 -12.800000000000006
v 64 38.400000000000006 -4.702643708725837e-15
v 89.60000000000001 38.400000000000006 -12.800000000000006
v 89.60000000000001 38.400000000000006 -4.702643708725837e-15
v 76.80000000000001 38.400000000000006 -12.800000000000006
v 76.80000000000001 38.400000000000006 -4.702643708725837e-15
v 38.400000000000006 38.400000000000006 -25.600000000000005
v 38.400000000000006 38.4 -38.40000000000001
v 51.2 38.400000000000006 -25.600000000000005
v 51.2 38.4 -38.40000000000001
v 51.2 38.400000000000006 -25.600000000000005
v 51.2 38.4 -38.40000000000001
v 64 38.400000000000006 -25.600000000000005
v 64 38.4 -38.40000000000001
v 76.80000000000001 38.4 -38.40000000000001
v 76.80000000000001 38.400000000000006 -25.600000000000005
v 64 38.4 -38.40000000000001
v 64 38.400000000000006 -25.600000000000005
v 89.60000000000001 89.59999999999998 -204.8
v 89.60000000000001 89.59999999999998 -192
v 78.4 89.59999999999998 -193.60000000000002
v 78.4 89.59999999999998 -192
v 49.6 89.59999999999998 -185.60000000000002
v 40 89.59999999999998 -185.60000000000002
v 51.2 89.59999999999998 -192
v 38.400000000000006 89.59999999999998 -192
v 49.6 89.59999999999998 -185.60000000000002
v 49.6 89.59999999999998 -179.20000000000002
v 40 89.59999999999998 -185.60000000000002
v 40 89.59999999999998 -179.20000000000002
v 51.2 89.59999999999998 -192
v 51.2 89.59999999999998 -204.8
v 62.400000000000006 89.59999999999998 -192
v 62.400000000000006 89.59999999999998 -193.60000000000002
v 29.6 89.59999999999998 -185.60000000000002
v 28 89.59999999999998 -185.60000000000002
v 38.400000000000006 89.59999999999998 -192
v 25.6 89.59999999999998 -192
v 64 83.19999999999997 -180.8
v 64 83.19999999999997 -192
v 70.4 82.39999999999998 -179.20000000000002
v 70.4 82.39999999999998 -192
v 70.4 82.39999999999998 -179.20000000000002
v 70.4 82.39999999999998 -192
v 76.80000000000001 83.19999999999997 -179.20000000000002
v 76.80000000000001 83.19999999999997 -192
v 38.400000000000006 89.59999999999998 -230.4
v 51.2 89.59999999999998 -230.4
v 38.400000000000006 89.59999999999998 -217.60000000000002
v 51.2 89.59999999999998 -217.60000000000002
v 38.400000000000006 89.59999999999998 -217.60000000000002
v 25.6 89.59999999999998 -217.60000000000002
v 38.400000000000006 89.59999999999998 -230.4
v 25.6 89.59999999999998 -230.4
v 89.60000000000001 89.6 -166.4
v 79.2 89.6 -168
v 76.80000000000001 89.59999999999998 -179.20000000000002
v 77.60000000000001 89.6 -169.60000000000002
v 0 89.59999999999998 -204.8
v 25.6 89.59999999999998 -204.8
v 0 89.59999999999998 -192
v 25.6 89.59999999999998 -192
v 38.400000000000006 89.59999999999998 -192
v 25.6 89.59999999999998 -192
v 38.400000000000006 89.59999999999998 -204.8
v 25.6 89.59999999999998 -204.8
v 38.400000000000006 89.59999999999998 -204.8
v 25.6 89.59999999999998 -204.8
v 38.400000000000006 89.59999999999998 -217.60000000000002
v 25.6 89.59999999999998 -217.60000000000002
v 38.400000000000006 89.59999999999998 -217.60000000000002
v 51.2 89.59999999999998 -217.60000000000002
v 38.400000000000006 89.59999999999998 -204.8
v 51.2 89.59999999999998 -204.8
v 38.400000000000006 89.59999999999998 -192
v 38.400000000000006 89.59999999999998 -204.8
v 51.2 89.59999999999998 -192
v 51.2 89.59999999999998 -204.8
v 32 51.2 -25.60000000000001
v 38.400000000000006 51.2 -25.60000000000001
v 32 51.2 -19.20000000000001
v 38.400000000000006 51.2 -19.20000000000001
v 32 51.2 -25.60000000000001
v 25.6 51.2 -25.60000000000001
v 37.6 51.199999999999996 -37.60000000000001
v 25.6 51.199999999999996 -38.40000000000001
v 38.400000000000006 44.800000000000004 -12.800000000000006
v 38.400000000000006 44.800000000000004 -25.60000000000001
v 44.800000000000004 44.800000000000004 -12.800000000000006
v 48 44.800000000000004 -25.60000000000001
v 44.800000000000004 44.800000000000004 -6.400000000000006
v 44.800000000000004 44.800000000000004 -5.486417660180143e-15
v 38.400000000000006 44.800000000000004 -12.800000000000006
v 38.400000000000006 44.800000000000004 -5.486417660180143e-15
v 32 51.2 -12.800000000000008
v 25.6 51.2 -12.800000000000008
v 32 51.2 -19.20000000000001
v 25.6 51.2 -19.20000000000001
v 25.6 51.2 -19.20000000000001
v 25.6 51.2 -25.60000000000001
v 32 51.2 -19.20000000000001
v 32 51.2 -25.60000000000001
v 38.400000000000006 51.2 -19.20000000000001
v 38.400000000000006 51.2 -12.800000000000008
v 32 51.2 -19.20000000000001
v 32 51.2 -12.800000000000008
vt 0.6328125 0.6171875
vt 0.6171875 0.5
vt 0.7421875 0.5546875
vt 0.6171875 0.5
vt 0.7421875 0.5
vt 0.7421875 0.5546875
vt 0.9765625 0.6171875
vt 0.875 0.6171875
vt 0.9921875 0.5
vt 0.7421875 0.5546875
vt 0.7421875 0.6171875
vt 0.6328125 0.6171875
vt 0.7421875 0.6171875
vt 0.7421875 0.5
vt 0.8671875 0.5
vt 0.8671875 0.6171875
vt 0.8515625 0.5546875
vt 0.8671875 0.5546875
vt 0.875 0.7421875
vt 0.9765625 0.6328125
vt 0.9921875 0.7421875
vt 0.7421875 0.7421875
vt 0.6171875 0.7421875
vt 0.6328125 0.6328125
vt 0.9921875 0.5
vt 0.9921875 0.6171875
vt 0.96875 0.5546875
vt 0.8671875 0.5546875
vt 0.953125 0.5546875
vt 0.8671875 0.6171875
vt 0.6328125 0.6171875
vt 0.6171875 0.6171875
vt 0.6171875 0.5
vt 0.9921875 0.5
vt 0.9921875 0.6171875
vt 0.9765625 0.6171875
vt 0.9921875 0.9921875
vt 0.875 0.9921875
vt 0.875 0.875
vt 0.7421875 0.6171875
vt 0.7421875 0.5546875
vt 0.7578125 0.5546875
vt 0.6171875 0.7421875
vt 0.6171875 0.6328125
vt 0.6328125 0.6328125
vt 0.9765625 0.6328125
vt 0.9921875 0.6328125
vt 0.9921875 0.7421875
vt 0.875 0.6171875
vt 0.875 0.5
vt 0.9921875 0.5
vt 0.96875 0.5546875
vt 0.96875 0.5
vt 0.9921875 0.5
vt 0.7421875 0.6171875
vt 0.8671875 0.5
vt 0.8671875 0.6171875
vt 0.859375 0.625
vt 0.8671875 0.7421875
vt 0.8046875 0.7421875
vt 0.9609375 0.7421875
vt 0.9921875 0.8671875
vt 0.9296875 0.8671875
vt 0.8671875 0.8671875
vt 0.9296875 0.8671875
vt 0.9296875 0.9296875
vt 0.9921875 0.9296875
vt 0.9921875 0.9921875
vt 0.9296875 0.9296875
vt 0.9296875 0.9921875
vt 0.9296875 0.8671875
vt 0.9921875 0.8671875
vt 0.9296875 0.9296875
vt 0.9921875 0.9296875
vt 0.875 0.7421875
vt 0.9921875 0.7421875
vt 0.875 0.8671875
vt 0.9921875 0.8671875
vt 0.875 0.8671875
vt 0.9921875 0.8671875
vt 0.875 0.9921875
vt 0.9921875 0.9921875
vt 0.6171875 0.7421875
vt 0.7421875 0.7421875
vt 0.6171875 0.8671875
vt 0.7421875 0.8671875
vt 0.6171875 0.8671875
vt 0.7421875 0.8671875
vt 0.6171875 0.9921875
vt 0.7421875 0.9921875
vt 0.8671875 0.6171875
vt 0.8671875 0.5
vt 0.9921875 0.6171875
vt 0.9921875 0.5
vt 0.5 0.6171875
vt 0.5 0.5
vt 0.6171875 0.6171875
vt 0.6171875 0.5
vt 0.7421875 0.5
vt 0.7421875 0.6171875
vt 0.6171875 0.5
vt 0.6171875 0.6171875
vt 0.8671875 0.5546875
vt 0.8671875 0.5
vt 0.953125 0.5546875
vt 0.953125 0.5
vt 0.8671875 0.5
vt 0.8671875 0.6171875
vt 0.7421875 0.5
vt 0.7421875 0.6171875
vt 0.6171875 0.8671875
vt 0.6171875 0.9921875
vt 0.5 0.8671875
vt 0.5 0.9921875
vt 0.5 0.6171875
vt 0.7421875 0.6171875
vt 0.5 0.7421875
vt 0.7421875 0.7421875
vt 0.8671875 0.6171875
vt 0.8671875 0.7421875
vt 0.7421875 0.6171875
vt 0.7421875 0.7421875
vt 0.8671875 0.9921875
vt 0.7421875 0.9921875
vt 0.8671875 0.8671875
vt 0.7421875 0.8671875
vt 0.5 0.7421875
vt 0.6171875 0.7421875
vt 0.5 0.8671875
vt 0.6171875 0.8671875
vt 0.7421875 0.7421875
vt 0.7421875 0.8671875
vt 0.6171875 0.7421875
vt 0.6171875 0.8671875
vt 0.8671875 0.7421875
vt 0.8671875 0.8671875
vt 0.7421875 0.7421875
vt 0.7421875 0.8671875
vt 0.7421875 0.8671875
vt 0.7421875 0.9921875
vt 0.6171875 0.8671875
vt 0.6171875 0.9921875
vt 0.8671875 0.8671875
vt 0.8671875 0.9921875
vt 0.7421875 0.8671875
vt 0.7421875 0.9921875
vt 0.8671875 0.7421875
vt 0.8671875 0.6171875
vt 0.9921875 0.7421875
vt 0.9921875 0.6171875
vt 0.5 0.7421875
vt 0.5 0.6171875
vt 0.6171875 0.7421875
vt 0.6171875 0.6171875
vt 0.7421875 0.6171875
vt 0.7421875 0.7421875
vt 0.6171875 0.6171875
vt 0.6171875 0.7421875
vt 0.875 0.7421875
vt 0.875 0.6171875
vt 0.9765625 0.6328125
vt 0.9765625 0.6171875
vt 0.7578125 0.5546875
vt 0.8515625 0.5546875
vt 0.7421875 0.6171875
vt 0.8671875 0.6171875
vt 0.7578125 0.5546875
vt 0.7578125 0.5
vt 0.8515625 0.5546875
vt 0.8515625 0.5
vt 0.7421875 0.6171875
vt 0.7421875 0.7421875
vt 0.6328125 0.6171875
vt 0.6328125 0.6328125
vt 0.953125 0.5546875
vt 0.96875 0.5546875
vt 0.8671875 0.6171875
vt 0.9921875 0.6171875
vt 0.6171875 0.5078125
vt 0.6171875 0.6171875
vt 0.5546875 0.5
vt 0.5546875 0.6171875
vt 0.5546875 0.5
vt 0.5546875 0.6171875
vt 0.5 0.5
vt 0.5 0.6171875
vt 0.8671875 0.9921875
vt 0.7421875 0.9921875
vt 0.8671875 0.8671875
vt 0.7421875 0.8671875
vt 0.8671875 0.8671875
vt 0.9921875 0.8671875
vt 0.8671875 0.9921875
vt 0.9921875 0.9921875
vt 0.875 0.875
vt 0.96875 0.8828125
vt 0.9921875 0.9921875
vt 0.984375 0.8984375
vt 0.7421875 0.7421875
vt 0.5 0.7421875
vt 0.7421875 0.625
vt 0.5 0.625
vt 0.8671875 0.6171875
vt 0.9921875 0.6171875
vt 0.8671875 0.7421875
vt 0.9921875 0.7421875
vt 0.8671875 0.7421875
vt 0.9921875 0.7421875
vt 0.8671875 0.8671875
vt 0.9921875 0.8671875
vt 0.8671875 0.8671875
vt 0.7421875 0.8671875
vt 0.8671875 0.7421875
vt 0.7421875 0.7421875
vt 0.8671875 0.6171875
vt 0.8671875 0.7421875
vt 0.7421875 0.6171875
vt 0.7421875 0.7421875
vt 0.8046875 0.7421875
vt 0.8671875 0.7421875
vt 0.8046875 0.8046875
vt 0.8671875 0.8046875
vt 0.8046875 0.7421875
vt 0.7421875 0.7421875
vt 0.859375 0.625
vt 0.7421875 0.6171875
vt 0.8671875 0.8671875
vt 0.8671875 0.7421875
vt 0.9296875 0.8671875
vt 0.9609375 0.7421875
vt 0.9296875 0.9296875
vt 0.9296875 0.9921875
vt 0.8671875 0.8671875
vt 0.8671875 0.9921875
vt 0.8046875 0.8671875
vt 0.7421875 0.8671875
vt 0.8046875 0.8046875
vt 0.7421875 0.8046875
vt 0.7421875 0.8046875
vt 0.7421875 0.7421875
vt 0.8046875 0.8046875
vt 0.8046875 0.7421875
vt 0.8671875 0.8046875
vt 0.8671875 0.8671875
vt 0.8046875 0.8046875
vt 0.8046875 0.8671875
vn 0.0660728427204314 0.9910926631582125 0.11562747289810973
vn 0.0660728427204314 0.9910926631582125 0.11562747289810973
vn 0.0660728427204314 0.9910926631582125 0.11562747289810973
vn 0.12403473458920845 0.9922778767136676 -1.215189925582125e-16
vn 0.12403473458920845 0.9922778767136676 -1.215189925582125e-16
vn 0.12403473458920845 0.9922778767136676 -1.215189925582125e-16
vn -0.1400280145385732 0.9801960570665289 -0.1400280145385733
vn -0.1400280145385732 0.9801960570665289 -0.1400280145385733
vn -0.1400280145385732 0.9801960570665289 -0.1400280145385733
vn 0 1 -1.2246467991473532e-16
vn 0 1 -1.2246467991473532e-16
vn 0 1 -1.2246467991473532e-16
vn 0 1 -1.2246467991473532e-16
vn 0 1 -1.2246467991473532e-16
vn 0 1 -1.2246467991473532e-16
vn 0 1 -1.2246467991473532e-16
vn 0 1 -1.2246467991473532e-16
vn 0 1 -1.2246467991473532e-16
vn 0 1 -1.2246467991473532e-16
vn 0 1 -1.2246467991473532e-16
vn 0 1 -1.2246467991473532e-16
vn 0 1 -1.2246467991473532e-16
vn 0 1 -1.2246467991473532e-16
vn 0 1 -1.2246467991473532e-16
vn 0 1 -1.2246467991473532e-16
vn 0 1 -1.2246467991473532e-16
vn 0 1 -1.2246467991473532e-16
vn 0 1 -1.2246467991473532e-16
vn 0 1 -1.2246467991473532e-16
vn 0 1 -1.2246467991473532e-16
vn 0.7071067811865475 0.7071067811865475 -8.659560562354932e-17
vn 0.7071067811865475 0.7071067811865475 -8.659560562354932e-17
vn 0.7071067811865475 0.7071067811865475 -8.659560562354932e-17
vn 0 0.9922778767136676 -0.12403473458920856
vn 0 0.9922778767136676 -0.12403473458920856
vn 0 0.9922778767136676 -0.12403473458920856
vn 0 1 -1.2246467991473532e-16
vn 0 1 -1.2246467991473532e-16
vn 0 1 -1.2246467991473532e-16
vn 0 1 -1.2246467991473532e-16
vn 0 1 -1.2246467991473532e-16
vn 0 1 -1.2246467991473532e-16
vn 0 1 -1.2246467991473532e-16
vn 0 1 -1.2246467991473532e-16
vn 0 1 -1.2246467991473532e-16
vn 0 1 -1.2246467991473532e-16
vn 0 1 -1.2246467991473532e-16
vn 0 1 -1.2246467991473532e-16
vn 0 1 -1.2246467991473532e-16
vn 0 1 -1.2246467991473532e-16
vn 0 1 -1.2246467991473532e-16
vn 0 1 -1.2246467991473532e-16
vn 0 1 -1.2246467991473532e-16
vn 0 1 -1.2246467991473532e-16
vn 0.12309149097933274 0.9847319278346619 0.12309149097933263
vn 0.12309149097933274 0.9847319278346619 0.12309149097933263
vn 0.12309149097933274 0.9847319278346619 0.12309149097933263
vn 0 1 -1.2246467991473532e-16
vn 0 1 -1.2246467991473532e-16
vn 0 1 -1.2246467991473532e-16
vn 0 1 -1.2246467991473532e-16
vn 0 1 -1.2246467991473532e-16
vn 0 1 -1.2246467991473532e-16
vn 0 1 -1.2246467991473532e-16
vn 0 1 -1.2246467991473532e-16
vn 0 1 -1.2246467991473532e-16
vn 0 1 -1.2246467991473532e-16
vn 0 1 -1.2246467991473532e-16
vn 0 1 -1.2246467991473532e-16
vn 0 1 -1.2246467991473532e-16
vn 0 1 -1.2246467991473532e-16
vn 0 1 -1.2246467991473532e-16
vn 0 1 -1.2246467991473532e-16
vn 0 1 -1.2246467991473532e-16
vn 0 1 -1.2246467991473532e-16
vn 0 1 -1.2246467991473532e-16
vn 0 1 -1.2246467991473532e-16
vn 0 1 -1.2246467991473532e-16
vn 0 1 -1.2246467991473532e-16
vn 0 1 -1.2246467991473532e-16
vn 0 1 -1.2246467991473532e-16
vn 0 1 -1.2246467991473532e-16
vn 0 1 -1.2246467991473532e-16
vn 0 1 -1.2246467991473532e-16
vn 0 1 -1.2246467991473532e-16
vn 0 1 -1.2246467991473532e-16
vn 0 1 -1.2246467991473532e-16
vn 0 1 -1.2246467991473532e-16
vn 0 1 -1.2246467991473532e-16
vn 0 1 -1.2246467991473532e-16
vn 0 1 -1.2246467991473532e-16
vn 0 1 -1.2246467991473532e-16
vn 0 1 -1.2246467991473532e-16
vn 0 1 -1.2246467991473532e-16
vn 0 1 -1.2246467991473532e-16
vn 0 1 -1.2246467991473532e-16
vn 0 1 -1.2246467991473532e-16
vn 0 1 -1.2246467991473532e-16
vn 0 1 -1.2246467991473532e-16
vn 0 1 -1.2246467991473532e-16
vn 0 1 -1.2246467991473532e-16
vn 0 1 -1.2246467991473532e-16
vn 0 1 -1.2246467991473532e-16
vn 0 1 -1.2246467991473532e-16
vn 0 1 -1.2246467991473532e-16
vn 0 1 -1.2246467991473532e-16
vn 0 1 -1.2246467991473532e-16
vn 0 1 -1.2246467991473532e-16
vn 0 1 -1.2246467991473532e-16
vn 0 1 -1.2246467991473532e-16
vn 0 1 -1.2246467991473532e-16
vn 0 1 -1.2246467991473532e-16
vn 0 1 -1.2246467991473532e-16
vn 0 1 -1.2246467991473532e-16
vn 0 1 -1.2246467991473532e-16
vn 0 1 -1.2246467991473532e-16
vn 0 1 -1.2246467991473532e-16
vn 0 1 -1.2246467991473532e-16
vn 0 1 -1.2246467991473532e-16
vn 0 1 -1.2246467991473532e-16
vn 0 1 -1.2246467991473532e-16
vn 0 1 -1.2246467991473532e-16
vn 0 1 -1.2246467991473532e-16
vn 0 1 -1.2246467991473532e-16
vn 0 1 -1.2246467991473532e-16
vn 0 1 -1.2246467991473532e-16
vn 0 1 -1.2246467991473532e-16
vn 0 1 -1.2246467991473532e-16
vn 0 1 -1.2246467991473532e-16
vn 0 1 -1.2246467991473532e-16
vn 0 1 -1.2246467991473532e-16
vn 0 1 -1.2246467991473532e-16
vn 0 1 -1.2246467991473532e-16
vn 0 1 -1.2246467991473532e-16
vn 0 1 -1.2246467991473532e-16
vn 0 1 -1.2246467991473532e-16
vn 0 1 -1.2246467991473532e-16
vn 0 1 -1.2246467991473532e-16
vn 0 1 -1.2246467991473532e-16
vn 0 1 -1.2246467991473532e-16
vn 0 1 -1.2246467991473532e-16
vn 0 1 -1.2246467991473532e-16
vn 0 1 -1.2246467991473532e-16
vn 0 1 -1.2246467991473532e-16
vn 0 1 -1.2246467991473532e-16
vn 0 1 -1.2246467991473532e-16
vn 0 1 -1.2246467991473532e-16
vn 0 1 -1.2246467991473532e-16
vn 0 1 -1.2246467991473532e-16
vn 0 1 -1.2246467991473532e-16
vn 0 1 -1.2246467991473532e-16
vn 0 1 -1.2246467991473532e-16
vn 0 1 -1.2246467991473532e-16
vn 0 1 -1.2246467991473532e-16
vn 0 1 -1.2246467991473532e-16
vn 0 1 -1.2246467991473532e-16
vn 0 1 -1.2246467991473532e-16
vn 0 1 -1.2246467991473532e-16
vn 0 1 -1.2246467991473532e-16
vn 0 1 -1.2246467991473532e-16
vn 0 1 -1.2246467991473532e-16
vn 0 1 -1.2246467991473532e-16
vn 0 1 -1.2246467991473532e-16
vn 0 1 -1.2246467991473532e-16
vn 0 1 -1.2246467991473532e-16
vn 0 1 -1.2246467991473532e-16
vn 0 1 -1.2246467991473532e-16
vn 0 1 -1.2246467991473532e-16
vn 0 1 -1.2246467991473532e-16
vn 0 1 -1.2246467991473532e-16
vn 0 1 -1.2246467991473532e-16
vn 0 1 -1.2246467991473532e-16
vn 0 1 -1.2246467991473532e-16
vn 0 1 -1.2246467991473532e-16
vn 0 1 -1.2246467991473532e-16
vn 0 1 -1.2246467991473532e-16
vn 0 1 -1.2246467991473532e-16
vn 0 1 -1.2246467991473532e-16
vn 0.12403473458920845 0.9922778767136676 -1.215189925582125e-16
vn 0.12403473458920845 0.9922778767136676 -1.215189925582125e-16
vn 0.12403473458920845 0.9922778767136676 -1.215189925582125e-16
vn 0.12403473458920845 0.9922778767136676 -1.215189925582125e-16
vn -0.12403473458920845 0.9922778767136676 -1.215189925582125e-16
vn -0.12403473458920845 0.9922778767136676 -1.215189925582125e-16
vn -0.12403473458920845 0.9922778767136676 -1.215189925582125e-16
vn -0.12403473458920845 0.9922778767136676 -1.215189925582125e-16
vn 0 1 -1.2246467991473532e-16
vn 0 1 -1.2246467991473532e-16
vn 0 1 -1.2246467991473532e-16
vn 0 1 -1.2246467991473532e-16
vn 0 1 -1.2246467991473532e-16
vn 0 1 -1.2246467991473532e-16
vn 0 1 -1.2246467991473532e-16
vn 0 1 -1.2246467991473532e-16
vn 0 1 -1.2246467991473532e-16
vn 0 1 -1.2246467991473532e-16
vn 0 1 -1.2246467991473532e-16
vn 0 1 -1.2246467991473532e-16
vn 0 1 -1.2246467991473532e-16
vn 0 1 -1.2246467991473532e-16
vn 0 1 -1.2246467991473532e-16
vn 0 1 -1.2246467991473532e-16
vn 0 1 -1.2246467991473532e-16
vn 0 1 -1.2246467991473532e-16
vn 0 1 -1.2246467991473532e-16
vn 0 1 -1.2246467991473532e-16
vn 0 1 -1.2246467991473532e-16
vn 0 1 -1.2246467991473532e-16
vn 0 1 -1.2246467991473532e-16
vn 0 1 -1.2246467991473532e-16
vn 0 1 -1.2246467991473532e-16
vn 0 1 -1.2246467991473532e-16
vn 0 1 -1.2246467991473532e-16
vn 0 1 -1.2246467991473532e-16
vn 0 1 -1.2246467991473532e-16
vn 0 1 -1.2246467991473532e-16
vn 0 1 -1.2246467991473532e-16
vn 0 1 -1.2246467991473532e-16
vn 0 1 -1.2246467991473532e-16
vn 0 1 -1.2246467991473532e-16
vn 0 1 -1.2246467991473532e-16
vn 0 1 -1.2246467991473532e-16
vn 0 1 -1.2246467991473532e-16
vn 0 1 -1.2246467991473532e-16
vn 0 1 -1.2246467991473532e-16
vn 0 1 -1.2246467991473532e-16
vn 0 1 -1.2246467991473532e-16
vn 0 1 -1.2246467991473532e-16
vn 0 1 -1.2246467991473532e-16
vn 0 1 -1.2246467991473532e-16
vn 0 1 -1.2246467991473532e-16
vn 0 1 -1.2246467991473532e-16
vn 0 1 -1.2246467991473532e-16
vn 0 1 -1.2246467991473532e-16
vn 0 1 -1.2246467991473532e-16
vn 0 1 -1.2246467991473532e-16
vn 0 1 -1.2246467991473532e-16
vn 0 1 -1.2246467991473532e-16
vn 0 1 -1.2246467991473532e-16
vn 0 1 -1.2246467991473532e-16
vn 0 1 -1.2246467991473532e-16
vn 0 1 -1.2246467991473532e-16
vn 0 1 -1.2246467991473532e-16
vn 0 1 -1.2246467991473532e-16
vn 0 1 -1.2246467991473532e-16
vn 0 1 -1.2246467991473532e-16
f 39/39/39 38/38/38 37/37/37
f 42/42/42 41/41/41 40/40/40
f 45/45/45 44/44/44 43/43/43
f 48/48/48 47/47/47 46/46/46
f 51/51/51 50/50/50 49/49/49
f 54/54/54 53/53/53 52/52/52
f 57/57/57 56/56/56 55/55/55
f 60/60/60 59/59/59 58/58/58
f 63/63/63 62/62/62 61/61/61
f 66/66/66 65/65/65 64/64/64
f 69/69/69 68/68/68 67/67/67
f 72/72/72 71/71/71 70/70/70
f 75/75/75 74/74/74 73/73/73
f 78/78/78 77/77/77 76/76/76
f 81/81/81 80/80/80 79/79/79
f 84/84/84 83/83/83 82/82/82
f 87/87/87 86/86/86 85/85/85
f 90/90/90 89/89/89 88/88/88
f 93/93/93 92/92/92 91/91/91
f 96/96/96 95/95/95 94/94/94
f 99/99/99 98/98/98 97/97/97
f 102/102/102 101/101/101 100/100/100
f 105/105/105 104/104/104 103/103/103
f 104/104/104 105/105/105 106/106/106
f 109/109/109 108/108/108 107/107/107
f 108/108/108 109/109/109 110/110/110
f 113/113/113 112/112/112 111/111/111
f 112/112/112 113/113/113 114/114/114
f 117/117/117 116/116/116 115/115/115
f 116/116/116 117/117/117 118/118/118
f 121/121/121 120/120/120 119/119/119
f 120/120/120 121/121/121 122/122/122
f 125/125/125 124/124/124 123/123/123
f 124/124/124 125/125/125 126/126/126
f 129/129/129 128/128/128 127/127/127
f 128/128/128 129/129/129 130/130/130
f 133/133/133 132/132/132 131/131/131
f 132/132/132 133/133/133 134/134/134
f 137/137/137 136/136/136 135/135/135
f 136/136/136 137/137/137 138/138/138
f 141/141/141 140/140/140 139/139/139
f 140/140/140 141/141/141 142/142/142
f 145/145/145 144/144/144 143/143/143
f 144/144/144 145/145/145 146/146/146
f 149/149/149 148/148/148 147/147/147
f 148/148/148 149/149/149 150/150/150
f 153/153/153 152/152/152 151/151/151
f 152/152/152 153/153/153 154/154/154
f 157/157/157 156/156/156 155/155/155
f 156/156/156 157/157/157 158/158/158
f 161/161/161 160/160/160 159/159/159
f 160/160/160 161/161/161 162/162/162
f 165/165/165 164/164/164 163/163/163
f 164/164/164 165/165/165 166/166/166
f 169/169/169 168/168/168 167/167/167
f 168/168/168 169/169/169 170/170/170
f 173/173/173 172/172/172 171/171/171
f 172/172/172 173/173/173 174/174/174
f 177/177/177 176/176/176 175/175/175
f 176/176/176 177/177/177 178/178/178
f 181/181/181 180/180/180 179/179/179
f 180/180/180 181/181/181 182/182/182
f 185/185/185 184/184/184 183/183/183
f 184/184/184 185/185/185 186/186/186
f 189/189/189 188/188/188 187/187/187
f 188/188/188 189/189/189 190/190/190
f 193/193/193 192/192/192 191/191/191
f 192/192/192 193/193/193 194/194/194
f 197/197/197 196/196/196 195/195/195
f 196/196/196 197/197/197 198/198/198
f 201/201/201 200/200/200 199/199/199
f 200/200/200 201/201/201 202/202/202
f 205/205/205 204/204/204 203/203/203
f 204/204/204 205/205/205 206/206/206
f 209/209/209 208/208/208 207/207/207
f 208/208/208 209/209/209 210/210/210
f 213/213/213 212/212/212 211/211/211
f 212/212/212 213/213/213 214/214/214
f 217/217/217 216/216/216 215/215/215
f 216/216/216 217/217/217 218/218/218
f 221/221/221 220/220/220 219/219/219
f 220/220/220 221/221/221 222/222/222
f 225/225/225 224/224/224 223/223/223
f 224/224/224 225/225/225 226/226/226
f 229/229/229 228/228/228 227/227/227
f 228/228/228 229/229/229 230/230/230
f 233/233/233 232/232/232 231/231/231
f 232/232/232 233/233/233 234/234/234
f 237/237/237 236/236/236 235/235/235
f 236/236/236 237/237/237 238/238/238
f 241/241/241 240/240/240 239/239/239
f 240/240/240 241/241/241 242/242/242
f 245/245/245 244/244/244 243/243/243
f 244/244/244 245/245/245 246/246/246
f 249/249/249 248/248/248 247/247/247
f 248/248/248 249/249/249 250/250/250
f 253/253/253 252/252/252 251/251/251
f 252/252/252 253/253/253 254/254/254
f 257/257/257 256/256/256 255/255/255
f 256/256/256 257/257/257 258/258/258
f 261/261/261 260/260/260 259/259/259
f 260/260/260 261/261/261 262/262/262
f 265/265/265 264/264/264 263/263/263
f 264/264/264 265/265/265 266/266/266
f 269/269/269 268/268/268 267/267/267
f 268/268/268 269/269/269 270/270/270
f 273/273/273 272/272/272 271/271/271
f 272/272/272 273/273/273 274/274/274
f 277/277/277 276/276/276 275/275/275
f 276/276/276 277/277/277 278/278/278
f 281/281/281 280/280/280 279/279/279
f 280/280/280 281/281/281 282/282/282
o mesh_4
usemtl mat1
v 38.400000000000006 49.599999999999994 -38.40000000000001
v 37.6 51.199999999999996 -37.60000000000001
v 25.6 51.199999999999996 -38.40000000000001
v 38.400000000000006 38.4 -38.40000000000001
v 38.400000000000006 38.400000000000006 -25.600000000000005
v 38.400000000000006 44.800000000000004 -25.60000000000001
v 89.60000000000001 89.6 -76.80000000000003
v 76.80000000000001 89.6 -76.80000000000003
v 76.80000000000001 89.6 -89.60000000000002
v 27.200000000000003 76.8 -88.00000000000001
v 36.800000000000004 76.8 -88.00000000000001
v 38.400000000000006 76.8 -76.80000000000003
v 38.400000000000006 51.2 -25.60000000000001
v 37.6 51.199999999999996 -37.60000000000001
v 38.400000000000006 49.599999999999994 -38.40000000000001
v 51.2 76.8 -83.20000000000002
v 51.2 76.8 -76.80000000000003
v 38.400000000000006 76.8 -76.80000000000003
v 38.400000000000006 76.8 -76.80000000000003
v 25.6 76.8 -76.80000000000003
v 27.200000000000003 76.8 -88.00000000000001
v 51.2 76.8 -83.20000000000002
v 38.400000000000006 76.8 -76.80000000000003
v 49.6 76.8 -89.60000000000002
v 51.2 76.79999999999998 -179.20000000000002
v 64 76.79999999999998 -180.8
v 63.2 76.8 -169.60000000000002
v 51.2 73.6 -166.4
v 51.2 75.99999999999999 -169.60000000000002
v 54.400000000000006 76.8 -166.4
v 54.400000000000006 76.8 -166.4
v 51.2 75.99999999999999 -169.60000000000002
v 51.2 76.79999999999998 -179.20000000000002
v 63.2 75.19999999999999 -166.4
v 54.400000000000006 76.8 -166.4
v 63.2 76.8 -169.60000000000002
v 51.2 76.79999999999998 -179.20000000000002
v 63.2 76.8 -169.60000000000002
v 54.400000000000006 76.8 -166.4
v 64 75.19999999999999 -169.60000000000002
v 64 76.79999999999998 -180.8
v 70.4 75.99999999999997 -179.20000000000002
v 70.4 75.99999999999997 -179.20000000000002
v 70.4 74.39999999999999 -171.20000000000002
v 64 75.19999999999999 -169.60000000000002
v 70.4 75.99999999999997 -179.20000000000002
v 76.80000000000001 76.79999999999998 -179.20000000000002
v 76.80000000000001 75.19999999999999 -169.60000000000002
v 76.80000000000001 75.19999999999999 -169.60000000000002
v 70.4 74.39999999999999 -171.20000000000002
v 70.4 75.99999999999997 -179.20000000000002
v 38.400000000000006 75.19999999999999 -89.60000000000002
v 49.6 76.8 -89.60000000000002
v 38.400000000000006 76.8 -76.80000000000003
v 32 102.4 -57.600000000000016
v 32 102.4 -52.000000000000014
v 25.6 102.4 -51.20000000000002
v 70.4 89.60000000000001 -51.20000000000002
v 64 89.60000000000001 -51.20000000000002
v 64 89.6 -64.00000000000001
v 57.6 88.80000000000001 -52.000000000000014
v 51.2 88 -52.80000000000002
v 51.2 87.99999999999999 -64.00000000000001
v 48 44.800000000000004 -25.60000000000001
v 51.2 44 -22.40000000000001
v 51.2 44.800000000000004 -12.800000000000006
v 48 44.800000000000004 -25.60000000000001
v 51.2 38.400000000000006 -25.600000000000005
v 51.2 44 -22.40000000000001
v 51.2 44.800000000000004 -6.400000000000006
v 51.2 44.800000000000004 -12.800000000000006
v 51.2 38.400000000000006 -12.800000000000006
v 38.400000000000006 44.800000000000004 -12.800000000000006
v 38.400000000000006 51.2 -12.800000000000008
v 38.400000000000006 51.2 -19.20000000000001
v 32 51.2 -12.800000000000008
v 38.400000000000006 51.2 -12.800000000000008
v 38.400000000000006 44.800000000000004 -12.800000000000006
v 51.2 38.400000000000006 -12.800000000000006
v 51.2 38.400000000000006 -4.702643708725837e-15
v 51.2 44.800000000000004 -6.400000000000006
v 51.2 44.800000000000004 -5.486417660180143e-15
v 51.2 87.99999999999999 -88.00000000000001
v 64 89.6 -89.60000000000002
v 51.2 87.99999999999999 -76.80000000000003
v 64 89.6 -76.80000000000003
v 51.2 87.99999999999999 -76.80000000000003
v 64 89.6 -76.80000000000003
v 51.2 87.99999999999999 -64.00000000000001
v 64 89.6 -64.00000000000001
v 76.80000000000001 89.6 -89.60000000000002
v 86.4 89.6 -89.60000000000002
v 89.60000000000001 89.6 -76.80000000000003
v 89.60000000000001 89.6 -86.40000000000002
v 76.80000000000001 89.6 -89.60000000000002
v 76.80000000000001 89.6 -76.80000000000003
v 64 89.6 -89.60000000000002
v 64 89.6 -76.80000000000003
v 89.60000000000001 89.6 -76.80000000000003
v 89.60000000000001 89.6 -64.00000000000001
v 76.80000000000001 89.6 -76.80000000000003
v 76.80000000000001 89.6 -64.00000000000001
v 76.80000000000001 89.6 -76.80000000000003
v 76.80000000000001 89.6 -64.00000000000001
v 64 89.6 -76.80000000000003
v 64 89.6 -64.00000000000001
v 38.400000000000006 89.6 -64.00000000000001
v 38.400000000000006 89.6 -76.80000000000003
v 50.400000000000006 89.6 -64.00000000000001
v 50.400000000000006 89.6 -76.00000000000001
v 25.6 89.6 -76.80000000000003
v 38.400000000000006 89.6 -76.80000000000003
v 25.6 89.6 -64.00000000000001
v 38.400000000000006 89.6 -64.00000000000001
v 38.400000000000006 49.599999999999994 -38.40000000000001
v 38.400000000000006 38.4 -38.40000000000001
v 38.400000000000006 51.2 -25.60000000000001
v 38.400000000000006 44.800000000000004 -25.60000000000001
v 38.400000000000006 51.199999999999996 -51.20000000000001
v 38.400000000000006 38.4 -51.20000000000001
v 38.400000000000006 49.599999999999994 -38.40000000000001
v 38.400000000000006 38.4 -38.40000000000001
v 76.80000000000001 89.60000000000001 -51.20000000000002
v 70.4 89.60000000000001 -51.20000000000002
v 76.80000000000001 89.6 -64.00000000000001
v 64 89.6 -64.00000000000001
v 44.800000000000004 96 -57.600000000000016
v 44.800000000000004 96 -51.20000000000002
v 38.400000000000006 96 -57.600000000000016
v 38.400000000000006 96 -51.20000000000002
v 51.2 87.99999999999999 -64.00000000000001
v 64 89.6 -64.00000000000001
v 57.6 88.80000000000001 -52.000000000000014
v 64 89.60000000000001 -51.20000000000002
v 89.60000000000001 89.60000000000001 -54.40000000000002
v 76.80000000000001 89.60000000000001 -51.20000000000002
v 89.60000000000001 89.6 -64.00000000000001
v 76.80000000000001 89.6 -64.00000000000001
v 32 102.4 -57.600000000000016
v 32 102.39999999999999 -64.00000000000001
v 38.400000000000006 102.4 -57.600000000000016
v 38.400000000000006 102.39999999999999 -64.00000000000001
v 38.400000000000006 102.4 -57.600000000000016
v 36.800000000000004 102.4 -52.80000000000002
v 32 102.4 -57.600000000000016
v 32 102.4 -52.000000000000014
v 25.6 102.4 -51.20000000000002
v 25.6 102.39999999999999 -64.00000000000001
v 32 102.4 -57.600000000000016
v 32 102.39999999999999 -64.00000000000001
v 44.800000000000004 96 -57.600000000000016
v 44.800000000000004 95.99999999999999 -64.00000000000001
v 49.6 95.99999999999999 -58.40000000000002
v 48.800000000000004 95.99999999999999 -64.00000000000001
v 49.6 95.99999999999999 -58.40000000000002
v 50.400000000000006 96 -52.80000000000002
v 44.800000000000004 96 -57.600000000000016
v 44.800000000000004 96 -51.20000000000002
v 38.400000000000006 96 -57.600000000000016
v 38.400000000000006 95.99999999999999 -64.00000000000001
v 44.800000000000004 96 -57.600000000000016
v 44.800000000000004 95.99999999999999 -64.00000000000001
v 51.2 38.400000000000006 -25.600000000000005
v 51.2 38.400000000000006 -12.800000000000006
v 51.2 44 -22.40000000000001
v 51.2 44.800000000000004 -12.800000000000006
v 38.400000000000006 44.800000000000004 -25.60000000000001
v 38.400000000000006 38.400000000000006 -25.600000000000005
v 48 44.800000000000004 -25.60000000000001
v 51.2 38.400000000000006 -25.600000000000005
v 38.400000000000006 44.800000000000004 -12.800000000000006
v 25.6 44.800000000000004 -12.800000000000006
v 32 51.2 -12.800000000000008
v 25.6 51.2 -12.800000000000008
v 38.400000000000006 51.2 -25.60000000000001
v 38.400000000000006 44.800000000000004 -25.60000000000001
v 38.400000000000006 51.2 -19.20000000000001
v 38.400000000000006 44.800000000000004 -12.800000000000006
vt 0.3671875 0.140625
vt 0.359375 0.125
vt 0.3671875 0.125
vt 0.3671875 0.2421875
vt 0.25 0.2421875
vt 0.25 0.1796875
vt 0.1171875 0.1796875
vt 0 0.1796875
vt 0 0.0625
vt 0.0078125 0.078125
vt 0.1015625 0.078125
vt 0.1171875 0.1875
vt 0.25 0.125
vt 0.359375 0.125
vt 0.3671875 0.140625
vt 0.2421875 0.125
vt 0.2421875 0.1875
vt 0.1171875 0.1875
vt 0.1171875 0.1875
vt 0 0.1875
vt 0.0078125 0.078125
vt 0.2421875 0.125
vt 0.1171875 0.1875
vt 0.2265625 0.0625
vt 0.125 0.1953125
vt 0.2421875 0.1875
vt 0.2421875 0.2734375
vt 0 0.21875
vt 0 0.1875
vt 0.03125 0.1796875
vt 0.1484375 0.3046875
vt 0.125 0.2734375
vt 0.125 0.1953125
vt 0.2421875 0.3046875
vt 0.1484375 0.3046875
vt 0.2421875 0.2734375
vt 0.125 0.1953125
vt 0.2421875 0.2734375
vt 0.1484375 0.3046875
vt 0.2421875 0.28125
vt 0.2421875 0.1875
vt 0.3046875 0.1953125
vt 0.3046875 0.1953125
vt 0.3046875 0.265625
vt 0.2421875 0.28125
vt 0.3046875 0.1953125
vt 0.3671875 0.1953125
vt 0.3671875 0.28125
vt 0.3671875 0.28125
vt 0.3046875 0.265625
vt 0.3046875 0.1953125
vt 0.1171875 0.0625
vt 0.2265625 0.0625
vt 0.1171875 0.1875
vt 0.0625 0.3671875
vt 0.0625 0.421875
vt 0 0.4296875
vt 0.4296875 0.4296875
vt 0.3671875 0.4296875
vt 0.3671875 0.3046875
vt 0.3046875 0.421875
vt 0.2421875 0.4140625
vt 0.2421875 0.3046875
vt 0.2421875 0.1796875
vt 0.2109375 0.1875
vt 0.125 0.1796875
vt 0.2421875 0.1796875
vt 0.2421875 0.2421875
vt 0.2109375 0.1875
vt 0.0625 0.1796875
vt 0.125 0.1796875
vt 0.125 0.2421875
vt 0.125 0.1796875
vt 0.125 0.125
vt 0.1875 0.125
vt 0.0546875 0.125
vt 0.1171875 0.125
vt 0.1171875 0.1796875
vt 0.125 0.2421875
vt 0 0.2421875
vt 0.0625 0.1796875
vt 0 0.1796875
vt 0.2421875 0.078125
vt 0.3671875 0.0625
vt 0.2421875 0.1875
vt 0.3671875 0.1875
vt 0.2421875 0.1875
vt 0.3671875 0.1875
vt 0.2421875 0.3046875
vt 0.3671875 0.3046875
vt 0 0.0625
vt 0.0859375 0.0625
vt 0.1171875 0.1796875
vt 0.1171875 0.0859375
vt 0.4921875 0.0625
vt 0.4921875 0.1796875
vt 0.3671875 0.0625
vt 0.3671875 0.1875
vt 0.1171875 0.1796875
vt 0.1171875 0.3046875
vt 0 0.1796875
vt 0 0.3046875
vt 0.4921875 0.1796875
vt 0.4921875 0.3046875
vt 0.3671875 0.1875
vt 0.3671875 0.3046875
vt 0.1171875 0.3046875
vt 0.1171875 0.1875
vt 0.234375 0.3046875
vt 0.234375 0.1953125
vt 0 0.1875
vt 0.1171875 0.1875
vt 0 0.3125
vt 0.1171875 0.3046875
vt 0.3671875 0.140625
vt 0.3671875 0.2421875
vt 0.25 0.125
vt 0.25 0.1796875
vt 0.4921875 0.125
vt 0.4921875 0.2421875
vt 0.3671875 0.140625
vt 0.3671875 0.2421875
vt 0.4921875 0.4296875
vt 0.4296875 0.4296875
vt 0.4921875 0.3046875
vt 0.3671875 0.3046875
vt 0.1796875 0.3671875
vt 0.1796875 0.4296875
vt 0.125 0.3671875
vt 0.125 0.4296875
vt 0.2421875 0.3046875
vt 0.3671875 0.3046875
vt 0.3046875 0.421875
vt 0.3671875 0.4296875
vt 0.1171875 0.3984375
vt 0 0.4296875
vt 0.1171875 0.3046875
vt 0 0.3046875
vt 0.0625 0.3671875
vt 0.0625 0.3046875
vt 0.125 0.3671875
vt 0.125 0.3046875
vt 0.125 0.3671875
vt 0.1015625 0.4140625
vt 0.0625 0.3671875
vt 0.0625 0.421875
vt 0 0.4296875
vt 0 0.3046875
vt 0.0625 0.3671875
vt 0.0625 0.3046875
vt 0.1796875 0.3671875
vt 0.1796875 0.3046875
vt 0.2265625 0.359375
vt 0.21875 0.3046875
vt 0.2265625 0.359375
vt 0.234375 0.4140625
vt 0.1796875 0.3671875
vt 0.1796875 0.4296875
vt 0.125 0.3671875
vt 0.125 0.3046875
vt 0.1796875 0.3671875
vt 0.1796875 0.3046875
vt 0.2421875 0.2421875
vt 0.125 0.2421875
vt 0.2109375 0.1875
vt 0.125 0.1796875
vt 0.1171875 0.125
vt 0.1171875 0.1796875
vt 0.0234375 0.125
vt 0 0.1796875
vt 0.1171875 0.1796875
vt 0 0.1796875
vt 0.0546875 0.125
vt 0 0.125
vt 0.25 0.125
vt 0.25 0.1796875
vt 0.1875 0.125
vt 0.125 0.1796875
vn 0.058722021758782925 0.46977617407026334 -0.8808303301070342
vn 0.058722021758782925 0.46977617407026334 -0.8808303301070342
vn 0.058722021758782925 0.46977617407026334 -0.8808303301070342
vn 1 0 0
vn 1 0 0
vn 1 0 0
vn 0 1 -1.2246467991473532e-16
vn 0 1 -1.2246467991473532e-16
vn 0 1 -1.2246467991473532e-16
vn 0 1 -1.2246467991473532e-16
vn 0 1 -1.2246467991473532e-16
vn 0 1 -1.2246467991473532e-16
vn 0.8808303301070342 0.4697761740702634 -0.05872202175878298
vn 0.8808303301070342 0.4697761740702634 -0.05872202175878298
vn 0.8808303301070342 0.4697761740702634 -0.05872202175878298
vn 0 1 -1.2246467991473532e-16
vn 0 1 -1.2246467991473532e-16
vn 0 1 -1.2246467991473532e-16
vn 0 1 -1.2246467991473532e-16
vn 0 1 -1.2246467991473532e-16
vn 0 1 -1.2246467991473532e-16
vn 0 1 -1.2246467991473532e-16
vn 0 1 -1.2246467991473532e-16
vn 0 1 -1.2246467991473532e-16
vn 0 1 -1.2246467991473532e-16
vn 0 1 -1.2246467991473532e-16
vn 0 1 -1.2246467991473532e-16
vn -0.6246950475544242 0.6246950475544243 0.4685212856658181
vn -0.6246950475544242 0.6246950475544243 0.4685212856658181
vn -0.6246950475544242 0.6246950475544243 0.4685212856658181
vn -0.3152441713808048 0.9457324843400916 0.07881104284520109
vn -0.3152441713808048 0.9457324843400916 0.07881104284520109
vn -0.3152441713808048 0.9457324843400916 0.07881104284520109
vn 0.1605144707810256 0.8828295892956408 0.44141479464782035
vn 0.1605144707810256 0.8828295892956408 0.44141479464782035
vn 0.1605144707810256 0.8828295892956408 0.44141479464782035
vn 0 1 -1.2246467991473532e-16
vn 0 1 -1.2246467991473532e-16
vn 0 1 -1.2246467991473532e-16
vn 0.08804508952363878 0.9861050145856831 0.14087214919828633
vn 0.08804508952363878 0.9861050145856831 0.14087214919828633
vn 0.08804508952363878 0.9861050145856831 0.14087214919828633
vn 0.16912949151199613 0.9664542712712035 0.1932908602147051
vn 0.16912949151199613 0.9664542712712035 0.1932908602147051
vn 0.16912949151199613 0.9664542712712035 0.1932908602147051
vn -0.12237255236802486 0.9789804189441988 0.16316340812442007
vn -0.12237255236802486 0.9789804189441988 0.16316340812442007
vn -0.12237255236802486 0.9789804189441988 0.16316340812442007
vn -0.16912949151199613 0.9664542712712035 0.1932908602147051
vn -0.16912949151199613 0.9664542712712035 0.1932908602147051
vn -0.16912949151199613 0.9664542712712035 0.1932908602147051
vn -0.14035087719298245 0.9824561403508772 -0.12280701754385977
vn -0.14035087719298245 0.9824561403508772 -0.12280701754385977
vn -0.14035087719298245 0.9824561403508772 -0.12280701754385977
vn 0 1 -1.2246467991473532e-16
vn 0 1 -1.2246467991473532e-16
vn 0 1 -1.2246467991473532e-16
vn 0 1 -1.2246467991473532e-16
vn 0 1 -1.2246467991473532e-16
vn 0 1 -1.2246467991473532e-16
vn -0.12403473458920845 0.9922778767136676 -1.215189925582125e-16
vn -0.12403473458920845 0.9922778767136676 -1.215189925582125e-16
vn -0.12403473458920845 0.9922778767136676 -1.215189925582125e-16
vn 0.3152441713808048 0.9457324843400916 -0.07881104284520131
vn 0.3152441713808048 0.9457324843400916 -0.07881104284520131
vn 0.3152441713808048 0.9457324843400916 -0.07881104284520131
vn 0.7043607121230568 0.3521803560615283 -0.6163156529099967
vn 0.7043607121230568 0.3521803560615283 -0.6163156529099967
vn 0.7043607121230568 0.3521803560615283 -0.6163156529099967
vn 1 0 0
vn 1 0 0
vn 1 0 0
vn 1 0 0
vn 1 0 0
vn 1 0 0
vn 0 1.2246467991473532e-16 1
vn 0 1.2246467991473532e-16 1
vn 0 1.2246467991473532e-16 1
vn 1 0 0
vn 1 0 0
vn 1 0 0
vn 1 0 0
vn -0.12403473458920845 0.9922778767136676 -1.215189925582125e-16
vn -0.12403473458920845 0.9922778767136676 -1.215189925582125e-16
vn -0.12403473458920845 0.9922778767136676 -1.215189925582125e-16
vn -0.12403473458920845 0.9922778767136676 -1.215189925582125e-16
vn -0.12403473458920845 0.9922778767136676 -1.215189925582125e-16
vn -0.12403473458920845 0.9922778767136676 -1.215189925582125e-16
vn -0.12403473458920845 0.9922778767136676 -1.215189925582125e-16
vn -0.12403473458920845 0.9922778767136676 -1.215189925582125e-16
vn 0 1 -1.2246467991473532e-16
vn 0 1 -1.2246467991473532e-16
vn 0 1 -1.2246467991473532e-16
vn 0 1 -1.2246467991473532e-16
vn 0 1 -1.2246467991473532e-16
vn 0 1 -1.2246467991473532e-16
vn 0 1 -1.2246467991473532e-16
vn 0 1 -1.2246467991473532e-16
vn 0 1 -1.2246467991473532e-16
vn 0 1 -1.2246467991473532e-16
vn 0 1 -1.2246467991473532e-16
vn 0 1 -1.2246467991473532e-16
vn 0 1 -1.2246467991473532e-16
vn 0 1 -1.2246467991473532e-16
vn 0 1 -1.2246467991473532e-16
vn 0 1 -1.2246467991473532e-16
vn 0 1 -1.2246467991473532e-16
vn 0 1 -1.2246467991473532e-16
vn 0 1 -1.2246467991473532e-16
vn 0 1 -1.2246467991473532e-16
vn 0 1 -1.2246467991473532e-16
vn 0 1 -1.2246467991473532e-16
vn 0 1 -1.2246467991473532e-16
vn 0 1 -1.2246467991473532e-16
vn 1 0 0
vn 1 0 0
vn 1 0 0
vn 1 0 0
vn 1 0 0
vn 1 0 0
vn 1 0 0
vn 1 0 0
vn 0 1 -1.2246467991473532e-16
vn 0 1 -1.2246467991473532e-16
vn 0 1 -1.2246467991473532e-16
vn 0 1 -1.2246467991473532e-16
vn 0 1 -1.2246467991473532e-16
vn 0 1 -1.2246467991473532e-16
vn 0 1 -1.2246467991473532e-16
vn 0 1 -1.2246467991473532e-16
vn -0.12403473458920845 0.9922778767136676 -1.215189925582125e-16
vn -0.12403473458920845 0.9922778767136676 -1.215189925582125e-16
vn -0.12403473458920845 0.9922778767136676 -1.215189925582125e-16
vn -0.12403473458920845 0.9922778767136676 -1.215189925582125e-16
vn 0 1 -1.2246467991473532e-16
vn 0 1 -1.2246467991473532e-16
vn 0 1 -1.2246467991473532e-16
vn 0 1 -1.2246467991473532e-16
vn 0 1 -1.2246467991473532e-16
vn 0 1 -1.2246467991473532e-16
vn 0 1 -1.2246467991473532e-16
vn 0 1 -1.2246467991473532e-16
vn 0 1 -1.2246467991473532e-16
vn 0 1 -1.2246467991473532e-16
vn 0 1 -1.2246467991473532e-16
vn 0 1 -1.2246467991473532e-16
vn 0 1 -1.2246467991473532e-16
vn 0 1 -1.2246467991473532e-16
vn 0 1 -1.2246467991473532e-16
vn 0 1 -1.2246467991473532e-16
vn 0 1 -1.2246467991473532e-16
vn 0 1 -1.2246467991473532e-16
vn 0 1 -1.2246467991473532e-16
vn 0 1 -1.2246467991473532e-16
vn 0 1 -1.2246467991473532e-16
vn 0 1 -1.2246467991473532e-16
vn 0 1 -1.2246467991473532e-16
vn 0 1 -1.2246467991473532e-16
vn 0 1 -1.2246467991473532e-16
vn 0 1 -1.2246467991473532e-16
vn 0 1 -1.2246467991473532e-16
vn 0 1 -1.2246467991473532e-16
vn 1 0 0
vn 1 0 0
vn 1 0 0
vn 1 0 0
vn 0 -1.2246467991473532e-16 -1
vn 0 -1.2246467991473532e-16 -1
vn 0 -1.2246467991473532e-16 -1
vn 0 -1.2246467991473532e-16 -1
vn 0 1.2246467991473532e-16 1
vn 0 1.2246467991473532e-16 1
vn 0 1.2246467991473532e-16 1
vn 0 1.2246467991473532e-16 1
vn 1 0 0
vn 1 0 0
vn 1 0 0
vn 1 0 0
f 285/285/285 284/284/284 283/283/283
f 288/288/288 287/287/287 286/286/286
f 291/291/291 290/290/290 289/289/289
f 294/294/294 293/293/293 292/292/292
f 297/297/297 296/296/296 295/295/295
f 300/300/300 299/299/299 298/298/298
f 303/303/303 302/302/302 301/301/301
f 306/306/306 305/305/305 304/304/304
f 309/309/309 308/308/308 307/307/307
f 312/312/312 311/311/311 310/310/310
f 315/315/315 314/314/314 313/313/313
f 318/318/318 317/317/317 316/316/316
f 321/321/321 320/320/320 319/319/319
f 324/324/324 323/323/323 322/322/322
f 327/327/327 326/326/326 325/325/325
f 330/330/330 329/329/329 328/328/328
f 333/333/333 332/332/332 331/331/331
f 336/336/336 335/335/335 334/334/334
f 339/339/339 338/338/338 337/337/337
f 342/342/342 341/341/341 340/340/340
f 345/345/345 344/344/344 343/343/343
f 348/348/348 347/347/347 346/346/346
f 351/351/351 350/350/350 349/349/349
f 354/354/354 353/353/353 352/352/352
f 357/357/357 356/356/356 355/355/355
f 360/360/360 359/359/359 358/358/358
f 363/363/363 362/362/362 361/361/361
f 362/362/362 363/363/363 364/364/364
f 367/367/367 366/366/366 365/365/365
f 366/366/366 367/367/367 368/368/368
f 371/371/371 370/370/370 369/369/369
f 370/370/370 371/371/371 372/372/372
f 375/375/375 374/374/374 373/373/373
f 374/374/374 375/375/375 376/376/376
f 379/379/379 378/378/378 377/377/377
f 378/378/378 379/379/379 380/380/380
f 383/383/383 382/382/382 381/381/381
f 382/382/382 383/383/383 384/384/384
f 387/387/387 386/386/386 385/385/385
f 386/386/386 387/387/387 388/388/388
f 391/391/391 390/390/390 389/389/389
f 390/390/390 391/391/391 392/392/392
f 395/395/395 394/394/394 393/393/393
f 394/394/394 395/395/395 396/396/396
f 399/399/399 398/398/398 397/397/397
f 398/398/398 399/399/399 400/400/400
f 403/403/403 402/402/402 401/401/401
f 402/402/402 403/403/403 404/404/404
f 407/407/407 406/406/406 405/405/405
f 406/406/406 407/407/407 408/408/408
f 411/411/411 410/410/410 409/409/409
f 410/410/410 411/411/411 412/412/412
f 415/415/415 414/414/414 413/413/413
f 414/414/414 415/415/415 416/416/416
f 419/419/419 418/418/418 417/417/417
f 418/418/418 419/419/419 420/420/420
f 423/423/423 422/422/422 421/421/421
f 422/422/422 423/423/423 424/424/424
f 427/427/427 426/426/426 425/425/425
f 426/426/426 427/427/427 428/428/428
f 431/431/431 430/430/430 429/429/429
f 430/430/430 431/431/431 432/432/432
f 435/435/435 434/434/434 433/433/433
f 434/434/434 435/435/435 436/436/436
f 439/439/439 438/438/438 437/437/437
f 438/438/438 439/439/439 440/440/440
f 443/443/443 442/442/442 441/441/441
f 442/442/442 443/443/443 444/444/444
f 447/447/447 446/446/446 445/445/445
f 446/446/446 447/447/447 448/448/448
f 451/451/451 450/450/450 449/449/449
f 450/450/450 451/451/451 452/452/452
f 455/455/455 454/454/454 453/453/453
f 454/454/454 455/455/455 456/456/456
f 459/459/459 458/458/458 457/457/457
f 458/458/458 459/459/459 460/460/460
o mesh_5
usemtl mat4
v 0 51.2 -25.60000000000001
v -6.4 51.199999999999996 -32.00000000000001
v 0 51.199999999999996 -38.40000000000001
v 0 89.59999999999998 -192
v -6.4 89.59999999999998 -198.4
v 0 89.59999999999998 -204.8
vt 0.625 0.3046875
vt 0.6796875 0.25
vt 0.7421875 0.3046875
vt 0.625 0.3046875
vt 0.6796875 0.25
vt 0.7421875 0.3046875
vn 0 1 -1.2246467991473532e-16
vn 0 1 -1.2246467991473532e-16
vn 0 1 -1.2246467991473532e-16
vn 0 1 -1.2246467991473532e-16
vn 0 1 -1.2246467991473532e-16
vn 0 1 -1.2246467991473532e-16
f 463/463/463 462/462/462 461/461/461
f 466/466/466 465/465/465 464/464/464
o mesh_6
usemtl mat5
v 28.8 88.8 -169.60000000000002
v 27.200000000000003 88.8 -169.60000000000002
v 29.6 89.59999999999998 -179.20000000000002
v 28 89.59999999999998 -179.20000000000002
v 49.6 89.59999999999998 -179.20000000000002
v 51.2 89.59999999999998 -179.20000000000002
v 49.6 89.6 -168
v 51.2 89.6 -168
v 38.400000000000006 89.59999999999998 -179.20000000000002
v 40 89.59999999999998 -179.20000000000002
v 38.400000000000006 89.6 -168
v 40 89.6 -168
v 78.4 89.59999999999998 -193.60000000000002
v 78.4 89.59999999999998 -192
v 76.80000000000001 89.59999999999998 -193.60000000000002
v 76.80000000000001 89.59999999999998 -192
v 76.80000000000001 89.59999999999998 -192
v 64 89.59999999999998 -192
v 76.80000000000001 89.59999999999998 -193.60000000000002
v 64 89.59999999999998 -193.60000000000002
v 64 89.59999999999998 -193.60000000000002
v 64 89.59999999999998 -192
v 62.400000000000006 89.59999999999998 -193.60000000000002
v 62.400000000000006 89.59999999999998 -192
v 30.400000000000002 89.6 -166.4
v 30.400000000000002 89.6 -168
v 38.400000000000006 89.6 -166.4
v 38.400000000000006 89.6 -168
v 29.6 89.59999999999998 -179.20000000000002
v 28 89.59999999999998 -179.20000000000002
v 29.6 89.59999999999998 -185.60000000000002
v 28 89.59999999999998 -185.60000000000002
v 40 89.59999999999998 -179.20000000000002
v 38.400000000000006 89.59999999999998 -179.20000000000002
v 40 89.59999999999998 -185.60000000000002
v 38.400000000000006 89.59999999999998 -185.60000000000002
v 51.2 89.59999999999998 -185.60000000000002
v 51.2 89.59999999999998 -179.20000000000002
v 49.6 89.59999999999998 -185.60000000000002
v 49.6 89.59999999999998 -179.20000000000002
v 49.6 89.6 -168
v 49.6 89.6 -166.4
v 40 89.6 -168
v 40 89.6 -166.4
v 51.2 89.6 -168
v 51.2 89.6 -166.4
v 49.6 89.6 -168
v 49.6 89.6 -166.4
v 38.400000000000006 89.6 -166.4
v 38.400000000000006 89.6 -168
v 40 89.6 -166.4
v 40 89.6 -168
vt 0.0625 0.0546875
vt 0.0625 0.03125
vt 0.1328125 0.0546875
vt 0.1328125 0.03125
vt 0.1015625 0.015625
vt 0.1015625 0
vt 0.171875 0.015625
vt 0.171875 0
vt 0.09375 0.078125
vt 0.09375 0.0625
vt 0.1640625 0.078125
vt 0.1640625 0.0625
vt 0.1796875 0.03125
vt 0.1796875 0.0390625
vt 0.1640625 0.03125
vt 0.1640625 0.0390625
vt 0.1640625 0.0390625
vt 0.0546875 0.0390625
vt 0.1640625 0.03125
vt 0.0546875 0.03125
vt 0.0546875 0.03125
vt 0.0546875 0.0390625
vt 0.046875 0.03125
vt 0.046875 0.0390625
vt 0.0625 0.0546875
vt 0.0625 0.03125
vt 0.109375 0.0546875
vt 0.109375 0.03125
vt 0.1328125 0.0546875
vt 0.1328125 0.03125
vt 0.1796875 0.0546875
vt 0.1796875 0.03125
vt 0.09375 0.0625
vt 0.09375 0.078125
vt 0.0546875 0.0625
vt 0.0546875 0.078125
vt 0.0625 0
vt 0.1015625 0
vt 0.0625 0.015625
vt 0.1015625 0.015625
vt 0.1796875 0.03125
vt 0.1796875 0.0546875
vt 0.1171875 0.03125
vt 0.1171875 0.0546875
vt 0.171875 0
vt 0.1796875 0
vt 0.171875 0.015625
vt 0.1796875 0.015625
vt 0.1796875 0.078125
vt 0.1640625 0.078125
vt 0.1796875 0.0625
vt 0.1640625 0.0625
vn 0 0.996545757833813 0.08304548478653816
vn 0 0.996545757833813 0.08304548478653816
vn 0 0.996545757833813 0.08304548478653816
vn 0 0.996545757833813 0.08304548478653816
vn 0 1 -1.2246467991473532e-16
vn 0 1 -1.2246467991473532e-16
vn 0 1 -1.2246467991473532e-16
vn 0 1 -1.2246467991473532e-16
vn 0 1 -1.2246467991473532e-16
vn 0 1 -1.2246467991473532e-16
vn 0 1 -1.2246467991473532e-16
vn 0 1 -1.2246467991473532e-16
vn 0 1 -1.2246467991473532e-16
vn 0 1 -1.2246467991473532e-16
vn 0 1 -1.2246467991473532e-16
vn 0 1 -1.2246467991473532e-16
vn 0 1 -1.2246467991473532e-16
vn 0 1 -1.2246467991473532e-16
vn 0 1 -1.2246467991473532e-16
vn 0 1 -1.2246467991473532e-16
vn 0 1 -1.2246467991473532e-16
vn 0 1 -1.2246467991473532e-16
vn 0 1 -1.2246467991473532e-16
vn 0 1 -1.2246467991473532e-16
vn 0 1 -1.2246467991473532e-16
vn 0 1 -1.2246467991473532e-16
vn 0 1 -1.2246467991473532e-16
vn 0 1 -1.2246467991473532e-16
vn 0 1 -1.2246467991473532e-16
vn 0 1 -1.2246467991473532e-16
vn 0 1 -1.2246467991473532e-16
vn 0 1 -1.2246467991473532e-16
vn 0 1 -1.2246467991473532e-16
vn 0 1 -1.2246467991473532e-16
vn 0 1 -1.2246467991473532e-16
vn 0 1 -1.2246467991473532e-16
vn 0 1 -1.2246467991473532e-16
vn 0 1 -1.2246467991473532e-16
vn 0 1 -1.2246467991473532e-16
vn 0 1 -1.2246467991473532e-16
vn 0 1 -1.2246467991473532e-16
vn 0 1 -1.2246467991473532e-16
vn 0 1 -1.2246467991473532e-16
vn 0 1 -1.2246467991473532e-16
vn 0 1 -1.2246467991473532e-16
vn 0 1 -1.2246467991473532e-16
vn 0 1 -1.2246467991473532e-16
vn 0 1 -1.2246467991473532e-16
vn 0 1 -1.2246467991473532e-16
vn 0 1 -1.2246467991473532e-16
vn 0 1 -1.2246467991473532e-16
vn 0 1 -1.2246467991473532e-16
f 469/469/469 468/468/468 467/467/467
f 468/468/468 469/469/469 470/470/470
f 473/473/473 472/472/472 471/471/471
f 472/472/472 473/473/473 474/474/474
f 477/477/477 476/476/476 475/475/475
f 476/476/476 477/477/477 478/478/478
f 481/481/481 480/480/480 479/479/479
f 480/480/480 481/481/481 482/482/482
f 485/485/485 484/484/484 483/483/483
f 484/484/484 485/485/485 486/486/486
f 489/489/489 488/488/488 487/487/487
f 488/488/488 489/489/489 490/490/490
f 493/493/493 492/492/492 491/491/491
f 492/492/492 493/493/493 494/494/494
f 497/497/497 496/496/496 495/495/495
f 496/496/496 497/497/497 498/498/498
f 501/501/501 500/500/500 499/499/499
f 500/500/500 501/501/501 502/502/502
f 505/505/505 504/504/504 503/503/503
f 504/504/504 505/505/505 506/506/506
f 509/509/509 508/508/508 507/507/507
f 508/508/508 509/509/509 510/510/510
f 513/513/513 512/512/512 511/511/511
f 512/512/512 513/513/513 514/514/514
f 517/517/517 516/516/516 515/515/515
f 516/516/516 517/517/517 518/518/518
o mesh_7
usemtl mat6
v 49.6 89.59999999999998 -179.20000000000002
v 49.6 89.6 -168
v 40 89.59999999999998 -179.20000000000002
v 40 89.6 -168
v 38.400000000000006 89.59999999999998 -179.20000000000002
v 38.400000000000006 89.6 -168
v 29.6 89.59999999999998 -179.20000000000002
v 30.400000000000002 89.6 -168
v 76.80000000000001 89.59999999999998 -230.4
v 76.80000000000001 89.59999999999998 -217.60000000000002
v 70.4 89.59999999999998 -230.4
v 70.4 89.59999999999998 -217.60000000000002
v 64 89.59999999999998 -217.60000000000002
v 64 89.59999999999998 -230.4
v 70.4 89.59999999999998 -217.60000000000002
v 70.4 89.59999999999998 -230.4
v 76.80000000000001 89.59999999999998 -217.60000000000002
v 76.80000000000001 89.59999999999998 -204.8
v 70.4 89.59999999999998 -217.60000000000002
v 70.4 89.59999999999998 -204.8
v 64 89.59999999999998 -204.8
v 64 89.59999999999998 -217.60000000000002
v 70.4 89.59999999999998 -204.8
v 70.4 89.59999999999998 -217.60000000000002
v 70.4 89.59999999999998 -193.60000000000002
v 70.4 89.59999999999998 -204.8
v 76.80000000000001 89.59999999999998 -193.60000000000002
v 76.80000000000001 89.59999999999998 -204.8
v 64 89.59999999999998 -193.60000000000002
v 64 89.59999999999998 -204.8
v 70.4 89.59999999999998 -193.60000000000002
v 70.4 89.59999999999998 -204.8
v 29.6 89.59999999999998 -179.20000000000002
v 30.400000000000002 89.6 -168
v 38.400000000000006 89.59999999999998 -179.20000000000002
v 38.400000000000006 89.6 -168
v 40 89.59999999999998 -179.20000000000002
v 40 89.6 -168
v 49.6 89.59999999999998 -179.20000000000002
v 49.6 89.6 -168
vt 0.6171875 0.5
vt 0.6171875 0.6171875
vt 0.5 0.5
vt 0.5 0.6171875
vt 0.6171875 0.5
vt 0.6171875 0.6171875
vt 0.5 0.5
vt 0.5 0.6171875
vt 0.6171875 0.5
vt 0.6171875 0.6171875
vt 0.5546875 0.5
vt 0.5546875 0.6171875
vt 0.5 0.6171875
vt 0.5 0.5
vt 0.5546875 0.6171875
vt 0.5546875 0.5
vt 0.6171875 0.5
vt 0.6171875 0.6171875
vt 0.5546875 0.5
vt 0.5546875 0.6171875
vt 0.5 0.6171875
vt 0.5 0.5
vt 0.5546875 0.6171875
vt 0.5546875 0.5
vt 0.5546875 0.6171875
vt 0.5546875 0.5
vt 0.6171875 0.6171875
vt 0.6171875 0.5
vt 0.5 0.6171875
vt 0.5 0.5
vt 0.5546875 0.6171875
vt 0.5546875 0.5
vt 0.5 0.5
vt 0.5 0.6171875
vt 0.6171875 0.5
vt 0.6171875 0.6171875
vt 0.5 0.5
vt 0.5 0.6171875
vt 0.6171875 0.5
vt 0.6171875 0.6171875
vn 0 1 -1.2246467991473532e-16
vn 0 1 -1.2246467991473532e-16
vn 0 1 -1.2246467991473532e-16
vn 0 1 -1.2246467991473532e-16
vn 0 1 -1.2246467991473532e-16
vn 0 1 -1.2246467991473532e-16
vn 0 1 -1.2246467991473532e-16
vn 0 1 -1.2246467991473532e-16
vn 0 1 -1.2246467991473532e-16
vn 0 1 -1.2246467991473532e-16
vn 0 1 -1.2246467991473532e-16
vn 0 1 -1.2246467991473532e-16
vn 0 1 -1.2246467991473532e-16
vn 0 1 -1.2246467991473532e-16
vn 0 1 -1.2246467991473532e-16
vn 0 1 -1.2246467991473532e-16
vn 0 1 -1.2246467991473532e-16
vn 0 1 -1.2246467991473532e-16
vn 0 1 -1.2246467991473532e-16
vn 0 1 -1.2246467991473532e-16
vn 0 1 -1.2246467991473532e-16
vn 0 1 -1.2246467991473532e-16
vn 0 1 -1.2246467991473532e-16
vn 0 1 -1.2246467991473532e-16
vn 0 1 -1.2246467991473532e-16
vn 0 1 -1.2246467991473532e-16
vn 0 1 -1.2246467991473532e-16
vn 0 1 -1.2246467991473532e-16
vn 0 1 -1.2246467991473532e-16
vn 0 1 -1.2246467991473532e-16
vn 0 1 -1.2246467991473532e-16
vn 0 1 -1.2246467991473532e-16
vn 0 -1 1.2246467991473532e-16
vn 0 -1 1.2246467991473532e-16
vn 0 -1 1.2246467991473532e-16
vn 0 -1 1.2246467991473532e-16
vn 0 -1 1.2246467991473532e-16
vn 0 -1 1.2246467991473532e-16
vn 0 -1 1.2246467991473532e-16
vn 0 -1 1.2246467991473532e-16
f 521/521/521 520/520/520 519/519/519
f 520/520/520 521/521/521 522/522/522
f 525/525/525 524/524/524 523/523/523
f 524/524/524 525/525/525 526/526/526
f 529/529/529 528/528/528 527/527/527
f 528/528/528 529/529/529 530/530/530
f 533/533/533 532/532/532 531/531/531
f 532/532/532 533/533/533 534/534/534
f 537/537/537 536/536/536 535/535/535
f 536/536/536 537/537/537 538/538/538
f 541/541/541 540/540/540 539/539/539
f 540/540/540 541/541/541 542/542/542
f 545/545/545 544/544/544 543/543/543
f 544/544/544 545/545/545 546/546/546
f 549/549/549 548/548/548 547/547/547
f 548/548/548 549/549/549 550/550/550
f 553/553/553 552/552/552 551/551/551
f 552/552/552 553/553/553 554/554/554
f 557/557/557 556/556/556 555/555/555
f 556/556/556 557/557/557 558/558/558
o mesh_8
usemtl mat5
v 62.400000000000006 89.59999999999998 -192
v 64 89.59999999999998 -192
v 64 87.99999999999997 -192
v 27.200000000000003 87.19999999999999 -169.60000000000002
v 27.200000000000003 88.8 -169.60000000000002
v 28.8 88.8 -169.60000000000002
v 30.400000000000002 89.6 -168
v 30.400000000000002 89.6 -166.4
v 30.400000000000002 87.99999999999999 -166.4
v 51.2 89.6 -166.4
v 51.2 89.6 -168
v 51.2 87.99999999999999 -166.4
v 49.6 83.19999999999999 -168
v 49.6 84.8 -166.4
v 51.2 84.8 -166.4
v 51.2 87.99999999999999 -168
v 51.2 87.99999999999999 -166.4
v 51.2 89.6 -168
v 49.6 83.19999999999999 -168
v 51.2 84.8 -166.4
v 51.2 84.8 -168
v 38.400000000000006 89.6 -168
v 38.400000000000006 87.99999999999999 -166.4
v 38.400000000000006 87.99999999999999 -168
v 76.80000000000001 87.99999999999997 -192
v 64 87.99999999999997 -192
v 76.80000000000001 89.59999999999998 -192
v 64 89.59999999999998 -192
v 76.80000000000001 89.59999999999998 -192
v 78.4 89.59999999999998 -192
v 76.80000000000001 87.99999999999997 -192
v 78.4 87.99999999999997 -192
v 76.80000000000001 87.99999999999997 -192
v 76.80000000000001 89.59999999999998 -193.60000000000002
v 64 87.99999999999997 -192
v 64 89.59999999999998 -193.60000000000002
v 29.6 89.59999999999998 -179.20000000000002
v 38.400000000000006 89.59999999999998 -179.20000000000002
v 28 87.99999999999997 -179.20000000000002
v 38.400000000000006 87.99999999999997 -179.20000000000002
v 30.400000000000002 87.99999999999999 -166.4
v 30.400000000000002 89.6 -166.4
v 38.400000000000006 87.99999999999999 -166.4
v 38.400000000000006 89.6 -166.4
v 30.400000000000002 89.6 -168
v 30.400000000000002 87.99999999999999 -166.4
v 38.400000000000006 89.6 -168
v 38.400000000000006 87.99999999999999 -166.4
v 27.200000000000003 87.19999999999999 -169.60000000000002
v 28.8 88.8 -169.60000000000002
v 28 87.99999999999997 -179.20000000000002
v 29.6 89.59999999999998 -179.20000000000002
v 27.200000000000003 88.8 -169.60000000000002
v 27.200000000000003 87.19999999999999 -169.60000000000002
v 28 89.59999999999998 -179.20000000000002
v 28 87.99999999999997 -179.20000000000002
v 38.400000000000006 87.99999999999997 -179.20000000000002
v 40 89.59999999999998 -179.20000000000002
v 51.2 87.99999999999997 -179.20000000000002
v 49.6 89.59999999999998 -179.20000000000002
v 40 89.6 -166.4
v 49.6 89.6 -166.4
v 40 87.99999999999999 -166.4
v 49.6 87.99999999999999 -166.4
v 49.6 89.6 -168
v 40 89.6 -168
v 49.6 87.99999999999999 -166.4
v 40 87.99999999999999 -166.4
v 51.2 89.6 -166.4
v 51.2 87.99999999999999 -166.4
v 49.6 89.6 -166.4
v 49.6 87.99999999999999 -166.4
v 40 79.99999999999999 -168
v 38.400000000000006 80.8 -168
v 40 81.6 -166.4
v 38.400000000000006 82.39999999999999 -166.4
v 49.6 84.8 -166.4
v 49.6 83.19999999999999 -168
v 49.6 87.99999999999999 -166.4
v 49.6 89.6 -168
v 38.400000000000006 87.99999999999999 -166.4
v 38.400000000000006 89.6 -166.4
v 40 87.99999999999999 -166.4
v 40 89.6 -166.4
v 40 79.99999999999999 -168
v 40 81.6 -166.4
v 40 89.6 -168
v 40 87.99999999999999 -166.4
v 51.2 84.8 -166.4
v 49.6 84.8 -166.4
v 51.2 87.99999999999999 -166.4
v 49.6 87.99999999999999 -166.4
v 38.400000000000006 87.99999999999999 -168
v 38.400000000000006 87.99999999999997 -179.20000000000002
v 38.400000000000006 89.6 -168
v 38.400000000000006 89.59999999999998 -179.20000000000002
v 51.2 87.99999999999999 -168
v 51.2 87.99999999999997 -179.20000000000002
v 49.6 89.6 -168
v 49.6 89.59999999999998 -179.20000000000002
v 51.2 89.6 -168
v 51.2 89.59999999999998 -179.20000000000002
v 51.2 87.99999999999999 -168
v 51.2 87.99999999999997 -179.20000000000002
v 40 89.6 -168
v 40 89.59999999999998 -179.20000000000002
v 38.400000000000006 87.99999999999999 -168
v 38.400000000000006 87.99999999999997 -179.20000000000002
v 51.2 84.8 -168
v 51.2 84.8 -166.4
v 51.2 87.99999999999999 -168
v 51.2 87.99999999999999 -166.4
v 49.6 83.19999999999999 -168
v 51.2 84.8 -168
v 49.6 89.6 -168
v 51.2 87.99999999999999 -168
v 38.400000000000006 80.8 -168
v 40 79.99999999999999 -168
v 38.400000000000006 87.99999999999999 -168
v 40 89.6 -168
v 38.400000000000006 82.39999999999999 -166.4
v 38.400000000000006 80.8 -168
v 38.400000000000006 87.99999999999999 -166.4
v 38.400000000000006 87.99999999999999 -168
v 40 81.6 -166.4
v 38.400000000000006 82.39999999999999 -166.4
v 40 87.99999999999999 -166.4
v 38.400000000000006 87.99999999999999 -166.4
vt 0.046875 0.0390625
vt 0.0546875 0.0390625
vt 0.0546875 0.0546875
vt 0.0625 0.0546875
vt 0.0625 0.0390625
vt 0.0703125 0.0390625
vt 0.109375 0.015625
vt 0.109375 0.015625
vt 0.109375 0.015625
vt 0.1796875 0.0859375
vt 0.1640625 0.0859375
vt 0.1796875 0.078125
vt 0.1015625 0.078125
vt 0.1171875 0.078125
vt 0.1171875 0.0859375
vt 0.1640625 0.078125
vt 0.1796875 0.078125
vt 0.1640625 0.0859375
vt 0.1015625 0.0859375
vt 0.1171875 0.078125
vt 0.1171875 0.0859375
vt 0.1796875 0.0546875
vt 0.15625 0.0703125
vt 0.15625 0.0546875
vt 0.1640625 0.0546875
vt 0.0546875 0.0546875
vt 0.1640625 0.0390625
vt 0.0546875 0.0390625
vt 0.1640625 0.0390625
vt 0.1796875 0.0390625
vt 0.1640625 0.0546875
vt 0.1796875 0.0546875
vt 0.078125 0.0390625
vt 0.078125 0.03125
vt 0.1484375 0.0390625
vt 0.1484375 0.03125
vt 0.1875 0.03125
vt 0.125 0.03125
vt 0.1953125 0.0390625
vt 0.125 0.0390625
vt 0.078125 0.046875
vt 0.078125 0.03125
vt 0.1171875 0.046875
vt 0.1171875 0.03125
vt 0.1796875 0.0703125
vt 0.1796875 0.0859375
vt 0.125 0.0703125
vt 0.125 0.0859375
vt 0.0703125 0.0703125
vt 0.0703125 0.0625
vt 0.1640625 0.0703125
vt 0.1640625 0.0625
vt 0.1640625 0.0625
vt 0.1640625 0.0703125
vt 0.0625 0.0625
vt 0.0625 0.0703125
vt 0.125 0.0390625
vt 0.1171875 0.03125
vt 0.046875 0.0390625
vt 0.0546875 0.03125
vt 0.125 0.03125
vt 0.171875 0.03125
vt 0.125 0.046875
vt 0.171875 0.046875
vt 0.0546875 0.0703125
vt 0.1171875 0.0703125
vt 0.0546875 0.0859375
vt 0.1171875 0.0859375
vt 0.1796875 0.0859375
vt 0.15625 0.0859375
vt 0.1796875 0.078125
vt 0.15625 0.078125
vt 0.0625 0.0546875
vt 0.0703125 0.0546875
vt 0.078125 0.0703125
vt 0.0859375 0.0703125
vt 0.1171875 0.0625
vt 0.1015625 0.046875
vt 0.15625 0.0625
vt 0.1796875 0.046875
vt 0.15625 0.03125
vt 0.1796875 0.03125
vt 0.15625 0.03125
vt 0.1796875 0.03125
vt 0.0625 0.0859375
vt 0.078125 0.078125
vt 0.1796875 0.0859375
vt 0.15625 0.078125
vt 0.1171875 0.0859375
vt 0.1171875 0.078125
vt 0.15625 0.0859375
vt 0.15625 0.078125
vt 0.109375 0.0703125
vt 0.046875 0.0703125
vt 0.109375 0.0625
vt 0.046875 0.0625
vt 0.109375 0.0703125
vt 0.046875 0.0703125
vt 0.109375 0.0625
vt 0.046875 0.0625
vt 0.1640625 0.0859375
vt 0.0625 0.0859375
vt 0.1640625 0.078125
vt 0.0625 0.078125
vt 0.0625 0.0625
vt 0.1640625 0.0625
vt 0.0625 0.0703125
vt 0.1640625 0.0703125
vt 0.1171875 0.0859375
vt 0.1171875 0.078125
vt 0.15625 0.0859375
vt 0.15625 0.078125
vt 0.125 0.015625
vt 0.125 0.015625
vt 0.125 0.015625
vt 0.125 0.015625
vt 0.15625 0.0625
vt 0.1640625 0.0703125
vt 0.078125 0.0625
vt 0.0625 0.0703125
vt 0.0859375 0.0703125
vt 0.0703125 0.0546875
vt 0.15625 0.0703125
vt 0.15625 0.0546875
vt 0.078125 0.03125
vt 0.09375 0.03125
vt 0.15625 0.03125
vt 0.15625 0.03125
vn 0 1.2246467991473532e-16 1
vn 0 1.2246467991473532e-16 1
vn 0 1.2246467991473532e-16 1
vn 0 1.2246467991473532e-16 1
vn 0 1.2246467991473532e-16 1
vn 0 1.2246467991473532e-16 1
vn -1 0 0
vn -1 0 0
vn -1 0 0
vn 1 0 0
vn 1 0 0
vn 1 0 0
vn 0 -0.7071067811865475 0.7071067811865476
vn 0 -0.7071067811865475 0.7071067811865476
vn 0 -0.7071067811865475 0.7071067811865476
vn 1 0 0
vn 1 0 0
vn 1 0 0
vn 0.7071067811865475 -0.7071067811865475 8.659560562354932e-17
vn 0.7071067811865475 -0.7071067811865475 8.659560562354932e-17
vn 0.7071067811865475 -0.7071067811865475 8.659560562354932e-17
vn -1 0 0
vn -1 0 0
vn -1 0 0
vn 0 1.2246467991473532e-16 1
vn 0 1.2246467991473532e-16 1
vn 0 1.2246467991473532e-16 1
vn 0 1.2246467991473532e-16 1
vn 0 1.2246467991473532e-16 1
vn 0 1.2246467991473532e-16 1
vn 0 1.2246467991473532e-16 1
vn 0 1.2246467991473532e-16 1
vn 0 -0.7071067811865476 -0.7071067811865475
vn 0 -0.7071067811865476 -0.7071067811865475
vn 0 -0.7071067811865476 -0.7071067811865475
vn 0 -0.7071067811865476 -0.7071067811865475
vn 0 1.2246467991473532e-16 1
vn 0 1.2246467991473532e-16 1
vn 0 1.2246467991473532e-16 1
vn 0 1.2246467991473532e-16 1
vn 0 1.2246467991473532e-16 1
vn 0 1.2246467991473532e-16 1
vn 0 1.2246467991473532e-16 1
vn 0 1.2246467991473532e-16 1
vn 0 -0.7071067811865476 -0.7071067811865475
vn 0 -0.7071067811865476 -0.7071067811865475
vn 0 -0.7071067811865476 -0.7071067811865475
vn 0 -0.7071067811865476 -0.7071067811865475
vn 0.7071067811865475 -0.7071067811865475 8.659560562354932e-17
vn 0.7071067811865475 -0.7071067811865475 8.659560562354932e-17
vn 0.7071067811865475 -0.7071067811865475 8.659560562354932e-17
vn 0.7071067811865475 -0.7071067811865475 8.659560562354932e-17
vn -0.996545757833813 -1.017013871274743e-17 -0.08304548478653828
vn -0.996545757833813 -1.017013871274743e-17 -0.08304548478653828
vn -0.996545757833813 -1.017013871274743e-17 -0.08304548478653828
vn -0.996545757833813 -1.017013871274743e-17 -0.08304548478653828
vn 0 1.2246467991473532e-16 1
vn 0 1.2246467991473532e-16 1
vn 0 1.2246467991473532e-16 1
vn 0 1.2246467991473532e-16 1
vn 0 1.2246467991473532e-16 1
vn 0 1.2246467991473532e-16 1
vn 0 1.2246467991473532e-16 1
vn 0 1.2246467991473532e-16 1
vn 0 -0.7071067811865476 -0.7071067811865475
vn 0 -0.7071067811865476 -0.7071067811865475
vn 0 -0.7071067811865476 -0.7071067811865475
vn 0 -0.7071067811865476 -0.7071067811865475
vn 0 1.2246467991473532e-16 1
vn 0 1.2246467991473532e-16 1
vn 0 1.2246467991473532e-16 1
vn 0 1.2246467991473532e-16 1
vn -0.3333333333333333 -0.6666666666666665 0.6666666666666667
vn -0.3333333333333333 -0.6666666666666665 0.6666666666666667
vn -0.3333333333333333 -0.6666666666666665 0.6666666666666667
vn -0.3333333333333333 -0.6666666666666665 0.6666666666666667
vn -1 0 0
vn -1 0 0
vn -1 0 0
vn -1 0 0
vn 0 1.2246467991473532e-16 1
vn 0 1.2246467991473532e-16 1
vn 0 1.2246467991473532e-16 1
vn 0 1.2246467991473532e-16 1
vn 1 0 0
vn 1 0 0
vn 1 0 0
vn 1 0 0
vn 0 1.2246467991473532e-16 1
vn 0 1.2246467991473532e-16 1
vn 0 1.2246467991473532e-16 1
vn 0 1.2246467991473532e-16 1
vn -1 0 0
vn -1 0 0
vn -1 0 0
vn -1 0 0
vn -0.7071067811865475 -0.7071067811865475 8.659560562354932e-17
vn -0.7071067811865475 -0.7071067811865475 8.659560562354932e-17
vn -0.7071067811865475 -0.7071067811865475 8.659560562354932e-17
vn -0.7071067811865475 -0.7071067811865475 8.659560562354932e-17
vn 1 0 0
vn 1 0 0
vn 1 0 0
vn 1 0 0
vn 0.7071067811865475 -0.7071067811865475 8.659560562354932e-17
vn 0.7071067811865475 -0.7071067811865475 8.659560562354932e-17
vn 0.7071067811865475 -0.7071067811865475 8.659560562354932e-17
vn 0.7071067811865475 -0.7071067811865475 8.659560562354932e-17
vn 1 0 0
vn 1 0 0
vn 1 0 0
vn 1 0 0
vn 0 -1.2246467991473532e-16 -1
vn 0 -1.2246467991473532e-16 -1
vn 0 -1.2246467991473532e-16 -1
vn 0 -1.2246467991473532e-16 -1
vn 0 -1.2246467991473532e-16 -1
vn 0 -1.2246467991473532e-16 -1
vn 0 -1.2246467991473532e-16 -1
vn 0 -1.2246467991473532e-16 -1
vn -1 0 0
vn -1 0 0
vn -1 0 0
vn -1 0 0
vn 0 1.2246467991473532e-16 1
vn 0 1.2246467991473532e-16 1
vn 0 1.2246467991473532e-16 1
vn 0 1.2246467991473532e-16 1
f 561/561/561 560/560/560 559/559/559
f 564/564/564 563/563/563 562/562/562
f 567/567/567 566/566/566 565/565/565
f 570/570/570 569/569/569 568/568/568
f 573/573/573 572/572/572 571/571/571
f 576/576/576 575/575/575 574/574/574
f 579/579/579 578/578/578 577/577/577
f 582/582/582 581/581/581 580/580/580
f 585/585/585 584/584/584 583/583/583
f 584/584/584 585/585/585 586/586/586
f 589/589/589 588/588/588 587/587/587
f 588/588/588 589/589/589 590/590/590
f 593/593/593 592/592/592 591/591/591
f 592/592/592 593/593/593 594/594/594
f 597/597/597 596/596/596 595/595/595
f 596/596/596 597/597/597 598/598/598
f 601/601/601 600/600/600 599/599/599
f 600/600/600 601/601/601 602/602/602
f 605/605/605 604/604/604 603/603/603
f 604/604/604 605/605/605 606/606/606
f 609/609/609 608/608/608 607/607/607
f 608/608/608 609/609/609 610/610/610
f 613/613/613 612/612/612 611/611/611
f 612/612/612 613/613/613 614/614/614
f 617/617/617 616/616/616 615/615/615
f 616/616/616 617/617/617 618/618/618
f 621/621/621 620/620/620 619/619/619
f 620/620/620 621/621/621 622/622/622
f 625/625/625 624/624/624 623/623/623
f 624/624/624 625/625/625 626/626/626
f 629/629/629 628/628/628 627/627/627
f 628/628/628 629/629/629 630/630/630
f 633/633/633 632/632/632 631/631/631
f 632/632/632 633/633/633 634/634/634
f 637/637/637 636/636/636 635/635/635
f 636/636/636 637/637/637 638/638/638
f 641/641/641 640/640/640 639/639/639
f 640/640/640 641/641/641 642/642/642
f 645/645/645 644/644/644 643/643/643
f 644/644/644 645/645/645 646/646/646
f 649/649/649 648/648/648 647/647/647
f 648/648/648 649/649/649 650/650/650
f 653/653/653 652/652/652 651/651/651
f 652/652/652 653/653/653 654/654/654
f 657/657/657 656/656/656 655/655/655
f 656/656/656 657/657/657 658/658/658
f 661/661/661 660/660/660 659/659/659
f 660/660/660 661/661/661 662/662/662
f 665/665/665 664/664/664 663/663/663
f 664/664/664 665/665/665 666/666/666
f 669/669/669 668/668/668 667/667/667
f 668/668/668 669/669/669 670/670/670
f 673/673/673 672/672/672 671/671/671
f 672/672/672 673/673/673 674/674/674
f 677/677/677 676/676/676 675/675/675
f 676/676/676 677/677/677 678/678/678
f 681/681/681 680/680/680 679/679/679
f 680/680/680 681/681/681 682/682/682
f 685/685/685 684/684/684 683/683/683
f 684/684/684 685/685/685 686/686/686
o mesh_9
usemtl mat7
v 81.60000000000001 25.59999999999999 -73.60000000000001
v 76.80000000000001 -9.993117881042403e-15 -81.60000000000001
v 102.4 -7.83773951454306e-15 -64
v 102.4 -7.83773951454306e-15 -64
v 89.60000000000001 38.4 -64
v 81.60000000000001 25.59999999999999 -73.60000000000001
v 25.6 21.59999999999998 -169.60000000000002
v 25.6 -2.037812273781196e-14 -166.4
v 16 -2.194567064072057e-14 -179.20000000000002
v 32 21.59999999999998 -169.60000000000002
v 38.400000000000006 -2.194567064072057e-14 -179.20000000000002
v 32 -2.037812273781196e-14 -166.4
v 89.60000000000001 -2.037812273781196e-14 -166.4
v 76.80000000000001 -2.037812273781196e-14 -166.4
v 76.80000000000001 25.59999999999998 -166.4
v 32 21.59999999999998 -169.60000000000002
v 38.400000000000006 25.59999999999998 -179.20000000000002
v 38.400000000000006 -2.194567064072057e-14 -179.20000000000002
v 16 -2.194567064072057e-14 -179.20000000000002
v 25.6 25.59999999999998 -179.20000000000002
v 25.6 21.59999999999998 -169.60000000000002
v 76.80000000000001 25.59999999999998 -166.4
v 76.80000000000001 -2.037812273781196e-14 -166.4
v 51.2 -2.194567064072057e-14 -179.20000000000002
v 64 25.59999999999998 -172.8
v 76.80000000000001 25.59999999999998 -166.4
v 51.2 -2.194567064072057e-14 -179.20000000000002
v 51.2 -2.194567064072057e-14 -179.20000000000002
v 51.2 25.59999999999998 -179.20000000000002
v 64 25.59999999999998 -172.8
v 89.60000000000001 -2.037812273781196e-14 -166.4
v 76.80000000000001 25.59999999999998 -166.4
v 89.60000000000001 51.19999999999998 -172.8
v 25.6 21.59999999999998 -169.60000000000002
v 32 21.59999999999998 -169.60000000000002
v 25.6 -2.037812273781196e-14 -166.4
v 32 -2.037812273781196e-14 -166.4
v 25.6 51.19999999999998 -184
v 38.400000000000006 51.19999999999998 -184
v 25.6 25.59999999999998 -179.20000000000002
v 38.400000000000006 25.59999999999998 -179.20000000000002
v 25.6 25.59999999999998 -179.20000000000002
v 38.400000000000006 25.59999999999998 -179.20000000000002
v 25.6 21.59999999999998 -169.60000000000002
v 32 21.59999999999998 -169.60000000000002
v 38.400000000000006 51.19999999999998 -184
v 51.2 51.19999999999998 -184
v 38.400000000000006 25.59999999999998 -179.20000000000002
v 51.2 25.59999999999998 -179.20000000000002
v 38.400000000000006 76.79999999999998 -179.20000000000002
v 51.2 76.79999999999998 -179.20000000000002
v 38.400000000000006 51.19999999999998 -184
v 51.2 51.19999999999998 -184
v 38.400000000000006 25.59999999999998 -179.20000000000002
v 51.2 25.59999999999998 -179.20000000000002
v 38.400000000000006 -2.194567064072057e-14 -179.20000000000002
v 51.2 -2.194567064072057e-14 -179.20000000000002
v 38.400000000000006 76.79999999999998 -179.20000000000002
v 38.400000000000006 51.19999999999998 -184
v 25.6 76.79999999999998 -179.20000000000002
v 25.6 51.19999999999998 -184
vt 0.1953125 0.7421875
vt 0.2421875 0.9921875
vt 0 0.9921875
vt 0 0.9921875
vt 0.1171875 0.6171875
vt 0.1953125 0.7421875
vt 0.25 0.78125
vt 0.25 0.9921875
vt 0.1484375 0.9921875
vt 0.3046875 0.78125
vt 0.3671875 0.9921875
vt 0.3046875 0.9921875
vt 0.3671875 0.9921875
vt 0.2421875 0.9921875
vt 0.2421875 0.7421875
vt 0.3046875 0.78125
vt 0.3671875 0.7421875
vt 0.3671875 0.9921875
vt 0.1484375 0.9921875
vt 0.25 0.7421875
vt 0.25 0.78125
vt 0.2421875 0.7421875
vt 0.2421875 0.9921875
vt 0 0.9921875
vt 0.1171875 0.7421875
vt 0.2421875 0.7421875
vt 0 0.9921875
vt 0 0.9921875
vt 0 0.7421875
vt 0.1171875 0.7421875
vt 0.3671875 0.9921875
vt 0.2421875 0.7421875
vt 0.3671875 0.5
vt 0.25 0.78125
vt 0.3046875 0.78125
vt 0.25 0.9921875
vt 0.3046875 0.9921875
vt 0.2265625 0.7421875
vt 0.359375 0.7421875
vt 0.2265625 0.9921875
vt 0.359375 0.9921875
vt 0.25 0.7421875
vt 0.3671875 0.7421875
vt 0.25 0.78125
vt 0.3046875 0.78125
vt 0.359375 0.7421875
vt 0.4921875 0.7421875
vt 0.359375 0.9921875
vt 0.4921875 0.9921875
vt 0.359375 0.5
vt 0.4921875 0.5
vt 0.359375 0.7421875
vt 0.4921875 0.7421875
vt 0.3671875 0.7421875
vt 0.4921875 0.7421875
vt 0.3671875 0.9921875
vt 0.4921875 0.9921875
vt 0.359375 0.5
vt 0.359375 0.7421875
vt 0.2265625 0.5
vt 0.2265625 0.7421875
vn 0.56015457648894 0.1495867422994374 -0.8147703093306345
vn 0.56015457648894 0.1495867422994374 -0.8147703093306345
vn 0.56015457648894 0.1495867422994374 -0.8147703093306345
vn 0.6037006219376723 0.2012335307117835 -0.7713952457653194
vn 0.6037006219376723 0.2012335307117835 -0.7713952457653194
vn 0.6037006219376723 0.2012335307117835 -0.7713952457653194
vn -0.7968581058665141 0.08853978374582802 0.5976435943010462
vn -0.7968581058665141 0.08853978374582802 0.5976435943010462
vn -0.7968581058665141 0.08853978374582802 0.5976435943010462
vn 0.8924705528427453 0.06610892818451881 0.4462352764213727
vn 0.8924705528427453 0.06610892818451881 0.4462352764213727
vn 0.8924705528427453 0.06610892818451881 0.4462352764213727
vn 0 1.2246467991473532e-16 1
vn 0 1.2246467991473532e-16 1
vn 0 1.2246467991473532e-16 1
vn 0.8320503035077887 6.793118029487195e-17 0.5547001824703114
vn 0.8320503035077887 6.793118029487195e-17 0.5547001824703114
vn 0.8320503035077887 6.793118029487195e-17 0.5547001824703114
vn -0.9264665824182792 0.3474249535056935 0.14476039977756577
vn -0.9264665824182792 0.3474249535056935 0.14476039977756577
vn -0.9264665824182792 0.3474249535056935 0.14476039977756577
vn -0.44721359549995787 1.095357396528405e-16 0.8944271909999157
vn -0.44721359549995787 1.095357396528405e-16 0.8944271909999157
vn -0.44721359549995787 1.095357396528405e-16 0.8944271909999157
vn -0.44721359549995787 1.095357396528405e-16 0.8944271909999157
vn -0.44721359549995787 1.095357396528405e-16 0.8944271909999157
vn -0.44721359549995787 1.095357396528405e-16 0.8944271909999157
vn -0.44721359549995787 1.095357396528405e-16 0.8944271909999157
vn -0.44721359549995787 1.095357396528405e-16 0.8944271909999157
vn -0.44721359549995787 1.095357396528405e-16 0.8944271909999157
vn 0.24077170617153842 0.12038585308576932 0.9630868246861537
vn 0.24077170617153842 0.12038585308576932 0.9630868246861537
vn 0.24077170617153842 0.12038585308576932 0.9630868246861537
vn 0 0.14654866000937827 0.9892034625138834
vn 0 0.14654866000937827 0.9892034625138834
vn 0 0.14654866000937827 0.9892034625138834
vn 0 0.14654866000937827 0.9892034625138834
vn 0 0.18428853145141444 0.9828721876090913
vn 0 0.18428853145141444 0.9828721876090913
vn 0 0.18428853145141444 0.9828721876090913
vn 0 0.18428853145141444 0.9828721876090913
vn 0 0.9230769213134721 0.38461538884766694
vn 0 0.9230769213134721 0.38461538884766694
vn 0 0.9230769213134721 0.38461538884766694
vn 0 0.9230769213134721 0.38461538884766694
vn 0 0.18428853145141444 0.9828721876090913
vn 0 0.18428853145141444 0.9828721876090913
vn 0 0.18428853145141444 0.9828721876090913
vn 0 0.18428853145141444 0.9828721876090913
vn 0 -0.18428853145141424 0.9828721876090915
vn 0 -0.18428853145141424 0.9828721876090915
vn 0 -0.18428853145141424 0.9828721876090915
vn 0 -0.18428853145141424 0.9828721876090915
vn 0 1.2246467991473532e-16 1
vn 0 1.2246467991473532e-16 1
vn 0 1.2246467991473532e-16 1
vn 0 1.2246467991473532e-16 1
vn 0 -0.18428853145141424 0.9828721876090915
vn 0 -0.18428853145141424 0.9828721876090915
vn 0 -0.18428853145141424 0.9828721876090915
vn 0 -0.18428853145141424 0.9828721876090915
f 689/689/689 688/688/688 687/687/687
f 692/692/692 691/691/691 690/690/690
f 695/695/695 694/694/694 693/693/693
f 698/698/698 697/697/697 696/696/696
f 701/701/701 700/700/700 699/699/699
f 704/704/704 703/703/703 702/702/702
f 707/707/707 706/706/706 705/705/705
f 710/710/710 709/709/709 708/708/708
f 713/713/713 712/712/712 711/711/711
f 716/716/716 715/715/715 714/714/714
f 719/719/719 718/718/718 717/717/717
f 722/722/722 721/721/721 720/720/720
f 721/721/721 722/722/722 723/723/723
f 726/726/726 725/725/725 724/724/724
f 725/725/725 726/726/726 727/727/727
f 730/730/730 729/729/729 728/728/728
f 729/729/729 730/730/730 731/731/731
f 734/734/734 733/733/733 732/732/732
f 733/733/733 734/734/734 735/735/735
f 738/738/738 737/737/737 736/736/736
f 737/737/737 738/738/738 739/739/739
f 742/742/742 741/741/741 740/740/740
f 741/741/741 742/742/742 743/743/743
f 746/746/746 745/745/745 744/744/744
f 745/745/745 746/746/746 747/747/747
o mesh_10
usemtl mat8
v 89.60000000000001 38.4 -64
v 81.60000000000001 51.199999999999996 -76.80000000000001
v 81.60000000000001 25.59999999999999 -73.60000000000001
v 76.80000000000001 -9.993117881042403e-15 -81.60000000000001
v 81.60000000000001 25.59999999999999 -73.60000000000001
v 76.80000000000001 25.59999999999999 -76.80000000000001
v 51.2 25.59999999999999 -86.4
v 51.2 51.199999999999996 -86.4
v 48 51.19999999999999 -89.60000000000001
v 51.2 25.59999999999999 -86.4
v 51.2 -1.0972835320360286e-14 -89.60000000000001
v 64 -9.993117881042403e-15 -81.60000000000001
v 25.6 -7.83773951454306e-15 -64
v 38.400000000000006 -1.0972835320360286e-14 -89.60000000000001
v 38.400000000000006 25.59999999999999 -86.4
v 38.400000000000006 51.19999999999999 -89.60000000000001
v 38.400000000000006 51.199999999999996 -86.4
v 38.400000000000006 25.59999999999999 -86.4
v 64 -9.993117881042403e-15 -81.60000000000001
v 64 25.59999999999999 -83.2
v 62.400000000000006 25.59999999999999 -86.4
v 89.60000000000001 38.4 -64
v 89.60000000000001 51.199999999999996 -64
v 81.60000000000001 51.199999999999996 -76.80000000000001
v 64 25.59999999999999 -76.80000000000001
v 64 25.59999999999999 -83.2
v 64 -9.993117881042403e-15 -81.60000000000001
v 62.400000000000006 25.59999999999999 -86.4
v 51.2 25.59999999999999 -86.4
v 64 -9.993117881042403e-15 -81.60000000000001
v 62.400000000000006 25.59999999999999 -86.4
v 64 25.59999999999999 -83.2
v 64 51.199999999999996 -86.4
v 38.400000000000006 25.59999999999999 -86.4
v 38.400000000000006 51.199999999999996 -86.4
v 25.6 51.199999999999996 -76.80000000000001
v 38.400000000000006 25.59999999999999 -86.4
v 25.6 51.199999999999996 -76.80000000000001
v 25.6 -7.83773951454306e-15 -64
v 76.80000000000001 51.199999999999996 -80
v 76.80000000000001 25.59999999999999 -76.80000000000001
v 81.60000000000001 51.199999999999996 -76.80000000000001
v 81.60000000000001 25.59999999999999 -73.60000000000001
v 38.400000000000006 25.59999999999999 -86.4
v 51.2 25.59999999999999 -86.4
v 38.400000000000006 51.19999999999999 -89.60000000000001
v 48 51.19999999999999 -89.60000000000001
v 76.80000000000001 25.59999999999999 -76.80000000000001
v 64 25.59999999999999 -76.80000000000001
v 76.80000000000001 -9.993117881042403e-15 -81.60000000000001
v 64 -9.993117881042403e-15 -81.60000000000001
v 38.400000000000006 -1.0972835320360286e-14 -89.60000000000001
v 51.2 -1.0972835320360286e-14 -89.60000000000001
v 38.400000000000006 25.59999999999999 -86.4
v 51.2 25.59999999999999 -86.4
v 64 51.199999999999996 -86.4
v 51.2 51.199999999999996 -86.4
v 62.400000000000006 25.59999999999999 -86.4
v 51.2 25.59999999999999 -86.4
v 64 25.59999999999999 -76.80000000000001
v 64 51.199999999999996 -80
v 64 25.59999999999999 -83.2
v 64 51.199999999999996 -86.4
v 64 51.199999999999996 -80
v 64 25.59999999999999 -76.80000000000001
v 76.80000000000001 51.199999999999996 -80
v 76.80000000000001 25.59999999999999 -76.80000000000001
vt 0.0859375 0.6171875
vt 0.1796875 0.5
vt 0.171875 0.7421875
vt 0.2421875 0.9921875
vt 0.1953125 0.7421875
vt 0.2421875 0.7421875
vt 0 0.7421875
vt 0 0.5
vt 0.03125 0.5
vt 0.4921875 0.7421875
vt 0.4921875 0.9921875
vt 0.3671875 0.9921875
vt 0.2421875 0.9921875
vt 0.1171875 0.9921875
vt 0.1171875 0.7421875
vt 0.109375 0.5
vt 0.1328125 0.5
vt 0.1328125 0.7421875
vt 0.3671875 0.9921875
vt 0.3671875 0.7421875
vt 0.3828125 0.7421875
vt 0.0859375 0.6171875
vt 0.0859375 0.5
vt 0.1796875 0.5
vt 0.28125 0.7421875
vt 0.3359375 0.7421875
vt 0.3203125 0.9921875
vt 0.3828125 0.7421875
vt 0.4921875 0.7421875
vt 0.3671875 0.9921875
vt 0.3828125 0.7421875
vt 0.3671875 0.7421875
vt 0.3671875 0.5
vt 0.1171875 0.7421875
vt 0.1171875 0.5
vt 0.2421875 0.5
vt 0.1171875 0.7421875
vt 0.2421875 0.5
vt 0.2421875 0.9921875
vt 0.2421875 0.5
vt 0.2421875 0.7421875
vt 0.1953125 0.5
vt 0.1953125 0.7421875
vt 0.1171875 0.7421875
vt 0 0.7421875
vt 0.1171875 0.5
vt 0.03125 0.5
vt 0.2421875 0.7421875
vt 0.3671875 0.7421875
vt 0.2421875 0.9921875
vt 0.3671875 0.9921875
vt 0.1171875 0.9921875
vt 0 0.9921875
vt 0.1171875 0.7421875
vt 0 0.7421875
vt 0.3671875 0.5
vt 0.4921875 0.5
vt 0.3828125 0.7421875
vt 0.4921875 0.7421875
vt 0.28125 0.7421875
vt 0.3046875 0.5
vt 0.3359375 0.7421875
vt 0.3671875 0.5
vt 0.3671875 0.5
vt 0.3671875 0.7421875
vt 0.2421875 0.5
vt 0.2421875 0.7421875
vn 0.811594206967341 -0.07246376741485826 -0.5797101393188655
vn 0.811594206967341 -0.07246376741485826 -0.5797101393188655
vn 0.811594206967341 -0.07246376741485826 -0.5797101393188655
vn 0.5480705634017919 0.15414485713262505 -0.8221058451026879
vn 0.5480705634017919 0.15414485713262505 -0.8221058451026879
vn 0.5480705634017919 0.15414485713262505 -0.8221058451026879
vn 0.7071067811865475 -8.659560562354932e-17 -0.7071067811865475
vn 0.7071067811865475 -8.659560562354932e-17 -0.7071067811865475
vn 0.7071067811865475 -8.659560562354932e-17 -0.7071067811865475
vn 0.5270462605518053 0.10540925658070928 -0.8432740526456751
vn 0.5270462605518053 0.10540925658070928 -0.8432740526456751
vn 0.5270462605518053 0.10540925658070928 -0.8432740526456751
vn -0.8930329154975162 0.055814557218594706 -0.4465164577487581
vn -0.8930329154975162 0.055814557218594706 -0.4465164577487581
vn -0.8930329154975162 0.055814557218594706 -0.4465164577487581
vn -1 0 0
vn -1 0 0
vn -1 0 0
vn 0.8940780099633802 -0.027939937811355686 -0.4470390049816901
vn 0.8940780099633802 -0.027939937811355686 -0.4470390049816901
vn 0.8940780099633802 -0.027939937811355686 -0.4470390049816901
vn 0.8479983006565125 -6.490615119877e-17 -0.5299989453609008
vn 0.8479983006565125 -6.490615119877e-17 -0.5299989453609008
vn 0.8479983006565125 -6.490615119877e-17 -0.5299989453609008
vn 1 0 0
vn 1 0 0
vn 1 0 0
vn 0 -0.18428853145141444 -0.9828721876090913
vn 0 -0.18428853145141444 -0.9828721876090913
vn 0 -0.18428853145141444 -0.9828721876090913
vn 0.8930329154975162 -0.05581455721859482 -0.4465164577487581
vn 0.8930329154975162 -0.05581455721859482 -0.4465164577487581
vn 0.8930329154975162 -0.05581455721859482 -0.4465164577487581
vn -0.6000000095367429 -9.797174305585262e-17 -0.7999999928474428
vn -0.6000000095367429 -9.797174305585262e-17 -0.7999999928474428
vn -0.6000000095367429 -9.797174305585262e-17 -0.7999999928474428
vn -0.7715167317161923 -0.15430335528393513 -0.6172134211357403
vn -0.7715167317161923 -0.15430335528393513 -0.6172134211357403
vn -0.7715167317161923 -0.15430335528393513 -0.6172134211357403
vn 0.5517241241106949 -0.10344827699604563 -0.8275862159683641
vn 0.5517241241106949 -0.10344827699604563 -0.8275862159683641
vn 0.5517241241106949 -0.10344827699604563 -0.8275862159683641
vn 0.5517241241106949 -0.10344827699604563 -0.8275862159683641
vn 0 -0.12403473458920856 -0.9922778767136676
vn 0 -0.12403473458920856 -0.9922778767136676
vn 0 -0.12403473458920856 -0.9922778767136676
vn 0 -0.12403473458920856 -0.9922778767136676
vn 0 0.18428853145141424 -0.9828721876090915
vn 0 0.18428853145141424 -0.9828721876090915
vn 0 0.18428853145141424 -0.9828721876090915
vn 0 0.18428853145141424 -0.9828721876090915
vn 0 0.12403473458920834 -0.9922778767136676
vn 0 0.12403473458920834 -0.9922778767136676
vn 0 0.12403473458920834 -0.9922778767136676
vn 0 0.12403473458920834 -0.9922778767136676
vn 0 -1.2246467991473532e-16 -1
vn 0 -1.2246467991473532e-16 -1
vn 0 -1.2246467991473532e-16 -1
vn 0 -1.2246467991473532e-16 -1
vn 1 0 0
vn 1 0 0
vn 1 0 0
vn 1 0 0
vn 0 -0.12403473458920856 -0.9922778767136676
vn 0 -0.12403473458920856 -0.9922778767136676
vn 0 -0.12403473458920856 -0.9922778767136676
vn 0 -0.12403473458920856 -0.9922778767136676
f 750/750/750 749/749/749 748/748/748
f 753/753/753 752/752/752 751/751/751
f 756/756/756 755/755/755 754/754/754
f 759/759/759 758/758/758 757/757/757
f 762/762/762 761/761/761 760/760/760
f 765/765/765 764/764/764 763/763/763
f 768/768/768 767/767/767 766/766/766
f 771/771/771 770/770/770 769/769/769
f 774/774/774 773/773/773 772/772/772
f 777/777/777 776/776/776 775/775/775
f 780/780/780 779/779/779 778/778/778
f 783/783/783 782/782/782 781/781/781
f 786/786/786 785/785/785 784/784/784
f 789/789/789 788/788/788 787/787/787
f 788/788/788 789/789/789 790/790/790
f 793/793/793 792/792/792 791/791/791
f 792/792/792 793/793/793 794/794/794
f 797/797/797 796/796/796 795/795/795
f 796/796/796 797/797/797 798/798/798
f 801/801/801 800/800/800 799/799/799
f 800/800/800 801/801/801 802/802/802
f 805/805/805 804/804/804 803/803/803
f 804/804/804 805/805/805 806/806/806
f 809/809/809 808/808/808 807/807/807
f 808/808/808 809/809/809 810/810/810
f 813/813/813 812/812/812 811/811/811
f 812/812/812 813/813/813 814/814/814
o mesh_11
usemtl mat1
v 77.60000000000001 89.6 -169.60000000000002
v 77.60000000000001 76.8 -168
v 76.80000000000001 83.19999999999997 -179.20000000000002
v 67.2 89.6 -92.00000000000001
v 76 87.99999999999999 -91.20000000000002
v 76.80000000000001 89.6 -89.60000000000002
v 76.80000000000001 76.8 -89.60000000000002
v 76.80000000000001 83.19999999999999 -89.60000000000002
v 76 83.19999999999999 -91.20000000000002
v 76.80000000000001 76.8 -89.60000000000002
v 76 83.19999999999999 -91.20000000000002
v 67.2 83.19999999999999 -92.00000000000001
v 67.2 83.19999999999999 -92.00000000000001
v 64 83.19999999999999 -89.60000000000002
v 64 76.8 -89.60000000000002
v 64 89.59999999999998 -193.60000000000002
v 64 89.59999999999998 -204.8
v 64 83.19999999999997 -204.8
v 76.80000000000001 89.6 -89.60000000000002
v 64 89.6 -89.60000000000002
v 67.2 89.6 -92.00000000000001
v 64 76.8 -89.60000000000002
v 76.80000000000001 76.8 -89.60000000000002
v 67.2 83.19999999999999 -92.00000000000001
v 89.60000000000001 63.99999999999999 -64.00000000000001
v 89.60000000000001 76.8 -64.00000000000001
v 80 76.8 -76.80000000000003
v 64 51.199999999999996 -86.4
v 64 63.999999999999986 -89.60000000000002
v 51.2 63.99999999999999 -83.20000000000002
v 51.2 63.999999999999986 -89.60000000000002
v 51.2 51.199999999999996 -86.4
v 51.2 63.99999999999999 -83.20000000000002
v 51.2 63.99999999999999 -83.20000000000002
v 51.2 51.199999999999996 -86.4
v 64 51.199999999999996 -86.4
v 51.2 82.39999999999999 -89.60000000000002
v 51.2 76.8 -83.20000000000002
v 64 76.8 -89.60000000000002
v 51.2 82.39999999999999 -89.60000000000002
v 64 83.19999999999999 -89.60000000000002
v 64 89.6 -89.60000000000002
v 51.2 76.8 -83.20000000000002
v 49.6 76.8 -89.60000000000002
v 51.2 63.999999999999986 -89.60000000000002
v 51.2 82.39999999999999 -89.60000000000002
v 51.2 87.99999999999999 -88.00000000000001
v 51.2 87.99999999999999 -76.80000000000003
v 51.2 87.99999999999999 -76.80000000000003
v 50.400000000000006 89.6 -76.00000000000001
v 38.400000000000006 89.6 -76.80000000000003
v 76.80000000000001 63.999999999999986 -89.60000000000002
v 64 63.999999999999986 -89.60000000000002
v 64 51.199999999999996 -86.4
v 76.80000000000001 63.999999999999986 -89.60000000000002
v 81.60000000000001 63.99999999999999 -76.80000000000003
v 76.80000000000001 76.8 -89.60000000000002
v 76.80000000000001 63.999999999999986 -89.60000000000002
v 75.2 52.8 -86.4
v 76.80000000000001 51.199999999999996 -80
v 48 51.19999999999999 -89.60000000000001
v 51.2 51.199999999999996 -86.4
v 51.2 63.999999999999986 -89.60000000000002
v 76.80000000000001 83.19999999999999 -89.60000000000002
v 76.80000000000001 76.8 -89.60000000000002
v 80 76.8 -76.80000000000003
v 27.200000000000003 63.999999999999986 -88.00000000000001
v 25.6 63.99999999999999 -76.80000000000003
v 25.6 51.199999999999996 -76.80000000000001
v 38.400000000000006 63.999999999999986 -89.60000000000002
v 38.400000000000006 51.199999999999996 -86.4
v 38.400000000000006 51.19999999999999 -89.60000000000001
v 76.80000000000001 76.80000000000001 -51.20000000000001
v 76.80000000000001 63.99999999999999 -51.20000000000001
v 76.80000000000001 63.99999999999999 -52.80000000000001
v 81.60000000000001 63.99999999999999 -76.80000000000003
v 80 76.8 -76.80000000000003
v 76.80000000000001 76.8 -89.60000000000002
v 80 76.8 -76.80000000000003
v 81.60000000000001 63.99999999999999 -76.80000000000003
v 89.60000000000001 63.99999999999999 -64.00000000000001
v 38.400000000000006 76.8 -76.80000000000003
v 36.800000000000004 76.8 -88.00000000000001
v 38.400000000000006 75.19999999999999 -89.60000000000002
v 38.400000000000006 75.19999999999999 -89.60000000000002
v 36.800000000000004 76.8 -88.00000000000001
v 27.200000000000003 76.8 -88.00000000000001
v 89.60000000000001 83.19999999999999 -76.80000000000003
v 80 76.8 -76.80000000000003
v 89.60000000000001 76.8 -64.00000000000001
v 64 89.6 -89.60000000000002
v 51.2 87.99999999999999 -88.00000000000001
v 51.2 82.39999999999999 -89.60000000000002
v 51.2 63.999999999999986 -89.60000000000002
v 51.2 63.99999999999999 -83.20000000000002
v 51.2 76.8 -83.20000000000002
v 50.400000000000006 63.99999999999999 -51.20000000000001
v 50.400000000000006 76.80000000000001 -51.20000000000001
v 51.2 76.80000000000001 -52.80000000000001
v 25.6 51.199999999999996 -76.80000000000001
v 27.200000000000003 51.199999999999996 -84.80000000000001
v 27.200000000000003 63.999999999999986 -88.00000000000001
v 51.2 76.80000000000001 -52.80000000000001
v 51.2 63.99999999999999 -54.40000000000001
v 50.400000000000006 63.99999999999999 -51.20000000000001
v 38.400000000000006 51.199999999999996 -86.4
v 27.200000000000003 51.199999999999996 -84.80000000000001
v 25.6 51.199999999999996 -76.80000000000001
v 76.80000000000001 83.19999999999997 -204.8
v 76.80000000000001 89.59999999999998 -204.8
v 76.80000000000001 89.59999999999998 -193.60000000000002
v 77.60000000000001 76.8 -168
v 79.2 89.6 -168
v 89.60000000000001 89.6 -166.4
v 63.2 83.19999999999997 -179.20000000000002
v 51.2 76.79999999999998 -179.20000000000002
v 51.2 87.99999999999997 -179.20000000000002
v 76.80000000000001 83.19999999999999 -89.60000000000002
v 80 76.8 -76.80000000000003
v 89.60000000000001 83.19999999999999 -76.80000000000003
v 78.4 89.59999999999998 -192
v 89.60000000000001 89.59999999999998 -192
v 78.4 87.99999999999997 -192
v 64 87.99999999999997 -179.20000000000002
v 63.2 83.19999999999997 -179.20000000000002
v 51.2 87.99999999999997 -179.20000000000002
v 51.2 87.99999999999997 -179.20000000000002
v 51.2 89.59999999999998 -179.20000000000002
v 64 87.99999999999997 -179.20000000000002
v 51.2 51.19999999999998 -166.4
v 63.2 51.19999999999998 -166.4
v 64 31.99999999999998 -166.4
v 54.400000000000006 76.8 -166.4
v 63.2 75.19999999999999 -166.4
v 63.2 51.19999999999998 -166.4
v 64 76.79999999999998 -180.8
v 63.2 83.19999999999997 -179.20000000000002
v 64 83.19999999999997 -180.8
v 77.60000000000001 89.6 -169.60000000000002
v 79.2 89.6 -168
v 77.60000000000001 76.8 -168
v 89.60000000000001 76.8 -166.4
v 76.80000000000001 52.79999999999998 -166.4
v 76.80000000000001 75.19999999999999 -166.4
v 64 51.19999999999998 -169.60000000000002
v 64 25.59999999999998 -172.8
v 64 31.99999999999998 -166.4
v 63.2 76.8 -169.60000000000002
v 64 75.19999999999999 -169.60000000000002
v 63.2 75.19999999999999 -166.4
v 64 83.19999999999997 -180.8
v 63.2 83.19999999999997 -179.20000000000002
v 64 87.99999999999997 -179.20000000000002
v 64 31.99999999999998 -166.4
v 63.2 51.19999999999998 -166.4
v 64 51.19999999999998 -169.60000000000002
v 63.2 76.8 -169.60000000000002
v 64 76.79999999999998 -180.8
v 64 75.19999999999999 -169.60000000000002
v 76.80000000000001 76.79999999999998 -179.20000000000002
v 77.60000000000001 76.8 -168
v 76.80000000000001 75.19999999999999 -169.60000000000002
v 76.80000000000001 75.19999999999999 -169.60000000000002
v 77.60000000000001 76.8 -168
v 76.80000000000001 75.19999999999999 -166.4
v 76.80000000000001 51.19999999999998 -169.60000000000002
v 76.80000000000001 52.79999999999998 -166.4
v 89.60000000000001 51.19999999999998 -172.8
v 89.60000000000001 51.19999999999998 -172.8
v 76.80000000000001 52.79999999999998 -166.4
v 89.60000000000001 76.8 -166.4
v 77.60000000000001 76.8 -168
v 76.80000000000001 76.79999999999998 -179.20000000000002
v 76.80000000000001 83.19999999999997 -179.20000000000002
v 64 31.99999999999998 -166.4
v 51.2 38.399999999999984 -166.4
v 51.2 51.19999999999998 -166.4
v 76.80000000000001 83.19999999999997 -179.20000000000002
v 76.80000000000001 89.59999999999998 -179.20000000000002
v 77.60000000000001 89.6 -169.60000000000002
v 89.60000000000001 89.6 -166.4
v 89.60000000000001 76.8 -166.4
v 77.60000000000001 76.8 -168
v 76.80000000000001 75.19999999999999 -166.4
v 77.60000000000001 76.8 -168
v 89.60000000000001 76.8 -166.4
v 51.2 51.19999999999998 -184
v 51.2 76.79999999999998 -179.20000000000002
v 51.2 75.99999999999999 -169.60000000000002
v 63.2 83.19999999999997 -179.20000000000002
v 64 76.79999999999998 -180.8
v 51.2 76.79999999999998 -179.20000000000002
v 76.80000000000001 51.199999999999996 -80
v 75.2 52.8 -86.4
v 64 51.199999999999996 -86.4
v 76.80000000000001 51.199999999999996 -80
v 81.60000000000001 51.199999999999996 -76.80000000000001
v 81.60000000000001 63.99999999999999 -76.80000000000003
v 76.80000000000001 51.199999999999996 -80
v 81.60000000000001 63.99999999999999 -76.80000000000003
v 76.80000000000001 63.999999999999986 -89.60000000000002
v 64 51.199999999999996 -86.4
v 64 51.199999999999996 -80
v 76.80000000000001 51.199999999999996 -80
v 64 51.199999999999996 -86.4
v 75.2 52.8 -86.4
v 76.80000000000001 63.999999999999986 -89.60000000000002
v 64 76.8 -89.60000000000002
v 64 83.19999999999999 -89.60000000000002
v 51.2 82.39999999999999 -89.60000000000002
v 51.2 88 -52.80000000000002
v 50.400000000000006 88 -51.20000000000002
v 50.400000000000006 96 -52.80000000000002
v 64 25.59999999999998 -172.8
v 64 51.19999999999998 -169.60000000000002
v 70.4 51.19999999999998 -171.20000000000002
v 76.80000000000001 25.59999999999998 -166.4
v 64 25.59999999999998 -172.8
v 70.4 51.19999999999998 -171.20000000000002
v 70.4 51.19999999999998 -171.20000000000002
v 76.80000000000001 51.19999999999998 -169.60000000000002
v 76.80000000000001 25.59999999999998 -166.4
v 64 69.60000000000001 -51.20000000000001
v 51.2 63.99999999999999 -54.40000000000001
v 51.2 76.80000000000001 -52.80000000000001
v 64 63.99999999999999 -52.80000000000001
v 64 69.60000000000001 -51.20000000000001
v 76.80000000000001 76.80000000000001 -51.20000000000001
v 64 69.60000000000001 -51.20000000000001
v 64 63.99999999999999 -52.80000000000001
v 51.2 63.99999999999999 -54.40000000000001
v 76.80000000000001 76.80000000000001 -51.20000000000001
v 76.80000000000001 63.99999999999999 -52.80000000000001
v 64 63.99999999999999 -52.80000000000001
v 51.2 51.199999999999996 -54.40000000000001
v 64 51.199999999999996 -52.80000000000001
v 64 51.199999999999996 -51.20000000000001
v 89.60000000000001 51.19999999999998 -172.8
v 76.80000000000001 25.59999999999998 -166.4
v 76.80000000000001 51.19999999999998 -169.60000000000002
v 38.400000000000006 96 -51.20000000000002
v 32 89.60000000000001 -51.20000000000002
v 32 96 -51.20000000000002
v 25.6 102.4 -51.20000000000002
v 32 101.60000000000001 -51.20000000000002
v 32 96 -51.20000000000002
v 81.60000000000001 88.80000000000001 -51.20000000000002
v 76.80000000000001 89.60000000000001 -51.20000000000002
v 89.60000000000001 89.60000000000001 -54.40000000000002
v 64 69.60000000000001 -51.20000000000001
v 64 76.80000000000001 -51.20000000000001
v 70.4 76.80000000000001 -51.20000000000001
v 44.800000000000004 88.80000000000001 -51.20000000000002
v 50.400000000000006 88 -51.20000000000002
v 50.400000000000006 76.80000000000001 -51.20000000000001
v 76.80000000000001 63.99999999999999 -51.20000000000001
v 76.80000000000001 76.80000000000001 -51.20000000000001
v 81.60000000000001 76.80000000000001 -51.20000000000001
v 70.4 76.80000000000001 -51.20000000000001
v 76.80000000000001 76.80000000000001 -51.20000000000001
v 64 69.60000000000001 -51.20000000000001
v 64 69.60000000000001 -51.20000000000001
v 51.2 76.80000000000001 -52.80000000000001
v 57.6 76.80000000000001 -52.00000000000001
v 51.2 88 -52.80000000000002
v 57.6 88.80000000000001 -52.000000000000014
v 57.6 83.2 -52.00000000000001
v 38.400000000000006 100.80000000000001 -52.80000000000002
v 36.800000000000004 100.80000000000001 -51.20000000000002
v 36.800000000000004 102.4 -52.80000000000002
v 50.400000000000006 89.6 -64.00000000000001
v 48.800000000000004 95.99999999999999 -64.00000000000001
v 44.800000000000004 95.99999999999999 -64.00000000000001
v 50.400000000000006 88 -51.20000000000002
v 44.800000000000004 88.80000000000001 -51.20000000000002
v 44.800000000000004 96 -51.20000000000002
v 44.800000000000004 96 -51.20000000000002
v 50.400000000000006 96 -52.80000000000002
v 50.400000000000006 88 -51.20000000000002
v 49.6 95.99999999999999 -58.40000000000002
v 48.800000000000004 95.99999999999999 -64.00000000000001
v 50.400000000000006 89.6 -64.00000000000001
v 32 89.60000000000001 -51.20000000000002
v 38.400000000000006 89.60000000000001 -51.20000000000002
v 38.400000000000006 76.80000000000001 -51.20000000000001
v 38.400000000000006 96 -51.20000000000002
v 38.400000000000006 89.60000000000001 -51.20000000000002
v 32 89.60000000000001 -51.20000000000002
v 50.400000000000006 89.6 -64.00000000000001
v 51.2 88 -52.80000000000002
v 50.400000000000006 96 -52.80000000000002
v 81.60000000000001 83.2 -51.20000000000001
v 81.60000000000001 88.80000000000001 -51.20000000000002
v 86.4 88 -51.20000000000002
v 57.6 76.80000000000001 -52.00000000000001
v 64 76.80000000000001 -51.20000000000001
v 64 69.60000000000001 -51.20000000000001
v 50.400000000000006 89.6 -64.00000000000001
v 51.2 87.99999999999999 -64.00000000000001
v 51.2 88 -52.80000000000002
v 86.4 76.80000000000001 -51.20000000000001
v 89.60000000000001 76.80000000000001 -54.40000000000001
v 89.60000000000001 63.99999999999999 -51.20000000000001
v 32 102.39999999999999 -64.00000000000001
v 25.6 102.39999999999999 -64.00000000000001
v 25.6 89.6 -64.00000000000001
v 89.60000000000001 89.60000000000001 -54.40000000000002
v 86.4 88 -51.20000000000002
v 81.60000000000001 88.80000000000001 -51.20000000000002
v 38.400000000000006 100.80000000000001 -52.80000000000002
v 36.800000000000004 102.4 -52.80000000000002
v 38.400000000000006 102.4 -57.600000000000016
v 36.800000000000004 100.80000000000001 -51.20000000000002
v 38.400000000000006 100.80000000000001 -52.80000000000002
v 38.400000000000006 96 -51.20000000000002
v 38.400000000000006 89.6 -64.00000000000001
v 38.400000000000006 95.99999999999999 -64.00000000000001
v 25.6 89.6 -64.00000000000001
v 32 101.60000000000001 -51.20000000000002
v 25.6 102.4 -51.20000000000002
v 32 102.4 -52.000000000000014
v 50.400000000000006 89.6 -64.00000000000001
v 50.400000000000006 96 -52.80000000000002
v 49.6 95.99999999999999 -58.40000000000002
v 38.400000000000006 63.999999999999986 -89.60000000000002
v 27.200000000000003 63.999999999999986 -88.00000000000001
v 38.400000000000006 51.199999999999996 -86.4
v 27.200000000000003 51.199999999999996 -84.80000000000001
v 70.4 74.39999999999999 -171.20000000000002
v 76.80000000000001 75.19999999999999 -169.60000000000002
v 70.4 51.19999999999998 -171.20000000000002
v 76.80000000000001 51.19999999999998 -169.60000000000002
v 70.4 51.19999999999998 -171.20000000000002
v 64 51.19999999999998 -169.60000000000002
v 70.4 74.39999999999999 -171.20000000000002
v 64 75.19999999999999 -169.60000000000002
v 28 87.99999999999997 -179.20000000000002
v 38.400000000000006 87.99999999999997 -179.20000000000002
v 25.6 76.79999999999998 -179.20000000000002
v 38.400000000000006 76.79999999999998 -179.20000000000002
v 51.2 87.99999999999999 -76.80000000000003
v 51.2 76.8 -76.80000000000003
v 51.2 82.39999999999999 -89.60000000000002
v 51.2 76.8 -83.20000000000002
v 38.400000000000006 76.80000000000001 -51.20000000000001
v 38.400000000000006 63.99999999999999 -51.20000000000001
v 25.6 76.80000000000001 -51.20000000000001
v 25.6 63.99999999999999 -51.20000000000001
v 50.400000000000006 51.199999999999996 -51.20000000000001
v 50.400000000000006 63.99999999999999 -51.20000000000001
v 51.2 51.199999999999996 -54.40000000000001
v 51.2 63.99999999999999 -54.40000000000001
v 76.80000000000001 63.99999999999999 -51.20000000000001
v 89.60000000000001 63.99999999999999 -51.20000000000001
v 76.80000000000001 51.199999999999996 -51.20000000000001
v 89.60000000000001 51.199999999999996 -51.20000000000001
v 28 89.59999999999998 -179.20000000000002
v 28 87.99999999999997 -179.20000000000002
v 25.6 89.59999999999998 -179.20000000000002
v 25.6 76.79999999999998 -179.20000000000002
v 64 63.999999999999986 -89.60000000000002
v 64 76.8 -89.60000000000002
v 51.2 63.99999999999999 -83.20000000000002
v 51.2 76.8 -83.20000000000002
v 38.400000000000006 89.6 -76.80000000000003
v 38.400000000000006 76.8 -76.80000000000003
v 51.2 87.99999999999999 -76.80000000000003
v 51.2 76.8 -76.80000000000003
v 51.2 87.99999999999999 -64.00000000000001
v 50.400000000000006 89.6 -64.00000000000001
v 51.2 87.99999999999999 -76.80000000000003
v 50.400000000000006 89.6 -76.00000000000001
v 38.400000000000006 75.19999999999999 -89.60000000000002
v 38.400000000000006 63.999999999999986 -89.60000000000002
v 49.6 76.8 -89.60000000000002
v 51.2 63.999999999999986 -89.60000000000002
v 86.4 89.6 -89.60000000000002
v 76.80000000000001 89.6 -89.60000000000002
v 88 83.19999999999999 -89.60000000000002
v 76.80000000000001 83.19999999999999 -89.60000000000002
v 89.60000000000001 83.19999999999999 -88.00000000000001
v 89.60000000000001 83.19999999999999 -76.80000000000003
v 89.60000000000001 89.6 -86.40000000000002
v 89.60000000000001 89.6 -76.80000000000003
v 38.400000000000006 51.19999999999999 -89.60000000000001
v 48 51.19999999999999 -89.60000000000001
v 38.400000000000006 63.999999999999986 -89.60000000000002
v 51.2 63.999999999999986 -89.60000000000002
v 89.60000000000001 76.8 -64.00000000000001
v 89.60000000000001 89.6 -64.00000000000001
v 89.60000000000001 83.19999999999999 -76.80000000000003
v 89.60000000000001 89.6 -76.80000000000003
v 64 51.199999999999996 -52.80000000000001
v 76.80000000000001 51.199999999999996 -52.80000000000001
v 64 51.199999999999996 -51.20000000000001
v 76.80000000000001 51.199999999999996 -51.20000000000001
v 76.80000000000001 51.199999999999996 -52.80000000000001
v 76.80000000000001 63.99999999999999 -52.80000000000001
v 76.80000000000001 51.199999999999996 -51.20000000000001
v 76.80000000000001 63.99999999999999 -51.20000000000001
v 38.400000000000006 63.99999999999999 -51.20000000000001
v 50.400000000000006 63.99999999999999 -51.20000000000001
v 38.400000000000006 51.199999999999996 -51.20000000000001
v 50.400000000000006 51.199999999999996 -51.20000000000001
v 76.80000000000001 76.8 -89.60000000000002
v 64 76.8 -89.60000000000002
v 76.80000000000001 63.999999999999986 -89.60000000000002
v 64 63.999999999999986 -89.60000000000002
v 25.6 63.99999999999999 -51.20000000000001
v 38.400000000000006 63.99999999999999 -51.20000000000001
v 25.6 51.199999999999996 -51.20000000000001
v 38.400000000000006 51.199999999999996 -51.20000000000001
v 27.200000000000003 76.8 -88.00000000000001
v 27.200000000000003 63.999999999999986 -88.00000000000001
v 38.400000000000006 75.19999999999999 -89.60000000000002
v 38.400000000000006 63.999999999999986 -89.60000000000002
v 51.2 63.99999999999999 -54.40000000000001
v 64 63.99999999999999 -52.80000000000001
v 51.2 51.199999999999996 -54.40000000000001
v 64 51.199999999999996 -52.80000000000001
v 27.200000000000003 76.8 -88.00000000000001
v 25.6 76.8 -76.80000000000003
v 27.200000000000003 63.999999999999986 -88.00000000000001
v 25.6 63.99999999999999 -76.80000000000003
v 89.60000000000001 51.199999999999996 -64
v 89.60000000000001 63.99999999999999 -64.00000000000001
v 81.60000000000001 51.199999999999996 -76.80000000000001
v 81.60000000000001 63.99999999999999 -76.80000000000003
v 38.400000000000006 76.8 -76.80000000000003
v 38.400000000000006 89.6 -76.80000000000003
v 25.6 76.8 -76.80000000000003
v 25.6 89.6 -76.80000000000003
v 64 63.99999999999999 -52.80000000000001
v 76.80000000000001 63.99999999999999 -52.80000000000001
v 64 51.199999999999996 -52.80000000000001
v 76.80000000000001 51.199999999999996 -52.80000000000001
v 51.2 76.80000000000001 -52.80000000000001
v 50.400000000000006 76.80000000000001 -51.20000000000001
v 51.2 88 -52.80000000000002
v 50.400000000000006 88 -51.20000000000002
v 64 87.99999999999997 -192
v 64 83.19999999999997 -192
v 64 87.99999999999997 -179.20000000000002
v 64 83.19999999999997 -180.8
v 51.2 87.99999999999997 -179.20000000000002
v 51.2 76.79999999999998 -179.20000000000002
v 38.400000000000006 87.99999999999997 -179.20000000000002
v 38.400000000000006 76.79999999999998 -179.20000000000002
v 86.4 89.6 -89.60000000000002
v 88 83.19999999999999 -89.60000000000002
v 89.60000000000001 89.6 -86.40000000000002
v 89.60000000000001 83.19999999999999 -88.00000000000001
v 89.60000000000001 83.19999999999999 -76.80000000000003
v 89.60000000000001 83.19999999999999 -88.00000000000001
v 76.80000000000001 83.19999999999999 -89.60000000000002
v 88 83.19999999999999 -89.60000000000002
v 76.80000000000001 89.59999999999998 -179.20000000000002
v 76.80000000000001 83.19999999999997 -179.20000000000002
v 76.80000000000001 87.99999999999997 -192
v 76.80000000000001 83.19999999999997 -192
v 64 83.19999999999997 -180.8
v 70.4 82.39999999999998 -179.20000000000002
v 64 76.79999999999998 -180.8
v 70.4 75.99999999999997 -179.20000000000002
v 76.80000000000001 83.19999999999997 -230.4
v 76.80000000000001 89.59999999999998 -230.4
v 76.80000000000001 83.19999999999997 -217.60000000000002
v 76.80000000000001 89.59999999999998 -217.60000000000002
v 64 89.59999999999998 -217.60000000000002
v 64 89.59999999999998 -230.4
v 64 83.19999999999997 -217.60000000000002
v 64 83.19999999999997 -230.4
v 64 89.59999999999998 -217.60000000000002
v 64 83.19999999999997 -217.60000000000002
v 64 89.59999999999998 -204.8
v 64 83.19999999999997 -204.8
v 64 83.19999999999997 -204.8
v 64 83.19999999999997 -192
v 64 89.59999999999998 -193.60000000000002
v 64 87.99999999999997 -192
v 76.80000000000001 89.59999999999998 -193.60000000000002
v 76.80000000000001 87.99999999999997 -192
v 76.80000000000001 83.19999999999997 -204.8
v 76.80000000000001 83.19999999999997 -192
v 76.80000000000001 83.19999999999997 -179.20000000000002
v 76.80000000000001 76.79999999999998 -179.20000000000002
v 70.4 82.39999999999998 -179.20000000000002
v 70.4 75.99999999999997 -179.20000000000002
v 76.80000000000001 75.19999999999999 -166.4
v 76.80000000000001 52.79999999999998 -166.4
v 76.80000000000001 75.19999999999999 -169.60000000000002
v 76.80000000000001 51.19999999999998 -169.60000000000002
v 64 75.19999999999999 -169.60000000000002
v 64 51.19999999999998 -169.60000000000002
v 63.2 75.19999999999999 -166.4
v 63.2 51.19999999999998 -166.4
v 54.400000000000006 76.8 -166.4
v 63.2 51.19999999999998 -166.4
v 51.2 73.6 -166.4
v 51.2 51.19999999999998 -166.4
v 64 25.59999999999998 -172.8
v 51.2 25.59999999999998 -179.20000000000002
v 64 31.99999999999998 -166.4
v 51.2 38.399999999999984 -166.4
v 76.80000000000001 83.19999999999997 -217.60000000000002
v 76.80000000000001 89.59999999999998 -217.60000000000002
v 76.80000000000001 83.19999999999997 -204.8
v 76.80000000000001 89.59999999999998 -204.8
v 51.2 38.399999999999984 -166.4
v 51.2 25.59999999999998 -179.20000000000002
v 51.2 51.19999999999998 -166.4
v 51.2 51.19999999999998 -184
v 51.2 75.99999999999999 -169.60000000000002
v 51.2 73.6 -166.4
v 51.2 51.19999999999998 -184
v 51.2 51.19999999999998 -166.4
v 70.4 83.2 -51.20000000000001
v 70.4 89.60000000000001 -51.20000000000002
v 76.80000000000001 83.2 -51.20000000000001
v 76.80000000000001 89.60000000000001 -51.20000000000002
v 38.400000000000006 76.80000000000001 -51.20000000000001
v 25.6 76.80000000000001 -51.20000000000001
v 32 89.60000000000001 -51.20000000000002
v 25.6 89.60000000000001 -51.20000000000002
v 50.400000000000006 76.80000000000001 -51.20000000000001
v 38.400000000000006 76.80000000000001 -51.20000000000001
v 44.800000000000004 88.80000000000001 -51.20000000000002
v 38.400000000000006 89.60000000000001 -51.20000000000002
v 32 96 -51.20000000000002
v 32 89.60000000000001 -51.20000000000002
v 25.6 102.4 -51.20000000000002
v 25.6 89.60000000000001 -51.20000000000002
v 38.400000000000006 95.99999999999999 -64.00000000000001
v 38.400000000000006 89.6 -64.00000000000001
v 44.800000000000004 95.99999999999999 -64.00000000000001
v 50.400000000000006 89.6 -64.00000000000001
v 70.4 89.60000000000001 -51.20000000000002
v 70.4 83.2 -51.20000000000001
v 64 89.60000000000001 -51.20000000000002
v 64 83.2 -51.20000000000001
v 86.4 76.80000000000001 -51.20000000000001
v 89.60000000000001 63.99999999999999 -51.20000000000001
v 81.60000000000001 76.80000000000001 -51.20000000000001
v 76.80000000000001 63.99999999999999 -51.20000000000001
v 81.60000000000001 83.2 -51.20000000000001
v 81.60000000000001 76.80000000000001 -51.20000000000001
v 76.80000000000001 83.2 -51.20000000000001
v 76.80000000000001 76.80000000000001 -51.20000000000001
v 86.4 88 -51.20000000000002
v 89.60000000000001 89.60000000000001 -54.40000000000002
v 86.4 76.80000000000001 -51.20000000000001
v 89.60000000000001 76.80000000000001 -54.40000000000001
v 64 83.2 -51.20000000000001
v 64 76.80000000000001 -51.20000000000001
v 57.6 83.2 -52.00000000000001
v 57.6 76.80000000000001 -52.00000000000001
v 76.80000000000001 83.2 -51.20000000000001
v 76.80000000000001 76.80000000000001 -51.20000000000001
v 70.4 83.2 -51.20000000000001
v 70.4 76.80000000000001 -51.20000000000001
v 76.80000000000001 83.2 -51.20000000000001
v 76.80000000000001 89.60000000000001 -51.20000000000002
v 81.60000000000001 83.2 -51.20000000000001
v 81.60000000000001 88.80000000000001 -51.20000000000002
v 57.6 83.2 -52.00000000000001
v 57.6 88.80000000000001 -52.000000000000014
v 64 83.2 -51.20000000000001
v 64 89.60000000000001 -51.20000000000002
v 86.4 88 -51.20000000000002
v 86.4 76.80000000000001 -51.20000000000001
v 81.60000000000001 83.2 -51.20000000000001
v 81.60000000000001 76.80000000000001 -51.20000000000001
v 57.6 76.80000000000001 -52.00000000000001
v 51.2 76.80000000000001 -52.80000000000001
v 57.6 83.2 -52.00000000000001
v 51.2 88 -52.80000000000002
v 70.4 83.2 -51.20000000000001
v 70.4 76.80000000000001 -51.20000000000001
v 64 83.2 -51.20000000000001
v 64 76.80000000000001 -51.20000000000001
v 50.400000000000006 76.80000000000001 -51.20000000000001
v 50.400000000000006 63.99999999999999 -51.20000000000001
v 38.400000000000006 76.80000000000001 -51.20000000000001
v 38.400000000000006 63.99999999999999 -51.20000000000001
v 38.400000000000006 96 -57.600000000000016
v 38.400000000000006 96 -51.20000000000002
v 38.400000000000006 102.4 -57.600000000000016
v 38.400000000000006 100.80000000000001 -52.80000000000002
v 32 96 -51.20000000000002
v 32 101.60000000000001 -51.20000000000002
v 38.400000000000006 96 -51.20000000000002
v 36.800000000000004 100.80000000000001 -51.20000000000002
v 44.800000000000004 88.80000000000001 -51.20000000000002
v 38.400000000000006 89.60000000000001 -51.20000000000002
v 44.800000000000004 96 -51.20000000000002
v 38.400000000000006 96 -51.20000000000002
v 38.400000000000006 102.4 -57.600000000000016
v 38.400000000000006 102.39999999999999 -64.00000000000001
v 38.400000000000006 96 -57.600000000000016
v 38.400000000000006 95.99999999999999 -64.00000000000001
v 32 102.4 -52.000000000000014
v 36.800000000000004 102.4 -52.80000000000002
v 32 101.60000000000001 -51.20000000000002
v 36.800000000000004 100.80000000000001 -51.20000000000002
v 25.6 89.6 -64.00000000000001
v 38.400000000000006 95.99999999999999 -64.00000000000001
v 32 102.39999999999999 -64.00000000000001
v 38.400000000000006 102.39999999999999 -64.00000000000001
vt 0.3515625 0.125
vt 0.3671875 0.2421875
vt 0.25 0.1796875
vt 0.4609375 0.21875
vt 0.375 0.203125
vt 0.375 0.1875
vt 0.296875 0.1796875
vt 0.296875 0.1171875
vt 0.3203125 0.1171875
vt 0 0.3046875
vt 0 0.2421875
vt 0.0859375 0.2421875
vt 0.0859375 0.2421875
vt 0.1171875 0.2421875
vt 0.1171875 0.3046875
vt 0.015625 0.4296875
vt 0.1171875 0.4296875
vt 0.1171875 0.4921875
vt 0.375 0.1875
vt 0.4921875 0.1875
vt 0.4609375 0.21875
vt 0.1171875 0.3046875
vt 0 0.3046875
vt 0.0859375 0.2421875
vt 0 0.3046875
vt 0 0.1796875
vt 0.171875 0.1796875
vt 0.125 0.1796875
vt 0.125 0.0625
vt 0.25 0.0625
vt 0.171875 0.2421875
vt 0.1484375 0.3671875
vt 0.125 0.2421875
vt 0.25 0.0625
vt 0.25 0.1796875
vt 0.125 0.1796875
vt 0.2421875 0.25
vt 0.2421875 0.3046875
vt 0.1171875 0.3046875
vt 0.2421875 0.25
vt 0.1171875 0.2421875
vt 0.1171875 0.1796875
vt 0.125 0.125
vt 0.171875 0.125
vt 0.171875 0.2421875
vt 0.125 0.2421875
vt 0.140625 0.1875
vt 0.25 0.1875
vt 0.2421875 0.1953125
vt 0.2578125 0.1796875
vt 0.3671875 0.1796875
vt 0 0.0625
vt 0.125 0.0625
vt 0.125 0.1796875
vt 0.296875 0.3046875
vt 0.15625 0.3046875
vt 0.296875 0.1796875
vt 0.296875 0.3046875
vt 0.28125 0.4140625
vt 0.21875 0.4296875
vt 0.1796875 0.3671875
vt 0.1484375 0.3671875
vt 0.171875 0.2421875
vt 0.296875 0.1171875
vt 0.296875 0.1796875
vt 0.171875 0.1796875
vt 0 0.2421875
vt 0.1171875 0.2421875
vt 0.1171875 0.3671875
vt 0 0.09375
vt 0.0234375 0.2109375
vt 0 0.2109375
vt 0.1796875 0.171875
vt 0.1796875 0.2421875
vt 0.171875 0.2421875
vt 0.15625 0.3046875
vt 0.171875 0.1796875
vt 0.296875 0.1796875
vt 0.171875 0.1796875
vt 0.15625 0.3046875
vt 0 0.3046875
vt 0.1171875 0.1875
vt 0.1015625 0.078125
vt 0.1171875 0.0625
vt 0.1171875 0.0625
vt 0.1015625 0.078125
vt 0.0078125 0.078125
vt 0.1171875 0.2421875
vt 0.2109375 0.2421875
vt 0.125 0.3671875
vt 0.1171875 0.1796875
vt 0.2421875 0.1953125
vt 0.2421875 0.25
vt 0.171875 0.2421875
vt 0.125 0.2421875
vt 0.125 0.125
vt 0.125 0.3671875
vt 0.125 0.2421875
vt 0.140625 0.2421875
vt 0.1171875 0.3671875
vt 0.03125 0.3671875
vt 0 0.2421875
vt 0.140625 0.2421875
vt 0.1484375 0.3671875
vt 0.125 0.3671875
vt 0.1875 0.1875
vt 0.2890625 0.1953125
vt 0.3046875 0.2421875
vt 0.3671875 0.4921875
vt 0.3671875 0.4296875
vt 0.4765625 0.4296875
vt 0.25 0.1796875
vt 0.265625 0.0625
vt 0.3671875 0.0625
vt 0.3671875 0.1171875
vt 0.2421875 0.1796875
vt 0.2421875 0.0703125
vt 0.2421875 0.125
vt 0.2109375 0.2421875
vt 0.1171875 0.2421875
vt 0 0.0625
vt 0.1171875 0.0625
vt 0 0.0703125
vt 0.3671875 0.0703125
vt 0.3671875 0.1171875
vt 0.2421875 0.0703125
vt 0 0.125
vt 0 0.125
vt 0.140625 0.125
vt 0.375 0.109375
vt 0.4921875 0.109375
vt 0.4921875 0.3828125
vt 0.03125 0.1796875
vt 0.1171875 0.203125
vt 0.1171875 0.4296875
vt 0.3671875 0.1796875
vt 0.3671875 0.1171875
vt 0.3671875 0.1171875
vt 0.25 0.0625
vt 0.265625 0.0625
vt 0.25 0.1796875
vt 0.3671875 0.1796875
vt 0.2421875 0.4140625
vt 0.2421875 0.203125
vt 0.0234375 0.15625
vt 0.0546875 0.3671875
vt 0 0.3125
vt 0.2890625 0.0625
vt 0.2890625 0.0859375
vt 0.25 0.078125
vt 0.3671875 0.1171875
vt 0.3671875 0.1171875
vt 0.3671875 0.0703125
vt 0 0.3125
vt 0 0.15625
vt 0.0234375 0.15625
vt 0.2890625 0.0625
vt 0.4296875 0.0625
vt 0.2890625 0.0859375
vt 0 0.125
vt 0.1015625 0.125
vt 0.0859375 0.1328125
vt 0.0859375 0.1328125
vt 0.1015625 0.125
vt 0.1171875 0.1328125
vt 0.2421875 0.4296875
vt 0.2421875 0.4140625
vt 0.3671875 0.4296875
vt 0.3671875 0.4296875
vt 0.2421875 0.4140625
vt 0.3671875 0.1796875
vt 0.3671875 0.2421875
vt 0.25 0.2421875
vt 0.25 0.1796875
vt 0.4921875 0.3828125
vt 0.375 0.2890625
vt 0.375 0.109375
vt 0.25 0.1796875
vt 0.25 0.125
vt 0.3515625 0.125
vt 0.3671875 0.0625
vt 0.3671875 0.1796875
vt 0.25 0.1796875
vt 0.28125 0.1796875
vt 0.2890625 0.171875
vt 0.4296875 0.1796875
vt 0.15625 0.3671875
vt 0.21875 0.1171875
vt 0.3515625 0.125
vt 0.3671875 0.1171875
vt 0.3671875 0.1796875
vt 0.2421875 0.1796875
vt 0.2421875 0.2265625
vt 0.2578125 0.1640625
vt 0.3671875 0.1640625
vt 0.21875 0.4296875
vt 0.15625 0.4296875
vt 0.15625 0.3046875
vt 0.21875 0.4296875
vt 0.15625 0.3046875
vt 0.296875 0.3046875
vt 0.3671875 0.1640625
vt 0.3671875 0.2265625
vt 0.2421875 0.2265625
vt 0.125 0.1796875
vt 0.0078125 0.1640625
vt 0 0.0625
vt 0.1171875 0.3046875
vt 0.1171875 0.2421875
vt 0.2421875 0.25
vt 0.140625 0.1328125
vt 0.125 0.1328125
vt 0.140625 0.0625
vt 0 0.3046875
vt 0 0.0625
vt 0.0546875 0.0625
vt 0.1171875 0.3046875
vt 0 0.3046875
vt 0.0546875 0.0625
vt 0.0546875 0.0625
vt 0.1171875 0.0625
vt 0.1171875 0.3046875
vt 0.2421875 0.3125
vt 0.1171875 0.3671875
vt 0.1171875 0.2421875
vt 0.2421875 0.3671875
vt 0.2421875 0.3125
vt 0.3671875 0.2421875
vt 0.2421875 0.3125
vt 0.2421875 0.3671875
vt 0.1171875 0.3671875
vt 0.3671875 0.2421875
vt 0.3671875 0.3671875
vt 0.2421875 0.3671875
vt 0.203125 0.140625
vt 0.265625 0.140625
vt 0.265625 0.1484375
vt 0.2421875 0.0625
vt 0.1171875 0.3046875
vt 0.1171875 0.0625
vt 0.125 0.171875
vt 0.0625 0.2265625
vt 0.0625 0.171875
vt 0 0.125
vt 0.0625 0.125
vt 0.0625 0.171875
vt 0.4140625 0.1328125
vt 0.3671875 0.125
vt 0.4921875 0.125
vt 0.2421875 0.3125
vt 0.2421875 0.2421875
vt 0.3046875 0.2421875
vt 0.0546875 0.1328125
vt 0.1171875 0.140625
vt 0.1171875 0.2421875
vt 0.3671875 0.3671875
vt 0.3671875 0.2421875
vt 0.4140625 0.2421875
vt 0.3046875 0.2421875
vt 0.3671875 0.2421875
vt 0.2421875 0.3125
vt 0.2421875 0.3125
vt 0.1171875 0.2421875
vt 0.1796875 0.2421875
vt 0.1171875 0.1328125
vt 0.1796875 0.125
vt 0.1796875 0.1796875
vt 0.125 0.1328125
vt 0.109375 0.1328125
vt 0.109375 0.125
vt 0.2578125 0.1796875
vt 0.2734375 0.1171875
vt 0.3046875 0.1171875
vt 0.2421875 0.2421875
vt 0.1875 0.234375
vt 0.1875 0.171875
vt 0.1875 0.171875
vt 0.2421875 0.171875
vt 0.2421875 0.2421875
vt 0.1875 0.359375
vt 0.2421875 0.359375
vt 0.2421875 0.4140625
vt 0.4296875 0.125
vt 0.4921875 0.125
vt 0.4921875 0.2421875
vt 0.125 0.171875
vt 0.125 0.2265625
vt 0.0625 0.2265625
vt 0.2421875 0.4140625
vt 0.1328125 0.4296875
vt 0.1328125 0.359375
vt 0.4140625 0.1796875
vt 0.4140625 0.1328125
vt 0.4609375 0.140625
vt 0.1796875 0.2421875
vt 0.2421875 0.2421875
vt 0.2421875 0.3125
vt 0.2421875 0.4140625
vt 0.2421875 0.4296875
vt 0.1328125 0.4296875
vt 0.4609375 0.2421875
vt 0.4921875 0.2421875
vt 0.4921875 0.3671875
vt 0.4296875 0.0625
vt 0.4921875 0.0625
vt 0.4921875 0.1796875
vt 0.4921875 0.125
vt 0.4609375 0.140625
vt 0.4140625 0.1328125
vt 0.1328125 0.3125
vt 0.1328125 0.296875
vt 0.1796875 0.296875
vt 0.109375 0.1328125
vt 0.125 0.1328125
vt 0.125 0.171875
vt 0.3671875 0.1796875
vt 0.3671875 0.1171875
vt 0.4921875 0.1796875
vt 0.0625 0.125
vt 0 0.125
vt 0.0625 0.125
vt 0.2421875 0.4140625
vt 0.1328125 0.359375
vt 0.1875 0.359375
vt 0.3828125 0.0625
vt 0.4921875 0.0625
vt 0.3828125 0.1796875
vt 0.4921875 0.1796875
vt 0.1796875 0.2109375
vt 0.2421875 0.203125
vt 0.1796875 0.4296875
vt 0.2421875 0.4296875
vt 0.1796875 0.4296875
vt 0.1171875 0.4296875
vt 0.1796875 0.2109375
vt 0.1171875 0.203125
vt 0.0234375 0.0703125
vt 0.1171875 0.0703125
vt 0 0.1796875
vt 0.1171875 0.1796875
vt 0.25 0.1875
vt 0.2421875 0.3046875
vt 0.125 0.2421875
vt 0.1796875 0.3046875
vt 0.4921875 0.2421875
vt 0.4921875 0.3671875
vt 0.375 0.2421875
vt 0.375 0.3671875
vt 0.125 0.4921875
vt 0.125 0.3671875
vt 0.1484375 0.4921875
vt 0.1484375 0.3671875
vt 0.3671875 0.3671875
vt 0.4921875 0.3671875
vt 0.3671875 0.4921875
vt 0.4921875 0.4921875
vt 0.0234375 0.0625
vt 0.0234375 0.0703125
vt 0 0.0625
vt 0 0.1796875
vt 0.1171875 0.4296875
vt 0.1171875 0.3046875
vt 0.2421875 0.4296875
vt 0.2421875 0.3046875
vt 0.3671875 0.1796875
vt 0.3671875 0.3046875
vt 0.2421875 0.1953125
vt 0.2421875 0.3046875
vt 0.2421875 0.4296875
vt 0.2421875 0.4140625
vt 0.3671875 0.4296875
vt 0.359375 0.4140625
vt 0.3671875 0.3203125
vt 0.3671875 0.4296875
vt 0.2578125 0.3046875
vt 0.2421875 0.4296875
vt 0.2265625 0.0625
vt 0.296875 0.0625
vt 0.21875 0.1171875
vt 0.296875 0.1171875
vt 0.1875 0.1171875
vt 0.1015625 0.1171875
vt 0.1796875 0.0625
vt 0.1015625 0.0625
vt 0.3828125 0.1796875
vt 0.2890625 0.1796875
vt 0.3828125 0.0625
vt 0.2578125 0.0625
vt 0 0.1796875
vt 0 0.0625
vt 0.1015625 0.1171875
vt 0.1015625 0.0625
vt 0.265625 0.140625
vt 0.3359375 0.140625
vt 0.265625 0.1484375
vt 0.3359375 0.1484375
vt 0.171875 0.3203125
vt 0.171875 0.2421875
vt 0.1796875 0.3203125
vt 0.1796875 0.2421875
vt 0 0.3671875
vt 0.1171875 0.3671875
vt 0 0.4921875
vt 0.1171875 0.4921875
vt 0 0.3046875
vt 0.1171875 0.3046875
vt 0 0.4296875
vt 0.1171875 0.4296875
vt 0.375 0.3671875
vt 0.4921875 0.3671875
vt 0.375 0.4921875
vt 0.4921875 0.4921875
vt 0.4765625 0.3046875
vt 0.4765625 0.4296875
vt 0.3671875 0.3203125
vt 0.3671875 0.4296875
vt 0.1171875 0.3671875
vt 0.2421875 0.3671875
vt 0.1171875 0.4921875
vt 0.2421875 0.4921875
vt 0 0.125
vt 0.1171875 0.125
vt 0 0.2421875
vt 0.1171875 0.2421875
vt 0 0.4296875
vt 0 0.3046875
vt 0.15625 0.4296875
vt 0.15625 0.3046875
vt 0.3671875 0.3046875
vt 0.3671875 0.1796875
vt 0.4921875 0.3046875
vt 0.4921875 0.1796875
vt 0.2421875 0.3671875
vt 0.3671875 0.3671875
vt 0.2421875 0.4921875
vt 0.3671875 0.4921875
vt 0.140625 0.2421875
vt 0.125 0.2421875
vt 0.140625 0.1328125
vt 0.125 0.1328125
vt 0.1796875 0.4375
vt 0.1796875 0.4921875
vt 0.0625 0.4375
vt 0.0703125 0.4921875
vt 0.2421875 0.0703125
vt 0.2421875 0.1796875
vt 0.1171875 0.0703125
vt 0.1171875 0.1796875
vt 0.2265625 0.0625
vt 0.21875 0.1171875
vt 0.1796875 0.0625
vt 0.1875 0.1171875
vt 0.1171875 0.2421875
vt 0.1171875 0.140625
vt 0.2421875 0.125
vt 0.1328125 0.125
vt 0.25 0.125
vt 0.25 0.1796875
vt 0.125 0.1328125
vt 0.125 0.1796875
vt 0.3671875 0.1171875
vt 0.4296875 0.125
vt 0.3671875 0.1796875
vt 0.4296875 0.1875
vt 0.1171875 0.4921875
vt 0.1171875 0.4296875
vt 0.2421875 0.4921875
vt 0.2421875 0.4296875
vt 0.2421875 0.4296875
vt 0.3671875 0.4296875
vt 0.2421875 0.4921875
vt 0.3671875 0.4921875
vt 0.2421875 0.4296875
vt 0.2421875 0.4921875
vt 0.1171875 0.4296875
vt 0.1171875 0.4921875
vt 0.1171875 0.4921875
vt 0 0.4921875
vt 0.015625 0.4296875
vt 0 0.4453125
vt 0.4765625 0.4296875
vt 0.4921875 0.4453125
vt 0.3671875 0.4921875
vt 0.4921875 0.4921875
vt 0.4921875 0.1171875
vt 0.4921875 0.1796875
vt 0.4296875 0.125
vt 0.4296875 0.1875
vt 0.2734375 0.09375
vt 0.2734375 0.3203125
vt 0.25 0.09375
vt 0.25 0.3359375
vt 0.2890625 0.0859375
vt 0.2890625 0.4296875
vt 0.25 0.078125
vt 0.25 0.4296875
vt 0.03125 0.1796875
vt 0.1171875 0.4296875
vt 0 0.21875
vt 0 0.4296875
vt 0.4921875 0.4765625
vt 0.375 0.4765625
vt 0.4921875 0.3828125
vt 0.375 0.2890625
vt 0.2421875 0.4921875
vt 0.2421875 0.4296875
vt 0.3671875 0.4921875
vt 0.3671875 0.4296875
vt 0.4921875 0.2734375
vt 0.3359375 0.4296875
vt 0.4921875 0.125
vt 0.28125 0.125
vt 0.3515625 0.125
vt 0.3984375 0.1484375
vt 0.15625 0.3671875
vt 0.3984375 0.3671875
vt 0.3046875 0.1796875
vt 0.3046875 0.125
vt 0.3671875 0.1796875
vt 0.3671875 0.125
vt 0.4921875 0.2421875
vt 0.375 0.2421875
vt 0.4296875 0.125
vt 0.375 0.125
vt 0.1171875 0.2421875
vt 0 0.2421875
vt 0.0546875 0.1328125
vt 0 0.125
vt 0.0625 0.171875
vt 0.0625 0.2265625
vt 0 0.125
vt 0 0.2265625
vt 0.3671875 0.1171875
vt 0.3671875 0.1796875
vt 0.3046875 0.1171875
vt 0.2578125 0.1796875
vt 0.3046875 0.125
vt 0.3046875 0.1796875
vt 0.2421875 0.125
vt 0.2421875 0.1796875
vt 0.4609375 0.2421875
vt 0.4921875 0.3671875
vt 0.4140625 0.2421875
vt 0.3671875 0.3671875
vt 0.4140625 0.1796875
vt 0.4140625 0.2421875
vt 0.3671875 0.1796875
vt 0.3671875 0.2421875
vt 0.4609375 0.140625
vt 0.4921875 0.125
vt 0.4609375 0.2421875
vt 0.4921875 0.2421875
vt 0.2421875 0.1796875
vt 0.2421875 0.2421875
vt 0.1796875 0.1796875
vt 0.1796875 0.2421875
vt 0.3671875 0.1796875
vt 0.3671875 0.2421875
vt 0.3046875 0.1796875
vt 0.3046875 0.2421875
vt 0.3671875 0.1796875
vt 0.3671875 0.125
vt 0.4140625 0.1796875
vt 0.4140625 0.1328125
vt 0.1796875 0.1796875
vt 0.1796875 0.125
vt 0.2421875 0.1796875
vt 0.2421875 0.125
vt 0.4609375 0.140625
vt 0.4609375 0.2421875
vt 0.4140625 0.1796875
vt 0.4140625 0.2421875
vt 0.1796875 0.2421875
vt 0.1171875 0.2421875
vt 0.1796875 0.1796875
vt 0.1171875 0.1328125
vt 0.3046875 0.1796875
vt 0.3046875 0.2421875
vt 0.2421875 0.1796875
vt 0.2421875 0.2421875
vt 0.1171875 0.2421875
vt 0.1171875 0.3671875
vt 0 0.2421875
vt 0 0.3671875
vt 0.1796875 0.359375
vt 0.125 0.359375
vt 0.1796875 0.296875
vt 0.1328125 0.3125
vt 0.0625 0.171875
vt 0.0625 0.125
vt 0.125 0.171875
vt 0.109375 0.1328125
vt 0.1875 0.234375
vt 0.125 0.2265625
vt 0.1875 0.171875
vt 0.125 0.171875
vt 0.1796875 0.296875
vt 0.2421875 0.296875
vt 0.1796875 0.359375
vt 0.2421875 0.359375
vt 0.0625 0.125
vt 0.109375 0.125
vt 0.0625 0.125
vt 0.109375 0.1328125
vt 0.4921875 0.1796875
vt 0.3671875 0.1171875
vt 0.4296875 0.0625
vt 0.3671875 0.0625
vn -0.9970086680967802 0.009586621880263093 0.07669297504210468
vn -0.9970086680967802 0.009586621880263093 0.07669297504210468
vn -0.9970086680967802 0.009586621880263093 0.07669297504210468
vn 0.18490006451688723 0.647150233259686 -0.739600258067549
vn 0.18490006451688723 0.647150233259686 -0.739600258067549
vn 0.18490006451688723 0.647150233259686 -0.739600258067549
vn 0.8944271909999157 -5.476786982642025e-17 -0.44721359549995787
vn 0.8944271909999157 -5.476786982642025e-17 -0.44721359549995787
vn 0.8944271909999157 -5.476786982642025e-17 -0.44721359549995787
vn 0.08808244170398206 -0.2312164048163401 -0.9689068363920605
vn 0.08808244170398206 -0.2312164048163401 -0.9689068363920605
vn 0.08808244170398206 -0.2312164048163401 -0.9689068363920605
vn -0.6000000095367429 -9.797174305585262e-17 -0.7999999928474428
vn -0.6000000095367429 -9.797174305585262e-17 -0.7999999928474428
vn -0.6000000095367429 -9.797174305585262e-17 -0.7999999928474428
vn 1 0 0
vn 1 0 0
vn 1 0 0
vn 0 1 -1.2246467991473532e-16
vn 0 1 -1.2246467991473532e-16
vn 0 1 -1.2246467991473532e-16
vn 0 -0.3511234481204076 -0.9363291751195385
vn 0 -0.3511234481204076 -0.9363291751195385
vn 0 -0.3511234481204076 -0.9363291751195385
vn 0.7999999928474428 -7.347880911675536e-17 -0.6000000095367429
vn 0.7999999928474428 -7.347880911675536e-17 -0.6000000095367429
vn 0.7999999928474428 -7.347880911675536e-17 -0.6000000095367429
vn -0.4364357804719848 -0.2182178902359925 -0.8728715609439696
vn -0.4364357804719848 -0.2182178902359925 -0.8728715609439696
vn -0.4364357804719848 -0.2182178902359925 -0.8728715609439696
vn 1 0 0
vn 1 0 0
vn 1 0 0
vn 0 0.24253562503633283 -0.9701425001453319
vn 0 0.24253562503633283 -0.9701425001453319
vn 0 0.24253562503633283 -0.9701425001453319
vn -0.3127369285119729 -0.7148272992300209 -0.6254738570239458
vn -0.3127369285119729 -0.7148272992300209 -0.6254738570239458
vn -0.3127369285119729 -0.7148272992300209 -0.6254738570239458
vn 0 -1.2246467991473532e-16 -1
vn 0 -1.2246467991473532e-16 -1
vn 0 -1.2246467991473532e-16 -1
vn 0.9630868246861537 0.12038585308576918 -0.24077170617153842
vn 0.9630868246861537 0.12038585308576918 -0.24077170617153842
vn 0.9630868246861537 0.12038585308576918 -0.24077170617153842
vn -1 0 0
vn -1 0 0
vn -1 0 0
vn 0.058722021758782925 0.46977617407026334 -0.8808303301070342
vn 0.058722021758782925 0.46977617407026334 -0.8808303301070342
vn 0.058722021758782925 0.46977617407026334 -0.8808303301070342
vn 0 -0.24253562503633308 -0.9701425001453319
vn 0 -0.24253562503633308 -0.9701425001453319
vn 0 -0.24253562503633308 -0.9701425001453319
vn 0.9363291751195385 -4.3000220684623863e-17 -0.3511234481204074
vn 0.9363291751195385 -4.3000220684623863e-17 -0.3511234481204074
vn 0.9363291751195385 -4.3000220684623863e-17 -0.3511234481204074
vn 0.9333456095058942 -0.21538744720127093 -0.2871832530009204
vn 0.9333456095058942 -0.21538744720127093 -0.2871832530009204
vn 0.9333456095058942 -0.21538744720127093 -0.2871832530009204
vn 0.6963106238227914 -0.17407765595569794 -0.6963106238227914
vn 0.6963106238227914 -0.17407765595569794 -0.6963106238227914
vn 0.6963106238227914 -0.17407765595569794 -0.6963106238227914
vn 0.9701425001453319 -2.970204768799478e-17 -0.24253562503633297
vn 0.9701425001453319 -2.970204768799478e-17 -0.24253562503633297
vn 0.9701425001453319 -2.970204768799478e-17 -0.24253562503633297
vn -0.9899494921710503 -1.7319122402116054e-17 -0.14142136666812263
vn -0.9899494921710503 -1.7319122402116054e-17 -0.14142136666812263
vn -0.9899494921710503 -1.7319122402116054e-17 -0.14142136666812263
vn -1 0 0
vn -1 0 0
vn -1 0 0
vn -1 0 0
vn -1 0 0
vn -1 0 0
vn 0.9630868246861537 0.12038585308576918 -0.24077170617153842
vn 0.9630868246861537 0.12038585308576918 -0.24077170617153842
vn 0.9630868246861537 0.12038585308576918 -0.24077170617153842
vn 0.8432740526456751 0.10540925658070932 -0.5270462605518053
vn 0.8432740526456751 0.10540925658070932 -0.5270462605518053
vn 0.8432740526456751 0.10540925658070932 -0.5270462605518053
vn 0.6556100766034618 0.7492686419454866 -0.09365858024318591
vn 0.6556100766034618 0.7492686419454866 -0.09365858024318591
vn 0.6556100766034618 0.7492686419454866 -0.09365858024318591
vn 0 0.7071067811865475 -0.7071067811865476
vn 0 0.7071067811865475 -0.7071067811865476
vn 0 0.7071067811865475 -0.7071067811865476
vn 0.5121475490453435 -0.7682212639633702 -0.384110631981685
vn 0.5121475490453435 -0.7682212639633702 -0.384110631981685
vn 0.5121475490453435 -0.7682212639633702 -0.384110631981685
vn -0.1527179645775308 0.2714985937592804 -0.9502450930586432
vn -0.1527179645775308 0.2714985937592804 -0.9502450930586432
vn -0.1527179645775308 0.2714985937592804 -0.9502450930586432
vn 1 0 0
vn 1 0 0
vn 1 0 0
vn 0.8944271909999157 5.476786982642025e-17 0.44721359549995787
vn 0.8944271909999157 5.476786982642025e-17 0.44721359549995787
vn 0.8944271909999157 5.476786982642025e-17 0.44721359549995787
vn -0.9794042131413022 -0.048970211402123195 -0.19588084560849267
vn -0.9794042131413022 -0.048970211402123195 -0.19588084560849267
vn -0.9794042131413022 -0.048970211402123195 -0.19588084560849267
vn 0.9696969696969697 -0.030303030303030276 0.24242424242424243
vn 0.9696969696969697 -0.030303030303030276 0.24242424242424243
vn 0.9696969696969697 -0.030303030303030276 0.24242424242424243
vn 0 -1 1.2246467991473532e-16
vn 0 -1 1.2246467991473532e-16
vn 0 -1 1.2246467991473532e-16
vn -1 0 0
vn -1 0 0
vn -1 0 0
vn -0.15202972247838525 0.01900371530979828 0.9881932110106654
vn -0.15202972247838525 0.01900371530979828 0.9881932110106654
vn -0.15202972247838525 0.01900371530979828 0.9881932110106654
vn 0 1.2246467991473532e-16 1
vn 0 1.2246467991473532e-16 1
vn 0 1.2246467991473532e-16 1
vn 0.4850712395541991 -0.727606889133621 -0.48507123955419906
vn 0.4850712395541991 -0.727606889133621 -0.48507123955419906
vn 0.4850712395541991 -0.727606889133621 -0.48507123955419906
vn 0 1.2246467991473532e-16 1
vn 0 1.2246467991473532e-16 1
vn 0 1.2246467991473532e-16 1
vn 0 1.2246467991473532e-16 1
vn 0 1.2246467991473532e-16 1
vn 0 1.2246467991473532e-16 1
vn 0 1.2246467991473532e-16 1
vn 0 1.2246467991473532e-16 1
vn 0 1.2246467991473532e-16 1
vn 0 1.2246467991473532e-16 1
vn 0 1.2246467991473532e-16 1
vn 0 1.2246467991473532e-16 1
vn 0 1.2246467991473532e-16 1
vn 0 1.2246467991473532e-16 1
vn 0 1.2246467991473532e-16 1
vn 0.8944271909999157 5.476786982642025e-17 0.44721359549995787
vn 0.8944271909999157 5.476786982642025e-17 0.44721359549995787
vn 0.8944271909999157 5.476786982642025e-17 0.44721359549995787
vn -0.7043607250604991 0.08804509063256248 0.7043607250604991
vn -0.7043607250604991 0.08804509063256248 0.7043607250604991
vn -0.7043607250604991 0.08804509063256248 0.7043607250604991
vn 0 1.2246467991473532e-16 1
vn 0 1.2246467991473532e-16 1
vn 0 1.2246467991473532e-16 1
vn 1 0 0
vn 1 0 0
vn 1 0 0
vn 0.8728715609439696 0.4364357804719848 0.21821789023599236
vn 0.8728715609439696 0.4364357804719848 0.21821789023599236
vn 0.8728715609439696 0.4364357804719848 0.21821789023599236
vn 0.8846517369293828 -0.14744195615489708 0.4423258684646914
vn 0.8846517369293828 -0.14744195615489708 0.4423258684646914
vn 0.8846517369293828 -0.14744195615489708 0.4423258684646914
vn 0.9693508700664233 0.040389619586100996 0.24233771751660582
vn 0.9693508700664233 0.040389619586100996 0.24233771751660582
vn 0.9693508700664233 0.040389619586100996 0.24233771751660582
vn 0.892607398167526 0.446303699083763 0.0637576734264177
vn 0.892607398167526 0.446303699083763 0.0637576734264177
vn 0.892607398167526 0.446303699083763 0.0637576734264177
vn -0.9171704949125857 0.39307306924825103 0.0655121782080418
vn -0.9171704949125857 0.39307306924825103 0.0655121782080418
vn -0.9171704949125857 0.39307306924825103 0.0655121782080418
vn -0.8944271909999157 0.44721359549995787 -5.476786982642025e-17
vn -0.8944271909999157 0.44721359549995787 -5.476786982642025e-17
vn -0.8944271909999157 0.44721359549995787 -5.476786982642025e-17
vn 0.11111111111111112 -0.888888888888889 0.44444444444444453
vn 0.11111111111111112 -0.888888888888889 0.44444444444444453
vn 0.11111111111111112 -0.888888888888889 0.44444444444444453
vn 0.4139604919522051 -0.2207789300345867 0.8831157201383472
vn 0.4139604919522051 -0.2207789300345867 0.8831157201383472
vn 0.4139604919522051 -0.2207789300345867 0.8831157201383472
vn -0.9974586999063753 8.725247041952594e-18 0.07124704892894386
vn -0.9974586999063753 8.725247041952594e-18 0.07124704892894386
vn -0.9974586999063753 8.725247041952594e-18 0.07124704892894386
vn 0 1.2246467991473532e-16 1
vn 0 1.2246467991473532e-16 1
vn 0 1.2246467991473532e-16 1
vn -0.996545757833813 1.017013871274743e-17 0.08304548478653828
vn -0.996545757833813 1.017013871274743e-17 0.08304548478653828
vn -0.996545757833813 1.017013871274743e-17 0.08304548478653828
vn -0.1321637152107251 1.2139040765934235e-16 0.9912279013333404
vn -0.1321637152107251 1.2139040765934235e-16 0.9912279013333404
vn -0.1321637152107251 1.2139040765934235e-16 0.9912279013333404
vn -0.09081532137643929 0.7265225710115144 0.6811149177738752
vn -0.09081532137643929 0.7265225710115144 0.6811149177738752
vn -0.09081532137643929 0.7265225710115144 0.6811149177738752
vn -1 0 0
vn -1 0 0
vn -1 0 0
vn 0.12081064081483885 -0.22651995339046782 0.9664851265187108
vn 0.12081064081483885 -0.22651995339046782 0.9664851265187108
vn 0.12081064081483885 -0.22651995339046782 0.9664851265187108
vn 0.1360827712144825 -0.9525793388967316 -0.2721655424289649
vn 0.1360827712144825 -0.9525793388967316 -0.2721655424289649
vn 0.1360827712144825 -0.9525793388967316 -0.2721655424289649
vn 0.5547001824703114 -1.018967740920397e-16 -0.8320503035077887
vn 0.5547001824703114 -1.018967740920397e-16 -0.8320503035077887
vn 0.5547001824703114 -1.018967740920397e-16 -0.8320503035077887
vn 0.905458932522892 -0.2546603396732247 -0.33954709969608443
vn 0.905458932522892 -0.2546603396732247 -0.33954709969608443
vn 0.905458932522892 -0.2546603396732247 -0.33954709969608443
vn 0 -1 1.2246467991473532e-16
vn 0 -1 1.2246467991473532e-16
vn 0 -1 1.2246467991473532e-16
vn 0.03996803953310921 -0.27977627300647434 -0.959232918992299
vn 0.03996803953310921 -0.27977627300647434 -0.959232918992299
vn 0.03996803953310921 -0.27977627300647434 -0.959232918992299
vn 0 -1.2246467991473532e-16 -1
vn 0 -1.2246467991473532e-16 -1
vn 0 -1.2246467991473532e-16 -1
vn 0.8908708061382216 0.08908708359405444 0.4454354030691108
vn 0.8908708061382216 0.08908708359405444 0.4454354030691108
vn 0.8908708061382216 0.08908708359405444 0.4454354030691108
vn 0.24077170617153842 -0.1203858530857691 0.9630868246861537
vn 0.24077170617153842 -0.1203858530857691 0.9630868246861537
vn 0.24077170617153842 -0.1203858530857691 0.9630868246861537
vn -0.4465164577487581 0.05581455721859487 0.8930329154975162
vn -0.4465164577487581 0.05581455721859487 0.8930329154975162
vn -0.4465164577487581 0.05581455721859487 0.8930329154975162
vn -0.24077170617153842 0.12038585308576932 0.9630868246861537
vn -0.24077170617153842 0.12038585308576932 0.9630868246861537
vn -0.24077170617153842 0.12038585308576932 0.9630868246861537
vn -0.19026404273243205 -0.12176898645468674 0.9741518916374948
vn -0.19026404273243205 -0.12176898645468674 0.9741518916374948
vn -0.19026404273243205 -0.12176898645468674 0.9741518916374948
vn 0.1527179645775308 -0.2714985937592804 0.9502450930586432
vn 0.1527179645775308 -0.2714985937592804 0.9502450930586432
vn 0.1527179645775308 -0.2714985937592804 0.9502450930586432
vn -0.11933166581020398 -0.2727580975379407 0.9546533264816318
vn -0.11933166581020398 -0.2727580975379407 0.9546533264816318
vn -0.11933166581020398 -0.2727580975379407 0.9546533264816318
vn 0 -0.12403473458920834 0.9922778767136676
vn 0 -0.12403473458920834 0.9922778767136676
vn 0 -0.12403473458920834 0.9922778767136676
vn 0 1 -1.2246467991473532e-16
vn 0 1 -1.2246467991473532e-16
vn 0 1 -1.2246467991473532e-16
vn 0.24077170617153842 0.12038585308576932 0.9630868246861537
vn 0.24077170617153842 0.12038585308576932 0.9630868246861537
vn 0.24077170617153842 0.12038585308576932 0.9630868246861537
vn 0 1.2246467991473532e-16 1
vn 0 1.2246467991473532e-16 1
vn 0 1.2246467991473532e-16 1
vn 0 1.2246467991473532e-16 1
vn 0 1.2246467991473532e-16 1
vn 0 1.2246467991473532e-16 1
vn 0.13736056057484114 0.8241633932513698 0.5494422422993644
vn 0.13736056057484114 0.8241633932513698 0.5494422422993644
vn 0.13736056057484114 0.8241633932513698 0.5494422422993644
vn 0 1.2246467991473532e-16 1
vn 0 1.2246467991473532e-16 1
vn 0 1.2246467991473532e-16 1
vn 0 1.2246467991473532e-16 1
vn 0 1.2246467991473532e-16 1
vn 0 1.2246467991473532e-16 1
vn 0 1.2246467991473532e-16 1
vn 0 1.2246467991473532e-16 1
vn 0 1.2246467991473532e-16 1
vn 0 1.2246467991473532e-16 1
vn 0 1.2246467991473532e-16 1
vn 0 1.2246467991473532e-16 1
vn -0.12403473458920845 1.215189925582125e-16 0.9922778767136676
vn -0.12403473458920845 1.215189925582125e-16 0.9922778767136676
vn -0.12403473458920845 1.215189925582125e-16 0.9922778767136676
vn -0.12403473458920845 1.215189925582125e-16 0.9922778767136676
vn -0.12403473458920845 1.215189925582125e-16 0.9922778767136676
vn -0.12403473458920845 1.215189925582125e-16 0.9922778767136676
vn 0.5773502691896257 0.5773502691896258 0.5773502691896257
vn 0.5773502691896257 0.5773502691896258 0.5773502691896257
vn 0.5773502691896257 0.5773502691896258 0.5773502691896257
vn 0 -1.2246467991473532e-16 -1
vn 0 -1.2246467991473532e-16 -1
vn 0 -1.2246467991473532e-16 -1
vn 0 1.2246467991473532e-16 1
vn 0 1.2246467991473532e-16 1
vn 0 1.2246467991473532e-16 1
vn 0.26977807153407973 0.18884465007385592 0.9442232205669568
vn 0.26977807153407973 0.18884465007385592 0.9442232205669568
vn 0.26977807153407973 0.18884465007385592 0.9442232205669568
vn 0.9609575125572352 0.2402393781393088 -0.13727964252229635
vn 0.9609575125572352 0.2402393781393088 -0.13727964252229635
vn 0.9609575125572352 0.2402393781393088 -0.13727964252229635
vn 0 1.2246467991473532e-16 1
vn 0 1.2246467991473532e-16 1
vn 0 1.2246467991473532e-16 1
vn 0 1.2246467991473532e-16 1
vn 0 1.2246467991473532e-16 1
vn 0 1.2246467991473532e-16 1
vn 0.9934326141402522 0.09934325992390913 -0.05676757763156098
vn 0.9934326141402522 0.09934325992390913 -0.05676757763156098
vn 0.9934326141402522 0.09934325992390913 -0.05676757763156098
vn 0 1.2246467991473532e-16 1
vn 0 1.2246467991473532e-16 1
vn 0 1.2246467991473532e-16 1
vn -0.12403473458920845 1.215189925582125e-16 0.9922778767136676
vn -0.12403473458920845 1.215189925582125e-16 0.9922778767136676
vn -0.12403473458920845 1.215189925582125e-16 0.9922778767136676
vn 0.8944271909999157 0.44721359549995787 -5.476786982642025e-17
vn 0.8944271909999157 0.44721359549995787 -5.476786982642025e-17
vn 0.8944271909999157 0.44721359549995787 -5.476786982642025e-17
vn 0.6963106238227914 0.17407765595569794 0.6963106238227914
vn 0.6963106238227914 0.17407765595569794 0.6963106238227914
vn 0.6963106238227914 0.17407765595569794 0.6963106238227914
vn 0 -1.2246467991473532e-16 -1
vn 0 -1.2246467991473532e-16 -1
vn 0 -1.2246467991473532e-16 -1
vn 0.13736056057484114 0.8241633932513698 0.5494422422993644
vn 0.13736056057484114 0.8241633932513698 0.5494422422993644
vn 0.13736056057484114 0.8241633932513698 0.5494422422993644
vn 0.6882472023959569 0.6882472023959569 0.22941572916493183
vn 0.6882472023959569 0.6882472023959569 0.22941572916493183
vn 0.6882472023959569 0.6882472023959569 0.22941572916493183
vn 0.6882472023959569 0.229415729164932 0.6882472023959569
vn 0.6882472023959569 0.229415729164932 0.6882472023959569
vn 0.6882472023959569 0.229415729164932 0.6882472023959569
vn 0 -1.2246467991473532e-16 -1
vn 0 -1.2246467991473532e-16 -1
vn 0 -1.2246467991473532e-16 -1
vn 0.08804509063256238 0.7043607250604992 0.7043607250604991
vn 0.08804509063256238 0.7043607250604992 0.7043607250604991
vn 0.08804509063256238 0.7043607250604992 0.7043607250604991
vn 0.9609575125572352 0.2402393781393088 -0.13727964252229635
vn 0.9609575125572352 0.2402393781393088 -0.13727964252229635
vn 0.9609575125572352 0.2402393781393088 -0.13727964252229635
vn -0.13727964252229632 -0.24023937813930893 -0.9609575125572352
vn -0.13727964252229632 -0.24023937813930893 -0.9609575125572352
vn -0.13727964252229632 -0.24023937813930893 -0.9609575125572352
vn -0.13727964252229632 -0.24023937813930893 -0.9609575125572352
vn -0.24253562503633297 1.1880819075197913e-16 0.9701425001453319
vn -0.24253562503633297 1.1880819075197913e-16 0.9701425001453319
vn -0.24253562503633297 1.1880819075197913e-16 0.9701425001453319
vn -0.24253562503633297 1.1880819075197913e-16 0.9701425001453319
vn 0.24253562503633297 1.1880819075197913e-16 0.9701425001453319
vn 0.24253562503633297 1.1880819075197913e-16 0.9701425001453319
vn 0.24253562503633297 1.1880819075197913e-16 0.9701425001453319
vn 0.24253562503633297 1.1880819075197913e-16 0.9701425001453319
vn 0 1.2246467991473532e-16 1
vn 0 1.2246467991473532e-16 1
vn 0 1.2246467991473532e-16 1
vn 0 1.2246467991473532e-16 1
vn -1 0 0
vn -1 0 0
vn -1 0 0
vn -1 0 0
vn 0 1.2246467991473532e-16 1
vn 0 1.2246467991473532e-16 1
vn 0 1.2246467991473532e-16 1
vn 0 1.2246467991473532e-16 1
vn 0.9701425001453319 2.970204768799478e-17 0.24253562503633297
vn 0.9701425001453319 2.970204768799478e-17 0.24253562503633297
vn 0.9701425001453319 2.970204768799478e-17 0.24253562503633297
vn 0.9701425001453319 2.970204768799478e-17 0.24253562503633297
vn 0 1.2246467991473532e-16 1
vn 0 1.2246467991473532e-16 1
vn 0 1.2246467991473532e-16 1
vn 0 1.2246467991473532e-16 1
vn 0 1.2246467991473532e-16 1
vn 0 1.2246467991473532e-16 1
vn 0 1.2246467991473532e-16 1
vn 0 1.2246467991473532e-16 1
vn -0.44721359549995787 -1.095357396528405e-16 -0.8944271909999157
vn -0.44721359549995787 -1.095357396528405e-16 -0.8944271909999157
vn -0.44721359549995787 -1.095357396528405e-16 -0.8944271909999157
vn -0.44721359549995787 -1.095357396528405e-16 -0.8944271909999157
vn 0 -1.2246467991473532e-16 -1
vn 0 -1.2246467991473532e-16 -1
vn 0 -1.2246467991473532e-16 -1
vn 0 -1.2246467991473532e-16 -1
vn 0.8944271909999157 0.44721359549995787 -5.476786982642025e-17
vn 0.8944271909999157 0.44721359549995787 -5.476786982642025e-17
vn 0.8944271909999157 0.44721359549995787 -5.476786982642025e-17
vn 0.8944271909999157 0.44721359549995787 -5.476786982642025e-17
vn 0 -1.2246467991473532e-16 -1
vn 0 -1.2246467991473532e-16 -1
vn 0 -1.2246467991473532e-16 -1
vn 0 -1.2246467991473532e-16 -1
vn 0 -1.2246467991473532e-16 -1
vn 0 -1.2246467991473532e-16 -1
vn 0 -1.2246467991473532e-16 -1
vn 0 -1.2246467991473532e-16 -1
vn 1 0 0
vn 1 0 0
vn 1 0 0
vn 1 0 0
vn 0 -1.2246467991473532e-16 -1
vn 0 -1.2246467991473532e-16 -1
vn 0 -1.2246467991473532e-16 -1
vn 0 -1.2246467991473532e-16 -1
vn 1 0 0
vn 1 0 0
vn 1 0 0
vn 1 0 0
vn 0 1 -1.2246467991473532e-16
vn 0 1 -1.2246467991473532e-16
vn 0 1 -1.2246467991473532e-16
vn 0 1 -1.2246467991473532e-16
vn -1 0 0
vn -1 0 0
vn -1 0 0
vn -1 0 0
vn 0 1.2246467991473532e-16 1
vn 0 1.2246467991473532e-16 1
vn 0 1.2246467991473532e-16 1
vn 0 1.2246467991473532e-16 1
vn 0 -1.2246467991473532e-16 -1
vn 0 -1.2246467991473532e-16 -1
vn 0 -1.2246467991473532e-16 -1
vn 0 -1.2246467991473532e-16 -1
vn 0 1.2246467991473532e-16 1
vn 0 1.2246467991473532e-16 1
vn 0 1.2246467991473532e-16 1
vn 0 1.2246467991473532e-16 1
vn -0.14142136666812263 -1.2123384769048244e-16 -0.9899494921710503
vn -0.14142136666812263 -1.2123384769048244e-16 -0.9899494921710503
vn -0.14142136666812263 -1.2123384769048244e-16 -0.9899494921710503
vn -0.14142136666812263 -1.2123384769048244e-16 -0.9899494921710503
vn -0.12403473458920845 1.215189925582125e-16 0.9922778767136676
vn -0.12403473458920845 1.215189925582125e-16 0.9922778767136676
vn -0.12403473458920845 1.215189925582125e-16 0.9922778767136676
vn -0.12403473458920845 1.215189925582125e-16 0.9922778767136676
vn -0.9899494921710503 -1.7319122402116054e-17 -0.14142136666812263
vn -0.9899494921710503 -1.7319122402116054e-17 -0.14142136666812263
vn -0.9899494921710503 -1.7319122402116054e-17 -0.14142136666812263
vn -0.9899494921710503 -1.7319122402116054e-17 -0.14142136666812263
vn 0.8479983006565125 -6.490615119877e-17 -0.5299989453609008
vn 0.8479983006565125 -6.490615119877e-17 -0.5299989453609008
vn 0.8479983006565125 -6.490615119877e-17 -0.5299989453609008
vn 0.8479983006565125 -6.490615119877e-17 -0.5299989453609008
vn 0 -1.2246467991473532e-16 -1
vn 0 -1.2246467991473532e-16 -1
vn 0 -1.2246467991473532e-16 -1
vn 0 -1.2246467991473532e-16 -1
vn 0 1.2246467991473532e-16 1
vn 0 1.2246467991473532e-16 1
vn 0 1.2246467991473532e-16 1
vn 0 1.2246467991473532e-16 1
vn 0.8944271909999157 5.476786982642025e-17 0.44721359549995787
vn 0.8944271909999157 5.476786982642025e-17 0.44721359549995787
vn 0.8944271909999157 5.476786982642025e-17 0.44721359549995787
vn 0.8944271909999157 5.476786982642025e-17 0.44721359549995787
vn 1 0 0
vn 1 0 0
vn 1 0 0
vn 1 0 0
vn 0 1.2246467991473532e-16 1
vn 0 1.2246467991473532e-16 1
vn 0 1.2246467991473532e-16 1
vn 0 1.2246467991473532e-16 1
vn 0.6963106238227914 0.17407765595569777 -0.6963106238227914
vn 0.6963106238227914 0.17407765595569777 -0.6963106238227914
vn 0.6963106238227914 0.17407765595569777 -0.6963106238227914
vn 0.6963106238227914 0.17407765595569777 -0.6963106238227914
vn 0 -1 1.2246467991473532e-16
vn 0 -1 1.2246467991473532e-16
vn 0 -1 1.2246467991473532e-16
vn 0 -1 1.2246467991473532e-16
vn -1 0 0
vn -1 0 0
vn -1 0 0
vn -1 0 0
vn -0.24253562503633297 1.1880819075197913e-16 0.9701425001453319
vn -0.24253562503633297 1.1880819075197913e-16 0.9701425001453319
vn -0.24253562503633297 1.1880819075197913e-16 0.9701425001453319
vn -0.24253562503633297 1.1880819075197913e-16 0.9701425001453319
vn -1 0 0
vn -1 0 0
vn -1 0 0
vn -1 0 0
vn 1 0 0
vn 1 0 0
vn 1 0 0
vn 1 0 0
vn 1 0 0
vn 1 0 0
vn 1 0 0
vn 1 0 0
vn 1 0 0
vn 1 0 0
vn 1 0 0
vn 1 0 0
vn -1 0 0
vn -1 0 0
vn -1 0 0
vn -1 0 0
vn 0 1.2246467991473532e-16 1
vn 0 1.2246467991473532e-16 1
vn 0 1.2246467991473532e-16 1
vn 0 1.2246467991473532e-16 1
vn -1 0 0
vn -1 0 0
vn -1 0 0
vn -1 0 0
vn 0.9701425001453319 2.970204768799478e-17 0.24253562503633297
vn 0.9701425001453319 2.970204768799478e-17 0.24253562503633297
vn 0.9701425001453319 2.970204768799478e-17 0.24253562503633297
vn 0.9701425001453319 2.970204768799478e-17 0.24253562503633297
vn 0 1.2246467991473532e-16 1
vn 0 1.2246467991473532e-16 1
vn 0 1.2246467991473532e-16 1
vn 0 1.2246467991473532e-16 1
vn -0.3333333333333333 -0.6666666666666665 0.6666666666666667
vn -0.3333333333333333 -0.6666666666666665 0.6666666666666667
vn -0.3333333333333333 -0.6666666666666665 0.6666666666666667
vn -0.3333333333333333 -0.6666666666666665 0.6666666666666667
vn -1 0 0
vn -1 0 0
vn -1 0 0
vn -1 0 0
vn -1 0 0
vn -1 0 0
vn -1 0 0
vn -1 0 0
vn -1 0 0
vn -1 0 0
vn -1 0 0
vn -1 0 0
vn 0 1.2246467991473532e-16 1
vn 0 1.2246467991473532e-16 1
vn 0 1.2246467991473532e-16 1
vn 0 1.2246467991473532e-16 1
vn 0 1.2246467991473532e-16 1
vn 0 1.2246467991473532e-16 1
vn 0 1.2246467991473532e-16 1
vn 0 1.2246467991473532e-16 1
vn 0 1.2246467991473532e-16 1
vn 0 1.2246467991473532e-16 1
vn 0 1.2246467991473532e-16 1
vn 0 1.2246467991473532e-16 1
vn 0 1.2246467991473532e-16 1
vn 0 1.2246467991473532e-16 1
vn 0 1.2246467991473532e-16 1
vn 0 1.2246467991473532e-16 1
vn 0 -1.2246467991473532e-16 -1
vn 0 -1.2246467991473532e-16 -1
vn 0 -1.2246467991473532e-16 -1
vn 0 -1.2246467991473532e-16 -1
vn 0 1.2246467991473532e-16 1
vn 0 1.2246467991473532e-16 1
vn 0 1.2246467991473532e-16 1
vn 0 1.2246467991473532e-16 1
vn 0 1.2246467991473532e-16 1
vn 0 1.2246467991473532e-16 1
vn 0 1.2246467991473532e-16 1
vn 0 1.2246467991473532e-16 1
vn 0 1.2246467991473532e-16 1
vn 0 1.2246467991473532e-16 1
vn 0 1.2246467991473532e-16 1
vn 0 1.2246467991473532e-16 1
vn 0.7071067811865475 8.659560562354932e-17 0.7071067811865475
vn 0.7071067811865475 8.659560562354932e-17 0.7071067811865475
vn 0.7071067811865475 8.659560562354932e-17 0.7071067811865475
vn 0.7071067811865475 8.659560562354932e-17 0.7071067811865475
vn -0.12403473458920845 1.215189925582125e-16 0.9922778767136676
vn -0.12403473458920845 1.215189925582125e-16 0.9922778767136676
vn -0.12403473458920845 1.215189925582125e-16 0.9922778767136676
vn -0.12403473458920845 1.215189925582125e-16 0.9922778767136676
vn 0 1.2246467991473532e-16 1
vn 0 1.2246467991473532e-16 1
vn 0 1.2246467991473532e-16 1
vn 0 1.2246467991473532e-16 1
vn 0 1.2246467991473532e-16 1
vn 0 1.2246467991473532e-16 1
vn 0 1.2246467991473532e-16 1
vn 0 1.2246467991473532e-16 1
vn -0.12403473458920845 1.215189925582125e-16 0.9922778767136676
vn -0.12403473458920845 1.215189925582125e-16 0.9922778767136676
vn -0.12403473458920845 1.215189925582125e-16 0.9922778767136676
vn -0.12403473458920845 1.215189925582125e-16 0.9922778767136676
vn 0 1.2246467991473532e-16 1
vn 0 1.2246467991473532e-16 1
vn 0 1.2246467991473532e-16 1
vn 0 1.2246467991473532e-16 1
vn -0.12403473458920845 1.215189925582125e-16 0.9922778767136676
vn -0.12403473458920845 1.215189925582125e-16 0.9922778767136676
vn -0.12403473458920845 1.215189925582125e-16 0.9922778767136676
vn -0.12403473458920845 1.215189925582125e-16 0.9922778767136676
vn 0 1.2246467991473532e-16 1
vn 0 1.2246467991473532e-16 1
vn 0 1.2246467991473532e-16 1
vn 0 1.2246467991473532e-16 1
vn 0 1.2246467991473532e-16 1
vn 0 1.2246467991473532e-16 1
vn 0 1.2246467991473532e-16 1
vn 0 1.2246467991473532e-16 1
vn 1 0 0
vn 1 0 0
vn 1 0 0
vn 1 0 0
vn 0 1.2246467991473532e-16 1
vn 0 1.2246467991473532e-16 1
vn 0 1.2246467991473532e-16 1
vn 0 1.2246467991473532e-16 1
vn 0 1.2246467991473532e-16 1
vn 0 1.2246467991473532e-16 1
vn 0 1.2246467991473532e-16 1
vn 0 1.2246467991473532e-16 1
vn 1 0 0
vn 1 0 0
vn 1 0 0
vn 1 0 0
vn 0.11704114474662469 0.702246883380909 0.7022468833809088
vn 0.11704114474662469 0.702246883380909 0.7022468833809088
vn 0.11704114474662469 0.702246883380909 0.7022468833809088
vn 0.11704114474662469 0.702246883380909 0.7022468833809088
vn 0 -1.2246467991473532e-16 -1
vn 0 -1.2246467991473532e-16 -1
vn 0 -1.2246467991473532e-16 -1
vn 0 -1.2246467991473532e-16 -1
f 817/817/817 816/816/816 815/815/815
f 820/820/820 819/819/819 818/818/818
f 823/823/823 822/822/822 821/821/821
f 826/826/826 825/825/825 824/824/824
f 829/829/829 828/828/828 827/827/827
f 832/832/832 831/831/831 830/830/830
f 835/835/835 834/834/834 833/833/833
f 838/838/838 837/837/837 836/836/836
f 841/841/841 840/840/840 839/839/839
f 844/844/844 843/843/843 842/842/842
f 847/847/847 846/846/846 845/845/845
f 850/850/850 849/849/849 848/848/848
f 853/853/853 852/852/852 851/851/851
f 856/856/856 855/855/855 854/854/854
f 859/859/859 858/858/858 857/857/857
f 862/862/862 861/861/861 860/860/860
f 865/865/865 864/864/864 863/863/863
f 868/868/868 867/867/867 866/866/866
f 871/871/871 870/870/870 869/869/869
f 874/874/874 873/873/873 872/872/872
f 877/877/877 876/876/876 875/875/875
f 880/880/880 879/879/879 878/878/878
f 883/883/883 882/882/882 881/881/881
f 886/886/886 885/885/885 884/884/884
f 889/889/889 888/888/888 887/887/887
f 892/892/892 891/891/891 890/890/890
f 895/895/895 894/894/894 893/893/893
f 898/898/898 897/897/897 896/896/896
f 901/901/901 900/900/900 899/899/899
f 904/904/904 903/903/903 902/902/902
f 907/907/907 906/906/906 905/905/905
f 910/910/910 909/909/909 908/908/908
f 913/913/913 912/912/912 911/911/911
f 916/916/916 915/915/915 914/914/914
f 919/919/919 918/918/918 917/917/917
f 922/922/922 921/921/921 920/920/920
f 925/925/925 924/924/924 923/923/923
f 928/928/928 927/927/927 926/926/926
f 931/931/931 930/930/930 929/929/929
f 934/934/934 933/933/933 932/932/932
f 937/937/937 936/936/936 935/935/935
f 940/940/940 939/939/939 938/938/938
f 943/943/943 942/942/942 941/941/941
f 946/946/946 945/945/945 944/944/944
f 949/949/949 948/948/948 947/947/947
f 952/952/952 951/951/951 950/950/950
f 955/955/955 954/954/954 953/953/953
f 958/958/958 957/957/957 956/956/956
f 961/961/961 960/960/960 959/959/959
f 964/964/964 963/963/963 962/962/962
f 967/967/967 966/966/966 965/965/965
f 970/970/970 969/969/969 968/968/968
f 973/973/973 972/972/972 971/971/971
f 976/976/976 975/975/975 974/974/974
f 979/979/979 978/978/978 977/977/977
f 982/982/982 981/981/981 980/980/980
f 985/985/985 984/984/984 983/983/983
f 988/988/988 987/987/987 986/986/986
f 991/991/991 990/990/990 989/989/989
f 994/994/994 993/993/993 992/992/992
f 997/997/997 996/996/996 995/995/995
f 1000/1000/1000 999/999/999 998/998/998
f 1003/1003/1003 1002/1002/1002 1001/1001/1001
f 1006/1006/1006 1005/1005/1005 1004/1004/1004
f 1009/1009/1009 1008/1008/1008 1007/1007/1007
f 1012/1012/1012 1011/1011/1011 1010/1010/1010
f 1015/1015/1015 1014/1014/1014 1013/1013/1013
f 1018/1018/1018 1017/1017/1017 1016/1016/1016
f 1021/1021/1021 1020/1020/1020 1019/1019/1019
f 1024/1024/1024 1023/1023/1023 1022/1022/1022
f 1027/1027/1027 1026/1026/1026 1025/1025/1025
f 1030/1030/1030 1029/1029/1029 1028/1028/1028
f 1033/1033/1033 1032/1032/1032 1031/1031/1031
f 1036/1036/1036 1035/1035/1035 1034/1034/1034
f 1039/1039/1039 1038/1038/1038 1037/1037/1037
f 1042/1042/1042 1041/1041/1041 1040/1040/1040
f 1045/1045/1045 1044/1044/1044 1043/1043/1043
f 1048/1048/1048 1047/1047/1047 1046/1046/1046
f 1051/1051/1051 1050/1050/1050 1049/1049/1049
f 1054/1054/1054 1053/1053/1053 1052/1052/1052
f 1057/1057/1057 1056/1056/1056 1055/1055/1055
f 1060/1060/1060 1059/1059/1059 1058/1058/1058
f 1063/1063/1063 1062/1062/1062 1061/1061/1061
f 1066/1066/1066 1065/1065/1065 1064/1064/1064
f 1069/1069/1069 1068/1068/1068 1067/1067/1067
f 1072/1072/1072 1071/1071/1071 1070/1070/1070
f 1075/1075/1075 1074/1074/1074 1073/1073/1073
f 1078/1078/1078 1077/1077/1077 1076/1076/1076
f 1081/1081/1081 1080/1080/1080 1079/1079/1079
f 1084/1084/1084 1083/1083/1083 1082/1082/1082
f 1087/1087/1087 1086/1086/1086 1085/1085/1085
f 1090/1090/1090 1089/1089/1089 1088/1088/1088
f 1093/1093/1093 1092/1092/1092 1091/1091/1091
f 1096/1096/1096 1095/1095/1095 1094/1094/1094
f 1099/1099/1099 1098/1098/1098 1097/1097/1097
f 1102/1102/1102 1101/1101/1101 1100/1100/1100
f 1105/1105/1105 1104/1104/1104 1103/1103/1103
f 1108/1108/1108 1107/1107/1107 1106/1106/1106
f 1111/1111/1111 1110/1110/1110 1109/1109/1109
f 1114/1114/1114 1113/1113/1113 1112/1112/1112
f 1117/1117/1117 1116/1116/1116 1115/1115/1115
f 1120/1120/1120 1119/1119/1119 1118/1118/1118
f 1123/1123/1123 1122/1122/1122 1121/1121/1121
f 1126/1126/1126 1125/1125/1125 1124/1124/1124
f 1129/1129/1129 1128/1128/1128 1127/1127/1127
f 1132/1132/1132 1131/1131/1131 1130/1130/1130
f 1135/1135/1135 1134/1134/1134 1133/1133/1133
f 1138/1138/1138 1137/1137/1137 1136/1136/1136
f 1141/1141/1141 1140/1140/1140 1139/1139/1139
f 1140/1140/1140 1141/1141/1141 1142/1142/1142
f 1145/1145/1145 1144/1144/1144 1143/1143/1143
f 1144/1144/1144 1145/1145/1145 1146/1146/1146
f 1149/1149/1149 1148/1148/1148 1147/1147/1147
f 1148/1148/1148 1149/1149/1149 1150/1150/1150
f 1153/1153/1153 1152/1152/1152 1151/1151/1151
f 1152/1152/1152 1153/1153/1153 1154/1154/1154
f 1157/1157/1157 1156/1156/1156 1155/1155/1155
f 1156/1156/1156 1157/1157/1157 1158/1158/1158
f 1161/1161/1161 1160/1160/1160 1159/1159/1159
f 1160/1160/1160 1161/1161/1161 1162/1162/1162
f 1165/1165/1165 1164/1164/1164 1163/1163/1163
f 1164/1164/1164 1165/1165/1165 1166/1166/1166
f 1169/1169/1169 1168/1168/1168 1167/1167/1167
f 1168/1168/1168 1169/1169/1169 1170/1170/1170
f 1173/1173/1173 1172/1172/1172 1171/1171/1171
f 1172/1172/1172 1173/1173/1173 1174/1174/1174
f 1177/1177/1177 1176/1176/1176 1175/1175/1175
f 1176/1176/1176 1177/1177/1177 1178/1178/1178
f 1181/1181/1181 1180/1180/1180 1179/1179/1179
f 1180/1180/1180 1181/1181/1181 1182/1182/1182
f 1185/1185/1185 1184/1184/1184 1183/1183/1183
f 1184/1184/1184 1185/1185/1185 1186/1186/1186
f 1189/1189/1189 1188/1188/1188 1187/1187/1187
f 1188/1188/1188 1189/1189/1189 1190/1190/1190
f 1193/1193/1193 1192/1192/1192 1191/1191/1191
f 1192/1192/1192 1193/1193/1193 1194/1194/1194
f 1197/1197/1197 1196/1196/1196 1195/1195/1195
f 1196/1196/1196 1197/1197/1197 1198/1198/1198
f 1201/1201/1201 1200/1200/1200 1199/1199/1199
f 1200/1200/1200 1201/1201/1201 1202/1202/1202
f 1205/1205/1205 1204/1204/1204 1203/1203/1203
f 1204/1204/1204 1205/1205/1205 1206/1206/1206
f 1209/1209/1209 1208/1208/1208 1207/1207/1207
f 1208/1208/1208 1209/1209/1209 1210/1210/1210
f 1213/1213/1213 1212/1212/1212 1211/1211/1211
f 1212/1212/1212 1213/1213/1213 1214/1214/1214
f 1217/1217/1217 1216/1216/1216 1215/1215/1215
f 1216/1216/1216 1217/1217/1217 1218/1218/1218
f 1221/1221/1221 1220/1220/1220 1219/1219/1219
f 1220/1220/1220 1221/1221/1221 1222/1222/1222
f 1225/1225/1225 1224/1224/1224 1223/1223/1223
f 1224/1224/1224 1225/1225/1225 1226/1226/1226
f 1229/1229/1229 1228/1228/1228 1227/1227/1227
f 1228/1228/1228 1229/1229/1229 1230/1230/1230
f 1233/1233/1233 1232/1232/1232 1231/1231/1231
f 1232/1232/1232 1233/1233/1233 1234/1234/1234
f 1237/1237/1237 1236/1236/1236 1235/1235/1235
f 1236/1236/1236 1237/1237/1237 1238/1238/1238
f 1241/1241/1241 1240/1240/1240 1239/1239/1239
f 1240/1240/1240 1241/1241/1241 1242/1242/1242
f 1245/1245/1245 1244/1244/1244 1243/1243/1243
f 1244/1244/1244 1245/1245/1245 1246/1246/1246
f 1249/1249/1249 1248/1248/1248 1247/1247/1247
f 1248/1248/1248 1249/1249/1249 1250/1250/1250
f 1253/1253/1253 1252/1252/1252 1251/1251/1251
f 1252/1252/1252 1253/1253/1253 1254/1254/1254
f 1257/1257/1257 1256/1256/1256 1255/1255/1255
f 1256/1256/1256 1257/1257/1257 1258/1258/1258
f 1261/1261/1261 1260/1260/1260 1259/1259/1259
f 1260/1260/1260 1261/1261/1261 1262/1262/1262
f 1265/1265/1265 1264/1264/1264 1263/1263/1263
f 1264/1264/1264 1265/1265/1265 1266/1266/1266
f 1269/1269/1269 1268/1268/1268 1267/1267/1267
f 1268/1268/1268 1269/1269/1269 1270/1270/1270
f 1273/1273/1273 1272/1272/1272 1271/1271/1271
f 1272/1272/1272 1273/1273/1273 1274/1274/1274
f 1277/1277/1277 1276/1276/1276 1275/1275/1275
f 1276/1276/1276 1277/1277/1277 1278/1278/1278
f 1281/1281/1281 1280/1280/1280 1279/1279/1279
f 1280/1280/1280 1281/1281/1281 1282/1282/1282
f 1285/1285/1285 1284/1284/1284 1283/1283/1283
f 1284/1284/1284 1285/1285/1285 1286/1286/1286
f 1289/1289/1289 1288/1288/1288 1287/1287/1287
f 1288/1288/1288 1289/1289/1289 1290/1290/1290
f 1293/1293/1293 1292/1292/1292 1291/1291/1291
f 1292/1292/1292 1293/1293/1293 1294/1294/1294
f 1297/1297/1297 1296/1296/1296 1295/1295/1295
f 1296/1296/1296 1297/1297/1297 1298/1298/1298
f 1301/1301/1301 1300/1300/1300 1299/1299/1299
f 1300/1300/1300 1301/1301/1301 1302/1302/1302
f 1305/1305/1305 1304/1304/1304 1303/1303/1303
f 1304/1304/1304 1305/1305/1305 1306/1306/1306
f 1309/1309/1309 1308/1308/1308 1307/1307/1307
f 1308/1308/1308 1309/1309/1309 1310/1310/1310
f 1313/1313/1313 1312/1312/1312 1311/1311/1311
f 1312/1312/1312 1313/1313/1313 1314/1314/1314
f 1317/1317/1317 1316/1316/1316 1315/1315/1315
f 1316/1316/1316 1317/1317/1317 1318/1318/1318
f 1321/1321/1321 1320/1320/1320 1319/1319/1319
f 1320/1320/1320 1321/1321/1321 1322/1322/1322
f 1325/1325/1325 1324/1324/1324 1323/1323/1323
f 1324/1324/1324 1325/1325/1325 1326/1326/1326
f 1329/1329/1329 1328/1328/1328 1327/1327/1327
f 1328/1328/1328 1329/1329/1329 1330/1330/1330
f 1333/1333/1333 1332/1332/1332 1331/1331/1331
f 1332/1332/1332 1333/1333/1333 1334/1334/1334
f 1337/1337/1337 1336/1336/1336 1335/1335/1335
f 1336/1336/1336 1337/1337/1337 1338/1338/1338
f 1341/1341/1341 1340/1340/1340 1339/1339/1339
f 1340/1340/1340 1341/1341/1341 1342/1342/1342
f 1345/1345/1345 1344/1344/1344 1343/1343/1343
f 1344/1344/1344 1345/1345/1345 1346/1346/1346
f 1349/1349/1349 1348/1348/1348 1347/1347/1347
f 1348/1348/1348 1349/1349/1349 1350/1350/1350
f 1353/1353/1353 1352/1352/1352 1351/1351/1351
f 1352/1352/1352 1353/1353/1353 1354/1354/1354
f 1357/1357/1357 1356/1356/1356 1355/1355/1355
f 1356/1356/1356 1357/1357/1357 1358/1358/1358
f 1361/1361/1361 1360/1360/1360 1359/1359/1359
f 1360/1360/1360 1361/1361/1361 1362/1362/1362
f 1365/1365/1365 1364/1364/1364 1363/1363/1363
f 1364/1364/1364 1365/1365/1365 1366/1366/1366
f 1369/1369/1369 1368/1368/1368 1367/1367/1367
f 1368/1368/1368 1369/1369/1369 1370/1370/1370
f 1373/1373/1373 1372/1372/1372 1371/1371/1371
f 1372/1372/1372 1373/1373/1373 1374/1374/1374
f 1377/1377/1377 1376/1376/1376 1375/1375/1375
f 1376/1376/1376 1377/1377/1377 1378/1378/1378
f 1381/1381/1381 1380/1380/1380 1379/1379/1379
f 1380/1380/1380 1381/1381/1381 1382/1382/1382
f 1385/1385/1385 1384/1384/1384 1383/1383/1383
f 1384/1384/1384 1385/1385/1385 1386/1386/1386
f 1389/1389/1389 1388/1388/1388 1387/1387/1387
f 1388/1388/1388 1389/1389/1389 1390/1390/1390
f 1393/1393/1393 1392/1392/1392 1391/1391/1391
f 1392/1392/1392 1393/1393/1393 1394/1394/1394
f 1397/1397/1397 1396/1396/1396 1395/1395/1395
f 1396/1396/1396 1397/1397/1397 1398/1398/1398
f 1401/1401/1401 1400/1400/1400 1399/1399/1399
f 1400/1400/1400 1401/1401/1401 1402/1402/1402
f 1405/1405/1405 1404/1404/1404 1403/1403/1403
f 1404/1404/1404 1405/1405/1405 1406/1406/1406
f 1409/1409/1409 1408/1408/1408 1407/1407/1407
f 1408/1408/1408 1409/1409/1409 1410/1410/1410
f 1413/1413/1413 1412/1412/1412 1411/1411/1411
f 1412/1412/1412 1413/1413/1413 1414/1414/1414
f 1417/1417/1417 1416/1416/1416 1415/1415/1415
f 1416/1416/1416 1417/1417/1417 1418/1418/1418
f 1421/1421/1421 1420/1420/1420 1419/1419/1419
f 1420/1420/1420 1421/1421/1421 1422/1422/1422
o mesh_12
usemtl mat9
v 51.2 38.4 -51.20000000000001
v 38.400000000000006 38.4 -51.20000000000001
v 38.400000000000006 51.199999999999996 -51.20000000000001
v 64 51.199999999999996 -51.20000000000001
v 64 38.4 -51.20000000000001
v 51.2 38.4 -51.20000000000001
v 51.2 38.4 -51.20000000000001
v 50.400000000000006 51.199999999999996 -51.20000000000001
v 51.2 51.199999999999996 -54.40000000000001
v 38.400000000000006 51.199999999999996 -51.20000000000001
v 50.400000000000006 51.199999999999996 -51.20000000000001
v 51.2 38.4 -51.20000000000001
v 51.2 51.199999999999996 -54.40000000000001
v 64 51.199999999999996 -51.20000000000001
v 51.2 38.4 -51.20000000000001
v 76.80000000000001 38.4 -51.20000000000001
v 64 38.4 -51.20000000000001
v 76.80000000000001 51.199999999999996 -51.20000000000001
v 64 51.199999999999996 -51.20000000000001
v 89.60000000000001 38.4 -51.20000000000001
v 76.80000000000001 38.4 -51.20000000000001
v 89.60000000000001 51.199999999999996 -51.20000000000001
v 76.80000000000001 51.199999999999996 -51.20000000000001
vt 0.6171875 0.4921875
vt 0.5 0.4921875
vt 0.5 0.375
vt 0.7421875 0.375
vt 0.7421875 0.4921875
vt 0.6171875 0.4921875
vt 0.6171875 0.4921875
vt 0.609375 0.375
vt 0.6171875 0.375
vt 0.5 0.375
vt 0.609375 0.375
vt 0.6171875 0.4921875
vt 0.6171875 0.375
vt 0.7421875 0.375
vt 0.6171875 0.4921875
vt 0.8671875 0.4921875
vt 0.7421875 0.4921875
vt 0.8671875 0.375
vt 0.7421875 0.375
vt 0.9921875 0.4921875
vt 0.8671875 0.4921875
vt 0.9921875 0.375
vt 0.8671875 0.375
vn 0 1.2246467991473532e-16 1
vn 0 1.2246467991473532e-16 1
vn 0 1.2246467991473532e-16 1
vn 0 1.2246467991473532e-16 1
vn 0 1.2246467991473532e-16 1
vn 0 1.2246467991473532e-16 1
vn 0.9683640522700838 0.06052275326688027 0.24209101306752095
vn 0.9683640522700838 0.06052275326688027 0.24209101306752095
vn 0.9683640522700838 0.06052275326688027 0.24209101306752095
vn 0 1.2246467991473532e-16 1
vn 0 1.2246467991473532e-16 1
vn 0 1.2246467991473532e-16 1
vn -0.23570226039551584 0.23570226039551598 0.9428090415820634
vn -0.23570226039551584 0.23570226039551598 0.9428090415820634
vn -0.23570226039551584 0.23570226039551598 0.9428090415820634
vn 0 1.2246467991473532e-16 1
vn 0 1.2246467991473532e-16 1
vn 0 1.2246467991473532e-16 1
vn 0 1.2246467991473532e-16 1
vn 0 1.2246467991473532e-16 1
vn 0 1.2246467991473532e-16 1
vn 0 1.2246467991473532e-16 1
vn 0 1.2246467991473532e-16 1
f 1425/1425/1425 1424/1424/1424 1423/1423/1423
f 1428/1428/1428 1427/1427/1427 1426/1426/1426
f 1431/1431/1431 1430/1430/1430 1429/1429/1429
f 1434/1434/1434 1433/1433/1433 1432/1432/1432
f 1437/1437/1437 1436/1436/1436 1435/1435/1435
f 1440/1440/1440 1439/1439/1439 1438/1438/1438
f 1439/1439/1439 1440/1440/1440 1441/1441/1441
f 1444/1444/1444 1443/1443/1443 1442/1442/1442
f 1443/1443/1443 1444/1444/1444 1445/1445/1445
o mesh_13
usemtl mat6
v 40 87.99999999999999 -166.4
v 49.6 87.99999999999999 -166.4
v 40 81.6 -166.4
v 49.6 84.8 -166.4
v 38.400000000000006 76.79999999999998 -179.20000000000002
v 38.400000000000006 80.8 -168
v 38.400000000000006 87.99999999999997 -179.20000000000002
v 38.400000000000006 87.99999999999999 -168
v 51.2 84.8 -168
v 51.2 76.79999999999998 -179.20000000000002
v 51.2 87.99999999999999 -168
v 51.2 87.99999999999997 -179.20000000000002
v 40 81.6 -166.4
v 49.6 84.8 -166.4
v 40 87.99999999999999 -166.4
v 49.6 87.99999999999999 -166.4
v 38.400000000000006 87.99999999999997 -179.20000000000002
v 38.400000000000006 87.99999999999999 -168
v 38.400000000000006 76.79999999999998 -179.20000000000002
v 38.400000000000006 80.8 -168
v 51.2 87.99999999999999 -168
v 51.2 87.99999999999997 -179.20000000000002
v 51.2 84.8 -168
v 51.2 76.79999999999998 -179.20000000000002
vt 0.5 0.5
vt 0.6171875 0.5
vt 0.5 0.6171875
vt 0.6171875 0.5546875
vt 0.6171875 0.6171875
vt 0.5 0.5703125
vt 0.6171875 0.5
vt 0.5 0.5
vt 0.5 0.53125
vt 0.6171875 0.6171875
vt 0.5 0.5
vt 0.6171875 0.5
vt 0.5 0.6171875
vt 0.6171875 0.5546875
vt 0.5 0.5
vt 0.6171875 0.5
vt 0.6171875 0.5
vt 0.5 0.5
vt 0.6171875 0.6171875
vt 0.5 0.5703125
vt 0.5 0.5
vt 0.6171875 0.5
vt 0.5 0.53125
vt 0.6171875 0.6171875
vn 0 1.2246467991473532e-16 1
vn 0 1.2246467991473532e-16 1
vn 0 1.2246467991473532e-16 1
vn 0 1.2246467991473532e-16 1
vn 1 0 0
vn 1 0 0
vn 1 0 0
vn 1 0 0
vn -1 0 0
vn -1 0 0
vn -1 0 0
vn -1 0 0
vn 0 -1.2246467991473532e-16 -1
vn 0 -1.2246467991473532e-16 -1
vn 0 -1.2246467991473532e-16 -1
vn 0 -1.2246467991473532e-16 -1
vn -1 0 0
vn -1 0 0
vn -1 0 0
vn -1 0 0
vn 1 0 0
vn 1 0 0
vn 1 0 0
vn 1 0 0
f 1448/1448/1448 1447/1447/1447 1446/1446/1446
f 1447/1447/1447 1448/1448/1448 1449/1449/1449
f 1452/1452/1452 1451/1451/1451 1450/1450/1450
f 1451/1451/1451 1452/1452/1452 1453/1453/1453
f 1456/1456/1456 1455/1455/1455 1454/1454/1454
f 1455/1455/1455 1456/1456/1456 1457/1457/1457
f 1460/1460/1460 1459/1459/1459 1458/1458/1458
f 1459/1459/1459 1460/1460/1460 1461/1461/1461
f 1464/1464/1464 1463/1463/1463 1462/1462/1462
f 1463/1463/1463 1464/1464/1464 1465/1465/1465
f 1468/1468/1468 1467/1467/1467 1466/1466/1466
f 1467/1467/1467 1468/1468/1468 1469/1469/1469
o mesh_14
usemtl mat3
v 70.4 82.39999999999998 -230.4
v 76.80000000000001 83.19999999999997 -230.4
v 70.4 82.39999999999998 -217.60000000000002
v 76.80000000000001 83.19999999999997 -217.60000000000002
v 70.4 82.39999999999998 -217.60000000000002
v 64 83.19999999999997 -217.60000000000002
v 70.4 82.39999999999998 -230.4
v 64 83.19999999999997 -230.4
v 70.4 82.39999999999998 -192
v 64 83.19999999999997 -192
v 70.4 82.39999999999998 -204.8
v 64 83.19999999999997 -204.8
v 70.4 82.39999999999998 -217.60000000000002
v 76.80000000000001 83.19999999999997 -217.60000000000002
v 70.4 82.39999999999998 -204.8
v 76.80000000000001 83.19999999999997 -204.8
v 70.4 82.39999999999998 -204.8
v 76.80000000000001 83.19999999999997 -204.8
v 70.4 82.39999999999998 -192
v 76.80000000000001 83.19999999999997 -192
v 70.4 82.39999999999998 -204.8
v 64 83.19999999999997 -204.8
v 70.4 82.39999999999998 -217.60000000000002
v 64 83.19999999999997 -217.60000000000002
vt 0.5546875 0.9921875
vt 0.5 0.9921875
vt 0.5546875 0.8671875
vt 0.5 0.8671875
vt 0.5546875 0.8671875
vt 0.6171875 0.8671875
vt 0.5546875 0.9921875
vt 0.6171875 0.9921875
vt 0.5546875 0.6171875
vt 0.6171875 0.6171875
vt 0.5546875 0.7421875
vt 0.6171875 0.7421875
vt 0.5546875 0.8671875
vt 0.5 0.8671875
vt 0.5546875 0.7421875
vt 0.5 0.7421875
vt 0.5546875 0.7421875
vt 0.5 0.7421875
vt 0.5546875 0.6171875
vt 0.5 0.6171875
vt 0.5546875 0.7421875
vt 0.6171875 0.7421875
vt 0.5546875 0.8671875
vt 0.6171875 0.8671875
vn -0.12403473458920845 0.9922778767136676 -1.215189925582125e-16
vn -0.12403473458920845 0.9922778767136676 -1.215189925582125e-16
vn -0.12403473458920845 0.9922778767136676 -1.215189925582125e-16
vn -0.12403473458920845 0.9922778767136676 -1.215189925582125e-16
vn 0.12403473458920845 0.9922778767136676 -1.215189925582125e-16
vn 0.12403473458920845 0.9922778767136676 -1.215189925582125e-16
vn 0.12403473458920845 0.9922778767136676 -1.215189925582125e-16
vn 0.12403473458920845 0.9922778767136676 -1.215189925582125e-16
vn 0.12403473458920845 0.9922778767136676 -1.215189925582125e-16
vn 0.12403473458920845 0.9922778767136676 -1.215189925582125e-16
vn 0.12403473458920845 0.9922778767136676 -1.215189925582125e-16
vn 0.12403473458920845 0.9922778767136676 -1.215189925582125e-16
vn -0.12403473458920845 0.9922778767136676 -1.215189925582125e-16
vn -0.12403473458920845 0.9922778767136676 -1.215189925582125e-16
vn -0.12403473458920845 0.9922778767136676 -1.215189925582125e-16
vn -0.12403473458920845 0.9922778767136676 -1.215189925582125e-16
vn -0.12403473458920845 0.9922778767136676 -1.215189925582125e-16
vn -0.12403473458920845 0.9922778767136676 -1.215189925582125e-16
vn -0.12403473458920845 0.9922778767136676 -1.215189925582125e-16
vn -0.12403473458920845 0.9922778767136676 -1.215189925582125e-16
vn 0.12403473458920845 0.9922778767136676 -1.215189925582125e-16
vn 0.12403473458920845 0.9922778767136676 -1.215189925582125e-16
vn 0.12403473458920845 0.9922778767136676 -1.215189925582125e-16
vn 0.12403473458920845 0.9922778767136676 -1.215189925582125e-16
f 1472/1472/1472 1471/1471/1471 1470/1470/1470
f 1471/1471/1471 1472/1472/1472 1473/1473/1473
f 1476/1476/1476 1475/1475/1475 1474/1474/1474
f 1475/1475/1475 1476/1476/1476 1477/1477/1477
f 1480/1480/1480 1479/1479/1479 1478/1478/1478
f 1479/1479/1479 1480/1480/1480 1481/1481/1481
f 1484/1484/1484 1483/1483/1483 1482/1482/1482
f 1483/1483/1483 1484/1484/1484 1485/1485/1485
f 1488/1488/1488 1487/1487/1487 1486/1486/1486
f 1487/1487/1487 1488/1488/1488 1489/1489/1489
f 1492/1492/1492 1491/1491/1491 1490/1490/1490
f 1491/1491/1491 1492/1492/1492 1493/1493/1493
o mesh_15
usemtl mat7
v 3.2 6.399999999999979 -172.8
v 1.6 -2.0965953201402687e-14 -171.20000000000002
v 2.4000000000000004 -2.145581192106163e-14 -175.20000000000002
v 11.200000000000001 7.999999999999979 -172
v 13.600000000000001 -2.077000971353911e-14 -169.60000000000002
v 1.6 -2.0965953201402687e-14 -171.20000000000002
v 1.6 -2.0965953201402687e-14 -171.20000000000002
v 3.2 6.399999999999979 -172.8
v 11.200000000000001 7.999999999999979 -172
v 11.200000000000001 7.999999999999979 -172
v 3.2 6.399999999999979 -172.8
v 4 6.399999999999979 -175.20000000000002
v 2.4000000000000004 -2.145581192106163e-14 -175.20000000000002
v 14.4 -2.1259868433198054e-14 -173.60000000000002
v 12 7.999999999999979 -176
v 4 6.399999999999979 -175.20000000000002
v 2.4000000000000004 -2.145581192106163e-14 -175.20000000000002
v 12 7.999999999999979 -176
v 2.4000000000000004 -2.145581192106163e-14 -175.20000000000002
v 4 6.399999999999979 -175.20000000000002
v 3.2 6.399999999999979 -172.8
v 114.4 10.399999999999991 -70.4
v 112 9.599999999999993 -76.80000000000001
v 121.60000000000001 7.999999999999991 -74.4
v 121.60000000000001 7.999999999999991 -74.4
v 121.60000000000001 7.999999999999992 -68
v 114.4 10.399999999999991 -70.4
v 107.2 -8.915428697792732e-15 -72.8
v 108.80000000000001 -9.50325916138346e-15 -77.60000000000001
v 112 9.599999999999993 -76.80000000000001
v 114.4 10.399999999999991 -70.4
v 107.2 -8.915428697792732e-15 -72.8
v 112 9.599999999999993 -76.80000000000001
v 4 6.399999999999979 -175.20000000000002
v 12 7.999999999999979 -176
v 11.200000000000001 7.999999999999979 -172
v 11.200000000000001 7.999999999999979 -172
v 12 7.999999999999979 -176
v 13.600000000000001 -2.077000971353911e-14 -169.60000000000002
v 14.4 -2.1259868433198054e-14 -173.60000000000002
v 114.4 10.399999999999991 -70.4
v 121.60000000000001 7.999999999999992 -68
v 107.2 -8.915428697792732e-15 -72.8
v 121.60000000000001 -8.327598234202003e-15 -68
v 121.60000000000001 7.999999999999992 -68
v 121.60000000000001 7.999999999999991 -74.4
v 121.60000000000001 -8.327598234202003e-15 -68
v 121.60000000000001 -9.111372185656309e-15 -74.4
v 108.80000000000001 -9.50325916138346e-15 -77.60000000000001
v 121.60000000000001 -9.111372185656309e-15 -74.4
v 112 9.599999999999993 -76.80000000000001
v 121.60000000000001 7.999999999999991 -74.4
vt 0.015625 0.671875
vt 0 0.734375
vt 0 0.6875
vt 0.0859375 0.671875
vt 0.109375 0.7421875
vt 0 0.734375
vt 0 0.734375
vt 0.015625 0.671875
vt 0.0859375 0.671875
vt 0.0859375 0.671875
vt 0.015625 0.671875
vt 0.015625 0.6484375
vt 0 0.6875
vt 0.1171875 0.6953125
vt 0.09375 0.625
vt 0.015625 0.6484375
vt 0 0.6875
vt 0.09375 0.625
vt 0 0.6875
vt 0.015625 0.6484375
vt 0.015625 0.671875
vt 0.1328125 0.59375
vt 0.1640625 0.640625
vt 0.0625 0.640625
vt 0.0625 0.640625
vt 0.0625 0.59375
vt 0.1328125 0.59375
vt 0.2109375 0.7109375
vt 0.1953125 0.7421875
vt 0.1640625 0.640625
vt 0.1328125 0.59375
vt 0.2109375 0.7109375
vt 0.1640625 0.640625
vt 0.015625 0.6484375
vt 0.09375 0.625
vt 0.0859375 0.671875
vt 0.0859375 0.671875
vt 0.09375 0.625
vt 0.109375 0.7421875
vt 0.1171875 0.6953125
vt 0.1328125 0.59375
vt 0.0625 0.59375
vt 0.2109375 0.7109375
vt 0.0625 0.671875
vt 0.0625 0.59375
vt 0.0625 0.640625
vt 0.0625 0.671875
vt 0.0625 0.71875
vt 0.1953125 0.7421875
vt 0.0625 0.71875
vt 0.1640625 0.640625
vt 0.0625 0.640625
vn -0.9622504497531659 0.19245008697040097 -0.19245008697040103
vn -0.9622504497531659 0.19245008697040097 -0.19245008697040103
vn -0.9622504497531659 0.19245008697040097 -0.19245008697040103
vn -0.12798181547124202 0.2495645505997352 0.9598636309354767
vn -0.12798181547124202 0.2495645505997352 0.9598636309354767
vn -0.12798181547124202 0.2495645505997352 0.9598636309354767
vn -0.14995313967351756 0.27491411175319047 0.9497032626357608
vn -0.14995313967351756 0.27491411175319047 0.9497032626357608
vn -0.14995313967351756 0.27491411175319047 0.9497032626357608
vn -0.18964185778733167 0.9798162900698149 -0.06321395011225055
vn -0.18964185778733167 0.9798162900698149 -0.06321395011225055
vn -0.18964185778733167 0.9798162900698149 -0.06321395011225055
vn 0.12798181547124202 -0.2495645505997352 -0.9598636309354767
vn 0.12798181547124202 -0.2495645505997352 -0.9598636309354767
vn 0.12798181547124202 -0.2495645505997352 -0.9598636309354767
vn -0.1046489531332399 0.026162238283309852 -0.9941650435899084
vn -0.1046489531332399 0.026162238283309852 -0.9941650435899084
vn -0.1046489531332399 0.026162238283309852 -0.9941650435899084
vn -0.9230769202554013 0.2307692300638503 -0.3076923166859079
vn -0.9230769202554013 0.2307692300638503 -0.3076923166859079
vn -0.9230769202554013 0.2307692300638503 -0.3076923166859079
vn 0.2091324146084583 0.9576063595207938 -0.19812544855562608
vn 0.2091324146084583 0.9576063595207938 -0.19812544855562608
vn 0.2091324146084583 0.9576063595207938 -0.19812544855562608
vn 0.3162277570761414 0.9486833010307459 -1.1618019680118477e-16
vn 0.3162277570761414 0.9486833010307459 -1.1618019680118477e-16
vn 0.3162277570761414 0.9486833010307459 -1.1618019680118477e-16
vn -0.8974793767139836 0.3240897732688094 -0.29915980217210225
vn -0.8974793767139836 0.3240897732688094 -0.29915980217210225
vn -0.8974793767139836 0.3240897732688094 -0.29915980217210225
vn -0.8227440602950855 0.5131967593975139 0.2443794127848068
vn -0.8227440602950855 0.5131967593975139 0.2443794127848068
vn -0.8227440602950855 0.5131967593975139 0.2443794127848068
vn -0.1998002933738492 0.9790214688242989 -0.039960059419828005
vn -0.1998002933738492 0.9790214688242989 -0.039960059419828005
vn -0.1998002933738492 0.9790214688242989 -0.039960059419828005
vn 0.9246584085664471 0.332877006818342 0.1849316787330572
vn 0.9246584085664471 0.332877006818342 0.1849316787330572
vn 0.9246584085664471 0.332877006818342 0.1849316787330572
vn 0.9246584085664471 0.332877006818342 0.1849316787330572
vn -0.3162277570761414 1.1618019680118477e-16 0.9486833010307459
vn -0.3162277570761414 1.1618019680118477e-16 0.9486833010307459
vn -0.3162277570761414 1.1618019680118477e-16 0.9486833010307459
vn -0.3162277570761414 1.1618019680118477e-16 0.9486833010307459
vn 1 0 0
vn 1 0 0
vn 1 0 0
vn 1 0 0
vn 0.24253562503633297 -1.1880819075197913e-16 -0.9701425001453319
vn 0.24253562503633297 -1.1880819075197913e-16 -0.9701425001453319
vn 0.24253562503633297 -1.1880819075197913e-16 -0.9701425001453319
vn 0.24253562503633297 -1.1880819075197913e-16 -0.9701425001453319
f 1496/1496/1496 1495/1495/1495 1494/1494/1494
f 1499/1499/1499 1498/1498/1498 1497/1497/1497
f 1502/1502/1502 1501/1501/1501 1500/1500/1500
f 1505/1505/1505 1504/1504/1504 1503/1503/1503
f 1508/1508/1508 1507/1507/1507 1506/1506/1506
f 1511/1511/1511 1510/1510/1510 1509/1509/1509
f 1514/1514/1514 1513/1513/1513 1512/1512/1512
f 1517/1517/1517 1516/1516/1516 1515/1515/1515
f 1520/1520/1520 1519/1519/1519 1518/1518/1518
f 1523/1523/1523 1522/1522/1522 1521/1521/1521
f 1526/1526/1526 1525/1525/1525 1524/1524/1524
f 1529/1529/1529 1528/1528/1528 1527/1527/1527
f 1532/1532/1532 1531/1531/1531 1530/1530/1530
f 1531/1531/1531 1532/1532/1532 1533/1533/1533
f 1536/1536/1536 1535/1535/1535 1534/1534/1534
f 1535/1535/1535 1536/1536/1536 1537/1537/1537
f 1540/1540/1540 1539/1539/1539 1538/1538/1538
f 1539/1539/1539 1540/1540/1540 1541/1541/1541
f 1544/1544/1544 1543/1543/1543 1542/1542/1542
f 1543/1543/1543 1544/1544/1544 1545/1545/1545
o mesh_16
usemtl mat10
v 38.400000000000006 -1.0972835320360286e-14 -89.60000000000001
v 25.6 -1.0972835320360286e-14 -89.60000000000001
v 25.6 -1.410793112617751e-14 -115.2
v 51.2 -2.194567064072057e-14 -179.20000000000002
v 76.80000000000001 -2.037812273781196e-14 -166.4
v 51.2 -2.037812273781196e-14 -166.4
v 25.6 -1.7243026931994733e-14 -140.8
v 25.6 -2.037812273781196e-14 -166.4
v 32 -2.037812273781196e-14 -166.4
v 25.6 -1.0972835320360286e-14 -89.60000000000001
v 38.400000000000006 -1.0972835320360286e-14 -89.60000000000001
v 25.6 -7.83773951454306e-15 -64
v 0 -2.194567064072057e-14 -179.20000000000002
v 0 -2.037812273781196e-14 -166.4
v -25.6 -2.037812273781196e-14 -166.4
v 89.60000000000001 -2.037812273781196e-14 -166.4
v 102.4 -1.9594348786357652e-14 -160
v 102.4 -1.7243026931994733e-14 -140.8
v 32 -2.037812273781196e-14 -166.4
v 51.2 -2.037812273781196e-14 -166.4
v 25.6 -1.7243026931994733e-14 -140.8
v 51.2 -1.7243026931994733e-14 -140.8
v 76.80000000000001 -2.037812273781196e-14 -166.4
v 76.80000000000001 -1.7243026931994733e-14 -140.8
v 51.2 -2.037812273781196e-14 -166.4
v 51.2 -1.7243026931994733e-14 -140.8
v 38.400000000000006 -2.194567064072057e-14 -179.20000000000002
v 51.2 -2.194567064072057e-14 -179.20000000000002
v 32 -2.037812273781196e-14 -166.4
v 51.2 -2.037812273781196e-14 -166.4
v 0 -1.0972835320360286e-14 -89.60000000000001
v -25.6 -1.0972835320360286e-14 -89.60000000000001
v 0 -1.410793112617751e-14 -115.2
v -25.6 -1.410793112617751e-14 -115.2
v 107.2 -8.915428697792732e-15 -72.8
v 121.60000000000001 -8.327598234202003e-15 -68
v 102.4 -7.83773951454306e-15 -64
v 128 -7.83773951454306e-15 -64
v 121.60000000000001 -9.111372185656309e-15 -74.4
v 108.80000000000001 -9.50325916138346e-15 -77.60000000000001
v 128 -1.0972835320360286e-14 -89.60000000000001
v 102.4 -1.0972835320360286e-14 -89.60000000000001
v 102.4 -1.7243026931994733e-14 -140.8
v 76.80000000000001 -1.7243026931994733e-14 -140.8
v 89.60000000000001 -2.037812273781196e-14 -166.4
v 76.80000000000001 -2.037812273781196e-14 -166.4
v 0 -1.0972835320360286e-14 -89.60000000000001
v 0 -1.410793112617751e-14 -115.2
v 25.6 -1.0972835320360286e-14 -89.60000000000001
v 25.6 -1.410793112617751e-14 -115.2
v 128 -1.0972835320360286e-14 -89.60000000000001
v 128 -7.83773951454306e-15 -64
v 121.60000000000001 -9.111372185656309e-15 -74.4
v 121.60000000000001 -8.327598234202003e-15 -68
v 102.4 -7.83773951454306e-15 -64
v 76.80000000000001 -9.993117881042403e-15 -81.60000000000001
v 102.4 -1.0972835320360286e-14 -89.60000000000001
v 76.80000000000001 -1.0972835320360286e-14 -89.60000000000001
v 128 -1.0972835320360286e-14 -89.60000000000001
v 153.60000000000002 -1.0972835320360286e-14 -89.60000000000001
v 128 -7.83773951454306e-15 -64
v 153.60000000000002 -7.83773951454306e-15 -64
v 0 -1.0972835320360286e-14 -89.60000000000001
v 0 -7.83773951454306e-15 -64
v -25.6 -1.0972835320360286e-14 -89.60000000000001
v -25.6 -9.405287417451674e-15 -76.80000000000001
v 25.6 -1.0972835320360286e-14 -89.60000000000001
v 25.6 -7.83773951454306e-15 -64
v 0 -1.0972835320360286e-14 -89.60000000000001
v 0 -7.83773951454306e-15 -64
v 51.2 -1.410793112617751e-14 -115.2
v 76.80000000000001 -1.410793112617751e-14 -115.2
v 51.2 -1.0972835320360286e-14 -89.60000000000001
v 76.80000000000001 -1.0972835320360286e-14 -89.60000000000001
v 51.2 -1.0972835320360286e-14 -89.60000000000001
v 76.80000000000001 -1.0972835320360286e-14 -89.60000000000001
v 64 -9.993117881042403e-15 -81.60000000000001
v 76.80000000000001 -9.993117881042403e-15 -81.60000000000001
v 102.4 -1.410793112617751e-14 -115.2
v 128 -1.410793112617751e-14 -115.2
v 102.4 -1.0972835320360286e-14 -89.60000000000001
v 128 -1.0972835320360286e-14 -89.60000000000001
v 25.6 -1.410793112617751e-14 -115.2
v 51.2 -1.410793112617751e-14 -115.2
v 38.400000000000006 -1.0972835320360286e-14 -89.60000000000001
v 51.2 -1.0972835320360286e-14 -89.60000000000001
v 128 -1.410793112617751e-14 -115.2
v 153.60000000000002 -1.410793112617751e-14 -115.2
v 128 -1.0972835320360286e-14 -89.60000000000001
v 153.60000000000002 -1.0972835320360286e-14 -89.60000000000001
v 76.80000000000001 -1.410793112617751e-14 -115.2
v 102.4 -1.410793112617751e-14 -115.2
v 76.80000000000001 -1.0972835320360286e-14 -89.60000000000001
v 102.4 -1.0972835320360286e-14 -89.60000000000001
v 128 -1.7243026931994733e-14 -140.8
v 102.4 -1.7243026931994733e-14 -140.8
v 128 -1.8810574834903348e-14 -153.60000000000002
v 102.4 -1.9594348786357652e-14 -160
v -25.6 -1.7243026931994733e-14 -140.8
v -25.6 -2.037812273781196e-14 -166.4
v 0 -1.7243026931994733e-14 -140.8
v 0 -2.037812273781196e-14 -166.4
v 108.80000000000001 -9.50325916138346e-15 -77.60000000000001
v 107.2 -8.915428697792732e-15 -72.8
v 102.4 -1.0972835320360286e-14 -89.60000000000001
v 102.4 -7.83773951454306e-15 -64
v 128 -1.7243026931994733e-14 -140.8
v 153.60000000000002 -1.7243026931994733e-14 -140.8
v 128 -1.410793112617751e-14 -115.2
v 153.60000000000002 -1.410793112617751e-14 -115.2
v 128 -1.8810574834903348e-14 -153.60000000000002
v 153.60000000000002 -1.8810574834903348e-14 -153.60000000000002
v 128 -1.7243026931994733e-14 -140.8
v 153.60000000000002 -1.7243026931994733e-14 -140.8
v 0 -1.7243026931994733e-14 -140.8
v 0 -1.410793112617751e-14 -115.2
v -25.6 -1.7243026931994733e-14 -140.8
v -25.6 -1.410793112617751e-14 -115.2
v 51.2 -1.7243026931994733e-14 -140.8
v 76.80000000000001 -1.7243026931994733e-14 -140.8
v 51.2 -1.410793112617751e-14 -115.2
v 76.80000000000001 -1.410793112617751e-14 -115.2
v 25.6 -2.037812273781196e-14 -166.4
v 25.6 -1.7243026931994733e-14 -140.8
v 0 -2.037812273781196e-14 -166.4
v 0 -1.7243026931994733e-14 -140.8
v 0 -1.7243026931994733e-14 -140.8
v 25.6 -1.7243026931994733e-14 -140.8
v 0 -1.410793112617751e-14 -115.2
v 25.6 -1.410793112617751e-14 -115.2
v 128 -1.410793112617751e-14 -115.2
v 102.4 -1.410793112617751e-14 -115.2
v 128 -1.7243026931994733e-14 -140.8
v 102.4 -1.7243026931994733e-14 -140.8
v 25.6 -1.7243026931994733e-14 -140.8
v 51.2 -1.7243026931994733e-14 -140.8
v 25.6 -1.410793112617751e-14 -115.2
v 51.2 -1.410793112617751e-14 -115.2
v 102.4 -1.410793112617751e-14 -115.2
v 76.80000000000001 -1.410793112617751e-14 -115.2
v 102.4 -1.7243026931994733e-14 -140.8
v 76.80000000000001 -1.7243026931994733e-14 -140.8
v 0 -2.037812273781196e-14 -166.4
v 1.6 -2.0965953201402687e-14 -171.20000000000002
v 25.6 -2.037812273781196e-14 -166.4
v 13.600000000000001 -2.077000971353911e-14 -169.60000000000002
v 0 -2.037812273781196e-14 -166.4
v 0 -2.194567064072057e-14 -179.20000000000002
v 1.6 -2.0965953201402687e-14 -171.20000000000002
v 2.4000000000000004 -2.145581192106163e-14 -175.20000000000002
v 16 -2.194567064072057e-14 -179.20000000000002
v 25.6 -2.037812273781196e-14 -166.4
v 14.4 -2.1259868433198054e-14 -173.60000000000002
v 13.600000000000001 -2.077000971353911e-14 -169.60000000000002
v 0 -2.194567064072057e-14 -179.20000000000002
v 16 -2.194567064072057e-14 -179.20000000000002
v 2.4000000000000004 -2.145581192106163e-14 -175.20000000000002
v 14.4 -2.1259868433198054e-14 -173.60000000000002
vt 0.5 0.875
vt 0.5 0.75
vt 0.7421875 0.75
vt 0.6171875 0.75
vt 0.5 0.9921875
vt 0.5 0.75
vt 0.5 0.75
vt 0.7421875 0.75
vt 0.7421875 0.8125
vt 0.7421875 0.75
vt 0.7421875 0.8671875
vt 0.5 0.75
vt 0.6171875 0.9921875
vt 0.5 0.9921875
vt 0.5 0.75
vt 0.7421875 0.875
vt 0.6875 0.9921875
vt 0.5 0.9921875
vt 0.7421875 0.8125
vt 0.7421875 0.9921875
vt 0.5 0.75
vt 0.5 0.9921875
vt 0.7421875 0.9921875
vt 0.5 0.9921875
vt 0.7421875 0.75
vt 0.5 0.75
vt 0.6171875 0.828125
vt 0.6171875 0.9921875
vt 0.5 0.75
vt 0.5 0.9921875
vt 0.5 0.9921875
vt 0.5 0.75
vt 0.7421875 0.9921875
vt 0.7421875 0.75
vt 0.5859375 0.796875
vt 0.5390625 0.9375
vt 0.5 0.75
vt 0.5 0.9921875
vt 0.6015625 0.9375
vt 0.6328125 0.8125
vt 0.7421875 0.9921875
vt 0.7421875 0.75
vt 0.5 0.9921875
vt 0.5 0.75
vt 0.7421875 0.875
vt 0.7421875 0.75
vt 0.5 0.75
vt 0.7421875 0.75
vt 0.5 0.9921875
vt 0.7421875 0.9921875
vt 0.7421875 0.9921875
vt 0.5 0.9921875
vt 0.6015625 0.9375
vt 0.5390625 0.9375
vt 0.5 0.9921875
vt 0.671875 0.75
vt 0.7421875 0.9921875
vt 0.7421875 0.75
vt 0.7421875 0.75
vt 0.7421875 0.9921875
vt 0.5 0.75
vt 0.5 0.9921875
vt 0.7421875 0.9921875
vt 0.5 0.9921875
vt 0.7421875 0.75
vt 0.625 0.75
vt 0.7421875 0.9921875
vt 0.5 0.9921875
vt 0.7421875 0.75
vt 0.5 0.75
vt 0.7421875 0.75
vt 0.7421875 0.9921875
vt 0.5 0.75
vt 0.5 0.9921875
vt 0.7421875 0.75
vt 0.7421875 0.9921875
vt 0.625 0.875
vt 0.625 0.9921875
vt 0.7421875 0.75
vt 0.7421875 0.9921875
vt 0.5 0.75
vt 0.5 0.9921875
vt 0.7421875 0.75
vt 0.7421875 0.9921875
vt 0.5 0.875
vt 0.5 0.9921875
vt 0.7421875 0.75
vt 0.7421875 0.9921875
vt 0.5 0.75
vt 0.5 0.9921875
vt 0.7421875 0.75
vt 0.7421875 0.9921875
vt 0.5 0.75
vt 0.5 0.9921875
vt 0.5 0.9921875
vt 0.5 0.75
vt 0.6640625 0.9921875
vt 0.7421875 0.75
vt 0.5 0.75
vt 0.7421875 0.75
vt 0.5 0.9921875
vt 0.7421875 0.9921875
vt 0.6328125 0.8125
vt 0.5859375 0.796875
vt 0.7421875 0.75
vt 0.5 0.75
vt 0.7421875 0.75
vt 0.7421875 0.9921875
vt 0.5 0.75
vt 0.5 0.9921875
vt 0.6171875 0.75
vt 0.6171875 0.9921875
vt 0.5 0.75
vt 0.5 0.9921875
vt 0.7421875 0.9921875
vt 0.5 0.9921875
vt 0.7421875 0.75
vt 0.5 0.75
vt 0.7421875 0.75
vt 0.7421875 0.9921875
vt 0.5 0.75
vt 0.5 0.9921875
vt 0.7421875 0.9921875
vt 0.5 0.9921875
vt 0.7421875 0.75
vt 0.5 0.75
vt 0.7421875 0.75
vt 0.7421875 0.9921875
vt 0.5 0.75
vt 0.5 0.9921875
vt 0.5 0.9921875
vt 0.5 0.75
vt 0.7421875 0.9921875
vt 0.7421875 0.75
vt 0.7421875 0.75
vt 0.7421875 0.9921875
vt 0.5 0.75
vt 0.5 0.9921875
vt 0.5 0.9921875
vt 0.5 0.75
vt 0.7421875 0.9921875
vt 0.7421875 0.75
vt 0.5 0.75
vt 0.546875 0.7578125
vt 0.5 0.9921875
vt 0.53125 0.8828125
vt 0.5 0.75
vt 0.6171875 0.75
vt 0.546875 0.7578125
vt 0.5859375 0.7734375
vt 0.6171875 0.90625
vt 0.5 0.9921875
vt 0.5703125 0.890625
vt 0.53125 0.8828125
vt 0.6171875 0.75
vt 0.6171875 0.90625
vt 0.5859375 0.7734375
vt 0.5703125 0.890625
vn 0 1 -1.2246467991473532e-16
vn 0 1 -1.2246467991473532e-16
vn 0 1 -1.2246467991473532e-16
vn 0 1 -1.2246467991473532e-16
vn 0 1 -1.2246467991473532e-16
vn 0 1 -1.2246467991473532e-16
vn 0 1 -1.2246467991473532e-16
vn 0 1 -1.2246467991473532e-16
vn 0 1 -1.2246467991473532e-16
vn 0 1 -1.2246467991473532e-16
vn 0 1 -1.2246467991473532e-16
vn 0 1 -1.2246467991473532e-16
vn 0 1 -1.2246467991473532e-16
vn 0 1 -1.2246467991473532e-16
vn 0 1 -1.2246467991473532e-16
vn 0 1 -1.2246467991473532e-16
vn 0 1 -1.2246467991473532e-16
vn 0 1 -1.2246467991473532e-16
vn 0 1 -1.2246467991473532e-16
vn 0 1 -1.2246467991473532e-16
vn 0 1 -1.2246467991473532e-16
vn 0 1 -1.2246467991473532e-16
vn 0 1 -1.2246467991473532e-16
vn 0 1 -1.2246467991473532e-16
vn 0 1 -1.2246467991473532e-16
vn 0 1 -1.2246467991473532e-16
vn 0 1 -1.2246467991473532e-16
vn 0 1 -1.2246467991473532e-16
vn 0 1 -1.2246467991473532e-16
vn 0 1 -1.2246467991473532e-16
vn 0 1 -1.2246467991473532e-16
vn 0 1 -1.2246467991473532e-16
vn 0 1 -1.2246467991473532e-16
vn 0 1 -1.2246467991473532e-16
vn 0 1 -1.2246467991473532e-16
vn 0 1 -1.2246467991473532e-16
vn 0 1 -1.2246467991473532e-16
vn 0 1 -1.2246467991473532e-16
vn 0 1 -1.2246467991473532e-16
vn 0 1 -1.2246467991473532e-16
vn 0 1 -1.2246467991473532e-16
vn 0 1 -1.2246467991473532e-16
vn 0 1 -1.2246467991473532e-16
vn 0 1 -1.2246467991473532e-16
vn 0 1 -1.2246467991473532e-16
vn 0 1 -1.2246467991473532e-16
vn 0 1 -1.2246467991473532e-16
vn 0 1 -1.2246467991473532e-16
vn 0 1 -1.2246467991473532e-16
vn 0 1 -1.2246467991473532e-16
vn 0 1 -1.2246467991473532e-16
vn 0 1 -1.2246467991473532e-16
vn 0 1 -1.2246467991473532e-16
vn 0 1 -1.2246467991473532e-16
vn 0 1 -1.2246467991473532e-16
vn 0 1 -1.2246467991473532e-16
vn 0 1 -1.2246467991473532e-16
vn 0 1 -1.2246467991473532e-16
vn 0 1 -1.2246467991473532e-16
vn 0 1 -1.2246467991473532e-16
vn 0 1 -1.2246467991473532e-16
vn 0 1 -1.2246467991473532e-16
vn 0 1 -1.2246467991473532e-16
vn 0 1 -1.2246467991473532e-16
vn 0 1 -1.2246467991473532e-16
vn 0 1 -1.2246467991473532e-16
vn 0 1 -1.2246467991473532e-16
vn 0 1 -1.2246467991473532e-16
vn 0 1 -1.2246467991473532e-16
vn 0 1 -1.2246467991473532e-16
vn 0 1 -1.2246467991473532e-16
vn 0 1 -1.2246467991473532e-16
vn 0 1 -1.2246467991473532e-16
vn 0 1 -1.2246467991473532e-16
vn 0 1 -1.2246467991473532e-16
vn 0 1 -1.2246467991473532e-16
vn 0 1 -1.2246467991473532e-16
vn 0 1 -1.2246467991473532e-16
vn 0 1 -1.2246467991473532e-16
vn 0 1 -1.2246467991473532e-16
vn 0 1 -1.2246467991473532e-16
vn 0 1 -1.2246467991473532e-16
vn 0 1 -1.2246467991473532e-16
vn 0 1 -1.2246467991473532e-16
vn 0 1 -1.2246467991473532e-16
vn 0 1 -1.2246467991473532e-16
vn 0 1 -1.2246467991473532e-16
vn 0 1 -1.2246467991473532e-16
vn 0 1 -1.2246467991473532e-16
vn 0 1 -1.2246467991473532e-16
vn 0 1 -1.2246467991473532e-16
vn 0 1 -1.2246467991473532e-16
vn 0 1 -1.2246467991473532e-16
vn 0 1 -1.2246467991473532e-16
vn 0 1 -1.2246467991473532e-16
vn 0 1 -1.2246467991473532e-16
vn 0 1 -1.2246467991473532e-16
vn 0 1 -1.2246467991473532e-16
vn 0 1 -1.2246467991473532e-16
vn 0 1 -1.2246467991473532e-16
vn 0 1 -1.2246467991473532e-16
vn 0 1 -1.2246467991473532e-16
vn 0 1 -1.2246467991473532e-16
vn 0 1 -1.2246467991473532e-16
vn 0 1 -1.2246467991473532e-16
vn 0 1 -1.2246467991473532e-16
vn 0 1 -1.2246467991473532e-16
vn 0 1 -1.2246467991473532e-16
vn 0 1 -1.2246467991473532e-16
vn 0 1 -1.2246467991473532e-16
vn 0 1 -1.2246467991473532e-16
vn 0 1 -1.2246467991473532e-16
vn 0 1 -1.2246467991473532e-16
vn 0 1 -1.2246467991473532e-16
vn 0 1 -1.2246467991473532e-16
vn 0 1 -1.2246467991473532e-16
vn 0 1 -1.2246467991473532e-16
vn 0 1 -1.2246467991473532e-16
vn 0 1 -1.2246467991473532e-16
vn 0 1 -1.2246467991473532e-16
vn 0 1 -1.2246467991473532e-16
vn 0 1 -1.2246467991473532e-16
vn 0 1 -1.2246467991473532e-16
vn 0 1 -1.2246467991473532e-16
vn 0 1 -1.2246467991473532e-16
vn 0 1 -1.2246467991473532e-16
vn 0 1 -1.2246467991473532e-16
vn 0 1 -1.2246467991473532e-16
vn 0 1 -1.2246467991473532e-16
vn 0 1 -1.2246467991473532e-16
vn 0 1 -1.2246467991473532e-16
vn 0 1 -1.2246467991473532e-16
vn 0 1 -1.2246467991473532e-16
vn 0 1 -1.2246467991473532e-16
vn 0 1 -1.2246467991473532e-16
vn 0 1 -1.2246467991473532e-16
vn 0 1 -1.2246467991473532e-16
vn 0 1 -1.2246467991473532e-16
vn 0 1 -1.2246467991473532e-16
vn 0 1 -1.2246467991473532e-16
vn 0 1 -1.2246467991473532e-16
vn 0 1 -1.2246467991473532e-16
vn 0 1 -1.2246467991473532e-16
vn 0 1 -1.2246467991473532e-16
vn 0 1 -1.2246467991473532e-16
vn 0 1 -1.2246467991473532e-16
vn 0 1 -1.2246467991473532e-16
vn 0 1 -1.2246467991473532e-16
vn 0 1 -1.2246467991473532e-16
vn 0 1 -1.2246467991473532e-16
vn 0 1 -1.2246467991473532e-16
vn 0 1 -1.2246467991473532e-16
vn 0 1 -1.2246467991473532e-16
vn 0 1 -1.2246467991473532e-16
vn 0 1 -1.2246467991473532e-16
vn 0 1 -1.2246467991473532e-16
vn 0 1 -1.2246467991473532e-16
vn 0 1 -1.2246467991473532e-16
f 1548/1548/1548 1547/1547/1547 1546/1546/1546
f 1551/1551/1551 1550/1550/1550 1549/1549/1549
f 1554/1554/1554 1553/1553/1553 1552/1552/1552
f 1557/1557/1557 1556/1556/1556 1555/1555/1555
f 1560/1560/1560 1559/1559/1559 1558/1558/1558
f 1563/1563/1563 1562/1562/1562 1561/1561/1561
f 1566/1566/1566 1565/1565/1565 1564/1564/1564
f 1565/1565/1565 1566/1566/1566 1567/1567/1567
f 1570/1570/1570 1569/1569/1569 1568/1568/1568
f 1569/1569/1569 1570/1570/1570 1571/1571/1571
f 1574/1574/1574 1573/1573/1573 1572/1572/1572
f 1573/1573/1573 1574/1574/1574 1575/1575/1575
f 1578/1578/1578 1577/1577/1577 1576/1576/1576
f 1577/1577/1577 1578/1578/1578 1579/1579/1579
f 1582/1582/1582 1581/1581/1581 1580/1580/1580
f 1581/1581/1581 1582/1582/1582 1583/1583/1583
f 1586/1586/1586 1585/1585/1585 1584/1584/1584
f 1585/1585/1585 1586/1586/1586 1587/1587/1587
f 1590/1590/1590 1589/1589/1589 1588/1588/1588
f 1589/1589/1589 1590/1590/1590 1591/1591/1591
f 1594/1594/1594 1593/1593/1593 1592/1592/1592
f 1593/1593/1593 1594/1594/1594 1595/1595/1595
f 1598/1598/1598 1597/1597/1597 1596/1596/1596
f 1597/1597/1597 1598/1598/1598 1599/1599/1599
f 1602/1602/1602 1601/1601/1601 1600/1600/1600
f 1601/1601/1601 1602/1602/1602 1603/1603/1603
f 1606/1606/1606 1605/1605/1605 1604/1604/1604
f 1605/1605/1605 1606/1606/1606 1607/1607/1607
f 1610/1610/1610 1609/1609/1609 1608/1608/1608
f 1609/1609/1609 1610/1610/1610 1611/1611/1611
f 1614/1614/1614 1613/1613/1613 1612/1612/1612
f 1613/1613/1613 1614/1614/1614 1615/1615/1615
f 1618/1618/1618 1617/1617/1617 1616/1616/1616
f 1617/1617/1617 1618/1618/1618 1619/1619/1619
f 1622/1622/1622 1621/1621/1621 1620/1620/1620
f 1621/1621/1621 1622/1622/1622 1623/1623/1623
f 1626/1626/1626 1625/1625/1625 1624/1624/1624
f 1625/1625/1625 1626/1626/1626 1627/1627/1627
f 1630/1630/1630 1629/1629/1629 1628/1628/1628
f 1629/1629/1629 1630/1630/1630 1631/1631/1631
f 1634/1634/1634 1633/1633/1633 1632/1632/1632
f 1633/1633/1633 1634/1634/1634 1635/1635/1635
f 1638/1638/1638 1637/1637/1637 1636/1636/1636
f 1637/1637/1637 1638/1638/1638 1639/1639/1639
f 1642/1642/1642 1641/1641/1641 1640/1640/1640
f 1641/1641/1641 1642/1642/1642 1643/1643/1643
f 1646/1646/1646 1645/1645/1645 1644/1644/1644
f 1645/1645/1645 1646/1646/1646 1647/1647/1647
f 1650/1650/1650 1649/1649/1649 1648/1648/1648
f 1649/1649/1649 1650/1650/1650 1651/1651/1651
f 1654/1654/1654 1653/1653/1653 1652/1652/1652
f 1653/1653/1653 1654/1654/1654 1655/1655/1655
f 1658/1658/1658 1657/1657/1657 1656/1656/1656
f 1657/1657/1657 1658/1658/1658 1659/1659/1659
f 1662/1662/1662 1661/1661/1661 1660/1660/1660
f 1661/1661/1661 1662/1662/1662 1663/1663/1663
f 1666/1666/1666 1665/1665/1665 1664/1664/1664
f 1665/1665/1665 1666/1666/1666 1667/1667/1667
f 1670/1670/1670 1669/1669/1669 1668/1668/1668
f 1669/1669/1669 1670/1670/1670 1671/1671/1671
f 1674/1674/1674 1673/1673/1673 1672/1672/1672
f 1673/1673/1673 1674/1674/1674 1675/1675/1675
f 1678/1678/1678 1677/1677/1677 1676/1676/1676
f 1677/1677/1677 1678/1678/1678 1679/1679/1679
f 1682/1682/1682 1681/1681/1681 1680/1680/1680
f 1681/1681/1681 1682/1682/1682 1683/1683/1683
f 1686/1686/1686 1685/1685/1685 1684/1684/1684
f 1685/1685/1685 1686/1686/1686 1687/1687/1687
f 1690/1690/1690 1689/1689/1689 1688/1688/1688
f 1689/1689/1689 1690/1690/1690 1691/1691/1691
f 1694/1694/1694 1693/1693/1693 1692/1692/1692
f 1693/1693/1693 1694/1694/1694 1695/1695/1695
f 1698/1698/1698 1697/1697/1697 1696/1696/1696
f 1697/1697/1697 1698/1698/1698 1699/1699/1699
f 1702/1702/1702 1701/1701/1701 1700/1700/1700
f 1701/1701/1701 1702/1702/1702 1703/1703/1703
o mesh_17
usemtl mat1
v 76.80000000000001 115.19999999999997 -230.4
v 76.80000000000001 102.39999999999998 -230.4
v 76.80000000000001 102.39999999999998 -235.20000000000002
v 70.4 82.39999999999998 -243.20000000000002
v 64 89.59999999999998 -243.20000000000002
v 76.80000000000001 89.59999999999998 -243.20000000000002
v 76.80000000000001 89.59999999999998 -243.20000000000002
v 76.80000000000001 83.19999999999997 -243.20000000000002
v 70.4 82.39999999999998 -243.20000000000002
v 76.80000000000001 89.59999999999998 -243.20000000000002
v 76.80000000000001 102.39999999999998 -243.20000000000002
v 76.80000000000001 102.39999999999998 -235.20000000000002
v 64 102.39999999999998 -235.20000000000002
v 64 102.39999999999998 -243.20000000000002
v 64 89.59999999999998 -243.20000000000002
v 64 102.39999999999998 -235.20000000000002
v 64 102.39999999999998 -230.4
v 64 115.19999999999997 -230.4
v 70.4 82.39999999999998 -243.20000000000002
v 64 83.19999999999997 -243.20000000000002
v 64 89.59999999999998 -243.20000000000002
v 89.60000000000001 102.39999999999998 -230.4
v 89.60000000000001 89.59999999999998 -230.4
v 76.80000000000001 102.39999999999998 -230.4
v 76.80000000000001 89.59999999999998 -230.4
v 64 102.39999999999998 -230.4
v 64 89.59999999999998 -230.4
v 51.2 102.39999999999998 -230.4
v 51.2 89.59999999999998 -230.4
v 76.80000000000001 102.39999999999998 -230.4
v 76.80000000000001 115.19999999999997 -230.4
v 89.60000000000001 102.39999999999998 -230.4
v 89.60000000000001 115.19999999999997 -230.4
v 51.2 102.39999999999998 -230.4
v 51.2 115.19999999999997 -230.4
v 64 102.39999999999998 -230.4
v 64 115.19999999999997 -230.4
v 64 89.59999999999998 -243.20000000000002
v 64 89.59999999999998 -230.4
v 64 102.39999999999998 -235.20000000000002
v 64 102.39999999999998 -230.4
v 76.80000000000001 89.59999999999998 -243.20000000000002
v 76.80000000000001 102.39999999999998 -235.20000000000002
v 76.80000000000001 89.59999999999998 -230.4
v 76.80000000000001 102.39999999999998 -230.4
v 76.80000000000001 83.19999999999997 -243.20000000000002
v 76.80000000000001 89.59999999999998 -243.20000000000002
v 76.80000000000001 83.19999999999997 -230.4
v 76.80000000000001 89.59999999999998 -230.4
v 64 89.59999999999998 -243.20000000000002
v 64 83.19999999999997 -243.20000000000002
v 64 89.59999999999998 -230.4
v 64 83.19999999999997 -230.4
v 76.80000000000001 102.39999999999998 -243.20000000000002
v 64 102.39999999999998 -243.20000000000002
v 76.80000000000001 102.39999999999998 -235.20000000000002
v 64 102.39999999999998 -235.20000000000002
v 76.80000000000001 102.39999999999998 -243.20000000000002
v 76.80000000000001 89.59999999999998 -243.20000000000002
v 64 102.39999999999998 -243.20000000000002
v 64 89.59999999999998 -243.20000000000002
v 38.400000000000006 89.59999999999998 -230.4
v 25.6 89.59999999999998 -230.4
v 38.400000000000006 102.39999999999998 -230.4
v 25.6 102.39999999999998 -230.4
v 38.400000000000006 115.19999999999997 -230.4
v 51.2 115.19999999999997 -230.4
v 38.400000000000006 102.39999999999998 -230.4
v 51.2 102.39999999999998 -230.4
v 38.400000000000006 102.39999999999998 -230.4
v 25.6 102.39999999999998 -230.4
v 38.400000000000006 115.19999999999997 -230.4
v 25.6 115.19999999999997 -230.4
v 76.80000000000001 102.39999999999998 -235.20000000000002
v 64 102.39999999999998 -235.20000000000002
v 76.80000000000001 115.19999999999997 -230.4
v 64 115.19999999999997 -230.4
v 38.400000000000006 102.39999999999998 -230.4
v 51.2 102.39999999999998 -230.4
v 38.400000000000006 89.59999999999998 -230.4
v 51.2 89.59999999999998 -230.4
vt 0.1171875 0.1875
vt 0.1171875 0.3046875
vt 0.0703125 0.3046875
vt 0.1796875 0.4921875
vt 0.125 0.4375
vt 0.2421875 0.4375
vt 0.2421875 0.4375
vt 0.2421875 0.484375
vt 0.1796875 0.4921875
vt 0 0.4296875
vt 0 0.3046875
vt 0.0703125 0.3046875
vt 0.4140625 0.3046875
vt 0.4921875 0.3046875
vt 0.4921875 0.4296875
vt 0.4140625 0.3046875
vt 0.3671875 0.3046875
vt 0.3671875 0.1875
vt 0.1796875 0.4921875
vt 0.125 0.484375
vt 0.125 0.4375
vt 0.1171875 0.3671875
vt 0.1171875 0.4921875
vt 0 0.3671875
vt 0 0.4921875
vt 0.3671875 0.3671875
vt 0.3671875 0.4921875
vt 0.2421875 0.3671875
vt 0.2421875 0.4921875
vt 0 0.3671875
vt 0 0.2421875
vt 0.1171875 0.3671875
vt 0.1171875 0.2421875
vt 0.2421875 0.3671875
vt 0.2421875 0.2421875
vt 0.3671875 0.3671875
vt 0.3671875 0.2421875
vt 0.4921875 0.4296875
vt 0.3671875 0.4296875
vt 0.4140625 0.3046875
vt 0.3671875 0.3046875
vt 0 0.4296875
vt 0.0703125 0.3046875
vt 0.1171875 0.4296875
vt 0.1171875 0.3046875
vt 0 0.4921875
vt 0 0.4296875
vt 0.1171875 0.4921875
vt 0.1171875 0.4296875
vt 0.4921875 0.4296875
vt 0.4921875 0.4921875
vt 0.3671875 0.4296875
vt 0.3671875 0.4921875
vt 0 0.125
vt 0.1171875 0.125
vt 0 0.1796875
vt 0.1171875 0.1796875
vt 0.4921875 0.3671875
vt 0.4921875 0.4921875
vt 0.3671875 0.3671875
vt 0.3671875 0.4921875
vt 0.1171875 0.4921875
vt 0 0.4921875
vt 0.1171875 0.3671875
vt 0 0.3671875
vt 0.1171875 0.2421875
vt 0.2421875 0.2421875
vt 0.1171875 0.3671875
vt 0.2421875 0.3671875
vt 0.1171875 0.3671875
vt 0 0.3671875
vt 0.1171875 0.2421875
vt 0 0.2421875
vt 0.4921875 0.3671875
vt 0.3671875 0.3671875
vt 0.4921875 0.2421875
vt 0.3671875 0.2421875
vt 0.1171875 0.3671875
vt 0.2421875 0.3671875
vt 0.1171875 0.4921875
vt 0.2421875 0.4921875
vn -1 0 0
vn -1 0 0
vn -1 0 0
vn 0 1.2246467991473532e-16 1
vn 0 1.2246467991473532e-16 1
vn 0 1.2246467991473532e-16 1
vn 0 1.2246467991473532e-16 1
vn 0 1.2246467991473532e-16 1
vn 0 1.2246467991473532e-16 1
vn -1 0 0
vn -1 0 0
vn -1 0 0
vn 1 0 0
vn 1 0 0
vn 1 0 0
vn 1 0 0
vn 1 0 0
vn 1 0 0
vn 0 1.2246467991473532e-16 1
vn 0 1.2246467991473532e-16 1
vn 0 1.2246467991473532e-16 1
vn 0 1.2246467991473532e-16 1
vn 0 1.2246467991473532e-16 1
vn 0 1.2246467991473532e-16 1
vn 0 1.2246467991473532e-16 1
vn 0 1.2246467991473532e-16 1
vn 0 1.2246467991473532e-16 1
vn 0 1.2246467991473532e-16 1
vn 0 1.2246467991473532e-16 1
vn 0 1.2246467991473532e-16 1
vn 0 1.2246467991473532e-16 1
vn 0 1.2246467991473532e-16 1
vn 0 1.2246467991473532e-16 1
vn 0 1.2246467991473532e-16 1
vn 0 1.2246467991473532e-16 1
vn 0 1.2246467991473532e-16 1
vn 0 1.2246467991473532e-16 1
vn 1 0 0
vn 1 0 0
vn 1 0 0
vn 1 0 0
vn -1 0 0
vn -1 0 0
vn -1 0 0
vn -1 0 0
vn -1 0 0
vn -1 0 0
vn -1 0 0
vn -1 0 0
vn 1 0 0
vn 1 0 0
vn 1 0 0
vn 1 0 0
vn 0 -1 1.2246467991473532e-16
vn 0 -1 1.2246467991473532e-16
vn 0 -1 1.2246467991473532e-16
vn 0 -1 1.2246467991473532e-16
vn 0 1.2246467991473532e-16 1
vn 0 1.2246467991473532e-16 1
vn 0 1.2246467991473532e-16 1
vn 0 1.2246467991473532e-16 1
vn 0 1.2246467991473532e-16 1
vn 0 1.2246467991473532e-16 1
vn 0 1.2246467991473532e-16 1
vn 0 1.2246467991473532e-16 1
vn 0 1.2246467991473532e-16 1
vn 0 1.2246467991473532e-16 1
vn 0 1.2246467991473532e-16 1
vn 0 1.2246467991473532e-16 1
vn 0 1.2246467991473532e-16 1
vn 0 1.2246467991473532e-16 1
vn 0 1.2246467991473532e-16 1
vn 0 1.2246467991473532e-16 1
vn 0 -0.3511234481204074 0.9363291751195387
vn 0 -0.3511234481204074 0.9363291751195387
vn 0 -0.3511234481204074 0.9363291751195387
vn 0 -0.3511234481204074 0.9363291751195387
vn 0 1.2246467991473532e-16 1
vn 0 1.2246467991473532e-16 1
vn 0 1.2246467991473532e-16 1
vn 0 1.2246467991473532e-16 1
f 1706/1706/1706 1705/1705/1705 1704/1704/1704
f 1709/1709/1709 1708/1708/1708 1707/1707/1707
f 1712/1712/1712 1711/1711/1711 1710/1710/1710
f 1715/1715/1715 1714/1714/1714 1713/1713/1713
f 1718/1718/1718 1717/1717/1717 1716/1716/1716
f 1721/1721/1721 1720/1720/1720 1719/1719/1719
f 1724/1724/1724 1723/1723/1723 1722/1722/1722
f 1727/1727/1727 1726/1726/1726 1725/1725/1725
f 1726/1726/1726 1727/1727/1727 1728/1728/1728
f 1731/1731/1731 1730/1730/1730 1729/1729/1729
f 1730/1730/1730 1731/1731/1731 1732/1732/1732
f 1735/1735/1735 1734/1734/1734 1733/1733/1733
f 1734/1734/1734 1735/1735/1735 1736/1736/1736
f 1739/1739/1739 1738/1738/1738 1737/1737/1737
f 1738/1738/1738 1739/1739/1739 1740/1740/1740
f 1743/1743/1743 1742/1742/1742 1741/1741/1741
f 1742/1742/1742 1743/1743/1743 1744/1744/1744
f 1747/1747/1747 1746/1746/1746 1745/1745/1745
f 1746/1746/1746 1747/1747/1747 1748/1748/1748
f 1751/1751/1751 1750/1750/1750 1749/1749/1749
f 1750/1750/1750 1751/1751/1751 1752/1752/1752
f 1755/1755/1755 1754/1754/1754 1753/1753/1753
f 1754/1754/1754 1755/1755/1755 1756/1756/1756
f 1759/1759/1759 1758/1758/1758 1757/1757/1757
f 1758/1758/1758 1759/1759/1759 1760/1760/1760
f 1763/1763/1763 1762/1762/1762 1761/1761/1761
f 1762/1762/1762 1763/1763/1763 1764/1764/1764
f 1767/1767/1767 1766/1766/1766 1765/1765/1765
f 1766/1766/1766 1767/1767/1767 1768/1768/1768
f 1771/1771/1771 1770/1770/1770 1769/1769/1769
f 1770/1770/1770 1771/1771/1771 1772/1772/1772
f 1775/1775/1775 1774/1774/1774 1773/1773/1773
f 1774/1774/1774 1775/1775/1775 1776/1776/1776
f 1779/1779/1779 1778/1778/1778 1777/1777/1777
f 1778/1778/1778 1779/1779/1779 1780/1780/1780
f 1783/1783/1783 1782/1782/1782 1781/1781/1781
f 1782/1782/1782 1783/1783/1783 1784/1784/1784
o mesh_18
usemtl mat6
v 76.80000000000001 102.39999999999998 -230.4
v 76.80000000000001 89.59999999999998 -230.4
v 70.4 102.39999999999998 -230.4
v 70.4 89.59999999999998 -230.4
v 64 89.59999999999998 -230.4
v 64 102.39999999999998 -230.4
v 70.4 89.59999999999998 -230.4
v 70.4 102.39999999999998 -230.4
vt 0.6171875 0.5
vt 0.6171875 0.6171875
vt 0.5546875 0.5
vt 0.5546875 0.6171875
vt 0.5 0.6171875
vt 0.5 0.5
vt 0.5546875 0.6171875
vt 0.5546875 0.5
vn 0 1.2246467991473532e-16 1
vn 0 1.2246467991473532e-16 1
vn 0 1.2246467991473532e-16 1
vn 0 1.2246467991473532e-16 1
vn 0 1.2246467991473532e-16 1
vn 0 1.2246467991473532e-16 1
vn 0 1.2246467991473532e-16 1
vn 0 1.2246467991473532e-16 1
f 1787/1787/1787 1786/1786/1786 1785/1785/1785
f 1786/1786/1786 1787/1787/1787 1788/1788/1788
f 1791/1791/1791 1790/1790/1790 1789/1789/1789
f 1790/1790/1790 1791/1791/1791 1792/1792/1792
o mesh_19
usemtl mat3
v 64 83.19999999999997 -243.20000000000002
v 70.4 82.39999999999998 -243.20000000000002
v 64 83.19999999999997 -230.4
v 70.4 82.39999999999998 -230.4
v 70.4 82.39999999999998 -243.20000000000002
v 76.80000000000001 83.19999999999997 -243.20000000000002
v 70.4 82.39999999999998 -230.4
v 76.80000000000001 83.19999999999997 -230.4
vt 0.625 0.6171875
vt 0.625 0.5546875
vt 0.7421875 0.6171875
vt 0.7421875 0.5546875
vt 0.625 0.5546875
vt 0.625 0.5
vt 0.7421875 0.5546875
vt 0.7421875 0.5
vn 0.12403473458920845 0.9922778767136676 -1.215189925582125e-16
vn 0.12403473458920845 0.9922778767136676 -1.215189925582125e-16
vn 0.12403473458920845 0.9922778767136676 -1.215189925582125e-16
vn 0.12403473458920845 0.9922778767136676 -1.215189925582125e-16
vn -0.12403473458920845 0.9922778767136676 -1.215189925582125e-16
vn -0.12403473458920845 0.9922778767136676 -1.215189925582125e-16
vn -0.12403473458920845 0.9922778767136676 -1.215189925582125e-16
vn -0.12403473458920845 0.9922778767136676 -1.215189925582125e-16
f 1795/1795/1795 1794/1794/1794 1793/1793/1793
f 1794/1794/1794 1795/1795/1795 1796/1796/1796
f 1799/1799/1799 1798/1798/1798 1797/1797/1797
f 1798/1798/1798 1799/1799/1799 1800/1800/1800
o mesh_20
usemtl mat8
v 38.400000000000006 166.39999999999998 -230.40000000000003
v 51.2 166.39999999999998 -230.40000000000003
v 38.400000000000006 140.79999999999998 -230.40000000000003
v 51.2 140.79999999999998 -230.40000000000003
v 64 166.39999999999998 -230.40000000000003
v 76.80000000000001 166.39999999999998 -230.40000000000003
v 64 140.79999999999998 -230.40000000000003
v 76.80000000000001 140.79999999999998 -230.40000000000003
v 38.400000000000006 140.79999999999998 -230.40000000000003
v 25.6 140.79999999999998 -230.40000000000003
v 38.400000000000006 166.39999999999998 -230.40000000000003
v 25.6 166.39999999999998 -230.40000000000003
v 64 140.79999999999998 -230.40000000000003
v 51.2 140.79999999999998 -230.40000000000003
v 64 166.39999999999998 -230.40000000000003
v 51.2 166.39999999999998 -230.40000000000003
v 76.80000000000001 166.39999999999998 -230.40000000000003
v 89.60000000000001 166.39999999999998 -230.40000000000003
v 76.80000000000001 140.79999999999998 -230.40000000000003
v 89.60000000000001 140.79999999999998 -230.40000000000003
vt 0.125 0.625
vt 0.25 0.625
vt 0.125 0.8671875
vt 0.25 0.8671875
vt 0.375 0.625
vt 0.4921875 0.625
vt 0.375 0.8671875
vt 0.4921875 0.8671875
vt 0.125 0.8671875
vt 0 0.8671875
vt 0.125 0.625
vt 0 0.625
vt 0.375 0.8671875
vt 0.25 0.8671875
vt 0.375 0.625
vt 0.25 0.625
vt 0 0.625
vt 0.1171875 0.625
vt 0 0.8671875
vt 0.1171875 0.8671875
vn 0 1.2246467991473532e-16 1
vn 0 1.2246467991473532e-16 1
vn 0 1.2246467991473532e-16 1
vn 0 1.2246467991473532e-16 1
vn 0 1.2246467991473532e-16 1
vn 0 1.2246467991473532e-16 1
vn 0 1.2246467991473532e-16 1
vn 0 1.2246467991473532e-16 1
vn 0 1.2246467991473532e-16 1
vn 0 1.2246467991473532e-16 1
vn 0 1.2246467991473532e-16 1
vn 0 1.2246467991473532e-16 1
vn 0 1.2246467991473532e-16 1
vn 0 1.2246467991473532e-16 1
vn 0 1.2246467991473532e-16 1
vn 0 1.2246467991473532e-16 1
vn 0 1.2246467991473532e-16 1
vn 0 1.2246467991473532e-16 1
vn 0 1.2246467991473532e-16 1
vn 0 1.2246467991473532e-16 1
f 1803/1803/1803 1802/1802/1802 1801/1801/1801
f 1802/1802/1802 1803/1803/1803 1804/1804/1804
f 1807/1807/1807 1806/1806/1806 1805/1805/1805
f 1806/1806/1806 1807/1807/1807 1808/1808/1808
f 1811/1811/1811 1810/1810/1810 1809/1809/1809
f 1810/1810/1810 1811/1811/1811 1812/1812/1812
f 1815/1815/1815 1814/1814/1814 1813/1813/1813
f 1814/1814/1814 1815/1815/1815 1816/1816/1816
f 1819/1819/1819 1818/1818/1818 1817/1817/1817
f 1818/1818/1818 1819/1819/1819 1820/1820/1820
o mesh_21
usemtl mat7
v 102.4 166.39999999999998 -147.20000000000005
v 102.4 153.6 -166.40000000000003
v 102.4 159.99999999999997 -166.40000000000003
v 128 140.79999999999998 -163.20000000000005
v 102.4 140.79999999999998 -156.80000000000004
v 108.80000000000001 140.79999999999998 -143.20000000000005
v 102.4 143.99999999999997 -145.60000000000002
v 102.4 153.6 -145.60000000000002
v 128 153.6 -140.80000000000004
v 102.4 153.6 -145.60000000000002
v 102.4 153.6 -166.40000000000003
v 102.4 166.39999999999998 -147.20000000000005
v 128 153.6 -140.80000000000004
v 128 140.79999999999998 -163.20000000000005
v 108.80000000000001 140.79999999999998 -143.20000000000005
v 102.4 140.79999999999998 -156.80000000000004
v 102.4 143.99999999999997 -145.60000000000002
v 108.80000000000001 140.79999999999998 -143.20000000000005
v 153.60000000000002 153.6 -134.40000000000003
v 128 153.6 -140.80000000000004
v 128 166.39999999999998 -128.00000000000003
v 153.60000000000002 89.6 -156.8
v 128 89.6 -156.8
v 128 115.19999999999999 -163.20000000000002
v 102.4 115.19999999999999 -156.8
v 128 115.19999999999999 -163.20000000000002
v 128 89.6 -156.8
v 128 89.6 -156.8
v 102.4 89.6 -153.60000000000002
v 102.4 115.19999999999999 -156.8
v 128 153.6 -140.80000000000004
v 108.80000000000001 140.79999999999998 -143.20000000000005
v 102.4 143.99999999999997 -145.60000000000002
v 102.4 166.39999999999998 -147.20000000000005
v 128 166.39999999999998 -128.00000000000003
v 128 153.6 -140.80000000000004
v 102.4 166.39999999999998 -147.20000000000005
v 128 153.6 -140.80000000000004
v 102.4 153.6 -145.60000000000002
v 102.4 -1.9594348786357652e-14 -160
v 89.60000000000001 -2.037812273781196e-14 -166.4
v 89.60000000000001 51.19999999999998 -172.8
v 128 -1.8810574834903348e-14 -153.60000000000002
v 102.4 -1.9594348786357652e-14 -160
v 102.4 51.19999999999998 -172.8
v 128 51.19999999999998 -156.8
v 102.4 76.8 -166.4
v 128 89.6 -156.8
v 102.4 76.8 -166.4
v 102.4 89.6 -153.60000000000002
v 128 89.6 -156.8
v 128 115.19999999999999 -163.20000000000002
v 153.60000000000002 115.19999999999999 -156.8
v 153.60000000000002 89.6 -156.8
v 128 115.19999999999999 -163.20000000000002
v 102.4 115.19999999999999 -156.8
v 102.4 127.99999999999999 -156.80000000000004
v 89.60000000000001 51.19999999999998 -172.8
v 102.4 51.19999999999998 -172.8
v 102.4 -1.9594348786357652e-14 -160
v 128 166.39999999999998 -128.00000000000003
v 153.60000000000002 166.39999999999998 -128.00000000000003
v 153.60000000000002 153.6 -134.40000000000003
v 102.4 51.19999999999998 -172.8
v 128 51.19999999999998 -156.8
v 128 -1.8810574834903348e-14 -153.60000000000002
v 128 51.19999999999998 -156.8
v 102.4 51.19999999999998 -172.8
v 102.4 76.8 -166.4
v 102.4 140.79999999999998 -156.80000000000004
v 102.4 153.6 -166.40000000000003
v 102.4 143.99999999999997 -145.60000000000002
v 102.4 153.6 -145.60000000000002
v 128 140.79999999999998 -163.20000000000005
v 153.60000000000002 140.79999999999998 -156.80000000000004
v 128 115.19999999999999 -163.20000000000002
v 153.60000000000002 115.19999999999999 -156.8
v 89.60000000000001 76.8 -166.4
v 102.4 76.8 -166.4
v 89.60000000000001 51.19999999999998 -172.8
v 102.4 51.19999999999998 -172.8
v 128 51.19999999999998 -156.8
v 153.60000000000002 51.19999999999998 -156.8
v 128 -1.8810574834903348e-14 -153.60000000000002
v 153.60000000000002 -1.8810574834903348e-14 -153.60000000000002
v 128 153.6 -140.80000000000004
v 153.60000000000002 153.6 -134.40000000000003
v 128 140.79999999999998 -163.20000000000005
v 153.60000000000002 140.79999999999998 -156.80000000000004
v 102.4 127.99999999999999 -156.80000000000004
v 102.4 140.79999999999998 -156.80000000000004
v 128 115.19999999999999 -163.20000000000002
v 128 140.79999999999998 -163.20000000000005
v 128 89.6 -156.8
v 153.60000000000002 89.6 -156.8
v 128 51.19999999999998 -156.8
v 153.60000000000002 51.19999999999998 -156.8
vt 0.4609375 0.5
vt 0.25 0.6171875
vt 0.25 0.5546875
vt 0.4921875 0.5
vt 0.1328125 0.6171875
vt 0.2421875 0.5
vt 0.25 0.9609375
vt 0.25 0.8671875
vt 0.484375 0.8671875
vt 0.4765625 0.6171875
vt 0.25 0.6171875
vt 0.4609375 0.5
vt 0.4921875 0.75
vt 0.4921875 0.9921875
vt 0.25 0.9921875
vt 0 0.9921875
vt 0.0625 0.796875
vt 0.140625 0.875
vt 0.2421875 0.6171875
vt 0 0.6171875
vt 0 0.5
vt 0.2421875 0.9921875
vt 0 0.9921875
vt 0 0.7421875
vt 0.25 0.7421875
vt 0.4921875 0.7421875
vt 0.4921875 0.9921875
vt 0.4921875 0.9921875
vt 0.25 0.9921875
vt 0.25 0.7421875
vt 0.484375 0.8671875
vt 0.3046875 0.9921875
vt 0.25 0.9609375
vt 0.25 0.75
vt 0.4921875 0.75
vt 0.484375 0.8671875
vt 0.25 0.75
vt 0.484375 0.8671875
vt 0.25 0.8671875
vt 0.4921875 0.9921875
vt 0.3671875 0.9921875
vt 0.3671875 0.5
vt 0.4921875 0.9921875
vt 0.25 0.9921875
vt 0.25 0.5
vt 0.4921875 0.9921875
vt 0.25 0.6640625
vt 0.4921875 0.5
vt 0.25 0.6640625
vt 0.25 0.5
vt 0.4921875 0.5
vt 0 0.7421875
vt 0.2421875 0.7421875
vt 0.2421875 0.9921875
vt 0.4921875 0.7421875
vt 0.25 0.7421875
vt 0.25 0.6171875
vt 0.3671875 0.5
vt 0.4921875 0.5
vt 0.4921875 0.9921875
vt 0 0.5
vt 0.2421875 0.5
vt 0.2421875 0.6171875
vt 0.25 0.5
vt 0.4921875 0.5
vt 0.4921875 0.9921875
vt 0.4921875 0.9921875
vt 0.25 0.9921875
vt 0.25 0.6640625
vt 0.359375 0.7421875
vt 0.25 0.6171875
vt 0.4765625 0.7109375
vt 0.4765625 0.6171875
vt 0 0.5
vt 0.2421875 0.5
vt 0 0.7421875
vt 0.2421875 0.7421875
vt 0.375 0.5
vt 0.4921875 0.5
vt 0.375 0.7421875
vt 0.4921875 0.7421875
vt 0.25 0.5
vt 0.4921875 0.5
vt 0.25 0.9921875
vt 0.4921875 0.9921875
vt 0 0.625
vt 0.2421875 0.625
vt 0 0.8671875
vt 0.2421875 0.8671875
vt 0.25 0.6171875
vt 0.25 0.5
vt 0.4921875 0.7421875
vt 0.4921875 0.5
vt 0 0.5
vt 0.2421875 0.5
vt 0 0.9921875
vt 0.2421875 0.9921875
vn -1 0 0
vn -1 0 0
vn -1 0 0
vn 0 -1 1.2246467991473532e-16
vn 0 -1 1.2246467991473532e-16
vn 0 -1 1.2246467991473532e-16
vn -0.18428853145141436 1.2036712785264306e-16 0.9828721876090915
vn -0.18428853145141436 1.2036712785264306e-16 0.9828721876090915
vn -0.18428853145141436 1.2036712785264306e-16 0.9828721876090915
vn -1 0 0
vn -1 0 0
vn -1 0 0
vn 0.4591215296559593 -0.77132416505364 0.44075668277483593
vn 0.4591215296559593 -0.77132416505364 0.44075668277483593
vn 0.4591215296559593 -0.77132416505364 0.44075668277483593
vn -0.5041603477876858 -0.830381756309676 0.23725193888914253
vn -0.5041603477876858 -0.830381756309676 0.23725193888914253
vn -0.5041603477876858 -0.830381756309676 0.23725193888914253
vn -0.17407765595569785 -0.6963106238227913 0.6963106238227915
vn -0.17407765595569785 -0.6963106238227913 0.6963106238227915
vn -0.17407765595569785 -0.6963106238227913 0.6963106238227915
vn 0 0.24253562503633308 0.9701425001453319
vn 0 0.24253562503633308 0.9701425001453319
vn 0 0.24253562503633308 0.9701425001453319
vn 0.23570226039551584 0.23570226039551598 0.9428090415820634
vn 0.23570226039551584 0.23570226039551598 0.9428090415820634
vn 0.23570226039551584 0.23570226039551598 0.9428090415820634
vn 0.12309149097933271 0.12309149097933282 0.9847319278346617
vn 0.12309149097933271 0.12309149097933282 0.9847319278346617
vn 0.12309149097933271 0.12309149097933282 0.9847319278346617
vn -0.2533653738228667 0.20269229011759657 0.9458973638162245
vn -0.2533653738228667 0.20269229011759657 0.9458973638162245
vn -0.2533653738228667 0.20269229011759657 0.9458973638162245
vn -0.4685212856658182 -0.6246950475544242 0.6246950475544244
vn -0.4685212856658182 -0.6246950475544242 0.6246950475544244
vn -0.4685212856658182 -0.6246950475544242 0.6246950475544244
vn -0.18291322465425547 0.12194215225303057 0.9755372180242436
vn -0.18291322465425547 0.12194215225303057 0.9755372180242436
vn -0.18291322465425547 0.12194215225303057 0.9755372180242436
vn -0.4444444444444445 0.11111111111111123 0.888888888888889
vn -0.4444444444444445 0.11111111111111123 0.888888888888889
vn -0.4444444444444445 0.11111111111111123 0.888888888888889
vn -0.23570226039551584 0.23570226039551598 0.9428090415820634
vn -0.23570226039551584 0.23570226039551598 0.9428090415820634
vn -0.23570226039551584 0.23570226039551598 0.9428090415820634
vn -0.3511234481204074 1.1466725272584242e-16 0.9363291751195385
vn -0.3511234481204074 1.1466725272584242e-16 0.9363291751195385
vn -0.3511234481204074 1.1466725272584242e-16 0.9363291751195385
vn 0.08804509063256238 -0.7043607250604991 0.7043607250604992
vn 0.08804509063256238 -0.7043607250604991 0.7043607250604992
vn 0.08804509063256238 -0.7043607250604991 0.7043607250604992
vn -0.24253562503633297 1.1880819075197913e-16 0.9701425001453319
vn -0.24253562503633297 1.1880819075197913e-16 0.9701425001453319
vn -0.24253562503633297 1.1880819075197913e-16 0.9701425001453319
vn 0.24253562503633297 1.1880819075197913e-16 0.9701425001453319
vn 0.24253562503633297 1.1880819075197913e-16 0.9701425001453319
vn 0.24253562503633297 1.1880819075197913e-16 0.9701425001453319
vn 0 0.24253562503633308 0.9701425001453319
vn 0 0.24253562503633308 0.9701425001453319
vn 0 0.24253562503633308 0.9701425001453319
vn 0 -0.4472135954999579 0.894427190999916
vn 0 -0.4472135954999579 0.894427190999916
vn 0 -0.4472135954999579 0.894427190999916
vn -0.5292561079342133 0.052925613028595615 0.8468098084575283
vn -0.5292561079342133 0.052925613028595615 0.8468098084575283
vn -0.5292561079342133 0.052925613028595615 0.8468098084575283
vn -0.5184758364697397 -0.20739034054836036 0.8295613621934418
vn -0.5184758364697397 -0.20739034054836036 0.8295613621934418
vn -0.5184758364697397 -0.20739034054836036 0.8295613621934418
vn -1 0 0
vn -1 0 0
vn -1 0 0
vn -1 0 0
vn -0.24253562503633297 1.1880819075197913e-16 0.9701425001453319
vn -0.24253562503633297 1.1880819075197913e-16 0.9701425001453319
vn -0.24253562503633297 1.1880819075197913e-16 0.9701425001453319
vn -0.24253562503633297 1.1880819075197913e-16 0.9701425001453319
vn 0 -0.24253562503633283 0.9701425001453319
vn 0 -0.24253562503633283 0.9701425001453319
vn 0 -0.24253562503633283 0.9701425001453319
vn 0 -0.24253562503633283 0.9701425001453319
vn 0 0.06237828615518066 0.9980525784828886
vn 0 0.06237828615518066 0.9980525784828886
vn 0 0.06237828615518066 0.9980525784828886
vn 0 0.06237828615518066 0.9980525784828886
vn -0.1230914878184804 -0.8616404445316848 0.49236595127392163
vn -0.1230914878184804 -0.8616404445316848 0.49236595127392163
vn -0.1230914878184804 -0.8616404445316848 0.49236595127392163
vn -0.1230914878184804 -0.8616404445316848 0.49236595127392163
vn 0.24253562503633297 1.1880819075197913e-16 0.9701425001453319
vn 0.24253562503633297 1.1880819075197913e-16 0.9701425001453319
vn 0.24253562503633297 1.1880819075197913e-16 0.9701425001453319
vn 0.24253562503633297 1.1880819075197913e-16 0.9701425001453319
vn 0 1.2246467991473532e-16 1
vn 0 1.2246467991473532e-16 1
vn 0 1.2246467991473532e-16 1
vn 0 1.2246467991473532e-16 1
f 1823/1823/1823 1822/1822/1822 1821/1821/1821
f 1826/1826/1826 1825/1825/1825 1824/1824/1824
f 1829/1829/1829 1828/1828/1828 1827/1827/1827
f 1832/1832/1832 1831/1831/1831 1830/1830/1830
f 1835/1835/1835 1834/1834/1834 1833/1833/1833
f 1838/1838/1838 1837/1837/1837 1836/1836/1836
f 1841/1841/1841 1840/1840/1840 1839/1839/1839
f 1844/1844/1844 1843/1843/1843 1842/1842/1842
f 1847/1847/1847 1846/1846/1846 1845/1845/1845
f 1850/1850/1850 1849/1849/1849 1848/1848/1848
f 1853/1853/1853 1852/1852/1852 1851/1851/1851
f 1856/1856/1856 1855/1855/1855 1854/1854/1854
f 1859/1859/1859 1858/1858/1858 1857/1857/1857
f 1862/1862/1862 1861/1861/1861 1860/1860/1860
f 1865/1865/1865 1864/1864/1864 1863/1863/1863
f 1868/1868/1868 1867/1867/1867 1866/1866/1866
f 1871/1871/1871 1870/1870/1870 1869/1869/1869
f 1874/1874/1874 1873/1873/1873 1872/1872/1872
f 1877/1877/1877 1876/1876/1876 1875/1875/1875
f 1880/1880/1880 1879/1879/1879 1878/1878/1878
f 1883/1883/1883 1882/1882/1882 1881/1881/1881
f 1886/1886/1886 1885/1885/1885 1884/1884/1884
f 1889/1889/1889 1888/1888/1888 1887/1887/1887
f 1892/1892/1892 1891/1891/1891 1890/1890/1890
f 1891/1891/1891 1892/1892/1892 1893/1893/1893
f 1896/1896/1896 1895/1895/1895 1894/1894/1894
f 1895/1895/1895 1896/1896/1896 1897/1897/1897
f 1900/1900/1900 1899/1899/1899 1898/1898/1898
f 1899/1899/1899 1900/1900/1900 1901/1901/1901
f 1904/1904/1904 1903/1903/1903 1902/1902/1902
f 1903/1903/1903 1904/1904/1904 1905/1905/1905
f 1908/1908/1908 1907/1907/1907 1906/1906/1906
f 1907/1907/1907 1908/1908/1908 1909/1909/1909
f 1912/1912/1912 1911/1911/1911 1910/1910/1910
f 1911/1911/1911 1912/1912/1912 1913/1913/1913
f 1916/1916/1916 1915/1915/1915 1914/1914/1914
f 1915/1915/1915 1916/1916/1916 1917/1917/1917
o mesh_22
usemtl mat8
v 89.60000000000001 153.6 -179.20000000000005
v 89.60000000000001 153.6 -192.00000000000003
v 89.60000000000001 166.39999999999998 -192.00000000000003
v 89.60000000000001 140.79999999999998 -156.80000000000004
v 89.60000000000001 140.79999999999998 -166.40000000000003
v 89.60000000000001 153.6 -166.40000000000003
v 102.4 159.99999999999997 -166.40000000000003
v 89.60000000000001 153.6 -179.20000000000005
v 89.60000000000001 166.39999999999998 -192.00000000000003
v 102.4 153.6 -166.40000000000003
v 89.60000000000001 153.6 -166.40000000000003
v 89.60000000000001 153.6 -179.20000000000005
v 102.4 159.99999999999997 -166.40000000000003
v 102.4 153.6 -166.40000000000003
v 89.60000000000001 153.6 -179.20000000000005
v 89.60000000000001 166.39999999999998 -204.80000000000004
v 89.60000000000001 166.39999999999998 -192.00000000000003
v 89.60000000000001 153.6 -192.00000000000003
v 89.60000000000001 140.79999999999998 -204.80000000000004
v 89.60000000000001 140.79999999999998 -217.60000000000005
v 89.60000000000001 166.39999999999998 -204.80000000000004
v 89.60000000000001 166.39999999999998 -217.60000000000005
v 89.60000000000001 140.79999999999998 -179.20000000000005
v 89.60000000000001 140.79999999999998 -192.00000000000003
v 89.60000000000001 153.6 -179.20000000000005
v 89.60000000000001 153.6 -192.00000000000003
v 102.4 153.6 -166.40000000000003
v 102.4 140.79999999999998 -156.80000000000004
v 89.60000000000001 153.6 -166.40000000000003
v 89.60000000000001 140.79999999999998 -156.80000000000004
v 89.60000000000001 153.6 -192.00000000000003
v 89.60000000000001 140.79999999999998 -192.00000000000003
v 89.60000000000001 166.39999999999998 -204.80000000000004
v 89.60000000000001 140.79999999999998 -204.80000000000004
v 89.60000000000001 166.39999999999998 -230.40000000000003
v 89.60000000000001 166.39999999999998 -217.60000000000005
v 89.60000000000001 140.79999999999998 -230.40000000000003
v 89.60000000000001 140.79999999999998 -217.60000000000005
v 89.60000000000001 140.79999999999998 -166.40000000000003
v 89.60000000000001 140.79999999999998 -179.20000000000005
v 89.60000000000001 153.6 -166.40000000000003
v 89.60000000000001 153.6 -179.20000000000005
vt 0.4921875 0.75
vt 0.375 0.75
vt 0.375 0.625
vt 0.2421875 0.8671875
vt 0.1171875 0.8671875
vt 0.1171875 0.75
vt 0.40625 0.6875
vt 0.234375 0.7421875
vt 0.203125 0.6171875
vt 0.3671875 0.7421875
vt 0.25 0.7421875
vt 0.25 0.7421875
vt 0.40625 0.6875
vt 0.3671875 0.7421875
vt 0.234375 0.7421875
vt 0.25 0.625
vt 0.375 0.625
vt 0.375 0.75
vt 0.25 0.8671875
vt 0.125 0.8671875
vt 0.25 0.625
vt 0.125 0.625
vt 0.4921875 0.8671875
vt 0.375 0.8671875
vt 0.4921875 0.75
vt 0.375 0.75
vt 0.3671875 0.7421875
vt 0.3671875 0.8671875
vt 0.25 0.7421875
vt 0.25 0.8671875
vt 0.375 0.75
vt 0.375 0.8671875
vt 0.25 0.625
vt 0.25 0.8671875
vt 0 0.625
vt 0.125 0.625
vt 0 0.8671875
vt 0.125 0.8671875
vt 0.1171875 0.8671875
vt 0 0.8671875
vt 0.1171875 0.75
vt 0 0.75
vn -1 0 0
vn -1 0 0
vn -1 0 0
vn -1 0 0
vn -1 0 0
vn -1 0 0
vn -0.7276068891336209 0.48507123955419923 0.48507123955419906
vn -0.7276068891336209 0.48507123955419923 0.48507123955419906
vn -0.7276068891336209 0.48507123955419923 0.48507123955419906
vn 0 1 -1.2246467991473532e-16
vn 0 1 -1.2246467991473532e-16
vn 0 1 -1.2246467991473532e-16
vn -0.7071067811865475 8.659560562354932e-17 0.7071067811865475
vn -0.7071067811865475 8.659560562354932e-17 0.7071067811865475
vn -0.7071067811865475 8.659560562354932e-17 0.7071067811865475
vn -1 0 0
vn -1 0 0
vn -1 0 0
vn -1 0 0
vn -1 0 0
vn -1 0 0
vn -1 0 0
vn -1 0 0
vn -1 0 0
vn -1 0 0
vn -1 0 0
vn 0 0.6000000095367429 0.7999999928474427
vn 0 0.6000000095367429 0.7999999928474427
vn 0 0.6000000095367429 0.7999999928474427
vn 0 0.6000000095367429 0.7999999928474427
vn -1 0 0
vn -1 0 0
vn -1 0 0
vn -1 0 0
vn -1 0 0
vn -1 0 0
vn -1 0 0
vn -1 0 0
vn -1 0 0
vn -1 0 0
vn -1 0 0
vn -1 0 0
f 1920/1920/1920 1919/1919/1919 1918/1918/1918
f 1923/1923/1923 1922/1922/1922 1921/1921/1921
f 1926/1926/1926 1925/1925/1925 1924/1924/1924
f 1929/1929/1929 1928/1928/1928 1927/1927/1927
f 1932/1932/1932 1931/1931/1931 1930/1930/1930
f 1935/1935/1935 1934/1934/1934 1933/1933/1933
f 1938/1938/1938 1937/1937/1937 1936/1936/1936
f 1937/1937/1937 1938/1938/1938 1939/1939/1939
f 1942/1942/1942 1941/1941/1941 1940/1940/1940
f 1941/1941/1941 1942/1942/1942 1943/1943/1943
f 1946/1946/1946 1945/1945/1945 1944/1944/1944
f 1945/1945/1945 1946/1946/1946 1947/1947/1947
f 1950/1950/1950 1949/1949/1949 1948/1948/1948
f 1949/1949/1949 1950/1950/1950 1951/1951/1951
f 1954/1954/1954 1953/1953/1953 1952/1952/1952
f 1953/1953/1953 1954/1954/1954 1955/1955/1955
f 1958/1958/1958 1957/1957/1957 1956/1956/1956
f 1957/1957/1957 1958/1958/1958 1959/1959/1959
o mesh_23
usemtl mat1
v 102.4 115.19999999999999 -156.8
v 102.4 89.6 -153.60000000000002
v 96.80000000000001 102.39999999999999 -144
v 96.80000000000001 102.39999999999999 -144
v 96.80000000000001 115.19999999999999 -144.8
v 102.4 115.19999999999999 -156.8
v 102.4 76.8 -166.4
v 100 76.8 -153.60000000000002
v 102.4 89.6 -153.60000000000002
v 102.4 115.19999999999999 -156.8
v 96.80000000000001 115.19999999999999 -144.8
v 102.4 127.99999999999999 -156.80000000000004
v 89.60000000000001 89.59999999999998 -204.8
v 89.60000000000001 89.59999999999998 -217.60000000000002
v 89.60000000000001 102.39999999999998 -204.8
v 89.60000000000001 102.39999999999998 -217.60000000000002
v 89.60000000000001 115.19999999999997 -204.8
v 89.60000000000001 115.19999999999997 -192
v 89.60000000000001 102.39999999999998 -204.8
v 89.60000000000001 102.39999999999998 -192
v 89.60000000000001 89.59999999999998 -179.20000000000002
v 89.60000000000001 89.59999999999998 -192
v 89.60000000000001 102.39999999999998 -179.20000000000002
v 89.60000000000001 102.39999999999998 -192
v 89.60000000000001 115.19999999999997 -179.20000000000002
v 89.60000000000001 115.19999999999999 -166.4
v 89.60000000000001 102.39999999999998 -179.20000000000002
v 89.60000000000001 102.39999999999999 -166.4
v 89.60000000000001 127.99999999999999 -156.80000000000004
v 89.60000000000001 140.79999999999998 -156.80000000000004
v 102.4 127.99999999999999 -156.80000000000004
v 102.4 140.79999999999998 -156.80000000000004
v 89.60000000000001 89.6 -166.4
v 89.60000000000001 89.6 -153.60000000000002
v 89.60000000000001 76.8 -166.4
v 89.60000000000001 76.8 -153.60000000000002
v 100 76.8 -153.60000000000002
v 89.60000000000001 76.8 -153.60000000000002
v 102.4 89.6 -153.60000000000002
v 89.60000000000001 89.6 -153.60000000000002
v 96.80000000000001 102.39999999999999 -144
v 102.4 89.6 -153.60000000000002
v 89.60000000000001 102.39999999999999 -144
v 89.60000000000001 89.6 -153.60000000000002
v 102.4 76.8 -166.4
v 89.60000000000001 76.8 -166.4
v 100 76.8 -153.60000000000002
v 89.60000000000001 76.8 -153.60000000000002
v 89.60000000000001 102.39999999999998 -179.20000000000002
v 89.60000000000001 102.39999999999998 -192
v 89.60000000000001 115.19999999999997 -179.20000000000002
v 89.60000000000001 115.19999999999997 -192
v 102.4 127.99999999999999 -156.80000000000004
v 96.80000000000001 115.19999999999999 -144.8
v 89.60000000000001 127.99999999999999 -156.80000000000004
v 89.60000000000001 115.19999999999999 -144.8
v 89.60000000000001 115.19999999999997 -230.4
v 89.60000000000001 115.19999999999997 -217.60000000000002
v 89.60000000000001 102.39999999999998 -230.4
v 89.60000000000001 102.39999999999998 -217.60000000000002
v 89.60000000000001 102.39999999999998 -230.4
v 89.60000000000001 102.39999999999998 -217.60000000000002
v 89.60000000000001 89.59999999999998 -230.4
v 89.60000000000001 89.59999999999998 -217.60000000000002
v 89.60000000000001 102.39999999999999 -144
v 89.60000000000001 115.19999999999999 -144.8
v 96.80000000000001 102.39999999999999 -144
v 96.80000000000001 115.19999999999999 -144.8
v 89.60000000000001 102.39999999999998 -204.8
v 89.60000000000001 102.39999999999998 -217.60000000000002
v 89.60000000000001 115.19999999999997 -204.8
v 89.60000000000001 115.19999999999997 -217.60000000000002
v 89.60000000000001 102.39999999999998 -204.8
v 89.60000000000001 102.39999999999998 -192
v 89.60000000000001 89.59999999999998 -204.8
v 89.60000000000001 89.59999999999998 -192
v 89.60000000000001 102.39999999999998 -179.20000000000002
v 89.60000000000001 102.39999999999999 -166.4
v 89.60000000000001 89.59999999999998 -179.20000000000002
v 89.60000000000001 89.6 -166.4
vt 0.1171875 0.2421875
vt 0.1171875 0.4921875
vt 0.0625 0.3671875
vt 0.0625 0.3671875
vt 0.0625 0.2421875
vt 0.1171875 0.2421875
vt 0.1171875 0.2109375
vt 0 0.2109375
vt 0 0.09375
vt 0.1171875 0.2421875
vt 0.0625 0.2421875
vt 0.1171875 0.1171875
vt 0.25 0.4921875
vt 0.125 0.4921875
vt 0.25 0.375
vt 0.125 0.375
vt 0.25 0.25
vt 0.375 0.25
vt 0.25 0.375
vt 0.375 0.375
vt 0.4921875 0.4921875
vt 0.375 0.4921875
vt 0.4921875 0.375
vt 0.375 0.375
vt 0 0.2421875
vt 0.109375 0.2421875
vt 0 0.3671875
vt 0.109375 0.3671875
vt 0 0.2421875
vt 0 0.125
vt 0.1171875 0.2421875
vt 0.1171875 0.125
vt 0.359375 0.125
vt 0.4921875 0.125
vt 0.359375 0.2421875
vt 0.4921875 0.2421875
vt 0.46875 0.1875
vt 0.3671875 0.1875
vt 0.4921875 0.0625
vt 0.3671875 0.0625
vt 0.0625 0.3671875
vt 0.1171875 0.4921875
vt 0 0.3671875
vt 0 0.4921875
vt 0.1171875 0.2421875
vt 0 0.2421875
vt 0.09375 0.1875
vt 0 0.1875
vt 0.4921875 0.375
vt 0.375 0.375
vt 0.4921875 0.25
vt 0.375 0.25
vt 0.1171875 0.1171875
vt 0.0625 0.2421875
vt 0 0.1171875
vt 0 0.2421875
vt 0 0.25
vt 0.125 0.25
vt 0 0.375
vt 0.125 0.375
vt 0 0.375
vt 0.125 0.375
vt 0 0.4921875
vt 0.125 0.4921875
vt 0 0.3671875
vt 0 0.2421875
vt 0.0625 0.3671875
vt 0.0625 0.2421875
vt 0.25 0.375
vt 0.125 0.375
vt 0.25 0.25
vt 0.125 0.25
vt 0.25 0.375
vt 0.375 0.375
vt 0.25 0.4921875
vt 0.375 0.4921875
vt 0 0.3671875
vt 0.109375 0.3671875
vt 0 0.4921875
vt 0.109375 0.4921875
vn 0.8930329154975162 0.05581455721859482 0.4465164577487581
vn 0.8930329154975162 0.05581455721859482 0.4465164577487581
vn 0.8930329154975162 0.05581455721859482 0.4465164577487581
vn 0.9058667942680343 0.02642111458446503 0.4227378333514397
vn 0.9058667942680343 0.02642111458446503 0.4227378333514397
vn 0.9058667942680343 0.02642111458446503 0.4227378333514397
vn 0.9665953506334943 -0.18123662451848987 0.1812366245184899
vn 0.9665953506334943 -0.18123662451848987 0.1812366245184899
vn 0.9665953506334943 -0.18123662451848987 0.1812366245184899
vn 0.9061831323815331 5.178853515039838e-17 0.42288548164626394
vn 0.9061831323815331 5.178853515039838e-17 0.42288548164626394
vn 0.9061831323815331 5.178853515039838e-17 0.42288548164626394
vn -1 0 0
vn -1 0 0
vn -1 0 0
vn -1 0 0
vn -1 0 0
vn -1 0 0
vn -1 0 0
vn -1 0 0
vn -1 0 0
vn -1 0 0
vn -1 0 0
vn -1 0 0
vn -1 0 0
vn -1 0 0
vn -1 0 0
vn -1 0 0
vn 0 1.2246467991473532e-16 1
vn 0 1.2246467991473532e-16 1
vn 0 1.2246467991473532e-16 1
vn 0 1.2246467991473532e-16 1
vn -1 0 0
vn -1 0 0
vn -1 0 0
vn -1 0 0
vn 0 1.2246467991473532e-16 1
vn 0 1.2246467991473532e-16 1
vn 0 1.2246467991473532e-16 1
vn 0 1.2246467991473532e-16 1
vn 0 -0.6000000095367428 0.7999999928474428
vn 0 -0.6000000095367428 0.7999999928474428
vn 0 -0.6000000095367428 0.7999999928474428
vn 0 -0.6000000095367428 0.7999999928474428
vn 0 -1 1.2246467991473532e-16
vn 0 -1 1.2246467991473532e-16
vn 0 -1 1.2246467991473532e-16
vn 0 -1 1.2246467991473532e-16
vn -1 0 0
vn -1 0 0
vn -1 0 0
vn -1 0 0
vn 0 0.6839411348294026 0.7295371985637668
vn 0 0.6839411348294026 0.7295371985637668
vn 0 0.6839411348294026 0.7295371985637668
vn 0 0.6839411348294026 0.7295371985637668
vn -1 0 0
vn -1 0 0
vn -1 0 0
vn -1 0 0
vn -1 0 0
vn -1 0 0
vn -1 0 0
vn -1 0 0
vn 0 0.06237828615518066 0.9980525784828886
vn 0 0.06237828615518066 0.9980525784828886
vn 0 0.06237828615518066 0.9980525784828886
vn 0 0.06237828615518066 0.9980525784828886
vn -1 0 0
vn -1 0 0
vn -1 0 0
vn -1 0 0
vn -1 0 0
vn -1 0 0
vn -1 0 0
vn -1 0 0
vn -1 0 0
vn -1 0 0
vn -1 0 0
vn -1 0 0
f 1962/1962/1962 1961/1961/1961 1960/1960/1960
f 1965/1965/1965 1964/1964/1964 1963/1963/1963
f 1968/1968/1968 1967/1967/1967 1966/1966/1966
f 1971/1971/1971 1970/1970/1970 1969/1969/1969
f 1974/1974/1974 1973/1973/1973 1972/1972/1972
f 1973/1973/1973 1974/1974/1974 1975/1975/1975
f 1978/1978/1978 1977/1977/1977 1976/1976/1976
f 1977/1977/1977 1978/1978/1978 1979/1979/1979
f 1982/1982/1982 1981/1981/1981 1980/1980/1980
f 1981/1981/1981 1982/1982/1982 1983/1983/1983
f 1986/1986/1986 1985/1985/1985 1984/1984/1984
f 1985/1985/1985 1986/1986/1986 1987/1987/1987
f 1990/1990/1990 1989/1989/1989 1988/1988/1988
f 1989/1989/1989 1990/1990/1990 1991/1991/1991
f 1994/1994/1994 1993/1993/1993 1992/1992/1992
f 1993/1993/1993 1994/1994/1994 1995/1995/1995
f 1998/1998/1998 1997/1997/1997 1996/1996/1996
f 1997/1997/1997 1998/1998/1998 1999/1999/1999
f 2002/2002/2002 2001/2001/2001 2000/2000/2000
f 2001/2001/2001 2002/2002/2002 2003/2003/2003
f 2006/2006/2006 2005/2005/2005 2004/2004/2004
f 2005/2005/2005 2006/2006/2006 2007/2007/2007
f 2010/2010/2010 2009/2009/2009 2008/2008/2008
f 2009/2009/2009 2010/2010/2010 2011/2011/2011
f 2014/2014/2014 2013/2013/2013 2012/2012/2012
f 2013/2013/2013 2014/2014/2014 2015/2015/2015
f 2018/2018/2018 2017/2017/2017 2016/2016/2016
f 2017/2017/2017 2018/2018/2018 2019/2019/2019
f 2022/2022/2022 2021/2021/2021 2020/2020/2020
f 2021/2021/2021 2022/2022/2022 2023/2023/2023
f 2026/2026/2026 2025/2025/2025 2024/2024/2024
f 2025/2025/2025 2026/2026/2026 2027/2027/2027
f 2030/2030/2030 2029/2029/2029 2028/2028/2028
f 2029/2029/2029 2030/2030/2030 2031/2031/2031
f 2034/2034/2034 2033/2033/2033 2032/2032/2032
f 2033/2033/2033 2034/2034/2034 2035/2035/2035
f 2038/2038/2038 2037/2037/2037 2036/2036/2036
f 2037/2037/2037 2038/2038/2038 2039/2039/2039
o mesh_24
usemtl mat11
v 153.60000000000002 153.6 -134.40000000000003
v 153.60000000000002 166.39999999999998 -128.00000000000003
v 153.60000000000002 153.60000000000002 -90.40000000000002
v 153.60000000000002 102.39999999999999 -87.20000000000002
v 153.60000000000002 115.19999999999999 -156.8
v 153.60000000000002 140.79999999999998 -156.80000000000004
v 153.60000000000002 51.199999999999996 -81.60000000000001
v 153.60000000000002 -7.83773951454306e-15 -64
v 153.60000000000002 -1.0972835320360286e-14 -89.60000000000001
v 153.60000000000002 -1.7243026931994733e-14 -140.8
v 153.60000000000002 -1.8810574834903348e-14 -153.60000000000002
v 153.60000000000002 51.19999999999998 -156.8
v 153.60000000000002 51.199999999999996 -81.60000000000001
v 153.60000000000002 -1.0972835320360286e-14 -89.60000000000001
v 153.60000000000002 -1.410793112617751e-14 -115.2
v 153.60000000000002 51.199999999999996 -81.60000000000001
v 153.60000000000002 51.19999999999998 -156.8
v 153.60000000000002 89.6 -156.8
v 153.60000000000002 89.6 -156.8
v 153.60000000000002 115.19999999999999 -156.8
v 153.60000000000002 51.199999999999996 -81.60000000000001
v 153.60000000000002 102.39999999999999 -87.20000000000002
v 153.60000000000002 51.199999999999996 -81.60000000000001
v 153.60000000000002 -1.410793112617751e-14 -115.2
v 153.60000000000002 51.19999999999998 -156.8
v 153.60000000000002 -1.7243026931994733e-14 -140.8
v 153.60000000000002 153.60000000000002 -90.40000000000002
v 153.60000000000002 102.39999999999999 -87.20000000000002
v 153.60000000000002 153.6 -134.40000000000003
v 153.60000000000002 140.79999999999998 -156.80000000000004
vt 0.96875 0.96875
vt 0.96875 0.96875
vt 0.96875 0.96875
vt 0.96875 0.96875
vt 0.96875 0.96875
vt 0.96875 0.96875
vt 0.96875 0.96875
vt 0.96875 0.96875
vt 0.96875 0.96875
vt 0.96875 0.96875
vt 0.96875 0.96875
vt 0.96875 0.96875
vt 0.96875 0.96875
vt 0.96875 0.96875
vt 0.96875 0.96875
vt 0.96875 0.96875
vt 0.96875 0.96875
vt 0.96875 0.96875
vt 0.96875 0.96875
vt 0.96875 0.96875
vt 0.96875 0.96875
vt 0.96875 0.96875
vt 0.96875 0.96875
vt 0.96875 0.96875
vt 0.96875 0.96875
vt 0.96875 0.96875
vt 0.96875 0.96875
vt 0.96875 0.96875
vt 0.96875 0.96875
vt 0.96875 0.96875
vn -1 0 0
vn -1 0 0
vn -1 0 0
vn -1 0 0
vn -1 0 0
vn -1 0 0
vn -1 0 0
vn -1 0 0
vn -1 0 0
vn -1 0 0
vn -1 0 0
vn -1 0 0
vn -1 0 0
vn -1 0 0
vn -1 0 0
vn -1 0 0
vn -1 0 0
vn -1 0 0
vn -1 0 0
vn -1 0 0
vn -1 0 0
vn -1 0 0
vn -1 0 0
vn -1 0 0
vn -1 0 0
vn -1 0 0
vn -1 0 0
vn -1 0 0
vn -1 0 0
vn -1 0 0
f 2042/2042/2042 2041/2041/2041 2040/2040/2040
f 2045/2045/2045 2044/2044/2044 2043/2043/2043
f 2048/2048/2048 2047/2047/2047 2046/2046/2046
f 2051/2051/2051 2050/2050/2050 2049/2049/2049
f 2054/2054/2054 2053/2053/2053 2052/2052/2052
f 2057/2057/2057 2056/2056/2056 2055/2055/2055
f 2060/2060/2060 2059/2059/2059 2058/2058/2058
f 2059/2059/2059 2060/2060/2060 2061/2061/2061
f 2064/2064/2064 2063/2063/2063 2062/2062/2062
f 2063/2063/2063 2064/2064/2064 2065/2065/2065
f 2068/2068/2068 2067/2067/2067 2066/2066/2066
f 2067/2067/2067 2068/2068/2068 2069/2069/2069
o mesh_25
usemtl mat8
v 102.4 51.199999999999996 -64
v 89.60000000000001 51.199999999999996 -64
v 89.60000000000001 38.4 -64
vt 0 0.5
vt 0.0859375 0.5
vt 0.0859375 0.6171875
vn 0 -1.2246467991473532e-16 -1
vn 0 -1.2246467991473532e-16 -1
vn 0 -1.2246467991473532e-16 -1
f 2072/2072/2072 2071/2071/2071 2070/2070/2070
o mesh_26
usemtl mat7
v 102.4 -7.83773951454306e-15 -64
v 102.4 51.199999999999996 -64
v 89.60000000000001 38.4 -64
v 102.4 51.199999999999996 -64
v 102.4 -7.83773951454306e-15 -64
v 128 -7.83773951454306e-15 -64
v 128 51.199999999999996 -81.60000000000001
v 102.4 63.99999999999999 -64.00000000000001
v 102.4 51.199999999999996 -64
v 102.4 63.99999999999999 -64.00000000000001
v 128 51.199999999999996 -81.60000000000001
v 128 102.39999999999999 -80.80000000000003
v 153.60000000000002 51.199999999999996 -81.60000000000001
v 153.60000000000002 102.39999999999999 -87.20000000000002
v 128 102.39999999999999 -80.80000000000003
v 128 153.60000000000002 -84.00000000000001
v 102.4 153.60000000000002 -46.40000000000003
v 102.4 127.99999999999999 -67.20000000000002
v 128 102.39999999999999 -80.80000000000003
v 128 51.199999999999996 -81.60000000000001
v 153.60000000000002 51.199999999999996 -81.60000000000001
v 102.4 127.99999999999999 -67.20000000000002
v 128 102.39999999999999 -80.80000000000003
v 128 153.60000000000002 -84.00000000000001
v 128 102.39999999999999 -80.80000000000003
v 102.4 89.6 -64.00000000000001
v 102.4 63.99999999999999 -64.00000000000001
v 102.4 89.6 -64.00000000000001
v 128 102.39999999999999 -80.80000000000003
v 102.4 127.99999999999999 -67.20000000000002
v 128 -7.83773951454306e-15 -64
v 128 51.199999999999996 -81.60000000000001
v 102.4 51.199999999999996 -64
v 153.60000000000002 153.60000000000002 -90.40000000000002
v 128 153.60000000000002 -84.00000000000001
v 153.60000000000002 102.39999999999999 -87.20000000000002
v 128 102.39999999999999 -80.80000000000003
v 153.60000000000002 51.199999999999996 -81.60000000000001
v 128 51.199999999999996 -81.60000000000001
v 153.60000000000002 -7.83773951454306e-15 -64
v 128 -7.83773951454306e-15 -64
vt 0 0.9921875
vt 0 0.5
vt 0.1171875 0.6171875
vt 0.4921875 0.5
vt 0.4921875 0.9921875
vt 0.2421875 0.9921875
vt 0.2421875 0.9921875
vt 0.4921875 0.8671875
vt 0.4921875 0.9921875
vt 0.4921875 0.8671875
vt 0.2421875 0.9921875
vt 0.2421875 0.5
vt 0 0.9921875
vt 0 0.5
vt 0.2421875 0.5
vt 0.2421875 0.5
vt 0.4921875 0.5
vt 0.4921875 0.6953125
vt 0.2421875 0.5
vt 0.2421875 0.9921875
vt 0 0.9921875
vt 0.4921875 0.6953125
vt 0.25 0.9921875
vt 0.2421875 0.5
vt 0.2421875 0.5
vt 0.4921875 0.5
vt 0.4921875 0.8671875
vt 0.4921875 0.9921875
vt 0.25 0.9921875
vt 0.4921875 0.6953125
vt 0.2421875 0.9921875
vt 0.25 0.5
vt 0.4921875 0.5
vt 0 0.5
vt 0.2421875 0.5
vt 0 0.9921875
vt 0.25 0.9921875
vt 0 0.5
vt 0.25 0.5
vt 0 0.9921875
vt 0.2421875 0.9921875
vn 0 -1.2246467991473532e-16 -1
vn 0 -1.2246467991473532e-16 -1
vn 0 -1.2246467991473532e-16 -1
vn 0 -1.2246467991473532e-16 -1
vn 0 -1.2246467991473532e-16 -1
vn 0 -1.2246467991473532e-16 -1
vn -0.5665288152981447 -1.0091603112234323e-16 -0.8240419294167505
vn -0.5665288152981447 -1.0091603112234323e-16 -0.8240419294167505
vn -0.5665288152981447 -1.0091603112234323e-16 -0.8240419294167505
vn -0.5620863459928189 0.01292152521664683 -0.8269776138654036
vn -0.5620863459928189 0.01292152521664683 -0.8269776138654036
vn -0.5620863459928189 0.01292152521664683 -0.8269776138654036
vn -0.2411816703060758 -0.105516977033618 -0.9647266812243032
vn -0.2411816703060758 -0.105516977033618 -0.9647266812243032
vn -0.2411816703060758 -0.105516977033618 -0.9647266812243032
vn -0.7517354293538252 0.41585363859974134 -0.5118198858168523
vn -0.7517354293538252 0.41585363859974134 -0.5118198858168523
vn -0.7517354293538252 0.41585363859974134 -0.5118198858168523
vn 0 0.015623093000541991 -0.9998779520346952
vn 0 0.015623093000541991 -0.9998779520346952
vn 0 0.015623093000541991 -0.9998779520346952
vn -0.509803115424763 -0.05366348465777821 -0.8586157545244498
vn -0.509803115424763 -0.05366348465777821 -0.8586157545244498
vn -0.509803115424763 -0.05366348465777821 -0.8586157545244498
vn -0.5486564675257115 -1.0238633770136496e-16 -0.8360478937490411
vn -0.5486564675257115 -1.0238633770136496e-16 -0.8360478937490411
vn -0.5486564675257115 -1.0238633770136496e-16 -0.8360478937490411
vn -0.5222875454385553 -0.07081864745077415 -0.8498237694092887
vn -0.5222875454385553 -0.07081864745077415 -0.8498237694092887
vn -0.5222875454385553 -0.07081864745077415 -0.8498237694092887
vn -0.5450823809398136 -0.2725411904699069 -0.7928470832930079
vn -0.5450823809398136 -0.2725411904699069 -0.7928470832930079
vn -0.5450823809398136 -0.2725411904699069 -0.7928470832930079
vn -0.24209101306752095 -0.060522753266880364 -0.9683640522700838
vn -0.24209101306752095 -0.060522753266880364 -0.9683640522700838
vn -0.24209101306752095 -0.060522753266880364 -0.9683640522700838
vn -0.24209101306752095 -0.060522753266880364 -0.9683640522700838
vn 0 -0.32507977517427483 -0.9456865970143824
vn 0 -0.32507977517427483 -0.9456865970143824
vn 0 -0.32507977517427483 -0.9456865970143824
vn 0 -0.32507977517427483 -0.9456865970143824
f 2075/2075/2075 2074/2074/2074 2073/2073/2073
f 2078/2078/2078 2077/2077/2077 2076/2076/2076
f 2081/2081/2081 2080/2080/2080 2079/2079/2079
f 2084/2084/2084 2083/2083/2083 2082/2082/2082
f 2087/2087/2087 2086/2086/2086 2085/2085/2085
f 2090/2090/2090 2089/2089/2089 2088/2088/2088
f 2093/2093/2093 2092/2092/2092 2091/2091/2091
f 2096/2096/2096 2095/2095/2095 2094/2094/2094
f 2099/2099/2099 2098/2098/2098 2097/2097/2097
f 2102/2102/2102 2101/2101/2101 2100/2100/2100
f 2105/2105/2105 2104/2104/2104 2103/2103/2103
f 2108/2108/2108 2107/2107/2107 2106/2106/2106
f 2107/2107/2107 2108/2108/2108 2109/2109/2109
f 2112/2112/2112 2111/2111/2111 2110/2110/2110
f 2111/2111/2111 2112/2112/2112 2113/2113/2113
o mesh_27
usemtl mat1
v 102.4 63.99999999999999 -64.00000000000001
v 89.60000000000001 76.8 -64.00000000000001
v 89.60000000000001 63.99999999999999 -64.00000000000001
v 92.80000000000001 102.39999999999999 -76.80000000000003
v 102.4 102.39999999999999 -76.80000000000003
v 102.4 127.99999999999999 -67.20000000000002
v 102.4 127.99999999999999 -67.20000000000002
v 89.60000000000001 127.99999999999999 -64.00000000000001
v 92.80000000000001 102.39999999999999 -76.80000000000003
v 89.60000000000001 127.99999999999999 -64.00000000000001
v 89.60000000000001 102.39999999999999 -64.00000000000001
v 92.80000000000001 102.39999999999999 -76.80000000000003
v 102.4 102.39999999999999 -76.80000000000003
v 102.4 92.8 -76.80000000000003
v 102.4 89.6 -64.00000000000001
v 89.60000000000001 102.4 -51.20000000000002
v 89.60000000000001 89.60000000000001 -51.20000000000002
v 89.60000000000001 89.60000000000001 -54.40000000000002
v 89.60000000000001 102.4 -51.20000000000002
v 89.60000000000001 102.39999999999999 -64.00000000000001
v 89.60000000000001 127.99999999999999 -64.00000000000001
v 102.4 153.60000000000002 -46.40000000000003
v 89.60000000000001 153.60000000000002 -46.40000000000003
v 102.4 127.99999999999999 -67.20000000000002
v 102.4 89.6 -64.00000000000001
v 102.4 127.99999999999999 -67.20000000000002
v 102.4 102.39999999999999 -76.80000000000003
v 89.60000000000001 153.60000000000002 -46.40000000000003
v 89.60000000000001 127.99999999999999 -64.00000000000001
v 102.4 127.99999999999999 -67.20000000000002
v 89.60000000000001 76.80000000000001 -54.40000000000001
v 89.60000000000001 76.80000000000001 -51.20000000000001
v 89.60000000000001 63.99999999999999 -51.20000000000001
v 89.60000000000001 89.60000000000001 -54.40000000000002
v 89.60000000000001 89.60000000000001 -51.20000000000002
v 89.60000000000001 76.80000000000001 -54.40000000000001
v 89.60000000000001 76.80000000000001 -51.20000000000001
v 89.60000000000001 128 -25.600000000000016
v 89.60000000000001 128 -38.40000000000002
v 89.60000000000001 153.60000000000002 -25.60000000000002
v 89.60000000000001 153.60000000000002 -38.40000000000003
v 102.4 51.199999999999996 -64
v 102.4 63.99999999999999 -64.00000000000001
v 89.60000000000001 51.199999999999996 -64
v 89.60000000000001 63.99999999999999 -64.00000000000001
v 102.4 92.8 -76.80000000000003
v 92.80000000000001 92.8 -76.80000000000003
v 102.4 89.6 -64.00000000000001
v 89.60000000000001 89.6 -64.00000000000001
v 89.60000000000001 89.60000000000001 -54.40000000000002
v 89.60000000000001 89.6 -64.00000000000001
v 89.60000000000001 102.4 -51.20000000000002
v 89.60000000000001 102.39999999999999 -64.00000000000001
v 89.60000000000001 153.60000000000002 -25.60000000000002
v 89.60000000000001 153.60000000000002 -12.80000000000002
v 89.60000000000001 128 -25.600000000000016
v 89.60000000000001 128 -12.800000000000017
v 102.4 92.8 -76.80000000000003
v 102.4 102.39999999999999 -76.80000000000003
v 92.80000000000001 92.8 -76.80000000000003
v 92.80000000000001 102.39999999999999 -76.80000000000003
v 102.4 63.99999999999999 -64.00000000000001
v 102.4 89.6 -64.00000000000001
v 89.60000000000001 76.8 -64.00000000000001
v 89.60000000000001 89.6 -64.00000000000001
v 89.60000000000001 153.60000000000002 -1.8810574834903348e-14
v 89.60000000000001 128 -1.567547902908612e-14
v 89.60000000000001 153.60000000000002 -12.80000000000002
v 89.60000000000001 128 -12.800000000000017
vt 0.25 0.3046875
vt 0.3671875 0.1875
vt 0.3671875 0.3046875
vt 0.0859375 0.328125
vt 0 0.328125
vt 0 0.0625
vt 0 0.0625
vt 0.1171875 0.0625
vt 0.0859375 0.328125
vt 0.1171875 0.2421875
vt 0.1171875 0.4921875
vt 0 0.4921875
vt 0.3671875 0.296875
vt 0.3671875 0.3828125
vt 0.2421875 0.4140625
vt 0.2421875 0.0625
vt 0.2421875 0.1796875
vt 0.2109375 0.1796875
vt 0.2421875 0.4921875
vt 0.1171875 0.4921875
vt 0.1171875 0.2421875
vt 0 0.0625
vt 0.1171875 0.0625
vt 0 0.3046875
vt 0.2421875 0.4140625
vt 0.2734375 0.0625
vt 0.3671875 0.296875
vt 0.1171875 0.0625
vt 0.1171875 0.3046875
vt 0 0.3046875
vt 0.2109375 0.3046875
vt 0.2421875 0.3046875
vt 0.2421875 0.4296875
vt 0.2109375 0.1796875
vt 0.2421875 0.1796875
vt 0.2109375 0.3046875
vt 0.2421875 0.3046875
vt 0.4921875 0.2421875
vt 0.3671875 0.2421875
vt 0.4921875 0
vt 0.3671875 0
vt 0.25 0.4296875
vt 0.25 0.3046875
vt 0.3671875 0.4296875
vt 0.3671875 0.3046875
vt 0 0.2421875
vt 0.0859375 0.234375
vt 0 0.359375
vt 0.125 0.359375
vt 0.2109375 0.1796875
vt 0.1171875 0.1796875
vt 0.2421875 0.0625
vt 0.1171875 0.0625
vt 0 0
vt 0.1171875 0
vt 0 0.2421875
vt 0.1171875 0.2421875
vt 0 0.4296875
vt 0 0.328125
vt 0.0859375 0.4296875
vt 0.0859375 0.328125
vt 0.25 0.3046875
vt 0.25 0.0625
vt 0.3671875 0.1875
vt 0.3671875 0.0625
vt 0.2421875 0
vt 0.2421875 0.2421875
vt 0.1171875 0
vt 0.1171875 0.2421875
vn 0 -1.2246467991473532e-16 -1
vn 0 -1.2246467991473532e-16 -1
vn 0 -1.2246467991473532e-16 -1
vn 0 0.3511234481204074 -0.9363291751195387
vn 0 0.3511234481204074 -0.9363291751195387
vn 0 0.3511234481204074 -0.9363291751195387
vn -0.2207789300345868 0.41396049195220497 -0.8831157201383472
vn -0.2207789300345868 0.41396049195220497 -0.8831157201383472
vn -0.2207789300345868 0.41396049195220497 -0.8831157201383472
vn -0.9701425001453319 -2.970204768799478e-17 -0.24253562503633297
vn -0.9701425001453319 -2.970204768799478e-17 -0.24253562503633297
vn -0.9701425001453319 -2.970204768799478e-17 -0.24253562503633297
vn 1 0 0
vn 1 0 0
vn 1 0 0
vn -1 0 0
vn -1 0 0
vn -1 0 0
vn -1 0 0
vn -1 0 0
vn -1 0 0
vn 0 0.630592643045982 -0.7761139855306581
vn 0 0.630592643045982 -0.7761139855306581
vn 0 0.630592643045982 -0.7761139855306581
vn 1 0 0
vn 1 0 0
vn 1 0 0
vn -0.20177330808796567 0.5548766046924858 -0.8070932323518627
vn -0.20177330808796567 0.5548766046924858 -0.8070932323518627
vn -0.20177330808796567 0.5548766046924858 -0.8070932323518627
vn -1 0 0
vn -1 0 0
vn -1 0 0
vn -1 0 0
vn -1 0 0
vn -1 0 0
vn -1 0 0
vn -1 0 0
vn -1 0 0
vn -1 0 0
vn -1 0 0
vn 0 -1.2246467991473532e-16 -1
vn 0 -1.2246467991473532e-16 -1
vn 0 -1.2246467991473532e-16 -1
vn 0 -1.2246467991473532e-16 -1
vn 0 -0.9701425001453319 -0.24253562503633283
vn 0 -0.9701425001453319 -0.24253562503633283
vn 0 -0.9701425001453319 -0.24253562503633283
vn 0 -0.9701425001453319 -0.24253562503633283
vn -1 0 0
vn -1 0 0
vn -1 0 0
vn -1 0 0
vn -1 0 0
vn -1 0 0
vn -1 0 0
vn -1 0 0
vn 0 -1.2246467991473532e-16 -1
vn 0 -1.2246467991473532e-16 -1
vn 0 -1.2246467991473532e-16 -1
vn 0 -1.2246467991473532e-16 -1
vn 0 -1.2246467991473532e-16 -1
vn 0 -1.2246467991473532e-16 -1
vn 0 -1.2246467991473532e-16 -1
vn 0 -1.2246467991473532e-16 -1
vn -1 0 0
vn -1 0 0
vn -1 0 0
vn -1 0 0
f 2116/2116/2116 2115/2115/2115 2114/2114/2114
f 2119/2119/2119 2118/2118/2118 2117/2117/2117
f 2122/2122/2122 2121/2121/2121 2120/2120/2120
f 2125/2125/2125 2124/2124/2124 2123/2123/2123
f 2128/2128/2128 2127/2127/2127 2126/2126/2126
f 2131/2131/2131 2130/2130/2130 2129/2129/2129
f 2134/2134/2134 2133/2133/2133 2132/2132/2132
f 2137/2137/2137 2136/2136/2136 2135/2135/2135
f 2140/2140/2140 2139/2139/2139 2138/2138/2138
f 2143/2143/2143 2142/2142/2142 2141/2141/2141
f 2146/2146/2146 2145/2145/2145 2144/2144/2144
f 2149/2149/2149 2148/2148/2148 2147/2147/2147
f 2148/2148/2148 2149/2149/2149 2150/2150/2150
f 2153/2153/2153 2152/2152/2152 2151/2151/2151
f 2152/2152/2152 2153/2153/2153 2154/2154/2154
f 2157/2157/2157 2156/2156/2156 2155/2155/2155
f 2156/2156/2156 2157/2157/2157 2158/2158/2158
f 2161/2161/2161 2160/2160/2160 2159/2159/2159
f 2160/2160/2160 2161/2161/2161 2162/2162/2162
f 2165/2165/2165 2164/2164/2164 2163/2163/2163
f 2164/2164/2164 2165/2165/2165 2166/2166/2166
f 2169/2169/2169 2168/2168/2168 2167/2167/2167
f 2168/2168/2168 2169/2169/2169 2170/2170/2170
f 2173/2173/2173 2172/2172/2172 2171/2171/2171
f 2172/2172/2172 2173/2173/2173 2174/2174/2174
f 2177/2177/2177 2176/2176/2176 2175/2175/2175
f 2176/2176/2176 2177/2177/2177 2178/2178/2178
f 2181/2181/2181 2180/2180/2180 2179/2179/2179
f 2180/2180/2180 2181/2181/2181 2182/2182/2182
o mesh_28
usemtl mat12
v 89.60000000000001 51.199999999999996 -38.40000000000001
v 89.60000000000001 51.199999999999996 -51.20000000000001
v 89.60000000000001 63.99999999999999 -51.20000000000001
v 89.60000000000001 76.80000000000001 -38.40000000000001
v 89.60000000000001 76.80000000000001 -51.20000000000001
v 89.60000000000001 89.60000000000001 -51.20000000000002
vt 0.125 0.9921875
vt 0 0.9921875
vt 0 0.875
vt 0.125 0.75
vt 0 0.75
vt 0 0.625
vn -1 0 0
vn -1 0 0
vn -1 0 0
vn -1 0 0
vn -1 0 0
vn -1 0 0
f 2185/2185/2185 2184/2184/2184 2183/2183/2183
f 2188/2188/2188 2187/2187/2187 2186/2186/2186
o mesh_29
usemtl mat13
v 89.60000000000001 51.2 -6.270191611634449e-15
v 89.60000000000001 38.400000000000006 -4.702643708725837e-15
v 89.60000000000001 51.2 -12.800000000000008
v 89.60000000000001 38.400000000000006 -12.800000000000006
v 89.60000000000001 51.2 -25.60000000000001
v 89.60000000000001 51.2 -12.800000000000008
v 89.60000000000001 38.400000000000006 -25.600000000000005
v 89.60000000000001 38.400000000000006 -12.800000000000006
v 89.60000000000001 38.4 -38.40000000000001
v 89.60000000000001 51.199999999999996 -38.40000000000001
v 89.60000000000001 38.400000000000006 -25.600000000000005
v 89.60000000000001 51.2 -25.60000000000001
v 89.60000000000001 38.4 -51.20000000000001
v 89.60000000000001 51.199999999999996 -51.20000000000001
v 89.60000000000001 38.4 -38.40000000000001
v 89.60000000000001 51.199999999999996 -38.40000000000001
vt 0.6171875 0.5
vt 0.6171875 0.6171875
vt 0.5 0.5
vt 0.5 0.6171875
vt 0.375 0.5
vt 0.5 0.5
vt 0.375 0.6171875
vt 0.5 0.6171875
vt 0.25 0.6171875
vt 0.25 0.5
vt 0.375 0.6171875
vt 0.375 0.5
vt 0.125 0.6171875
vt 0.125 0.5
vt 0.25 0.6171875
vt 0.25 0.5
vn -1 0 0
vn -1 0 0
vn -1 0 0
vn -1 0 0
vn -1 0 0
vn -1 0 0
vn -1 0 0
vn -1 0 0
vn -1 0 0
vn -1 0 0
vn -1 0 0
vn -1 0 0
vn -1 0 0
vn -1 0 0
vn -1 0 0
vn -1 0 0
f 2191/2191/2191 2190/2190/2190 2189/2189/2189
f 2190/2190/2190 2191/2191/2191 2192/2192/2192
f 2195/2195/2195 2194/2194/2194 2193/2193/2193
f 2194/2194/2194 2195/2195/2195 2196/2196/2196
f 2199/2199/2199 2198/2198/2198 2197/2197/2197
f 2198/2198/2198 2199/2199/2199 2200/2200/2200
f 2203/2203/2203 2202/2202/2202 2201/2201/2201
f 2202/2202/2202 2203/2203/2203 2204/2204/2204
o mesh_30
usemtl mat13
v 51.2 44.800000000000004 -5.486417660180143e-15
v 51.2 38.400000000000006 -4.702643708725837e-15
v 64 38.400000000000006 -4.702643708725837e-15
v 38.400000000000006 51.2 -6.270191611634449e-15
v 38.400000000000006 44.800000000000004 -5.486417660180143e-15
v 44.800000000000004 44.800000000000004 -5.486417660180143e-15
v 38.400000000000006 51.2 -6.270191611634449e-15
v 44.800000000000004 44.800000000000004 -5.486417660180143e-15
v 51.2 51.2 -6.270191611634449e-15
v 51.2 44.800000000000004 -5.486417660180143e-15
v 76.80000000000001 51.2 -6.270191611634449e-15
v 64 51.2 -6.270191611634449e-15
v 76.80000000000001 38.400000000000006 -4.702643708725837e-15
v 64 38.400000000000006 -4.702643708725837e-15
v 89.60000000000001 38.400000000000006 -4.702643708725837e-15
v 89.60000000000001 51.2 -6.270191611634449e-15
v 76.80000000000001 38.400000000000006 -4.702643708725837e-15
v 76.80000000000001 51.2 -6.270191611634449e-15
v 64 38.400000000000006 -4.702643708725837e-15
v 64 51.2 -6.270191611634449e-15
v 51.2 44.800000000000004 -5.486417660180143e-15
v 51.2 51.2 -6.270191611634449e-15
vt 0.4921875 0.5546875
vt 0.4921875 0.6171875
vt 0.3671875 0.6171875
vt 0.6171875 0.5
vt 0.6171875 0.5546875
vt 0.5546875 0.5546875
vt 0.6171875 0.5
vt 0.5546875 0.5546875
vt 0.4921875 0.5
vt 0.4921875 0.5546875
vt 0.2421875 0.5
vt 0.3671875 0.5
vt 0.2421875 0.6171875
vt 0.3671875 0.6171875
vt 0.125 0.6171875
vt 0.125 0.5
vt 0.2421875 0.6171875
vt 0.2421875 0.5
vt 0.3671875 0.6171875
vt 0.3671875 0.5
vt 0.4921875 0.5546875
vt 0.4921875 0.5
vn 0 -1.2246467991473532e-16 -1
vn 0 -1.2246467991473532e-16 -1
vn 0 -1.2246467991473532e-16 -1
vn 0 -1.2246467991473532e-16 -1
vn 0 -1.2246467991473532e-16 -1
vn 0 -1.2246467991473532e-16 -1
vn 0 -1.2246467991473532e-16 -1
vn 0 -1.2246467991473532e-16 -1
vn 0 -1.2246467991473532e-16 -1
vn 0 -1.2246467991473532e-16 -1
vn 0 -1.2246467991473532e-16 -1
vn 0 -1.2246467991473532e-16 -1
vn 0 -1.2246467991473532e-16 -1
vn 0 -1.2246467991473532e-16 -1
vn 0 -1.2246467991473532e-16 -1
vn 0 -1.2246467991473532e-16 -1
vn 0 -1.2246467991473532e-16 -1
vn 0 -1.2246467991473532e-16 -1
vn 0 -1.2246467991473532e-16 -1
vn 0 -1.2246467991473532e-16 -1
vn 0 -1.2246467991473532e-16 -1
vn 0 -1.2246467991473532e-16 -1
f 2207/2207/2207 2206/2206/2206 2205/2205/2205
f 2210/2210/2210 2209/2209/2209 2208/2208/2208
f 2213/2213/2213 2212/2212/2212 2211/2211/2211
f 2212/2212/2212 2213/2213/2213 2214/2214/2214
f 2217/2217/2217 2216/2216/2216 2215/2215/2215
f 2216/2216/2216 2217/2217/2217 2218/2218/2218
f 2221/2221/2221 2220/2220/2220 2219/2219/2219
f 2220/2220/2220 2221/2221/2221 2222/2222/2222
f 2225/2225/2225 2224/2224/2224 2223/2223/2223
f 2224/2224/2224 2225/2225/2225 2226/2226/2226
o mesh_31
usemtl mat14
v 25.6 64 -7.83773951454306e-15
v 25.6 51.2 -6.270191611634449e-15
v 38.400000000000006 51.2 -6.270191611634449e-15
vt 0.6171875 0.8671875
vt 0.6171875 0.9921875
vt 0.5 0.9921875
vn 0 -1.2246467991473532e-16 -1
vn 0 -1.2246467991473532e-16 -1
vn 0 -1.2246467991473532e-16 -1
f 2229/2229/2229 2228/2228/2228 2227/2227/2227
o mesh_32
usemtl mat9
v 38.400000000000006 51.2 -6.270191611634449e-15
v 25.6 51.2 -6.270191611634449e-15
v 38.400000000000006 44.800000000000004 -5.486417660180143e-15
v 25.6 44.800000000000004 -5.486417660180143e-15
vt 0.625 0.375
vt 0.7421875 0.375
vt 0.625 0.4296875
vt 0.7421875 0.4296875
vn 0 -1.2246467991473532e-16 -1
vn 0 -1.2246467991473532e-16 -1
vn 0 -1.2246467991473532e-16 -1
vn 0 -1.2246467991473532e-16 -1
f 2232/2232/2232 2231/2231/2231 2230/2230/2230
f 2231/2231/2231 2232/2232/2232 2233/2233/2233
o mesh_33
usemtl mat1
v 89.60000000000001 153.60000000000002 -1.8810574834903348e-14
v 76.80000000000001 153.60000000000002 -1.8810574834903348e-14
v 89.60000000000001 128 -1.567547902908612e-14
v 76.80000000000001 128 -1.567547902908612e-14
v 64 128 -1.567547902908612e-14
v 76.80000000000001 128 -1.567547902908612e-14
v 64 153.60000000000002 -1.8810574834903348e-14
v 76.80000000000001 153.60000000000002 -1.8810574834903348e-14
v 64 153.60000000000002 -1.8810574834903348e-14
v 51.2 153.60000000000002 -1.8810574834903348e-14
v 64 128 -1.567547902908612e-14
v 51.2 128 -1.567547902908612e-14
vt 0.375 0
vt 0.4921875 0
vt 0.375 0.2421875
vt 0.4921875 0.2421875
vt 0.125 0.25
vt 0 0.25
vt 0.125 0
vt 0 0
vt 0.125 0
vt 0.25 0
vt 0.125 0.25
vt 0.25 0.25
vn 0 -1.2246467991473532e-16 -1
vn 0 -1.2246467991473532e-16 -1
vn 0 -1.2246467991473532e-16 -1
vn 0 -1.2246467991473532e-16 -1
vn 0 -1.2246467991473532e-16 -1
vn 0 -1.2246467991473532e-16 -1
vn 0 -1.2246467991473532e-16 -1
vn 0 -1.2246467991473532e-16 -1
vn 0 -1.2246467991473532e-16 -1
vn 0 -1.2246467991473532e-16 -1
vn 0 -1.2246467991473532e-16 -1
vn 0 -1.2246467991473532e-16 -1
f 2236/2236/2236 2235/2235/2235 2234/2234/2234
f 2235/2235/2235 2236/2236/2236 2237/2237/2237
f 2240/2240/2240 2239/2239/2239 2238/2238/2238
f 2239/2239/2239 2240/2240/2240 2241/2241/2241
f 2244/2244/2244 2243/2243/2243 2242/2242/2242
f 2243/2243/2243 2244/2244/2244 2245/2245/2245
o mesh_34
usemtl mat7
v 16 127.99999999999999 -96.00000000000001
v 0 127.99999999999999 -96.00000000000001
v 0 102.39999999999999 -83.20000000000002
v 0 102.39999999999999 -83.20000000000002
v 8.8 102.39999999999999 -84.80000000000003
v 16 127.99999999999999 -96.00000000000001
v 8.8 102.39999999999999 -84.80000000000003
v 0 102.39999999999999 -83.20000000000002
v 0 76.8 -89.60000000000002
v 16 51.199999999999996 -76.80000000000001
v 9.600000000000001 51.199999999999996 -67.2
v 0 -7.83773951454306e-15 -64
v 9.600000000000001 51.199999999999996 -67.2
v 0 51.199999999999996 -76.80000000000001
v 0 -7.83773951454306e-15 -64
v 16 102.39999999999999 -76.80000000000003
v 16 127.99999999999999 -83.20000000000002
v 16 127.99999999999999 -96.00000000000001
v 0 51.199999999999996 -76.80000000000001
v 9.600000000000001 51.199999999999996 -67.2
v 9.600000000000001 76.8 -67.20000000000002
v -25.6 153.60000000000002 -80.00000000000001
v -25.6 102.39999999999999 -89.60000000000002
v 0 127.99999999999999 -96.00000000000001
v 16 127.99999999999999 -96.00000000000001
v 19.200000000000003 153.60000000000002 -89.60000000000002
v 9.600000000000001 153.60000000000002 -96.00000000000001
v 0 76.8 -89.60000000000002
v 9.600000000000001 76.8 -67.20000000000002
v 16 102.39999999999999 -76.80000000000003
v 0 76.8 -89.60000000000002
v 0 102.39999999999999 -83.20000000000002
v -25.6 102.39999999999999 -89.60000000000002
v 0 153.60000000000002 -89.60000000000002
v -25.6 153.60000000000002 -80.00000000000001
v 0 127.99999999999999 -96.00000000000001
v -25.6 51.19999999999999 -89.60000000000001
v 0 51.199999999999996 -76.80000000000001
v 0 76.8 -89.60000000000002
v 9.600000000000001 76.8 -67.20000000000002
v 0 76.8 -89.60000000000002
v 0 51.199999999999996 -76.80000000000001
v 0 76.8 -89.60000000000002
v -25.6 102.39999999999999 -89.60000000000002
v -25.6 51.19999999999999 -89.60000000000001
v -25.6 102.39999999999999 -89.60000000000002
v 0 102.39999999999999 -83.20000000000002
v 0 127.99999999999999 -96.00000000000001
v 0 76.8 -89.60000000000002
v 16 102.39999999999999 -76.80000000000003
v 8.8 102.39999999999999 -84.80000000000003
v 9.600000000000001 153.60000000000002 -96.00000000000001
v 0 153.60000000000002 -89.60000000000002
v 0 127.99999999999999 -96.00000000000001
v 16 127.99999999999999 -96.00000000000001
v 8.8 102.39999999999999 -84.80000000000003
v 16 102.39999999999999 -76.80000000000003
v 0 127.99999999999999 -96.00000000000001
v 16 127.99999999999999 -96.00000000000001
v 9.600000000000001 153.60000000000002 -96.00000000000001
v 0 -7.83773951454306e-15 -64
v 25.6 -7.83773951454306e-15 -64
v 16 51.199999999999996 -76.80000000000001
v 25.6 -7.83773951454306e-15 -64
v 25.6 51.199999999999996 -76.80000000000001
v 16 51.199999999999996 -76.80000000000001
v 0 51.199999999999996 -76.80000000000001
v -25.6 51.19999999999999 -89.60000000000001
v 0 -7.83773951454306e-15 -64
v -25.6 -9.405287417451674e-15 -76.80000000000001
v 19.200000000000003 153.60000000000002 -89.60000000000002
v 16 127.99999999999999 -96.00000000000001
v 19.200000000000003 153.60000000000002 -76.80000000000003
v 16 127.99999999999999 -83.20000000000002
v 9.600000000000001 153.60000000000002 -96.00000000000001
v 19.200000000000003 153.60000000000002 -89.60000000000002
v 0 153.60000000000002 -89.60000000000002
v 19.200000000000003 153.60000000000002 -76.80000000000003
vt 0.0859375 0.7421875
vt 0.2421875 0.7421875
vt 0.2421875 0.9921875
vt 0.2421875 0.9921875
vt 0.1640625 0.9921875
vt 0.0859375 0.7421875
vt 0.15625 0.5
vt 0.2421875 0.5
vt 0.296875 0.7421875
vt 0.0859375 0.5
vt 0.1484375 0.5
vt 0.2421875 0.9921875
vt 0.1484375 0.5
vt 0.2421875 0.5
vt 0.2421875 0.9921875
vt 0 0.9921875
vt 0.0625 0.7421875
vt 0.1796875 0.7421875
vt 0.2421875 0.9921875
vt 0.1484375 0.9921875
vt 0.0625 0.7421875
vt 0.4921875 0.5
vt 0.4921875 0.9921875
vt 0.2421875 0.7421875
vt 0.0859375 0.7421875
vt 0.0625 0.5
vt 0.1484375 0.5
vt 0.296875 0.7421875
vt 0.0625 0.7421875
vt 0.09375 0.5
vt 0.296875 0.7421875
vt 0.2421875 0.5
vt 0.4921875 0.5
vt 0.2421875 0.5
vt 0.4921875 0.5
vt 0.2421875 0.7421875
vt 0.4921875 0.9921875
vt 0.2421875 0.9921875
vt 0.296875 0.7421875
vt 0.0625 0.7421875
vt 0.296875 0.7421875
vt 0.2421875 0.9921875
vt 0.296875 0.7421875
vt 0.4921875 0.5
vt 0.4921875 0.9921875
vt 0.4921875 0.9921875
vt 0.2421875 0.9921875
vt 0.2421875 0.7421875
vt 0.296875 0.7421875
vt 0.09375 0.5
vt 0.15625 0.5
vt 0.1484375 0.5
vt 0.2421875 0.5
vt 0.2421875 0.7421875
vt 0.0859375 0.7421875
vt 0.1640625 0.9921875
vt 0.0859375 0.9921875
vt 0.2421875 0.7421875
vt 0.0859375 0.7421875
vt 0.1484375 0.5
vt 0.2421875 0.9921875
vt 0 0.9921875
vt 0.0859375 0.5
vt 0 0.9921875
vt 0 0.5
vt 0.0859375 0.5
vt 0.2421875 0.5
vt 0.4921875 0.5
vt 0.2421875 0.9921875
vt 0.4921875 0.9921875
vt 0.1171875 0.5
vt 0.1796875 0.7421875
vt 0 0.5
vt 0.0625 0.7421875
vt 0.2109375 0.9921875
vt 0.09375 0.9921875
vt 0.3203125 0.8828125
vt 0.09375 0.90625
vn 0 -0.447213595499958 -0.8944271909999157
vn 0 -0.447213595499958 -0.8944271909999157
vn 0 -0.447213595499958 -0.8944271909999157
vn -0.16721185695769272 -0.3553252146615483 -0.9196652579707927
vn -0.16721185695769272 -0.3553252146615483 -0.9196652579707927
vn -0.16721185695769272 -0.3553252146615483 -0.9196652579707927
vn -0.17370793571072934 0.23884840787696235 -0.95539363150785
vn -0.17370793571072934 0.23884840787696235 -0.95539363150785
vn -0.17370793571072934 0.23884840787696235 -0.95539363150785
vn -0.8259917544268371 0.1204571283703868 -0.5506611497496764
vn -0.8259917544268371 0.1204571283703868 -0.5506611497496764
vn -0.8259917544268371 0.1204571283703868 -0.5506611497496764
vn 0.6963106238227914 -0.17407765595569794 -0.6963106238227914
vn 0.6963106238227914 -0.17407765595569794 -0.6963106238227914
vn 0.6963106238227914 -0.17407765595569794 -0.6963106238227914
vn 1 0 0
vn 1 0 0
vn 1 0 0
vn 0.7071067811865475 -8.659560562354932e-17 -0.7071067811865475
vn 0.7071067811865475 -8.659560562354932e-17 -0.7071067811865475
vn 0.7071067811865475 -8.659560562354932e-17 -0.7071067811865475
vn -0.3950328564829818 0.16929979776430085 -0.9029322348747233
vn -0.3950328564829818 0.16929979776430085 -0.9029322348747233
vn -0.3950328564829818 0.16929979776430085 -0.9029322348747233
vn 0.5494422422993644 0.137360560574841 -0.8241633932513697
vn 0.5494422422993644 0.137360560574841 -0.8241633932513697
vn 0.5494422422993644 0.137360560574841 -0.8241633932513697
vn 0.8599117566629182 -0.3531780610093947 -0.3685336185133429
vn 0.8599117566629182 -0.3531780610093947 -0.3685336185133429
vn 0.8599117566629182 -0.3531780610093947 -0.3685336185133429
vn 0.23570226039551584 0.2357022603955157 -0.9428090415820634
vn 0.23570226039551584 0.2357022603955157 -0.9428090415820634
vn 0.23570226039551584 0.2357022603955157 -0.9428090415820634
vn -0.341881716219447 0.22792115408040517 -0.9116846163216212
vn -0.341881716219447 0.22792115408040517 -0.9116846163216212
vn -0.341881716219447 0.22792115408040517 -0.9116846163216212
vn 0.408248290463863 -0.40824829046386313 -0.816496580927726
vn 0.408248290463863 -0.40824829046386313 -0.816496580927726
vn 0.408248290463863 -0.40824829046386313 -0.816496580927726
vn 0.9018192769611632 -0.1932469879202493 -0.3864939758404985
vn 0.9018192769611632 -0.1932469879202493 -0.3864939758404985
vn 0.9018192769611632 -0.1932469879202493 -0.3864939758404985
vn 0 -1.2246467991473532e-16 -1
vn 0 -1.2246467991473532e-16 -1
vn 0 -1.2246467991473532e-16 -1
vn 0.2182178902359924 -0.4364357804719849 -0.8728715609439696
vn 0.2182178902359924 -0.4364357804719849 -0.8728715609439696
vn 0.2182178902359924 -0.4364357804719849 -0.8728715609439696
vn 0.7370846138757059 -0.12898979848755207 -0.6633761405672066
vn 0.7370846138757059 -0.12898979848755207 -0.6633761405672066
vn 0.7370846138757059 -0.12898979848755207 -0.6633761405672066
vn -0.5430753726332398 0.2036532721880453 -0.8146130887521815
vn -0.5430753726332398 0.2036532721880453 -0.8146130887521815
vn -0.5430753726332398 0.2036532721880453 -0.8146130887521815
vn 0.6643638536283141 -0.44844558331771883 -0.5979274444236249
vn 0.6643638536283141 -0.44844558331771883 -0.5979274444236249
vn 0.6643638536283141 -0.44844558331771883 -0.5979274444236249
vn 0 -1.2246467991473532e-16 -1
vn 0 -1.2246467991473532e-16 -1
vn 0 -1.2246467991473532e-16 -1
vn 0 -0.24253562503633308 -0.9701425001453319
vn 0 -0.24253562503633308 -0.9701425001453319
vn 0 -0.24253562503633308 -0.9701425001453319
vn 0 -0.24253562503633308 -0.9701425001453319
vn 0 -0.24253562503633308 -0.9701425001453319
vn 0 -0.24253562503633308 -0.9701425001453319
vn 0.4364357804719848 -0.2182178902359925 -0.8728715609439696
vn 0.4364357804719848 -0.2182178902359925 -0.8728715609439696
vn 0.4364357804719848 -0.2182178902359925 -0.8728715609439696
vn 0.4364357804719848 -0.2182178902359925 -0.8728715609439696
vn 0.9922778767136676 -0.12403473458920845 1.5189874069776562e-17
vn 0.9922778767136676 -0.12403473458920845 1.5189874069776562e-17
vn 0.9922778767136676 -0.12403473458920845 1.5189874069776562e-17
vn 0.9922778767136676 -0.12403473458920845 1.5189874069776562e-17
vn 0 1 -1.2246467991473532e-16
vn 0 1 -1.2246467991473532e-16
vn 0 1 -1.2246467991473532e-16
vn 0 1 -1.2246467991473532e-16
f 2248/2248/2248 2247/2247/2247 2246/2246/2246
f 2251/2251/2251 2250/2250/2250 2249/2249/2249
f 2254/2254/2254 2253/2253/2253 2252/2252/2252
f 2257/2257/2257 2256/2256/2256 2255/2255/2255
f 2260/2260/2260 2259/2259/2259 2258/2258/2258
f 2263/2263/2263 2262/2262/2262 2261/2261/2261
f 2266/2266/2266 2265/2265/2265 2264/2264/2264
f 2269/2269/2269 2268/2268/2268 2267/2267/2267
f 2272/2272/2272 2271/2271/2271 2270/2270/2270
f 2275/2275/2275 2274/2274/2274 2273/2273/2273
f 2278/2278/2278 2277/2277/2277 2276/2276/2276
f 2281/2281/2281 2280/2280/2280 2279/2279/2279
f 2284/2284/2284 2283/2283/2283 2282/2282/2282
f 2287/2287/2287 2286/2286/2286 2285/2285/2285
f 2290/2290/2290 2289/2289/2289 2288/2288/2288
f 2293/2293/2293 2292/2292/2292 2291/2291/2291
f 2296/2296/2296 2295/2295/2295 2294/2294/2294
f 2299/2299/2299 2298/2298/2298 2297/2297/2297
f 2302/2302/2302 2301/2301/2301 2300/2300/2300
f 2305/2305/2305 2304/2304/2304 2303/2303/2303
f 2308/2308/2308 2307/2307/2307 2306/2306/2306
f 2311/2311/2311 2310/2310/2310 2309/2309/2309
f 2314/2314/2314 2313/2313/2313 2312/2312/2312
f 2313/2313/2313 2314/2314/2314 2315/2315/2315
f 2318/2318/2318 2317/2317/2317 2316/2316/2316
f 2317/2317/2317 2318/2318/2318 2319/2319/2319
f 2322/2322/2322 2321/2321/2321 2320/2320/2320
f 2321/2321/2321 2322/2322/2322 2323/2323/2323
o mesh_35
usemtl mat14
v 25.6 89.60000000000001 -12.800000000000011
v 25.6 76.80000000000001 -12.80000000000001
v 25.6 76.80000000000001 -9.405287417451674e-15
v 25.6 51.2 -6.270191611634449e-15
v 25.6 64 -7.83773951454306e-15
v 25.6 51.2 -12.800000000000008
v 25.6 64 -12.800000000000008
v 25.6 64 -7.83773951454306e-15
v 25.6 76.80000000000001 -9.405287417451674e-15
v 25.6 64 -12.800000000000008
v 25.6 76.80000000000001 -12.80000000000001
vt 0.6171875 0.625
vt 0.6171875 0.75
vt 0.5 0.75
vt 0.5 0.9921875
vt 0.5 0.875
vt 0.6171875 0.9921875
vt 0.6171875 0.875
vt 0.5 0.875
vt 0.5 0.75
vt 0.6171875 0.875
vt 0.6171875 0.75
vn 1 0 0
vn 1 0 0
vn 1 0 0
vn 1 0 0
vn 1 0 0
vn 1 0 0
vn 1 0 0
vn 1 0 0
vn 1 0 0
vn 1 0 0
vn 1 0 0
f 2326/2326/2326 2325/2325/2325 2324/2324/2324
f 2329/2329/2329 2328/2328/2328 2327/2327/2327
f 2328/2328/2328 2329/2329/2329 2330/2330/2330
f 2333/2333/2333 2332/2332/2332 2331/2331/2331
f 2332/2332/2332 2333/2333/2333 2334/2334/2334
o mesh_36
usemtl mat1
v 25.6 89.6 -76.80000000000003
v 25.6 102.39999999999999 -76.80000000000003
v 16 102.39999999999999 -76.80000000000003
v 16 76.8 -76.80000000000003
v 25.6 76.8 -76.80000000000003
v 25.6 89.6 -76.80000000000003
v 25.6 89.6 -76.80000000000003
v 16 102.39999999999999 -76.80000000000003
v 16 76.8 -76.80000000000003
v 9.600000000000001 76.8 -67.20000000000002
v 16 76.8 -76.80000000000003
v 16 102.39999999999999 -76.80000000000003
v 25.6 128 -38.40000000000002
v 25.6 102.4 -38.40000000000002
v 25.6 102.4 -32.000000000000014
v 9.600000000000001 51.199999999999996 -67.2
v 16 51.199999999999996 -76.80000000000001
v 16 63.99999999999999 -76.80000000000003
v 19.200000000000003 153.60000000000002 -76.80000000000003
v 16 127.99999999999999 -83.20000000000002
v 25.6 127.99999999999999 -83.20000000000002
v 16 102.39999999999999 -76.80000000000003
v 25.6 102.39999999999999 -76.80000000000003
v 16 127.99999999999999 -83.20000000000002
v 25.6 127.99999999999999 -83.20000000000002
v 16 63.99999999999999 -76.80000000000003
v 16 51.199999999999996 -76.80000000000001
v 25.6 63.99999999999999 -76.80000000000003
v 25.6 51.199999999999996 -76.80000000000001
v 25.6 63.99999999999999 -76.80000000000003
v 25.6 76.8 -76.80000000000003
v 16 63.99999999999999 -76.80000000000003
v 16 76.8 -76.80000000000003
v 25.6 89.6 -64.00000000000001
v 25.6 102.39999999999999 -64.00000000000001
v 25.6 89.6 -76.80000000000003
v 25.6 102.39999999999999 -76.80000000000003
v 16 63.99999999999999 -76.80000000000003
v 16 76.8 -76.80000000000003
v 9.600000000000001 51.199999999999996 -67.2
v 9.600000000000001 76.8 -67.20000000000002
vt 0 0.1796875
vt 0 0.0625
vt 0.109375 0.0625
vt 0.109375 0.3046875
vt 0 0.3046875
vt 0 0.1796875
vt 0 0.1796875
vt 0.109375 0.0625
vt 0.109375 0.3046875
vt 0.2109375 0.4296875
vt 0.125 0.4296875
vt 0.125 0.15625
vt 0.375 0.25
vt 0.375 0.4921875
vt 0.3125 0.4921875
vt 0.2109375 0.4609375
vt 0.125 0.4609375
vt 0.125 0.34375
vt 0.0546875 0
vt 0.0859375 0.2421875
vt 0 0.2421875
vt 0.0859375 0.4921875
vt 0 0.4921875
vt 0.0859375 0.2421875
vt 0 0.2421875
vt 0.1015625 0.2421875
vt 0.1015625 0.3671875
vt 0 0.2421875
vt 0 0.3671875
vt 0 0.2421875
vt 0 0.125
vt 0.1015625 0.2421875
vt 0.1015625 0.125
vt 0.2421875 0.4140625
vt 0.2421875 0.296875
vt 0.3671875 0.4140625
vt 0.3671875 0.296875
vt 0.125 0.34375
vt 0.125 0.21875
vt 0.2109375 0.4609375
vt 0.2109375 0.21875
vn 0 -1.2246467991473532e-16 -1
vn 0 -1.2246467991473532e-16 -1
vn 0 -1.2246467991473532e-16 -1
vn 0 -1.2246467991473532e-16 -1
vn 0 -1.2246467991473532e-16 -1
vn 0 -1.2246467991473532e-16 -1
vn 0 -1.2246467991473532e-16 -1
vn 0 -1.2246467991473532e-16 -1
vn 0 -1.2246467991473532e-16 -1
vn -0.8320503035077887 -6.793118029487195e-17 -0.5547001824703114
vn -0.8320503035077887 -6.793118029487195e-17 -0.5547001824703114
vn -0.8320503035077887 -6.793118029487195e-17 -0.5547001824703114
vn 1 0 0
vn 1 0 0
vn 1 0 0
vn -0.8320503035077887 -6.793118029487195e-17 -0.5547001824703114
vn -0.8320503035077887 -6.793118029487195e-17 -0.5547001824703114
vn -0.8320503035077887 -6.793118029487195e-17 -0.5547001824703114
vn 0 0.24253562503633283 -0.9701425001453319
vn 0 0.24253562503633283 -0.9701425001453319
vn 0 0.24253562503633283 -0.9701425001453319
vn 0 -0.24253562503633308 -0.9701425001453319
vn 0 -0.24253562503633308 -0.9701425001453319
vn 0 -0.24253562503633308 -0.9701425001453319
vn 0 -0.24253562503633308 -0.9701425001453319
vn 0 -1.2246467991473532e-16 -1
vn 0 -1.2246467991473532e-16 -1
vn 0 -1.2246467991473532e-16 -1
vn 0 -1.2246467991473532e-16 -1
vn 0 -1.2246467991473532e-16 -1
vn 0 -1.2246467991473532e-16 -1
vn 0 -1.2246467991473532e-16 -1
vn 0 -1.2246467991473532e-16 -1
vn 1 0 0
vn 1 0 0
vn 1 0 0
vn 1 0 0
vn -0.8320503035077887 -6.793118029487195e-17 -0.5547001824703114
vn -0.8320503035077887 -6.793118029487195e-17 -0.5547001824703114
vn -0.8320503035077887 -6.793118029487195e-17 -0.5547001824703114
vn -0.8320503035077887 -6.793118029487195e-17 -0.5547001824703114
f 2337/2337/2337 2336/2336/2336 2335/2335/2335
f 2340/2340/2340 2339/2339/2339 2338/2338/2338
f 2343/2343/2343 2342/2342/2342 2341/2341/2341
f 2346/2346/2346 2345/2345/2345 2344/2344/2344
f 2349/2349/2349 2348/2348/2348 2347/2347/2347
f 2352/2352/2352 2351/2351/2351 2350/2350/2350
f 2355/2355/2355 2354/2354/2354 2353/2353/2353
f 2358/2358/2358 2357/2357/2357 2356/2356/2356
f 2357/2357/2357 2358/2358/2358 2359/2359/2359
f 2362/2362/2362 2361/2361/2361 2360/2360/2360
f 2361/2361/2361 2362/2362/2362 2363/2363/2363
f 2366/2366/2366 2365/2365/2365 2364/2364/2364
f 2365/2365/2365 2366/2366/2366 2367/2367/2367
f 2370/2370/2370 2369/2369/2369 2368/2368/2368
f 2369/2369/2369 2370/2370/2370 2371/2371/2371
f 2374/2374/2374 2373/2373/2373 2372/2372/2372
f 2373/2373/2373 2374/2374/2374 2375/2375/2375
o mesh_37
usemtl mat9
v 25.6 51.2 -25.60000000000001
v 25.6 64 -25.60000000000001
v 22.400000000000002 64 -25.60000000000001
v 25.6 51.199999999999996 -38.40000000000001
v 22.400000000000002 63.99999999999999 -38.40000000000001
v 25.6 63.99999999999999 -38.40000000000001
v 25.6 51.199999999999996 -38.40000000000001
v 25.6 63.99999999999999 -38.40000000000001
v 25.6 63.99999999999999 -44.80000000000001
v 25.6 51.2 -19.20000000000001
v 25.6 51.2 -12.800000000000008
v 25.6 64 -19.20000000000001
v 25.6 64 -12.800000000000008
v 25.6 51.2 -6.270191611634449e-15
v 25.6 51.2 -12.800000000000008
v 25.6 44.800000000000004 -5.486417660180143e-15
v 25.6 44.800000000000004 -12.800000000000006
v 25.6 63.99999999999999 -44.80000000000001
v 25.6 63.99999999999999 -51.20000000000001
v 25.6 51.199999999999996 -38.40000000000001
v 25.6 51.199999999999996 -51.20000000000001
v 25.6 64 -19.20000000000001
v 25.6 64 -25.60000000000001
v 25.6 51.2 -19.20000000000001
v 25.6 51.2 -25.60000000000001
vt 0.625 0.4921875
vt 0.625 0.375
vt 0.6484375 0.375
vt 0.8671875 0.4921875
vt 0.8359375 0.375
vt 0.8671875 0.375
vt 0.625 0.4921875
vt 0.625 0.375
vt 0.6796875 0.375
vt 0.8046875 0.4921875
vt 0.7421875 0.4921875
vt 0.8046875 0.375
vt 0.7421875 0.375
vt 0.5 0.375
vt 0.6171875 0.375
vt 0.5 0.4296875
vt 0.6171875 0.4296875
vt 0.6796875 0.375
vt 0.7421875 0.375
vt 0.625 0.4921875
vt 0.7421875 0.4921875
vt 0.8046875 0.375
vt 0.8671875 0.375
vt 0.8046875 0.4921875
vt 0.8671875 0.4921875
vn 0 -1.2246467991473532e-16 -1
vn 0 -1.2246467991473532e-16 -1
vn 0 -1.2246467991473532e-16 -1
vn 0 1.2246467991473532e-16 1
vn 0 1.2246467991473532e-16 1
vn 0 1.2246467991473532e-16 1
vn 1 0 0
vn 1 0 0
vn 1 0 0
vn 1 0 0
vn 1 0 0
vn 1 0 0
vn 1 0 0
vn 1 0 0
vn 1 0 0
vn 1 0 0
vn 1 0 0
vn 1 0 0
vn 1 0 0
vn 1 0 0
vn 1 0 0
vn 1 0 0
vn 1 0 0
vn 1 0 0
vn 1 0 0
f 2378/2378/2378 2377/2377/2377 2376/2376/2376
f 2381/2381/2381 2380/2380/2380 2379/2379/2379
f 2384/2384/2384 2383/2383/2383 2382/2382/2382
f 2387/2387/2387 2386/2386/2386 2385/2385/2385
f 2386/2386/2386 2387/2387/2387 2388/2388/2388
f 2391/2391/2391 2390/2390/2390 2389/2389/2389
f 2390/2390/2390 2391/2391/2391 2392/2392/2392
f 2395/2395/2395 2394/2394/2394 2393/2393/2393
f 2394/2394/2394 2395/2395/2395 2396/2396/2396
f 2399/2399/2399 2398/2398/2398 2397/2397/2397
f 2398/2398/2398 2399/2399/2399 2400/2400/2400
o mesh_38
usemtl mat15
v 25.6 89.60000000000001 -51.20000000000002
v 25.6 83.2 -44.80000000000001
v 25.6 89.60000000000001 -43.20000000000002
v 25.6 94.4 -25.600000000000012
v 25.6 102.4 -12.800000000000013
v 25.6 102.4 -25.600000000000016
v 25.6 102.4 -38.40000000000002
v 25.6 102.4 -51.20000000000002
v 25.6 94.4 -38.40000000000002
v 25.6 89.60000000000001 -12.800000000000011
v 25.6 89.60000000000001 -20.80000000000001
v 25.6 83.2 -19.200000000000014
v 22.400000000000002 94.4 -25.600000000000012
v 22.400000000000002 96 -32.000000000000014
v 22.400000000000002 89.60000000000001 -32.000000000000014
v 22.400000000000002 89.60000000000001 -32.000000000000014
v 22.400000000000002 96 -32.000000000000014
v 22.400000000000002 94.4 -38.40000000000002
v 22.400000000000002 83.2 -19.200000000000014
v 22.400000000000002 83.2 -25.600000000000012
v 22.400000000000002 76.80000000000001 -19.200000000000014
v 22.400000000000002 76.80000000000001 -25.600000000000012
v 22.400000000000002 89.60000000000001 -32.000000000000014
v 22.400000000000002 87.2 -27.200000000000014
v 22.400000000000002 94.4 -25.600000000000012
v 22.400000000000002 89.60000000000001 -20.80000000000001
v 22.400000000000002 83.2 -38.40000000000001
v 22.400000000000002 87.2 -36.80000000000002
v 22.400000000000002 83.2 -44.80000000000001
v 22.400000000000002 89.60000000000001 -43.20000000000002
v 22.400000000000002 83.2 -25.600000000000012
v 22.400000000000002 87.2 -27.200000000000014
v 0 83.2 -25.600000000000012
v 0 87.2 -27.200000000000014
v 22.400000000000002 87.2 -27.200000000000014
v 22.400000000000002 89.60000000000001 -32.000000000000014
v 0 87.2 -27.200000000000014
v 0 89.60000000000001 -32.000000000000014
v 22.400000000000002 89.60000000000001 -32.000000000000014
v 22.400000000000002 87.2 -36.80000000000002
v 0 89.60000000000001 -32.000000000000014
v 0 87.2 -36.80000000000002
v 22.400000000000002 87.2 -36.80000000000002
v 22.400000000000002 83.2 -38.40000000000001
v 0 87.2 -36.80000000000002
v 0 83.2 -38.40000000000001
v 25.6 89.60000000000001 -43.20000000000002
v 25.6 94.4 -38.40000000000002
v 25.6 89.60000000000001 -51.20000000000002
v 25.6 102.4 -51.20000000000002
v 22.400000000000002 94.4 -38.40000000000002
v 22.400000000000002 96 -32.000000000000014
v 25.6 94.4 -38.40000000000002
v 25.6 96 -32.000000000000014
v 22.400000000000002 89.60000000000001 -43.20000000000002
v 22.400000000000002 94.4 -38.40000000000002
v 25.6 89.60000000000001 -43.20000000000002
v 25.6 94.4 -38.40000000000002
v 22.400000000000002 94.4 -25.600000000000012
v 22.400000000000002 89.60000000000001 -20.80000000000001
v 25.6 94.4 -25.600000000000012
v 25.6 89.60000000000001 -20.80000000000001
v 22.400000000000002 89.60000000000001 -20.80000000000001
v 22.400000000000002 83.2 -19.200000000000014
v 25.6 89.60000000000001 -20.80000000000001
v 25.6 83.2 -19.200000000000014
v 0 76.80000000000001 -38.40000000000001
v 0 83.2 -38.40000000000001
v 22.400000000000002 76.80000000000001 -38.40000000000001
v 22.400000000000002 83.2 -38.40000000000001
v 22.400000000000002 83.2 -44.80000000000001
v 22.400000000000002 89.60000000000001 -43.20000000000002
v 25.6 83.2 -44.80000000000001
v 25.6 89.60000000000001 -43.20000000000002
v 22.400000000000002 96 -32.000000000000014
v 22.400000000000002 94.4 -25.600000000000012
v 25.6 96 -32.000000000000014
v 25.6 94.4 -25.600000000000012
v 22.400000000000002 76.80000000000001 -44.80000000000001
v 22.400000000000002 83.2 -44.80000000000001
v 25.6 76.80000000000001 -44.80000000000001
v 25.6 83.2 -44.80000000000001
v 22.400000000000002 76.80000000000001 -25.600000000000012
v 22.400000000000002 83.2 -25.600000000000012
v 0 76.80000000000001 -25.600000000000012
v 0 83.2 -25.600000000000012
v 25.6 63.99999999999999 -44.80000000000001
v 25.6 63.99999999999999 -38.40000000000001
v 22.400000000000002 63.99999999999999 -44.80000000000001
v 22.400000000000002 63.99999999999999 -38.40000000000001
v 25.6 76.80000000000001 -44.80000000000001
v 25.6 83.2 -44.80000000000001
v 25.6 76.80000000000001 -51.20000000000001
v 25.6 89.60000000000001 -51.20000000000002
v 22.400000000000002 64 -19.20000000000001
v 22.400000000000002 64 -25.60000000000001
v 25.6 64 -19.20000000000001
v 25.6 64 -25.60000000000001
v 25.6 94.4 -25.600000000000012
v 25.6 89.60000000000001 -20.80000000000001
v 25.6 102.4 -12.800000000000013
v 25.6 89.60000000000001 -12.800000000000011
v 25.6 76.80000000000001 -51.20000000000001
v 25.6 63.99999999999999 -51.20000000000001
v 25.6 76.80000000000001 -44.80000000000001
v 25.6 63.99999999999999 -44.80000000000001
v 25.6 76.80000000000001 -44.80000000000001
v 25.6 63.99999999999999 -44.80000000000001
v 22.400000000000002 76.80000000000001 -44.80000000000001
v 22.400000000000002 63.99999999999999 -44.80000000000001
v 25.6 102.4 -32.000000000000014
v 25.6 102.4 -38.40000000000002
v 25.6 96 -32.000000000000014
v 25.6 94.4 -38.40000000000002
v 25.6 76.80000000000001 -19.200000000000014
v 25.6 83.2 -19.200000000000014
v 22.400000000000002 76.80000000000001 -19.200000000000014
v 22.400000000000002 83.2 -19.200000000000014
v 22.400000000000002 63.99999999999999 -44.80000000000001
v 22.400000000000002 63.99999999999999 -38.40000000000001
v 22.400000000000002 76.80000000000001 -44.80000000000001
v 22.400000000000002 76.80000000000001 -38.40000000000001
v 25.6 83.2 -19.200000000000014
v 25.6 76.80000000000001 -19.200000000000014
v 25.6 89.60000000000001 -12.800000000000011
v 25.6 76.80000000000001 -12.80000000000001
v 25.6 96 -32.000000000000014
v 25.6 94.4 -25.600000000000012
v 25.6 102.4 -32.000000000000014
v 25.6 102.4 -25.600000000000016
v 22.400000000000002 76.80000000000001 -19.200000000000014
v 22.400000000000002 76.80000000000001 -25.600000000000012
v 22.400000000000002 64 -19.20000000000001
v 22.400000000000002 64 -25.60000000000001
v 25.6 76.80000000000001 -19.200000000000014
v 25.6 64 -19.20000000000001
v 25.6 76.80000000000001 -12.80000000000001
v 25.6 64 -12.800000000000008
v 22.400000000000002 76.80000000000001 -19.200000000000014
v 22.400000000000002 64 -19.20000000000001
v 25.6 76.80000000000001 -19.200000000000014
v 25.6 64 -19.20000000000001
v 22.400000000000002 76.80000000000001 -44.80000000000001
v 22.400000000000002 76.80000000000001 -38.40000000000001
v 22.400000000000002 83.2 -44.80000000000001
v 22.400000000000002 83.2 -38.40000000000001
v 22.400000000000002 83.2 -25.600000000000012
v 22.400000000000002 83.2 -19.200000000000014
v 22.400000000000002 87.2 -27.200000000000014
v 22.400000000000002 89.60000000000001 -20.80000000000001
v 22.400000000000002 94.4 -38.40000000000002
v 22.400000000000002 89.60000000000001 -43.20000000000002
v 22.400000000000002 89.60000000000001 -32.000000000000014
v 22.400000000000002 87.2 -36.80000000000002
vt 0.8125 0.1796875
vt 0.875 0.2421875
vt 0.890625 0.1796875
vt 0.9296875 0.1328125
vt 0.8125 0.0625
vt 0.9296875 0.0625
vt 0.9375 0.0625
vt 0.8125 0.0625
vt 0.9375 0.1328125
vt 0.8125 0.1796875
vt 0.8828125 0.1796875
vt 0.875 0.2421875
vt 0.9296875 0.1328125
vt 0.9921875 0.1171875
vt 0.9921875 0.1796875
vt 0.9921875 0.1796875
vt 0.9921875 0.1171875
vt 0.9375 0.1328125
vt 0.875 0.2421875
vt 0.9296875 0.2421875
vt 0.875 0.3046875
vt 0.9296875 0.3046875
vt 0.9921875 0.1796875
vt 0.9453125 0.203125
vt 0.9296875 0.1328125
vt 0.8828125 0.1796875
vt 0.9375 0.2421875
vt 0.953125 0.203125
vt 0.875 0.2421875
vt 0.890625 0.1796875
vt 0.9296875 0.2421875
vt 0.9453125 0.203125
vt 0.9296875 0.2421875
vt 0.9453125 0.203125
vt 0.9453125 0.203125
vt 0.9921875 0.1796875
vt 0.9453125 0.203125
vt 0.9921875 0.1796875
vt 0.9921875 0.1796875
vt 0.953125 0.203125
vt 0.9921875 0.1796875
vt 0.953125 0.203125
vt 0.953125 0.203125
vt 0.9375 0.2421875
vt 0.953125 0.203125
vt 0.9375 0.2421875
vt 0.890625 0.1796875
vt 0.9375 0.1328125
vt 0.8125 0.1796875
vt 0.8125 0.0625
vt 0.9375 0.1328125
vt 0.9921875 0.1171875
vt 0.9375 0.1328125
vt 0.9921875 0.1171875
vt 0.890625 0.1796875
vt 0.9375 0.1328125
vt 0.890625 0.1796875
vt 0.9375 0.1328125
vt 0.9296875 0.1328125
vt 0.8828125 0.1796875
vt 0.9296875 0.1328125
vt 0.8828125 0.1796875
vt 0.8828125 0.1796875
vt 0.875 0.2421875
vt 0.8828125 0.1796875
vt 0.875 0.2421875
vt 0.9921875 0.328125
vt 0.9921875 0.25
vt 0.8125 0.328125
vt 0.8125 0.25
vt 0.875 0.2421875
vt 0.890625 0.1796875
vt 0.875 0.2421875
vt 0.890625 0.1796875
vt 0.9921875 0.1171875
vt 0.9296875 0.1328125
vt 0.9921875 0.1171875
vt 0.9296875 0.1328125
vt 0.84375 0.3046875
vt 0.84375 0.25
vt 0.8671875 0.3046875
vt 0.8671875 0.25
vt 0.8125 0.328125
vt 0.8125 0.25
vt 0.9921875 0.328125
vt 0.9921875 0.25
vt 0.8125 0.4375
vt 0.875 0.4375
vt 0.8125 0.453125
vt 0.875 0.453125
vt 0.875 0.3046875
vt 0.875 0.2421875
vt 0.8125 0.3046875
vt 0.8125 0.1796875
vt 0.9296875 0.453125
vt 0.875 0.453125
vt 0.9296875 0.4375
vt 0.875 0.4375
vt 0.9296875 0.1328125
vt 0.8828125 0.1796875
vt 0.8125 0.0625
vt 0.8125 0.1796875
vt 0.8125 0.3046875
vt 0.8125 0.4296875
vt 0.875 0.3046875
vt 0.875 0.4296875
vt 0.8671875 0.3046875
vt 0.8671875 0.4296875
vt 0.84375 0.3046875
vt 0.84375 0.4296875
vt 0.9921875 0.0625
vt 0.9375 0.0625
vt 0.9921875 0.1171875
vt 0.9375 0.1328125
vt 0.875 0.3046875
vt 0.875 0.25
vt 0.8984375 0.3046875
vt 0.8984375 0.25
vt 0.875 0.4296875
vt 0.9375 0.4296875
vt 0.875 0.3046875
vt 0.9375 0.3046875
vt 0.875 0.2421875
vt 0.875 0.3046875
vt 0.8125 0.1796875
vt 0.8125 0.3046875
vt 0.9921875 0.1171875
vt 0.9296875 0.1328125
vt 0.9921875 0.0625
vt 0.9296875 0.0625
vt 0.875 0.3046875
vt 0.9296875 0.3046875
vt 0.875 0.4296875
vt 0.9296875 0.4296875
vt 0.875 0.3046875
vt 0.875 0.4296875
vt 0.8125 0.3046875
vt 0.8125 0.4296875
vt 0.8984375 0.3046875
vt 0.8984375 0.4296875
vt 0.875 0.3046875
vt 0.875 0.4296875
vt 0.875 0.3046875
vt 0.9375 0.3046875
vt 0.875 0.2421875
vt 0.9375 0.2421875
vt 0.9296875 0.2421875
vt 0.875 0.2421875
vt 0.9453125 0.203125
vt 0.8828125 0.1796875
vt 0.9375 0.1328125
vt 0.890625 0.1796875
vt 0.9921875 0.1796875
vt 0.953125 0.203125
vn 1 0 0
vn 1 0 0
vn 1 0 0
vn 1 0 0
vn 1 0 0
vn 1 0 0
vn 1 0 0
vn 1 0 0
vn 1 0 0
vn 1 0 0
vn 1 0 0
vn 1 0 0
vn 1 0 0
vn 1 0 0
vn 1 0 0
vn 1 0 0
vn 1 0 0
vn 1 0 0
vn 1 0 0
vn 1 0 0
vn 1 0 0
vn 1 0 0
vn 1 0 0
vn 1 0 0
vn 1 0 0
vn 1 0 0
vn 1 0 0
vn 1 0 0
vn 1 0 0
vn 1 0 0
vn 0 -0.37139067121577235 -0.9284766929405918
vn 0 -0.37139067121577235 -0.9284766929405918
vn 0 -0.37139067121577235 -0.9284766929405918
vn 0 -0.37139067121577235 -0.9284766929405918
vn 0 -0.894427190999916 -0.4472135954999579
vn 0 -0.894427190999916 -0.4472135954999579
vn 0 -0.894427190999916 -0.4472135954999579
vn 0 -0.894427190999916 -0.4472135954999579
vn 0 -0.8944271909999157 0.447213595499958
vn 0 -0.8944271909999157 0.447213595499958
vn 0 -0.8944271909999157 0.447213595499958
vn 0 -0.8944271909999157 0.447213595499958
vn 0 -0.37139067121577213 0.9284766929405919
vn 0 -0.37139067121577213 0.9284766929405919
vn 0 -0.37139067121577213 0.9284766929405919
vn 0 -0.37139067121577213 0.9284766929405919
vn 1 0 0
vn 1 0 0
vn 1 0 0
vn 1 0 0
vn 0 -0.9701425001453319 0.24253562503633308
vn 0 -0.9701425001453319 0.24253562503633308
vn 0 -0.9701425001453319 0.24253562503633308
vn 0 -0.9701425001453319 0.24253562503633308
vn 0 -0.7071067811865475 0.7071067811865476
vn 0 -0.7071067811865475 0.7071067811865476
vn 0 -0.7071067811865475 0.7071067811865476
vn 0 -0.7071067811865475 0.7071067811865476
vn 0 -0.7071067811865476 -0.7071067811865475
vn 0 -0.7071067811865476 -0.7071067811865475
vn 0 -0.7071067811865476 -0.7071067811865475
vn 0 -0.7071067811865476 -0.7071067811865475
vn 0 -0.24253562503633308 -0.9701425001453319
vn 0 -0.24253562503633308 -0.9701425001453319
vn 0 -0.24253562503633308 -0.9701425001453319
vn 0 -0.24253562503633308 -0.9701425001453319
vn 0 1.2246467991473532e-16 1
vn 0 1.2246467991473532e-16 1
vn 0 1.2246467991473532e-16 1
vn 0 1.2246467991473532e-16 1
vn 0 -0.24253562503633283 0.9701425001453319
vn 0 -0.24253562503633283 0.9701425001453319
vn 0 -0.24253562503633283 0.9701425001453319
vn 0 -0.24253562503633283 0.9701425001453319
vn 0 -0.9701425001453319 -0.24253562503633283
vn 0 -0.9701425001453319 -0.24253562503633283
vn 0 -0.9701425001453319 -0.24253562503633283
vn 0 -0.9701425001453319 -0.24253562503633283
vn 0 1.2246467991473532e-16 1
vn 0 1.2246467991473532e-16 1
vn 0 1.2246467991473532e-16 1
vn 0 1.2246467991473532e-16 1
vn 0 -1.2246467991473532e-16 -1
vn 0 -1.2246467991473532e-16 -1
vn 0 -1.2246467991473532e-16 -1
vn 0 -1.2246467991473532e-16 -1
vn 0 1 -1.2246467991473532e-16
vn 0 1 -1.2246467991473532e-16
vn 0 1 -1.2246467991473532e-16
vn 0 1 -1.2246467991473532e-16
vn 1 0 0
vn 1 0 0
vn 1 0 0
vn 1 0 0
vn 0 1 -1.2246467991473532e-16
vn 0 1 -1.2246467991473532e-16
vn 0 1 -1.2246467991473532e-16
vn 0 1 -1.2246467991473532e-16
vn 1 0 0
vn 1 0 0
vn 1 0 0
vn 1 0 0
vn 1 0 0
vn 1 0 0
vn 1 0 0
vn 1 0 0
vn 0 1.2246467991473532e-16 1
vn 0 1.2246467991473532e-16 1
vn 0 1.2246467991473532e-16 1
vn 0 1.2246467991473532e-16 1
vn 1 0 0
vn 1 0 0
vn 1 0 0
vn 1 0 0
vn 0 -1.2246467991473532e-16 -1
vn 0 -1.2246467991473532e-16 -1
vn 0 -1.2246467991473532e-16 -1
vn 0 -1.2246467991473532e-16 -1
vn 1 0 0
vn 1 0 0
vn 1 0 0
vn 1 0 0
vn 1 0 0
vn 1 0 0
vn 1 0 0
vn 1 0 0
vn 1 0 0
vn 1 0 0
vn 1 0 0
vn 1 0 0
vn 1 0 0
vn 1 0 0
vn 1 0 0
vn 1 0 0
vn 1 0 0
vn 1 0 0
vn 1 0 0
vn 1 0 0
vn 0 -1.2246467991473532e-16 -1
vn 0 -1.2246467991473532e-16 -1
vn 0 -1.2246467991473532e-16 -1
vn 0 -1.2246467991473532e-16 -1
vn 1 0 0
vn 1 0 0
vn 1 0 0
vn 1 0 0
vn 1 0 0
vn 1 0 0
vn 1 0 0
vn 1 0 0
vn 1 0 0
vn 1 0 0
vn 1 0 0
vn 1 0 0
f 2403/2403/2403 2402/2402/2402 2401/2401/2401
f 2406/2406/2406 2405/2405/2405 2404/2404/2404
f 2409/2409/2409 2408/2408/2408 2407/2407/2407
f 2412/2412/2412 2411/2411/2411 2410/2410/2410
f 2415/2415/2415 2414/2414/2414 2413/2413/2413
f 2418/2418/2418 2417/2417/2417 2416/2416/2416
f 2421/2421/2421 2420/2420/2420 2419/2419/2419
f 2420/2420/2420 2421/2421/2421 2422/2422/2422
f 2425/2425/2425 2424/2424/2424 2423/2423/2423
f 2424/2424/2424 2425/2425/2425 2426/2426/2426
f 2429/2429/2429 2428/2428/2428 2427/2427/2427
f 2428/2428/2428 2429/2429/2429 2430/2430/2430
f 2433/2433/2433 2432/2432/2432 2431/2431/2431
f 2432/2432/2432 2433/2433/2433 2434/2434/2434
f 2437/2437/2437 2436/2436/2436 2435/2435/2435
f 2436/2436/2436 2437/2437/2437 2438/2438/2438
f 2441/2441/2441 2440/2440/2440 2439/2439/2439
f 2440/2440/2440 2441/2441/2441 2442/2442/2442
f 2445/2445/2445 2444/2444/2444 2443/2443/2443
f 2444/2444/2444 2445/2445/2445 2446/2446/2446
f 2449/2449/2449 2448/2448/2448 2447/2447/2447
f 2448/2448/2448 2449/2449/2449 2450/2450/2450
f 2453/2453/2453 2452/2452/2452 2451/2451/2451
f 2452/2452/2452 2453/2453/2453 2454/2454/2454
f 2457/2457/2457 2456/2456/2456 2455/2455/2455
f 2456/2456/2456 2457/2457/2457 2458/2458/2458
f 2461/2461/2461 2460/2460/2460 2459/2459/2459
f 2460/2460/2460 2461/2461/2461 2462/2462/2462
f 2465/2465/2465 2464/2464/2464 2463/2463/2463
f 2464/2464/2464 2465/2465/2465 2466/2466/2466
f 2469/2469/2469 2468/2468/2468 2467/2467/2467
f 2468/2468/2468 2469/2469/2469 2470/2470/2470
f 2473/2473/2473 2472/2472/2472 2471/2471/2471
f 2472/2472/2472 2473/2473/2473 2474/2474/2474
f 2477/2477/2477 2476/2476/2476 2475/2475/2475
f 2476/2476/2476 2477/2477/2477 2478/2478/2478
f 2481/2481/2481 2480/2480/2480 2479/2479/2479
f 2480/2480/2480 2481/2481/2481 2482/2482/2482
f 2485/2485/2485 2484/2484/2484 2483/2483/2483
f 2484/2484/2484 2485/2485/2485 2486/2486/2486
f 2489/2489/2489 2488/2488/2488 2487/2487/2487
f 2488/2488/2488 2489/2489/2489 2490/2490/2490
f 2493/2493/2493 2492/2492/2492 2491/2491/2491
f 2492/2492/2492 2493/2493/2493 2494/2494/2494
f 2497/2497/2497 2496/2496/2496 2495/2495/2495
f 2496/2496/2496 2497/2497/2497 2498/2498/2498
f 2501/2501/2501 2500/2500/2500 2499/2499/2499
f 2500/2500/2500 2501/2501/2501 2502/2502/2502
f 2505/2505/2505 2504/2504/2504 2503/2503/2503
f 2504/2504/2504 2505/2505/2505 2506/2506/2506
f 2509/2509/2509 2508/2508/2508 2507/2507/2507
f 2508/2508/2508 2509/2509/2509 2510/2510/2510
f 2513/2513/2513 2512/2512/2512 2511/2511/2511
f 2512/2512/2512 2513/2513/2513 2514/2514/2514
f 2517/2517/2517 2516/2516/2516 2515/2515/2515
f 2516/2516/2516 2517/2517/2517 2518/2518/2518
f 2521/2521/2521 2520/2520/2520 2519/2519/2519
f 2520/2520/2520 2521/2521/2521 2522/2522/2522
f 2525/2525/2525 2524/2524/2524 2523/2523/2523
f 2524/2524/2524 2525/2525/2525 2526/2526/2526
f 2529/2529/2529 2528/2528/2528 2527/2527/2527
f 2528/2528/2528 2529/2529/2529 2530/2530/2530
f 2533/2533/2533 2532/2532/2532 2531/2531/2531
f 2532/2532/2532 2533/2533/2533 2534/2534/2534
f 2537/2537/2537 2536/2536/2536 2535/2535/2535
f 2536/2536/2536 2537/2537/2537 2538/2538/2538
f 2541/2541/2541 2540/2540/2540 2539/2539/2539
f 2540/2540/2540 2541/2541/2541 2542/2542/2542
f 2545/2545/2545 2544/2544/2544 2543/2543/2543
f 2544/2544/2544 2545/2545/2545 2546/2546/2546
f 2549/2549/2549 2548/2548/2548 2547/2547/2547
f 2548/2548/2548 2549/2549/2549 2550/2550/2550
f 2553/2553/2553 2552/2552/2552 2551/2551/2551
f 2552/2552/2552 2553/2553/2553 2554/2554/2554
o mesh_39
usemtl mat11
v -25.6 -1.0972835320360286e-14 -89.60000000000001
v -25.6 -9.405287417451674e-15 -76.80000000000001
v -25.6 51.19999999999999 -89.60000000000001
vt 0.96875 0.96875
vt 0.96875 0.96875
vt 0.96875 0.96875
vn 1 0 0
vn 1 0 0
vn 1 0 0
f 2557/2557/2557 2556/2556/2556 2555/2555/2555
o mesh_40
usemtl mat11
v -25.6 115.19999999999999 -144
v -25.6 89.6 -156.8
v -25.6 102.39999999999999 -89.60000000000002
v -25.6 51.19999999999998 -156.8
v -25.6 -2.037812273781196e-14 -166.4
v -25.6 -1.7243026931994733e-14 -140.8
v -25.6 51.19999999999998 -156.8
v -25.6 -1.7243026931994733e-14 -140.8
v -25.6 -1.410793112617751e-14 -115.2
v -25.6 51.19999999999999 -89.60000000000001
v -25.6 102.39999999999999 -89.60000000000002
v -25.6 51.19999999999998 -156.8
v -25.6 89.6 -156.8
v -25.6 102.39999999999999 -89.60000000000002
v -25.6 153.60000000000002 -80.00000000000001
v -25.6 115.19999999999999 -144
v -25.6 140.79999999999998 -144.00000000000003
v -25.6 140.79999999999998 -144.00000000000003
v -25.6 153.60000000000002 -80.00000000000001
v -25.6 166.39999999999998 -153.60000000000005
v -25.6 179.20000000000002 -80.00000000000003
v -25.6 51.19999999999999 -89.60000000000001
v -25.6 51.19999999999998 -156.8
v -25.6 -1.0972835320360286e-14 -89.60000000000001
v -25.6 -1.410793112617751e-14 -115.2
vt 0.96875 0.96875
vt 0.96875 0.96875
vt 0.96875 0.96875
vt 0.96875 0.96875
vt 0.96875 0.96875
vt 0.96875 0.96875
vt 0.96875 0.96875
vt 0.96875 0.96875
vt 0.96875 0.96875
vt 0.96875 0.96875
vt 0.96875 0.96875
vt 0.96875 0.96875
vt 0.96875 0.96875
vt 0.96875 0.96875
vt 0.96875 0.96875
vt 0.96875 0.96875
vt 0.96875 0.96875
vt 0.96875 0.96875
vt 0.96875 0.96875
vt 0.96875 0.96875
vt 0.96875 0.96875
vt 0.96875 0.96875
vt 0.96875 0.96875
vt 0.96875 0.96875
vt 0.96875 0.96875
vn 1 0 0
vn 1 0 0
vn 1 0 0
vn 1 0 0
vn 1 0 0
vn 1 0 0
vn 1 0 0
vn 1 0 0
vn 1 0 0
vn 1 0 0
vn 1 0 0
vn 1 0 0
vn 1 0 0
vn 1 0 0
vn 1 0 0
vn 1 0 0
vn 1 0 0
vn 1 0 0
vn 1 0 0
vn 1 0 0
vn 1 0 0
vn 1 0 0
vn 1 0 0
vn 1 0 0
vn 1 0 0
f 2560/2560/2560 2559/2559/2559 2558/2558/2558
f 2563/2563/2563 2562/2562/2562 2561/2561/2561
f 2566/2566/2566 2565/2565/2565 2564/2564/2564
f 2569/2569/2569 2568/2568/2568 2567/2567/2567
f 2568/2568/2568 2569/2569/2569 2570/2570/2570
f 2573/2573/2573 2572/2572/2572 2571/2571/2571
f 2572/2572/2572 2573/2573/2573 2574/2574/2574
f 2577/2577/2577 2576/2576/2576 2575/2575/2575
f 2576/2576/2576 2577/2577/2577 2578/2578/2578
f 2581/2581/2581 2580/2580/2580 2579/2579/2579
f 2580/2580/2580 2581/2581/2581 2582/2582/2582
o mesh_41
usemtl mat7
v -25.6 -2.037812273781196e-14 -166.4
v 0 51.19999999999998 -156.8
v 4 25.59999999999998 -179.20000000000002
v 4 25.59999999999998 -179.20000000000002
v 0 -2.194567064072057e-14 -179.20000000000002
v -25.6 -2.037812273781196e-14 -166.4
v 8 115.19999999999999 -166.4
v 0 115.19999999999999 -163.20000000000002
v 0 140.79999999999998 -163.20000000000005
v 0 102.39999999999999 -166.4
v 8 102.39999999999999 -169.60000000000002
v 9.600000000000001 89.59999999999998 -180
v 8.8 51.19999999999998 -184
v 0 76.8 -168
v 9.600000000000001 76.79999999999998 -180.8
v -25.6 89.6 -156.8
v 0 115.19999999999999 -163.20000000000002
v 0 102.39999999999999 -166.4
v 0 76.8 -168
v 0 51.19999999999998 -156.8
v -25.6 51.19999999999998 -156.8
v 0 140.79999999999998 -163.20000000000005
v -25.6 140.79999999999998 -144.00000000000003
v 0 153.6 -166.40000000000003
v 0 51.19999999999998 -156.8
v 8.8 51.19999999999998 -184
v 4 25.59999999999998 -179.20000000000002
v -25.6 -2.037812273781196e-14 -166.4
v -25.6 51.19999999999998 -156.8
v 0 51.19999999999998 -156.8
v -25.6 51.19999999999998 -156.8
v -25.6 89.6 -156.8
v 0 76.8 -168
v 0 115.19999999999999 -163.20000000000002
v -25.6 89.6 -156.8
v -25.6 115.19999999999999 -144
v 0 153.6 -166.40000000000003
v -25.6 140.79999999999998 -144.00000000000003
v -25.6 166.39999999999998 -153.60000000000005
v 8.8 51.19999999999998 -184
v 0 51.19999999999998 -156.8
v 0 76.8 -168
v 0 102.39999999999999 -166.4
v 0 76.8 -168
v -25.6 89.6 -156.8
v 0 153.6 -166.40000000000003
v -25.6 166.39999999999998 -153.60000000000005
v 0 166.39999999999998 -153.60000000000005
v 9.600000000000001 76.79999999999998 -180.8
v 25.6 76.79999999999998 -179.20000000000002
v 8.8 51.19999999999998 -184
v 25.6 76.79999999999998 -179.20000000000002
v 25.6 51.19999999999998 -184
v 8.8 51.19999999999998 -184
v 25.6 25.59999999999998 -179.20000000000002
v 16 -2.194567064072057e-14 -179.20000000000002
v 4 25.59999999999998 -179.20000000000002
v 0 -2.194567064072057e-14 -179.20000000000002
v 9.600000000000001 89.59999999999998 -180
v 9.600000000000001 76.79999999999998 -180.8
v 0 102.39999999999999 -166.4
v 0 76.8 -168
v 4 25.59999999999998 -179.20000000000002
v 8.8 51.19999999999998 -184
v 25.6 25.59999999999998 -179.20000000000002
v 25.6 51.19999999999998 -184
v 8 115.19999999999999 -166.4
v 8 102.39999999999999 -169.60000000000002
v 0 115.19999999999999 -163.20000000000002
v 0 102.39999999999999 -166.4
v -25.6 115.19999999999999 -144
v -25.6 140.79999999999998 -144.00000000000003
v 0 115.19999999999999 -163.20000000000002
v 0 140.79999999999998 -163.20000000000005
vt 0.046875 0.9921875
vt 0.265625 0.5
vt 0.4140625 0.7421875
vt 0.4140625 0.7421875
vt 0.375 0.9921875
vt 0.046875 0.9921875
vt 0.390625 0.9921875
vt 0.2890625 0.9921875
vt 0.2890625 0.7421875
vt 0.3359375 0.59375
vt 0.421875 0.59375
vt 0.484375 0.6953125
vt 0.4921875 0.9921875
vt 0.34375 0.796875
vt 0.484375 0.796875
vt 0.0546875 0.6953125
vt 0.296875 0.5
vt 0.296875 0.5859375
vt 0.34375 0.796875
vt 0.2890625 0.9921875
vt 0.0546875 0.9921875
vt 0.2890625 0.7421875
vt 0 0.7421875
vt 0.3046875 0.6171875
vt 0.265625 0.5
vt 0.4921875 0.5
vt 0.4140625 0.7421875
vt 0.046875 0.9921875
vt 0 0.5
vt 0.265625 0.5
vt 0.0546875 0.9921875
vt 0.0546875 0.6953125
vt 0.34375 0.796875
vt 0.296875 0.5
vt 0.0546875 0.6953125
vt 0 0.5
vt 0.3046875 0.6171875
vt 0 0.7421875
vt 0.0390625 0.5
vt 0.4921875 0.9921875
vt 0.2890625 0.9921875
vt 0.34375 0.796875
vt 0.3359375 0.59375
vt 0.34375 0.796875
vt 0.0546875 0.6953125
vt 0.3046875 0.6171875
vt 0.0390625 0.5
vt 0.2421875 0.5
vt 0.0546875 0.5
vt 0.2265625 0.5
vt 0.046875 0.7421875
vt 0.2265625 0.5
vt 0.2265625 0.7421875
vt 0.046875 0.7421875
vt 0.25 0.7421875
vt 0.1484375 0.9921875
vt 0.0390625 0.7421875
vt 0 0.9921875
vt 0.484375 0.6953125
vt 0.484375 0.796875
vt 0.3359375 0.59375
vt 0.34375 0.796875
vt 0 0.9921875
vt 0.046875 0.7421875
vt 0.2265625 0.9921875
vt 0.2265625 0.7421875
vt 0.3828125 0.5
vt 0.3828125 0.5859375
vt 0.296875 0.5
vt 0.296875 0.5859375
vt 0 0.9921875
vt 0 0.7421875
vt 0.2890625 0.9921875
vt 0.2890625 0.7421875
vn 0.649273021982172 -0.4408416043850966 0.6197606173106772
vn 0.649273021982172 -0.4408416043850966 0.6197606173106772
vn 0.649273021982172 -0.4408416043850966 0.6197606173106772
vn 0.4461257476336152 -0.06970714806775226 0.8922514952672304
vn 0.4461257476336152 -0.06970714806775226 0.8922514952672304
vn 0.4461257476336152 -0.06970714806775226 0.8922514952672304
vn 0.3713906712157723 1.1370560100926155e-16 0.9284766929405919
vn 0.3713906712157723 1.1370560100926155e-16 0.9284766929405919
vn 0.3713906712157723 1.1370560100926155e-16 0.9284766929405919
vn 0.3031167702348492 -0.5778163106638908 0.7577918808836391
vn 0.3031167702348492 -0.5778163106638908 0.7577918808836391
vn 0.3031167702348492 -0.5778163106638908 0.7577918808836391
vn 0.7960297592497313 -0.09950371990621634 0.597022304536137
vn 0.7960297592497313 -0.09950371990621634 0.597022304536137
vn 0.7960297592497313 -0.09950371990621634 0.597022304536137
vn 0.4364357804719848 -0.2182178902359923 0.8728715609439696
vn 0.4364357804719848 -0.2182178902359923 0.8728715609439696
vn 0.4364357804719848 -0.2182178902359923 0.8728715609439696
vn 0 0.4008188371465089 0.9161573335342135
vn 0 0.4008188371465089 0.9161573335342135
vn 0 0.4008188371465089 0.9161573335342135
vn 0.588348395671485 0.1961161368575489 0.7844645474301951
vn 0.588348395671485 0.1961161368575489 0.7844645474301951
vn 0.588348395671485 0.1961161368575489 0.7844645474301951
vn 0.9445910822632063 -0.11981026540098896 0.3056029901904911
vn 0.9445910822632063 -0.11981026540098896 0.3056029901904911
vn 0.9445910822632063 -0.11981026540098896 0.3056029901904911
vn 0 -0.18428853145141424 0.9828721876090915
vn 0 -0.18428853145141424 0.9828721876090915
vn 0 -0.18428853145141424 0.9828721876090915
vn 0.40081883714650896 1.1219691460280488e-16 0.9161573335342138
vn 0.40081883714650896 1.1219691460280488e-16 0.9161573335342138
vn 0.40081883714650896 1.1219691460280488e-16 0.9161573335342138
vn 0.5570860042544924 -0.3713906794371025 0.7427813588742054
vn 0.5570860042544924 -0.3713906794371025 0.7427813588742054
vn 0.5570860042544924 -0.3713906794371025 0.7427813588742054
vn 0.5412746158788468 0.29524070498888433 0.7873085267688095
vn 0.5412746158788468 0.29524070498888433 0.7873085267688095
vn 0.5412746158788468 0.29524070498888433 0.7873085267688095
vn 0.9429322517385764 0.13346651247761757 0.305066318492029
vn 0.9429322517385764 0.13346651247761757 0.305066318492029
vn 0.9429322517385764 0.13346651247761757 0.305066318492029
vn 0.3757476582594476 -0.05780733118023251 0.924917298883722
vn 0.3757476582594476 -0.05780733118023251 0.924917298883722
vn 0.3757476582594476 -0.05780733118023251 0.924917298883722
vn 0 -0.7071067811865475 0.7071067811865476
vn 0 -0.7071067811865475 0.7071067811865476
vn 0 -0.7071067811865475 0.7071067811865476
vn -0.0987800212351662 -0.1203881504146974 0.9878001825493395
vn -0.0987800212351662 -0.1203881504146974 0.9878001825493395
vn -0.0987800212351662 -0.1203881504146974 0.9878001825493395
vn 0 -0.18428853145141424 0.9828721876090915
vn 0 -0.18428853145141424 0.9828721876090915
vn 0 -0.18428853145141424 0.9828721876090915
vn 0 1.2246467991473532e-16 1
vn 0 1.2246467991473532e-16 1
vn 0 1.2246467991473532e-16 1
vn 0 1.2246467991473532e-16 1
vn 0.7994381069081715 -0.03747365939867535 0.5995785503788067
vn 0.7994381069081715 -0.03747365939867535 0.5995785503788067
vn 0.7994381069081715 -0.03747365939867535 0.5995785503788067
vn 0.7994381069081715 -0.03747365939867535 0.5995785503788067
vn 0 0.18428853145141444 0.9828721876090913
vn 0 0.18428853145141444 0.9828721876090913
vn 0 0.18428853145141444 0.9828721876090913
vn 0 0.18428853145141444 0.9828721876090913
vn 0.361772500136545 -0.22610781631063073 0.9044312652425234
vn 0.361772500136545 -0.22610781631063073 0.9044312652425234
vn 0.361772500136545 -0.22610781631063073 0.9044312652425234
vn 0.361772500136545 -0.22610781631063073 0.9044312652425234
vn 0.6000000095367429 9.797174305585262e-17 0.7999999928474428
vn 0.6000000095367429 9.797174305585262e-17 0.7999999928474428
vn 0.6000000095367429 9.797174305585262e-17 0.7999999928474428
vn 0.6000000095367429 9.797174305585262e-17 0.7999999928474428
f 2585/2585/2585 2584/2584/2584 2583/2583/2583
f 2588/2588/2588 2587/2587/2587 2586/2586/2586
f 2591/2591/2591 2590/2590/2590 2589/2589/2589
f 2594/2594/2594 2593/2593/2593 2592/2592/2592
f 2597/2597/2597 2596/2596/2596 2595/2595/2595
f 2600/2600/2600 2599/2599/2599 2598/2598/2598
f 2603/2603/2603 2602/2602/2602 2601/2601/2601
f 2606/2606/2606 2605/2605/2605 2604/2604/2604
f 2609/2609/2609 2608/2608/2608 2607/2607/2607
f 2612/2612/2612 2611/2611/2611 2610/2610/2610
f 2615/2615/2615 2614/2614/2614 2613/2613/2613
f 2618/2618/2618 2617/2617/2617 2616/2616/2616
f 2621/2621/2621 2620/2620/2620 2619/2619/2619
f 2624/2624/2624 2623/2623/2623 2622/2622/2622
f 2627/2627/2627 2626/2626/2626 2625/2625/2625
f 2630/2630/2630 2629/2629/2629 2628/2628/2628
f 2633/2633/2633 2632/2632/2632 2631/2631/2631
f 2636/2636/2636 2635/2635/2635 2634/2634/2634
f 2639/2639/2639 2638/2638/2638 2637/2637/2637
f 2638/2638/2638 2639/2639/2639 2640/2640/2640
f 2643/2643/2643 2642/2642/2642 2641/2641/2641
f 2642/2642/2642 2643/2643/2643 2644/2644/2644
f 2647/2647/2647 2646/2646/2646 2645/2645/2645
f 2646/2646/2646 2647/2647/2647 2648/2648/2648
f 2651/2651/2651 2650/2650/2650 2649/2649/2649
f 2650/2650/2650 2651/2651/2651 2652/2652/2652
f 2655/2655/2655 2654/2654/2654 2653/2653/2653
f 2654/2654/2654 2655/2655/2655 2656/2656/2656
o mesh_42
usemtl mat1
v 22.400000000000002 102.39999999999999 -163.20000000000002
v 25.6 102.39999999999998 -179.20000000000002
v 25.6 89.59999999999998 -179.20000000000002
v 11.200000000000001 115.19999999999999 -160
v 0 140.79999999999998 -163.20000000000005
v 19.200000000000003 140.79999999999998 -160.00000000000003
v 19.200000000000003 140.79999999999998 -160.00000000000003
v 22.400000000000002 115.19999999999999 -160
v 11.200000000000001 115.19999999999999 -160
v 11.200000000000001 115.19999999999999 -160
v 8 115.19999999999999 -166.4
v 0 140.79999999999998 -163.20000000000005
v 9.600000000000001 76.79999999999998 -180.8
v 9.600000000000001 89.59999999999998 -180
v 12.8 89.6 -173.60000000000002
v 12.8 89.6 -173.60000000000002
v 11.200000000000001 102.39999999999999 -163.20000000000002
v 22.400000000000002 102.39999999999999 -163.20000000000002
v 22.400000000000002 102.39999999999999 -163.20000000000002
v 25.6 89.59999999999998 -179.20000000000002
v 12.8 89.6 -173.60000000000002
v 22.400000000000002 115.19999999999999 -160
v 25.6 115.19999999999997 -179.20000000000002
v 25.6 102.39999999999998 -179.20000000000002
v 25.6 115.19999999999997 -230.4
v 25.6 115.19999999999997 -217.60000000000002
v 25.6 127.99999999999997 -217.60000000000005
v 25.6 127.99999999999997 -179.20000000000005
v 25.6 115.19999999999997 -179.20000000000002
v 22.400000000000002 115.19999999999999 -160
v 19.200000000000003 140.79999999999998 -160.00000000000003
v 25.6 140.79999999999998 -179.20000000000005
v 25.6 127.99999999999997 -179.20000000000005
v 22.400000000000002 115.19999999999999 -160
v 25.6 102.39999999999998 -179.20000000000002
v 22.400000000000002 102.39999999999999 -163.20000000000002
v 12.8 89.6 -173.60000000000002
v 25.6 89.59999999999998 -179.20000000000002
v 25.6 76.79999999999998 -179.20000000000002
v 12.8 89.6 -173.60000000000002
v 25.6 76.79999999999998 -179.20000000000002
v 9.600000000000001 76.79999999999998 -180.8
v 8 102.39999999999999 -169.60000000000002
v 8 115.19999999999999 -166.4
v 11.200000000000001 102.39999999999999 -163.20000000000002
v 11.200000000000001 115.19999999999999 -160
v 9.600000000000001 89.59999999999998 -180
v 8 102.39999999999999 -169.60000000000002
v 12.8 89.6 -173.60000000000002
v 11.200000000000001 102.39999999999999 -163.20000000000002
v 11.200000000000001 115.19999999999999 -160
v 22.400000000000002 115.19999999999999 -160
v 11.200000000000001 102.39999999999999 -163.20000000000002
v 22.400000000000002 102.39999999999999 -163.20000000000002
v 25.6 102.39999999999998 -230.4
v 25.6 102.39999999999998 -217.60000000000002
v 25.6 115.19999999999997 -230.4
v 25.6 115.19999999999997 -217.60000000000002
vt 0.2890625 0.3671875
vt 0.4921875 0.3671875
vt 0.4921875 0.4921875
vt 0.3515625 0.2578125
vt 0.25 0.03125
vt 0.4296875 0.03125
vt 0.4296875 0.03125
vt 0.4609375 0.2578125
vt 0.3515625 0.2578125
vt 0.3515625 0.2578125
vt 0.3203125 0.2578125
vt 0.25 0.03125
vt 0 0.1796875
vt 0 0.0625
vt 0.0234375 0.0625
vt 0.3671875 0.4921875
vt 0.3515625 0.375
vt 0.4609375 0.375
vt 0.4609375 0.375
vt 0.4921875 0.4921875
vt 0.3671875 0.4921875
vt 0.25 0.2421875
vt 0.4921875 0.2421875
vt 0.4921875 0.3671875
vt 0.1171875 0.2421875
vt 0 0.2421875
vt 0 0.1171875
vt 0.4921875 0.1171875
vt 0.4921875 0.2421875
vt 0.25 0.2421875
vt 0.25 0
vt 0.4921875 0
vt 0.4921875 0.1171875
vt 0.25 0.2421875
vt 0.4921875 0.3671875
vt 0.2890625 0.3671875
vt 0.0234375 0.0625
vt 0.1484375 0.0625
vt 0.1484375 0.1796875
vt 0.0234375 0.0625
vt 0.1484375 0.1796875
vt 0 0.1796875
vt 0.3203125 0.375
vt 0.3203125 0.2578125
vt 0.3515625 0.375
vt 0.3515625 0.2578125
vt 0.3359375 0.4921875
vt 0.3203125 0.375
vt 0.3671875 0.4921875
vt 0.3515625 0.375
vt 0.3515625 0.2578125
vt 0.4609375 0.2578125
vt 0.3515625 0.375
vt 0.4609375 0.375
vt 0.1171875 0.3671875
vt 0 0.3671875
vt 0.1171875 0.2421875
vt 0 0.2421875
vn 0.9805806762640419 2.4017299364876933e-17 0.19611613227257615
vn 0.9805806762640419 2.4017299364876933e-17 0.19611613227257615
vn 0.9805806762640419 2.4017299364876933e-17 0.19611613227257615
vn -0.16418246677078632 0.05130701807190317 0.985094770822396
vn -0.16418246677078632 0.05130701807190317 0.985094770822396
vn -0.16418246677078632 0.05130701807190317 0.985094770822396
vn 0 1.2246467991473532e-16 1
vn 0 1.2246467991473532e-16 1
vn 0 1.2246467991473532e-16 1
vn -0.8479983060142332 -0.317999357304757 0.4239991530071166
vn -0.8479983060142332 -0.317999357304757 0.4239991530071166
vn -0.8479983060142332 -0.317999357304757 0.4239991530071166
vn -0.8940780099633802 -0.027939937811355574 0.4470390049816901
vn -0.8940780099633802 -0.027939937811355574 0.4470390049816901
vn -0.8940780099633802 -0.027939937811355574 0.4470390049816901
vn 0 -0.630592643045982 0.7761139855306581
vn 0 -0.630592643045982 0.7761139855306581
vn 0 -0.630592643045982 0.7761139855306581
vn 0.2771190652202659 -0.7224890457499222 0.633415031762598
vn 0.2771190652202659 -0.7224890457499222 0.633415031762598
vn 0.2771190652202659 -0.7224890457499222 0.633415031762598
vn 0.9863939246376118 2.01330687668088e-17 0.16439898247254825
vn 0.9863939246376118 2.01330687668088e-17 0.16439898247254825
vn 0.9863939246376118 2.01330687668088e-17 0.16439898247254825
vn 1 0 0
vn 1 0 0
vn 1 0 0
vn 0.9863939246376118 2.01330687668088e-17 0.16439898247254825
vn 0.9863939246376118 2.01330687668088e-17 0.16439898247254825
vn 0.9863939246376118 2.01330687668088e-17 0.16439898247254825
vn 0.9486833010307459 3.872673105048433e-17 0.3162277570761414
vn 0.9486833010307459 3.872673105048433e-17 0.3162277570761414
vn 0.9486833010307459 3.872673105048433e-17 0.3162277570761414
vn 0.9794042131413022 -0.04897021140212315 0.19588084560849267
vn 0.9794042131413022 -0.04897021140212315 0.19588084560849267
vn 0.9794042131413022 -0.04897021140212315 0.19588084560849267
vn 0.40081883714650896 1.1219691460280488e-16 0.9161573335342138
vn 0.40081883714650896 1.1219691460280488e-16 0.9161573335342138
vn 0.40081883714650896 1.1219691460280488e-16 0.9161573335342138
vn -0.08774272211497787 -0.471617124848748 0.8774272062486177
vn -0.08774272211497787 -0.471617124848748 0.8774272062486177
vn -0.08774272211497787 -0.471617124848748 0.8774272062486177
vn -0.888888888888889 -0.11111111111111106 0.4444444444444445
vn -0.888888888888889 -0.11111111111111106 0.4444444444444445
vn -0.888888888888889 -0.11111111111111106 0.4444444444444445
vn -0.888888888888889 -0.11111111111111106 0.4444444444444445
vn -0.8078644700879858 -0.4291779904210168 0.40393223504399295
vn -0.8078644700879858 -0.4291779904210168 0.40393223504399295
vn -0.8078644700879858 -0.4291779904210168 0.40393223504399295
vn -0.8078644700879858 -0.4291779904210168 0.40393223504399295
vn 0 -0.24253562503633283 0.9701425001453319
vn 0 -0.24253562503633283 0.9701425001453319
vn 0 -0.24253562503633283 0.9701425001453319
vn 0 -0.24253562503633283 0.9701425001453319
vn 1 0 0
vn 1 0 0
vn 1 0 0
vn 1 0 0
f 2659/2659/2659 2658/2658/2658 2657/2657/2657
f 2662/2662/2662 2661/2661/2661 2660/2660/2660
f 2665/2665/2665 2664/2664/2664 2663/2663/2663
f 2668/2668/2668 2667/2667/2667 2666/2666/2666
f 2671/2671/2671 2670/2670/2670 2669/2669/2669
f 2674/2674/2674 2673/2673/2673 2672/2672/2672
f 2677/2677/2677 2676/2676/2676 2675/2675/2675
f 2680/2680/2680 2679/2679/2679 2678/2678/2678
f 2683/2683/2683 2682/2682/2682 2681/2681/2681
f 2686/2686/2686 2685/2685/2685 2684/2684/2684
f 2689/2689/2689 2688/2688/2688 2687/2687/2687
f 2692/2692/2692 2691/2691/2691 2690/2690/2690
f 2695/2695/2695 2694/2694/2694 2693/2693/2693
f 2698/2698/2698 2697/2697/2697 2696/2696/2696
f 2701/2701/2701 2700/2700/2700 2699/2699/2699
f 2700/2700/2700 2701/2701/2701 2702/2702/2702
f 2705/2705/2705 2704/2704/2704 2703/2703/2703
f 2704/2704/2704 2705/2705/2705 2706/2706/2706
f 2709/2709/2709 2708/2708/2708 2707/2707/2707
f 2708/2708/2708 2709/2709/2709 2710/2710/2710
f 2713/2713/2713 2712/2712/2712 2711/2711/2711
f 2712/2712/2712 2713/2713/2713 2714/2714/2714
o mesh_43
usemtl mat8
v 19.200000000000003 140.79999999999998 -160.00000000000003
v 0 153.6 -166.40000000000003
v 19.200000000000003 153.6 -166.40000000000003
v 19.200000000000003 140.79999999999998 -160.00000000000003
v 0 140.79999999999998 -163.20000000000005
v 0 153.6 -166.40000000000003
v 19.200000000000003 153.6 -156.00000000000003
v 3.2 153.6 -156.00000000000003
v 0 166.39999999999998 -153.60000000000005
v 19.200000000000003 153.6 -166.40000000000003
v 25.6 140.79999999999998 -179.20000000000005
v 19.200000000000003 140.79999999999998 -160.00000000000003
v 25.6 153.6 -179.20000000000005
v 25.6 166.39999999999998 -179.20000000000005
v 25.6 166.39999999999998 -192.00000000000003
v 25.6 153.6 -166.40000000000003
v 25.6 153.6 -179.20000000000005
v 25.6 140.79999999999998 -179.20000000000005
v 25.6 140.79999999999998 -179.20000000000005
v 19.200000000000003 153.6 -166.40000000000003
v 25.6 153.6 -166.40000000000003
v 25.6 140.79999999999998 -198.40000000000003
v 25.6 140.79999999999998 -192.00000000000003
v 25.6 166.39999999999998 -192.00000000000003
v 25.6 153.6 -166.40000000000003
v 19.200000000000003 153.6 -166.40000000000003
v 25.6 166.39999999999998 -166.40000000000003
v 0 166.39999999999998 -153.60000000000005
v 25.6 166.39999999999998 -156.00000000000003
v 19.200000000000003 153.6 -156.00000000000003
v 0 166.39999999999998 -153.60000000000005
v 3.2 153.6 -156.00000000000003
v 0 153.6 -166.40000000000003
v 0 153.6 -166.40000000000003
v 3.2 153.6 -156.00000000000003
v 19.200000000000003 153.6 -166.40000000000003
v 19.200000000000003 153.6 -156.00000000000003
v 19.200000000000003 153.6 -156.00000000000003
v 25.6 166.39999999999998 -156.00000000000003
v 19.200000000000003 153.6 -166.40000000000003
v 25.6 166.39999999999998 -166.40000000000003
v 25.6 153.6 -166.40000000000003
v 25.6 166.39999999999998 -166.40000000000003
v 25.6 153.6 -179.20000000000005
v 25.6 166.39999999999998 -179.20000000000005
v 25.6 140.79999999999998 -230.40000000000003
v 25.6 140.79999999999998 -217.60000000000005
v 25.6 166.39999999999998 -230.40000000000003
v 25.6 166.39999999999998 -217.60000000000005
v 25.6 166.39999999999998 -204.80000000000004
v 25.6 166.39999999999998 -217.60000000000005
v 25.6 140.79999999999998 -204.80000000000004
v 25.6 140.79999999999998 -217.60000000000005
v 25.6 166.39999999999998 -192.00000000000003
v 25.6 166.39999999999998 -204.80000000000004
v 25.6 140.79999999999998 -198.40000000000003
v 25.6 140.79999999999998 -204.80000000000004
v 25.6 166.39999999999998 -192.00000000000003
v 25.6 140.79999999999998 -192.00000000000003
v 25.6 153.6 -179.20000000000005
v 25.6 140.79999999999998 -179.20000000000005
vt 0.1796875 0.9921875
vt 0 0.8671875
vt 0.1796875 0.8671875
vt 0.1796875 0.9921875
vt 0 0.9921875
vt 0 0.8671875
vt 0.1796875 0.8671875
vt 0.0234375 0.8671875
vt 0 0.75
vt 0.359375 0.8671875
vt 0.4921875 0.9921875
vt 0.2890625 0.9921875
vt 0 0.8671875
vt 0 0.75
vt 0.1171875 0.75
vt 0.359375 0.8671875
vt 0.4921875 0.8671875
vt 0.4921875 0.9921875
vt 0.2421875 0.9921875
vt 0.1796875 0.8671875
vt 0.2421875 0.8671875
vt 0.1796875 0.9921875
vt 0.1171875 0.9921875
vt 0.1171875 0.75
vt 0.2421875 0.8671875
vt 0.1796875 0.8671875
vt 0.2421875 0.75
vt 0 0.75
vt 0.2421875 0.75
vt 0.1796875 0.8671875
vt 0 0.75
vt 0.0234375 0.8671875
vt 0 0.8671875
vt 0.0625 0.6171875
vt 0.078125 0.5625
vt 0.1796875 0.6171875
vt 0.1796875 0.5625
vt 0.25 0.8671875
vt 0.25 0.75
vt 0.359375 0.8671875
vt 0.359375 0.75
vt 0.359375 0.8671875
vt 0.359375 0.75
vt 0.4921875 0.8671875
vt 0.4921875 0.75
vt 0.4921875 0.9921875
vt 0.3671875 0.9921875
vt 0.4921875 0.75
vt 0.3671875 0.75
vt 0.2421875 0.75
vt 0.3671875 0.75
vt 0.2421875 0.9921875
vt 0.3671875 0.9921875
vt 0.1171875 0.75
vt 0.2421875 0.75
vt 0.1796875 0.9921875
vt 0.2421875 0.9921875
vt 0.1171875 0.75
vt 0.1171875 0.9921875
vt 0 0.8671875
vt 0 0.9921875
vn 0 0.447213595499958 0.8944271909999157
vn 0 0.447213595499958 0.8944271909999157
vn 0 0.447213595499958 0.8944271909999157
vn -0.1596173817340291 0.23942606515046305 0.9577042606018517
vn -0.1596173817340291 0.23942606515046305 0.9577042606018517
vn -0.1596173817340291 0.23942606515046305 0.9577042606018517
vn 0 -0.18428853145141424 0.9828721876090915
vn 0 -0.18428853145141424 0.9828721876090915
vn 0 -0.18428853145141424 0.9828721876090915
vn 0.9370425713316364 0.1561737618886061 0.31234752377721214
vn 0.9370425713316364 0.1561737618886061 0.31234752377721214
vn 0.9370425713316364 0.1561737618886061 0.31234752377721214
vn 1 0 0
vn 1 0 0
vn 1 0 0
vn 1 0 0
vn 1 0 0
vn 1 0 0
vn 0 -0.7071067811865475 0.7071067811865476
vn 0 -0.7071067811865475 0.7071067811865476
vn 0 -0.7071067811865475 0.7071067811865476
vn 1 0 0
vn 1 0 0
vn 1 0 0
vn 0 1.2246467991473532e-16 1
vn 0 1.2246467991473532e-16 1
vn 0 1.2246467991473532e-16 1
vn 0.09323922072849747 -0.046619610364248616 0.9945516877706397
vn 0.09323922072849747 -0.046619610364248616 0.9945516877706397
vn 0.09323922072849747 -0.046619610364248616 0.9945516877706397
vn -0.9169492899407184 -0.28213826369106 0.2821382636910601
vn -0.9169492899407184 -0.28213826369106 0.2821382636910601
vn -0.9169492899407184 -0.28213826369106 0.2821382636910601
vn 0 -1 1.2246467991473532e-16
vn 0 -1 1.2246467991473532e-16
vn 0 -1 1.2246467991473532e-16
vn 0 -1 1.2246467991473532e-16
vn 0.8944271909999157 -0.44721359549995787 5.476786982642025e-17
vn 0.8944271909999157 -0.44721359549995787 5.476786982642025e-17
vn 0.8944271909999157 -0.44721359549995787 5.476786982642025e-17
vn 0.8944271909999157 -0.44721359549995787 5.476786982642025e-17
vn 1 0 0
vn 1 0 0
vn 1 0 0
vn 1 0 0
vn 1 0 0
vn 1 0 0
vn 1 0 0
vn 1 0 0
vn 1 0 0
vn 1 0 0
vn 1 0 0
vn 1 0 0
vn 1 0 0
vn 1 0 0
vn 1 0 0
vn 1 0 0
vn 1 0 0
vn 1 0 0
vn 1 0 0
vn 1 0 0
f 2717/2717/2717 2716/2716/2716 2715/2715/2715
f 2720/2720/2720 2719/2719/2719 2718/2718/2718
f 2723/2723/2723 2722/2722/2722 2721/2721/2721
f 2726/2726/2726 2725/2725/2725 2724/2724/2724
f 2729/2729/2729 2728/2728/2728 2727/2727/2727
f 2732/2732/2732 2731/2731/2731 2730/2730/2730
f 2735/2735/2735 2734/2734/2734 2733/2733/2733
f 2738/2738/2738 2737/2737/2737 2736/2736/2736
f 2741/2741/2741 2740/2740/2740 2739/2739/2739
f 2744/2744/2744 2743/2743/2743 2742/2742/2742
f 2747/2747/2747 2746/2746/2746 2745/2745/2745
f 2750/2750/2750 2749/2749/2749 2748/2748/2748
f 2749/2749/2749 2750/2750/2750 2751/2751/2751
f 2754/2754/2754 2753/2753/2753 2752/2752/2752
f 2753/2753/2753 2754/2754/2754 2755/2755/2755
f 2758/2758/2758 2757/2757/2757 2756/2756/2756
f 2757/2757/2757 2758/2758/2758 2759/2759/2759
f 2762/2762/2762 2761/2761/2761 2760/2760/2760
f 2761/2761/2761 2762/2762/2762 2763/2763/2763
f 2766/2766/2766 2765/2765/2765 2764/2764/2764
f 2765/2765/2765 2766/2766/2766 2767/2767/2767
f 2770/2770/2770 2769/2769/2769 2768/2768/2768
f 2769/2769/2769 2770/2770/2770 2771/2771/2771
f 2774/2774/2774 2773/2773/2773 2772/2772/2772
f 2773/2773/2773 2774/2774/2774 2775/2775/2775
o mesh_44
usemtl mat15
v 25.6 127.99999999999997 -187.20000000000005
v 25.6 121.59999999999998 -185.60000000000005
v 25.6 127.99999999999997 -179.20000000000005
v 25.6 140.79999999999998 -204.80000000000004
v 25.6 140.79999999999998 -217.60000000000005
v 25.6 132.79999999999998 -204.80000000000004
v 25.6 132.79999999999998 -192.00000000000003
v 25.6 140.79999999999998 -179.20000000000005
v 25.6 140.79999999999998 -192.00000000000003
v 25.6 127.99999999999997 -217.60000000000005
v 25.6 121.59999999999998 -211.20000000000005
v 25.6 127.99999999999997 -209.60000000000005
v 22.400000000000002 127.99999999999997 -198.40000000000003
v 22.400000000000002 132.79999999999998 -192.00000000000003
v 22.400000000000002 134.39999999999998 -198.40000000000003
v 22.400000000000002 134.39999999999998 -198.40000000000003
v 22.400000000000002 132.79999999999998 -204.80000000000004
v 22.400000000000002 127.99999999999997 -198.40000000000003
v 22.400000000000002 125.59999999999998 -203.20000000000005
v 22.400000000000002 127.99999999999997 -209.60000000000005
v 22.400000000000002 121.59999999999998 -204.80000000000004
v 22.400000000000002 121.59999999999998 -211.20000000000005
v 22.400000000000002 125.59999999999998 -203.20000000000005
v 22.400000000000002 127.99999999999997 -198.40000000000003
v 22.400000000000002 127.99999999999997 -209.60000000000005
v 22.400000000000002 132.79999999999998 -204.80000000000004
v 22.400000000000002 127.99999999999997 -187.20000000000005
v 22.400000000000002 132.79999999999998 -192.00000000000003
v 22.400000000000002 125.59999999999998 -193.60000000000005
v 22.400000000000002 127.99999999999997 -198.40000000000003
v 22.400000000000002 127.99999999999997 -187.20000000000005
v 22.400000000000002 125.59999999999998 -193.60000000000005
v 22.400000000000002 121.59999999999998 -185.60000000000005
v 22.400000000000002 121.59999999999998 -192.00000000000003
v 22.400000000000002 115.19999999999997 -211.20000000000002
v 22.400000000000002 115.19999999999997 -204.8
v 22.400000000000002 121.59999999999998 -211.20000000000005
v 22.400000000000002 121.59999999999998 -204.80000000000004
v 22.400000000000002 121.59999999999998 -185.60000000000005
v 22.400000000000002 121.59999999999998 -192.00000000000003
v 22.400000000000002 115.19999999999997 -185.60000000000002
v 22.400000000000002 115.19999999999997 -192
v 25.6 115.19999999999997 -185.60000000000002
v 25.6 121.59999999999998 -185.60000000000005
v 22.400000000000002 115.19999999999997 -185.60000000000002
v 22.400000000000002 121.59999999999998 -185.60000000000005
v 22.400000000000002 102.39999999999998 -211.20000000000002
v 22.400000000000002 102.39999999999998 -204.8
v 22.400000000000002 115.19999999999997 -211.20000000000002
v 22.400000000000002 115.19999999999997 -204.8
v 25.6 115.19999999999997 -185.60000000000002
v 25.6 102.39999999999998 -185.60000000000002
v 25.6 115.19999999999997 -179.20000000000002
v 25.6 102.39999999999998 -179.20000000000002
v 22.400000000000002 115.19999999999997 -185.60000000000002
v 22.400000000000002 102.39999999999998 -185.60000000000002
v 25.6 115.19999999999997 -185.60000000000002
v 25.6 102.39999999999998 -185.60000000000002
v 22.400000000000002 115.19999999999997 -185.60000000000002
v 22.400000000000002 115.19999999999997 -192
v 22.400000000000002 102.39999999999998 -185.60000000000002
v 22.400000000000002 102.39999999999998 -192
v 25.6 134.39999999999998 -198.40000000000003
v 25.6 132.79999999999998 -192.00000000000003
v 25.6 140.79999999999998 -198.40000000000003
v 25.6 140.79999999999998 -192.00000000000003
v 25.6 140.79999999999998 -198.40000000000003
v 25.6 140.79999999999998 -204.80000000000004
v 25.6 134.39999999999998 -198.40000000000003
v 25.6 132.79999999999998 -204.80000000000004
v 25.6 115.19999999999997 -211.20000000000002
v 25.6 102.39999999999998 -211.20000000000002
v 22.400000000000002 115.19999999999997 -211.20000000000002
v 22.400000000000002 102.39999999999998 -211.20000000000002
v 25.6 115.19999999999997 -217.60000000000002
v 25.6 102.39999999999998 -217.60000000000002
v 25.6 115.19999999999997 -211.20000000000002
v 25.6 102.39999999999998 -211.20000000000002
v 25.6 132.79999999999998 -192.00000000000003
v 25.6 127.99999999999997 -187.20000000000005
v 25.6 140.79999999999998 -179.20000000000005
v 25.6 127.99999999999997 -179.20000000000005
v 22.400000000000002 102.39999999999998 -185.60000000000002
v 22.400000000000002 102.39999999999998 -192
v 25.6 102.39999999999998 -185.60000000000002
v 25.6 102.39999999999998 -192
v 25.6 115.19999999999997 -179.20000000000002
v 25.6 127.99999999999997 -179.20000000000005
v 25.6 115.19999999999997 -185.60000000000002
v 25.6 121.59999999999998 -185.60000000000005
v 25.6 115.19999999999997 -211.20000000000002
v 25.6 121.59999999999998 -211.20000000000005
v 25.6 115.19999999999997 -217.60000000000002
v 25.6 127.99999999999997 -217.60000000000005
v 25.6 102.39999999999998 -211.20000000000002
v 25.6 102.39999999999998 -204.8
v 22.400000000000002 102.39999999999998 -211.20000000000002
v 22.400000000000002 102.39999999999998 -204.8
v 22.400000000000002 115.19999999999997 -192
v 22.400000000000002 121.59999999999998 -192.00000000000003
v 0 115.19999999999997 -192
v 0 121.59999999999998 -192.00000000000003
v 22.400000000000002 115.19999999999997 -211.20000000000002
v 22.400000000000002 121.59999999999998 -211.20000000000005
v 25.6 115.19999999999997 -211.20000000000002
v 25.6 121.59999999999998 -211.20000000000005
v 0 115.19999999999997 -204.8
v 0 121.59999999999998 -204.80000000000004
v 22.400000000000002 115.19999999999997 -204.8
v 22.400000000000002 121.59999999999998 -204.80000000000004
v 22.400000000000002 121.59999999999998 -192.00000000000003
v 22.400000000000002 125.59999999999998 -193.60000000000005
v 0 121.59999999999998 -192.00000000000003
v 0 125.59999999999998 -193.60000000000005
v 22.400000000000002 125.59999999999998 -193.60000000000005
v 22.400000000000002 127.99999999999997 -198.40000000000003
v 0 125.59999999999998 -193.60000000000005
v 0 127.99999999999997 -198.40000000000003
v 22.400000000000002 127.99999999999997 -198.40000000000003
v 22.400000000000002 125.59999999999998 -203.20000000000005
v 0 127.99999999999997 -198.40000000000003
v 0 125.59999999999998 -203.20000000000005
v 22.400000000000002 125.59999999999998 -203.20000000000005
v 22.400000000000002 121.59999999999998 -204.80000000000004
v 0 125.59999999999998 -203.20000000000005
v 0 121.59999999999998 -204.80000000000004
v 25.6 127.99999999999997 -209.60000000000005
v 25.6 132.79999999999998 -204.80000000000004
v 25.6 127.99999999999997 -217.60000000000005
v 25.6 140.79999999999998 -217.60000000000005
v 22.400000000000002 132.79999999999998 -204.80000000000004
v 22.400000000000002 134.39999999999998 -198.40000000000003
v 25.6 132.79999999999998 -204.80000000000004
v 25.6 134.39999999999998 -198.40000000000003
v 22.400000000000002 127.99999999999997 -209.60000000000005
v 22.400000000000002 132.79999999999998 -204.80000000000004
v 25.6 127.99999999999997 -209.60000000000005
v 25.6 132.79999999999998 -204.80000000000004
v 22.400000000000002 132.79999999999998 -192.00000000000003
v 22.400000000000002 127.99999999999997 -187.20000000000005
v 25.6 132.79999999999998 -192.00000000000003
v 25.6 127.99999999999997 -187.20000000000005
v 22.400000000000002 127.99999999999997 -187.20000000000005
v 22.400000000000002 121.59999999999998 -185.60000000000005
v 25.6 127.99999999999997 -187.20000000000005
v 25.6 121.59999999999998 -185.60000000000005
v 22.400000000000002 121.59999999999998 -211.20000000000005
v 22.400000000000002 127.99999999999997 -209.60000000000005
v 25.6 121.59999999999998 -211.20000000000005
v 25.6 127.99999999999997 -209.60000000000005
v 22.400000000000002 134.39999999999998 -198.40000000000003
v 22.400000000000002 132.79999999999998 -192.00000000000003
v 25.6 134.39999999999998 -198.40000000000003
v 25.6 132.79999999999998 -192.00000000000003
vt 0.8828125 0.1796875
vt 0.875 0.2421875
vt 0.8125 0.1796875
vt 0.9375 0.0625
vt 0.8125 0.0625
vt 0.9375 0.1328125
vt 0.9296875 0.1328125
vt 0.8125 0.0625
vt 0.9296875 0.0625
vt 0.8125 0.1796875
vt 0.875 0.2421875
vt 0.890625 0.1796875
vt 0.9921875 0.1796875
vt 0.9296875 0.1328125
vt 0.9921875 0.1171875
vt 0.9921875 0.1171875
vt 0.9375 0.1328125
vt 0.9921875 0.1796875
vt 0.953125 0.203125
vt 0.890625 0.1796875
vt 0.9375 0.2421875
vt 0.875 0.2421875
vt 0.953125 0.203125
vt 0.9921875 0.1796875
vt 0.890625 0.1796875
vt 0.9375 0.1328125
vt 0.8828125 0.1796875
vt 0.9296875 0.1328125
vt 0.9453125 0.203125
vt 0.9921875 0.1796875
vt 0.8828125 0.1796875
vt 0.9453125 0.203125
vt 0.875 0.2421875
vt 0.9296875 0.2421875
vt 0.875 0.3046875
vt 0.9375 0.3046875
vt 0.875 0.2421875
vt 0.9375 0.2421875
vt 0.875 0.2421875
vt 0.9296875 0.2421875
vt 0.875 0.3046875
vt 0.9296875 0.3046875
vt 0.875 0.3046875
vt 0.875 0.25
vt 0.8984375 0.3046875
vt 0.8984375 0.25
vt 0.875 0.4296875
vt 0.9375 0.4296875
vt 0.875 0.3046875
vt 0.9375 0.3046875
vt 0.875 0.3046875
vt 0.875 0.4296875
vt 0.8125 0.3046875
vt 0.8125 0.4296875
vt 0.8984375 0.3046875
vt 0.8984375 0.4296875
vt 0.875 0.3046875
vt 0.875 0.4296875
vt 0.875 0.3046875
vt 0.9296875 0.3046875
vt 0.875 0.4296875
vt 0.9296875 0.4296875
vt 0.9921875 0.1171875
vt 0.9296875 0.1328125
vt 0.9921875 0.0625
vt 0.9296875 0.0625
vt 0.9921875 0.0625
vt 0.9375 0.0625
vt 0.9921875 0.1171875
vt 0.9375 0.1328125
vt 0.8671875 0.3046875
vt 0.8671875 0.4296875
vt 0.84375 0.3046875
vt 0.84375 0.4296875
vt 0.8125 0.3046875
vt 0.8125 0.4296875
vt 0.875 0.3046875
vt 0.875 0.4296875
vt 0.9296875 0.1328125
vt 0.8828125 0.1796875
vt 0.8125 0.0625
vt 0.8125 0.1796875
vt 0.8125 0.4375
vt 0.875 0.4375
vt 0.8125 0.453125
vt 0.875 0.453125
vt 0.8125 0.3046875
vt 0.8125 0.1796875
vt 0.875 0.3046875
vt 0.875 0.2421875
vt 0.875 0.3046875
vt 0.875 0.2421875
vt 0.8125 0.3046875
vt 0.8125 0.1796875
vt 0.9296875 0.453125
vt 0.875 0.453125
vt 0.9296875 0.4375
vt 0.875 0.4375
vt 0.8125 0.3046875
vt 0.8125 0.25
vt 0.9921875 0.3046875
vt 0.9921875 0.25
vt 0.84375 0.3046875
vt 0.84375 0.25
vt 0.8671875 0.3046875
vt 0.8671875 0.25
vt 0.9921875 0.3046875
vt 0.9921875 0.25
vt 0.8125 0.3046875
vt 0.8125 0.25
vt 0.9296875 0.2421875
vt 0.9453125 0.203125
vt 0.9296875 0.2421875
vt 0.9453125 0.203125
vt 0.9453125 0.203125
vt 0.9921875 0.1796875
vt 0.9453125 0.203125
vt 0.9921875 0.1796875
vt 0.9921875 0.1796875
vt 0.953125 0.203125
vt 0.9921875 0.1796875
vt 0.953125 0.203125
vt 0.953125 0.203125
vt 0.9375 0.2421875
vt 0.953125 0.203125
vt 0.9375 0.2421875
vt 0.890625 0.1796875
vt 0.9375 0.1328125
vt 0.8125 0.1796875
vt 0.8125 0.0625
vt 0.9375 0.1328125
vt 0.9921875 0.1171875
vt 0.9375 0.1328125
vt 0.9921875 0.1171875
vt 0.890625 0.1796875
vt 0.9375 0.1328125
vt 0.890625 0.1796875
vt 0.9375 0.1328125
vt 0.9296875 0.1328125
vt 0.8828125 0.1796875
vt 0.9296875 0.1328125
vt 0.8828125 0.1796875
vt 0.8828125 0.1796875
vt 0.875 0.2421875
vt 0.8828125 0.1796875
vt 0.875 0.2421875
vt 0.875 0.2421875
vt 0.890625 0.1796875
vt 0.875 0.2421875
vt 0.890625 0.1796875
vt 0.9921875 0.1171875
vt 0.9296875 0.1328125
vt 0.9921875 0.1171875
vt 0.9296875 0.1328125
vn 1 0 0
vn 1 0 0
vn 1 0 0
vn 1 0 0
vn 1 0 0
vn 1 0 0
vn 1 0 0
vn 1 0 0
vn 1 0 0
vn 1 0 0
vn 1 0 0
vn 1 0 0
vn 1 0 0
vn 1 0 0
vn 1 0 0
vn 1 0 0
vn 1 0 0
vn 1 0 0
vn 1 0 0
vn 1 0 0
vn 1 0 0
vn 1 0 0
vn 1 0 0
vn 1 0 0
vn 1 0 0
vn 1 0 0
vn 1 0 0
vn 1 0 0
vn 1 0 0
vn 1 0 0
vn 1 0 0
vn 1 0 0
vn 1 0 0
vn 1 0 0
vn 1 0 0
vn 1 0 0
vn 1 0 0
vn 1 0 0
vn 1 0 0
vn 1 0 0
vn 1 0 0
vn 1 0 0
vn 0 -1.2246467991473532e-16 -1
vn 0 -1.2246467991473532e-16 -1
vn 0 -1.2246467991473532e-16 -1
vn 0 -1.2246467991473532e-16 -1
vn 1 0 0
vn 1 0 0
vn 1 0 0
vn 1 0 0
vn 1 0 0
vn 1 0 0
vn 1 0 0
vn 1 0 0
vn 0 -1.2246467991473532e-16 -1
vn 0 -1.2246467991473532e-16 -1
vn 0 -1.2246467991473532e-16 -1
vn 0 -1.2246467991473532e-16 -1
vn 1 0 0
vn 1 0 0
vn 1 0 0
vn 1 0 0
vn 1 0 0
vn 1 0 0
vn 1 0 0
vn 1 0 0
vn 1 0 0
vn 1 0 0
vn 1 0 0
vn 1 0 0
vn 0 1.2246467991473532e-16 1
vn 0 1.2246467991473532e-16 1
vn 0 1.2246467991473532e-16 1
vn 0 1.2246467991473532e-16 1
vn 1 0 0
vn 1 0 0
vn 1 0 0
vn 1 0 0
vn 1 0 0
vn 1 0 0
vn 1 0 0
vn 1 0 0
vn 0 1 -1.2246467991473532e-16
vn 0 1 -1.2246467991473532e-16
vn 0 1 -1.2246467991473532e-16
vn 0 1 -1.2246467991473532e-16
vn 1 0 0
vn 1 0 0
vn 1 0 0
vn 1 0 0
vn 1 0 0
vn 1 0 0
vn 1 0 0
vn 1 0 0
vn 0 1 -1.2246467991473532e-16
vn 0 1 -1.2246467991473532e-16
vn 0 1 -1.2246467991473532e-16
vn 0 1 -1.2246467991473532e-16
vn 0 -1.2246467991473532e-16 -1
vn 0 -1.2246467991473532e-16 -1
vn 0 -1.2246467991473532e-16 -1
vn 0 -1.2246467991473532e-16 -1
vn 0 1.2246467991473532e-16 1
vn 0 1.2246467991473532e-16 1
vn 0 1.2246467991473532e-16 1
vn 0 1.2246467991473532e-16 1
vn 0 1.2246467991473532e-16 1
vn 0 1.2246467991473532e-16 1
vn 0 1.2246467991473532e-16 1
vn 0 1.2246467991473532e-16 1
vn 0 -0.37139067121577235 -0.9284766929405918
vn 0 -0.37139067121577235 -0.9284766929405918
vn 0 -0.37139067121577235 -0.9284766929405918
vn 0 -0.37139067121577235 -0.9284766929405918
vn 0 -0.894427190999916 -0.4472135954999579
vn 0 -0.894427190999916 -0.4472135954999579
vn 0 -0.894427190999916 -0.4472135954999579
vn 0 -0.894427190999916 -0.4472135954999579
vn 0 -0.8944271909999157 0.447213595499958
vn 0 -0.8944271909999157 0.447213595499958
vn 0 -0.8944271909999157 0.447213595499958
vn 0 -0.8944271909999157 0.447213595499958
vn 0 -0.37139067121577213 0.9284766929405919
vn 0 -0.37139067121577213 0.9284766929405919
vn 0 -0.37139067121577213 0.9284766929405919
vn 0 -0.37139067121577213 0.9284766929405919
vn 1 0 0
vn 1 0 0
vn 1 0 0
vn 1 0 0
vn 0 -0.9701425001453319 0.24253562503633308
vn 0 -0.9701425001453319 0.24253562503633308
vn 0 -0.9701425001453319 0.24253562503633308
vn 0 -0.9701425001453319 0.24253562503633308
vn 0 -0.7071067811865475 0.7071067811865476
vn 0 -0.7071067811865475 0.7071067811865476
vn 0 -0.7071067811865475 0.7071067811865476
vn 0 -0.7071067811865475 0.7071067811865476
vn 0 -0.7071067811865476 -0.7071067811865475
vn 0 -0.7071067811865476 -0.7071067811865475
vn 0 -0.7071067811865476 -0.7071067811865475
vn 0 -0.7071067811865476 -0.7071067811865475
vn 0 -0.24253562503633308 -0.9701425001453319
vn 0 -0.24253562503633308 -0.9701425001453319
vn 0 -0.24253562503633308 -0.9701425001453319
vn 0 -0.24253562503633308 -0.9701425001453319
vn 0 -0.24253562503633283 0.9701425001453319
vn 0 -0.24253562503633283 0.9701425001453319
vn 0 -0.24253562503633283 0.9701425001453319
vn 0 -0.24253562503633283 0.9701425001453319
vn 0 -0.9701425001453319 -0.24253562503633283
vn 0 -0.9701425001453319 -0.24253562503633283
vn 0 -0.9701425001453319 -0.24253562503633283
vn 0 -0.9701425001453319 -0.24253562503633283
f 2778/2778/2778 2777/2777/2777 2776/2776/2776
f 2781/2781/2781 2780/2780/2780 2779/2779/2779
f 2784/2784/2784 2783/2783/2783 2782/2782/2782
f 2787/2787/2787 2786/2786/2786 2785/2785/2785
f 2790/2790/2790 2789/2789/2789 2788/2788/2788
f 2793/2793/2793 2792/2792/2792 2791/2791/2791
f 2796/2796/2796 2795/2795/2795 2794/2794/2794
f 2795/2795/2795 2796/2796/2796 2797/2797/2797
f 2800/2800/2800 2799/2799/2799 2798/2798/2798
f 2799/2799/2799 2800/2800/2800 2801/2801/2801
f 2804/2804/2804 2803/2803/2803 2802/2802/2802
f 2803/2803/2803 2804/2804/2804 2805/2805/2805
f 2808/2808/2808 2807/2807/2807 2806/2806/2806
f 2807/2807/2807 2808/2808/2808 2809/2809/2809
f 2812/2812/2812 2811/2811/2811 2810/2810/2810
f 2811/2811/2811 2812/2812/2812 2813/2813/2813
f 2816/2816/2816 2815/2815/2815 2814/2814/2814
f 2815/2815/2815 2816/2816/2816 2817/2817/2817
f 2820/2820/2820 2819/2819/2819 2818/2818/2818
f 2819/2819/2819 2820/2820/2820 2821/2821/2821
f 2824/2824/2824 2823/2823/2823 2822/2822/2822
f 2823/2823/2823 2824/2824/2824 2825/2825/2825
f 2828/2828/2828 2827/2827/2827 2826/2826/2826
f 2827/2827/2827 2828/2828/2828 2829/2829/2829
f 2832/2832/2832 2831/2831/2831 2830/2830/2830
f 2831/2831/2831 2832/2832/2832 2833/2833/2833
f 2836/2836/2836 2835/2835/2835 2834/2834/2834
f 2835/2835/2835 2836/2836/2836 2837/2837/2837
f 2840/2840/2840 2839/2839/2839 2838/2838/2838
f 2839/2839/2839 2840/2840/2840 2841/2841/2841
f 2844/2844/2844 2843/2843/2843 2842/2842/2842
f 2843/2843/2843 2844/2844/2844 2845/2845/2845
f 2848/2848/2848 2847/2847/2847 2846/2846/2846
f 2847/2847/2847 2848/2848/2848 2849/2849/2849
f 2852/2852/2852 2851/2851/2851 2850/2850/2850
f 2851/2851/2851 2852/2852/2852 2853/2853/2853
f 2856/2856/2856 2855/2855/2855 2854/2854/2854
f 2855/2855/2855 2856/2856/2856 2857/2857/2857
f 2860/2860/2860 2859/2859/2859 2858/2858/2858
f 2859/2859/2859 2860/2860/2860 2861/2861/2861
f 2864/2864/2864 2863/2863/2863 2862/2862/2862
f 2863/2863/2863 2864/2864/2864 2865/2865/2865
f 2868/2868/2868 2867/2867/2867 2866/2866/2866
f 2867/2867/2867 2868/2868/2868 2869/2869/2869
f 2872/2872/2872 2871/2871/2871 2870/2870/2870
f 2871/2871/2871 2872/2872/2872 2873/2873/2873
f 2876/2876/2876 2875/2875/2875 2874/2874/2874
f 2875/2875/2875 2876/2876/2876 2877/2877/2877
f 2880/2880/2880 2879/2879/2879 2878/2878/2878
f 2879/2879/2879 2880/2880/2880 2881/2881/2881
f 2884/2884/2884 2883/2883/2883 2882/2882/2882
f 2883/2883/2883 2884/2884/2884 2885/2885/2885
f 2888/2888/2888 2887/2887/2887 2886/2886/2886
f 2887/2887/2887 2888/2888/2888 2889/2889/2889
f 2892/2892/2892 2891/2891/2891 2890/2890/2890
f 2891/2891/2891 2892/2892/2892 2893/2893/2893
f 2896/2896/2896 2895/2895/2895 2894/2894/2894
f 2895/2895/2895 2896/2896/2896 2897/2897/2897
f 2900/2900/2900 2899/2899/2899 2898/2898/2898
f 2899/2899/2899 2900/2900/2900 2901/2901/2901
f 2904/2904/2904 2903/2903/2903 2902/2902/2902
f 2903/2903/2903 2904/2904/2904 2905/2905/2905
f 2908/2908/2908 2907/2907/2907 2906/2906/2906
f 2907/2907/2907 2908/2908/2908 2909/2909/2909
f 2912/2912/2912 2911/2911/2911 2910/2910/2910
f 2911/2911/2911 2912/2912/2912 2913/2913/2913
f 2916/2916/2916 2915/2915/2915 2914/2914/2914
f 2915/2915/2915 2916/2916/2916 2917/2917/2917
f 2920/2920/2920 2919/2919/2919 2918/2918/2918
f 2919/2919/2919 2920/2920/2920 2921/2921/2921
f 2924/2924/2924 2923/2923/2923 2922/2922/2922
f 2923/2923/2923 2924/2924/2924 2925/2925/2925
f 2928/2928/2928 2927/2927/2927 2926/2926/2926
f 2927/2927/2927 2928/2928/2928 2929/2929/2929
o mesh_45
usemtl mat9
v 25.6 102.39999999999998 -185.60000000000002
v 25.6 102.39999999999998 -192
v 25.6 89.59999999999998 -192
v 25.6 89.59999999999998 -204.8
v 25.6 102.39999999999998 -204.8
v 25.6 102.39999999999998 -211.20000000000002
v 25.6 89.59999999999998 -204.8
v 22.400000000000002 102.39999999999998 -204.8
v 25.6 102.39999999999998 -204.8
v 25.6 102.39999999999998 -211.20000000000002
v 25.6 102.39999999999998 -217.60000000000002
v 25.6 89.59999999999998 -204.8
v 25.6 89.59999999999998 -217.60000000000002
v 25.6 89.59999999999998 -179.20000000000002
v 25.6 102.39999999999998 -179.20000000000002
v 25.6 89.59999999999998 -192
v 25.6 102.39999999999998 -185.60000000000002
v 25.6 89.59999999999998 -230.4
v 25.6 89.59999999999998 -217.60000000000002
v 25.6 102.39999999999998 -230.4
v 25.6 102.39999999999998 -217.60000000000002
vt 0.8125 0.375
vt 0.8671875 0.375
vt 0.8671875 0.4921875
vt 0.625 0.4921875
vt 0.625 0.375
vt 0.6796875 0.375
vt 0.8671875 0.4921875
vt 0.8359375 0.375
vt 0.8671875 0.375
vt 0.6796875 0.375
vt 0.7421875 0.375
vt 0.625 0.4921875
vt 0.7421875 0.4921875
vt 0.7421875 0.4921875
vt 0.7421875 0.375
vt 0.8671875 0.4921875
vt 0.8125 0.375
vt 0.8671875 0.4921875
vt 0.7421875 0.4921875
vt 0.8671875 0.375
vt 0.7421875 0.375
vn 1 0 0
vn 1 0 0
vn 1 0 0
vn 1 0 0
vn 1 0 0
vn 1 0 0
vn 0 1.2246467991473532e-16 1
vn 0 1.2246467991473532e-16 1
vn 0 1.2246467991473532e-16 1
vn 1 0 0
vn 1 0 0
vn 1 0 0
vn 1 0 0
vn 1 0 0
vn 1 0 0
vn 1 0 0
vn 1 0 0
vn 1 0 0
vn 1 0 0
vn 1 0 0
vn 1 0 0
f 2932/2932/2932 2931/2931/2931 2930/2930/2930
f 2935/2935/2935 2934/2934/2934 2933/2933/2933
f 2938/2938/2938 2937/2937/2937 2936/2936/2936
f 2941/2941/2941 2940/2940/2940 2939/2939/2939
f 2940/2940/2940 2941/2941/2941 2942/2942/2942
f 2945/2945/2945 2944/2944/2944 2943/2943/2943
f 2944/2944/2944 2945/2945/2945 2946/2946/2946
f 2949/2949/2949 2948/2948/2948 2947/2947/2947
f 2948/2948/2948 2949/2949/2949 2950/2950/2950
o mesh_46
usemtl mat7
v 102.4 159.99999999999997 -166.40000000000003
v 89.60000000000001 166.39999999999998 -147.20000000000005
v 102.4 166.39999999999998 -147.20000000000005
v 89.60000000000001 166.39999999999998 -192.00000000000003
v 89.60000000000001 166.39999999999998 -147.20000000000005
v 102.4 159.99999999999997 -166.40000000000003
v 128 275.2 -102.40000000000003
v 153.60000000000002 275.2 -96.00000000000003
v 153.60000000000002 243.20000000000002 -104.00000000000003
v 80 191.99999999999997 -172.80000000000004
v 70.4 230.39999999999998 -188.80000000000004
v 102.4 230.39999999999998 -179.20000000000005
v 89.60000000000001 166.39999999999998 -192.00000000000003
v 89.60000000000001 166.39999999999998 -204.80000000000004
v 70.4 191.99999999999997 -192.00000000000003
v 104.80000000000001 169.60000000000002 -72.00000000000001
v 128 192 -73.60000000000004
v 102.4 192 -89.60000000000004
v 121.60000000000001 230.4 -92.80000000000004
v 128 243.20000000000002 -83.20000000000003
v 102.4 243.20000000000002 -108.80000000000004
v 128 192 -73.60000000000004
v 128 230.4 -70.40000000000003
v 121.60000000000001 230.4 -92.80000000000004
v 0 243.20000000000002 -110.40000000000003
v 0 275.2 -110.40000000000003
v 25.6 275.2 -115.20000000000003
v 128 275.2 -102.40000000000003
v 102.4 243.2 -123.20000000000003
v 102.4 275.2 -115.20000000000003
v 102.4 243.2 -161.60000000000005
v 76.80000000000001 275.2 -161.60000000000005
v 89.60000000000001 275.2 -125.60000000000004
v 102.4 243.20000000000002 -108.80000000000004
v 76.80000000000001 243.20000000000002 -108.80000000000004
v 76.80000000000001 230.4 -89.60000000000004
v 51.2 192 -32.00000000000002
v 51.2 230.4 -44.80000000000003
v 32 230.4 -44.80000000000003
v 102.4 243.2 -161.60000000000005
v 70.4 243.2 -171.20000000000005
v 76.80000000000001 275.2 -161.60000000000005
v 25.6 275.2 -97.60000000000004
v 0 275.2 -110.40000000000003
v 0 243.20000000000002 -94.40000000000003
v 102.4 243.20000000000002 -108.80000000000004
v 102.4 275.2 -115.20000000000003
v 76.80000000000001 275.2 -110.40000000000003
v 17.6 166.39999999999998 -136.80000000000004
v 0 166.39999999999998 -137.60000000000002
v 0 191.99999999999997 -128.00000000000003
v 0 191.99999999999997 -128.00000000000003
v 25.6 191.99999999999997 -134.40000000000003
v 17.6 166.39999999999998 -136.80000000000004
v 76.80000000000001 230.4 -89.60000000000004
v 76.80000000000001 192 -89.60000000000004
v 102.4 192 -89.60000000000004
v 51.2 230.4 -76.80000000000004
v 51.2 192 -64.00000000000003
v 76.80000000000001 192 -89.60000000000004
v 51.2 192 -32.00000000000002
v 51.2 192 -64.00000000000003
v 51.2 230.4 -76.80000000000004
v 0 179.20000000000002 -67.20000000000003
v -25.6 179.20000000000002 -80.00000000000003
v -25.6 153.60000000000002 -80.00000000000001
v 53.6 191.99999999999997 -150.40000000000003
v 48 179.2 -161.60000000000005
v 48 179.2 -150.40000000000003
v 102.4 192 -89.60000000000004
v 76.80000000000001 192 -89.60000000000004
v 76.80000000000001 169.60000000000002 -72.00000000000001
v 76.80000000000001 169.60000000000002 -72.00000000000001
v 76.80000000000001 192 -89.60000000000004
v 51.2 192 -64.00000000000003
v 73.60000000000001 166.4 -55.200000000000024
v 76.80000000000001 169.60000000000002 -72.00000000000001
v 51.2 192 -64.00000000000003
v 76.80000000000001 192 -89.60000000000004
v 76.80000000000001 230.4 -89.60000000000004
v 51.2 230.4 -76.80000000000004
v 53.6 191.99999999999997 -150.40000000000003
v 51.2 191.99999999999997 -137.60000000000002
v 51.2 230.39999999999998 -137.60000000000002
v 48 179.2 -150.40000000000003
v 51.2 191.99999999999997 -137.60000000000002
v 53.6 191.99999999999997 -150.40000000000003
v 25.6 191.99999999999997 -134.40000000000003
v 51.2 191.99999999999997 -137.60000000000002
v 48 179.2 -150.40000000000003
v -25.6 191.99999999999997 -136.00000000000003
v 0 191.99999999999997 -128.00000000000003
v 0 166.39999999999998 -137.60000000000002
v 48 179.2 -161.60000000000005
v 53.6 191.99999999999997 -150.40000000000003
v 60 191.99999999999997 -179.20000000000005
v 70.4 230.39999999999998 -188.80000000000004
v 80 191.99999999999997 -172.80000000000004
v 70.4 191.99999999999997 -192.00000000000003
v 51.2 230.39999999999998 -137.60000000000002
v 51.2 243.2 -158.40000000000003
v 57.6 230.39999999999998 -176.00000000000003
v 53.6 191.99999999999997 -150.40000000000003
v 51.2 230.39999999999998 -137.60000000000002
v 57.6 230.39999999999998 -176.00000000000003
v 25.6 230.39999999999998 -134.40000000000003
v 25.6 243.2 -116.80000000000004
v 51.2 243.2 -120.00000000000003
v 89.60000000000001 275.2 -125.60000000000004
v 102.4 275.2 -115.20000000000003
v 102.4 243.2 -161.60000000000005
v 51.2 243.2 -120.00000000000003
v 51.2 275.2 -118.40000000000003
v 76.80000000000001 275.2 -132.80000000000004
v 76.80000000000001 275.2 -132.80000000000004
v 76.80000000000001 275.2 -161.60000000000005
v 51.2 243.2 -158.40000000000003
v 102.4 191.99999999999997 -144.00000000000003
v 102.4 166.39999999999998 -147.20000000000005
v 81.60000000000001 191.99999999999997 -140.80000000000004
v 89.60000000000001 166.39999999999998 -147.20000000000005
v 80 191.99999999999997 -147.20000000000005
v 81.60000000000001 191.99999999999997 -140.80000000000004
v 25.6 191.99999999999997 -134.40000000000003
v 48 179.2 -150.40000000000003
v 25.6 166.39999999999998 -156.00000000000003
v 0 166.39999999999998 -153.60000000000005
v -25.6 191.99999999999997 -136.00000000000003
v 0 166.39999999999998 -137.60000000000002
v 0 217.6 -128.00000000000003
v 0 243.20000000000002 -110.40000000000003
v 25.6 243.2 -116.80000000000004
v 57.6 230.39999999999998 -176.00000000000003
v 60 191.99999999999997 -179.20000000000005
v 53.6 191.99999999999997 -150.40000000000003
v 25.6 166.39999999999998 -156.00000000000003
v 17.6 166.39999999999998 -136.80000000000004
v 25.6 191.99999999999997 -134.40000000000003
v 81.60000000000001 191.99999999999997 -140.80000000000004
v 102.4 166.39999999999998 -147.20000000000005
v 89.60000000000001 166.39999999999998 -147.20000000000005
v 25.6 275.2 -115.20000000000003
v 25.6 243.2 -116.80000000000004
v 0 243.20000000000002 -110.40000000000003
v 76.80000000000001 275.2 -132.80000000000004
v 51.2 243.2 -158.40000000000003
v 51.2 243.2 -120.00000000000003
v 102.4 275.2 -115.20000000000003
v 102.4 243.2 -123.20000000000003
v 102.4 243.2 -161.60000000000005
v 153.60000000000002 243.20000000000002 -104.00000000000003
v 128 243.20000000000002 -104.00000000000003
v 128 275.2 -102.40000000000003
v 128 275.2 -102.40000000000003
v 128 243.20000000000002 -104.00000000000003
v 102.4 243.2 -123.20000000000003
v 76.80000000000001 275.2 -161.60000000000005
v 70.4 243.2 -171.20000000000005
v 51.2 243.2 -158.40000000000003
v 70.4 191.99999999999997 -192.00000000000003
v 80 191.99999999999997 -172.80000000000004
v 89.60000000000001 166.39999999999998 -192.00000000000003
v 0 243.20000000000002 -110.40000000000003
v -25.6 243.2 -118.40000000000003
v 0 275.2 -110.40000000000003
v 51.2 243.2 -158.40000000000003
v 51.2 230.39999999999998 -137.60000000000002
v 25.6 230.39999999999998 -134.40000000000003
v 70.4 243.2 -171.20000000000005
v 70.4 230.39999999999998 -188.80000000000004
v 57.6 230.39999999999998 -176.00000000000003
v 81.60000000000001 191.99999999999997 -140.80000000000004
v 80 191.99999999999997 -147.20000000000005
v 102.4 230.39999999999998 -140.80000000000004
v 60 191.99999999999997 -179.20000000000005
v 57.6 230.39999999999998 -176.00000000000003
v 70.4 230.39999999999998 -188.80000000000004
v 57.6 230.39999999999998 -176.00000000000003
v 51.2 243.2 -158.40000000000003
v 70.4 243.2 -171.20000000000005
v 0 243.20000000000002 -94.40000000000003
v 25.6 243.20000000000002 -89.60000000000004
v 25.6 275.2 -97.60000000000004
v -25.6 243.20000000000002 -107.20000000000003
v 0 243.20000000000002 -94.40000000000003
v 0 275.2 -110.40000000000003
v 0 243.20000000000002 -94.40000000000003
v 0 217.60000000000002 -76.80000000000004
v 25.6 243.20000000000002 -89.60000000000004
v 76.80000000000001 275.2 -110.40000000000003
v 76.80000000000001 243.20000000000002 -108.80000000000004
v 102.4 243.20000000000002 -108.80000000000004
v 32 230.4 -44.80000000000003
v 32 192 -35.200000000000024
v 51.2 192 -32.00000000000002
v 25.6 243.20000000000002 -89.60000000000004
v 51.2 243.20000000000002 -89.60000000000004
v 51.2 275.2 -91.20000000000003
v 121.60000000000001 230.4 -92.80000000000004
v 102.4 192 -89.60000000000004
v 128 192 -73.60000000000004
v 76.80000000000001 169.60000000000002 -72.00000000000001
v 104.80000000000001 169.60000000000002 -72.00000000000001
v 102.4 192 -89.60000000000004
v 76.80000000000001 169.60000000000002 -72.00000000000001
v 73.60000000000001 166.4 -55.200000000000024
v 89.60000000000001 166.4 -46.40000000000003
v 128 192 -73.60000000000004
v 104.80000000000001 169.60000000000002 -72.00000000000001
v 102.4 166.4 -46.40000000000003
v 102.4 166.4 -46.40000000000003
v 102.4 153.60000000000002 -46.40000000000003
v 128 153.60000000000002 -84.00000000000001
v 102.4 192 -89.60000000000004
v 102.4 230.4 -92.80000000000004
v 76.80000000000001 230.4 -89.60000000000004
v 76.80000000000001 230.4 -89.60000000000004
v 102.4 230.4 -92.80000000000004
v 102.4 243.20000000000002 -108.80000000000004
v 22.400000000000002 193.60000000000002 -72.00000000000003
v 25.6 230.4 -80.80000000000004
v 0 217.60000000000002 -76.80000000000004
v 25.6 192 -54.40000000000003
v 32 230.4 -44.80000000000003
v 25.6 230.4 -80.80000000000004
v 121.60000000000001 230.4 -92.80000000000004
v 102.4 243.20000000000002 -108.80000000000004
v 102.4 230.4 -92.80000000000004
v 102.4 230.4 -92.80000000000004
v 102.4 192 -89.60000000000004
v 121.60000000000001 230.4 -92.80000000000004
v 128 243.20000000000002 -83.20000000000003
v 121.60000000000001 230.4 -92.80000000000004
v 128 230.4 -70.40000000000003
v 0 179.20000000000002 -67.20000000000003
v 25.6 192 -54.40000000000003
v 22.400000000000002 193.60000000000002 -72.00000000000003
v 25.6 192 -54.40000000000003
v 32 192 -35.200000000000024
v 32 230.4 -44.80000000000003
v 25.6 230.4 -80.80000000000004
v 22.400000000000002 193.60000000000002 -72.00000000000003
v 25.6 192 -54.40000000000003
v 32 230.4 -44.80000000000003
v 25.6 243.20000000000002 -89.60000000000004
v 25.6 230.4 -80.80000000000004
v 0 217.60000000000002 -76.80000000000004
v 0 179.20000000000002 -67.20000000000003
v 22.400000000000002 193.60000000000002 -72.00000000000003
v 25.6 230.4 -80.80000000000004
v 25.6 243.20000000000002 -89.60000000000004
v 0 217.60000000000002 -76.80000000000004
v 51.2 243.20000000000002 -89.60000000000004
v 51.2 230.4 -44.80000000000003
v 51.2 230.4 -76.80000000000004
v 51.2 230.4 -76.80000000000004
v 76.80000000000001 230.4 -89.60000000000004
v 51.2 243.20000000000002 -89.60000000000004
v 76.80000000000001 230.4 -89.60000000000004
v 76.80000000000001 243.20000000000002 -108.80000000000004
v 51.2 243.20000000000002 -89.60000000000004
v 51.2 192 -32.00000000000002
v 51.2 230.4 -76.80000000000004
v 51.2 230.4 -44.80000000000003
v 51.2 275.2 -91.20000000000003
v 25.6 275.2 -97.60000000000004
v 25.6 243.20000000000002 -89.60000000000004
v 73.60000000000001 166.4 -55.200000000000024
v 51.2 192 -64.00000000000003
v 51.2 192 -32.00000000000002
v 81.60000000000001 191.99999999999997 -140.80000000000004
v 102.4 230.39999999999998 -140.80000000000004
v 102.4 191.99999999999997 -144.00000000000003
v 25.6 243.2 -116.80000000000004
v 25.6 230.39999999999998 -134.40000000000003
v 0 217.6 -128.00000000000003
v 25.6 230.39999999999998 -134.40000000000003
v 51.2 243.2 -120.00000000000003
v 51.2 243.2 -158.40000000000003
v 0 166.39999999999998 -153.60000000000005
v -25.6 166.39999999999998 -153.60000000000005
v -25.6 191.99999999999997 -136.00000000000003
v 128 153.60000000000002 -84.00000000000001
v 128 192 -73.60000000000004
v 102.4 166.4 -46.40000000000003
v 153.60000000000002 243.20000000000002 -89.60000000000004
v 128 243.20000000000002 -83.20000000000003
v 153.60000000000002 230.4 -76.80000000000004
v 128 230.4 -70.40000000000003
v 25.6 243.20000000000002 -89.60000000000004
v 32 230.4 -44.80000000000003
v 51.2 243.20000000000002 -89.60000000000004
v 51.2 230.4 -44.80000000000003
v 76.80000000000001 275.2 -110.40000000000003
v 51.2 275.2 -91.20000000000003
v 76.80000000000001 243.20000000000002 -108.80000000000004
v 51.2 243.20000000000002 -89.60000000000004
v 102.4 275.2 -115.20000000000003
v 102.4 243.20000000000002 -108.80000000000004
v 128 275.2 -89.60000000000004
v 128 243.20000000000002 -83.20000000000003
v 153.60000000000002 275.2 -96.00000000000003
v 128 275.2 -89.60000000000004
v 153.60000000000002 243.20000000000002 -89.60000000000004
v 128 243.20000000000002 -83.20000000000003
v 153.60000000000002 230.4 -76.80000000000004
v 128 230.4 -70.40000000000003
v 153.60000000000002 192 -80.00000000000003
v 128 192 -73.60000000000004
v 25.6 166.39999999999998 -166.40000000000003
v 25.6 166.39999999999998 -156.00000000000003
v 48 179.2 -161.60000000000005
v 48 179.2 -150.40000000000003
v 128 192 -73.60000000000004
v 128 153.60000000000002 -84.00000000000001
v 153.60000000000002 192 -80.00000000000003
v 153.60000000000002 153.60000000000002 -90.40000000000002
v 104.80000000000001 169.60000000000002 -72.00000000000001
v 76.80000000000001 169.60000000000002 -72.00000000000001
v 102.4 166.4 -46.40000000000003
v 89.60000000000001 166.4 -46.40000000000003
v 0 166.39999999999998 -137.60000000000002
v 17.6 166.39999999999998 -136.80000000000004
v 0 166.39999999999998 -153.60000000000005
v 25.6 166.39999999999998 -156.00000000000003
v 0 217.6 -128.00000000000003
v 0 191.99999999999997 -128.00000000000003
v -25.6 217.6 -136.00000000000003
v -25.6 191.99999999999997 -136.00000000000003
v 25.6 230.39999999999998 -134.40000000000003
v 51.2 230.39999999999998 -137.60000000000002
v 25.6 191.99999999999997 -134.40000000000003
v 51.2 191.99999999999997 -137.60000000000002
v 102.4 191.99999999999997 -144.00000000000003
v 102.4 230.39999999999998 -140.80000000000004
v 128 191.99999999999997 -124.80000000000004
v 128 230.39999999999998 -121.60000000000004
v 153.60000000000002 191.99999999999997 -124.80000000000004
v 153.60000000000002 166.39999999999998 -128.00000000000003
v 128 191.99999999999997 -124.80000000000004
v 128 166.39999999999998 -128.00000000000003
v 25.6 230.39999999999998 -134.40000000000003
v 25.6 191.99999999999997 -134.40000000000003
v 0 217.6 -128.00000000000003
v 0 191.99999999999997 -128.00000000000003
v 80 191.99999999999997 -147.20000000000005
v 80 191.99999999999997 -172.80000000000004
v 102.4 230.39999999999998 -140.80000000000004
v 102.4 230.39999999999998 -179.20000000000005
v 102.4 230.39999999999998 -179.20000000000005
v 102.4 243.2 -161.60000000000005
v 102.4 230.39999999999998 -140.80000000000004
v 102.4 243.2 -123.20000000000003
v 89.60000000000001 166.39999999999998 -147.20000000000005
v 89.60000000000001 166.39999999999998 -192.00000000000003
v 80 191.99999999999997 -147.20000000000005
v 80 191.99999999999997 -172.80000000000004
v 25.6 275.2 -115.20000000000003
v 51.2 275.2 -118.40000000000003
v 25.6 243.2 -116.80000000000004
v 51.2 243.2 -120.00000000000003
v -25.6 243.2 -118.40000000000003
v 0 243.20000000000002 -110.40000000000003
v -25.6 217.6 -136.00000000000003
v 0 217.6 -128.00000000000003
v 70.4 243.2 -171.20000000000005
v 102.4 243.2 -161.60000000000005
v 70.4 230.39999999999998 -188.80000000000004
v 102.4 230.39999999999998 -179.20000000000005
v 128 243.20000000000002 -104.00000000000003
v 153.60000000000002 243.20000000000002 -104.00000000000003
v 128 230.39999999999998 -121.60000000000004
v 153.60000000000002 230.39999999999998 -121.60000000000004
v 102.4 243.2 -123.20000000000003
v 128 243.20000000000002 -104.00000000000003
v 102.4 230.39999999999998 -140.80000000000004
v 128 230.39999999999998 -121.60000000000004
v -25.6 243.20000000000002 -107.20000000000003
v -25.6 217.60000000000002 -89.60000000000004
v 0 243.20000000000002 -94.40000000000003
v 0 217.60000000000002 -76.80000000000004
v 0 179.20000000000002 -67.20000000000003
v 0 217.60000000000002 -76.80000000000004
v -25.6 179.20000000000002 -80.00000000000003
v -25.6 217.60000000000002 -89.60000000000004
v 128 191.99999999999997 -124.80000000000004
v 128 230.39999999999998 -121.60000000000004
v 153.60000000000002 191.99999999999997 -124.80000000000004
v 153.60000000000002 230.39999999999998 -121.60000000000004
v 128 191.99999999999997 -124.80000000000004
v 128 166.39999999999998 -128.00000000000003
v 102.4 191.99999999999997 -144.00000000000003
v 102.4 166.39999999999998 -147.20000000000005
vt 0.25 0.6953125
vt 0.4140625 0.5
vt 0.4609375 0.6640625
vt 0.1796875 0.5
vt 0.4140625 0.5
vt 0.25 0.6953125
vt 0.2421875 0.75
vt 0.4921875 0.75
vt 0.4921875 0.9921875
vt 0.34375 0.9921875
vt 0.1875 0.625
vt 0.4921875 0.625
vt 0.40625 0.9921875
vt 0.3046875 0.9921875
vt 0.28125 0.796875
vt 0.4921875 0.7890625
vt 0.2421875 0.5
vt 0.4921875 0.5
vt 0.3046875 0.6171875
vt 0.2421875 0.5
vt 0.4921875 0.5
vt 0.2421875 0.9921875
vt 0.2421875 0.6171875
vt 0.3046875 0.6171875
vt 0 0.9921875
vt 0 0.75
vt 0.2421875 0.75
vt 0.2421875 0.75
vt 0 0.9921875
vt 0 0.75
vt 0.1328125 0.8515625
vt 0.0234375 0.5
vt 0.359375 0.5
vt 0 0.5
vt 0.2421875 0.5
vt 0.2421875 0.6171875
vt 0.0390625 0.8046875
vt 0 0.5
vt 0.2421875 0.5
vt 0.4921875 0.9921875
vt 0.1796875 0.9921875
vt 0.2421875 0.75
vt 0.25 0.5
vt 0.4921875 0.5
vt 0.4921875 0.75
vt 0 0.875
vt 0 0.625
vt 0.25 0.625
vt 0.171875 0.7421875
vt 0 0.7421875
vt 0 0.5
vt 0 0.5
vt 0.2421875 0.5
vt 0.171875 0.7421875
vt 0.25 0.625
vt 0.25 0.9921875
vt 0 0.9921875
vt 0.4921875 0.625
vt 0.4921875 0.9921875
vt 0.25 0.9921875
vt 0.4921875 0.7578125
vt 0.2890625 0.7421875
vt 0.2578125 0.5
vt 0 0.5
vt 0.2421875 0.5
vt 0.2421875 0.671875
vt 0.265625 0.5
vt 0.4140625 0.7265625
vt 0.3046875 0.7265625
vt 0 0.5
vt 0.25 0.5
vt 0.25 0.8203125
vt 0.25 0.8203125
vt 0.25 0.5
vt 0.4921875 0.5
vt 0.4140625 0.828125
vt 0.25 0.8203125
vt 0.4921875 0.5
vt 0.25 0.9921875
vt 0.25 0.625
vt 0.4921875 0.625
vt 0.2890625 0.9921875
vt 0.140625 0.9921875
vt 0.140625 0.6171875
vt 0.3046875 0.7265625
vt 0.125 0.5
vt 0.265625 0.5
vt 0.2421875 0.5
vt 0.4921875 0.5
vt 0.4609375 0.6171875
vt 0.25 0.7421875
vt 0.4921875 0.75
vt 0.4921875 0.9921875
vt 0.4140625 0.7265625
vt 0.265625 0.5
vt 0.4921875 0.5
vt 0.3046875 0.5
vt 0.4921875 0.796875
vt 0.28125 0.796875
vt 0.140625 0.6171875
vt 0.3125 0.5
vt 0.46875 0.6171875
vt 0.2890625 0.9921875
vt 0.140625 0.6171875
vt 0.46875 0.6171875
vt 0.2421875 0.6171875
vt 0.2421875 0.5
vt 0.4921875 0.5
vt 0.359375 0.5
vt 0.4921875 0.5
vt 0.1328125 0.8515625
vt 0 0.9921875
vt 0 0.75
vt 0.2421875 0.75
vt 0.1484375 0.75
vt 0.4921875 0.75
vt 0.453125 0.9921875
vt 0.4921875 0.5
vt 0.4921875 0.75
vt 0.3203125 0.5
vt 0.421875 0.9921875
vt 0.3828125 0.796875
vt 0.4296875 0.796875
vt 0.2421875 0.5
vt 0.3984375 0.625
vt 0.2421875 0.7421875
vt 0.25 0.9921875
vt 0.25 0.75
vt 0.4921875 0.9921875
vt 0 0.7421875
vt 0 0.5
vt 0.2421875 0.5
vt 0.46875 0.6171875
vt 0.4921875 0.9921875
vt 0.2890625 0.9921875
vt 0.390625 0.734375
vt 0.171875 0.7421875
vt 0.2421875 0.5
vt 0.3203125 0.5
vt 0.4921875 0.75
vt 0.34375 0.7421875
vt 0.2421875 0.75
vt 0.2421875 0.9921875
vt 0 0.9921875
vt 0.1484375 0.75
vt 0.453125 0.9921875
vt 0 0.9921875
vt 0.4921875 0.5
vt 0.4296875 0.8515625
vt 0.1328125 0.8515625
vt 0.4921875 0.9921875
vt 0.2421875 0.9921875
vt 0.2421875 0.75
vt 0.2421875 0.75
vt 0.2421875 0.9921875
vt 0 0.9921875
vt 0.2421875 0.75
vt 0.1796875 0.9921875
vt 0 0.9921875
vt 0.28125 0.796875
vt 0.4921875 0.796875
vt 0.40625 0.9921875
vt 0.4921875 0.9921875
vt 0.25 0.9921875
vt 0.4921875 0.75
vt 0.4921875 0.5
vt 0.4921875 0.6171875
vt 0.2421875 0.6171875
vt 0.2109375 0.5
vt 0.2421875 0.6171875
vt 0.078125 0.6171875
vt 0.4296875 0.796875
vt 0.3828125 0.796875
vt 0.4921875 0.5
vt 0.0859375 0.9921875
vt 0.0625 0.6171875
vt 0.1796875 0.6171875
vt 0.078125 0.6171875
vt 0 0.5
vt 0.2109375 0.5
vt 0.4921875 0.75
vt 0.25 0.75
vt 0.25 0.5
vt 0.2421875 0.75
vt 0 0.75
vt 0 0.5
vt 0.4921875 0.5
vt 0.4921875 0.6953125
vt 0.25 0.5
vt 0.25 0.625
vt 0.25 0.875
vt 0 0.875
vt 0.2421875 0.5
vt 0.2421875 0.796875
vt 0.0390625 0.8046875
vt 0.25 0.75
vt 0 0.75
vt 0 0.5
vt 0.3046875 0.6171875
vt 0.4921875 0.9921875
vt 0.2421875 0.9921875
vt 0.25 0.8203125
vt 0 0.828125
vt 0 0.5
vt 0.25 0.8203125
vt 0.2890625 0.9453125
vt 0.1328125 0.9921875
vt 0.25 0.6171875
vt 0.4921875 0.7890625
vt 0.4921875 0.9921875
vt 0.4921875 0.875
vt 0.4921875 0.9921875
vt 0.2421875 0.9921875
vt 0 0.9921875
vt 0 0.6171875
vt 0.25 0.625
vt 0.2421875 0.6171875
vt 0 0.6171875
vt 0 0.5
vt 0.2734375 0.875
vt 0.25 0.59375
vt 0.4921875 0.6953125
vt 0.171875 0.9921875
vt 0.0859375 0.6171875
vt 0.4140625 0.6171875
vt 0.3046875 0.6171875
vt 0.4921875 0.5
vt 0.4921875 0.6171875
vt 0.4921875 0.6171875
vt 0.4921875 0.9921875
vt 0.3046875 0.6171875
vt 0.2421875 0.5
vt 0.3046875 0.6171875
vt 0.2421875 0.6171875
vt 0.4921875 0.9921875
vt 0.1953125 0.9921875
vt 0.28125 0.875
vt 0.171875 0.9921875
vt 0 0.9921875
vt 0.0859375 0.6171875
vt 0.4140625 0.6171875
vt 0.328125 0.9765625
vt 0.171875 0.9921875
vt 0.0859375 0.6171875
vt 0.4921875 0.5
vt 0.4140625 0.6171875
vt 0.4921875 0.6953125
vt 0.4921875 0.9921875
vt 0.2734375 0.875
vt 0.25 0.59375
vt 0.25 0.5
vt 0.4921875 0.6953125
vt 0 0.5
vt 0.1796875 0.6796875
vt 0.046875 0.6640625
vt 0.4921875 0.6171875
vt 0.2421875 0.6171875
vt 0.4921875 0.5
vt 0.2421875 0.6171875
vt 0.2421875 0.5
vt 0.4921875 0.5
vt 0.4921875 0.7578125
vt 0.2578125 0.5
vt 0.4921875 0.5
vt 0 0.5
vt 0.25 0.5
vt 0.25 0.75
vt 0.25 0.9921875
vt 0.2890625 0.7421875
vt 0.4921875 0.7578125
vt 0.3125 0.9921875
vt 0.4921875 0.625
vt 0.4921875 0.9921875
vt 0.2421875 0.5
vt 0.2421875 0.6171875
vt 0 0.7421875
vt 0.1171875 0.6171875
vt 0 0.5
vt 0.3125 0.5
vt 0.1171875 0.9921875
vt 0.03125 0.9921875
vt 0 0.75
vt 0.25 0.9921875
vt 0.25 0.75
vt 0.4921875 0.875
vt 0 0.5
vt 0.2421875 0.5
vt 0 0.6171875
vt 0.2421875 0.6171875
vt 0.2421875 0.5
vt 0.1796875 0.8671875
vt 0 0.5
vt 0 0.8671875
vt 0.25 0.625
vt 0.4921875 0.625
vt 0.25 0.875
vt 0.4921875 0.875
vt 0.4921875 0.5
vt 0.4453125 0.7421875
vt 0.296875 0.5
vt 0.25 0.7421875
vt 0 0.625
vt 0.25 0.625
vt 0 0.875
vt 0.25 0.875
vt 0 0.6171875
vt 0.2421875 0.6171875
vt 0 0.9921875
vt 0.2421875 0.9921875
vt 0.2890625 0.8203125
vt 0.2421875 0.7421875
vt 0.4921875 0.6328125
vt 0.3984375 0.625
vt 0.25 0.75
vt 0.25 0.9921875
vt 0 0.75
vt 0 0.9921875
vt 0 0.828125
vt 0.25 0.8203125
vt 0.015625 0.9921875
vt 0.1328125 0.9921875
vt 0 0.75
vt 0.1875 0.75
vt 0 0.8671875
vt 0.2421875 0.8671875
vt 0.4921875 0.7421875
vt 0.4921875 0.9921875
vt 0.25 0.7421875
vt 0.25 0.9921875
vt 0.2421875 0.6171875
vt 0.4921875 0.6171875
vt 0.2421875 0.9921875
vt 0.4921875 0.9921875
vt 0.25 0.9921875
vt 0.25 0.625
vt 0.4921875 0.9921875
vt 0.4921875 0.625
vt 0.25 0.5
vt 0.25 0.75
vt 0 0.5
vt 0 0.75
vt 0.2421875 0.6171875
vt 0.2421875 0.9921875
vt 0 0.7421875
vt 0 0.9921875
vt 0.3828125 0.796875
vt 0.25 0.796875
vt 0.4921875 0.5
vt 0.28125 0.5
vt 0 0.9921875
vt 0.1328125 0.8515625
vt 0.296875 0.9921875
vt 0.4296875 0.8515625
vt 0.421875 0.9921875
vt 0.171875 0.9921875
vt 0.3828125 0.796875
vt 0.25 0.796875
vt 0.2421875 0.75
vt 0.4921875 0.75
vt 0.2421875 0.9921875
vt 0.4921875 0.9921875
vt 0.25 0.5
vt 0.4921875 0.5
vt 0.25 0.7421875
vt 0.4921875 0.7421875
vt 0.1875 0.5
vt 0.4921875 0.5
vt 0.1875 0.625
vt 0.4921875 0.625
vt 0.2421875 0.5
vt 0.4921875 0.5
vt 0.2421875 0.6171875
vt 0.4921875 0.6171875
vt 0 0.5
vt 0.2421875 0.5
vt 0 0.6171875
vt 0.2421875 0.6171875
vt 0.2421875 0.5
vt 0.2421875 0.6953125
vt 0 0.5
vt 0 0.6953125
vt 0 0.9921875
vt 0 0.6953125
vt 0.2421875 0.9921875
vt 0.2421875 0.6953125
vt 0 0.9921875
vt 0 0.625
vt 0.2421875 0.9921875
vt 0.2421875 0.625
vt 0.4921875 0.5
vt 0.4921875 0.75
vt 0.25 0.5
vt 0.25 0.75
vn 0 -0.9486833010307459 0.31622775707614154
vn 0 -0.9486833010307459 0.31622775707614154
vn 0 -0.9486833010307459 0.31622775707614154
vn -0.44721359549995787 -0.8944271909999157 1.095357396528405e-16
vn -0.44721359549995787 -0.8944271909999157 1.095357396528405e-16
vn -0.44721359549995787 -0.8944271909999157 1.095357396528405e-16
vn -0.23570226039551584 -0.2357022603955157 0.9428090415820634
vn -0.23570226039551584 -0.2357022603955157 0.9428090415820634
vn -0.23570226039551584 -0.2357022603955157 0.9428090415820634
vn -0.27309584453685753 0.3110258262561237 0.91031950165774
vn -0.27309584453685753 0.3110258262561237 0.91031950165774
vn -0.27309584453685753 0.3110258262561237 0.91031950165774
vn -0.7999999928474428 -0.6000000095367429 7.347880911675536e-17
vn -0.7999999928474428 -0.6000000095367429 7.347880911675536e-17
vn -0.7999999928474428 -0.6000000095367429 7.347880911675536e-17
vn 0.4525628048663267 -0.5204472494381335 -0.7241005235489092
vn 0.4525628048663267 -0.5204472494381335 -0.7241005235489092
vn 0.4525628048663267 -0.5204472494381335 -0.7241005235489092
vn 0.6963106238227914 0.17407765595569777 -0.6963106238227914
vn 0.6963106238227914 0.17407765595569777 -0.6963106238227914
vn 0.6963106238227914 0.17407765595569777 -0.6963106238227914
vn 0.9612720715631675 0.022887431339682147 -0.27464917607618616
vn 0.9612720715631675 0.022887431339682147 -0.27464917607618616
vn 0.9612720715631675 0.022887431339682147 -0.27464917607618616
vn 0.18428853145141436 1.2036712785264306e-16 0.9828721876090915
vn 0.18428853145141436 1.2036712785264306e-16 0.9828721876090915
vn 0.18428853145141436 1.2036712785264306e-16 0.9828721876090915
vn -0.4364357804719848 -0.2182178902359923 0.8728715609439696
vn -0.4364357804719848 -0.2182178902359923 0.8728715609439696
vn -0.4364357804719848 -0.2182178902359923 0.8728715609439696
vn -0.7524073670338408 -0.6019259055480015 0.267522631310739
vn -0.7524073670338408 -0.6019259055480015 0.267522631310739
vn -0.7524073670338408 -0.6019259055480015 0.267522631310739
vn 0 -0.8320503035077887 -0.5547001824703113
vn 0 -0.8320503035077887 -0.5547001824703113
vn 0 -0.8320503035077887 -0.5547001824703113
vn 0 -0.31622775707614154 -0.9486833010307459
vn 0 -0.31622775707614154 -0.9486833010307459
vn 0 -0.31622775707614154 -0.9486833010307459
vn -0.2800438143526111 -0.2240350574425533 0.9334793811753703
vn -0.2800438143526111 -0.2240350574425533 0.9334793811753703
vn -0.2800438143526111 -0.2240350574425533 0.9334793811753703
vn 0.408248290463863 -0.40824829046386313 -0.816496580927726
vn 0.408248290463863 -0.40824829046386313 -0.816496580927726
vn 0.408248290463863 -0.40824829046386313 -0.816496580927726
vn -0.1808279169158061 -0.19288312031755675 -0.9644155568842993
vn -0.1808279169158061 -0.19288312031755675 -0.9644155568842993
vn -0.1808279169158061 -0.19288312031755675 -0.9644155568842993
vn -0.042521923046020475 -0.35080584277792737 0.9354823070124504
vn -0.042521923046020475 -0.35080584277792737 0.9354823070124504
vn -0.042521923046020475 -0.35080584277792737 0.9354823070124504
vn 0.239232695402047 -0.1644724799515524 0.956930781608188
vn 0.239232695402047 -0.1644724799515524 0.956930781608188
vn 0.239232695402047 -0.1644724799515524 0.956930781608188
vn 0 -1.2246467991473532e-16 -1
vn 0 -1.2246467991473532e-16 -1
vn 0 -1.2246467991473532e-16 -1
vn -0.6882472023959569 -0.229415729164932 -0.6882472023959569
vn -0.6882472023959569 -0.229415729164932 -0.6882472023959569
vn -0.6882472023959569 -0.229415729164932 -0.6882472023959569
vn -1 0 0
vn -1 0 0
vn -1 0 0
vn 0.44721359549995787 -1.095357396528405e-16 -0.8944271909999157
vn 0.44721359549995787 -1.095357396528405e-16 -0.8944271909999157
vn 0.44721359549995787 -1.095357396528405e-16 -0.8944271909999157
vn 0.9161573335342138 -0.40081883714650896 4.908615059494364e-17
vn 0.9161573335342138 -0.40081883714650896 4.908615059494364e-17
vn 0.9161573335342138 -0.40081883714650896 4.908615059494364e-17
vn 0 -0.6178215545642853 -0.7863183367541227
vn 0 -0.6178215545642853 -0.7863183367541227
vn 0 -0.6178215545642853 -0.7863183367541227
vn -0.6181151063540483 -0.48566184799080847 -0.6181151063540482
vn -0.6181151063540483 -0.48566184799080847 -0.6181151063540482
vn -0.6181151063540483 -0.48566184799080847 -0.6181151063540482
vn -0.6805981954585679 -0.6849331816435397 -0.26010119765621725
vn -0.6805981954585679 -0.6849331816435397 -0.26010119765621725
vn -0.6805981954585679 -0.6849331816435397 -0.26010119765621725
vn -0.44721359549995787 -1.095357396528405e-16 -0.8944271909999157
vn -0.44721359549995787 -1.095357396528405e-16 -0.8944271909999157
vn -0.44721359549995787 -1.095357396528405e-16 -0.8944271909999157
vn 0.9828721876090915 2.256883601615409e-17 0.18428853145141436
vn 0.9828721876090915 2.256883601615409e-17 0.18428853145141436
vn 0.9828721876090915 2.256883601615409e-17 0.18428853145141436
vn 0.9029322348747233 -0.3950328564829818 0.169299797764301
vn 0.9029322348747233 -0.3950328564829818 0.169299797764301
vn 0.9029322348747233 -0.3950328564829818 0.169299797764301
vn 0.08669062972832475 -0.7151977045719051 0.6935250378265981
vn 0.08669062972832475 -0.7151977045719051 0.6935250378265981
vn 0.08669062972832475 -0.7151977045719051 0.6935250378265981
vn -0.2808279740142652 -0.33699358073804725 0.8986495287665777
vn -0.2808279740142652 -0.33699358073804725 0.8986495287665777
vn -0.2808279740142652 -0.33699358073804725 0.8986495287665777
vn 0.8308168680695732 -0.5250300784641887 0.18462596902644288
vn 0.8308168680695732 -0.5250300784641887 0.18462596902644288
vn 0.8308168680695732 -0.5250300784641887 0.18462596902644288
vn -0.8938067072272957 -0.03724194737623405 0.44690335361364786
vn -0.8938067072272957 -0.03724194737623405 0.44690335361364786
vn -0.8938067072272957 -0.03724194737623405 0.44690335361364786
vn 0.9529738975099478 0.258097081099353 0.15882898788537833
vn 0.9529738975099478 0.258097081099353 0.15882898788537833
vn 0.9529738975099478 0.258097081099353 0.15882898788537833
vn 0.9863707845097729 0.006849796855950511 0.16439512081752153
vn 0.9863707845097729 0.006849796855950511 0.16439512081752153
vn 0.9863707845097729 0.006849796855950511 0.16439512081752153
vn 0.07332355530754796 -0.8065591456359305 0.5865884424603837
vn 0.07332355530754796 -0.8065591456359305 0.5865884424603837
vn 0.07332355530754796 -0.8065591456359305 0.5865884424603837
vn -0.41886696498800685 -0.7475163986469362 0.5155285631229862
vn -0.41886696498800685 -0.7475163986469362 0.5155285631229862
vn -0.41886696498800685 -0.7475163986469362 0.5155285631229862
vn 0.48979636601475907 -0.04353745616419925 0.8707491083828259
vn 0.48979636601475907 -0.04353745616419925 0.8707491083828259
vn 0.48979636601475907 -0.04353745616419925 0.8707491083828259
vn 0.7808688094430304 -0.6246950475544243 7.650307904307292e-17
vn 0.7808688094430304 -0.6246950475544243 7.650307904307292e-17
vn 0.7808688094430304 -0.6246950475544243 7.650307904307292e-17
vn 0.15090983050078383 -0.12261423076262853 0.9809138461010292
vn 0.15090983050078383 -0.12261423076262853 0.9809138461010292
vn 0.15090983050078383 -0.12261423076262853 0.9809138461010292
vn -0.9116846163216212 -0.34188171621944696 0.22792115408040534
vn -0.9116846163216212 -0.34188171621944696 0.22792115408040534
vn -0.9116846163216212 -0.34188171621944696 0.22792115408040534
vn 0.17469643442092142 -0.6349543473240512 0.7525384592264404
vn 0.17469643442092142 -0.6349543473240512 0.7525384592264404
vn 0.17469643442092142 -0.6349543473240512 0.7525384592264404
vn -0.7071067811865475 -0.7071067811865475 8.659560562354932e-17
vn -0.7071067811865475 -0.7071067811865475 8.659560562354932e-17
vn -0.7071067811865475 -0.7071067811865475 8.659560562354932e-17
vn 0.20177330808796567 -0.5548766046924858 0.8070932323518627
vn 0.20177330808796567 -0.5548766046924858 0.8070932323518627
vn 0.20177330808796567 -0.5548766046924858 0.8070932323518627
vn 0.9752885801719888 0.04289463580009242 0.21673079062672151
vn 0.9752885801719888 0.04289463580009242 0.21673079062672151
vn 0.9752885801719888 0.04289463580009242 0.21673079062672151
vn 0.8780016107262449 -0.30867242124751054 0.3658339895681079
vn 0.8780016107262449 -0.30867242124751054 0.3658339895681079
vn 0.8780016107262449 -0.30867242124751054 0.3658339895681079
vn 0 -0.24253562503633283 0.9701425001453319
vn 0 -0.24253562503633283 0.9701425001453319
vn 0 -0.24253562503633283 0.9701425001453319
vn 0.24225079155575463 -0.04845015831115081 0.9690031662230185
vn 0.24225079155575463 -0.04845015831115081 0.9690031662230185
vn 0.24225079155575463 -0.04845015831115081 0.9690031662230185
vn 0.7808688094430304 -0.6246950475544243 7.650307904307292e-17
vn 0.7808688094430304 -0.6246950475544243 7.650307904307292e-17
vn 0.7808688094430304 -0.6246950475544243 7.650307904307292e-17
vn -1 0 0
vn -1 0 0
vn -1 0 0
vn 0 -0.049937616200692064 0.9987523389150047
vn 0 -0.049937616200692064 0.9987523389150047
vn 0 -0.049937616200692064 0.9987523389150047
vn -0.5995205751795152 -0.03996804058047513 0.7993607669060202
vn -0.5995205751795152 -0.03996804058047513 0.7993607669060202
vn -0.5995205751795152 -0.03996804058047513 0.7993607669060202
vn 0.5218180513404989 -0.33918172741085956 0.7827270770107482
vn 0.5218180513404989 -0.33918172741085956 0.7827270770107482
vn 0.5218180513404989 -0.33918172741085956 0.7827270770107482
vn -0.7427813588742053 -0.5570860042544923 0.3713906794371027
vn -0.7427813588742053 -0.5570860042544923 0.3713906794371027
vn -0.7427813588742053 -0.5570860042544923 0.3713906794371027
vn -0.2982749897420881 1.168900851249672e-16 0.9544799790956107
vn -0.2982749897420881 1.168900851249672e-16 0.9544799790956107
vn -0.2982749897420881 1.168900851249672e-16 0.9544799790956107
vn 0.0653720429764556 0.8498365959468261 0.5229763438116447
vn 0.0653720429764556 0.8498365959468261 0.5229763438116447
vn 0.0653720429764556 0.8498365959468261 0.5229763438116447
vn 0.506979413585267 -0.6970966564268384 0.5069794135852671
vn 0.506979413585267 -0.6970966564268384 0.5069794135852671
vn 0.506979413585267 -0.6970966564268384 0.5069794135852671
vn -0.8587875203574158 0.46517657352693353 0.2146968800893539
vn -0.8587875203574158 0.46517657352693353 0.2146968800893539
vn -0.8587875203574158 0.46517657352693353 0.2146968800893539
vn 0.7070300676727891 -0.014729793386957214 0.7070300676727891
vn 0.7070300676727891 -0.014729793386957214 0.7070300676727891
vn 0.7070300676727891 -0.014729793386957214 0.7070300676727891
vn 0.4191700238770865 -0.6549531250550444 0.6287550358156299
vn 0.4191700238770865 -0.6549531250550444 0.6287550358156299
vn 0.4191700238770865 -0.6549531250550444 0.6287550358156299
vn 0.17896499948754296 -0.23861999434967043 -0.9544799773986812
vn 0.17896499948754296 -0.23861999434967043 -0.9544799773986812
vn 0.17896499948754296 -0.23861999434967043 -0.9544799773986812
vn 0.408248290463863 -0.40824829046386313 -0.816496580927726
vn 0.408248290463863 -0.40824829046386313 -0.816496580927726
vn 0.408248290463863 -0.40824829046386313 -0.816496580927726
vn 0.15269598288773406 -0.5598852606542509 -0.8143785555330335
vn 0.15269598288773406 -0.5598852606542509 -0.8143785555330335
vn 0.15269598288773406 -0.5598852606542509 -0.8143785555330335
vn 0 -0.04993761620069231 -0.9987523389150047
vn 0 -0.04993761620069231 -0.9987523389150047
vn 0 -0.04993761620069231 -0.9987523389150047
vn 0.1596173817340291 -0.23942606515046305 -0.9577042606018517
vn 0.1596173817340291 -0.23942606515046305 -0.9577042606018517
vn 0.1596173817340291 -0.23942606515046305 -0.9577042606018517
vn 0 -0.04993761620069231 -0.9987523389150047
vn 0 -0.04993761620069231 -0.9987523389150047
vn 0 -0.04993761620069231 -0.9987523389150047
vn 0.5024484388924957 -0.3182173366846281 -0.8039174664652063
vn 0.5024484388924957 -0.3182173366846281 -0.8039174664652063
vn 0.5024484388924957 -0.3182173366846281 -0.8039174664652063
vn 0 -0.6178215545642853 -0.7863183367541227
vn 0 -0.6178215545642853 -0.7863183367541227
vn 0 -0.6178215545642853 -0.7863183367541227
vn 0.09304342998771634 -0.9811852400142291 -0.16916986999563668
vn 0.09304342998771634 -0.9811852400142291 -0.16916986999563668
vn 0.09304342998771634 -0.9811852400142291 -0.16916986999563668
vn 0.6934850725541455 -0.720037451354587 -0.02499045400472702
vn 0.6934850725541455 -0.720037451354587 -0.02499045400472702
vn 0.6934850725541455 -0.720037451354587 -0.02499045400472702
vn -0.8265992393297448 -6.892201835288256e-17 -0.5627909892131246
vn -0.8265992393297448 -6.892201835288256e-17 -0.5627909892131246
vn -0.8265992393297448 -6.892201835288256e-17 -0.5627909892131246
vn -0.12361284651454937 -0.08240856434303304 -0.988902772116395
vn -0.12361284651454937 -0.08240856434303304 -0.988902772116395
vn -0.12361284651454937 -0.08240856434303304 -0.988902772116395
vn -0.0778498944161523 -0.7784989441615231 -0.6227991553292184
vn -0.0778498944161523 -0.7784989441615231 -0.6227991553292184
vn -0.0778498944161523 -0.7784989441615231 -0.6227991553292184
vn -0.03730260587903314 -0.22934193952974993 -0.9726308602791535
vn -0.03730260587903314 -0.22934193952974993 -0.9726308602791535
vn -0.03730260587903314 -0.22934193952974993 -0.9726308602791535
vn 0.9775104698206993 -0.11947350418493283 -0.17377963974150926
vn 0.9775104698206993 -0.11947350418493283 -0.17377963974150926
vn 0.9775104698206993 -0.11947350418493283 -0.17377963974150926
vn 0 -0.7808688094430304 -0.6246950475544242
vn 0 -0.7808688094430304 -0.6246950475544242
vn 0 -0.7808688094430304 -0.6246950475544242
vn 0 -0.0830454847865384 -0.996545757833813
vn 0 -0.0830454847865384 -0.996545757833813
vn 0 -0.0830454847865384 -0.996545757833813
vn 0.9271726541283127 -0.26490646409314017 -0.2649064640931401
vn 0.9271726541283127 -0.26490646409314017 -0.2649064640931401
vn 0.9271726541283127 -0.26490646409314017 -0.2649064640931401
vn 0.50709255283711 -0.8451542547285166 -0.1690308509457032
vn 0.50709255283711 -0.8451542547285166 -0.1690308509457032
vn 0.50709255283711 -0.8451542547285166 -0.1690308509457032
vn 0.9457324843400916 -0.07881104284520123 -0.3152441713808048
vn 0.9457324843400916 -0.07881104284520123 -0.3152441713808048
vn 0.9457324843400916 -0.07881104284520123 -0.3152441713808048
vn 0.9734047432584401 -0.129787293140661 -0.1887815254234128
vn 0.9734047432584401 -0.129787293140661 -0.1887815254234128
vn 0.9734047432584401 -0.129787293140661 -0.1887815254234128
vn 0.9775104698206993 -0.11947350418493283 -0.17377963974150926
vn 0.9775104698206993 -0.11947350418493283 -0.17377963974150926
vn 0.9775104698206993 -0.11947350418493283 -0.17377963974150926
vn -0.05190187294796037 -0.24220873297323464 -0.968834931892938
vn -0.05190187294796037 -0.24220873297323464 -0.968834931892938
vn -0.05190187294796037 -0.24220873297323464 -0.968834931892938
vn 0.15269598288773406 -0.5598852606542509 -0.8143785555330335
vn 0.15269598288773406 -0.5598852606542509 -0.8143785555330335
vn 0.15269598288773406 -0.5598852606542509 -0.8143785555330335
vn -1 0 0
vn -1 0 0
vn -1 0 0
vn -0.3333333333333333 -0.6666666666666667 -0.6666666666666665
vn -0.3333333333333333 -0.6666666666666667 -0.6666666666666665
vn -0.3333333333333333 -0.6666666666666667 -0.6666666666666665
vn -0.38411063198168505 -0.7682212639633702 -0.5121475490453434
vn -0.38411063198168505 -0.7682212639633702 -0.5121475490453434
vn -0.38411063198168505 -0.7682212639633702 -0.5121475490453434
vn -1 0 0
vn -1 0 0
vn -1 0 0
vn 0.23570226039551584 -0.23570226039551598 -0.9428090415820634
vn 0.23570226039551584 -0.23570226039551598 -0.9428090415820634
vn 0.23570226039551584 -0.23570226039551598 -0.9428090415820634
vn -0.7525767020915239 -0.6585045994289224 8.064355499144397e-17
vn -0.7525767020915239 -0.6585045994289224 8.064355499144397e-17
vn -0.7525767020915239 -0.6585045994289224 8.064355499144397e-17
vn 0.1515440237515006 -0.08208634930313805 0.9850361618353348
vn 0.1515440237515006 -0.08208634930313805 0.9850361618353348
vn 0.1515440237515006 -0.08208634930313805 0.9850361618353348
vn 0.48286709610270273 -0.7082050504421058 0.5150582239219539
vn 0.48286709610270273 -0.7082050504421058 0.5150582239219539
vn 0.48286709610270273 -0.7082050504421058 0.5150582239219539
vn 0.44721359549995787 -0.8944271909999157 1.095357396528405e-16
vn 0.44721359549995787 -0.8944271909999157 1.095357396528405e-16
vn 0.44721359549995787 -0.8944271909999157 1.095357396528405e-16
vn 0 -0.5665288152981446 0.8240419294167505
vn 0 -0.5665288152981446 0.8240419294167505
vn 0 -0.5665288152981446 0.8240419294167505
vn -0.7896422023439852 0.16039606676318657 -0.5922316219556669
vn -0.7896422023439852 0.16039606676318657 -0.5922316219556669
vn -0.7896422023439852 0.16039606676318657 -0.5922316219556669
vn -0.17407765595569785 -0.6963106238227915 -0.6963106238227913
vn -0.17407765595569785 -0.6963106238227915 -0.6963106238227913
vn -0.17407765595569785 -0.6963106238227915 -0.6963106238227913
vn -0.17407765595569785 -0.6963106238227915 -0.6963106238227913
vn 0 -0.961523951014671 -0.27472111608891053
vn 0 -0.961523951014671 -0.27472111608891053
vn 0 -0.961523951014671 -0.27472111608891053
vn 0 -0.961523951014671 -0.27472111608891053
vn -0.5995205751795152 -0.03996804058047533 -0.7993607669060202
vn -0.5995205751795152 -0.03996804058047533 -0.7993607669060202
vn -0.5995205751795152 -0.03996804058047533 -0.7993607669060202
vn -0.5995205751795152 -0.03996804058047533 -0.7993607669060202
vn 0.7001400417218252 -0.1400280113245973 -0.7001400417218252
vn 0.7001400417218252 -0.1400280113245973 -0.7001400417218252
vn 0.7001400417218252 -0.1400280113245973 -0.7001400417218252
vn 0.7001400417218252 -0.1400280113245973 -0.7001400417218252
vn -0.23809523796008017 -0.19047619334829646 -0.9523809518403207
vn -0.23809523796008017 -0.19047619334829646 -0.9523809518403207
vn -0.23809523796008017 -0.19047619334829646 -0.9523809518403207
vn -0.23809523796008017 -0.19047619334829646 -0.9523809518403207
vn -0.2417468891592337 0.080582298869938 -0.9669875566369348
vn -0.2417468891592337 0.080582298869938 -0.9669875566369348
vn -0.2417468891592337 0.080582298869938 -0.9669875566369348
vn -0.2417468891592337 0.080582298869938 -0.9669875566369348
vn 0.49613892551891037 -0.8682431494604153 1.0632911938683145e-16
vn 0.49613892551891037 -0.8682431494604153 1.0632911938683145e-16
vn 0.49613892551891037 -0.8682431494604153 1.0632911938683145e-16
vn 0.49613892551891037 -0.8682431494604153 1.0632911938683145e-16
vn -0.2345737363260036 0.2541215414776866 -0.9382949453040144
vn -0.2345737363260036 0.2541215414776866 -0.9382949453040144
vn -0.2345737363260036 0.2541215414776866 -0.9382949453040144
vn -0.2345737363260036 0.2541215414776866 -0.9382949453040144
vn 0 -0.9922778767136676 -0.12403473458920834
vn 0 -0.9922778767136676 -0.12403473458920834
vn 0 -0.9922778767136676 -0.12403473458920834
vn 0 -0.9922778767136676 -0.12403473458920834
vn 0 -1 1.2246467991473532e-16
vn 0 -1 1.2246467991473532e-16
vn 0 -1 1.2246467991473532e-16
vn 0 -1 1.2246467991473532e-16
vn -0.2982749897420881 1.168900851249672e-16 0.9544799790956107
vn -0.2982749897420881 1.168900851249672e-16 0.9544799790956107
vn -0.2982749897420881 1.168900851249672e-16 0.9544799790956107
vn -0.2982749897420881 1.168900851249672e-16 0.9544799790956107
vn 0.12403473458920845 1.215189925582125e-16 0.9922778767136676
vn 0.12403473458920845 1.215189925582125e-16 0.9922778767136676
vn 0.12403473458920845 1.215189925582125e-16 0.9922778767136676
vn 0.12403473458920845 1.215189925582125e-16 0.9922778767136676
vn -0.5986710757908091 -0.06651900676551635 0.7982281407908419
vn -0.5986710757908091 -0.06651900676551635 0.7982281407908419
vn -0.5986710757908091 -0.06651900676551635 0.7982281407908419
vn -0.5986710757908091 -0.06651900676551635 0.7982281407908419
vn 0 -0.12403473458920834 0.9922778767136676
vn 0 -0.12403473458920834 0.9922778767136676
vn 0 -0.12403473458920834 0.9922778767136676
vn 0 -0.12403473458920834 0.9922778767136676
vn 0.24253562503633297 1.1880819075197913e-16 0.9701425001453319
vn 0.24253562503633297 1.1880819075197913e-16 0.9701425001453319
vn 0.24253562503633297 1.1880819075197913e-16 0.9701425001453319
vn 0.24253562503633297 1.1880819075197913e-16 0.9701425001453319
vn -0.8637788987366068 0.5038710292300744 -6.17064043129693e-17
vn -0.8637788987366068 0.5038710292300744 -6.17064043129693e-17
vn -0.8637788987366068 0.5038710292300744 -6.17064043129693e-17
vn -0.8637788987366068 0.5038710292300744 -6.17064043129693e-17
vn -1 0 0
vn -1 0 0
vn -1 0 0
vn -1 0 0
vn -0.9363291751195385 -0.3511234481204074 4.3000220684623863e-17
vn -0.9363291751195385 -0.3511234481204074 4.3000220684623863e-17
vn -0.9363291751195385 -0.3511234481204074 4.3000220684623863e-17
vn -0.9363291751195385 -0.3511234481204074 4.3000220684623863e-17
vn 0.12388235771243476 -0.04955294233991574 0.9910588616994781
vn 0.12388235771243476 -0.04955294233991574 0.9910588616994781
vn 0.12388235771243476 -0.04955294233991574 0.9910588616994781
vn 0.12388235771243476 -0.04955294233991574 0.9910588616994781
vn -0.2493773381043403 -0.5486301140272264 0.798007481933889
vn -0.2493773381043403 -0.5486301140272264 0.798007481933889
vn -0.2493773381043403 -0.5486301140272264 0.798007481933889
vn -0.2493773381043403 -0.5486301140272264 0.798007481933889
vn -0.1737671190474142 -0.796432611582627 0.5792236904216178
vn -0.1737671190474142 -0.796432611582627 0.5792236904216178
vn -0.1737671190474142 -0.796432611582627 0.5792236904216178
vn -0.1737671190474142 -0.796432611582627 0.5792236904216178
vn 0 -0.8087360739931959 0.5881717118512858
vn 0 -0.8087360739931959 0.5881717118512858
vn 0 -0.8087360739931959 0.5881717118512858
vn 0 -0.8087360739931959 0.5881717118512858
vn -0.4036036866465502 -0.7399400723171264 0.5381382289938514
vn -0.4036036866465502 -0.7399400723171264 0.5381382289938514
vn -0.4036036866465502 -0.7399400723171264 0.5381382289938514
vn -0.4036036866465502 -0.7399400723171264 0.5381382289938514
vn 0.3809523772355381 -0.523809537325316 -0.7619047544710762
vn 0.3809523772355381 -0.523809537325316 -0.7619047544710762
vn 0.3809523772355381 -0.523809537325316 -0.7619047544710762
vn 0.3809523772355381 -0.523809537325316 -0.7619047544710762
vn 0.4364357804719848 -0.2182178902359925 -0.8728715609439696
vn 0.4364357804719848 -0.2182178902359925 -0.8728715609439696
vn 0.4364357804719848 -0.2182178902359925 -0.8728715609439696
vn 0.4364357804719848 -0.2182178902359925 -0.8728715609439696
vn 0 -0.08304548478653816 0.996545757833813
vn 0 -0.08304548478653816 0.996545757833813
vn 0 -0.08304548478653816 0.996545757833813
vn 0 -0.08304548478653816 0.996545757833813
vn -0.597022304536137 -0.09950371990621631 0.7960297592497313
vn -0.597022304536137 -0.09950371990621631 0.7960297592497313
vn -0.597022304536137 -0.09950371990621631 0.7960297592497313
vn -0.597022304536137 -0.09950371990621631 0.7960297592497313
f 2953/2953/2953 2952/2952/2952 2951/2951/2951
f 2956/2956/2956 2955/2955/2955 2954/2954/2954
f 2959/2959/2959 2958/2958/2958 2957/2957/2957
f 2962/2962/2962 2961/2961/2961 2960/2960/2960
f 2965/2965/2965 2964/2964/2964 2963/2963/2963
f 2968/2968/2968 2967/2967/2967 2966/2966/2966
f 2971/2971/2971 2970/2970/2970 2969/2969/2969
f 2974/2974/2974 2973/2973/2973 2972/2972/2972
f 2977/2977/2977 2976/2976/2976 2975/2975/2975
f 2980/2980/2980 2979/2979/2979 2978/2978/2978
f 2983/2983/2983 2982/2982/2982 2981/2981/2981
f 2986/2986/2986 2985/2985/2985 2984/2984/2984
f 2989/2989/2989 2988/2988/2988 2987/2987/2987
f 2992/2992/2992 2991/2991/2991 2990/2990/2990
f 2995/2995/2995 2994/2994/2994 2993/2993/2993
f 2998/2998/2998 2997/2997/2997 2996/2996/2996
f 3001/3001/3001 3000/3000/3000 2999/2999/2999
f 3004/3004/3004 3003/3003/3003 3002/3002/3002
f 3007/3007/3007 3006/3006/3006 3005/3005/3005
f 3010/3010/3010 3009/3009/3009 3008/3008/3008
f 3013/3013/3013 3012/3012/3012 3011/3011/3011
f 3016/3016/3016 3015/3015/3015 3014/3014/3014
f 3019/3019/3019 3018/3018/3018 3017/3017/3017
f 3022/3022/3022 3021/3021/3021 3020/3020/3020
f 3025/3025/3025 3024/3024/3024 3023/3023/3023
f 3028/3028/3028 3027/3027/3027 3026/3026/3026
f 3031/3031/3031 3030/3030/3030 3029/3029/3029
f 3034/3034/3034 3033/3033/3033 3032/3032/3032
f 3037/3037/3037 3036/3036/3036 3035/3035/3035
f 3040/3040/3040 3039/3039/3039 3038/3038/3038
f 3043/3043/3043 3042/3042/3042 3041/3041/3041
f 3046/3046/3046 3045/3045/3045 3044/3044/3044
f 3049/3049/3049 3048/3048/3048 3047/3047/3047
f 3052/3052/3052 3051/3051/3051 3050/3050/3050
f 3055/3055/3055 3054/3054/3054 3053/3053/3053
f 3058/3058/3058 3057/3057/3057 3056/3056/3056
f 3061/3061/3061 3060/3060/3060 3059/3059/3059
f 3064/3064/3064 3063/3063/3063 3062/3062/3062
f 3067/3067/3067 3066/3066/3066 3065/3065/3065
f 3070/3070/3070 3069/3069/3069 3068/3068/3068
f 3073/3073/3073 3072/3072/3072 3071/3071/3071
f 3076/3076/3076 3075/3075/3075 3074/3074/3074
f 3079/3079/3079 3078/3078/3078 3077/3077/3077
f 3082/3082/3082 3081/3081/3081 3080/3080/3080
f 3085/3085/3085 3084/3084/3084 3083/3083/3083
f 3088/3088/3088 3087/3087/3087 3086/3086/3086
f 3091/3091/3091 3090/3090/3090 3089/3089/3089
f 3094/3094/3094 3093/3093/3093 3092/3092/3092
f 3097/3097/3097 3096/3096/3096 3095/3095/3095
f 3100/3100/3100 3099/3099/3099 3098/3098/3098
f 3103/3103/3103 3102/3102/3102 3101/3101/3101
f 3106/3106/3106 3105/3105/3105 3104/3104/3104
f 3109/3109/3109 3108/3108/3108 3107/3107/3107
f 3112/3112/3112 3111/3111/3111 3110/3110/3110
f 3115/3115/3115 3114/3114/3114 3113/3113/3113
f 3118/3118/3118 3117/3117/3117 3116/3116/3116
f 3121/3121/3121 3120/3120/3120 3119/3119/3119
f 3124/3124/3124 3123/3123/3123 3122/3122/3122
f 3127/3127/3127 3126/3126/3126 3125/3125/3125
f 3130/3130/3130 3129/3129/3129 3128/3128/3128
f 3133/3133/3133 3132/3132/3132 3131/3131/3131
f 3136/3136/3136 3135/3135/3135 3134/3134/3134
f 3139/3139/3139 3138/3138/3138 3137/3137/3137
f 3142/3142/3142 3141/3141/3141 3140/3140/3140
f 3145/3145/3145 3144/3144/3144 3143/3143/3143
f 3148/3148/3148 3147/3147/3147 3146/3146/3146
f 3151/3151/3151 3150/3150/3150 3149/3149/3149
f 3154/3154/3154 3153/3153/3153 3152/3152/3152
f 3157/3157/3157 3156/3156/3156 3155/3155/3155
f 3160/3160/3160 3159/3159/3159 3158/3158/3158
f 3163/3163/3163 3162/3162/3162 3161/3161/3161
f 3166/3166/3166 3165/3165/3165 3164/3164/3164
f 3169/3169/3169 3168/3168/3168 3167/3167/3167
f 3172/3172/3172 3171/3171/3171 3170/3170/3170
f 3175/3175/3175 3174/3174/3174 3173/3173/3173
f 3178/3178/3178 3177/3177/3177 3176/3176/3176
f 3181/3181/3181 3180/3180/3180 3179/3179/3179
f 3184/3184/3184 3183/3183/3183 3182/3182/3182
f 3187/3187/3187 3186/3186/3186 3185/3185/3185
f 3190/3190/3190 3189/3189/3189 3188/3188/3188
f 3193/3193/3193 3192/3192/3192 3191/3191/3191
f 3196/3196/3196 3195/3195/3195 3194/3194/3194
f 3199/3199/3199 3198/3198/3198 3197/3197/3197
f 3202/3202/3202 3201/3201/3201 3200/3200/3200
f 3205/3205/3205 3204/3204/3204 3203/3203/3203
f 3208/3208/3208 3207/3207/3207 3206/3206/3206
f 3211/3211/3211 3210/3210/3210 3209/3209/3209
f 3214/3214/3214 3213/3213/3213 3212/3212/3212
f 3217/3217/3217 3216/3216/3216 3215/3215/3215
f 3220/3220/3220 3219/3219/3219 3218/3218/3218
f 3223/3223/3223 3222/3222/3222 3221/3221/3221
f 3226/3226/3226 3225/3225/3225 3224/3224/3224
f 3229/3229/3229 3228/3228/3228 3227/3227/3227
f 3232/3232/3232 3231/3231/3231 3230/3230/3230
f 3235/3235/3235 3234/3234/3234 3233/3233/3233
f 3238/3238/3238 3237/3237/3237 3236/3236/3236
f 3237/3237/3237 3238/3238/3238 3239/3239/3239
f 3242/3242/3242 3241/3241/3241 3240/3240/3240
f 3241/3241/3241 3242/3242/3242 3243/3243/3243
f 3246/3246/3246 3245/3245/3245 3244/3244/3244
f 3245/3245/3245 3246/3246/3246 3247/3247/3247
f 3250/3250/3250 3249/3249/3249 3248/3248/3248
f 3249/3249/3249 3250/3250/3250 3251/3251/3251
f 3254/3254/3254 3253/3253/3253 3252/3252/3252
f 3253/3253/3253 3254/3254/3254 3255/3255/3255
f 3258/3258/3258 3257/3257/3257 3256/3256/3256
f 3257/3257/3257 3258/3258/3258 3259/3259/3259
f 3262/3262/3262 3261/3261/3261 3260/3260/3260
f 3261/3261/3261 3262/3262/3262 3263/3263/3263
f 3266/3266/3266 3265/3265/3265 3264/3264/3264
f 3265/3265/3265 3266/3266/3266 3267/3267/3267
f 3270/3270/3270 3269/3269/3269 3268/3268/3268
f 3269/3269/3269 3270/3270/3270 3271/3271/3271
f 3274/3274/3274 3273/3273/3273 3272/3272/3272
f 3273/3273/3273 3274/3274/3274 3275/3275/3275
f 3278/3278/3278 3277/3277/3277 3276/3276/3276
f 3277/3277/3277 3278/3278/3278 3279/3279/3279
f 3282/3282/3282 3281/3281/3281 3280/3280/3280
f 3281/3281/3281 3282/3282/3282 3283/3283/3283
f 3286/3286/3286 3285/3285/3285 3284/3284/3284
f 3285/3285/3285 3286/3286/3286 3287/3287/3287
f 3290/3290/3290 3289/3289/3289 3288/3288/3288
f 3289/3289/3289 3290/3290/3290 3291/3291/3291
f 3294/3294/3294 3293/3293/3293 3292/3292/3292
f 3293/3293/3293 3294/3294/3294 3295/3295/3295
f 3298/3298/3298 3297/3297/3297 3296/3296/3296
f 3297/3297/3297 3298/3298/3298 3299/3299/3299
f 3302/3302/3302 3301/3301/3301 3300/3300/3300
f 3301/3301/3301 3302/3302/3302 3303/3303/3303
f 3306/3306/3306 3305/3305/3305 3304/3304/3304
f 3305/3305/3305 3306/3306/3306 3307/3307/3307
f 3310/3310/3310 3309/3309/3309 3308/3308/3308
f 3309/3309/3309 3310/3310/3310 3311/3311/3311
f 3314/3314/3314 3313/3313/3313 3312/3312/3312
f 3313/3313/3313 3314/3314/3314 3315/3315/3315
f 3318/3318/3318 3317/3317/3317 3316/3316/3316
f 3317/3317/3317 3318/3318/3318 3319/3319/3319
f 3322/3322/3322 3321/3321/3321 3320/3320/3320
f 3321/3321/3321 3322/3322/3322 3323/3323/3323
f 3326/3326/3326 3325/3325/3325 3324/3324/3324
f 3325/3325/3325 3326/3326/3326 3327/3327/3327
f 3330/3330/3330 3329/3329/3329 3328/3328/3328
f 3329/3329/3329 3330/3330/3330 3331/3331/3331
f 3334/3334/3334 3333/3333/3333 3332/3332/3332
f 3333/3333/3333 3334/3334/3334 3335/3335/3335
f 3338/3338/3338 3337/3337/3337 3336/3336/3336
f 3337/3337/3337 3338/3338/3338 3339/3339/3339
f 3342/3342/3342 3341/3341/3341 3340/3340/3340
f 3341/3341/3341 3342/3342/3342 3343/3343/3343
o mesh_47
usemtl mat8
v 19.200000000000003 153.60000000000002 -76.80000000000003
v 25.6 192 -54.40000000000003
v 0 179.20000000000002 -67.20000000000003
v 51.2 166.39999999999998 -192.00000000000003
v 44.800000000000004 166.39999999999998 -164.00000000000003
v 48 179.2 -161.60000000000005
v 51.2 166.39999999999998 -192.00000000000003
v 25.6 166.39999999999998 -192.00000000000003
v 25.6 166.39999999999998 -179.20000000000005
v 76.80000000000001 166.39999999999998 -217.60000000000005
v 64 166.39999999999998 -192.00000000000003
v 70.4 191.99999999999997 -192.00000000000003
v 0 179.20000000000002 -67.20000000000003
v 0 153.60000000000002 -89.60000000000002
v 19.200000000000003 153.60000000000002 -76.80000000000003
v 19.200000000000003 153.60000000000002 -76.80000000000003
v 25.6 153.60000000000002 -51.200000000000024
v 25.6 166.4 -51.200000000000024
v 89.60000000000001 166.39999999999998 -204.80000000000004
v 89.60000000000001 166.39999999999998 -217.60000000000005
v 76.80000000000001 166.39999999999998 -217.60000000000005
v -25.6 153.60000000000002 -80.00000000000001
v 0 153.60000000000002 -89.60000000000002
v 0 179.20000000000002 -67.20000000000003
v 51.2 192 -32.00000000000002
v 54.400000000000006 166.4 -33.60000000000002
v 73.60000000000001 166.4 -55.200000000000024
v 76.80000000000001 153.60000000000002 -38.40000000000003
v 73.60000000000001 153.60000000000002 -55.200000000000024
v 54.400000000000006 153.60000000000002 -33.60000000000002
v 48 179.2 -161.60000000000005
v 44.800000000000004 166.39999999999998 -164.00000000000003
v 25.6 166.39999999999998 -166.40000000000003
v 70.4 230.39999999999998 -188.80000000000004
v 70.4 191.99999999999997 -192.00000000000003
v 60 191.99999999999997 -179.20000000000005
v 76.80000000000001 166.39999999999998 -217.60000000000005
v 64 166.39999999999998 -217.60000000000005
v 64 166.39999999999998 -192.00000000000003
v 70.4 191.99999999999997 -192.00000000000003
v 89.60000000000001 166.39999999999998 -204.80000000000004
v 76.80000000000001 166.39999999999998 -217.60000000000005
v 60 191.99999999999997 -179.20000000000005
v 64 166.39999999999998 -192.00000000000003
v 51.2 166.39999999999998 -192.00000000000003
v 60 191.99999999999997 -179.20000000000005
v 51.2 166.39999999999998 -192.00000000000003
v 48 179.2 -161.60000000000005
v 64 166.39999999999998 -192.00000000000003
v 60 191.99999999999997 -179.20000000000005
v 70.4 191.99999999999997 -192.00000000000003
v 32 192 -35.200000000000024
v 38.400000000000006 166.4 -25.600000000000023
v 51.2 166.4 -25.600000000000023
v 25.6 166.4 -51.200000000000024
v 25.6 192 -54.40000000000003
v 19.200000000000003 153.60000000000002 -76.80000000000003
v 32 192 -35.200000000000024
v 25.6 192 -54.40000000000003
v 38.400000000000006 166.4 -38.40000000000003
v 25.6 192 -54.40000000000003
v 25.6 166.4 -51.200000000000024
v 38.400000000000006 166.4 -38.40000000000003
v 38.400000000000006 153.60000000000002 -38.40000000000003
v 25.6 153.60000000000002 -51.200000000000024
v 25.6 153.60000000000002 -38.40000000000003
v 51.2 166.4 -25.600000000000023
v 51.2 192 -32.00000000000002
v 32 192 -35.200000000000024
v 54.400000000000006 166.4 -33.60000000000002
v 51.2 192 -32.00000000000002
v 51.2 166.4 -25.600000000000023
v 64 153.60000000000002 -1.8810574834903348e-14
v 76.80000000000001 153.60000000000002 -1.8810574834903348e-14
v 76.80000000000001 153.60000000000002 -12.80000000000002
v 38.400000000000006 166.4 -38.40000000000003
v 38.400000000000006 166.4 -25.600000000000023
v 32 192 -35.200000000000024
v 64 166.39999999999998 -217.60000000000005
v 51.2 166.39999999999998 -217.60000000000005
v 64 166.39999999999998 -192.00000000000003
v 51.2 166.39999999999998 -192.00000000000003
v 51.2 166.39999999999998 -192.00000000000003
v 51.2 166.39999999999998 -217.60000000000005
v 38.400000000000006 166.39999999999998 -204.80000000000004
v 38.400000000000006 166.39999999999998 -217.60000000000005
v 38.400000000000006 166.39999999999998 -217.60000000000005
v 25.6 166.39999999999998 -217.60000000000005
v 38.400000000000006 166.39999999999998 -204.80000000000004
v 25.6 166.39999999999998 -204.80000000000004
v 25.6 166.39999999999998 -179.20000000000005
v 25.6 166.39999999999998 -166.40000000000003
v 51.2 166.39999999999998 -192.00000000000003
v 44.800000000000004 166.39999999999998 -164.00000000000003
v 51.2 153.60000000000002 -25.60000000000002
v 51.2 166.4 -25.600000000000023
v 38.400000000000006 153.60000000000002 -25.60000000000002
v 38.400000000000006 166.4 -25.600000000000023
v 89.60000000000001 153.60000000000002 -46.40000000000003
v 89.60000000000001 166.4 -46.40000000000003
v 73.60000000000001 153.60000000000002 -55.200000000000024
v 73.60000000000001 166.4 -55.200000000000024
v 76.80000000000001 166.39999999999998 -217.60000000000005
v 89.60000000000001 166.39999999999998 -217.60000000000005
v 76.80000000000001 166.39999999999998 -230.40000000000003
v 89.60000000000001 166.39999999999998 -230.40000000000003
v 64 166.39999999999998 -230.40000000000003
v 64 166.39999999999998 -217.60000000000005
v 76.80000000000001 166.39999999999998 -230.40000000000003
v 76.80000000000001 166.39999999999998 -217.60000000000005
v 51.2 166.39999999999998 -230.40000000000003
v 51.2 166.39999999999998 -217.60000000000005
v 64 166.39999999999998 -230.40000000000003
v 64 166.39999999999998 -217.60000000000005
v 38.400000000000006 166.39999999999998 -230.40000000000003
v 38.400000000000006 166.39999999999998 -217.60000000000005
v 51.2 166.39999999999998 -230.40000000000003
v 51.2 166.39999999999998 -217.60000000000005
v 25.6 166.39999999999998 -230.40000000000003
v 25.6 166.39999999999998 -217.60000000000005
v 38.400000000000006 166.39999999999998 -230.40000000000003
v 38.400000000000006 166.39999999999998 -217.60000000000005
v 38.400000000000006 166.39999999999998 -204.80000000000004
v 25.6 166.39999999999998 -204.80000000000004
v 51.2 166.39999999999998 -192.00000000000003
v 25.6 166.39999999999998 -192.00000000000003
v 73.60000000000001 153.60000000000002 -55.200000000000024
v 73.60000000000001 166.4 -55.200000000000024
v 54.400000000000006 153.60000000000002 -33.60000000000002
v 54.400000000000006 166.4 -33.60000000000002
v 89.60000000000001 153.60000000000002 -38.40000000000003
v 89.60000000000001 153.60000000000002 -46.40000000000003
v 76.80000000000001 153.60000000000002 -38.40000000000003
v 73.60000000000001 153.60000000000002 -55.200000000000024
v 51.2 166.4 -25.600000000000023
v 51.2 153.60000000000002 -25.60000000000002
v 54.400000000000006 166.4 -33.60000000000002
v 54.400000000000006 153.60000000000002 -33.60000000000002
v 76.80000000000001 153.60000000000002 -25.60000000000002
v 76.80000000000001 153.60000000000002 -12.80000000000002
v 89.60000000000001 153.60000000000002 -25.60000000000002
v 89.60000000000001 153.60000000000002 -12.80000000000002
v 76.80000000000001 153.60000000000002 -25.60000000000002
v 51.2 153.60000000000002 -25.60000000000002
v 76.80000000000001 153.60000000000002 -12.80000000000002
v 51.2 153.60000000000002 -12.80000000000002
v 38.400000000000006 153.60000000000002 -1.8810574834903348e-14
v 51.2 153.60000000000002 -1.8810574834903348e-14
v 38.400000000000006 153.60000000000002 -12.80000000000002
v 51.2 153.60000000000002 -12.80000000000002
v 38.400000000000006 153.60000000000002 -25.60000000000002
v 25.6 153.60000000000002 -25.60000000000002
v 38.400000000000006 153.60000000000002 -12.80000000000002
v 25.6 153.60000000000002 -12.80000000000002
v 38.400000000000006 166.4 -38.40000000000003
v 38.400000000000006 153.60000000000002 -38.40000000000003
v 38.400000000000006 166.4 -25.600000000000023
v 38.400000000000006 153.60000000000002 -25.60000000000002
v 102.4 166.4 -46.40000000000003
v 89.60000000000001 166.4 -46.40000000000003
v 102.4 153.60000000000002 -46.40000000000003
v 89.60000000000001 153.60000000000002 -46.40000000000003
v 89.60000000000001 153.60000000000002 -25.60000000000002
v 89.60000000000001 153.60000000000002 -38.40000000000003
v 76.80000000000001 153.60000000000002 -25.60000000000002
v 76.80000000000001 153.60000000000002 -38.40000000000003
v 25.6 153.60000000000002 -38.40000000000003
v 25.6 153.60000000000002 -25.60000000000002
v 38.400000000000006 153.60000000000002 -38.40000000000003
v 38.400000000000006 153.60000000000002 -25.60000000000002
v 25.6 166.4 -51.200000000000024
v 25.6 153.60000000000002 -51.200000000000024
v 38.400000000000006 166.4 -38.40000000000003
v 38.400000000000006 153.60000000000002 -38.40000000000003
v 76.80000000000001 153.60000000000002 -1.8810574834903348e-14
v 89.60000000000001 153.60000000000002 -1.8810574834903348e-14
v 76.80000000000001 153.60000000000002 -12.80000000000002
v 89.60000000000001 153.60000000000002 -12.80000000000002
v 38.400000000000006 153.60000000000002 -12.80000000000002
v 25.6 153.60000000000002 -12.80000000000002
v 38.400000000000006 153.60000000000002 -1.8810574834903348e-14
v 25.6 153.60000000000002 -1.8810574834903348e-14
v 51.2 153.60000000000002 -12.80000000000002
v 51.2 153.60000000000002 -1.8810574834903348e-14
v 76.80000000000001 153.60000000000002 -12.80000000000002
v 64 153.60000000000002 -1.8810574834903348e-14
v 38.400000000000006 153.60000000000002 -12.80000000000002
v 51.2 153.60000000000002 -12.80000000000002
v 38.400000000000006 153.60000000000002 -25.60000000000002
v 51.2 153.60000000000002 -25.60000000000002
v 76.80000000000001 153.60000000000002 -25.60000000000002
v 76.80000000000001 153.60000000000002 -38.40000000000003
v 51.2 153.60000000000002 -25.60000000000002
v 54.400000000000006 153.60000000000002 -33.60000000000002
vt 0.3046875 0.9921875
vt 0.2421875 0.625
vt 0.4921875 0.75
vt 0.4921875 0.9921875
vt 0.3203125 0.9921875
vt 0.3515625 0.890625
vt 0 0.7421875
vt 0 0.5
vt 0.109375 0.5
vt 0.375 0.984375
vt 0.125 0.9921875
vt 0.28125 0.7890625
vt 0.4921875 0.75
vt 0.4921875 0.9921875
vt 0.3046875 0.9921875
vt 0.3046875 0.9921875
vt 0.25 0.9921875
vt 0.2421875 0.8671875
vt 0.3671875 0.6171875
vt 0.2421875 0.6171875
vt 0.2421875 0.5
vt 0.1796875 0.9921875
vt 0 0.9921875
vt 0 0.75
vt 0.3046875 0.625
vt 0.3125 0.875
vt 0.125 0.875
vt 0.375 0.875
vt 0.203125 0.8359375
vt 0.4140625 0.71875
vt 0.2421875 0.625
vt 0.2421875 0.7421875
vt 0.125 0.7421875
vt 0.28125 0.5
vt 0.28125 0.7890625
vt 0 0.8046875
vt 0.2421875 0.9921875
vt 0.2421875 0.8671875
vt 0.4921875 0.8671875
vt 0 0.7890625
vt 0.125 0.9921875
vt 0 0.9921875
vt 0 0.8046875
vt 0.125 0.9921875
vt 0 0.9921875
vt 0.4921875 0.8125
vt 0.4921875 0.9921875
vt 0.3515625 0.890625
vt 0.125 0.9921875
vt 0 0.8046875
vt 0.28125 0.7890625
vt 0.4921875 0.625
vt 0.4921875 0.875
vt 0.375 0.875
vt 0.2421875 0.8671875
vt 0.2421875 0.625
vt 0.3046875 0.9921875
vt 0.1796875 0.625
vt 0.2421875 0.625
vt 0.1171875 0.8671875
vt 0.2421875 0.625
vt 0.2421875 0.8671875
vt 0.1171875 0.8671875
vt 0.375 0.625
vt 0.2421875 0.5
vt 0.375 0.5
vt 0.375 0.875
vt 0.3671875 0.6171875
vt 0.4921875 0.625
vt 0.3125 0.875
vt 0.3046875 0.625
vt 0.375 0.875
vt 0.2421875 0.7890625
vt 0.2421875 0.890625
vt 0.1171875 0.890625
vt 0.1171875 0.8671875
vt 0 0.8671875
vt 0.0859375 0.625
vt 0.2421875 0.8671875
vt 0.2421875 0.7421875
vt 0.4921875 0.8671875
vt 0.4921875 0.7421875
vt 0.4921875 0.7421875
vt 0.2421875 0.7421875
vt 0.3671875 0.6171875
vt 0.2421875 0.6171875
vt 0.2421875 0.6171875
vt 0.2421875 0.5
vt 0.3671875 0.6171875
vt 0.3671875 0.5
vt 0.109375 0.5
vt 0.21875 0.5
vt 0 0.7421875
vt 0.2421875 0.6796875
vt 0.375 0.9921875
vt 0.375 0.875
vt 0.4921875 0.9921875
vt 0.4921875 0.875
vt 0 0.9921875
vt 0 0.8671875
vt 0.125 0.9921875
vt 0.125 0.875
vt 0.2421875 0.5
vt 0.2421875 0.6171875
vt 0.125 0.5
vt 0.125 0.6171875
vt 0.125 0.8671875
vt 0.2421875 0.8671875
vt 0.125 0.9921875
vt 0.2421875 0.9921875
vt 0.125 0.7421875
vt 0.2421875 0.7421875
vt 0.125 0.8671875
vt 0.2421875 0.8671875
vt 0.125 0.6171875
vt 0.2421875 0.6171875
vt 0.125 0.7421875
vt 0.2421875 0.7421875
vt 0.125 0.5
vt 0.2421875 0.5
vt 0.125 0.6171875
vt 0.2421875 0.6171875
vt 0.3671875 0.6171875
vt 0.3671875 0.5
vt 0.4921875 0.7421875
vt 0.4921875 0.5
vt 0.125 0.9921875
vt 0.125 0.875
vt 0.3125 0.9921875
vt 0.3125 0.875
vt 0.375 0.9921875
vt 0.28125 0.9921875
vt 0.375 0.875
vt 0.203125 0.8359375
vt 0.375 0.875
vt 0.375 0.9921875
vt 0.3125 0.875
vt 0.3125 0.9921875
vt 0 0.890625
vt 0.1171875 0.890625
vt 0 0.9921875
vt 0.1171875 0.9921875
vt 0 0.890625
vt 0 0.6953125
vt 0.1171875 0.890625
vt 0.1171875 0.6953125
vt 0.2421875 0.59375
vt 0.2421875 0.6953125
vt 0.1171875 0.59375
vt 0.1171875 0.6953125
vt 0 0.59375
vt 0 0.5
vt 0.1171875 0.59375
vt 0.1171875 0.5
vt 0.1171875 0.8671875
vt 0.1171875 0.9921875
vt 0 0.8671875
vt 0 0.9921875
vt 0.375 0.875
vt 0.4921875 0.875
vt 0.375 0.9921875
vt 0.4921875 0.9921875
vt 0.4921875 0.9921875
vt 0.375 0.9921875
vt 0.4921875 0.875
vt 0.375 0.875
vt 0.375 0.5
vt 0.4921875 0.5
vt 0.375 0.625
vt 0.4921875 0.625
vt 0.2421875 0.8671875
vt 0.25 0.9921875
vt 0.1171875 0.8671875
vt 0.1171875 0.9921875
vt 0.2421875 0.890625
vt 0.2421875 0.9921875
vt 0.1171875 0.890625
vt 0.1171875 0.9921875
vt 0.1171875 0.59375
vt 0.1171875 0.5
vt 0.2421875 0.59375
vt 0.2421875 0.5
vt 0.1171875 0.6953125
vt 0.2421875 0.6953125
vt 0.1171875 0.890625
vt 0.2421875 0.7890625
vt 0.1171875 0.59375
vt 0.1171875 0.6953125
vt 0 0.59375
vt 0 0.6953125
vt 0.4921875 0.875
vt 0.375 0.875
vt 0.4921875 0.6953125
vt 0.4140625 0.71875
vn 0.19566512351727855 0.469596302401933 -0.8609265196341674
vn 0.19566512351727855 0.469596302401933 -0.8609265196341674
vn 0.19566512351727855 0.469596302401933 -0.8609265196341674
vn 0.93740426324633 -0.27452551976101164 0.21426382393570695
vn 0.93740426324633 -0.27452551976101164 0.21426382393570695
vn 0.93740426324633 -0.27452551976101164 0.21426382393570695
vn 0 -1 1.2246467991473532e-16
vn 0 -1 1.2246467991473532e-16
vn 0 -1 1.2246467991473532e-16
vn 0.8728715609439696 -0.21821789023599236 0.4364357804719848
vn 0.8728715609439696 -0.21821789023599236 0.4364357804719848
vn 0.8728715609439696 -0.21821789023599236 0.4364357804719848
vn 0.4484414779076056 0.5885794788692806 -0.6726622019602472
vn 0.4484414779076056 0.5885794788692806 -0.6726622019602472
vn 0.4484414779076056 0.5885794788692806 -0.6726622019602472
vn 0.9701425001453319 -2.970204768799478e-17 -0.24253562503633297
vn 0.9701425001453319 -2.970204768799478e-17 -0.24253562503633297
vn 0.9701425001453319 -2.970204768799478e-17 -0.24253562503633297
vn 0 -1 1.2246467991473532e-16
vn 0 -1 1.2246467991473532e-16
vn 0 -1 1.2246467991473532e-16
vn -0.271607254494405 0.6337502108164067 -0.7242859722486494
vn -0.271607254494405 0.6337502108164067 -0.7242859722486494
vn -0.271607254494405 0.6337502108164067 -0.7242859722486494
vn -0.7464046007692047 -0.05183365283119485 -0.6634707562392931
vn -0.7464046007692047 -0.05183365283119485 -0.6634707562392931
vn -0.7464046007692047 -0.05183365283119485 -0.6634707562392931
vn 0 -1 1.2246467991473532e-16
vn 0 -1 1.2246467991473532e-16
vn 0 -1 1.2246467991473532e-16
vn -0.12257028250224136 -0.153212858715737 0.9805622600179309
vn -0.12257028250224136 -0.153212858715737 0.9805622600179309
vn -0.12257028250224136 -0.153212858715737 0.9805622600179309
vn 0.775044631783344 -0.052476980587438035 0.6297237372469345
vn 0.775044631783344 -0.052476980587438035 0.6297237372469345
vn 0.775044631783344 -0.052476980587438035 0.6297237372469345
vn 0 -1 1.2246467991473532e-16
vn 0 -1 1.2246467991473532e-16
vn 0 -1 1.2246467991473532e-16
vn -0.5298129323690622 -0.66226619526365 0.5298129323690622
vn -0.5298129323690622 -0.66226619526365 0.5298129323690622
vn -0.5298129323690622 -0.66226619526365 0.5298129323690622
vn 0 -0.4472135954999579 0.894427190999916
vn 0 -0.4472135954999579 0.894427190999916
vn 0 -0.4472135954999579 0.894427190999916
vn 0.8599099385569393 -0.4317464464544848 0.27230479897520316
vn 0.8599099385569393 -0.4317464464544848 0.27230479897520316
vn 0.8599099385569393 -0.4317464464544848 0.27230479897520316
vn 0.7619047566336029 -0.19047618915840067 0.619047625940673
vn 0.7619047566336029 -0.19047618915840067 0.619047625940673
vn 0.7619047566336029 -0.19047618915840067 0.619047625940673
vn 0 -0.3511234481204076 -0.9363291751195385
vn 0 -0.3511234481204076 -0.9363291751195385
vn 0 -0.3511234481204076 -0.9363291751195385
vn 0.97301847155801 -0.028618190559076224 -0.22894552447260957
vn 0.97301847155801 -0.028618190559076224 -0.22894552447260957
vn 0.97301847155801 -0.028618190559076224 -0.22894552447260957
vn 0.9143271910868587 0.2666787466823126 -0.30477571049407165
vn 0.9143271910868587 0.2666787466823126 -0.30477571049407165
vn 0.9143271910868587 0.2666787466823126 -0.30477571049407165
vn 0.7043607250604991 -0.08804509063256248 -0.7043607250604991
vn 0.7043607250604991 -0.08804509063256248 -0.7043607250604991
vn 0.7043607250604991 -0.08804509063256248 -0.7043607250604991
vn 0 -1 1.2246467991473532e-16
vn 0 -1 1.2246467991473532e-16
vn 0 -1 1.2246467991473532e-16
vn 0.1596173817340291 -0.23942606515046305 -0.9577042606018517
vn 0.1596173817340291 -0.23942606515046305 -0.9577042606018517
vn 0.1596173817340291 -0.23942606515046305 -0.9577042606018517
vn -0.9245003335374263 -0.09245002888339438 -0.36980011553357733
vn -0.9245003335374263 -0.09245002888339438 -0.36980011553357733
vn -0.9245003335374263 -0.09245002888339438 -0.36980011553357733
vn 0 -1 1.2246467991473532e-16
vn 0 -1 1.2246467991473532e-16
vn 0 -1 1.2246467991473532e-16
vn 0.9701425001453319 0.24253562503633297 -2.970204768799478e-17
vn 0.9701425001453319 0.24253562503633297 -2.970204768799478e-17
vn 0.9701425001453319 0.24253562503633297 -2.970204768799478e-17
vn 0 -1 1.2246467991473532e-16
vn 0 -1 1.2246467991473532e-16
vn 0 -1 1.2246467991473532e-16
vn 0 -1 1.2246467991473532e-16
vn 0 -1 1.2246467991473532e-16
vn 0 -1 1.2246467991473532e-16
vn 0 -1 1.2246467991473532e-16
vn 0 -1 1.2246467991473532e-16
vn 0 -1 1.2246467991473532e-16
vn 0 -1 1.2246467991473532e-16
vn 0 -1 1.2246467991473532e-16
vn 0 -1 1.2246467991473532e-16
vn 0 -1 1.2246467991473532e-16
vn 0 -1 1.2246467991473532e-16
vn 0 -1 1.2246467991473532e-16
vn 0 -1 1.2246467991473532e-16
vn 0 -1.2246467991473532e-16 -1
vn 0 -1.2246467991473532e-16 -1
vn 0 -1.2246467991473532e-16 -1
vn 0 -1.2246467991473532e-16 -1
vn 0.4819187406198114 -1.0730550140874593e-16 -0.8762159137104365
vn 0.4819187406198114 -1.0730550140874593e-16 -0.8762159137104365
vn 0.4819187406198114 -1.0730550140874593e-16 -0.8762159137104365
vn 0.4819187406198114 -1.0730550140874593e-16 -0.8762159137104365
vn 0 -1 1.2246467991473532e-16
vn 0 -1 1.2246467991473532e-16
vn 0 -1 1.2246467991473532e-16
vn 0 -1 1.2246467991473532e-16
vn 0 -1 1.2246467991473532e-16
vn 0 -1 1.2246467991473532e-16
vn 0 -1 1.2246467991473532e-16
vn 0 -1 1.2246467991473532e-16
vn 0 -1 1.2246467991473532e-16
vn 0 -1 1.2246467991473532e-16
vn 0 -1 1.2246467991473532e-16
vn 0 -1 1.2246467991473532e-16
vn 0 -1 1.2246467991473532e-16
vn 0 -1 1.2246467991473532e-16
vn 0 -1 1.2246467991473532e-16
vn 0 -1 1.2246467991473532e-16
vn 0 -1 1.2246467991473532e-16
vn 0 -1 1.2246467991473532e-16
vn 0 -1 1.2246467991473532e-16
vn 0 -1 1.2246467991473532e-16
vn 0 -1 1.2246467991473532e-16
vn 0 -1 1.2246467991473532e-16
vn 0 -1 1.2246467991473532e-16
vn 0 -1 1.2246467991473532e-16
vn -0.7474093186836597 -8.136110486923091e-17 -0.6643638388299197
vn -0.7474093186836597 -8.136110486923091e-17 -0.6643638388299197
vn -0.7474093186836597 -8.136110486923091e-17 -0.6643638388299197
vn -0.7474093186836597 -8.136110486923091e-17 -0.6643638388299197
vn 0 -1 1.2246467991473532e-16
vn 0 -1 1.2246467991473532e-16
vn 0 -1 1.2246467991473532e-16
vn 0 -1 1.2246467991473532e-16
vn -0.9284766929405919 -4.548223967375825e-17 -0.3713906712157723
vn -0.9284766929405919 -4.548223967375825e-17 -0.3713906712157723
vn -0.9284766929405919 -4.548223967375825e-17 -0.3713906712157723
vn -0.9284766929405919 -4.548223967375825e-17 -0.3713906712157723
vn 0 -1 1.2246467991473532e-16
vn 0 -1 1.2246467991473532e-16
vn 0 -1 1.2246467991473532e-16
vn 0 -1 1.2246467991473532e-16
vn 0 -1 1.2246467991473532e-16
vn 0 -1 1.2246467991473532e-16
vn 0 -1 1.2246467991473532e-16
vn 0 -1 1.2246467991473532e-16
vn 0 -1 1.2246467991473532e-16
vn 0 -1 1.2246467991473532e-16
vn 0 -1 1.2246467991473532e-16
vn 0 -1 1.2246467991473532e-16
vn 0 -1 1.2246467991473532e-16
vn 0 -1 1.2246467991473532e-16
vn 0 -1 1.2246467991473532e-16
vn 0 -1 1.2246467991473532e-16
vn 1 0 0
vn 1 0 0
vn 1 0 0
vn 1 0 0
vn 0 -1.2246467991473532e-16 -1
vn 0 -1.2246467991473532e-16 -1
vn 0 -1.2246467991473532e-16 -1
vn 0 -1.2246467991473532e-16 -1
vn 0 -1 1.2246467991473532e-16
vn 0 -1 1.2246467991473532e-16
vn 0 -1 1.2246467991473532e-16
vn 0 -1 1.2246467991473532e-16
vn 0 -1 1.2246467991473532e-16
vn 0 -1 1.2246467991473532e-16
vn 0 -1 1.2246467991473532e-16
vn 0 -1 1.2246467991473532e-16
vn 0.7071067811865475 -8.659560562354932e-17 -0.7071067811865475
vn 0.7071067811865475 -8.659560562354932e-17 -0.7071067811865475
vn 0.7071067811865475 -8.659560562354932e-17 -0.7071067811865475
vn 0.7071067811865475 -8.659560562354932e-17 -0.7071067811865475
vn 0 -1 1.2246467991473532e-16
vn 0 -1 1.2246467991473532e-16
vn 0 -1 1.2246467991473532e-16
vn 0 -1 1.2246467991473532e-16
vn 0 -1 1.2246467991473532e-16
vn 0 -1 1.2246467991473532e-16
vn 0 -1 1.2246467991473532e-16
vn 0 -1 1.2246467991473532e-16
vn 0 -1 1.2246467991473532e-16
vn 0 -1 1.2246467991473532e-16
vn 0 -1 1.2246467991473532e-16
vn 0 -1 1.2246467991473532e-16
vn 0 -1 1.2246467991473532e-16
vn 0 -1 1.2246467991473532e-16
vn 0 -1 1.2246467991473532e-16
vn 0 -1 1.2246467991473532e-16
vn 0 -1 1.2246467991473532e-16
vn 0 -1 1.2246467991473532e-16
vn 0 -1 1.2246467991473532e-16
vn 0 -1 1.2246467991473532e-16
f 3346/3346/3346 3345/3345/3345 3344/3344/3344
f 3349/3349/3349 3348/3348/3348 3347/3347/3347
f 3352/3352/3352 3351/3351/3351 3350/3350/3350
f 3355/3355/3355 3354/3354/3354 3353/3353/3353
f 3358/3358/3358 3357/3357/3357 3356/3356/3356
f 3361/3361/3361 3360/3360/3360 3359/3359/3359
f 3364/3364/3364 3363/3363/3363 3362/3362/3362
f 3367/3367/3367 3366/3366/3366 3365/3365/3365
f 3370/3370/3370 3369/3369/3369 3368/3368/3368
f 3373/3373/3373 3372/3372/3372 3371/3371/3371
f 3376/3376/3376 3375/3375/3375 3374/3374/3374
f 3379/3379/3379 3378/3378/3378 3377/3377/3377
f 3382/3382/3382 3381/3381/3381 3380/3380/3380
f 3385/3385/3385 3384/3384/3384 3383/3383/3383
f 3388/3388/3388 3387/3387/3387 3386/3386/3386
f 3391/3391/3391 3390/3390/3390 3389/3389/3389
f 3394/3394/3394 3393/3393/3393 3392/3392/3392
f 3397/3397/3397 3396/3396/3396 3395/3395/3395
f 3400/3400/3400 3399/3399/3399 3398/3398/3398
f 3403/3403/3403 3402/3402/3402 3401/3401/3401
f 3406/3406/3406 3405/3405/3405 3404/3404/3404
f 3409/3409/3409 3408/3408/3408 3407/3407/3407
f 3412/3412/3412 3411/3411/3411 3410/3410/3410
f 3415/3415/3415 3414/3414/3414 3413/3413/3413
f 3418/3418/3418 3417/3417/3417 3416/3416/3416
f 3421/3421/3421 3420/3420/3420 3419/3419/3419
f 3424/3424/3424 3423/3423/3423 3422/3422/3422
f 3423/3423/3423 3424/3424/3424 3425/3425/3425
f 3428/3428/3428 3427/3427/3427 3426/3426/3426
f 3427/3427/3427 3428/3428/3428 3429/3429/3429
f 3432/3432/3432 3431/3431/3431 3430/3430/3430
f 3431/3431/3431 3432/3432/3432 3433/3433/3433
f 3436/3436/3436 3435/3435/3435 3434/3434/3434
f 3435/3435/3435 3436/3436/3436 3437/3437/3437
f 3440/3440/3440 3439/3439/3439 3438/3438/3438
f 3439/3439/3439 3440/3440/3440 3441/3441/3441
f 3444/3444/3444 3443/3443/3443 3442/3442/3442
f 3443/3443/3443 3444/3444/3444 3445/3445/3445
f 3448/3448/3448 3447/3447/3447 3446/3446/3446
f 3447/3447/3447 3448/3448/3448 3449/3449/3449
f 3452/3452/3452 3451/3451/3451 3450/3450/3450
f 3451/3451/3451 3452/3452/3452 3453/3453/3453
f 3456/3456/3456 3455/3455/3455 3454/3454/3454
f 3455/3455/3455 3456/3456/3456 3457/3457/3457
f 3460/3460/3460 3459/3459/3459 3458/3458/3458
f 3459/3459/3459 3460/3460/3460 3461/3461/3461
f 3464/3464/3464 3463/3463/3463 3462/3462/3462
f 3463/3463/3463 3464/3464/3464 3465/3465/3465
f 3468/3468/3468 3467/3467/3467 3466/3466/3466
f 3467/3467/3467 3468/3468/3468 3469/3469/3469
f 3472/3472/3472 3471/3471/3471 3470/3470/3470
f 3471/3471/3471 3472/3472/3472 3473/3473/3473
f 3476/3476/3476 3475/3475/3475 3474/3474/3474
f 3475/3475/3475 3476/3476/3476 3477/3477/3477
f 3480/3480/3480 3479/3479/3479 3478/3478/3478
f 3479/3479/3479 3480/3480/3480 3481/3481/3481
f 3484/3484/3484 3483/3483/3483 3482/3482/3482
f 3483/3483/3483 3484/3484/3484 3485/3485/3485
f 3488/3488/3488 3487/3487/3487 3486/3486/3486
f 3487/3487/3487 3488/3488/3488 3489/3489/3489
f 3492/3492/3492 3491/3491/3491 3490/3490/3490
f 3491/3491/3491 3492/3492/3492 3493/3493/3493
f 3496/3496/3496 3495/3495/3495 3494/3494/3494
f 3495/3495/3495 3496/3496/3496 3497/3497/3497
f 3500/3500/3500 3499/3499/3499 3498/3498/3498
f 3499/3499/3499 3500/3500/3500 3501/3501/3501
f 3504/3504/3504 3503/3503/3503 3502/3502/3502
f 3503/3503/3503 3504/3504/3504 3505/3505/3505
f 3508/3508/3508 3507/3507/3507 3506/3506/3506
f 3507/3507/3507 3508/3508/3508 3509/3509/3509
f 3512/3512/3512 3511/3511/3511 3510/3510/3510
f 3511/3511/3511 3512/3512/3512 3513/3513/3513
f 3516/3516/3516 3515/3515/3515 3514/3514/3514
f 3515/3515/3515 3516/3516/3516 3517/3517/3517
f 3520/3520/3520 3519/3519/3519 3518/3518/3518
f 3519/3519/3519 3520/3520/3520 3521/3521/3521
f 3524/3524/3524 3523/3523/3523 3522/3522/3522
f 3523/3523/3523 3524/3524/3524 3525/3525/3525
f 3528/3528/3528 3527/3527/3527 3526/3526/3526
f 3527/3527/3527 3528/3528/3528 3529/3529/3529
f 3532/3532/3532 3531/3531/3531 3530/3530/3530
f 3531/3531/3531 3532/3532/3532 3533/3533/3533
f 3536/3536/3536 3535/3535/3535 3534/3534/3534
f 3535/3535/3535 3536/3536/3536 3537/3537/3537
o mesh_48
usemtl mat11
v -25.6 166.39999999999998 -153.60000000000005
v -25.6 179.20000000000002 -80.00000000000003
v -25.6 191.99999999999997 -136.00000000000003
v -25.6 243.2 -118.40000000000003
v -25.6 243.20000000000002 -107.20000000000003
v 0 275.2 -110.40000000000003
v 153.60000000000002 275.2 -96.00000000000003
v 153.60000000000002 243.20000000000002 -89.60000000000004
v 153.60000000000002 243.20000000000002 -104.00000000000003
v -25.6 179.20000000000002 -80.00000000000003
v -25.6 217.60000000000002 -89.60000000000004
v -25.6 191.99999999999997 -136.00000000000003
v -25.6 217.6 -136.00000000000003
v 153.60000000000002 191.99999999999997 -124.80000000000004
v 153.60000000000002 230.39999999999998 -121.60000000000004
v 153.60000000000002 192 -80.00000000000003
v 153.60000000000002 230.4 -76.80000000000004
v 153.60000000000002 153.60000000000002 -90.40000000000002
v 153.60000000000002 166.39999999999998 -128.00000000000003
v 153.60000000000002 192 -80.00000000000003
v 153.60000000000002 191.99999999999997 -124.80000000000004
v -25.6 243.20000000000002 -107.20000000000003
v -25.6 243.2 -118.40000000000003
v -25.6 217.60000000000002 -89.60000000000004
v -25.6 217.6 -136.00000000000003
v 153.60000000000002 243.20000000000002 -104.00000000000003
v 153.60000000000002 243.20000000000002 -89.60000000000004
v 153.60000000000002 230.39999999999998 -121.60000000000004
v 153.60000000000002 230.4 -76.80000000000004
vt 0.96875 0.96875
vt 0.96875 0.96875
vt 0.96875 0.96875
vt 0.96875 0.96875
vt 0.96875 0.96875
vt 0.96875 0.96875
vt 0.96875 0.96875
vt 0.96875 0.96875
vt 0.96875 0.96875
vt 0.96875 0.96875
vt 0.96875 0.96875
vt 0.96875 0.96875
vt 0.96875 0.96875
vt 0.96875 0.96875
vt 0.96875 0.96875
vt 0.96875 0.96875
vt 0.96875 0.96875
vt 0.96875 0.96875
vt 0.96875 0.96875
vt 0.96875 0.96875
vt 0.96875 0.96875
vt 0.96875 0.96875
vt 0.96875 0.96875
vt 0.96875 0.96875
vt 0.96875 0.96875
vt 0.96875 0.96875
vt 0.96875 0.96875
vt 0.96875 0.96875
vt 0.96875 0.96875
vn 1 0 0
vn 1 0 0
vn 1 0 0
vn 0.7808688094430304 -0.6246950475544243 7.650307904307292e-17
vn 0.7808688094430304 -0.6246950475544243 7.650307904307292e-17
vn 0.7808688094430304 -0.6246950475544243 7.650307904307292e-17
vn -1 0 0
vn -1 0 0
vn -1 0 0
vn 1 0 0
vn 1 0 0
vn 1 0 0
vn 1 0 0
vn -1 0 0
vn -1 0 0
vn -1 0 0
vn -1 0 0
vn -1 0 0
vn -1 0 0
vn -1 0 0
vn -1 0 0
vn 1 0 0
vn 1 0 0
vn 1 0 0
vn 1 0 0
vn -1 0 0
vn -1 0 0
vn -1 0 0
vn -1 0 0
f 3540/3540/3540 3539/3539/3539 3538/3538/3538
f 3543/3543/3543 3542/3542/3542 3541/3541/3541
f 3546/3546/3546 3545/3545/3545 3544/3544/3544
f 3549/3549/3549 3548/3548/3548 3547/3547/3547
f 3548/3548/3548 3549/3549/3549 3550/3550/3550
f 3553/3553/3553 3552/3552/3552 3551/3551/3551
f 3552/3552/3552 3553/3553/3553 3554/3554/3554
f 3557/3557/3557 3556/3556/3556 3555/3555/3555
f 3556/3556/3556 3557/3557/3557 3558/3558/3558
f 3561/3561/3561 3560/3560/3560 3559/3559/3559
f 3560/3560/3560 3561/3561/3561 3562/3562/3562
f 3565/3565/3565 3564/3564/3564 3563/3563/3563
f 3564/3564/3564 3565/3565/3565 3566/3566/3566
o mesh_49
usemtl mat14
v 24.8 67.2 -24.800000000000008
v 25.1 66.8 -24.800000000000008
v 24.6 66.8 -24.500000000000007
v 24.8 67.2 -24.800000000000008
v 24.6 66.8 -25.10000000000001
v 25.1 66.8 -24.800000000000008
v 24.8 67.2 -24.800000000000008
v 24.6 66.8 -24.500000000000007
v 24.6 66.8 -25.10000000000001
v 24.6 66.8 -25.10000000000001
v 24.6 66.8 -24.500000000000007
v 24.6 64.60000000000001 -25.10000000000001
v 24.6 64.60000000000001 -24.500000000000007
v 25.1 66.8 -24.800000000000008
v 24.6 66.8 -25.10000000000001
v 25.200000000000003 64.60000000000001 -24.800000000000008
v 24.6 64.60000000000001 -25.10000000000001
v 24.6 66.8 -24.500000000000007
v 25.1 66.8 -24.800000000000008
v 24.6 64.60000000000001 -24.500000000000007
v 25.200000000000003 64.60000000000001 -24.800000000000008
vt 0.578125 0.59375
vt 0.5859375 0.59375
vt 0.5859375 0.59375
vt 0.578125 0.59375
vt 0.578125 0.59375
vt 0.5859375 0.59375
vt 0.578125 0.59375
vt 0.5859375 0.59375
vt 0.578125 0.59375
vt 0.578125 0.59375
vt 0.5859375 0.59375
vt 0.578125 0.6171875
vt 0.5859375 0.6171875
vt 0.5859375 0.59375
vt 0.578125 0.59375
vt 0.5859375 0.6171875
vt 0.578125 0.6171875
vt 0.5859375 0.59375
vt 0.5859375 0.59375
vt 0.5859375 0.6171875
vt 0.5859375 0.6171875
vn 0.4799999846935272 0.36000001087188704 0.8000000042915341
vn 0.4799999846935272 0.36000001087188704 0.8000000042915341
vn 0.4799999846935272 0.36000001087188704 0.8000000042915341
vn 0.4799999846935273 0.36000001087188693 -0.8000000042915342
vn 0.4799999846935273 0.36000001087188693 -0.8000000042915342
vn 0.4799999846935273 0.36000001087188693 -0.8000000042915342
vn -0.8944271909999157 0.44721359549995787 -5.476786982642025e-17
vn -0.8944271909999157 0.44721359549995787 -5.476786982642025e-17
vn -0.8944271909999157 0.44721359549995787 -5.476786982642025e-17
vn -1 0 0
vn -1 0 0
vn -1 0 0
vn -1 0 0
vn 0.514355112144981 0.02337977799410313 -0.8572585401098495
vn 0.514355112144981 0.02337977799410313 -0.8572585401098495
vn 0.514355112144981 0.02337977799410313 -0.8572585401098495
vn 0.514355112144981 0.02337977799410313 -0.8572585401098495
vn 0.5144957378967483 1.050125979646773e-16 0.857492936231011
vn 0.5144957378967483 1.050125979646773e-16 0.857492936231011
vn 0.5144957378967483 1.050125979646773e-16 0.857492936231011
vn 0.5144957378967483 1.050125979646773e-16 0.857492936231011
f 3569/3569/3569 3568/3568/3568 3567/3567/3567
f 3572/3572/3572 3571/3571/3571 3570/3570/3570
f 3575/3575/3575 3574/3574/3574 3573/3573/3573
f 3578/3578/3578 3577/3577/3577 3576/3576/3576
f 3577/3577/3577 3578/3578/3578 3579/3579/3579
f 3582/3582/3582 3581/3581/3581 3580/3580/3580
f 3581/3581/3581 3582/3582/3582 3583/3583/3583
f 3586/3586/3586 3585/3585/3585 3584/3584/3584
f 3585/3585/3585 3586/3586/3586 3587/3587/3587
o mesh_50
usemtl mat12
v 25.200000000000003 64.60000000000001 -24.800000000000008
v 24.6 64.60000000000001 -25.10000000000001
v 25.6 64.4 -24.800000000000008
v 24.400000000000002 64.4 -25.500000000000007
v 24.6 64.60000000000001 -25.10000000000001
v 24.6 64.60000000000001 -24.500000000000007
v 24.400000000000002 64.4 -25.500000000000007
v 24.400000000000002 64.4 -24.10000000000001
v 24.400000000000002 64.4 -24.10000000000001
v 25.6 64.4 -24.800000000000008
v 24.5 64 -24.300000000000008
v 25.400000000000002 64 -24.800000000000008
v 24.6 64.60000000000001 -24.500000000000007
v 25.200000000000003 64.60000000000001 -24.800000000000008
v 24.400000000000002 64.4 -24.10000000000001
v 25.6 64.4 -24.800000000000008
v 24.400000000000002 64.4 -25.500000000000007
v 24.400000000000002 64.4 -24.10000000000001
v 24.5 64 -25.300000000000008
v 24.5 64 -24.300000000000008
v 25.6 64.4 -24.800000000000008
v 24.400000000000002 64.4 -25.500000000000007
v 25.400000000000002 64 -24.800000000000008
v 24.5 64 -25.300000000000008
vt 0.21875 0.796875
vt 0.21875 0.796875
vt 0.2265625 0.796875
vt 0.21875 0.796875
vt 0.21875 0.796875
vt 0.21875 0.796875
vt 0.21875 0.796875
vt 0.21875 0.796875
vt 0.21875 0.796875
vt 0.2265625 0.796875
vt 0.21875 0.8046875
vt 0.2265625 0.8046875
vt 0.21875 0.796875
vt 0.21875 0.796875
vt 0.21875 0.796875
vt 0.2265625 0.796875
vt 0.21875 0.796875
vt 0.21875 0.796875
vt 0.21875 0.796875
vt 0.21875 0.8046875
vt 0.2265625 0.796875
vt 0.21875 0.796875
vt 0.2265625 0.8046875
vt 0.21875 0.796875
vn 0.3333333333333333 0.6666666666666665 -0.6666666666666667
vn 0.3333333333333333 0.6666666666666665 -0.6666666666666667
vn 0.3333333333333333 0.6666666666666665 -0.6666666666666667
vn 0.3333333333333333 0.6666666666666665 -0.6666666666666667
vn -0.7071067811865475 0.7071067811865475 -8.659560562354932e-17
vn -0.7071067811865475 0.7071067811865475 -8.659560562354932e-17
vn -0.7071067811865475 0.7071067811865475 -8.659560562354932e-17
vn -0.7071067811865475 0.7071067811865475 -8.659560562354932e-17
vn 0.48182851212248407 -0.2925387331167247 0.825991752097014
vn 0.48182851212248407 -0.2925387331167247 0.825991752097014
vn 0.48182851212248407 -0.2925387331167247 0.825991752097014
vn 0.48182851212248407 -0.2925387331167247 0.825991752097014
vn 0.26726123552621245 0.8017837363809596 0.5345224710524248
vn 0.26726123552621245 0.8017837363809596 0.5345224710524248
vn 0.26726123552621245 0.8017837363809596 0.5345224710524248
vn 0.26726123552621245 0.8017837363809596 0.5345224710524248
vn -0.9701425001453319 -0.24253562503633297 2.970204768799478e-17
vn -0.9701425001453319 -0.24253562503633297 2.970204768799478e-17
vn -0.9701425001453319 -0.24253562503633297 2.970204768799478e-17
vn -0.9701425001453319 -0.24253562503633297 2.970204768799478e-17
vn 0.4886033793862509 -0.24430168969312557 -0.8376057676887255
vn 0.4886033793862509 -0.24430168969312557 -0.8376057676887255
vn 0.4886033793862509 -0.24430168969312557 -0.8376057676887255
vn 0.4886033793862509 -0.24430168969312557 -0.8376057676887255
f 3590/3590/3590 3589/3589/3589 3588/3588/3588
f 3589/3589/3589 3590/3590/3590 3591/3591/3591
f 3594/3594/3594 3593/3593/3593 3592/3592/3592
f 3593/3593/3593 3594/3594/3594 3595/3595/3595
f 3598/3598/3598 3597/3597/3597 3596/3596/3596
f 3597/3597/3597 3598/3598/3598 3599/3599/3599
f 3602/3602/3602 3601/3601/3601 3600/3600/3600
f 3601/3601/3601 3602/3602/3602 3603/3603/3603
f 3606/3606/3606 3605/3605/3605 3604/3604/3604
f 3605/3605/3605 3606/3606/3606 3607/3607/3607
f 3610/3610/3610 3609/3609/3609 3608/3608/3608
f 3609/3609/3609 3610/3610/3610 3611/3611/3611
o mesh_51
usemtl mat11
v 89.60000000000001 76.79999999999998 -192
v 89.60000000000001 89.59999999999998 -192
v 89.60000000000001 89.59999999999998 -204.8
v 89.60000000000001 89.59999999999998 -230.4
v 76.80000000000001 89.59999999999998 -230.4
v 76.80000000000001 83.19999999999997 -230.4
v 64 83.19999999999997 -230.4
v 64 89.59999999999998 -230.4
v 51.2 89.59999999999998 -230.4
v 89.60000000000001 51.19999999999998 -179.20000000000002
v 89.60000000000001 76.79999999999998 -179.20000000000002
v 89.60000000000001 76.79999999999998 -192
v 89.60000000000001 38.4 -64
v 102.4 -7.83773951454306e-15 -64
v 89.60000000000001 -6.270191611634449e-15 -51.2
v 89.60000000000001 -6.270191611634449e-15 -51.2
v 89.60000000000001 38.4 -51.20000000000001
v 89.60000000000001 38.4 -64
v 25.6 -7.83773951454306e-15 -64
v 25.6 51.199999999999996 -76.80000000000001
v 25.6 51.199999999999996 -64
v 25.6 51.199999999999996 -64
v 25.6 51.199999999999996 -51.20000000000001
v 25.6 38.4 -51.20000000000001
v 44.800000000000004 44.800000000000004 -5.486417660180143e-15
v 51.2 44.800000000000004 -5.486417660180143e-15
v 51.2 38.400000000000006 -4.702643708725837e-15
v 51.2 0 0
v 44.800000000000004 0 0
v 51.2 38.400000000000006 -4.702643708725837e-15
v 44.800000000000004 44.800000000000004 -5.486417660180143e-15
v 44.800000000000004 0 0
v 38.400000000000006 0 0
v 44.800000000000004 44.800000000000004 -5.486417660180143e-15
v 38.400000000000006 44.800000000000004 -5.486417660180143e-15
v 25.6 38.4 -38.40000000000001
v 25.6 -4.702643708725837e-15 -38.400000000000006
v 25.6 38.4 -51.20000000000001
v 25.6 -6.270191611634449e-15 -51.2
v 25.6 38.4 -51.20000000000001
v 25.6 51.199999999999996 -51.20000000000001
v 25.6 38.4 -38.40000000000001
v 25.6 51.199999999999996 -38.40000000000001
v 25.6 38.4 -51.20000000000001
v 25.6 -6.270191611634449e-15 -51.2
v 25.6 51.199999999999996 -64
v 25.6 -7.83773951454306e-15 -64
v 89.60000000000001 51.19999999999998 -179.20000000000002
v 89.60000000000001 51.19999999999998 -172.8
v 89.60000000000001 76.79999999999998 -179.20000000000002
v 89.60000000000001 76.8 -166.4
v 76.80000000000001 83.19999999999997 -230.4
v 76.80000000000001 -2.821586225235502e-14 -230.4
v 89.60000000000001 89.59999999999998 -230.4
v 89.60000000000001 -2.821586225235502e-14 -230.4
v 89.60000000000001 -2.5080766446537795e-14 -204.8
v 89.60000000000001 -2.3513218543629183e-14 -192
v 89.60000000000001 89.59999999999998 -204.8
v 89.60000000000001 76.79999999999998 -192
v 89.60000000000001 89.59999999999998 -179.20000000000002
v 89.60000000000001 89.59999999999998 -192
v 89.60000000000001 76.79999999999998 -179.20000000000002
v 89.60000000000001 76.79999999999998 -192
v 89.60000000000001 51.19999999999998 -179.20000000000002
v 89.60000000000001 -2.194567064072057e-14 -179.20000000000002
v 89.60000000000001 51.19999999999998 -172.8
v 89.60000000000001 -2.037812273781196e-14 -166.4
v 89.60000000000001 76.79999999999998 -192
v 89.60000000000001 -2.3513218543629183e-14 -192
v 89.60000000000001 51.19999999999998 -179.20000000000002
v 89.60000000000001 -2.194567064072057e-14 -179.20000000000002
v 89.60000000000001 89.6 -166.4
v 89.60000000000001 89.59999999999998 -179.20000000000002
v 89.60000000000001 76.8 -166.4
v 89.60000000000001 76.79999999999998 -179.20000000000002
v 0 -2.5080766446537795e-14 -204.8
v 0 89.59999999999998 -204.8
v 0 -2.3513218543629183e-14 -192
v 0 89.59999999999998 -192
v 25.6 89.59999999999998 -204.8
v 0 89.59999999999998 -204.8
v 25.6 -2.5080766446537795e-14 -204.8
v 0 -2.5080766446537795e-14 -204.8
v 70.4 -2.821586225235502e-14 -230.4
v 76.80000000000001 -2.821586225235502e-14 -230.4
v 70.4 82.39999999999998 -230.4
v 76.80000000000001 83.19999999999997 -230.4
v 25.6 89.59999999999998 -217.60000000000002
v 25.6 89.59999999999998 -204.8
v 25.6 -2.6648314349446407e-14 -217.60000000000002
v 25.6 -2.5080766446537795e-14 -204.8
v 70.4 82.39999999999998 -230.4
v 64 83.19999999999997 -230.4
v 70.4 -2.821586225235502e-14 -230.4
v 64 -2.821586225235502e-14 -230.4
v 25.6 25.599999999999977 -192
v 25.6 51.19999999999998 -192
v 25.6 25.59999999999998 -179.20000000000002
v 25.6 51.19999999999998 -184
v 25.6 25.59999999999998 -179.20000000000002
v 16 -2.194567064072057e-14 -179.20000000000002
v 25.6 25.599999999999977 -192
v 16 -2.3513218543629183e-14 -192
v 89.60000000000001 89.59999999999998 -204.8
v 89.60000000000001 89.59999999999998 -217.60000000000002
v 89.60000000000001 -2.5080766446537795e-14 -204.8
v 89.60000000000001 -2.6648314349446407e-14 -217.60000000000002
v 25.6 51.19999999999998 -192
v 25.6 76.79999999999998 -192
v 25.6 51.19999999999998 -184
v 25.6 76.79999999999998 -179.20000000000002
v 25.6 89.59999999999998 -230.4
v 25.6 89.59999999999998 -217.60000000000002
v 25.6 -2.821586225235502e-14 -230.4
v 25.6 -2.6648314349446407e-14 -217.60000000000002
v 89.60000000000001 89.59999999999998 -217.60000000000002
v 89.60000000000001 89.59999999999998 -230.4
v 89.60000000000001 -2.6648314349446407e-14 -217.60000000000002
v 89.60000000000001 -2.821586225235502e-14 -230.4
v 38.400000000000006 89.59999999999998 -230.4
v 25.6 89.59999999999998 -230.4
v 38.400000000000006 -2.821586225235502e-14 -230.4
v 25.6 -2.821586225235502e-14 -230.4
v 25.6 89.59999999999998 -192
v 25.6 89.59999999999998 -179.20000000000002
v 25.6 76.79999999999998 -192
v 25.6 76.79999999999998 -179.20000000000002
v 51.2 89.59999999999998 -230.4
v 51.2 -2.821586225235502e-14 -230.4
v 64 83.19999999999997 -230.4
v 64 -2.821586225235502e-14 -230.4
v 51.2 89.59999999999998 -230.4
v 38.400000000000006 89.59999999999998 -230.4
v 51.2 -2.821586225235502e-14 -230.4
v 38.400000000000006 -2.821586225235502e-14 -230.4
v 25.6 63.99999999999999 -76.80000000000003
v 25.6 63.99999999999999 -64.00000000000001
v 25.6 51.199999999999996 -76.80000000000001
v 25.6 51.199999999999996 -64
v 89.60000000000001 38.4 -38.40000000000001
v 89.60000000000001 -4.702643708725837e-15 -38.400000000000006
v 89.60000000000001 38.400000000000006 -25.600000000000005
v 89.60000000000001 -3.1350958058172244e-15 -25.6
v 89.60000000000001 38.400000000000006 -25.600000000000005
v 89.60000000000001 -3.1350958058172244e-15 -25.6
v 89.60000000000001 38.400000000000006 -12.800000000000006
v 89.60000000000001 -1.5675479029086122e-15 -12.8
v 89.60000000000001 0 0
v 89.60000000000001 38.400000000000006 -4.702643708725837e-15
v 89.60000000000001 -1.5675479029086122e-15 -12.8
v 89.60000000000001 38.400000000000006 -12.800000000000006
v 0 51.199999999999996 -38.40000000000001
v 0 51.2 -25.60000000000001
v 0 -4.702643708725837e-15 -38.400000000000006
v 0 -3.1350958058172244e-15 -25.6
v 64 0 0
v 64 38.400000000000006 -4.702643708725837e-15
v 76.80000000000001 0 0
v 76.80000000000001 38.400000000000006 -4.702643708725837e-15
v 89.60000000000001 38.400000000000006 -4.702643708725837e-15
v 89.60000000000001 0 0
v 76.80000000000001 38.400000000000006 -4.702643708725837e-15
v 76.80000000000001 0 0
v 25.6 44.800000000000004 -5.486417660180143e-15
v 25.6 0 0
v 25.6 44.800000000000004 -12.800000000000006
v 25.6 -1.5675479029086122e-15 -12.8
v 51.2 0 0
v 51.2 38.400000000000006 -4.702643708725837e-15
v 64 0 0
v 64 38.400000000000006 -4.702643708725837e-15
v 0 -3.1350958058172244e-15 -25.6
v 0 51.2 -25.60000000000001
v 25.6 -3.1350958058172244e-15 -25.6
v 25.6 51.2 -25.60000000000001
v 38.400000000000006 44.800000000000004 -5.486417660180143e-15
v 38.400000000000006 0 0
v 25.6 44.800000000000004 -5.486417660180143e-15
v 25.6 0 0
v 89.60000000000001 38.4 -51.20000000000001
v 89.60000000000001 -6.270191611634449e-15 -51.2
v 89.60000000000001 38.4 -38.40000000000001
v 89.60000000000001 -4.702643708725837e-15 -38.400000000000006
v 25.6 76.8 -76.80000000000003
v 25.6 76.8 -64.00000000000001
v 25.6 63.99999999999999 -76.80000000000003
v 25.6 63.99999999999999 -64.00000000000001
v 0 38.4 -38.40000000000001
v 25.6 38.4 -38.40000000000001
v 0 51.199999999999996 -38.40000000000001
v 25.6 51.199999999999996 -38.40000000000001
vt 0.96875 0.96875
vt 0.96875 0.96875
vt 0.96875 0.96875
vt 0.96875 0.96875
vt 0.96875 0.96875
vt 0.96875 0.96875
vt 0.96875 0.96875
vt 0.96875 0.96875
vt 0.96875 0.96875
vt 0.96875 0.96875
vt 0.96875 0.96875
vt 0.96875 0.96875
vt 0.96875 0.96875
vt 0.96875 0.96875
vt 0.96875 0.96875
vt 0.96875 0.96875
vt 0.96875 0.96875
vt 0.96875 0.96875
vt 0.96875 0.96875
vt 0.96875 0.96875
vt 0.96875 0.96875
vt 0.96875 0.96875
vt 0.96875 0.96875
vt 0.96875 0.96875
vt 0.96875 0.96875
vt 0.96875 0.96875
vt 0.96875 0.96875
vt 0.96875 0.96875
vt 0.96875 0.96875
vt 0.96875 0.96875
vt 0.96875 0.96875
vt 0.96875 0.96875
vt 0.96875 0.96875
vt 0.96875 0.96875
vt 0.96875 0.96875
vt 0.96875 0.96875
vt 0.96875 0.96875
vt 0.96875 0.96875
vt 0.96875 0.96875
vt 0.96875 0.96875
vt 0.96875 0.96875
vt 0.96875 0.96875
vt 0.96875 0.96875
vt 0.96875 0.96875
vt 0.96875 0.96875
vt 0.96875 0.96875
vt 0.96875 0.96875
vt 0.96875 0.96875
vt 0.96875 0.96875
vt 0.96875 0.96875
vt 0.96875 0.96875
vt 0.96875 0.96875
vt 0.96875 0.96875
vt 0.96875 0.96875
vt 0.96875 0.96875
vt 0.96875 0.96875
vt 0.96875 0.96875
vt 0.96875 0.96875
vt 0.96875 0.96875
vt 0.96875 0.96875
vt 0.96875 0.96875
vt 0.96875 0.96875
vt 0.96875 0.96875
vt 0.96875 0.96875
vt 0.96875 0.96875
vt 0.96875 0.96875
vt 0.96875 0.96875
vt 0.96875 0.96875
vt 0.96875 0.96875
vt 0.96875 0.96875
vt 0.96875 0.96875
vt 0.96875 0.96875
vt 0.96875 0.96875
vt 0.96875 0.96875
vt 0.96875 0.96875
vt 0.96875 0.96875
vt 0.96875 0.96875
vt 0.96875 0.96875
vt 0.96875 0.96875
vt 0.96875 0.96875
vt 0.96875 0.96875
vt 0.96875 0.96875
vt 0.96875 0.96875
vt 0.96875 0.96875
vt 0.96875 0.96875
vt 0.96875 0.96875
vt 0.96875 0.96875
vt 0.96875 0.96875
vt 0.96875 0.96875
vt 0.96875 0.96875
vt 0.96875 0.96875
vt 0.96875 0.96875
vt 0.96875 0.96875
vt 0.96875 0.96875
vt 0.96875 0.96875
vt 0.96875 0.96875
vt 0.96875 0.96875
vt 0.96875 0.96875
vt 0.96875 0.96875
vt 0.96875 0.96875
vt 0.96875 0.96875
vt 0.96875 0.96875
vt 0.96875 0.96875
vt 0.96875 0.96875
vt 0.96875 0.96875
vt 0.96875 0.96875
vt 0.96875 0.96875
vt 0.96875 0.96875
vt 0.96875 0.96875
vt 0.96875 0.96875
vt 0.96875 0.96875
vt 0.96875 0.96875
vt 0.96875 0.96875
vt 0.96875 0.96875
vt 0.96875 0.96875
vt 0.96875 0.96875
vt 0.96875 0.96875
vt 0.96875 0.96875
vt 0.96875 0.96875
vt 0.96875 0.96875
vt 0.96875 0.96875
vt 0.96875 0.96875
vt 0.96875 0.96875
vt 0.96875 0.96875
vt 0.96875 0.96875
vt 0.96875 0.96875
vt 0.96875 0.96875
vt 0.96875 0.96875
vt 0.96875 0.96875
vt 0.96875 0.96875
vt 0.96875 0.96875
vt 0.96875 0.96875
vt 0.96875 0.96875
vt 0.96875 0.96875
vt 0.96875 0.96875
vt 0.96875 0.96875
vt 0.96875 0.96875
vt 0.96875 0.96875
vt 0.96875 0.96875
vt 0.96875 0.96875
vt 0.96875 0.96875
vt 0.96875 0.96875
vt 0.96875 0.96875
vt 0.96875 0.96875
vt 0.96875 0.96875
vt 0.96875 0.96875
vt 0.96875 0.96875
vt 0.96875 0.96875
vt 0.96875 0.96875
vt 0.96875 0.96875
vt 0.96875 0.96875
vt 0.96875 0.96875
vt 0.96875 0.96875
vt 0.96875 0.96875
vt 0.96875 0.96875
vt 0.96875 0.96875
vt 0.96875 0.96875
vt 0.96875 0.96875
vt 0.96875 0.96875
vt 0.96875 0.96875
vt 0.96875 0.96875
vt 0.96875 0.96875
vt 0.96875 0.96875
vt 0.96875 0.96875
vt 0.96875 0.96875
vt 0.96875 0.96875
vt 0.96875 0.96875
vt 0.96875 0.96875
vt 0.96875 0.96875
vt 0.96875 0.96875
vt 0.96875 0.96875
vt 0.96875 0.96875
vt 0.96875 0.96875
vt 0.96875 0.96875
vt 0.96875 0.96875
vt 0.96875 0.96875
vt 0.96875 0.96875
vt 0.96875 0.96875
vt 0.96875 0.96875
vt 0.96875 0.96875
vt 0.96875 0.96875
vt 0.96875 0.96875
vt 0.96875 0.96875
vt 0.96875 0.96875
vt 0.96875 0.96875
vt 0.96875 0.96875
vt 0.96875 0.96875
vt 0.96875 0.96875
vt 0.96875 0.96875
vt 0.96875 0.96875
vt 0.96875 0.96875
vn 1 0 0
vn 1 0 0
vn 1 0 0
vn 0 -1.2246467991473532e-16 -1
vn 0 -1.2246467991473532e-16 -1
vn 0 -1.2246467991473532e-16 -1
vn 0 -1.2246467991473532e-16 -1
vn 0 -1.2246467991473532e-16 -1
vn 0 -1.2246467991473532e-16 -1
vn 1 0 0
vn 1 0 0
vn 1 0 0
vn 0.6882472023959569 0.229415729164932 0.6882472023959569
vn 0.6882472023959569 0.229415729164932 0.6882472023959569
vn 0.6882472023959569 0.229415729164932 0.6882472023959569
vn 1 0 0
vn 1 0 0
vn 1 0 0
vn -1 0 0
vn -1 0 0
vn -1 0 0
vn -1 0 0
vn -1 0 0
vn -1 0 0
vn 0 1.2246467991473532e-16 1
vn 0 1.2246467991473532e-16 1
vn 0 1.2246467991473532e-16 1
vn 0 1.2246467991473532e-16 1
vn 0 1.2246467991473532e-16 1
vn 0 1.2246467991473532e-16 1
vn 0 1.2246467991473532e-16 1
vn 0 1.2246467991473532e-16 1
vn 0 1.2246467991473532e-16 1
vn 0 1.2246467991473532e-16 1
vn 0 1.2246467991473532e-16 1
vn -1 0 0
vn -1 0 0
vn -1 0 0
vn -1 0 0
vn -1 0 0
vn -1 0 0
vn -1 0 0
vn -1 0 0
vn -1 0 0
vn -1 0 0
vn -1 0 0
vn -1 0 0
vn 1 0 0
vn 1 0 0
vn 1 0 0
vn 1 0 0
vn 0 -1.2246467991473532e-16 -1
vn 0 -1.2246467991473532e-16 -1
vn 0 -1.2246467991473532e-16 -1
vn 0 -1.2246467991473532e-16 -1
vn 1 0 0
vn 1 0 0
vn 1 0 0
vn 1 0 0
vn 1 0 0
vn 1 0 0
vn 1 0 0
vn 1 0 0
vn 1 0 0
vn 1 0 0
vn 1 0 0
vn 1 0 0
vn 1 0 0
vn 1 0 0
vn 1 0 0
vn 1 0 0
vn 1 0 0
vn 1 0 0
vn 1 0 0
vn 1 0 0
vn -1 0 0
vn -1 0 0
vn -1 0 0
vn -1 0 0
vn 0 -1.2246467991473532e-16 -1
vn 0 -1.2246467991473532e-16 -1
vn 0 -1.2246467991473532e-16 -1
vn 0 -1.2246467991473532e-16 -1
vn 0 -1.2246467991473532e-16 -1
vn 0 -1.2246467991473532e-16 -1
vn 0 -1.2246467991473532e-16 -1
vn 0 -1.2246467991473532e-16 -1
vn -1 0 0
vn -1 0 0
vn -1 0 0
vn -1 0 0
vn 0 -1.2246467991473532e-16 -1
vn 0 -1.2246467991473532e-16 -1
vn 0 -1.2246467991473532e-16 -1
vn 0 -1.2246467991473532e-16 -1
vn -1 0 0
vn -1 0 0
vn -1 0 0
vn -1 0 0
vn -0.9363291751195385 0.3511234481204074 -4.3000220684623863e-17
vn -0.9363291751195385 0.3511234481204074 -4.3000220684623863e-17
vn -0.9363291751195385 0.3511234481204074 -4.3000220684623863e-17
vn -0.9363291751195385 0.3511234481204074 -4.3000220684623863e-17
vn 1 0 0
vn 1 0 0
vn 1 0 0
vn 1 0 0
vn -1 0 0
vn -1 0 0
vn -1 0 0
vn -1 0 0
vn -1 0 0
vn -1 0 0
vn -1 0 0
vn -1 0 0
vn 1 0 0
vn 1 0 0
vn 1 0 0
vn 1 0 0
vn 0 -1.2246467991473532e-16 -1
vn 0 -1.2246467991473532e-16 -1
vn 0 -1.2246467991473532e-16 -1
vn 0 -1.2246467991473532e-16 -1
vn -1 0 0
vn -1 0 0
vn -1 0 0
vn -1 0 0
vn 0 -1.2246467991473532e-16 -1
vn 0 -1.2246467991473532e-16 -1
vn 0 -1.2246467991473532e-16 -1
vn 0 -1.2246467991473532e-16 -1
vn 0 -1.2246467991473532e-16 -1
vn 0 -1.2246467991473532e-16 -1
vn 0 -1.2246467991473532e-16 -1
vn 0 -1.2246467991473532e-16 -1
vn -1 0 0
vn -1 0 0
vn -1 0 0
vn -1 0 0
vn 1 0 0
vn 1 0 0
vn 1 0 0
vn 1 0 0
vn 1 0 0
vn 1 0 0
vn 1 0 0
vn 1 0 0
vn 1 0 0
vn 1 0 0
vn 1 0 0
vn 1 0 0
vn -1 0 0
vn -1 0 0
vn -1 0 0
vn -1 0 0
vn 0 1.2246467991473532e-16 1
vn 0 1.2246467991473532e-16 1
vn 0 1.2246467991473532e-16 1
vn 0 1.2246467991473532e-16 1
vn 0 1.2246467991473532e-16 1
vn 0 1.2246467991473532e-16 1
vn 0 1.2246467991473532e-16 1
vn 0 1.2246467991473532e-16 1
vn -1 0 0
vn -1 0 0
vn -1 0 0
vn -1 0 0
vn 0 1.2246467991473532e-16 1
vn 0 1.2246467991473532e-16 1
vn 0 1.2246467991473532e-16 1
vn 0 1.2246467991473532e-16 1
vn 0 1.2246467991473532e-16 1
vn 0 1.2246467991473532e-16 1
vn 0 1.2246467991473532e-16 1
vn 0 1.2246467991473532e-16 1
vn 0 1.2246467991473532e-16 1
vn 0 1.2246467991473532e-16 1
vn 0 1.2246467991473532e-16 1
vn 0 1.2246467991473532e-16 1
vn 1 0 0
vn 1 0 0
vn 1 0 0
vn 1 0 0
vn -1 0 0
vn -1 0 0
vn -1 0 0
vn -1 0 0
vn 0 -1.2246467991473532e-16 -1
vn 0 -1.2246467991473532e-16 -1
vn 0 -1.2246467991473532e-16 -1
vn 0 -1.2246467991473532e-16 -1
f 3614/3614/3614 3613/3613/3613 3612/3612/3612
f 3617/3617/3617 3616/3616/3616 3615/3615/3615
f 3620/3620/3620 3619/3619/3619 3618/3618/3618
f 3623/3623/3623 3622/3622/3622 3621/3621/3621
f 3626/3626/3626 3625/3625/3625 3624/3624/3624
f 3629/3629/3629 3628/3628/3628 3627/3627/3627
f 3632/3632/3632 3631/3631/3631 3630/3630/3630
f 3635/3635/3635 3634/3634/3634 3633/3633/3633
f 3638/3638/3638 3637/3637/3637 3636/3636/3636
f 3641/3641/3641 3640/3640/3640 3639/3639/3639
f 3640/3640/3640 3641/3641/3641 3642/3642/3642
f 3645/3645/3645 3644/3644/3644 3643/3643/3643
f 3644/3644/3644 3645/3645/3645 3646/3646/3646
f 3649/3649/3649 3648/3648/3648 3647/3647/3647
f 3648/3648/3648 3649/3649/3649 3650/3650/3650
f 3653/3653/3653 3652/3652/3652 3651/3651/3651
f 3652/3652/3652 3653/3653/3653 3654/3654/3654
f 3657/3657/3657 3656/3656/3656 3655/3655/3655
f 3656/3656/3656 3657/3657/3657 3658/3658/3658
f 3661/3661/3661 3660/3660/3660 3659/3659/3659
f 3660/3660/3660 3661/3661/3661 3662/3662/3662
f 3665/3665/3665 3664/3664/3664 3663/3663/3663
f 3664/3664/3664 3665/3665/3665 3666/3666/3666
f 3669/3669/3669 3668/3668/3668 3667/3667/3667
f 3668/3668/3668 3669/3669/3669 3670/3670/3670
f 3673/3673/3673 3672/3672/3672 3671/3671/3671
f 3672/3672/3672 3673/3673/3673 3674/3674/3674
f 3677/3677/3677 3676/3676/3676 3675/3675/3675
f 3676/3676/3676 3677/3677/3677 3678/3678/3678
f 3681/3681/3681 3680/3680/3680 3679/3679/3679
f 3680/3680/3680 3681/3681/3681 3682/3682/3682
f 3685/3685/3685 3684/3684/3684 3683/3683/3683
f 3684/3684/3684 3685/3685/3685 3686/3686/3686
f 3689/3689/3689 3688/3688/3688 3687/3687/3687
f 3688/3688/3688 3689/3689/3689 3690/3690/3690
f 3693/3693/3693 3692/3692/3692 3691/3691/3691
f 3692/3692/3692 3693/3693/3693 3694/3694/3694
f 3697/3697/3697 3696/3696/3696 3695/3695/3695
f 3696/3696/3696 3697/3697/3697 3698/3698/3698
f 3701/3701/3701 3700/3700/3700 3699/3699/3699
f 3700/3700/3700 3701/3701/3701 3702/3702/3702
f 3705/3705/3705 3704/3704/3704 3703/3703/3703
f 3704/3704/3704 3705/3705/3705 3706/3706/3706
f 3709/3709/3709 3708/3708/3708 3707/3707/3707
f 3708/3708/3708 3709/3709/3709 3710/3710/3710
f 3713/3713/3713 3712/3712/3712 3711/3711/3711
f 3712/3712/3712 3713/3713/3713 3714/3714/3714
f 3717/3717/3717 3716/3716/3716 3715/3715/3715
f 3716/3716/3716 3717/3717/3717 3718/3718/3718
f 3721/3721/3721 3720/3720/3720 3719/3719/3719
f 3720/3720/3720 3721/3721/3721 3722/3722/3722
f 3725/3725/3725 3724/3724/3724 3723/3723/3723
f 3724/3724/3724 3725/3725/3725 3726/3726/3726
f 3729/3729/3729 3728/3728/3728 3727/3727/3727
f 3728/3728/3728 3729/3729/3729 3730/3730/3730
f 3733/3733/3733 3732/3732/3732 3731/3731/3731
f 3732/3732/3732 3733/3733/3733 3734/3734/3734
f 3737/3737/3737 3736/3736/3736 3735/3735/3735
f 3736/3736/3736 3737/3737/3737 3738/3738/3738
f 3741/3741/3741 3740/3740/3740 3739/3739/3739
f 3740/3740/3740 3741/3741/3741 3742/3742/3742
f 3745/3745/3745 3744/3744/3744 3743/3743/3743
f 3744/3744/3744 3745/3745/3745 3746/3746/3746
f 3749/3749/3749 3748/3748/3748 3747/3747/3747
f 3748/3748/3748 3749/3749/3749 3750/3750/3750
f 3753/3753/3753 3752/3752/3752 3751/3751/3751
f 3752/3752/3752 3753/3753/3753 3754/3754/3754
f 3757/3757/3757 3756/3756/3756 3755/3755/3755
f 3756/3756/3756 3757/3757/3757 3758/3758/3758
f 3761/3761/3761 3760/3760/3760 3759/3759/3759
f 3760/3760/3760 3761/3761/3761 3762/3762/3762
f 3765/3765/3765 3764/3764/3764 3763/3763/3763
f 3764/3764/3764 3765/3765/3765 3766/3766/3766
f 3769/3769/3769 3768/3768/3768 3767/3767/3767
f 3768/3768/3768 3769/3769/3769 3770/3770/3770
f 3773/3773/3773 3772/3772/3772 3771/3771/3771
f 3772/3772/3772 3773/3773/3773 3774/3774/3774
f 3777/3777/3777 3776/3776/3776 3775/3775/3775
f 3776/3776/3776 3777/3777/3777 3778/3778/3778
f 3781/3781/3781 3780/3780/3780 3779/3779/3779
f 3780/3780/3780 3781/3781/3781 3782/3782/3782
f 3785/3785/3785 3784/3784/3784 3783/3783/3783
f 3784/3784/3784 3785/3785/3785 3786/3786/3786
f 3789/3789/3789 3788/3788/3788 3787/3787/3787
f 3788/3788/3788 3789/3789/3789 3790/3790/3790
f 3793/3793/3793 3792/3792/3792 3791/3791/3791
f 3792/3792/3792 3793/3793/3793 3794/3794/3794
f 3797/3797/3797 3796/3796/3796 3795/3795/3795
f 3796/3796/3796 3797/3797/3797 3798/3798/3798
f 3801/3801/3801 3800/3800/3800 3799/3799/3799
f 3800/3800/3800 3801/3801/3801 3802/3802/3802
o mesh_52
usemtl mat11
v 25.6 51.2 -19.20000000000001
v 25.6 51.2 -12.800000000000008
v 25.6 44.800000000000004 -12.800000000000006
v 25.6 -1.5675479029086122e-15 -12.8
v 25.6 -2.3513218543629185e-15 -19.200000000000003
v 25.6 44.800000000000004 -12.800000000000006
v 25.6 51.2 -19.20000000000001
v 25.6 -2.3513218543629185e-15 -19.200000000000003
v 25.6 -3.1350958058172244e-15 -25.6
v 25.6 51.2 -19.20000000000001
v 25.6 51.2 -25.60000000000001
v 89.60000000000001 63.99999999999999 -51.20000000000001
v 89.60000000000001 63.99999999999999 -64.00000000000001
v 89.60000000000001 51.199999999999996 -51.20000000000001
v 89.60000000000001 51.199999999999996 -64
v 25.6 63.99999999999999 -64.00000000000001
v 25.6 63.99999999999999 -51.20000000000001
v 25.6 51.199999999999996 -64
v 25.6 51.199999999999996 -51.20000000000001
v 89.60000000000001 38.4 -51.20000000000001
v 89.60000000000001 51.199999999999996 -51.20000000000001
v 89.60000000000001 38.4 -64
v 89.60000000000001 51.199999999999996 -64
v 89.60000000000001 89.60000000000001 -54.40000000000002
v 89.60000000000001 89.6 -64.00000000000001
v 89.60000000000001 76.80000000000001 -54.40000000000001
v 89.60000000000001 76.8 -64.00000000000001
v 25.6 89.6 -64.00000000000001
v 25.6 102.39999999999999 -64.00000000000001
v 25.6 89.60000000000001 -51.20000000000002
v 25.6 102.4 -51.20000000000002
v 25.6 89.6 -64.00000000000001
v 25.6 76.8 -64.00000000000001
v 25.6 89.6 -76.80000000000003
v 25.6 76.8 -76.80000000000003
v 89.60000000000001 76.80000000000001 -54.40000000000001
v 89.60000000000001 76.8 -64.00000000000001
v 89.60000000000001 63.99999999999999 -51.20000000000001
v 89.60000000000001 63.99999999999999 -64.00000000000001
v 25.6 76.8 -64.00000000000001
v 25.6 76.80000000000001 -51.20000000000001
v 25.6 63.99999999999999 -64.00000000000001
v 25.6 63.99999999999999 -51.20000000000001
v 25.6 89.60000000000001 -51.20000000000002
v 25.6 76.80000000000001 -51.20000000000001
v 25.6 89.6 -64.00000000000001
v 25.6 76.8 -64.00000000000001
vt 0.96875 0.96875
vt 0.96875 0.96875
vt 0.96875 0.96875
vt 0.96875 0.96875
vt 0.96875 0.96875
vt 0.96875 0.96875
vt 0.96875 0.96875
vt 0.96875 0.96875
vt 0.96875 0.96875
vt 0.96875 0.96875
vt 0.96875 0.96875
vt 0.96875 0.96875
vt 0.96875 0.96875
vt 0.96875 0.96875
vt 0.96875 0.96875
vt 0.96875 0.96875
vt 0.96875 0.96875
vt 0.96875 0.96875
vt 0.96875 0.96875
vt 0.96875 0.96875
vt 0.96875 0.96875
vt 0.96875 0.96875
vt 0.96875 0.96875
vt 0.96875 0.96875
vt 0.96875 0.96875
vt 0.96875 0.96875
vt 0.96875 0.96875
vt 0.96875 0.96875
vt 0.96875 0.96875
vt 0.96875 0.96875
vt 0.96875 0.96875
vt 0.96875 0.96875
vt 0.96875 0.96875
vt 0.96875 0.96875
vt 0.96875 0.96875
vt 0.96875 0.96875
vt 0.96875 0.96875
vt 0.96875 0.96875
vt 0.96875 0.96875
vt 0.96875 0.96875
vt 0.96875 0.96875
vt 0.96875 0.96875
vt 0.96875 0.96875
vt 0.96875 0.96875
vt 0.96875 0.96875
vt 0.96875 0.96875
vt 0.96875 0.96875
vn -1 0 0
vn -1 0 0
vn -1 0 0
vn -1 0 0
vn -1 0 0
vn -1 0 0
vn -1 0 0
vn -1 0 0
vn -1 0 0
vn -1 0 0
vn -1 0 0
vn 1 0 0
vn 1 0 0
vn 1 0 0
vn 1 0 0
vn -1 0 0
vn -1 0 0
vn -1 0 0
vn -1 0 0
vn 1 0 0
vn 1 0 0
vn 1 0 0
vn 1 0 0
vn 1 0 0
vn 1 0 0
vn 1 0 0
vn 1 0 0
vn -1 0 0
vn -1 0 0
vn -1 0 0
vn -1 0 0
vn -1 0 0
vn -1 0 0
vn -1 0 0
vn -1 0 0
vn 1 0 0
vn 1 0 0
vn 1 0 0
vn 1 0 0
vn -1 0 0
vn -1 0 0
vn -1 0 0
vn -1 0 0
vn -1 0 0
vn -1 0 0
vn -1 0 0
vn -1 0 0
f 3805/3805/3805 3804/3804/3804 3803/3803/3803
f 3808/3808/3808 3807/3807/3807 3806/3806/3806
f 3807/3807/3807 3808/3808/3808 3809/3809/3809
f 3812/3812/3812 3811/3811/3811 3810/3810/3810
f 3811/3811/3811 3812/3812/3812 3813/3813/3813
f 3816/3816/3816 3815/3815/3815 3814/3814/3814
f 3815/3815/3815 3816/3816/3816 3817/3817/3817
f 3820/3820/3820 3819/3819/3819 3818/3818/3818
f 3819/3819/3819 3820/3820/3820 3821/3821/3821
f 3824/3824/3824 3823/3823/3823 3822/3822/3822
f 3823/3823/3823 3824/3824/3824 3825/3825/3825
f 3828/3828/3828 3827/3827/3827 3826/3826/3826
f 3827/3827/3827 3828/3828/3828 3829/3829/3829
f 3832/3832/3832 3831/3831/3831 3830/3830/3830
f 3831/3831/3831 3832/3832/3832 3833/3833/3833
f 3836/3836/3836 3835/3835/3835 3834/3834/3834
f 3835/3835/3835 3836/3836/3836 3837/3837/3837
f 3840/3840/3840 3839/3839/3839 3838/3838/3838
f 3839/3839/3839 3840/3840/3840 3841/3841/3841
f 3844/3844/3844 3843/3843/3843 3842/3842/3842
f 3843/3843/3843 3844/3844/3844 3845/3845/3845
f 3848/3848/3848 3847/3847/3847 3846/3846/3846
f 3847/3847/3847 3848/3848/3848 3849/3849/3849
o mesh_53
usemtl mat11
v 25.6 89.59999999999998 -249.60000000000002
v 25.6 89.59999999999998 -230.4
v 25.6 -3.0567184106717935e-14 -249.60000000000002
v 25.6 -2.821586225235502e-14 -230.4
v 89.60000000000001 166.39999999999998 -249.60000000000005
v 89.60000000000001 166.39999999999998 -230.40000000000003
v 76.80000000000001 166.39999999999998 -249.60000000000005
v 76.80000000000001 166.39999999999998 -230.40000000000003
v 89.60000000000001 89.59999999999998 -230.4
v 89.60000000000001 89.59999999999998 -249.60000000000002
v 89.60000000000001 -2.821586225235502e-14 -230.4
v 89.60000000000001 -3.0567184106717935e-14 -249.60000000000002
v 76.80000000000001 166.39999999999998 -249.60000000000005
v 76.80000000000001 166.39999999999998 -230.40000000000003
v 64 166.39999999999998 -249.60000000000005
v 64 166.39999999999998 -230.40000000000003
v 64 166.39999999999998 -249.60000000000005
v 64 166.39999999999998 -230.40000000000003
v 51.2 166.39999999999998 -249.60000000000005
v 51.2 166.39999999999998 -230.40000000000003
v 38.400000000000006 166.39999999999998 -249.60000000000005
v 38.400000000000006 166.39999999999998 -230.40000000000003
v 25.6 166.39999999999998 -249.60000000000005
v 25.6 166.39999999999998 -230.40000000000003
v 25.6 102.39999999999998 -249.60000000000002
v 25.6 102.39999999999998 -230.4
v 25.6 89.59999999999998 -249.60000000000002
v 25.6 89.59999999999998 -230.4
v 51.2 166.39999999999998 -249.60000000000005
v 51.2 166.39999999999998 -230.40000000000003
v 38.400000000000006 166.39999999999998 -249.60000000000005
v 38.400000000000006 166.39999999999998 -230.40000000000003
v 89.60000000000001 102.39999999999998 -230.4
v 89.60000000000001 102.39999999999998 -249.60000000000002
v 89.60000000000001 89.59999999999998 -230.4
v 89.60000000000001 89.59999999999998 -249.60000000000002
v 25.6 166.39999999999998 -249.60000000000005
v 25.6 166.39999999999998 -230.40000000000003
v 25.6 140.79999999999998 -249.60000000000005
v 25.6 140.79999999999998 -230.40000000000003
v 89.60000000000001 115.19999999999997 -230.4
v 89.60000000000001 115.19999999999997 -249.60000000000002
v 89.60000000000001 102.39999999999998 -230.4
v 89.60000000000001 102.39999999999998 -249.60000000000002
v 89.60000000000001 166.39999999999998 -230.40000000000003
v 89.60000000000001 166.39999999999998 -249.60000000000005
v 89.60000000000001 140.79999999999998 -230.40000000000003
v 89.60000000000001 140.79999999999998 -249.60000000000005
v 25.6 115.19999999999997 -249.60000000000002
v 25.6 115.19999999999997 -230.4
v 25.6 102.39999999999998 -249.60000000000002
v 25.6 102.39999999999998 -230.4
v 89.60000000000001 140.79999999999998 -230.40000000000003
v 89.60000000000001 140.79999999999998 -249.60000000000005
v 89.60000000000001 115.19999999999997 -230.4
v 89.60000000000001 115.19999999999997 -249.60000000000002
v 25.6 140.79999999999998 -249.60000000000005
v 25.6 140.79999999999998 -230.40000000000003
v 25.6 115.19999999999997 -249.60000000000002
v 25.6 115.19999999999997 -230.4
vt 0.96875 0.96875
vt 0.96875 0.96875
vt 0.96875 0.96875
vt 0.96875 0.96875
vt 0.96875 0.96875
vt 0.96875 0.96875
vt 0.96875 0.96875
vt 0.96875 0.96875
vt 0.96875 0.96875
vt 0.96875 0.96875
vt 0.96875 0.96875
vt 0.96875 0.96875
vt 0.96875 0.96875
vt 0.96875 0.96875
vt 0.96875 0.96875
vt 0.96875 0.96875
vt 0.96875 0.96875
vt 0.96875 0.96875
vt 0.96875 0.96875
vt 0.96875 0.96875
vt 0.96875 0.96875
vt 0.96875 0.96875
vt 0.96875 0.96875
vt 0.96875 0.96875
vt 0.96875 0.96875
vt 0.96875 0.96875
vt 0.96875 0.96875
vt 0.96875 0.96875
vt 0.96875 0.96875
vt 0.96875 0.96875
vt 0.96875 0.96875
vt 0.96875 0.96875
vt 0.96875 0.96875
vt 0.96875 0.96875
vt 0.96875 0.96875
vt 0.96875 0.96875
vt 0.96875 0.96875
vt 0.96875 0.96875
vt 0.96875 0.96875
vt 0.96875 0.96875
vt 0.96875 0.96875
vt 0.96875 0.96875
vt 0.96875 0.96875
vt 0.96875 0.96875
vt 0.96875 0.96875
vt 0.96875 0.96875
vt 0.96875 0.96875
vt 0.96875 0.96875
vt 0.96875 0.96875
vt 0.96875 0.96875
vt 0.96875 0.96875
vt 0.96875 0.96875
vt 0.96875 0.96875
vt 0.96875 0.96875
vt 0.96875 0.96875
vt 0.96875 0.96875
vt 0.96875 0.96875
vt 0.96875 0.96875
vt 0.96875 0.96875
vt 0.96875 0.96875
vn -1 0 0
vn -1 0 0
vn -1 0 0
vn -1 0 0
vn 0 1 -1.2246467991473532e-16
vn 0 1 -1.2246467991473532e-16
vn 0 1 -1.2246467991473532e-16
vn 0 1 -1.2246467991473532e-16
vn 1 0 0
vn 1 0 0
vn 1 0 0
vn 1 0 0
vn 0 1 -1.2246467991473532e-16
vn 0 1 -1.2246467991473532e-16
vn 0 1 -1.2246467991473532e-16
vn 0 1 -1.2246467991473532e-16
vn 0 1 -1.2246467991473532e-16
vn 0 1 -1.2246467991473532e-16
vn 0 1 -1.2246467991473532e-16
vn 0 1 -1.2246467991473532e-16
vn 0 1 -1.2246467991473532e-16
vn 0 1 -1.2246467991473532e-16
vn 0 1 -1.2246467991473532e-16
vn 0 1 -1.2246467991473532e-16
vn -1 0 0
vn -1 0 0
vn -1 0 0
vn -1 0 0
vn 0 1 -1.2246467991473532e-16
vn 0 1 -1.2246467991473532e-16
vn 0 1 -1.2246467991473532e-16
vn 0 1 -1.2246467991473532e-16
vn 1 0 0
vn 1 0 0
vn 1 0 0
vn 1 0 0
vn -1 0 0
vn -1 0 0
vn -1 0 0
vn -1 0 0
vn 1 0 0
vn 1 0 0
vn 1 0 0
vn 1 0 0
vn 1 0 0
vn 1 0 0
vn 1 0 0
vn 1 0 0
vn -1 0 0
vn -1 0 0
vn -1 0 0
vn -1 0 0
vn 1 0 0
vn 1 0 0
vn 1 0 0
vn 1 0 0
vn -1 0 0
vn -1 0 0
vn -1 0 0
vn -1 0 0
f 3852/3852/3852 3851/3851/3851 3850/3850/3850
f 3851/3851/3851 3852/3852/3852 3853/3853/3853
f 3856/3856/3856 3855/3855/3855 3854/3854/3854
f 3855/3855/3855 3856/3856/3856 3857/3857/3857
f 3860/3860/3860 3859/3859/3859 3858/3858/3858
f 3859/3859/3859 3860/3860/3860 3861/3861/3861
f 3864/3864/3864 3863/3863/3863 3862/3862/3862
f 3863/3863/3863 3864/3864/3864 3865/3865/3865
f 3868/3868/3868 3867/3867/3867 3866/3866/3866
f 3867/3867/3867 3868/3868/3868 3869/3869/3869
f 3872/3872/3872 3871/3871/3871 3870/3870/3870
f 3871/3871/3871 3872/3872/3872 3873/3873/3873
f 3876/3876/3876 3875/3875/3875 3874/3874/3874
f 3875/3875/3875 3876/3876/3876 3877/3877/3877
f 3880/3880/3880 3879/3879/3879 3878/3878/3878
f 3879/3879/3879 3880/3880/3880 3881/3881/3881
f 3884/3884/3884 3883/3883/3883 3882/3882/3882
f 3883/3883/3883 3884/3884/3884 3885/3885/3885
f 3888/3888/3888 3887/3887/3887 3886/3886/3886
f 3887/3887/3887 3888/3888/3888 3889/3889/3889
f 3892/3892/3892 3891/3891/3891 3890/3890/3890
f 3891/3891/3891 3892/3892/3892 3893/3893/3893
f 3896/3896/3896 3895/3895/3895 3894/3894/3894
f 3895/3895/3895 3896/3896/3896 3897/3897/3897
f 3900/3900/3900 3899/3899/3899 3898/3898/3898
f 3899/3899/3899 3900/3900/3900 3901/3901/3901
f 3904/3904/3904 3903/3903/3903 3902/3902/3902
f 3903/3903/3903 3904/3904/3904 3905/3905/3905
f 3908/3908/3908 3907/3907/3907 3906/3906/3906
f 3907/3907/3907 3908/3908/3908 3909/3909/3909
o mesh_54
usemtl mat11
v 89.60000000000001 89.59999999999998 -230.4
v 89.60000000000001 -2.821586225235502e-14 -230.4
v 153.60000000000002 89.59999999999998 -230.4
v 153.60000000000002 -2.821586225235502e-14 -230.4
v 89.60000000000001 102.39999999999998 -230.4
v 89.60000000000001 89.59999999999998 -230.4
v 153.60000000000002 102.39999999999998 -230.4
v 153.60000000000002 89.59999999999998 -230.4
v 89.60000000000001 115.19999999999997 -230.4
v 89.60000000000001 102.39999999999998 -230.4
v 153.60000000000002 115.19999999999997 -230.4
v 153.60000000000002 102.39999999999998 -230.4
v 153.60000000000002 166.39999999999998 -147.20000000000005
v 153.60000000000002 166.39999999999998 -128.00000000000003
v 102.4 166.39999999999998 -147.20000000000005
v 128 166.39999999999998 -128.00000000000003
v 89.60000000000001 140.79999999999998 -230.40000000000003
v 89.60000000000001 115.19999999999997 -230.4
v 153.60000000000002 140.79999999999998 -230.40000000000003
v 153.60000000000002 115.19999999999997 -230.4
v 89.60000000000001 140.79999999999998 -230.40000000000003
v 153.60000000000002 140.79999999999998 -230.40000000000003
v 89.60000000000001 166.39999999999998 -230.40000000000003
v 153.60000000000002 166.39999999999998 -230.40000000000003
v 153.60000000000002 166.39999999999998 -204.80000000000004
v 153.60000000000002 166.39999999999998 -192.00000000000003
v 89.60000000000001 166.39999999999998 -204.80000000000004
v 89.60000000000001 166.39999999999998 -192.00000000000003
v 153.60000000000002 166.39999999999998 -217.60000000000005
v 153.60000000000002 166.39999999999998 -204.80000000000004
v 89.60000000000001 166.39999999999998 -217.60000000000005
v 89.60000000000001 166.39999999999998 -204.80000000000004
v 153.60000000000002 166.39999999999998 -230.40000000000003
v 153.60000000000002 166.39999999999998 -217.60000000000005
v 89.60000000000001 166.39999999999998 -230.40000000000003
v 89.60000000000001 166.39999999999998 -217.60000000000005
v 102.4 159.99999999999997 -166.40000000000003
v 89.60000000000001 166.39999999999998 -192.00000000000003
v 153.60000000000002 159.99999999999997 -166.40000000000003
v 153.60000000000002 166.39999999999998 -192.00000000000003
v 102.4 166.39999999999998 -147.20000000000005
v 102.4 159.99999999999997 -166.40000000000003
v 153.60000000000002 166.39999999999998 -147.20000000000005
v 153.60000000000002 159.99999999999997 -166.40000000000003
vt 0.96875 0.96875
vt 0.96875 0.96875
vt 0.96875 0.96875
vt 0.96875 0.96875
vt 0.96875 0.96875
vt 0.96875 0.96875
vt 0.96875 0.96875
vt 0.96875 0.96875
vt 0.96875 0.96875
vt 0.96875 0.96875
vt 0.96875 0.96875
vt 0.96875 0.96875
vt 0.96875 0.96875
vt 0.96875 0.96875
vt 0.96875 0.96875
vt 0.96875 0.96875
vt 0.96875 0.96875
vt 0.96875 0.96875
vt 0.96875 0.96875
vt 0.96875 0.96875
vt 0.96875 0.96875
vt 0.96875 0.96875
vt 0.96875 0.96875
vt 0.96875 0.96875
vt 0.96875 0.96875
vt 0.96875 0.96875
vt 0.96875 0.96875
vt 0.96875 0.96875
vt 0.96875 0.96875
vt 0.96875 0.96875
vt 0.96875 0.96875
vt 0.96875 0.96875
vt 0.96875 0.96875
vt 0.96875 0.96875
vt 0.96875 0.96875
vt 0.96875 0.96875
vt 0.96875 0.96875
vt 0.96875 0.96875
vt 0.96875 0.96875
vt 0.96875 0.96875
vt 0.96875 0.96875
vt 0.96875 0.96875
vt 0.96875 0.96875
vt 0.96875 0.96875
vn 0 -1.2246467991473532e-16 -1
vn 0 -1.2246467991473532e-16 -1
vn 0 -1.2246467991473532e-16 -1
vn 0 -1.2246467991473532e-16 -1
vn 0 -1.2246467991473532e-16 -1
vn 0 -1.2246467991473532e-16 -1
vn 0 -1.2246467991473532e-16 -1
vn 0 -1.2246467991473532e-16 -1
vn 0 -1.2246467991473532e-16 -1
vn 0 -1.2246467991473532e-16 -1
vn 0 -1.2246467991473532e-16 -1
vn 0 -1.2246467991473532e-16 -1
vn 0 1 -1.2246467991473532e-16
vn 0 1 -1.2246467991473532e-16
vn 0 1 -1.2246467991473532e-16
vn 0 1 -1.2246467991473532e-16
vn 0 -1.2246467991473532e-16 -1
vn 0 -1.2246467991473532e-16 -1
vn 0 -1.2246467991473532e-16 -1
vn 0 -1.2246467991473532e-16 -1
vn 0 -1.2246467991473532e-16 -1
vn 0 -1.2246467991473532e-16 -1
vn 0 -1.2246467991473532e-16 -1
vn 0 -1.2246467991473532e-16 -1
vn 0 1 -1.2246467991473532e-16
vn 0 1 -1.2246467991473532e-16
vn 0 1 -1.2246467991473532e-16
vn 0 1 -1.2246467991473532e-16
vn 0 1 -1.2246467991473532e-16
vn 0 1 -1.2246467991473532e-16
vn 0 1 -1.2246467991473532e-16
vn 0 1 -1.2246467991473532e-16
vn 0 1 -1.2246467991473532e-16
vn 0 1 -1.2246467991473532e-16
vn 0 1 -1.2246467991473532e-16
vn 0 1 -1.2246467991473532e-16
vn 0 0.9701425001453319 0.24253562503633283
vn 0 0.9701425001453319 0.24253562503633283
vn 0 0.9701425001453319 0.24253562503633283
vn 0 0.9701425001453319 0.24253562503633283
vn 0 0.9486833010307459 -0.31622775707614154
vn 0 0.9486833010307459 -0.31622775707614154
vn 0 0.9486833010307459 -0.31622775707614154
vn 0 0.9486833010307459 -0.31622775707614154
f 3912/3912/3912 3911/3911/3911 3910/3910/3910
f 3911/3911/3911 3912/3912/3912 3913/3913/3913
f 3916/3916/3916 3915/3915/3915 3914/3914/3914
f 3915/3915/3915 3916/3916/3916 3917/3917/3917
f 3920/3920/3920 3919/3919/3919 3918/3918/3918
f 3919/3919/3919 3920/3920/3920 3921/3921/3921
f 3924/3924/3924 3923/3923/3923 3922/3922/3922
f 3923/3923/3923 3924/3924/3924 3925/3925/3925
f 3928/3928/3928 3927/3927/3927 3926/3926/3926
f 3927/3927/3927 3928/3928/3928 3929/3929/3929
f 3932/3932/3932 3931/3931/3931 3930/3930/3930
f 3931/3931/3931 3932/3932/3932 3933/3933/3933
f 3936/3936/3936 3935/3935/3935 3934/3934/3934
f 3935/3935/3935 3936/3936/3936 3937/3937/3937
f 3940/3940/3940 3939/3939/3939 3938/3938/3938
f 3939/3939/3939 3940/3940/3940 3941/3941/3941
f 3944/3944/3944 3943/3943/3943 3942/3942/3942
f 3943/3943/3943 3944/3944/3944 3945/3945/3945
f 3948/3948/3948 3947/3947/3947 3946/3946/3946
f 3947/3947/3947 3948/3948/3948 3949/3949/3949
f 3952/3952/3952 3951/3951/3951 3950/3950/3950
f 3951/3951/3951 3952/3952/3952 3953/3953/3953
o mesh_55
usemtl mat11
v 89.60000000000001 153.60000000000002 -25.60000000000002
v 89.60000000000001 153.60000000000002 -38.40000000000003
v 102.4 153.60000000000002 -38.40000000000003
v 153.60000000000002 153.60000000000002 -38.40000000000003
v 102.4 153.60000000000002 -38.40000000000003
v 102.4 153.60000000000002 -46.40000000000003
v 89.60000000000001 128 -1.567547902908612e-14
v 89.60000000000001 153.60000000000002 -1.8810574834903348e-14
v 153.60000000000002 128 -1.567547902908612e-14
v 153.60000000000002 153.60000000000002 -1.8810574834903348e-14
v 102.4 153.60000000000002 -38.40000000000003
v 89.60000000000001 153.60000000000002 -38.40000000000003
v 102.4 153.60000000000002 -46.40000000000003
v 89.60000000000001 153.60000000000002 -46.40000000000003
v 102.4 153.60000000000002 -38.40000000000003
v 153.60000000000002 153.60000000000002 -38.40000000000003
v 89.60000000000001 153.60000000000002 -25.60000000000002
v 153.60000000000002 153.60000000000002 -25.60000000000002
v 89.60000000000001 102.4 -1.2540383223268897e-14
v 89.60000000000001 128 -1.567547902908612e-14
v 153.60000000000002 102.4 -1.2540383223268897e-14
v 153.60000000000002 128 -1.567547902908612e-14
v 153.60000000000002 153.60000000000002 -25.60000000000002
v 153.60000000000002 153.60000000000002 -12.80000000000002
v 89.60000000000001 153.60000000000002 -25.60000000000002
v 89.60000000000001 153.60000000000002 -12.80000000000002
v 89.60000000000001 76.80000000000001 -9.405287417451674e-15
v 89.60000000000001 102.4 -1.2540383223268897e-14
v 153.60000000000002 76.80000000000001 -9.405287417451674e-15
v 153.60000000000002 102.4 -1.2540383223268897e-14
v 153.60000000000002 153.60000000000002 -12.80000000000002
v 153.60000000000002 153.60000000000002 -1.8810574834903348e-14
v 89.60000000000001 153.60000000000002 -12.80000000000002
v 89.60000000000001 153.60000000000002 -1.8810574834903348e-14
v 89.60000000000001 51.2 -6.270191611634449e-15
v 89.60000000000001 76.80000000000001 -9.405287417451674e-15
v 153.60000000000002 51.2 -6.270191611634449e-15
v 153.60000000000002 76.80000000000001 -9.405287417451674e-15
v 89.60000000000001 38.400000000000006 -4.702643708725837e-15
v 89.60000000000001 51.2 -6.270191611634449e-15
v 153.60000000000002 38.400000000000006 -4.702643708725837e-15
v 153.60000000000002 51.2 -6.270191611634449e-15
v 153.60000000000002 38.400000000000006 -4.702643708725837e-15
v 153.60000000000002 0 0
v 89.60000000000001 38.400000000000006 -4.702643708725837e-15
v 89.60000000000001 0 0
v 102.4 153.60000000000002 -46.40000000000003
v 128 153.60000000000002 -84.00000000000001
v 153.60000000000002 153.60000000000002 -38.40000000000003
v 153.60000000000002 153.60000000000002 -90.40000000000002
vt 0.96875 0.96875
vt 0.96875 0.96875
vt 0.96875 0.96875
vt 0.96875 0.96875
vt 0.96875 0.96875
vt 0.96875 0.96875
vt 0.96875 0.96875
vt 0.96875 0.96875
vt 0.96875 0.96875
vt 0.96875 0.96875
vt 0.96875 0.96875
vt 0.96875 0.96875
vt 0.96875 0.96875
vt 0.96875 0.96875
vt 0.96875 0.96875
vt 0.96875 0.96875
vt 0.96875 0.96875
vt 0.96875 0.96875
vt 0.96875 0.96875
vt 0.96875 0.96875
vt 0.96875 0.96875
vt 0.96875 0.96875
vt 0.96875 0.96875
vt 0.96875 0.96875
vt 0.96875 0.96875
vt 0.96875 0.96875
vt 0.96875 0.96875
vt 0.96875 0.96875
vt 0.96875 0.96875
vt 0.96875 0.96875
vt 0.96875 0.96875
vt 0.96875 0.96875
vt 0.96875 0.96875
vt 0.96875 0.96875
vt 0.96875 0.96875
vt 0.96875 0.96875
vt 0.96875 0.96875
vt 0.96875 0.96875
vt 0.96875 0.96875
vt 0.96875 0.96875
vt 0.96875 0.96875
vt 0.96875 0.96875
vt 0.96875 0.96875
vt 0.96875 0.96875
vt 0.96875 0.96875
vt 0.96875 0.96875
vt 0.96875 0.96875
vt 0.96875 0.96875
vt 0.96875 0.96875
vt 0.96875 0.96875
vn 0 1 -1.2246467991473532e-16
vn 0 1 -1.2246467991473532e-16
vn 0 1 -1.2246467991473532e-16
vn 0 1 -1.2246467991473532e-16
vn 0 1 -1.2246467991473532e-16
vn 0 1 -1.2246467991473532e-16
vn 0 1.2246467991473532e-16 1
vn 0 1.2246467991473532e-16 1
vn 0 1.2246467991473532e-16 1
vn 0 1.2246467991473532e-16 1
vn 0 1 -1.2246467991473532e-16
vn 0 1 -1.2246467991473532e-16
vn 0 1 -1.2246467991473532e-16
vn 0 1 -1.2246467991473532e-16
vn 0 1 -1.2246467991473532e-16
vn 0 1 -1.2246467991473532e-16
vn 0 1 -1.2246467991473532e-16
vn 0 1 -1.2246467991473532e-16
vn 0 1.2246467991473532e-16 1
vn 0 1.2246467991473532e-16 1
vn 0 1.2246467991473532e-16 1
vn 0 1.2246467991473532e-16 1
vn 0 1 -1.2246467991473532e-16
vn 0 1 -1.2246467991473532e-16
vn 0 1 -1.2246467991473532e-16
vn 0 1 -1.2246467991473532e-16
vn 0 1.2246467991473532e-16 1
vn 0 1.2246467991473532e-16 1
vn 0 1.2246467991473532e-16 1
vn 0 1.2246467991473532e-16 1
vn 0 1 -1.2246467991473532e-16
vn 0 1 -1.2246467991473532e-16
vn 0 1 -1.2246467991473532e-16
vn 0 1 -1.2246467991473532e-16
vn 0 1.2246467991473532e-16 1
vn 0 1.2246467991473532e-16 1
vn 0 1.2246467991473532e-16 1
vn 0 1.2246467991473532e-16 1
vn 0 1.2246467991473532e-16 1
vn 0 1.2246467991473532e-16 1
vn 0 1.2246467991473532e-16 1
vn 0 1.2246467991473532e-16 1
vn 0 1.2246467991473532e-16 1
vn 0 1.2246467991473532e-16 1
vn 0 1.2246467991473532e-16 1
vn 0 1.2246467991473532e-16 1
vn 0 1 -1.2246467991473532e-16
vn 0 1 -1.2246467991473532e-16
vn 0 1 -1.2246467991473532e-16
vn 0 1 -1.2246467991473532e-16
f 3956/3956/3956 3955/3955/3955 3954/3954/3954
f 3959/3959/3959 3958/3958/3958 3957/3957/3957
f 3962/3962/3962 3961/3961/3961 3960/3960/3960
f 3961/3961/3961 3962/3962/3962 3963/3963/3963
f 3966/3966/3966 3965/3965/3965 3964/3964/3964
f 3965/3965/3965 3966/3966/3966 3967/3967/3967
f 3970/3970/3970 3969/3969/3969 3968/3968/3968
f 3969/3969/3969 3970/3970/3970 3971/3971/3971
f 3974/3974/3974 3973/3973/3973 3972/3972/3972
f 3973/3973/3973 3974/3974/3974 3975/3975/3975
f 3978/3978/3978 3977/3977/3977 3976/3976/3976
f 3977/3977/3977 3978/3978/3978 3979/3979/3979
f 3982/3982/3982 3981/3981/3981 3980/3980/3980
f 3981/3981/3981 3982/3982/3982 3983/3983/3983
f 3986/3986/3986 3985/3985/3985 3984/3984/3984
f 3985/3985/3985 3986/3986/3986 3987/3987/3987
f 3990/3990/3990 3989/3989/3989 3988/3988/3988
f 3989/3989/3989 3990/3990/3990 3991/3991/3991
f 3994/3994/3994 3993/3993/3993 3992/3992/3992
f 3993/3993/3993 3994/3994/3994 3995/3995/3995
f 3998/3998/3998 3997/3997/3997 3996/3996/3996
f 3997/3997/3997 3998/3998/3998 3999/3999/3999
f 4002/4002/4002 4001/4001/4001 4000/4000/4000
f 4001/4001/4001 4002/4002/4002 4003/4003/4003
o mesh_56
usemtl mat11
v -25.6 153.60000000000002 -80.00000000000001
v 0 153.60000000000002 -89.60000000000002
v 0 153.60000000000002 -51.200000000000024
v 0 153.60000000000002 -51.200000000000024
v 19.200000000000003 153.60000000000002 -76.80000000000003
v 25.6 153.60000000000002 -51.200000000000024
v 0 153.60000000000002 -89.60000000000002
v 19.200000000000003 153.60000000000002 -76.80000000000003
v 0 153.60000000000002 -51.200000000000024
v 0 153.60000000000002 -51.200000000000024
v -25.6 153.60000000000002 -38.40000000000003
v -25.6 153.60000000000002 -80.00000000000001
v 25.6 44.800000000000004 -5.486417660180143e-15
v 25.6 0 0
v -25.6 44.800000000000004 -5.486417660180143e-15
v -25.6 0 0
v -25.6 44.800000000000004 -5.486417660180143e-15
v -25.6 51.2 -6.270191611634449e-15
v 25.6 44.800000000000004 -5.486417660180143e-15
v 25.6 51.2 -6.270191611634449e-15
v -25.6 128 -1.567547902908612e-14
v -25.6 153.60000000000002 -1.8810574834903348e-14
v 25.6 128 -1.567547902908612e-14
v 25.6 153.60000000000002 -1.8810574834903348e-14
v 25.6 153.60000000000002 -51.200000000000024
v 25.6 153.60000000000002 -38.40000000000003
v 0 153.60000000000002 -51.200000000000024
v -25.6 153.60000000000002 -38.40000000000003
v 25.6 153.60000000000002 -38.40000000000003
v 25.6 153.60000000000002 -25.60000000000002
v -25.6 153.60000000000002 -38.40000000000003
v -25.6 153.60000000000002 -25.60000000000002
v -25.6 64 -7.83773951454306e-15
v -25.6 76.80000000000001 -9.405287417451674e-15
v 25.6 64 -7.83773951454306e-15
v 25.6 76.80000000000001 -9.405287417451674e-15
v 25.6 153.60000000000002 -25.60000000000002
v 25.6 153.60000000000002 -12.80000000000002
v -25.6 153.60000000000002 -25.60000000000002
v -25.6 153.60000000000002 -12.80000000000002
v -25.6 102.4 -1.2540383223268897e-14
v -25.6 128 -1.567547902908612e-14
v 25.6 102.4 -1.2540383223268897e-14
v 25.6 128 -1.567547902908612e-14
v 25.6 153.60000000000002 -12.80000000000002
v 25.6 153.60000000000002 -1.8810574834903348e-14
v -25.6 153.60000000000002 -12.80000000000002
v -25.6 153.60000000000002 -1.8810574834903348e-14
v -25.6 102.4 -1.2540383223268897e-14
v 25.6 102.4 -1.2540383223268897e-14
v -25.6 76.80000000000001 -9.405287417451674e-15
v 25.6 76.80000000000001 -9.405287417451674e-15
v 25.6 64 -7.83773951454306e-15
v 25.6 51.2 -6.270191611634449e-15
v -25.6 64 -7.83773951454306e-15
v -25.6 51.2 -6.270191611634449e-15
vt 0.96875 0.96875
vt 0.96875 0.96875
vt 0.96875 0.96875
vt 0.96875 0.96875
vt 0.96875 0.96875
vt 0.96875 0.96875
vt 0.96875 0.96875
vt 0.96875 0.96875
vt 0.96875 0.96875
vt 0.96875 0.96875
vt 0.96875 0.96875
vt 0.96875 0.96875
vt 0.96875 0.96875
vt 0.96875 0.96875
vt 0.96875 0.96875
vt 0.96875 0.96875
vt 0.96875 0.96875
vt 0.96875 0.96875
vt 0.96875 0.96875
vt 0.96875 0.96875
vt 0.96875 0.96875
vt 0.96875 0.96875
vt 0.96875 0.96875
vt 0.96875 0.96875
vt 0.96875 0.96875
vt 0.96875 0.96875
vt 0.96875 0.96875
vt 0.96875 0.96875
vt 0.96875 0.96875
vt 0.96875 0.96875
vt 0.96875 0.96875
vt 0.96875 0.96875
vt 0.96875 0.96875
vt 0.96875 0.96875
vt 0.96875 0.96875
vt 0.96875 0.96875
vt 0.96875 0.96875
vt 0.96875 0.96875
vt 0.96875 0.96875
vt 0.96875 0.96875
vt 0.96875 0.96875
vt 0.96875 0.96875
vt 0.96875 0.96875
vt 0.96875 0.96875
vt 0.96875 0.96875
vt 0.96875 0.96875
vt 0.96875 0.96875
vt 0.96875 0.96875
vt 0.96875 0.96875
vt 0.96875 0.96875
vt 0.96875 0.96875
vt 0.96875 0.96875
vt 0.96875 0.96875
vt 0.96875 0.96875
vt 0.96875 0.96875
vt 0.96875 0.96875
vn 0 1 -1.2246467991473532e-16
vn 0 1 -1.2246467991473532e-16
vn 0 1 -1.2246467991473532e-16
vn 0 1 -1.2246467991473532e-16
vn 0 1 -1.2246467991473532e-16
vn 0 1 -1.2246467991473532e-16
vn 0 1 -1.2246467991473532e-16
vn 0 1 -1.2246467991473532e-16
vn 0 1 -1.2246467991473532e-16
vn 0 1 -1.2246467991473532e-16
vn 0 1 -1.2246467991473532e-16
vn 0 1 -1.2246467991473532e-16
vn 0 1.2246467991473532e-16 1
vn 0 1.2246467991473532e-16 1
vn 0 1.2246467991473532e-16 1
vn 0 1.2246467991473532e-16 1
vn 0 1.2246467991473532e-16 1
vn 0 1.2246467991473532e-16 1
vn 0 1.2246467991473532e-16 1
vn 0 1.2246467991473532e-16 1
vn 0 1.2246467991473532e-16 1
vn 0 1.2246467991473532e-16 1
vn 0 1.2246467991473532e-16 1
vn 0 1.2246467991473532e-16 1
vn 0 1 -1.2246467991473532e-16
vn 0 1 -1.2246467991473532e-16
vn 0 1 -1.2246467991473532e-16
vn 0 1 -1.2246467991473532e-16
vn 0 1 -1.2246467991473532e-16
vn 0 1 -1.2246467991473532e-16
vn 0 1 -1.2246467991473532e-16
vn 0 1 -1.2246467991473532e-16
vn 0 1.2246467991473532e-16 1
vn 0 1.2246467991473532e-16 1
vn 0 1.2246467991473532e-16 1
vn 0 1.2246467991473532e-16 1
vn 0 1 -1.2246467991473532e-16
vn 0 1 -1.2246467991473532e-16
vn 0 1 -1.2246467991473532e-16
vn 0 1 -1.2246467991473532e-16
vn 0 1.2246467991473532e-16 1
vn 0 1.2246467991473532e-16 1
vn 0 1.2246467991473532e-16 1
vn 0 1.2246467991473532e-16 1
vn 0 1 -1.2246467991473532e-16
vn 0 1 -1.2246467991473532e-16
vn 0 1 -1.2246467991473532e-16
vn 0 1 -1.2246467991473532e-16
vn 0 1.2246467991473532e-16 1
vn 0 1.2246467991473532e-16 1
vn 0 1.2246467991473532e-16 1
vn 0 1.2246467991473532e-16 1
vn 0 1.2246467991473532e-16 1
vn 0 1.2246467991473532e-16 1
vn 0 1.2246467991473532e-16 1
vn 0 1.2246467991473532e-16 1
f 4006/4006/4006 4005/4005/4005 4004/4004/4004
f 4009/4009/4009 4008/4008/4008 4007/4007/4007
f 4012/4012/4012 4011/4011/4011 4010/4010/4010
f 4015/4015/4015 4014/4014/4014 4013/4013/4013
f 4018/4018/4018 4017/4017/4017 4016/4016/4016
f 4017/4017/4017 4018/4018/4018 4019/4019/4019
f 4022/4022/4022 4021/4021/4021 4020/4020/4020
f 4021/4021/4021 4022/4022/4022 4023/4023/4023
f 4026/4026/4026 4025/4025/4025 4024/4024/4024
f 4025/4025/4025 4026/4026/4026 4027/4027/4027
f 4030/4030/4030 4029/4029/4029 4028/4028/4028
f 4029/4029/4029 4030/4030/4030 4031/4031/4031
f 4034/4034/4034 4033/4033/4033 4032/4032/4032
f 4033/4033/4033 4034/4034/4034 4035/4035/4035
f 4038/4038/4038 4037/4037/4037 4036/4036/4036
f 4037/4037/4037 4038/4038/4038 4039/4039/4039
f 4042/4042/4042 4041/4041/4041 4040/4040/4040
f 4041/4041/4041 4042/4042/4042 4043/4043/4043
f 4046/4046/4046 4045/4045/4045 4044/4044/4044
f 4045/4045/4045 4046/4046/4046 4047/4047/4047
f 4050/4050/4050 4049/4049/4049 4048/4048/4048
f 4049/4049/4049 4050/4050/4050 4051/4051/4051
f 4054/4054/4054 4053/4053/4053 4052/4052/4052
f 4053/4053/4053 4054/4054/4054 4055/4055/4055
f 4058/4058/4058 4057/4057/4057 4056/4056/4056
f 4057/4057/4057 4058/4058/4058 4059/4059/4059
o mesh_57
usemtl mat11
v 25.6 166.39999999999998 -166.40000000000003
v 25.6 166.39999999999998 -156.00000000000003
v 0 166.39999999999998 -153.60000000000005
v -25.6 140.79999999999998 -230.40000000000003
v -25.6 115.19999999999997 -230.4
v 25.6 140.79999999999998 -230.40000000000003
v 25.6 115.19999999999997 -230.4
v -25.6 115.19999999999997 -230.4
v -25.6 102.39999999999998 -230.4
v 25.6 115.19999999999997 -230.4
v 25.6 102.39999999999998 -230.4
v 25.6 166.39999999999998 -217.60000000000005
v 25.6 166.39999999999998 -204.80000000000004
v -25.6 166.39999999999998 -217.60000000000005
v -25.6 166.39999999999998 -204.80000000000004
v -25.6 89.59999999999998 -230.4
v -25.6 -2.821586225235502e-14 -230.4
v 25.6 89.59999999999998 -230.4
v 25.6 -2.821586225235502e-14 -230.4
v 25.6 166.39999999999998 -204.80000000000004
v 25.6 166.39999999999998 -192.00000000000003
v -25.6 166.39999999999998 -204.80000000000004
v -25.6 166.39999999999998 -192.00000000000003
v 25.6 166.39999999999998 -192.00000000000003
v 25.6 166.39999999999998 -179.20000000000005
v -25.6 166.39999999999998 -192.00000000000003
v -25.6 166.39999999999998 -179.20000000000005
v -25.6 102.39999999999998 -230.4
v -25.6 89.59999999999998 -230.4
v 25.6 102.39999999999998 -230.4
v 25.6 89.59999999999998 -230.4
v -25.6 140.79999999999998 -230.40000000000003
v 25.6 140.79999999999998 -230.40000000000003
v -25.6 166.39999999999998 -230.40000000000003
v 25.6 166.39999999999998 -230.40000000000003
v 25.6 166.39999999999998 -230.40000000000003
v 25.6 166.39999999999998 -217.60000000000005
v -25.6 166.39999999999998 -230.40000000000003
v -25.6 166.39999999999998 -217.60000000000005
v -25.6 166.39999999999998 -166.40000000000003
v -25.6 166.39999999999998 -179.20000000000005
v 25.6 166.39999999999998 -166.40000000000003
v 25.6 166.39999999999998 -179.20000000000005
v 0 166.39999999999998 -153.60000000000005
v -25.6 166.39999999999998 -153.60000000000005
v 25.6 166.39999999999998 -166.40000000000003
v -25.6 166.39999999999998 -166.40000000000003
vt 0.96875 0.96875
vt 0.96875 0.96875
vt 0.96875 0.96875
vt 0.96875 0.96875
vt 0.96875 0.96875
vt 0.96875 0.96875
vt 0.96875 0.96875
vt 0.96875 0.96875
vt 0.96875 0.96875
vt 0.96875 0.96875
vt 0.96875 0.96875
vt 0.96875 0.96875
vt 0.96875 0.96875
vt 0.96875 0.96875
vt 0.96875 0.96875
vt 0.96875 0.96875
vt 0.96875 0.96875
vt 0.96875 0.96875
vt 0.96875 0.96875
vt 0.96875 0.96875
vt 0.96875 0.96875
vt 0.96875 0.96875
vt 0.96875 0.96875
vt 0.96875 0.96875
vt 0.96875 0.96875
vt 0.96875 0.96875
vt 0.96875 0.96875
vt 0.96875 0.96875
vt 0.96875 0.96875
vt 0.96875 0.96875
vt 0.96875 0.96875
vt 0.96875 0.96875
vt 0.96875 0.96875
vt 0.96875 0.96875
vt 0.96875 0.96875
vt 0.96875 0.96875
vt 0.96875 0.96875
vt 0.96875 0.96875
vt 0.96875 0.96875
vt 0.96875 0.96875
vt 0.96875 0.96875
vt 0.96875 0.96875
vt 0.96875 0.96875
vt 0.96875 0.96875
vt 0.96875 0.96875
vt 0.96875 0.96875
vt 0.96875 0.96875
vn 0 1 -1.2246467991473532e-16
vn 0 1 -1.2246467991473532e-16
vn 0 1 -1.2246467991473532e-16
vn 0 -1.2246467991473532e-16 -1
vn 0 -1.2246467991473532e-16 -1
vn 0 -1.2246467991473532e-16 -1
vn 0 -1.2246467991473532e-16 -1
vn 0 -1.2246467991473532e-16 -1
vn 0 -1.2246467991473532e-16 -1
vn 0 -1.2246467991473532e-16 -1
vn 0 -1.2246467991473532e-16 -1
vn 0 1 -1.2246467991473532e-16
vn 0 1 -1.2246467991473532e-16
vn 0 1 -1.2246467991473532e-16
vn 0 1 -1.2246467991473532e-16
vn 0 -1.2246467991473532e-16 -1
vn 0 -1.2246467991473532e-16 -1
vn 0 -1.2246467991473532e-16 -1
vn 0 -1.2246467991473532e-16 -1
vn 0 1 -1.2246467991473532e-16
vn 0 1 -1.2246467991473532e-16
vn 0 1 -1.2246467991473532e-16
vn 0 1 -1.2246467991473532e-16
vn 0 1 -1.2246467991473532e-16
vn 0 1 -1.2246467991473532e-16
vn 0 1 -1.2246467991473532e-16
vn 0 1 -1.2246467991473532e-16
vn 0 -1.2246467991473532e-16 -1
vn 0 -1.2246467991473532e-16 -1
vn 0 -1.2246467991473532e-16 -1
vn 0 -1.2246467991473532e-16 -1
vn 0 -1.2246467991473532e-16 -1
vn 0 -1.2246467991473532e-16 -1
vn 0 -1.2246467991473532e-16 -1
vn 0 -1.2246467991473532e-16 -1
vn 0 1 -1.2246467991473532e-16
vn 0 1 -1.2246467991473532e-16
vn 0 1 -1.2246467991473532e-16
vn 0 1 -1.2246467991473532e-16
vn 0 1 -1.2246467991473532e-16
vn 0 1 -1.2246467991473532e-16
vn 0 1 -1.2246467991473532e-16
vn 0 1 -1.2246467991473532e-16
vn 0 1 -1.2246467991473532e-16
vn 0 1 -1.2246467991473532e-16
vn 0 1 -1.2246467991473532e-16
vn 0 1 -1.2246467991473532e-16
f 4062/4062/4062 4061/4061/4061 4060/4060/4060
f 4065/4065/4065 4064/4064/4064 4063/4063/4063
f 4064/4064/4064 4065/4065/4065 4066/4066/4066
f 4069/4069/4069 4068/4068/4068 4067/4067/4067
f 4068/4068/4068 4069/4069/4069 4070/4070/4070
f 4073/4073/4073 4072/4072/4072 4071/4071/4071
f 4072/4072/4072 4073/4073/4073 4074/4074/4074
f 4077/4077/4077 4076/4076/4076 4075/4075/4075
f 4076/4076/4076 4077/4077/4077 4078/4078/4078
f 4081/4081/4081 4080/4080/4080 4079/4079/4079
f 4080/4080/4080 4081/4081/4081 4082/4082/4082
f 4085/4085/4085 4084/4084/4084 4083/4083/4083
f 4084/4084/4084 4085/4085/4085 4086/4086/4086
f 4089/4089/4089 4088/4088/4088 4087/4087/4087
f 4088/4088/4088 4089/4089/4089 4090/4090/4090
f 4093/4093/4093 4092/4092/4092 4091/4091/4091
f 4092/4092/4092 4093/4093/4093 4094/4094/4094
f 4097/4097/4097 4096/4096/4096 4095/4095/4095
f 4096/4096/4096 4097/4097/4097 4098/4098/4098
f 4101/4101/4101 4100/4100/4100 4099/4099/4099
f 4100/4100/4100 4101/4101/4101 4102/4102/4102
f 4105/4105/4105 4104/4104/4104 4103/4103/4103
f 4104/4104/4104 4105/4105/4105 4106/4106/4106
o mesh_58
usemtl mat11
v 25.6 166.39999999999998 -179.20000000000005
v 0 166.39999999999998 -179.20000000000005
v 25.6 127.99999999999997 -179.20000000000005
v 0 127.99999999999997 -179.20000000000005
vt 0.96875 0.96875
vt 0.96875 0.96875
vt 0.96875 0.96875
vt 0.96875 0.96875
vn 0 -1.2246467991473532e-16 -1
vn 0 -1.2246467991473532e-16 -1
vn 0 -1.2246467991473532e-16 -1
vn 0 -1.2246467991473532e-16 -1
f 4109/4109/4109 4108/4108/4108 4107/4107/4107
f 4108/4108/4108 4109/4109/4109 4110/4110/4110
o mesh_59
usemtl mat1
v 64 140.79999999999998 -230.40000000000003
v 76.80000000000001 140.79999999999998 -230.40000000000003
v 64 115.19999999999997 -230.4
v 76.80000000000001 115.19999999999997 -230.4
v 25.6 140.79999999999998 -230.40000000000003
v 38.400000000000006 140.79999999999998 -230.40000000000003
v 25.6 115.19999999999997 -230.4
v 38.400000000000006 115.19999999999997 -230.4
v 76.80000000000001 140.79999999999998 -230.40000000000003
v 89.60000000000001 140.79999999999998 -230.40000000000003
v 76.80000000000001 115.19999999999997 -230.4
v 89.60000000000001 115.19999999999997 -230.4
v 64 115.19999999999997 -230.4
v 51.2 115.19999999999997 -230.4
v 64 140.79999999999998 -230.40000000000003
v 51.2 140.79999999999998 -230.40000000000003
v 38.400000000000006 140.79999999999998 -230.40000000000003
v 51.2 140.79999999999998 -230.40000000000003
v 38.400000000000006 115.19999999999997 -230.4
v 51.2 115.19999999999997 -230.4
vt 0.3671875 0
vt 0.4921875 0
vt 0.3671875 0.2421875
vt 0.4921875 0.2421875
vt 0 0
vt 0.1171875 0
vt 0 0.2421875
vt 0.1171875 0.2421875
vt 0 0
vt 0.1171875 0
vt 0 0.2421875
vt 0.1171875 0.2421875
vt 0.3671875 0.2421875
vt 0.2421875 0.2421875
vt 0.3671875 0
vt 0.2421875 0
vt 0.1171875 0
vt 0.2421875 0
vt 0.1171875 0.2421875
vt 0.2421875 0.2421875
vn 0 1.2246467991473532e-16 1
vn 0 1.2246467991473532e-16 1
vn 0 1.2246467991473532e-16 1
vn 0 1.2246467991473532e-16 1
vn 0 1.2246467991473532e-16 1
vn 0 1.2246467991473532e-16 1
vn 0 1.2246467991473532e-16 1
vn 0 1.2246467991473532e-16 1
vn 0 1.2246467991473532e-16 1
vn 0 1.2246467991473532e-16 1
vn 0 1.2246467991473532e-16 1
vn 0 1.2246467991473532e-16 1
vn 0 1.2246467991473532e-16 1
vn 0 1.2246467991473532e-16 1
vn 0 1.2246467991473532e-16 1
vn 0 1.2246467991473532e-16 1
vn 0 1.2246467991473532e-16 1
vn 0 1.2246467991473532e-16 1
vn 0 1.2246467991473532e-16 1
vn 0 1.2246467991473532e-16 1
f 4113/4113/4113 4112/4112/4112 4111/4111/4111
f 4112/4112/4112 4113/4113/4113 4114/4114/4114
f 4117/4117/4117 4116/4116/4116 4115/4115/4115
f 4116/4116/4116 4117/4117/4117 4118/4118/4118
f 4121/4121/4121 4120/4120/4120 4119/4119/4119
f 4120/4120/4120 4121/4121/4121 4122/4122/4122
f 4125/4125/4125 4124/4124/4124 4123/4123/4123
f 4124/4124/4124 4125/4125/4125 4126/4126/4126
f 4129/4129/4129 4128/4128/4128 4127/4127/4127
f 4128/4128/4128 4129/4129/4129 4130/4130/4130
o mesh_60
usemtl mat1
v 89.60000000000001 127.99999999999999 -156.80000000000004
v 89.60000000000001 115.19999999999999 -144.8
v 89.60000000000001 115.19999999999999 -166.4
v 89.60000000000001 115.19999999999997 -204.8
v 89.60000000000001 115.19999999999997 -217.60000000000002
v 89.60000000000001 140.79999999999998 -204.80000000000004
v 89.60000000000001 140.79999999999998 -217.60000000000005
v 89.60000000000001 140.79999999999998 -179.20000000000005
v 89.60000000000001 140.79999999999998 -166.40000000000003
v 89.60000000000001 115.19999999999997 -179.20000000000002
v 89.60000000000001 115.19999999999999 -166.4
v 89.60000000000001 102.39999999999999 -166.4
v 89.60000000000001 115.19999999999999 -166.4
v 89.60000000000001 102.39999999999999 -144
v 89.60000000000001 115.19999999999999 -144.8
v 89.60000000000001 115.19999999999997 -179.20000000000002
v 89.60000000000001 115.19999999999997 -192
v 89.60000000000001 140.79999999999998 -179.20000000000005
v 89.60000000000001 140.79999999999998 -192.00000000000003
v 89.60000000000001 140.79999999999998 -204.80000000000004
v 89.60000000000001 140.79999999999998 -192.00000000000003
v 89.60000000000001 115.19999999999997 -204.8
v 89.60000000000001 115.19999999999997 -192
v 89.60000000000001 140.79999999999998 -217.60000000000005
v 89.60000000000001 115.19999999999997 -217.60000000000002
v 89.60000000000001 140.79999999999998 -230.40000000000003
v 89.60000000000001 115.19999999999997 -230.4
v 89.60000000000001 102.39999999999999 -144
v 89.60000000000001 89.6 -153.60000000000002
v 89.60000000000001 102.39999999999999 -166.4
v 89.60000000000001 89.6 -166.4
v 89.60000000000001 115.19999999999999 -166.4
v 89.60000000000001 140.79999999999998 -166.40000000000003
v 89.60000000000001 127.99999999999999 -156.80000000000004
v 89.60000000000001 140.79999999999998 -156.80000000000004
vt 0.1953125 0.1171875
vt 0.296875 0.2421875
vt 0.109375 0.2421875
vt 0.25 0.25
vt 0.125 0.25
vt 0.25 0
vt 0.125 0
vt 0 0
vt 0.109375 0
vt 0 0.2421875
vt 0.109375 0.2421875
vt 0.109375 0.3671875
vt 0.109375 0.2421875
vt 0.3046875 0.3671875
vt 0.296875 0.2421875
vt 0.4921875 0.25
vt 0.375 0.25
vt 0.4921875 0
vt 0.375 0
vt 0.25 0
vt 0.375 0
vt 0.25 0.25
vt 0.375 0.25
vt 0.125 0
vt 0.125 0.25
vt 0 0
vt 0 0.25
vt 0.3046875 0.3671875
vt 0.21875 0.4921875
vt 0.109375 0.3671875
vt 0.109375 0.4921875
vt 0.109375 0.2421875
vt 0.109375 0
vt 0.1953125 0.1171875
vt 0.1953125 0
vn -1 0 0
vn -1 0 0
vn -1 0 0
vn -1 0 0
vn -1 0 0
vn -1 0 0
vn -1 0 0
vn -1 0 0
vn -1 0 0
vn -1 0 0
vn -1 0 0
vn -1 0 0
vn -1 0 0
vn -1 0 0
vn -1 0 0
vn -1 0 0
vn -1 0 0
vn -1 0 0
vn -1 0 0
vn -1 0 0
vn -1 0 0
vn -1 0 0
vn -1 0 0
vn -1 0 0
vn -1 0 0
vn -1 0 0
vn -1 0 0
vn -1 0 0
vn -1 0 0
vn -1 0 0
vn -1 0 0
vn -1 0 0
vn -1 0 0
vn -1 0 0
vn -1 0 0
f 4133/4133/4133 4132/4132/4132 4131/4131/4131
f 4136/4136/4136 4135/4135/4135 4134/4134/4134
f 4135/4135/4135 4136/4136/4136 4137/4137/4137
f 4140/4140/4140 4139/4139/4139 4138/4138/4138
f 4139/4139/4139 4140/4140/4140 4141/4141/4141
f 4144/4144/4144 4143/4143/4143 4142/4142/4142
f 4143/4143/4143 4144/4144/4144 4145/4145/4145
f 4148/4148/4148 4147/4147/4147 4146/4146/4146
f 4147/4147/4147 4148/4148/4148 4149/4149/4149
f 4152/4152/4152 4151/4151/4151 4150/4150/4150
f 4151/4151/4151 4152/4152/4152 4153/4153/4153
f 4156/4156/4156 4155/4155/4155 4154/4154/4154
f 4155/4155/4155 4156/4156/4156 4157/4157/4157
f 4160/4160/4160 4159/4159/4159 4158/4158/4158
f 4159/4159/4159 4160/4160/4160 4161/4161/4161
f 4164/4164/4164 4163/4163/4163 4162/4162/4162
f 4163/4163/4163 4164/4164/4164 4165/4165/4165
o mesh_61
usemtl mat12
v 89.60000000000001 76.80000000000001 -51.20000000000001
v 89.60000000000001 76.80000000000001 -38.40000000000001
v 89.60000000000001 63.99999999999999 -51.20000000000001
v 89.60000000000001 51.199999999999996 -38.40000000000001
v 89.60000000000001 102.4 -51.20000000000002
v 89.60000000000001 102.4 -38.40000000000002
v 89.60000000000001 89.60000000000001 -51.20000000000002
v 89.60000000000001 76.80000000000001 -38.40000000000001
v 89.60000000000001 76.80000000000001 -25.600000000000012
v 89.60000000000001 76.80000000000001 -38.40000000000001
v 89.60000000000001 102.4 -25.600000000000016
v 89.60000000000001 102.4 -38.40000000000002
v 89.60000000000001 76.80000000000001 -25.600000000000012
v 89.60000000000001 76.80000000000001 -12.80000000000001
v 89.60000000000001 51.2 -25.60000000000001
v 89.60000000000001 51.2 -12.800000000000008
v 89.60000000000001 51.2 -25.60000000000001
v 89.60000000000001 51.199999999999996 -38.40000000000001
v 89.60000000000001 76.80000000000001 -25.600000000000012
v 89.60000000000001 76.80000000000001 -38.40000000000001
v 89.60000000000001 76.80000000000001 -9.405287417451674e-15
v 89.60000000000001 51.2 -6.270191611634449e-15
v 89.60000000000001 76.80000000000001 -12.80000000000001
v 89.60000000000001 51.2 -12.800000000000008
v 89.60000000000001 102.4 -25.600000000000016
v 89.60000000000001 102.4 -12.800000000000013
v 89.60000000000001 76.80000000000001 -25.600000000000012
v 89.60000000000001 76.80000000000001 -12.80000000000001
v 89.60000000000001 102.4 -1.2540383223268897e-14
v 89.60000000000001 76.80000000000001 -9.405287417451674e-15
v 89.60000000000001 102.4 -12.800000000000013
v 89.60000000000001 76.80000000000001 -12.80000000000001
vt 0 0.75
vt 0.125 0.75
vt 0 0.875
vt 0.125 0.9921875
vt 0 0.5
vt 0.125 0.5
vt 0 0.625
vt 0.125 0.75
vt 0.25 0.75
vt 0.125 0.75
vt 0.25 0.5
vt 0.125 0.5
vt 0.25 0.75
vt 0.375 0.75
vt 0.25 0.9921875
vt 0.375 0.9921875
vt 0.25 0.9921875
vt 0.125 0.9921875
vt 0.25 0.75
vt 0.125 0.75
vt 0.4921875 0.75
vt 0.4921875 0.9921875
vt 0.375 0.75
vt 0.375 0.9921875
vt 0.25 0.5
vt 0.375 0.5
vt 0.25 0.75
vt 0.375 0.75
vt 0.4921875 0.5
vt 0.4921875 0.75
vt 0.375 0.5
vt 0.375 0.75
vn -1 0 0
vn -1 0 0
vn -1 0 0
vn -1 0 0
vn -1 0 0
vn -1 0 0
vn -1 0 0
vn -1 0 0
vn -1 0 0
vn -1 0 0
vn -1 0 0
vn -1 0 0
vn -1 0 0
vn -1 0 0
vn -1 0 0
vn -1 0 0
vn -1 0 0
vn -1 0 0
vn -1 0 0
vn -1 0 0
vn -1 0 0
vn -1 0 0
vn -1 0 0
vn -1 0 0
vn -1 0 0
vn -1 0 0
vn -1 0 0
vn -1 0 0
vn -1 0 0
vn -1 0 0
vn -1 0 0
vn -1 0 0
f 4168/4168/4168 4167/4167/4167 4166/4166/4166
f 4167/4167/4167 4168/4168/4168 4169/4169/4169
f 4172/4172/4172 4171/4171/4171 4170/4170/4170
f 4171/4171/4171 4172/4172/4172 4173/4173/4173
f 4176/4176/4176 4175/4175/4175 4174/4174/4174
f 4175/4175/4175 4176/4176/4176 4177/4177/4177
f 4180/4180/4180 4179/4179/4179 4178/4178/4178
f 4179/4179/4179 4180/4180/4180 4181/4181/4181
f 4184/4184/4184 4183/4183/4183 4182/4182/4182
f 4183/4183/4183 4184/4184/4184 4185/4185/4185
f 4188/4188/4188 4187/4187/4187 4186/4186/4186
f 4187/4187/4187 4188/4188/4188 4189/4189/4189
f 4192/4192/4192 4191/4191/4191 4190/4190/4190
f 4191/4191/4191 4192/4192/4192 4193/4193/4193
f 4196/4196/4196 4195/4195/4195 4194/4194/4194
f 4195/4195/4195 4196/4196/4196 4197/4197/4197
o mesh_62
usemtl mat1
v 89.60000000000001 102.4 -25.600000000000016
v 89.60000000000001 102.4 -38.40000000000002
v 89.60000000000001 128 -25.600000000000016
v 89.60000000000001 128 -38.40000000000002
v 89.60000000000001 128 -38.40000000000002
v 89.60000000000001 102.4 -38.40000000000002
v 89.60000000000001 127.99999999999999 -64.00000000000001
v 89.60000000000001 102.4 -51.20000000000002
v 92.80000000000001 92.8 -76.80000000000003
v 92.80000000000001 102.39999999999999 -76.80000000000003
v 89.60000000000001 89.6 -64.00000000000001
v 89.60000000000001 102.39999999999999 -64.00000000000001
v 89.60000000000001 128 -25.600000000000016
v 89.60000000000001 128 -12.800000000000017
v 89.60000000000001 102.4 -25.600000000000016
v 89.60000000000001 102.4 -12.800000000000013
v 89.60000000000001 153.60000000000002 -38.40000000000003
v 89.60000000000001 128 -38.40000000000002
v 89.60000000000001 153.60000000000002 -46.40000000000003
v 89.60000000000001 127.99999999999999 -64.00000000000001
v 89.60000000000001 128 -1.567547902908612e-14
v 89.60000000000001 102.4 -1.2540383223268897e-14
v 89.60000000000001 128 -12.800000000000017
v 89.60000000000001 102.4 -12.800000000000013
vt 0.4921875 0.4921875
vt 0.3671875 0.4921875
vt 0.4921875 0.2421875
vt 0.3671875 0.2421875
vt 0.3671875 0.2421875
vt 0.3671875 0.4921875
vt 0.1171875 0.2421875
vt 0.2421875 0.4921875
vt 0 0.1484375
vt 0 0.0625
vt 0.1171875 0.1796875
vt 0.1171875 0.0625
vt 0 0.2421875
vt 0.1171875 0.2421875
vt 0 0.4921875
vt 0.1171875 0.4921875
vt 0.3671875 0
vt 0.3671875 0.2421875
vt 0.2890625 0
vt 0.1171875 0.2421875
vt 0.2421875 0.2421875
vt 0.2421875 0.4921875
vt 0.1171875 0.2421875
vt 0.1171875 0.4921875
vn -1 0 0
vn -1 0 0
vn -1 0 0
vn -1 0 0
vn -1 0 0
vn -1 0 0
vn -1 0 0
vn -1 0 0
vn -0.9701425001453319 -2.970204768799478e-17 -0.24253562503633297
vn -0.9701425001453319 -2.970204768799478e-17 -0.24253562503633297
vn -0.9701425001453319 -2.970204768799478e-17 -0.24253562503633297
vn -0.9701425001453319 -2.970204768799478e-17 -0.24253562503633297
vn -1 0 0
vn -1 0 0
vn -1 0 0
vn -1 0 0
vn -1 0 0
vn -1 0 0
vn -1 0 0
vn -1 0 0
vn -1 0 0
vn -1 0 0
vn -1 0 0
vn -1 0 0
f 4200/4200/4200 4199/4199/4199 4198/4198/4198
f 4199/4199/4199 4200/4200/4200 4201/4201/4201
f 4204/4204/4204 4203/4203/4203 4202/4202/4202
f 4203/4203/4203 4204/4204/4204 4205/4205/4205
f 4208/4208/4208 4207/4207/4207 4206/4206/4206
f 4207/4207/4207 4208/4208/4208 4209/4209/4209
f 4212/4212/4212 4211/4211/4211 4210/4210/4210
f 4211/4211/4211 4212/4212/4212 4213/4213/4213
f 4216/4216/4216 4215/4215/4215 4214/4214/4214
f 4215/4215/4215 4216/4216/4216 4217/4217/4217
f 4220/4220/4220 4219/4219/4219 4218/4218/4218
f 4219/4219/4219 4220/4220/4220 4221/4221/4221
o mesh_63
usemtl mat14
v 38.400000000000006 51.2 -6.270191611634449e-15
v 38.400000000000006 76.80000000000001 -9.405287417451674e-15
v 25.6 64 -7.83773951454306e-15
v 25.6 76.80000000000001 -9.405287417451674e-15
v 25.6 76.80000000000001 -9.405287417451674e-15
v 38.400000000000006 76.80000000000001 -9.405287417451674e-15
v 25.6 102.4 -1.2540383223268897e-14
v 38.400000000000006 102.4 -1.2540383223268897e-14
vt 0.5 0.9921875
vt 0.5 0.7421875
vt 0.6171875 0.8671875
vt 0.6171875 0.7421875
vt 0.6171875 0.7421875
vt 0.5 0.7421875
vt 0.6171875 0.5
vt 0.5 0.5
vn 0 -1.2246467991473532e-16 -1
vn 0 -1.2246467991473532e-16 -1
vn 0 -1.2246467991473532e-16 -1
vn 0 -1.2246467991473532e-16 -1
vn 0 -1.2246467991473532e-16 -1
vn 0 -1.2246467991473532e-16 -1
vn 0 -1.2246467991473532e-16 -1
vn 0 -1.2246467991473532e-16 -1
f 4224/4224/4224 4223/4223/4223 4222/4222/4222
f 4223/4223/4223 4224/4224/4224 4225/4225/4225
f 4228/4228/4228 4227/4227/4227 4226/4226/4226
f 4227/4227/4227 4228/4228/4228 4229/4229/4229
o mesh_64
usemtl mat12
v 38.400000000000006 76.80000000000001 -9.405287417451674e-15
v 51.2 76.80000000000001 -9.405287417451674e-15
v 38.400000000000006 102.4 -1.2540383223268897e-14
v 51.2 102.4 -1.2540383223268897e-14
v 89.60000000000001 76.80000000000001 -9.405287417451674e-15
v 76.80000000000001 76.80000000000001 -9.405287417451674e-15
v 89.60000000000001 51.2 -6.270191611634449e-15
v 76.80000000000001 51.2 -6.270191611634449e-15
v 89.60000000000001 102.4 -1.2540383223268897e-14
v 76.80000000000001 102.4 -1.2540383223268897e-14
v 89.60000000000001 76.80000000000001 -9.405287417451674e-15
v 76.80000000000001 76.80000000000001 -9.405287417451674e-15
v 64 102.4 -1.2540383223268897e-14
v 51.2 102.4 -1.2540383223268897e-14
v 64 76.80000000000001 -9.405287417451674e-15
v 51.2 76.80000000000001 -9.405287417451674e-15
v 38.400000000000006 51.2 -6.270191611634449e-15
v 51.2 51.2 -6.270191611634449e-15
v 38.400000000000006 76.80000000000001 -9.405287417451674e-15
v 51.2 76.80000000000001 -9.405287417451674e-15
v 64 76.80000000000001 -9.405287417451674e-15
v 51.2 76.80000000000001 -9.405287417451674e-15
v 64 51.2 -6.270191611634449e-15
v 51.2 51.2 -6.270191611634449e-15
v 64 76.80000000000001 -9.405287417451674e-15
v 76.80000000000001 76.80000000000001 -9.405287417451674e-15
v 64 102.4 -1.2540383223268897e-14
v 76.80000000000001 102.4 -1.2540383223268897e-14
v 64 76.80000000000001 -9.405287417451674e-15
v 64 51.2 -6.270191611634449e-15
v 76.80000000000001 76.80000000000001 -9.405287417451674e-15
v 76.80000000000001 51.2 -6.270191611634449e-15
vt 0.4921875 0.75
vt 0.375 0.75
vt 0.4921875 0.5
vt 0.375 0.5
vt 0 0.75
vt 0.125 0.75
vt 0 0.9921875
vt 0.125 0.9921875
vt 0 0.5
vt 0.125 0.5
vt 0 0.75
vt 0.125 0.75
vt 0.25 0.5
vt 0.375 0.5
vt 0.25 0.75
vt 0.375 0.75
vt 0.4921875 0.9921875
vt 0.375 0.9921875
vt 0.4921875 0.75
vt 0.375 0.75
vt 0.25 0.75
vt 0.375 0.75
vt 0.25 0.9921875
vt 0.375 0.9921875
vt 0.25 0.75
vt 0.125 0.75
vt 0.25 0.5
vt 0.125 0.5
vt 0.25 0.75
vt 0.25 0.9921875
vt 0.125 0.75
vt 0.125 0.9921875
vn 0 -1.2246467991473532e-16 -1
vn 0 -1.2246467991473532e-16 -1
vn 0 -1.2246467991473532e-16 -1
vn 0 -1.2246467991473532e-16 -1
vn 0 -1.2246467991473532e-16 -1
vn 0 -1.2246467991473532e-16 -1
vn 0 -1.2246467991473532e-16 -1
vn 0 -1.2246467991473532e-16 -1
vn 0 -1.2246467991473532e-16 -1
vn 0 -1.2246467991473532e-16 -1
vn 0 -1.2246467991473532e-16 -1
vn 0 -1.2246467991473532e-16 -1
vn 0 -1.2246467991473532e-16 -1
vn 0 -1.2246467991473532e-16 -1
vn 0 -1.2246467991473532e-16 -1
vn 0 -1.2246467991473532e-16 -1
vn 0 -1.2246467991473532e-16 -1
vn 0 -1.2246467991473532e-16 -1
vn 0 -1.2246467991473532e-16 -1
vn 0 -1.2246467991473532e-16 -1
vn 0 -1.2246467991473532e-16 -1
vn 0 -1.2246467991473532e-16 -1
vn 0 -1.2246467991473532e-16 -1
vn 0 -1.2246467991473532e-16 -1
vn 0 -1.2246467991473532e-16 -1
vn 0 -1.2246467991473532e-16 -1
vn 0 -1.2246467991473532e-16 -1
vn 0 -1.2246467991473532e-16 -1
vn 0 -1.2246467991473532e-16 -1
vn 0 -1.2246467991473532e-16 -1
vn 0 -1.2246467991473532e-16 -1
vn 0 -1.2246467991473532e-16 -1
f 4232/4232/4232 4231/4231/4231 4230/4230/4230
f 4231/4231/4231 4232/4232/4232 4233/4233/4233
f 4236/4236/4236 4235/4235/4235 4234/4234/4234
f 4235/4235/4235 4236/4236/4236 4237/4237/4237
f 4240/4240/4240 4239/4239/4239 4238/4238/4238
f 4239/4239/4239 4240/4240/4240 4241/4241/4241
f 4244/4244/4244 4243/4243/4243 4242/4242/4242
f 4243/4243/4243 4244/4244/4244 4245/4245/4245
f 4248/4248/4248 4247/4247/4247 4246/4246/4246
f 4247/4247/4247 4248/4248/4248 4249/4249/4249
f 4252/4252/4252 4251/4251/4251 4250/4250/4250
f 4251/4251/4251 4252/4252/4252 4253/4253/4253
f 4256/4256/4256 4255/4255/4255 4254/4254/4254
f 4255/4255/4255 4256/4256/4256 4257/4257/4257
f 4260/4260/4260 4259/4259/4259 4258/4258/4258
f 4259/4259/4259 4260/4260/4260 4261/4261/4261
o mesh_65
usemtl mat1
v 89.60000000000001 128 -1.567547902908612e-14
v 76.80000000000001 128 -1.567547902908612e-14
v 89.60000000000001 102.4 -1.2540383223268897e-14
v 76.80000000000001 102.4 -1.2540383223268897e-14
v 38.400000000000006 128 -1.567547902908612e-14
v 25.6 128 -1.567547902908612e-14
v 38.400000000000006 102.4 -1.2540383223268897e-14
v 25.6 102.4 -1.2540383223268897e-14
v 64 128 -1.567547902908612e-14
v 51.2 128 -1.567547902908612e-14
v 64 102.4 -1.2540383223268897e-14
v 51.2 102.4 -1.2540383223268897e-14
v 38.400000000000006 153.60000000000002 -1.8810574834903348e-14
v 25.6 153.60000000000002 -1.8810574834903348e-14
v 38.400000000000006 128 -1.567547902908612e-14
v 25.6 128 -1.567547902908612e-14
v 38.400000000000006 128 -1.567547902908612e-14
v 51.2 128 -1.567547902908612e-14
v 38.400000000000006 153.60000000000002 -1.8810574834903348e-14
v 51.2 153.60000000000002 -1.8810574834903348e-14
v 38.400000000000006 102.4 -1.2540383223268897e-14
v 51.2 102.4 -1.2540383223268897e-14
v 38.400000000000006 128 -1.567547902908612e-14
v 51.2 128 -1.567547902908612e-14
v 64 102.4 -1.2540383223268897e-14
v 76.80000000000001 102.4 -1.2540383223268897e-14
v 64 128 -1.567547902908612e-14
v 76.80000000000001 128 -1.567547902908612e-14
vt 0.375 0.2421875
vt 0.4921875 0.2421875
vt 0.375 0.4921875
vt 0.4921875 0.4921875
vt 0.375 0.25
vt 0.4921875 0.25
vt 0.375 0.4921875
vt 0.4921875 0.4921875
vt 0.125 0.25
vt 0.25 0.25
vt 0.125 0.4921875
vt 0.25 0.4921875
vt 0.375 0
vt 0.4921875 0
vt 0.375 0.25
vt 0.4921875 0.25
vt 0.375 0.25
vt 0.25 0.25
vt 0.375 0
vt 0.25 0
vt 0.375 0.4921875
vt 0.25 0.4921875
vt 0.375 0.25
vt 0.25 0.25
vt 0.125 0.4921875
vt 0 0.4921875
vt 0.125 0.25
vt 0 0.25
vn 0 -1.2246467991473532e-16 -1
vn 0 -1.2246467991473532e-16 -1
vn 0 -1.2246467991473532e-16 -1
vn 0 -1.2246467991473532e-16 -1
vn 0 -1.2246467991473532e-16 -1
vn 0 -1.2246467991473532e-16 -1
vn 0 -1.2246467991473532e-16 -1
vn 0 -1.2246467991473532e-16 -1
vn 0 -1.2246467991473532e-16 -1
vn 0 -1.2246467991473532e-16 -1
vn 0 -1.2246467991473532e-16 -1
vn 0 -1.2246467991473532e-16 -1
vn 0 -1.2246467991473532e-16 -1
vn 0 -1.2246467991473532e-16 -1
vn 0 -1.2246467991473532e-16 -1
vn 0 -1.2246467991473532e-16 -1
vn 0 -1.2246467991473532e-16 -1
vn 0 -1.2246467991473532e-16 -1
vn 0 -1.2246467991473532e-16 -1
vn 0 -1.2246467991473532e-16 -1
vn 0 -1.2246467991473532e-16 -1
vn 0 -1.2246467991473532e-16 -1
vn 0 -1.2246467991473532e-16 -1
vn 0 -1.2246467991473532e-16 -1
vn 0 -1.2246467991473532e-16 -1
vn 0 -1.2246467991473532e-16 -1
vn 0 -1.2246467991473532e-16 -1
vn 0 -1.2246467991473532e-16 -1
f 4264/4264/4264 4263/4263/4263 4262/4262/4262
f 4263/4263/4263 4264/4264/4264 4265/4265/4265
f 4268/4268/4268 4267/4267/4267 4266/4266/4266
f 4267/4267/4267 4268/4268/4268 4269/4269/4269
f 4272/4272/4272 4271/4271/4271 4270/4270/4270
f 4271/4271/4271 4272/4272/4272 4273/4273/4273
f 4276/4276/4276 4275/4275/4275 4274/4274/4274
f 4275/4275/4275 4276/4276/4276 4277/4277/4277
f 4280/4280/4280 4279/4279/4279 4278/4278/4278
f 4279/4279/4279 4280/4280/4280 4281/4281/4281
f 4284/4284/4284 4283/4283/4283 4282/4282/4282
f 4283/4283/4283 4284/4284/4284 4285/4285/4285
f 4288/4288/4288 4287/4287/4287 4286/4286/4286
f 4287/4287/4287 4288/4288/4288 4289/4289/4289
o mesh_66
usemtl mat1
v 25.6 127.99999999999999 -83.20000000000002
v 25.6 127.99999999999999 -64.00000000000001
v 19.200000000000003 153.60000000000002 -76.80000000000003
v 25.6 153.60000000000002 -51.200000000000024
v 19.200000000000003 153.60000000000002 -76.80000000000003
v 25.6 127.99999999999999 -64.00000000000001
v 25.6 127.99999999999999 -64.00000000000001
v 25.6 128 -51.20000000000002
v 25.6 153.60000000000002 -51.200000000000024
v 25.6 153.60000000000002 -51.200000000000024
v 25.6 128 -51.20000000000002
v 25.6 153.60000000000002 -38.40000000000003
v 25.6 128 -38.40000000000002
v 25.6 153.60000000000002 -25.60000000000002
v 25.6 153.60000000000002 -38.40000000000003
v 25.6 128 -25.600000000000016
v 25.6 128 -38.40000000000002
v 25.6 128 -25.600000000000016
v 25.6 102.4 -25.600000000000016
v 25.6 128 -12.800000000000017
v 25.6 102.4 -12.800000000000013
v 25.6 128 -51.20000000000002
v 25.6 102.4 -51.20000000000002
v 25.6 128 -38.40000000000002
v 25.6 102.4 -38.40000000000002
v 25.6 128 -25.600000000000016
v 25.6 128 -12.800000000000017
v 25.6 153.60000000000002 -25.60000000000002
v 25.6 153.60000000000002 -12.80000000000002
v 25.6 127.99999999999999 -64.00000000000001
v 25.6 127.99999999999999 -83.20000000000002
v 25.6 102.39999999999999 -64.00000000000001
v 25.6 102.39999999999999 -76.80000000000003
v 25.6 128 -51.20000000000002
v 25.6 127.99999999999999 -64.00000000000001
v 25.6 102.4 -51.20000000000002
v 25.6 102.39999999999999 -64.00000000000001
v 25.6 128 -25.600000000000016
v 25.6 128 -38.40000000000002
v 25.6 102.4 -25.600000000000016
v 25.6 102.4 -32.000000000000014
v 25.6 102.4 -1.2540383223268897e-14
v 25.6 128 -1.567547902908612e-14
v 25.6 102.4 -12.800000000000013
v 25.6 128 -12.800000000000017
v 25.6 128 -1.567547902908612e-14
v 25.6 153.60000000000002 -1.8810574834903348e-14
v 25.6 128 -12.800000000000017
v 25.6 153.60000000000002 -12.80000000000002
vt 0.3515625 0.2421875
vt 0.140625 0.2421875
vt 0.28125 0
vt 0 0
vt 0.28125 0
vt 0.140625 0.2421875
vt 0.140625 0.2421875
vt 0 0.2421875
vt 0 0
vt 0.4921875 0
vt 0.4921875 0.25
vt 0.375 0
vt 0.375 0.25
vt 0.25 0
vt 0.375 0
vt 0.25 0.25
vt 0.375 0.25
vt 0.25 0.25
vt 0.25 0.4921875
vt 0.125 0.25
vt 0.125 0.4921875
vt 0.4921875 0.25
vt 0.4921875 0.4921875
vt 0.375 0.25
vt 0.375 0.4921875
vt 0.25 0.25
vt 0.125 0.25
vt 0.25 0
vt 0.125 0
vt 0.140625 0.2421875
vt 0.3515625 0.2421875
vt 0.140625 0.4921875
vt 0.28125 0.4921875
vt 0 0.2421875
vt 0.140625 0.2421875
vt 0 0.4921875
vt 0.140625 0.4921875
vt 0.25 0.25
vt 0.375 0.25
vt 0.25 0.4921875
vt 0.3125 0.4921875
vt 0 0.4921875
vt 0 0.25
vt 0.125 0.4921875
vt 0.125 0.25
vt 0 0.25
vt 0 0
vt 0.125 0.25
vt 0.125 0
vn 0.9701425001453319 0.24253562503633297 -2.970204768799478e-17
vn 0.9701425001453319 0.24253562503633297 -2.970204768799478e-17
vn 0.9701425001453319 0.24253562503633297 -2.970204768799478e-17
vn 0.9630868246861537 0.12038585308576918 -0.24077170617153842
vn 0.9630868246861537 0.12038585308576918 -0.24077170617153842
vn 0.9630868246861537 0.12038585308576918 -0.24077170617153842
vn 1 0 0
vn 1 0 0
vn 1 0 0
vn 1 0 0
vn 1 0 0
vn 1 0 0
vn 1 0 0
vn 1 0 0
vn 1 0 0
vn 1 0 0
vn 1 0 0
vn 1 0 0
vn 1 0 0
vn 1 0 0
vn 1 0 0
vn 1 0 0
vn 1 0 0
vn 1 0 0
vn 1 0 0
vn 1 0 0
vn 1 0 0
vn 1 0 0
vn 1 0 0
vn 1 0 0
vn 1 0 0
vn 1 0 0
vn 1 0 0
vn 1 0 0
vn 1 0 0
vn 1 0 0
vn 1 0 0
vn 1 0 0
vn 1 0 0
vn 1 0 0
vn 1 0 0
vn 1 0 0
vn 1 0 0
vn 1 0 0
vn 1 0 0
vn 1 0 0
vn 1 0 0
vn 1 0 0
vn 1 0 0
f 4292/4292/4292 4291/4291/4291 4290/4290/4290
f 4295/4295/4295 4294/4294/4294 4293/4293/4293
f 4298/4298/4298 4297/4297/4297 4296/4296/4296
f 4301/4301/4301 4300/4300/4300 4299/4299/4299
f 4300/4300/4300 4301/4301/4301 4302/4302/4302
f 4305/4305/4305 4304/4304/4304 4303/4303/4303
f 4304/4304/4304 4305/4305/4305 4306/4306/4306
f 4309/4309/4309 4308/4308/4308 4307/4307/4307
f 4308/4308/4308 4309/4309/4309 4310/4310/4310
f 4313/4313/4313 4312/4312/4312 4311/4311/4311
f 4312/4312/4312 4313/4313/4313 4314/4314/4314
f 4317/4317/4317 4316/4316/4316 4315/4315/4315
f 4316/4316/4316 4317/4317/4317 4318/4318/4318
f 4321/4321/4321 4320/4320/4320 4319/4319/4319
f 4320/4320/4320 4321/4321/4321 4322/4322/4322
f 4325/4325/4325 4324/4324/4324 4323/4323/4323
f 4324/4324/4324 4325/4325/4325 4326/4326/4326
f 4329/4329/4329 4328/4328/4328 4327/4327/4327
f 4328/4328/4328 4329/4329/4329 4330/4330/4330
f 4333/4333/4333 4332/4332/4332 4331/4331/4331
f 4332/4332/4332 4333/4333/4333 4334/4334/4334
f 4337/4337/4337 4336/4336/4336 4335/4335/4335
f 4336/4336/4336 4337/4337/4337 4338/4338/4338
o mesh_67
usemtl mat15
v 0 64 -25.60000000000001
v 22.400000000000002 64 -25.60000000000001
v 0 76.80000000000001 -25.600000000000012
v 22.400000000000002 76.80000000000001 -25.600000000000012
v 22.400000000000002 63.99999999999999 -38.40000000000001
v 0 63.99999999999999 -38.40000000000001
v 22.400000000000002 76.80000000000001 -38.40000000000001
v 0 76.80000000000001 -38.40000000000001
vt 0.9921875 0.4921875
vt 0.8125 0.4921875
vt 0.9921875 0.328125
vt 0.8125 0.328125
vt 0.8125 0.4921875
vt 0.9921875 0.4921875
vt 0.8125 0.328125
vt 0.9921875 0.328125
vn 0 -1.2246467991473532e-16 -1
vn 0 -1.2246467991473532e-16 -1
vn 0 -1.2246467991473532e-16 -1
vn 0 -1.2246467991473532e-16 -1
vn 0 1.2246467991473532e-16 1
vn 0 1.2246467991473532e-16 1
vn 0 1.2246467991473532e-16 1
vn 0 1.2246467991473532e-16 1
f 4341/4341/4341 4340/4340/4340 4339/4339/4339
f 4340/4340/4340 4341/4341/4341 4342/4342/4342
f 4345/4345/4345 4344/4344/4344 4343/4343/4343
f 4344/4344/4344 4345/4345/4345 4346/4346/4346
o mesh_68
usemtl mat9
v 22.400000000000002 63.99999999999999 -38.40000000000001
v 25.6 51.199999999999996 -38.40000000000001
v 0 63.99999999999999 -38.40000000000001
v 0 51.199999999999996 -38.40000000000001
v 25.6 51.2 -25.60000000000001
v 22.400000000000002 64 -25.60000000000001
v 0 51.2 -25.60000000000001
v 0 64 -25.60000000000001
vt 0.8359375 0.375
vt 0.8671875 0.4921875
vt 0.625 0.375
vt 0.625 0.4921875
vt 0.625 0.4921875
vt 0.6484375 0.375
vt 0.8671875 0.4921875
vt 0.8671875 0.375
vn 0 1.2246467991473532e-16 1
vn 0 1.2246467991473532e-16 1
vn 0 1.2246467991473532e-16 1
vn 0 1.2246467991473532e-16 1
vn 0 -1.2246467991473532e-16 -1
vn 0 -1.2246467991473532e-16 -1
vn 0 -1.2246467991473532e-16 -1
vn 0 -1.2246467991473532e-16 -1
f 4349/4349/4349 4348/4348/4348 4347/4347/4347
f 4348/4348/4348 4349/4349/4349 4350/4350/4350
f 4353/4353/4353 4352/4352/4352 4351/4351/4351
f 4352/4352/4352 4353/4353/4353 4354/4354/4354
o mesh_69
usemtl mat14
v 25.6 76.80000000000001 -9.405287417451674e-15
v 25.6 102.4 -1.2540383223268897e-14
v 25.6 89.60000000000001 -12.800000000000011
v 25.6 102.4 -12.800000000000013
vt 0.5 0.75
vt 0.5 0.5
vt 0.6171875 0.625
vt 0.6171875 0.5
vn 1 0 0
vn 1 0 0
vn 1 0 0
vn 1 0 0
f 4357/4357/4357 4356/4356/4356 4355/4355/4355
f 4356/4356/4356 4357/4357/4357 4358/4358/4358
o mesh_70
usemtl mat1
v 22.400000000000002 115.19999999999999 -160
v 19.200000000000003 140.79999999999998 -160.00000000000003
v 25.6 127.99999999999997 -179.20000000000005
v 25.6 127.99999999999997 -217.60000000000005
v 25.6 140.79999999999998 -217.60000000000005
v 25.6 115.19999999999997 -230.4
v 25.6 140.79999999999998 -230.40000000000003
vt 0.25 0.2421875
vt 0.25 0
vt 0.4921875 0.1171875
vt 0 0.1171875
vt 0 0
vt 0.1171875 0.2421875
vt 0.1171875 0
vn 0.9630868246861537 0.12038585308576923 0.24077170617153842
vn 0.9630868246861537 0.12038585308576923 0.24077170617153842
vn 0.9630868246861537 0.12038585308576923 0.24077170617153842
vn 1 0 0
vn 1 0 0
vn 1 0 0
vn 1 0 0
f 4361/4361/4361 4360/4360/4360 4359/4359/4359
f 4364/4364/4364 4363/4363/4363 4362/4362/4362
f 4363/4363/4363 4364/4364/4364 4365/4365/4365
o mesh_71
usemtl mat9
v 25.6 89.59999999999998 -192
v 25.6 102.39999999999998 -192
v 22.400000000000002 102.39999999999998 -192
v 25.6 89.59999999999998 -192
v 22.400000000000002 102.39999999999998 -192
v 0 89.59999999999998 -192
v 0 102.39999999999998 -192
v 22.400000000000002 102.39999999999998 -204.8
v 25.6 89.59999999999998 -204.8
v 0 102.39999999999998 -204.8
v 0 89.59999999999998 -204.8
vt 0.625 0.4921875
vt 0.625 0.375
vt 0.6484375 0.375
vt 0.625 0.4921875
vt 0.6484375 0.375
vt 0.8671875 0.4921875
vt 0.8671875 0.375
vt 0.8359375 0.375
vt 0.8671875 0.4921875
vt 0.625 0.375
vt 0.625 0.4921875
vn 0 -1.2246467991473532e-16 -1
vn 0 -1.2246467991473532e-16 -1
vn 0 -1.2246467991473532e-16 -1
vn 0 -1.2246467991473532e-16 -1
vn 0 -1.2246467991473532e-16 -1
vn 0 -1.2246467991473532e-16 -1
vn 0 -1.2246467991473532e-16 -1
vn 0 1.2246467991473532e-16 1
vn 0 1.2246467991473532e-16 1
vn 0 1.2246467991473532e-16 1
vn 0 1.2246467991473532e-16 1
f 4368/4368/4368 4367/4367/4367 4366/4366/4366
f 4371/4371/4371 4370/4370/4370 4369/4369/4369
f 4370/4370/4370 4371/4371/4371 4372/4372/4372
f 4375/4375/4375 4374/4374/4374 4373/4373/4373
f 4374/4374/4374 4375/4375/4375 4376/4376/4376
o mesh_72
usemtl mat15
v 0 102.39999999999998 -192
v 22.400000000000002 102.39999999999998 -192
v 0 115.19999999999997 -192
v 22.400000000000002 115.19999999999997 -192
v 22.400000000000002 102.39999999999998 -204.8
v 0 102.39999999999998 -204.8
v 22.400000000000002 115.19999999999997 -204.8
v 0 115.19999999999997 -204.8
vt 0.9921875 0.4296875
vt 0.8125 0.4296875
vt 0.9921875 0.3046875
vt 0.8125 0.3046875
vt 0.8125 0.4296875
vt 0.9921875 0.4296875
vt 0.8125 0.3046875
vt 0.9921875 0.3046875
vn 0 -1.2246467991473532e-16 -1
vn 0 -1.2246467991473532e-16 -1
vn 0 -1.2246467991473532e-16 -1
vn 0 -1.2246467991473532e-16 -1
vn 0 1.2246467991473532e-16 1
vn 0 1.2246467991473532e-16 1
vn 0 1.2246467991473532e-16 1
vn 0 1.2246467991473532e-16 1
f 4379/4379/4379 4378/4378/4378 4377/4377/4377
f 4378/4378/4378 4379/4379/4379 4380/4380/4380
f 4383/4383/4383 4382/4382/4382 4381/4381/4381
f 4382/4382/4382 4383/4383/4383 4384/4384/4384
o mesh_73
usemtl mat1
v 76 87.99999999999999 -91.20000000000002
v 76 83.19999999999999 -91.20000000000002
v 76.80000000000001 89.6 -89.60000000000002
v 76.80000000000001 83.19999999999999 -89.60000000000002
v 64 89.6 -89.60000000000002
v 64 83.19999999999999 -89.60000000000002
v 67.2 89.6 -92.00000000000001
v 67.2 83.19999999999999 -92.00000000000001
v 67.2 83.19999999999999 -92.00000000000001
v 76 83.19999999999999 -91.20000000000002
v 67.2 89.6 -92.00000000000001
v 76 87.99999999999999 -91.20000000000002
vt 0.3203125 0.0703125
vt 0.3203125 0.1171875
vt 0.296875 0.0625
vt 0.296875 0.1171875
vt 0.1171875 0.1796875
vt 0.1171875 0.2421875
vt 0.0859375 0.1796875
vt 0.0859375 0.2421875
vt 0.0859375 0.2421875
vt 0 0.2421875
vt 0.0859375 0.1796875
vt 0 0.1953125
vn 0.8944271909999157 -5.476786982642025e-17 -0.44721359549995787
vn 0.8944271909999157 -5.476786982642025e-17 -0.44721359549995787
vn 0.8944271909999157 -5.476786982642025e-17 -0.44721359549995787
vn 0.8944271909999157 -5.476786982642025e-17 -0.44721359549995787
vn -0.6000000095367429 -9.797174305585262e-17 -0.7999999928474428
vn -0.6000000095367429 -9.797174305585262e-17 -0.7999999928474428
vn -0.6000000095367429 -9.797174305585262e-17 -0.7999999928474428
vn -0.6000000095367429 -9.797174305585262e-17 -0.7999999928474428
vn 0.09053574738606589 -1.2196174274436884e-16 -0.9958932063455632
vn 0.09053574738606589 -1.2196174274436884e-16 -0.9958932063455632
vn 0.09053574738606589 -1.2196174274436884e-16 -0.9958932063455632
vn 0.09053574738606589 -1.2196174274436884e-16 -0.9958932063455632
f 4387/4387/4387 4386/4386/4386 4385/4385/4385
f 4386/4386/4386 4387/4387/4387 4388/4388/4388
f 4391/4391/4391 4390/4390/4390 4389/4389/4389
f 4390/4390/4390 4391/4391/4391 4392/4392/4392
f 4395/4395/4395 4394/4394/4394 4393/4393/4393
f 4394/4394/4394 4395/4395/4395 4396/4396/4396
o mesh_74
usemtl mat12
v 128 275.2 -89.60000000000004
v 153.60000000000002 275.2 -96.00000000000003
v 128 275.2 -102.40000000000003
v 25.6 275.2 -115.20000000000003
v 0 275.2 -110.40000000000003
v 25.6 275.2 -97.60000000000004
v 102.4 275.2 -115.20000000000003
v 128 275.2 -89.60000000000004
v 128 275.2 -102.40000000000003
v 89.60000000000001 275.2 -125.60000000000004
v 76.80000000000001 275.2 -161.60000000000005
v 76.80000000000001 275.2 -132.80000000000004
v 51.2 275.2 -118.40000000000003
v 25.6 275.2 -115.20000000000003
v 51.2 275.2 -91.20000000000003
v 25.6 275.2 -97.60000000000004
v 76.80000000000001 275.2 -132.80000000000004
v 51.2 275.2 -118.40000000000003
v 76.80000000000001 275.2 -110.40000000000003
v 51.2 275.2 -91.20000000000003
v 76.80000000000001 275.2 -132.80000000000004
v 76.80000000000001 275.2 -110.40000000000003
v 89.60000000000001 275.2 -125.60000000000004
v 102.4 275.2 -115.20000000000003
vt 0.1640625 0.6953125
vt 0.1640625 0.6953125
vt 0.1640625 0.6953125
vt 0.1640625 0.6953125
vt 0.1640625 0.6953125
vt 0.1640625 0.6953125
vt 0.1640625 0.6953125
vt 0.1640625 0.6953125
vt 0.1640625 0.6953125
vt 0.1640625 0.6953125
vt 0.1640625 0.6953125
vt 0.1640625 0.6953125
vt 0.1640625 0.6953125
vt 0.1640625 0.6953125
vt 0.1640625 0.6953125
vt 0.1640625 0.6953125
vt 0.1640625 0.6953125
vt 0.1640625 0.6953125
vt 0.1640625 0.6953125
vt 0.1640625 0.6953125
vt 0.1640625 0.6953125
vt 0.1640625 0.6953125
vt 0.1640625 0.6953125
vt 0.1640625 0.6953125
vn 0 -1 1.2246467991473532e-16
vn 0 -1 1.2246467991473532e-16
vn 0 -1 1.2246467991473532e-16
vn 0 -1 1.2246467991473532e-16
vn 0 -1 1.2246467991473532e-16
vn 0 -1 1.2246467991473532e-16
vn 0 -1 1.2246467991473532e-16
vn 0 -1 1.2246467991473532e-16
vn 0 -1 1.2246467991473532e-16
vn 0 -1 1.2246467991473532e-16
vn 0 -1 1.2246467991473532e-16
vn 0 -1 1.2246467991473532e-16
vn 0 -1 1.2246467991473532e-16
vn 0 -1 1.2246467991473532e-16
vn 0 -1 1.2246467991473532e-16
vn 0 -1 1.2246467991473532e-16
vn 0 -1 1.2246467991473532e-16
vn 0 -1 1.2246467991473532e-16
vn 0 -1 1.2246467991473532e-16
vn 0 -1 1.2246467991473532e-16
vn 0 -1 1.2246467991473532e-16
vn 0 -1 1.2246467991473532e-16
vn 0 -1 1.2246467991473532e-16
vn 0 -1 1.2246467991473532e-16
f 4399/4399/4399 4398/4398/4398 4397/4397/4397
f 4402/4402/4402 4401/4401/4401 4400/4400/4400
f 4405/4405/4405 4404/4404/4404 4403/4403/4403
f 4408/4408/4408 4407/4407/4407 4406/4406/4406
f 4411/4411/4411 4410/4410/4410 4409/4409/4409
f 4410/4410/4410 4411/4411/4411 4412/4412/4412
f 4415/4415/4415 4414/4414/4414 4413/4413/4413
f 4414/4414/4414 4415/4415/4415 4416/4416/4416
f 4419/4419/4419 4418/4418/4418 4417/4417/4417
f 4418/4418/4418 4419/4419/4419 4420/4420/4420
