mtllib MAP117.mtl
o mesh_0
usemtl mat0
v 25.6 -2.3513218543629183e-14 -192
v 32 -2.4296992495083487e-14 -198.4
v 38.400000000000006 -2.3513218543629183e-14 -192
vt 0.625 0.3046875
vt 0.6796875 0.25
vt 0.7421875 0.3046875
vn 0 1 -1.2246467991473532e-16
vn 0 1 -1.2246467991473532e-16
vn 0 1 -1.2246467991473532e-16
f 3/3/3 2/2/2 1/1/1
o mesh_1
usemtl mat0
v 25.6 -2.3513218543629183e-14 -192
v 32 -2.4296992495083487e-14 -198.4
v 38.400000000000006 -2.3513218543629183e-14 -192
vt 0.625 0.3046875
vt 0.6796875 0.25
vt 0.7421875 0.3046875
vn 0 1 -1.2246467991473532e-16
vn 0 1 -1.2246467991473532e-16
vn 0 1 -1.2246467991473532e-16
f 6/6/6 5/5/5 4/4/4
o mesh_2
usemtl mat0
v 38.400000000000006 64 -7.83773951454306e-15
v 32 64 6.399999999999992
v 25.6 64 -7.83773951454306e-15
vt 0.625 0.3046875
vt 0.6796875 0.25
vt 0.7421875 0.3046875
vn 0 1 -1.2246467991473532e-16
vn 0 1 -1.2246467991473532e-16
vn 0 1 -1.2246467991473532e-16
f 9/9/9 8/8/8 7/7/7
o mesh_3
usemtl mat0
v 38.400000000000006 64 -7.83773951454306e-15
v 32 64 6.399999999999992
v 25.6 64 -7.83773951454306e-15
vt 0.625 0.3046875
vt 0.6796875 0.25
vt 0.7421875 0.3046875
vn 0 1 -1.2246467991473532e-16
vn 0 1 -1.2246467991473532e-16
vn 0 1 -1.2246467991473532e-16
f 12/12/12 11/11/11 10/10/10
o mesh_4
usemtl mat1
v 12.9 12.8 -0.10000000000000157
v 0.1 12.8 -0.10000000000000157
v 12.9 25.6 -0.10000000000000314
v 0.1 25.6 -0.10000000000000314
v 0.1 12.8 -0.10000000000000157
v 12.9 12.8 -0.10000000000000157
v 0.1 25.6 -0.10000000000000314
v 12.9 25.6 -0.10000000000000314
v 0.1 -1.2246467991473533e-17 -0.1
v 12.9 -1.2246467991473533e-17 -0.1
v 0.1 12.8 -0.10000000000000157
v 12.9 12.8 -0.10000000000000157
v 12.9 -1.2246467991473533e-17 -0.1
v 0.1 -1.2246467991473533e-17 -0.1
v 12.9 12.8 -0.10000000000000157
v 0.1 12.8 -0.10000000000000157
vt 0.9921875 0.875
vt 0.875 0.875
vt 0.9921875 0.75
vt 0.875 0.75
vt 0.875 0.875
vt 0.9921875 0.875
vt 0.875 0.75
vt 0.9921875 0.75
vt 0.875 0.9921875
vt 0.9921875 0.9921875
vt 0.875 0.875
vt 0.9921875 0.875
vt 0.9921875 0.9921875
vt 0.875 0.9921875
vt 0.9921875 0.875
vt 0.875 0.875
vn 0 1.2246467991473532e-16 1
vn 0 1.2246467991473532e-16 1
vn 0 1.2246467991473532e-16 1
vn 0 1.2246467991473532e-16 1
vn 0 -1.2246467991473532e-16 -1
vn 0 -1.2246467991473532e-16 -1
vn 0 -1.2246467991473532e-16 -1
vn 0 -1.2246467991473532e-16 -1
vn 0 -1.2246467991473532e-16 -1
vn 0 -1.2246467991473532e-16 -1
vn 0 -1.2246467991473532e-16 -1
vn 0 -1.2246467991473532e-16 -1
vn 0 1.2246467991473532e-16 1
vn 0 1.2246467991473532e-16 1
vn 0 1.2246467991473532e-16 1
vn 0 1.2246467991473532e-16 1
f 15/15/15 14/14/14 13/13/13
f 14/14/14 15/15/15 16/16/16
f 19/19/19 18/18/18 17/17/17
f 18/18/18 19/19/19 20/20/20
f 23/23/23 22/22/22 21/21/21
f 22/22/22 23/23/23 24/24/24
f 27/27/27 26/26/26 25/25/25
f 26/26/26 27/27/27 28/28/28
o mesh_5
usemtl mat1
v 12.9 12.9 0.09999999999999842
v 0.1 12.9 0.09999999999999842
v 12.9 25.700000000000003 0.09999999999999686
v 0.1 25.700000000000003 0.09999999999999686
v 0.1 12.9 0.09999999999999842
v 12.9 12.9 0.09999999999999842
v 0.1 25.700000000000003 0.09999999999999686
v 12.9 25.700000000000003 0.09999999999999686
v 0.1 0.10000000000000002 0.09999999999999999
v 12.9 0.10000000000000002 0.09999999999999999
v 0.1 12.9 0.09999999999999842
v 12.9 12.9 0.09999999999999842
v 12.9 0.10000000000000002 0.09999999999999999
v 0.1 0.10000000000000002 0.09999999999999999
v 12.9 12.9 0.09999999999999842
v 0.1 12.9 0.09999999999999842
vt 0.9921875 0.875
vt 0.875 0.875
vt 0.9921875 0.75
vt 0.875 0.75
vt 0.875 0.875
vt 0.9921875 0.875
vt 0.875 0.75
vt 0.9921875 0.75
vt 0.875 0.9921875
vt 0.9921875 0.9921875
vt 0.875 0.875
vt 0.9921875 0.875
vt 0.9921875 0.9921875
vt 0.875 0.9921875
vt 0.9921875 0.875
vt 0.875 0.875
vn 0 1.2246467991473532e-16 1
vn 0 1.2246467991473532e-16 1
vn 0 1.2246467991473532e-16 1
vn 0 1.2246467991473532e-16 1
vn 0 -1.2246467991473532e-16 -1
vn 0 -1.2246467991473532e-16 -1
vn 0 -1.2246467991473532e-16 -1
vn 0 -1.2246467991473532e-16 -1
vn 0 -1.2246467991473532e-16 -1
vn 0 -1.2246467991473532e-16 -1
vn 0 -1.2246467991473532e-16 -1
vn 0 -1.2246467991473532e-16 -1
vn 0 1.2246467991473532e-16 1
vn 0 1.2246467991473532e-16 1
vn 0 1.2246467991473532e-16 1
vn 0 1.2246467991473532e-16 1
f 31/31/31 30/30/30 29/29/29
f 30/30/30 31/31/31 32/32/32
f 35/35/35 34/34/34 33/33/33
f 34/34/34 35/35/35 36/36/36
f 39/39/39 38/38/38 37/37/37
f 38/38/38 39/39/39 40/40/40
f 43/43/43 42/42/42 41/41/41
f 42/42/42 43/43/43 44/44/44
o mesh_6
usemtl mat2
v -0.8 1.6 -1.9594348786357652e-16
v 0.8 1.6 -1.9594348786357652e-16
v -0.8 -1.6 1.9594348786357652e-16
v 0.8 -1.6 1.9594348786357652e-16
vt 0.625 0.375
vt 0.6484375 0.375
vt 0.625 0.4296875
vt 0.6484375 0.4296875
vn 0 1.2246467991473532e-16 1
vn 0 1.2246467991473532e-16 1
vn 0 1.2246467991473532e-16 1
vn 0 1.2246467991473532e-16 1
f 47/47/47 46/46/46 45/45/45
f 46/46/46 47/47/47 48/48/48
o mesh_7
usemtl mat2
v -0.7000000000000001 1.6 -1.9594348786357652e-16
v 0.9 1.6 -1.9594348786357652e-16
v -0.7000000000000001 -1.6 1.9594348786357652e-16
v 0.9 -1.6 1.9594348786357652e-16
vt 0.625 0.375
vt 0.6484375 0.375
vt 0.625 0.4296875
vt 0.6484375 0.4296875
vn 0 1.2246467991473532e-16 1
vn 0 1.2246467991473532e-16 1
vn 0 1.2246467991473532e-16 1
vn 0 1.2246467991473532e-16 1
f 51/51/51 50/50/50 49/49/49
f 50/50/50 51/51/51 52/52/52
o mesh_8
usemtl mat3
v -1.4000000000000001 3.2 -3.9188697572715305e-16
v 1.8 3.2 -3.9188697572715305e-16
v -1.4000000000000001 -3.2 3.9188697572715305e-16
v 1.8 -3.2 3.9188697572715305e-16
vt 0 0.625
vt 0.0546875 0.625
vt 0 0.7421875
vt 0.0546875 0.7421875
vn 0 1.2246467991473532e-16 1
vn 0 1.2246467991473532e-16 1
vn 0 1.2246467991473532e-16 1
vn 0 1.2246467991473532e-16 1
f 55/55/55 54/54/54 53/53/53
f 54/54/54 55/55/55 56/56/56
o mesh_9
usemtl mat3
v -1.4000000000000001 3.3000000000000003 -0.10000000000000041
v 1.8 3.3000000000000003 -0.10000000000000041
v -1.4000000000000001 -3.1 -0.09999999999999963
v 1.8 -3.1 -0.09999999999999963
vt 0 0.625
vt 0.0546875 0.625
vt 0 0.7421875
vt 0.0546875 0.7421875
vn 0 1.2246467991473532e-16 1
vn 0 1.2246467991473532e-16 1
vn 0 1.2246467991473532e-16 1
vn 0 1.2246467991473532e-16 1
f 59/59/59 58/58/58 57/57/57
f 58/58/58 59/59/59 60/60/60
o mesh_10
usemtl mat3
v -1.7000000000000002 3.3000000000000003 -0.10000000000000041
v 1.5 3.3000000000000003 -0.10000000000000041
v -1.7000000000000002 -3.1 -0.09999999999999963
v 1.5 -3.1 -0.09999999999999963
vt 0 0.625
vt 0.0546875 0.625
vt 0 0.7421875
vt 0.0546875 0.7421875
vn 0 1.2246467991473532e-16 1
vn 0 1.2246467991473532e-16 1
vn 0 1.2246467991473532e-16 1
vn 0 1.2246467991473532e-16 1
f 63/63/63 62/62/62 61/61/61
f 62/62/62 63/63/63 64/64/64
o mesh_11
usemtl mat3
v -1.7000000000000002 3.2 -3.9188697572715305e-16
v 1.5 3.2 -3.9188697572715305e-16
v -1.7000000000000002 -3.2 3.9188697572715305e-16
v 1.5 -3.2 3.9188697572715305e-16
vt 0 0.625
vt 0.0546875 0.625
vt 0 0.7421875
vt 0.0546875 0.7421875
vn 0 1.2246467991473532e-16 1
vn 0 1.2246467991473532e-16 1
vn 0 1.2246467991473532e-16 1
vn 0 1.2246467991473532e-16 1
f 67/67/67 66/66/66 65/65/65
f 66/66/66 67/67/67 68/68/68
o mesh_12
usemtl mat3
v -1.4000000000000001 1.6 -0.1000000000000002
v 1.8 1.6 -0.1000000000000002
v -1.4000000000000001 -1.6 -0.09999999999999981
v 1.8 -1.6 -0.09999999999999981
vt 0 0.625
vt 0.0546875 0.625
vt 0 0.7421875
vt 0.0546875 0.7421875
vn 0 1.2246467991473532e-16 1
vn 0 1.2246467991473532e-16 1
vn 0 1.2246467991473532e-16 1
vn 0 1.2246467991473532e-16 1
f 71/71/71 70/70/70 69/69/69
f 70/70/70 71/71/71 72/72/72
o mesh_13
usemtl mat4
v 64 25.599999999999987 -128
v 64 25.599999999999987 -115.2
v 60.800000000000004 25.599999999999987 -115.2
v 60.800000000000004 25.599999999999987 -102.4
v 64 25.599999999999987 -102.4
v 64 25.59999999999999 -99.2
v 60.800000000000004 -1.8810574834903348e-14 -153.60000000000002
v 64 -1.8810574834903348e-14 -153.60000000000002
v 64 -1.8418687859176194e-14 -150.4
v 64 63.99999999999999 -38.40000000000001
v 51.2 64 -25.60000000000001
v 41.6 64 -25.60000000000001
v 3.2 -1.8810574834903348e-14 -153.60000000000002
v 3.2 -2.037812273781196e-14 -166.4
v 12.8 -2.037812273781196e-14 -166.4
v 12.8 64 -25.60000000000001
v 18.400000000000002 63.99999999999999 -36.80000000000001
v 20.8 64.8 -33.60000000000001
v 20.8 62.4 -37.60000000000001
v 18.400000000000002 63.99999999999999 -36.80000000000001
v 0 63.99999999999999 -38.40000000000001
v 20.8 62.4 -37.60000000000001
v 0 63.99999999999999 -38.40000000000001
v 0 60.8 -38.40000000000001
v 20.8 60.8 -38.40000000000001
v 25.6 60.8 -38.40000000000001
v 20.8 62.4 -37.60000000000001
v 38.400000000000006 25.599999999999987 -102.4
v 25.6 25.599999999999987 -102.4
v 25.6 25.599999999999987 -115.2
v 12.8 64 -25.60000000000001
v 0 63.99999999999999 -38.40000000000001
v 18.400000000000002 63.99999999999999 -36.80000000000001
v 20.8 62.4 -37.60000000000001
v 0 60.8 -38.40000000000001
v 20.8 60.8 -38.40000000000001
v 20.8 64.8 -33.60000000000001
v 22.400000000000002 64 -25.60000000000001
v 12.8 64 -25.60000000000001
v 51.2 -2.037812273781196e-14 -166.4
v 60.800000000000004 -2.037812273781196e-14 -166.4
v 60.800000000000004 -1.8810574834903348e-14 -153.60000000000002
v 22.400000000000002 64 -25.60000000000001
v 25.6 64 -25.60000000000001
v 25.6 64 -22.40000000000001
v 38.400000000000006 64 -22.40000000000001
v 38.400000000000006 64 -25.60000000000001
v 41.6 64 -25.60000000000001
v 0 64 -25.60000000000001
v 0 63.99999999999999 -38.40000000000001
v 12.8 64 -25.60000000000001
v 51.2 64 -25.60000000000001
v 64 63.99999999999999 -38.40000000000001
v 64 64 -25.60000000000001
v 25.6 38.4 -76.80000000000001
v 25.6 38.4 -64
v 0 38.4 -76.80000000000001
v 0 38.4 -64
v 64 38.4 -64
v 64 38.4 -60.80000000000001
v 38.400000000000006 38.4 -64
v 38.400000000000006 38.4 -60.80000000000001
v 0 51.199999999999996 -48.00000000000001
v 25.6 51.199999999999996 -48.00000000000001
v 0 54.4 -48.00000000000001
v 25.6 54.4 -48.00000000000001
v 64 60.8 -41.60000000000001
v 64 60.8 -38.40000000000001
v 38.400000000000006 60.8 -41.60000000000001
v 38.400000000000006 60.8 -38.40000000000001
v 38.400000000000006 38.4 -76.80000000000001
v 64 38.4 -76.80000000000001
v 38.400000000000006 38.4 -64
v 64 38.4 -64
v 25.6 38.4 -76.80000000000001
v 0 38.4 -76.80000000000001
v 25.6 38.39999999999999 -89.60000000000001
v 0 38.39999999999999 -89.60000000000001
v 25.6 51.199999999999996 -51.20000000000001
v 25.6 51.199999999999996 -48.00000000000001
v 0 51.199999999999996 -51.20000000000001
v 0 51.199999999999996 -48.00000000000001
v 23.200000000000003 63.99999999999999 -36.00000000000001
v 25.6 63.99999999999999 -38.40000000000001
v 22.400000000000002 64 -25.60000000000001
v 25.6 64 -25.60000000000001
v 60.800000000000004 -1.8810574834903348e-14 -153.60000000000002
v 38.400000000000006 -1.8810574834903348e-14 -153.60000000000002
v 51.2 -2.037812273781196e-14 -166.4
v 38.400000000000006 -2.037812273781196e-14 -166.4
v 64 41.599999999999994 -57.60000000000001
v 64 44.8 -57.60000000000001
v 38.400000000000006 41.599999999999994 -57.60000000000001
v 38.400000000000006 44.8 -57.60000000000001
v 64 41.599999999999994 -60.80000000000001
v 64 41.599999999999994 -57.60000000000001
v 38.400000000000006 41.599999999999994 -60.80000000000001
v 38.400000000000006 41.599999999999994 -57.60000000000001
v 64 38.4 -60.80000000000001
v 64 41.599999999999994 -60.80000000000001
v 38.400000000000006 38.4 -60.80000000000001
v 38.400000000000006 41.599999999999994 -60.80000000000001
v 0 47.99999999999999 -51.20000000000001
v 0 47.99999999999999 -54.40000000000001
v 25.6 47.99999999999999 -51.20000000000001
v 25.6 47.99999999999999 -54.40000000000001
v 38.400000000000006 47.99999999999999 -51.20000000000001
v 38.400000000000006 51.199999999999996 -51.20000000000001
v 25.6 47.99999999999999 -51.20000000000001
v 25.6 51.199999999999996 -51.20000000000001
v 0 15.999999999999984 -134.4
v 0 15.999999999999984 -137.6
v 25.6 15.999999999999984 -134.4
v 25.6 15.999999999999984 -137.6
v 0 47.99999999999999 -54.40000000000001
v 0 44.8 -54.40000000000001
v 25.6 47.99999999999999 -54.40000000000001
v 25.6 44.8 -54.40000000000001
v 38.400000000000006 44.8 -54.40000000000001
v 38.400000000000006 47.99999999999999 -54.40000000000001
v 25.6 44.8 -54.40000000000001
v 25.6 47.99999999999999 -54.40000000000001
v 38.400000000000006 15.999999999999984 -134.4
v 38.400000000000006 19.199999999999985 -134.4
v 25.6 15.999999999999984 -134.4
v 25.6 19.199999999999985 -134.4
v 0 44.8 -54.40000000000001
v 0 44.8 -57.60000000000001
v 25.6 44.8 -54.40000000000001
v 25.6 44.8 -57.60000000000001
v 38.400000000000006 44.8 -57.60000000000001
v 38.400000000000006 44.8 -54.40000000000001
v 25.6 44.8 -57.60000000000001
v 25.6 44.8 -54.40000000000001
v 0 19.199999999999985 -134.4
v 0 15.999999999999984 -134.4
v 25.6 19.199999999999985 -134.4
v 25.6 15.999999999999984 -134.4
v 38.400000000000006 54.4 -44.80000000000001
v 38.400000000000006 57.599999999999994 -44.80000000000001
v 25.6 54.4 -44.80000000000001
v 25.6 57.599999999999994 -44.80000000000001
v 0 57.599999999999994 -44.80000000000001
v 0 54.4 -44.80000000000001
v 25.6 57.599999999999994 -44.80000000000001
v 25.6 54.4 -44.80000000000001
v 38.400000000000006 15.999999999999984 -137.6
v 38.400000000000006 15.999999999999984 -134.4
v 25.6 15.999999999999984 -137.6
v 25.6 15.999999999999984 -134.4
v 64 35.19999999999999 -89.60000000000001
v 64 38.39999999999999 -89.60000000000001
v 38.400000000000006 35.19999999999999 -89.60000000000001
v 38.400000000000006 38.39999999999999 -89.60000000000001
v 64 31.99999999999999 -92.80000000000001
v 64 35.19999999999999 -92.80000000000001
v 38.400000000000006 31.99999999999999 -92.80000000000001
v 38.400000000000006 35.19999999999999 -92.80000000000001
v 64 31.99999999999999 -96
v 64 31.99999999999999 -92.80000000000001
v 38.400000000000006 31.99999999999999 -96
v 38.400000000000006 31.99999999999999 -92.80000000000001
v 64 28.79999999999999 -96
v 64 31.99999999999999 -96
v 38.400000000000006 28.79999999999999 -96
v 38.400000000000006 31.99999999999999 -96
v 64 28.79999999999999 -99.2
v 64 28.79999999999999 -96
v 38.400000000000006 28.79999999999999 -99.2
v 38.400000000000006 28.79999999999999 -96
v 64 25.59999999999999 -99.2
v 64 28.79999999999999 -99.2
v 38.400000000000006 25.59999999999999 -99.2
v 38.400000000000006 28.79999999999999 -99.2
v 60.800000000000004 25.599999999999987 -102.4
v 64 25.59999999999999 -99.2
v 38.400000000000006 25.599999999999987 -102.4
v 38.400000000000006 25.59999999999999 -99.2
v 0 54.4 -44.80000000000001
v 0 54.4 -48.00000000000001
v 25.6 54.4 -44.80000000000001
v 25.6 54.4 -48.00000000000001
v 0 35.19999999999999 -89.60000000000001
v 0 35.19999999999999 -92.80000000000001
v 25.6 35.19999999999999 -89.60000000000001
v 25.6 35.19999999999999 -92.80000000000001
v 38.400000000000006 35.19999999999999 -89.60000000000001
v 38.400000000000006 38.39999999999999 -89.60000000000001
v 25.6 35.19999999999999 -89.60000000000001
v 25.6 38.39999999999999 -89.60000000000001
v 38.400000000000006 54.4 -48.00000000000001
v 38.400000000000006 54.4 -44.80000000000001
v 25.6 54.4 -48.00000000000001
v 25.6 54.4 -44.80000000000001
v 0 35.19999999999999 -92.80000000000001
v 0 31.99999999999999 -92.80000000000001
v 25.6 35.19999999999999 -92.80000000000001
v 25.6 31.99999999999999 -92.80000000000001
v 38.400000000000006 31.99999999999999 -92.80000000000001
v 38.400000000000006 35.19999999999999 -92.80000000000001
v 25.6 31.99999999999999 -92.80000000000001
v 25.6 35.19999999999999 -92.80000000000001
v 38.400000000000006 19.199999999999985 -134.4
v 38.400000000000006 19.199999999999985 -131.20000000000002
v 25.6 19.199999999999985 -134.4
v 25.6 19.199999999999985 -131.20000000000002
v 0 31.99999999999999 -92.80000000000001
v 0 31.99999999999999 -96
v 25.6 31.99999999999999 -92.80000000000001
v 25.6 31.99999999999999 -96
v 38.400000000000006 31.99999999999999 -96
v 38.400000000000006 31.99999999999999 -92.80000000000001
v 25.6 31.99999999999999 -96
v 25.6 31.99999999999999 -92.80000000000001
v 0 31.99999999999999 -96
v 0 28.79999999999999 -96
v 25.6 31.99999999999999 -96
v 25.6 28.79999999999999 -96
v 38.400000000000006 28.79999999999999 -96
v 38.400000000000006 31.99999999999999 -96
v 25.6 28.79999999999999 -96
v 25.6 31.99999999999999 -96
v 38.400000000000006 51.199999999999996 -48.00000000000001
v 38.400000000000006 54.4 -48.00000000000001
v 25.6 51.199999999999996 -48.00000000000001
v 25.6 54.4 -48.00000000000001
v 0 28.79999999999999 -96
v 0 28.79999999999999 -99.2
v 25.6 28.79999999999999 -96
v 25.6 28.79999999999999 -99.2
v 38.400000000000006 28.79999999999999 -99.2
v 38.400000000000006 28.79999999999999 -96
v 25.6 28.79999999999999 -99.2
v 25.6 28.79999999999999 -96
v 0 19.199999999999985 -131.20000000000002
v 0 19.199999999999985 -134.4
v 25.6 19.199999999999985 -131.20000000000002
v 25.6 19.199999999999985 -134.4
v 0 28.79999999999999 -99.2
v 0 25.59999999999999 -99.2
v 25.6 28.79999999999999 -99.2
v 25.6 25.59999999999999 -99.2
v 38.400000000000006 25.59999999999999 -99.2
v 38.400000000000006 28.79999999999999 -99.2
v 25.6 25.59999999999999 -99.2
v 25.6 28.79999999999999 -99.2
v 0 25.59999999999999 -99.2
v 3.2 25.599999999999987 -102.4
v 25.6 25.59999999999999 -99.2
v 25.6 25.599999999999987 -102.4
v 38.400000000000006 25.599999999999987 -102.4
v 38.400000000000006 25.59999999999999 -99.2
v 25.6 25.599999999999987 -102.4
v 25.6 25.59999999999999 -99.2
v 25.6 47.99999999999999 -51.20000000000001
v 25.6 47.99999999999999 -54.40000000000001
v 38.400000000000006 47.99999999999999 -51.20000000000001
v 38.400000000000006 47.99999999999999 -54.40000000000001
v 38.400000000000006 47.99999999999999 -51.20000000000001
v 38.400000000000006 47.99999999999999 -54.40000000000001
v 64 47.99999999999999 -51.20000000000001
v 64 47.99999999999999 -54.40000000000001
v 38.400000000000006 60.8 -41.60000000000001
v 38.400000000000006 57.599999999999994 -41.60000000000001
v 64 60.8 -41.60000000000001
v 64 57.599999999999994 -41.60000000000001
v 12.8 -2.037812273781196e-14 -166.4
v 25.6 -2.037812273781196e-14 -166.4
v 3.2 -1.8810574834903348e-14 -153.60000000000002
v 25.6 -1.8810574834903348e-14 -153.60000000000002
v 0 57.599999999999994 -41.60000000000001
v 25.6 57.599999999999994 -41.60000000000001
v 19.200000000000003 59.199999999999996 -41.60000000000001
v 20.8 59.199999999999996 -41.60000000000001
v 19.200000000000003 59.199999999999996 -41.60000000000001
v 18.400000000000002 60.8 -41.60000000000001
v 0 57.599999999999994 -41.60000000000001
v 0 60.8 -41.60000000000001
v 25.6 57.599999999999994 -41.60000000000001
v 25.6 60.8 -41.60000000000001
v 20.8 59.199999999999996 -41.60000000000001
v 20.8 60.8 -41.60000000000001
v 25.6 60.8 -41.60000000000001
v 25.6 60.8 -38.40000000000001
v 20.8 60.8 -41.60000000000001
v 20.8 60.8 -38.40000000000001
v 64 47.99999999999999 -51.20000000000001
v 64 51.199999999999996 -51.20000000000001
v 38.400000000000006 47.99999999999999 -51.20000000000001
v 38.400000000000006 51.199999999999996 -51.20000000000001
v 64 44.8 -54.40000000000001
v 64 47.99999999999999 -54.40000000000001
v 38.400000000000006 44.8 -54.40000000000001
v 38.400000000000006 47.99999999999999 -54.40000000000001
v 64 44.8 -57.60000000000001
v 64 44.8 -54.40000000000001
v 38.400000000000006 44.8 -57.60000000000001
v 38.400000000000006 44.8 -54.40000000000001
v 0 44.8 -57.60000000000001
v 0 41.599999999999994 -57.60000000000001
v 25.6 44.8 -57.60000000000001
v 25.6 41.599999999999994 -57.60000000000001
v 38.400000000000006 41.599999999999994 -57.60000000000001
v 38.400000000000006 44.8 -57.60000000000001
v 25.6 41.599999999999994 -57.60000000000001
v 25.6 44.8 -57.60000000000001
v 0 15.999999999999984 -137.6
v 0 12.799999999999985 -137.6
v 25.6 15.999999999999984 -137.6
v 25.6 12.799999999999985 -137.6
v 0 41.599999999999994 -57.60000000000001
v 0 41.599999999999994 -60.80000000000001
v 25.6 41.599999999999994 -57.60000000000001
v 25.6 41.599999999999994 -60.80000000000001
v 38.400000000000006 41.599999999999994 -60.80000000000001
v 38.400000000000006 41.599999999999994 -57.60000000000001
v 25.6 41.599999999999994 -60.80000000000001
v 25.6 41.599999999999994 -57.60000000000001
v 38.400000000000006 19.199999999999985 -131.20000000000002
v 38.400000000000006 22.399999999999984 -131.20000000000002
v 25.6 19.199999999999985 -131.20000000000002
v 25.6 22.399999999999984 -131.20000000000002
v 0 41.599999999999994 -60.80000000000001
v 0 38.4 -60.80000000000001
v 25.6 41.599999999999994 -60.80000000000001
v 25.6 38.4 -60.80000000000001
v 38.400000000000006 38.4 -60.80000000000001
v 38.400000000000006 41.599999999999994 -60.80000000000001
v 25.6 38.4 -60.80000000000001
v 25.6 41.599999999999994 -60.80000000000001
v 0 22.399999999999984 -131.20000000000002
v 0 19.199999999999985 -131.20000000000002
v 25.6 22.399999999999984 -131.20000000000002
v 25.6 19.199999999999985 -131.20000000000002
v 0 38.4 -60.80000000000001
v 0 38.4 -64
v 25.6 38.4 -60.80000000000001
v 25.6 38.4 -64
v 38.400000000000006 38.4 -64
v 38.400000000000006 38.4 -60.80000000000001
v 25.6 38.4 -64
v 25.6 38.4 -60.80000000000001
v 25.6 60.8 -38.40000000000001
v 25.6 60.8 -41.60000000000001
v 38.400000000000006 60.8 -38.40000000000001
v 38.400000000000006 60.8 -41.60000000000001
v 38.400000000000006 12.799999999999985 -137.6
v 38.400000000000006 15.999999999999984 -137.6
v 25.6 12.799999999999985 -137.6
v 25.6 15.999999999999984 -137.6
v 0 51.199999999999996 -51.20000000000001
v 0 47.99999999999999 -51.20000000000001
v 25.6 51.199999999999996 -51.20000000000001
v 25.6 47.99999999999999 -51.20000000000001
v 38.400000000000006 64 -22.40000000000001
v 38.400000000000006 64 -12.800000000000008
v 25.6 64 -22.40000000000001
v 25.6 64 -12.800000000000008
v 64 60.8 -38.40000000000001
v 64 63.99999999999999 -38.40000000000001
v 38.400000000000006 60.8 -38.40000000000001
v 38.400000000000006 63.99999999999999 -38.40000000000001
v 64 57.599999999999994 -44.80000000000001
v 64 57.599999999999994 -41.60000000000001
v 38.400000000000006 57.599999999999994 -44.80000000000001
v 38.400000000000006 57.599999999999994 -41.60000000000001
v 64 54.4 -44.80000000000001
v 64 57.599999999999994 -44.80000000000001
v 38.400000000000006 54.4 -44.80000000000001
v 38.400000000000006 57.599999999999994 -44.80000000000001
v 64 54.4 -48.00000000000001
v 64 54.4 -44.80000000000001
v 38.400000000000006 54.4 -48.00000000000001
v 38.400000000000006 54.4 -44.80000000000001
v 64 51.199999999999996 -48.00000000000001
v 64 54.4 -48.00000000000001
v 38.400000000000006 51.199999999999996 -48.00000000000001
v 38.400000000000006 54.4 -48.00000000000001
v 64 51.199999999999996 -51.20000000000001
v 64 51.199999999999996 -48.00000000000001
v 38.400000000000006 51.199999999999996 -51.20000000000001
v 38.400000000000006 51.199999999999996 -48.00000000000001
v 38.400000000000006 -2.3513218543629183e-14 -192
v 38.400000000000006 -2.194567064072057e-14 -179.20000000000002
v 25.6 -2.3513218543629183e-14 -192
v 25.6 -2.194567064072057e-14 -179.20000000000002
v 3.2 25.599999999999987 -115.2
v 0 25.599999999999987 -128
v 25.6 25.599999999999987 -115.2
v 25.6 25.599999999999987 -128
v 3.2 25.599999999999987 -102.4
v 3.2 25.599999999999987 -115.2
v 25.6 25.599999999999987 -102.4
v 25.6 25.599999999999987 -115.2
v 25.6 -2.037812273781196e-14 -166.4
v 25.6 -2.194567064072057e-14 -179.20000000000002
v 38.400000000000006 -2.037812273781196e-14 -166.4
v 38.400000000000006 -2.194567064072057e-14 -179.20000000000002
v 25.6 -1.8810574834903348e-14 -153.60000000000002
v 25.6 -2.037812273781196e-14 -166.4
v 38.400000000000006 -1.8810574834903348e-14 -153.60000000000002
v 38.400000000000006 -2.037812273781196e-14 -166.4
v 25.6 25.599999999999987 -115.2
v 25.6 25.599999999999987 -128
v 38.400000000000006 25.599999999999987 -115.2
v 38.400000000000006 25.599999999999987 -128
v 25.6 38.39999999999999 -89.60000000000001
v 38.400000000000006 38.39999999999999 -89.60000000000001
v 25.6 38.4 -76.80000000000001
v 38.400000000000006 38.4 -76.80000000000001
v 38.400000000000006 22.399999999999988 -128
v 38.400000000000006 25.599999999999987 -128
v 25.6 22.399999999999988 -128
v 25.6 25.599999999999987 -128
v 25.6 64 -25.60000000000001
v 25.6 63.99999999999999 -38.40000000000001
v 38.400000000000006 64 -25.60000000000001
v 38.400000000000006 63.99999999999999 -38.40000000000001
v 25.6 64 -22.40000000000001
v 25.6 64 -25.60000000000001
v 38.400000000000006 64 -22.40000000000001
v 38.400000000000006 64 -25.60000000000001
v 25.6 64 -7.83773951454306e-15
v 25.6 64 -12.800000000000008
v 38.400000000000006 64 -7.83773951454306e-15
v 38.400000000000006 64 -12.800000000000008
v 38.400000000000006 25.599999999999987 -115.2
v 38.400000000000006 25.599999999999987 -128
v 60.800000000000004 25.599999999999987 -115.2
v 64 25.599999999999987 -128
v 38.400000000000006 25.599999999999987 -102.4
v 38.400000000000006 25.599999999999987 -115.2
v 60.800000000000004 25.599999999999987 -102.4
v 60.800000000000004 25.599999999999987 -115.2
v 38.400000000000006 38.4 -76.80000000000001
v 38.400000000000006 38.39999999999999 -89.60000000000001
v 64 38.4 -76.80000000000001
v 64 38.39999999999999 -89.60000000000001
v 41.6 64 -25.60000000000001
v 38.400000000000006 64 -25.60000000000001
v 64 63.99999999999999 -38.40000000000001
v 38.400000000000006 63.99999999999999 -38.40000000000001
v 25.6 38.4 -64
v 25.6 38.4 -76.80000000000001
v 38.400000000000006 38.4 -64
v 38.400000000000006 38.4 -76.80000000000001
v 38.400000000000006 51.199999999999996 -51.20000000000001
v 38.400000000000006 51.199999999999996 -48.00000000000001
v 25.6 51.199999999999996 -51.20000000000001
v 25.6 51.199999999999996 -48.00000000000001
v 25.6 9.599999999999984 -140.8
v 25.6 9.599999999999984 -144
v 38.400000000000006 9.599999999999984 -140.8
v 38.400000000000006 9.599999999999984 -144
v 25.6 9.599999999999984 -140.8
v 25.6 12.799999999999983 -140.8
v 0 9.599999999999984 -140.8
v 0 12.799999999999983 -140.8
v 38.400000000000006 9.599999999999984 -140.8
v 38.400000000000006 9.599999999999984 -144
v 64 9.599999999999984 -140.8
v 64 9.599999999999984 -144
v 64 9.599999999999984 -140.8
v 64 12.799999999999983 -140.8
v 38.400000000000006 9.599999999999984 -140.8
v 38.400000000000006 12.799999999999983 -140.8
v 64 6.399999999999983 -144
v 64 9.599999999999984 -144
v 38.400000000000006 6.399999999999983 -144
v 38.400000000000006 9.599999999999984 -144
v 64 6.399999999999983 -147.20000000000002
v 64 6.399999999999983 -144
v 38.400000000000006 6.399999999999983 -147.20000000000002
v 38.400000000000006 6.399999999999983 -144
v 64 3.199999999999982 -147.20000000000002
v 64 6.399999999999983 -147.20000000000002
v 38.400000000000006 3.199999999999982 -147.20000000000002
v 38.400000000000006 6.399999999999983 -147.20000000000002
v 64 3.199999999999982 -150.4
v 64 3.199999999999982 -147.20000000000002
v 38.400000000000006 3.199999999999982 -150.4
v 38.400000000000006 3.199999999999982 -147.20000000000002
v 64 -1.8418687859176194e-14 -150.4
v 64 3.199999999999982 -150.4
v 38.400000000000006 -1.8418687859176194e-14 -150.4
v 38.400000000000006 3.199999999999982 -150.4
v 60.800000000000004 -1.8810574834903348e-14 -153.60000000000002
v 64 -1.8418687859176194e-14 -150.4
v 38.400000000000006 -1.8810574834903348e-14 -153.60000000000002
v 38.400000000000006 -1.8418687859176194e-14 -150.4
v 0 22.399999999999988 -128
v 0 22.399999999999984 -131.20000000000002
v 25.6 22.399999999999988 -128
v 25.6 22.399999999999984 -131.20000000000002
v 0 9.599999999999984 -140.8
v 0 9.599999999999984 -144
v 25.6 9.599999999999984 -140.8
v 25.6 9.599999999999984 -144
v 38.400000000000006 9.599999999999984 -140.8
v 38.400000000000006 12.799999999999983 -140.8
v 25.6 9.599999999999984 -140.8
v 25.6 12.799999999999983 -140.8
v 0 9.599999999999984 -144
v 0 6.399999999999983 -144
v 25.6 9.599999999999984 -144
v 25.6 6.399999999999983 -144
v 38.400000000000006 6.399999999999983 -144
v 38.400000000000006 9.599999999999984 -144
v 25.6 6.399999999999983 -144
v 25.6 9.599999999999984 -144
v 38.400000000000006 35.19999999999999 -89.60000000000001
v 38.400000000000006 35.19999999999999 -92.80000000000001
v 64 35.19999999999999 -89.60000000000001
v 64 35.19999999999999 -92.80000000000001
v 0 6.399999999999983 -144
v 0 6.399999999999983 -147.20000000000002
v 25.6 6.399999999999983 -144
v 25.6 6.399999999999983 -147.20000000000002
v 38.400000000000006 6.399999999999983 -147.20000000000002
v 38.400000000000006 6.399999999999983 -144
v 25.6 6.399999999999983 -147.20000000000002
v 25.6 6.399999999999983 -144
v 0 6.399999999999983 -147.20000000000002
v 0 3.199999999999982 -147.20000000000002
v 25.6 6.399999999999983 -147.20000000000002
v 25.6 3.199999999999982 -147.20000000000002
v 38.400000000000006 3.199999999999982 -147.20000000000002
v 38.400000000000006 6.399999999999983 -147.20000000000002
v 25.6 3.199999999999982 -147.20000000000002
v 25.6 6.399999999999983 -147.20000000000002
v 25.6 35.19999999999999 -89.60000000000001
v 25.6 38.39999999999999 -89.60000000000001
v 0 35.19999999999999 -89.60000000000001
v 0 38.39999999999999 -89.60000000000001
v 0 3.199999999999982 -147.20000000000002
v 0 3.199999999999982 -150.4
v 25.6 3.199999999999982 -147.20000000000002
v 25.6 3.199999999999982 -150.4
v 38.400000000000006 3.199999999999982 -150.4
v 38.400000000000006 3.199999999999982 -147.20000000000002
v 25.6 3.199999999999982 -150.4
v 25.6 3.199999999999982 -147.20000000000002
v 25.6 35.19999999999999 -89.60000000000001
v 25.6 35.19999999999999 -92.80000000000001
v 38.400000000000006 35.19999999999999 -89.60000000000001
v 38.400000000000006 35.19999999999999 -92.80000000000001
v 0 3.199999999999982 -150.4
v 0 -1.8418687859176194e-14 -150.4
v 25.6 3.199999999999982 -150.4
v 25.6 -1.8418687859176194e-14 -150.4
v 38.400000000000006 -1.8418687859176194e-14 -150.4
v 38.400000000000006 3.199999999999982 -150.4
v 25.6 -1.8418687859176194e-14 -150.4
v 25.6 3.199999999999982 -150.4
v 3.2 -1.8810574834903348e-14 -153.60000000000002
v 25.6 -1.8810574834903348e-14 -153.60000000000002
v 0 -1.8418687859176194e-14 -150.4
v 25.6 -1.8418687859176194e-14 -150.4
v 38.400000000000006 -1.8810574834903348e-14 -153.60000000000002
v 38.400000000000006 -1.8418687859176194e-14 -150.4
v 25.6 -1.8810574834903348e-14 -153.60000000000002
v 25.6 -1.8418687859176194e-14 -150.4
v 25.6 22.399999999999988 -128
v 25.6 22.399999999999984 -131.20000000000002
v 38.400000000000006 22.399999999999988 -128
v 38.400000000000006 22.399999999999984 -131.20000000000002
v 25.6 22.399999999999988 -128
v 25.6 25.599999999999987 -128
v 0 22.399999999999988 -128
v 0 25.599999999999987 -128
v 38.400000000000006 12.799999999999983 -140.8
v 38.400000000000006 12.799999999999985 -137.6
v 25.6 12.799999999999983 -140.8
v 25.6 12.799999999999985 -137.6
v 38.400000000000006 22.399999999999988 -128
v 38.400000000000006 22.399999999999984 -131.20000000000002
v 64 22.399999999999988 -128
v 64 22.399999999999984 -131.20000000000002
v 20.8 60.8 -38.40000000000001
v 0 60.8 -38.40000000000001
v 18.400000000000002 60.8 -41.60000000000001
v 0 60.8 -41.60000000000001
v 38.400000000000006 60.8 -38.40000000000001
v 38.400000000000006 63.99999999999999 -38.40000000000001
v 25.6 60.8 -38.40000000000001
v 25.6 63.99999999999999 -38.40000000000001
v 0 12.799999999999985 -137.6
v 0 12.799999999999983 -140.8
v 25.6 12.799999999999985 -137.6
v 25.6 12.799999999999983 -140.8
v 38.400000000000006 57.599999999999994 -41.60000000000001
v 38.400000000000006 60.8 -41.60000000000001
v 25.6 57.599999999999994 -41.60000000000001
v 25.6 60.8 -41.60000000000001
v 64 12.799999999999983 -140.8
v 64 12.799999999999985 -137.6
v 38.400000000000006 12.799999999999983 -140.8
v 38.400000000000006 12.799999999999985 -137.6
v 0 57.599999999999994 -41.60000000000001
v 0 57.599999999999994 -44.80000000000001
v 25.6 57.599999999999994 -41.60000000000001
v 25.6 57.599999999999994 -44.80000000000001
v 38.400000000000006 57.599999999999994 -44.80000000000001
v 38.400000000000006 57.599999999999994 -41.60000000000001
v 25.6 57.599999999999994 -44.80000000000001
v 25.6 57.599999999999994 -41.60000000000001
v 64 22.399999999999988 -128
v 64 25.599999999999987 -128
v 38.400000000000006 22.399999999999988 -128
v 38.400000000000006 25.599999999999987 -128
v 64 19.199999999999985 -131.20000000000002
v 64 22.399999999999984 -131.20000000000002
v 38.400000000000006 19.199999999999985 -131.20000000000002
v 38.400000000000006 22.399999999999984 -131.20000000000002
v 64 19.199999999999985 -134.4
v 64 19.199999999999985 -131.20000000000002
v 38.400000000000006 19.199999999999985 -134.4
v 38.400000000000006 19.199999999999985 -131.20000000000002
v 64 15.999999999999984 -134.4
v 64 19.199999999999985 -134.4
v 38.400000000000006 15.999999999999984 -134.4
v 38.400000000000006 19.199999999999985 -134.4
v 64 15.999999999999984 -137.6
v 64 15.999999999999984 -134.4
v 38.400000000000006 15.999999999999984 -137.6
v 38.400000000000006 15.999999999999984 -134.4
v 64 12.799999999999985 -137.6
v 64 15.999999999999984 -137.6
v 38.400000000000006 12.799999999999985 -137.6
v 38.400000000000006 15.999999999999984 -137.6
vt 0.7421875 0.8671875
vt 0.7421875 0.9921875
vt 0.7109375 0.9921875
vt 0.7109375 0.6171875
vt 0.7421875 0.6171875
vt 0.7421875 0.65625
vt 0.71875 0.625
vt 0.7421875 0.625
vt 0.7421875 0.65625
vt 0.7421875 0.7421875
vt 0.6171875 0.8671875
vt 0.5234375 0.8671875
vt 0.15625 0.6171875
vt 0.15625 0.5
vt 0.2421875 0.5
vt 0.2421875 0.8671875
vt 0.296875 0.7578125
vt 0.328125 0.7890625
vt 0.5390625 0.8828125
vt 0.5625 0.875
vt 0.7421875 0.875
vt 0.5390625 0.8828125
vt 0.7421875 0.875
vt 0.7421875 0.8984375
vt 0.5390625 0.8984375
vt 0.4921875 0.8984375
vt 0.5390625 0.8828125
vt 0.4921875 0.6171875
vt 0.3671875 0.6171875
vt 0.3671875 0.5
vt 0.2421875 0.8671875
vt 0.125 0.7421875
vt 0.296875 0.7578125
vt 0.5390625 0.8828125
vt 0.7421875 0.8984375
vt 0.5390625 0.8984375
vt 0.328125 0.7890625
vt 0.34375 0.8671875
vt 0.2421875 0.8671875
vt 0.6171875 0.5
vt 0.7109375 0.5
vt 0.7109375 0.6171875
vt 0.34375 0.8671875
vt 0.3671875 0.8671875
vt 0.3671875 0.8984375
vt 0.4921875 0.8984375
vt 0.4921875 0.8671875
vt 0.5234375 0.8671875
vt 0.125 0.8671875
vt 0.125 0.7421875
vt 0.2421875 0.8671875
vt 0.6171875 0.8671875
vt 0.7421875 0.7421875
vt 0.7421875 0.8671875
vt 0.3671875 0.8671875
vt 0.3671875 0.9921875
vt 0.125 0.8671875
vt 0.125 0.9921875
vt 0.7421875 0.5
vt 0.7421875 0.53125
vt 0.5 0.5
vt 0.5 0.53125
vt 0.7421875 0.7265625
vt 0.5 0.7265625
vt 0.7421875 0.6953125
vt 0.5 0.6953125
vt 0.125 0.5625
vt 0.125 0.53125
vt 0.375 0.5625
vt 0.375 0.53125
vt 0.4921875 0.8671875
vt 0.7421875 0.8671875
vt 0.4921875 0.9921875
vt 0.7421875 0.9921875
vt 0.3671875 0.8671875
vt 0.125 0.8671875
vt 0.3671875 0.7421875
vt 0.125 0.7421875
vt 0.5 0.75
vt 0.5 0.71875
vt 0.7421875 0.75
vt 0.7421875 0.71875
vt 0.34375 0.7734375
vt 0.3671875 0.7421875
vt 0.34375 0.8671875
vt 0.3671875 0.8671875
vt 0.7109375 0.6171875
vt 0.4921875 0.6171875
vt 0.6171875 0.5
vt 0.4921875 0.5
vt 0.125 0.953125
vt 0.125 0.921875
vt 0.375 0.953125
vt 0.375 0.921875
vt 0.125 0.9375
vt 0.125 0.90625
vt 0.375 0.9375
vt 0.375 0.90625
vt 0.125 0.96875
vt 0.125 0.9375
vt 0.375 0.96875
vt 0.375 0.9375
vt 0.7421875 0.78125
vt 0.7421875 0.8125
vt 0.5 0.78125
vt 0.5 0.8125
vt 0.375 0.78125
vt 0.375 0.75
vt 0.5 0.78125
vt 0.5 0.75
vt 0.125 0.8125
vt 0.125 0.78125
vt 0.375 0.8125
vt 0.375 0.78125
vt 0.7421875 0.8125
vt 0.7421875 0.84375
vt 0.5 0.8125
vt 0.5 0.84375
vt 0.375 0.84375
vt 0.375 0.8125
vt 0.5 0.84375
vt 0.5 0.8125
vt 0.375 0.875
vt 0.375 0.84375
vt 0.5 0.875
vt 0.5 0.84375
vt 0.7421875 0.890625
vt 0.7421875 0.921875
vt 0.5 0.890625
vt 0.5 0.921875
vt 0.375 0.921875
vt 0.375 0.890625
vt 0.5 0.921875
vt 0.5 0.890625
vt 0.7421875 0.84375
vt 0.7421875 0.875
vt 0.5 0.84375
vt 0.5 0.875
vt 0.375 0.65625
vt 0.375 0.625
vt 0.5 0.65625
vt 0.5 0.625
vt 0.7421875 0.625
vt 0.7421875 0.65625
vt 0.5 0.625
vt 0.5 0.65625
vt 0.5 0.78125
vt 0.5 0.8125
vt 0.375 0.78125
vt 0.375 0.8125
vt 0.125 0.90625
vt 0.125 0.8671875
vt 0.3671875 0.90625
vt 0.3671875 0.8671875
vt 0.125 0.7734375
vt 0.125 0.75
vt 0.3671875 0.7734375
vt 0.3671875 0.75
vt 0.7421875 0.6796875
vt 0.7421875 0.7109375
vt 0.4921875 0.6796875
vt 0.4921875 0.7109375
vt 0.125 0.7421875
vt 0.125 0.7109375
vt 0.3671875 0.7421875
vt 0.3671875 0.7109375
vt 0.7421875 0.65625
vt 0.7421875 0.6796875
vt 0.4921875 0.65625
vt 0.4921875 0.6796875
vt 0.125 0.7109375
vt 0.125 0.6796875
vt 0.3671875 0.7109375
vt 0.3671875 0.6796875
vt 0.7109375 0.6171875
vt 0.7421875 0.65625
vt 0.4921875 0.6171875
vt 0.4921875 0.65625
vt 0.7421875 0.6640625
vt 0.7421875 0.6953125
vt 0.5 0.6640625
vt 0.5 0.6953125
vt 0.125 0.7421875
vt 0.125 0.7109375
vt 0.3671875 0.7421875
vt 0.3671875 0.7109375
vt 0.3671875 0.90625
vt 0.3671875 0.8671875
vt 0.4921875 0.90625
vt 0.4921875 0.8671875
vt 0.375 0.6953125
vt 0.375 0.6640625
vt 0.5 0.6953125
vt 0.5 0.6640625
vt 0.7421875 0.75
vt 0.7421875 0.7734375
vt 0.4921875 0.75
vt 0.4921875 0.7734375
vt 0.3671875 0.7734375
vt 0.3671875 0.75
vt 0.4921875 0.7734375
vt 0.4921875 0.75
vt 0.5 0.8125
vt 0.5 0.84375
vt 0.375 0.8125
vt 0.375 0.84375
vt 0.125 0.7109375
vt 0.125 0.6796875
vt 0.3671875 0.7109375
vt 0.3671875 0.6796875
vt 0.4921875 0.6796875
vt 0.4921875 0.7109375
vt 0.3671875 0.6796875
vt 0.3671875 0.7109375
vt 0.7421875 0.7109375
vt 0.7421875 0.7421875
vt 0.4921875 0.7109375
vt 0.4921875 0.7421875
vt 0.3671875 0.7421875
vt 0.3671875 0.7109375
vt 0.4921875 0.7421875
vt 0.4921875 0.7109375
vt 0.375 0.7265625
vt 0.375 0.6953125
vt 0.5 0.7265625
vt 0.5 0.6953125
vt 0.125 0.6796875
vt 0.125 0.65625
vt 0.3671875 0.6796875
vt 0.3671875 0.65625
vt 0.4921875 0.65625
vt 0.4921875 0.6796875
vt 0.3671875 0.65625
vt 0.3671875 0.6796875
vt 0.125 0.84375
vt 0.125 0.8125
vt 0.375 0.84375
vt 0.375 0.8125
vt 0.7421875 0.6796875
vt 0.7421875 0.7109375
vt 0.4921875 0.6796875
vt 0.4921875 0.7109375
vt 0.3671875 0.7109375
vt 0.3671875 0.6796875
vt 0.4921875 0.7109375
vt 0.4921875 0.6796875
vt 0.125 0.65625
vt 0.15625 0.6171875
vt 0.3671875 0.65625
vt 0.3671875 0.6171875
vt 0.4921875 0.6171875
vt 0.4921875 0.65625
vt 0.3671875 0.6171875
vt 0.3671875 0.65625
vt 0.5 0.78125
vt 0.5 0.8125
vt 0.375 0.78125
vt 0.375 0.8125
vt 0.375 0.78125
vt 0.375 0.8125
vt 0.125 0.78125
vt 0.125 0.8125
vt 0.375 0.5625
vt 0.375 0.59375
vt 0.125 0.5625
vt 0.125 0.59375
vt 0.2421875 0.5
vt 0.3671875 0.5
vt 0.15625 0.6171875
vt 0.3671875 0.6171875
vt 0.7421875 0.59375
vt 0.5 0.59375
vt 0.5625 0.578125
vt 0.546875 0.578125
vt 0.5625 0.578125
vt 0.5625 0.5625
vt 0.7421875 0.59375
vt 0.7421875 0.5625
vt 0.5 0.59375
vt 0.5 0.5625
vt 0.546875 0.578125
vt 0.546875 0.5625
vt 0.5 0.5625
vt 0.5 0.53125
vt 0.546875 0.5625
vt 0.546875 0.53125
vt 0.125 0.78125
vt 0.125 0.75
vt 0.375 0.78125
vt 0.375 0.75
vt 0.125 0.84375
vt 0.125 0.8125
vt 0.375 0.84375
vt 0.375 0.8125
vt 0.125 0.921875
vt 0.125 0.890625
vt 0.375 0.921875
vt 0.375 0.890625
vt 0.7421875 0.921875
vt 0.7421875 0.953125
vt 0.5 0.921875
vt 0.5 0.953125
vt 0.375 0.953125
vt 0.375 0.921875
vt 0.5 0.953125
vt 0.5 0.921875
vt 0.7421875 0.8125
vt 0.7421875 0.84375
vt 0.5 0.8125
vt 0.5 0.84375
vt 0.7421875 0.90625
vt 0.7421875 0.9375
vt 0.5 0.90625
vt 0.5 0.9375
vt 0.375 0.9375
vt 0.375 0.90625
vt 0.5 0.9375
vt 0.5 0.90625
vt 0.375 0.90625
vt 0.375 0.875
vt 0.5 0.90625
vt 0.5 0.875
vt 0.7421875 0.9375
vt 0.7421875 0.96875
vt 0.5 0.9375
vt 0.5 0.96875
vt 0.375 0.96875
vt 0.375 0.9375
vt 0.5 0.96875
vt 0.5 0.9375
vt 0.7421875 0.875
vt 0.7421875 0.90625
vt 0.5 0.875
vt 0.5 0.90625
vt 0.125 0.53125
vt 0.125 0.5
vt 0.375 0.53125
vt 0.375 0.5
vt 0.5 0.5
vt 0.5 0.53125
vt 0.375 0.5
vt 0.375 0.53125
vt 0.5 0.53125
vt 0.5 0.5625
vt 0.375 0.53125
vt 0.375 0.5625
vt 0.375 0.84375
vt 0.375 0.8125
vt 0.5 0.84375
vt 0.5 0.8125
vt 0.7421875 0.75
vt 0.7421875 0.78125
vt 0.5 0.75
vt 0.5 0.78125
vt 0.4921875 0.8984375
vt 0.4921875 0.9921875
vt 0.3671875 0.8984375
vt 0.3671875 0.9921875
vt 0.125 0.53125
vt 0.125 0.5
vt 0.375 0.53125
vt 0.375 0.5
vt 0.125 0.625
vt 0.125 0.59375
vt 0.375 0.625
vt 0.375 0.59375
vt 0.125 0.65625
vt 0.125 0.625
vt 0.375 0.65625
vt 0.375 0.625
vt 0.125 0.6953125
vt 0.125 0.6640625
vt 0.375 0.6953125
vt 0.375 0.6640625
vt 0.125 0.7265625
vt 0.125 0.6953125
vt 0.375 0.7265625
vt 0.375 0.6953125
vt 0.125 0.75
vt 0.125 0.71875
vt 0.375 0.75
vt 0.375 0.71875
vt 0.4921875 0.75
vt 0.4921875 0.8671875
vt 0.375 0.75
vt 0.375 0.8671875
vt 0.15625 0.9921875
vt 0.125 0.8671875
vt 0.3671875 0.9921875
vt 0.3671875 0.8671875
vt 0.15625 0.6171875
vt 0.15625 0.5
vt 0.3671875 0.6171875
vt 0.3671875 0.5
vt 0.375 0.9921875
vt 0.375 0.8671875
vt 0.4921875 0.9921875
vt 0.4921875 0.8671875
vt 0.3671875 0.6171875
vt 0.3671875 0.5
vt 0.4921875 0.6171875
vt 0.4921875 0.5
vt 0.3671875 0.9921875
vt 0.3671875 0.8671875
vt 0.4921875 0.9921875
vt 0.4921875 0.8671875
vt 0.3671875 0.7421875
vt 0.4921875 0.7421875
vt 0.3671875 0.8671875
vt 0.4921875 0.8671875
vt 0.375 0.53125
vt 0.375 0.5
vt 0.5 0.53125
vt 0.5 0.5
vt 0.3671875 0.8671875
vt 0.3671875 0.7421875
vt 0.4921875 0.8671875
vt 0.4921875 0.7421875
vt 0.3671875 0.8984375
vt 0.3671875 0.8671875
vt 0.4921875 0.8984375
vt 0.4921875 0.8671875
vt 0.375 0.6171875
vt 0.375 0.5
vt 0.4921875 0.6171875
vt 0.4921875 0.5
vt 0.4921875 0.9921875
vt 0.4921875 0.8671875
vt 0.7109375 0.9921875
vt 0.7421875 0.8671875
vt 0.4921875 0.6171875
vt 0.4921875 0.5
vt 0.7109375 0.6171875
vt 0.7109375 0.5
vt 0.4921875 0.8671875
vt 0.4921875 0.7421875
vt 0.7421875 0.8671875
vt 0.7421875 0.7421875
vt 0.5234375 0.8671875
vt 0.4921875 0.8671875
vt 0.7421875 0.7421875
vt 0.4921875 0.7421875
vt 0.3671875 0.9921875
vt 0.3671875 0.8671875
vt 0.4921875 0.9921875
vt 0.4921875 0.8671875
vt 0.375 0.75
vt 0.375 0.71875
vt 0.5 0.75
vt 0.5 0.71875
vt 0.375 0.75
vt 0.375 0.71875
vt 0.5 0.75
vt 0.5 0.71875
vt 0.5 0.8125
vt 0.5 0.78125
vt 0.7421875 0.8125
vt 0.7421875 0.78125
vt 0.5 0.75
vt 0.5 0.71875
vt 0.7421875 0.75
vt 0.7421875 0.71875
vt 0.125 0.8125
vt 0.125 0.78125
vt 0.375 0.8125
vt 0.375 0.78125
vt 0.125 0.78125
vt 0.125 0.75
vt 0.375 0.78125
vt 0.375 0.75
vt 0.7421875 0.6875
vt 0.7421875 0.71875
vt 0.5 0.6875
vt 0.5 0.71875
vt 0.125 0.75
vt 0.125 0.71875
vt 0.375 0.75
vt 0.375 0.71875
vt 0.7421875 0.65625
vt 0.7421875 0.6875
vt 0.5 0.65625
vt 0.5 0.6875
vt 0.125 0.71875
vt 0.125 0.6875
vt 0.375 0.71875
vt 0.375 0.6875
vt 0.71875 0.625
vt 0.7421875 0.65625
vt 0.5 0.625
vt 0.5 0.65625
vt 0.125 0.875
vt 0.125 0.84375
vt 0.375 0.875
vt 0.375 0.84375
vt 0.125 0.75
vt 0.125 0.71875
vt 0.375 0.75
vt 0.375 0.71875
vt 0.375 0.8125
vt 0.375 0.78125
vt 0.5 0.8125
vt 0.5 0.78125
vt 0.7421875 0.75
vt 0.7421875 0.78125
vt 0.5 0.75
vt 0.5 0.78125
vt 0.375 0.78125
vt 0.375 0.75
vt 0.5 0.78125
vt 0.5 0.75
vt 0.4921875 0.7421875
vt 0.4921875 0.7109375
vt 0.7421875 0.7421875
vt 0.7421875 0.7109375
vt 0.125 0.71875
vt 0.125 0.6875
vt 0.375 0.71875
vt 0.375 0.6875
vt 0.5 0.6875
vt 0.5 0.71875
vt 0.375 0.6875
vt 0.375 0.71875
vt 0.7421875 0.71875
vt 0.7421875 0.75
vt 0.5 0.71875
vt 0.5 0.75
vt 0.375 0.75
vt 0.375 0.71875
vt 0.5 0.75
vt 0.5 0.71875
vt 0.4921875 0.90625
vt 0.4921875 0.8671875
vt 0.7421875 0.90625
vt 0.7421875 0.8671875
vt 0.125 0.6875
vt 0.125 0.65625
vt 0.375 0.6875
vt 0.375 0.65625
vt 0.5 0.65625
vt 0.5 0.6875
vt 0.375 0.65625
vt 0.375 0.6875
vt 0.3671875 0.7421875
vt 0.3671875 0.7109375
vt 0.4921875 0.7421875
vt 0.4921875 0.7109375
vt 0.7421875 0.6875
vt 0.7421875 0.71875
vt 0.5 0.6875
vt 0.5 0.71875
vt 0.375 0.71875
vt 0.375 0.6875
vt 0.5 0.71875
vt 0.5 0.6875
vt 0.15625 0.625
vt 0.375 0.625
vt 0.125 0.65625
vt 0.375 0.65625
vt 0.5 0.625
vt 0.5 0.65625
vt 0.375 0.625
vt 0.375 0.65625
vt 0.375 0.875
vt 0.375 0.84375
vt 0.5 0.875
vt 0.5 0.84375
vt 0.5 0.53125
vt 0.5 0.5
vt 0.7421875 0.53125
vt 0.7421875 0.5
vt 0.5 0.75
vt 0.5 0.78125
vt 0.375 0.75
vt 0.375 0.78125
vt 0.5 0.875
vt 0.5 0.84375
vt 0.7421875 0.875
vt 0.7421875 0.84375
vt 0.546875 0.53125
vt 0.7421875 0.53125
vt 0.5625 0.5625
vt 0.7421875 0.5625
vt 0.375 0.53125
vt 0.375 0.5
vt 0.5 0.53125
vt 0.5 0.5
vt 0.125 0.78125
vt 0.125 0.75
vt 0.375 0.78125
vt 0.375 0.75
vt 0.375 0.59375
vt 0.375 0.5625
vt 0.5 0.59375
vt 0.5 0.5625
vt 0.7421875 0.75
vt 0.7421875 0.78125
vt 0.5 0.75
vt 0.5 0.78125
vt 0.7421875 0.59375
vt 0.7421875 0.625
vt 0.5 0.59375
vt 0.5 0.625
vt 0.375 0.625
vt 0.375 0.59375
vt 0.5 0.625
vt 0.5 0.59375
vt 0.125 0.53125
vt 0.125 0.5
vt 0.375 0.53125
vt 0.375 0.5
vt 0.125 0.90625
vt 0.125 0.875
vt 0.375 0.90625
vt 0.375 0.875
vt 0.7421875 0.8125
vt 0.7421875 0.84375
vt 0.5 0.8125
vt 0.5 0.84375
vt 0.125 0.875
vt 0.125 0.84375
vt 0.375 0.875
vt 0.375 0.84375
vt 0.7421875 0.78125
vt 0.7421875 0.8125
vt 0.5 0.78125
vt 0.5 0.8125
vt 0.125 0.84375
vt 0.125 0.8125
vt 0.375 0.84375
vt 0.375 0.8125
vn 0 1 -1.2246467991473532e-16
vn 0 1 -1.2246467991473532e-16
vn 0 1 -1.2246467991473532e-16
vn 0 1 -1.2246467991473532e-16
vn 0 1 -1.2246467991473532e-16
vn 0 1 -1.2246467991473532e-16
vn 0 1 -1.2246467991473532e-16
vn 0 1 -1.2246467991473532e-16
vn 0 1 -1.2246467991473532e-16
vn 0 1 -1.2246467991473532e-16
vn 0 1 -1.2246467991473532e-16
vn 0 1 -1.2246467991473532e-16
vn 0 1 -1.2246467991473532e-16
vn 0 1 -1.2246467991473532e-16
vn 0 1 -1.2246467991473532e-16
vn -0.1951800174280231 0.975900072238954 -0.09759000871401168
vn -0.1951800174280231 0.975900072238954 -0.09759000871401168
vn -0.1951800174280231 0.975900072238954 -0.09759000871401168
vn 0.07336054125251072 0.531863937119219 -0.8436462430303251
vn 0.07336054125251072 0.531863937119219 -0.8436462430303251
vn 0.07336054125251072 0.531863937119219 -0.8436462430303251
vn 0.038433122387341895 -1.2237419990109857e-16 -0.999261174620309
vn 0.038433122387341895 -1.2237419990109857e-16 -0.999261174620309
vn 0.038433122387341895 -1.2237419990109857e-16 -0.999261174620309
vn 0 0.4472135954999579 -0.894427190999916
vn 0 0.4472135954999579 -0.894427190999916
vn 0 0.4472135954999579 -0.894427190999916
vn 0 1 -1.2246467991473532e-16
vn 0 1 -1.2246467991473532e-16
vn 0 1 -1.2246467991473532e-16
vn 0 1 -1.2246467991473532e-16
vn 0 1 -1.2246467991473532e-16
vn 0 1 -1.2246467991473532e-16
vn 0 0.4472135954999579 -0.894427190999916
vn 0 0.4472135954999579 -0.894427190999916
vn 0 0.4472135954999579 -0.894427190999916
vn 0 0.9950371903575254 0.0995037175456363
vn 0 0.9950371903575254 0.0995037175456363
vn 0 0.9950371903575254 0.0995037175456363
vn 0 1 -1.2246467991473532e-16
vn 0 1 -1.2246467991473532e-16
vn 0 1 -1.2246467991473532e-16
vn 0 1 -1.2246467991473532e-16
vn 0 1 -1.2246467991473532e-16
vn 0 1 -1.2246467991473532e-16
vn 0 1 -1.2246467991473532e-16
vn 0 1 -1.2246467991473532e-16
vn 0 1 -1.2246467991473532e-16
vn 0 1 -1.2246467991473532e-16
vn 0 1 -1.2246467991473532e-16
vn 0 1 -1.2246467991473532e-16
vn 0 1 -1.2246467991473532e-16
vn 0 1 -1.2246467991473532e-16
vn 0 1 -1.2246467991473532e-16
vn 0 1 -1.2246467991473532e-16
vn 0 1 -1.2246467991473532e-16
vn 0 1 -1.2246467991473532e-16
vn 0 1 -1.2246467991473532e-16
vn 0 1 -1.2246467991473532e-16
vn 0 1 -1.2246467991473532e-16
vn 0 1 -1.2246467991473532e-16
vn 0 1 -1.2246467991473532e-16
vn 0 -1.2246467991473532e-16 -1
vn 0 -1.2246467991473532e-16 -1
vn 0 -1.2246467991473532e-16 -1
vn 0 -1.2246467991473532e-16 -1
vn 0 1 -1.2246467991473532e-16
vn 0 1 -1.2246467991473532e-16
vn 0 1 -1.2246467991473532e-16
vn 0 1 -1.2246467991473532e-16
vn 0 1 -1.2246467991473532e-16
vn 0 1 -1.2246467991473532e-16
vn 0 1 -1.2246467991473532e-16
vn 0 1 -1.2246467991473532e-16
vn 0 1 -1.2246467991473532e-16
vn 0 1 -1.2246467991473532e-16
vn 0 1 -1.2246467991473532e-16
vn 0 1 -1.2246467991473532e-16
vn 0 1 -1.2246467991473532e-16
vn 0 1 -1.2246467991473532e-16
vn 0 1 -1.2246467991473532e-16
vn 0 1 -1.2246467991473532e-16
vn 0 1 -1.2246467991473532e-16
vn 0 1 -1.2246467991473532e-16
vn 0 1 -1.2246467991473532e-16
vn 0 1 -1.2246467991473532e-16
vn 0 1 -1.2246467991473532e-16
vn 0 1 -1.2246467991473532e-16
vn 0 1 -1.2246467991473532e-16
vn 0 1 -1.2246467991473532e-16
vn 0 -1.2246467991473532e-16 -1
vn 0 -1.2246467991473532e-16 -1
vn 0 -1.2246467991473532e-16 -1
vn 0 -1.2246467991473532e-16 -1
vn 0 1 -1.2246467991473532e-16
vn 0 1 -1.2246467991473532e-16
vn 0 1 -1.2246467991473532e-16
vn 0 1 -1.2246467991473532e-16
vn 0 -1.2246467991473532e-16 -1
vn 0 -1.2246467991473532e-16 -1
vn 0 -1.2246467991473532e-16 -1
vn 0 -1.2246467991473532e-16 -1
vn 0 1 -1.2246467991473532e-16
vn 0 1 -1.2246467991473532e-16
vn 0 1 -1.2246467991473532e-16
vn 0 1 -1.2246467991473532e-16
vn 0 -1.2246467991473532e-16 -1
vn 0 -1.2246467991473532e-16 -1
vn 0 -1.2246467991473532e-16 -1
vn 0 -1.2246467991473532e-16 -1
vn 0 1 -1.2246467991473532e-16
vn 0 1 -1.2246467991473532e-16
vn 0 1 -1.2246467991473532e-16
vn 0 1 -1.2246467991473532e-16
vn 0 -1.2246467991473532e-16 -1
vn 0 -1.2246467991473532e-16 -1
vn 0 -1.2246467991473532e-16 -1
vn 0 -1.2246467991473532e-16 -1
vn 0 -1.2246467991473532e-16 -1
vn 0 -1.2246467991473532e-16 -1
vn 0 -1.2246467991473532e-16 -1
vn 0 -1.2246467991473532e-16 -1
vn 0 -1.2246467991473532e-16 -1
vn 0 -1.2246467991473532e-16 -1
vn 0 -1.2246467991473532e-16 -1
vn 0 -1.2246467991473532e-16 -1
vn 0 1 -1.2246467991473532e-16
vn 0 1 -1.2246467991473532e-16
vn 0 1 -1.2246467991473532e-16
vn 0 1 -1.2246467991473532e-16
vn 0 1 -1.2246467991473532e-16
vn 0 1 -1.2246467991473532e-16
vn 0 1 -1.2246467991473532e-16
vn 0 1 -1.2246467991473532e-16
vn 0 -1.2246467991473532e-16 -1
vn 0 -1.2246467991473532e-16 -1
vn 0 -1.2246467991473532e-16 -1
vn 0 -1.2246467991473532e-16 -1
vn 0 -1.2246467991473532e-16 -1
vn 0 -1.2246467991473532e-16 -1
vn 0 -1.2246467991473532e-16 -1
vn 0 -1.2246467991473532e-16 -1
vn 0 -1.2246467991473532e-16 -1
vn 0 -1.2246467991473532e-16 -1
vn 0 -1.2246467991473532e-16 -1
vn 0 -1.2246467991473532e-16 -1
vn 0 1 -1.2246467991473532e-16
vn 0 1 -1.2246467991473532e-16
vn 0 1 -1.2246467991473532e-16
vn 0 1 -1.2246467991473532e-16
vn 0 -1.2246467991473532e-16 -1
vn 0 -1.2246467991473532e-16 -1
vn 0 -1.2246467991473532e-16 -1
vn 0 -1.2246467991473532e-16 -1
vn 0 -1.2246467991473532e-16 -1
vn 0 -1.2246467991473532e-16 -1
vn 0 -1.2246467991473532e-16 -1
vn 0 -1.2246467991473532e-16 -1
vn 0 1 -1.2246467991473532e-16
vn 0 1 -1.2246467991473532e-16
vn 0 1 -1.2246467991473532e-16
vn 0 1 -1.2246467991473532e-16
vn 0 -1.2246467991473532e-16 -1
vn 0 -1.2246467991473532e-16 -1
vn 0 -1.2246467991473532e-16 -1
vn 0 -1.2246467991473532e-16 -1
vn 0 1 -1.2246467991473532e-16
vn 0 1 -1.2246467991473532e-16
vn 0 1 -1.2246467991473532e-16
vn 0 1 -1.2246467991473532e-16
vn 0 -1.2246467991473532e-16 -1
vn 0 -1.2246467991473532e-16 -1
vn 0 -1.2246467991473532e-16 -1
vn 0 -1.2246467991473532e-16 -1
vn 0 1 -1.2246467991473532e-16
vn 0 1 -1.2246467991473532e-16
vn 0 1 -1.2246467991473532e-16
vn 0 1 -1.2246467991473532e-16
vn 0 1 -1.2246467991473532e-16
vn 0 1 -1.2246467991473532e-16
vn 0 1 -1.2246467991473532e-16
vn 0 1 -1.2246467991473532e-16
vn 0 1 -1.2246467991473532e-16
vn 0 1 -1.2246467991473532e-16
vn 0 1 -1.2246467991473532e-16
vn 0 1 -1.2246467991473532e-16
vn 0 -1.2246467991473532e-16 -1
vn 0 -1.2246467991473532e-16 -1
vn 0 -1.2246467991473532e-16 -1
vn 0 -1.2246467991473532e-16 -1
vn 0 1 -1.2246467991473532e-16
vn 0 1 -1.2246467991473532e-16
vn 0 1 -1.2246467991473532e-16
vn 0 1 -1.2246467991473532e-16
vn 0 -1.2246467991473532e-16 -1
vn 0 -1.2246467991473532e-16 -1
vn 0 -1.2246467991473532e-16 -1
vn 0 -1.2246467991473532e-16 -1
vn 0 -1.2246467991473532e-16 -1
vn 0 -1.2246467991473532e-16 -1
vn 0 -1.2246467991473532e-16 -1
vn 0 -1.2246467991473532e-16 -1
vn 0 1 -1.2246467991473532e-16
vn 0 1 -1.2246467991473532e-16
vn 0 1 -1.2246467991473532e-16
vn 0 1 -1.2246467991473532e-16
vn 0 1 -1.2246467991473532e-16
vn 0 1 -1.2246467991473532e-16
vn 0 1 -1.2246467991473532e-16
vn 0 1 -1.2246467991473532e-16
vn 0 1 -1.2246467991473532e-16
vn 0 1 -1.2246467991473532e-16
vn 0 1 -1.2246467991473532e-16
vn 0 1 -1.2246467991473532e-16
vn 0 -1.2246467991473532e-16 -1
vn 0 -1.2246467991473532e-16 -1
vn 0 -1.2246467991473532e-16 -1
vn 0 -1.2246467991473532e-16 -1
vn 0 -1.2246467991473532e-16 -1
vn 0 -1.2246467991473532e-16 -1
vn 0 -1.2246467991473532e-16 -1
vn 0 -1.2246467991473532e-16 -1
vn 0 -1.2246467991473532e-16 -1
vn 0 -1.2246467991473532e-16 -1
vn 0 -1.2246467991473532e-16 -1
vn 0 -1.2246467991473532e-16 -1
vn 0 1 -1.2246467991473532e-16
vn 0 1 -1.2246467991473532e-16
vn 0 1 -1.2246467991473532e-16
vn 0 1 -1.2246467991473532e-16
vn 0 1 -1.2246467991473532e-16
vn 0 1 -1.2246467991473532e-16
vn 0 1 -1.2246467991473532e-16
vn 0 1 -1.2246467991473532e-16
vn 0 1 -1.2246467991473532e-16
vn 0 1 -1.2246467991473532e-16
vn 0 1 -1.2246467991473532e-16
vn 0 1 -1.2246467991473532e-16
vn 0 -1.2246467991473532e-16 -1
vn 0 -1.2246467991473532e-16 -1
vn 0 -1.2246467991473532e-16 -1
vn 0 -1.2246467991473532e-16 -1
vn 0 -1.2246467991473532e-16 -1
vn 0 -1.2246467991473532e-16 -1
vn 0 -1.2246467991473532e-16 -1
vn 0 -1.2246467991473532e-16 -1
vn 0 1 -1.2246467991473532e-16
vn 0 1 -1.2246467991473532e-16
vn 0 1 -1.2246467991473532e-16
vn 0 1 -1.2246467991473532e-16
vn 0 1 -1.2246467991473532e-16
vn 0 1 -1.2246467991473532e-16
vn 0 1 -1.2246467991473532e-16
vn 0 1 -1.2246467991473532e-16
vn 0 1 -1.2246467991473532e-16
vn 0 1 -1.2246467991473532e-16
vn 0 1 -1.2246467991473532e-16
vn 0 1 -1.2246467991473532e-16
vn 0 1 -1.2246467991473532e-16
vn 0 1 -1.2246467991473532e-16
vn 0 1 -1.2246467991473532e-16
vn 0 1 -1.2246467991473532e-16
vn 0 -1.2246467991473532e-16 -1
vn 0 -1.2246467991473532e-16 -1
vn 0 -1.2246467991473532e-16 -1
vn 0 -1.2246467991473532e-16 -1
vn 0 1 -1.2246467991473532e-16
vn 0 1 -1.2246467991473532e-16
vn 0 1 -1.2246467991473532e-16
vn 0 1 -1.2246467991473532e-16
vn 0 -1.2246467991473532e-16 -1
vn 0 -1.2246467991473532e-16 -1
vn 0 -1.2246467991473532e-16 -1
vn 0 -1.2246467991473532e-16 -1
vn 0 -1.2246467991473532e-16 -1
vn 0 -1.2246467991473532e-16 -1
vn 0 -1.2246467991473532e-16 -1
vn 0 -1.2246467991473532e-16 -1
vn 0 -1.2246467991473532e-16 -1
vn 0 -1.2246467991473532e-16 -1
vn 0 -1.2246467991473532e-16 -1
vn 0 -1.2246467991473532e-16 -1
vn 0 1 -1.2246467991473532e-16
vn 0 1 -1.2246467991473532e-16
vn 0 1 -1.2246467991473532e-16
vn 0 1 -1.2246467991473532e-16
vn 0 -1.2246467991473532e-16 -1
vn 0 -1.2246467991473532e-16 -1
vn 0 -1.2246467991473532e-16 -1
vn 0 -1.2246467991473532e-16 -1
vn 0 -1.2246467991473532e-16 -1
vn 0 -1.2246467991473532e-16 -1
vn 0 -1.2246467991473532e-16 -1
vn 0 -1.2246467991473532e-16 -1
vn 0 1 -1.2246467991473532e-16
vn 0 1 -1.2246467991473532e-16
vn 0 1 -1.2246467991473532e-16
vn 0 1 -1.2246467991473532e-16
vn 0 -1.2246467991473532e-16 -1
vn 0 -1.2246467991473532e-16 -1
vn 0 -1.2246467991473532e-16 -1
vn 0 -1.2246467991473532e-16 -1
vn 0 -1.2246467991473532e-16 -1
vn 0 -1.2246467991473532e-16 -1
vn 0 -1.2246467991473532e-16 -1
vn 0 -1.2246467991473532e-16 -1
vn 0 -1.2246467991473532e-16 -1
vn 0 -1.2246467991473532e-16 -1
vn 0 -1.2246467991473532e-16 -1
vn 0 -1.2246467991473532e-16 -1
vn 0 1 -1.2246467991473532e-16
vn 0 1 -1.2246467991473532e-16
vn 0 1 -1.2246467991473532e-16
vn 0 1 -1.2246467991473532e-16
vn 0 1 -1.2246467991473532e-16
vn 0 1 -1.2246467991473532e-16
vn 0 1 -1.2246467991473532e-16
vn 0 1 -1.2246467991473532e-16
vn 0 -1.2246467991473532e-16 -1
vn 0 -1.2246467991473532e-16 -1
vn 0 -1.2246467991473532e-16 -1
vn 0 -1.2246467991473532e-16 -1
vn 0 -1.2246467991473532e-16 -1
vn 0 -1.2246467991473532e-16 -1
vn 0 -1.2246467991473532e-16 -1
vn 0 -1.2246467991473532e-16 -1
vn 0 -1.2246467991473532e-16 -1
vn 0 -1.2246467991473532e-16 -1
vn 0 -1.2246467991473532e-16 -1
vn 0 -1.2246467991473532e-16 -1
vn 0 -1.2246467991473532e-16 -1
vn 0 -1.2246467991473532e-16 -1
vn 0 -1.2246467991473532e-16 -1
vn 0 -1.2246467991473532e-16 -1
vn 0 1 -1.2246467991473532e-16
vn 0 1 -1.2246467991473532e-16
vn 0 1 -1.2246467991473532e-16
vn 0 1 -1.2246467991473532e-16
vn 0 1 -1.2246467991473532e-16
vn 0 1 -1.2246467991473532e-16
vn 0 1 -1.2246467991473532e-16
vn 0 1 -1.2246467991473532e-16
vn 0 1 -1.2246467991473532e-16
vn 0 1 -1.2246467991473532e-16
vn 0 1 -1.2246467991473532e-16
vn 0 1 -1.2246467991473532e-16
vn 0 -1.2246467991473532e-16 -1
vn 0 -1.2246467991473532e-16 -1
vn 0 -1.2246467991473532e-16 -1
vn 0 -1.2246467991473532e-16 -1
vn 0 -1.2246467991473532e-16 -1
vn 0 -1.2246467991473532e-16 -1
vn 0 -1.2246467991473532e-16 -1
vn 0 -1.2246467991473532e-16 -1
vn 0 1 -1.2246467991473532e-16
vn 0 1 -1.2246467991473532e-16
vn 0 1 -1.2246467991473532e-16
vn 0 1 -1.2246467991473532e-16
vn 0 -1.2246467991473532e-16 -1
vn 0 -1.2246467991473532e-16 -1
vn 0 -1.2246467991473532e-16 -1
vn 0 -1.2246467991473532e-16 -1
vn 0 1 -1.2246467991473532e-16
vn 0 1 -1.2246467991473532e-16
vn 0 1 -1.2246467991473532e-16
vn 0 1 -1.2246467991473532e-16
vn 0 -1.2246467991473532e-16 -1
vn 0 -1.2246467991473532e-16 -1
vn 0 -1.2246467991473532e-16 -1
vn 0 -1.2246467991473532e-16 -1
vn 0 1 -1.2246467991473532e-16
vn 0 1 -1.2246467991473532e-16
vn 0 1 -1.2246467991473532e-16
vn 0 1 -1.2246467991473532e-16
vn 0 -1.2246467991473532e-16 -1
vn 0 -1.2246467991473532e-16 -1
vn 0 -1.2246467991473532e-16 -1
vn 0 -1.2246467991473532e-16 -1
vn 0 1 -1.2246467991473532e-16
vn 0 1 -1.2246467991473532e-16
vn 0 1 -1.2246467991473532e-16
vn 0 1 -1.2246467991473532e-16
vn 0 1 -1.2246467991473532e-16
vn 0 1 -1.2246467991473532e-16
vn 0 1 -1.2246467991473532e-16
vn 0 1 -1.2246467991473532e-16
vn 0 1 -1.2246467991473532e-16
vn 0 1 -1.2246467991473532e-16
vn 0 1 -1.2246467991473532e-16
vn 0 1 -1.2246467991473532e-16
vn 0 1 -1.2246467991473532e-16
vn 0 1 -1.2246467991473532e-16
vn 0 1 -1.2246467991473532e-16
vn 0 1 -1.2246467991473532e-16
vn 0 1 -1.2246467991473532e-16
vn 0 1 -1.2246467991473532e-16
vn 0 1 -1.2246467991473532e-16
vn 0 1 -1.2246467991473532e-16
vn 0 1 -1.2246467991473532e-16
vn 0 1 -1.2246467991473532e-16
vn 0 1 -1.2246467991473532e-16
vn 0 1 -1.2246467991473532e-16
vn 0 1 -1.2246467991473532e-16
vn 0 1 -1.2246467991473532e-16
vn 0 1 -1.2246467991473532e-16
vn 0 1 -1.2246467991473532e-16
vn 0 1 -1.2246467991473532e-16
vn 0 1 -1.2246467991473532e-16
vn 0 1 -1.2246467991473532e-16
vn 0 1 -1.2246467991473532e-16
vn 0 -1.2246467991473532e-16 -1
vn 0 -1.2246467991473532e-16 -1
vn 0 -1.2246467991473532e-16 -1
vn 0 -1.2246467991473532e-16 -1
vn 0 1 -1.2246467991473532e-16
vn 0 1 -1.2246467991473532e-16
vn 0 1 -1.2246467991473532e-16
vn 0 1 -1.2246467991473532e-16
vn 0 1 -1.2246467991473532e-16
vn 0 1 -1.2246467991473532e-16
vn 0 1 -1.2246467991473532e-16
vn 0 1 -1.2246467991473532e-16
vn 0 1 -1.2246467991473532e-16
vn 0 1 -1.2246467991473532e-16
vn 0 1 -1.2246467991473532e-16
vn 0 1 -1.2246467991473532e-16
vn 0 1 -1.2246467991473532e-16
vn 0 1 -1.2246467991473532e-16
vn 0 1 -1.2246467991473532e-16
vn 0 1 -1.2246467991473532e-16
vn 0 1 -1.2246467991473532e-16
vn 0 1 -1.2246467991473532e-16
vn 0 1 -1.2246467991473532e-16
vn 0 1 -1.2246467991473532e-16
vn 0 1 -1.2246467991473532e-16
vn 0 1 -1.2246467991473532e-16
vn 0 1 -1.2246467991473532e-16
vn 0 1 -1.2246467991473532e-16
vn 0 1 -1.2246467991473532e-16
vn 0 1 -1.2246467991473532e-16
vn 0 1 -1.2246467991473532e-16
vn 0 1 -1.2246467991473532e-16
vn 0 1 -1.2246467991473532e-16
vn 0 1 -1.2246467991473532e-16
vn 0 1 -1.2246467991473532e-16
vn 0 1 -1.2246467991473532e-16
vn 0 1 -1.2246467991473532e-16
vn 0 1 -1.2246467991473532e-16
vn 0 1 -1.2246467991473532e-16
vn 0 1 -1.2246467991473532e-16
vn 0 1 -1.2246467991473532e-16
vn 0 1 -1.2246467991473532e-16
vn 0 1 -1.2246467991473532e-16
vn 0 1 -1.2246467991473532e-16
vn 0 -1.2246467991473532e-16 -1
vn 0 -1.2246467991473532e-16 -1
vn 0 -1.2246467991473532e-16 -1
vn 0 -1.2246467991473532e-16 -1
vn 0 1 -1.2246467991473532e-16
vn 0 1 -1.2246467991473532e-16
vn 0 1 -1.2246467991473532e-16
vn 0 1 -1.2246467991473532e-16
vn 0 -1.2246467991473532e-16 -1
vn 0 -1.2246467991473532e-16 -1
vn 0 -1.2246467991473532e-16 -1
vn 0 -1.2246467991473532e-16 -1
vn 0 -1.2246467991473532e-16 -1
vn 0 -1.2246467991473532e-16 -1
vn 0 -1.2246467991473532e-16 -1
vn 0 -1.2246467991473532e-16 -1
vn 0 1 -1.2246467991473532e-16
vn 0 1 -1.2246467991473532e-16
vn 0 1 -1.2246467991473532e-16
vn 0 1 -1.2246467991473532e-16
vn 0 -1.2246467991473532e-16 -1
vn 0 -1.2246467991473532e-16 -1
vn 0 -1.2246467991473532e-16 -1
vn 0 -1.2246467991473532e-16 -1
vn 0 1 -1.2246467991473532e-16
vn 0 1 -1.2246467991473532e-16
vn 0 1 -1.2246467991473532e-16
vn 0 1 -1.2246467991473532e-16
vn 0 -1.2246467991473532e-16 -1
vn 0 -1.2246467991473532e-16 -1
vn 0 -1.2246467991473532e-16 -1
vn 0 -1.2246467991473532e-16 -1
vn 0 1 -1.2246467991473532e-16
vn 0 1 -1.2246467991473532e-16
vn 0 1 -1.2246467991473532e-16
vn 0 1 -1.2246467991473532e-16
vn 0 1 -1.2246467991473532e-16
vn 0 1 -1.2246467991473532e-16
vn 0 1 -1.2246467991473532e-16
vn 0 1 -1.2246467991473532e-16
vn 0 1 -1.2246467991473532e-16
vn 0 1 -1.2246467991473532e-16
vn 0 1 -1.2246467991473532e-16
vn 0 1 -1.2246467991473532e-16
vn 0 -1.2246467991473532e-16 -1
vn 0 -1.2246467991473532e-16 -1
vn 0 -1.2246467991473532e-16 -1
vn 0 -1.2246467991473532e-16 -1
vn 0 -1.2246467991473532e-16 -1
vn 0 -1.2246467991473532e-16 -1
vn 0 -1.2246467991473532e-16 -1
vn 0 -1.2246467991473532e-16 -1
vn 0 -1.2246467991473532e-16 -1
vn 0 -1.2246467991473532e-16 -1
vn 0 -1.2246467991473532e-16 -1
vn 0 -1.2246467991473532e-16 -1
vn 0 1 -1.2246467991473532e-16
vn 0 1 -1.2246467991473532e-16
vn 0 1 -1.2246467991473532e-16
vn 0 1 -1.2246467991473532e-16
vn 0 1 -1.2246467991473532e-16
vn 0 1 -1.2246467991473532e-16
vn 0 1 -1.2246467991473532e-16
vn 0 1 -1.2246467991473532e-16
vn 0 1 -1.2246467991473532e-16
vn 0 1 -1.2246467991473532e-16
vn 0 1 -1.2246467991473532e-16
vn 0 1 -1.2246467991473532e-16
vn 0 -1.2246467991473532e-16 -1
vn 0 -1.2246467991473532e-16 -1
vn 0 -1.2246467991473532e-16 -1
vn 0 -1.2246467991473532e-16 -1
vn 0 -1.2246467991473532e-16 -1
vn 0 -1.2246467991473532e-16 -1
vn 0 -1.2246467991473532e-16 -1
vn 0 -1.2246467991473532e-16 -1
vn 0 -1.2246467991473532e-16 -1
vn 0 -1.2246467991473532e-16 -1
vn 0 -1.2246467991473532e-16 -1
vn 0 -1.2246467991473532e-16 -1
vn 0 1 -1.2246467991473532e-16
vn 0 1 -1.2246467991473532e-16
vn 0 1 -1.2246467991473532e-16
vn 0 1 -1.2246467991473532e-16
vn 0 1 -1.2246467991473532e-16
vn 0 1 -1.2246467991473532e-16
vn 0 1 -1.2246467991473532e-16
vn 0 1 -1.2246467991473532e-16
vn 0 1 -1.2246467991473532e-16
vn 0 1 -1.2246467991473532e-16
vn 0 1 -1.2246467991473532e-16
vn 0 1 -1.2246467991473532e-16
vn 0 -1.2246467991473532e-16 -1
vn 0 -1.2246467991473532e-16 -1
vn 0 -1.2246467991473532e-16 -1
vn 0 -1.2246467991473532e-16 -1
vn 0 -1.2246467991473532e-16 -1
vn 0 -1.2246467991473532e-16 -1
vn 0 -1.2246467991473532e-16 -1
vn 0 -1.2246467991473532e-16 -1
vn 0 1 -1.2246467991473532e-16
vn 0 1 -1.2246467991473532e-16
vn 0 1 -1.2246467991473532e-16
vn 0 1 -1.2246467991473532e-16
vn 0 1 -1.2246467991473532e-16
vn 0 1 -1.2246467991473532e-16
vn 0 1 -1.2246467991473532e-16
vn 0 1 -1.2246467991473532e-16
vn 0 1 -1.2246467991473532e-16
vn 0 1 -1.2246467991473532e-16
vn 0 1 -1.2246467991473532e-16
vn 0 1 -1.2246467991473532e-16
vn 0 -1.2246467991473532e-16 -1
vn 0 -1.2246467991473532e-16 -1
vn 0 -1.2246467991473532e-16 -1
vn 0 -1.2246467991473532e-16 -1
vn 0 1 -1.2246467991473532e-16
vn 0 1 -1.2246467991473532e-16
vn 0 1 -1.2246467991473532e-16
vn 0 1 -1.2246467991473532e-16
vn 0 1 -1.2246467991473532e-16
vn 0 1 -1.2246467991473532e-16
vn 0 1 -1.2246467991473532e-16
vn 0 1 -1.2246467991473532e-16
vn 0 1 -1.2246467991473532e-16
vn 0 1 -1.2246467991473532e-16
vn 0 1 -1.2246467991473532e-16
vn 0 1 -1.2246467991473532e-16
vn 0 -1.2246467991473532e-16 -1
vn 0 -1.2246467991473532e-16 -1
vn 0 -1.2246467991473532e-16 -1
vn 0 -1.2246467991473532e-16 -1
vn 0 1 -1.2246467991473532e-16
vn 0 1 -1.2246467991473532e-16
vn 0 1 -1.2246467991473532e-16
vn 0 1 -1.2246467991473532e-16
vn 0 -1.2246467991473532e-16 -1
vn 0 -1.2246467991473532e-16 -1
vn 0 -1.2246467991473532e-16 -1
vn 0 -1.2246467991473532e-16 -1
vn 0 1 -1.2246467991473532e-16
vn 0 1 -1.2246467991473532e-16
vn 0 1 -1.2246467991473532e-16
vn 0 1 -1.2246467991473532e-16
vn 0 1 -1.2246467991473532e-16
vn 0 1 -1.2246467991473532e-16
vn 0 1 -1.2246467991473532e-16
vn 0 1 -1.2246467991473532e-16
vn 0 1 -1.2246467991473532e-16
vn 0 1 -1.2246467991473532e-16
vn 0 1 -1.2246467991473532e-16
vn 0 1 -1.2246467991473532e-16
vn 0 -1.2246467991473532e-16 -1
vn 0 -1.2246467991473532e-16 -1
vn 0 -1.2246467991473532e-16 -1
vn 0 -1.2246467991473532e-16 -1
vn 0 -1.2246467991473532e-16 -1
vn 0 -1.2246467991473532e-16 -1
vn 0 -1.2246467991473532e-16 -1
vn 0 -1.2246467991473532e-16 -1
vn 0 1 -1.2246467991473532e-16
vn 0 1 -1.2246467991473532e-16
vn 0 1 -1.2246467991473532e-16
vn 0 1 -1.2246467991473532e-16
vn 0 -1.2246467991473532e-16 -1
vn 0 -1.2246467991473532e-16 -1
vn 0 -1.2246467991473532e-16 -1
vn 0 -1.2246467991473532e-16 -1
vn 0 1 -1.2246467991473532e-16
vn 0 1 -1.2246467991473532e-16
vn 0 1 -1.2246467991473532e-16
vn 0 1 -1.2246467991473532e-16
vn 0 -1.2246467991473532e-16 -1
vn 0 -1.2246467991473532e-16 -1
vn 0 -1.2246467991473532e-16 -1
vn 0 -1.2246467991473532e-16 -1
f 75/75/75 74/74/74 73/73/73
f 78/78/78 77/77/77 76/76/76
f 81/81/81 80/80/80 79/79/79
f 84/84/84 83/83/83 82/82/82
f 87/87/87 86/86/86 85/85/85
f 90/90/90 89/89/89 88/88/88
f 93/93/93 92/92/92 91/91/91
f 96/96/96 95/95/95 94/94/94
f 99/99/99 98/98/98 97/97/97
f 102/102/102 101/101/101 100/100/100
f 105/105/105 104/104/104 103/103/103
f 108/108/108 107/107/107 106/106/106
f 111/111/111 110/110/110 109/109/109
f 114/114/114 113/113/113 112/112/112
f 117/117/117 116/116/116 115/115/115
f 120/120/120 119/119/119 118/118/118
f 123/123/123 122/122/122 121/121/121
f 126/126/126 125/125/125 124/124/124
f 129/129/129 128/128/128 127/127/127
f 128/128/128 129/129/129 130/130/130
f 133/133/133 132/132/132 131/131/131
f 132/132/132 133/133/133 134/134/134
f 137/137/137 136/136/136 135/135/135
f 136/136/136 137/137/137 138/138/138
f 141/141/141 140/140/140 139/139/139
f 140/140/140 141/141/141 142/142/142
f 145/145/145 144/144/144 143/143/143
f 144/144/144 145/145/145 146/146/146
f 149/149/149 148/148/148 147/147/147
f 148/148/148 149/149/149 150/150/150
f 153/153/153 152/152/152 151/151/151
f 152/152/152 153/153/153 154/154/154
f 157/157/157 156/156/156 155/155/155
f 156/156/156 157/157/157 158/158/158
f 161/161/161 160/160/160 159/159/159
f 160/160/160 161/161/161 162/162/162
f 165/165/165 164/164/164 163/163/163
f 164/164/164 165/165/165 166/166/166
f 169/169/169 168/168/168 167/167/167
f 168/168/168 169/169/169 170/170/170
f 173/173/173 172/172/172 171/171/171
f 172/172/172 173/173/173 174/174/174
f 177/177/177 176/176/176 175/175/175
f 176/176/176 177/177/177 178/178/178
f 181/181/181 180/180/180 179/179/179
f 180/180/180 181/181/181 182/182/182
f 185/185/185 184/184/184 183/183/183
f 184/184/184 185/185/185 186/186/186
f 189/189/189 188/188/188 187/187/187
f 188/188/188 189/189/189 190/190/190
f 193/193/193 192/192/192 191/191/191
f 192/192/192 193/193/193 194/194/194
f 197/197/197 196/196/196 195/195/195
f 196/196/196 197/197/197 198/198/198
f 201/201/201 200/200/200 199/199/199
f 200/200/200 201/201/201 202/202/202
f 205/205/205 204/204/204 203/203/203
f 204/204/204 205/205/205 206/206/206
f 209/209/209 208/208/208 207/207/207
f 208/208/208 209/209/209 210/210/210
f 213/213/213 212/212/212 211/211/211
f 212/212/212 213/213/213 214/214/214
f 217/217/217 216/216/216 215/215/215
f 216/216/216 217/217/217 218/218/218
f 221/221/221 220/220/220 219/219/219
f 220/220/220 221/221/221 222/222/222
f 225/225/225 224/224/224 223/223/223
f 224/224/224 225/225/225 226/226/226
f 229/229/229 228/228/228 227/227/227
f 228/228/228 229/229/229 230/230/230
f 233/233/233 232/232/232 231/231/231
f 232/232/232 233/233/233 234/234/234
f 237/237/237 236/236/236 235/235/235
f 236/236/236 237/237/237 238/238/238
f 241/241/241 240/240/240 239/239/239
f 240/240/240 241/241/241 242/242/242
f 245/245/245 244/244/244 243/243/243
f 244/244/244 245/245/245 246/246/246
f 249/249/249 248/248/248 247/247/247
f 248/248/248 249/249/249 250/250/250
f 253/253/253 252/252/252 251/251/251
f 252/252/252 253/253/253 254/254/254
f 257/257/257 256/256/256 255/255/255
f 256/256/256 257/257/257 258/258/258
f 261/261/261 260/260/260 259/259/259
f 260/260/260 261/261/261 262/262/262
f 265/265/265 264/264/264 263/263/263
f 264/264/264 265/265/265 266/266/266
f 269/269/269 268/268/268 267/267/267
f 268/268/268 269/269/269 270/270/270
f 273/273/273 272/272/272 271/271/271
f 272/272/272 273/273/273 274/274/274
f 277/277/277 276/276/276 275/275/275
f 276/276/276 277/277/277 278/278/278
f 281/281/281 280/280/280 279/279/279
f 280/280/280 281/281/281 282/282/282
f 285/285/285 284/284/284 283/283/283
f 284/284/284 285/285/285 286/286/286
f 289/289/289 288/288/288 287/287/287
f 288/288/288 289/289/289 290/290/290
f 293/293/293 292/292/292 291/291/291
f 292/292/292 293/293/293 294/294/294
f 297/297/297 296/296/296 295/295/295
f 296/296/296 297/297/297 298/298/298
f 301/301/301 300/300/300 299/299/299
f 300/300/300 301/301/301 302/302/302
f 305/305/305 304/304/304 303/303/303
f 304/304/304 305/305/305 306/306/306
f 309/309/309 308/308/308 307/307/307
f 308/308/308 309/309/309 310/310/310
f 313/313/313 312/312/312 311/311/311
f 312/312/312 313/313/313 314/314/314
f 317/317/317 316/316/316 315/315/315
f 316/316/316 317/317/317 318/318/318
f 321/321/321 320/320/320 319/319/319
f 320/320/320 321/321/321 322/322/322
f 325/325/325 324/324/324 323/323/323
f 324/324/324 325/325/325 326/326/326
f 329/329/329 328/328/328 327/327/327
f 328/328/328 329/329/329 330/330/330
f 333/333/333 332/332/332 331/331/331
f 332/332/332 333/333/333 334/334/334
f 337/337/337 336/336/336 335/335/335
f 336/336/336 337/337/337 338/338/338
f 341/341/341 340/340/340 339/339/339
f 340/340/340 341/341/341 342/342/342
f 345/345/345 344/344/344 343/343/343
f 344/344/344 345/345/345 346/346/346
f 349/349/349 348/348/348 347/347/347
f 348/348/348 349/349/349 350/350/350
f 353/353/353 352/352/352 351/351/351
f 352/352/352 353/353/353 354/354/354
f 357/357/357 356/356/356 355/355/355
f 356/356/356 357/357/357 358/358/358
f 361/361/361 360/360/360 359/359/359
f 360/360/360 361/361/361 362/362/362
f 365/365/365 364/364/364 363/363/363
f 364/364/364 365/365/365 366/366/366
f 369/369/369 368/368/368 367/367/367
f 368/368/368 369/369/369 370/370/370
f 373/373/373 372/372/372 371/371/371
f 372/372/372 373/373/373 374/374/374
f 377/377/377 376/376/376 375/375/375
f 376/376/376 377/377/377 378/378/378
f 381/381/381 380/380/380 379/379/379
f 380/380/380 381/381/381 382/382/382
f 385/385/385 384/384/384 383/383/383
f 384/384/384 385/385/385 386/386/386
f 389/389/389 388/388/388 387/387/387
f 388/388/388 389/389/389 390/390/390
f 393/393/393 392/392/392 391/391/391
f 392/392/392 393/393/393 394/394/394
f 397/397/397 396/396/396 395/395/395
f 396/396/396 397/397/397 398/398/398
f 401/401/401 400/400/400 399/399/399
f 400/400/400 401/401/401 402/402/402
f 405/405/405 404/404/404 403/403/403
f 404/404/404 405/405/405 406/406/406
f 409/409/409 408/408/408 407/407/407
f 408/408/408 409/409/409 410/410/410
f 413/413/413 412/412/412 411/411/411
f 412/412/412 413/413/413 414/414/414
f 417/417/417 416/416/416 415/415/415
f 416/416/416 417/417/417 418/418/418
f 421/421/421 420/420/420 419/419/419
f 420/420/420 421/421/421 422/422/422
f 425/425/425 424/424/424 423/423/423
f 424/424/424 425/425/425 426/426/426
f 429/429/429 428/428/428 427/427/427
f 428/428/428 429/429/429 430/430/430
f 433/433/433 432/432/432 431/431/431
f 432/432/432 433/433/433 434/434/434
f 437/437/437 436/436/436 435/435/435
f 436/436/436 437/437/437 438/438/438
f 441/441/441 440/440/440 439/439/439
f 440/440/440 441/441/441 442/442/442
f 445/445/445 444/444/444 443/443/443
f 444/444/444 445/445/445 446/446/446
f 449/449/449 448/448/448 447/447/447
f 448/448/448 449/449/449 450/450/450
f 453/453/453 452/452/452 451/451/451
f 452/452/452 453/453/453 454/454/454
f 457/457/457 456/456/456 455/455/455
f 456/456/456 457/457/457 458/458/458
f 461/461/461 460/460/460 459/459/459
f 460/460/460 461/461/461 462/462/462
f 465/465/465 464/464/464 463/463/463
f 464/464/464 465/465/465 466/466/466
f 469/469/469 468/468/468 467/467/467
f 468/468/468 469/469/469 470/470/470
f 473/473/473 472/472/472 471/471/471
f 472/472/472 473/473/473 474/474/474
f 477/477/477 476/476/476 475/475/475
f 476/476/476 477/477/477 478/478/478
f 481/481/481 480/480/480 479/479/479
f 480/480/480 481/481/481 482/482/482
f 485/485/485 484/484/484 483/483/483
f 484/484/484 485/485/485 486/486/486
f 489/489/489 488/488/488 487/487/487
f 488/488/488 489/489/489 490/490/490
f 493/493/493 492/492/492 491/491/491
f 492/492/492 493/493/493 494/494/494
f 497/497/497 496/496/496 495/495/495
f 496/496/496 497/497/497 498/498/498
f 501/501/501 500/500/500 499/499/499
f 500/500/500 501/501/501 502/502/502
f 505/505/505 504/504/504 503/503/503
f 504/504/504 505/505/505 506/506/506
f 509/509/509 508/508/508 507/507/507
f 508/508/508 509/509/509 510/510/510
f 513/513/513 512/512/512 511/511/511
f 512/512/512 513/513/513 514/514/514
f 517/517/517 516/516/516 515/515/515
f 516/516/516 517/517/517 518/518/518
f 521/521/521 520/520/520 519/519/519
f 520/520/520 521/521/521 522/522/522
f 525/525/525 524/524/524 523/523/523
f 524/524/524 525/525/525 526/526/526
f 529/529/529 528/528/528 527/527/527
f 528/528/528 529/529/529 530/530/530
f 533/533/533 532/532/532 531/531/531
f 532/532/532 533/533/533 534/534/534
f 537/537/537 536/536/536 535/535/535
f 536/536/536 537/537/537 538/538/538
f 541/541/541 540/540/540 539/539/539
f 540/540/540 541/541/541 542/542/542
f 545/545/545 544/544/544 543/543/543
f 544/544/544 545/545/545 546/546/546
f 549/549/549 548/548/548 547/547/547
f 548/548/548 549/549/549 550/550/550
f 553/553/553 552/552/552 551/551/551
f 552/552/552 553/553/553 554/554/554
f 557/557/557 556/556/556 555/555/555
f 556/556/556 557/557/557 558/558/558
f 561/561/561 560/560/560 559/559/559
f 560/560/560 561/561/561 562/562/562
f 565/565/565 564/564/564 563/563/563
f 564/564/564 565/565/565 566/566/566
f 569/569/569 568/568/568 567/567/567
f 568/568/568 569/569/569 570/570/570
f 573/573/573 572/572/572 571/571/571
f 572/572/572 573/573/573 574/574/574
f 577/577/577 576/576/576 575/575/575
f 576/576/576 577/577/577 578/578/578
f 581/581/581 580/580/580 579/579/579
f 580/580/580 581/581/581 582/582/582
f 585/585/585 584/584/584 583/583/583
f 584/584/584 585/585/585 586/586/586
f 589/589/589 588/588/588 587/587/587
f 588/588/588 589/589/589 590/590/590
f 593/593/593 592/592/592 591/591/591
f 592/592/592 593/593/593 594/594/594
f 597/597/597 596/596/596 595/595/595
f 596/596/596 597/597/597 598/598/598
f 601/601/601 600/600/600 599/599/599
f 600/600/600 601/601/601 602/602/602
f 605/605/605 604/604/604 603/603/603
f 604/604/604 605/605/605 606/606/606
f 609/609/609 608/608/608 607/607/607
f 608/608/608 609/609/609 610/610/610
f 613/613/613 612/612/612 611/611/611
f 612/612/612 613/613/613 614/614/614
f 617/617/617 616/616/616 615/615/615
f 616/616/616 617/617/617 618/618/618
f 621/621/621 620/620/620 619/619/619
f 620/620/620 621/621/621 622/622/622
f 625/625/625 624/624/624 623/623/623
f 624/624/624 625/625/625 626/626/626
f 629/629/629 628/628/628 627/627/627
f 628/628/628 629/629/629 630/630/630
f 633/633/633 632/632/632 631/631/631
f 632/632/632 633/633/633 634/634/634
f 637/637/637 636/636/636 635/635/635
f 636/636/636 637/637/637 638/638/638
f 641/641/641 640/640/640 639/639/639
f 640/640/640 641/641/641 642/642/642
f 645/645/645 644/644/644 643/643/643
f 644/644/644 645/645/645 646/646/646
f 649/649/649 648/648/648 647/647/647
f 648/648/648 649/649/649 650/650/650
f 653/653/653 652/652/652 651/651/651
f 652/652/652 653/653/653 654/654/654
f 657/657/657 656/656/656 655/655/655
f 656/656/656 657/657/657 658/658/658
f 661/661/661 660/660/660 659/659/659
f 660/660/660 661/661/661 662/662/662
f 665/665/665 664/664/664 663/663/663
f 664/664/664 665/665/665 666/666/666
f 669/669/669 668/668/668 667/667/667
f 668/668/668 669/669/669 670/670/670
f 673/673/673 672/672/672 671/671/671
f 672/672/672 673/673/673 674/674/674
f 677/677/677 676/676/676 675/675/675
f 676/676/676 677/677/677 678/678/678
f 681/681/681 680/680/680 679/679/679
f 680/680/680 681/681/681 682/682/682
f 685/685/685 684/684/684 683/683/683
f 684/684/684 685/685/685 686/686/686
f 689/689/689 688/688/688 687/687/687
f 688/688/688 689/689/689 690/690/690
f 693/693/693 692/692/692 691/691/691
f 692/692/692 693/693/693 694/694/694
f 697/697/697 696/696/696 695/695/695
f 696/696/696 697/697/697 698/698/698
f 701/701/701 700/700/700 699/699/699
f 700/700/700 701/701/701 702/702/702
o mesh_14
usemtl mat5
v 0 25.59999999999999 -99.2
v 0 25.599999999999987 -102.4
v 3.2 25.599999999999987 -102.4
v 3.2 25.599999999999987 -115.2
v 0 25.599999999999987 -115.2
v 0 25.599999999999987 -128
v 0 -1.8418687859176194e-14 -150.4
v 0 -1.8810574834903348e-14 -153.60000000000002
v 3.2 -1.8810574834903348e-14 -153.60000000000002
vt 0.8359375 0.4921875
vt 0.8671875 0.4921875
vt 0.8671875 0.4921875
vt 0.5 0.4921875
vt 0.5 0.4921875
vt 0.625 0.4921875
vt 0.8359375 0.7421875
vt 0.8671875 0.7421875
vt 0.8671875 0.7421875
vn 0 1 -1.2246467991473532e-16
vn 0 1 -1.2246467991473532e-16
vn 0 1 -1.2246467991473532e-16
vn 0 1 -1.2246467991473532e-16
vn 0 1 -1.2246467991473532e-16
vn 0 1 -1.2246467991473532e-16
vn 0 1 -1.2246467991473532e-16
vn 0 1 -1.2246467991473532e-16
vn 0 1 -1.2246467991473532e-16
f 705/705/705 704/704/704 703/703/703
f 708/708/708 707/707/707 706/706/706
f 711/711/711 710/710/710 709/709/709
o mesh_15
usemtl mat5
v 12.8 54.399999999999984 -172.8
v 12.8 51.19999999999998 -172.8
v 12.8 51.19999999999998 -166.4
v 25.6 12.79999999999998 -168
v 25.6 12.79999999999998 -179.20000000000002
v 25.6 -2.194567064072057e-14 -179.20000000000002
v 38.400000000000006 -2.194567064072057e-14 -179.20000000000002
v 38.400000000000006 12.79999999999998 -179.20000000000002
v 38.400000000000006 12.79999999999998 -168
v 21.6 25.59999999999998 -169.60000000000002
v 16.8 25.59999999999998 -169.60000000000002
v 19.200000000000003 38.399999999999984 -166.4
v 38.400000000000006 12.79999999999998 -168
v 38.400000000000006 25.59999999999998 -169.60000000000002
v 42.400000000000006 25.59999999999998 -169.60000000000002
v 40.800000000000004 54.399999999999984 -172.8
v 38.400000000000006 54.399999999999984 -172.8
v 38.400000000000006 63.99999999999998 -172.8
v 25.6 63.99999999999998 -172.8
v 25.6 54.399999999999984 -172.8
v 23.200000000000003 54.399999999999984 -172.8
v 51.2 51.19999999999998 -166.4
v 51.2 51.19999999999998 -172.8
v 51.2 54.399999999999984 -172.8
v 51.2 51.19999999999998 -172.8
v 51.2 38.399999999999984 -169.60000000000002
v 47.2 38.399999999999984 -169.60000000000002
v 16.8 38.399999999999984 -169.60000000000002
v 12.8 38.399999999999984 -169.60000000000002
v 12.8 51.19999999999998 -172.8
v 12.8 12.79999999999998 -168
v 12.8 25.59999999999998 -169.60000000000002
v 16.8 25.59999999999998 -169.60000000000002
v 21.6 25.59999999999998 -169.60000000000002
v 25.6 25.59999999999998 -169.60000000000002
v 25.6 12.79999999999998 -168
v 44.800000000000004 38.399999999999984 -166.4
v 47.2 25.59999999999998 -169.60000000000002
v 42.400000000000006 25.59999999999998 -169.60000000000002
v 47.2 25.59999999999998 -169.60000000000002
v 51.2 25.59999999999998 -169.60000000000002
v 51.2 12.79999999999998 -168
v 25.6 -2.037812273781196e-14 -166.4
v 24 12.799999999999981 -166.4
v 25.6 12.79999999999998 -168
v 38.400000000000006 -2.037812273781196e-14 -166.4
v 38.400000000000006 12.79999999999998 -168
v 40 12.799999999999981 -166.4
v 44.800000000000004 38.399999999999984 -166.4
v 47.2 38.399999999999984 -169.60000000000002
v 47.2 25.59999999999998 -169.60000000000002
v 25.6 12.79999999999998 -168
v 25.6 -2.194567064072057e-14 -179.20000000000002
v 25.6 -2.037812273781196e-14 -166.4
v 38.400000000000006 -2.037812273781196e-14 -166.4
v 38.400000000000006 -2.194567064072057e-14 -179.20000000000002
v 38.400000000000006 12.79999999999998 -168
v 42.400000000000006 25.59999999999998 -169.60000000000002
v 42.400000000000006 38.399999999999984 -169.60000000000002
v 44.800000000000004 38.399999999999984 -166.4
v 19.200000000000003 38.399999999999984 -166.4
v 21.6 38.399999999999984 -169.60000000000002
v 21.6 25.59999999999998 -169.60000000000002
v 16.8 25.59999999999998 -169.60000000000002
v 16.8 38.399999999999984 -169.60000000000002
v 19.200000000000003 38.399999999999984 -166.4
v 23.200000000000003 54.399999999999984 -172.8
v 12.8 54.399999999999984 -172.8
v 25.6 63.99999999999998 -172.8
v 12.8 63.99999999999998 -172.8
v 38.400000000000006 63.99999999999998 -172.8
v 51.2 63.99999999999998 -172.8
v 40.800000000000004 54.399999999999984 -172.8
v 51.2 54.399999999999984 -172.8
v 12.8 51.19999999999998 -166.4
v 12.8 76.8 -166.4
v 12.8 54.399999999999984 -172.8
v 12.8 63.99999999999998 -172.8
v 12.8 38.399999999999984 -166.4
v 12.8 51.19999999999998 -166.4
v 12.8 38.399999999999984 -169.60000000000002
v 12.8 51.19999999999998 -172.8
v 51.2 38.399999999999984 -166.4
v 51.2 25.59999999999998 -166.4
v 51.2 38.399999999999984 -169.60000000000002
v 51.2 25.59999999999998 -169.60000000000002
v 21.6 38.399999999999984 -169.60000000000002
v 25.6 38.399999999999984 -169.60000000000002
v 21.6 25.59999999999998 -169.60000000000002
v 25.6 25.59999999999998 -169.60000000000002
v 51.2 54.399999999999984 -172.8
v 51.2 63.99999999999998 -172.8
v 51.2 51.19999999999998 -166.4
v 51.2 76.8 -166.4
v 38.400000000000006 12.79999999999998 -179.20000000000002
v 38.400000000000006 25.59999999999998 -179.20000000000002
v 38.400000000000006 12.79999999999998 -168
v 38.400000000000006 25.59999999999998 -169.60000000000002
v 38.400000000000006 38.399999999999984 -179.20000000000002
v 38.400000000000006 25.59999999999998 -179.20000000000002
v 25.6 38.399999999999984 -179.20000000000002
v 25.6 25.59999999999998 -179.20000000000002
v 25.6 12.79999999999998 -168
v 25.6 25.59999999999998 -169.60000000000002
v 25.6 12.79999999999998 -179.20000000000002
v 25.6 25.59999999999998 -179.20000000000002
v 51.2 38.399999999999984 -169.60000000000002
v 51.2 51.19999999999998 -172.8
v 51.2 38.399999999999984 -166.4
v 51.2 51.19999999999998 -166.4
v 23.200000000000003 51.19999999999998 -172.8
v 25.6 51.19999999999998 -172.8
v 21.6 38.399999999999984 -169.60000000000002
v 25.6 38.399999999999984 -169.60000000000002
v 51.2 12.79999999999998 -168
v 38.400000000000006 12.79999999999998 -168
v 47.2 25.59999999999998 -169.60000000000002
v 42.400000000000006 25.59999999999998 -169.60000000000002
v 25.6 12.79999999999998 -168
v 12.8 12.79999999999998 -168
v 21.6 25.59999999999998 -169.60000000000002
v 16.8 25.59999999999998 -169.60000000000002
v 12.8 51.19999999999998 -172.8
v 23.200000000000003 51.19999999999998 -172.8
v 16.8 38.399999999999984 -169.60000000000002
v 21.6 38.399999999999984 -169.60000000000002
v 47.2 38.399999999999984 -169.60000000000002
v 42.400000000000006 38.399999999999984 -169.60000000000002
v 51.2 51.19999999999998 -172.8
v 40.800000000000004 51.19999999999998 -172.8
v 25.6 25.599999999999977 -192
v 25.6 25.59999999999998 -179.20000000000002
v 38.400000000000006 25.599999999999977 -192
v 38.400000000000006 25.59999999999998 -179.20000000000002
v 42.400000000000006 38.399999999999984 -169.60000000000002
v 38.400000000000006 38.399999999999984 -169.60000000000002
v 40.800000000000004 51.19999999999998 -172.8
v 38.400000000000006 51.19999999999998 -172.8
v 42.400000000000006 25.59999999999998 -169.60000000000002
v 38.400000000000006 25.59999999999998 -169.60000000000002
v 42.400000000000006 38.399999999999984 -169.60000000000002
v 38.400000000000006 38.399999999999984 -169.60000000000002
v 16.8 25.59999999999998 -169.60000000000002
v 12.8 25.59999999999998 -169.60000000000002
v 16.8 38.399999999999984 -169.60000000000002
v 12.8 38.399999999999984 -169.60000000000002
v 47.2 38.399999999999984 -169.60000000000002
v 51.2 38.399999999999984 -169.60000000000002
v 47.2 25.59999999999998 -169.60000000000002
v 51.2 25.59999999999998 -169.60000000000002
v 38.400000000000006 12.79999999999998 -179.20000000000002
v 38.400000000000006 12.799999999999978 -192
v 38.400000000000006 25.59999999999998 -179.20000000000002
v 38.400000000000006 25.599999999999977 -192
v 12.8 38.399999999999984 -169.60000000000002
v 12.8 25.59999999999998 -169.60000000000002
v 12.8 38.399999999999984 -166.4
v 12.8 25.59999999999998 -166.4
v 12.8 12.79999999999998 -168
v 12.8 12.799999999999981 -166.4
v 12.8 25.59999999999998 -169.60000000000002
v 12.8 25.59999999999998 -166.4
v 38.400000000000006 38.399999999999984 -169.60000000000002
v 38.400000000000006 25.59999999999998 -169.60000000000002
v 38.400000000000006 38.399999999999984 -179.20000000000002
v 38.400000000000006 25.59999999999998 -179.20000000000002
v 25.6 38.399999999999984 -179.20000000000002
v 25.6 25.59999999999998 -179.20000000000002
v 25.6 38.399999999999984 -169.60000000000002
v 25.6 25.59999999999998 -169.60000000000002
v 24 12.799999999999981 -166.4
v 12.8 12.799999999999981 -166.4
v 25.6 12.79999999999998 -168
v 12.8 12.79999999999998 -168
v 25.6 -2.3513218543629183e-14 -192
v 25.6 -2.194567064072057e-14 -179.20000000000002
v 25.6 12.799999999999978 -192
v 25.6 12.79999999999998 -179.20000000000002
v 38.400000000000006 -2.194567064072057e-14 -179.20000000000002
v 38.400000000000006 -2.3513218543629183e-14 -192
v 38.400000000000006 12.79999999999998 -179.20000000000002
v 38.400000000000006 12.799999999999978 -192
v 38.400000000000006 12.79999999999998 -168
v 51.2 12.79999999999998 -168
v 40 12.799999999999981 -166.4
v 51.2 12.799999999999981 -166.4
v 51.2 25.59999999999998 -169.60000000000002
v 51.2 25.59999999999998 -166.4
v 51.2 12.79999999999998 -168
v 51.2 12.799999999999981 -166.4
v 25.6 12.799999999999978 -192
v 25.6 12.79999999999998 -179.20000000000002
v 25.6 25.599999999999977 -192
v 25.6 25.59999999999998 -179.20000000000002
vt 0.6796875 0.21875
vt 0.6796875 0.25
vt 0.625 0.25
vt 0.7578125 0.6171875
vt 0.8671875 0.6171875
vt 0.8671875 0.7421875
vt 0.7421875 0.7421875
vt 0.7421875 0.6171875
vt 0.8515625 0.6171875
vt 0.7734375 0.3671875
vt 0.7109375 0.3671875
vt 0.7421875 0.25
vt 0.8671875 0.6171875
vt 0.8671875 0.4921875
vt 0.90625 0.4921875
vt 0.890625 0.2109375
vt 0.8671875 0.2109375
vt 0.8671875 0.1171875
vt 0.7421875 0.1171875
vt 0.7421875 0.2109375
vt 0.71875 0.2109375
vt 0.9921875 0.2421875
vt 0.9375 0.2421875
vt 0.9375 0.2109375
vt 0.9921875 0.2421875
vt 0.9921875 0.3671875
vt 0.953125 0.3671875
vt 0.65625 0.3671875
vt 0.6171875 0.3671875
vt 0.6171875 0.2421875
vt 0.6171875 0.6171875
vt 0.6171875 0.4921875
vt 0.65625 0.4921875
vt 0.703125 0.4921875
vt 0.7421875 0.4921875
vt 0.7421875 0.6171875
vt 0.8359375 0.4140625
vt 0.8671875 0.53125
vt 0.8046875 0.53125
vt 0.953125 0.4921875
vt 0.9921875 0.4921875
vt 0.9921875 0.6171875
vt 0.75 0.7421875
vt 0.75 0.6171875
vt 0.7578125 0.6171875
vt 0.8671875 0.7421875
vt 0.8515625 0.6171875
vt 0.8671875 0.6171875
vt 0.8359375 0.4140625
vt 0.8671875 0.4140625
vt 0.8671875 0.53125
vt 0.7578125 0.6171875
vt 0.8671875 0.7421875
vt 0.75 0.7421875
vt 0.8671875 0.7421875
vt 0.7421875 0.7421875
vt 0.8515625 0.6171875
vt 0.8046875 0.53125
vt 0.8046875 0.4140625
vt 0.8359375 0.4140625
vt 0.7421875 0.25
vt 0.7734375 0.25
vt 0.7734375 0.3671875
vt 0.7109375 0.3671875
vt 0.7109375 0.25
vt 0.7421875 0.25
vt 0.71875 0.2109375
vt 0.6171875 0.2109375
vt 0.7421875 0.1171875
vt 0.6171875 0.1171875
vt 0.8671875 0.1171875
vt 0.9921875 0.1171875
vt 0.890625 0.2109375
vt 0.9921875 0.2109375
vt 0.625 0.25
vt 0.625 0
vt 0.6796875 0.21875
vt 0.6796875 0.125
vt 0.625 0.3671875
vt 0.625 0.25
vt 0.6484375 0.3671875
vt 0.6796875 0.25
vt 0.9921875 0.3671875
vt 0.9921875 0.4921875
vt 0.9609375 0.3671875
vt 0.9609375 0.4921875
vt 0.703125 0.3671875
vt 0.7421875 0.3671875
vt 0.703125 0.4921875
vt 0.7421875 0.4921875
vt 0.9375 0.2109375
vt 0.9375 0.125
vt 0.9921875 0.2421875
vt 0.9921875 0
vt 0.7421875 0.6171875
vt 0.7421875 0.4921875
vt 0.8515625 0.6171875
vt 0.8359375 0.4921875
vt 0.8671875 0.3671875
vt 0.8671875 0.4921875
vt 0.7421875 0.3671875
vt 0.7421875 0.4921875
vt 0.7578125 0.6171875
vt 0.7734375 0.4921875
vt 0.8671875 0.6171875
vt 0.8671875 0.4921875
vt 0.9609375 0.3671875
vt 0.9375 0.2421875
vt 0.9921875 0.3671875
vt 0.9921875 0.2421875
vt 0.71875 0.2421875
vt 0.7421875 0.2421875
vt 0.703125 0.3671875
vt 0.7421875 0.3671875
vt 0.9921875 0.6171875
vt 0.8671875 0.6171875
vt 0.953125 0.4921875
vt 0.90625 0.4921875
vt 0.7421875 0.6171875
vt 0.6171875 0.6171875
vt 0.703125 0.4921875
vt 0.65625 0.4921875
vt 0.6171875 0.2421875
vt 0.71875 0.2421875
vt 0.65625 0.3671875
vt 0.703125 0.3671875
vt 0.953125 0.3671875
vt 0.90625 0.3671875
vt 0.9921875 0.2421875
vt 0.890625 0.2421875
vt 0.875 0.4921875
vt 0.875 0.375
vt 0.9921875 0.4921875
vt 0.9921875 0.375
vt 0.90625 0.3671875
vt 0.8671875 0.3671875
vt 0.890625 0.2421875
vt 0.8671875 0.2421875
vt 0.90625 0.4921875
vt 0.8671875 0.4921875
vt 0.90625 0.3671875
vt 0.8671875 0.3671875
vt 0.65625 0.4921875
vt 0.6171875 0.4921875
vt 0.65625 0.3671875
vt 0.6171875 0.3671875
vt 0.953125 0.3671875
vt 0.9921875 0.3671875
vt 0.953125 0.4921875
vt 0.9921875 0.4921875
vt 0.7421875 0.6171875
vt 0.625 0.6171875
vt 0.7421875 0.4921875
vt 0.625 0.4921875
vt 0.6484375 0.3671875
vt 0.6484375 0.4921875
vt 0.625 0.3671875
vt 0.625 0.4921875
vt 0.6328125 0.6171875
vt 0.625 0.6171875
vt 0.6484375 0.4921875
vt 0.625 0.4921875
vt 0.8359375 0.3671875
vt 0.8359375 0.4921875
vt 0.7421875 0.3671875
vt 0.7421875 0.4921875
vt 0.8671875 0.3671875
vt 0.8671875 0.4921875
vt 0.7734375 0.3671875
vt 0.7734375 0.4921875
vt 0.7265625 0.6171875
vt 0.6171875 0.6171875
vt 0.7421875 0.6171875
vt 0.6171875 0.6171875
vt 0.9921875 0.7421875
vt 0.8671875 0.7421875
vt 0.9921875 0.6171875
vt 0.8671875 0.6171875
vt 0.7421875 0.7421875
vt 0.625 0.7421875
vt 0.7421875 0.6171875
vt 0.625 0.6171875
vt 0.8671875 0.6171875
vt 0.9921875 0.6171875
vt 0.8828125 0.6171875
vt 0.9921875 0.6171875
vt 0.9609375 0.4921875
vt 0.9921875 0.4921875
vt 0.9765625 0.6171875
vt 0.9921875 0.6171875
vt 0.9921875 0.6171875
vt 0.8671875 0.6171875
vt 0.9921875 0.4921875
vt 0.8671875 0.4921875
vn 1 0 0
vn 1 0 0
vn 1 0 0
vn 1 0 0
vn 1 0 0
vn 1 0 0
vn -1 0 0
vn -1 0 0
vn -1 0 0
vn 0 -0.24253562503633283 0.9701425001453319
vn 0 -0.24253562503633283 0.9701425001453319
vn 0 -0.24253562503633283 0.9701425001453319
vn 0 0.12403473458920856 0.9922778767136676
vn 0 0.12403473458920856 0.9922778767136676
vn 0 0.12403473458920856 0.9922778767136676
vn 0 1.2246467991473532e-16 1
vn 0 1.2246467991473532e-16 1
vn 0 1.2246467991473532e-16 1
vn 0 1.2246467991473532e-16 1
vn 0 1.2246467991473532e-16 1
vn 0 1.2246467991473532e-16 1
vn -1 0 0
vn -1 0 0
vn -1 0 0
vn 0 0.24253562503633308 0.9701425001453319
vn 0 0.24253562503633308 0.9701425001453319
vn 0 0.24253562503633308 0.9701425001453319
vn 0 0.24253562503633308 0.9701425001453319
vn 0 0.24253562503633308 0.9701425001453319
vn 0 0.24253562503633308 0.9701425001453319
vn 0 0.12403473458920856 0.9922778767136676
vn 0 0.12403473458920856 0.9922778767136676
vn 0 0.12403473458920856 0.9922778767136676
vn 0 0.12403473458920856 0.9922778767136676
vn 0 0.12403473458920856 0.9922778767136676
vn 0 0.12403473458920856 0.9922778767136676
vn 0 -0.24253562503633283 0.9701425001453319
vn 0 -0.24253562503633283 0.9701425001453319
vn 0 -0.24253562503633283 0.9701425001453319
vn 0 0.12403473458920856 0.9922778767136676
vn 0 0.12403473458920856 0.9922778767136676
vn 0 0.12403473458920856 0.9922778767136676
vn 0.7043607250604991 0.08804509063256248 0.7043607250604991
vn 0.7043607250604991 0.08804509063256248 0.7043607250604991
vn 0.7043607250604991 0.08804509063256248 0.7043607250604991
vn -0.7043607250604991 0.08804509063256248 0.7043607250604991
vn -0.7043607250604991 0.08804509063256248 0.7043607250604991
vn -0.7043607250604991 0.08804509063256248 0.7043607250604991
vn 0.7999999928474428 7.347880911675536e-17 0.6000000095367429
vn 0.7999999928474428 7.347880911675536e-17 0.6000000095367429
vn 0.7999999928474428 7.347880911675536e-17 0.6000000095367429
vn 1 0 0
vn 1 0 0
vn 1 0 0
vn -1 0 0
vn -1 0 0
vn -1 0 0
vn -0.7999999928474428 7.347880911675536e-17 0.6000000095367429
vn -0.7999999928474428 7.347880911675536e-17 0.6000000095367429
vn -0.7999999928474428 7.347880911675536e-17 0.6000000095367429
vn 0.7999999928474428 7.347880911675536e-17 0.6000000095367429
vn 0.7999999928474428 7.347880911675536e-17 0.6000000095367429
vn 0.7999999928474428 7.347880911675536e-17 0.6000000095367429
vn -0.7999999928474428 7.347880911675536e-17 0.6000000095367429
vn -0.7999999928474428 7.347880911675536e-17 0.6000000095367429
vn -0.7999999928474428 7.347880911675536e-17 0.6000000095367429
vn 0 1.2246467991473532e-16 1
vn 0 1.2246467991473532e-16 1
vn 0 1.2246467991473532e-16 1
vn 0 1.2246467991473532e-16 1
vn 0 1.2246467991473532e-16 1
vn 0 1.2246467991473532e-16 1
vn 0 1.2246467991473532e-16 1
vn 0 1.2246467991473532e-16 1
vn 1 0 0
vn 1 0 0
vn 1 0 0
vn 1 0 0
vn 1 0 0
vn 1 0 0
vn 1 0 0
vn 1 0 0
vn -1 0 0
vn -1 0 0
vn -1 0 0
vn -1 0 0
vn 0 1.2246467991473532e-16 1
vn 0 1.2246467991473532e-16 1
vn 0 1.2246467991473532e-16 1
vn 0 1.2246467991473532e-16 1
vn -1 0 0
vn -1 0 0
vn -1 0 0
vn -1 0 0
vn -1 0 0
vn -1 0 0
vn -1 0 0
vn -1 0 0
vn 0 1.2246467991473532e-16 1
vn 0 1.2246467991473532e-16 1
vn 0 1.2246467991473532e-16 1
vn 0 1.2246467991473532e-16 1
vn 1 0 0
vn 1 0 0
vn 1 0 0
vn 1 0 0
vn -1 0 0
vn -1 0 0
vn -1 0 0
vn -1 0 0
vn 0 0.24253562503633308 0.9701425001453319
vn 0 0.24253562503633308 0.9701425001453319
vn 0 0.24253562503633308 0.9701425001453319
vn 0 0.24253562503633308 0.9701425001453319
vn 0 0.12403473458920856 0.9922778767136676
vn 0 0.12403473458920856 0.9922778767136676
vn 0 0.12403473458920856 0.9922778767136676
vn 0 0.12403473458920856 0.9922778767136676
vn 0 0.12403473458920856 0.9922778767136676
vn 0 0.12403473458920856 0.9922778767136676
vn 0 0.12403473458920856 0.9922778767136676
vn 0 0.12403473458920856 0.9922778767136676
vn 0 0.24253562503633308 0.9701425001453319
vn 0 0.24253562503633308 0.9701425001453319
vn 0 0.24253562503633308 0.9701425001453319
vn 0 0.24253562503633308 0.9701425001453319
vn 0 0.24253562503633308 0.9701425001453319
vn 0 0.24253562503633308 0.9701425001453319
vn 0 0.24253562503633308 0.9701425001453319
vn 0 0.24253562503633308 0.9701425001453319
vn 0 -1 1.2246467991473532e-16
vn 0 -1 1.2246467991473532e-16
vn 0 -1 1.2246467991473532e-16
vn 0 -1 1.2246467991473532e-16
vn 0 0.24253562503633308 0.9701425001453319
vn 0 0.24253562503633308 0.9701425001453319
vn 0 0.24253562503633308 0.9701425001453319
vn 0 0.24253562503633308 0.9701425001453319
vn 0 1.2246467991473532e-16 1
vn 0 1.2246467991473532e-16 1
vn 0 1.2246467991473532e-16 1
vn 0 1.2246467991473532e-16 1
vn 0 1.2246467991473532e-16 1
vn 0 1.2246467991473532e-16 1
vn 0 1.2246467991473532e-16 1
vn 0 1.2246467991473532e-16 1
vn 0 1.2246467991473532e-16 1
vn 0 1.2246467991473532e-16 1
vn 0 1.2246467991473532e-16 1
vn 0 1.2246467991473532e-16 1
vn -1 0 0
vn -1 0 0
vn -1 0 0
vn -1 0 0
vn 1 0 0
vn 1 0 0
vn 1 0 0
vn 1 0 0
vn 1 0 0
vn 1 0 0
vn 1 0 0
vn 1 0 0
vn -1 0 0
vn -1 0 0
vn -1 0 0
vn -1 0 0
vn 1 0 0
vn 1 0 0
vn 1 0 0
vn 1 0 0
vn 0 1 -1.2246467991473532e-16
vn 0 1 -1.2246467991473532e-16
vn 0 1 -1.2246467991473532e-16
vn 0 1 -1.2246467991473532e-16
vn 1 0 0
vn 1 0 0
vn 1 0 0
vn 1 0 0
vn -1 0 0
vn -1 0 0
vn -1 0 0
vn -1 0 0
vn 0 1 -1.2246467991473532e-16
vn 0 1 -1.2246467991473532e-16
vn 0 1 -1.2246467991473532e-16
vn 0 1 -1.2246467991473532e-16
vn -1 0 0
vn -1 0 0
vn -1 0 0
vn -1 0 0
vn 1 0 0
vn 1 0 0
vn 1 0 0
vn 1 0 0
f 714/714/714 713/713/713 712/712/712
f 717/717/717 716/716/716 715/715/715
f 720/720/720 719/719/719 718/718/718
f 723/723/723 722/722/722 721/721/721
f 726/726/726 725/725/725 724/724/724
f 729/729/729 728/728/728 727/727/727
f 732/732/732 731/731/731 730/730/730
f 735/735/735 734/734/734 733/733/733
f 738/738/738 737/737/737 736/736/736
f 741/741/741 740/740/740 739/739/739
f 744/744/744 743/743/743 742/742/742
f 747/747/747 746/746/746 745/745/745
f 750/750/750 749/749/749 748/748/748
f 753/753/753 752/752/752 751/751/751
f 756/756/756 755/755/755 754/754/754
f 759/759/759 758/758/758 757/757/757
f 762/762/762 761/761/761 760/760/760
f 765/765/765 764/764/764 763/763/763
f 768/768/768 767/767/767 766/766/766
f 771/771/771 770/770/770 769/769/769
f 774/774/774 773/773/773 772/772/772
f 777/777/777 776/776/776 775/775/775
f 780/780/780 779/779/779 778/778/778
f 779/779/779 780/780/780 781/781/781
f 784/784/784 783/783/783 782/782/782
f 783/783/783 784/784/784 785/785/785
f 788/788/788 787/787/787 786/786/786
f 787/787/787 788/788/788 789/789/789
f 792/792/792 791/791/791 790/790/790
f 791/791/791 792/792/792 793/793/793
f 796/796/796 795/795/795 794/794/794
f 795/795/795 796/796/796 797/797/797
f 800/800/800 799/799/799 798/798/798
f 799/799/799 800/800/800 801/801/801
f 804/804/804 803/803/803 802/802/802
f 803/803/803 804/804/804 805/805/805
f 808/808/808 807/807/807 806/806/806
f 807/807/807 808/808/808 809/809/809
f 812/812/812 811/811/811 810/810/810
f 811/811/811 812/812/812 813/813/813
f 816/816/816 815/815/815 814/814/814
f 815/815/815 816/816/816 817/817/817
f 820/820/820 819/819/819 818/818/818
f 819/819/819 820/820/820 821/821/821
f 824/824/824 823/823/823 822/822/822
f 823/823/823 824/824/824 825/825/825
f 828/828/828 827/827/827 826/826/826
f 827/827/827 828/828/828 829/829/829
f 832/832/832 831/831/831 830/830/830
f 831/831/831 832/832/832 833/833/833
f 836/836/836 835/835/835 834/834/834
f 835/835/835 836/836/836 837/837/837
f 840/840/840 839/839/839 838/838/838
f 839/839/839 840/840/840 841/841/841
f 844/844/844 843/843/843 842/842/842
f 843/843/843 844/844/844 845/845/845
f 848/848/848 847/847/847 846/846/846
f 847/847/847 848/848/848 849/849/849
f 852/852/852 851/851/851 850/850/850
f 851/851/851 852/852/852 853/853/853
f 856/856/856 855/855/855 854/854/854
f 855/855/855 856/856/856 857/857/857
f 860/860/860 859/859/859 858/858/858
f 859/859/859 860/860/860 861/861/861
f 864/864/864 863/863/863 862/862/862
f 863/863/863 864/864/864 865/865/865
f 868/868/868 867/867/867 866/866/866
f 867/867/867 868/868/868 869/869/869
f 872/872/872 871/871/871 870/870/870
f 871/871/871 872/872/872 873/873/873
f 876/876/876 875/875/875 874/874/874
f 875/875/875 876/876/876 877/877/877
f 880/880/880 879/879/879 878/878/878
f 879/879/879 880/880/880 881/881/881
f 884/884/884 883/883/883 882/882/882
f 883/883/883 884/884/884 885/885/885
f 888/888/888 887/887/887 886/886/886
f 887/887/887 888/888/888 889/889/889
f 892/892/892 891/891/891 890/890/890
f 891/891/891 892/892/892 893/893/893
f 896/896/896 895/895/895 894/894/894
f 895/895/895 896/896/896 897/897/897
f 900/900/900 899/899/899 898/898/898
f 899/899/899 900/900/900 901/901/901
f 904/904/904 903/903/903 902/902/902
f 903/903/903 904/904/904 905/905/905
o mesh_16
usemtl mat6
v 47.2 38.399999999999984 -169.60000000000002
v 44.800000000000004 38.399999999999984 -166.4
v 42.400000000000006 38.399999999999984 -169.60000000000002
v 21.6 38.399999999999984 -169.60000000000002
v 19.200000000000003 38.399999999999984 -166.4
v 16.8 38.399999999999984 -169.60000000000002
vt 0.7421875 0.375
vt 0.71875 0.3984375
vt 0.703125 0.375
vt 0.7421875 0.375
vt 0.71875 0.3984375
vt 0.703125 0.375
vn 0 1 -1.2246467991473532e-16
vn 0 1 -1.2246467991473532e-16
vn 0 1 -1.2246467991473532e-16
vn 0 1 -1.2246467991473532e-16
vn 0 1 -1.2246467991473532e-16
vn 0 1 -1.2246467991473532e-16
f 908/908/908 907/907/907 906/906/906
f 911/911/911 910/910/910 909/909/909
o mesh_17
usemtl mat5
v 67.2 102.39999999999999 -89.60000000000002
v 64 102.39999999999999 -89.60000000000002
v 64 115.19999999999999 -89.60000000000002
v 64 -1.8810574834903348e-14 -153.60000000000002
v 64 12.799999999999981 -153.60000000000002
v 64 12.799999999999983 -140.8
v 64 12.799999999999983 -140.8
v 64 25.599999999999984 -140.8
v 64 25.599999999999987 -128
v 64 38.4 -64
v 64 51.199999999999996 -64
v 64 51.199999999999996 -51.20000000000001
v 64 76.80000000000001 -51.20000000000001
v 64 76.80000000000001 -48.00000000000001
v 64 63.99999999999999 -48.00000000000001
v 64 127.99999999999999 -64.00000000000001
v 64 134.4 -51.20000000000002
v 64 128 -51.20000000000002
v 64 60.8 -38.40000000000001
v 64 51.199999999999996 -38.40000000000001
v 64 51.199999999999996 -48.00000000000001
v 64 47.99999999999999 -51.20000000000001
v 64 38.4 -51.20000000000001
v 64 38.4 -60.80000000000001
v 64 35.19999999999999 -89.60000000000001
v 64 25.59999999999999 -89.60000000000001
v 64 25.59999999999999 -99.2
v 64 22.399999999999988 -128
v 64 12.799999999999985 -128
v 64 12.799999999999985 -137.6
v 64 9.599999999999984 -140.8
v 64 -1.7243026931994733e-14 -140.8
v 64 -1.8418687859176194e-14 -150.4
v 64 128 -48.000000000000014
v 64 128 -51.20000000000002
v 64 134.4 -51.20000000000002
v 64 38.39999999999999 -140.8
v 64 25.599999999999984 -140.8
v 64 25.599999999999984 -153.60000000000002
v 64 51.19999999999999 -115.2
v 64 51.19999999999999 -128
v 64 63.999999999999986 -128
v 64 63.999999999999986 -140.8
v 64 51.19999999999999 -140.8
v 64 51.19999999999998 -153.60000000000002
v 64 115.19999999999999 -73.60000000000002
v 64 115.19999999999999 -76.80000000000003
v 64 121.6 -76.80000000000003
v 64 140.8 -38.40000000000002
v 64 128 -38.40000000000002
v 64 128 -41.600000000000016
v 64 127.99999999999999 -64.00000000000001
v 64 115.19999999999999 -64.00000000000001
v 64 115.19999999999999 -67.20000000000002
v 64 38.4 -76.80000000000001
v 64 51.199999999999996 -76.80000000000001
v 64 51.199999999999996 -73.60000000000001
v 64 51.199999999999996 -48.00000000000001
v 64 51.199999999999996 -51.20000000000001
v 64 54.4 -48.00000000000001
v 64 51.199999999999996 -67.2
v 64 51.199999999999996 -64
v 64 38.4 -64
v 67.2 76.8 -140.8
v 64 76.8 -140.8
v 64 89.6 -140.8
v 67.2 76.8 -128
v 64 95.99999999999999 -128
v 64 76.8 -128
v 64 25.599999999999987 -115.2
v 64 25.599999999999987 -128
v 64 38.39999999999999 -128
v 64 51.199999999999996 -73.60000000000001
v 64 51.199999999999996 -76.80000000000001
v 64 63.99999999999999 -76.80000000000003
v 64 102.39999999999999 -102.40000000000002
v 64 102.39999999999999 -89.60000000000002
v 64 89.6 -89.60000000000002
v 68.8 102.39999999999999 -67.20000000000002
v 64 115.19999999999999 -67.20000000000002
v 64 102.39999999999999 -67.20000000000002
v 68.8 102.39999999999999 -73.60000000000002
v 64 102.39999999999999 -73.60000000000002
v 64 115.19999999999999 -73.60000000000002
v 68.8 115.2 -41.600000000000016
v 64 128 -41.600000000000016
v 64 115.2 -41.600000000000016
v 68.8 115.2 -48.000000000000014
v 64 115.2 -48.000000000000014
v 64 128 -48.000000000000014
v 64 89.6 -76.80000000000003
v 64 102.39999999999999 -76.80000000000003
v 64 102.39999999999999 -73.60000000000002
v 64 51.19999999999999 -89.60000000000001
v 64 51.19999999999999 -102.4
v 64 63.999999999999986 -89.60000000000002
v 64 63.999999999999986 -89.60000000000002
v 64 63.99999999999999 -76.80000000000003
v 64 51.19999999999999 -89.60000000000001
v 64 51.199999999999996 -76.80000000000001
v 64 102.39999999999999 -73.60000000000002
v 64 76.8 -73.60000000000002
v 64 89.6 -76.80000000000003
v 64 76.8 -76.80000000000003
v 65.60000000000001 63.99999999999999 -76.80000000000003
v 67.2 76.8 -76.80000000000003
v 64 63.99999999999999 -76.80000000000003
v 64 76.8 -76.80000000000003
v 67.2 76.8 -89.60000000000002
v 65.60000000000001 63.999999999999986 -89.60000000000002
v 64 76.8 -89.60000000000002
v 64 63.999999999999986 -89.60000000000002
v 67.2 76.8 -76.80000000000003
v 67.2 89.6 -76.80000000000003
v 64 76.8 -76.80000000000003
v 64 89.6 -76.80000000000003
v 67.2 89.6 -89.60000000000002
v 67.2 76.8 -89.60000000000002
v 64 89.6 -89.60000000000002
v 64 76.8 -89.60000000000002
v 67.2 102.39999999999999 -89.60000000000002
v 67.2 89.6 -89.60000000000002
v 64 102.39999999999999 -89.60000000000002
v 64 89.6 -89.60000000000002
v 67.2 89.6 -76.80000000000003
v 67.2 102.39999999999999 -76.80000000000003
v 64 89.6 -76.80000000000003
v 64 102.39999999999999 -76.80000000000003
v 64 76.8 -140.8
v 64 63.999999999999986 -140.8
v 64 76.8 -153.60000000000002
v 64 51.19999999999998 -153.60000000000002
v 64 38.4 -76.80000000000001
v 64 38.39999999999999 -89.60000000000001
v 64 51.199999999999996 -76.80000000000001
v 64 51.19999999999999 -89.60000000000001
v 67.2 102.39999999999999 -76.80000000000003
v 64 121.6 -76.80000000000003
v 64 102.39999999999999 -76.80000000000003
v 64 115.19999999999999 -76.80000000000003
v 64 115.2 -38.40000000000002
v 64 128 -38.40000000000002
v 64 115.2 -25.600000000000016
v 64 128 -25.600000000000016
v 64 102.39999999999999 -115.20000000000002
v 64 76.8 -115.20000000000002
v 64 95.99999999999999 -128
v 64 76.8 -128
v 65.60000000000001 38.39999999999999 -128
v 67.2 51.19999999999999 -128
v 64 38.39999999999999 -128
v 64 51.19999999999999 -128
v 64 115.2 -41.600000000000016
v 64 115.2 -38.40000000000002
v 64 102.4 -41.600000000000016
v 64 102.4 -38.40000000000002
v 64 102.39999999999999 -67.20000000000002
v 64 102.39999999999999 -64.00000000000001
v 64 76.8 -67.20000000000002
v 64 76.8 -64.00000000000001
v 64 102.4 -41.600000000000016
v 64 102.4 -38.40000000000002
v 64 76.80000000000001 -41.60000000000001
v 64 76.80000000000001 -38.40000000000001
v 67.2 51.19999999999999 -140.8
v 65.60000000000001 38.39999999999999 -140.8
v 64 51.19999999999999 -140.8
v 64 38.39999999999999 -140.8
v 64 64 -25.60000000000001
v 64 63.99999999999999 -38.40000000000001
v 64 76.80000000000001 -25.600000000000012
v 64 76.80000000000001 -38.40000000000001
v 64 115.19999999999999 -89.60000000000002
v 64 102.39999999999999 -89.60000000000002
v 64 108.8 -102.40000000000002
v 64 102.39999999999999 -102.40000000000002
v 64 38.39999999999999 -128
v 64 25.599999999999987 -128
v 64 38.39999999999999 -140.8
v 64 25.599999999999984 -140.8
v 64 140.8 -38.40000000000002
v 64 140.8 -25.60000000000002
v 64 128 -38.40000000000002
v 64 128 -25.600000000000016
v 64 115.19999999999999 -64.00000000000001
v 64 127.99999999999999 -64.00000000000001
v 64 115.2 -51.20000000000002
v 64 128 -51.20000000000002
v 64 12.799999999999985 -137.6
v 64 12.799999999999983 -140.8
v 64 22.399999999999988 -128
v 64 25.599999999999987 -128
v 64 83.19999999999999 -153.60000000000002
v 64 89.6 -140.8
v 64 76.8 -153.60000000000002
v 64 76.8 -140.8
v 64 -1.8418687859176194e-14 -150.4
v 64 -1.8810574834903348e-14 -153.60000000000002
v 64 9.599999999999984 -140.8
v 64 12.799999999999983 -140.8
v 67.2 51.19999999999999 -128
v 67.2 63.999999999999986 -128
v 64 51.19999999999999 -128
v 64 63.999999999999986 -128
v 67.2 63.999999999999986 -140.8
v 67.2 51.19999999999999 -140.8
v 64 63.999999999999986 -140.8
v 64 51.19999999999999 -140.8
v 67.2 76.8 -140.8
v 67.2 63.999999999999986 -140.8
v 64 76.8 -140.8
v 64 63.999999999999986 -140.8
v 67.2 63.999999999999986 -128
v 67.2 76.8 -128
v 64 63.999999999999986 -128
v 64 76.8 -128
v 64 63.99999999999999 -38.40000000000001
v 64 60.8 -38.40000000000001
v 64 63.99999999999999 -41.60000000000001
v 64 60.8 -41.60000000000001
v 64 38.4 -60.80000000000001
v 64 38.4 -64
v 64 47.99999999999999 -51.20000000000001
v 64 51.199999999999996 -51.20000000000001
v 64 25.59999999999999 -99.2
v 64 25.599999999999987 -102.4
v 64 35.19999999999999 -89.60000000000001
v 64 38.39999999999999 -89.60000000000001
v 64 12.799999999999983 -140.8
v 64 12.799999999999981 -153.60000000000002
v 64 25.599999999999984 -140.8
v 64 25.599999999999984 -153.60000000000002
v 64 115.2 -48.000000000000014
v 64 115.2 -51.20000000000002
v 64 128 -48.000000000000014
v 64 128 -51.20000000000002
v 64 115.2 -25.600000000000016
v 64 102.4 -25.600000000000016
v 64 115.2 -38.40000000000002
v 64 102.4 -38.40000000000002
v 64 115.2 -51.20000000000002
v 64 102.4 -51.20000000000002
v 64 115.19999999999999 -64.00000000000001
v 64 102.39999999999999 -64.00000000000001
v 64 102.39999999999999 -73.60000000000002
v 64 102.39999999999999 -76.80000000000003
v 64 115.19999999999999 -73.60000000000002
v 64 115.19999999999999 -76.80000000000003
v 64 76.8 -67.20000000000002
v 64 76.8 -64.00000000000001
v 64 51.199999999999996 -67.2
v 64 51.199999999999996 -64
v 64 128 -41.600000000000016
v 64 128 -38.40000000000002
v 64 115.2 -41.600000000000016
v 64 115.2 -38.40000000000002
v 64 102.4 -48.000000000000014
v 64 102.4 -51.20000000000002
v 64 115.2 -48.000000000000014
v 64 115.2 -51.20000000000002
v 64 76.80000000000001 -48.00000000000001
v 64 76.80000000000001 -51.20000000000001
v 64 102.4 -48.000000000000014
v 64 102.4 -51.20000000000002
v 64 128 -41.600000000000016
v 64 128 -48.000000000000014
v 64 140.8 -38.40000000000002
v 64 134.4 -51.20000000000002
v 64 115.19999999999999 -67.20000000000002
v 64 115.19999999999999 -64.00000000000001
v 64 102.39999999999999 -67.20000000000002
v 64 102.39999999999999 -64.00000000000001
v 64 115.19999999999999 -67.20000000000002
v 64 115.19999999999999 -73.60000000000002
v 64 127.99999999999999 -64.00000000000001
v 64 121.6 -76.80000000000003
v 64 63.99999999999999 -41.60000000000001
v 64 76.80000000000001 -41.60000000000001
v 64 63.99999999999999 -38.40000000000001
v 64 76.80000000000001 -38.40000000000001
v 64 54.4 -48.00000000000001
v 64 60.8 -41.60000000000001
v 64 51.199999999999996 -48.00000000000001
v 64 60.8 -38.40000000000001
v 68.8 102.4 -48.000000000000014
v 68 76.80000000000001 -48.00000000000001
v 64 102.4 -48.000000000000014
v 64 76.80000000000001 -48.00000000000001
v 68 76.80000000000001 -41.60000000000001
v 68.8 102.4 -41.600000000000016
v 64 76.80000000000001 -41.60000000000001
v 64 102.4 -41.600000000000016
v 68.8 102.39999999999999 -73.60000000000002
v 68.8 76.8 -73.60000000000002
v 64 102.39999999999999 -73.60000000000002
v 64 76.8 -73.60000000000002
v 68.8 76.8 -67.20000000000002
v 68.8 102.39999999999999 -67.20000000000002
v 64 76.8 -67.20000000000002
v 64 102.39999999999999 -67.20000000000002
v 68.8 115.2 -48.000000000000014
v 68.8 102.4 -48.000000000000014
v 64 115.2 -48.000000000000014
v 64 102.4 -48.000000000000014
v 68.8 102.4 -41.600000000000016
v 68.8 115.2 -41.600000000000016
v 64 102.4 -41.600000000000016
v 64 115.2 -41.600000000000016
v 64 51.199999999999996 -67.2
v 67.2 51.199999999999996 -67.2
v 64 76.8 -67.20000000000002
v 68.8 76.8 -67.20000000000002
v 68.8 76.8 -73.60000000000002
v 67.2 51.199999999999996 -73.60000000000001
v 64 76.8 -73.60000000000002
v 64 51.199999999999996 -73.60000000000001
v 64 63.99999999999999 -41.60000000000001
v 67.2 63.99999999999999 -41.60000000000001
v 64 76.80000000000001 -41.60000000000001
v 68 76.80000000000001 -41.60000000000001
v 67.2 63.99999999999999 -48.00000000000001
v 64 63.99999999999999 -48.00000000000001
v 68 76.80000000000001 -48.00000000000001
v 64 76.80000000000001 -48.00000000000001
v 64 63.99999999999999 -41.60000000000001
v 64 60.8 -41.60000000000001
v 64 63.99999999999999 -48.00000000000001
v 64 54.4 -48.00000000000001
v 64 63.99999999999999 -48.00000000000001
v 64 54.4 -48.00000000000001
v 64 76.80000000000001 -51.20000000000001
v 64 51.199999999999996 -51.20000000000001
v 64 38.4 -64
v 64 38.4 -76.80000000000001
v 64 51.199999999999996 -67.2
v 64 51.199999999999996 -73.60000000000001
v 64 76.8 -76.80000000000003
v 64 76.8 -73.60000000000002
v 64 63.99999999999999 -76.80000000000003
v 64 51.199999999999996 -73.60000000000001
v 64 76.8 -89.60000000000002
v 64 76.8 -102.40000000000002
v 64 89.6 -89.60000000000002
v 64 102.39999999999999 -102.40000000000002
vt 0.8046875 0.3671875
vt 0.75 0.3671875
vt 0.75 0.25
vt 0.6171875 0.7421875
vt 0.6171875 0.6171875
vt 0.7421875 0.6171875
vt 0.7421875 0.6171875
vt 0.7421875 0.4921875
vt 0.8671875 0.4921875
vt 0.5 0.3671875
vt 0.5 0.2421875
vt 0.6171875 0.2421875
vt 0.625 0
vt 0.6484375 0
vt 0.6484375 0.1171875
vt 0.5 0.1171875
vt 0.6171875 0.0546875
vt 0.6171875 0.1171875
vt 0.7421875 0.1484375
vt 0.7421875 0.2421875
vt 0.6484375 0.2421875
vt 0.6171875 0.2734375
vt 0.6171875 0.3671875
vt 0.53125 0.3671875
vt 0.7421875 0.3984375
vt 0.7421875 0.4921875
vt 0.6484375 0.4921875
vt 0.8671875 0.5234375
vt 0.8671875 0.6171875
vt 0.7734375 0.6171875
vt 0.7421875 0.6484375
vt 0.7421875 0.7421875
vt 0.65625 0.7421875
vt 0.6484375 0.1171875
vt 0.6171875 0.1171875
vt 0.6171875 0.0546875
vt 0.7421875 0.3671875
vt 0.7421875 0.4921875
vt 0.6171875 0.4921875
vt 0.9921875 0.2421875
vt 0.8671875 0.2421875
vt 0.8671875 0.1171875
vt 0.7421875 0.1171875
vt 0.7421875 0.2421875
vt 0.6171875 0.2421875
vt 0.8984375 0.2421875
vt 0.8671875 0.2421875
vt 0.8671875 0.1796875
vt 0.7421875 0
vt 0.7421875 0.1171875
vt 0.7109375 0.1171875
vt 0.9921875 0.125
vt 0.9921875 0.2421875
vt 0.9609375 0.2421875
vt 0.8671875 0.3671875
vt 0.8671875 0.2421875
vt 0.8984375 0.2421875
vt 0.6484375 0.2421875
vt 0.625 0.2421875
vt 0.6484375 0.2109375
vt 0.9609375 0.2421875
vt 0.9921875 0.2421875
vt 0.9921875 0.3671875
vt 0.8046875 0.6171875
vt 0.7421875 0.6171875
vt 0.7421875 0.5
vt 0.8125 0.6171875
vt 0.8671875 0.375
vt 0.8671875 0.6171875
vt 0.9921875 0.4921875
vt 0.8671875 0.4921875
vt 0.8671875 0.3671875
vt 0.8984375 0.2421875
vt 0.8671875 0.2421875
vt 0.8671875 0.1171875
vt 0.6171875 0.3671875
vt 0.7421875 0.3671875
vt 0.7421875 0.4921875
vt 0.9375 0.375
vt 0.96875 0.25
vt 0.96875 0.375
vt 0.9609375 0.3671875
vt 0.90625 0.3671875
vt 0.90625 0.25
vt 0.65625 0.2421875
vt 0.7109375 0.125
vt 0.7109375 0.2421875
vt 0.7109375 0.0859375
vt 0.65625 0.0859375
vt 0.65625 0
vt 0.8671875 0.4921875
vt 0.8671875 0.3671875
vt 0.8984375 0.3671875
vt 0.7421875 0.2421875
vt 0.6171875 0.2421875
vt 0.7421875 0.1171875
vt 0.75 0.125
vt 0.8671875 0.125
vt 0.75 0.2421875
vt 0.8671875 0.2421875
vt 0.8984375 0.3671875
vt 0.8984375 0.6171875
vt 0.8671875 0.4921875
vt 0.8671875 0.6171875
vt 0.8359375 0.1171875
vt 0.8125 0
vt 0.8671875 0.1171875
vt 0.8671875 0
vt 0.8046875 0
vt 0.7734375 0.1171875
vt 0.75 0
vt 0.75 0.1171875
vt 0.8125 0.6171875
vt 0.8125 0.4921875
vt 0.8671875 0.6171875
vt 0.8671875 0.4921875
vt 0.8046875 0.4921875
vt 0.8046875 0.6171875
vt 0.75 0.4921875
vt 0.75 0.6171875
vt 0.8046875 0.3671875
vt 0.8046875 0.4921875
vt 0.75 0.3671875
vt 0.75 0.4921875
vt 0.8125 0.4921875
vt 0.8125 0.3671875
vt 0.8671875 0.4921875
vt 0.8671875 0.3671875
vt 0.7421875 0
vt 0.7421875 0.1171875
vt 0.6171875 0
vt 0.6171875 0.2421875
vt 0.8671875 0.3671875
vt 0.7421875 0.3671875
vt 0.8671875 0.2421875
vt 0.7421875 0.2421875
vt 0.8125 0.3671875
vt 0.8671875 0.1875
vt 0.8671875 0.3671875
vt 0.8671875 0.2421875
vt 0.7421875 0.2421875
vt 0.7421875 0.1171875
vt 0.8671875 0.2421875
vt 0.8671875 0.1171875
vt 0.9921875 0.375
vt 0.9921875 0.6171875
vt 0.8671875 0.4296875
vt 0.8671875 0.6171875
vt 0.84375 0.3671875
vt 0.8125 0.2421875
vt 0.8671875 0.3671875
vt 0.8671875 0.2421875
vt 0.7109375 0.2421875
vt 0.7421875 0.2421875
vt 0.7109375 0.3671875
vt 0.7421875 0.3671875
vt 0.96875 0.375
vt 0.9921875 0.375
vt 0.96875 0.6171875
vt 0.9921875 0.6171875
vt 0.7109375 0.3671875
vt 0.7421875 0.3671875
vt 0.7109375 0.6171875
vt 0.7421875 0.6171875
vt 0.8046875 0.2421875
vt 0.7734375 0.3671875
vt 0.7421875 0.2421875
vt 0.7421875 0.3671875
vt 0.8671875 0.1171875
vt 0.7421875 0.1171875
vt 0.8671875 0
vt 0.7421875 0
vt 0.7421875 0.2421875
vt 0.7421875 0.3671875
vt 0.6171875 0.3046875
vt 0.6171875 0.3671875
vt 0.8671875 0.375
vt 0.8671875 0.4921875
vt 0.75 0.375
vt 0.75 0.4921875
vt 0.7421875 0
vt 0.8671875 0
vt 0.7421875 0.1171875
vt 0.8671875 0.1171875
vt 0.5 0.2421875
vt 0.5 0.1171875
vt 0.6171875 0.2421875
vt 0.6171875 0.1171875
vt 0.7734375 0.6171875
vt 0.7421875 0.6171875
vt 0.8671875 0.5234375
vt 0.8671875 0.4921875
vt 0.6171875 0.5546875
vt 0.7421875 0.4921875
vt 0.6171875 0.6171875
vt 0.7421875 0.6171875
vt 0.65625 0.7421875
vt 0.6171875 0.7421875
vt 0.7421875 0.6484375
vt 0.7421875 0.6171875
vt 0.8125 0.2421875
vt 0.8125 0.1171875
vt 0.8671875 0.2421875
vt 0.8671875 0.1171875
vt 0.8046875 0.1171875
vt 0.8046875 0.2421875
vt 0.7421875 0.1171875
vt 0.7421875 0.2421875
vt 0.8046875 0
vt 0.8046875 0.1171875
vt 0.7421875 0
vt 0.7421875 0.1171875
vt 0.8125 0.1171875
vt 0.8125 0
vt 0.8671875 0.1171875
vt 0.8671875 0
vt 0.7421875 0.1171875
vt 0.7421875 0.1484375
vt 0.7109375 0.1171875
vt 0.7109375 0.1484375
vt 0.53125 0.3671875
vt 0.5 0.3671875
vt 0.6171875 0.2734375
vt 0.6171875 0.2421875
vt 0.6484375 0.4921875
vt 0.6171875 0.4921875
vt 0.7421875 0.3984375
vt 0.7421875 0.3671875
vt 0.7421875 0.6171875
vt 0.6171875 0.6171875
vt 0.7421875 0.4921875
vt 0.6171875 0.4921875
vt 0.6484375 0.2421875
vt 0.6171875 0.2421875
vt 0.6484375 0.1171875
vt 0.6171875 0.1171875
vt 0.8671875 0.2421875
vt 0.8671875 0.3671875
vt 0.7421875 0.2421875
vt 0.7421875 0.3671875
vt 0.6171875 0.2421875
vt 0.6171875 0.3671875
vt 0.5 0.2421875
vt 0.5 0.3671875
vt 0.8984375 0.3671875
vt 0.8671875 0.3671875
vt 0.8984375 0.2421875
vt 0.8671875 0.2421875
vt 0.9609375 0
vt 0.9921875 0
vt 0.9609375 0.2421875
vt 0.9921875 0.2421875
vt 0.7109375 0.1171875
vt 0.7421875 0.1171875
vt 0.7109375 0.2421875
vt 0.7421875 0.2421875
vt 0.6484375 0.3671875
vt 0.6171875 0.3671875
vt 0.6484375 0.2421875
vt 0.6171875 0.2421875
vt 0.6484375 0.6171875
vt 0.6171875 0.6171875
vt 0.6484375 0.3671875
vt 0.6171875 0.3671875
vt 0.7109375 0.1171875
vt 0.6484375 0.1171875
vt 0.7421875 0
vt 0.6171875 0.0546875
vt 0.96875 0.25
vt 0.9921875 0.25
vt 0.96875 0.375
vt 0.9921875 0.375
vt 0.9609375 0.2421875
vt 0.8984375 0.2421875
vt 0.9921875 0.125
vt 0.8671875 0.1796875
vt 0.7109375 0.1171875
vt 0.7109375 0
vt 0.7421875 0.1171875
vt 0.7421875 0
vt 0.6484375 0.2109375
vt 0.7109375 0.1484375
vt 0.6484375 0.2421875
vt 0.7421875 0.1484375
vt 0.7109375 0.1796875
vt 0.703125 0.3671875
vt 0.65625 0.1796875
vt 0.65625 0.3671875
vt 0.6640625 0.6171875
vt 0.65625 0.3671875
vt 0.7109375 0.6171875
vt 0.7109375 0.3671875
vt 0.9609375 0.3671875
vt 0.9609375 0.6171875
vt 0.90625 0.3671875
vt 0.90625 0.6171875
vt 0.9375 0.6171875
vt 0.9375 0.375
vt 0.96875 0.6171875
vt 0.96875 0.375
vt 0.7109375 0.0859375
vt 0.7109375 0.1796875
vt 0.65625 0.0859375
vt 0.65625 0.1796875
vt 0.65625 0.3671875
vt 0.65625 0.2421875
vt 0.7109375 0.3671875
vt 0.7109375 0.2421875
vt 0.9609375 0.2421875
vt 0.921875 0.2421875
vt 0.9609375 0
vt 0.90625 0
vt 0.9609375 0
vt 0.9453125 0.2421875
vt 0.90625 0
vt 0.90625 0.2421875
vt 0.7109375 0.1171875
vt 0.6640625 0.1171875
vt 0.7109375 0
vt 0.65625 0
vt 0.703125 0.1171875
vt 0.65625 0.1171875
vt 0.7109375 0
vt 0.65625 0
vt 0.7109375 0.1171875
vt 0.7109375 0.1484375
vt 0.6484375 0.1171875
vt 0.6484375 0.2109375
vt 0.6484375 0.1171875
vt 0.6484375 0.2109375
vt 0.625 0
vt 0.625 0.2421875
vt 0.9921875 0.3671875
vt 0.875 0.3671875
vt 0.9609375 0.25
vt 0.8984375 0.25
vt 0.8671875 0
vt 0.8984375 0
vt 0.8671875 0.1171875
vt 0.8984375 0.2421875
vt 0.7421875 0.6171875
vt 0.6171875 0.6171875
vt 0.7421875 0.4921875
vt 0.6171875 0.3671875
vn 0 1.2246467991473532e-16 1
vn 0 1.2246467991473532e-16 1
vn 0 1.2246467991473532e-16 1
vn -1 0 0
vn -1 0 0
vn -1 0 0
vn -1 0 0
vn -1 0 0
vn -1 0 0
vn -1 0 0
vn -1 0 0
vn -1 0 0
vn -1 0 0
vn -1 0 0
vn -1 0 0
vn -1 0 0
vn -1 0 0
vn -1 0 0
vn -1 0 0
vn -1 0 0
vn -1 0 0
vn -1 0 0
vn -1 0 0
vn -1 0 0
vn -1 0 0
vn -1 0 0
vn -1 0 0
vn -1 0 0
vn -1 0 0
vn -1 0 0
vn -1 0 0
vn -1 0 0
vn -1 0 0
vn -1 0 0
vn -1 0 0
vn -1 0 0
vn -1 0 0
vn -1 0 0
vn -1 0 0
vn -1 0 0
vn -1 0 0
vn -1 0 0
vn -1 0 0
vn -1 0 0
vn -1 0 0
vn -1 0 0
vn -1 0 0
vn -1 0 0
vn -1 0 0
vn -1 0 0
vn -1 0 0
vn -1 0 0
vn -1 0 0
vn -1 0 0
vn -1 0 0
vn -1 0 0
vn -1 0 0
vn -1 0 0
vn -1 0 0
vn -1 0 0
vn -1 0 0
vn -1 0 0
vn -1 0 0
vn 0 1.2246467991473532e-16 1
vn 0 1.2246467991473532e-16 1
vn 0 1.2246467991473532e-16 1
vn 0 -1.2246467991473532e-16 -1
vn 0 -1.2246467991473532e-16 -1
vn 0 -1.2246467991473532e-16 -1
vn -1 0 0
vn -1 0 0
vn -1 0 0
vn -1 0 0
vn -1 0 0
vn -1 0 0
vn -1 0 0
vn -1 0 0
vn -1 0 0
vn 0 -1.2246467991473532e-16 -1
vn 0 -1.2246467991473532e-16 -1
vn 0 -1.2246467991473532e-16 -1
vn 0 1.2246467991473532e-16 1
vn 0 1.2246467991473532e-16 1
vn 0 1.2246467991473532e-16 1
vn 0 -1.2246467991473532e-16 -1
vn 0 -1.2246467991473532e-16 -1
vn 0 -1.2246467991473532e-16 -1
vn 0 1.2246467991473532e-16 1
vn 0 1.2246467991473532e-16 1
vn 0 1.2246467991473532e-16 1
vn -1 0 0
vn -1 0 0
vn -1 0 0
vn -1 0 0
vn -1 0 0
vn -1 0 0
vn -1 0 0
vn -1 0 0
vn -1 0 0
vn -1 0 0
vn -1 0 0
vn -1 0 0
vn -1 0 0
vn -1 0 0
vn 0 -1.2246467991473532e-16 -1
vn 0 -1.2246467991473532e-16 -1
vn 0 -1.2246467991473532e-16 -1
vn 0 -1.2246467991473532e-16 -1
vn 0 1.2246467991473532e-16 1
vn 0 1.2246467991473532e-16 1
vn 0 1.2246467991473532e-16 1
vn 0 1.2246467991473532e-16 1
vn 0 -1.2246467991473532e-16 -1
vn 0 -1.2246467991473532e-16 -1
vn 0 -1.2246467991473532e-16 -1
vn 0 -1.2246467991473532e-16 -1
vn 0 1.2246467991473532e-16 1
vn 0 1.2246467991473532e-16 1
vn 0 1.2246467991473532e-16 1
vn 0 1.2246467991473532e-16 1
vn 0 1.2246467991473532e-16 1
vn 0 1.2246467991473532e-16 1
vn 0 1.2246467991473532e-16 1
vn 0 1.2246467991473532e-16 1
vn 0 -1.2246467991473532e-16 -1
vn 0 -1.2246467991473532e-16 -1
vn 0 -1.2246467991473532e-16 -1
vn 0 -1.2246467991473532e-16 -1
vn -1 0 0
vn -1 0 0
vn -1 0 0
vn -1 0 0
vn -1 0 0
vn -1 0 0
vn -1 0 0
vn -1 0 0
vn 0 -1.2246467991473532e-16 -1
vn 0 -1.2246467991473532e-16 -1
vn 0 -1.2246467991473532e-16 -1
vn 0 -1.2246467991473532e-16 -1
vn -1 0 0
vn -1 0 0
vn -1 0 0
vn -1 0 0
vn -1 0 0
vn -1 0 0
vn -1 0 0
vn -1 0 0
vn 0 -1.2246467991473532e-16 -1
vn 0 -1.2246467991473532e-16 -1
vn 0 -1.2246467991473532e-16 -1
vn 0 -1.2246467991473532e-16 -1
vn -1 0 0
vn -1 0 0
vn -1 0 0
vn -1 0 0
vn -1 0 0
vn -1 0 0
vn -1 0 0
vn -1 0 0
vn -1 0 0
vn -1 0 0
vn -1 0 0
vn -1 0 0
vn 0 1.2246467991473532e-16 1
vn 0 1.2246467991473532e-16 1
vn 0 1.2246467991473532e-16 1
vn 0 1.2246467991473532e-16 1
vn -1 0 0
vn -1 0 0
vn -1 0 0
vn -1 0 0
vn -1 0 0
vn -1 0 0
vn -1 0 0
vn -1 0 0
vn -1 0 0
vn -1 0 0
vn -1 0 0
vn -1 0 0
vn -1 0 0
vn -1 0 0
vn -1 0 0
vn -1 0 0
vn -1 0 0
vn -1 0 0
vn -1 0 0
vn -1 0 0
vn -1 0 0
vn -1 0 0
vn -1 0 0
vn -1 0 0
vn -1 0 0
vn -1 0 0
vn -1 0 0
vn -1 0 0
vn -1 0 0
vn -1 0 0
vn -1 0 0
vn -1 0 0
vn 0 -1.2246467991473532e-16 -1
vn 0 -1.2246467991473532e-16 -1
vn 0 -1.2246467991473532e-16 -1
vn 0 -1.2246467991473532e-16 -1
vn 0 1.2246467991473532e-16 1
vn 0 1.2246467991473532e-16 1
vn 0 1.2246467991473532e-16 1
vn 0 1.2246467991473532e-16 1
vn 0 1.2246467991473532e-16 1
vn 0 1.2246467991473532e-16 1
vn 0 1.2246467991473532e-16 1
vn 0 1.2246467991473532e-16 1
vn 0 -1.2246467991473532e-16 -1
vn 0 -1.2246467991473532e-16 -1
vn 0 -1.2246467991473532e-16 -1
vn 0 -1.2246467991473532e-16 -1
vn -1 0 0
vn -1 0 0
vn -1 0 0
vn -1 0 0
vn -1 0 0
vn -1 0 0
vn -1 0 0
vn -1 0 0
vn -1 0 0
vn -1 0 0
vn -1 0 0
vn -1 0 0
vn -1 0 0
vn -1 0 0
vn -1 0 0
vn -1 0 0
vn -1 0 0
vn -1 0 0
vn -1 0 0
vn -1 0 0
vn -1 0 0
vn -1 0 0
vn -1 0 0
vn -1 0 0
vn -1 0 0
vn -1 0 0
vn -1 0 0
vn -1 0 0
vn -1 0 0
vn -1 0 0
vn -1 0 0
vn -1 0 0
vn -1 0 0
vn -1 0 0
vn -1 0 0
vn -1 0 0
vn -1 0 0
vn -1 0 0
vn -1 0 0
vn -1 0 0
vn -1 0 0
vn -1 0 0
vn -1 0 0
vn -1 0 0
vn -1 0 0
vn -1 0 0
vn -1 0 0
vn -1 0 0
vn -1 0 0
vn -1 0 0
vn -1 0 0
vn -1 0 0
vn -1 0 0
vn -1 0 0
vn -1 0 0
vn -1 0 0
vn -1 0 0
vn -1 0 0
vn -1 0 0
vn -1 0 0
vn -1 0 0
vn -1 0 0
vn -1 0 0
vn -1 0 0
vn -1 0 0
vn -1 0 0
vn -1 0 0
vn -1 0 0
vn 0 1.2246467991473532e-16 1
vn 0 1.2246467991473532e-16 1
vn 0 1.2246467991473532e-16 1
vn 0 1.2246467991473532e-16 1
vn 0 -1.2246467991473532e-16 -1
vn 0 -1.2246467991473532e-16 -1
vn 0 -1.2246467991473532e-16 -1
vn 0 -1.2246467991473532e-16 -1
vn 0 1.2246467991473532e-16 1
vn 0 1.2246467991473532e-16 1
vn 0 1.2246467991473532e-16 1
vn 0 1.2246467991473532e-16 1
vn 0 -1.2246467991473532e-16 -1
vn 0 -1.2246467991473532e-16 -1
vn 0 -1.2246467991473532e-16 -1
vn 0 -1.2246467991473532e-16 -1
vn 0 1.2246467991473532e-16 1
vn 0 1.2246467991473532e-16 1
vn 0 1.2246467991473532e-16 1
vn 0 1.2246467991473532e-16 1
vn 0 -1.2246467991473532e-16 -1
vn 0 -1.2246467991473532e-16 -1
vn 0 -1.2246467991473532e-16 -1
vn 0 -1.2246467991473532e-16 -1
vn 0 -1.2246467991473532e-16 -1
vn 0 -1.2246467991473532e-16 -1
vn 0 -1.2246467991473532e-16 -1
vn 0 -1.2246467991473532e-16 -1
vn 0 1.2246467991473532e-16 1
vn 0 1.2246467991473532e-16 1
vn 0 1.2246467991473532e-16 1
vn 0 1.2246467991473532e-16 1
vn 0 -1.2246467991473532e-16 -1
vn 0 -1.2246467991473532e-16 -1
vn 0 -1.2246467991473532e-16 -1
vn 0 -1.2246467991473532e-16 -1
vn 0 1.2246467991473532e-16 1
vn 0 1.2246467991473532e-16 1
vn 0 1.2246467991473532e-16 1
vn 0 1.2246467991473532e-16 1
vn -1 0 0
vn -1 0 0
vn -1 0 0
vn -1 0 0
vn -1 0 0
vn -1 0 0
vn -1 0 0
vn -1 0 0
vn -1 0 0
vn -1 0 0
vn -1 0 0
vn -1 0 0
vn -1 0 0
vn -1 0 0
vn -1 0 0
vn -1 0 0
vn -1 0 0
vn -1 0 0
vn -1 0 0
vn -1 0 0
f 914/914/914 913/913/913 912/912/912
f 917/917/917 916/916/916 915/915/915
f 920/920/920 919/919/919 918/918/918
f 923/923/923 922/922/922 921/921/921
f 926/926/926 925/925/925 924/924/924
f 929/929/929 928/928/928 927/927/927
f 932/932/932 931/931/931 930/930/930
f 935/935/935 934/934/934 933/933/933
f 938/938/938 937/937/937 936/936/936
f 941/941/941 940/940/940 939/939/939
f 944/944/944 943/943/943 942/942/942
f 947/947/947 946/946/946 945/945/945
f 950/950/950 949/949/949 948/948/948
f 953/953/953 952/952/952 951/951/951
f 956/956/956 955/955/955 954/954/954
f 959/959/959 958/958/958 957/957/957
f 962/962/962 961/961/961 960/960/960
f 965/965/965 964/964/964 963/963/963
f 968/968/968 967/967/967 966/966/966
f 971/971/971 970/970/970 969/969/969
f 974/974/974 973/973/973 972/972/972
f 977/977/977 976/976/976 975/975/975
f 980/980/980 979/979/979 978/978/978
f 983/983/983 982/982/982 981/981/981
f 986/986/986 985/985/985 984/984/984
f 989/989/989 988/988/988 987/987/987
f 992/992/992 991/991/991 990/990/990
f 995/995/995 994/994/994 993/993/993
f 998/998/998 997/997/997 996/996/996
f 1001/1001/1001 1000/1000/1000 999/999/999
f 1004/1004/1004 1003/1003/1003 1002/1002/1002
f 1007/1007/1007 1006/1006/1006 1005/1005/1005
f 1010/1010/1010 1009/1009/1009 1008/1008/1008
f 1009/1009/1009 1010/1010/1010 1011/1011/1011
f 1014/1014/1014 1013/1013/1013 1012/1012/1012
f 1013/1013/1013 1014/1014/1014 1015/1015/1015
f 1018/1018/1018 1017/1017/1017 1016/1016/1016
f 1017/1017/1017 1018/1018/1018 1019/1019/1019
f 1022/1022/1022 1021/1021/1021 1020/1020/1020
f 1021/1021/1021 1022/1022/1022 1023/1023/1023
f 1026/1026/1026 1025/1025/1025 1024/1024/1024
f 1025/1025/1025 1026/1026/1026 1027/1027/1027
f 1030/1030/1030 1029/1029/1029 1028/1028/1028
f 1029/1029/1029 1030/1030/1030 1031/1031/1031
f 1034/1034/1034 1033/1033/1033 1032/1032/1032
f 1033/1033/1033 1034/1034/1034 1035/1035/1035
f 1038/1038/1038 1037/1037/1037 1036/1036/1036
f 1037/1037/1037 1038/1038/1038 1039/1039/1039
f 1042/1042/1042 1041/1041/1041 1040/1040/1040
f 1041/1041/1041 1042/1042/1042 1043/1043/1043
f 1046/1046/1046 1045/1045/1045 1044/1044/1044
f 1045/1045/1045 1046/1046/1046 1047/1047/1047
f 1050/1050/1050 1049/1049/1049 1048/1048/1048
f 1049/1049/1049 1050/1050/1050 1051/1051/1051
f 1054/1054/1054 1053/1053/1053 1052/1052/1052
f 1053/1053/1053 1054/1054/1054 1055/1055/1055
f 1058/1058/1058 1057/1057/1057 1056/1056/1056
f 1057/1057/1057 1058/1058/1058 1059/1059/1059
f 1062/1062/1062 1061/1061/1061 1060/1060/1060
f 1061/1061/1061 1062/1062/1062 1063/1063/1063
f 1066/1066/1066 1065/1065/1065 1064/1064/1064
f 1065/1065/1065 1066/1066/1066 1067/1067/1067
f 1070/1070/1070 1069/1069/1069 1068/1068/1068
f 1069/1069/1069 1070/1070/1070 1071/1071/1071
f 1074/1074/1074 1073/1073/1073 1072/1072/1072
f 1073/1073/1073 1074/1074/1074 1075/1075/1075
f 1078/1078/1078 1077/1077/1077 1076/1076/1076
f 1077/1077/1077 1078/1078/1078 1079/1079/1079
f 1082/1082/1082 1081/1081/1081 1080/1080/1080
f 1081/1081/1081 1082/1082/1082 1083/1083/1083
f 1086/1086/1086 1085/1085/1085 1084/1084/1084
f 1085/1085/1085 1086/1086/1086 1087/1087/1087
f 1090/1090/1090 1089/1089/1089 1088/1088/1088
f 1089/1089/1089 1090/1090/1090 1091/1091/1091
f 1094/1094/1094 1093/1093/1093 1092/1092/1092
f 1093/1093/1093 1094/1094/1094 1095/1095/1095
f 1098/1098/1098 1097/1097/1097 1096/1096/1096
f 1097/1097/1097 1098/1098/1098 1099/1099/1099
f 1102/1102/1102 1101/1101/1101 1100/1100/1100
f 1101/1101/1101 1102/1102/1102 1103/1103/1103
f 1106/1106/1106 1105/1105/1105 1104/1104/1104
f 1105/1105/1105 1106/1106/1106 1107/1107/1107
f 1110/1110/1110 1109/1109/1109 1108/1108/1108
f 1109/1109/1109 1110/1110/1110 1111/1111/1111
f 1114/1114/1114 1113/1113/1113 1112/1112/1112
f 1113/1113/1113 1114/1114/1114 1115/1115/1115
f 1118/1118/1118 1117/1117/1117 1116/1116/1116
f 1117/1117/1117 1118/1118/1118 1119/1119/1119
f 1122/1122/1122 1121/1121/1121 1120/1120/1120
f 1121/1121/1121 1122/1122/1122 1123/1123/1123
f 1126/1126/1126 1125/1125/1125 1124/1124/1124
f 1125/1125/1125 1126/1126/1126 1127/1127/1127
f 1130/1130/1130 1129/1129/1129 1128/1128/1128
f 1129/1129/1129 1130/1130/1130 1131/1131/1131
f 1134/1134/1134 1133/1133/1133 1132/1132/1132
f 1133/1133/1133 1134/1134/1134 1135/1135/1135
f 1138/1138/1138 1137/1137/1137 1136/1136/1136
f 1137/1137/1137 1138/1138/1138 1139/1139/1139
f 1142/1142/1142 1141/1141/1141 1140/1140/1140
f 1141/1141/1141 1142/1142/1142 1143/1143/1143
f 1146/1146/1146 1145/1145/1145 1144/1144/1144
f 1145/1145/1145 1146/1146/1146 1147/1147/1147
f 1150/1150/1150 1149/1149/1149 1148/1148/1148
f 1149/1149/1149 1150/1150/1150 1151/1151/1151
f 1154/1154/1154 1153/1153/1153 1152/1152/1152
f 1153/1153/1153 1154/1154/1154 1155/1155/1155
f 1158/1158/1158 1157/1157/1157 1156/1156/1156
f 1157/1157/1157 1158/1158/1158 1159/1159/1159
f 1162/1162/1162 1161/1161/1161 1160/1160/1160
f 1161/1161/1161 1162/1162/1162 1163/1163/1163
f 1166/1166/1166 1165/1165/1165 1164/1164/1164
f 1165/1165/1165 1166/1166/1166 1167/1167/1167
f 1170/1170/1170 1169/1169/1169 1168/1168/1168
f 1169/1169/1169 1170/1170/1170 1171/1171/1171
f 1174/1174/1174 1173/1173/1173 1172/1172/1172
f 1173/1173/1173 1174/1174/1174 1175/1175/1175
f 1178/1178/1178 1177/1177/1177 1176/1176/1176
f 1177/1177/1177 1178/1178/1178 1179/1179/1179
f 1182/1182/1182 1181/1181/1181 1180/1180/1180
f 1181/1181/1181 1182/1182/1182 1183/1183/1183
f 1186/1186/1186 1185/1185/1185 1184/1184/1184
f 1185/1185/1185 1186/1186/1186 1187/1187/1187
f 1190/1190/1190 1189/1189/1189 1188/1188/1188
f 1189/1189/1189 1190/1190/1190 1191/1191/1191
f 1194/1194/1194 1193/1193/1193 1192/1192/1192
f 1193/1193/1193 1194/1194/1194 1195/1195/1195
f 1198/1198/1198 1197/1197/1197 1196/1196/1196
f 1197/1197/1197 1198/1198/1198 1199/1199/1199
f 1202/1202/1202 1201/1201/1201 1200/1200/1200
f 1201/1201/1201 1202/1202/1202 1203/1203/1203
f 1206/1206/1206 1205/1205/1205 1204/1204/1204
f 1205/1205/1205 1206/1206/1206 1207/1207/1207
f 1210/1210/1210 1209/1209/1209 1208/1208/1208
f 1209/1209/1209 1210/1210/1210 1211/1211/1211
f 1214/1214/1214 1213/1213/1213 1212/1212/1212
f 1213/1213/1213 1214/1214/1214 1215/1215/1215
f 1218/1218/1218 1217/1217/1217 1216/1216/1216
f 1217/1217/1217 1218/1218/1218 1219/1219/1219
f 1222/1222/1222 1221/1221/1221 1220/1220/1220
f 1221/1221/1221 1222/1222/1222 1223/1223/1223
f 1226/1226/1226 1225/1225/1225 1224/1224/1224
f 1225/1225/1225 1226/1226/1226 1227/1227/1227
f 1230/1230/1230 1229/1229/1229 1228/1228/1228
f 1229/1229/1229 1230/1230/1230 1231/1231/1231
f 1234/1234/1234 1233/1233/1233 1232/1232/1232
f 1233/1233/1233 1234/1234/1234 1235/1235/1235
f 1238/1238/1238 1237/1237/1237 1236/1236/1236
f 1237/1237/1237 1238/1238/1238 1239/1239/1239
f 1242/1242/1242 1241/1241/1241 1240/1240/1240
f 1241/1241/1241 1242/1242/1242 1243/1243/1243
f 1246/1246/1246 1245/1245/1245 1244/1244/1244
f 1245/1245/1245 1246/1246/1246 1247/1247/1247
f 1250/1250/1250 1249/1249/1249 1248/1248/1248
f 1249/1249/1249 1250/1250/1250 1251/1251/1251
f 1254/1254/1254 1253/1253/1253 1252/1252/1252
f 1253/1253/1253 1254/1254/1254 1255/1255/1255
o mesh_18
usemtl mat7
v 32 106.4 -24.000000000000014
v 32 105.60000000000001 -25.600000000000016
v 30.400000000000002 106.4 -25.600000000000016
v 32 106.4 -27.200000000000017
v 32 105.60000000000001 -25.600000000000016
v 33.6 106.4 -25.600000000000016
v 32 106.4 -24.000000000000014
v 33.6 106.4 -25.600000000000016
v 32 105.60000000000001 -25.600000000000016
v 32 109.60000000000001 -24.000000000000014
v 32 111.2 -25.600000000000016
v 33.6 109.60000000000001 -25.600000000000016
v 32 109.60000000000001 -27.200000000000017
v 33.6 109.60000000000001 -25.600000000000016
v 32 111.2 -25.600000000000016
v 32 109.60000000000001 -24.000000000000014
v 30.400000000000002 109.60000000000001 -25.600000000000016
v 32 111.2 -25.600000000000016
v 32 109.60000000000001 -27.200000000000017
v 32 111.2 -25.600000000000016
v 30.400000000000002 109.60000000000001 -25.600000000000016
v 32 106.4 -27.200000000000017
v 30.400000000000002 106.4 -25.600000000000016
v 32 105.60000000000001 -25.600000000000016
v 31.200000000000003 115.2 -25.600000000000016
v 32.800000000000004 115.2 -25.600000000000016
v 31.200000000000003 111.2 -25.600000000000016
v 32.800000000000004 111.2 -25.600000000000016
v 30.400000000000002 106.4 -25.600000000000016
v 30.400000000000002 109.60000000000001 -25.600000000000016
v 32 106.4 -24.000000000000014
v 32 109.60000000000001 -24.000000000000014
v 32 106.4 -24.000000000000014
v 32 109.60000000000001 -24.000000000000014
v 33.6 106.4 -25.600000000000016
v 33.6 109.60000000000001 -25.600000000000016
v 32 106.4 -27.200000000000017
v 33.6 106.4 -25.600000000000016
v 32 109.60000000000001 -27.200000000000017
v 33.6 109.60000000000001 -25.600000000000016
v 33.6 106.4 -25.600000000000016
v 32 106.4 -24.000000000000014
v 32 106.4 -27.200000000000017
v 30.400000000000002 106.4 -25.600000000000016
v 30.400000000000002 109.60000000000001 -25.600000000000016
v 30.400000000000002 106.4 -25.600000000000016
v 32 109.60000000000001 -27.200000000000017
v 32 106.4 -27.200000000000017
v 31.200000000000003 111.2 -25.600000000000016
v 32.800000000000004 111.2 -25.600000000000016
v 31.200000000000003 115.2 -25.600000000000016
v 32.800000000000004 115.2 -25.600000000000016
v 32 106.4 -24.000000000000014
v 32 109.60000000000001 -24.000000000000014
v 30.400000000000002 106.4 -25.600000000000016
v 30.400000000000002 109.60000000000001 -25.600000000000016
v 33.6 106.4 -25.600000000000016
v 33.6 109.60000000000001 -25.600000000000016
v 32 106.4 -24.000000000000014
v 32 109.60000000000001 -24.000000000000014
v 32 109.60000000000001 -27.200000000000017
v 33.6 109.60000000000001 -25.600000000000016
v 32 106.4 -27.200000000000017
v 33.6 106.4 -25.600000000000016
v 32 109.60000000000001 -27.200000000000017
v 32 106.4 -27.200000000000017
v 30.400000000000002 109.60000000000001 -25.600000000000016
v 30.400000000000002 106.4 -25.600000000000016
v 30.400000000000002 109.60000000000001 -25.600000000000016
v 32 109.60000000000001 -24.000000000000014
v 32 109.60000000000001 -27.200000000000017
v 33.6 109.60000000000001 -25.600000000000016
vt 0.6875 0.3046875
vt 0.7109375 0.2734375
vt 0.7421875 0.3046875
vt 0.7421875 0.25
vt 0.7109375 0.2734375
vt 0.6875 0.25
vt 0.6875 0.3046875
vt 0.6875 0.25
vt 0.7109375 0.2734375
vt 0.6875 0.25
vt 0.7109375 0.2734375
vt 0.6875 0.3046875
vt 0.7421875 0.3046875
vt 0.6875 0.3046875
vt 0.7109375 0.2734375
vt 0.6875 0.25
vt 0.7421875 0.25
vt 0.7109375 0.2734375
vt 0.7421875 0.3046875
vt 0.7109375 0.2734375
vt 0.7421875 0.25
vt 0.7421875 0.25
vt 0.7421875 0.3046875
vt 0.7109375 0.2734375
vt 0.6796875 0.25
vt 0.65625 0.25
vt 0.6796875 0.3046875
vt 0.65625 0.3046875
vt 0.6875 0.3671875
vt 0.6875 0.3125
vt 0.7421875 0.3671875
vt 0.7421875 0.3125
vt 0.6875 0.3671875
vt 0.6875 0.3125
vt 0.7421875 0.3671875
vt 0.7421875 0.3125
vt 0.7421875 0.3671875
vt 0.6875 0.3671875
vt 0.7421875 0.3125
vt 0.6875 0.3125
vt 0.6484375 0.3671875
vt 0.625 0.3671875
vt 0.6484375 0.34375
vt 0.625 0.34375
vt 0.6875 0.3125
vt 0.6875 0.3671875
vt 0.7421875 0.3125
vt 0.7421875 0.3671875
vt 0.6796875 0.3046875
vt 0.65625 0.3046875
vt 0.6796875 0.25
vt 0.65625 0.25
vt 0.7421875 0.3671875
vt 0.7421875 0.3125
vt 0.6875 0.3671875
vt 0.6875 0.3125
vt 0.7421875 0.3671875
vt 0.7421875 0.3125
vt 0.6875 0.3671875
vt 0.6875 0.3125
vt 0.7421875 0.3125
vt 0.6875 0.3125
vt 0.7421875 0.3671875
vt 0.6875 0.3671875
vt 0.7421875 0.3125
vt 0.7421875 0.3671875
vt 0.6875 0.3125
vt 0.6875 0.3671875
vt 0.6484375 0.3671875
vt 0.625 0.3671875
vt 0.6484375 0.34375
vt 0.625 0.34375
vn -0.408248290463863 -0.816496580927726 0.40824829046386313
vn -0.408248290463863 -0.816496580927726 0.40824829046386313
vn -0.408248290463863 -0.816496580927726 0.40824829046386313
vn 0.408248290463863 -0.816496580927726 -0.40824829046386296
vn 0.408248290463863 -0.816496580927726 -0.40824829046386296
vn 0.408248290463863 -0.816496580927726 -0.40824829046386296
vn 0.408248290463863 -0.816496580927726 0.40824829046386313
vn 0.408248290463863 -0.816496580927726 0.40824829046386313
vn 0.408248290463863 -0.816496580927726 0.40824829046386313
vn 0.5773502691896257 0.5773502691896258 0.5773502691896257
vn 0.5773502691896257 0.5773502691896258 0.5773502691896257
vn 0.5773502691896257 0.5773502691896258 0.5773502691896257
vn 0.5773502691896257 0.5773502691896257 -0.5773502691896258
vn 0.5773502691896257 0.5773502691896257 -0.5773502691896258
vn 0.5773502691896257 0.5773502691896257 -0.5773502691896258
vn -0.5773502691896257 0.5773502691896258 0.5773502691896257
vn -0.5773502691896257 0.5773502691896258 0.5773502691896257
vn -0.5773502691896257 0.5773502691896258 0.5773502691896257
vn -0.5773502691896257 0.5773502691896257 -0.5773502691896258
vn -0.5773502691896257 0.5773502691896257 -0.5773502691896258
vn -0.5773502691896257 0.5773502691896257 -0.5773502691896258
vn -0.408248290463863 -0.816496580927726 -0.40824829046386296
vn -0.408248290463863 -0.816496580927726 -0.40824829046386296
vn -0.408248290463863 -0.816496580927726 -0.40824829046386296
vn 0 1.2246467991473532e-16 1
vn 0 1.2246467991473532e-16 1
vn 0 1.2246467991473532e-16 1
vn 0 1.2246467991473532e-16 1
vn -0.7071067811865475 8.659560562354932e-17 0.7071067811865475
vn -0.7071067811865475 8.659560562354932e-17 0.7071067811865475
vn -0.7071067811865475 8.659560562354932e-17 0.7071067811865475
vn -0.7071067811865475 8.659560562354932e-17 0.7071067811865475
vn 0.7071067811865475 8.659560562354932e-17 0.7071067811865475
vn 0.7071067811865475 8.659560562354932e-17 0.7071067811865475
vn 0.7071067811865475 8.659560562354932e-17 0.7071067811865475
vn 0.7071067811865475 8.659560562354932e-17 0.7071067811865475
vn 0.7071067811865475 -8.659560562354932e-17 -0.7071067811865475
vn 0.7071067811865475 -8.659560562354932e-17 -0.7071067811865475
vn 0.7071067811865475 -8.659560562354932e-17 -0.7071067811865475
vn 0.7071067811865475 -8.659560562354932e-17 -0.7071067811865475
vn 0 1 -1.2246467991473532e-16
vn 0 1 -1.2246467991473532e-16
vn 0 1 -1.2246467991473532e-16
vn 0 1 -1.2246467991473532e-16
vn -0.7071067811865475 -8.659560562354932e-17 -0.7071067811865475
vn -0.7071067811865475 -8.659560562354932e-17 -0.7071067811865475
vn -0.7071067811865475 -8.659560562354932e-17 -0.7071067811865475
vn -0.7071067811865475 -8.659560562354932e-17 -0.7071067811865475
vn 0 -1.2246467991473532e-16 -1
vn 0 -1.2246467991473532e-16 -1
vn 0 -1.2246467991473532e-16 -1
vn 0 -1.2246467991473532e-16 -1
vn 0.7071067811865475 -8.659560562354932e-17 -0.7071067811865475
vn 0.7071067811865475 -8.659560562354932e-17 -0.7071067811865475
vn 0.7071067811865475 -8.659560562354932e-17 -0.7071067811865475
vn 0.7071067811865475 -8.659560562354932e-17 -0.7071067811865475
vn -0.7071067811865475 -8.659560562354932e-17 -0.7071067811865475
vn -0.7071067811865475 -8.659560562354932e-17 -0.7071067811865475
vn -0.7071067811865475 -8.659560562354932e-17 -0.7071067811865475
vn -0.7071067811865475 -8.659560562354932e-17 -0.7071067811865475
vn -0.7071067811865475 8.659560562354932e-17 0.7071067811865475
vn -0.7071067811865475 8.659560562354932e-17 0.7071067811865475
vn -0.7071067811865475 8.659560562354932e-17 0.7071067811865475
vn -0.7071067811865475 8.659560562354932e-17 0.7071067811865475
vn 0.7071067811865475 8.659560562354932e-17 0.7071067811865475
vn 0.7071067811865475 8.659560562354932e-17 0.7071067811865475
vn 0.7071067811865475 8.659560562354932e-17 0.7071067811865475
vn 0.7071067811865475 8.659560562354932e-17 0.7071067811865475
vn 0 -1 1.2246467991473532e-16
vn 0 -1 1.2246467991473532e-16
vn 0 -1 1.2246467991473532e-16
vn 0 -1 1.2246467991473532e-16
f 1258/1258/1258 1257/1257/1257 1256/1256/1256
f 1261/1261/1261 1260/1260/1260 1259/1259/1259
f 1264/1264/1264 1263/1263/1263 1262/1262/1262
f 1267/1267/1267 1266/1266/1266 1265/1265/1265
f 1270/1270/1270 1269/1269/1269 1268/1268/1268
f 1273/1273/1273 1272/1272/1272 1271/1271/1271
f 1276/1276/1276 1275/1275/1275 1274/1274/1274
f 1279/1279/1279 1278/1278/1278 1277/1277/1277
f 1282/1282/1282 1281/1281/1281 1280/1280/1280
f 1281/1281/1281 1282/1282/1282 1283/1283/1283
f 1286/1286/1286 1285/1285/1285 1284/1284/1284
f 1285/1285/1285 1286/1286/1286 1287/1287/1287
f 1290/1290/1290 1289/1289/1289 1288/1288/1288
f 1289/1289/1289 1290/1290/1290 1291/1291/1291
f 1294/1294/1294 1293/1293/1293 1292/1292/1292
f 1293/1293/1293 1294/1294/1294 1295/1295/1295
f 1298/1298/1298 1297/1297/1297 1296/1296/1296
f 1297/1297/1297 1298/1298/1298 1299/1299/1299
f 1302/1302/1302 1301/1301/1301 1300/1300/1300
f 1301/1301/1301 1302/1302/1302 1303/1303/1303
f 1306/1306/1306 1305/1305/1305 1304/1304/1304
f 1305/1305/1305 1306/1306/1306 1307/1307/1307
f 1310/1310/1310 1309/1309/1309 1308/1308/1308
f 1309/1309/1309 1310/1310/1310 1311/1311/1311
f 1314/1314/1314 1313/1313/1313 1312/1312/1312
f 1313/1313/1313 1314/1314/1314 1315/1315/1315
f 1318/1318/1318 1317/1317/1317 1316/1316/1316
f 1317/1317/1317 1318/1318/1318 1319/1319/1319
f 1322/1322/1322 1321/1321/1321 1320/1320/1320
f 1321/1321/1321 1322/1322/1322 1323/1323/1323
f 1326/1326/1326 1325/1325/1325 1324/1324/1324
f 1325/1325/1325 1326/1326/1326 1327/1327/1327
o mesh_19
usemtl mat5
v 25.6 89.60000000000001 -22.400000000000013
v 25.6 89.60000000000001 -25.600000000000012
v 22.400000000000002 89.60000000000001 -25.600000000000012
v 41.6 89.60000000000001 -25.600000000000012
v 38.400000000000006 89.60000000000001 -25.600000000000012
v 38.400000000000006 89.60000000000001 -22.400000000000013
v 12.8 140.8 -25.60000000000002
v 12.8 118.4 -25.600000000000016
v 19.200000000000003 118.4 -25.600000000000016
v 38.400000000000006 140.8 -25.60000000000002
v 38.400000000000006 115.2 -12.800000000000015
v 38.400000000000006 118.4 -24.000000000000014
v 38.400000000000006 115.2 -12.800000000000015
v 38.400000000000006 115.2 -24.000000000000014
v 38.400000000000006 118.4 -24.000000000000014
v 25.6 115.2 -12.800000000000015
v 25.6 140.8 -25.60000000000002
v 25.6 118.4 -24.000000000000014
v 25.6 140.8 -25.60000000000002
v 25.6 118.4 -25.600000000000016
v 25.6 118.4 -24.000000000000014
v 38.400000000000006 118.4 -24.000000000000014
v 38.400000000000006 118.4 -25.600000000000016
v 38.400000000000006 140.8 -25.60000000000002
v 25.6 118.4 -24.000000000000014
v 25.6 115.2 -24.000000000000014
v 25.6 115.2 -12.800000000000015
v 19.200000000000003 115.2 -24.000000000000014
v 12.8 115.2 -25.600000000000016
v 19.200000000000003 115.2 -25.600000000000016
v 19.200000000000003 118.4 -24.000000000000014
v 19.200000000000003 118.4 -25.600000000000016
v 12.8 118.4 -25.600000000000016
v 44.800000000000004 115.2 -24.000000000000014
v 44.800000000000004 115.2 -25.600000000000016
v 51.2 115.2 -25.600000000000016
v 44.800000000000004 118.4 -24.000000000000014
v 51.2 118.4 -25.600000000000016
v 44.800000000000004 118.4 -25.600000000000016
v 44.800000000000004 118.4 -25.600000000000016
v 51.2 118.4 -25.600000000000016
v 51.2 140.8 -25.60000000000002
v 0 128 -25.600000000000016
v 0 115.2 -25.600000000000016
v 12.8 118.4 -25.600000000000016
v 12.8 115.2 -25.600000000000016
v 51.2 118.4 -25.600000000000016
v 51.2 115.2 -25.600000000000016
v 64 128 -25.600000000000016
v 64 115.2 -25.600000000000016
v 51.2 64 -25.60000000000001
v 51.2 76.80000000000001 -25.600000000000012
v 41.6 64 -25.60000000000001
v 41.6 76.80000000000001 -25.600000000000012
v 44.800000000000004 118.4 -24.000000000000014
v 44.800000000000004 115.2 -24.000000000000014
v 51.2 118.4 -25.600000000000016
v 51.2 115.2 -25.600000000000016
v 19.200000000000003 118.4 -25.600000000000016
v 25.6 118.4 -25.600000000000016
v 12.8 140.8 -25.60000000000002
v 25.6 140.8 -25.60000000000002
v 44.800000000000004 115.2 -25.600000000000016
v 38.400000000000006 115.2 -25.600000000000016
v 41.6 89.60000000000001 -25.600000000000012
v 38.400000000000006 89.60000000000001 -25.600000000000012
v 25.6 115.2 -24.000000000000014
v 25.6 115.2 -25.600000000000016
v 25.6 89.60000000000001 -22.400000000000013
v 25.6 89.60000000000001 -25.600000000000012
v 22.400000000000002 89.60000000000001 -25.600000000000012
v 22.400000000000002 76.80000000000001 -25.600000000000012
v 25.6 89.60000000000001 -22.400000000000013
v 25.6 76.80000000000001 -22.400000000000013
v 25.6 64 -22.40000000000001
v 25.6 76.80000000000001 -22.400000000000013
v 22.400000000000002 64 -25.60000000000001
v 22.400000000000002 76.80000000000001 -25.600000000000012
v 22.400000000000002 76.80000000000001 -25.600000000000012
v 22.400000000000002 89.60000000000001 -25.600000000000012
v 12.8 76.80000000000001 -25.600000000000012
v 12.8 89.60000000000001 -25.600000000000012
v 38.400000000000006 89.60000000000001 -22.400000000000013
v 38.400000000000006 76.80000000000001 -22.400000000000013
v 41.6 89.60000000000001 -25.600000000000012
v 41.6 76.80000000000001 -25.600000000000012
v 41.6 64 -25.60000000000001
v 41.6 76.80000000000001 -25.600000000000012
v 38.400000000000006 64 -22.40000000000001
v 38.400000000000006 76.80000000000001 -22.400000000000013
v 38.400000000000006 89.60000000000001 -22.400000000000013
v 38.400000000000006 89.60000000000001 -12.800000000000011
v 38.400000000000006 76.80000000000001 -22.400000000000013
v 38.400000000000006 76.80000000000001 -12.80000000000001
v 38.400000000000006 76.80000000000001 -22.400000000000013
v 38.400000000000006 76.80000000000001 -12.80000000000001
v 38.400000000000006 64 -22.40000000000001
v 38.400000000000006 64 -12.800000000000008
v 25.6 89.60000000000001 -12.800000000000011
v 25.6 89.60000000000001 -1.0972835320360286e-14
v 38.400000000000006 89.60000000000001 -12.800000000000011
v 38.400000000000006 89.60000000000001 -1.0972835320360286e-14
v 25.6 64 -22.40000000000001
v 25.6 64 -12.800000000000008
v 25.6 76.80000000000001 -22.400000000000013
v 25.6 76.80000000000001 -12.80000000000001
v 38.400000000000006 64 -7.83773951454306e-15
v 38.400000000000006 64 -12.800000000000008
v 38.400000000000006 76.80000000000001 -9.405287417451674e-15
v 38.400000000000006 76.80000000000001 -12.80000000000001
v 25.6 64 -12.800000000000008
v 25.6 64 -7.83773951454306e-15
v 25.6 76.80000000000001 -12.80000000000001
v 25.6 76.80000000000001 -9.405287417451674e-15
v 38.400000000000006 76.80000000000001 -9.405287417451674e-15
v 38.400000000000006 76.80000000000001 -12.80000000000001
v 38.400000000000006 89.60000000000001 -1.0972835320360286e-14
v 38.400000000000006 89.60000000000001 -12.800000000000011
v 25.6 76.80000000000001 -12.80000000000001
v 25.6 76.80000000000001 -9.405287417451674e-15
v 25.6 89.60000000000001 -12.800000000000011
v 25.6 89.60000000000001 -1.0972835320360286e-14
v 25.6 76.80000000000001 -22.400000000000013
v 25.6 76.80000000000001 -12.80000000000001
v 25.6 89.60000000000001 -22.400000000000013
v 25.6 89.60000000000001 -12.800000000000011
v 41.6 76.80000000000001 -25.600000000000012
v 51.2 76.80000000000001 -25.600000000000012
v 41.6 89.60000000000001 -25.600000000000012
v 51.2 89.60000000000001 -25.600000000000012
v 25.6 140.8 -25.60000000000002
v 25.6 115.2 -12.800000000000015
v 38.400000000000006 140.8 -25.60000000000002
v 38.400000000000006 115.2 -12.800000000000015
v 19.200000000000003 115.2 -24.000000000000014
v 19.200000000000003 118.4 -24.000000000000014
v 12.8 115.2 -25.600000000000016
v 12.8 118.4 -25.600000000000016
v 22.400000000000002 89.60000000000001 -25.600000000000012
v 25.6 89.60000000000001 -25.600000000000012
v 19.200000000000003 115.2 -25.600000000000016
v 25.6 115.2 -25.600000000000016
v 38.400000000000006 89.60000000000001 -22.400000000000013
v 38.400000000000006 89.60000000000001 -25.600000000000012
v 38.400000000000006 115.2 -24.000000000000014
v 38.400000000000006 115.2 -25.600000000000016
v 22.400000000000002 76.80000000000001 -25.600000000000012
v 12.8 76.80000000000001 -25.600000000000012
v 22.400000000000002 64 -25.60000000000001
v 12.8 64 -25.60000000000001
v 25.6 115.2 -12.800000000000015
v 25.6 89.60000000000001 -12.800000000000011
v 38.400000000000006 115.2 -12.800000000000015
v 38.400000000000006 89.60000000000001 -12.800000000000011
v 12.8 115.2 -25.600000000000016
v 12.8 89.60000000000001 -25.600000000000012
v 19.200000000000003 115.2 -25.600000000000016
v 22.400000000000002 89.60000000000001 -25.600000000000012
v 51.2 140.8 -25.60000000000002
v 38.400000000000006 140.8 -25.60000000000002
v 44.800000000000004 118.4 -25.600000000000016
v 38.400000000000006 118.4 -25.600000000000016
v 38.400000000000006 115.2 -24.000000000000014
v 38.400000000000006 115.2 -12.800000000000015
v 38.400000000000006 89.60000000000001 -22.400000000000013
v 38.400000000000006 89.60000000000001 -12.800000000000011
v 25.6 89.60000000000001 -22.400000000000013
v 25.6 89.60000000000001 -12.800000000000011
v 25.6 115.2 -24.000000000000014
v 25.6 115.2 -12.800000000000015
v 41.6 89.60000000000001 -25.600000000000012
v 51.2 89.60000000000001 -25.600000000000012
v 44.800000000000004 115.2 -25.600000000000016
v 51.2 115.2 -25.600000000000016
v 51.2 64 -25.60000000000001
v 64 64 -25.60000000000001
v 51.2 76.80000000000001 -25.600000000000012
v 64 76.80000000000001 -25.600000000000012
v 64 128 -25.600000000000016
v 64 140.8 -25.60000000000002
v 51.2 118.4 -25.600000000000016
v 51.2 140.8 -25.60000000000002
v 12.8 118.4 -25.600000000000016
v 12.8 140.8 -25.60000000000002
v 0 128 -25.600000000000016
v 0 140.8 -25.60000000000002
v 0 64 -25.60000000000001
v 12.8 64 -25.60000000000001
v 0 76.80000000000001 -25.600000000000012
v 12.8 76.80000000000001 -25.600000000000012
vt 0.8984375 0.4609375
vt 0.890625 0.4921875
vt 0.875 0.4921875
vt 0.9921875 0.4921875
vt 0.96875 0.4921875
vt 0.9765625 0.4609375
vt 0.3671875 0
vt 0.3671875 0.2109375
vt 0.3046875 0.2109375
vt 0.75 0
vt 0.8671875 0.2421875
vt 0.7578125 0.2109375
vt 0.8671875 0.2421875
vt 0.7578125 0.2421875
vt 0.7578125 0.2109375
vt 0.8046875 0.2421875
vt 0.8671875 0
vt 0.859375 0.2109375
vt 0.8671875 0
vt 0.8671875 0.2109375
vt 0.859375 0.2109375
vt 0.7578125 0.2109375
vt 0.75 0.2109375
vt 0.75 0
vt 0.859375 0.2109375
vt 0.859375 0.2421875
vt 0.8046875 0.2421875
vt 0.890625 0.3984375
vt 0.875 0.375
vt 0.890625 0.375
vt 0.7890625 0.4765625
vt 0.7890625 0.4921875
vt 0.75 0.4921875
vt 0.96875 0.3984375
vt 0.96875 0.375
vt 0.9921875 0.375
vt 0.953125 0.4765625
vt 0.9921875 0.4921875
vt 0.953125 0.4921875
vt 0.4296875 0.2109375
vt 0.3671875 0.2109375
vt 0.3671875 0
vt 0.4921875 0.1171875
vt 0.4921875 0.2421875
vt 0.3671875 0.2109375
vt 0.3671875 0.2421875
vt 0.3671875 0.2109375
vt 0.3671875 0.2421875
vt 0.25 0.1171875
vt 0.25 0.2421875
vt 0.6171875 0.7421875
vt 0.6171875 0.6171875
vt 0.71875 0.7421875
vt 0.71875 0.6171875
vt 0.4296875 0.2109375
vt 0.4296875 0.2421875
vt 0.3671875 0.2109375
vt 0.3671875 0.2421875
vt 0.3046875 0.2109375
vt 0.25 0.2109375
vt 0.3671875 0
vt 0.25 0
vt 0.6796875 0.2421875
vt 0.7421875 0.2421875
vt 0.71875 0.4921875
vt 0.7421875 0.4921875
vt 0.859375 0.2421875
vt 0.8671875 0.2421875
vt 0.8515625 0.4921875
vt 0.8671875 0.4921875
vt 0.8984375 0.4921875
vt 0.8984375 0.6171875
vt 0.8359375 0.4921875
vt 0.8359375 0.6171875
vt 0.8359375 0.7421875
vt 0.8359375 0.6171875
vt 0.8984375 0.7421875
vt 0.8984375 0.6171875
vt 0.8984375 0.6171875
vt 0.8984375 0.4921875
vt 0.9921875 0.6171875
vt 0.9921875 0.4921875
vt 0.7734375 0.4921875
vt 0.7734375 0.6171875
vt 0.71875 0.4921875
vt 0.71875 0.6171875
vt 0.71875 0.7421875
vt 0.71875 0.6171875
vt 0.7734375 0.7421875
vt 0.7734375 0.6171875
vt 0.7734375 0.4921875
vt 0.8671875 0.4921875
vt 0.7734375 0.6171875
vt 0.8671875 0.6171875
vt 0.7734375 0.6171875
vt 0.8671875 0.6171875
vt 0.7734375 0.7421875
vt 0.8671875 0.7421875
vt 0.625 0.5
vt 0.5 0.5
vt 0.625 0.375
vt 0.5 0.375
vt 0.8515625 0.7421875
vt 0.8046875 0.7421875
vt 0.8515625 0.6171875
vt 0.8046875 0.6171875
vt 0.9921875 0.7421875
vt 0.8671875 0.7421875
vt 0.9921875 0.6171875
vt 0.8671875 0.6171875
vt 0.8046875 0.7421875
vt 0.75 0.7421875
vt 0.8046875 0.6171875
vt 0.75 0.6171875
vt 0.9921875 0.6171875
vt 0.8671875 0.6171875
vt 0.9921875 0.4921875
vt 0.8671875 0.4921875
vt 0.8046875 0.6171875
vt 0.75 0.6171875
vt 0.8046875 0.4921875
vt 0.75 0.4921875
vt 0.8515625 0.6171875
vt 0.8046875 0.6171875
vt 0.8515625 0.4921875
vt 0.8046875 0.4921875
vt 0.71875 0.6171875
vt 0.6171875 0.6171875
vt 0.71875 0.4921875
vt 0.6171875 0.4921875
vt 0.8671875 0
vt 0.8671875 0.2421875
vt 0.7421875 0
vt 0.7421875 0.2421875
vt 0.3046875 0.2421875
vt 0.3046875 0.2109375
vt 0.3671875 0.2421875
vt 0.3671875 0.2109375
vt 0.8984375 0.4921875
vt 0.8671875 0.4921875
vt 0.9296875 0.2421875
vt 0.8671875 0.2421875
vt 0.7734375 0.4921875
vt 0.75 0.4921875
vt 0.7578125 0.2421875
vt 0.75 0.2421875
vt 0.8984375 0.6171875
vt 0.9921875 0.6171875
vt 0.8984375 0.7421875
vt 0.9921875 0.7421875
vt 0.8671875 0.2421875
vt 0.8671875 0.4921875
vt 0.7421875 0.2421875
vt 0.7421875 0.4921875
vt 0.9921875 0.2421875
vt 0.9921875 0.4921875
vt 0.9296875 0.2421875
vt 0.8984375 0.4921875
vt 0.3671875 0
vt 0.4921875 0
vt 0.4296875 0.2109375
vt 0.4921875 0.2109375
vt 0.7578125 0.2421875
vt 0.8671875 0.2421875
vt 0.7734375 0.4921875
vt 0.8671875 0.4921875
vt 0.8515625 0.4921875
vt 0.8046875 0.4921875
vt 0.859375 0.2421875
vt 0.8046875 0.2421875
vt 0.71875 0.4921875
vt 0.6171875 0.4921875
vt 0.6796875 0.2421875
vt 0.6171875 0.2421875
vt 0.6171875 0.7421875
vt 0.5 0.7421875
vt 0.6171875 0.6171875
vt 0.5 0.6171875
vt 0.25 0.1171875
vt 0.25 0
vt 0.3671875 0.2109375
vt 0.3671875 0
vt 0.3671875 0.2109375
vt 0.3671875 0
vt 0.4921875 0.1171875
vt 0.4921875 0
vt 0.1171875 0.7421875
vt 0 0.7421875
vt 0.1171875 0.6171875
vt 0 0.6171875
vn 0 -1 1.2246467991473532e-16
vn 0 -1 1.2246467991473532e-16
vn 0 -1 1.2246467991473532e-16
vn 0 -1 1.2246467991473532e-16
vn 0 -1 1.2246467991473532e-16
vn 0 -1 1.2246467991473532e-16
vn 0 -1.2246467991473532e-16 -1
vn 0 -1.2246467991473532e-16 -1
vn 0 -1.2246467991473532e-16 -1
vn -1 0 0
vn -1 0 0
vn -1 0 0
vn -1 0 0
vn -1 0 0
vn -1 0 0
vn 1 0 0
vn 1 0 0
vn 1 0 0
vn 1 0 0
vn 1 0 0
vn 1 0 0
vn -1 0 0
vn -1 0 0
vn -1 0 0
vn 1 0 0
vn 1 0 0
vn 1 0 0
vn 0 1 -1.2246467991473532e-16
vn 0 1 -1.2246467991473532e-16
vn 0 1 -1.2246467991473532e-16
vn 0 -1 1.2246467991473532e-16
vn 0 -1 1.2246467991473532e-16
vn 0 -1 1.2246467991473532e-16
vn 0 1 -1.2246467991473532e-16
vn 0 1 -1.2246467991473532e-16
vn 0 1 -1.2246467991473532e-16
vn 0 -1 1.2246467991473532e-16
vn 0 -1 1.2246467991473532e-16
vn 0 -1 1.2246467991473532e-16
vn 0 -1.2246467991473532e-16 -1
vn 0 -1.2246467991473532e-16 -1
vn 0 -1.2246467991473532e-16 -1
vn 0 -1.2246467991473532e-16 -1
vn 0 -1.2246467991473532e-16 -1
vn 0 -1.2246467991473532e-16 -1
vn 0 -1.2246467991473532e-16 -1
vn 0 -1.2246467991473532e-16 -1
vn 0 -1.2246467991473532e-16 -1
vn 0 -1.2246467991473532e-16 -1
vn 0 -1.2246467991473532e-16 -1
vn 0 -1.2246467991473532e-16 -1
vn 0 -1.2246467991473532e-16 -1
vn 0 -1.2246467991473532e-16 -1
vn 0 -1.2246467991473532e-16 -1
vn -0.24253562503633297 -1.1880819075197913e-16 -0.9701425001453319
vn -0.24253562503633297 -1.1880819075197913e-16 -0.9701425001453319
vn -0.24253562503633297 -1.1880819075197913e-16 -0.9701425001453319
vn -0.24253562503633297 -1.1880819075197913e-16 -0.9701425001453319
vn 0 -1.2246467991473532e-16 -1
vn 0 -1.2246467991473532e-16 -1
vn 0 -1.2246467991473532e-16 -1
vn 0 -1.2246467991473532e-16 -1
vn 0 -1.2246467991473532e-16 -1
vn 0 -1.2246467991473532e-16 -1
vn 0 -1.2246467991473532e-16 -1
vn 0 -1.2246467991473532e-16 -1
vn 1 0 0
vn 1 0 0
vn 1 0 0
vn 1 0 0
vn 0.7071067811865475 -8.659560562354932e-17 -0.7071067811865475
vn 0.7071067811865475 -8.659560562354932e-17 -0.7071067811865475
vn 0.7071067811865475 -8.659560562354932e-17 -0.7071067811865475
vn 0.7071067811865475 -8.659560562354932e-17 -0.7071067811865475
vn 0.7071067811865475 -8.659560562354932e-17 -0.7071067811865475
vn 0.7071067811865475 -8.659560562354932e-17 -0.7071067811865475
vn 0.7071067811865475 -8.659560562354932e-17 -0.7071067811865475
vn 0.7071067811865475 -8.659560562354932e-17 -0.7071067811865475
vn 0 -1.2246467991473532e-16 -1
vn 0 -1.2246467991473532e-16 -1
vn 0 -1.2246467991473532e-16 -1
vn 0 -1.2246467991473532e-16 -1
vn -0.7071067811865475 -8.659560562354932e-17 -0.7071067811865475
vn -0.7071067811865475 -8.659560562354932e-17 -0.7071067811865475
vn -0.7071067811865475 -8.659560562354932e-17 -0.7071067811865475
vn -0.7071067811865475 -8.659560562354932e-17 -0.7071067811865475
vn -0.7071067811865475 -8.659560562354932e-17 -0.7071067811865475
vn -0.7071067811865475 -8.659560562354932e-17 -0.7071067811865475
vn -0.7071067811865475 -8.659560562354932e-17 -0.7071067811865475
vn -0.7071067811865475 -8.659560562354932e-17 -0.7071067811865475
vn -1 0 0
vn -1 0 0
vn -1 0 0
vn -1 0 0
vn -1 0 0
vn -1 0 0
vn -1 0 0
vn -1 0 0
vn 0 -1 1.2246467991473532e-16
vn 0 -1 1.2246467991473532e-16
vn 0 -1 1.2246467991473532e-16
vn 0 -1 1.2246467991473532e-16
vn 1 0 0
vn 1 0 0
vn 1 0 0
vn 1 0 0
vn -1 0 0
vn -1 0 0
vn -1 0 0
vn -1 0 0
vn 1 0 0
vn 1 0 0
vn 1 0 0
vn 1 0 0
vn -1 0 0
vn -1 0 0
vn -1 0 0
vn -1 0 0
vn 1 0 0
vn 1 0 0
vn 1 0 0
vn 1 0 0
vn 1 0 0
vn 1 0 0
vn 1 0 0
vn 1 0 0
vn 0 -1.2246467991473532e-16 -1
vn 0 -1.2246467991473532e-16 -1
vn 0 -1.2246467991473532e-16 -1
vn 0 -1.2246467991473532e-16 -1
vn 0 -0.447213595499958 -0.8944271909999157
vn 0 -0.447213595499958 -0.8944271909999157
vn 0 -0.447213595499958 -0.8944271909999157
vn 0 -0.447213595499958 -0.8944271909999157
vn 0.24253562503633297 -1.1880819075197913e-16 -0.9701425001453319
vn 0.24253562503633297 -1.1880819075197913e-16 -0.9701425001453319
vn 0.24253562503633297 -1.1880819075197913e-16 -0.9701425001453319
vn 0.24253562503633297 -1.1880819075197913e-16 -0.9701425001453319
vn 0 -1.2246467991473532e-16 -1
vn 0 -1.2246467991473532e-16 -1
vn 0 -1.2246467991473532e-16 -1
vn 0 -1.2246467991473532e-16 -1
vn -1 0 0
vn -1 0 0
vn -1 0 0
vn -1 0 0
vn 0 -1.2246467991473532e-16 -1
vn 0 -1.2246467991473532e-16 -1
vn 0 -1.2246467991473532e-16 -1
vn 0 -1.2246467991473532e-16 -1
vn 0 -1.2246467991473532e-16 -1
vn 0 -1.2246467991473532e-16 -1
vn 0 -1.2246467991473532e-16 -1
vn 0 -1.2246467991473532e-16 -1
vn 0 -1.2246467991473532e-16 -1
vn 0 -1.2246467991473532e-16 -1
vn 0 -1.2246467991473532e-16 -1
vn 0 -1.2246467991473532e-16 -1
vn 0 -1.2246467991473532e-16 -1
vn 0 -1.2246467991473532e-16 -1
vn 0 -1.2246467991473532e-16 -1
vn 0 -1.2246467991473532e-16 -1
vn -1 0 0
vn -1 0 0
vn -1 0 0
vn -1 0 0
vn 1 0 0
vn 1 0 0
vn 1 0 0
vn 1 0 0
vn 0 -1.2246467991473532e-16 -1
vn 0 -1.2246467991473532e-16 -1
vn 0 -1.2246467991473532e-16 -1
vn 0 -1.2246467991473532e-16 -1
vn 0 -1.2246467991473532e-16 -1
vn 0 -1.2246467991473532e-16 -1
vn 0 -1.2246467991473532e-16 -1
vn 0 -1.2246467991473532e-16 -1
vn 0 -1.2246467991473532e-16 -1
vn 0 -1.2246467991473532e-16 -1
vn 0 -1.2246467991473532e-16 -1
vn 0 -1.2246467991473532e-16 -1
vn 0 -1.2246467991473532e-16 -1
vn 0 -1.2246467991473532e-16 -1
vn 0 -1.2246467991473532e-16 -1
vn 0 -1.2246467991473532e-16 -1
vn 0 -1.2246467991473532e-16 -1
vn 0 -1.2246467991473532e-16 -1
vn 0 -1.2246467991473532e-16 -1
vn 0 -1.2246467991473532e-16 -1
f 1330/1330/1330 1329/1329/1329 1328/1328/1328
f 1333/1333/1333 1332/1332/1332 1331/1331/1331
f 1336/1336/1336 1335/1335/1335 1334/1334/1334
f 1339/1339/1339 1338/1338/1338 1337/1337/1337
f 1342/1342/1342 1341/1341/1341 1340/1340/1340
f 1345/1345/1345 1344/1344/1344 1343/1343/1343
f 1348/1348/1348 1347/1347/1347 1346/1346/1346
f 1351/1351/1351 1350/1350/1350 1349/1349/1349
f 1354/1354/1354 1353/1353/1353 1352/1352/1352
f 1357/1357/1357 1356/1356/1356 1355/1355/1355
f 1360/1360/1360 1359/1359/1359 1358/1358/1358
f 1363/1363/1363 1362/1362/1362 1361/1361/1361
f 1366/1366/1366 1365/1365/1365 1364/1364/1364
f 1369/1369/1369 1368/1368/1368 1367/1367/1367
f 1372/1372/1372 1371/1371/1371 1370/1370/1370
f 1371/1371/1371 1372/1372/1372 1373/1373/1373
f 1376/1376/1376 1375/1375/1375 1374/1374/1374
f 1375/1375/1375 1376/1376/1376 1377/1377/1377
f 1380/1380/1380 1379/1379/1379 1378/1378/1378
f 1379/1379/1379 1380/1380/1380 1381/1381/1381
f 1384/1384/1384 1383/1383/1383 1382/1382/1382
f 1383/1383/1383 1384/1384/1384 1385/1385/1385
f 1388/1388/1388 1387/1387/1387 1386/1386/1386
f 1387/1387/1387 1388/1388/1388 1389/1389/1389
f 1392/1392/1392 1391/1391/1391 1390/1390/1390
f 1391/1391/1391 1392/1392/1392 1393/1393/1393
f 1396/1396/1396 1395/1395/1395 1394/1394/1394
f 1395/1395/1395 1396/1396/1396 1397/1397/1397
f 1400/1400/1400 1399/1399/1399 1398/1398/1398
f 1399/1399/1399 1400/1400/1400 1401/1401/1401
f 1404/1404/1404 1403/1403/1403 1402/1402/1402
f 1403/1403/1403 1404/1404/1404 1405/1405/1405
f 1408/1408/1408 1407/1407/1407 1406/1406/1406
f 1407/1407/1407 1408/1408/1408 1409/1409/1409
f 1412/1412/1412 1411/1411/1411 1410/1410/1410
f 1411/1411/1411 1412/1412/1412 1413/1413/1413
f 1416/1416/1416 1415/1415/1415 1414/1414/1414
f 1415/1415/1415 1416/1416/1416 1417/1417/1417
f 1420/1420/1420 1419/1419/1419 1418/1418/1418
f 1419/1419/1419 1420/1420/1420 1421/1421/1421
f 1424/1424/1424 1423/1423/1423 1422/1422/1422
f 1423/1423/1423 1424/1424/1424 1425/1425/1425
f 1428/1428/1428 1427/1427/1427 1426/1426/1426
f 1427/1427/1427 1428/1428/1428 1429/1429/1429
f 1432/1432/1432 1431/1431/1431 1430/1430/1430
f 1431/1431/1431 1432/1432/1432 1433/1433/1433
f 1436/1436/1436 1435/1435/1435 1434/1434/1434
f 1435/1435/1435 1436/1436/1436 1437/1437/1437
f 1440/1440/1440 1439/1439/1439 1438/1438/1438
f 1439/1439/1439 1440/1440/1440 1441/1441/1441
f 1444/1444/1444 1443/1443/1443 1442/1442/1442
f 1443/1443/1443 1444/1444/1444 1445/1445/1445
f 1448/1448/1448 1447/1447/1447 1446/1446/1446
f 1447/1447/1447 1448/1448/1448 1449/1449/1449
f 1452/1452/1452 1451/1451/1451 1450/1450/1450
f 1451/1451/1451 1452/1452/1452 1453/1453/1453
f 1456/1456/1456 1455/1455/1455 1454/1454/1454
f 1455/1455/1455 1456/1456/1456 1457/1457/1457
f 1460/1460/1460 1459/1459/1459 1458/1458/1458
f 1459/1459/1459 1460/1460/1460 1461/1461/1461
f 1464/1464/1464 1463/1463/1463 1462/1462/1462
f 1463/1463/1463 1464/1464/1464 1465/1465/1465
f 1468/1468/1468 1467/1467/1467 1466/1466/1466
f 1467/1467/1467 1468/1468/1468 1469/1469/1469
f 1472/1472/1472 1471/1471/1471 1470/1470/1470
f 1471/1471/1471 1472/1472/1472 1473/1473/1473
f 1476/1476/1476 1475/1475/1475 1474/1474/1474
f 1475/1475/1475 1476/1476/1476 1477/1477/1477
f 1480/1480/1480 1479/1479/1479 1478/1478/1478
f 1479/1479/1479 1480/1480/1480 1481/1481/1481
f 1484/1484/1484 1483/1483/1483 1482/1482/1482
f 1483/1483/1483 1484/1484/1484 1485/1485/1485
f 1488/1488/1488 1487/1487/1487 1486/1486/1486
f 1487/1487/1487 1488/1488/1488 1489/1489/1489
f 1492/1492/1492 1491/1491/1491 1490/1490/1490
f 1491/1491/1491 1492/1492/1492 1493/1493/1493
f 1496/1496/1496 1495/1495/1495 1494/1494/1494
f 1495/1495/1495 1496/1496/1496 1497/1497/1497
f 1500/1500/1500 1499/1499/1499 1498/1498/1498
f 1499/1499/1499 1500/1500/1500 1501/1501/1501
f 1504/1504/1504 1503/1503/1503 1502/1502/1502
f 1503/1503/1503 1504/1504/1504 1505/1505/1505
f 1508/1508/1508 1507/1507/1507 1506/1506/1506
f 1507/1507/1507 1508/1508/1508 1509/1509/1509
f 1512/1512/1512 1511/1511/1511 1510/1510/1510
f 1511/1511/1511 1512/1512/1512 1513/1513/1513
f 1516/1516/1516 1515/1515/1515 1514/1514/1514
f 1515/1515/1515 1516/1516/1516 1517/1517/1517
o mesh_20
usemtl mat8
v 25.6 118.4 -27.200000000000017
v 25.6 115.2 -27.200000000000017
v 38.400000000000006 118.4 -27.200000000000017
v 38.400000000000006 115.2 -27.200000000000017
v 19.200000000000003 118.4 -27.200000000000017
v 25.6 118.4 -27.200000000000017
v 19.200000000000003 118.4 -25.600000000000016
v 25.6 118.4 -25.600000000000016
v 25.6 115.2 -27.200000000000017
v 19.200000000000003 115.2 -27.200000000000017
v 25.6 115.2 -25.600000000000016
v 19.200000000000003 115.2 -25.600000000000016
v 19.200000000000003 115.2 -27.200000000000017
v 19.200000000000003 118.4 -27.200000000000017
v 19.200000000000003 115.2 -25.600000000000016
v 19.200000000000003 118.4 -25.600000000000016
v 25.6 115.2 -24.000000000000014
v 25.6 118.4 -24.000000000000014
v 38.400000000000006 115.2 -24.000000000000014
v 38.400000000000006 118.4 -24.000000000000014
v 38.400000000000006 118.4 -27.200000000000017
v 44.800000000000004 118.4 -27.200000000000017
v 38.400000000000006 118.4 -25.600000000000016
v 44.800000000000004 118.4 -25.600000000000016
v 44.800000000000004 115.2 -27.200000000000017
v 38.400000000000006 115.2 -27.200000000000017
v 44.800000000000004 115.2 -25.600000000000016
v 38.400000000000006 115.2 -25.600000000000016
v 44.800000000000004 118.4 -27.200000000000017
v 44.800000000000004 115.2 -27.200000000000017
v 44.800000000000004 118.4 -25.600000000000016
v 44.800000000000004 115.2 -25.600000000000016
v 19.200000000000003 115.2 -27.200000000000017
v 25.6 115.2 -27.200000000000017
v 19.200000000000003 118.4 -27.200000000000017
v 25.6 118.4 -27.200000000000017
v 44.800000000000004 115.2 -24.000000000000014
v 44.800000000000004 118.4 -24.000000000000014
v 44.800000000000004 115.2 -25.600000000000016
v 44.800000000000004 118.4 -25.600000000000016
v 19.200000000000003 118.4 -24.000000000000014
v 19.200000000000003 115.2 -24.000000000000014
v 19.200000000000003 118.4 -25.600000000000016
v 19.200000000000003 115.2 -25.600000000000016
v 44.800000000000004 118.4 -27.200000000000017
v 38.400000000000006 118.4 -27.200000000000017
v 44.800000000000004 115.2 -27.200000000000017
v 38.400000000000006 115.2 -27.200000000000017
v 25.6 118.4 -25.600000000000016
v 25.6 118.4 -27.200000000000017
v 38.400000000000006 118.4 -25.600000000000016
v 38.400000000000006 118.4 -27.200000000000017
v 25.6 115.2 -27.200000000000017
v 25.6 115.2 -25.600000000000016
v 38.400000000000006 115.2 -27.200000000000017
v 38.400000000000006 115.2 -25.600000000000016
v 25.6 118.4 -24.000000000000014
v 25.6 118.4 -25.600000000000016
v 38.400000000000006 118.4 -24.000000000000014
v 38.400000000000006 118.4 -25.600000000000016
v 25.6 115.2 -25.600000000000016
v 25.6 115.2 -24.000000000000014
v 38.400000000000006 115.2 -25.600000000000016
v 38.400000000000006 115.2 -24.000000000000014
vt 0.6796875 0.78125
vt 0.6796875 0.8359375
vt 0.5546875 0.78125
vt 0.5546875 0.8359375
vt 0.7421875 0.78125
vt 0.6796875 0.78125
vt 0.7421875 0.765625
vt 0.6796875 0.765625
vt 0.6796875 0.8359375
vt 0.7421875 0.8359375
vt 0.6796875 0.8203125
vt 0.7421875 0.8203125
vt 0.7421875 0.8359375
vt 0.7421875 0.78125
vt 0.7421875 0.8203125
vt 0.7421875 0.765625
vt 0.6796875 0.796875
vt 0.6796875 0.75
vt 0.5546875 0.796875
vt 0.5546875 0.75
vt 0.5546875 0.78125
vt 0.5 0.78125
vt 0.5546875 0.765625
vt 0.5 0.765625
vt 0.5 0.8359375
vt 0.5546875 0.8359375
vt 0.5 0.8203125
vt 0.5546875 0.8203125
vt 0.5 0.78125
vt 0.5 0.8359375
vt 0.5 0.765625
vt 0.5 0.8203125
vt 0.7421875 0.8359375
vt 0.6796875 0.8359375
vt 0.7421875 0.78125
vt 0.6796875 0.78125
vt 0.5 0.796875
vt 0.5 0.75
vt 0.5 0.8203125
vt 0.5 0.765625
vt 0.7421875 0.75
vt 0.7421875 0.796875
vt 0.7421875 0.765625
vt 0.7421875 0.8203125
vt 0.5 0.78125
vt 0.5546875 0.78125
vt 0.5 0.8359375
vt 0.5546875 0.8359375
vt 0.6796875 0.765625
vt 0.6796875 0.78125
vt 0.5546875 0.765625
vt 0.5546875 0.78125
vt 0.6796875 0.8359375
vt 0.6796875 0.8203125
vt 0.5546875 0.8359375
vt 0.5546875 0.8203125
vt 0.6796875 0.75
vt 0.6796875 0.765625
vt 0.5546875 0.75
vt 0.5546875 0.765625
vt 0.6796875 0.8203125
vt 0.6796875 0.796875
vt 0.5546875 0.8203125
vt 0.5546875 0.796875
vn 0 -1.2246467991473532e-16 -1
vn 0 -1.2246467991473532e-16 -1
vn 0 -1.2246467991473532e-16 -1
vn 0 -1.2246467991473532e-16 -1
vn 0 1 -1.2246467991473532e-16
vn 0 1 -1.2246467991473532e-16
vn 0 1 -1.2246467991473532e-16
vn 0 1 -1.2246467991473532e-16
vn 0 -1 1.2246467991473532e-16
vn 0 -1 1.2246467991473532e-16
vn 0 -1 1.2246467991473532e-16
vn 0 -1 1.2246467991473532e-16
vn -1 0 0
vn -1 0 0
vn -1 0 0
vn -1 0 0
vn 0 1.2246467991473532e-16 1
vn 0 1.2246467991473532e-16 1
vn 0 1.2246467991473532e-16 1
vn 0 1.2246467991473532e-16 1
vn 0 1 -1.2246467991473532e-16
vn 0 1 -1.2246467991473532e-16
vn 0 1 -1.2246467991473532e-16
vn 0 1 -1.2246467991473532e-16
vn 0 -1 1.2246467991473532e-16
vn 0 -1 1.2246467991473532e-16
vn 0 -1 1.2246467991473532e-16
vn 0 -1 1.2246467991473532e-16
vn 1 0 0
vn 1 0 0
vn 1 0 0
vn 1 0 0
vn 0 -1.2246467991473532e-16 -1
vn 0 -1.2246467991473532e-16 -1
vn 0 -1.2246467991473532e-16 -1
vn 0 -1.2246467991473532e-16 -1
vn 1 0 0
vn 1 0 0
vn 1 0 0
vn 1 0 0
vn -1 0 0
vn -1 0 0
vn -1 0 0
vn -1 0 0
vn 0 -1.2246467991473532e-16 -1
vn 0 -1.2246467991473532e-16 -1
vn 0 -1.2246467991473532e-16 -1
vn 0 -1.2246467991473532e-16 -1
vn 0 1 -1.2246467991473532e-16
vn 0 1 -1.2246467991473532e-16
vn 0 1 -1.2246467991473532e-16
vn 0 1 -1.2246467991473532e-16
vn 0 -1 1.2246467991473532e-16
vn 0 -1 1.2246467991473532e-16
vn 0 -1 1.2246467991473532e-16
vn 0 -1 1.2246467991473532e-16
vn 0 1 -1.2246467991473532e-16
vn 0 1 -1.2246467991473532e-16
vn 0 1 -1.2246467991473532e-16
vn 0 1 -1.2246467991473532e-16
vn 0 -1 1.2246467991473532e-16
vn 0 -1 1.2246467991473532e-16
vn 0 -1 1.2246467991473532e-16
vn 0 -1 1.2246467991473532e-16
f 1520/1520/1520 1519/1519/1519 1518/1518/1518
f 1519/1519/1519 1520/1520/1520 1521/1521/1521
f 1524/1524/1524 1523/1523/1523 1522/1522/1522
f 1523/1523/1523 1524/1524/1524 1525/1525/1525
f 1528/1528/1528 1527/1527/1527 1526/1526/1526
f 1527/1527/1527 1528/1528/1528 1529/1529/1529
f 1532/1532/1532 1531/1531/1531 1530/1530/1530
f 1531/1531/1531 1532/1532/1532 1533/1533/1533
f 1536/1536/1536 1535/1535/1535 1534/1534/1534
f 1535/1535/1535 1536/1536/1536 1537/1537/1537
f 1540/1540/1540 1539/1539/1539 1538/1538/1538
f 1539/1539/1539 1540/1540/1540 1541/1541/1541
f 1544/1544/1544 1543/1543/1543 1542/1542/1542
f 1543/1543/1543 1544/1544/1544 1545/1545/1545
f 1548/1548/1548 1547/1547/1547 1546/1546/1546
f 1547/1547/1547 1548/1548/1548 1549/1549/1549
f 1552/1552/1552 1551/1551/1551 1550/1550/1550
f 1551/1551/1551 1552/1552/1552 1553/1553/1553
f 1556/1556/1556 1555/1555/1555 1554/1554/1554
f 1555/1555/1555 1556/1556/1556 1557/1557/1557
f 1560/1560/1560 1559/1559/1559 1558/1558/1558
f 1559/1559/1559 1560/1560/1560 1561/1561/1561
f 1564/1564/1564 1563/1563/1563 1562/1562/1562
f 1563/1563/1563 1564/1564/1564 1565/1565/1565
f 1568/1568/1568 1567/1567/1567 1566/1566/1566
f 1567/1567/1567 1568/1568/1568 1569/1569/1569
f 1572/1572/1572 1571/1571/1571 1570/1570/1570
f 1571/1571/1571 1572/1572/1572 1573/1573/1573
f 1576/1576/1576 1575/1575/1575 1574/1574/1574
f 1575/1575/1575 1576/1576/1576 1577/1577/1577
f 1580/1580/1580 1579/1579/1579 1578/1578/1578
f 1579/1579/1579 1580/1580/1580 1581/1581/1581
o mesh_21
usemtl mat5
v -3.2 102.39999999999999 -89.60000000000002
v 0 115.19999999999999 -89.60000000000002
v 0 102.39999999999999 -89.60000000000002
v 0 -1.8418687859176194e-14 -150.4
v 0 -1.7243026931994733e-14 -140.8
v 0 9.599999999999984 -140.8
v 0 12.799999999999985 -137.6
v 0 12.799999999999985 -128
v 0 22.399999999999988 -128
v 0 25.59999999999999 -99.2
v 0 25.59999999999999 -89.60000000000001
v 0 35.19999999999999 -89.60000000000001
v 0 38.4 -60.80000000000001
v 0 38.4 -51.20000000000001
v 0 47.99999999999999 -51.20000000000001
v 0 51.199999999999996 -48.00000000000001
v 0 51.199999999999996 -38.40000000000001
v 0 60.8 -38.40000000000001
v 0 38.39999999999999 -128
v 0 25.599999999999987 -128
v 0 25.599999999999987 -115.2
v 0 63.999999999999986 -128
v 0 51.19999999999999 -128
v 0 51.19999999999999 -115.2
v 0 25.599999999999984 -153.60000000000002
v 0 25.599999999999984 -140.8
v 0 38.39999999999999 -140.8
v 0 51.199999999999996 -51.20000000000001
v 0 51.199999999999996 -64
v 0 38.4 -64
v 0 12.799999999999983 -140.8
v 0 12.799999999999981 -153.60000000000002
v 0 -1.8810574834903348e-14 -153.60000000000002
v 0 25.599999999999987 -128
v 0 25.599999999999984 -140.8
v 0 12.799999999999983 -140.8
v 0 51.19999999999998 -153.60000000000002
v 0 51.19999999999999 -140.8
v 0 63.999999999999986 -140.8
v 0 128 -41.600000000000016
v 0 128 -38.40000000000002
v 0 140.8 -38.40000000000002
v 0 128 -51.20000000000002
v 0 134.4 -51.20000000000002
v 0 127.99999999999999 -64.00000000000001
v 0 38.4 -64
v 0 51.199999999999996 -64
v 0 51.199999999999996 -67.2
v 0 115.19999999999999 -67.20000000000002
v 0 115.19999999999999 -64.00000000000001
v 0 127.99999999999999 -64.00000000000001
v 0 134.4 -51.20000000000002
v 0 128 -51.20000000000002
v 0 128 -48.000000000000014
v 0 121.6 -76.80000000000003
v 0 115.19999999999999 -76.80000000000003
v 0 115.19999999999999 -73.60000000000002
v 0 54.4 -48.00000000000001
v 0 51.199999999999996 -51.20000000000001
v 0 51.199999999999996 -48.00000000000001
v 0 63.99999999999999 -48.00000000000001
v 0 76.80000000000001 -48.00000000000001
v 0 76.80000000000001 -51.20000000000001
v 0 51.199999999999996 -73.60000000000001
v 0 51.199999999999996 -76.80000000000001
v 0 38.4 -76.80000000000001
v -3.2 76.8 -128
v 0 76.8 -128
v 0 95.99999999999999 -128
v -3.2 76.8 -140.8
v 0 89.6 -140.8
v 0 76.8 -140.8
v 0 102.39999999999999 -73.60000000000002
v 0 102.39999999999999 -76.80000000000003
v 0 89.6 -76.80000000000003
v -4.800000000000001 102.39999999999999 -67.20000000000002
v 0 102.39999999999999 -67.20000000000002
v 0 115.19999999999999 -67.20000000000002
v -4.800000000000001 102.39999999999999 -73.60000000000002
v 0 115.19999999999999 -73.60000000000002
v 0 102.39999999999999 -73.60000000000002
v -4.800000000000001 115.2 -48.000000000000014
v 0 128 -48.000000000000014
v 0 115.2 -48.000000000000014
v -4.800000000000001 115.2 -41.600000000000016
v 0 115.2 -41.600000000000016
v 0 128 -41.600000000000016
v 0 89.6 -89.60000000000002
v 0 102.39999999999999 -89.60000000000002
v 0 102.39999999999999 -102.40000000000002
v 0 51.19999999999999 -102.4
v 0 51.19999999999999 -89.60000000000001
v 0 63.999999999999986 -89.60000000000002
v 0 63.99999999999999 -76.80000000000003
v 0 51.199999999999996 -76.80000000000001
v 0 51.199999999999996 -73.60000000000001
v 0 76.8 -76.80000000000003
v 0 63.99999999999999 -76.80000000000003
v 0 76.8 -73.60000000000002
v 0 51.199999999999996 -73.60000000000001
v -3.2 76.8 -76.80000000000003
v -1.6 63.99999999999999 -76.80000000000003
v 0 76.8 -76.80000000000003
v 0 63.99999999999999 -76.80000000000003
v -1.6 63.999999999999986 -89.60000000000002
v -3.2 76.8 -89.60000000000002
v 0 63.999999999999986 -89.60000000000002
v 0 76.8 -89.60000000000002
v -3.2 89.6 -76.80000000000003
v -3.2 76.8 -76.80000000000003
v 0 89.6 -76.80000000000003
v 0 76.8 -76.80000000000003
v -3.2 102.39999999999999 -76.80000000000003
v -3.2 89.6 -76.80000000000003
v 0 102.39999999999999 -76.80000000000003
v 0 89.6 -76.80000000000003
v -3.2 89.6 -89.60000000000002
v -3.2 102.39999999999999 -89.60000000000002
v 0 89.6 -89.60000000000002
v 0 102.39999999999999 -89.60000000000002
v 0 63.999999999999986 -89.60000000000002
v 0 51.19999999999999 -89.60000000000001
v 0 63.99999999999999 -76.80000000000003
v 0 51.199999999999996 -76.80000000000001
v 0 63.999999999999986 -140.8
v 0 76.8 -140.8
v 0 51.19999999999998 -153.60000000000002
v 0 76.8 -153.60000000000002
v 0 38.4 -76.80000000000001
v 0 51.199999999999996 -76.80000000000001
v 0 38.39999999999999 -89.60000000000001
v 0 51.19999999999999 -89.60000000000001
v -3.2 102.39999999999999 -76.80000000000003
v 0 102.39999999999999 -76.80000000000003
v 0 121.6 -76.80000000000003
v 0 115.19999999999999 -76.80000000000003
v -3.2 51.19999999999999 -128
v -1.6 38.39999999999999 -128
v 0 51.19999999999999 -128
v 0 38.39999999999999 -128
v -1.6 38.39999999999999 -140.8
v -3.2 51.19999999999999 -140.8
v 0 38.39999999999999 -140.8
v 0 51.19999999999999 -140.8
v -3.2 63.999999999999986 -128
v -3.2 51.19999999999999 -128
v 0 63.999999999999986 -128
v 0 51.19999999999999 -128
v -3.2 51.19999999999999 -140.8
v -3.2 63.999999999999986 -140.8
v 0 51.19999999999999 -140.8
v 0 63.999999999999986 -140.8
v 0 115.2 -25.600000000000016
v 0 128 -25.600000000000016
v 0 115.2 -38.40000000000002
v 0 128 -38.40000000000002
v -3.2 76.8 -128
v -3.2 63.999999999999986 -128
v 0 76.8 -128
v 0 63.999999999999986 -128
v -3.2 63.999999999999986 -140.8
v -3.2 76.8 -140.8
v 0 63.999999999999986 -140.8
v 0 76.8 -140.8
v 0 60.8 -38.40000000000001
v 0 63.99999999999999 -38.40000000000001
v 0 60.8 -41.60000000000001
v 0 63.99999999999999 -41.60000000000001
v 0 63.99999999999999 -38.40000000000001
v 0 64 -25.60000000000001
v 0 76.80000000000001 -38.40000000000001
v 0 76.80000000000001 -25.600000000000012
v 0 95.99999999999999 -128
v 0 76.8 -128
v 0 102.39999999999999 -115.20000000000002
v 0 76.8 -115.20000000000002
v 0 102.4 -48.000000000000014
v 0 102.4 -51.20000000000002
v 0 76.80000000000001 -48.00000000000001
v 0 76.80000000000001 -51.20000000000001
v 0 108.8 -102.40000000000002
v 0 102.39999999999999 -102.40000000000002
v 0 115.19999999999999 -89.60000000000002
v 0 102.39999999999999 -89.60000000000002
v 0 115.19999999999999 -64.00000000000001
v 0 102.39999999999999 -64.00000000000001
v 0 115.2 -51.20000000000002
v 0 102.4 -51.20000000000002
v 0 38.39999999999999 -140.8
v 0 25.599999999999984 -140.8
v 0 38.39999999999999 -128
v 0 25.599999999999987 -128
v 0 47.99999999999999 -51.20000000000001
v 0 51.199999999999996 -51.20000000000001
v 0 38.4 -60.80000000000001
v 0 38.4 -64
v 0 35.19999999999999 -89.60000000000001
v 0 38.39999999999999 -89.60000000000001
v 0 25.59999999999999 -99.2
v 0 25.599999999999987 -102.4
v 0 22.399999999999988 -128
v 0 25.599999999999987 -128
v 0 12.799999999999985 -137.6
v 0 12.799999999999983 -140.8
v 0 9.599999999999984 -140.8
v 0 12.799999999999983 -140.8
v 0 -1.8418687859176194e-14 -150.4
v 0 -1.8810574834903348e-14 -153.60000000000002
v 0 12.799999999999981 -153.60000000000002
v 0 12.799999999999983 -140.8
v 0 25.599999999999984 -153.60000000000002
v 0 25.599999999999984 -140.8
v 0 89.6 -140.8
v 0 83.19999999999999 -153.60000000000002
v 0 76.8 -140.8
v 0 76.8 -153.60000000000002
v 0 140.8 -25.60000000000002
v 0 140.8 -38.40000000000002
v 0 128 -25.600000000000016
v 0 128 -38.40000000000002
v 0 115.2 -38.40000000000002
v 0 102.4 -38.40000000000002
v 0 115.2 -25.600000000000016
v 0 102.4 -25.600000000000016
v 0 115.2 -48.000000000000014
v 0 115.2 -51.20000000000002
v 0 102.4 -48.000000000000014
v 0 102.4 -51.20000000000002
v 0 51.199999999999996 -67.2
v 0 51.199999999999996 -64
v 0 76.8 -67.20000000000002
v 0 76.8 -64.00000000000001
v 0 115.2 -51.20000000000002
v 0 128 -51.20000000000002
v 0 115.19999999999999 -64.00000000000001
v 0 127.99999999999999 -64.00000000000001
v 0 115.2 -41.600000000000016
v 0 115.2 -38.40000000000002
v 0 128 -41.600000000000016
v 0 128 -38.40000000000002
v 0 115.19999999999999 -73.60000000000002
v 0 115.19999999999999 -76.80000000000003
v 0 102.39999999999999 -73.60000000000002
v 0 102.39999999999999 -76.80000000000003
v 0 76.8 -67.20000000000002
v 0 76.8 -64.00000000000001
v 0 102.39999999999999 -67.20000000000002
v 0 102.39999999999999 -64.00000000000001
v 0 128 -48.000000000000014
v 0 128 -51.20000000000002
v 0 115.2 -48.000000000000014
v 0 115.2 -51.20000000000002
v 0 102.4 -41.600000000000016
v 0 102.4 -38.40000000000002
v 0 115.2 -41.600000000000016
v 0 115.2 -38.40000000000002
v 0 76.80000000000001 -41.60000000000001
v 0 76.80000000000001 -38.40000000000001
v 0 102.4 -41.600000000000016
v 0 102.4 -38.40000000000002
v 0 128 -48.000000000000014
v 0 128 -41.600000000000016
v 0 134.4 -51.20000000000002
v 0 140.8 -38.40000000000002
v 0 102.39999999999999 -67.20000000000002
v 0 102.39999999999999 -64.00000000000001
v 0 115.19999999999999 -67.20000000000002
v 0 115.19999999999999 -64.00000000000001
v 0 127.99999999999999 -64.00000000000001
v 0 121.6 -76.80000000000003
v 0 115.19999999999999 -67.20000000000002
v 0 115.19999999999999 -73.60000000000002
v 0 76.80000000000001 -51.20000000000001
v 0 51.199999999999996 -51.20000000000001
v 0 63.99999999999999 -48.00000000000001
v 0 54.4 -48.00000000000001
v 0 63.99999999999999 -48.00000000000001
v 0 54.4 -48.00000000000001
v 0 63.99999999999999 -41.60000000000001
v 0 60.8 -41.60000000000001
v 0 51.199999999999996 -48.00000000000001
v 0 60.8 -38.40000000000001
v 0 54.4 -48.00000000000001
v 0 60.8 -41.60000000000001
v 0 51.199999999999996 -73.60000000000001
v -3.2 51.199999999999996 -73.60000000000001
v 0 76.8 -73.60000000000002
v -4.800000000000001 76.8 -73.60000000000002
v -4.800000000000001 76.8 -67.20000000000002
v -3.2 51.199999999999996 -67.2
v 0 76.8 -67.20000000000002
v 0 51.199999999999996 -67.2
v -4.800000000000001 102.39999999999999 -67.20000000000002
v -4.800000000000001 76.8 -67.20000000000002
v 0 102.39999999999999 -67.20000000000002
v 0 76.8 -67.20000000000002
v -4.800000000000001 76.8 -73.60000000000002
v -4.800000000000001 102.39999999999999 -73.60000000000002
v 0 76.8 -73.60000000000002
v 0 102.39999999999999 -73.60000000000002
v -4.800000000000001 115.2 -41.600000000000016
v -4.800000000000001 102.4 -41.600000000000016
v 0 115.2 -41.600000000000016
v 0 102.4 -41.600000000000016
v -4.800000000000001 102.4 -48.000000000000014
v -4.800000000000001 115.2 -48.000000000000014
v 0 102.4 -48.000000000000014
v 0 115.2 -48.000000000000014
v -4.800000000000001 102.4 -41.600000000000016
v -4 76.80000000000001 -41.60000000000001
v 0 102.4 -41.600000000000016
v 0 76.80000000000001 -41.60000000000001
v -4 76.80000000000001 -48.00000000000001
v -4.800000000000001 102.4 -48.000000000000014
v 0 76.80000000000001 -48.00000000000001
v 0 102.4 -48.000000000000014
v 0 63.99999999999999 -48.00000000000001
v -3.2 63.99999999999999 -48.00000000000001
v 0 76.80000000000001 -48.00000000000001
v -4 76.80000000000001 -48.00000000000001
v 0 63.99999999999999 -38.40000000000001
v 0 76.80000000000001 -38.40000000000001
v 0 63.99999999999999 -41.60000000000001
v 0 76.80000000000001 -41.60000000000001
v -3.2 63.99999999999999 -41.60000000000001
v 0 63.99999999999999 -41.60000000000001
v -4 76.80000000000001 -41.60000000000001
v 0 76.80000000000001 -41.60000000000001
v 0 38.4 -76.80000000000001
v 0 38.4 -64
v 0 51.199999999999996 -73.60000000000001
v 0 51.199999999999996 -67.2
v 0 76.8 -89.60000000000002
v -3.2 76.8 -89.60000000000002
v 0 89.6 -89.60000000000002
v -3.2 89.6 -89.60000000000002
v 0 102.39999999999999 -102.40000000000002
v 0 76.8 -102.40000000000002
v 0 89.6 -89.60000000000002
v 0 76.8 -89.60000000000002
v 0 76.8 -76.80000000000003
v 0 76.8 -73.60000000000002
v 0 89.6 -76.80000000000003
v 0 102.39999999999999 -73.60000000000002
vt 0.71875 0.375
vt 0.7421875 0.25
vt 0.7421875 0.375
vt 0.8359375 0.7421875
vt 0.7421875 0.7421875
vt 0.7421875 0.6484375
vt 0.7109375 0.6171875
vt 0.625 0.6171875
vt 0.625 0.5234375
vt 0.8359375 0.4921875
vt 0.7421875 0.4921875
vt 0.7421875 0.3984375
vt 0.9609375 0.3671875
vt 0.8671875 0.3671875
vt 0.8671875 0.2734375
vt 0.8359375 0.2421875
vt 0.7421875 0.2421875
vt 0.7421875 0.1484375
vt 0.625 0.3671875
vt 0.625 0.4921875
vt 0.5 0.4921875
vt 0.625 0.1171875
vt 0.625 0.2421875
vt 0.5 0.2421875
vt 0.8671875 0.4921875
vt 0.7421875 0.4921875
vt 0.7421875 0.3671875
vt 0.8671875 0.2421875
vt 0.9921875 0.2421875
vt 0.9921875 0.3671875
vt 0.7421875 0.6171875
vt 0.8671875 0.6171875
vt 0.8671875 0.7421875
vt 0.625 0.4921875
vt 0.7421875 0.4921875
vt 0.7421875 0.6171875
vt 0.8671875 0.2421875
vt 0.7421875 0.2421875
vt 0.7421875 0.1171875
vt 0.7734375 0.1171875
vt 0.7421875 0.1171875
vt 0.7421875 0
vt 0.8671875 0.1171875
vt 0.8671875 0.0546875
vt 0.9921875 0.1171875
vt 0.5 0.3671875
vt 0.5 0.2421875
vt 0.5234375 0.2421875
vt 0.5234375 0.2421875
vt 0.5 0.2421875
vt 0.5 0.125
vt 0.8671875 0.0546875
vt 0.8671875 0.1171875
vt 0.8359375 0.1171875
vt 0.6171875 0.1796875
vt 0.6171875 0.2421875
vt 0.5859375 0.2421875
vt 0.8359375 0.2109375
vt 0.8671875 0.2421875
vt 0.8359375 0.2421875
vt 0.8359375 0.1171875
vt 0.8359375 0
vt 0.8671875 0
vt 0.5859375 0.2421875
vt 0.6171875 0.2421875
vt 0.6171875 0.3671875
vt 0.6796875 0.6171875
vt 0.625 0.6171875
vt 0.625 0.4375
vt 0.7109375 0.7421875
vt 0.7421875 0.625
vt 0.7421875 0.7421875
vt 0.5859375 0.3671875
vt 0.6171875 0.3671875
vt 0.6171875 0.4921875
vt 0.5859375 0.3671875
vt 0.53125 0.3671875
vt 0.53125 0.25
vt 0.53125 0.375
vt 0.59375 0.25
vt 0.59375 0.375
vt 0.78125 0.2421875
vt 0.8359375 0.1171875
vt 0.8359375 0.2421875
vt 0.8359375 0.25
vt 0.7734375 0.25
vt 0.7734375 0.125
vt 0.7421875 0.4921875
vt 0.7421875 0.3671875
vt 0.8671875 0.3671875
vt 0.8671875 0.2421875
vt 0.7421875 0.2421875
vt 0.7421875 0.1171875
vt 0.6171875 0.1171875
vt 0.6171875 0.2421875
vt 0.5859375 0.2421875
vt 0.6171875 0
vt 0.6171875 0.1171875
vt 0.5859375 0
vt 0.5859375 0.25
vt 0.6796875 0
vt 0.6484375 0.1171875
vt 0.625 0
vt 0.625 0.1171875
vt 0.734375 0.1171875
vt 0.71875 0
vt 0.7421875 0.1171875
vt 0.7421875 0
vt 0.6796875 0.4921875
vt 0.6796875 0.6171875
vt 0.625 0.4921875
vt 0.625 0.6171875
vt 0.6796875 0.3671875
vt 0.6796875 0.4921875
vt 0.625 0.3671875
vt 0.625 0.4921875
vt 0.71875 0.5
vt 0.71875 0.375
vt 0.7421875 0.5
vt 0.7421875 0.375
vt 0.7421875 0.1171875
vt 0.7421875 0.2421875
vt 0.6171875 0.1171875
vt 0.6171875 0.2421875
vt 0.7421875 0.1171875
vt 0.7421875 0
vt 0.8671875 0.2421875
vt 0.8671875 0
vt 0.6171875 0.3671875
vt 0.6171875 0.2421875
vt 0.7421875 0.3671875
vt 0.7421875 0.2421875
vt 0.6796875 0.3671875
vt 0.625 0.3671875
vt 0.625 0.1875
vt 0.625 0.2421875
vt 0.6796875 0.2421875
vt 0.6484375 0.3671875
vt 0.625 0.2421875
vt 0.625 0.3671875
vt 0.7265625 0.3671875
vt 0.7109375 0.25
vt 0.7421875 0.3671875
vt 0.7421875 0.25
vt 0.6796875 0.1171875
vt 0.6796875 0.2421875
vt 0.625 0.1171875
vt 0.625 0.2421875
vt 0.7109375 0.25
vt 0.7109375 0.125
vt 0.7421875 0.25
vt 0.7421875 0.125
vt 0.625 0.2421875
vt 0.625 0.1171875
vt 0.7421875 0.2421875
vt 0.7421875 0.1171875
vt 0.6796875 0
vt 0.6796875 0.1171875
vt 0.625 0
vt 0.625 0.1171875
vt 0.7109375 0.125
vt 0.7109375 0
vt 0.7421875 0.125
vt 0.7421875 0
vt 0.7421875 0.1484375
vt 0.7421875 0.1171875
vt 0.7734375 0.1484375
vt 0.7734375 0.1171875
vt 0.7421875 0.1171875
vt 0.625 0.1171875
vt 0.7421875 0
vt 0.625 0
vt 0.625 0.4296875
vt 0.625 0.6171875
vt 0.5 0.3671875
vt 0.5 0.6171875
vt 0.8359375 0.3671875
vt 0.8671875 0.3671875
vt 0.8359375 0.6171875
vt 0.8671875 0.6171875
vt 0.8671875 0.3046875
vt 0.8671875 0.3671875
vt 0.7421875 0.2421875
vt 0.7421875 0.3671875
vt 0.9921875 0.2421875
vt 0.9921875 0.3671875
vt 0.8671875 0.2421875
vt 0.8671875 0.3671875
vt 0.7421875 0.3671875
vt 0.7421875 0.4921875
vt 0.625 0.3671875
vt 0.625 0.4921875
vt 0.8671875 0.2734375
vt 0.8671875 0.2421875
vt 0.9609375 0.3671875
vt 0.9921875 0.3671875
vt 0.7421875 0.3984375
vt 0.7421875 0.3671875
vt 0.8359375 0.4921875
vt 0.8671875 0.4921875
vt 0.625 0.5234375
vt 0.625 0.4921875
vt 0.7109375 0.6171875
vt 0.7421875 0.6171875
vt 0.7421875 0.6484375
vt 0.7421875 0.6171875
vt 0.8359375 0.7421875
vt 0.8671875 0.7421875
vt 0.8671875 0.6171875
vt 0.7421875 0.6171875
vt 0.8671875 0.4921875
vt 0.7421875 0.4921875
vt 0.7421875 0.4921875
vt 0.8671875 0.5546875
vt 0.7421875 0.6171875
vt 0.8671875 0.6171875
vt 0.625 0
vt 0.7421875 0
vt 0.625 0.1171875
vt 0.7421875 0.1171875
vt 0.7421875 0.2421875
vt 0.7421875 0.3671875
vt 0.625 0.2421875
vt 0.625 0.3671875
vt 0.8359375 0.2421875
vt 0.8671875 0.2421875
vt 0.8359375 0.3671875
vt 0.8671875 0.3671875
vt 0.5234375 0.2421875
vt 0.5 0.2421875
vt 0.5234375 0
vt 0.5 0
vt 0.8671875 0.2421875
vt 0.8671875 0.1171875
vt 0.9921875 0.2421875
vt 0.9921875 0.1171875
vt 0.7734375 0.2421875
vt 0.7421875 0.2421875
vt 0.7734375 0.1171875
vt 0.7421875 0.1171875
vt 0.5859375 0.2421875
vt 0.6171875 0.2421875
vt 0.5859375 0.3671875
vt 0.6171875 0.3671875
vt 0.5234375 0.6171875
vt 0.5 0.6171875
vt 0.5234375 0.3671875
vt 0.5 0.3671875
vt 0.8359375 0.1171875
vt 0.8671875 0.1171875
vt 0.8359375 0.2421875
vt 0.8671875 0.2421875
vt 0.7734375 0.3671875
vt 0.7421875 0.3671875
vt 0.7734375 0.2421875
vt 0.7421875 0.2421875
vt 0.7734375 0.6171875
vt 0.7421875 0.6171875
vt 0.7734375 0.3671875
vt 0.7421875 0.3671875
vt 0.8359375 0.1171875
vt 0.7734375 0.1171875
vt 0.8671875 0.0546875
vt 0.7421875 0
vt 0.5234375 0.3671875
vt 0.5 0.3671875
vt 0.5234375 0.2421875
vt 0.5 0.2421875
vt 0.5 0.125
vt 0.6171875 0.1796875
vt 0.5234375 0.2421875
vt 0.5859375 0.2421875
vt 0.8671875 0
vt 0.8671875 0.2421875
vt 0.8359375 0.1171875
vt 0.8359375 0.2109375
vt 0.8359375 0.1171875
vt 0.8359375 0.2109375
vt 0.7734375 0.1171875
vt 0.7734375 0.1484375
vt 0.8359375 0.2421875
vt 0.7421875 0.1484375
vt 0.8359375 0.2109375
vt 0.7734375 0.1484375
vt 0.5859375 0.25
vt 0.546875 0.2421875
vt 0.5859375 0
vt 0.5234375 0
vt 0.5859375 0
vt 0.5625 0.2421875
vt 0.53125 0
vt 0.53125 0.2421875
vt 0.5859375 0.3671875
vt 0.5859375 0.6171875
vt 0.53125 0.3671875
vt 0.53125 0.6171875
vt 0.53125 0.6171875
vt 0.53125 0.375
vt 0.59375 0.6171875
vt 0.59375 0.375
vt 0.8359375 0.25
vt 0.8359375 0.375
vt 0.7734375 0.25
vt 0.7734375 0.375
vt 0.78125 0.3671875
vt 0.78125 0.2421875
vt 0.8359375 0.3671875
vt 0.8359375 0.2421875
vt 0.8359375 0.375
vt 0.828125 0.6171875
vt 0.7734375 0.375
vt 0.7734375 0.6171875
vt 0.7890625 0.6171875
vt 0.78125 0.3671875
vt 0.8359375 0.6171875
vt 0.8359375 0.3671875
vt 0.8359375 0.125
vt 0.796875 0.125
vt 0.8359375 0
vt 0.7890625 0
vt 0.7421875 0.1171875
vt 0.7421875 0
vt 0.7734375 0.1171875
vt 0.7734375 0
vt 0.8125 0.125
vt 0.7734375 0.125
vt 0.828125 0
vt 0.7734375 0
vt 0.6171875 0.3671875
vt 0.5 0.3671875
vt 0.5859375 0.2421875
vt 0.5234375 0.2421875
vt 0.7421875 0.6171875
vt 0.71875 0.6171875
vt 0.7421875 0.5
vt 0.71875 0.5
vt 0.8671875 0.3671875
vt 0.8671875 0.6171875
vt 0.7421875 0.4921875
vt 0.7421875 0.6171875
vt 0.6171875 0.6171875
vt 0.5859375 0.6171875
vt 0.6171875 0.4921875
vt 0.5859375 0.3671875
vn 0 1.2246467991473532e-16 1
vn 0 1.2246467991473532e-16 1
vn 0 1.2246467991473532e-16 1
vn 1 0 0
vn 1 0 0
vn 1 0 0
vn 1 0 0
vn 1 0 0
vn 1 0 0
vn 1 0 0
vn 1 0 0
vn 1 0 0
vn 1 0 0
vn 1 0 0
vn 1 0 0
vn 1 0 0
vn 1 0 0
vn 1 0 0
vn 1 0 0
vn 1 0 0
vn 1 0 0
vn 1 0 0
vn 1 0 0
vn 1 0 0
vn 1 0 0
vn 1 0 0
vn 1 0 0
vn 1 0 0
vn 1 0 0
vn 1 0 0
vn 1 0 0
vn 1 0 0
vn 1 0 0
vn 1 0 0
vn 1 0 0
vn 1 0 0
vn 1 0 0
vn 1 0 0
vn 1 0 0
vn 1 0 0
vn 1 0 0
vn 1 0 0
vn 1 0 0
vn 1 0 0
vn 1 0 0
vn 1 0 0
vn 1 0 0
vn 1 0 0
vn 1 0 0
vn 1 0 0
vn 1 0 0
vn 1 0 0
vn 1 0 0
vn 1 0 0
vn 1 0 0
vn 1 0 0
vn 1 0 0
vn 1 0 0
vn 1 0 0
vn 1 0 0
vn 1 0 0
vn 1 0 0
vn 1 0 0
vn 1 0 0
vn 1 0 0
vn 1 0 0
vn 0 -1.2246467991473532e-16 -1
vn 0 -1.2246467991473532e-16 -1
vn 0 -1.2246467991473532e-16 -1
vn 0 1.2246467991473532e-16 1
vn 0 1.2246467991473532e-16 1
vn 0 1.2246467991473532e-16 1
vn 1 0 0
vn 1 0 0
vn 1 0 0
vn 0 -1.2246467991473532e-16 -1
vn 0 -1.2246467991473532e-16 -1
vn 0 -1.2246467991473532e-16 -1
vn 0 1.2246467991473532e-16 1
vn 0 1.2246467991473532e-16 1
vn 0 1.2246467991473532e-16 1
vn 0 1.2246467991473532e-16 1
vn 0 1.2246467991473532e-16 1
vn 0 1.2246467991473532e-16 1
vn 0 -1.2246467991473532e-16 -1
vn 0 -1.2246467991473532e-16 -1
vn 0 -1.2246467991473532e-16 -1
vn 1 0 0
vn 1 0 0
vn 1 0 0
vn 1 0 0
vn 1 0 0
vn 1 0 0
vn 1 0 0
vn 1 0 0
vn 1 0 0
vn 1 0 0
vn 1 0 0
vn 1 0 0
vn 1 0 0
vn 0 -1.2246467991473532e-16 -1
vn 0 -1.2246467991473532e-16 -1
vn 0 -1.2246467991473532e-16 -1
vn 0 -1.2246467991473532e-16 -1
vn 0 1.2246467991473532e-16 1
vn 0 1.2246467991473532e-16 1
vn 0 1.2246467991473532e-16 1
vn 0 1.2246467991473532e-16 1
vn 0 -1.2246467991473532e-16 -1
vn 0 -1.2246467991473532e-16 -1
vn 0 -1.2246467991473532e-16 -1
vn 0 -1.2246467991473532e-16 -1
vn 0 -1.2246467991473532e-16 -1
vn 0 -1.2246467991473532e-16 -1
vn 0 -1.2246467991473532e-16 -1
vn 0 -1.2246467991473532e-16 -1
vn 0 1.2246467991473532e-16 1
vn 0 1.2246467991473532e-16 1
vn 0 1.2246467991473532e-16 1
vn 0 1.2246467991473532e-16 1
vn 1 0 0
vn 1 0 0
vn 1 0 0
vn 1 0 0
vn 1 0 0
vn 1 0 0
vn 1 0 0
vn 1 0 0
vn 1 0 0
vn 1 0 0
vn 1 0 0
vn 1 0 0
vn 0 -1.2246467991473532e-16 -1
vn 0 -1.2246467991473532e-16 -1
vn 0 -1.2246467991473532e-16 -1
vn 0 -1.2246467991473532e-16 -1
vn 0 -1.2246467991473532e-16 -1
vn 0 -1.2246467991473532e-16 -1
vn 0 -1.2246467991473532e-16 -1
vn 0 -1.2246467991473532e-16 -1
vn 0 1.2246467991473532e-16 1
vn 0 1.2246467991473532e-16 1
vn 0 1.2246467991473532e-16 1
vn 0 1.2246467991473532e-16 1
vn 0 -1.2246467991473532e-16 -1
vn 0 -1.2246467991473532e-16 -1
vn 0 -1.2246467991473532e-16 -1
vn 0 -1.2246467991473532e-16 -1
vn 0 1.2246467991473532e-16 1
vn 0 1.2246467991473532e-16 1
vn 0 1.2246467991473532e-16 1
vn 0 1.2246467991473532e-16 1
vn 1 0 0
vn 1 0 0
vn 1 0 0
vn 1 0 0
vn 0 -1.2246467991473532e-16 -1
vn 0 -1.2246467991473532e-16 -1
vn 0 -1.2246467991473532e-16 -1
vn 0 -1.2246467991473532e-16 -1
vn 0 1.2246467991473532e-16 1
vn 0 1.2246467991473532e-16 1
vn 0 1.2246467991473532e-16 1
vn 0 1.2246467991473532e-16 1
vn 1 0 0
vn 1 0 0
vn 1 0 0
vn 1 0 0
vn 1 0 0
vn 1 0 0
vn 1 0 0
vn 1 0 0
vn 1 0 0
vn 1 0 0
vn 1 0 0
vn 1 0 0
vn 1 0 0
vn 1 0 0
vn 1 0 0
vn 1 0 0
vn 1 0 0
vn 1 0 0
vn 1 0 0
vn 1 0 0
vn 1 0 0
vn 1 0 0
vn 1 0 0
vn 1 0 0
vn 1 0 0
vn 1 0 0
vn 1 0 0
vn 1 0 0
vn 1 0 0
vn 1 0 0
vn 1 0 0
vn 1 0 0
vn 1 0 0
vn 1 0 0
vn 1 0 0
vn 1 0 0
vn 1 0 0
vn 1 0 0
vn 1 0 0
vn 1 0 0
vn 1 0 0
vn 1 0 0
vn 1 0 0
vn 1 0 0
vn 1 0 0
vn 1 0 0
vn 1 0 0
vn 1 0 0
vn 1 0 0
vn 1 0 0
vn 1 0 0
vn 1 0 0
vn 1 0 0
vn 1 0 0
vn 1 0 0
vn 1 0 0
vn 1 0 0
vn 1 0 0
vn 1 0 0
vn 1 0 0
vn 1 0 0
vn 1 0 0
vn 1 0 0
vn 1 0 0
vn 1 0 0
vn 1 0 0
vn 1 0 0
vn 1 0 0
vn 1 0 0
vn 1 0 0
vn 1 0 0
vn 1 0 0
vn 1 0 0
vn 1 0 0
vn 1 0 0
vn 1 0 0
vn 1 0 0
vn 1 0 0
vn 1 0 0
vn 1 0 0
vn 1 0 0
vn 1 0 0
vn 1 0 0
vn 1 0 0
vn 1 0 0
vn 1 0 0
vn 1 0 0
vn 1 0 0
vn 1 0 0
vn 1 0 0
vn 1 0 0
vn 1 0 0
vn 1 0 0
vn 1 0 0
vn 1 0 0
vn 1 0 0
vn 1 0 0
vn 1 0 0
vn 1 0 0
vn 1 0 0
vn 1 0 0
vn 1 0 0
vn 1 0 0
vn 1 0 0
vn 1 0 0
vn 1 0 0
vn 1 0 0
vn 1 0 0
vn 1 0 0
vn 1 0 0
vn 1 0 0
vn 1 0 0
vn 1 0 0
vn 1 0 0
vn 1 0 0
vn 1 0 0
vn 1 0 0
vn 1 0 0
vn 1 0 0
vn 1 0 0
vn 0 1.2246467991473532e-16 1
vn 0 1.2246467991473532e-16 1
vn 0 1.2246467991473532e-16 1
vn 0 1.2246467991473532e-16 1
vn 0 -1.2246467991473532e-16 -1
vn 0 -1.2246467991473532e-16 -1
vn 0 -1.2246467991473532e-16 -1
vn 0 -1.2246467991473532e-16 -1
vn 0 -1.2246467991473532e-16 -1
vn 0 -1.2246467991473532e-16 -1
vn 0 -1.2246467991473532e-16 -1
vn 0 -1.2246467991473532e-16 -1
vn 0 1.2246467991473532e-16 1
vn 0 1.2246467991473532e-16 1
vn 0 1.2246467991473532e-16 1
vn 0 1.2246467991473532e-16 1
vn 0 -1.2246467991473532e-16 -1
vn 0 -1.2246467991473532e-16 -1
vn 0 -1.2246467991473532e-16 -1
vn 0 -1.2246467991473532e-16 -1
vn 0 1.2246467991473532e-16 1
vn 0 1.2246467991473532e-16 1
vn 0 1.2246467991473532e-16 1
vn 0 1.2246467991473532e-16 1
vn 0 -1.2246467991473532e-16 -1
vn 0 -1.2246467991473532e-16 -1
vn 0 -1.2246467991473532e-16 -1
vn 0 -1.2246467991473532e-16 -1
vn 0 1.2246467991473532e-16 1
vn 0 1.2246467991473532e-16 1
vn 0 1.2246467991473532e-16 1
vn 0 1.2246467991473532e-16 1
vn 0 1.2246467991473532e-16 1
vn 0 1.2246467991473532e-16 1
vn 0 1.2246467991473532e-16 1
vn 0 1.2246467991473532e-16 1
vn 1 0 0
vn 1 0 0
vn 1 0 0
vn 1 0 0
vn 0 -1.2246467991473532e-16 -1
vn 0 -1.2246467991473532e-16 -1
vn 0 -1.2246467991473532e-16 -1
vn 0 -1.2246467991473532e-16 -1
vn 1 0 0
vn 1 0 0
vn 1 0 0
vn 1 0 0
vn 0 1.2246467991473532e-16 1
vn 0 1.2246467991473532e-16 1
vn 0 1.2246467991473532e-16 1
vn 0 1.2246467991473532e-16 1
vn 1 0 0
vn 1 0 0
vn 1 0 0
vn 1 0 0
vn 1 0 0
vn 1 0 0
vn 1 0 0
vn 1 0 0
f 1584/1584/1584 1583/1583/1583 1582/1582/1582
f 1587/1587/1587 1586/1586/1586 1585/1585/1585
f 1590/1590/1590 1589/1589/1589 1588/1588/1588
f 1593/1593/1593 1592/1592/1592 1591/1591/1591
f 1596/1596/1596 1595/1595/1595 1594/1594/1594
f 1599/1599/1599 1598/1598/1598 1597/1597/1597
f 1602/1602/1602 1601/1601/1601 1600/1600/1600
f 1605/1605/1605 1604/1604/1604 1603/1603/1603
f 1608/1608/1608 1607/1607/1607 1606/1606/1606
f 1611/1611/1611 1610/1610/1610 1609/1609/1609
f 1614/1614/1614 1613/1613/1613 1612/1612/1612
f 1617/1617/1617 1616/1616/1616 1615/1615/1615
f 1620/1620/1620 1619/1619/1619 1618/1618/1618
f 1623/1623/1623 1622/1622/1622 1621/1621/1621
f 1626/1626/1626 1625/1625/1625 1624/1624/1624
f 1629/1629/1629 1628/1628/1628 1627/1627/1627
f 1632/1632/1632 1631/1631/1631 1630/1630/1630
f 1635/1635/1635 1634/1634/1634 1633/1633/1633
f 1638/1638/1638 1637/1637/1637 1636/1636/1636
f 1641/1641/1641 1640/1640/1640 1639/1639/1639
f 1644/1644/1644 1643/1643/1643 1642/1642/1642
f 1647/1647/1647 1646/1646/1646 1645/1645/1645
f 1650/1650/1650 1649/1649/1649 1648/1648/1648
f 1653/1653/1653 1652/1652/1652 1651/1651/1651
f 1656/1656/1656 1655/1655/1655 1654/1654/1654
f 1659/1659/1659 1658/1658/1658 1657/1657/1657
f 1662/1662/1662 1661/1661/1661 1660/1660/1660
f 1665/1665/1665 1664/1664/1664 1663/1663/1663
f 1668/1668/1668 1667/1667/1667 1666/1666/1666
f 1671/1671/1671 1670/1670/1670 1669/1669/1669
f 1674/1674/1674 1673/1673/1673 1672/1672/1672
f 1677/1677/1677 1676/1676/1676 1675/1675/1675
f 1680/1680/1680 1679/1679/1679 1678/1678/1678
f 1679/1679/1679 1680/1680/1680 1681/1681/1681
f 1684/1684/1684 1683/1683/1683 1682/1682/1682
f 1683/1683/1683 1684/1684/1684 1685/1685/1685
f 1688/1688/1688 1687/1687/1687 1686/1686/1686
f 1687/1687/1687 1688/1688/1688 1689/1689/1689
f 1692/1692/1692 1691/1691/1691 1690/1690/1690
f 1691/1691/1691 1692/1692/1692 1693/1693/1693
f 1696/1696/1696 1695/1695/1695 1694/1694/1694
f 1695/1695/1695 1696/1696/1696 1697/1697/1697
f 1700/1700/1700 1699/1699/1699 1698/1698/1698
f 1699/1699/1699 1700/1700/1700 1701/1701/1701
f 1704/1704/1704 1703/1703/1703 1702/1702/1702
f 1703/1703/1703 1704/1704/1704 1705/1705/1705
f 1708/1708/1708 1707/1707/1707 1706/1706/1706
f 1707/1707/1707 1708/1708/1708 1709/1709/1709
f 1712/1712/1712 1711/1711/1711 1710/1710/1710
f 1711/1711/1711 1712/1712/1712 1713/1713/1713
f 1716/1716/1716 1715/1715/1715 1714/1714/1714
f 1715/1715/1715 1716/1716/1716 1717/1717/1717
f 1720/1720/1720 1719/1719/1719 1718/1718/1718
f 1719/1719/1719 1720/1720/1720 1721/1721/1721
f 1724/1724/1724 1723/1723/1723 1722/1722/1722
f 1723/1723/1723 1724/1724/1724 1725/1725/1725
f 1728/1728/1728 1727/1727/1727 1726/1726/1726
f 1727/1727/1727 1728/1728/1728 1729/1729/1729
f 1732/1732/1732 1731/1731/1731 1730/1730/1730
f 1731/1731/1731 1732/1732/1732 1733/1733/1733
f 1736/1736/1736 1735/1735/1735 1734/1734/1734
f 1735/1735/1735 1736/1736/1736 1737/1737/1737
f 1740/1740/1740 1739/1739/1739 1738/1738/1738
f 1739/1739/1739 1740/1740/1740 1741/1741/1741
f 1744/1744/1744 1743/1743/1743 1742/1742/1742
f 1743/1743/1743 1744/1744/1744 1745/1745/1745
f 1748/1748/1748 1747/1747/1747 1746/1746/1746
f 1747/1747/1747 1748/1748/1748 1749/1749/1749
f 1752/1752/1752 1751/1751/1751 1750/1750/1750
f 1751/1751/1751 1752/1752/1752 1753/1753/1753
f 1756/1756/1756 1755/1755/1755 1754/1754/1754
f 1755/1755/1755 1756/1756/1756 1757/1757/1757
f 1760/1760/1760 1759/1759/1759 1758/1758/1758
f 1759/1759/1759 1760/1760/1760 1761/1761/1761
f 1764/1764/1764 1763/1763/1763 1762/1762/1762
f 1763/1763/1763 1764/1764/1764 1765/1765/1765
f 1768/1768/1768 1767/1767/1767 1766/1766/1766
f 1767/1767/1767 1768/1768/1768 1769/1769/1769
f 1772/1772/1772 1771/1771/1771 1770/1770/1770
f 1771/1771/1771 1772/1772/1772 1773/1773/1773
f 1776/1776/1776 1775/1775/1775 1774/1774/1774
f 1775/1775/1775 1776/1776/1776 1777/1777/1777
f 1780/1780/1780 1779/1779/1779 1778/1778/1778
f 1779/1779/1779 1780/1780/1780 1781/1781/1781
f 1784/1784/1784 1783/1783/1783 1782/1782/1782
f 1783/1783/1783 1784/1784/1784 1785/1785/1785
f 1788/1788/1788 1787/1787/1787 1786/1786/1786
f 1787/1787/1787 1788/1788/1788 1789/1789/1789
f 1792/1792/1792 1791/1791/1791 1790/1790/1790
f 1791/1791/1791 1792/1792/1792 1793/1793/1793
f 1796/1796/1796 1795/1795/1795 1794/1794/1794
f 1795/1795/1795 1796/1796/1796 1797/1797/1797
f 1800/1800/1800 1799/1799/1799 1798/1798/1798
f 1799/1799/1799 1800/1800/1800 1801/1801/1801
f 1804/1804/1804 1803/1803/1803 1802/1802/1802
f 1803/1803/1803 1804/1804/1804 1805/1805/1805
f 1808/1808/1808 1807/1807/1807 1806/1806/1806
f 1807/1807/1807 1808/1808/1808 1809/1809/1809
f 1812/1812/1812 1811/1811/1811 1810/1810/1810
f 1811/1811/1811 1812/1812/1812 1813/1813/1813
f 1816/1816/1816 1815/1815/1815 1814/1814/1814
f 1815/1815/1815 1816/1816/1816 1817/1817/1817
f 1820/1820/1820 1819/1819/1819 1818/1818/1818
f 1819/1819/1819 1820/1820/1820 1821/1821/1821
f 1824/1824/1824 1823/1823/1823 1822/1822/1822
f 1823/1823/1823 1824/1824/1824 1825/1825/1825
f 1828/1828/1828 1827/1827/1827 1826/1826/1826
f 1827/1827/1827 1828/1828/1828 1829/1829/1829
f 1832/1832/1832 1831/1831/1831 1830/1830/1830
f 1831/1831/1831 1832/1832/1832 1833/1833/1833
f 1836/1836/1836 1835/1835/1835 1834/1834/1834
f 1835/1835/1835 1836/1836/1836 1837/1837/1837
f 1840/1840/1840 1839/1839/1839 1838/1838/1838
f 1839/1839/1839 1840/1840/1840 1841/1841/1841
f 1844/1844/1844 1843/1843/1843 1842/1842/1842
f 1843/1843/1843 1844/1844/1844 1845/1845/1845
f 1848/1848/1848 1847/1847/1847 1846/1846/1846
f 1847/1847/1847 1848/1848/1848 1849/1849/1849
f 1852/1852/1852 1851/1851/1851 1850/1850/1850
f 1851/1851/1851 1852/1852/1852 1853/1853/1853
f 1856/1856/1856 1855/1855/1855 1854/1854/1854
f 1855/1855/1855 1856/1856/1856 1857/1857/1857
f 1860/1860/1860 1859/1859/1859 1858/1858/1858
f 1859/1859/1859 1860/1860/1860 1861/1861/1861
f 1864/1864/1864 1863/1863/1863 1862/1862/1862
f 1863/1863/1863 1864/1864/1864 1865/1865/1865
f 1868/1868/1868 1867/1867/1867 1866/1866/1866
f 1867/1867/1867 1868/1868/1868 1869/1869/1869
f 1872/1872/1872 1871/1871/1871 1870/1870/1870
f 1871/1871/1871 1872/1872/1872 1873/1873/1873
f 1876/1876/1876 1875/1875/1875 1874/1874/1874
f 1875/1875/1875 1876/1876/1876 1877/1877/1877
f 1880/1880/1880 1879/1879/1879 1878/1878/1878
f 1879/1879/1879 1880/1880/1880 1881/1881/1881
f 1884/1884/1884 1883/1883/1883 1882/1882/1882
f 1883/1883/1883 1884/1884/1884 1885/1885/1885
f 1888/1888/1888 1887/1887/1887 1886/1886/1886
f 1887/1887/1887 1888/1888/1888 1889/1889/1889
f 1892/1892/1892 1891/1891/1891 1890/1890/1890
f 1891/1891/1891 1892/1892/1892 1893/1893/1893
f 1896/1896/1896 1895/1895/1895 1894/1894/1894
f 1895/1895/1895 1896/1896/1896 1897/1897/1897
f 1900/1900/1900 1899/1899/1899 1898/1898/1898
f 1899/1899/1899 1900/1900/1900 1901/1901/1901
f 1904/1904/1904 1903/1903/1903 1902/1902/1902
f 1903/1903/1903 1904/1904/1904 1905/1905/1905
f 1908/1908/1908 1907/1907/1907 1906/1906/1906
f 1907/1907/1907 1908/1908/1908 1909/1909/1909
f 1912/1912/1912 1911/1911/1911 1910/1910/1910
f 1911/1911/1911 1912/1912/1912 1913/1913/1913
f 1916/1916/1916 1915/1915/1915 1914/1914/1914
f 1915/1915/1915 1916/1916/1916 1917/1917/1917
f 1920/1920/1920 1919/1919/1919 1918/1918/1918
f 1919/1919/1919 1920/1920/1920 1921/1921/1921
f 1924/1924/1924 1923/1923/1923 1922/1922/1922
f 1923/1923/1923 1924/1924/1924 1925/1925/1925
o mesh_22
usemtl mat5
v 51.2 127.99999999999999 -89.60000000000002
v 51.2 134.4 -76.80000000000003
v 57.6 127.99999999999999 -76.80000000000003
v 64 89.6 -140.8
v 64 83.19999999999999 -153.60000000000002
v 57.6 89.6 -153.60000000000002
v 59.2 102.39999999999999 -115.20000000000002
v 64 102.39999999999999 -115.20000000000002
v 58.400000000000006 108.8 -115.20000000000002
v 58.400000000000006 108.8 -102.40000000000002
v 57.6 115.19999999999999 -102.40000000000002
v 64 108.8 -102.40000000000002
v 51.2 153.60000000000002 -25.60000000000002
v 51.2 140.8 -25.60000000000002
v 64 140.8 -25.60000000000002
v 64 140.8 -38.40000000000002
v 64 134.4 -51.20000000000002
v 57.6 140.8 -51.20000000000002
v 51.2 140.8 -64.00000000000001
v 51.2 147.20000000000002 -51.200000000000024
v 57.6 140.8 -51.20000000000002
v 51.2 115.19999999999999 -115.20000000000002
v 51.2 121.6 -102.40000000000002
v 57.6 115.19999999999999 -102.40000000000002
v 51.2 108.8 -128
v 51.2 115.19999999999999 -115.20000000000002
v 58.400000000000006 108.8 -115.20000000000002
v 51.2 102.39999999999999 -140.8
v 51.2 108.8 -128
v 57.6 102.39999999999999 -128
v 51.2 89.6 -166.4
v 51.2 95.99999999999999 -153.60000000000002
v 57.6 89.6 -153.60000000000002
v 58.400000000000006 108.8 -115.20000000000002
v 51.2 115.19999999999999 -115.20000000000002
v 57.6 115.19999999999999 -102.40000000000002
v 6.4 89.6 -153.60000000000002
v 12.8 89.6 -166.4
v 5.6000000000000005 83.19999999999999 -166.4
v 64 115.19999999999999 -89.60000000000002
v 64 108.8 -102.40000000000002
v 57.6 115.19999999999999 -102.40000000000002
v 64 127.99999999999999 -64.00000000000001
v 64 121.6 -76.80000000000003
v 57.6 127.99999999999999 -76.80000000000003
v 0 102.39999999999999 -115.20000000000002
v 4.800000000000001 102.39999999999999 -115.20000000000002
v 5.6000000000000005 108.8 -115.20000000000002
v 5.6000000000000005 108.8 -115.20000000000002
v 12.8 115.19999999999999 -115.20000000000002
v 12.8 108.8 -128
v 64 102.39999999999999 -115.20000000000002
v 64 95.99999999999999 -128
v 57.6 102.39999999999999 -128
v 58.400000000000006 83.19999999999999 -166.4
v 51.2 89.6 -166.4
v 57.6 89.6 -153.60000000000002
v 6.4 115.19999999999999 -102.40000000000002
v 0 108.8 -102.40000000000002
v 0 115.19999999999999 -89.60000000000002
v 6.4 115.19999999999999 -102.40000000000002
v 12.8 121.6 -102.40000000000002
v 12.8 115.19999999999999 -115.20000000000002
v 6.4 102.39999999999999 -128
v 0 95.99999999999999 -128
v 0 102.39999999999999 -115.20000000000002
v 6.4 102.39999999999999 -128
v 12.8 108.8 -128
v 12.8 102.39999999999999 -140.8
v 6.4 89.6 -153.60000000000002
v 0 83.19999999999999 -153.60000000000002
v 0 89.6 -140.8
v 6.4 89.6 -153.60000000000002
v 12.8 95.99999999999999 -153.60000000000002
v 12.8 89.6 -166.4
v 12.8 153.60000000000002 -25.60000000000002
v 0 140.8 -25.60000000000002
v 12.8 140.8 -25.60000000000002
v 6.4 127.99999999999999 -76.80000000000003
v 0 121.6 -76.80000000000003
v 0 127.99999999999999 -64.00000000000001
v 6.4 140.8 -51.20000000000002
v 0 134.4 -51.20000000000002
v 0 140.8 -38.40000000000002
v 6.4 140.8 -51.20000000000002
v 12.8 147.20000000000002 -51.200000000000024
v 12.8 140.8 -64.00000000000001
v 6.4 115.19999999999999 -102.40000000000002
v 12.8 115.19999999999999 -115.20000000000002
v 5.6000000000000005 108.8 -115.20000000000002
v 58.400000000000006 83.19999999999999 -153.60000000000002
v 57.6 89.6 -153.60000000000002
v 64 83.19999999999999 -153.60000000000002
v 6.4 102.39999999999999 -128
v 0 102.39999999999999 -115.20000000000002
v 5.6000000000000005 108.8 -115.20000000000002
v 57.6 102.39999999999999 -128
v 51.2 108.8 -128
v 58.400000000000006 108.8 -115.20000000000002
v 58.400000000000006 108.8 -115.20000000000002
v 64 102.39999999999999 -115.20000000000002
v 57.6 102.39999999999999 -128
v 5.6000000000000005 108.8 -115.20000000000002
v 12.8 108.8 -128
v 6.4 102.39999999999999 -128
v 0 108.8 -102.40000000000002
v 6.4 115.19999999999999 -102.40000000000002
v 5.6000000000000005 108.8 -102.40000000000002
v 0 83.19999999999999 -153.60000000000002
v 6.4 89.6 -153.60000000000002
v 5.6000000000000005 83.19999999999999 -153.60000000000002
v 12.8 127.99999999999999 -89.60000000000002
v 6.4 127.99999999999999 -76.80000000000003
v 12.8 134.4 -76.80000000000003
v 51.2 217.60000000000002 -25.60000000000003
v 38.400000000000006 179.20000000000002 -25.600000000000023
v 51.2 179.20000000000002 -25.600000000000023
v 12.8 153.6 -166.40000000000003
v 25.6 121.6 -166.40000000000003
v 12.8 121.6 -166.40000000000003
v 51.2 153.6 -166.40000000000003
v 51.2 121.6 -166.40000000000003
v 38.400000000000006 121.6 -166.40000000000003
v 12.8 217.60000000000002 -25.60000000000003
v 12.8 179.20000000000002 -25.600000000000023
v 25.6 179.20000000000002 -25.600000000000023
v 38.400000000000006 140.8 -25.60000000000002
v 51.2 140.8 -25.60000000000002
v 38.400000000000006 153.60000000000002 -25.60000000000002
v 51.2 153.60000000000002 -25.60000000000002
v 38.400000000000006 153.60000000000002 -25.60000000000002
v 25.6 153.60000000000002 -25.60000000000002
v 38.400000000000006 140.8 -25.60000000000002
v 25.6 140.8 -25.60000000000002
v 12.8 153.60000000000002 -25.60000000000002
v 12.8 140.8 -25.60000000000002
v 25.6 153.60000000000002 -25.60000000000002
v 25.6 140.8 -25.60000000000002
v 0 115.19999999999999 -89.60000000000002
v 0 121.6 -76.80000000000003
v 12.8 127.99999999999999 -89.60000000000002
v 6.4 127.99999999999999 -76.80000000000003
v 64 115.19999999999999 -89.60000000000002
v 51.2 127.99999999999999 -89.60000000000002
v 64 121.6 -76.80000000000003
v 57.6 127.99999999999999 -76.80000000000003
v 58.400000000000006 83.19999999999999 -166.4
v 59.2 76.8 -166.4
v 51.2 89.6 -166.4
v 51.2 76.8 -166.4
v 64 89.6 -140.8
v 51.2 102.39999999999999 -140.8
v 64 95.99999999999999 -128
v 57.6 102.39999999999999 -128
v 0 140.8 -38.40000000000002
v 12.8 153.60000000000002 -38.40000000000003
v 6.4 140.8 -51.20000000000002
v 12.8 147.20000000000002 -51.200000000000024
v 0 127.99999999999999 -64.00000000000001
v 0 134.4 -51.20000000000002
v 12.8 140.8 -64.00000000000001
v 6.4 140.8 -51.20000000000002
v 64 127.99999999999999 -64.00000000000001
v 51.2 140.8 -64.00000000000001
v 64 134.4 -51.20000000000002
v 57.6 140.8 -51.20000000000002
v 51.2 153.60000000000002 -38.40000000000003
v 51.2 153.60000000000002 -25.60000000000002
v 64 140.8 -38.40000000000002
v 64 140.8 -25.60000000000002
v 51.2 140.8 -64.00000000000001
v 64 127.99999999999999 -64.00000000000001
v 51.2 134.4 -76.80000000000003
v 57.6 127.99999999999999 -76.80000000000003
v 51.2 127.99999999999999 -89.60000000000002
v 64 115.19999999999999 -89.60000000000002
v 51.2 121.6 -102.40000000000002
v 57.6 115.19999999999999 -102.40000000000002
v 51.2 102.39999999999999 -140.8
v 64 89.6 -140.8
v 51.2 95.99999999999999 -153.60000000000002
v 57.6 89.6 -153.60000000000002
v 12.8 127.99999999999999 -89.60000000000002
v 12.8 121.6 -102.40000000000002
v 0 115.19999999999999 -89.60000000000002
v 6.4 115.19999999999999 -102.40000000000002
v 57.6 140.8 -51.20000000000002
v 51.2 147.20000000000002 -51.200000000000024
v 64 140.8 -38.40000000000002
v 51.2 153.60000000000002 -38.40000000000003
v 12.8 140.8 -64.00000000000001
v 12.8 134.4 -76.80000000000003
v 0 127.99999999999999 -64.00000000000001
v 6.4 127.99999999999999 -76.80000000000003
v 59.2 76.8 -166.4
v 58.400000000000006 83.19999999999999 -166.4
v 58.400000000000006 83.19999999999999 -153.60000000000002
v 57.6 89.6 -153.60000000000002
v 38.400000000000006 89.6 -166.4
v 51.2 89.6 -166.4
v 38.400000000000006 76.8 -166.4
v 51.2 76.8 -166.4
v 0 89.6 -140.8
v 0 95.99999999999999 -128
v 12.8 102.39999999999999 -140.8
v 6.4 102.39999999999999 -128
v 59.2 102.39999999999999 -115.20000000000002
v 58.400000000000006 108.8 -115.20000000000002
v 58.400000000000006 108.8 -102.40000000000002
v 57.6 115.19999999999999 -102.40000000000002
v 5.6000000000000005 83.19999999999999 -166.4
v 12.8 89.6 -166.4
v 4.800000000000001 76.8 -166.4
v 12.8 76.8 -166.4
v 5.6000000000000005 108.8 -102.40000000000002
v 6.4 115.19999999999999 -102.40000000000002
v 4.800000000000001 102.39999999999999 -115.20000000000002
v 5.6000000000000005 108.8 -115.20000000000002
v 12.8 89.6 -166.4
v 25.6 89.6 -166.4
v 12.8 76.8 -166.4
v 25.6 76.8 -166.4
v 12.8 153.60000000000002 -25.60000000000002
v 12.8 153.60000000000002 -38.40000000000003
v 0 140.8 -25.60000000000002
v 0 140.8 -38.40000000000002
v 38.400000000000006 76.8 -166.4
v 25.6 76.8 -166.4
v 38.400000000000006 89.6 -166.4
v 25.6 89.6 -166.4
v 12.8 102.39999999999999 -140.8
v 12.8 95.99999999999999 -153.60000000000002
v 0 89.6 -140.8
v 6.4 89.6 -153.60000000000002
v 5.6000000000000005 83.19999999999999 -153.60000000000002
v 6.4 89.6 -153.60000000000002
v 4.800000000000001 76.8 -166.4
v 5.6000000000000005 83.19999999999999 -166.4
v 51.2 179.20000000000002 -25.600000000000023
v 38.400000000000006 179.20000000000002 -25.600000000000023
v 51.2 153.60000000000002 -25.60000000000002
v 38.400000000000006 153.60000000000002 -25.60000000000002
v 12.8 121.6 -166.40000000000003
v 25.6 121.6 -166.40000000000003
v 12.8 89.6 -166.4
v 25.6 89.6 -166.4
v 38.400000000000006 121.6 -166.40000000000003
v 51.2 121.6 -166.40000000000003
v 38.400000000000006 89.6 -166.4
v 51.2 89.6 -166.4
v 25.6 179.20000000000002 -25.600000000000023
v 12.8 179.20000000000002 -25.600000000000023
v 25.6 153.60000000000002 -25.60000000000002
v 12.8 153.60000000000002 -25.60000000000002
v 51.2 166.39999999999998 -140.80000000000004
v 51.2 153.6 -166.40000000000003
v 12.8 166.39999999999998 -140.80000000000004
v 12.8 153.6 -166.40000000000003
v 51.2 179.20000000000002 -115.20000000000003
v 51.2 166.39999999999998 -140.80000000000004
v 12.8 179.20000000000002 -115.20000000000003
v 12.8 166.39999999999998 -140.80000000000004
v 51.2 192 -89.60000000000004
v 51.2 179.20000000000002 -115.20000000000003
v 12.8 192 -89.60000000000004
v 12.8 179.20000000000002 -115.20000000000003
v 51.2 204.8 -64.00000000000003
v 51.2 192 -89.60000000000004
v 12.8 204.8 -64.00000000000003
v 12.8 192 -89.60000000000004
v 51.2 217.60000000000002 -38.400000000000034
v 51.2 204.8 -64.00000000000003
v 12.8 217.60000000000002 -38.400000000000034
v 12.8 204.8 -64.00000000000003
v 51.2 217.60000000000002 -25.60000000000003
v 51.2 217.60000000000002 -38.400000000000034
v 12.8 217.60000000000002 -25.60000000000003
v 12.8 217.60000000000002 -38.400000000000034
v 25.6 121.6 -166.40000000000003
v 38.400000000000006 121.6 -166.40000000000003
v 25.6 89.6 -166.4
v 38.400000000000006 89.6 -166.4
v 51.2 217.60000000000002 -25.60000000000003
v 12.8 217.60000000000002 -25.60000000000003
v 38.400000000000006 179.20000000000002 -25.600000000000023
v 25.6 179.20000000000002 -25.600000000000023
v 12.8 153.6 -166.40000000000003
v 51.2 153.6 -166.40000000000003
v 25.6 121.6 -166.40000000000003
v 38.400000000000006 121.6 -166.40000000000003
vt 0.75 0.25
vt 0.875 0.25
vt 0.875 0.34375
vt 0.75 0.4296875
vt 0.625 0.4296875
vt 0.625 0.34375
vt 0.984375 0.3671875
vt 0.9375 0.3671875
vt 0.9921875 0.3125
vt 0.6328125 0.3046875
vt 0.625 0.25
vt 0.6796875 0.3046875
vt 0.59375 0.6171875
vt 0.59375 0.7421875
vt 0.5 0.7421875
vt 0.75 0.4375
vt 0.625 0.4375
vt 0.625 0.34375
vt 0.5 0.25
vt 0.625 0.25
vt 0.625 0.34375
vt 0.5 0.25
vt 0.625 0.25
vt 0.625 0.34375
vt 0.875 0.25
vt 0.9921875 0.25
vt 0.9921875 0.34375
vt 0.75 0.25
vt 0.875 0.25
vt 0.875 0.34375
vt 0.5 0.25
vt 0.625 0.25
vt 0.625 0.34375
vt 0.5 0.34375
vt 0.5 0.25
vt 0.625 0.34375
vt 0.875 0.34375
vt 0.9921875 0.25
vt 0.9921875 0.34375
vt 0.75 0.4375
vt 0.625 0.4375
vt 0.625 0.34375
vt 0.9921875 0.4375
vt 0.875 0.4375
vt 0.875 0.34375
vt 0.5546875 0.3671875
vt 0.5078125 0.3671875
vt 0.5 0.3125
vt 0.5 0.34375
vt 0.5 0.25
vt 0.625 0.25
vt 0.9921875 0.4296875
vt 0.875 0.4296875
vt 0.875 0.34375
vt 0.5 0.375
vt 0.5 0.25
vt 0.625 0.375
vt 0.8671875 0.2421875
vt 0.8671875 0.3046875
vt 0.7421875 0.2421875
vt 0.875 0.34375
vt 0.875 0.25
vt 0.9921875 0.25
vt 0.625 0.3671875
vt 0.625 0.4296875
vt 0.5 0.3671875
vt 0.625 0.34375
vt 0.625 0.25
vt 0.75 0.25
vt 0.8671875 0.4921875
vt 0.8671875 0.5546875
vt 0.7421875 0.4921875
vt 0.875 0.34375
vt 0.875 0.25
vt 0.9921875 0.25
vt 0.890625 0.6171875
vt 0.9921875 0.7421875
vt 0.890625 0.7421875
vt 0.6171875 0.125
vt 0.6171875 0.1796875
vt 0.5 0.125
vt 0.8671875 0
vt 0.8671875 0.0546875
vt 0.7421875 0
vt 0.875 0.34375
vt 0.875 0.25
vt 0.9921875 0.25
vt 0.875 0.34375
vt 0.9921875 0.25
vt 0.9921875 0.34375
vt 0.625 0.5546875
vt 0.625 0.5
vt 0.6796875 0.5546875
vt 0.625 0.3671875
vt 0.5 0.3671875
vt 0.5 0.3125
vt 0.875 0.34375
vt 0.875 0.25
vt 0.9921875 0.34375
vt 0.9921875 0.34375
vt 0.9921875 0.4296875
vt 0.875 0.34375
vt 0.5 0.34375
vt 0.625 0.25
vt 0.625 0.34375
vt 0.8125 0.3046875
vt 0.8671875 0.25
vt 0.859375 0.3046875
vt 0.8125 0.5546875
vt 0.8671875 0.5
vt 0.859375 0.5546875
vt 0.75 0.25
vt 0.625 0.34375
vt 0.625 0.25
vt 0.59375 0
vt 0.6953125 0.3671875
vt 0.59375 0.3671875
vt 0.5703125 0
vt 0.6875 0.3046875
vt 0.5703125 0.3046875
vt 0.9140625 0
vt 0.9140625 0.3046875
vt 0.796875 0.3046875
vt 0.890625 0
vt 0.890625 0.3671875
vt 0.796875 0.3671875
vt 0.6953125 0.7421875
vt 0.59375 0.7421875
vt 0.6953125 0.6171875
vt 0.59375 0.6171875
vt 0.6953125 0.6171875
vt 0.796875 0.6171875
vt 0.6953125 0.7421875
vt 0.796875 0.7421875
vt 0.890625 0.6171875
vt 0.890625 0.7421875
vt 0.796875 0.6171875
vt 0.796875 0.7421875
vt 0.75 0.4296875
vt 0.625 0.4296875
vt 0.75 0.25
vt 0.625 0.34375
vt 0.75 0.4375
vt 0.75 0.25
vt 0.875 0.4375
vt 0.875 0.34375
vt 0.984375 0.6796875
vt 0.9921875 0.7421875
vt 0.9140625 0.6171875
vt 0.9140625 0.7421875
vt 0.75 0.4296875
vt 0.75 0.25
vt 0.875 0.4296875
vt 0.875 0.34375
vt 0.75 0.4375
vt 0.75 0.25
vt 0.875 0.34375
vt 0.875 0.25
vt 0.9921875 0.4375
vt 0.875 0.4375
vt 0.9921875 0.25
vt 0.875 0.34375
vt 0.5 0.4375
vt 0.5 0.25
vt 0.625 0.4375
vt 0.625 0.34375
vt 0.75 0.25
vt 0.8671875 0.25
vt 0.75 0.4375
vt 0.8671875 0.4375
vt 0.9921875 0.25
vt 0.9921875 0.4375
vt 0.875 0.25
vt 0.875 0.34375
vt 0.75 0.25
vt 0.75 0.4375
vt 0.625 0.25
vt 0.625 0.34375
vt 0.75 0.25
vt 0.75 0.4296875
vt 0.625 0.25
vt 0.625 0.34375
vt 0.75 0.25
vt 0.875 0.25
vt 0.75 0.4296875
vt 0.875 0.34375
vt 0.625 0.34375
vt 0.625 0.25
vt 0.75 0.4375
vt 0.75 0.25
vt 0.5 0.25
vt 0.625 0.25
vt 0.5 0.4296875
vt 0.625 0.34375
vt 0.5 0.6171875
vt 0.5 0.5546875
vt 0.6171875 0.5546875
vt 0.6171875 0.4921875
vt 0.796875 0.6171875
vt 0.9140625 0.6171875
vt 0.796875 0.7421875
vt 0.9140625 0.7421875
vt 0.75 0.4296875
vt 0.625 0.4296875
vt 0.75 0.25
vt 0.625 0.34375
vt 0.5 0.3671875
vt 0.5 0.3046875
vt 0.6171875 0.3046875
vt 0.6171875 0.2421875
vt 0.5 0.6796875
vt 0.5703125 0.6171875
vt 0.5 0.7421875
vt 0.5703125 0.7421875
vt 0.8671875 0.3046875
vt 0.8671875 0.2421875
vt 0.9921875 0.3671875
vt 0.9921875 0.3046875
vt 0.5703125 0.6171875
vt 0.6875 0.6171875
vt 0.5703125 0.7421875
vt 0.6875 0.7421875
vt 0.625 0.25
vt 0.75 0.25
vt 0.625 0.4375
vt 0.75 0.4375
vt 0.796875 0.7421875
vt 0.6875 0.7421875
vt 0.796875 0.6171875
vt 0.6875 0.6171875
vt 0.75 0.25
vt 0.875 0.25
vt 0.75 0.4296875
vt 0.875 0.34375
vt 0.8671875 0.5546875
vt 0.8671875 0.4921875
vt 0.9921875 0.6171875
vt 0.9921875 0.5546875
vt 0.59375 0.3671875
vt 0.6953125 0.3671875
vt 0.59375 0.6171875
vt 0.6953125 0.6171875
vt 0.5703125 0.3046875
vt 0.6875 0.3046875
vt 0.5703125 0.6171875
vt 0.6875 0.6171875
vt 0.796875 0.3046875
vt 0.9140625 0.3046875
vt 0.796875 0.6171875
vt 0.9140625 0.6171875
vt 0.796875 0.3671875
vt 0.890625 0.3671875
vt 0.796875 0.6171875
vt 0.890625 0.6171875
vt 0.7421875 0.25
vt 0.9921875 0.25
vt 0.7421875 0.6171875
vt 0.9921875 0.6171875
vt 0.5 0.25
vt 0.7421875 0.25
vt 0.5 0.6171875
vt 0.7421875 0.6171875
vt 0.75 0.25
vt 0.9921875 0.25
vt 0.75 0.6171875
vt 0.9921875 0.6171875
vt 0.5 0.25
vt 0.75 0.25
vt 0.5 0.6171875
vt 0.75 0.6171875
vt 0.75 0.25
vt 0.9921875 0.25
vt 0.75 0.6171875
vt 0.9921875 0.6171875
vt 0.625 0.25
vt 0.75 0.25
vt 0.625 0.6171875
vt 0.75 0.6171875
vt 0.6875 0.3046875
vt 0.796875 0.3046875
vt 0.6875 0.6171875
vt 0.796875 0.6171875
vt 0.59375 0
vt 0.890625 0
vt 0.6953125 0.3671875
vt 0.796875 0.3671875
vt 0.5703125 0
vt 0.9140625 0
vt 0.6875 0.3046875
vt 0.796875 0.3046875
vn -0.6666666666666666 -0.6666666666666666 0.3333333333333334
vn -0.6666666666666666 -0.6666666666666666 0.3333333333333334
vn -0.6666666666666666 -0.6666666666666666 0.3333333333333334
vn -0.6666666666666666 -0.6666666666666666 0.3333333333333334
vn -0.6666666666666666 -0.6666666666666666 0.3333333333333334
vn -0.6666666666666666 -0.6666666666666666 0.3333333333333334
vn 0 -1.2246467991473532e-16 -1
vn 0 -1.2246467991473532e-16 -1
vn 0 -1.2246467991473532e-16 -1
vn 0 1.2246467991473532e-16 1
vn 0 1.2246467991473532e-16 1
vn 0 1.2246467991473532e-16 1
vn 0 -1.2246467991473532e-16 -1
vn 0 -1.2246467991473532e-16 -1
vn 0 -1.2246467991473532e-16 -1
vn -0.6666666666666666 -0.6666666666666666 0.3333333333333334
vn -0.6666666666666666 -0.6666666666666666 0.3333333333333334
vn -0.6666666666666666 -0.6666666666666666 0.3333333333333334
vn -0.6666666666666666 -0.6666666666666666 0.3333333333333334
vn -0.6666666666666666 -0.6666666666666666 0.3333333333333334
vn -0.6666666666666666 -0.6666666666666666 0.3333333333333334
vn -0.6666666666666666 -0.6666666666666666 0.3333333333333334
vn -0.6666666666666666 -0.6666666666666666 0.3333333333333334
vn -0.6666666666666666 -0.6666666666666666 0.3333333333333334
vn -0.622327877325336 -0.7001188545404222 0.3500594272702112
vn -0.622327877325336 -0.7001188545404222 0.3500594272702112
vn -0.622327877325336 -0.7001188545404222 0.3500594272702112
vn -0.6666666666666666 -0.6666666666666666 0.3333333333333334
vn -0.6666666666666666 -0.6666666666666666 0.3333333333333334
vn -0.6666666666666666 -0.6666666666666666 0.3333333333333334
vn -0.6666666666666666 -0.6666666666666666 0.3333333333333334
vn -0.6666666666666666 -0.6666666666666666 0.3333333333333334
vn -0.6666666666666666 -0.6666666666666666 0.3333333333333334
vn -0.6304883216593439 -0.7092993693173423 0.31524416082967205
vn -0.6304883216593439 -0.7092993693173423 0.31524416082967205
vn -0.6304883216593439 -0.7092993693173423 0.31524416082967205
vn 0.6304883216593439 -0.7092993693173423 0.31524416082967205
vn 0.6304883216593439 -0.7092993693173423 0.31524416082967205
vn 0.6304883216593439 -0.7092993693173423 0.31524416082967205
vn -0.6666666666666666 -0.6666666666666666 0.3333333333333334
vn -0.6666666666666666 -0.6666666666666666 0.3333333333333334
vn -0.6666666666666666 -0.6666666666666666 0.3333333333333334
vn -0.6666666666666666 -0.6666666666666666 0.3333333333333334
vn -0.6666666666666666 -0.6666666666666666 0.3333333333333334
vn -0.6666666666666666 -0.6666666666666666 0.3333333333333334
vn 0 -1.2246467991473532e-16 -1
vn 0 -1.2246467991473532e-16 -1
vn 0 -1.2246467991473532e-16 -1
vn 0.622327877325336 -0.7001188545404222 0.3500594272702112
vn 0.622327877325336 -0.7001188545404222 0.3500594272702112
vn 0.622327877325336 -0.7001188545404222 0.3500594272702112
vn -0.6666666666666666 -0.6666666666666666 0.3333333333333334
vn -0.6666666666666666 -0.6666666666666666 0.3333333333333334
vn -0.6666666666666666 -0.6666666666666666 0.3333333333333334
vn -0.6304883216593439 -0.7092993693173423 0.31524416082967205
vn -0.6304883216593439 -0.7092993693173423 0.31524416082967205
vn -0.6304883216593439 -0.7092993693173423 0.31524416082967205
vn 0.6666666666666666 -0.6666666666666666 0.3333333333333334
vn 0.6666666666666666 -0.6666666666666666 0.3333333333333334
vn 0.6666666666666666 -0.6666666666666666 0.3333333333333334
vn 0.6666666666666666 -0.6666666666666666 0.3333333333333334
vn 0.6666666666666666 -0.6666666666666666 0.3333333333333334
vn 0.6666666666666666 -0.6666666666666666 0.3333333333333334
vn 0.6666666666666666 -0.6666666666666666 0.3333333333333334
vn 0.6666666666666666 -0.6666666666666666 0.3333333333333334
vn 0.6666666666666666 -0.6666666666666666 0.3333333333333334
vn 0.6666666666666666 -0.6666666666666666 0.3333333333333334
vn 0.6666666666666666 -0.6666666666666666 0.3333333333333334
vn 0.6666666666666666 -0.6666666666666666 0.3333333333333334
vn 0.6666666666666666 -0.6666666666666666 0.3333333333333334
vn 0.6666666666666666 -0.6666666666666666 0.3333333333333334
vn 0.6666666666666666 -0.6666666666666666 0.3333333333333334
vn 0.6666666666666666 -0.6666666666666666 0.3333333333333334
vn 0.6666666666666666 -0.6666666666666666 0.3333333333333334
vn 0.6666666666666666 -0.6666666666666666 0.3333333333333334
vn 0 -1.2246467991473532e-16 -1
vn 0 -1.2246467991473532e-16 -1
vn 0 -1.2246467991473532e-16 -1
vn 0.6666666666666666 -0.6666666666666666 0.3333333333333334
vn 0.6666666666666666 -0.6666666666666666 0.3333333333333334
vn 0.6666666666666666 -0.6666666666666666 0.3333333333333334
vn 0.6666666666666666 -0.6666666666666666 0.3333333333333334
vn 0.6666666666666666 -0.6666666666666666 0.3333333333333334
vn 0.6666666666666666 -0.6666666666666666 0.3333333333333334
vn 0.6666666666666666 -0.6666666666666666 0.3333333333333334
vn 0.6666666666666666 -0.6666666666666666 0.3333333333333334
vn 0.6666666666666666 -0.6666666666666666 0.3333333333333334
vn 0.6304883216593439 -0.7092993693173423 0.31524416082967205
vn 0.6304883216593439 -0.7092993693173423 0.31524416082967205
vn 0.6304883216593439 -0.7092993693173423 0.31524416082967205
vn 0 1.2246467991473532e-16 1
vn 0 1.2246467991473532e-16 1
vn 0 1.2246467991473532e-16 1
vn 0.7043607121230566 -0.6163156529099965 0.3521803560615284
vn 0.7043607121230566 -0.6163156529099965 0.3521803560615284
vn 0.7043607121230566 -0.6163156529099965 0.3521803560615284
vn -0.6570412525964162 -0.6570412525964161 0.36958569340961334
vn -0.6570412525964162 -0.6570412525964161 0.36958569340961334
vn -0.6570412525964162 -0.6570412525964161 0.36958569340961334
vn -0.7043607121230566 -0.6163156529099965 0.3521803560615284
vn -0.7043607121230566 -0.6163156529099965 0.3521803560615284
vn -0.7043607121230566 -0.6163156529099965 0.3521803560615284
vn 0.6570412525964162 -0.6570412525964161 0.36958569340961334
vn 0.6570412525964162 -0.6570412525964161 0.36958569340961334
vn 0.6570412525964162 -0.6570412525964161 0.36958569340961334
vn 0 1.2246467991473532e-16 1
vn 0 1.2246467991473532e-16 1
vn 0 1.2246467991473532e-16 1
vn 0 1.2246467991473532e-16 1
vn 0 1.2246467991473532e-16 1
vn 0 1.2246467991473532e-16 1
vn 0.6666666666666666 -0.6666666666666666 0.3333333333333334
vn 0.6666666666666666 -0.6666666666666666 0.3333333333333334
vn 0.6666666666666666 -0.6666666666666666 0.3333333333333334
vn 0 -1.2246467991473532e-16 -1
vn 0 -1.2246467991473532e-16 -1
vn 0 -1.2246467991473532e-16 -1
vn 0 1.2246467991473532e-16 1
vn 0 1.2246467991473532e-16 1
vn 0 1.2246467991473532e-16 1
vn 0 1.2246467991473532e-16 1
vn 0 1.2246467991473532e-16 1
vn 0 1.2246467991473532e-16 1
vn 0 -1.2246467991473532e-16 -1
vn 0 -1.2246467991473532e-16 -1
vn 0 -1.2246467991473532e-16 -1
vn 0 -1.2246467991473532e-16 -1
vn 0 -1.2246467991473532e-16 -1
vn 0 -1.2246467991473532e-16 -1
vn 0 -1.2246467991473532e-16 -1
vn 0 -1.2246467991473532e-16 -1
vn 0 -1.2246467991473532e-16 -1
vn 0 -1.2246467991473532e-16 -1
vn 0 -1.2246467991473532e-16 -1
vn 0 -1.2246467991473532e-16 -1
vn 0 -1.2246467991473532e-16 -1
vn 0 -1.2246467991473532e-16 -1
vn 0 -1.2246467991473532e-16 -1
vn 0.6666666666666666 -0.6666666666666666 0.3333333333333334
vn 0.6666666666666666 -0.6666666666666666 0.3333333333333334
vn 0.6666666666666666 -0.6666666666666666 0.3333333333333334
vn 0.6666666666666666 -0.6666666666666666 0.3333333333333334
vn -0.6666666666666666 -0.6666666666666666 0.3333333333333334
vn -0.6666666666666666 -0.6666666666666666 0.3333333333333334
vn -0.6666666666666666 -0.6666666666666666 0.3333333333333334
vn -0.6666666666666666 -0.6666666666666666 0.3333333333333334
vn 0 1.2246467991473532e-16 1
vn 0 1.2246467991473532e-16 1
vn 0 1.2246467991473532e-16 1
vn 0 1.2246467991473532e-16 1
vn -0.6666666666666666 -0.6666666666666666 0.3333333333333334
vn -0.6666666666666666 -0.6666666666666666 0.3333333333333334
vn -0.6666666666666666 -0.6666666666666666 0.3333333333333334
vn -0.6666666666666666 -0.6666666666666666 0.3333333333333334
vn 0.6666666666666666 -0.6666666666666666 0.3333333333333334
vn 0.6666666666666666 -0.6666666666666666 0.3333333333333334
vn 0.6666666666666666 -0.6666666666666666 0.3333333333333334
vn 0.6666666666666666 -0.6666666666666666 0.3333333333333334
vn 0.6666666666666666 -0.6666666666666666 0.3333333333333334
vn 0.6666666666666666 -0.6666666666666666 0.3333333333333334
vn 0.6666666666666666 -0.6666666666666666 0.3333333333333334
vn 0.6666666666666666 -0.6666666666666666 0.3333333333333334
vn -0.6666666666666666 -0.6666666666666666 0.3333333333333334
vn -0.6666666666666666 -0.6666666666666666 0.3333333333333334
vn -0.6666666666666666 -0.6666666666666666 0.3333333333333334
vn -0.6666666666666666 -0.6666666666666666 0.3333333333333334
vn -0.7071067811865475 -0.7071067811865475 8.659560562354932e-17
vn -0.7071067811865475 -0.7071067811865475 8.659560562354932e-17
vn -0.7071067811865475 -0.7071067811865475 8.659560562354932e-17
vn -0.7071067811865475 -0.7071067811865475 8.659560562354932e-17
vn -0.6666666666666666 -0.6666666666666666 0.3333333333333334
vn -0.6666666666666666 -0.6666666666666666 0.3333333333333334
vn -0.6666666666666666 -0.6666666666666666 0.3333333333333334
vn -0.6666666666666666 -0.6666666666666666 0.3333333333333334
vn -0.6666666666666666 -0.6666666666666666 0.3333333333333334
vn -0.6666666666666666 -0.6666666666666666 0.3333333333333334
vn -0.6666666666666666 -0.6666666666666666 0.3333333333333334
vn -0.6666666666666666 -0.6666666666666666 0.3333333333333334
vn -0.6666666666666666 -0.6666666666666666 0.3333333333333334
vn -0.6666666666666666 -0.6666666666666666 0.3333333333333334
vn -0.6666666666666666 -0.6666666666666666 0.3333333333333334
vn -0.6666666666666666 -0.6666666666666666 0.3333333333333334
vn 0.6666666666666666 -0.6666666666666666 0.3333333333333334
vn 0.6666666666666666 -0.6666666666666666 0.3333333333333334
vn 0.6666666666666666 -0.6666666666666666 0.3333333333333334
vn 0.6666666666666666 -0.6666666666666666 0.3333333333333334
vn -0.6666666666666666 -0.6666666666666666 0.3333333333333334
vn -0.6666666666666666 -0.6666666666666666 0.3333333333333334
vn -0.6666666666666666 -0.6666666666666666 0.3333333333333334
vn -0.6666666666666666 -0.6666666666666666 0.3333333333333334
vn 0.6666666666666666 -0.6666666666666666 0.3333333333333334
vn 0.6666666666666666 -0.6666666666666666 0.3333333333333334
vn 0.6666666666666666 -0.6666666666666666 0.3333333333333334
vn 0.6666666666666666 -0.6666666666666666 0.3333333333333334
vn -0.9922778767136676 -0.12403473458920845 1.5189874069776562e-17
vn -0.9922778767136676 -0.12403473458920845 1.5189874069776562e-17
vn -0.9922778767136676 -0.12403473458920845 1.5189874069776562e-17
vn -0.9922778767136676 -0.12403473458920845 1.5189874069776562e-17
vn 0 1.2246467991473532e-16 1
vn 0 1.2246467991473532e-16 1
vn 0 1.2246467991473532e-16 1
vn 0 1.2246467991473532e-16 1
vn 0.6666666666666666 -0.6666666666666666 0.3333333333333334
vn 0.6666666666666666 -0.6666666666666666 0.3333333333333334
vn 0.6666666666666666 -0.6666666666666666 0.3333333333333334
vn 0.6666666666666666 -0.6666666666666666 0.3333333333333334
vn -0.9922778767136676 -0.12403473458920845 1.5189874069776562e-17
vn -0.9922778767136676 -0.12403473458920845 1.5189874069776562e-17
vn -0.9922778767136676 -0.12403473458920845 1.5189874069776562e-17
vn -0.9922778767136676 -0.12403473458920845 1.5189874069776562e-17
vn 0 1.2246467991473532e-16 1
vn 0 1.2246467991473532e-16 1
vn 0 1.2246467991473532e-16 1
vn 0 1.2246467991473532e-16 1
vn 0.9922778767136676 -0.12403473458920845 1.5189874069776562e-17
vn 0.9922778767136676 -0.12403473458920845 1.5189874069776562e-17
vn 0.9922778767136676 -0.12403473458920845 1.5189874069776562e-17
vn 0.9922778767136676 -0.12403473458920845 1.5189874069776562e-17
vn 0 1.2246467991473532e-16 1
vn 0 1.2246467991473532e-16 1
vn 0 1.2246467991473532e-16 1
vn 0 1.2246467991473532e-16 1
vn 0.7071067811865475 -0.7071067811865475 8.659560562354932e-17
vn 0.7071067811865475 -0.7071067811865475 8.659560562354932e-17
vn 0.7071067811865475 -0.7071067811865475 8.659560562354932e-17
vn 0.7071067811865475 -0.7071067811865475 8.659560562354932e-17
vn 0 1.2246467991473532e-16 1
vn 0 1.2246467991473532e-16 1
vn 0 1.2246467991473532e-16 1
vn 0 1.2246467991473532e-16 1
vn 0.6666666666666666 -0.6666666666666666 0.3333333333333334
vn 0.6666666666666666 -0.6666666666666666 0.3333333333333334
vn 0.6666666666666666 -0.6666666666666666 0.3333333333333334
vn 0.6666666666666666 -0.6666666666666666 0.3333333333333334
vn 0.9922778767136676 -0.12403473458920845 1.5189874069776562e-17
vn 0.9922778767136676 -0.12403473458920845 1.5189874069776562e-17
vn 0.9922778767136676 -0.12403473458920845 1.5189874069776562e-17
vn 0.9922778767136676 -0.12403473458920845 1.5189874069776562e-17
vn 0 -1.2246467991473532e-16 -1
vn 0 -1.2246467991473532e-16 -1
vn 0 -1.2246467991473532e-16 -1
vn 0 -1.2246467991473532e-16 -1
vn 0 1.2246467991473532e-16 1
vn 0 1.2246467991473532e-16 1
vn 0 1.2246467991473532e-16 1
vn 0 1.2246467991473532e-16 1
vn 0 1.2246467991473532e-16 1
vn 0 1.2246467991473532e-16 1
vn 0 1.2246467991473532e-16 1
vn 0 1.2246467991473532e-16 1
vn 0 -1.2246467991473532e-16 -1
vn 0 -1.2246467991473532e-16 -1
vn 0 -1.2246467991473532e-16 -1
vn 0 -1.2246467991473532e-16 -1
vn 0 -0.8944271909999157 0.447213595499958
vn 0 -0.8944271909999157 0.447213595499958
vn 0 -0.8944271909999157 0.447213595499958
vn 0 -0.8944271909999157 0.447213595499958
vn 0 -0.8944271909999157 0.447213595499958
vn 0 -0.8944271909999157 0.447213595499958
vn 0 -0.8944271909999157 0.447213595499958
vn 0 -0.8944271909999157 0.447213595499958
vn 0 -0.8944271909999157 0.447213595499958
vn 0 -0.8944271909999157 0.447213595499958
vn 0 -0.8944271909999157 0.447213595499958
vn 0 -0.8944271909999157 0.447213595499958
vn 0 -0.8944271909999157 0.447213595499958
vn 0 -0.8944271909999157 0.447213595499958
vn 0 -0.8944271909999157 0.447213595499958
vn 0 -0.8944271909999157 0.447213595499958
vn 0 -0.8944271909999157 0.447213595499958
vn 0 -0.8944271909999157 0.447213595499958
vn 0 -0.8944271909999157 0.447213595499958
vn 0 -0.8944271909999157 0.447213595499958
vn 0 -1 1.2246467991473532e-16
vn 0 -1 1.2246467991473532e-16
vn 0 -1 1.2246467991473532e-16
vn 0 -1 1.2246467991473532e-16
vn 0 1.2246467991473532e-16 1
vn 0 1.2246467991473532e-16 1
vn 0 1.2246467991473532e-16 1
vn 0 1.2246467991473532e-16 1
vn 0 -1.2246467991473532e-16 -1
vn 0 -1.2246467991473532e-16 -1
vn 0 -1.2246467991473532e-16 -1
vn 0 -1.2246467991473532e-16 -1
vn 0 1.2246467991473532e-16 1
vn 0 1.2246467991473532e-16 1
vn 0 1.2246467991473532e-16 1
vn 0 1.2246467991473532e-16 1
f 1928/1928/1928 1927/1927/1927 1926/1926/1926
f 1931/1931/1931 1930/1930/1930 1929/1929/1929
f 1934/1934/1934 1933/1933/1933 1932/1932/1932
f 1937/1937/1937 1936/1936/1936 1935/1935/1935
f 1940/1940/1940 1939/1939/1939 1938/1938/1938
f 1943/1943/1943 1942/1942/1942 1941/1941/1941
f 1946/1946/1946 1945/1945/1945 1944/1944/1944
f 1949/1949/1949 1948/1948/1948 1947/1947/1947
f 1952/1952/1952 1951/1951/1951 1950/1950/1950
f 1955/1955/1955 1954/1954/1954 1953/1953/1953
f 1958/1958/1958 1957/1957/1957 1956/1956/1956
f 1961/1961/1961 1960/1960/1960 1959/1959/1959
f 1964/1964/1964 1963/1963/1963 1962/1962/1962
f 1967/1967/1967 1966/1966/1966 1965/1965/1965
f 1970/1970/1970 1969/1969/1969 1968/1968/1968
f 1973/1973/1973 1972/1972/1972 1971/1971/1971
f 1976/1976/1976 1975/1975/1975 1974/1974/1974
f 1979/1979/1979 1978/1978/1978 1977/1977/1977
f 1982/1982/1982 1981/1981/1981 1980/1980/1980
f 1985/1985/1985 1984/1984/1984 1983/1983/1983
f 1988/1988/1988 1987/1987/1987 1986/1986/1986
f 1991/1991/1991 1990/1990/1990 1989/1989/1989
f 1994/1994/1994 1993/1993/1993 1992/1992/1992
f 1997/1997/1997 1996/1996/1996 1995/1995/1995
f 2000/2000/2000 1999/1999/1999 1998/1998/1998
f 2003/2003/2003 2002/2002/2002 2001/2001/2001
f 2006/2006/2006 2005/2005/2005 2004/2004/2004
f 2009/2009/2009 2008/2008/2008 2007/2007/2007
f 2012/2012/2012 2011/2011/2011 2010/2010/2010
f 2015/2015/2015 2014/2014/2014 2013/2013/2013
f 2018/2018/2018 2017/2017/2017 2016/2016/2016
f 2021/2021/2021 2020/2020/2020 2019/2019/2019
f 2024/2024/2024 2023/2023/2023 2022/2022/2022
f 2027/2027/2027 2026/2026/2026 2025/2025/2025
f 2030/2030/2030 2029/2029/2029 2028/2028/2028
f 2033/2033/2033 2032/2032/2032 2031/2031/2031
f 2036/2036/2036 2035/2035/2035 2034/2034/2034
f 2039/2039/2039 2038/2038/2038 2037/2037/2037
f 2042/2042/2042 2041/2041/2041 2040/2040/2040
f 2045/2045/2045 2044/2044/2044 2043/2043/2043
f 2048/2048/2048 2047/2047/2047 2046/2046/2046
f 2051/2051/2051 2050/2050/2050 2049/2049/2049
f 2054/2054/2054 2053/2053/2053 2052/2052/2052
f 2053/2053/2053 2054/2054/2054 2055/2055/2055
f 2058/2058/2058 2057/2057/2057 2056/2056/2056
f 2057/2057/2057 2058/2058/2058 2059/2059/2059
f 2062/2062/2062 2061/2061/2061 2060/2060/2060
f 2061/2061/2061 2062/2062/2062 2063/2063/2063
f 2066/2066/2066 2065/2065/2065 2064/2064/2064
f 2065/2065/2065 2066/2066/2066 2067/2067/2067
f 2070/2070/2070 2069/2069/2069 2068/2068/2068
f 2069/2069/2069 2070/2070/2070 2071/2071/2071
f 2074/2074/2074 2073/2073/2073 2072/2072/2072
f 2073/2073/2073 2074/2074/2074 2075/2075/2075
f 2078/2078/2078 2077/2077/2077 2076/2076/2076
f 2077/2077/2077 2078/2078/2078 2079/2079/2079
f 2082/2082/2082 2081/2081/2081 2080/2080/2080
f 2081/2081/2081 2082/2082/2082 2083/2083/2083
f 2086/2086/2086 2085/2085/2085 2084/2084/2084
f 2085/2085/2085 2086/2086/2086 2087/2087/2087
f 2090/2090/2090 2089/2089/2089 2088/2088/2088
f 2089/2089/2089 2090/2090/2090 2091/2091/2091
f 2094/2094/2094 2093/2093/2093 2092/2092/2092
f 2093/2093/2093 2094/2094/2094 2095/2095/2095
f 2098/2098/2098 2097/2097/2097 2096/2096/2096
f 2097/2097/2097 2098/2098/2098 2099/2099/2099
f 2102/2102/2102 2101/2101/2101 2100/2100/2100
f 2101/2101/2101 2102/2102/2102 2103/2103/2103
f 2106/2106/2106 2105/2105/2105 2104/2104/2104
f 2105/2105/2105 2106/2106/2106 2107/2107/2107
f 2110/2110/2110 2109/2109/2109 2108/2108/2108
f 2109/2109/2109 2110/2110/2110 2111/2111/2111
f 2114/2114/2114 2113/2113/2113 2112/2112/2112
f 2113/2113/2113 2114/2114/2114 2115/2115/2115
f 2118/2118/2118 2117/2117/2117 2116/2116/2116
f 2117/2117/2117 2118/2118/2118 2119/2119/2119
f 2122/2122/2122 2121/2121/2121 2120/2120/2120
f 2121/2121/2121 2122/2122/2122 2123/2123/2123
f 2126/2126/2126 2125/2125/2125 2124/2124/2124
f 2125/2125/2125 2126/2126/2126 2127/2127/2127
f 2130/2130/2130 2129/2129/2129 2128/2128/2128
f 2129/2129/2129 2130/2130/2130 2131/2131/2131
f 2134/2134/2134 2133/2133/2133 2132/2132/2132
f 2133/2133/2133 2134/2134/2134 2135/2135/2135
f 2138/2138/2138 2137/2137/2137 2136/2136/2136
f 2137/2137/2137 2138/2138/2138 2139/2139/2139
f 2142/2142/2142 2141/2141/2141 2140/2140/2140
f 2141/2141/2141 2142/2142/2142 2143/2143/2143
f 2146/2146/2146 2145/2145/2145 2144/2144/2144
f 2145/2145/2145 2146/2146/2146 2147/2147/2147
f 2150/2150/2150 2149/2149/2149 2148/2148/2148
f 2149/2149/2149 2150/2150/2150 2151/2151/2151
f 2154/2154/2154 2153/2153/2153 2152/2152/2152
f 2153/2153/2153 2154/2154/2154 2155/2155/2155
f 2158/2158/2158 2157/2157/2157 2156/2156/2156
f 2157/2157/2157 2158/2158/2158 2159/2159/2159
f 2162/2162/2162 2161/2161/2161 2160/2160/2160
f 2161/2161/2161 2162/2162/2162 2163/2163/2163
f 2166/2166/2166 2165/2165/2165 2164/2164/2164
f 2165/2165/2165 2166/2166/2166 2167/2167/2167
f 2170/2170/2170 2169/2169/2169 2168/2168/2168
f 2169/2169/2169 2170/2170/2170 2171/2171/2171
f 2174/2174/2174 2173/2173/2173 2172/2172/2172
f 2173/2173/2173 2174/2174/2174 2175/2175/2175
f 2178/2178/2178 2177/2177/2177 2176/2176/2176
f 2177/2177/2177 2178/2178/2178 2179/2179/2179
f 2182/2182/2182 2181/2181/2181 2180/2180/2180
f 2181/2181/2181 2182/2182/2182 2183/2183/2183
f 2186/2186/2186 2185/2185/2185 2184/2184/2184
f 2185/2185/2185 2186/2186/2186 2187/2187/2187
f 2190/2190/2190 2189/2189/2189 2188/2188/2188
f 2189/2189/2189 2190/2190/2190 2191/2191/2191
f 2194/2194/2194 2193/2193/2193 2192/2192/2192
f 2193/2193/2193 2194/2194/2194 2195/2195/2195
f 2198/2198/2198 2197/2197/2197 2196/2196/2196
f 2197/2197/2197 2198/2198/2198 2199/2199/2199
f 2202/2202/2202 2201/2201/2201 2200/2200/2200
f 2201/2201/2201 2202/2202/2202 2203/2203/2203
f 2206/2206/2206 2205/2205/2205 2204/2204/2204
f 2205/2205/2205 2206/2206/2206 2207/2207/2207
f 2210/2210/2210 2209/2209/2209 2208/2208/2208
f 2209/2209/2209 2210/2210/2210 2211/2211/2211
f 2214/2214/2214 2213/2213/2213 2212/2212/2212
f 2213/2213/2213 2214/2214/2214 2215/2215/2215
o mesh_23
usemtl mat9
v 12.8 140.79999999999998 -128.00000000000003
v 12.8 166.39999999999998 -140.80000000000004
v 12.8 134.39999999999998 -140.80000000000004
v 12.8 127.99999999999999 -153.60000000000005
v 12.8 153.6 -166.40000000000003
v 12.8 121.6 -166.40000000000003
v 12.8 166.4 -76.80000000000003
v 12.8 192 -89.60000000000004
v 12.8 160 -89.60000000000002
v 12.8 153.60000000000002 -102.40000000000002
v 12.8 179.20000000000002 -115.20000000000003
v 12.8 147.20000000000002 -115.20000000000002
v 51.2 127.99999999999999 -153.60000000000005
v 51.2 121.6 -166.40000000000003
v 51.2 153.6 -166.40000000000003
v 12.8 179.20000000000002 -51.200000000000024
v 12.8 204.8 -64.00000000000003
v 12.8 172.8 -64.00000000000001
v 51.2 147.20000000000002 -115.20000000000002
v 51.2 179.20000000000002 -115.20000000000003
v 51.2 153.60000000000002 -102.40000000000002
v 51.2 172.8 -64.00000000000001
v 51.2 204.8 -64.00000000000003
v 51.2 179.20000000000002 -51.200000000000024
v 51.2 134.39999999999998 -140.80000000000004
v 51.2 166.39999999999998 -140.80000000000004
v 51.2 140.79999999999998 -128.00000000000003
v 51.2 160 -89.60000000000002
v 51.2 192 -89.60000000000004
v 51.2 166.4 -76.80000000000003
v 12.8 127.99999999999999 -89.60000000000002
v 12.8 134.4 -76.80000000000003
v 12.8 160 -89.60000000000002
v 12.8 166.4 -76.80000000000003
v 12.8 140.8 -64.00000000000001
v 12.8 147.20000000000002 -51.200000000000024
v 12.8 172.8 -64.00000000000001
v 12.8 179.20000000000002 -51.200000000000024
v 51.2 160 -89.60000000000002
v 51.2 166.4 -76.80000000000003
v 51.2 127.99999999999999 -89.60000000000002
v 51.2 134.4 -76.80000000000003
v 51.2 179.20000000000002 -51.200000000000024
v 51.2 147.20000000000002 -51.200000000000024
v 51.2 172.8 -64.00000000000001
v 51.2 140.8 -64.00000000000001
v 12.8 127.99999999999999 -89.60000000000002
v 12.8 160 -89.60000000000002
v 12.8 121.6 -102.40000000000002
v 12.8 153.60000000000002 -102.40000000000002
v 51.2 127.99999999999999 -89.60000000000002
v 51.2 121.6 -102.40000000000002
v 51.2 160 -89.60000000000002
v 51.2 153.60000000000002 -102.40000000000002
v 12.8 179.20000000000002 -51.200000000000024
v 12.8 147.20000000000002 -51.200000000000024
v 12.8 179.20000000000002 -38.40000000000003
v 12.8 153.60000000000002 -38.40000000000003
v 12.8 179.20000000000002 -25.600000000000023
v 12.8 179.20000000000002 -38.40000000000003
v 12.8 153.60000000000002 -25.60000000000002
v 12.8 153.60000000000002 -38.40000000000003
v 51.2 121.6 -166.40000000000003
v 51.2 127.99999999999999 -153.60000000000005
v 51.2 89.6 -166.4
v 51.2 95.99999999999999 -153.60000000000002
v 51.2 95.99999999999999 -153.60000000000002
v 51.2 127.99999999999999 -153.60000000000005
v 51.2 102.39999999999999 -140.8
v 51.2 134.39999999999998 -140.80000000000004
v 51.2 140.79999999999998 -128.00000000000003
v 51.2 147.20000000000002 -115.20000000000002
v 51.2 108.8 -128
v 51.2 115.19999999999999 -115.20000000000002
v 12.8 147.20000000000002 -115.20000000000002
v 12.8 115.19999999999999 -115.20000000000002
v 12.8 153.60000000000002 -102.40000000000002
v 12.8 121.6 -102.40000000000002
v 12.8 127.99999999999999 -153.60000000000005
v 12.8 121.6 -166.40000000000003
v 12.8 95.99999999999999 -153.60000000000002
v 12.8 89.6 -166.4
v 12.8 134.39999999999998 -140.80000000000004
v 12.8 166.39999999999998 -140.80000000000004
v 12.8 127.99999999999999 -153.60000000000005
v 12.8 153.6 -166.40000000000003
v 12.8 147.20000000000002 -115.20000000000002
v 12.8 179.20000000000002 -115.20000000000003
v 12.8 140.79999999999998 -128.00000000000003
v 12.8 166.39999999999998 -140.80000000000004
v 12.8 160 -89.60000000000002
v 12.8 192 -89.60000000000004
v 12.8 153.60000000000002 -102.40000000000002
v 12.8 179.20000000000002 -115.20000000000003
v 12.8 172.8 -64.00000000000001
v 12.8 204.8 -64.00000000000003
v 12.8 166.4 -76.80000000000003
v 12.8 192 -89.60000000000004
v 12.8 179.20000000000002 -38.40000000000003
v 12.8 217.60000000000002 -38.400000000000034
v 12.8 179.20000000000002 -51.200000000000024
v 12.8 204.8 -64.00000000000003
v 51.2 179.20000000000002 -51.200000000000024
v 51.2 204.8 -64.00000000000003
v 51.2 179.20000000000002 -38.40000000000003
v 51.2 217.60000000000002 -38.400000000000034
v 51.2 127.99999999999999 -153.60000000000005
v 51.2 153.6 -166.40000000000003
v 51.2 134.39999999999998 -140.80000000000004
v 51.2 166.39999999999998 -140.80000000000004
v 12.8 102.39999999999999 -140.8
v 12.8 134.39999999999998 -140.80000000000004
v 12.8 95.99999999999999 -153.60000000000002
v 12.8 127.99999999999999 -153.60000000000005
v 12.8 134.4 -76.80000000000003
v 12.8 140.8 -64.00000000000001
v 12.8 166.4 -76.80000000000003
v 12.8 172.8 -64.00000000000001
v 51.2 166.4 -76.80000000000003
v 51.2 172.8 -64.00000000000001
v 51.2 134.4 -76.80000000000003
v 51.2 140.8 -64.00000000000001
v 51.2 179.20000000000002 -38.40000000000003
v 51.2 153.60000000000002 -38.40000000000003
v 51.2 179.20000000000002 -51.200000000000024
v 51.2 147.20000000000002 -51.200000000000024
v 51.2 179.20000000000002 -38.40000000000003
v 51.2 179.20000000000002 -25.600000000000023
v 51.2 153.60000000000002 -38.40000000000003
v 51.2 153.60000000000002 -25.60000000000002
v 12.8 108.8 -128
v 12.8 115.19999999999999 -115.20000000000002
v 12.8 140.79999999999998 -128.00000000000003
v 12.8 147.20000000000002 -115.20000000000002
v 12.8 217.60000000000002 -25.60000000000003
v 12.8 217.60000000000002 -38.400000000000034
v 12.8 179.20000000000002 -25.600000000000023
v 12.8 179.20000000000002 -38.40000000000003
v 51.2 140.79999999999998 -128.00000000000003
v 51.2 166.39999999999998 -140.80000000000004
v 51.2 147.20000000000002 -115.20000000000002
v 51.2 179.20000000000002 -115.20000000000003
v 51.2 153.60000000000002 -102.40000000000002
v 51.2 179.20000000000002 -115.20000000000003
v 51.2 160 -89.60000000000002
v 51.2 192 -89.60000000000004
v 51.2 166.4 -76.80000000000003
v 51.2 192 -89.60000000000004
v 51.2 172.8 -64.00000000000001
v 51.2 204.8 -64.00000000000003
v 51.2 217.60000000000002 -38.400000000000034
v 51.2 217.60000000000002 -25.60000000000003
v 51.2 179.20000000000002 -38.40000000000003
v 51.2 179.20000000000002 -25.600000000000023
v 12.8 134.39999999999998 -140.80000000000004
v 12.8 102.39999999999999 -140.8
v 12.8 140.79999999999998 -128.00000000000003
v 12.8 108.8 -128
v 51.2 153.60000000000002 -102.40000000000002
v 51.2 121.6 -102.40000000000002
v 51.2 147.20000000000002 -115.20000000000002
v 51.2 115.19999999999999 -115.20000000000002
v 51.2 140.79999999999998 -128.00000000000003
v 51.2 108.8 -128
v 51.2 134.39999999999998 -140.80000000000004
v 51.2 102.39999999999999 -140.8
vt 0.875 0.3671875
vt 0.75 0.1171875
vt 0.75 0.4296875
vt 0.875 0.3671875
vt 0.75 0.1171875
vt 0.75 0.4296875
vt 0.875 0.3671875
vt 0.75 0.125
vt 0.75 0.4296875
vt 0.875 0.3671875
vt 0.75 0.1171875
vt 0.75 0.4296875
vt 0.8671875 0.3671875
vt 0.75 0.4296875
vt 0.75 0.1171875
vt 0.875 0.3671875
vt 0.75 0.1171875
vt 0.75 0.4296875
vt 0.75 0.4296875
vt 0.75 0.1171875
vt 0.8671875 0.3671875
vt 0.75 0.4296875
vt 0.75 0.1171875
vt 0.8671875 0.3671875
vt 0.75 0.4296875
vt 0.75 0.1171875
vt 0.8671875 0.3671875
vt 0.75 0.4296875
vt 0.75 0.125
vt 0.8671875 0.3671875
vt 0.75 0.7421875
vt 0.875 0.6796875
vt 0.75 0.4296875
vt 0.875 0.3671875
vt 0.75 0.7421875
vt 0.875 0.6796875
vt 0.75 0.4296875
vt 0.875 0.3671875
vt 0.75 0.4296875
vt 0.8671875 0.3671875
vt 0.75 0.7421875
vt 0.8671875 0.6796875
vt 0.8671875 0.3671875
vt 0.8671875 0.6796875
vt 0.75 0.4296875
vt 0.75 0.7421875
vt 0.9921875 0.6171875
vt 0.9921875 0.3046875
vt 0.875 0.6796875
vt 0.875 0.3671875
vt 0.9921875 0.6171875
vt 0.8671875 0.6796875
vt 0.9921875 0.3046875
vt 0.8671875 0.3671875
vt 0.875 0.3671875
vt 0.875 0.6796875
vt 0.9921875 0.3671875
vt 0.9921875 0.6171875
vt 0.875 0.3671875
vt 0.9921875 0.3671875
vt 0.875 0.6171875
vt 0.9921875 0.6171875
vt 0.75 0.4296875
vt 0.8671875 0.3671875
vt 0.75 0.7421875
vt 0.8671875 0.6796875
vt 0.8671875 0.6796875
vt 0.8671875 0.3671875
vt 0.9921875 0.6171875
vt 0.9921875 0.3046875
vt 0.8671875 0.3671875
vt 0.9921875 0.3046875
vt 0.8671875 0.6796875
vt 0.9921875 0.6171875
vt 0.75 0.4296875
vt 0.75 0.7421875
vt 0.875 0.3671875
vt 0.875 0.6796875
vt 0.875 0.3671875
vt 0.75 0.4296875
vt 0.875 0.6796875
vt 0.75 0.7421875
vt 0.9921875 0.3046875
vt 0.9921875 0
vt 0.875 0.3671875
vt 0.75 0.1171875
vt 0.9921875 0.3046875
vt 0.9921875 0
vt 0.875 0.3671875
vt 0.75 0.1171875
vt 0.9921875 0.3046875
vt 0.9921875 0
vt 0.875 0.3671875
vt 0.75 0.1171875
vt 0.9921875 0.3125
vt 0.9921875 0
vt 0.875 0.3671875
vt 0.75 0.125
vt 0.9921875 0.3671875
vt 0.9921875 0
vt 0.875 0.3671875
vt 0.75 0.1171875
vt 0.8671875 0.3671875
vt 0.75 0.1171875
vt 0.9921875 0.3671875
vt 0.9921875 0
vt 0.8671875 0.3671875
vt 0.75 0.1171875
vt 0.9921875 0.3046875
vt 0.9921875 0
vt 0.9921875 0.6171875
vt 0.9921875 0.3046875
vt 0.875 0.6796875
vt 0.875 0.3671875
vt 0.875 0.6796875
vt 0.9921875 0.6171875
vt 0.875 0.3671875
vt 0.9921875 0.3125
vt 0.8671875 0.3671875
vt 0.9921875 0.3125
vt 0.8671875 0.6796875
vt 0.9921875 0.6171875
vt 0.9921875 0.3671875
vt 0.9921875 0.6171875
vt 0.8671875 0.3671875
vt 0.8671875 0.6796875
vt 0.75 0.3671875
vt 0.8671875 0.3671875
vt 0.75 0.6171875
vt 0.8671875 0.6171875
vt 0.875 0.6796875
vt 0.9921875 0.6171875
vt 0.875 0.3671875
vt 0.9921875 0.3046875
vt 0.875 0
vt 0.9921875 0
vt 0.875 0.3671875
vt 0.9921875 0.3671875
vt 0.8671875 0.3671875
vt 0.75 0.1171875
vt 0.9921875 0.3046875
vt 0.9921875 0
vt 0.8671875 0.3671875
vt 0.75 0.1171875
vt 0.9921875 0.3046875
vt 0.9921875 0
vt 0.8671875 0.3671875
vt 0.75 0.125
vt 0.9921875 0.3125
vt 0.9921875 0
vt 0.75 0
vt 0.8671875 0
vt 0.75 0.3671875
vt 0.8671875 0.3671875
vt 0.75 0.4296875
vt 0.75 0.7421875
vt 0.875 0.3671875
vt 0.875 0.6796875
vt 0.8671875 0.3671875
vt 0.8671875 0.6796875
vt 0.75 0.4296875
vt 0.75 0.7421875
vt 0.8671875 0.3671875
vt 0.8671875 0.6796875
vt 0.75 0.4296875
vt 0.75 0.7421875
vn 1 0 0
vn 1 0 0
vn 1 0 0
vn 1 0 0
vn 1 0 0
vn 1 0 0
vn 1 0 0
vn 1 0 0
vn 1 0 0
vn 1 0 0
vn 1 0 0
vn 1 0 0
vn -1 0 0
vn -1 0 0
vn -1 0 0
vn 1 0 0
vn 1 0 0
vn 1 0 0
vn -1 0 0
vn -1 0 0
vn -1 0 0
vn -1 0 0
vn -1 0 0
vn -1 0 0
vn -1 0 0
vn -1 0 0
vn -1 0 0
vn -1 0 0
vn -1 0 0
vn -1 0 0
vn 1 0 0
vn 1 0 0
vn 1 0 0
vn 1 0 0
vn 1 0 0
vn 1 0 0
vn 1 0 0
vn 1 0 0
vn -1 0 0
vn -1 0 0
vn -1 0 0
vn -1 0 0
vn -1 0 0
vn -1 0 0
vn -1 0 0
vn -1 0 0
vn 1 0 0
vn 1 0 0
vn 1 0 0
vn 1 0 0
vn -1 0 0
vn -1 0 0
vn -1 0 0
vn -1 0 0
vn 1 0 0
vn 1 0 0
vn 1 0 0
vn 1 0 0
vn 1 0 0
vn 1 0 0
vn 1 0 0
vn 1 0 0
vn -1 0 0
vn -1 0 0
vn -1 0 0
vn -1 0 0
vn -1 0 0
vn -1 0 0
vn -1 0 0
vn -1 0 0
vn -1 0 0
vn -1 0 0
vn -1 0 0
vn -1 0 0
vn 1 0 0
vn 1 0 0
vn 1 0 0
vn 1 0 0
vn 1 0 0
vn 1 0 0
vn 1 0 0
vn 1 0 0
vn 1 0 0
vn 1 0 0
vn 1 0 0
vn 1 0 0
vn 1 0 0
vn 1 0 0
vn 1 0 0
vn 1 0 0
vn 1 0 0
vn 1 0 0
vn 1 0 0
vn 1 0 0
vn 1 0 0
vn 1 0 0
vn 1 0 0
vn 1 0 0
vn 1 0 0
vn 1 0 0
vn 1 0 0
vn 1 0 0
vn -1 0 0
vn -1 0 0
vn -1 0 0
vn -1 0 0
vn -1 0 0
vn -1 0 0
vn -1 0 0
vn -1 0 0
vn 1 0 0
vn 1 0 0
vn 1 0 0
vn 1 0 0
vn 1 0 0
vn 1 0 0
vn 1 0 0
vn 1 0 0
vn -1 0 0
vn -1 0 0
vn -1 0 0
vn -1 0 0
vn -1 0 0
vn -1 0 0
vn -1 0 0
vn -1 0 0
vn -1 0 0
vn -1 0 0
vn -1 0 0
vn -1 0 0
vn 1 0 0
vn 1 0 0
vn 1 0 0
vn 1 0 0
vn 1 0 0
vn 1 0 0
vn 1 0 0
vn 1 0 0
vn -1 0 0
vn -1 0 0
vn -1 0 0
vn -1 0 0
vn -1 0 0
vn -1 0 0
vn -1 0 0
vn -1 0 0
vn -1 0 0
vn -1 0 0
vn -1 0 0
vn -1 0 0
vn -1 0 0
vn -1 0 0
vn -1 0 0
vn -1 0 0
vn 1 0 0
vn 1 0 0
vn 1 0 0
vn 1 0 0
vn -1 0 0
vn -1 0 0
vn -1 0 0
vn -1 0 0
vn -1 0 0
vn -1 0 0
vn -1 0 0
vn -1 0 0
f 2218/2218/2218 2217/2217/2217 2216/2216/2216
f 2221/2221/2221 2220/2220/2220 2219/2219/2219
f 2224/2224/2224 2223/2223/2223 2222/2222/2222
f 2227/2227/2227 2226/2226/2226 2225/2225/2225
f 2230/2230/2230 2229/2229/2229 2228/2228/2228
f 2233/2233/2233 2232/2232/2232 2231/2231/2231
f 2236/2236/2236 2235/2235/2235 2234/2234/2234
f 2239/2239/2239 2238/2238/2238 2237/2237/2237
f 2242/2242/2242 2241/2241/2241 2240/2240/2240
f 2245/2245/2245 2244/2244/2244 2243/2243/2243
f 2248/2248/2248 2247/2247/2247 2246/2246/2246
f 2247/2247/2247 2248/2248/2248 2249/2249/2249
f 2252/2252/2252 2251/2251/2251 2250/2250/2250
f 2251/2251/2251 2252/2252/2252 2253/2253/2253
f 2256/2256/2256 2255/2255/2255 2254/2254/2254
f 2255/2255/2255 2256/2256/2256 2257/2257/2257
f 2260/2260/2260 2259/2259/2259 2258/2258/2258
f 2259/2259/2259 2260/2260/2260 2261/2261/2261
f 2264/2264/2264 2263/2263/2263 2262/2262/2262
f 2263/2263/2263 2264/2264/2264 2265/2265/2265
f 2268/2268/2268 2267/2267/2267 2266/2266/2266
f 2267/2267/2267 2268/2268/2268 2269/2269/2269
f 2272/2272/2272 2271/2271/2271 2270/2270/2270
f 2271/2271/2271 2272/2272/2272 2273/2273/2273
f 2276/2276/2276 2275/2275/2275 2274/2274/2274
f 2275/2275/2275 2276/2276/2276 2277/2277/2277
f 2280/2280/2280 2279/2279/2279 2278/2278/2278
f 2279/2279/2279 2280/2280/2280 2281/2281/2281
f 2284/2284/2284 2283/2283/2283 2282/2282/2282
f 2283/2283/2283 2284/2284/2284 2285/2285/2285
f 2288/2288/2288 2287/2287/2287 2286/2286/2286
f 2287/2287/2287 2288/2288/2288 2289/2289/2289
f 2292/2292/2292 2291/2291/2291 2290/2290/2290
f 2291/2291/2291 2292/2292/2292 2293/2293/2293
f 2296/2296/2296 2295/2295/2295 2294/2294/2294
f 2295/2295/2295 2296/2296/2296 2297/2297/2297
f 2300/2300/2300 2299/2299/2299 2298/2298/2298
f 2299/2299/2299 2300/2300/2300 2301/2301/2301
f 2304/2304/2304 2303/2303/2303 2302/2302/2302
f 2303/2303/2303 2304/2304/2304 2305/2305/2305
f 2308/2308/2308 2307/2307/2307 2306/2306/2306
f 2307/2307/2307 2308/2308/2308 2309/2309/2309
f 2312/2312/2312 2311/2311/2311 2310/2310/2310
f 2311/2311/2311 2312/2312/2312 2313/2313/2313
f 2316/2316/2316 2315/2315/2315 2314/2314/2314
f 2315/2315/2315 2316/2316/2316 2317/2317/2317
f 2320/2320/2320 2319/2319/2319 2318/2318/2318
f 2319/2319/2319 2320/2320/2320 2321/2321/2321
f 2324/2324/2324 2323/2323/2323 2322/2322/2322
f 2323/2323/2323 2324/2324/2324 2325/2325/2325
f 2328/2328/2328 2327/2327/2327 2326/2326/2326
f 2327/2327/2327 2328/2328/2328 2329/2329/2329
f 2332/2332/2332 2331/2331/2331 2330/2330/2330
f 2331/2331/2331 2332/2332/2332 2333/2333/2333
f 2336/2336/2336 2335/2335/2335 2334/2334/2334
f 2335/2335/2335 2336/2336/2336 2337/2337/2337
f 2340/2340/2340 2339/2339/2339 2338/2338/2338
f 2339/2339/2339 2340/2340/2340 2341/2341/2341
f 2344/2344/2344 2343/2343/2343 2342/2342/2342
f 2343/2343/2343 2344/2344/2344 2345/2345/2345
f 2348/2348/2348 2347/2347/2347 2346/2346/2346
f 2347/2347/2347 2348/2348/2348 2349/2349/2349
f 2352/2352/2352 2351/2351/2351 2350/2350/2350
f 2351/2351/2351 2352/2352/2352 2353/2353/2353
f 2356/2356/2356 2355/2355/2355 2354/2354/2354
f 2355/2355/2355 2356/2356/2356 2357/2357/2357
f 2360/2360/2360 2359/2359/2359 2358/2358/2358
f 2359/2359/2359 2360/2360/2360 2361/2361/2361
f 2364/2364/2364 2363/2363/2363 2362/2362/2362
f 2363/2363/2363 2364/2364/2364 2365/2365/2365
f 2368/2368/2368 2367/2367/2367 2366/2366/2366
f 2367/2367/2367 2368/2368/2368 2369/2369/2369
f 2372/2372/2372 2371/2371/2371 2370/2370/2370
f 2371/2371/2371 2372/2372/2372 2373/2373/2373
f 2376/2376/2376 2375/2375/2375 2374/2374/2374
f 2375/2375/2375 2376/2376/2376 2377/2377/2377
f 2380/2380/2380 2379/2379/2379 2378/2378/2378
f 2379/2379/2379 2380/2380/2380 2381/2381/2381
o mesh_24
usemtl mat5
v 33.6 168.8 -22.400000000000023
v 33.6 162.4 -22.400000000000023
v 38.400000000000006 179.20000000000002 -25.600000000000023
v 38.400000000000006 153.60000000000002 -25.60000000000002
v 30.400000000000002 162.4 -22.400000000000023
v 30.400000000000002 168.8 -22.400000000000023
v 25.6 153.60000000000002 -25.60000000000002
v 25.6 179.20000000000002 -25.600000000000023
v 30.400000000000002 168.8 -22.400000000000023
v 33.6 168.8 -22.400000000000023
v 25.6 179.20000000000002 -25.600000000000023
v 38.400000000000006 179.20000000000002 -25.600000000000023
v 33.6 168.8 -22.400000000000023
v 30.400000000000002 168.8 -22.400000000000023
v 33.6 162.4 -22.400000000000023
v 30.400000000000002 162.4 -22.400000000000023
v 33.6 162.4 -22.400000000000023
v 30.400000000000002 162.4 -22.400000000000023
v 38.400000000000006 153.60000000000002 -25.60000000000002
v 25.6 153.60000000000002 -25.60000000000002
vt 0.734375 0.46875
vt 0.734375 0.53125
vt 0.6953125 0.3671875
vt 0.6953125 0.6171875
vt 0.7578125 0.53125
vt 0.7578125 0.46875
vt 0.796875 0.6171875
vt 0.796875 0.3671875
vt 0.7578125 0.46875
vt 0.734375 0.46875
vt 0.796875 0.3671875
vt 0.6953125 0.3671875
vt 0.8203125 0.3828125
vt 0.8203125 0.3828125
vt 0.8203125 0.3828125
vt 0.8203125 0.3828125
vt 0.734375 0.53125
vt 0.7578125 0.53125
vt 0.6953125 0.6171875
vt 0.796875 0.6171875
vn -0.5547001824703114 -1.018967740920397e-16 -0.8320503035077887
vn -0.5547001824703114 -1.018967740920397e-16 -0.8320503035077887
vn -0.5547001824703114 -1.018967740920397e-16 -0.8320503035077887
vn -0.5547001824703114 -1.018967740920397e-16 -0.8320503035077887
vn 0.5547001824703114 -1.018967740920397e-16 -0.8320503035077887
vn 0.5547001824703114 -1.018967740920397e-16 -0.8320503035077887
vn 0.5547001824703114 -1.018967740920397e-16 -0.8320503035077887
vn 0.5547001824703114 -1.018967740920397e-16 -0.8320503035077887
vn 0 -0.2940858572143921 -0.9557790061444519
vn 0 -0.2940858572143921 -0.9557790061444519
vn 0 -0.2940858572143921 -0.9557790061444519
vn 0 -0.2940858572143921 -0.9557790061444519
vn 0 -1.2246467991473532e-16 -1
vn 0 -1.2246467991473532e-16 -1
vn 0 -1.2246467991473532e-16 -1
vn 0 -1.2246467991473532e-16 -1
vn 0 0.34174305830092977 -0.9397934252287187
vn 0 0.34174305830092977 -0.9397934252287187
vn 0 0.34174305830092977 -0.9397934252287187
vn 0 0.34174305830092977 -0.9397934252287187
f 2384/2384/2384 2383/2383/2383 2382/2382/2382
f 2383/2383/2383 2384/2384/2384 2385/2385/2385
f 2388/2388/2388 2387/2387/2387 2386/2386/2386
f 2387/2387/2387 2388/2388/2388 2389/2389/2389
f 2392/2392/2392 2391/2391/2391 2390/2390/2390
f 2391/2391/2391 2392/2392/2392 2393/2393/2393
f 2396/2396/2396 2395/2395/2395 2394/2394/2394
f 2395/2395/2395 2396/2396/2396 2397/2397/2397
f 2400/2400/2400 2399/2399/2399 2398/2398/2398
f 2399/2399/2399 2400/2400/2400 2401/2401/2401
