# Noesis .obj export.
#
mtllib Quistis.mtl
g
v  460.416992 -30154.119141 -929.723816
v  -54.268402 -29072.123047 -332.812256
v  1.652608 -29932.982422 -620.312683
v  -274.303406 -28280.296875 265.464844
v  -197.257080 -29087.722656 -216.739365
v  1857.627075 -30275.677734 -469.089905
v  1766.807373 -29936.228516 -424.353424
v  2188.386475 -30028.640625 174.412964
v  2361.216553 -28525.617188 649.714111
v  1932.021362 -29199.687500 84.728798
v  18.463362 -29956.052734 -737.283325
v  -299.025391 -28854.990234 -29.214733
v  -58.953438 -29852.962891 -216.168350
v  -509.491638 -30057.894531 -300.137268
v  2101.371094 -29124.423828 848.258240
v  1881.971436 -28891.742188 42.624893
v  2186.723633 -28560.859375 1281.220459
v  1018.822388 -30414.445313 -430.374359
v  1032.788452 -30136.890625 -693.420715
v  1106.974487 -30355.349609 -313.468903
v  1106.974487 -30355.349609 -313.468903
v  1111.214478 -29929.271484 -505.301300
v  1256.601074 -30393.890625 -423.987946
v  736.765808 -30552.314453 -539.998840
v  1563.542358 -30117.304688 -540.522888
v  138.202957 -30608.044922 -27.028591
v  1643.458984 -30475.373047 -35.307190
v  1571.695557 -29971.455078 -263.930786
v  460.416992 -30154.119141 -929.723816
v  718.182434 -29929.507813 -555.328674
v  121.258583 -30610.349609 -480.276398
v  278.780060 -29939.585938 -463.307037
v  718.182434 -29929.507813 -555.328674
v  761.957397 -29039.644531 -540.710083
v  1111.214478 -29929.271484 -505.301300
v  2240.137939 -29632.375000 1055.264404
v  2426.700928 -28641.292969 1129.147095
v  -583.757446 -30299.099609 765.834045
v  -621.081787 -29491.406250 1170.758911
v  -657.143250 -30221.767578 629.143433
v  -284.412933 -28786.730469 137.449310
v  -58.953438 -29852.962891 -216.168350
v  -38.502037 -29034.539063 -334.762085
v  278.780060 -29939.585938 -463.307037
v  1999.168579 -30385.257813 573.569641
v  2342.540527 -29903.101563 695.365662
v  2134.546387 -30373.095703 447.685059
v  2024.559326 -28441.796875 375.070343
v  2379.197754 -26487.761719 774.711426
v  2102.663330 -26536.265625 292.254211
v  2334.938477 -26527.216797 459.640991
v  2178.830322 -24552.199219 93.932617
v  2282.738281 -24511.974609 197.649185
v  1942.029175 -24131.619141 161.112686
v  2310.374512 -24531.445313 351.526093
v  1643.458984 -30475.373047 -35.307190
v  1999.168579 -30385.257813 573.569641
v  2078.866699 -30474.576172 936.433777
v  -294.990082 -28139.945313 370.056915
v  -446.665741 -28433.208984 1396.486084
v  1374.684814 -31857.589844 2933.161865
v  986.916260 -31877.181641 3070.608887
v  1228.810303 -32039.595703 2824.166504
v  1420.420410 -29708.300781 2971.519531
v  1396.678345 -29634.664063 2736.768555
v  1560.776978 -29113.498047 3000.987305
v  1272.785645 -30663.042969 -76.690201
v  699.831116 -30740.572266 -76.374748
v  1106.974487 -30355.349609 -313.468903
v  -468.215515 -26413.248047 619.773254
v  -347.858032 -26577.693359 44.315434
v  -461.024445 -24571.642578 -301.768707
v  473.825470 -30942.025391 2263.924805
v  484.273102 -30956.902344 2519.090332
v  359.887329 -29584.406250 2782.149902
v  1107.475464 -30972.740234 2236.189453
v  1117.923096 -30987.619141 2491.354980
v  -513.864319 -24572.736328 -423.031860
v  -428.054077 -24657.500000 -552.061157
v  -595.211487 -26498.060547 311.552734
v  -223.513702 -28123.027344 244.275620
v  -284.412933 -28786.730469 137.449310
v  -446.665741 -28433.208984 1396.486084
v  1107.475464 -30972.740234 2236.189453
v  1901.365234 -30534.953125 1870.463135
v  1396.678345 -29634.664063 2736.768555
v  473.825470 -30942.025391 2263.924805
v  359.887329 -29584.406250 2782.149902
v  -302.938385 -30428.101563 1966.947266
v  3017.439209 -18063.736328 -2663.099121
v  2063.307617 -17631.513672 -3113.731934
v  2828.721436 -18125.195313 -2524.605469
v  1883.418579 -17893.751953 -3423.991211
v  1717.943604 -17919.667969 -3288.236328
v  2235.954346 -17585.748047 -3227.136475
v  2063.307617 -17631.513672 -3113.731934
v  2833.320313 -18468.763672 -2762.458740
v  1717.943604 -17919.667969 -3288.236328
v  2648.681641 -18473.257813 -2586.918701
v  2063.307617 -17631.513672 -3113.731934
v  2828.721436 -18125.195313 -2524.605469
v  2828.721436 -18125.195313 -2524.605469
v  2648.681641 -18473.257813 -2586.918701
v  1551.409302 -18203.599609 -3327.097168
v  427.114777 -18456.751953 -2252.294434
v  470.729706 -18057.992188 -2009.221802
v  2486.004639 -18788.630859 -2656.006592
v  2752.294678 -18155.349609 -1806.467041
v  2055.228027 -18240.873047 -1831.081421
v  2682.026123 -18130.705078 -1645.942749
v  1903.332764 -18188.830078 -1489.238647
v  2806.225342 -18295.865234 -1744.343262
v  2767.766113 -18315.673828 -1606.671387
v  2158.207275 -18489.816406 -1742.223022
v  1036.356445 -18911.128906 -1620.760254
v  470.729706 -18057.992188 -2009.221802
v  1080.682129 -18511.957031 -1376.536377
v  2066.309814 -18537.255859 -1414.007690
v  473.825470 -30942.025391 2263.924805
v  449.937866 -32046.810547 2323.511230
v  484.273102 -30956.902344 2519.090332
v  470.238831 -31815.701172 2531.369873
v  1420.420410 -29708.300781 2971.519531
v  484.273102 -30956.902344 2519.090332
v  349.701660 -29656.398438 3018.385986
v  825.385315 -26966.769531 513.059814
v  824.983765 -26962.947266 659.917664
v  990.034485 -26974.751953 505.852966
v  1003.603210 -26971.605469 652.099304
v  622.138672 -28650.353516 -274.025696
v  648.529297 -28520.816406 -249.557068
v  138.864182 -27497.746094 550.198669
v  -6.439599 -27653.498047 1386.756348
v  -550.071716 -29110.816406 1249.737427
v  -751.296021 -29270.238281 1476.736694
v  -573.800903 -28434.576172 1584.253906
v  -664.146912 -28350.474609 1167.062866
v  -540.288086 -28204.925781 767.665283
v  -793.346619 -29456.691406 928.580017
v  -614.398682 -29196.572266 447.451355
v  -54.743282 -31014.705078 891.847046
v  717.149780 -31196.427734 824.125854
v  -13.154288 -30952.107422 1772.674316
v  758.738770 -31133.830078 1704.953125
v  138.202957 -30608.044922 -27.028591
v  1894.972778 -28225.718750 151.547729
v  1622.702759 -27569.673828 485.249878
v  1824.659180 -27742.259766 1306.607666
v  1546.522705 -31027.710938 1704.406006
v  1504.933716 -31090.310547 823.578674
v  2329.014404 -28575.287109 1457.195313
v  2211.045410 -29244.658203 1128.881104
v  2414.958008 -29423.718750 1338.147217
v  960.417908 -28666.751953 -288.832458
v  948.889343 -28535.376953 -262.704071
v  512.955383 -18544.919922 -1032.344971
v  -1569.980835 -21086.560547 396.186310
v  877.243530 -19142.583984 -1666.013794
v  -1095.236450 -21732.574219 -493.347656
v  -88.726730 -18315.570313 -1604.899780
v  -2242.205566 -20766.847656 -416.798889
v  1002.289368 -19251.435547 -1674.550537
v  523.650024 -18521.992188 -965.255493
v  163.626389 -18845.109375 -2283.282227
v  -217.147232 -18205.919922 -1597.767578
v  460.212250 -18486.548828 -2452.197510
v  1298.124023 -18892.216797 -1843.422119
v  820.235901 -18163.431641 -1134.170776
v  78.687469 -17846.701172 -1766.639160
v  5837.516113 -23473.021484 2342.145020
v  3029.215576 -22904.681641 4282.326172
v  5750.110352 -22630.808594 1924.432251
v  2778.508301 -21852.214844 3769.057617
v  6262.955566 -22287.214844 2525.575439
v  3520.405029 -21503.720703 4506.070801
v  6418.321777 -23027.363281 3007.588379
v  6320.033203 -22130.121094 2550.668213
v  5781.672852 -23627.726563 2319.654297
v  5718.144531 -22599.904297 1868.182251
v  6177.855469 -23725.687500 2039.444946
v  6814.159668 -23126.251953 2727.242188
v  6113.982910 -22698.792969 1587.836182
v  6716.215820 -22228.080078 2270.459229
v  6139.911621 -22800.792969 1733.162598
v  6180.290039 -23548.798828 2379.130859
v  6534.001953 -22623.162109 1915.197876
v  6575.186523 -23370.031250 2560.921631
v  6927.338867 -25000.330078 1883.249023
v  6662.373535 -24403.388672 2273.142578
v  6815.210449 -24927.453125 1725.254395
v  1531.082642 -26800.332031 2829.741943
v  1991.186401 -26584.527344 3432.334961
v  1044.436768 -26723.902344 3075.908936
v  1162.793091 -25320.185547 3645.925293
v  6449.090332 -24265.351563 1973.858276
v  7028.467773 -24985.773438 1781.337036
v  6903.418457 -24368.900391 2029.978149
v  6969.921875 -24928.751953 1640.503784
v  2408.752197 -26304.699219 3598.765869
v  1862.936890 -25567.281250 3924.949951
v  2041.187134 -24954.232422 3460.218262
v  1525.532104 -24089.103516 3502.143555
v  2712.064209 -24079.515625 2288.495850
v  6781.759766 -24269.082031 1793.949463
v  7266.764160 -23551.464844 616.895630
v  6139.911621 -22800.792969 1733.162598
v  7399.508789 -23352.123047 843.611267
v  7096.951660 -23968.378906 439.214874
v  7249.424316 -24838.136719 1069.234619
v  7266.764160 -23551.464844 616.895630
v  7434.466797 -24609.082031 1336.498047
v  7381.946777 -24966.027344 912.218689
v  7249.424316 -24838.136719 1069.234619
v  7215.691895 -24088.851563 312.098969
v  7096.951660 -23968.378906 439.214874
v  7096.951660 -23968.378906 439.214874
v  7408.099121 -23655.724609 492.360626
v  7624.903809 -24713.062500 1203.423462
v  7249.424316 -24838.136719 1069.234619
v  7434.466797 -24609.082031 1336.498047
v  7610.584473 -24397.509766 1570.841064
v  2561.357178 -24939.406250 2558.218018
v  2711.978027 -24770.486328 1841.698242
v  1177.938354 -32045.269531 2332.168701
v  449.937866 -32046.810547 2323.511230
v  1107.475464 -30972.740234 2236.189453
v  2648.681641 -18473.257813 -2586.918701
v  1717.943604 -17919.667969 -3288.236328
v  1437.883789 -18376.128906 -2410.922607
v  2680.926025 -25699.033203 2205.052246
v  2711.978027 -24770.486328 1841.698242
v  2561.357178 -24939.406250 2558.218018
v  1780.739624 -26334.697266 1916.499390
v  1096.558105 -26233.818359 1203.437500
v  1220.324585 -25658.091797 969.268738
v  1552.832275 -26341.873047 1874.585938
v  715.429199 -18841.414063 -2031.277588
v  2763.045166 -26383.224609 2683.182373
v  2763.045166 -26383.224609 2683.182373
v  1780.739624 -26334.697266 1916.499390
v  2094.467041 -18720.046875 -2229.453613
v  2561.357178 -24939.406250 2558.218018
v  2041.187134 -24954.232422 3460.218262
v  2130.820313 -23818.779297 3219.815186
v  1862.936890 -25567.281250 3924.949951
v  2008.385620 -24328.330078 4540.658691
v  3337.284668 -25108.392578 2997.645508
v  2561.357178 -24939.406250 2558.218018
v  3337.284668 -25108.392578 2997.645508
v  2094.467041 -18720.046875 -2229.453613
v  3168.758301 -26126.603516 3170.207764
v  3168.758301 -26126.603516 3170.207764
v  2408.752197 -26304.699219 3598.765869
v  7434.466797 -24609.082031 1336.498047
v  6866.222656 -23547.474609 1563.749146
v  7266.764160 -23551.464844 616.895630
v  7118.978516 -24207.650391 1821.274780
v  7118.978516 -24207.650391 1821.274780
v  7303.351563 -23964.230469 2091.722168
v  6708.831543 -22928.128906 2310.146240
v  6379.970215 -23015.339844 2949.410645
v  3772.456299 -22387.775391 4925.202637
v  2781.528076 -21319.777344 5027.894531
v  2161.390625 -21547.894531 4370.888184
v  2898.471680 -21997.882813 5570.348145
v  3418.022705 -22512.576172 4189.270508
v  1944.793579 -22068.404297 5261.221191
v  2933.547607 -25550.830078 4120.987793
v  2408.752197 -26304.699219 3598.765869
v  3168.758301 -26126.603516 3170.207764
v  3168.758301 -26126.603516 3170.207764
v  1900.531738 -19071.894531 -2294.863770
v  2101.371094 -29124.423828 848.258240
v  1504.933716 -31090.310547 823.578674
v  2199.889893 -29338.193359 1321.026611
v  2194.350342 -29000.548828 1598.969116
v  -531.291077 -29205.802734 1440.572632
v  -468.975372 -28871.447266 1715.545044
v  926.008850 -29153.865234 3333.740723
v  931.406799 -28496.929688 2729.543213
v  182.849625 -28373.144531 2387.186523
v  -562.319946 -29437.658203 2385.036133
v  2290.601807 -29575.949219 2260.161377
v  1654.713745 -28444.490234 2322.761963
v  -767.181763 -28877.812500 1778.174316
v  -304.204132 -28518.214844 1654.525757
v  2059.759277 -28632.806641 1551.053223
v  2494.868164 -29035.937500 1635.391724
v  1551.011230 -31585.363281 2973.998047
v  1259.077881 -31798.960938 2882.857666
v  1228.810303 -32039.595703 2824.166504
v  1259.077881 -31798.960938 2882.857666
v  1374.684814 -31857.589844 2933.161865
v  1177.938354 -32045.269531 2332.168701
v  869.237610 -31779.017578 2494.190918
v  1259.077881 -31798.960938 2882.857666
v  1177.938354 -32045.269531 2332.168701
v  1107.475464 -30972.740234 2236.189453
v  1117.923096 -30987.619141 2491.354980
v  1177.938354 -32045.269531 2332.168701
v  1117.923096 -30987.619141 2491.354980
v  1259.077881 -31798.960938 2882.857666
v  841.097473 -31723.519531 3026.157959
v  986.916260 -31877.181641 3070.608887
v  1111.879150 -31439.158203 3242.541992
v  986.916260 -31877.181641 3070.608887
v  841.097473 -31723.519531 3026.157959
v  841.097473 -31723.519531 3026.157959
v  748.939514 -31933.472656 3076.380615
v  748.939514 -31933.472656 3076.380615
v  748.939514 -31933.472656 3076.380615
v  470.238831 -31815.701172 2531.369873
v  841.097473 -31723.519531 3026.157959
v  748.939514 -31933.472656 3076.380615
v  484.273102 -30956.902344 2519.090332
v  470.238831 -31815.701172 2531.369873
v  1107.475464 -30972.740234 2236.189453
v  473.825470 -30942.025391 2263.924805
v  1546.522705 -31027.710938 1704.406006
v  1654.713745 -28444.490234 2322.761963
v  182.849625 -28373.144531 2387.186523
v  270.525940 -29050.955078 3057.462646
v  349.701660 -29656.398438 3018.385986
v  1654.713745 -28444.490234 2322.761963
v  270.525940 -29050.955078 3057.462646
v  375.225708 -27870.753906 2483.152344
v  188.099792 -27121.660156 2757.035156
v  375.225708 -27870.753906 2483.152344
v  1039.895630 -27066.718750 2778.369141
v  1128.708496 -27789.451172 2491.947754
v  1128.708496 -27789.451172 2491.947754
v  2194.350342 -29000.548828 1598.969116
v  2059.759277 -28632.806641 1551.053223
v  1128.708496 -27789.451172 2491.947754
v  1584.197021 -27634.083984 1797.182007
v  2059.759277 -28632.806641 1551.053223
v  1259.739136 -27123.496094 696.478882
v  1584.197021 -27634.083984 1797.182007
v  1087.258179 -27944.642578 -113.877640
v  182.849625 -28373.144531 2387.186523
v  1182.349487 -27181.230469 1107.765869
v  1182.349487 -27181.230469 1107.765869
v  10.916691 -27822.744141 1819.297729
v  -518.630554 -26861.384766 1596.292725
v  -511.906311 -26770.259766 2139.353516
v  -1324.762329 -26697.748047 1328.192505
v  -1131.892212 -25388.535156 2265.060059
v  -232.074371 -27104.605469 2012.939819
v  10.916691 -27822.744141 1819.297729
v  822.368652 -27837.968750 -491.332123
v  842.441711 -27802.121094 -72.437065
v  -1880.026001 -26451.996094 695.842590
v  -2420.318359 -25667.648438 898.273804
v  -1394.416626 -25056.564453 1392.786011
v  -1228.261475 -24171.128906 1845.002075
v  -711.548035 -24181.490234 228.279877
v  825.385315 -26966.769531 513.059814
v  560.229431 -27089.587891 727.096985
v  824.983765 -26962.947266 659.917664
v  581.336121 -27920.119141 -91.733017
v  10.916691 -27822.744141 1819.297729
v  -304.204132 -28518.214844 1654.525757
v  -468.975372 -28871.447266 1715.545044
v  404.733948 -27669.214844 1087.420288
v  -304.204132 -28518.214844 1654.525757
v  404.733948 -27669.214844 1087.420288
v  294.567078 -26379.351563 1117.403687
v  -190.104843 -24256.740234 -577.967651
v  -13.154288 -30952.107422 1772.674316
v  -841.697998 -25040.767578 510.372559
v  -286.787567 -24859.806641 37.140781
v  -531.291077 -29205.802734 1440.572632
v  -552.533020 -25795.343750 259.264069
v  -841.697998 -25040.767578 510.372559
v  -286.787567 -24859.806641 37.140781
v  150.733688 -26383.248047 935.616028
v  -781.747986 -26509.755859 396.896393
v  -781.747986 -26509.755859 396.896393
v  150.733688 -26383.248047 935.616028
v  176.114426 -28799.220703 -88.009132
v  -841.697998 -25040.767578 510.372559
v  -1562.170532 -24014.123047 1292.839844
v  -1394.416626 -25056.564453 1392.786011
v  -2420.318359 -25667.648438 898.273804
v  -2633.613525 -24374.525391 431.804779
v  -688.045654 -25355.876953 515.907043
v  -841.697998 -25040.767578 510.372559
v  -688.045654 -25355.876953 515.907043
v  -1027.833862 -26344.042969 461.098724
v  -1027.833862 -26344.042969 461.098724
v  -1880.026001 -26451.996094 695.842590
v  189.087982 -18835.585938 -2218.005615
v  -1831.506104 -21275.173828 -1187.308838
v  -2794.366699 -21435.740234 -100.928307
v  -2134.013916 -21634.419922 590.822388
v  -2513.012939 -21974.568359 -796.672852
v  -1221.738037 -22650.421875 -232.715958
v  -2967.260010 -22049.250000 96.701157
v  -1809.523682 -25662.396484 -2.731872
v  -1880.026001 -26451.996094 695.842590
v  -1027.833862 -26344.042969 461.098724
v  -1027.833862 -26344.042969 461.098724
v  1573.064453 -29112.658203 -405.301666
v  1571.695557 -29971.455078 -263.930786
v  1932.021362 -29199.687500 84.728798
v  2211.045410 -29244.658203 1128.881104
v  1111.214478 -29929.271484 -505.301300
v  783.918762 -28686.082031 -430.527100
v  1404.497314 -28858.765625 -141.776443
v  2240.137939 -29632.375000 1055.264404
v  2211.045410 -29244.658203 1128.881104
v  2199.889893 -29338.193359 1321.026611
v  1272.785645 -30663.042969 -76.690201
v  1106.974487 -30355.349609 -313.468903
v  -54.743282 -31014.705078 891.847046
v  -583.757446 -30299.099609 765.834045
v  138.202957 -30608.044922 -27.028591
v  -550.071716 -29110.816406 1249.737427
v  -621.081787 -29491.406250 1170.758911
v  -550.071716 -29110.816406 1249.737427

vt  0.562500 -1.617188 0.000000
vt  0.710938 -1.632813 0.000000
vt  0.609375 -1.734375 0.000000
vt  0.812500 -1.671875 0.000000
vt  0.710938 -1.726563 0.000000
vt  0.054688 -1.593750 0.000000
vt  0.078125 -1.593750 0.000000
vt  0.093750 -1.656250 0.000000
vt  0.195313 -1.671875 0.000000
vt  0.148438 -1.601563 0.000000
vt  0.093750 -1.593750 0.000000
vt  0.164063 -1.601563 0.000000
vt  0.117188 -1.679688 0.000000
vt  0.093750 -1.640625 0.000000
vt  0.273438 -1.210938 0.000000
vt  0.187500 -1.218750 0.000000
vt  0.281250 -1.320313 0.000000
vt  0.023438 -1.640625 0.000000
vt  0.007813 -1.617188 0.000000
vt  0.023438 -1.648438 0.000000
vt  0.007813 -1.640625 0.000000
vt  0.046875 -1.593750 0.000000
vt  0.031250 -1.640625 0.000000
vt  0.031250 -1.632813 0.000000
vt  0.054688 -1.593750 0.000000
vt  0.054688 -1.679688 0.000000
vt  0.046875 -1.726563 0.000000
vt  0.062500 -1.664063 0.000000
vt  0.070313 -1.593750 0.000000
vt  0.062500 -1.687500 0.000000
vt  0.062500 -1.648438 0.000000
vt  0.093750 -1.679688 0.000000
vt  0.015625 -1.023438 0.000000
vt  0.015625 -1.164063 0.000000
vt  0.078125 -1.023438 0.000000
vt  0.132813 -1.734375 0.000000
vt  0.195313 -1.734375 0.000000
vt  0.093750 -1.734375 0.000000
vt  0.148438 -1.734375 0.000000
vt  0.093750 -1.726563 0.000000
vt  0.179688 -1.671875 0.000000
vt  0.148438 -1.039063 0.000000
vt  0.148438 -1.164063 0.000000
vt  0.085938 -1.023438 0.000000
vt  0.078125 -1.734375 0.000000
vt  0.109375 -1.710938 0.000000
vt  0.078125 -1.710938 0.000000
vt  0.195313 -1.601563 0.000000
vt  0.312500 -1.734375 0.000000
vt  0.312500 -1.609375 0.000000
vt  0.312500 -1.640625 0.000000
vt  0.390625 -1.617188 0.000000
vt  0.398438 -1.687500 0.000000
vt  0.421875 -1.671875 0.000000
vt  0.390625 -1.726563 0.000000
vt  0.734375 -1.210938 0.000000
vt  0.703125 -1.289063 0.000000
vt  0.710938 -1.343750 0.000000
vt  0.210938 -1.601563 0.000000
vt  0.203125 -1.734375 0.000000
vt  0.578125 -1.609375 0.000000
vt  0.578125 -1.726563 0.000000
vt  0.648438 -1.609375 0.000000
vt  0.851563 -1.562500 0.000000
vt  0.929688 -1.562500 0.000000
vt  0.851563 -1.625000 0.000000
vt  0.382813 -1.609375 0.000000
vt  0.382813 -1.664063 0.000000
vt  0.429688 -1.625000 0.000000
vt  0.312500 -1.734375 0.000000
vt  0.312500 -1.625000 0.000000
vt  0.390625 -1.710938 0.000000
vt  0.929688 -1.406250 0.000000
vt  0.851563 -1.406250 0.000000
vt  0.929688 -1.562500 0.000000
vt  0.929688 -1.406250 0.000000
vt  0.851563 -1.406250 0.000000
vt  0.390625 -1.671875 0.000000
vt  0.390625 -1.640625 0.000000
vt  0.304688 -1.664063 0.000000
vt  0.187500 -1.328125 0.000000
vt  0.187500 -1.218750 0.000000
vt  0.281250 -1.320313 0.000000
vt  0.781250 -1.531250 0.000000
vt  0.695313 -1.468750 0.000000
vt  0.562500 -1.593750 0.000000
vt  0.781250 -1.531250 0.000000
vt  0.562500 -1.593750 0.000000
vt  0.695313 -1.468750 0.000000
vt  0.968750 -1.125000 0.000000
vt  0.976563 -1.054688 0.000000
vt  0.992188 -1.117188 0.000000
vt  0.921875 -1.046875 0.000000
vt  0.914063 -1.031250 0.000000
vt  0.960938 -1.054688 0.000000
vt  0.960938 -1.039063 0.000000
vt  0.937500 -1.125000 0.000000
vt  0.921875 -1.046875 0.000000
vt  0.937500 -1.125000 0.000000
vt  0.960938 -1.054688 0.000000
vt  0.968750 -1.125000 0.000000
vt  0.968750 -1.132813 0.000000
vt  0.929688 -1.140625 0.000000
vt  0.890625 -1.046875 0.000000
vt  0.781250 -1.054688 0.000000
vt  0.781250 -1.031250 0.000000
vt  0.906250 -1.125000 0.000000
vt  0.898438 -1.171875 0.000000
vt  0.859375 -1.148438 0.000000
vt  0.882813 -1.171875 0.000000
vt  0.835938 -1.148438 0.000000
vt  0.890625 -1.179688 0.000000
vt  0.882813 -1.187500 0.000000
vt  0.851563 -1.156250 0.000000
vt  0.781250 -1.117188 0.000000
vt  0.781250 -1.054688 0.000000
vt  0.781250 -1.140625 0.000000
vt  0.835938 -1.171875 0.000000
vt  0.812500 -1.726563 0.000000
vt  0.640625 -1.726563 0.000000
vt  0.812500 -1.625000 0.000000
vt  0.648438 -1.632813 0.000000
vt  0.843750 -1.562500 0.000000
vt  0.984375 -1.406250 0.000000
vt  0.984375 -1.562500 0.000000
vt  0.007813 -1.531250 0.000000
vt  0.007813 -1.546875 0.000000
vt  0.031250 -1.531250 0.000000
vt  0.031250 -1.546875 0.000000
vt  0.046875 -1.234375 0.000000
vt  0.039063 -1.257813 0.000000
vt  0.132813 -1.445313 0.000000
vt  0.218750 -1.445313 0.000000
vt  0.304688 -1.210938 0.000000
vt  0.351563 -1.195313 0.000000
vt  0.328125 -1.335938 0.000000
vt  0.203125 -1.695313 0.000000
vt  0.210938 -1.656250 0.000000
vt  0.140625 -1.703125 0.000000
vt  0.148438 -1.648438 0.000000
vt  0.234375 -1.734375 0.000000
vt  0.234375 -1.664063 0.000000
vt  0.117188 -1.734375 0.000000
vt  0.117188 -1.664063 0.000000
vt  0.382813 -1.710938 0.000000
vt  0.187500 -1.328125 0.000000
vt  0.132813 -1.445313 0.000000
vt  0.218750 -1.445313 0.000000
vt  0.117188 -1.593750 0.000000
vt  0.234375 -1.593750 0.000000
vt  0.328125 -1.335938 0.000000
vt  0.304688 -1.210938 0.000000
vt  0.351563 -1.195313 0.000000
vt  0.046875 -1.234375 0.000000
vt  0.039063 -1.257813 0.000000
vt  0.765625 -1.156250 0.000000
vt  0.539063 -1.164063 0.000000
vt  0.765625 -1.093750 0.000000
vt  0.546875 -1.085938 0.000000
vt  0.773438 -1.093750 0.000000
vt  0.546875 -1.085938 0.000000
vt  0.312500 -1.570313 0.000000
vt  0.375000 -1.570313 0.000000
vt  0.250000 -1.570313 0.000000
vt  0.312500 -1.570313 0.000000
vt  0.250000 -1.523438 0.000000
vt  0.312500 -1.523438 0.000000
vt  0.375000 -1.523438 0.000000
vt  0.312500 -1.523438 0.000000
vt  0.765625 -1.093750 0.000000
vt  0.546875 -1.085938 0.000000
vt  0.765625 -1.156250 0.000000
vt  0.539063 -1.164063 0.000000
vt  0.773438 -1.093750 0.000000
vt  0.546875 -1.085938 0.000000
vt  0.250000 -1.570313 0.000000
vt  0.312500 -1.570313 0.000000
vt  0.312500 -1.570313 0.000000
vt  0.375000 -1.570313 0.000000
vt  0.312500 -1.523438 0.000000
vt  0.250000 -1.523438 0.000000
vt  0.375000 -1.523438 0.000000
vt  0.312500 -1.523438 0.000000
vt  0.781250 -1.054688 0.000000
vt  0.781250 -1.140625 0.000000
vt  0.781250 -1.054688 0.000000
vt  0.781250 -1.117188 0.000000
vt  0.882813 -1.187500 0.000000
vt  0.835938 -1.171875 0.000000
vt  0.882813 -1.171875 0.000000
vt  0.468750 -1.335938 0.000000
vt  0.507813 -1.273438 0.000000
vt  0.507813 -1.359375 0.000000
vt  0.601563 -1.320313 0.000000
vt  0.835938 -1.148438 0.000000
vt  0.890625 -1.179688 0.000000
vt  0.851563 -1.156250 0.000000
vt  0.898438 -1.171875 0.000000
vt  0.523438 -1.226563 0.000000
vt  0.570313 -1.218750 0.000000
vt  0.640625 -1.250000 0.000000
vt  0.687500 -1.296875 0.000000
vt  0.718750 -1.210938 0.000000
vt  0.859375 -1.148438 0.000000
vt  0.914063 -1.031250 0.000000
vt  0.781250 -1.031250 0.000000
vt  0.890625 -1.046875 0.000000
vt  0.960938 -1.054688 0.000000
vt  0.968750 -1.125000 0.000000
vt  0.921875 -1.046875 0.000000
vt  0.937500 -1.125000 0.000000
vt  0.968750 -1.125000 0.000000
vt  0.984375 -1.117188 0.000000
vt  0.960938 -1.054688 0.000000
vt  0.976563 -1.054688 0.000000
vt  0.960938 -1.039063 0.000000
vt  0.921875 -1.046875 0.000000
vt  0.937500 -1.125000 0.000000
vt  0.968750 -1.132813 0.000000
vt  0.929688 -1.140625 0.000000
vt  0.906250 -1.125000 0.000000
vt  0.656250 -1.218750 0.000000
vt  0.695313 -1.171875 0.000000
vt  0.726563 -1.609375 0.000000
vt  0.726563 -1.726563 0.000000
vt  0.812500 -1.609375 0.000000
vt  0.921875 -1.125000 0.000000
vt  0.906250 -1.046875 0.000000
vt  0.843750 -1.085938 0.000000
vt  0.570313 -1.281250 0.000000
vt  0.632813 -1.304688 0.000000
vt  0.632813 -1.250000 0.000000
vt  0.507813 -1.359375 0.000000
vt  0.835938 -1.210938 0.000000
vt  0.796875 -1.195313 0.000000
vt  0.851563 -1.273438 0.000000
vt  0.781250 -1.085938 0.000000
vt  0.507813 -1.273438 0.000000
vt  0.406250 -1.273438 0.000000
vt  0.414063 -1.351563 0.000000
vt  0.867188 -1.125000 0.000000
vt  0.187500 -1.148438 0.000000
vt  0.187500 -1.117188 0.000000
vt  0.328125 -1.156250 0.000000
vt  0.250000 -1.093750 0.000000
vt  0.335938 -1.070313 0.000000
vt  0.585938 -1.210938 0.000000
vt  0.187500 -1.117188 0.000000
vt  0.250000 -1.093750 0.000000
vt  0.875000 -1.148438 0.000000
vt  0.523438 -1.226563 0.000000
vt  0.414063 -1.234375 0.000000
vt  0.507813 -1.234375 0.000000
vt  0.921875 -1.125000 0.000000
vt  0.843750 -1.085938 0.000000
vt  0.906250 -1.046875 0.000000
vt  0.875000 -1.148438 0.000000
vt  0.867188 -1.125000 0.000000
vt  0.851563 -1.125000 0.000000
vt  0.781250 -1.085938 0.000000
vt  0.765625 -1.031250 0.000000
vt  0.562500 -1.023438 0.000000
vt  0.492188 -1.085938 0.000000
vt  0.492188 -1.156250 0.000000
vt  0.492188 -1.023438 0.000000
vt  0.429688 -1.085938 0.000000
vt  0.484375 -1.085938 0.000000
vt  0.250000 -1.023438 0.000000
vt  0.195313 -1.062500 0.000000
vt  0.187500 -1.023438 0.000000
vt  0.195313 -1.070313 0.000000
vt  0.851563 -1.125000 0.000000
vt  0.164063 -1.703125 0.000000
vt  0.828125 -1.335938 0.000000
vt  0.351563 -1.171875 0.000000
vt  0.390625 -1.273438 0.000000
vt  0.351563 -1.171875 0.000000
vt  0.382813 -1.273438 0.000000
vt  0.914063 -1.625000 0.000000
vt  0.921875 -1.687500 0.000000
vt  0.398438 -1.492188 0.000000
vt  0.554688 -1.500000 0.000000
vt  0.554688 -1.500000 0.000000
vt  0.398438 -1.492188 0.000000
vt  0.382813 -1.265625 0.000000
vt  0.335938 -1.343750 0.000000
vt  0.335938 -1.343750 0.000000
vt  0.382813 -1.265625 0.000000
vt  0.812500 -1.671875 0.000000
vt  0.578125 -1.726563 0.000000
vt  0.578125 -1.726563 0.000000
vt  0.578125 -1.625000 0.000000
vt  0.648438 -1.632813 0.000000
vt  0.640625 -1.726563 0.000000
vt  0.812500 -1.664063 0.000000
vt  0.726563 -1.609375 0.000000
vt  0.812500 -1.609375 0.000000
vt  0.812500 -1.726563 0.000000
vt  0.812500 -1.625000 0.000000
vt  0.812500 -1.726563 0.000000
vt  0.726563 -1.726563 0.000000
vt  0.578125 -1.609375 0.000000
vt  0.578125 -1.726563 0.000000
vt  0.578125 -1.609375 0.000000
vt  0.812500 -1.671875 0.000000
vt  0.687500 -1.609375 0.000000
vt  0.687500 -1.734375 0.000000
vt  0.726563 -1.726563 0.000000
vt  0.648438 -1.726563 0.000000
vt  0.648438 -1.734375 0.000000
vt  0.578125 -1.664063 0.000000
vt  0.812500 -1.726563 0.000000
vt  0.578125 -1.625000 0.000000
vt  0.578125 -1.726563 0.000000
vt  0.726563 -1.609375 0.000000
vt  0.812500 -1.609375 0.000000
vt  0.046875 -1.632813 0.000000
vt  0.046875 -1.687500 0.000000
vt  0.796875 -1.468750 0.000000
vt  0.929688 -1.687500 0.000000
vt  0.929688 -1.687500 0.000000
vt  0.851563 -1.625000 0.000000
vt  0.851563 -1.562500 0.000000
vt  0.851563 -1.687500 0.000000
vt  0.984375 -1.625000 0.000000
vt  0.921875 -1.734375 0.000000
vt  0.890625 -1.406250 0.000000
vt  0.937500 -1.382813 0.000000
vt  0.890625 -1.351563 0.000000
vt  0.851563 -1.726563 0.000000
vt  0.937500 -1.335938 0.000000
vt  0.492188 -1.398438 0.000000
vt  0.445313 -1.382813 0.000000
vt  0.335938 -1.484375 0.000000
vt  0.929688 -1.273438 0.000000
vt  0.992188 -1.296875 0.000000
vt  0.078125 -1.523438 0.000000
vt  0.218750 -1.492188 0.000000
vt  0.054688 -1.351563 0.000000
vt  0.992188 -1.687500 0.000000
vt  0.015625 -1.585938 0.000000
vt  0.898438 -1.210938 0.000000
vt  0.984375 -1.726563 0.000000
vt  0.468750 -1.335938 0.000000
vt  0.507813 -1.359375 0.000000
vt  0.507813 -1.273438 0.000000
vt  0.601563 -1.320313 0.000000
vt  0.890625 -1.351563 0.000000
vt  0.937500 -1.335938 0.000000
vt  0.015625 -1.359375 0.000000
vt  0.015625 -1.375000 0.000000
vt  0.523438 -1.226563 0.000000
vt  0.570313 -1.218750 0.000000
vt  0.640625 -1.250000 0.000000
vt  0.687500 -1.296875 0.000000
vt  0.718750 -1.210938 0.000000
vt  0.031250 -1.531250 0.000000
vt  0.078125 -1.523438 0.000000
vt  0.031250 -1.546875 0.000000
vt  0.054688 -1.351563 0.000000
vt  0.335938 -1.484375 0.000000
vt  0.445313 -1.382813 0.000000
vt  0.492188 -1.398438 0.000000
vt  0.929688 -1.273438 0.000000
vt  0.992188 -1.296875 0.000000
vt  0.218750 -1.492188 0.000000
vt  0.851563 -1.273438 0.000000
vt  0.421875 -1.671875 0.000000
vt  0.796875 -1.468750 0.000000
vt  0.656250 -1.218750 0.000000
vt  0.695313 -1.171875 0.000000
vt  0.546875 -1.367188 0.000000
vt  0.570313 -1.281250 0.000000
vt  0.632813 -1.250000 0.000000
vt  0.632813 -1.304688 0.000000
vt  0.507813 -1.359375 0.000000
vt  0.507813 -1.273438 0.000000
vt  0.406250 -1.273438 0.000000
vt  0.414063 -1.351563 0.000000
vt  0.117188 -1.210938 0.000000
vt  0.187500 -1.148438 0.000000
vt  0.328125 -1.156250 0.000000
vt  0.187500 -1.117188 0.000000
vt  0.250000 -1.093750 0.000000
vt  0.335938 -1.070313 0.000000
vt  0.585938 -1.210938 0.000000
vt  0.187500 -1.117188 0.000000
vt  0.250000 -1.093750 0.000000
vt  0.523438 -1.226563 0.000000
vt  0.414063 -1.234375 0.000000
vt  0.507813 -1.234375 0.000000
vt  0.765625 -1.031250 0.000000
vt  0.562500 -1.023438 0.000000
vt  0.492188 -1.085938 0.000000
vt  0.492188 -1.156250 0.000000
vt  0.492188 -1.023438 0.000000
vt  0.429688 -1.085938 0.000000
vt  0.484375 -1.085938 0.000000
vt  0.250000 -1.023438 0.000000
vt  0.195313 -1.062500 0.000000
vt  0.187500 -1.023438 0.000000
vt  0.195313 -1.070313 0.000000
vt  0.148438 -1.164063 0.000000
vt  0.156250 -1.031250 0.000000
vt  0.195313 -1.171875 0.000000
vt  0.156250 -1.734375 0.000000
vt  0.015625 -1.695313 0.000000
vt  0.015625 -1.226563 0.000000
vt  0.117188 -1.210938 0.000000
vt  0.593750 -1.335938 0.000000
vt  0.539063 -1.343750 0.000000
vt  0.546875 -1.367188 0.000000
vt  0.789063 -1.203125 0.000000
vt  0.726563 -1.171875 0.000000
vt  0.828125 -1.335938 0.000000
vt  0.703125 -1.289063 0.000000
vt  0.789063 -1.203125 0.000000
vt  0.171875 -1.734375 0.000000
vt  0.593750 -1.335938 0.000000
vt  0.539063 -1.343750 0.000000

vn  0.046297 0.426281 -0.903405
vn  -0.666667 -0.333333 -0.666667
vn  -0.666667 -0.333333 -0.666667
vn  0.000000 0.000000 0.000000
vn  0.000000 -1.000000 0.000000
vn  0.556515 -0.452793 -0.696613
vn  0.241532 0.544023 -0.803555
vn  0.893686 -0.015394 -0.448428
vn  0.837947 0.026515 -0.545107
vn  0.666999 0.284969 -0.688408
vn  -0.154588 0.273211 -0.949452
vn  -0.121715 0.561518 -0.818464
vn  0.229397 0.729160 -0.644750
vn  -0.873103 -0.099800 -0.477213
vn  0.956327 0.115276 -0.268608
vn  0.722689 0.215256 -0.656799
vn  0.925472 0.368405 -0.088202
vn  0.565987 -0.812634 -0.138873
vn  0.654481 -0.059485 -0.753735
vn  0.255202 -0.726927 -0.637534
vn  0.255202 -0.726927 -0.637534
vn  0.214198 0.114626 -0.970041
vn  -0.203887 -0.681332 -0.703006
vn  0.296346 -0.859069 -0.417347
vn  0.005400 0.316280 -0.948651
vn  -0.201698 -0.957192 -0.207610
vn  0.367507 -0.867797 -0.334467
vn  0.140002 0.543084 -0.827925
vn  0.046297 0.426281 -0.903405
vn  -0.022118 0.449567 -0.892973
vn  -0.399108 -0.785899 -0.472309
vn  -0.306307 0.520346 -0.797130
vn  -0.022118 0.449567 -0.892973
vn  -0.001813 0.133716 -0.991018
vn  0.214198 0.114626 -0.970041
vn  0.994039 -0.063987 0.088268
vn  0.675824 -0.043773 0.735762
vn  -0.877000 -0.479139 0.035993
vn  -0.953474 -0.032910 0.299674
vn  -0.811221 -0.581752 0.059027
vn  -0.015041 0.441594 -0.897089
vn  0.229397 0.729160 -0.644750
vn  -0.463304 0.305548 -0.831859
vn  -0.306307 0.520346 -0.797130
vn  0.705384 -0.690798 0.158846
vn  0.931999 -0.315138 0.179068
vn  0.684192 -0.729055 -0.018975
vn  -0.988185 0.140458 -0.061331
vn  0.325495 0.179769 0.928298
vn  -0.655438 -0.015700 -0.755085
vn  0.871830 -0.042498 -0.487961
vn  0.151224 -0.120519 -0.981125
vn  0.889545 0.227657 -0.396083
vn  0.619385 0.680958 -0.390716
vn  -0.553549 0.225454 0.801719
vn  0.367507 -0.867797 -0.334467
vn  0.705384 -0.690798 0.158846
vn  0.864086 -0.493960 -0.096745
vn  0.353956 0.018897 -0.935071
vn  -0.528664 0.727768 0.436885
vn  0.831004 -0.541492 -0.127350
vn  0.359388 -0.415218 0.835724
vn  0.475114 -0.865870 0.156638
vn  0.550944 -0.402699 0.730954
vn  0.910949 -0.257871 0.321987
vn  0.825761 0.180080 0.534499
vn  0.225336 -0.744981 -0.627875
vn  -0.096871 -0.758898 -0.643964
vn  0.255202 -0.726927 -0.637534
vn  -0.272801 0.398597 0.875614
vn  0.967119 -0.030287 -0.252514
vn  0.208513 0.446145 0.870332
vn  -0.740194 -0.636920 0.215514
vn  -0.785170 -0.167747 0.596128
vn  -0.900036 -0.170085 0.401255
vn  0.704654 -0.706677 -0.063793
vn  0.687664 -0.155181 0.709251
vn  -0.925364 0.347476 -0.151531
vn  -0.292543 -0.280614 -0.914152
vn  -0.974345 -0.039049 -0.221648
vn  -0.661576 0.344738 -0.665937
vn  -0.015041 0.441594 -0.897089
vn  -0.528664 0.727768 0.436885
vn  0.704654 -0.706677 -0.063793
vn  0.692319 -0.533145 0.486263
vn  0.910949 -0.257871 0.321987
vn  -0.740194 -0.636920 0.215514
vn  -0.900036 -0.170085 0.401255
vn  -0.706223 -0.464819 0.534034
vn  0.769320 0.275894 0.576220
vn  -0.339801 0.716177 0.609612
vn  0.093575 0.254138 0.962630
vn  -0.009785 0.027630 -0.999570
vn  -0.510411 0.847609 -0.145048
vn  0.100365 0.760226 -0.641859
vn  -0.339801 0.716177 0.609612
vn  0.795641 -0.481865 -0.367100
vn  -0.510411 0.847609 -0.145048
vn  0.296945 0.004059 0.954886
vn  -0.339801 0.716177 0.609612
vn  0.093575 0.254138 0.962630
vn  0.093575 0.254138 0.962630
vn  0.296945 0.004059 0.954886
vn  -0.378361 -0.396343 -0.836513
vn  -0.977575 -0.082764 -0.193644
vn  -0.434933 0.838756 0.327600
vn  0.585237 -0.806232 -0.086529
vn  0.517138 0.673506 -0.528166
vn  0.285368 0.711906 -0.641682
vn  0.437627 0.844459 0.308822
vn  0.044272 0.727951 0.684198
vn  0.741945 -0.517364 -0.426441
vn  0.566368 0.022754 0.823838
vn  0.803428 -0.533685 -0.263979
vn  -0.468355 -0.637019 0.612251
vn  -0.434933 0.838756 0.327600
vn  -0.281595 0.047607 0.958352
vn  0.370138 -0.657766 0.656004
vn  -0.740194 -0.636920 0.215514
vn  -0.748818 -0.582002 -0.317089
vn  -0.785170 -0.167747 0.596128
vn  -0.645483 0.290444 0.706395
vn  0.550944 -0.402699 0.730954
vn  -0.785170 -0.167747 0.596128
vn  -0.641393 -0.329961 0.692634
vn  -0.308540 0.809876 -0.498902
vn  -0.108750 0.975956 0.188898
vn  0.302378 0.834706 -0.460253
vn  0.287381 0.948332 0.134456
vn  -0.482519 0.306281 -0.820590
vn  -0.562917 0.200251 -0.801888
vn  -0.699109 0.642834 -0.313067
vn  -0.226983 0.618631 0.752180
vn  -0.956201 -0.131389 0.261566
vn  -0.787978 -0.591036 -0.172532
vn  -0.639131 0.765888 0.070190
vn  -0.938195 0.078325 0.337129
vn  -0.917237 0.086168 -0.388910
vn  -0.992479 -0.001937 0.122396
vn  -0.918488 0.185462 -0.349261
vn  -0.480957 -0.842487 -0.242684
vn  -0.055260 -0.979141 -0.195521
vn  -0.523609 -0.823827 0.217125
vn  -0.010498 -0.986955 0.160656
vn  -0.201698 -0.957192 -0.207610
vn  0.686125 0.293265 -0.665753
vn  0.727937 0.573659 -0.375530
vn  0.823953 0.561082 0.079306
vn  0.512570 -0.834100 0.203835
vn  0.411244 -0.889335 -0.199903
vn  0.788454 0.586936 -0.183974
vn  0.880634 -0.048742 -0.471283
vn  0.459542 -0.887730 0.027495
vn  0.464291 0.291655 -0.836284
vn  0.487433 0.147445 -0.860621
vn  -0.027664 0.497104 0.867250
vn  0.207055 0.264424 0.941917
vn  0.779226 -0.621104 -0.083883
vn  0.800982 -0.586880 -0.118317
vn  -0.783697 0.572373 -0.241264
vn  -0.700810 0.691070 0.176884
vn  0.275283 -0.936666 -0.216507
vn  -0.059579 -0.421233 0.904994
vn  -0.756112 -0.477846 -0.447166
vn  -0.825994 0.325779 0.460003
vn  0.170401 -0.065385 -0.983203
vn  0.990005 0.139766 -0.018839
vn  0.233317 0.677462 0.697573
vn  -0.187915 0.882998 -0.430119
vn  -0.110341 -0.985514 0.128790
vn  -0.664329 -0.739704 -0.107260
vn  -0.535055 0.003082 -0.844811
vn  -0.319640 0.655212 -0.684491
vn  0.373205 0.916909 0.141404
vn  0.364065 0.916286 0.166964
vn  0.061317 -0.398146 0.915270
vn  -0.182832 0.706582 0.683604
vn  -0.915155 -0.394396 0.083331
vn  -0.649146 0.620213 -0.440393
vn  0.249976 -0.964382 -0.086481
vn  0.958455 -0.124994 0.256401
vn  0.090026 -0.078492 -0.992841
vn  0.472014 0.808859 -0.350643
vn  -0.747748 0.175856 -0.640272
vn  -0.799680 0.014756 0.600245
vn  -0.270688 0.861345 0.429898
vn  -0.083560 0.200949 0.976031
vn  0.101525 -0.924397 0.367673
vn  -0.193758 -0.577576 0.793009
vn  -0.735070 -0.650697 -0.190437
vn  0.211467 -0.977332 0.010179
vn  0.130172 -0.829473 0.543167
vn  -0.150990 -0.716368 0.681190
vn  -0.196441 -0.130040 0.971854
vn  -0.837521 -0.292937 -0.461245
vn  0.880446 -0.468729 0.071470
vn  0.912555 -0.362044 0.190177
vn  0.158133 -0.349934 -0.923331
vn  0.015766 -0.658911 0.752056
vn  -0.509706 -0.204515 0.835687
vn  -0.430992 0.445767 0.784562
vn  0.448211 0.225230 0.865089
vn  0.879892 0.089099 0.466745
vn  -0.034774 -0.276705 -0.960326
vn  -0.857050 0.304835 -0.415380
vn  -0.747748 0.175856 -0.640272
vn  0.709101 0.667486 -0.227238
vn  -0.818564 0.245851 -0.519144
vn  -0.804520 -0.483737 0.344595
vn  -0.857050 0.304835 -0.415380
vn  -0.587679 -0.686114 0.428812
vn  0.454852 -0.801087 -0.389062
vn  -0.804520 -0.483737 0.344595
vn  -0.485019 -0.214088 -0.847893
vn  -0.818564 0.245851 -0.519144
vn  -0.818564 0.245851 -0.519144
vn  0.465938 0.361439 -0.807628
vn  0.754636 -0.572754 0.320120
vn  -0.804520 -0.483737 0.344595
vn  -0.587679 -0.686114 0.428812
vn  0.588955 -0.519788 0.618831
vn  0.909935 0.278425 -0.307405
vn  0.973993 -0.157178 -0.163196
vn  0.964799 -0.155472 -0.212111
vn  -0.748818 -0.582002 -0.317089
vn  0.704654 -0.706677 -0.063793
vn  0.296945 0.004059 0.954886
vn  -0.510411 0.847609 -0.145048
vn  0.340514 0.924142 0.173237
vn  0.792657 -0.150108 -0.590899
vn  0.973993 -0.157178 -0.163196
vn  0.909935 0.278425 -0.307405
vn  0.453850 -0.584458 -0.672629
vn  0.515662 -0.092178 -0.851819
vn  0.477872 -0.417160 -0.773056
vn  0.959649 -0.134060 -0.247187
vn  -0.520209 -0.832469 -0.190729
vn  0.529019 -0.787174 -0.317009
vn  0.529019 -0.787174 -0.317009
vn  0.453850 -0.584458 -0.672629
vn  0.949003 0.035893 0.313216
vn  0.909935 0.278425 -0.307405
vn  -0.430992 0.445767 0.784562
vn  -0.624243 0.335533 -0.705506
vn  -0.509706 -0.204515 0.835687
vn  -0.803015 -0.197320 0.562345
vn  0.857487 0.195417 -0.475950
vn  0.909935 0.278425 -0.307405
vn  0.857487 0.195417 -0.475950
vn  0.949003 0.035893 0.313216
vn  0.782277 -0.619374 0.066472
vn  0.782277 -0.619374 0.066472
vn  0.015766 -0.658911 0.752056
vn  -0.587679 -0.686114 0.428812
vn  -0.635999 -0.456303 -0.622329
vn  -0.857050 0.304835 -0.415380
vn  0.057305 -0.997534 -0.040518
vn  0.057305 -0.997534 -0.040518
vn  0.744863 -0.239497 0.622752
vn  0.552495 0.589795 0.588975
vn  0.540109 -0.267788 0.797855
vn  0.568878 -0.110937 0.814905
vn  0.083485 0.938800 0.334194
vn  -0.682803 0.683590 -0.257848
vn  0.077541 0.008694 0.996951
vn  0.820360 0.513093 -0.252478
vn  -0.836952 0.300306 0.457524
vn  0.512398 -0.428224 0.744360
vn  0.015766 -0.658911 0.752056
vn  0.782277 -0.619374 0.066472
vn  0.782277 -0.619374 0.066472
vn  0.386027 -0.921840 0.034558
vn  0.956327 0.115276 -0.268608
vn  0.411244 -0.889335 -0.199903
vn  0.896112 -0.432494 0.099657
vn  0.565795 -0.053040 0.822838
vn  -0.920716 -0.347642 0.177279
vn  -0.494382 -0.001649 0.869243
vn  0.049544 0.122298 0.991256
vn  0.035023 0.585879 0.809641
vn  -0.734469 0.313487 0.601898
vn  -0.916529 0.066023 0.394483
vn  0.946906 -0.028495 0.320244
vn  0.702279 0.356975 0.615932
vn  -0.260305 0.063383 0.963444
vn  -0.486449 0.637073 0.597917
vn  0.563442 0.508038 0.651483
vn  0.348194 0.033886 0.936810
vn  0.768920 0.620442 0.154315
vn  0.492056 0.507264 -0.707506
vn  0.475114 -0.865870 0.156638
vn  0.492056 0.507264 -0.707506
vn  0.831004 -0.541492 -0.127350
vn  0.964799 -0.155472 -0.212111
vn  0.317771 0.850332 0.419471
vn  0.492056 0.507264 -0.707506
vn  0.964799 -0.155472 -0.212111
vn  0.704654 -0.706677 -0.063793
vn  0.687664 -0.155181 0.709251
vn  0.964799 -0.155472 -0.212111
vn  0.687664 -0.155181 0.709251
vn  0.492056 0.507264 -0.707506
vn  -0.289333 0.957223 -0.003393
vn  0.359388 -0.415218 0.835724
vn  -0.364182 0.451505 0.814564
vn  0.359388 -0.415218 0.835724
vn  -0.289333 0.957223 -0.003393
vn  -0.289333 0.957223 -0.003393
vn  -0.552026 -0.362529 0.750893
vn  -0.552026 -0.362529 0.750893
vn  -0.552026 -0.362529 0.750893
vn  -0.645483 0.290444 0.706395
vn  -0.289333 0.957223 -0.003393
vn  -0.552026 -0.362529 0.750893
vn  -0.785170 -0.167747 0.596128
vn  -0.645483 0.290444 0.706395
vn  0.704654 -0.706677 -0.063793
vn  -0.740194 -0.636920 0.215514
vn  0.512570 -0.834100 0.203835
vn  0.702279 0.356975 0.615932
vn  -0.734469 0.313487 0.601898
vn  -0.754564 0.256796 0.603894
vn  -0.641393 -0.329961 0.692634
vn  0.702279 0.356975 0.615932
vn  -0.754564 0.256796 0.603894
vn  -0.390368 -0.138978 0.910109
vn  -0.462532 -0.404077 0.789168
vn  -0.390368 -0.138978 0.910109
vn  0.501915 -0.237129 0.831776
vn  0.600028 0.020142 0.799726
vn  0.600028 0.020142 0.799726
vn  0.565795 -0.053040 0.822838
vn  0.563442 0.508038 0.651483
vn  0.600028 0.020142 0.799726
vn  0.918051 0.323713 0.228895
vn  0.563442 0.508038 0.651483
vn  0.614118 0.789026 0.017239
vn  0.918051 0.323713 0.228895
vn  0.545753 0.406983 -0.732474
vn  -0.734469 0.313487 0.601898
vn  0.300916 0.940357 0.158675
vn  0.300916 0.940357 0.158675
vn  -0.986697 0.093639 0.132894
vn  -0.016220 -0.988657 -0.149311
vn  -0.513038 -0.731753 0.448697
vn  -0.492780 -0.868315 0.056538
vn  -0.805110 -0.113787 0.582109
vn  -0.958645 -0.280723 -0.046858
vn  -0.986697 0.093639 0.132894
vn  0.014061 0.803651 -0.594935
vn  0.012901 0.798816 -0.601437
vn  -0.611682 -0.781399 -0.123537
vn  -0.961411 -0.112871 0.250898
vn  -0.829245 0.305488 0.468007
vn  -0.983181 0.182595 0.003725
vn  -0.827237 0.038251 -0.560549
vn  -0.308540 0.809876 -0.498902
vn  -0.372859 0.850989 0.369857
vn  -0.108750 0.975956 0.188898
vn  -0.564674 0.461045 -0.684529
vn  -0.986697 0.093639 0.132894
vn  -0.486449 0.637073 0.597917
vn  -0.494382 -0.001649 0.869243
vn  -0.774462 0.596179 -0.211612
vn  -0.486449 0.637073 0.597917
vn  -0.774462 0.596179 -0.211612
vn  -0.224024 -0.169352 -0.959757
vn  -0.563271 0.807497 -0.175141
vn  -0.523609 -0.823827 0.217125
vn  -0.864343 -0.249237 -0.436798
vn  -0.304215 -0.195251 -0.932379
vn  -0.920716 -0.347642 0.177279
vn  -0.343824 -0.215519 -0.913968
vn  -0.864343 -0.249237 -0.436798
vn  -0.304215 -0.195251 -0.932379
vn  0.469006 -0.549965 -0.691066
vn  -0.041998 -0.720627 -0.692050
vn  -0.041998 -0.720627 -0.692050
vn  0.469006 -0.549965 -0.691066
vn  -0.405589 0.635605 -0.656889
vn  -0.864343 -0.249237 -0.436798
vn  -0.050716 0.135077 0.989536
vn  -0.829245 0.305488 0.468007
vn  -0.961411 -0.112871 0.250898
vn  -0.973712 -0.134640 0.183733
vn  -0.277525 -0.253932 -0.926552
vn  -0.864343 -0.249237 -0.436798
vn  -0.277525 -0.253932 -0.926552
vn  -0.238017 -0.449538 -0.860967
vn  -0.238017 -0.449538 -0.860967
vn  -0.611682 -0.781399 -0.123537
vn  -0.270836 -0.175556 -0.946482
vn  -0.391676 -0.090926 -0.915600
vn  -0.833602 0.548750 0.063096
vn  0.139051 0.283779 0.948754
vn  -0.445832 -0.199680 -0.872560
vn  0.949394 0.037407 -0.311853
vn  -0.924149 0.116101 0.363964
vn  -0.211374 -0.360778 -0.908383
vn  -0.611682 -0.781399 -0.123537
vn  -0.238017 -0.449538 -0.860967
vn  -0.238017 -0.449538 -0.860967
vn  0.506084 0.270300 -0.819035
vn  0.140002 0.543084 -0.827925
vn  0.666999 0.284969 -0.688408
vn  0.880634 -0.048742 -0.471283
vn  0.214198 0.114626 -0.970041
vn  -0.017607 0.434375 -0.900560
vn  0.406465 0.596969 -0.691675
vn  0.994039 -0.063987 0.088268
vn  0.880634 -0.048742 -0.471283
vn  0.896112 -0.432494 0.099657
vn  0.225336 -0.744981 -0.627875
vn  0.255202 -0.726927 -0.637534
vn  -0.480957 -0.842487 -0.242684
vn  -0.877000 -0.479139 0.035993
vn  -0.201698 -0.957192 -0.207610
vn  -0.956201 -0.131389 0.261566
vn  -0.953474 -0.032910 0.299674
vn  -0.956201 -0.131389 0.261566

g rdmobj00
usemtl ffdtex1
f  1/1/1 2/2/2 3/3/3
f  1/1/1 3/3/3 2/2/2
f  4/4/4 5/5/5 2/2/2
f  3/3/3 5/5/5 2/2/2
f  2/2/2 5/5/5 4/4/4
f  5/5/5 3/3/3 2/2/2
f  6/6/6 7/7/7 8/8/8
f  9/9/9 8/8/8 10/10/10
f  11/11/11 12/12/12 13/13/13
f  11/11/11 14/14/14 12/12/12
f  15/15/15 16/16/16 17/17/17
f  18/18/18 19/19/19 20/20/20
f  21/21/21 22/22/22 23/23/23
f  18/18/18 24/24/24 19/19/19
f  6/6/6 23/23/23 25/25/25
f  20/20/20 26/26/26 18/18/18
f  21/21/21 23/23/23 27/27/27
f  25/25/25 7/7/7 6/6/6
f  25/25/25 28/28/28 7/7/7
f  19/19/19 24/24/24 29/29/29
f  19/19/19 29/29/29 30/30/30
f  31/31/31 14/14/14 11/11/11
f  32/32/32 29/29/29 13/13/13
f  33/33/33 34/34/34 35/35/35
f  36/36/36 37/37/37 10/10/10
f  38/38/38 39/39/39 40/40/40
f  12/12/12 41/41/41 13/13/13
f  11/11/11 13/13/13 29/29/29
f  42/42/42 43/43/43 44/44/44
f  36/36/36 45/45/45 46/46/46
f  22/22/22 25/25/25 23/23/23
f  23/23/23 6/6/6 27/27/27
f  25/25/25 22/22/22 28/28/28
f  47/47/47 27/27/27 6/6/6
f  45/45/45 27/27/27 47/47/47
f  6/6/6 8/8/8 47/47/47
f  46/46/46 47/47/47 8/8/8
f  47/47/47 46/46/46 45/45/45
f  36/36/36 46/46/46 37/37/37
f  37/37/37 48/48/48 10/10/10
f  10/10/10 48/48/48 9/9/9
f  7/7/7 10/10/10 8/8/8
f  8/8/8 9/9/9 46/46/46
f  9/9/9 37/37/37 46/46/46
f  37/37/37 49/49/49 48/48/48
f  50/50/50 48/48/48 49/49/49
f  48/48/48 50/50/50 9/9/9
f  51/51/51 9/9/9 50/50/50
f  50/50/50 52/52/52 51/51/51
f  53/53/53 51/51/51 52/52/52
f  54/54/54 53/53/53 52/52/52
f  54/54/54 55/55/55 53/53/53
f  49/49/49 55/55/55 50/50/50
f  52/52/52 50/50/50 55/55/55
f  54/54/54 52/52/52 55/55/55
f  28/28/28 10/10/10 7/7/7
f  56/56/56 57/57/57 58/58/58
f  18/18/18 26/26/26 24/24/24
f  41/41/41 59/59/59 60/60/60
f  61/61/61 62/62/62 63/63/63
f  64/64/64 65/65/65 66/66/66
f  67/67/67 68/68/68 69/69/69
f  70/70/70 71/71/71 72/72/72
f  73/73/73 74/74/74 75/75/75
f  76/76/76 65/65/65 77/77/77
f  78/78/78 79/79/79 80/80/80
f  81/81/81 82/82/82 83/83/83
f  84/84/84 85/85/85 86/86/86
f  87/87/87 88/88/88 89/89/89
f  90/90/90 91/91/91 92/92/92
f  93/93/93 94/94/94 95/95/95
f  95/95/95 94/94/94 96/96/96
f  90/90/90 97/97/97 95/95/95
f  95/95/95 97/97/97 93/93/93
f  98/98/98 99/99/99 100/100/100
f  100/100/100 99/99/99 101/101/101
f  102/102/102 103/103/103 90/90/90
f  90/90/90 103/103/103 97/97/97
f  104/104/104 105/105/105 94/94/94
f  94/94/94 105/105/105 106/106/106
f  104/104/104 93/93/93 107/107/107
f  107/107/107 93/93/93 97/97/97
f  108/108/108 109/109/109 110/110/110
f  110/110/110 109/109/109 111/111/111
f  108/108/108 110/110/110 112/112/112
f  112/112/112 110/110/110 113/113/113
f  114/114/114 109/109/109 112/112/112
f  112/112/112 109/109/109 108/108/108
f  105/105/105 115/115/115 116/116/116
f  116/116/116 115/115/115 117/117/117
f  110/110/110 111/111/111 113/113/113
f  113/113/113 111/111/111 118/118/118
f  113/113/113 118/118/118 112/112/112
f  112/112/112 118/118/118 114/114/114
f  119/119/119 120/120/120 121/121/121
f  121/121/121 120/120/120 122/122/122
f  77/77/77 123/123/123 124/124/124
f  124/124/124 123/123/123 125/125/125
f  126/126/126 127/127/127 128/128/128
f  128/128/128 127/127/127 129/129/129
f  78/78/78 80/80/80 72/72/72
f  72/72/72 80/80/80 70/70/70
f  82/82/82 81/81/81 130/130/130
f  130/130/130 81/81/81 131/131/131
f  81/81/81 83/83/83 132/132/132
f  132/132/132 83/83/83 133/133/133
f  134/134/134 135/135/135 83/83/83
f  83/83/83 135/135/135 136/136/136
f  137/137/137 138/138/138 139/139/139
f  139/139/139 138/138/138 140/140/140
f  141/141/141 142/142/142 143/143/143
f  143/143/143 142/142/142 144/144/144
f  145/145/145 68/68/68 141/141/141
f  141/141/141 68/68/68 142/142/142
f  146/146/146 147/147/147 17/17/17
f  17/17/17 147/147/147 148/148/148
f  149/149/149 144/144/144 150/150/150
f  150/150/150 144/144/144 142/142/142
f  17/17/17 151/151/151 152/152/152
f  152/152/152 151/151/151 153/153/153
f  154/154/154 155/155/155 16/16/16
f  16/16/16 155/155/155 146/146/146
f  44/44/44 43/43/43 33/33/33
f  33/33/33 43/43/43 34/34/34
f  150/150/150 142/142/142 67/67/67
f  67/67/67 142/142/142 68/68/68
f  156/156/156 157/157/157 158/158/158
f  158/158/158 157/157/157 159/159/159
f  160/160/160 161/161/161 156/156/156
f  156/156/156 161/161/161 157/157/157
f  162/162/162 163/163/163 164/164/164
f  164/164/164 163/163/163 165/165/165
f  164/164/164 166/166/166 162/162/162
f  162/162/162 166/166/166 167/167/167
f  162/162/162 167/167/167 163/163/163
f  163/163/163 167/167/167 168/168/168
f  163/163/163 168/168/168 165/165/165
f  165/165/165 168/168/168 169/169/169
f  166/166/166 169/169/169 167/167/167
f  167/167/167 169/169/169 168/168/168
f  165/165/165 169/169/169 164/164/164
f  164/164/164 169/169/169 166/166/166
f  170/170/170 171/171/171 172/172/172
f  172/172/172 171/171/171 173/173/173
f  172/172/172 173/173/173 174/174/174
f  174/174/174 173/173/173 175/175/175
f  176/176/176 177/177/177 178/178/178
f  178/178/178 177/177/177 179/179/179
f  178/178/178 180/180/180 176/176/176
f  176/176/176 180/180/180 181/181/181
f  179/179/179 182/182/182 178/178/178
f  178/178/178 182/182/182 180/180/180
f  177/177/177 183/183/183 179/179/179
f  179/179/179 183/183/183 182/182/182
f  180/180/180 182/182/182 181/181/181
f  181/181/181 182/182/182 183/183/183
f  176/176/176 181/181/181 177/177/177
f  177/177/177 181/181/181 183/183/183
f  184/184/184 185/185/185 186/186/186
f  186/186/186 185/185/185 187/187/187
f  188/188/188 189/189/189 190/190/190
f  191/191/191 192/192/192 193/193/193
f  193/193/193 192/192/192 194/194/194
f  190/190/190 189/189/189 195/195/195
f  196/196/196 197/197/197 188/188/188
f  188/188/188 197/197/197 189/189/189
f  196/196/196 188/188/188 198/198/198
f  198/198/198 188/188/188 190/190/190
f  192/192/192 199/199/199 194/194/194
f  200/200/200 194/194/194 199/199/199
f  200/200/200 201/201/201 194/194/194
f  194/194/194 201/201/201 202/202/202
f  203/203/203 202/202/202 201/201/201
f  190/190/190 195/195/195 198/198/198
f  198/198/198 195/195/195 204/204/204
f  196/196/196 198/198/198 197/197/197
f  197/197/197 198/198/198 204/204/204
f  205/205/205 206/206/206 207/207/207
f  207/207/207 206/206/206 186/186/186
f  208/208/208 209/209/209 210/210/210
f  210/210/210 209/209/209 211/211/211
f  212/212/212 213/213/213 214/214/214
f  214/214/214 213/213/213 215/215/215
f  214/214/214 216/216/216 217/217/217
f  217/217/217 216/216/216 205/205/205
f  212/212/212 218/218/218 219/219/219
f  219/219/219 218/218/218 220/220/220
f  221/221/221 218/218/218 207/207/207
f  207/207/207 218/218/218 217/217/217
f  214/214/214 217/217/217 212/212/212
f  212/212/212 217/217/217 218/218/218
f  55/55/55 49/49/49 53/53/53
f  53/53/53 49/49/49 51/51/51
f  49/49/49 37/37/37 51/51/51
f  222/222/222 203/203/203 201/201/201
f  223/223/223 203/203/203 222/222/222
f  51/51/51 37/37/37 9/9/9
f  59/59/59 71/71/71 60/60/60
f  224/224/224 225/225/225 226/226/226
f  227/227/227 228/228/228 229/229/229
f  230/230/230 231/231/231 232/232/232
f  230/230/230 233/233/233 231/231/231
f  116/116/116 229/229/229 228/228/228
f  109/109/109 229/229/229 116/116/116
f  234/234/234 235/235/235 236/236/236
f  93/93/93 104/104/104 94/94/94
f  105/105/105 104/104/104 237/237/237
f  238/238/238 233/233/233 230/230/230
f  239/239/239 191/191/191 240/240/240
f  97/97/97 103/103/103 107/107/107
f  241/241/241 229/229/229 109/109/109
f  242/242/242 243/243/243 244/244/244
f  245/245/245 246/246/246 243/243/243
f  243/243/243 246/246/246 244/244/244
f  247/247/247 230/230/230 232/232/232
f  248/248/248 244/244/244 249/249/249
f  191/191/191 239/239/239 192/192/192
f  241/241/241 227/227/227 229/229/229
f  103/103/103 250/250/250 107/107/107
f  117/117/117 111/111/111 116/116/116
f  230/230/230 247/247/247 251/251/251
f  238/238/238 230/230/230 251/251/251
f  252/252/252 192/192/192 239/239/239
f  253/253/253 192/192/192 252/252/252
f  218/218/218 221/221/221 220/220/220
f  217/217/217 205/205/205 207/207/207
f  254/254/254 255/255/255 256/256/256
f  184/184/184 256/256/256 255/255/255
f  220/220/220 221/221/221 257/257/257
f  258/258/258 255/255/255 254/254/254
f  258/258/258 204/204/204 255/255/255
f  204/204/204 258/258/258 197/197/197
f  195/195/195 184/184/184 204/204/204
f  204/204/204 184/184/184 255/255/255
f  258/258/258 259/259/259 197/197/197
f  197/197/197 259/259/259 189/189/189
f  195/195/195 189/189/189 185/185/185
f  185/185/185 184/184/184 195/195/195
f  186/186/186 260/260/260 207/207/207
f  260/260/260 259/259/259 207/207/207
f  221/221/221 207/207/207 259/259/259
f  260/260/260 186/186/186 187/187/187
f  221/221/221 259/259/259 257/257/257
f  185/185/185 189/189/189 187/187/187
f  187/187/187 189/189/189 259/259/259
f  187/187/187 259/259/259 260/260/260
f  261/261/261 174/174/174 262/262/262
f  175/175/175 262/262/262 174/174/174
f  261/261/261 262/262/262 170/170/170
f  170/170/170 262/262/262 171/171/171
f  263/263/263 175/175/175 173/173/173
f  175/175/175 263/263/263 262/262/262
f  264/264/264 173/173/173 171/171/171
f  264/264/264 263/263/263 173/173/173
f  265/265/265 262/262/262 263/263/263
f  265/265/265 171/171/171 262/262/262
f  266/266/266 171/171/171 265/265/265
f  266/266/266 264/264/264 171/171/171
f  267/267/267 263/263/263 264/264/264
f  267/267/267 265/265/265 263/263/263
f  264/264/264 266/266/266 244/244/244
f  244/244/244 267/267/267 264/264/264
f  268/268/268 266/266/266 265/265/265
f  249/249/249 266/266/266 268/268/268
f  249/249/249 244/244/244 266/266/266
f  267/267/267 246/246/246 265/265/265
f  268/268/268 265/265/265 246/246/246
f  246/246/246 267/267/267 244/244/244
f  245/245/245 268/268/268 246/246/246
f  245/245/245 269/269/269 268/268/268
f  270/270/270 268/268/268 269/269/269
f  268/268/268 271/271/271 249/249/249
f  111/111/111 109/109/109 116/116/116
f  109/109/109 114/114/114 241/241/241
f  237/237/237 115/115/115 105/105/105
f  107/107/107 272/272/272 104/104/104
f  237/237/237 104/104/104 272/272/272
f  115/115/115 237/237/237 272/272/272
f  241/241/241 114/114/114 272/272/272
f  107/107/107 250/250/250 272/272/272
f  117/117/117 115/115/115 118/118/118
f  111/111/111 117/117/117 118/118/118
f  114/114/114 118/118/118 272/272/272
f  115/115/115 272/272/272 118/118/118
f  36/36/36 10/10/10 273/273/273
f  58/58/58 274/274/274 56/56/56
f  69/69/69 68/68/68 145/145/145
f  275/275/275 153/153/153 276/276/276
f  277/277/277 278/278/278 135/135/135
f  123/123/123 279/279/279 125/125/125
f  66/66/66 279/279/279 123/123/123
f  66/66/66 280/280/280 279/279/279
f  88/88/88 281/281/281 282/282/282
f  283/283/283 284/284/284 86/86/86
f  136/136/136 285/285/285 286/286/286
f  151/151/151 287/287/287 288/288/288
f  289/289/289 61/61/61 290/290/290
f  291/291/291 292/292/292 293/293/293
f  291/291/291 294/294/294 292/292/292
f  289/289/289 62/62/62 61/61/61
f  295/295/295 296/296/296 297/297/297
f  298/298/298 299/299/299 294/294/294
f  295/295/295 300/300/300 301/301/301
f  302/302/302 303/303/303 289/289/289
f  304/304/304 289/289/289 303/303/303
f  305/305/305 306/306/306 307/307/307
f  296/296/296 295/295/295 308/308/308
f  63/63/63 225/225/225 224/224/224
f  119/119/119 226/226/226 225/225/225
f  309/309/309 63/63/63 62/62/62
f  310/310/310 225/225/225 63/63/63
f  305/305/305 307/307/307 311/311/311
f  305/305/305 311/311/311 306/306/306
f  312/312/312 308/308/308 295/295/295
f  313/313/313 122/122/122 314/314/314
f  315/315/315 316/316/316 301/301/301
f  295/295/295 301/301/301 316/316/316
f  120/120/120 314/314/314 122/122/122
f  317/317/317 318/318/318 144/144/144
f  85/85/85 84/84/84 319/319/319
f  320/320/320 66/66/66 65/65/65
f  321/321/321 75/75/75 322/322/322
f  75/75/75 323/323/323 322/322/322
f  64/64/64 77/77/77 65/65/65
f  323/323/323 75/75/75 74/74/74
f  282/282/282 89/89/89 88/88/88
f  283/283/283 86/86/86 85/85/85
f  280/280/280 66/66/66 324/324/324
f  125/125/125 279/279/279 325/325/325
f  280/280/280 324/324/324 326/326/326
f  327/327/327 328/328/328 329/329/329
f  330/330/330 326/326/326 324/324/324
f  331/331/331 329/329/329 328/328/328
f  153/153/153 151/151/151 288/288/288
f  288/288/288 287/287/287 276/276/276
f  284/284/284 332/332/332 333/333/333
f  284/284/284 333/333/333 334/334/334
f  331/331/331 335/335/335 329/329/329
f  329/329/329 335/335/335 236/236/236
f  331/331/331 336/336/336 335/335/335
f  128/128/128 129/129/129 337/337/337
f  338/338/338 148/148/148 337/337/337
f  337/337/337 148/148/148 147/147/147
f  147/147/147 128/128/128 337/337/337
f  325/325/325 279/279/279 280/280/280
f  143/143/143 144/144/144 318/318/318
f  144/144/144 149/149/149 317/317/317
f  147/147/147 339/339/339 128/128/128
f  280/280/280 326/326/326 340/340/340
f  340/340/340 325/325/325 280/280/280
f  341/341/341 338/338/338 337/337/337
f  341/341/341 129/129/129 127/127/127
f  341/341/341 337/337/337 129/129/129
f  236/236/236 335/335/335 234/234/234
f  342/342/342 234/234/234 335/335/335
f  343/343/343 340/340/340 326/326/326
f  344/344/344 345/345/345 346/346/346
f  345/345/345 347/347/347 346/346/346
f  348/348/348 349/349/349 328/328/328
f  348/348/348 328/328/328 327/327/327
f  339/339/339 350/350/350 351/351/351
f  339/339/339 351/351/351 128/128/128
f  351/351/351 126/126/126 128/128/128
f  346/346/346 347/347/347 352/352/352
f  353/353/353 352/352/352 347/347/347
f  353/353/353 347/347/347 354/354/354
f  347/347/347 355/355/355 354/354/354
f  356/356/356 354/354/354 355/355/355
f  357/357/357 358/358/358 359/359/359
f  341/341/341 359/359/359 358/358/358
f  360/360/360 351/351/351 350/350/350
f  360/360/360 357/357/357 351/351/351
f  281/281/281 361/361/361 362/362/362
f  281/281/281 362/362/362 363/363/363
f  132/132/132 358/358/358 357/357/357
f  132/132/132 357/357/357 360/360/360
f  358/358/358 132/132/132 133/133/133
f  349/349/349 364/364/364 365/365/365
f  366/366/366 358/358/358 133/133/133
f  341/341/341 358/358/358 366/366/366
f  342/342/342 364/364/364 234/234/234
f  234/234/234 364/364/364 367/367/367
f  367/367/367 364/364/364 348/348/348
f  349/349/349 348/348/348 364/364/364
f  368/368/368 72/72/72 79/79/79
f  368/368/368 79/79/79 78/78/78
f  368/368/368 78/78/78 72/72/72
f  89/89/89 369/369/369 87/87/87
f  282/282/282 281/281/281 363/363/363
f  370/370/370 354/354/354 356/356/356
f  371/371/371 370/370/370 356/356/356
f  285/285/285 278/278/278 286/286/286
f  135/135/135 285/285/285 136/136/136
f  285/285/285 135/135/135 278/278/278
f  363/363/363 372/372/372 282/282/282
f  373/373/373 374/374/374 375/375/375
f  373/373/373 375/375/375 376/376/376
f  286/286/286 366/366/366 83/83/83
f  136/136/136 286/286/286 83/83/83
f  234/234/234 367/367/367 235/235/235
f  133/133/133 83/83/83 366/366/366
f  79/79/79 72/72/72 71/71/71
f  377/377/377 373/373/373 376/376/376
f  378/378/378 379/379/379 344/344/344
f  79/79/79 71/71/71 80/80/80
f  380/380/380 82/82/82 130/130/130
f  381/381/381 382/382/382 383/383/383
f  384/384/384 383/383/383 385/385/385
f  383/383/383 382/382/382 385/385/385
f  386/386/386 374/374/374 373/373/373
f  387/387/387 388/388/388 382/382/382
f  344/344/344 346/346/346 378/378/378
f  71/71/71 70/70/70 60/60/60
f  360/360/360 131/131/131 81/81/81
f  81/81/81 132/132/132 360/360/360
f  373/373/373 389/389/389 386/386/386
f  377/377/377 389/389/389 373/373/373
f  390/390/390 378/378/378 346/346/346
f  391/391/391 390/390/390 346/346/346
f  392/392/392 393/393/393 160/160/160
f  161/161/161 160/160/160 393/393/393
f  392/392/392 158/158/158 393/393/393
f  158/158/158 159/159/159 393/393/393
f  394/394/394 157/157/157 161/161/161
f  161/161/161 393/393/393 394/394/394
f  395/395/395 159/159/159 157/157/157
f  395/395/395 157/157/157 394/394/394
f  396/396/396 394/394/394 393/393/393
f  396/396/396 393/393/393 159/159/159
f  397/397/397 396/396/396 159/159/159
f  397/397/397 159/159/159 395/395/395
f  398/398/398 395/395/395 394/394/394
f  398/398/398 394/394/394 396/396/396
f  395/395/395 382/382/382 397/397/397
f  382/382/382 395/395/395 398/398/398
f  399/399/399 396/396/396 397/397/397
f  388/388/388 399/399/399 397/397/397
f  388/388/388 397/397/397 382/382/382
f  398/398/398 396/396/396 385/385/385
f  399/399/399 385/385/385 396/396/396
f  385/385/385 382/382/382 398/398/398
f  384/384/384 385/385/385 399/399/399
f  384/384/384 399/399/399 400/400/400
f  401/401/401 400/400/400 399/399/399
f  399/399/399 388/388/388 402/402/402
f  135/135/135 134/134/134 277/277/277
f  35/35/35 403/403/403 404/404/404
f  404/404/404 403/403/403 405/405/405
f  406/406/406 36/36/36 273/273/273
f  34/34/34 403/403/403 35/35/35
f  407/407/407 20/20/20 19/19/19
f  19/19/19 30/30/30 407/407/407
f  34/34/34 408/408/408 403/403/403
f  403/403/403 408/408/408 409/409/409
f  409/409/409 16/16/16 403/403/403
f  405/405/405 403/403/403 16/16/16
f  405/405/405 16/16/16 15/15/15
f  152/152/152 15/15/15 17/17/17
f  410/410/410 411/411/411 412/412/412
f  410/410/410 412/412/412 283/283/283
f  58/58/58 410/410/410 283/283/283
f  85/85/85 58/58/58 283/283/283
f  58/58/58 57/57/57 410/410/410
f  274/274/274 413/413/413 56/56/56
f  146/146/146 17/17/17 16/16/16
f  413/413/413 414/414/414 56/56/56
f  29/29/29 32/32/32 30/30/30
f  34/34/34 43/43/43 408/408/408
f  26/26/26 31/31/31 24/24/24
f  31/31/31 29/29/29 24/24/24
f  140/140/140 12/12/12 14/14/14
f  29/29/29 31/31/31 11/11/11
f  43/43/43 42/42/42 82/82/82
f  360/360/360 350/350/350 408/408/408
f  339/339/339 408/408/408 350/350/350
f  155/155/155 408/408/408 339/339/339
f  154/154/154 408/408/408 155/155/155
f  408/408/408 154/154/154 409/409/409
f  43/43/43 380/380/380 408/408/408
f  408/408/408 380/380/380 130/130/130
f  130/130/130 131/131/131 408/408/408
f  131/131/131 360/360/360 408/408/408
f  409/409/409 154/154/154 16/16/16
f  153/153/153 275/275/275 152/152/152
f  287/287/287 17/17/17 338/338/338
f  151/151/151 17/17/17 287/287/287
f  148/148/148 338/338/338 17/17/17
f  288/288/288 276/276/276 153/153/153
f  332/332/332 283/283/283 412/412/412
f  283/283/283 332/332/332 284/284/284
f  58/58/58 85/85/85 319/319/319
f  274/274/274 58/58/58 319/319/319
f  339/339/339 146/146/146 155/155/155
f  146/146/146 339/339/339 147/147/147
f  415/415/415 416/416/416 417/417/417
f  40/40/40 26/26/26 38/38/38
f  14/14/14 31/31/31 40/40/40
f  26/26/26 40/40/40 31/31/31
f  415/415/415 369/369/369 416/416/416
f  380/380/380 43/43/43 82/82/82
f  40/40/40 139/139/139 14/14/14
f  140/140/140 14/14/14 139/139/139
f  59/59/59 12/12/12 138/138/138
f  139/139/139 40/40/40 39/39/39
f  39/39/39 418/418/418 139/139/139
f  139/139/139 418/418/418 137/137/137
f  140/140/140 138/138/138 12/12/12
f  12/12/12 59/59/59 41/41/41
f  80/80/80 138/138/138 137/137/137
f  59/59/59 138/138/138 80/80/80
f  71/71/71 59/59/59 80/80/80
f  70/70/70 137/137/137 60/60/60
f  80/80/80 137/137/137 70/70/70
f  137/137/137 418/418/418 60/60/60
f  416/416/416 369/369/369 89/89/89
f  419/419/419 416/416/416 282/282/282
f  89/89/89 282/282/282 416/416/416
f  419/419/419 282/282/282 372/372/372
f  419/419/419 372/372/372 420/420/420
f  95/95/95 91/91/91 90/90/90

g
v  188.099792 -27121.660156 2757.035156
v  146.418045 -27972.880859 2868.433838
v  -533.967224 -27981.896484 2282.548584
v  -232.074371 -27104.605469 2012.939819
v  -623.537537 -27855.580078 1943.999878
v  296.517517 -26800.019531 867.252380
v  -623.537537 -27855.580078 1943.999878
v  150.733688 -26383.248047 935.616028
v  -518.630554 -26861.384766 1596.292725
v  294.567078 -26379.351563 1117.403687
v  296.517517 -26800.019531 867.252380
v  1220.324585 -25658.091797 969.268738
v  1220.324585 -25658.091797 969.268738
v  150.733688 -26383.248047 935.616028
v  403.262665 -25110.503906 167.779800
v  1220.324585 -25658.091797 969.268738
v  -286.787567 -24859.806641 37.140781
v  1344.606079 -25082.464844 734.249023
v  -711.548035 -24181.490234 228.279877
v  -120.501961 -24222.712891 -639.339355
v  622.164307 -24397.820313 -510.633759
v  1647.437134 -24383.279297 196.404602
v  1675.365967 -23524.318359 107.476997
v  531.644775 -23572.546875 -670.731812
v  -316.682281 -23785.955078 -558.060486
v  -429.726257 -23043.412109 242.968521
v  386.134583 -22788.519531 -5.993103
v  1490.769531 -22864.207031 381.560852
v  1347.496216 -21894.128906 571.632385
v  -191.721512 -22083.341797 65.729752
v  -902.558350 -22567.062500 1371.807007
v  -1228.261475 -24171.128906 1845.002075
v  232.540665 -22655.824219 2462.137695
v  -511.906311 -26770.259766 2139.353516
v  -533.967224 -27981.896484 2282.548584
v  146.418045 -27972.880859 2868.433838
v  153.633484 -26765.591797 2796.685791
v  -511.906311 -26770.259766 2139.353516
v  153.633484 -26765.591797 2796.685791
v  -1131.892212 -25388.535156 2265.060059
v  -31.278872 -21093.416016 2365.633301
v  -973.130737 -21012.523438 909.336182
v  23.011995 -21152.902344 -175.718063
v  1579.979370 -21238.277344 655.241638
v  1799.112915 -19823.615234 503.776733
v  716.748535 -18904.142578 -512.064392
v  1606.938965 -17788.902344 232.326950
v  44.843594 -20292.744141 -384.496033
v  -568.953552 -20292.242188 39.783192
v  -1120.681396 -20292.410156 836.638489
v  -191.065170 -18931.755859 -671.151917
v  -983.815369 -18865.628906 -119.616524
v  1008.769958 -20074.580078 -43.895889
v  -1570.207642 -18866.640625 678.873413
v  -1344.287964 -19054.605469 1669.884277
v  -75.945564 -20413.074219 2451.312256
v  -350.228455 -19172.949219 2811.237305
v  -1344.287964 -19054.605469 1669.884277
v  -350.228455 -19172.949219 2811.237305
v  -415.579193 -18214.435547 2934.505615
v  -1844.875000 -16871.455078 846.834961
v  -1570.207642 -18866.640625 678.873413
v  -279.352173 -16511.798828 2886.918945
v  -1844.875000 -16871.455078 846.834961
v  -1147.823486 -16808.855469 -129.892960
v  -1570.207642 -18866.640625 678.873413
v  -983.815369 -18865.628906 -119.616524
v  -191.065170 -18931.755859 -671.151917
v  501.967499 -16917.521484 -981.883118
v  716.748535 -18904.142578 -512.064392
v  1568.845825 -16433.539063 -94.226685
v  1606.938965 -17788.902344 232.326950
v  -627.458984 -10590.334961 499.165283
v  -1229.425659 -10891.489258 -700.799683
v  -2024.728760 -1802.801025 -2061.680908
v  -1471.006714 -4116.626953 -1894.520264
v  -2832.087158 -2942.478516 -1584.943726
v  -915.383301 -3968.823730 -1282.117798
v  -1482.334473 -1658.517090 -1463.859375
v  -1374.977661 -4024.897217 -25.870283
v  -1658.998169 -2170.971680 -170.362579
v  -1658.998169 -2170.971680 -170.362579
v  -3067.848389 -1750.881104 -441.982239
v  -1374.977661 -4024.897217 -25.870283
v  -2105.766357 -7092.650391 -24.259188
v  -2543.152100 -4335.649414 -1311.960205
v  -790.502136 -11195.036133 -1311.069946
v  -1229.425659 -10891.489258 -700.799683
v  -963.063965 -10452.891602 -1457.071655
v  405.263397 -11766.555664 -1893.175415
v  235.517868 -10206.165039 -2056.786865
v  -1654.644409 -8133.902832 -1437.306030
v  -2216.989258 -8413.534180 -560.591431
v  -2216.989258 -8413.534180 -560.591431
v  -1654.644409 -8133.902832 -1437.306030
v  -2216.989258 -8413.534180 -560.591431
v  -461.237579 -7647.270996 -2075.138672
v  -1266.822998 -8206.231445 1005.870667
v  -2316.945557 -1054.082397 -1970.401855
v  -2347.072998 -455.162506 -422.437714
v  -2347.072998 -455.162506 -422.437714
v  -1717.666016 -894.666321 -1309.881958
v  -3303.538818 -709.594910 -1476.644897
v  -3229.845459 -1028.131470 -469.440063
v  -3084.029297 59.730202 -142.286057
v  -3084.029297 59.730202 -142.286057
v  -2658.561523 1228.550659 -753.694031
v  -3471.757080 1060.158081 -1019.665649
v  -3268.810059 1101.946777 -237.178513
v  -3471.757080 1060.158081 -1019.665649
v  -3518.956543 -78.058189 -1108.782104
v  -3268.810059 1101.946777 -237.178513
v  -2658.561523 1228.550659 -753.694031
v  -2111.983643 213.351273 -831.306274
v  -3048.841064 -0.358070 -211.828812
v  -2409.266357 -473.768372 -495.941528
v  -3231.456543 -692.481689 -1402.151489
v  -2638.672607 -481.556152 -2053.006348
v  -2236.991455 -996.778320 -1771.470703
v  -3133.989258 552.752686 -2940.907471
v  -2554.699219 672.951050 -3483.298828
v  -2131.357910 -376.503906 -1887.079102
v  -1857.976929 -895.955505 -1353.724731
v  -1796.524902 829.950134 -3235.322998
v  -1633.494385 863.467834 -2450.141113
v  -2131.357910 -376.503906 -1887.079102
v  -1857.976929 -895.955505 -1353.724731
v  -3475.013428 613.421448 -1680.927124
v  -3152.366211 1127.067017 -3248.332764
v  -1651.871094 1437.782227 -2757.566406
v  -2119.998291 894.011353 -1237.742676
v  981.261658 -27936.765625 3194.362793
v  1039.895630 -27066.718750 2778.369141
v  1316.537964 -27797.792969 3111.472900
v  1791.189331 -26755.500000 1766.696167
v  1780.739624 -26334.697266 1916.499390
v  1316.537964 -27797.792969 3111.472900
v  1531.082642 -26800.332031 2829.741943
v  1552.832275 -26341.873047 1874.585938
v  1791.189331 -26755.500000 1766.696167
v  1780.739624 -26334.697266 1916.499390
v  2285.093018 -25054.453125 1300.202759
v  2151.056641 -11338.651367 1437.343384
v  2783.746582 -16248.251953 1075.325317
v  1397.752197 -11558.828125 -1012.631653
v  2194.023193 -17820.343750 788.046875
v  1897.152832 -9956.219727 1605.500854
v  1253.618774 -7344.775391 1722.940796
v  702.566467 -7319.718750 -994.885315
v  1253.618774 -7344.775391 1722.940796
v  702.566467 -7319.718750 -994.885315
v  -959.253235 -8321.649414 3401.135742
v  51.477097 -10983.004883 3107.753418
v  -959.253235 -8321.649414 3401.135742
v  1162.793091 -25320.185547 3645.925293
v  -1131.892212 -25388.535156 2265.060059
v  2711.978027 -24770.486328 1841.698242
v  3203.750977 -24123.697266 1361.085571
v  2712.064209 -24079.515625 2288.495850
v  2750.679688 -24334.421875 770.236084
v  -591.358704 1413.651733 3951.901611
v  618.108704 975.953003 4452.248535
v  -319.326599 977.286499 3342.103516
v  -28.768538 1412.851440 4618.141113
v  1906.990234 1413.874390 3466.498779
v  868.908142 1415.351074 2237.164063
v  1411.366333 849.215454 2299.335693
v  733.925232 -265.299988 3757.437744
v  382.951538 -264.800720 3341.801758
v  1935.891357 848.469360 2920.497314
v  868.908142 1415.351074 2237.164063
v  1411.366333 849.215454 2299.335693
v  622.054016 849.153625 2444.933838
v  1658.220459 1415.412964 2091.565674
v  1658.220459 1415.412964 2091.565674
v  2182.745605 1414.666870 2712.727295
v  1660.136230 847.676941 3674.268555
v  1906.990234 1413.874390 3466.498779
v  2182.745605 1414.666870 2712.727295
v  1658.220459 1415.412964 2091.565674
v  572.703796 -2596.305908 4721.367676
v  -837.643250 -842.638916 4667.913086
v  -739.075500 -1573.787598 4596.708984
v  86.039429 -369.607849 4878.648926
v  802.475769 -732.666870 4047.540771
v  -786.239685 -374.889313 3725.385498
v  255.944077 -735.976013 3324.956543
v  1045.158936 -1484.454956 3873.697754
v  550.505493 -1487.449951 3219.703125
v  1431.804565 -7430.287109 2370.951904
v  -519.729797 -4042.847900 3159.441406
v  783.752014 -3843.751709 2927.439209
v  91.485474 -7860.022949 2614.318848
v  2019.959595 -7426.726074 3148.567383
v  1290.470093 -3840.683838 3597.385010
v  1277.447266 -7852.842285 4182.310547
v  544.203979 -4036.620850 4567.713867
v  -120.441742 -8242.269531 4159.339355
v  -265.102081 -6986.526367 4261.750000
v  91.485474 -7860.022949 2614.318848
v  -519.729797 -4042.847900 3159.441406
v  406.214478 -8193.147461 4633.441895
v  2120.440430 -7386.651855 3092.445801
v  2570.031006 -9975.713867 2734.159668
v  2120.440430 -7386.651855 3092.445801
v  1786.121216 -10188.802734 3828.330566
v  1331.608521 -7841.944824 4205.241211
v  2840.123779 -11341.795898 2590.043945
v  3547.369873 -16517.613281 2301.998535
v  2394.715820 -16766.207031 3740.433838
v  1890.509277 -11041.384766 3640.435303
v  1364.203613 -17154.996094 4220.729492
v  1143.572998 -10957.513672 3944.204590
v  1595.580933 -20437.876953 3407.787598
v  1474.625854 -21143.611328 3226.324219
v  -1228.261475 -24171.128906 1845.002075
v  1525.532104 -24089.103516 3502.143555
v  2898.279785 -23502.054688 753.430542
v  3204.576172 -23681.072266 1560.915771
v  2517.646729 -22955.623047 2016.599609
v  2345.053955 -22730.171875 1172.819458
v  2520.958008 -22002.542969 1698.130127
v  1721.040283 -22488.917969 2950.601563
v  1044.436768 -26723.902344 3075.908936
v  981.261658 -27936.765625 3194.362793
v  1044.436768 -26723.902344 3075.908936
v  2495.442139 -21285.310547 2164.625244
v  1606.938965 -17788.902344 232.326950
v  2194.023193 -17820.343750 788.046875
v  2920.672852 -19022.171875 1574.117798
v  2750.946289 -20437.666016 2177.036133
v  2360.662109 -20449.132813 2812.887451
v  3126.069580 -19109.400391 2468.768555
v  2622.144531 -19058.740234 3293.698975
v  2372.343750 -20147.603516 1246.830566
v  -2119.998291 894.011353 -1237.742676
v  -3475.013428 613.421448 -1680.927124
v  -1651.871094 1437.782227 -2757.566406
v  -3152.366211 1127.067017 -3248.332764
v  -1796.524902 829.950134 -3235.322998
v  -1814.901611 1404.264404 -3542.748291
v  -2573.075928 1247.265381 -3790.724121
v  -1814.901611 1404.264404 -3542.748291
v  -1814.901611 1404.264404 -3542.748291
v  -2573.075928 1247.265381 -3790.724121
v  -341.272034 -7788.749023 54.400326
v  113.422791 -7509.206543 -1270.539063
v  -531.497192 -7680.763672 -1981.363403
v  -1641.695313 -8134.678711 -1378.913208
v  -1851.722534 -8333.295898 43.308468
v  -341.272034 -7788.749023 54.400326
v  -1266.822998 -8206.231445 1005.870667
v  -461.237579 -7647.270996 -2075.138672
v  1204.219116 -9956.371094 -1204.591431
v  1857.232178 -19050.193359 3923.206055
v  846.573914 -19171.935547 3743.701904
v  846.573914 -19171.935547 3743.701904
v  1857.232178 -19050.193359 3923.206055
v  2622.144531 -19058.740234 3293.698975
v  3126.069580 -19109.400391 2468.768555
v  2920.672852 -19022.171875 1574.117798
v  -675.009277 -2169.370117 3226.931885
v  -675.009277 -2169.370117 3226.931885
v  406.214478 -8193.147461 4633.441895
v  1331.608521 -7841.944824 4205.241211
v  -786.239685 -374.889313 3725.385498
v  -907.671692 354.773224 4788.385742
v  -907.671692 354.773224 4788.385742
v  -831.136902 1412.833618 4725.028809
v  -28.768538 1412.851440 4618.141113
v  -831.136902 1412.833618 4725.028809
v  158.839661 307.585236 4839.264160
v  -591.358704 1413.651733 3951.901611
v  -645.653137 309.025391 3616.859375
v  -724.435120 -375.823547 3801.519043
v  -851.905151 288.817993 4741.215820
v  25.387119 -371.283569 4792.879395
v  617.141785 -714.437317 3926.838867
v  271.487610 -716.530212 3469.840088
v  382.951538 -264.800720 3341.801758
v  271.487610 -716.530212 3469.840088
v  618.108704 975.953003 4452.248535
v  -319.326599 977.286499 3342.103516

vt  0.398438 -0.664063 0.000000
vt  0.398438 -0.609375 0.000000
vt  0.445313 -0.609375 0.000000
vt  0.445313 -0.664063 0.000000
vt  0.468750 -0.617188 0.000000
vt  0.085938 -0.523438 0.000000
vt  0.148438 -0.445313 0.000000
vt  0.054688 -0.515625 0.000000
vt  0.085938 -0.460938 0.000000
vt  0.468750 -0.742188 0.000000
vt  0.500000 -0.726563 0.000000
vt  0.476563 -0.812500 0.000000
vt  0.015625 -0.578125 0.000000
vt  0.015625 -0.914063 0.000000
vt  0.078125 -0.906250 0.000000
vt  0.046875 -0.968750 0.000000
vt  0.093750 -0.867188 0.000000
vt  0.078125 -0.968750 0.000000
vt  0.140625 -0.812500 0.000000
vt  0.125000 -0.859375 0.000000
vt  0.117188 -0.898438 0.000000
vt  0.117188 -0.968750 0.000000
vt  0.164063 -0.968750 0.000000
vt  0.164063 -0.890625 0.000000
vt  0.156250 -0.851563 0.000000
vt  0.203125 -0.843750 0.000000
vt  0.210938 -0.906250 0.000000
vt  0.203125 -0.968750 0.000000
vt  0.257813 -0.968750 0.000000
vt  0.250000 -0.875000 0.000000
vt  0.242188 -0.757813 0.000000
vt  0.148438 -0.726563 0.000000
vt  0.234375 -0.640625 0.000000
vt  0.085938 -0.429688 0.000000
vt  0.156250 -0.429688 0.000000
vt  0.156250 -0.375000 0.000000
vt  0.085938 -0.375000 0.000000
vt  0.007813 -0.687500 0.000000
vt  0.007813 -0.640625 0.000000
vt  0.085938 -0.710938 0.000000
vt  0.304688 -0.640625 0.000000
vt  0.304688 -0.765625 0.000000
vt  0.304688 -0.875000 0.000000
vt  0.312500 -0.968750 0.000000
vt  0.390625 -0.968750 0.000000
vt  0.437500 -0.882813 0.000000
vt  0.500000 -0.945313 0.000000
vt  0.359375 -0.867188 0.000000
vt  0.351563 -0.820313 0.000000
vt  0.343750 -0.757813 0.000000
vt  0.429688 -0.828125 0.000000
vt  0.429688 -0.796875 0.000000
vt  0.375000 -0.914063 0.000000
vt  0.421875 -0.750000 0.000000
vt  0.398438 -0.710938 0.000000
vt  0.335938 -0.640625 0.000000
vt  0.398438 -0.640625 0.000000
vt  0.914063 -0.007813 0.000000
vt  0.835938 -0.000000 0.000000
vt  0.835938 -0.054688 0.000000
vt  0.960938 -0.125000 0.000000
vt  0.992188 -0.015625 0.000000
vt  0.835938 -0.140625 0.000000
vt  0.187500 -0.125000 0.000000
vt  0.257813 -0.132813 0.000000
vt  0.218750 -0.015625 0.000000
vt  0.265625 -0.015625 0.000000
vt  0.335938 -0.015625 0.000000
vt  0.343750 -0.132813 0.000000
vt  0.375000 -0.023438 0.000000
vt  0.414063 -0.148438 0.000000
vt  0.429688 -0.085938 0.000000
vt  0.875000 -0.445313 0.000000
vt  0.960938 -0.445313 0.000000
vt  0.875000 -0.835938 0.000000
vt  0.742188 -0.835938 0.000000
vt  0.820313 -0.765625 0.000000
vt  0.742188 -0.882813 0.000000
vt  0.875000 -0.882813 0.000000
vt  0.750000 -0.968750 0.000000
vt  0.851563 -0.953125 0.000000
vt  0.851563 -0.625000 0.000000
vt  0.882813 -0.695313 0.000000
vt  0.742188 -0.632813 0.000000
vt  0.585938 -0.695313 0.000000
vt  0.742188 -0.750000 0.000000
vt  0.265625 -0.429688 0.000000
vt  0.195313 -0.445313 0.000000
vt  0.265625 -0.476563 0.000000
vt  0.351563 -0.398438 0.000000
vt  0.351563 -0.460938 0.000000
vt  0.265625 -0.593750 0.000000
vt  0.195313 -0.593750 0.000000
vt  0.960938 -0.593750 0.000000
vt  0.054688 -0.875000 0.000000
vt  0.023438 -0.867188 0.000000
vt  0.078125 -0.851563 0.000000
vt  0.851563 -0.593750 0.000000
vt  0.921875 -0.835938 0.000000
vt  0.953125 -0.640625 0.000000
vt  0.953125 -0.953125 0.000000
vt  0.921875 -0.882813 0.000000
vt  0.953125 -0.750000 0.000000
vt  0.929688 -0.695313 0.000000
vt  0.992188 -0.859375 0.000000
vt  0.984375 -0.695313 0.000000
vt  0.109375 -0.273438 0.000000
vt  0.109375 -0.320313 0.000000
vt  0.125000 -0.296875 0.000000
vt  0.015625 -0.203125 0.000000
vt  0.078125 -0.195313 0.000000
vt  0.015625 -0.242188 0.000000
vt  0.015625 -0.203125 0.000000
vt  0.078125 -0.195313 0.000000
vt  0.078125 -0.242188 0.000000
vt  0.117188 -0.203125 0.000000
vt  0.117188 -0.203125 0.000000
vt  0.117188 -0.117188 0.000000
vt  0.148438 -0.140625 0.000000
vt  0.046875 -0.101563 0.000000
vt  0.046875 -0.062500 0.000000
vt  0.140625 -0.093750 0.000000
vt  0.171875 -0.117188 0.000000
vt  0.046875 -0.062500 0.000000
vt  0.046875 -0.101563 0.000000
vt  0.117188 -0.117188 0.000000
vt  0.148438 -0.140625 0.000000
vt  0.039063 -0.171875 0.000000
vt  0.015625 -0.078125 0.000000
vt  0.015625 -0.078125 0.000000
vt  0.039063 -0.171875 0.000000
vt  0.445313 -0.609375 0.000000
vt  0.445313 -0.664063 0.000000
vt  0.468750 -0.617188 0.000000
vt  0.085938 -0.523438 0.000000
vt  0.054688 -0.515625 0.000000
vt  0.148438 -0.445313 0.000000
vt  0.085938 -0.460938 0.000000
vt  0.468750 -0.742188 0.000000
vt  0.500000 -0.726563 0.000000
vt  0.015625 -0.914063 0.000000
vt  0.078125 -0.906250 0.000000
vt  0.484375 -0.398438 0.000000
vt  0.492188 -0.148438 0.000000
vt  0.421875 -0.398438 0.000000
vt  0.476563 -0.085938 0.000000
vt  0.484375 -0.460938 0.000000
vt  0.468750 -0.601563 0.000000
vt  0.437500 -0.601563 0.000000
vt  0.078125 -0.789063 0.000000
vt  0.078125 -0.812500 0.000000
vt  0.015625 -0.789063 0.000000
vt  0.796875 -0.445313 0.000000
vt  0.820313 -0.593750 0.000000
vt  0.085938 -0.710938 0.000000
vt  0.085938 -0.562500 0.000000
vt  0.093750 -0.867188 0.000000
vt  0.125000 -0.859375 0.000000
vt  0.140625 -0.812500 0.000000
vt  0.117188 -0.898438 0.000000
vt  0.109375 -0.273438 0.000000
vt  0.085938 -0.335938 0.000000
vt  0.085938 -0.257813 0.000000
vt  0.109375 -0.320313 0.000000
vt  0.039063 -0.343750 0.000000
vt  0.039063 -0.250000 0.000000
vt  0.078125 -0.031250 0.000000
vt  0.117188 -0.117188 0.000000
vt  0.140625 -0.093750 0.000000
vt  0.046875 -0.062500 0.000000
vt  0.015625 -0.078125 0.000000
vt  0.046875 -0.062500 0.000000
vt  0.046875 -0.101563 0.000000
vt  0.023438 -0.039063 0.000000
vt  0.054688 -0.000000 0.000000
vt  0.023438 -0.039063 0.000000
vt  0.046875 -0.101563 0.000000
vt  0.015625 -0.078125 0.000000
vt  0.015625 -0.320313 0.000000
vt  0.015625 -0.273438 0.000000
vt  0.820313 -0.765625 0.000000
vt  0.929688 -0.695313 0.000000
vt  0.882813 -0.695313 0.000000
vt  0.953125 -0.750000 0.000000
vt  0.921875 -0.835938 0.000000
vt  0.953125 -0.953125 0.000000
vt  0.921875 -0.882813 0.000000
vt  0.875000 -0.835938 0.000000
vt  0.875000 -0.882813 0.000000
vt  0.539063 -0.890625 0.000000
vt  0.750000 -0.968750 0.000000
vt  0.742188 -0.882813 0.000000
vt  0.531250 -0.960938 0.000000
vt  0.539063 -0.835938 0.000000
vt  0.742188 -0.835938 0.000000
vt  0.523438 -0.765625 0.000000
vt  0.742188 -0.750000 0.000000
vt  0.515625 -0.695313 0.000000
vt  0.585938 -0.695313 0.000000
vt  0.531250 -0.617188 0.000000
vt  0.742188 -0.632813 0.000000
vt  0.015625 -0.742188 0.000000
vt  0.078125 -0.750000 0.000000
vt  0.554688 -0.460938 0.000000
vt  0.554688 -0.601563 0.000000
vt  0.640625 -0.468750 0.000000
vt  0.640625 -0.593750 0.000000
vt  0.554688 -0.398438 0.000000
vt  0.562500 -0.132813 0.000000
vt  0.640625 -0.132813 0.000000
vt  0.640625 -0.421875 0.000000
vt  0.718750 -0.125000 0.000000
vt  0.718750 -0.445313 0.000000
vt  0.343750 -0.757813 0.000000
vt  0.304688 -0.765625 0.000000
vt  0.148438 -0.554688 0.000000
vt  0.148438 -0.726563 0.000000
vt  0.164063 -0.890625 0.000000
vt  0.156250 -0.851563 0.000000
vt  0.203125 -0.843750 0.000000
vt  0.210938 -0.906250 0.000000
vt  0.250000 -0.875000 0.000000
vt  0.242188 -0.757813 0.000000
vt  0.085938 -0.429688 0.000000
vt  0.156250 -0.429688 0.000000
vt  0.007813 -0.687500 0.000000
vt  0.304688 -0.875000 0.000000
vt  0.500000 -0.992188 0.000000
vt  0.500000 -0.945313 0.000000
vt  0.437500 -0.882813 0.000000
vt  0.359375 -0.867188 0.000000
vt  0.351563 -0.820313 0.000000
vt  0.429688 -0.828125 0.000000
vt  0.429688 -0.796875 0.000000
vt  0.375000 -0.914063 0.000000
vt  0.085938 -0.257813 0.000000
vt  0.085938 -0.335938 0.000000
vt  0.039063 -0.250000 0.000000
vt  0.039063 -0.343750 0.000000
vt  0.078125 -0.031250 0.000000
vt  0.023438 -0.039063 0.000000
vt  0.023438 -0.039063 0.000000
vt  0.054688 -0.000000 0.000000
vt  0.015625 -0.273438 0.000000
vt  0.015625 -0.320313 0.000000
vt  0.531250 -0.960938 0.000000
vt  0.539063 -0.890625 0.000000
vt  0.539063 -0.835938 0.000000
vt  0.523438 -0.765625 0.000000
vt  0.515625 -0.695313 0.000000
vt  0.531250 -0.617188 0.000000
vt  0.015625 -0.820313 0.000000
vt  0.351563 -0.601563 0.000000
vt  0.421875 -0.460938 0.000000
vt  0.421875 -0.750000 0.000000
vt  0.398438 -0.710938 0.000000
vt  0.765625 -0.007813 0.000000
vt  0.687500 -0.015625 0.000000
vt  0.640625 -0.023438 0.000000
vt  0.578125 -0.015625 0.000000
vt  0.531250 -0.023438 0.000000
vt  0.851563 -0.953125 0.000000
vt  0.851563 -0.625000 0.000000
vt  0.718750 -0.593750 0.000000
vt  0.046875 -0.726563 0.000000
vt  0.953125 -0.640625 0.000000
vt  0.992188 -0.859375 0.000000
vt  0.984375 -0.695313 0.000000
vt  0.125000 -0.296875 0.000000
vt  0.015625 -0.203125 0.000000
vt  0.015625 -0.242188 0.000000
vt  0.078125 -0.195313 0.000000
vt  0.015625 -0.203125 0.000000
vt  0.078125 -0.195313 0.000000
vt  0.117188 -0.203125 0.000000
vt  0.078125 -0.242188 0.000000
vt  0.117188 -0.203125 0.000000
vt  0.148438 -0.140625 0.000000
vt  0.171875 -0.117188 0.000000
vt  0.117188 -0.117188 0.000000
vt  0.148438 -0.140625 0.000000
vt  0.039063 -0.171875 0.000000
vt  0.039063 -0.171875 0.000000

vn  0.498342 -0.299399 -0.813643
vn  -0.515876 0.023939 0.856328
vn  0.566287 -0.676804 -0.470378
vn  0.864080 -0.442931 -0.239119
vn  -0.391610 -0.735641 -0.552697
vn  0.551353 -0.688089 -0.471744
vn  -0.391610 -0.735641 -0.552697
vn  -0.229423 -0.281591 -0.931703
vn  -0.900067 -0.056153 -0.432118
vn  0.772826 -0.418302 0.477246
vn  0.551353 -0.688089 -0.471744
vn  0.456069 -0.504857 -0.732885
vn  0.456069 -0.504857 -0.732885
vn  -0.229423 -0.281591 -0.931703
vn  0.268461 -0.602476 -0.751632
vn  0.456069 -0.504857 -0.732885
vn  -0.258427 -0.604345 -0.753646
vn  0.443949 -0.545680 -0.710734
vn  -0.895937 -0.037410 -0.442603
vn  -0.388628 -0.324166 -0.862487
vn  0.278314 -0.449876 -0.848618
vn  0.454871 -0.509057 -0.730722
vn  0.496481 0.231847 -0.836513
vn  0.159388 0.243782 -0.956643
vn  -0.581924 0.304648 -0.754025
vn  -0.791522 0.220810 -0.569856
vn  0.068193 0.432078 -0.899254
vn  0.476578 0.344376 -0.808875
vn  0.502235 0.165885 -0.848671
vn  -0.306716 -0.030636 -0.951308
vn  -0.989211 0.081961 0.121425
vn  -0.819793 0.260958 0.509745
vn  -0.513444 0.157169 0.843607
vn  -0.855520 -0.011795 0.517635
vn  0.566287 -0.676804 -0.470378
vn  -0.515876 0.023939 0.856328
vn  -0.506034 -0.153678 0.848712
vn  -0.855520 -0.011795 0.517635
vn  -0.506034 -0.153678 0.848712
vn  -0.577595 -0.088177 0.811547
vn  -0.614086 -0.089065 0.784198
vn  -0.979306 -0.153035 -0.132436
vn  -0.155915 -0.276582 -0.948258
vn  0.633457 -0.143132 -0.760425
vn  0.679580 -0.115612 -0.724434
vn  0.500087 -0.161072 -0.850863
vn  0.693795 -0.096161 -0.713724
vn  -0.042031 -0.246143 -0.968322
vn  -0.687191 -0.267877 -0.675285
vn  -0.948849 -0.315429 0.013799
vn  -0.321123 -0.165637 -0.932440
vn  -0.691495 -0.167308 -0.702739
vn  0.478776 -0.227353 -0.847989
vn  -0.914733 -0.207622 -0.346635
vn  -0.860497 -0.227614 0.455782
vn  -0.690355 -0.290911 0.662405
vn  -0.673940 -0.240934 0.698395
vn  -0.860497 -0.227614 0.455782
vn  -0.673940 -0.240934 0.698395
vn  -0.701932 -0.024189 0.711833
vn  -0.979883 0.035519 0.196384
vn  -0.914733 -0.207622 -0.346635
vn  -0.782244 0.080640 0.617731
vn  -0.979883 0.035519 0.196384
vn  -0.694182 -0.065344 -0.716828
vn  -0.914733 -0.207622 -0.346635
vn  -0.691495 -0.167308 -0.702739
vn  -0.321123 -0.165637 -0.932440
vn  0.018115 -0.141801 -0.989729
vn  0.500087 -0.161072 -0.850863
vn  0.688885 -0.122343 -0.714472
vn  0.693795 -0.096161 -0.713724
vn  -0.915413 -0.132678 0.380021
vn  -0.959282 -0.167675 -0.227295
vn  0.320768 0.090953 -0.942780
vn  0.187366 0.004209 -0.982281
vn  -0.701454 -0.180624 -0.689447
vn  0.951051 0.238154 -0.196937
vn  0.928870 0.279242 -0.243360
vn  0.422215 0.149475 0.894087
vn  0.632958 0.244617 0.734525
vn  0.632958 0.244617 0.734525
vn  -0.750841 -0.102340 0.652506
vn  0.422215 0.149475 0.894087
vn  -0.885763 -0.148959 0.439585
vn  -0.813744 -0.202148 -0.544938
vn  -0.603084 -0.185310 -0.775854
vn  -0.959282 -0.167675 -0.227295
vn  -0.682225 -0.251100 -0.686671
vn  0.249486 -0.132238 -0.959307
vn  0.038670 -0.085878 -0.995555
vn  -0.646093 0.152489 -0.747871
vn  -0.984807 0.170543 0.032721
vn  -0.984807 0.170543 0.032721
vn  -0.646093 0.152489 -0.747871
vn  -0.984807 0.170543 0.032721
vn  -0.047375 0.814172 -0.578688
vn  -0.756626 0.607368 0.242117
vn  0.144313 0.387148 -0.910654
vn  0.371847 0.567805 0.734389
vn  0.371847 0.567805 0.734389
vn  0.681057 0.706806 -0.191278
vn  -0.677126 0.552217 -0.486371
vn  -0.671107 -0.141420 0.727747
vn  -0.525775 0.625886 0.576044
vn  -0.525775 0.625886 0.576044
vn  0.408291 0.868888 0.279879
vn  -0.602413 0.757761 -0.250792
vn  -0.330758 0.439433 0.835163
vn  -0.602413 0.757761 -0.250792
vn  -0.971158 -0.236810 -0.027816
vn  -0.330758 0.439433 0.835163
vn  0.408291 0.868888 0.279879
vn  0.809599 0.081760 0.581262
vn  -0.207771 -0.147361 0.967014
vn  0.864397 0.184061 0.467909
vn  -0.783107 -0.510076 -0.355762
vn  -0.311189 -0.595502 -0.740634
vn  0.263667 -0.453479 -0.851374
vn  -0.768731 -0.439679 -0.464473
vn  -0.099368 -0.646357 -0.756537
vn  0.845156 -0.383556 -0.372285
vn  0.938508 0.225360 -0.261565
vn  0.658170 -0.474710 -0.584348
vn  0.995385 -0.079049 0.054414
vn  0.845156 -0.383556 -0.372285
vn  0.938508 0.225360 -0.261565
vn  -0.810549 0.568992 -0.138777
vn  -0.759738 0.523391 -0.385824
vn  0.348053 0.915627 0.201210
vn  0.559104 0.822746 0.102428
vn  0.179855 -0.688333 -0.702744
vn  -0.173487 -0.473807 -0.863371
vn  0.703197 -0.703030 0.106122
vn  0.189053 -0.698687 -0.689997
vn  0.942237 -0.246713 -0.226543
vn  0.703197 -0.703030 0.106122
vn  0.804651 -0.005377 0.593724
vn  -0.764237 -0.463982 -0.447953
vn  0.189053 -0.698687 -0.689997
vn  0.942237 -0.246713 -0.226543
vn  0.564563 -0.593657 -0.573446
vn  0.888311 0.172600 -0.425574
vn  0.784585 -0.036432 -0.618949
vn  0.825365 0.029939 -0.563806
vn  0.679521 -0.074269 -0.729887
vn  0.912457 0.202384 -0.355618
vn  0.435464 0.881354 -0.183265
vn  0.393192 0.888000 -0.238446
vn  0.435464 0.881354 -0.183265
vn  0.393192 0.888000 -0.238446
vn  -0.830059 0.447918 0.332223
vn  -0.765953 -0.169533 0.620141
vn  -0.830059 0.447918 0.332223
vn  -0.464006 0.000628 0.885832
vn  -0.577595 -0.088177 0.811547
vn  0.812654 -0.572442 -0.109105
vn  0.957363 -0.284075 -0.052515
vn  0.811160 0.013437 0.584670
vn  0.638907 -0.439136 -0.631630
vn  -0.255574 0.854355 -0.452504
vn  0.551411 0.698867 0.455556
vn  -0.512513 0.714347 -0.476486
vn  0.337517 0.788806 0.513680
vn  0.339688 0.825505 0.450726
vn  -0.335470 0.667285 -0.664974
vn  0.207823 -0.612119 -0.762968
vn  0.812814 -0.573034 0.104718
vn  0.099658 -0.521260 -0.847559
vn  0.774513 -0.598509 -0.204736
vn  -0.335470 0.667285 -0.664974
vn  0.207823 -0.612119 -0.762968
vn  -0.464357 -0.277501 -0.841050
vn  0.484030 -0.109796 -0.868136
vn  0.484030 -0.109796 -0.868136
vn  0.931518 0.361662 0.038403
vn  0.782989 -0.276958 0.556976
vn  0.339688 0.825505 0.450726
vn  0.931518 0.361662 0.038403
vn  0.484030 -0.109796 -0.868136
vn  0.456342 -0.022581 0.889518
vn  -0.668377 -0.135200 0.731432
vn  -0.840532 -0.120756 0.528132
vn  0.446648 0.560830 0.697119
vn  0.745188 0.663322 0.068547
vn  -0.555764 0.665355 -0.498426
vn  0.341588 0.500424 -0.795546
vn  0.956055 0.252910 -0.148309
vn  0.389389 0.176391 -0.904026
vn  0.143752 0.174173 -0.974166
vn  -0.660914 0.009526 -0.750401
vn  0.456617 0.194389 -0.868167
vn  -0.861992 -0.052393 -0.504208
vn  0.947419 0.221618 -0.230829
vn  0.988322 0.116505 0.098220
vn  0.581061 0.027422 0.813398
vn  0.233671 -0.065669 0.970096
vn  -0.485119 -0.135073 0.863953
vn  -0.872623 -0.134732 0.469443
vn  -0.861992 -0.052393 -0.504208
vn  -0.660914 0.009526 -0.750401
vn  -0.267607 0.436417 0.859026
vn  0.611876 0.713937 0.340444
vn  0.985703 0.156138 0.063336
vn  0.611876 0.713937 0.340444
vn  0.618491 -0.046902 0.784391
vn  0.449583 0.436173 0.779505
vn  0.982264 0.164663 0.089684
vn  0.994419 0.009428 -0.105077
vn  0.678929 -0.003242 0.734197
vn  0.597176 0.013161 0.802002
vn  -0.191539 -0.010310 0.981431
vn  -0.022903 -0.131086 0.991106
vn  -0.078842 -0.333044 0.939609
vn  0.348897 -0.301500 0.887338
vn  -0.819793 0.260958 0.509745
vn  0.030717 0.283663 0.958432
vn  0.759560 0.261660 -0.595485
vn  0.924443 0.349517 0.152457
vn  0.863440 0.270105 0.426045
vn  0.743326 0.452166 -0.492963
vn  0.997312 0.048163 -0.055219
vn  0.278777 0.094518 0.955693
vn  -0.056593 0.011988 0.998325
vn  0.179855 -0.688333 -0.702744
vn  -0.056593 0.011988 0.998325
vn  0.958024 -0.273331 0.086488
vn  0.693795 -0.096161 -0.713724
vn  0.679521 -0.074269 -0.729887
vn  0.837605 -0.153716 -0.524203
vn  0.953758 -0.299471 -0.025732
vn  0.694737 -0.341885 0.632815
vn  0.930970 -0.208344 0.299813
vn  0.736093 -0.202533 0.645869
vn  0.807152 -0.244925 -0.537138
vn  0.559104 0.822746 0.102428
vn  -0.810549 0.568992 -0.138777
vn  0.348053 0.915627 0.201210
vn  -0.759738 0.523391 -0.385824
vn  0.658170 -0.474710 -0.584348
vn  0.719301 0.518684 -0.462139
vn  -0.027124 -0.118330 -0.992604
vn  0.719301 0.518684 -0.462139
vn  0.719301 0.518684 -0.462139
vn  -0.027124 -0.118330 -0.992604
vn  0.706973 0.211618 0.674839
vn  0.885346 0.256005 -0.388103
vn  -0.083049 0.004718 -0.996534
vn  -0.873002 -0.192260 -0.448223
vn  -0.514880 -0.074906 0.853984
vn  0.706973 0.211618 0.674839
vn  -0.756626 0.607368 0.242117
vn  -0.047375 0.814172 -0.578688
vn  0.808624 0.131240 -0.573500
vn  0.348801 -0.246326 0.904246
vn  -0.426589 -0.261510 0.865814
vn  -0.426589 -0.261510 0.865814
vn  0.348801 -0.246326 0.904246
vn  0.736093 -0.202533 0.645869
vn  0.930970 -0.208344 0.299813
vn  0.837605 -0.153716 -0.524203
vn  -0.623005 0.065899 -0.779437
vn  -0.623005 0.065899 -0.779437
vn  -0.267607 0.436417 0.859026
vn  0.449583 0.436173 0.779505
vn  -0.555764 0.665355 -0.498426
vn  -0.638572 0.584038 0.501124
vn  -0.638572 0.584038 0.501124
vn  -0.682304 0.497165 0.535992
vn  0.337517 0.788806 0.513680
vn  -0.682304 0.497165 0.535992
vn  0.381542 -0.033430 0.923747
vn  -0.255574 0.854355 -0.452504
vn  -0.829270 -0.038663 -0.557509
vn  -0.642660 -0.116947 -0.757174
vn  -0.797725 0.017465 0.602769
vn  0.590977 -0.094878 0.801089
vn  0.921852 -0.304568 -0.239639
vn  0.239052 -0.318938 -0.917133
vn  0.099658 -0.521260 -0.847559
vn  0.239052 -0.318938 -0.917133
vn  0.551411 0.698867 0.455556
vn  -0.512513 0.714347 -0.476486

g rdmobj01
usemtl ffdtex0
f  421/421/421 422/422/422 423/423/423
f  424/424/424 421/421/421 423/423/423
f  424/424/424 423/423/423 425/425/425
f  426/426/426 427/427/427 428/428/428
f  429/429/429 428/428/428 427/427/427
f  424/424/424 425/425/425 430/430/430
f  430/430/430 425/425/425 431/431/431
f  430/430/430 431/431/431 432/432/432
f  426/426/426 428/428/428 433/433/433
f  434/434/434 435/435/435 436/436/436
f  437/437/437 435/435/435 434/434/434
f  438/438/438 436/436/436 435/435/435
f  437/437/437 439/439/439 440/440/440
f  435/435/435 437/437/437 441/441/441
f  440/440/440 441/441/441 437/437/437
f  435/435/435 442/442/442 438/438/438
f  441/441/441 442/442/442 435/435/435
f  442/442/442 441/441/441 443/443/443
f  443/443/443 441/441/441 444/444/444
f  444/444/444 441/441/441 440/440/440
f  440/440/440 439/439/439 445/445/445
f  444/444/444 440/440/440 445/445/445
f  445/445/445 439/439/439 446/446/446
f  446/446/446 447/447/447 445/445/445
f  444/444/444 447/447/447 443/443/443
f  444/444/444 445/445/445 447/447/447
f  447/447/447 448/448/448 443/443/443
f  447/447/447 449/449/449 448/448/448
f  447/447/447 450/450/450 449/449/449
f  446/446/446 450/450/450 447/447/447
f  450/450/450 446/446/446 451/451/451
f  452/452/452 453/453/453 451/451/451
f  452/452/452 451/451/451 446/446/446
f  452/452/452 446/446/446 439/439/439
f  427/427/427 454/454/454 429/429/429
f  455/455/455 454/454/454 427/427/427
f  455/455/455 456/456/456 454/454/454
f  456/456/456 457/457/457 454/454/454
f  458/458/458 459/459/459 460/460/460
f  453/453/453 461/461/461 451/451/451
f  451/451/451 462/462/462 450/450/450
f  451/451/451 461/461/461 462/462/462
f  450/450/450 462/462/462 463/463/463
f  449/449/449 450/450/450 464/464/464
f  463/463/463 464/464/464 450/450/450
f  465/465/465 466/466/466 467/467/467
f  468/468/468 463/463/463 469/469/469
f  462/462/462 469/469/469 463/463/463
f  470/470/470 469/469/469 462/462/462
f  466/466/466 468/468/468 471/471/471
f  468/468/468 469/469/469 471/471/471
f  471/471/471 469/469/469 472/472/472
f  465/465/465 473/473/473 466/466/466
f  465/465/465 464/464/464 473/473/473
f  464/464/464 463/463/463 473/473/473
f  468/468/468 473/473/473 463/463/463
f  466/466/466 473/473/473 468/468/468
f  472/472/472 469/469/469 474/474/474
f  470/470/470 474/474/474 469/469/469
f  474/474/474 470/470/470 475/475/475
f  470/470/470 476/476/476 475/475/475
f  475/475/475 476/476/476 477/477/477
f  478/478/478 479/479/479 480/480/480
f  478/478/478 481/481/481 482/482/482
f  478/478/478 480/480/480 481/481/481
f  483/483/483 481/481/481 480/480/480
f  484/484/484 485/485/485 486/486/486
f  487/487/487 485/485/485 488/488/488
f  487/487/487 486/486/486 485/485/485
f  489/489/489 488/488/488 485/485/485
f  488/488/488 489/489/489 490/490/490
f  489/489/489 491/491/491 490/490/490
f  492/492/492 490/490/490 491/491/491
f  483/483/483 493/493/493 481/481/481
f  494/494/494 481/481/481 493/493/493
f  495/495/495 496/496/496 497/497/497
f  498/498/498 499/499/499 500/500/500
f  501/501/501 500/500/500 499/499/499
f  502/502/502 503/503/503 504/504/504
f  505/505/505 504/504/504 503/503/503
f  505/505/505 503/503/503 506/506/506
f  497/497/497 506/506/506 503/503/503
f  506/506/506 497/497/497 496/496/496
f  507/507/507 508/508/508 509/509/509
f  510/510/510 507/507/507 511/511/511
f  509/509/509 511/511/511 507/507/507
f  512/512/512 509/509/509 513/513/513
f  508/508/508 513/513/513 509/509/509
f  494/494/494 493/493/493 514/514/514
f  515/515/515 516/516/516 517/517/517
f  518/518/518 514/514/514 493/493/493
f  519/519/519 495/495/495 497/497/497
f  502/502/502 520/520/520 503/503/503
f  521/521/521 501/501/501 522/522/522
f  499/499/499 522/522/522 501/501/501
f  519/519/519 497/497/497 523/523/523
f  524/524/524 503/503/503 520/520/520
f  525/525/525 521/521/521 523/523/523
f  526/526/526 523/523/523 524/524/524
f  524/524/524 520/520/520 526/526/526
f  527/527/527 528/528/528 529/529/529
f  530/530/530 531/531/531 532/532/532
f  533/533/533 532/532/532 534/534/534
f  534/534/534 535/535/535 536/536/536
f  535/535/535 534/534/534 532/532/532
f  535/535/535 532/532/532 531/531/531
f  531/531/531 537/537/537 535/535/535
f  538/538/538 539/539/539 537/537/537
f  531/531/531 538/538/538 537/537/537
f  531/531/531 540/540/540 538/538/538
f  541/541/541 538/538/538 540/540/540
f  542/542/542 543/543/543 539/539/539
f  538/538/538 542/542/542 539/539/539
f  544/544/544 545/545/545 546/546/546
f  534/534/534 546/546/546 545/545/545
f  534/534/534 536/536/536 546/546/546
f  546/546/546 536/536/536 547/547/547
f  530/530/530 548/548/548 531/531/531
f  549/549/549 540/540/540 548/548/548
f  540/540/540 531/531/531 548/548/548
f  550/550/550 551/551/551 545/545/545
f  533/533/533 534/534/534 551/551/551
f  534/534/534 545/545/545 551/551/551
f  421/421/421 552/552/552 422/422/422
f  553/553/553 552/552/552 421/421/421
f  553/553/553 554/554/554 552/552/552
f  555/555/555 556/556/556 557/557/557
f  558/558/558 557/557/557 556/556/556
f  553/553/553 559/559/559 554/554/554
f  559/559/559 560/560/560 554/554/554
f  559/559/559 432/432/432 560/560/560
f  555/555/555 433/433/433 556/556/556
f  561/561/561 436/436/436 562/562/562
f  563/563/563 564/564/564 565/565/565
f  566/566/566 492/492/492 564/564/564
f  563/563/563 565/565/565 567/567/567
f  568/568/568 567/567/567 569/569/569
f  570/570/570 571/571/571 572/572/572
f  573/573/573 574/574/574 493/493/493
f  459/459/459 575/575/575 576/576/576
f  577/577/577 561/561/561 562/562/562
f  438/438/438 562/562/562 436/436/436
f  503/503/503 523/523/523 497/497/497
f  503/503/503 524/524/524 523/523/523
f  577/577/577 578/578/578 579/579/579
f  562/562/562 580/580/580 577/577/577
f  578/578/578 577/577/577 580/580/580
f  562/562/562 438/438/438 442/442/442
f  581/581/581 582/582/582 583/583/583
f  584/584/584 582/582/582 581/581/581
f  583/583/583 585/585/585 586/586/586
f  582/582/582 585/585/585 583/583/583
f  587/587/587 588/588/588 589/589/589
f  590/590/590 588/588/588 587/587/587
f  591/591/591 592/592/592 593/593/593
f  594/594/594 592/592/592 591/591/591
f  595/595/595 590/590/590 587/587/587
f  596/596/596 590/590/590 595/595/595
f  596/596/596 597/597/597 590/590/590
f  598/598/598 597/597/597 596/596/596
f  599/599/599 586/586/586 585/585/585
f  600/600/600 586/586/586 599/599/599
f  601/601/601 602/602/602 603/603/603
f  604/604/604 602/602/602 601/601/601
f  605/605/605 606/606/606 604/604/604
f  607/607/607 606/606/606 605/605/605
f  607/607/607 608/608/608 609/609/609
f  605/605/605 608/608/608 607/607/607
f  610/610/610 611/611/611 612/612/612
f  613/613/613 611/611/611 610/610/610
f  614/614/614 612/612/612 615/615/615
f  610/610/610 612/612/612 614/614/614
f  615/615/615 616/616/616 614/614/614
f  617/617/617 616/616/616 615/615/615
f  618/618/618 617/617/617 619/619/619
f  616/616/616 617/617/617 618/618/618
f  620/620/620 619/619/619 621/621/621
f  618/618/618 619/619/619 620/620/620
f  570/570/570 622/622/622 623/623/623
f  572/572/572 622/622/622 570/570/570
f  568/568/568 624/624/624 567/567/567
f  625/625/625 624/624/624 568/568/568
f  625/625/625 626/626/626 624/624/624
f  627/627/627 626/626/626 625/625/625
f  567/567/567 628/628/628 563/563/563
f  624/624/624 628/628/628 567/567/567
f  609/609/609 615/615/615 612/612/612
f  608/608/608 615/615/615 609/609/609
f  563/563/563 629/629/629 564/564/564
f  628/628/628 629/629/629 563/563/563
f  628/628/628 630/630/630 629/629/629
f  631/631/631 630/630/630 628/628/628
f  632/632/632 631/631/631 633/633/633
f  630/630/630 631/631/631 632/632/632
f  461/461/461 634/634/634 476/476/476
f  635/635/635 634/634/634 461/461/461
f  636/636/636 575/575/575 637/637/637
f  576/576/576 575/575/575 636/636/636
f  580/580/580 562/562/562 442/442/442
f  442/442/442 443/443/443 580/580/580
f  443/443/443 638/638/638 580/580/580
f  638/638/638 578/578/578 580/580/580
f  578/578/578 639/639/639 579/579/579
f  638/638/638 639/639/639 578/578/578
f  639/639/639 640/640/640 579/579/579
f  640/640/640 639/639/639 641/641/641
f  638/638/638 443/443/443 641/641/641
f  638/638/638 641/641/641 639/639/639
f  641/641/641 443/443/443 448/448/448
f  641/641/641 448/448/448 449/449/449
f  641/641/641 449/449/449 642/642/642
f  640/640/640 641/641/641 642/642/642
f  642/642/642 643/643/643 640/640/640
f  637/637/637 643/643/643 453/453/453
f  637/637/637 640/640/640 643/643/643
f  637/637/637 579/579/579 640/640/640
f  557/557/557 558/558/558 644/644/644
f  645/645/645 557/557/557 644/644/644
f  645/645/645 644/644/644 456/456/456
f  456/456/456 644/644/644 457/457/457
f  646/646/646 575/575/575 459/459/459
f  453/453/453 643/643/643 461/461/461
f  643/643/643 642/642/642 635/635/635
f  643/643/643 635/635/635 461/461/461
f  642/642/642 647/647/647 635/635/635
f  449/449/449 464/464/464 642/642/642
f  647/647/647 642/642/642 464/464/464
f  465/465/465 648/648/648 649/649/649
f  465/465/465 649/649/649 650/650/650
f  651/651/651 652/652/652 647/647/647
f  635/635/635 647/647/647 652/652/652
f  634/634/634 635/635/635 652/652/652
f  650/650/650 653/653/653 651/651/651
f  651/651/651 653/653/653 652/652/652
f  653/653/653 654/654/654 652/652/652
f  465/465/465 650/650/650 655/655/655
f  465/465/465 655/655/655 464/464/464
f  464/464/464 655/655/655 647/647/647
f  651/651/651 647/647/647 655/655/655
f  650/650/650 651/651/651 655/655/655
f  528/528/528 656/656/656 657/657/657
f  527/527/527 656/656/656 528/528/528
f  657/657/657 658/658/658 659/659/659
f  656/656/656 658/658/658 657/657/657
f  541/541/541 542/542/542 538/538/538
f  660/660/660 542/542/542 541/541/541
f  661/661/661 545/545/545 544/544/544
f  550/550/550 545/545/545 661/661/661
f  662/662/662 660/660/660 541/541/541
f  663/663/663 660/660/660 662/662/662
f  549/549/549 541/541/541 540/540/540
f  662/662/662 541/541/541 549/549/549
f  664/664/664 659/659/659 658/658/658
f  665/665/665 659/659/659 664/664/664
f  522/522/522 523/523/523 521/521/521
f  519/519/519 523/523/523 522/522/522
f  519/519/519 499/499/499 495/495/495
f  522/522/522 499/499/499 519/519/519
f  666/666/666 498/498/498 500/500/500
f  667/667/667 498/498/498 666/666/666
f  667/667/667 496/496/496 498/498/498
f  668/668/668 496/496/496 667/667/667
f  506/506/506 668/668/668 669/669/669
f  496/496/496 668/668/668 506/506/506
f  669/669/669 505/505/505 506/506/506
f  670/670/670 505/505/505 669/669/669
f  670/670/670 504/504/504 505/505/505
f  671/671/671 504/504/504 670/670/670
f  672/672/672 517/517/517 516/516/516
f  571/571/571 517/517/517 672/672/672
f  673/673/673 674/674/674 511/511/511
f  569/569/569 674/674/674 673/673/673
f  512/512/512 511/511/511 509/509/509
f  673/673/673 511/511/511 512/512/512
f  511/511/511 565/565/565 510/510/510
f  674/674/674 565/565/565 511/511/511
f  495/495/495 498/498/498 496/496/496
f  499/499/499 498/498/498 495/495/495
f  510/510/510 491/491/491 489/489/489
f  565/565/565 491/491/491 510/510/510
f  507/507/507 489/489/489 485/485/485
f  510/510/510 489/489/489 507/507/507
f  485/485/485 508/508/508 507/507/507
f  484/484/484 508/508/508 485/485/485
f  462/462/462 476/476/476 470/470/470
f  461/461/461 476/476/476 462/462/462
f  654/654/654 675/675/675 652/652/652
f  634/634/634 652/652/652 675/675/675
f  675/675/675 676/676/676 634/634/634
f  634/634/634 676/676/676 476/476/476
f  676/676/676 477/477/477 476/476/476
f  677/677/677 480/480/480 479/479/479
f  677/677/677 678/678/678 632/632/632
f  677/677/677 632/632/632 480/480/480
f  483/483/483 480/480/480 632/632/632
f  632/632/632 678/678/678 630/630/630
f  679/679/679 680/680/680 630/630/630
f  679/679/679 630/630/630 678/678/678
f  629/629/629 630/630/630 680/680/680
f  680/680/680 681/681/681 629/629/629
f  629/629/629 681/681/681 564/564/564
f  491/491/491 564/564/564 492/492/492
f  566/566/566 564/564/564 681/681/681
f  483/483/483 632/632/632 573/573/573
f  493/493/493 483/483/483 573/573/573
f  633/633/633 573/573/573 632/632/632
f  491/491/491 565/565/565 564/564/564
f  608/608/608 601/601/601 615/615/615
f  612/612/612 611/611/611 609/609/609
f  682/682/682 609/609/609 611/611/611
f  683/683/683 621/621/621 603/603/603
f  619/619/619 603/603/603 621/621/621
f  619/619/619 617/617/617 603/603/603
f  601/601/601 603/603/603 617/617/617
f  617/617/617 615/615/615 601/601/601
f  631/631/631 626/626/626 633/633/633
f  628/628/628 624/624/624 631/631/631
f  626/626/626 631/631/631 624/624/624
f  674/674/674 567/567/567 565/565/565
f  627/627/627 684/684/684 626/626/626
f  633/633/633 626/626/626 684/684/684
f  633/633/633 684/684/684 573/573/573
f  685/685/685 623/623/623 622/622/622
f  674/674/674 569/569/569 567/567/567
f  574/574/574 573/573/573 684/684/684
f  493/493/493 574/574/574 518/518/518
f  672/672/672 572/572/572 571/571/571
f  605/605/605 601/601/601 608/608/608
f  683/683/683 603/603/603 686/686/686
f  606/606/606 607/607/607 682/682/682
f  609/609/609 682/682/682 607/607/607
f  604/604/604 601/601/601 605/605/605
f  602/602/602 686/686/686 603/603/603
f  687/687/687 604/604/604 606/606/606
f  688/688/688 602/602/602 604/604/604
f  602/602/602 688/688/688 686/686/686
f  581/581/581 689/689/689 584/584/584
f  690/690/690 691/691/691 692/692/692
f  693/693/693 694/694/694 691/691/691
f  694/694/694 695/695/695 696/696/696
f  696/696/696 691/691/691 694/694/694
f  696/696/696 692/692/692 691/691/691
f  692/692/692 696/696/696 697/697/697
f  588/588/588 697/697/697 698/698/698
f  692/692/692 697/697/697 588/588/588
f  692/692/692 588/588/588 597/597/597
f  590/590/590 597/597/597 588/588/588
f  589/589/589 698/698/698 699/699/699
f  588/588/588 698/698/698 589/589/589
f  592/592/592 700/700/700 593/593/593
f  694/694/694 593/593/593 700/700/700
f  694/694/694 700/700/700 695/695/695
f  700/700/700 701/701/701 695/695/695
f  690/690/690 692/692/692 702/702/702
f  598/598/598 702/702/702 597/597/597
f  597/597/597 702/702/702 692/692/692
f  591/591/591 593/593/593 703/703/703
f  693/693/693 703/703/703 694/694/694
f  694/694/694 703/703/703 593/593/593
f  636/636/636 637/637/637 453/453/453

g
