mtllib MAP012.mtl
o mesh_0
usemtl mat0
v 51.2 19.200000000000003 -2.3513218543629185e-15
v 44.800000000000004 19.200000000000003 6.399999999999998
v 38.400000000000006 19.200000000000003 -2.3513218543629185e-15
vt 0.625 0.3046875
vt 0.6796875 0.25
vt 0.7421875 0.3046875
vn 0 1 -1.2246467991473532e-16
vn 0 1 -1.2246467991473532e-16
vn 0 1 -1.2246467991473532e-16
f 3/3/3 2/2/2 1/1/1
o mesh_1
usemtl mat0
v 51.2 19.200000000000003 -2.3513218543629185e-15
v 44.800000000000004 19.200000000000003 6.399999999999998
v 38.400000000000006 19.200000000000003 -2.3513218543629185e-15
vt 0.625 0.3046875
vt 0.6796875 0.25
vt 0.7421875 0.3046875
vn 0 1 -1.2246467991473532e-16
vn 0 1 -1.2246467991473532e-16
vn 0 1 -1.2246467991473532e-16
f 6/6/6 5/5/5 4/4/4
o mesh_2
usemtl mat1
v 0 25.6 0.09999999999999687
v 12.8 25.6 0.09999999999999687
v 0 12.8 0.09999999999999844
v 12.8 12.8 0.09999999999999844
v 0 12.8 0.09999999999999844
v 12.8 12.8 0.09999999999999844
v 0 1.2246467991473533e-17 0.1
v 12.8 1.2246467991473533e-17 0.1
v 12.8 25.6 0.09999999999999687
v 0 25.6 0.09999999999999687
v 12.8 12.8 0.09999999999999844
v 0 12.8 0.09999999999999844
v 12.8 12.8 0.09999999999999844
v 0 12.8 0.09999999999999844
v 12.8 1.2246467991473533e-17 0.1
v 0 1.2246467991473533e-17 0.1
vt 0.6171875 0.5
vt 0.5 0.5
vt 0.6171875 0.6796875
vt 0.5 0.6796875
vt 0.6171875 0.6796875
vt 0.5 0.6796875
vt 0.6171875 0.8671875
vt 0.5 0.8671875
vt 0.5 0.5
vt 0.6171875 0.5
vt 0.5 0.6796875
vt 0.6171875 0.6796875
vt 0.5 0.6796875
vt 0.6171875 0.6796875
vt 0.5 0.8671875
vt 0.6171875 0.8671875
vn 0 1.2246467991473532e-16 1
vn 0 1.2246467991473532e-16 1
vn 0 1.2246467991473532e-16 1
vn 0 1.2246467991473532e-16 1
vn 0 1.2246467991473532e-16 1
vn 0 1.2246467991473532e-16 1
vn 0 1.2246467991473532e-16 1
vn 0 1.2246467991473532e-16 1
vn 0 -1.2246467991473532e-16 -1
vn 0 -1.2246467991473532e-16 -1
vn 0 -1.2246467991473532e-16 -1
vn 0 -1.2246467991473532e-16 -1
vn 0 -1.2246467991473532e-16 -1
vn 0 -1.2246467991473532e-16 -1
vn 0 -1.2246467991473532e-16 -1
vn 0 -1.2246467991473532e-16 -1
f 9/9/9 8/8/8 7/7/7
f 8/8/8 9/9/9 10/10/10
f 13/13/13 12/12/12 11/11/11
f 12/12/12 13/13/13 14/14/14
f 17/17/17 16/16/16 15/15/15
f 16/16/16 17/17/17 18/18/18
f 21/21/21 20/20/20 19/19/19
f 20/20/20 21/21/21 22/22/22
o mesh_3
usemtl mat2
v -0.6000000000000001 1.8 -0.10000000000000023
v 1 1.8 -0.10000000000000023
v -0.6000000000000001 -1.4000000000000001 -0.09999999999999984
v 1 -1.4000000000000001 -0.09999999999999984
vt 0.625 0.375
vt 0.6484375 0.375
vt 0.625 0.4296875
vt 0.6484375 0.4296875
vn 0 1.2246467991473532e-16 1
vn 0 1.2246467991473532e-16 1
vn 0 1.2246467991473532e-16 1
vn 0 1.2246467991473532e-16 1
f 25/25/25 24/24/24 23/23/23
f 24/24/24 25/25/25 26/26/26
o mesh_4
usemtl mat2
v -0.7000000000000001 1.7000000000000002 -0.20000000000000023
v 0.9 1.7000000000000002 -0.20000000000000023
v -0.7000000000000001 -1.5 -0.19999999999999982
v 0.9 -1.5 -0.19999999999999982
vt 0.625 0.375
vt 0.6484375 0.375
vt 0.625 0.4296875
vt 0.6484375 0.4296875
vn 0 1.2246467991473532e-16 1
vn 0 1.2246467991473532e-16 1
vn 0 1.2246467991473532e-16 1
vn 0 1.2246467991473532e-16 1
f 29/29/29 28/28/28 27/27/27
f 28/28/28 29/29/29 30/30/30
o mesh_5
usemtl mat2
v -0.7000000000000001 1.8 -2.2043642384652358e-16
v 0.9 1.8 -2.2043642384652358e-16
v -0.7000000000000001 -1.4000000000000001 1.7145055188062946e-16
v 0.9 -1.4000000000000001 1.7145055188062946e-16
vt 0.625 0.375
vt 0.6484375 0.375
vt 0.625 0.4296875
vt 0.6484375 0.4296875
vn 0 1.2246467991473532e-16 1
vn 0 1.2246467991473532e-16 1
vn 0 1.2246467991473532e-16 1
vn 0 1.2246467991473532e-16 1
f 33/33/33 32/32/32 31/31/31
f 32/32/32 33/33/33 34/34/34
o mesh_6
usemtl mat2
v -0.7000000000000001 1.8 -0.20000000000000023
v 0.9 1.8 -0.20000000000000023
v -0.7000000000000001 -1.4000000000000001 -0.19999999999999984
v 0.9 -1.4000000000000001 -0.19999999999999984
vt 0.625 0.375
vt 0.6484375 0.375
vt 0.625 0.4296875
vt 0.6484375 0.4296875
vn 0 1.2246467991473532e-16 1
vn 0 1.2246467991473532e-16 1
vn 0 1.2246467991473532e-16 1
vn 0 1.2246467991473532e-16 1
f 37/37/37 36/36/36 35/35/35
f 36/36/36 37/37/37 38/38/38
o mesh_7
usemtl mat2
v -0.8 1.7000000000000002 0.0999999999999998
v 0.8 1.7000000000000002 0.0999999999999998
v -0.8 -1.5 0.10000000000000019
v 0.8 -1.5 0.10000000000000019
vt 0.625 0.375
vt 0.6484375 0.375
vt 0.625 0.4296875
vt 0.6484375 0.4296875
vn 0 1.2246467991473532e-16 1
vn 0 1.2246467991473532e-16 1
vn 0 1.2246467991473532e-16 1
vn 0 1.2246467991473532e-16 1
f 41/41/41 40/40/40 39/39/39
f 40/40/40 41/41/41 42/42/42
o mesh_8
usemtl mat2
v -1 1.8 -0.20000000000000023
v 0.6000000000000001 1.8 -0.20000000000000023
v -1 -1.4000000000000001 -0.19999999999999984
v 0.6000000000000001 -1.4000000000000001 -0.19999999999999984
vt 0.625 0.375
vt 0.6484375 0.375
vt 0.625 0.4296875
vt 0.6484375 0.4296875
vn 0 1.2246467991473532e-16 1
vn 0 1.2246467991473532e-16 1
vn 0 1.2246467991473532e-16 1
vn 0 1.2246467991473532e-16 1
f 45/45/45 44/44/44 43/43/43
f 44/44/44 45/45/45 46/46/46
o mesh_9
usemtl mat3
v 64 19.199999999999992 -89.60000000000001
v 64 19.19999999999999 -102.4
v 66.4 19.19999999999999 -102.4
v 64 19.19999999999999 -102.4
v 64 19.199999999999992 -89.60000000000001
v 61.6 19.199999999999992 -89.60000000000001
v 64 19.19999999999999 -102.4
v 61.6 19.199999999999992 -89.60000000000001
v 51.2 19.199999999999992 -89.60000000000001
v 76.80000000000001 63.999999999999986 -115.20000000000002
v 76.80000000000001 63.999999999999986 -128
v 89.60000000000001 63.999999999999986 -128
v 35.2 63.999999999999986 -128
v 25.6 63.999999999999986 -128
v 25.6 63.999999999999986 -140.8
v 64 63.999999999999986 -128
v 70.4 63.999999999999986 -128
v 67.2 63.999999999999986 -116.80000000000003
v 37.6 63.999999999999986 -119.20000000000002
v 39.2 63.999999999999986 -123.20000000000002
v 44 63.999999999999986 -123.20000000000002
v 76.80000000000001 63.999999999999986 -128
v 72.8 63.999999999999986 -128
v 73.60000000000001 63.999999999999986 -139.20000000000002
v 76.80000000000001 63.999999999999986 -115.20000000000002
v 71.2 63.19999999999999 -115.20000000000002
v 70.4 63.999999999999986 -116.80000000000003
v 46.400000000000006 63.999999999999986 -128
v 51.2 63.999999999999986 -128
v 51.2 63.999999999999986 -116.80000000000003
v 44 25.599999999999984 -140.8
v 38.400000000000006 25.599999999999984 -140.8
v 38.400000000000006 25.599999999999984 -153.60000000000002
v 62.400000000000006 19.2 -38.400000000000006
v 64 19.2 -38.400000000000006
v 64 19.2 -25.600000000000005
v 64 19.199999999999996 -64
v 64 18.399999999999995 -51.2
v 62.400000000000006 19.199999999999996 -51.2
v 25.6 19.19999999999999 -102.4
v 25.6 19.19999999999999 -115.2
v 36 19.19999999999999 -115.2
v 38.400000000000006 19.19999999999999 -102.4
v 37.6 19.19999999999999 -115.2
v 44.800000000000004 19.19999999999999 -115.2
v 66.4 19.19999999999999 -102.4
v 76.80000000000001 19.19999999999999 -102.4
v 76.80000000000001 19.199999999999992 -89.60000000000001
v 89.60000000000001 63.999999999999986 -128
v 87.2 63.19999999999999 -116.00000000000001
v 76.80000000000001 63.999999999999986 -115.20000000000002
v 38.400000000000006 25.59999999999998 -166.4
v 25.6 25.59999999999998 -166.4
v 25.6 25.59999999999998 -179.20000000000002
v 70.4 12.799999999999981 -153.60000000000002
v 64 12.799999999999981 -153.60000000000002
v 64 12.799999999999981 -166.4
v 38.400000000000006 31.999999999999975 -192
v 25.6 31.999999999999975 -192
v 25.6 31.999999999999975 -204.8
v 64 19.199999999999974 -217.60000000000002
v 64 19.199999999999978 -204.8
v 51.2 19.199999999999978 -204.8
v 49.6 25.59999999999998 -179.20000000000002
v 38.400000000000006 25.59999999999998 -179.20000000000002
v 38.400000000000006 25.599999999999977 -192
v 76.80000000000001 31.999999999999982 -153.60000000000002
v 76.80000000000001 31.999999999999982 -140.8
v 73.60000000000001 31.999999999999982 -140.8
v 76.80000000000001 19.199999999999978 -214.4
v 79.2 17.599999999999973 -217.60000000000002
v 89.60000000000001 19.199999999999974 -217.60000000000002
v 64 19.199999999999992 -76.80000000000001
v 51.2 19.199999999999992 -76.80000000000001
v 51.2 19.199999999999992 -89.60000000000001
v 51.2 25.599999999999984 -153.60000000000002
v 51.2 25.599999999999984 -140.8
v 44 25.599999999999984 -140.8
v 25.6 25.599999999999984 -153.60000000000002
v 25.6 25.59999999999998 -166.4
v 38.400000000000006 25.59999999999998 -166.4
v 67.2 63.999999999999986 -116.80000000000003
v 67.2 63.19999999999999 -115.20000000000002
v 64 63.999999999999986 -115.20000000000002
v 51.2 63.999999999999986 -140.8
v 64 63.999999999999986 -140.8
v 64 63.999999999999986 -139.20000000000002
v 64 63.999999999999986 -128
v 64 63.999999999999986 -139.20000000000002
v 70.4 63.999999999999986 -139.20000000000002
v 73.60000000000001 63.999999999999986 -139.20000000000002
v 74.4 63.19999999999999 -140.8
v 76.80000000000001 63.999999999999986 -140.8
v 44 63.999999999999986 -115.20000000000002
v 38.400000000000006 63.999999999999986 -115.20000000000002
v 37.6 63.999999999999986 -119.20000000000002
v 25.6 63.999999999999986 -128
v 35.2 63.999999999999986 -128
v 33.6 63.999999999999986 -123.20000000000002
v 38.400000000000006 63.999999999999986 -140.8
v 38.400000000000006 63.999999999999986 -129.6
v 35.2 63.999999999999986 -128
v 51.2 19.199999999999992 -89.60000000000001
v 51.2 19.19999999999999 -102.4
v 64 19.19999999999999 -102.4
v 38.400000000000006 25.599999999999977 -192
v 38.400000000000006 25.59999999999998 -179.20000000000002
v 25.6 25.59999999999998 -179.20000000000002
v 25.6 25.599999999999984 -153.60000000000002
v 38.400000000000006 25.599999999999984 -153.60000000000002
v 38.400000000000006 25.599999999999984 -140.8
v 33.6 63.999999999999986 -123.20000000000002
v 25.6 63.999999999999986 -116.00000000000001
v 25.6 63.999999999999986 -128
v 35.2 63.999999999999986 -128
v 25.6 63.999999999999986 -140.8
v 38.400000000000006 63.999999999999986 -140.8
v 37.6 63.999999999999986 -119.20000000000002
v 44 63.999999999999986 -123.20000000000002
v 44 63.999999999999986 -115.20000000000002
v 64 63.999999999999986 -139.20000000000002
v 51.2 63.999999999999986 -134.4
v 51.2 63.999999999999986 -140.8
v 76.80000000000001 63.999999999999986 -140.8
v 76.80000000000001 63.999999999999986 -128
v 73.60000000000001 63.999999999999986 -139.20000000000002
v 70.4 63.999999999999986 -139.20000000000002
v 70.4 63.999999999999986 -128
v 64 63.999999999999986 -128
v 72.8 63.999999999999986 -128
v 76.80000000000001 63.999999999999986 -128
v 76.80000000000001 63.999999999999986 -115.20000000000002
v 70.4 63.999999999999986 -116.80000000000003
v 72.8 63.999999999999986 -128
v 76.80000000000001 63.999999999999986 -115.20000000000002
v 38.400000000000006 25.599999999999984 -140.8
v 25.6 25.599999999999984 -140.8
v 25.6 25.599999999999984 -153.60000000000002
v 25.6 25.59999999999998 -179.20000000000002
v 25.6 25.599999999999977 -192
v 38.400000000000006 25.599999999999977 -192
v 64 63.999999999999986 -115.20000000000002
v 64 63.999999999999986 -128
v 67.2 63.999999999999986 -116.80000000000003
v 64 25.599999999999984 -140.8
v 51.2 25.599999999999984 -140.8
v 51.2 25.599999999999984 -153.60000000000002
v 76.80000000000001 12.799999999999974 -217.60000000000002
v 79.2 17.599999999999973 -217.60000000000002
v 76.80000000000001 19.199999999999978 -214.4
v 46.400000000000006 63.999999999999986 -134.4
v 47.2 61.59999999999999 -140.8
v 51.2 62.39999999999999 -140.8
v 51.2 62.39999999999999 -140.8
v 51.2 63.999999999999986 -134.4
v 46.400000000000006 63.999999999999986 -134.4
v 33.6 63.999999999999986 -123.20000000000002
v 33.6 62.39999999999999 -115.20000000000002
v 25.6 62.39999999999999 -115.20000000000002
v 64 23.999999999999982 -152
v 64 25.599999999999984 -140.8
v 51.2 25.599999999999984 -153.60000000000002
v 76.80000000000001 19.199999999999978 -214.4
v 64 19.199999999999974 -217.60000000000002
v 76.80000000000001 12.799999999999974 -217.60000000000002
v 66.4 19.19999999999999 -102.4
v 64 19.19999999999999 -102.4
v 67.2 19.19999999999999 -115.2
v 64 19.19999999999999 -115.2
v 89.60000000000001 19.199999999999978 -204.8
v 76.80000000000001 19.199999999999978 -204.8
v 89.60000000000001 19.199999999999974 -217.60000000000002
v 76.80000000000001 19.199999999999978 -214.4
v 51.2 19.2 -25.600000000000005
v 64 19.2 -25.600000000000005
v 51.2 6.399999999999997 -25.6
v 64 6.399999999999997 -25.6
v 89.60000000000001 63.999999999999986 -128
v 76.80000000000001 63.999999999999986 -128
v 89.60000000000001 63.999999999999986 -140.8
v 76.80000000000001 63.999999999999986 -140.8
v 0 63.999999999999986 -128
v 0 63.999999999999986 -140.8
v 12.8 63.999999999999986 -128
v 12.8 63.999999999999986 -140.8
v 12.8 63.999999999999986 -115.20000000000002
v 0 63.999999999999986 -115.20000000000002
v 12.8 63.999999999999986 -128
v 0 63.999999999999986 -128
v 64 63.999999999999986 -115.20000000000002
v 51.2 63.999999999999986 -116.80000000000003
v 64 63.999999999999986 -128
v 51.2 63.999999999999986 -128
v 51.2 63.999999999999986 -134.4
v 51.2 63.999999999999986 -128
v 46.400000000000006 63.999999999999986 -134.4
v 46.400000000000006 63.999999999999986 -128
v 64 63.999999999999986 -139.20000000000002
v 64 63.999999999999986 -128
v 51.2 63.999999999999986 -134.4
v 51.2 63.999999999999986 -128
v 12.8 63.999999999999986 -128
v 25.6 63.999999999999986 -128
v 12.8 63.999999999999986 -115.20000000000002
v 25.6 63.999999999999986 -116.00000000000001
v 25.6 63.999999999999986 -140.8
v 25.6 63.999999999999986 -128
v 12.8 63.999999999999986 -140.8
v 12.8 63.999999999999986 -128
v 51.2 -2.9783410155263633e-14 -243.20000000000002
v 38.400000000000006 -2.9783410155263633e-14 -243.20000000000002
v 51.2 -3.291850596108086e-14 -268.8
v 38.400000000000006 -3.291850596108086e-14 -268.8
v 76.80000000000001 6.399999999999996 -38.400000000000006
v 76.80000000000001 6.399999999999994 -51.2
v 89.60000000000001 6.399999999999996 -38.400000000000006
v 89.60000000000001 6.399999999999994 -51.2
v 89.60000000000001 6.399999999999994 -51.2
v 76.80000000000001 6.399999999999994 -51.2
v 89.60000000000001 6.399999999999992 -64
v 76.80000000000001 6.399999999999992 -64
v 89.60000000000001 6.399999999999992 -64
v 76.80000000000001 6.399999999999992 -64
v 89.60000000000001 6.399999999999991 -76.80000000000001
v 76.80000000000001 6.399999999999991 -76.80000000000001
v 89.60000000000001 6.399999999999991 -76.80000000000001
v 76.80000000000001 6.399999999999991 -76.80000000000001
v 89.60000000000001 6.39999999999999 -89.60000000000001
v 76.80000000000001 6.39999999999999 -89.60000000000001
v 76.80000000000001 19.199999999999992 -89.60000000000001
v 76.80000000000001 19.19999999999999 -102.4
v 89.60000000000001 19.199999999999992 -89.60000000000001
v 89.60000000000001 19.19999999999999 -102.4
v 89.60000000000001 19.19999999999999 -102.4
v 76.80000000000001 19.19999999999999 -102.4
v 89.60000000000001 19.19999999999999 -115.2
v 76.80000000000001 19.19999999999999 -115.2
v 89.60000000000001 6.399999999999996 -38.400000000000006
v 89.60000000000001 6.399999999999997 -25.6
v 76.80000000000001 6.399999999999996 -38.400000000000006
v 76.80000000000001 6.399999999999997 -25.6
v 76.80000000000001 6.399999999999996 -38.400000000000006
v 76.80000000000001 6.399999999999997 -25.6
v 64 6.399999999999996 -38.400000000000006
v 64 6.399999999999997 -25.6
v 51.2 19.2 -25.600000000000005
v 51.2 19.2 -38.400000000000006
v 64 19.2 -25.600000000000005
v 62.400000000000006 19.2 -38.400000000000006
v 51.2 19.2 -25.600000000000005
v 38.400000000000006 19.2 -25.600000000000005
v 51.2 19.2 -38.400000000000006
v 38.400000000000006 19.2 -38.400000000000006
v 38.400000000000006 19.2 -25.600000000000005
v 25.6 19.2 -25.600000000000005
v 38.400000000000006 19.2 -38.400000000000006
v 25.6 19.2 -38.400000000000006
v 25.6 19.2 -38.400000000000006
v 25.6 19.2 -25.600000000000005
v 12.8 19.2 -38.400000000000006
v 12.8 19.2 -25.600000000000005
v 12.8 19.2 -25.600000000000005
v 0 19.2 -25.600000000000005
v 12.8 19.2 -38.400000000000006
v 0 19.2 -38.400000000000006
v 12.8 19.2 -38.400000000000006
v 0 19.2 -38.400000000000006
v 12.8 19.199999999999996 -51.2
v 0 19.199999999999996 -51.2
v 12.8 19.199999999999996 -51.2
v 0 19.199999999999996 -51.2
v 12.8 19.199999999999996 -64
v 0 19.199999999999996 -64
v 12.8 19.199999999999996 -64
v 0 19.199999999999996 -64
v 12.8 19.199999999999992 -76.80000000000001
v 0 19.199999999999992 -76.80000000000001
v 12.8 19.199999999999992 -89.60000000000001
v 12.8 19.199999999999992 -76.80000000000001
v 0 19.199999999999992 -89.60000000000001
v 0 19.199999999999992 -76.80000000000001
v 12.8 19.199999999999992 -89.60000000000001
v 0 19.199999999999992 -89.60000000000001
v 12.8 19.19999999999999 -102.4
v 0 19.19999999999999 -102.4
v 0 19.19999999999999 -102.4
v 0 19.19999999999999 -115.2
v 12.8 19.19999999999999 -102.4
v 12.8 19.19999999999999 -115.2
v 67.2 19.19999999999999 -115.2
v 76.80000000000001 19.19999999999999 -115.2
v 66.4 19.19999999999999 -102.4
v 76.80000000000001 19.19999999999999 -102.4
v 62.400000000000006 19.2 -38.400000000000006
v 51.2 19.2 -38.400000000000006
v 62.400000000000006 19.199999999999996 -51.2
v 51.2 19.199999999999996 -51.2
v 36 19.19999999999999 -115.2
v 37.6 19.19999999999999 -115.2
v 25.6 19.19999999999999 -102.4
v 38.400000000000006 19.19999999999999 -102.4
v 44.800000000000004 19.19999999999999 -115.2
v 51.2 19.19999999999999 -115.2
v 38.400000000000006 19.19999999999999 -102.4
v 51.2 19.19999999999999 -102.4
v 12.8 19.19999999999999 -102.4
v 12.8 19.19999999999999 -115.2
v 25.6 19.19999999999999 -102.4
v 25.6 19.19999999999999 -115.2
v 51.2 19.19999999999999 -102.4
v 51.2 19.19999999999999 -115.2
v 64 19.19999999999999 -102.4
v 64 19.19999999999999 -115.2
v 64 6.39999999999999 -89.60000000000001
v 76.80000000000001 6.39999999999999 -89.60000000000001
v 64 6.399999999999991 -76.80000000000001
v 76.80000000000001 6.399999999999991 -76.80000000000001
v 12.8 19.199999999999992 -76.80000000000001
v 25.6 19.199999999999992 -76.80000000000001
v 12.8 19.199999999999996 -64
v 25.6 19.199999999999996 -64
v 25.6 19.199999999999992 -76.80000000000001
v 38.400000000000006 19.199999999999992 -76.80000000000001
v 25.6 19.199999999999996 -64
v 38.400000000000006 19.199999999999996 -64
v 38.400000000000006 19.199999999999992 -76.80000000000001
v 51.2 19.199999999999992 -76.80000000000001
v 38.400000000000006 19.199999999999996 -64
v 51.2 19.199999999999996 -64
v 51.2 19.199999999999992 -76.80000000000001
v 64 19.199999999999992 -76.80000000000001
v 51.2 19.199999999999996 -64
v 64 19.199999999999996 -64
v 76.80000000000001 6.399999999999994 -51.2
v 76.80000000000001 6.399999999999996 -38.400000000000006
v 64 6.399999999999994 -51.2
v 64 6.399999999999996 -38.400000000000006
v 38.400000000000006 19.19999999999999 -102.4
v 51.2 19.19999999999999 -102.4
v 38.400000000000006 19.199999999999992 -89.60000000000001
v 51.2 19.199999999999992 -89.60000000000001
v 25.6 19.19999999999999 -102.4
v 38.400000000000006 19.19999999999999 -102.4
v 25.6 19.199999999999992 -89.60000000000001
v 38.400000000000006 19.199999999999992 -89.60000000000001
v 12.8 19.19999999999999 -102.4
v 25.6 19.19999999999999 -102.4
v 12.8 19.199999999999992 -89.60000000000001
v 25.6 19.199999999999992 -89.60000000000001
v 12.8 19.199999999999996 -51.2
v 25.6 19.199999999999996 -51.2
v 12.8 19.2 -38.400000000000006
v 25.6 19.2 -38.400000000000006
v 64 6.399999999999991 -76.80000000000001
v 76.80000000000001 6.399999999999991 -76.80000000000001
v 64 6.399999999999992 -64
v 76.80000000000001 6.399999999999992 -64
v 38.400000000000006 19.199999999999996 -64
v 51.2 19.199999999999996 -64
v 38.400000000000006 19.199999999999996 -51.2
v 51.2 19.199999999999996 -51.2
v 38.400000000000006 19.199999999999992 -89.60000000000001
v 51.2 19.199999999999992 -89.60000000000001
v 38.400000000000006 19.199999999999992 -76.80000000000001
v 51.2 19.199999999999992 -76.80000000000001
v 12.8 19.199999999999996 -64
v 25.6 19.199999999999996 -64
v 12.8 19.199999999999996 -51.2
v 25.6 19.199999999999996 -51.2
v 25.6 19.199999999999992 -89.60000000000001
v 38.400000000000006 19.199999999999992 -89.60000000000001
v 25.6 19.199999999999992 -76.80000000000001
v 38.400000000000006 19.199999999999992 -76.80000000000001
v 64 6.399999999999992 -64
v 76.80000000000001 6.399999999999992 -64
v 64 6.399999999999994 -51.2
v 76.80000000000001 6.399999999999994 -51.2
v 38.400000000000006 19.199999999999996 -51.2
v 51.2 19.199999999999996 -51.2
v 38.400000000000006 19.2 -38.400000000000006
v 51.2 19.2 -38.400000000000006
v 25.6 19.199999999999992 -89.60000000000001
v 25.6 19.199999999999992 -76.80000000000001
v 12.8 19.199999999999992 -89.60000000000001
v 12.8 19.199999999999992 -76.80000000000001
v 38.400000000000006 19.2 -38.400000000000006
v 25.6 19.2 -38.400000000000006
v 38.400000000000006 19.199999999999996 -51.2
v 25.6 19.199999999999996 -51.2
v 25.6 19.199999999999996 -64
v 38.400000000000006 19.199999999999996 -64
v 25.6 19.199999999999996 -51.2
v 38.400000000000006 19.199999999999996 -51.2
v 73.60000000000001 31.999999999999982 -140.8
v 70.4 31.999999999999982 -140.8
v 76.80000000000001 31.999999999999982 -153.60000000000002
v 70.4 31.999999999999982 -152
v 64 12.799999999999981 -166.4
v 76.80000000000001 12.799999999999981 -166.4
v 70.4 12.799999999999981 -153.60000000000002
v 76.80000000000001 12.799999999999981 -153.60000000000002
v 49.6 25.59999999999998 -179.20000000000002
v 38.400000000000006 25.599999999999977 -192
v 51.2 25.59999999999998 -180.8
v 51.2 25.599999999999977 -192
v 25.6 31.999999999999975 -204.8
v 36.800000000000004 31.999999999999975 -204.8
v 38.400000000000006 31.999999999999975 -192
v 38.400000000000006 31.999999999999975 -203.20000000000002
v 70.4 31.999999999999982 -152
v 70.4 31.999999999999982 -140.8
v 64 31.999999999999982 -152
v 64 31.999999999999982 -140.8
v 51.2 12.799999999999981 -166.4
v 51.2 12.799999999999981 -153.60000000000002
v 38.400000000000006 12.799999999999981 -166.4
v 38.400000000000006 12.799999999999981 -153.60000000000002
v 64 -2.9783410155263633e-14 -243.20000000000002
v 76.80000000000001 -2.9783410155263633e-14 -243.20000000000002
v 64 -2.821586225235502e-14 -230.4
v 76.80000000000001 -2.821586225235502e-14 -230.4
v 51.2 -2.9783410155263633e-14 -243.20000000000002
v 64 -2.9783410155263633e-14 -243.20000000000002
v 51.2 -2.821586225235502e-14 -230.4
v 64 -2.821586225235502e-14 -230.4
v 76.80000000000001 -2.9783410155263633e-14 -243.20000000000002
v 89.60000000000001 -2.9783410155263633e-14 -243.20000000000002
v 76.80000000000001 -2.821586225235502e-14 -230.4
v 89.60000000000001 -2.821586225235502e-14 -230.4
v 12.8 -2.9783410155263633e-14 -243.20000000000002
v 25.6 -2.9783410155263633e-14 -243.20000000000002
v 12.8 -2.821586225235502e-14 -230.4
v 25.6 -2.821586225235502e-14 -230.4
v 25.6 31.999999999999975 -192
v 12.8 31.999999999999975 -192
v 25.6 31.999999999999975 -204.8
v 12.8 31.999999999999975 -204.8
v 25.6 -2.9783410155263633e-14 -243.20000000000002
v 38.400000000000006 -2.9783410155263633e-14 -243.20000000000002
v 25.6 -2.821586225235502e-14 -230.4
v 38.400000000000006 -2.821586225235502e-14 -230.4
v 38.400000000000006 -2.9783410155263633e-14 -243.20000000000002
v 51.2 -2.9783410155263633e-14 -243.20000000000002
v 38.400000000000006 -2.821586225235502e-14 -230.4
v 51.2 -2.821586225235502e-14 -230.4
v 64 12.799999999999978 -192
v 64 12.79999999999998 -179.20000000000002
v 51.2 12.799999999999978 -192
v 51.2 12.79999999999998 -179.20000000000002
v 0 -2.9783410155263633e-14 -243.20000000000002
v 12.8 -2.9783410155263633e-14 -243.20000000000002
v 0 -2.821586225235502e-14 -230.4
v 12.8 -2.821586225235502e-14 -230.4
v 25.6 25.599999999999977 -192
v 25.6 25.59999999999998 -179.20000000000002
v 12.8 25.599999999999977 -192
v 12.8 25.59999999999998 -179.20000000000002
v 89.60000000000001 19.199999999999978 -192
v 76.80000000000001 19.199999999999978 -192
v 89.60000000000001 19.199999999999978 -204.8
v 76.80000000000001 19.199999999999978 -204.8
v 64 19.199999999999996 -64
v 62.400000000000006 19.199999999999996 -51.2
v 51.2 19.199999999999996 -64
v 51.2 19.199999999999996 -51.2
v 12.8 -2.6648314349446407e-14 -217.60000000000002
v 0 -2.6648314349446407e-14 -217.60000000000002
v 12.8 -2.821586225235502e-14 -230.4
v 0 -2.821586225235502e-14 -230.4
v 76.80000000000001 -2.821586225235502e-14 -230.4
v 89.60000000000001 -2.821586225235502e-14 -230.4
v 76.80000000000001 -2.6648314349446407e-14 -217.60000000000002
v 89.60000000000001 -2.6648314349446407e-14 -217.60000000000002
v 89.60000000000001 12.799999999999981 -166.4
v 89.60000000000001 12.799999999999981 -153.60000000000002
v 76.80000000000001 12.799999999999981 -166.4
v 76.80000000000001 12.799999999999981 -153.60000000000002
v 89.60000000000001 12.799999999999978 -192
v 89.60000000000001 12.79999999999998 -179.20000000000002
v 76.80000000000001 12.799999999999978 -192
v 76.80000000000001 12.79999999999998 -179.20000000000002
v 64 12.79999999999998 -179.20000000000002
v 64 12.799999999999981 -166.4
v 51.2 12.79999999999998 -179.20000000000002
v 51.2 12.799999999999981 -166.4
v 89.60000000000001 12.79999999999998 -179.20000000000002
v 89.60000000000001 12.799999999999981 -166.4
v 76.80000000000001 12.79999999999998 -179.20000000000002
v 76.80000000000001 12.799999999999981 -166.4
v 76.80000000000001 12.79999999999998 -179.20000000000002
v 76.80000000000001 12.799999999999981 -166.4
v 64 12.79999999999998 -179.20000000000002
v 64 12.799999999999981 -166.4
v 12.8 -2.821586225235502e-14 -230.4
v 25.6 -2.821586225235502e-14 -230.4
v 12.8 -2.6648314349446407e-14 -217.60000000000002
v 25.6 -2.6648314349446407e-14 -217.60000000000002
v 76.80000000000001 19.199999999999978 -204.8
v 64 19.199999999999978 -204.8
v 76.80000000000001 19.199999999999978 -214.4
v 64 19.199999999999974 -217.60000000000002
v 25.6 -2.821586225235502e-14 -230.4
v 38.400000000000006 -2.821586225235502e-14 -230.4
v 25.6 -2.6648314349446407e-14 -217.60000000000002
v 38.400000000000006 -2.6648314349446407e-14 -217.60000000000002
v 76.80000000000001 19.199999999999978 -192
v 64 19.199999999999978 -192
v 76.80000000000001 19.199999999999978 -204.8
v 64 19.199999999999978 -204.8
v 0 25.59999999999998 -166.4
v 12.8 25.59999999999998 -166.4
v 0 25.599999999999984 -153.60000000000002
v 12.8 25.599999999999984 -153.60000000000002
v 0 25.59999999999998 -179.20000000000002
v 12.8 25.59999999999998 -179.20000000000002
v 0 25.59999999999998 -166.4
v 12.8 25.59999999999998 -166.4
v 38.400000000000006 -2.821586225235502e-14 -230.4
v 51.2 -2.821586225235502e-14 -230.4
v 38.400000000000006 -2.6648314349446407e-14 -217.60000000000002
v 51.2 -2.6648314349446407e-14 -217.60000000000002
v 51.2 -2.821586225235502e-14 -230.4
v 64 -2.821586225235502e-14 -230.4
v 51.2 -2.6648314349446407e-14 -217.60000000000002
v 64 -2.6648314349446407e-14 -217.60000000000002
v 76.80000000000001 12.799999999999978 -192
v 76.80000000000001 12.79999999999998 -179.20000000000002
v 64 12.799999999999978 -192
v 64 12.79999999999998 -179.20000000000002
v 12.8 25.599999999999984 -153.60000000000002
v 25.6 25.599999999999984 -153.60000000000002
v 12.8 25.599999999999984 -140.8
v 25.6 25.599999999999984 -140.8
v 0 25.599999999999977 -192
v 12.8 25.599999999999977 -192
v 0 25.59999999999998 -179.20000000000002
v 12.8 25.59999999999998 -179.20000000000002
v 12.8 31.999999999999975 -192
v 0 31.999999999999975 -192
v 12.8 31.999999999999975 -204.8
v 0 31.999999999999975 -204.8
v 64 -2.821586225235502e-14 -230.4
v 76.80000000000001 -2.821586225235502e-14 -230.4
v 64 -2.6648314349446407e-14 -217.60000000000002
v 76.80000000000001 -2.6648314349446407e-14 -217.60000000000002
v 38.400000000000006 25.599999999999977 -192
v 38.400000000000006 25.599999999999977 -204.8
v 51.2 25.599999999999977 -192
v 51.2 25.599999999999977 -204.8
v 25.6 25.59999999999998 -179.20000000000002
v 25.6 25.59999999999998 -166.4
v 12.8 25.59999999999998 -179.20000000000002
v 12.8 25.59999999999998 -166.4
v 51.2 12.79999999999998 -179.20000000000002
v 51.2 12.799999999999981 -166.4
v 38.400000000000006 12.79999999999998 -179.20000000000002
v 38.400000000000006 12.799999999999981 -166.4
v 76.80000000000001 31.999999999999982 -140.8
v 76.80000000000001 31.999999999999982 -153.60000000000002
v 89.60000000000001 31.999999999999982 -140.8
v 89.60000000000001 31.999999999999982 -153.60000000000002
v 64 12.799999999999981 -166.4
v 64 12.799999999999981 -153.60000000000002
v 51.2 12.799999999999981 -166.4
v 51.2 12.799999999999981 -153.60000000000002
v 64 19.199999999999978 -204.8
v 64 19.199999999999978 -192
v 51.2 19.199999999999978 -204.8
v 51.2 19.199999999999978 -192
v 25.6 25.59999999999998 -166.4
v 25.6 25.599999999999984 -153.60000000000002
v 12.8 25.59999999999998 -166.4
v 12.8 25.599999999999984 -153.60000000000002
v 42.400000000000006 62.39999999999999 -128
v 38.400000000000006 63.999999999999986 -129.6
v 42.400000000000006 62.39999999999999 -140.8
v 38.400000000000006 63.999999999999986 -140.8
v 38.400000000000006 19.200000000000003 -12.800000000000002
v 38.400000000000006 19.2 -25.600000000000005
v 51.2 19.200000000000003 -12.800000000000002
v 51.2 19.2 -25.600000000000005
v 51.2 19.200000000000003 -12.800000000000002
v 51.2 19.200000000000003 -2.3513218543629185e-15
v 38.400000000000006 19.200000000000003 -12.800000000000002
v 38.400000000000006 19.200000000000003 -2.3513218543629185e-15
v 70.4 63.999999999999986 -139.20000000000002
v 64 63.999999999999986 -139.20000000000002
v 70.4 62.39999999999999 -140.8
v 64 62.39999999999999 -140.8
vt 0.625 0.25
vt 0.625 0.125
vt 0.640625 0.125
vt 0.625 0.125
vt 0.625 0.25
vt 0.59375 0.25
vt 0.625 0.125
vt 0.59375 0.25
vt 0.5 0.25
vt 0.75 0.4921875
vt 0.75 0.375
vt 0.8671875 0.375
vt 0.84375 0.375
vt 0.75 0.375
vt 0.75 0.25
vt 0.625 0.375
vt 0.6875 0.375
vt 0.65625 0.484375
vt 0.859375 0.453125
vt 0.875 0.421875
vt 0.9375 0.421875
vt 0.75 0.375
vt 0.703125 0.375
vt 0.71875 0.265625
vt 0.75 0.4921875
vt 0.6875 0.4921875
vt 0.6875 0.484375
vt 0.953125 0.375
vt 0.9921875 0.375
vt 0.9921875 0.484375
vt 0.921875 0.25
vt 0.875 0.25
vt 0.875 0.125
vt 0.609375 0.25
vt 0.625 0.25
vt 0.625 0.3671875
vt 0.625 0
vt 0.625 0.125
vt 0.609375 0.125
vt 0.75 0.125
vt 0.75 0
vt 0.84375 0
vt 0.875 0.125
vt 0.859375 0
vt 0.9375 0
vt 0.640625 0.125
vt 0.75 0.125
vt 0.75 0.25
vt 0.8671875 0.375
vt 0.84375 0.484375
vt 0.75 0.4921875
vt 0.875 0.4921875
vt 0.75 0.4921875
vt 0.75 0.375
vt 0.6875 0.125
vt 0.625 0.125
vt 0.625 0
vt 0.875 0.25
vt 0.75 0.25
vt 0.75 0.125
vt 0.625 0
vt 0.625 0.125
vt 0.5 0.125
vt 0.984375 0.375
vt 0.875 0.375
vt 0.875 0.25
vt 0.75 0.125
vt 0.75 0.2421875
vt 0.71875 0.2421875
vt 0.75 0
vt 0.765625 0
vt 0.8671875 0
vt 0.625 0.375
vt 0.5 0.375
vt 0.5 0.25
vt 0.9921875 0.125
vt 0.9921875 0.25
vt 0.921875 0.25
vt 0.75 0.125
vt 0.75 0
vt 0.875 0
vt 0.65625 0.484375
vt 0.65625 0.4921875
vt 0.625 0.4921875
vt 0.5 0.25
vt 0.625 0.25
vt 0.625 0.265625
vt 0.625 0.375
vt 0.625 0.265625
vt 0.6875 0.265625
vt 0.71875 0.265625
vt 0.71875 0.25
vt 0.75 0.25
vt 0.9375 0.4921875
vt 0.875 0.4921875
vt 0.859375 0.453125
vt 0.75 0.375
vt 0.84375 0.375
vt 0.828125 0.421875
vt 0.875 0.25
vt 0.875 0.375
vt 0.84375 0.375
vt 0.5 0.25
vt 0.5 0.125
vt 0.625 0.125
vt 0.875 0.25
vt 0.875 0.375
vt 0.75 0.375
vt 0.75 0.125
vt 0.875 0.125
vt 0.875 0.25
vt 0.828125 0.421875
vt 0.75 0.484375
vt 0.75 0.375
vt 0.84375 0.375
vt 0.75 0.25
vt 0.875 0.25
vt 0.859375 0.453125
vt 0.9375 0.421875
vt 0.9375 0.4921875
vt 0.625 0.265625
vt 0.5 0.3125
vt 0.5 0.25
vt 0.75 0.25
vt 0.75 0.375
vt 0.71875 0.265625
vt 0.6875 0.265625
vt 0.6875 0.375
vt 0.625 0.375
vt 0.703125 0.375
vt 0.75 0.375
vt 0.75 0.4921875
vt 0.6875 0.484375
vt 0.703125 0.375
vt 0.75 0.4921875
vt 0.875 0.25
vt 0.75 0.25
vt 0.75 0.125
vt 0.75 0.375
vt 0.75 0.25
vt 0.875 0.25
vt 0.625 0.4921875
vt 0.625 0.375
vt 0.65625 0.484375
vt 0.625 0.25
vt 0.5 0.25
vt 0.5 0.125
vt 0.75 0
vt 0.765625 0
vt 0.75 0
vt 0.953125 0.3125
vt 0.953125 0.25
vt 0.9921875 0.25
vt 0.9921875 0.25
vt 0.9921875 0.3125
vt 0.953125 0.3125
vt 0.828125 0.421875
vt 0.828125 0.4921875
vt 0.75 0.4921875
vt 0.625 0.1328125
vt 0.625 0.25
vt 0.5 0.125
vt 0.75 0
vt 0.625 0
vt 0.75 0
vt 0.640625 0.125
vt 0.625 0.125
vt 0.65625 0
vt 0.625 0
vt 0.8671875 0.125
vt 0.75 0.125
vt 0.8671875 0
vt 0.75 0
vt 0.8984375 0.1328125
vt 0.8984375 0.1328125
vt 0.8984375 0.1328125
vt 0.8984375 0.1328125
vt 0.8671875 0.375
vt 0.75 0.375
vt 0.8671875 0.25
vt 0.75 0.25
vt 0.5 0.375
vt 0.5 0.25
vt 0.625 0.375
vt 0.625 0.25
vt 0.625 0.4921875
vt 0.5 0.4921875
vt 0.625 0.375
vt 0.5 0.375
vt 0.625 0.4921875
vt 0.5 0.484375
vt 0.625 0.375
vt 0.5 0.375
vt 0.9921875 0.3125
vt 0.9921875 0.375
vt 0.953125 0.3125
vt 0.953125 0.375
vt 0.625 0.265625
vt 0.625 0.375
vt 0.5 0.3125
vt 0.5 0.375
vt 0.625 0.375
vt 0.75 0.375
vt 0.625 0.4921875
vt 0.75 0.484375
vt 0.75 0.25
vt 0.75 0.375
vt 0.625 0.25
vt 0.625 0.375
vt 0.9921875 0.25
vt 0.875 0.25
vt 0.9921875 0
vt 0.875 0
vt 0.75 0.25
vt 0.75 0.125
vt 0.8671875 0.25
vt 0.8671875 0.125
vt 0.8671875 0.125
vt 0.75 0.125
vt 0.8671875 0
vt 0.75 0
vt 0.8671875 0.4921875
vt 0.75 0.4921875
vt 0.8671875 0.375
vt 0.75 0.375
vt 0.8671875 0.375
vt 0.75 0.375
vt 0.8671875 0.25
vt 0.75 0.25
vt 0.75 0.25
vt 0.75 0.125
vt 0.8671875 0.25
vt 0.8671875 0.125
vt 0.8671875 0.125
vt 0.75 0.125
vt 0.8671875 0
vt 0.75 0
vt 0.8671875 0.25
vt 0.8671875 0.3671875
vt 0.75 0.25
vt 0.75 0.3671875
vt 0.75 0.25
vt 0.75 0.3671875
vt 0.625 0.25
vt 0.625 0.3671875
vt 0.5 0.3671875
vt 0.5 0.25
vt 0.625 0.3671875
vt 0.609375 0.25
vt 0.9921875 0.375
vt 0.875 0.375
vt 0.9921875 0.25
vt 0.875 0.25
vt 0.875 0.375
vt 0.75 0.375
vt 0.875 0.25
vt 0.75 0.25
vt 0.75 0.25
vt 0.75 0.375
vt 0.625 0.25
vt 0.625 0.375
vt 0.625 0.375
vt 0.5 0.375
vt 0.625 0.25
vt 0.5 0.25
vt 0.625 0.25
vt 0.5 0.25
vt 0.625 0.125
vt 0.5 0.125
vt 0.625 0.125
vt 0.5 0.125
vt 0.625 0
vt 0.5 0
vt 0.625 0.4921875
vt 0.5 0.4921875
vt 0.625 0.375
vt 0.5 0.375
vt 0.625 0.25
vt 0.625 0.375
vt 0.5 0.25
vt 0.5 0.375
vt 0.625 0.25
vt 0.5 0.25
vt 0.625 0.125
vt 0.5 0.125
vt 0.5 0.125
vt 0.5 0
vt 0.625 0.125
vt 0.625 0
vt 0.65625 0
vt 0.75 0
vt 0.640625 0.125
vt 0.75 0.125
vt 0.609375 0.25
vt 0.5 0.25
vt 0.609375 0.125
vt 0.5 0.125
vt 0.84375 0
vt 0.859375 0
vt 0.75 0.125
vt 0.875 0.125
vt 0.9375 0
vt 0.9921875 0
vt 0.875 0.125
vt 0.9921875 0.125
vt 0.625 0.125
vt 0.625 0
vt 0.75 0.125
vt 0.75 0
vt 0.5 0.125
vt 0.5 0
vt 0.625 0.125
vt 0.625 0
vt 0.625 0.25
vt 0.75 0.25
vt 0.625 0.375
vt 0.75 0.375
vt 0.625 0.375
vt 0.75 0.375
vt 0.625 0.4921875
vt 0.75 0.4921875
vt 0.75 0.375
vt 0.875 0.375
vt 0.75 0.4921875
vt 0.875 0.4921875
vt 0.875 0.375
vt 0.9921875 0.375
vt 0.875 0.4921875
vt 0.9921875 0.4921875
vt 0.5 0.375
vt 0.625 0.375
vt 0.5 0.4921875
vt 0.625 0.4921875
vt 0.75 0.125
vt 0.75 0.25
vt 0.625 0.125
vt 0.625 0.25
vt 0.875 0.125
vt 0.9921875 0.125
vt 0.875 0.25
vt 0.9921875 0.25
vt 0.75 0.125
vt 0.875 0.125
vt 0.75 0.25
vt 0.875 0.25
vt 0.625 0.125
vt 0.75 0.125
vt 0.625 0.25
vt 0.75 0.25
vt 0.625 0.125
vt 0.75 0.125
vt 0.625 0.25
vt 0.75 0.25
vt 0.625 0.375
vt 0.75 0.375
vt 0.625 0.4921875
vt 0.75 0.4921875
vt 0.875 0
vt 0.9921875 0
vt 0.875 0.125
vt 0.9921875 0.125
vt 0.875 0.25
vt 0.9921875 0.25
vt 0.875 0.375
vt 0.9921875 0.375
vt 0.625 0
vt 0.75 0
vt 0.625 0.125
vt 0.75 0.125
vt 0.75 0.25
vt 0.875 0.25
vt 0.75 0.375
vt 0.875 0.375
vt 0.625 0
vt 0.75 0
vt 0.625 0.125
vt 0.75 0.125
vt 0.875 0.125
vt 0.9921875 0.125
vt 0.875 0.25
vt 0.9921875 0.25
vt 0.75 0.25
vt 0.75 0.375
vt 0.625 0.25
vt 0.625 0.375
vt 0.875 0.25
vt 0.75 0.25
vt 0.875 0.125
vt 0.75 0.125
vt 0.75 0
vt 0.875 0
vt 0.75 0.125
vt 0.875 0.125
vt 0.71875 0.2421875
vt 0.6875 0.2421875
vt 0.75 0.125
vt 0.6875 0.140625
vt 0.625 0
vt 0.75 0
vt 0.6875 0.125
vt 0.75 0.125
vt 0.984375 0.375
vt 0.875 0.25
vt 0.9921875 0.359375
vt 0.9921875 0.25
vt 0.75 0.125
vt 0.859375 0.125
vt 0.875 0.25
vt 0.875 0.1328125
vt 0.6875 0.140625
vt 0.6875 0.2421875
vt 0.625 0.140625
vt 0.625 0.2421875
vt 0.9921875 0
vt 0.9921875 0.125
vt 0.875 0
vt 0.875 0.125
vt 0.625 0.25
vt 0.75 0.25
vt 0.625 0.375
vt 0.75 0.375
vt 0.5 0.25
vt 0.625 0.25
vt 0.5 0.375
vt 0.625 0.375
vt 0.75 0.25
vt 0.8671875 0.25
vt 0.75 0.375
vt 0.8671875 0.375
vt 0.625 0.25
vt 0.75 0.25
vt 0.625 0.375
vt 0.75 0.375
vt 0.75 0.25
vt 0.625 0.25
vt 0.75 0.125
vt 0.625 0.125
vt 0.75 0.25
vt 0.875 0.25
vt 0.75 0.375
vt 0.875 0.375
vt 0.875 0.25
vt 0.9921875 0.25
vt 0.875 0.375
vt 0.9921875 0.375
vt 0.625 0.25
vt 0.625 0.375
vt 0.5 0.25
vt 0.5 0.375
vt 0.5 0.25
vt 0.625 0.25
vt 0.5 0.375
vt 0.625 0.375
vt 0.75 0.25
vt 0.75 0.375
vt 0.625 0.25
vt 0.625 0.375
vt 0.8671875 0.25
vt 0.75 0.25
vt 0.8671875 0.125
vt 0.75 0.125
vt 0.625 0
vt 0.609375 0.125
vt 0.5 0
vt 0.5 0.125
vt 0.625 0.4921875
vt 0.5 0.4921875
vt 0.625 0.375
vt 0.5 0.375
vt 0.75 0.375
vt 0.8671875 0.375
vt 0.75 0.4921875
vt 0.8671875 0.4921875
vt 0.8671875 0
vt 0.8671875 0.125
vt 0.75 0
vt 0.75 0.125
vt 0.8671875 0.25
vt 0.8671875 0.375
vt 0.75 0.25
vt 0.75 0.375
vt 0.625 0.375
vt 0.625 0.4921875
vt 0.5 0.375
vt 0.5 0.4921875
vt 0.8671875 0.375
vt 0.8671875 0.4921875
vt 0.75 0.375
vt 0.75 0.4921875
vt 0.75 0.375
vt 0.75 0.4921875
vt 0.625 0.375
vt 0.625 0.4921875
vt 0.625 0.375
vt 0.75 0.375
vt 0.625 0.4921875
vt 0.75 0.4921875
vt 0.75 0.125
vt 0.625 0.125
vt 0.75 0
vt 0.625 0
vt 0.75 0.375
vt 0.875 0.375
vt 0.75 0.4921875
vt 0.875 0.4921875
vt 0.75 0.25
vt 0.625 0.25
vt 0.75 0.125
vt 0.625 0.125
vt 0.5 0
vt 0.625 0
vt 0.5 0.125
vt 0.625 0.125
vt 0.5 0.375
vt 0.625 0.375
vt 0.5 0.4921875
vt 0.625 0.4921875
vt 0.875 0.375
vt 0.9921875 0.375
vt 0.875 0.4921875
vt 0.9921875 0.4921875
vt 0.5 0.375
vt 0.625 0.375
vt 0.5 0.4921875
vt 0.625 0.4921875
vt 0.75 0.25
vt 0.75 0.375
vt 0.625 0.25
vt 0.625 0.375
vt 0.625 0.125
vt 0.75 0.125
vt 0.625 0.25
vt 0.75 0.25
vt 0.5 0.25
vt 0.625 0.25
vt 0.5 0.375
vt 0.625 0.375
vt 0.625 0.25
vt 0.5 0.25
vt 0.625 0.125
vt 0.5 0.125
vt 0.625 0.375
vt 0.75 0.375
vt 0.625 0.4921875
vt 0.75 0.4921875
vt 0.875 0.25
vt 0.875 0.125
vt 0.9921875 0.25
vt 0.9921875 0.125
vt 0.75 0.375
vt 0.75 0.4921875
vt 0.625 0.375
vt 0.625 0.4921875
vt 0.9921875 0.375
vt 0.9921875 0.4921875
vt 0.875 0.375
vt 0.875 0.4921875
vt 0.75 0.2421875
vt 0.75 0.125
vt 0.8671875 0.2421875
vt 0.8671875 0.125
vt 0.625 0
vt 0.625 0.125
vt 0.5 0
vt 0.5 0.125
vt 0.625 0.125
vt 0.625 0.25
vt 0.5 0.125
vt 0.5 0.25
vt 0.75 0
vt 0.75 0.125
vt 0.625 0
vt 0.625 0.125
vt 0.90625 0.375
vt 0.875 0.375
vt 0.90625 0.25
vt 0.875 0.25
vt 0.875 0.4921875
vt 0.875 0.375
vt 0.9921875 0.4921875
vt 0.9921875 0.375
vt 0.9921875 0
vt 0.9921875 0.1171875
vt 0.875 0
vt 0.875 0.1171875
vt 0.6875 0.265625
vt 0.625 0.265625
vt 0.6875 0.25
vt 0.625 0.25
vn 0 1 -1.2246467991473532e-16
vn 0 1 -1.2246467991473532e-16
vn 0 1 -1.2246467991473532e-16
vn 0 1 -1.2246467991473532e-16
vn 0 1 -1.2246467991473532e-16
vn 0 1 -1.2246467991473532e-16
vn 0 1 -1.2246467991473532e-16
vn 0 1 -1.2246467991473532e-16
vn 0 1 -1.2246467991473532e-16
vn 0 1 -1.2246467991473532e-16
vn 0 1 -1.2246467991473532e-16
vn 0 1 -1.2246467991473532e-16
vn 0 1 -1.2246467991473532e-16
vn 0 1 -1.2246467991473532e-16
vn 0 1 -1.2246467991473532e-16
vn 0 1 -1.2246467991473532e-16
vn 0 1 -1.2246467991473532e-16
vn 0 1 -1.2246467991473532e-16
vn 0 1 -1.2246467991473532e-16
vn 0 1 -1.2246467991473532e-16
vn 0 1 -1.2246467991473532e-16
vn 0 1 -1.2246467991473532e-16
vn 0 1 -1.2246467991473532e-16
vn 0 1 -1.2246467991473532e-16
vn -0.1230914878184804 0.8616404445316848 0.49236595127392146
vn -0.1230914878184804 0.8616404445316848 0.49236595127392146
vn -0.1230914878184804 0.8616404445316848 0.49236595127392146
vn 0 1 -1.2246467991473532e-16
vn 0 1 -1.2246467991473532e-16
vn 0 1 -1.2246467991473532e-16
vn 0 1 -1.2246467991473532e-16
vn 0 1 -1.2246467991473532e-16
vn 0 1 -1.2246467991473532e-16
vn 0 1 -1.2246467991473532e-16
vn 0 1 -1.2246467991473532e-16
vn 0 1 -1.2246467991473532e-16
vn 0.4465164577487581 0.8930329154975162 0.05581455721859465
vn 0.4465164577487581 0.8930329154975162 0.05581455721859465
vn 0.4465164577487581 0.8930329154975162 0.05581455721859465
vn 0 1 -1.2246467991473532e-16
vn 0 1 -1.2246467991473532e-16
vn 0 1 -1.2246467991473532e-16
vn 0 1 -1.2246467991473532e-16
vn 0 1 -1.2246467991473532e-16
vn 0 1 -1.2246467991473532e-16
vn 0 1 -1.2246467991473532e-16
vn 0 1 -1.2246467991473532e-16
vn 0 1 -1.2246467991473532e-16
vn 0.08276058886023681 0.9931270663228416 0.08276058886023668
vn 0.08276058886023681 0.9931270663228416 0.08276058886023668
vn 0.08276058886023681 0.9931270663228416 0.08276058886023668
vn 0 1 -1.2246467991473532e-16
vn 0 1 -1.2246467991473532e-16
vn 0 1 -1.2246467991473532e-16
vn 0 1 -1.2246467991473532e-16
vn 0 1 -1.2246467991473532e-16
vn 0 1 -1.2246467991473532e-16
vn 0 1 -1.2246467991473532e-16
vn 0 1 -1.2246467991473532e-16
vn 0 1 -1.2246467991473532e-16
vn 0 1 -1.2246467991473532e-16
vn 0 1 -1.2246467991473532e-16
vn 0 1 -1.2246467991473532e-16
vn 0 1 -1.2246467991473532e-16
vn 0 1 -1.2246467991473532e-16
vn 0 1 -1.2246467991473532e-16
vn 0 1 -1.2246467991473532e-16
vn 0 1 -1.2246467991473532e-16
vn 0 1 -1.2246467991473532e-16
vn -0.1299139555881465 0.8444407560264358 -0.5196558223525861
vn -0.1299139555881465 0.8444407560264358 -0.5196558223525861
vn -0.1299139555881465 0.8444407560264358 -0.5196558223525861
vn 0 1 -1.2246467991473532e-16
vn 0 1 -1.2246467991473532e-16
vn 0 1 -1.2246467991473532e-16
vn 0 1 -1.2246467991473532e-16
vn 0 1 -1.2246467991473532e-16
vn 0 1 -1.2246467991473532e-16
vn 0 1 -1.2246467991473532e-16
vn 0 1 -1.2246467991473532e-16
vn 0 1 -1.2246467991473532e-16
vn 0.2182178902359924 0.8728715609439696 0.4364357804719847
vn 0.2182178902359924 0.8728715609439696 0.4364357804719847
vn 0.2182178902359924 0.8728715609439696 0.4364357804719847
vn 0 1 -1.2246467991473532e-16
vn 0 1 -1.2246467991473532e-16
vn 0 1 -1.2246467991473532e-16
vn 0 1 -1.2246467991473532e-16
vn 0 1 -1.2246467991473532e-16
vn 0 1 -1.2246467991473532e-16
vn -0.2672612355262124 0.8017837363809595 -0.5345224710524249
vn -0.2672612355262124 0.8017837363809595 -0.5345224710524249
vn -0.2672612355262124 0.8017837363809595 -0.5345224710524249
vn 0 1 -1.2246467991473532e-16
vn 0 1 -1.2246467991473532e-16
vn 0 1 -1.2246467991473532e-16
vn 0 1 -1.2246467991473532e-16
vn 0 1 -1.2246467991473532e-16
vn 0 1 -1.2246467991473532e-16
vn 0 1 -1.2246467991473532e-16
vn 0 1 -1.2246467991473532e-16
vn 0 1 -1.2246467991473532e-16
vn 0 1 -1.2246467991473532e-16
vn 0 1 -1.2246467991473532e-16
vn 0 1 -1.2246467991473532e-16
vn 0 1 -1.2246467991473532e-16
vn 0 1 -1.2246467991473532e-16
vn 0 1 -1.2246467991473532e-16
vn 0 1 -1.2246467991473532e-16
vn 0 1 -1.2246467991473532e-16
vn 0 1 -1.2246467991473532e-16
vn 0 1 -1.2246467991473532e-16
vn 0 1 -1.2246467991473532e-16
vn 0 1 -1.2246467991473532e-16
vn 0 1 -1.2246467991473532e-16
vn 0 1 -1.2246467991473532e-16
vn 0 1 -1.2246467991473532e-16
vn 0 1 -1.2246467991473532e-16
vn 0 1 -1.2246467991473532e-16
vn 0 1 -1.2246467991473532e-16
vn 0 1 -1.2246467991473532e-16
vn 0 1 -1.2246467991473532e-16
vn 0 1 -1.2246467991473532e-16
vn 0 1 -1.2246467991473532e-16
vn 0 1 -1.2246467991473532e-16
vn 0 1 -1.2246467991473532e-16
vn 0 1 -1.2246467991473532e-16
vn 0 1 -1.2246467991473532e-16
vn 0 1 -1.2246467991473532e-16
vn 0 1 -1.2246467991473532e-16
vn 0 1 -1.2246467991473532e-16
vn 0 1 -1.2246467991473532e-16
vn 0 1 -1.2246467991473532e-16
vn 0 1 -1.2246467991473532e-16
vn 0 1 -1.2246467991473532e-16
vn 0 1 -1.2246467991473532e-16
vn 0 1 -1.2246467991473532e-16
vn 0 1 -1.2246467991473532e-16
vn 0 1 -1.2246467991473532e-16
vn 0 1 -1.2246467991473532e-16
vn 0 1 -1.2246467991473532e-16
vn 0 1 -1.2246467991473532e-16
vn 0 1 -1.2246467991473532e-16
vn 0 1 -1.2246467991473532e-16
vn 0 1 -1.2246467991473532e-16
vn 0 1 -1.2246467991473532e-16
vn 0 1 -1.2246467991473532e-16
vn -0.6666666666666666 0.33333333333333326 -0.6666666666666666
vn -0.6666666666666666 0.33333333333333326 -0.6666666666666666
vn -0.6666666666666666 0.33333333333333326 -0.6666666666666666
vn -0.18257418086800165 0.9128709341423303 -0.3651483617360034
vn -0.18257418086800165 0.9128709341423303 -0.3651483617360034
vn -0.18257418086800165 0.9128709341423303 -0.3651483617360034
vn 0 0.9701425001453319 -0.24253562503633308
vn 0 0.9701425001453319 -0.24253562503633308
vn 0 0.9701425001453319 -0.24253562503633308
vn 0 0.9805806762640419 0.19611613227257604
vn 0 0.9805806762640419 0.19611613227257604
vn 0 0.9805806762640419 0.19611613227257604
vn 0.1400280145385732 0.9801960570665289 -0.1400280145385733
vn 0.1400280145385732 0.9801960570665289 -0.1400280145385733
vn 0.1400280145385732 0.9801960570665289 -0.1400280145385733
vn 0.2182178902359924 0.4364357804719847 -0.8728715609439696
vn 0.2182178902359924 0.4364357804719847 -0.8728715609439696
vn 0.2182178902359924 0.4364357804719847 -0.8728715609439696
vn 0 1 -1.2246467991473532e-16
vn 0 1 -1.2246467991473532e-16
vn 0 1 -1.2246467991473532e-16
vn 0 1 -1.2246467991473532e-16
vn 0 1 -1.2246467991473532e-16
vn 0 1 -1.2246467991473532e-16
vn 0 1 -1.2246467991473532e-16
vn 0 1 -1.2246467991473532e-16
vn 0 1.2246467991473532e-16 1
vn 0 1.2246467991473532e-16 1
vn 0 1.2246467991473532e-16 1
vn 0 1.2246467991473532e-16 1
vn 0 1 -1.2246467991473532e-16
vn 0 1 -1.2246467991473532e-16
vn 0 1 -1.2246467991473532e-16
vn 0 1 -1.2246467991473532e-16
vn 0 1 -1.2246467991473532e-16
vn 0 1 -1.2246467991473532e-16
vn 0 1 -1.2246467991473532e-16
vn 0 1 -1.2246467991473532e-16
vn 0 1 -1.2246467991473532e-16
vn 0 1 -1.2246467991473532e-16
vn 0 1 -1.2246467991473532e-16
vn 0 1 -1.2246467991473532e-16
vn 0 1 -1.2246467991473532e-16
vn 0 1 -1.2246467991473532e-16
vn 0 1 -1.2246467991473532e-16
vn 0 1 -1.2246467991473532e-16
vn 0 1 -1.2246467991473532e-16
vn 0 1 -1.2246467991473532e-16
vn 0 1 -1.2246467991473532e-16
vn 0 1 -1.2246467991473532e-16
vn 0 1 -1.2246467991473532e-16
vn 0 1 -1.2246467991473532e-16
vn 0 1 -1.2246467991473532e-16
vn 0 1 -1.2246467991473532e-16
vn 0 1 -1.2246467991473532e-16
vn 0 1 -1.2246467991473532e-16
vn 0 1 -1.2246467991473532e-16
vn 0 1 -1.2246467991473532e-16
vn 0 1 -1.2246467991473532e-16
vn 0 1 -1.2246467991473532e-16
vn 0 1 -1.2246467991473532e-16
vn 0 1 -1.2246467991473532e-16
vn 0 1 -1.2246467991473532e-16
vn 0 1 -1.2246467991473532e-16
vn 0 1 -1.2246467991473532e-16
vn 0 1 -1.2246467991473532e-16
vn 0 1 -1.2246467991473532e-16
vn 0 1 -1.2246467991473532e-16
vn 0 1 -1.2246467991473532e-16
vn 0 1 -1.2246467991473532e-16
vn 0 1 -1.2246467991473532e-16
vn 0 1 -1.2246467991473532e-16
vn 0 1 -1.2246467991473532e-16
vn 0 1 -1.2246467991473532e-16
vn 0 1 -1.2246467991473532e-16
vn 0 1 -1.2246467991473532e-16
vn 0 1 -1.2246467991473532e-16
vn 0 1 -1.2246467991473532e-16
vn 0 1 -1.2246467991473532e-16
vn 0 1 -1.2246467991473532e-16
vn 0 1 -1.2246467991473532e-16
vn 0 1 -1.2246467991473532e-16
vn 0 1 -1.2246467991473532e-16
vn 0 1 -1.2246467991473532e-16
vn 0 1 -1.2246467991473532e-16
vn 0 1 -1.2246467991473532e-16
vn 0 1 -1.2246467991473532e-16
vn 0 1 -1.2246467991473532e-16
vn 0 1 -1.2246467991473532e-16
vn 0 1 -1.2246467991473532e-16
vn 0 1 -1.2246467991473532e-16
vn 0 1 -1.2246467991473532e-16
vn 0 1 -1.2246467991473532e-16
vn 0 1 -1.2246467991473532e-16
vn 0 1 -1.2246467991473532e-16
vn 0 1 -1.2246467991473532e-16
vn 0 1 -1.2246467991473532e-16
vn 0 1 -1.2246467991473532e-16
vn 0 1 -1.2246467991473532e-16
vn 0 1 -1.2246467991473532e-16
vn 0 1 -1.2246467991473532e-16
vn 0 1 -1.2246467991473532e-16
vn 0 1 -1.2246467991473532e-16
vn 0 1 -1.2246467991473532e-16
vn 0 1 -1.2246467991473532e-16
vn 0 1 -1.2246467991473532e-16
vn 0 1 -1.2246467991473532e-16
vn 0 1 -1.2246467991473532e-16
vn 0 1 -1.2246467991473532e-16
vn 0 1 -1.2246467991473532e-16
vn 0 1 -1.2246467991473532e-16
vn 0 1 -1.2246467991473532e-16
vn 0 1 -1.2246467991473532e-16
vn 0 1 -1.2246467991473532e-16
vn 0 1 -1.2246467991473532e-16
vn 0 1 -1.2246467991473532e-16
vn 0 1 -1.2246467991473532e-16
vn 0 1 -1.2246467991473532e-16
vn 0 1 -1.2246467991473532e-16
vn 0 1 -1.2246467991473532e-16
vn 0 1 -1.2246467991473532e-16
vn 0 1 -1.2246467991473532e-16
vn 0 1 -1.2246467991473532e-16
vn 0 1 -1.2246467991473532e-16
vn 0 1 -1.2246467991473532e-16
vn 0 1 -1.2246467991473532e-16
vn 0 1 -1.2246467991473532e-16
vn 0 1 -1.2246467991473532e-16
vn 0 1 -1.2246467991473532e-16
vn 0 1 -1.2246467991473532e-16
vn 0 1 -1.2246467991473532e-16
vn 0 1 -1.2246467991473532e-16
vn 0 1 -1.2246467991473532e-16
vn 0 1 -1.2246467991473532e-16
vn 0 1 -1.2246467991473532e-16
vn 0 1 -1.2246467991473532e-16
vn 0 1 -1.2246467991473532e-16
vn 0 1 -1.2246467991473532e-16
vn 0 1 -1.2246467991473532e-16
vn 0 1 -1.2246467991473532e-16
vn 0 1 -1.2246467991473532e-16
vn 0 1 -1.2246467991473532e-16
vn 0 1 -1.2246467991473532e-16
vn 0 1 -1.2246467991473532e-16
vn 0 1 -1.2246467991473532e-16
vn 0 1 -1.2246467991473532e-16
vn 0 1 -1.2246467991473532e-16
vn 0 1 -1.2246467991473532e-16
vn 0 1 -1.2246467991473532e-16
vn 0 1 -1.2246467991473532e-16
vn 0 1 -1.2246467991473532e-16
vn 0 1 -1.2246467991473532e-16
vn 0 1 -1.2246467991473532e-16
vn 0 1 -1.2246467991473532e-16
vn 0 1 -1.2246467991473532e-16
vn 0 1 -1.2246467991473532e-16
vn 0 1 -1.2246467991473532e-16
vn 0 1 -1.2246467991473532e-16
vn 0 1 -1.2246467991473532e-16
vn 0 1 -1.2246467991473532e-16
vn 0 1 -1.2246467991473532e-16
vn 0 1 -1.2246467991473532e-16
vn 0 1 -1.2246467991473532e-16
vn 0 1 -1.2246467991473532e-16
vn 0 1 -1.2246467991473532e-16
vn 0 1 -1.2246467991473532e-16
vn 0 1 -1.2246467991473532e-16
vn 0 1 -1.2246467991473532e-16
vn 0 1 -1.2246467991473532e-16
vn 0 1 -1.2246467991473532e-16
vn 0 1 -1.2246467991473532e-16
vn 0 1 -1.2246467991473532e-16
vn 0 1 -1.2246467991473532e-16
vn 0 1 -1.2246467991473532e-16
vn 0 1 -1.2246467991473532e-16
vn 0 1 -1.2246467991473532e-16
vn 0 1 -1.2246467991473532e-16
vn 0 1 -1.2246467991473532e-16
vn 0 1 -1.2246467991473532e-16
vn 0 1 -1.2246467991473532e-16
vn 0 1 -1.2246467991473532e-16
vn 0 1 -1.2246467991473532e-16
vn 0 1 -1.2246467991473532e-16
vn 0 1 -1.2246467991473532e-16
vn 0 1 -1.2246467991473532e-16
vn 0 1 -1.2246467991473532e-16
vn 0 1 -1.2246467991473532e-16
vn 0 1 -1.2246467991473532e-16
vn 0 1 -1.2246467991473532e-16
vn 0 1 -1.2246467991473532e-16
vn 0 1 -1.2246467991473532e-16
vn 0 1 -1.2246467991473532e-16
vn 0 1 -1.2246467991473532e-16
vn 0 1 -1.2246467991473532e-16
vn 0 1 -1.2246467991473532e-16
vn 0 1 -1.2246467991473532e-16
vn 0 1 -1.2246467991473532e-16
vn 0 1 -1.2246467991473532e-16
vn 0 1 -1.2246467991473532e-16
vn 0 1 -1.2246467991473532e-16
vn 0 1 -1.2246467991473532e-16
vn 0 1 -1.2246467991473532e-16
vn 0 1 -1.2246467991473532e-16
vn 0 1 -1.2246467991473532e-16
vn 0 1 -1.2246467991473532e-16
vn 0 1 -1.2246467991473532e-16
vn 0 1 -1.2246467991473532e-16
vn 0 1 -1.2246467991473532e-16
vn 0 1 -1.2246467991473532e-16
vn 0 1 -1.2246467991473532e-16
vn 0 1 -1.2246467991473532e-16
vn 0 1 -1.2246467991473532e-16
vn 0 1 -1.2246467991473532e-16
vn 0 1 -1.2246467991473532e-16
vn 0 1 -1.2246467991473532e-16
vn 0 1 -1.2246467991473532e-16
vn 0 1 -1.2246467991473532e-16
vn 0 1 -1.2246467991473532e-16
vn 0 1 -1.2246467991473532e-16
vn 0 1 -1.2246467991473532e-16
vn 0 1 -1.2246467991473532e-16
vn 0 1 -1.2246467991473532e-16
vn 0 1 -1.2246467991473532e-16
vn 0 1 -1.2246467991473532e-16
vn 0 1 -1.2246467991473532e-16
vn 0 1 -1.2246467991473532e-16
vn 0 1 -1.2246467991473532e-16
vn 0 1 -1.2246467991473532e-16
vn 0 1 -1.2246467991473532e-16
vn 0 1 -1.2246467991473532e-16
vn 0 1 -1.2246467991473532e-16
vn 0 1 -1.2246467991473532e-16
vn 0 1 -1.2246467991473532e-16
vn 0 1 -1.2246467991473532e-16
vn 0 1 -1.2246467991473532e-16
vn 0 1 -1.2246467991473532e-16
vn 0 1 -1.2246467991473532e-16
vn 0 1 -1.2246467991473532e-16
vn 0 1 -1.2246467991473532e-16
vn 0 1 -1.2246467991473532e-16
vn 0 1 -1.2246467991473532e-16
vn 0 1 -1.2246467991473532e-16
vn 0 1 -1.2246467991473532e-16
vn 0 1 -1.2246467991473532e-16
vn 0 1 -1.2246467991473532e-16
vn 0 1 -1.2246467991473532e-16
vn 0 1 -1.2246467991473532e-16
vn 0 1 -1.2246467991473532e-16
vn 0 1 -1.2246467991473532e-16
vn 0 1 -1.2246467991473532e-16
vn 0 1 -1.2246467991473532e-16
vn 0 1 -1.2246467991473532e-16
vn 0 1 -1.2246467991473532e-16
vn 0 1 -1.2246467991473532e-16
vn 0 1 -1.2246467991473532e-16
vn 0 1 -1.2246467991473532e-16
vn 0 1 -1.2246467991473532e-16
vn 0 1 -1.2246467991473532e-16
vn 0 1 -1.2246467991473532e-16
vn 0 1 -1.2246467991473532e-16
vn 0 1 -1.2246467991473532e-16
vn 0 1 -1.2246467991473532e-16
vn 0 1 -1.2246467991473532e-16
vn 0 1 -1.2246467991473532e-16
vn 0 1 -1.2246467991473532e-16
vn 0 1 -1.2246467991473532e-16
vn 0 1 -1.2246467991473532e-16
vn 0 1 -1.2246467991473532e-16
vn 0 1 -1.2246467991473532e-16
vn 0 1 -1.2246467991473532e-16
vn 0 1 -1.2246467991473532e-16
vn 0 1 -1.2246467991473532e-16
vn 0 1 -1.2246467991473532e-16
vn 0 1 -1.2246467991473532e-16
vn 0 1 -1.2246467991473532e-16
vn 0 1 -1.2246467991473532e-16
vn 0 1 -1.2246467991473532e-16
vn 0 1 -1.2246467991473532e-16
vn 0 1 -1.2246467991473532e-16
vn 0 1 -1.2246467991473532e-16
vn 0 1 -1.2246467991473532e-16
vn 0 1 -1.2246467991473532e-16
vn 0 1 -1.2246467991473532e-16
vn 0 1 -1.2246467991473532e-16
vn 0 1 -1.2246467991473532e-16
vn 0 1 -1.2246467991473532e-16
vn 0 1 -1.2246467991473532e-16
vn 0 1 -1.2246467991473532e-16
vn 0 1 -1.2246467991473532e-16
vn 0 1 -1.2246467991473532e-16
vn 0 1 -1.2246467991473532e-16
vn 0 1 -1.2246467991473532e-16
vn 0 1 -1.2246467991473532e-16
vn 0 1 -1.2246467991473532e-16
vn 0 1 -1.2246467991473532e-16
vn 0 1 -1.2246467991473532e-16
vn 0 1 -1.2246467991473532e-16
vn 0 1 -1.2246467991473532e-16
vn 0 1 -1.2246467991473532e-16
vn 0 1 -1.2246467991473532e-16
vn 0 1 -1.2246467991473532e-16
vn 0 1 -1.2246467991473532e-16
vn 0 1 -1.2246467991473532e-16
vn 0 1 -1.2246467991473532e-16
vn 0 1 -1.2246467991473532e-16
vn 0 1 -1.2246467991473532e-16
vn 0 1 -1.2246467991473532e-16
vn 0 1 -1.2246467991473532e-16
vn 0 1 -1.2246467991473532e-16
vn 0 1 -1.2246467991473532e-16
vn 0 1 -1.2246467991473532e-16
vn 0 1 -1.2246467991473532e-16
vn 0 1 -1.2246467991473532e-16
vn 0 1 -1.2246467991473532e-16
vn 0 1 -1.2246467991473532e-16
vn 0 1 -1.2246467991473532e-16
vn 0 1 -1.2246467991473532e-16
vn 0 1 -1.2246467991473532e-16
vn 0 1 -1.2246467991473532e-16
vn 0 1 -1.2246467991473532e-16
vn 0 1 -1.2246467991473532e-16
vn 0 1 -1.2246467991473532e-16
vn 0 1 -1.2246467991473532e-16
vn 0 1 -1.2246467991473532e-16
vn 0 1 -1.2246467991473532e-16
vn 0 1 -1.2246467991473532e-16
vn 0 1 -1.2246467991473532e-16
vn 0 1 -1.2246467991473532e-16
vn 0 1 -1.2246467991473532e-16
vn 0 1 -1.2246467991473532e-16
vn 0 1 -1.2246467991473532e-16
vn 0 1 -1.2246467991473532e-16
vn 0 1 -1.2246467991473532e-16
vn 0 1 -1.2246467991473532e-16
vn 0 1 -1.2246467991473532e-16
vn 0 1 -1.2246467991473532e-16
vn 0 1 -1.2246467991473532e-16
vn 0 1 -1.2246467991473532e-16
vn 0 1 -1.2246467991473532e-16
vn 0 1 -1.2246467991473532e-16
vn 0 1 -1.2246467991473532e-16
vn 0 1 -1.2246467991473532e-16
vn 0 1 -1.2246467991473532e-16
vn 0 1 -1.2246467991473532e-16
vn 0 1 -1.2246467991473532e-16
vn 0 1 -1.2246467991473532e-16
vn 0 1 -1.2246467991473532e-16
vn 0 1 -1.2246467991473532e-16
vn 0 1 -1.2246467991473532e-16
vn 0 1 -1.2246467991473532e-16
vn 0 1 -1.2246467991473532e-16
vn 0 1 -1.2246467991473532e-16
vn 0 1 -1.2246467991473532e-16
vn 0 1 -1.2246467991473532e-16
vn 0 1 -1.2246467991473532e-16
vn 0 1 -1.2246467991473532e-16
vn 0 1 -1.2246467991473532e-16
vn 0 1 -1.2246467991473532e-16
vn 0 1 -1.2246467991473532e-16
vn 0 1 -1.2246467991473532e-16
vn 0 1 -1.2246467991473532e-16
vn 0 1 -1.2246467991473532e-16
vn 0 1 -1.2246467991473532e-16
vn 0 1 -1.2246467991473532e-16
vn 0 1 -1.2246467991473532e-16
vn 0 1 -1.2246467991473532e-16
vn 0 1 -1.2246467991473532e-16
vn 0 1 -1.2246467991473532e-16
vn 0 1 -1.2246467991473532e-16
vn 0 1 -1.2246467991473532e-16
vn 0 1 -1.2246467991473532e-16
vn 0 1 -1.2246467991473532e-16
vn 0 1 -1.2246467991473532e-16
vn 0 1 -1.2246467991473532e-16
vn 0 1 -1.2246467991473532e-16
vn 0 1 -1.2246467991473532e-16
vn 0 1 -1.2246467991473532e-16
vn 0 1 -1.2246467991473532e-16
vn 0 1 -1.2246467991473532e-16
vn 0 1 -1.2246467991473532e-16
vn 0 1 -1.2246467991473532e-16
vn 0 1 -1.2246467991473532e-16
vn 0 1 -1.2246467991473532e-16
vn 0 1 -1.2246467991473532e-16
vn 0 1 -1.2246467991473532e-16
vn 0 1 -1.2246467991473532e-16
vn 0 1 -1.2246467991473532e-16
vn 0 1 -1.2246467991473532e-16
vn 0 1 -1.2246467991473532e-16
vn 0 1 -1.2246467991473532e-16
vn 0 1 -1.2246467991473532e-16
vn 0 1 -1.2246467991473532e-16
vn 0 1 -1.2246467991473532e-16
vn 0 1 -1.2246467991473532e-16
vn 0 1 -1.2246467991473532e-16
vn 0 1 -1.2246467991473532e-16
vn 0 1 -1.2246467991473532e-16
vn 0 1 -1.2246467991473532e-16
vn 0 1 -1.2246467991473532e-16
vn 0 1 -1.2246467991473532e-16
vn 0 1 -1.2246467991473532e-16
vn 0 1 -1.2246467991473532e-16
vn 0 1 -1.2246467991473532e-16
vn 0 1 -1.2246467991473532e-16
vn 0 1 -1.2246467991473532e-16
vn 0 1 -1.2246467991473532e-16
vn 0 1 -1.2246467991473532e-16
vn 0 1 -1.2246467991473532e-16
vn 0 1 -1.2246467991473532e-16
vn 0 1 -1.2246467991473532e-16
vn 0 1 -1.2246467991473532e-16
vn 0 1 -1.2246467991473532e-16
vn 0 1 -1.2246467991473532e-16
vn 0 1 -1.2246467991473532e-16
vn 0 1 -1.2246467991473532e-16
vn 0 1 -1.2246467991473532e-16
vn 0 1 -1.2246467991473532e-16
vn 0 1 -1.2246467991473532e-16
vn 0 1 -1.2246467991473532e-16
vn 0 1 -1.2246467991473532e-16
vn 0 1 -1.2246467991473532e-16
vn 0 1 -1.2246467991473532e-16
vn 0 1 -1.2246467991473532e-16
vn 0 1 -1.2246467991473532e-16
vn 0 1 -1.2246467991473532e-16
vn 0 1 -1.2246467991473532e-16
vn 0.3713906712157723 0.9284766929405919 -1.1370560100926155e-16
vn 0.3713906712157723 0.9284766929405919 -1.1370560100926155e-16
vn 0.3713906712157723 0.9284766929405919 -1.1370560100926155e-16
vn 0.3713906712157723 0.9284766929405919 -1.1370560100926155e-16
vn 0 1 -1.2246467991473532e-16
vn 0 1 -1.2246467991473532e-16
vn 0 1 -1.2246467991473532e-16
vn 0 1 -1.2246467991473532e-16
vn 0 1 -1.2246467991473532e-16
vn 0 1 -1.2246467991473532e-16
vn 0 1 -1.2246467991473532e-16
vn 0 1 -1.2246467991473532e-16
vn 0 0.7071067811865475 -0.7071067811865476
vn 0 0.7071067811865475 -0.7071067811865476
vn 0 0.7071067811865475 -0.7071067811865476
vn 0 0.7071067811865475 -0.7071067811865476
f 49/49/49 48/48/48 47/47/47
f 52/52/52 51/51/51 50/50/50
f 55/55/55 54/54/54 53/53/53
f 58/58/58 57/57/57 56/56/56
f 61/61/61 60/60/60 59/59/59
f 64/64/64 63/63/63 62/62/62
f 67/67/67 66/66/66 65/65/65
f 70/70/70 69/69/69 68/68/68
f 73/73/73 72/72/72 71/71/71
f 76/76/76 75/75/75 74/74/74
f 79/79/79 78/78/78 77/77/77
f 82/82/82 81/81/81 80/80/80
f 85/85/85 84/84/84 83/83/83
f 88/88/88 87/87/87 86/86/86
f 91/91/91 90/90/90 89/89/89
f 94/94/94 93/93/93 92/92/92
f 97/97/97 96/96/96 95/95/95
f 100/100/100 99/99/99 98/98/98
f 103/103/103 102/102/102 101/101/101
f 106/106/106 105/105/105 104/104/104
f 109/109/109 108/108/108 107/107/107
f 112/112/112 111/111/111 110/110/110
f 115/115/115 114/114/114 113/113/113
f 118/118/118 117/117/117 116/116/116
f 121/121/121 120/120/120 119/119/119
f 124/124/124 123/123/123 122/122/122
f 127/127/127 126/126/126 125/125/125
f 130/130/130 129/129/129 128/128/128
f 133/133/133 132/132/132 131/131/131
f 136/136/136 135/135/135 134/134/134
f 139/139/139 138/138/138 137/137/137
f 142/142/142 141/141/141 140/140/140
f 145/145/145 144/144/144 143/143/143
f 148/148/148 147/147/147 146/146/146
f 151/151/151 150/150/150 149/149/149
f 154/154/154 153/153/153 152/152/152
f 157/157/157 156/156/156 155/155/155
f 160/160/160 159/159/159 158/158/158
f 163/163/163 162/162/162 161/161/161
f 166/166/166 165/165/165 164/164/164
f 169/169/169 168/168/168 167/167/167
f 172/172/172 171/171/171 170/170/170
f 175/175/175 174/174/174 173/173/173
f 178/178/178 177/177/177 176/176/176
f 181/181/181 180/180/180 179/179/179
f 184/184/184 183/183/183 182/182/182
f 187/187/187 186/186/186 185/185/185
f 190/190/190 189/189/189 188/188/188
f 193/193/193 192/192/192 191/191/191
f 196/196/196 195/195/195 194/194/194
f 199/199/199 198/198/198 197/197/197
f 202/202/202 201/201/201 200/200/200
f 205/205/205 204/204/204 203/203/203
f 208/208/208 207/207/207 206/206/206
f 211/211/211 210/210/210 209/209/209
f 214/214/214 213/213/213 212/212/212
f 213/213/213 214/214/214 215/215/215
f 218/218/218 217/217/217 216/216/216
f 217/217/217 218/218/218 219/219/219
f 222/222/222 221/221/221 220/220/220
f 221/221/221 222/222/222 223/223/223
f 226/226/226 225/225/225 224/224/224
f 225/225/225 226/226/226 227/227/227
f 230/230/230 229/229/229 228/228/228
f 229/229/229 230/230/230 231/231/231
f 234/234/234 233/233/233 232/232/232
f 233/233/233 234/234/234 235/235/235
f 238/238/238 237/237/237 236/236/236
f 237/237/237 238/238/238 239/239/239
f 242/242/242 241/241/241 240/240/240
f 241/241/241 242/242/242 243/243/243
f 246/246/246 245/245/245 244/244/244
f 245/245/245 246/246/246 247/247/247
f 250/250/250 249/249/249 248/248/248
f 249/249/249 250/250/250 251/251/251
f 254/254/254 253/253/253 252/252/252
f 253/253/253 254/254/254 255/255/255
f 258/258/258 257/257/257 256/256/256
f 257/257/257 258/258/258 259/259/259
f 262/262/262 261/261/261 260/260/260
f 261/261/261 262/262/262 263/263/263
f 266/266/266 265/265/265 264/264/264
f 265/265/265 266/266/266 267/267/267
f 270/270/270 269/269/269 268/268/268
f 269/269/269 270/270/270 271/271/271
f 274/274/274 273/273/273 272/272/272
f 273/273/273 274/274/274 275/275/275
f 278/278/278 277/277/277 276/276/276
f 277/277/277 278/278/278 279/279/279
f 282/282/282 281/281/281 280/280/280
f 281/281/281 282/282/282 283/283/283
f 286/286/286 285/285/285 284/284/284
f 285/285/285 286/286/286 287/287/287
f 290/290/290 289/289/289 288/288/288
f 289/289/289 290/290/290 291/291/291
f 294/294/294 293/293/293 292/292/292
f 293/293/293 294/294/294 295/295/295
f 298/298/298 297/297/297 296/296/296
f 297/297/297 298/298/298 299/299/299
f 302/302/302 301/301/301 300/300/300
f 301/301/301 302/302/302 303/303/303
f 306/306/306 305/305/305 304/304/304
f 305/305/305 306/306/306 307/307/307
f 310/310/310 309/309/309 308/308/308
f 309/309/309 310/310/310 311/311/311
f 314/314/314 313/313/313 312/312/312
f 313/313/313 314/314/314 315/315/315
f 318/318/318 317/317/317 316/316/316
f 317/317/317 318/318/318 319/319/319
f 322/322/322 321/321/321 320/320/320
f 321/321/321 322/322/322 323/323/323
f 326/326/326 325/325/325 324/324/324
f 325/325/325 326/326/326 327/327/327
f 330/330/330 329/329/329 328/328/328
f 329/329/329 330/330/330 331/331/331
f 334/334/334 333/333/333 332/332/332
f 333/333/333 334/334/334 335/335/335
f 338/338/338 337/337/337 336/336/336
f 337/337/337 338/338/338 339/339/339
f 342/342/342 341/341/341 340/340/340
f 341/341/341 342/342/342 343/343/343
f 346/346/346 345/345/345 344/344/344
f 345/345/345 346/346/346 347/347/347
f 350/350/350 349/349/349 348/348/348
f 349/349/349 350/350/350 351/351/351
f 354/354/354 353/353/353 352/352/352
f 353/353/353 354/354/354 355/355/355
f 358/358/358 357/357/357 356/356/356
f 357/357/357 358/358/358 359/359/359
f 362/362/362 361/361/361 360/360/360
f 361/361/361 362/362/362 363/363/363
f 366/366/366 365/365/365 364/364/364
f 365/365/365 366/366/366 367/367/367
f 370/370/370 369/369/369 368/368/368
f 369/369/369 370/370/370 371/371/371
f 374/374/374 373/373/373 372/372/372
f 373/373/373 374/374/374 375/375/375
f 378/378/378 377/377/377 376/376/376
f 377/377/377 378/378/378 379/379/379
f 382/382/382 381/381/381 380/380/380
f 381/381/381 382/382/382 383/383/383
f 386/386/386 385/385/385 384/384/384
f 385/385/385 386/386/386 387/387/387
f 390/390/390 389/389/389 388/388/388
f 389/389/389 390/390/390 391/391/391
f 394/394/394 393/393/393 392/392/392
f 393/393/393 394/394/394 395/395/395
f 398/398/398 397/397/397 396/396/396
f 397/397/397 398/398/398 399/399/399
f 402/402/402 401/401/401 400/400/400
f 401/401/401 402/402/402 403/403/403
f 406/406/406 405/405/405 404/404/404
f 405/405/405 406/406/406 407/407/407
f 410/410/410 409/409/409 408/408/408
f 409/409/409 410/410/410 411/411/411
f 414/414/414 413/413/413 412/412/412
f 413/413/413 414/414/414 415/415/415
f 418/418/418 417/417/417 416/416/416
f 417/417/417 418/418/418 419/419/419
f 422/422/422 421/421/421 420/420/420
f 421/421/421 422/422/422 423/423/423
f 426/426/426 425/425/425 424/424/424
f 425/425/425 426/426/426 427/427/427
f 430/430/430 429/429/429 428/428/428
f 429/429/429 430/430/430 431/431/431
f 434/434/434 433/433/433 432/432/432
f 433/433/433 434/434/434 435/435/435
f 438/438/438 437/437/437 436/436/436
f 437/437/437 438/438/438 439/439/439
f 442/442/442 441/441/441 440/440/440
f 441/441/441 442/442/442 443/443/443
f 446/446/446 445/445/445 444/444/444
f 445/445/445 446/446/446 447/447/447
f 450/450/450 449/449/449 448/448/448
f 449/449/449 450/450/450 451/451/451
f 454/454/454 453/453/453 452/452/452
f 453/453/453 454/454/454 455/455/455
f 458/458/458 457/457/457 456/456/456
f 457/457/457 458/458/458 459/459/459
f 462/462/462 461/461/461 460/460/460
f 461/461/461 462/462/462 463/463/463
f 466/466/466 465/465/465 464/464/464
f 465/465/465 466/466/466 467/467/467
f 470/470/470 469/469/469 468/468/468
f 469/469/469 470/470/470 471/471/471
f 474/474/474 473/473/473 472/472/472
f 473/473/473 474/474/474 475/475/475
f 478/478/478 477/477/477 476/476/476
f 477/477/477 478/478/478 479/479/479
f 482/482/482 481/481/481 480/480/480
f 481/481/481 482/482/482 483/483/483
f 486/486/486 485/485/485 484/484/484
f 485/485/485 486/486/486 487/487/487
f 490/490/490 489/489/489 488/488/488
f 489/489/489 490/490/490 491/491/491
f 494/494/494 493/493/493 492/492/492
f 493/493/493 494/494/494 495/495/495
f 498/498/498 497/497/497 496/496/496
f 497/497/497 498/498/498 499/499/499
f 502/502/502 501/501/501 500/500/500
f 501/501/501 502/502/502 503/503/503
f 506/506/506 505/505/505 504/504/504
f 505/505/505 506/506/506 507/507/507
f 510/510/510 509/509/509 508/508/508
f 509/509/509 510/510/510 511/511/511
f 514/514/514 513/513/513 512/512/512
f 513/513/513 514/514/514 515/515/515
f 518/518/518 517/517/517 516/516/516
f 517/517/517 518/518/518 519/519/519
f 522/522/522 521/521/521 520/520/520
f 521/521/521 522/522/522 523/523/523
f 526/526/526 525/525/525 524/524/524
f 525/525/525 526/526/526 527/527/527
f 530/530/530 529/529/529 528/528/528
f 529/529/529 530/530/530 531/531/531
f 534/534/534 533/533/533 532/532/532
f 533/533/533 534/534/534 535/535/535
f 538/538/538 537/537/537 536/536/536
f 537/537/537 538/538/538 539/539/539
f 542/542/542 541/541/541 540/540/540
f 541/541/541 542/542/542 543/543/543
f 546/546/546 545/545/545 544/544/544
f 545/545/545 546/546/546 547/547/547
f 550/550/550 549/549/549 548/548/548
f 549/549/549 550/550/550 551/551/551
f 554/554/554 553/553/553 552/552/552
f 553/553/553 554/554/554 555/555/555
f 558/558/558 557/557/557 556/556/556
f 557/557/557 558/558/558 559/559/559
f 562/562/562 561/561/561 560/560/560
f 561/561/561 562/562/562 563/563/563
f 566/566/566 565/565/565 564/564/564
f 565/565/565 566/566/566 567/567/567
f 570/570/570 569/569/569 568/568/568
f 569/569/569 570/570/570 571/571/571
f 574/574/574 573/573/573 572/572/572
f 573/573/573 574/574/574 575/575/575
f 578/578/578 577/577/577 576/576/576
f 577/577/577 578/578/578 579/579/579
f 582/582/582 581/581/581 580/580/580
f 581/581/581 582/582/582 583/583/583
f 586/586/586 585/585/585 584/584/584
f 585/585/585 586/586/586 587/587/587
f 590/590/590 589/589/589 588/588/588
f 589/589/589 590/590/590 591/591/591
f 594/594/594 593/593/593 592/592/592
f 593/593/593 594/594/594 595/595/595
f 598/598/598 597/597/597 596/596/596
f 597/597/597 598/598/598 599/599/599
f 602/602/602 601/601/601 600/600/600
f 601/601/601 602/602/602 603/603/603
f 606/606/606 605/605/605 604/604/604
f 605/605/605 606/606/606 607/607/607
f 610/610/610 609/609/609 608/608/608
f 609/609/609 610/610/610 611/611/611
f 614/614/614 613/613/613 612/612/612
f 613/613/613 614/614/614 615/615/615
f 618/618/618 617/617/617 616/616/616
f 617/617/617 618/618/618 619/619/619
f 622/622/622 621/621/621 620/620/620
f 621/621/621 622/622/622 623/623/623
f 626/626/626 625/625/625 624/624/624
f 625/625/625 626/626/626 627/627/627
f 630/630/630 629/629/629 628/628/628
f 629/629/629 630/630/630 631/631/631
f 634/634/634 633/633/633 632/632/632
f 633/633/633 634/634/634 635/635/635
o mesh_10
usemtl mat4
v 89.60000000000001 19.19999999999999 -115.2
v 76.80000000000001 19.19999999999999 -115.2
v 89.60000000000001 31.999999999999986 -115.2
v 76.80000000000001 57.59999999999999 -115.2
v 76.80000000000001 63.999999999999986 -115.20000000000002
v 89.60000000000001 57.59999999999999 -115.2
v 67.2 63.19999999999999 -115.20000000000002
v 67.2 63.999999999999986 -116.80000000000003
v 67.2 62.39999999999999 -116.80000000000003
v 73.60000000000001 62.39999999999999 -139.20000000000002
v 74.4 63.19999999999999 -140.8
v 73.60000000000001 63.999999999999986 -139.20000000000002
v 70.4 62.39999999999999 -140.8
v 70.4 62.39999999999999 -139.20000000000002
v 70.4 63.999999999999986 -139.20000000000002
v 70.4 44.79999999999999 -139.20000000000002
v 70.4 44.79999999999999 -140.8
v 70.4 31.999999999999982 -140.8
v 70.4 44.79999999999999 -116.80000000000001
v 71.2 54.39999999999999 -115.2
v 76.80000000000001 44.79999999999999 -115.2
v 51.2 25.599999999999984 -140.8
v 64 25.599999999999984 -140.8
v 64 31.999999999999982 -140.8
v 64 63.999999999999986 -139.20000000000002
v 64 63.999999999999986 -140.8
v 64 62.39999999999999 -140.8
v 47.2 61.59999999999999 -140.8
v 46.400000000000006 63.999999999999986 -134.4
v 46.400000000000006 62.39999999999999 -134.4
v 51.2 19.19999999999999 -115.2
v 51.2 44.79999999999999 -116.80000000000001
v 51.2 44.79999999999999 -115.2
v 44.800000000000004 19.19999999999999 -115.2
v 44.800000000000004 44.79999999999999 -115.2
v 45.6 44.79999999999999 -116.80000000000001
v 12.8 63.999999999999986 -115.20000000000002
v 25.6 63.999999999999986 -116.00000000000001
v 25.6 62.39999999999999 -115.20000000000002
v 51.2 62.39999999999999 -115.20000000000002
v 51.2 63.999999999999986 -116.80000000000003
v 64 63.999999999999986 -115.20000000000002
v 42.400000000000006 62.39999999999999 -140.8
v 38.400000000000006 63.999999999999986 -140.8
v 38.400000000000006 44.79999999999999 -140.8
v 70.4 63.999999999999986 -116.80000000000003
v 71.2 63.19999999999999 -115.20000000000002
v 70.4 62.39999999999999 -116.80000000000003
v 44.800000000000004 62.39999999999999 -116.80000000000003
v 44 62.39999999999999 -115.20000000000002
v 44 63.999999999999986 -115.20000000000002
v 51.2 62.39999999999999 -115.20000000000002
v 51.2 62.39999999999999 -116.80000000000003
v 51.2 63.999999999999986 -116.80000000000003
v 51.2 63.999999999999986 -134.4
v 51.2 62.39999999999999 -140.8
v 51.2 63.999999999999986 -140.8
v 73.60000000000001 31.999999999999982 -140.8
v 74.4 44.79999999999999 -140.8
v 73.60000000000001 44.79999999999999 -139.20000000000002
v 0 12.799999999999974 -217.60000000000002
v 0 -2.6648314349446407e-14 -217.60000000000002
v 12.8 -2.6648314349446407e-14 -217.60000000000002
v 76.80000000000001 63.999999999999986 -115.20000000000002
v 87.2 63.19999999999999 -116.00000000000001
v 89.60000000000001 57.59999999999999 -115.2
v 36.800000000000004 31.999999999999975 -204.8
v 38.400000000000006 30.399999999999977 -204.8
v 38.400000000000006 31.999999999999975 -203.20000000000002
v 38.400000000000006 23.999999999999982 -153.60000000000002
v 38.400000000000006 25.599999999999984 -153.60000000000002
v 25.6 25.599999999999984 -153.60000000000002
v 64 25.599999999999984 -153.60000000000002
v 64 25.599999999999984 -140.8
v 64 23.999999999999982 -152
v 38.400000000000006 30.399999999999977 -204.8
v 38.400000000000006 25.599999999999977 -204.8
v 38.400000000000006 25.599999999999977 -192
v 51.2 19.199999999999978 -204.8
v 51.2 19.199999999999974 -217.60000000000002
v 51.2 16.799999999999972 -217.60000000000002
v 51.2 16.799999999999972 -217.60000000000002
v 51.2 19.199999999999974 -217.60000000000002
v 38.400000000000006 19.199999999999974 -217.60000000000002
v 25.6 19.199999999999978 -216
v 25.6 16.799999999999972 -217.60000000000002
v 25.6 -2.6648314349446407e-14 -217.60000000000002
v 25.6 -2.6648314349446407e-14 -217.60000000000002
v 38.400000000000006 -2.6648314349446407e-14 -217.60000000000002
v 38.400000000000006 19.199999999999974 -217.60000000000002
v 12.8 19.199999999999974 -217.60000000000002
v 25.6 16.799999999999972 -217.60000000000002
v 25.6 19.199999999999978 -216
v 25.6 25.59999999999998 -179.20000000000002
v 38.400000000000006 25.59999999999998 -179.20000000000002
v 38.400000000000006 23.99999999999998 -179.20000000000002
v 49.6 25.59999999999998 -179.20000000000002
v 51.2 25.59999999999998 -180.8
v 51.2 19.19999999999998 -179.20000000000002
v 65.60000000000001 31.199999999999985 -153.60000000000002
v 64 31.999999999999982 -152
v 64 25.599999999999984 -153.60000000000002
v 69.60000000000001 25.599999999999984 -153.60000000000002
v 70.4 12.799999999999981 -153.60000000000002
v 70.4 25.599999999999984 -152
v 76.80000000000001 12.799999999999981 -153.60000000000002
v 76.80000000000001 25.599999999999984 -153.60000000000002
v 70.4 12.799999999999981 -153.60000000000002
v 51.2 25.599999999999984 -153.60000000000002
v 51.2 12.799999999999981 -153.60000000000002
v 64 12.799999999999981 -153.60000000000002
v 64 25.599999999999984 -153.60000000000002
v 64 23.999999999999982 -152
v 64 12.799999999999981 -153.60000000000002
v 51.2 19.199999999999992 -89.60000000000001
v 61.6 19.199999999999992 -89.60000000000001
v 61.6 16.79999999999999 -89.60000000000001
v 44 25.599999999999984 -140.8
v 38.400000000000006 25.599999999999984 -153.60000000000002
v 38.400000000000006 23.999999999999982 -153.60000000000002
v 76.80000000000001 57.59999999999999 -115.2
v 76.80000000000001 44.79999999999999 -115.2
v 71.2 54.39999999999999 -115.2
v 70.4 12.799999999999981 -153.60000000000002
v 69.60000000000001 25.599999999999984 -153.60000000000002
v 64 25.599999999999984 -153.60000000000002
v 89.60000000000001 57.59999999999999 -140.8
v 89.60000000000001 63.999999999999986 -140.8
v 76.80000000000001 63.999999999999986 -140.8
v 0 57.59999999999999 -115.2
v 0 63.999999999999986 -115.20000000000002
v 12.8 63.999999999999986 -115.20000000000002
v 70.4 62.39999999999999 -116.80000000000003
v 71.2 63.19999999999999 -115.20000000000002
v 71.2 54.39999999999999 -115.2
v 71.2 63.19999999999999 -115.20000000000002
v 76.80000000000001 63.999999999999986 -115.20000000000002
v 76.80000000000001 57.59999999999999 -115.2
v 45.6 44.79999999999999 -140.8
v 45.6 61.59999999999999 -140.8
v 42.400000000000006 62.39999999999999 -140.8
v 51.2 62.39999999999999 -140.8
v 47.2 61.59999999999999 -140.8
v 47.2 44.79999999999999 -140.8
v 25.6 62.39999999999999 -115.20000000000002
v 33.6 62.39999999999999 -115.20000000000002
v 34.4 60.79999999999999 -115.20000000000002
v 51.2 19.199999999999978 -204.8
v 38.400000000000006 19.199999999999978 -204.8
v 38.400000000000006 19.199999999999974 -217.60000000000002
v 12.8 19.199999999999974 -217.60000000000002
v 12.8 -2.6648314349446407e-14 -217.60000000000002
v 25.6 -2.6648314349446407e-14 -217.60000000000002
v 71.2 54.39999999999999 -115.2
v 70.4 44.79999999999999 -116.80000000000001
v 70.4 62.39999999999999 -116.80000000000003
v 76.80000000000001 57.59999999999999 -115.2
v 71.2 54.39999999999999 -115.2
v 71.2 63.19999999999999 -115.20000000000002
v 47.2 44.79999999999999 -140.8
v 51.2 44.79999999999999 -140.8
v 51.2 62.39999999999999 -140.8
v 42.400000000000006 62.39999999999999 -140.8
v 38.400000000000006 44.79999999999999 -140.8
v 45.6 44.79999999999999 -140.8
v 64 25.599999999999984 -153.60000000000002
v 64 12.799999999999981 -153.60000000000002
v 70.4 12.799999999999981 -153.60000000000002
v 38.400000000000006 19.199999999999974 -217.60000000000002
v 51.2 19.199999999999974 -217.60000000000002
v 51.2 19.199999999999978 -204.8
v 25.6 -2.6648314349446407e-14 -217.60000000000002
v 25.6 16.799999999999972 -217.60000000000002
v 12.8 19.199999999999974 -217.60000000000002
v 12.8 63.999999999999986 -140.8
v 0 63.999999999999986 -140.8
v 0 57.59999999999999 -140.8
v 64 16.79999999999999 -89.60000000000001
v 64 19.199999999999992 -89.60000000000001
v 66.4 19.19999999999999 -102.4
v 33.6 63.999999999999986 -123.20000000000002
v 33.6 60.79999999999999 -123.20000000000002
v 33.6 62.39999999999999 -115.20000000000002
v 38.400000000000006 62.39999999999999 -128
v 38.400000000000006 63.999999999999986 -129.6
v 42.400000000000006 62.39999999999999 -128
v 35.2 63.999999999999986 -128
v 38.400000000000006 63.999999999999986 -129.6
v 38.400000000000006 62.39999999999999 -128
v 64 16.79999999999999 -89.60000000000001
v 64 6.39999999999999 -89.60000000000001
v 61.6 16.79999999999999 -89.60000000000001
v 61.6 16.79999999999999 -89.60000000000001
v 64 6.39999999999999 -89.60000000000001
v 64 19.199999999999992 -76.80000000000001
v 64 6.39999999999999 -89.60000000000001
v 64 6.399999999999991 -76.80000000000001
v 64 19.199999999999992 -76.80000000000001
v 33.6 63.999999999999986 -123.20000000000002
v 25.6 62.39999999999999 -115.20000000000002
v 25.6 63.999999999999986 -116.00000000000001
v 42.400000000000006 62.39999999999999 -128
v 42.400000000000006 60.79999999999999 -128
v 38.400000000000006 60.79999999999999 -128
v 38.400000000000006 60.79999999999999 -128
v 38.400000000000006 62.39999999999999 -128
v 42.400000000000006 62.39999999999999 -128
v 36.800000000000004 60.79999999999999 -123.20000000000002
v 44.800000000000004 60.79999999999999 -123.20000000000002
v 44.800000000000004 62.39999999999999 -123.20000000000002
v 89.60000000000001 57.59999999999999 -115.2
v 87.2 63.19999999999999 -116.00000000000001
v 89.60000000000001 63.999999999999986 -128
v 0 31.999999999999982 -140.8
v 0 25.599999999999984 -140.8
v 12.8 25.599999999999984 -140.8
v 64 12.799999999999981 -153.60000000000002
v 64 23.999999999999982 -152
v 51.2 25.599999999999984 -153.60000000000002
v 79.2 17.599999999999973 -217.60000000000002
v 76.80000000000001 12.799999999999974 -217.60000000000002
v 89.60000000000001 19.199999999999974 -217.60000000000002
v 89.60000000000001 12.799999999999974 -217.60000000000002
v 89.60000000000001 57.59999999999999 -115.2
v 89.60000000000001 44.79999999999999 -115.2
v 76.80000000000001 57.59999999999999 -115.2
v 76.80000000000001 44.79999999999999 -115.2
v 38.400000000000006 25.59999999999998 -166.4
v 38.400000000000006 12.799999999999981 -166.4
v 38.400000000000006 23.999999999999982 -153.60000000000002
v 38.400000000000006 12.799999999999981 -153.60000000000002
v 38.400000000000006 23.999999999999982 -153.60000000000002
v 38.400000000000006 12.799999999999981 -153.60000000000002
v 51.2 25.599999999999984 -153.60000000000002
v 51.2 12.799999999999981 -153.60000000000002
v 61.6 16.79999999999999 -89.60000000000001
v 61.6 19.199999999999992 -89.60000000000001
v 64 16.79999999999999 -89.60000000000001
v 64 19.199999999999992 -89.60000000000001
v 76.80000000000001 12.799999999999974 -217.60000000000002
v 76.80000000000001 -2.6648314349446407e-14 -217.60000000000002
v 89.60000000000001 12.799999999999974 -217.60000000000002
v 89.60000000000001 -2.6648314349446407e-14 -217.60000000000002
v 76.80000000000001 44.79999999999999 -140.8
v 76.80000000000001 31.999999999999982 -140.8
v 89.60000000000001 44.79999999999999 -140.8
v 89.60000000000001 31.999999999999982 -140.8
v 67.2 62.39999999999999 -116.80000000000003
v 67.2 44.79999999999999 -116.80000000000001
v 67.2 63.19999999999999 -115.20000000000002
v 67.2 44.79999999999999 -115.2
v 64 62.39999999999999 -140.8
v 64 63.999999999999986 -140.8
v 51.2 62.39999999999999 -140.8
v 51.2 63.999999999999986 -140.8
v 70.4 62.39999999999999 -140.8
v 70.4 44.79999999999999 -140.8
v 70.4 62.39999999999999 -139.20000000000002
v 70.4 44.79999999999999 -139.20000000000002
v 74.4 44.79999999999999 -140.8
v 76.80000000000001 44.79999999999999 -140.8
v 74.4 63.19999999999999 -140.8
v 76.80000000000001 63.999999999999986 -140.8
v 67.2 44.79999999999999 -116.80000000000001
v 67.2 19.19999999999999 -116.80000000000001
v 67.2 44.79999999999999 -115.2
v 67.2 19.19999999999999 -115.2
v 73.60000000000001 62.39999999999999 -139.20000000000002
v 73.60000000000001 44.79999999999999 -139.20000000000002
v 74.4 63.19999999999999 -140.8
v 74.4 44.79999999999999 -140.8
v 73.60000000000001 31.999999999999982 -140.8
v 76.80000000000001 31.999999999999982 -140.8
v 74.4 44.79999999999999 -140.8
v 76.80000000000001 44.79999999999999 -140.8
v 70.4 31.999999999999982 -140.8
v 70.4 44.79999999999999 -140.8
v 64 31.999999999999982 -140.8
v 64 44.79999999999999 -140.8
v 45.6 44.79999999999999 -116.80000000000001
v 44.800000000000004 44.79999999999999 -115.2
v 44.800000000000004 62.39999999999999 -116.80000000000003
v 44 62.39999999999999 -115.20000000000002
v 36.800000000000004 60.79999999999999 -123.20000000000002
v 44.800000000000004 62.39999999999999 -123.20000000000002
v 39.2 63.999999999999986 -123.20000000000002
v 44 63.999999999999986 -123.20000000000002
v 38.400000000000006 63.999999999999986 -115.20000000000002
v 44 63.999999999999986 -115.20000000000002
v 38.400000000000006 60.79999999999999 -115.20000000000002
v 44 62.39999999999999 -115.20000000000002
v 46.400000000000006 63.999999999999986 -134.4
v 46.400000000000006 63.999999999999986 -128
v 46.400000000000006 62.39999999999999 -134.4
v 46.400000000000006 62.39999999999999 -128
v 44 63.999999999999986 -115.20000000000002
v 44 63.999999999999986 -123.20000000000002
v 44.800000000000004 62.39999999999999 -116.80000000000003
v 44.800000000000004 62.39999999999999 -123.20000000000002
v 51.2 62.39999999999999 -115.20000000000002
v 51.2 44.79999999999999 -115.2
v 51.2 62.39999999999999 -116.80000000000003
v 51.2 44.79999999999999 -116.80000000000001
v 51.2 63.999999999999986 -116.80000000000003
v 51.2 62.39999999999999 -116.80000000000003
v 46.400000000000006 63.999999999999986 -128
v 46.400000000000006 62.39999999999999 -128
v 89.60000000000001 6.39999999999999 -89.60000000000001
v 76.80000000000001 6.39999999999999 -89.60000000000001
v 89.60000000000001 19.199999999999992 -89.60000000000001
v 76.80000000000001 19.199999999999992 -89.60000000000001
v 64 6.399999999999996 -38.400000000000006
v 64 6.399999999999997 -25.6
v 64 19.2 -38.400000000000006
v 64 19.2 -25.600000000000005
v 64 19.199999999999996 -64
v 64 19.199999999999992 -76.80000000000001
v 64 6.399999999999992 -64
v 64 6.399999999999991 -76.80000000000001
v 64 18.399999999999995 -51.2
v 64 19.199999999999996 -64
v 64 6.399999999999994 -51.2
v 64 6.399999999999992 -64
v 64 31.999999999999982 -152
v 65.60000000000001 31.199999999999985 -153.60000000000002
v 70.4 31.999999999999982 -152
v 69.60000000000001 31.199999999999985 -153.60000000000002
v 69.60000000000001 31.199999999999985 -153.60000000000002
v 65.60000000000001 31.199999999999985 -153.60000000000002
v 69.60000000000001 25.599999999999984 -153.60000000000002
v 64 25.599999999999984 -153.60000000000002
v 38.400000000000006 25.599999999999977 -192
v 38.400000000000006 31.999999999999975 -192
v 38.400000000000006 30.399999999999977 -204.8
v 38.400000000000006 31.999999999999975 -203.20000000000002
v 64 31.999999999999982 -152
v 64 31.999999999999982 -140.8
v 64 25.599999999999984 -153.60000000000002
v 64 25.599999999999984 -140.8
v 51.2 19.19999999999998 -179.20000000000002
v 38.400000000000006 23.99999999999998 -179.20000000000002
v 49.6 25.59999999999998 -179.20000000000002
v 38.400000000000006 25.59999999999998 -179.20000000000002
v 51.2 25.59999999999998 -180.8
v 51.2 25.599999999999977 -192
v 51.2 19.19999999999998 -179.20000000000002
v 51.2 19.199999999999978 -192
v 51.2 19.199999999999978 -192
v 51.2 12.799999999999978 -192
v 51.2 19.19999999999998 -179.20000000000002
v 51.2 12.79999999999998 -179.20000000000002
v 38.400000000000006 23.99999999999998 -179.20000000000002
v 38.400000000000006 12.79999999999998 -179.20000000000002
v 38.400000000000006 25.59999999999998 -166.4
v 38.400000000000006 12.799999999999981 -166.4
v 12.8 19.199999999999974 -217.60000000000002
v 12.8 19.199999999999978 -204.8
v 0 19.199999999999974 -217.60000000000002
v 0 19.199999999999978 -204.8
v 25.6 19.199999999999978 -204.8
v 38.400000000000006 19.199999999999978 -204.8
v 36.800000000000004 25.599999999999977 -204.8
v 38.400000000000006 25.599999999999977 -204.8
v 36.800000000000004 25.599999999999977 -204.8
v 38.400000000000006 25.599999999999977 -204.8
v 36.800000000000004 31.999999999999975 -204.8
v 38.400000000000006 30.399999999999977 -204.8
v 70.4 25.599999999999984 -152
v 70.4 31.999999999999982 -152
v 69.60000000000001 25.599999999999984 -153.60000000000002
v 69.60000000000001 31.199999999999985 -153.60000000000002
v 12.8 -2.6648314349446407e-14 -217.60000000000002
v 12.8 19.199999999999974 -217.60000000000002
v 0 12.799999999999974 -217.60000000000002
v 0 19.199999999999974 -217.60000000000002
v 36.800000000000004 31.999999999999975 -204.8
v 25.6 31.999999999999975 -204.8
v 36.800000000000004 25.599999999999977 -204.8
v 25.6 19.199999999999978 -204.8
v 51.2 19.19999999999998 -179.20000000000002
v 51.2 12.79999999999998 -179.20000000000002
v 38.400000000000006 23.99999999999998 -179.20000000000002
v 38.400000000000006 12.79999999999998 -179.20000000000002
v 76.80000000000001 25.599999999999984 -153.60000000000002
v 76.80000000000001 12.799999999999981 -153.60000000000002
v 89.60000000000001 19.199999999999985 -153.60000000000002
v 89.60000000000001 12.799999999999981 -153.60000000000002
v 89.60000000000001 19.199999999999985 -153.60000000000002
v 89.60000000000001 31.999999999999982 -153.60000000000002
v 76.80000000000001 25.599999999999984 -153.60000000000002
v 76.80000000000001 31.999999999999982 -153.60000000000002
v 0 31.999999999999975 -192
v 12.8 31.999999999999975 -192
v 0 25.599999999999977 -192
v 12.8 25.599999999999977 -192
v 12.8 31.999999999999975 -204.8
v 0 31.999999999999975 -204.8
v 12.8 19.199999999999978 -204.8
v 0 19.199999999999978 -204.8
v 25.6 31.999999999999975 -192
v 38.400000000000006 31.999999999999975 -192
v 25.6 25.599999999999977 -192
v 38.400000000000006 25.599999999999977 -192
v 12.8 31.999999999999975 -192
v 25.6 31.999999999999975 -192
v 12.8 25.599999999999977 -192
v 25.6 25.599999999999977 -192
v 38.400000000000006 19.199999999999974 -217.60000000000002
v 38.400000000000006 19.199999999999978 -204.8
v 25.6 19.199999999999978 -216
v 25.6 19.199999999999978 -204.8
v 51.2 25.599999999999977 -204.8
v 38.400000000000006 25.599999999999977 -204.8
v 51.2 19.199999999999978 -204.8
v 38.400000000000006 19.199999999999978 -204.8
v 89.60000000000001 19.199999999999978 -192
v 89.60000000000001 12.799999999999978 -192
v 76.80000000000001 19.199999999999978 -192
v 76.80000000000001 12.799999999999978 -192
v 76.80000000000001 19.199999999999978 -192
v 76.80000000000001 12.799999999999978 -192
v 64 19.199999999999978 -192
v 64 12.799999999999978 -192
v 51.2 25.599999999999977 -192
v 51.2 25.599999999999977 -204.8
v 51.2 19.199999999999978 -192
v 51.2 19.199999999999978 -204.8
v 25.6 31.999999999999975 -204.8
v 12.8 31.999999999999975 -204.8
v 25.6 19.199999999999978 -204.8
v 12.8 19.199999999999978 -204.8
v 64 19.199999999999978 -192
v 64 12.799999999999978 -192
v 51.2 19.199999999999978 -192
v 51.2 12.799999999999978 -192
v 25.6 19.199999999999978 -216
v 25.6 19.199999999999978 -204.8
v 12.8 19.199999999999974 -217.60000000000002
v 12.8 19.199999999999978 -204.8
v 33.6 63.999999999999986 -123.20000000000002
v 35.2 63.999999999999986 -128
v 33.6 60.79999999999999 -123.20000000000002
v 35.2 60.79999999999999 -128
v 35.2 60.79999999999999 -128
v 35.2 63.999999999999986 -128
v 38.400000000000006 60.79999999999999 -128
v 38.400000000000006 62.39999999999999 -128
v 76.80000000000001 19.199999999999992 -89.60000000000001
v 76.80000000000001 6.39999999999999 -89.60000000000001
v 64 16.79999999999999 -89.60000000000001
v 64 6.39999999999999 -89.60000000000001
v 67.2 63.999999999999986 -116.80000000000003
v 70.4 63.999999999999986 -128
v 67.2 62.39999999999999 -116.80000000000003
v 70.4 62.39999999999999 -128
v 70.4 62.39999999999999 -139.20000000000002
v 70.4 62.39999999999999 -128
v 70.4 63.999999999999986 -139.20000000000002
v 70.4 63.999999999999986 -128
v 73.60000000000001 63.999999999999986 -139.20000000000002
v 72.8 63.999999999999986 -128
v 73.60000000000001 62.39999999999999 -139.20000000000002
v 72.8 62.39999999999999 -128
v 70.4 62.39999999999999 -116.80000000000003
v 72.8 62.39999999999999 -128
v 70.4 63.999999999999986 -116.80000000000003
v 72.8 63.999999999999986 -128
vt 0.8671875 0.2421875
vt 0.75 0.2421875
vt 0.8671875 0.125
vt 0.75 0.0859375
vt 0.75 0
vt 0.875 0.0859375
vt 0.625 0.0703125
vt 0.640625 0.015625
vt 0.640625 0.0703125
vt 0.796875 0.0703125
vt 0.78125 0.015625
vt 0.796875 0.015625
vt 0.8671875 0.0703125
vt 0.8515625 0.0703125
vt 0.8515625 0.015625
vt 0.8515625 0
vt 0.8671875 0
vt 0.8671875 0.1171875
vt 0.6875 0.2421875
vt 0.6875 0.1328125
vt 0.75 0.2421875
vt 0.9921875 0.1796875
vt 0.875 0.1796875
vt 0.875 0.125
vt 0.984375 0
vt 0.9921875 0
vt 0.9921875 0
vt 0.5 0.0703125
vt 0.5546875 0.015625
vt 0.5546875 0.0703125
vt 0.7421875 0.1796875
vt 0.7265625 0
vt 0.7421875 0
vt 0.875 0.2421875
vt 0.875 0
vt 0.8828125 0
vt 0.625 0.015625
vt 0.75 0.015625
vt 0.75 0.0703125
vt 0.5 0.015625
vt 0.5 0
vt 0.6171875 0
vt 0.578125 0.0703125
vt 0.625 0.015625
vt 0.625 0.2421875
vt 0.9765625 0.015625
vt 0.9921875 0.015625
vt 0.9765625 0.0703125
vt 0.890625 0.0703125
vt 0.875 0.0703125
vt 0.875 0.015625
vt 0.7421875 0.0703125
vt 0.7265625 0.0703125
vt 0.7265625 0.015625
vt 0.5625 0.015625
vt 0.5 0.0703125
vt 0.5 0.015625
vt 0.78125 0.125
vt 0.78125 0
vt 0.796875 0
vt 0.9921875 0.0234375
vt 0.9921875 0.1796875
vt 0.8671875 0.1796875
vt 0.75 0
vt 0.875 0
vt 0.875 0.0859375
vt 0.640625 0
vt 0.625 0.015625
vt 0.609375 0
vt 0.875 0.0703125
vt 0.875 0.015625
vt 0.9921875 0.015625
vt 0.75 0.078125
vt 0.8671875 0.078125
vt 0.75 0.09375
vt 0.625 0.015625
vt 0.625 0.0625
vt 0.5 0.0625
vt 0.5 0.125
vt 0.5 0.2421875
vt 0.5 0.2421875
vt 0.5 0
vt 0.5 0
vt 0.6171875 0
vt 0.7421875 0
vt 0.7421875 0
vt 0.7421875 0.1796875
vt 0.7421875 0.1796875
vt 0.6171875 0.1796875
vt 0.6171875 0
vt 0.8671875 0
vt 0.7421875 0
vt 0.7421875 0
vt 0.5 0.015625
vt 0.625 0.015625
vt 0.625 0.0703125
vt 0.734375 0.015625
vt 0.765625 0.015625
vt 0.75 0.125
vt 0.7265625 0
vt 0.7421875 0
vt 0.7421875 0.0546875
vt 0.6875 0.0546875
vt 0.6796875 0.1796875
vt 0.6796875 0.0546875
vt 0.6171875 0.1796875
vt 0.6171875 0.0546875
vt 0.6796875 0.1796875
vt 0.75 0.015625
vt 0.75 0.1796875
vt 0.625 0.1796875
vt 0.75 0.078125
vt 0.75 0.09375
vt 0.75 0.2421875
vt 0.625 0.125
vt 0.734375 0.125
vt 0.734375 0.140625
vt 0.75 0.015625
vt 0.875 0.015625
vt 0.875 0.0703125
vt 0.75 0.0859375
vt 0.75 0.2421875
vt 0.6875 0.1328125
vt 0.6796875 0.1796875
vt 0.6875 0.0546875
vt 0.7421875 0.0546875
vt 0.625 0.0625
vt 0.625 0
vt 0.7421875 0
vt 0.5 0.078125
vt 0.5 0
vt 0.6171875 0
vt 0.9765625 0.0703125
vt 0.9921875 0.015625
vt 0.9921875 0.15625
vt 0.6875 0
vt 0.75 0
vt 0.75 0.0859375
vt 0.5625 0.2421875
vt 0.5625 0.0859375
vt 0.578125 0.0703125
vt 0.5 0.0703125
vt 0.53125 0.0703125
vt 0.53125 0.2421875
vt 0.75 0.0703125
vt 0.828125 0.0703125
vt 0.84375 0.0859375
vt 0.5 0.125
vt 0.625 0.125
vt 0.625 0.2421875
vt 0.8671875 0
vt 0.8671875 0.1796875
vt 0.7421875 0.1796875
vt 0.9921875 0.15625
vt 0.9765625 0.2421875
vt 0.9765625 0.0703125
vt 0.75 0.0859375
vt 0.6875 0.1328125
vt 0.6875 0
vt 0.53125 0.2421875
vt 0.5 0.2421875
vt 0.5 0.0703125
vt 0.578125 0.0703125
vt 0.625 0.2421875
vt 0.5625 0.2421875
vt 0.7421875 0.0546875
vt 0.7421875 0.1796875
vt 0.6796875 0.1796875
vt 0.625 0.2421875
vt 0.5 0.2421875
vt 0.5 0.125
vt 0.7421875 0.1796875
vt 0.7421875 0
vt 0.8671875 0
vt 0.875 0.015625
vt 0.9921875 0.015625
vt 0.9921875 0.2421875
vt 0.75 0.140625
vt 0.75 0.125
vt 0.875 0.125
vt 0.765625 0.015625
vt 0.765625 0.0859375
vt 0.703125 0.0859375
vt 0.859375 0.015625
vt 0.859375 0.015625
vt 0.890625 0.0703125
vt 0.828125 0.015625
vt 0.859375 0.015625
vt 0.859375 0.0859375
vt 0.75 0.140625
vt 0.75 0.2421875
vt 0.734375 0.140625
vt 0.734375 0.140625
vt 0.75 0.2421875
vt 0.625 0.125
vt 0.75 0.2421875
vt 0.625 0.2421875
vt 0.625 0.125
vt 0.8125 0.015625
vt 0.75 0.0703125
vt 0.75 0.015625
vt 0.890625 0.0703125
vt 0.890625 0.0859375
vt 0.859375 0.0859375
vt 0.859375 0.0859375
vt 0.859375 0.015625
vt 0.890625 0.0703125
vt 0.640625 0.0859375
vt 0.5625 0.0859375
vt 0.5625 0.0703125
vt 0.875 0.0859375
vt 0.875 0
vt 0.9921875 0
vt 0.9921875 0.125
vt 0.9921875 0.1796875
vt 0.875 0.1796875
vt 0.625 0.1796875
vt 0.625 0.015625
vt 0.75 0.015625
vt 0.71875 0.0703125
vt 0.75 0.125
vt 0.625 0.015625
vt 0.625 0.125
vt 0.875 0.0859375
vt 0.875 0.2421875
vt 0.75 0.0859375
vt 0.75 0.2421875
vt 0.9921875 0.015625
vt 0.9921875 0.1796875
vt 0.875 0.0703125
vt 0.875 0.1796875
vt 0.875 0.0703125
vt 0.875 0.1796875
vt 0.75 0.015625
vt 0.75 0.1796875
vt 0.734375 0.140625
vt 0.734375 0.125
vt 0.75 0.140625
vt 0.75 0.125
vt 0.75 0.125
vt 0.75 0.2421875
vt 0.625 0.125
vt 0.625 0.2421875
vt 0.75 0
vt 0.75 0.125
vt 0.625 0
vt 0.625 0.125
vt 0.640625 0.0703125
vt 0.640625 0.2421875
vt 0.625 0.0703125
vt 0.625 0.2421875
vt 0.875 0.0703125
vt 0.875 0.015625
vt 0.9921875 0.0703125
vt 0.9921875 0.015625
vt 0.8671875 0.0703125
vt 0.8671875 0.2421875
vt 0.8515625 0.0703125
vt 0.8515625 0.2421875
vt 0.78125 0.2421875
vt 0.75 0.2421875
vt 0.78125 0.015625
vt 0.75 0.015625
vt 0.640625 0
vt 0.640625 0.1796875
vt 0.625 0
vt 0.625 0.1796875
vt 0.796875 0.0703125
vt 0.796875 0.2421875
vt 0.78125 0.015625
vt 0.78125 0.2421875
vt 0.78125 0.125
vt 0.75 0.125
vt 0.78125 0
vt 0.75 0
vt 0.8125 0.125
vt 0.8125 0
vt 0.875 0.125
vt 0.875 0
vt 0.890625 0.2421875
vt 0.875 0.2421875
vt 0.890625 0.0703125
vt 0.875 0.0703125
vt 0.640625 0.0859375
vt 0.5625 0.0703125
vt 0.609375 0.015625
vt 0.5625 0.015625
vt 0.875 0.015625
vt 0.9375 0.015625
vt 0.875 0.0859375
vt 0.9375 0.0703125
vt 0.5546875 0.015625
vt 0.625 0.015625
vt 0.5546875 0.0703125
vt 0.625 0.0703125
vt 0.875 0.015625
vt 0.9921875 0.015625
vt 0.890625 0.0703125
vt 0.9921875 0.0703125
vt 0.7421875 0.0703125
vt 0.7421875 0.2421875
vt 0.7265625 0.0703125
vt 0.7265625 0.2421875
vt 0.7265625 0.015625
vt 0.7265625 0.0703125
vt 0.625 0.015625
vt 0.625 0.0703125
vt 0.9921875 0.2421875
vt 0.875 0.2421875
vt 0.9921875 0.125
vt 0.875 0.125
vt 0.7421875 0.2421875
vt 0.625 0.2421875
vt 0.734375 0.125
vt 0.625 0.125
vt 0.5 0.125
vt 0.625 0.125
vt 0.5 0.2421875
vt 0.625 0.2421875
vt 0.875 0.125
vt 0.9921875 0.125
vt 0.8671875 0.2421875
vt 0.9921875 0.2421875
vt 0.7421875 0.2421875
vt 0.7265625 0.2421875
vt 0.6796875 0.2421875
vt 0.6875 0.2421875
vt 0.6875 0
vt 0.7265625 0
vt 0.6875 0.0546875
vt 0.7421875 0.0546875
vt 0.5 0.0625
vt 0.5 0
vt 0.625 0.015625
vt 0.609375 0
vt 0.75 0
vt 0.8671875 0
vt 0.75 0.078125
vt 0.8671875 0.078125
vt 0.75 0.125
vt 0.625 0.0703125
vt 0.734375 0.015625
vt 0.625 0.015625
vt 0.765625 0.015625
vt 0.875 0.015625
vt 0.75 0.125
vt 0.875 0.125
vt 0.875 0.125
vt 0.875 0.1796875
vt 0.75 0.125
vt 0.75 0.1796875
vt 0.625 0.0703125
vt 0.625 0.1796875
vt 0.5 0.015625
vt 0.5 0.1796875
vt 0.875 0.2421875
vt 0.875 0.125
vt 0.9921875 0.2421875
vt 0.9921875 0.125
vt 0.75 0.1171875
vt 0.625 0.1171875
vt 0.640625 0.0625
vt 0.625 0.0625
vt 0.640625 0.0625
vt 0.625 0.0625
vt 0.640625 0
vt 0.625 0.015625
vt 0.6796875 0.0546875
vt 0.6796875 0
vt 0.6875 0.0546875
vt 0.6875 0
vt 0.8671875 0.1796875
vt 0.8671875 0
vt 0.9921875 0.0234375
vt 0.9921875 0
vt 0.640625 0
vt 0.75 0
vt 0.640625 0.0625
vt 0.75 0.1171875
vt 0.75 0.125
vt 0.75 0.1796875
vt 0.625 0.0703125
vt 0.625 0.1796875
vt 0.6171875 0.0546875
vt 0.6171875 0.1796875
vt 0.5 0.1171875
vt 0.5 0.1796875
vt 0.5 0.1171875
vt 0.5 0
vt 0.6171875 0.0546875
vt 0.6171875 0
vt 0.625 0
vt 0.7421875 0
vt 0.625 0.0625
vt 0.7421875 0.0625
vt 0.875 0
vt 0.9921875 0
vt 0.875 0.1171875
vt 0.9921875 0.1171875
vt 0.8671875 0
vt 0.9921875 0
vt 0.8671875 0.0625
vt 0.9921875 0.0625
vt 0.7421875 0
vt 0.8671875 0
vt 0.7421875 0.0625
vt 0.8671875 0.0625
vt 0.625 0.2421875
vt 0.625 0.125
vt 0.75 0.2421875
vt 0.75 0.125
vt 0.5 0.015625
vt 0.625 0.015625
vt 0.5 0.1171875
vt 0.625 0.1171875
vt 0.75 0.125
vt 0.75 0.1796875
vt 0.625 0.125
vt 0.625 0.1796875
vt 0.625 0.125
vt 0.625 0.1796875
vt 0.5 0.125
vt 0.5 0.1796875
vt 0.875 0.015625
vt 0.9921875 0.015625
vt 0.875 0.125
vt 0.9921875 0.125
vt 0.75 0
vt 0.875 0
vt 0.75 0.1171875
vt 0.875 0.1171875
vt 0.9921875 0.125
vt 0.9921875 0.1796875
vt 0.875 0.125
vt 0.875 0.1796875
vt 0.75 0.2421875
vt 0.75 0.125
vt 0.875 0.2421875
vt 0.875 0.125
vt 0.765625 0.015625
vt 0.828125 0.015625
vt 0.765625 0.0859375
vt 0.828125 0.0859375
vt 0.828125 0.0859375
vt 0.828125 0.015625
vt 0.859375 0.0859375
vt 0.859375 0.0859375
vt 0.875 0.125
vt 0.875 0.2421875
vt 0.75 0.140625
vt 0.75 0.2421875
vt 0.640625 0.015625
vt 0.75 0.015625
vt 0.640625 0.0703125
vt 0.75 0.0703125
vt 0.8515625 0.0703125
vt 0.75 0.0703125
vt 0.8515625 0.015625
vt 0.75 0.015625
vt 0.796875 0.015625
vt 0.8984375 0.015625
vt 0.796875 0.0703125
vt 0.8984375 0.0703125
vt 0.9765625 0.0703125
vt 0.8984375 0.0703125
vt 0.9765625 0.015625
vt 0.8984375 0.015625
vn 0 1.2246467991473532e-16 1
vn 0 1.2246467991473532e-16 1
vn 0 1.2246467991473532e-16 1
vn 0 1.2246467991473532e-16 1
vn 0 1.2246467991473532e-16 1
vn 0 1.2246467991473532e-16 1
vn 1 0 0
vn 1 0 0
vn 1 0 0
vn -0.8944271909999157 -5.476786982642025e-17 -0.44721359549995787
vn -0.8944271909999157 -5.476786982642025e-17 -0.44721359549995787
vn -0.8944271909999157 -5.476786982642025e-17 -0.44721359549995787
vn 1 0 0
vn 1 0 0
vn 1 0 0
vn 1 0 0
vn 1 0 0
vn 1 0 0
vn -0.24014412989682976 -0.14008407080609692 0.960576519587319
vn -0.24014412989682976 -0.14008407080609692 0.960576519587319
vn -0.24014412989682976 -0.14008407080609692 0.960576519587319
vn 0 -1.2246467991473532e-16 -1
vn 0 -1.2246467991473532e-16 -1
vn 0 -1.2246467991473532e-16 -1
vn 1 0 0
vn 1 0 0
vn 1 0 0
vn -0.9922778767136676 -1.5189874069776562e-17 -0.12403473458920845
vn -0.9922778767136676 -1.5189874069776562e-17 -0.12403473458920845
vn -0.9922778767136676 -1.5189874069776562e-17 -0.12403473458920845
vn -1 0 0
vn -1 0 0
vn -1 0 0
vn 0.8944271909999157 5.476786982642025e-17 0.44721359549995787
vn 0.8944271909999157 5.476786982642025e-17 0.44721359549995787
vn 0.8944271909999157 5.476786982642025e-17 0.44721359549995787
vn 0.055814557218594754 0.44651645774875814 0.8930329154975161
vn 0.055814557218594754 0.44651645774875814 0.8930329154975161
vn 0.055814557218594754 0.44651645774875814 0.8930329154975161
vn -0.08804509063256238 0.7043607250604992 0.7043607250604991
vn -0.08804509063256238 0.7043607250604992 0.7043607250604991
vn -0.08804509063256238 0.7043607250604992 0.7043607250604991
vn 0 -1.2246467991473532e-16 -1
vn 0 -1.2246467991473532e-16 -1
vn 0 -1.2246467991473532e-16 -1
vn -0.8944271909999157 5.476786982642025e-17 0.44721359549995787
vn -0.8944271909999157 5.476786982642025e-17 0.44721359549995787
vn -0.8944271909999157 5.476786982642025e-17 0.44721359549995787
vn 0.8944271909999157 5.476786982642025e-17 0.44721359549995787
vn 0.8944271909999157 5.476786982642025e-17 0.44721359549995787
vn 0.8944271909999157 5.476786982642025e-17 0.44721359549995787
vn -1 0 0
vn -1 0 0
vn -1 0 0
vn -1 0 0
vn -1 0 0
vn -1 0 0
vn -0.8930329154975162 0.055814557218594706 -0.4465164577487581
vn -0.8930329154975162 0.055814557218594706 -0.4465164577487581
vn -0.8930329154975162 0.055814557218594706 -0.4465164577487581
vn 0 -1.2246467991473532e-16 -1
vn 0 -1.2246467991473532e-16 -1
vn 0 -1.2246467991473532e-16 -1
vn 0.0890870845401599 0.1781741690803199 0.979957885238275
vn 0.0890870845401599 0.1781741690803199 0.979957885238275
vn 0.0890870845401599 0.1781741690803199 0.979957885238275
vn 0.5773502691896257 0.5773502691896257 -0.5773502691896258
vn 0.5773502691896257 0.5773502691896257 -0.5773502691896258
vn 0.5773502691896257 0.5773502691896257 -0.5773502691896258
vn 0 -1.2246467991473532e-16 -1
vn 0 -1.2246467991473532e-16 -1
vn 0 -1.2246467991473532e-16 -1
vn -1 0 0
vn -1 0 0
vn -1 0 0
vn 1 0 0
vn 1 0 0
vn 1 0 0
vn 1 0 0
vn 1 0 0
vn 1 0 0
vn 0 -1.2246467991473532e-16 -1
vn 0 -1.2246467991473532e-16 -1
vn 0 -1.2246467991473532e-16 -1
vn 1 0 0
vn 1 0 0
vn 1 0 0
vn 0 -1.2246467991473532e-16 -1
vn 0 -1.2246467991473532e-16 -1
vn 0 -1.2246467991473532e-16 -1
vn 0.10344827699604552 0.5517241241106948 -0.8275862159683641
vn 0.10344827699604552 0.5517241241106948 -0.8275862159683641
vn 0.10344827699604552 0.5517241241106948 -0.8275862159683641
vn 0 1.2246467991473532e-16 1
vn 0 1.2246467991473532e-16 1
vn 0 1.2246467991473532e-16 1
vn 0.6963106238227914 0.17407765595569794 0.6963106238227914
vn 0.6963106238227914 0.17407765595569794 0.6963106238227914
vn 0.6963106238227914 0.17407765595569794 0.6963106238227914
vn -0.647150233259686 0.18490006451688715 -0.7396002580675489
vn -0.647150233259686 0.18490006451688715 -0.7396002580675489
vn -0.647150233259686 0.18490006451688715 -0.7396002580675489
vn 0.8930329154975162 0.055814557218594706 -0.4465164577487581
vn 0.8930329154975162 0.055814557218594706 -0.4465164577487581
vn 0.8930329154975162 0.055814557218594706 -0.4465164577487581
vn 0 -1.2246467991473532e-16 -1
vn 0 -1.2246467991473532e-16 -1
vn 0 -1.2246467991473532e-16 -1
vn 0 -1.2246467991473532e-16 -1
vn 0 -1.2246467991473532e-16 -1
vn 0 -1.2246467991473532e-16 -1
vn -1 0 0
vn -1 0 0
vn -1 0 0
vn 0 1.2246467991473532e-16 1
vn 0 1.2246467991473532e-16 1
vn 0 1.2246467991473532e-16 1
vn 0.9161573335342138 -4.908615059494364e-17 -0.40081883714650896
vn 0.9161573335342138 -4.908615059494364e-17 -0.40081883714650896
vn 0.9161573335342138 -4.908615059494364e-17 -0.40081883714650896
vn 0 1.2246467991473532e-16 1
vn 0 1.2246467991473532e-16 1
vn 0 1.2246467991473532e-16 1
vn 0 -1.2246467991473532e-16 -1
vn 0 -1.2246467991473532e-16 -1
vn 0 -1.2246467991473532e-16 -1
vn 0 -1.2246467991473532e-16 -1
vn 0 -1.2246467991473532e-16 -1
vn 0 -1.2246467991473532e-16 -1
vn 0 1.2246467991473532e-16 1
vn 0 1.2246467991473532e-16 1
vn 0 1.2246467991473532e-16 1
vn -0.8944271909999157 5.476786982642025e-17 0.44721359549995787
vn -0.8944271909999157 5.476786982642025e-17 0.44721359549995787
vn -0.8944271909999157 5.476786982642025e-17 0.44721359549995787
vn 0 1.2246467991473532e-16 1
vn 0 1.2246467991473532e-16 1
vn 0 1.2246467991473532e-16 1
vn 0 -1.2246467991473532e-16 -1
vn 0 -1.2246467991473532e-16 -1
vn 0 -1.2246467991473532e-16 -1
vn 0 -1.2246467991473532e-16 -1
vn 0 -1.2246467991473532e-16 -1
vn 0 -1.2246467991473532e-16 -1
vn 0 1.2246467991473532e-16 1
vn 0 1.2246467991473532e-16 1
vn 0 1.2246467991473532e-16 1
vn 0 1 -1.2246467991473532e-16
vn 0 1 -1.2246467991473532e-16
vn 0 1 -1.2246467991473532e-16
vn 0 -1.2246467991473532e-16 -1
vn 0 -1.2246467991473532e-16 -1
vn 0 -1.2246467991473532e-16 -1
vn -0.8944271909999157 5.476786982642025e-17 0.44721359549995787
vn -0.8944271909999157 5.476786982642025e-17 0.44721359549995787
vn -0.8944271909999157 5.476786982642025e-17 0.44721359549995787
vn 0 1.2246467991473532e-16 1
vn 0 1.2246467991473532e-16 1
vn 0 1.2246467991473532e-16 1
vn 0 -1.2246467991473532e-16 -1
vn 0 -1.2246467991473532e-16 -1
vn 0 -1.2246467991473532e-16 -1
vn 0 -1.2246467991473532e-16 -1
vn 0 -1.2246467991473532e-16 -1
vn 0 -1.2246467991473532e-16 -1
vn 0 -1.2246467991473532e-16 -1
vn 0 -1.2246467991473532e-16 -1
vn 0 -1.2246467991473532e-16 -1
vn 0 1 -1.2246467991473532e-16
vn 0 1 -1.2246467991473532e-16
vn 0 1 -1.2246467991473532e-16
vn 0 -1.2246467991473532e-16 -1
vn 0 -1.2246467991473532e-16 -1
vn 0 -1.2246467991473532e-16 -1
vn 0 -1.2246467991473532e-16 -1
vn 0 -1.2246467991473532e-16 -1
vn 0 -1.2246467991473532e-16 -1
vn 0.9828721876090915 2.256883601615409e-17 0.18428853145141436
vn 0.9828721876090915 2.256883601615409e-17 0.18428853145141436
vn 0.9828721876090915 2.256883601615409e-17 0.18428853145141436
vn 1 0 0
vn 1 0 0
vn 1 0 0
vn 0 0.7071067811865476 0.7071067811865475
vn 0 0.7071067811865476 0.7071067811865475
vn 0 0.7071067811865476 0.7071067811865475
vn 0.3333333333333333 0.6666666666666667 0.6666666666666665
vn 0.3333333333333333 0.6666666666666667 0.6666666666666665
vn 0.3333333333333333 0.6666666666666667 0.6666666666666665
vn 0 1.2246467991473532e-16 1
vn 0 1.2246467991473532e-16 1
vn 0 1.2246467991473532e-16 1
vn 0.9506541542339425 0.2193817210226815 -0.21938172102268158
vn 0.9506541542339425 0.2193817210226815 -0.21938172102268158
vn 0.9506541542339425 0.2193817210226815 -0.21938172102268158
vn 1 0 0
vn 1 0 0
vn 1 0 0
vn 0.6270597128624559 0.3483665071458089 0.6967330142916177
vn 0.6270597128624559 0.3483665071458089 0.6967330142916177
vn 0.6270597128624559 0.3483665071458089 0.6967330142916177
vn 0 1.2246467991473532e-16 1
vn 0 1.2246467991473532e-16 1
vn 0 1.2246467991473532e-16 1
vn 0 1.2246467991473532e-16 1
vn 0 1.2246467991473532e-16 1
vn 0 1.2246467991473532e-16 1
vn 0 -1.2246467991473532e-16 -1
vn 0 -1.2246467991473532e-16 -1
vn 0 -1.2246467991473532e-16 -1
vn 0.8886616936428487 0.41015157612943404 0.20507578806471696
vn 0.8886616936428487 0.41015157612943404 0.20507578806471696
vn 0.8886616936428487 0.41015157612943404 0.20507578806471696
vn 0 -1.2246467991473532e-16 -1
vn 0 -1.2246467991473532e-16 -1
vn 0 -1.2246467991473532e-16 -1
vn 0.14002801453857322 0.1400280145385731 -0.980196057066529
vn 0.14002801453857322 0.1400280145385731 -0.980196057066529
vn 0.14002801453857322 0.1400280145385731 -0.980196057066529
vn 0 -1.2246467991473532e-16 -1
vn 0 -1.2246467991473532e-16 -1
vn 0 -1.2246467991473532e-16 -1
vn 0 -1.2246467991473532e-16 -1
vn 0 1.2246467991473532e-16 1
vn 0 1.2246467991473532e-16 1
vn 0 1.2246467991473532e-16 1
vn 0 1.2246467991473532e-16 1
vn 1 0 0
vn 1 0 0
vn 1 0 0
vn 1 0 0
vn 0 -1.2246467991473532e-16 -1
vn 0 -1.2246467991473532e-16 -1
vn 0 -1.2246467991473532e-16 -1
vn 0 -1.2246467991473532e-16 -1
vn 0 1.2246467991473532e-16 1
vn 0 1.2246467991473532e-16 1
vn 0 1.2246467991473532e-16 1
vn 0 1.2246467991473532e-16 1
vn 0 -1.2246467991473532e-16 -1
vn 0 -1.2246467991473532e-16 -1
vn 0 -1.2246467991473532e-16 -1
vn 0 -1.2246467991473532e-16 -1
vn 0 -1.2246467991473532e-16 -1
vn 0 -1.2246467991473532e-16 -1
vn 0 -1.2246467991473532e-16 -1
vn 0 -1.2246467991473532e-16 -1
vn 1 0 0
vn 1 0 0
vn 1 0 0
vn 1 0 0
vn 0 -1.2246467991473532e-16 -1
vn 0 -1.2246467991473532e-16 -1
vn 0 -1.2246467991473532e-16 -1
vn 0 -1.2246467991473532e-16 -1
vn 1 0 0
vn 1 0 0
vn 1 0 0
vn 1 0 0
vn 0 -1.2246467991473532e-16 -1
vn 0 -1.2246467991473532e-16 -1
vn 0 -1.2246467991473532e-16 -1
vn 0 -1.2246467991473532e-16 -1
vn 1 0 0
vn 1 0 0
vn 1 0 0
vn 1 0 0
vn -0.8944271909999157 -5.476786982642025e-17 -0.44721359549995787
vn -0.8944271909999157 -5.476786982642025e-17 -0.44721359549995787
vn -0.8944271909999157 -5.476786982642025e-17 -0.44721359549995787
vn -0.8944271909999157 -5.476786982642025e-17 -0.44721359549995787
vn 0 -1.2246467991473532e-16 -1
vn 0 -1.2246467991473532e-16 -1
vn 0 -1.2246467991473532e-16 -1
vn 0 -1.2246467991473532e-16 -1
vn 0 -1.2246467991473532e-16 -1
vn 0 -1.2246467991473532e-16 -1
vn 0 -1.2246467991473532e-16 -1
vn 0 -1.2246467991473532e-16 -1
vn 0.893688910084921 0.04062222284701553 0.4468444550424605
vn 0.893688910084921 0.04062222284701553 0.4468444550424605
vn 0.893688910084921 0.04062222284701553 0.4468444550424605
vn 0.893688910084921 0.04062222284701553 0.4468444550424605
vn 0 -1.2246467991473532e-16 -1
vn 0 -1.2246467991473532e-16 -1
vn 0 -1.2246467991473532e-16 -1
vn 0 -1.2246467991473532e-16 -1
vn 0 1.2246467991473532e-16 1
vn 0 1.2246467991473532e-16 1
vn 0 1.2246467991473532e-16 1
vn 0 1.2246467991473532e-16 1
vn -1 0 0
vn -1 0 0
vn -1 0 0
vn -1 0 0
vn 0.8944271909999157 0.44721359549995787 -5.476786982642025e-17
vn 0.8944271909999157 0.44721359549995787 -5.476786982642025e-17
vn 0.8944271909999157 0.44721359549995787 -5.476786982642025e-17
vn 0.8944271909999157 0.44721359549995787 -5.476786982642025e-17
vn -1 0 0
vn -1 0 0
vn -1 0 0
vn -1 0 0
vn -0.9191450361840554 4.8241199050795297e-17 0.39391928419183975
vn -0.9191450361840554 4.8241199050795297e-17 0.39391928419183975
vn -0.9191450361840554 4.8241199050795297e-17 0.39391928419183975
vn -0.9191450361840554 4.8241199050795297e-17 0.39391928419183975
vn 0 1.2246467991473532e-16 1
vn 0 1.2246467991473532e-16 1
vn 0 1.2246467991473532e-16 1
vn 0 1.2246467991473532e-16 1
vn 1 0 0
vn 1 0 0
vn 1 0 0
vn 1 0 0
vn 1 0 0
vn 1 0 0
vn 1 0 0
vn 1 0 0
vn 1 0 0
vn 1 0 0
vn 1 0 0
vn 1 0 0
vn 0 0.8944271909999157 -0.447213595499958
vn 0 0.8944271909999157 -0.447213595499958
vn 0 0.8944271909999157 -0.447213595499958
vn 0 0.8944271909999157 -0.447213595499958
vn 0 -1.2246467991473532e-16 -1
vn 0 -1.2246467991473532e-16 -1
vn 0 -1.2246467991473532e-16 -1
vn 0 -1.2246467991473532e-16 -1
vn 1 0 0
vn 1 0 0
vn 1 0 0
vn 1 0 0
vn -1 0 0
vn -1 0 0
vn -1 0 0
vn -1 0 0
vn 0 1.2246467991473532e-16 1
vn 0 1.2246467991473532e-16 1
vn 0 1.2246467991473532e-16 1
vn 0 1.2246467991473532e-16 1
vn 1 0 0
vn 1 0 0
vn 1 0 0
vn 1 0 0
vn 1 0 0
vn 1 0 0
vn 1 0 0
vn 1 0 0
vn 1 0 0
vn 1 0 0
vn 1 0 0
vn 1 0 0
vn 0 1 -1.2246467991473532e-16
vn 0 1 -1.2246467991473532e-16
vn 0 1 -1.2246467991473532e-16
vn 0 1 -1.2246467991473532e-16
vn 0 -1.2246467991473532e-16 -1
vn 0 -1.2246467991473532e-16 -1
vn 0 -1.2246467991473532e-16 -1
vn 0 -1.2246467991473532e-16 -1
vn 0 -1.2246467991473532e-16 -1
vn 0 -1.2246467991473532e-16 -1
vn 0 -1.2246467991473532e-16 -1
vn 0 -1.2246467991473532e-16 -1
vn 0.8944271909999157 -5.476786982642025e-17 -0.44721359549995787
vn 0.8944271909999157 -5.476786982642025e-17 -0.44721359549995787
vn 0.8944271909999157 -5.476786982642025e-17 -0.44721359549995787
vn 0.8944271909999157 -5.476786982642025e-17 -0.44721359549995787
vn 0 -1.2246467991473532e-16 -1
vn 0 -1.2246467991473532e-16 -1
vn 0 -1.2246467991473532e-16 -1
vn 0 -1.2246467991473532e-16 -1
vn 0 -1.2246467991473532e-16 -1
vn 0 -1.2246467991473532e-16 -1
vn 0 -1.2246467991473532e-16 -1
vn 0 -1.2246467991473532e-16 -1
vn 0 1.2246467991473532e-16 1
vn 0 1.2246467991473532e-16 1
vn 0 1.2246467991473532e-16 1
vn 0 1.2246467991473532e-16 1
vn 0 -1.2246467991473532e-16 -1
vn 0 -1.2246467991473532e-16 -1
vn 0 -1.2246467991473532e-16 -1
vn 0 -1.2246467991473532e-16 -1
vn 0 -1.2246467991473532e-16 -1
vn 0 -1.2246467991473532e-16 -1
vn 0 -1.2246467991473532e-16 -1
vn 0 -1.2246467991473532e-16 -1
vn 0 1.2246467991473532e-16 1
vn 0 1.2246467991473532e-16 1
vn 0 1.2246467991473532e-16 1
vn 0 1.2246467991473532e-16 1
vn 0 -1.2246467991473532e-16 -1
vn 0 -1.2246467991473532e-16 -1
vn 0 -1.2246467991473532e-16 -1
vn 0 -1.2246467991473532e-16 -1
vn 0 1.2246467991473532e-16 1
vn 0 1.2246467991473532e-16 1
vn 0 1.2246467991473532e-16 1
vn 0 1.2246467991473532e-16 1
vn 0 1.2246467991473532e-16 1
vn 0 1.2246467991473532e-16 1
vn 0 1.2246467991473532e-16 1
vn 0 1.2246467991473532e-16 1
vn 0 1 -1.2246467991473532e-16
vn 0 1 -1.2246467991473532e-16
vn 0 1 -1.2246467991473532e-16
vn 0 1 -1.2246467991473532e-16
vn 0 -1.2246467991473532e-16 -1
vn 0 -1.2246467991473532e-16 -1
vn 0 -1.2246467991473532e-16 -1
vn 0 -1.2246467991473532e-16 -1
vn 0 1.2246467991473532e-16 1
vn 0 1.2246467991473532e-16 1
vn 0 1.2246467991473532e-16 1
vn 0 1.2246467991473532e-16 1
vn 0 1.2246467991473532e-16 1
vn 0 1.2246467991473532e-16 1
vn 0 1.2246467991473532e-16 1
vn 0 1.2246467991473532e-16 1
vn 1 0 0
vn 1 0 0
vn 1 0 0
vn 1 0 0
vn 0 -1.2246467991473532e-16 -1
vn 0 -1.2246467991473532e-16 -1
vn 0 -1.2246467991473532e-16 -1
vn 0 -1.2246467991473532e-16 -1
vn 0 1.2246467991473532e-16 1
vn 0 1.2246467991473532e-16 1
vn 0 1.2246467991473532e-16 1
vn 0 1.2246467991473532e-16 1
vn 0 1 -1.2246467991473532e-16
vn 0 1 -1.2246467991473532e-16
vn 0 1 -1.2246467991473532e-16
vn 0 1 -1.2246467991473532e-16
vn 0.9486833010307459 3.872673105048433e-17 0.3162277570761414
vn 0.9486833010307459 3.872673105048433e-17 0.3162277570761414
vn 0.9486833010307459 3.872673105048433e-17 0.3162277570761414
vn 0.9486833010307459 3.872673105048433e-17 0.3162277570761414
vn 0 1.2246467991473532e-16 1
vn 0 1.2246467991473532e-16 1
vn 0 1.2246467991473532e-16 1
vn 0 1.2246467991473532e-16 1
vn 0 1.2246467991473532e-16 1
vn 0 1.2246467991473532e-16 1
vn 0 1.2246467991473532e-16 1
vn 0 1.2246467991473532e-16 1
vn 0.961523951014671 3.364363354764729e-17 0.2747211160889107
vn 0.961523951014671 3.364363354764729e-17 0.2747211160889107
vn 0.961523951014671 3.364363354764729e-17 0.2747211160889107
vn 0.961523951014671 3.364363354764729e-17 0.2747211160889107
vn 1 0 0
vn 1 0 0
vn 1 0 0
vn 1 0 0
vn -0.9974586999063753 -8.725247041952594e-18 -0.07124704892894386
vn -0.9974586999063753 -8.725247041952594e-18 -0.07124704892894386
vn -0.9974586999063753 -8.725247041952594e-18 -0.07124704892894386
vn -0.9974586999063753 -8.725247041952594e-18 -0.07124704892894386
vn -0.977802413641278 -2.5659913033502576e-17 -0.20952909076615406
vn -0.977802413641278 -2.5659913033502576e-17 -0.20952909076615406
vn -0.977802413641278 -2.5659913033502576e-17 -0.20952909076615406
vn -0.977802413641278 -2.5659913033502576e-17 -0.20952909076615406
f 638/638/638 637/637/637 636/636/636
f 641/641/641 640/640/640 639/639/639
f 644/644/644 643/643/643 642/642/642
f 647/647/647 646/646/646 645/645/645
f 650/650/650 649/649/649 648/648/648
f 653/653/653 652/652/652 651/651/651
f 656/656/656 655/655/655 654/654/654
f 659/659/659 658/658/658 657/657/657
f 662/662/662 661/661/661 660/660/660
f 665/665/665 664/664/664 663/663/663
f 668/668/668 667/667/667 666/666/666
f 671/671/671 670/670/670 669/669/669
f 674/674/674 673/673/673 672/672/672
f 677/677/677 676/676/676 675/675/675
f 680/680/680 679/679/679 678/678/678
f 683/683/683 682/682/682 681/681/681
f 686/686/686 685/685/685 684/684/684
f 689/689/689 688/688/688 687/687/687
f 692/692/692 691/691/691 690/690/690
f 695/695/695 694/694/694 693/693/693
f 698/698/698 697/697/697 696/696/696
f 701/701/701 700/700/700 699/699/699
f 704/704/704 703/703/703 702/702/702
f 707/707/707 706/706/706 705/705/705
f 710/710/710 709/709/709 708/708/708
f 713/713/713 712/712/712 711/711/711
f 716/716/716 715/715/715 714/714/714
f 719/719/719 718/718/718 717/717/717
f 722/722/722 721/721/721 720/720/720
f 725/725/725 724/724/724 723/723/723
f 728/728/728 727/727/727 726/726/726
f 731/731/731 730/730/730 729/729/729
f 734/734/734 733/733/733 732/732/732
f 737/737/737 736/736/736 735/735/735
f 740/740/740 739/739/739 738/738/738
f 743/743/743 742/742/742 741/741/741
f 746/746/746 745/745/745 744/744/744
f 749/749/749 748/748/748 747/747/747
f 752/752/752 751/751/751 750/750/750
f 755/755/755 754/754/754 753/753/753
f 758/758/758 757/757/757 756/756/756
f 761/761/761 760/760/760 759/759/759
f 764/764/764 763/763/763 762/762/762
f 767/767/767 766/766/766 765/765/765
f 770/770/770 769/769/769 768/768/768
f 773/773/773 772/772/772 771/771/771
f 776/776/776 775/775/775 774/774/774
f 779/779/779 778/778/778 777/777/777
f 782/782/782 781/781/781 780/780/780
f 785/785/785 784/784/784 783/783/783
f 788/788/788 787/787/787 786/786/786
f 791/791/791 790/790/790 789/789/789
f 794/794/794 793/793/793 792/792/792
f 797/797/797 796/796/796 795/795/795
f 800/800/800 799/799/799 798/798/798
f 803/803/803 802/802/802 801/801/801
f 806/806/806 805/805/805 804/804/804
f 809/809/809 808/808/808 807/807/807
f 812/812/812 811/811/811 810/810/810
f 815/815/815 814/814/814 813/813/813
f 818/818/818 817/817/817 816/816/816
f 821/821/821 820/820/820 819/819/819
f 824/824/824 823/823/823 822/822/822
f 827/827/827 826/826/826 825/825/825
f 830/830/830 829/829/829 828/828/828
f 833/833/833 832/832/832 831/831/831
f 836/836/836 835/835/835 834/834/834
f 839/839/839 838/838/838 837/837/837
f 842/842/842 841/841/841 840/840/840
f 845/845/845 844/844/844 843/843/843
f 848/848/848 847/847/847 846/846/846
f 851/851/851 850/850/850 849/849/849
f 854/854/854 853/853/853 852/852/852
f 857/857/857 856/856/856 855/855/855
f 856/856/856 857/857/857 858/858/858
f 861/861/861 860/860/860 859/859/859
f 860/860/860 861/861/861 862/862/862
f 865/865/865 864/864/864 863/863/863
f 864/864/864 865/865/865 866/866/866
f 869/869/869 868/868/868 867/867/867
f 868/868/868 869/869/869 870/870/870
f 873/873/873 872/872/872 871/871/871
f 872/872/872 873/873/873 874/874/874
f 877/877/877 876/876/876 875/875/875
f 876/876/876 877/877/877 878/878/878
f 881/881/881 880/880/880 879/879/879
f 880/880/880 881/881/881 882/882/882
f 885/885/885 884/884/884 883/883/883
f 884/884/884 885/885/885 886/886/886
f 889/889/889 888/888/888 887/887/887
f 888/888/888 889/889/889 890/890/890
f 893/893/893 892/892/892 891/891/891
f 892/892/892 893/893/893 894/894/894
f 897/897/897 896/896/896 895/895/895
f 896/896/896 897/897/897 898/898/898
f 901/901/901 900/900/900 899/899/899
f 900/900/900 901/901/901 902/902/902
f 905/905/905 904/904/904 903/903/903
f 904/904/904 905/905/905 906/906/906
f 909/909/909 908/908/908 907/907/907
f 908/908/908 909/909/909 910/910/910
f 913/913/913 912/912/912 911/911/911
f 912/912/912 913/913/913 914/914/914
f 917/917/917 916/916/916 915/915/915
f 916/916/916 917/917/917 918/918/918
f 921/921/921 920/920/920 919/919/919
f 920/920/920 921/921/921 922/922/922
f 925/925/925 924/924/924 923/923/923
f 924/924/924 925/925/925 926/926/926
f 929/929/929 928/928/928 927/927/927
f 928/928/928 929/929/929 930/930/930
f 933/933/933 932/932/932 931/931/931
f 932/932/932 933/933/933 934/934/934
f 937/937/937 936/936/936 935/935/935
f 936/936/936 937/937/937 938/938/938
f 941/941/941 940/940/940 939/939/939
f 940/940/940 941/941/941 942/942/942
f 945/945/945 944/944/944 943/943/943
f 944/944/944 945/945/945 946/946/946
f 949/949/949 948/948/948 947/947/947
f 948/948/948 949/949/949 950/950/950
f 953/953/953 952/952/952 951/951/951
f 952/952/952 953/953/953 954/954/954
f 957/957/957 956/956/956 955/955/955
f 956/956/956 957/957/957 958/958/958
f 961/961/961 960/960/960 959/959/959
f 960/960/960 961/961/961 962/962/962
f 965/965/965 964/964/964 963/963/963
f 964/964/964 965/965/965 966/966/966
f 969/969/969 968/968/968 967/967/967
f 968/968/968 969/969/969 970/970/970
f 973/973/973 972/972/972 971/971/971
f 972/972/972 973/973/973 974/974/974
f 977/977/977 976/976/976 975/975/975
f 976/976/976 977/977/977 978/978/978
f 981/981/981 980/980/980 979/979/979
f 980/980/980 981/981/981 982/982/982
f 985/985/985 984/984/984 983/983/983
f 984/984/984 985/985/985 986/986/986
f 989/989/989 988/988/988 987/987/987
f 988/988/988 989/989/989 990/990/990
f 993/993/993 992/992/992 991/991/991
f 992/992/992 993/993/993 994/994/994
f 997/997/997 996/996/996 995/995/995
f 996/996/996 997/997/997 998/998/998
f 1001/1001/1001 1000/1000/1000 999/999/999
f 1000/1000/1000 1001/1001/1001 1002/1002/1002
f 1005/1005/1005 1004/1004/1004 1003/1003/1003
f 1004/1004/1004 1005/1005/1005 1006/1006/1006
f 1009/1009/1009 1008/1008/1008 1007/1007/1007
f 1008/1008/1008 1009/1009/1009 1010/1010/1010
f 1013/1013/1013 1012/1012/1012 1011/1011/1011
f 1012/1012/1012 1013/1013/1013 1014/1014/1014
f 1017/1017/1017 1016/1016/1016 1015/1015/1015
f 1016/1016/1016 1017/1017/1017 1018/1018/1018
f 1021/1021/1021 1020/1020/1020 1019/1019/1019
f 1020/1020/1020 1021/1021/1021 1022/1022/1022
f 1025/1025/1025 1024/1024/1024 1023/1023/1023
f 1024/1024/1024 1025/1025/1025 1026/1026/1026
f 1029/1029/1029 1028/1028/1028 1027/1027/1027
f 1028/1028/1028 1029/1029/1029 1030/1030/1030
f 1033/1033/1033 1032/1032/1032 1031/1031/1031
f 1032/1032/1032 1033/1033/1033 1034/1034/1034
f 1037/1037/1037 1036/1036/1036 1035/1035/1035
f 1036/1036/1036 1037/1037/1037 1038/1038/1038
f 1041/1041/1041 1040/1040/1040 1039/1039/1039
f 1040/1040/1040 1041/1041/1041 1042/1042/1042
f 1045/1045/1045 1044/1044/1044 1043/1043/1043
f 1044/1044/1044 1045/1045/1045 1046/1046/1046
f 1049/1049/1049 1048/1048/1048 1047/1047/1047
f 1048/1048/1048 1049/1049/1049 1050/1050/1050
f 1053/1053/1053 1052/1052/1052 1051/1051/1051
f 1052/1052/1052 1053/1053/1053 1054/1054/1054
f 1057/1057/1057 1056/1056/1056 1055/1055/1055
f 1056/1056/1056 1057/1057/1057 1058/1058/1058
f 1061/1061/1061 1060/1060/1060 1059/1059/1059
f 1060/1060/1060 1061/1061/1061 1062/1062/1062
f 1065/1065/1065 1064/1064/1064 1063/1063/1063
f 1064/1064/1064 1065/1065/1065 1066/1066/1066
f 1069/1069/1069 1068/1068/1068 1067/1067/1067
f 1068/1068/1068 1069/1069/1069 1070/1070/1070
f 1073/1073/1073 1072/1072/1072 1071/1071/1071
f 1072/1072/1072 1073/1073/1073 1074/1074/1074
f 1077/1077/1077 1076/1076/1076 1075/1075/1075
f 1076/1076/1076 1077/1077/1077 1078/1078/1078
f 1081/1081/1081 1080/1080/1080 1079/1079/1079
f 1080/1080/1080 1081/1081/1081 1082/1082/1082
f 1085/1085/1085 1084/1084/1084 1083/1083/1083
f 1084/1084/1084 1085/1085/1085 1086/1086/1086
f 1089/1089/1089 1088/1088/1088 1087/1087/1087
f 1088/1088/1088 1089/1089/1089 1090/1090/1090
f 1093/1093/1093 1092/1092/1092 1091/1091/1091
f 1092/1092/1092 1093/1093/1093 1094/1094/1094
f 1097/1097/1097 1096/1096/1096 1095/1095/1095
f 1096/1096/1096 1097/1097/1097 1098/1098/1098
f 1101/1101/1101 1100/1100/1100 1099/1099/1099
f 1100/1100/1100 1101/1101/1101 1102/1102/1102
o mesh_11
usemtl mat0
v 38.400000000000006 -3.291850596108086e-14 -268.8
v 44.800000000000004 -3.3702279912535165e-14 -275.2
v 51.2 -3.291850596108086e-14 -268.8
vt 0.625 0.3046875
vt 0.6796875 0.25
vt 0.7421875 0.3046875
vn 0 1 -1.2246467991473532e-16
vn 0 1 -1.2246467991473532e-16
vn 0 1 -1.2246467991473532e-16
f 1105/1105/1105 1104/1104/1104 1103/1103/1103
o mesh_12
usemtl mat5
v 11.200000000000001 38.399999999999984 -153.60000000000002
v 12.8 38.39999999999999 -142.4
v 0 38.399999999999984 -152
v 1.6 38.39999999999999 -140.8
vt 0.5 0
vt 0.6796875 0
vt 0.5 0.1796875
vt 0.6796875 0.1796875
vn 0 1 -1.2246467991473532e-16
vn 0 1 -1.2246467991473532e-16
vn 0 1 -1.2246467991473532e-16
vn 0 1 -1.2246467991473532e-16
f 1108/1108/1108 1107/1107/1107 1106/1106/1106
f 1107/1107/1107 1108/1108/1108 1109/1109/1109
o mesh_13
usemtl mat6
v 1.6 38.39999999999999 -140.8
v 12.8 38.39999999999999 -142.4
v 1.6 31.999999999999982 -140.8
v 12.8 31.999999999999982 -142.4
v 0 38.399999999999984 -152
v 1.6 38.39999999999999 -140.8
v 0 31.999999999999982 -152
v 1.6 31.999999999999982 -140.8
v 11.200000000000001 38.399999999999984 -153.60000000000002
v 0 38.399999999999984 -152
v 11.200000000000001 31.999999999999982 -153.60000000000002
v 0 31.999999999999982 -152
v 12.8 38.39999999999999 -142.4
v 11.200000000000001 38.399999999999984 -153.60000000000002
v 12.8 31.999999999999982 -142.4
v 11.200000000000001 31.999999999999982 -153.60000000000002
v 0.8 31.999999999999982 -152.8
v 0.8 25.599999999999984 -152.8
v 12 31.999999999999982 -152.8
v 12 25.599999999999984 -152.8
v 0 31.999999999999982 -152
v 1.6 31.999999999999982 -140.8
v 11.200000000000001 31.999999999999982 -153.60000000000002
v 12.8 31.999999999999982 -142.4
v 12 31.999999999999982 -141.6
v 12 31.999999999999982 -152.8
v 12 25.599999999999984 -141.6
v 12 25.599999999999984 -152.8
v 0.8 31.999999999999982 -152.8
v 0.8 31.999999999999982 -141.6
v 0.8 25.599999999999984 -152.8
v 0.8 25.599999999999984 -141.6
v 0.8 31.999999999999982 -141.6
v 12 31.999999999999982 -141.6
v 0.8 25.599999999999984 -141.6
v 12 25.599999999999984 -141.6
vt 0.5 0.4375
vt 0.6171875 0.4375
vt 0.5 0.4921875
vt 0.6171875 0.4921875
vt 0.5 0.375
vt 0.6171875 0.375
vt 0.5 0.4296875
vt 0.6171875 0.4296875
vt 0.5 0.4375
vt 0.6171875 0.4375
vt 0.5 0.4921875
vt 0.6171875 0.4921875
vt 0.5 0.375
vt 0.6171875 0.375
vt 0.5 0.4296875
vt 0.6171875 0.4296875
vt 0.6171875 0.375
vt 0.6171875 0.4296875
vt 0.5 0.375
vt 0.5 0.4296875
vt 0.7421875 0.4921875
vt 0.625 0.4921875
vt 0.7421875 0.375
vt 0.625 0.375
vt 0.5 0.4375
vt 0.6171875 0.4375
vt 0.5 0.4921875
vt 0.6171875 0.4921875
vt 0.5 0.4375
vt 0.6171875 0.4375
vt 0.5 0.4921875
vt 0.6171875 0.4921875
vt 0.5 0.375
vt 0.6171875 0.375
vt 0.5 0.4296875
vt 0.6171875 0.4296875
vn 0.14142136666812263 1.2123384769048244e-16 0.9899494921710503
vn 0.14142136666812263 1.2123384769048244e-16 0.9899494921710503
vn 0.14142136666812263 1.2123384769048244e-16 0.9899494921710503
vn 0.14142136666812263 1.2123384769048244e-16 0.9899494921710503
vn -0.9899494921710503 1.7319122402116054e-17 0.14142136666812263
vn -0.9899494921710503 1.7319122402116054e-17 0.14142136666812263
vn -0.9899494921710503 1.7319122402116054e-17 0.14142136666812263
vn -0.9899494921710503 1.7319122402116054e-17 0.14142136666812263
vn -0.14142136666812263 -1.2123384769048244e-16 -0.9899494921710503
vn -0.14142136666812263 -1.2123384769048244e-16 -0.9899494921710503
vn -0.14142136666812263 -1.2123384769048244e-16 -0.9899494921710503
vn -0.14142136666812263 -1.2123384769048244e-16 -0.9899494921710503
vn 0.9899494921710503 -1.7319122402116054e-17 -0.14142136666812263
vn 0.9899494921710503 -1.7319122402116054e-17 -0.14142136666812263
vn 0.9899494921710503 -1.7319122402116054e-17 -0.14142136666812263
vn 0.9899494921710503 -1.7319122402116054e-17 -0.14142136666812263
vn 0 -1.2246467991473532e-16 -1
vn 0 -1.2246467991473532e-16 -1
vn 0 -1.2246467991473532e-16 -1
vn 0 -1.2246467991473532e-16 -1
vn 0 -1 1.2246467991473532e-16
vn 0 -1 1.2246467991473532e-16
vn 0 -1 1.2246467991473532e-16
vn 0 -1 1.2246467991473532e-16
vn 1 0 0
vn 1 0 0
vn 1 0 0
vn 1 0 0
vn -1 0 0
vn -1 0 0
vn -1 0 0
vn -1 0 0
vn 0 1.2246467991473532e-16 1
vn 0 1.2246467991473532e-16 1
vn 0 1.2246467991473532e-16 1
vn 0 1.2246467991473532e-16 1
f 1112/1112/1112 1111/1111/1111 1110/1110/1110
f 1111/1111/1111 1112/1112/1112 1113/1113/1113
f 1116/1116/1116 1115/1115/1115 1114/1114/1114
f 1115/1115/1115 1116/1116/1116 1117/1117/1117
f 1120/1120/1120 1119/1119/1119 1118/1118/1118
f 1119/1119/1119 1120/1120/1120 1121/1121/1121
f 1124/1124/1124 1123/1123/1123 1122/1122/1122
f 1123/1123/1123 1124/1124/1124 1125/1125/1125
f 1128/1128/1128 1127/1127/1127 1126/1126/1126
f 1127/1127/1127 1128/1128/1128 1129/1129/1129
f 1132/1132/1132 1131/1131/1131 1130/1130/1130
f 1131/1131/1131 1132/1132/1132 1133/1133/1133
f 1136/1136/1136 1135/1135/1135 1134/1134/1134
f 1135/1135/1135 1136/1136/1136 1137/1137/1137
f 1140/1140/1140 1139/1139/1139 1138/1138/1138
f 1139/1139/1139 1140/1140/1140 1141/1141/1141
f 1144/1144/1144 1143/1143/1143 1142/1142/1142
f 1143/1143/1143 1144/1144/1144 1145/1145/1145
o mesh_14
usemtl mat7
v 25.6 -2.9783410155263633e-14 -243.20000000000002
v 25.6 12.79999999999997 -243.20000000000002
v 28.8 12.79999999999997 -243.20000000000002
v 35.2 12.79999999999997 -243.20000000000002
v 38.400000000000006 12.79999999999997 -243.20000000000002
v 38.400000000000006 -2.9783410155263633e-14 -243.20000000000002
v 56 25.599999999999973 -246.4
v 54.400000000000006 25.599999999999973 -243.20000000000002
v 56 38.39999999999998 -243.20000000000002
v 60.800000000000004 12.79999999999997 -243.20000000000002
v 64 12.79999999999997 -243.20000000000002
v 64 -2.9783410155263633e-14 -243.20000000000002
v 59.2 38.39999999999998 -243.20000000000002
v 60.800000000000004 25.599999999999973 -243.20000000000002
v 59.2 25.599999999999973 -246.4
v 51.2 -2.9783410155263633e-14 -243.20000000000002
v 51.2 12.79999999999997 -243.20000000000002
v 54.400000000000006 12.79999999999997 -243.20000000000002
v 30.400000000000002 25.599999999999973 -246.4
v 28.8 25.599999999999973 -243.20000000000002
v 30.400000000000002 38.39999999999998 -243.20000000000002
v 33.6 38.39999999999998 -243.20000000000002
v 35.2 25.599999999999973 -243.20000000000002
v 33.6 25.599999999999973 -246.4
v 28.8 12.79999999999997 -243.20000000000002
v 35.2 12.79999999999997 -243.20000000000002
v 25.6 -2.9783410155263633e-14 -243.20000000000002
v 38.400000000000006 -2.9783410155263633e-14 -243.20000000000002
v 59.2 12.79999999999997 -246.4
v 59.2 25.599999999999973 -246.4
v 60.800000000000004 12.79999999999997 -243.20000000000002
v 60.800000000000004 25.599999999999973 -243.20000000000002
v 56 25.599999999999973 -246.4
v 56 12.79999999999997 -246.4
v 54.400000000000006 25.599999999999973 -243.20000000000002
v 54.400000000000006 12.79999999999997 -243.20000000000002
v 56 38.39999999999998 -243.20000000000002
v 59.2 38.39999999999998 -243.20000000000002
v 56 25.599999999999973 -246.4
v 59.2 25.599999999999973 -246.4
v 56 12.79999999999997 -246.4
v 59.2 12.79999999999997 -246.4
v 54.400000000000006 12.79999999999997 -243.20000000000002
v 60.800000000000004 12.79999999999997 -243.20000000000002
v 30.400000000000002 25.599999999999973 -246.4
v 33.6 25.599999999999973 -246.4
v 30.400000000000002 12.79999999999997 -246.4
v 33.6 12.79999999999997 -246.4
v 64 -2.9783410155263633e-14 -243.20000000000002
v 51.2 -2.9783410155263633e-14 -243.20000000000002
v 60.800000000000004 12.79999999999997 -243.20000000000002
v 54.400000000000006 12.79999999999997 -243.20000000000002
v 59.2 12.79999999999997 -246.4
v 56 12.79999999999997 -246.4
v 59.2 25.599999999999973 -246.4
v 56 25.599999999999973 -246.4
v 33.6 25.599999999999973 -246.4
v 30.400000000000002 25.599999999999973 -246.4
v 33.6 38.39999999999998 -243.20000000000002
v 30.400000000000002 38.39999999999998 -243.20000000000002
v 30.400000000000002 25.599999999999973 -246.4
v 30.400000000000002 12.79999999999997 -246.4
v 28.8 25.599999999999973 -243.20000000000002
v 28.8 12.79999999999997 -243.20000000000002
v 33.6 12.79999999999997 -246.4
v 33.6 25.599999999999973 -246.4
v 35.2 12.79999999999997 -243.20000000000002
v 35.2 25.599999999999973 -243.20000000000002
v 30.400000000000002 12.79999999999997 -246.4
v 33.6 12.79999999999997 -246.4
v 28.8 12.79999999999997 -243.20000000000002
v 35.2 12.79999999999997 -243.20000000000002
v 51.2 38.39999999999997 -268.8
v 38.400000000000006 38.39999999999997 -268.8
v 51.2 38.39999999999998 -243.20000000000002
v 38.400000000000006 38.39999999999998 -243.20000000000002
vt 0.625 0.9921875
vt 0.625 0.875
vt 0.65625 0.875
vt 0.71875 0.875
vt 0.75 0.875
vt 0.75 0.9921875
vt 0.921875 0.75
vt 0.90625 0.75
vt 0.921875 0.625
vt 0.96875 0.875
vt 0.9921875 0.875
vt 0.9921875 0.9921875
vt 0.953125 0.625
vt 0.96875 0.75
vt 0.953125 0.75
vt 0.875 0.9921875
vt 0.875 0.875
vt 0.90625 0.875
vt 0.671875 0.75
vt 0.65625 0.75
vt 0.671875 0.625
vt 0.703125 0.625
vt 0.71875 0.75
vt 0.703125 0.75
vt 0.65625 0.875
vt 0.71875 0.875
vt 0.625 0.9921875
vt 0.75 0.9921875
vt 0.953125 0.875
vt 0.953125 0.75
vt 0.96875 0.875
vt 0.96875 0.75
vt 0.921875 0.75
vt 0.921875 0.875
vt 0.90625 0.75
vt 0.90625 0.875
vt 0.921875 0.625
vt 0.953125 0.625
vt 0.921875 0.75
vt 0.953125 0.75
vt 0.921875 0.890625
vt 0.953125 0.890625
vt 0.90625 0.875
vt 0.96875 0.875
vt 0.671875 0.75
vt 0.703125 0.75
vt 0.671875 0.875
vt 0.703125 0.875
vt 0.9921875 0.9921875
vt 0.875 0.9921875
vt 0.96875 0.875
vt 0.90625 0.875
vt 0.953125 0.875
vt 0.921875 0.875
vt 0.953125 0.75
vt 0.921875 0.75
vt 0.703125 0.75
vt 0.671875 0.75
vt 0.703125 0.625
vt 0.671875 0.625
vt 0.671875 0.75
vt 0.671875 0.875
vt 0.65625 0.75
vt 0.65625 0.875
vt 0.703125 0.875
vt 0.703125 0.75
vt 0.71875 0.875
vt 0.71875 0.75
vt 0.671875 0.890625
vt 0.703125 0.890625
vt 0.65625 0.875
vt 0.71875 0.875
vt 0.8671875 0.9921875
vt 0.75 0.9921875
vt 0.8671875 0.75
vt 0.75 0.75
vn 0 1.2246467991473532e-16 1
vn 0 1.2246467991473532e-16 1
vn 0 1.2246467991473532e-16 1
vn 0 1.2246467991473532e-16 1
vn 0 1.2246467991473532e-16 1
vn 0 1.2246467991473532e-16 1
vn 0.888888888888889 -0.11111111111111106 0.4444444444444445
vn 0.888888888888889 -0.11111111111111106 0.4444444444444445
vn 0.888888888888889 -0.11111111111111106 0.4444444444444445
vn 0 1.2246467991473532e-16 1
vn 0 1.2246467991473532e-16 1
vn 0 1.2246467991473532e-16 1
vn -0.888888888888889 -0.11111111111111106 0.4444444444444445
vn -0.888888888888889 -0.11111111111111106 0.4444444444444445
vn -0.888888888888889 -0.11111111111111106 0.4444444444444445
vn 0 1.2246467991473532e-16 1
vn 0 1.2246467991473532e-16 1
vn 0 1.2246467991473532e-16 1
vn 0.888888888888889 -0.11111111111111106 0.4444444444444445
vn 0.888888888888889 -0.11111111111111106 0.4444444444444445
vn 0.888888888888889 -0.11111111111111106 0.4444444444444445
vn -0.888888888888889 -0.11111111111111106 0.4444444444444445
vn -0.888888888888889 -0.11111111111111106 0.4444444444444445
vn -0.888888888888889 -0.11111111111111106 0.4444444444444445
vn 0 1.2246467991473532e-16 1
vn 0 1.2246467991473532e-16 1
vn 0 1.2246467991473532e-16 1
vn 0 1.2246467991473532e-16 1
vn -0.8944271909999157 5.476786982642025e-17 0.44721359549995787
vn -0.8944271909999157 5.476786982642025e-17 0.44721359549995787
vn -0.8944271909999157 5.476786982642025e-17 0.44721359549995787
vn -0.8944271909999157 5.476786982642025e-17 0.44721359549995787
vn 0.8944271909999157 5.476786982642025e-17 0.44721359549995787
vn 0.8944271909999157 5.476786982642025e-17 0.44721359549995787
vn 0.8944271909999157 5.476786982642025e-17 0.44721359549995787
vn 0.8944271909999157 5.476786982642025e-17 0.44721359549995787
vn 0 -0.24253562503633283 0.9701425001453319
vn 0 -0.24253562503633283 0.9701425001453319
vn 0 -0.24253562503633283 0.9701425001453319
vn 0 -0.24253562503633283 0.9701425001453319
vn 0 1 -1.2246467991473532e-16
vn 0 1 -1.2246467991473532e-16
vn 0 1 -1.2246467991473532e-16
vn 0 1 -1.2246467991473532e-16
vn 0 1.2246467991473532e-16 1
vn 0 1.2246467991473532e-16 1
vn 0 1.2246467991473532e-16 1
vn 0 1.2246467991473532e-16 1
vn 0 1.2246467991473532e-16 1
vn 0 1.2246467991473532e-16 1
vn 0 1.2246467991473532e-16 1
vn 0 1.2246467991473532e-16 1
vn 0 1.2246467991473532e-16 1
vn 0 1.2246467991473532e-16 1
vn 0 1.2246467991473532e-16 1
vn 0 1.2246467991473532e-16 1
vn 0 -0.24253562503633283 0.9701425001453319
vn 0 -0.24253562503633283 0.9701425001453319
vn 0 -0.24253562503633283 0.9701425001453319
vn 0 -0.24253562503633283 0.9701425001453319
vn 0.8944271909999157 5.476786982642025e-17 0.44721359549995787
vn 0.8944271909999157 5.476786982642025e-17 0.44721359549995787
vn 0.8944271909999157 5.476786982642025e-17 0.44721359549995787
vn 0.8944271909999157 5.476786982642025e-17 0.44721359549995787
vn -0.8944271909999157 5.476786982642025e-17 0.44721359549995787
vn -0.8944271909999157 5.476786982642025e-17 0.44721359549995787
vn -0.8944271909999157 5.476786982642025e-17 0.44721359549995787
vn -0.8944271909999157 5.476786982642025e-17 0.44721359549995787
vn 0 1 -1.2246467991473532e-16
vn 0 1 -1.2246467991473532e-16
vn 0 1 -1.2246467991473532e-16
vn 0 1 -1.2246467991473532e-16
vn 0 -1 1.2246467991473532e-16
vn 0 -1 1.2246467991473532e-16
vn 0 -1 1.2246467991473532e-16
vn 0 -1 1.2246467991473532e-16
f 1148/1148/1148 1147/1147/1147 1146/1146/1146
f 1151/1151/1151 1150/1150/1150 1149/1149/1149
f 1154/1154/1154 1153/1153/1153 1152/1152/1152
f 1157/1157/1157 1156/1156/1156 1155/1155/1155
f 1160/1160/1160 1159/1159/1159 1158/1158/1158
f 1163/1163/1163 1162/1162/1162 1161/1161/1161
f 1166/1166/1166 1165/1165/1165 1164/1164/1164
f 1169/1169/1169 1168/1168/1168 1167/1167/1167
f 1172/1172/1172 1171/1171/1171 1170/1170/1170
f 1171/1171/1171 1172/1172/1172 1173/1173/1173
f 1176/1176/1176 1175/1175/1175 1174/1174/1174
f 1175/1175/1175 1176/1176/1176 1177/1177/1177
f 1180/1180/1180 1179/1179/1179 1178/1178/1178
f 1179/1179/1179 1180/1180/1180 1181/1181/1181
f 1184/1184/1184 1183/1183/1183 1182/1182/1182
f 1183/1183/1183 1184/1184/1184 1185/1185/1185
f 1188/1188/1188 1187/1187/1187 1186/1186/1186
f 1187/1187/1187 1188/1188/1188 1189/1189/1189
f 1192/1192/1192 1191/1191/1191 1190/1190/1190
f 1191/1191/1191 1192/1192/1192 1193/1193/1193
f 1196/1196/1196 1195/1195/1195 1194/1194/1194
f 1195/1195/1195 1196/1196/1196 1197/1197/1197
f 1200/1200/1200 1199/1199/1199 1198/1198/1198
f 1199/1199/1199 1200/1200/1200 1201/1201/1201
f 1204/1204/1204 1203/1203/1203 1202/1202/1202
f 1203/1203/1203 1204/1204/1204 1205/1205/1205
f 1208/1208/1208 1207/1207/1207 1206/1206/1206
f 1207/1207/1207 1208/1208/1208 1209/1209/1209
f 1212/1212/1212 1211/1211/1211 1210/1210/1210
f 1211/1211/1211 1212/1212/1212 1213/1213/1213
f 1216/1216/1216 1215/1215/1215 1214/1214/1214
f 1215/1215/1215 1216/1216/1216 1217/1217/1217
f 1220/1220/1220 1219/1219/1219 1218/1218/1218
f 1219/1219/1219 1220/1220/1220 1221/1221/1221
o mesh_15
usemtl mat8
v 12.8 -2.9783410155263633e-14 -243.20000000000002
v 0 -2.9783410155263633e-14 -243.20000000000002
v 0 12.79999999999997 -243.20000000000002
v 0 12.79999999999997 -243.20000000000002
v 25.6 12.79999999999997 -243.20000000000002
v 12.8 -2.9783410155263633e-14 -243.20000000000002
v 25.6 -2.9783410155263633e-14 -243.20000000000002
vt 0.125 0.9921875
vt 0 0.9921875
vt 0 0.875
vt 0 0.875
vt 0.2421875 0.875
vt 0.125 0.9921875
vt 0.2421875 0.9921875
vn 0 1.2246467991473532e-16 1
vn 0 1.2246467991473532e-16 1
vn 0 1.2246467991473532e-16 1
vn 0 1.2246467991473532e-16 1
vn 0 1.2246467991473532e-16 1
vn 0 1.2246467991473532e-16 1
vn 0 1.2246467991473532e-16 1
f 1224/1224/1224 1223/1223/1223 1222/1222/1222
f 1227/1227/1227 1226/1226/1226 1225/1225/1225
f 1226/1226/1226 1227/1227/1227 1228/1228/1228
o mesh_16
usemtl mat9
v 89.60000000000001 12.79999999999997 -243.20000000000002
v 89.60000000000001 -2.9783410155263633e-14 -243.20000000000002
v 76.80000000000001 -2.9783410155263633e-14 -243.20000000000002
v 76.80000000000001 -2.9783410155263633e-14 -243.20000000000002
v 64 -2.9783410155263633e-14 -243.20000000000002
v 89.60000000000001 12.79999999999997 -243.20000000000002
v 64 12.79999999999997 -243.20000000000002
vt 0.2421875 0.375
vt 0.2421875 0.4921875
vt 0.125 0.4921875
vt 0.125 0.4921875
vt 0 0.4921875
vt 0.2421875 0.375
vt 0 0.375
vn 0 1.2246467991473532e-16 1
vn 0 1.2246467991473532e-16 1
vn 0 1.2246467991473532e-16 1
vn 0 1.2246467991473532e-16 1
vn 0 1.2246467991473532e-16 1
vn 0 1.2246467991473532e-16 1
vn 0 1.2246467991473532e-16 1
f 1231/1231/1231 1230/1230/1230 1229/1229/1229
f 1234/1234/1234 1233/1233/1233 1232/1232/1232
f 1233/1233/1233 1234/1234/1234 1235/1235/1235
o mesh_17
usemtl mat10
v 51.2 51.199999999999974 -243.20000000000002
v 51.2 76.79999999999998 -243.20000000000002
v 64 51.199999999999974 -243.20000000000002
v 64 76.79999999999998 -243.20000000000002
v 51.2 76.79999999999998 -243.20000000000002
v 51.2 51.199999999999974 -243.20000000000002
v 38.400000000000006 76.79999999999998 -243.20000000000002
v 38.400000000000006 51.199999999999974 -243.20000000000002
v 38.400000000000006 76.79999999999998 -243.20000000000002
v 38.400000000000006 51.199999999999974 -243.20000000000002
v 25.6 76.79999999999998 -243.20000000000002
v 25.6 51.199999999999974 -243.20000000000002
vt 0.875 0.4921875
vt 0.875 0.25
vt 0.9921875 0.4921875
vt 0.9921875 0.25
vt 0.875 0.25
vt 0.875 0.4921875
vt 0.75 0.25
vt 0.75 0.4921875
vt 0.75 0.25
vt 0.75 0.4921875
vt 0.625 0.25
vt 0.625 0.4921875
vn 0 1.2246467991473532e-16 1
vn 0 1.2246467991473532e-16 1
vn 0 1.2246467991473532e-16 1
vn 0 1.2246467991473532e-16 1
vn 0 1.2246467991473532e-16 1
vn 0 1.2246467991473532e-16 1
vn 0 1.2246467991473532e-16 1
vn 0 1.2246467991473532e-16 1
vn 0 1.2246467991473532e-16 1
vn 0 1.2246467991473532e-16 1
vn 0 1.2246467991473532e-16 1
vn 0 1.2246467991473532e-16 1
f 1238/1238/1238 1237/1237/1237 1236/1236/1236
f 1237/1237/1237 1238/1238/1238 1239/1239/1239
f 1242/1242/1242 1241/1241/1241 1240/1240/1240
f 1241/1241/1241 1242/1242/1242 1243/1243/1243
f 1246/1246/1246 1245/1245/1245 1244/1244/1244
f 1245/1245/1245 1246/1246/1246 1247/1247/1247
o mesh_18
usemtl mat11
v 89.60000000000001 63.999999999999986 -115.20000000000002
v 89.60000000000001 70.39999999999999 -115.20000000000002
v 89.60000000000001 70.39999999999999 -102.40000000000002
v 89.60000000000001 57.599999999999994 -51.20000000000001
v 89.60000000000001 57.599999999999994 -64
v 89.60000000000001 70.39999999999999 -64.00000000000001
v 89.60000000000001 57.59999999999998 -192
v 89.60000000000001 55.19999999999998 -185.60000000000002
v 89.60000000000001 51.19999999999998 -188
v 89.60000000000001 44.79999999999998 -182.4
v 89.60000000000001 44.79999999999998 -179.20000000000002
v 89.60000000000001 31.99999999999998 -179.20000000000002
v 89.60000000000001 51.19999999999998 -183.20000000000002
v 89.60000000000001 55.19999999999998 -185.60000000000002
v 89.60000000000001 57.59999999999998 -179.20000000000002
v 89.60000000000001 57.59999999999998 -179.20000000000002
v 89.60000000000001 55.19999999999998 -185.60000000000002
v 89.60000000000001 57.59999999999998 -192
v 89.60000000000001 31.999999999999986 -115.2
v 89.60000000000001 44.79999999999999 -115.2
v 89.60000000000001 44.79999999999999 -112
v 89.60000000000001 57.59999999999999 -102.4
v 89.60000000000001 55.19999999999999 -108.80000000000001
v 89.60000000000001 57.59999999999999 -115.2
v 89.60000000000001 44.79999999999999 -105.60000000000001
v 89.60000000000001 44.79999999999999 -102.4
v 89.60000000000001 31.999999999999986 -102.4
v 89.60000000000001 19.199999999999996 -64
v 89.60000000000001 31.999999999999993 -64
v 89.60000000000001 31.999999999999993 -60.80000000000001
v 89.60000000000001 31.999999999999993 -54.40000000000001
v 89.60000000000001 31.999999999999993 -51.20000000000001
v 89.60000000000001 19.199999999999996 -51.2
v 89.60000000000001 44.8 -51.20000000000001
v 89.60000000000001 42.4 -57.60000000000001
v 89.60000000000001 44.8 -64
v 89.60000000000001 19.199999999999992 -72.8
v 89.60000000000001 19.199999999999996 -64
v 89.60000000000001 6.399999999999992 -64
v 89.60000000000001 6.39999999999999 -89.60000000000001
v 89.60000000000001 19.199999999999992 -89.60000000000001
v 89.60000000000001 19.199999999999992 -86.4
v 89.60000000000001 19.199999999999978 -204.8
v 89.60000000000001 19.199999999999974 -217.60000000000002
v 89.60000000000001 25.599999999999973 -217.60000000000002
v 89.60000000000001 57.59999999999999 -115.2
v 89.60000000000001 55.19999999999999 -108.80000000000001
v 89.60000000000001 51.19999999999999 -111.2
v 89.60000000000001 31.999999999999975 -192
v 89.60000000000001 44.79999999999998 -192
v 89.60000000000001 44.79999999999998 -188.8
v 89.60000000000001 63.999999999999986 -128
v 89.60000000000001 63.999999999999986 -115.20000000000002
v 89.60000000000001 57.59999999999999 -115.2
v 89.60000000000001 83.19999999999999 -102.40000000000002
v 89.60000000000001 70.39999999999999 -102.40000000000002
v 89.60000000000001 83.19999999999999 -115.20000000000002
v 89.60000000000001 70.39999999999999 -115.20000000000002
v 89.60000000000001 19.2 -38.400000000000006
v 89.60000000000001 19.2 -25.600000000000005
v 89.60000000000001 6.399999999999996 -38.400000000000006
v 89.60000000000001 6.399999999999997 -25.6
v 89.60000000000001 83.19999999999999 -115.20000000000002
v 89.60000000000001 95.99999999999999 -115.20000000000002
v 89.60000000000001 83.19999999999999 -102.40000000000002
v 89.60000000000001 95.99999999999999 -102.40000000000002
v 89.60000000000001 70.39999999999998 -179.20000000000002
v 89.60000000000001 70.39999999999998 -192
v 81.60000000000001 87.99999999999997 -179.20000000000002
v 81.60000000000001 87.99999999999997 -192
v 89.60000000000001 44.79999999999998 -188.8
v 89.60000000000001 44.79999999999998 -182.4
v 89.60000000000001 31.999999999999975 -192
v 89.60000000000001 31.99999999999998 -179.20000000000002
v 89.60000000000001 63.999999999999986 -140.8
v 89.60000000000001 70.39999999999999 -140.8
v 89.60000000000001 63.999999999999986 -128
v 89.60000000000001 70.39999999999999 -128
v 89.60000000000001 63.999999999999986 -128
v 89.60000000000001 70.39999999999999 -128
v 89.60000000000001 63.999999999999986 -115.20000000000002
v 89.60000000000001 70.39999999999999 -115.20000000000002
v 89.60000000000001 31.99999999999998 -166.4
v 89.60000000000001 19.19999999999998 -166.4
v 89.60000000000001 31.99999999999998 -179.20000000000002
v 89.60000000000001 19.19999999999998 -179.20000000000002
v 89.60000000000001 31.99999999999998 -179.20000000000002
v 89.60000000000001 19.19999999999998 -179.20000000000002
v 89.60000000000001 31.999999999999975 -192
v 89.60000000000001 19.199999999999978 -192
v 89.60000000000001 31.999999999999975 -192
v 89.60000000000001 19.199999999999978 -192
v 89.60000000000001 31.999999999999975 -204.8
v 89.60000000000001 19.199999999999978 -204.8
v 89.60000000000001 31.999999999999975 -204.8
v 89.60000000000001 19.199999999999978 -204.8
v 89.60000000000001 31.99999999999997 -217.60000000000002
v 89.60000000000001 25.599999999999973 -217.60000000000002
v 89.60000000000001 57.59999999999998 -179.20000000000002
v 89.60000000000001 44.79999999999998 -179.20000000000002
v 89.60000000000001 51.19999999999998 -183.20000000000002
v 89.60000000000001 44.79999999999998 -182.4
v 89.60000000000001 38.4 -51.20000000000001
v 89.60000000000001 38.4 -55.20000000000001
v 89.60000000000001 44.8 -51.20000000000001
v 89.60000000000001 42.4 -57.60000000000001
v 89.60000000000001 6.399999999999996 -38.400000000000006
v 89.60000000000001 6.399999999999994 -51.2
v 89.60000000000001 19.2 -38.400000000000006
v 89.60000000000001 19.199999999999996 -51.2
v 89.60000000000001 44.79999999999998 -188.8
v 89.60000000000001 44.79999999999998 -192
v 89.60000000000001 51.19999999999998 -188
v 89.60000000000001 57.59999999999998 -192
v 89.60000000000001 31.999999999999986 -115.2
v 89.60000000000001 44.79999999999999 -112
v 89.60000000000001 31.999999999999986 -102.4
v 89.60000000000001 44.79999999999999 -105.60000000000001
v 89.60000000000001 31.999999999999982 -153.60000000000002
v 89.60000000000001 19.199999999999985 -153.60000000000002
v 89.60000000000001 31.99999999999998 -166.4
v 89.60000000000001 19.19999999999998 -166.4
v 89.60000000000001 57.59999999999998 -192
v 89.60000000000001 70.39999999999998 -192
v 89.60000000000001 57.59999999999998 -179.20000000000002
v 89.60000000000001 70.39999999999998 -179.20000000000002
v 89.60000000000001 51.19999999999999 -102.4
v 89.60000000000001 44.79999999999999 -102.4
v 89.60000000000001 51.19999999999999 -106.4
v 89.60000000000001 44.79999999999999 -105.60000000000001
v 89.60000000000001 51.19999999999999 -106.4
v 89.60000000000001 55.19999999999999 -108.80000000000001
v 89.60000000000001 51.19999999999999 -102.4
v 89.60000000000001 57.59999999999999 -102.4
v 89.60000000000001 31.999999999999986 -102.4
v 89.60000000000001 19.19999999999999 -102.4
v 89.60000000000001 31.999999999999986 -115.2
v 89.60000000000001 19.19999999999999 -115.2
v 89.60000000000001 31.999999999999993 -60.80000000000001
v 89.60000000000001 31.999999999999993 -54.40000000000001
v 89.60000000000001 19.199999999999996 -64
v 89.60000000000001 19.199999999999996 -51.2
v 89.60000000000001 57.59999999999999 -115.2
v 89.60000000000001 51.19999999999999 -111.2
v 89.60000000000001 44.79999999999999 -115.2
v 89.60000000000001 44.79999999999999 -112
v 89.60000000000001 31.999999999999993 -60.80000000000001
v 89.60000000000001 31.999999999999993 -64
v 89.60000000000001 38.4 -60.00000000000001
v 89.60000000000001 38.4 -64
v 89.60000000000001 38.4 -51.20000000000001
v 89.60000000000001 31.999999999999993 -51.20000000000001
v 89.60000000000001 38.4 -55.20000000000001
v 89.60000000000001 31.999999999999993 -54.40000000000001
v 89.60000000000001 38.4 -64
v 89.60000000000001 44.8 -64
v 89.60000000000001 38.4 -60.00000000000001
v 89.60000000000001 42.4 -57.60000000000001
v 89.60000000000001 19.199999999999996 -51.2
v 89.60000000000001 6.399999999999994 -51.2
v 89.60000000000001 19.199999999999996 -64
v 89.60000000000001 6.399999999999992 -64
v 89.60000000000001 19.199999999999992 -86.4
v 89.60000000000001 19.199999999999992 -76.80000000000001
v 89.60000000000001 6.39999999999999 -89.60000000000001
v 89.60000000000001 6.399999999999991 -76.80000000000001
v 89.60000000000001 6.399999999999992 -64
v 89.60000000000001 6.399999999999991 -76.80000000000001
v 89.60000000000001 19.199999999999992 -72.8
v 89.60000000000001 19.199999999999992 -76.80000000000001
v 89.60000000000001 70.39999999999999 -102.40000000000002
v 89.60000000000001 57.59999999999999 -102.4
v 89.60000000000001 63.999999999999986 -115.20000000000002
v 89.60000000000001 57.59999999999999 -115.2
v 89.60000000000001 57.599999999999994 -64
v 89.60000000000001 57.599999999999994 -51.20000000000001
v 89.60000000000001 44.8 -64
v 89.60000000000001 44.8 -51.20000000000001
v 89.60000000000001 12.799999999999974 -217.60000000000002
v 89.60000000000001 -2.6648314349446407e-14 -217.60000000000002
v 89.60000000000001 12.799999999999972 -230.4
v 89.60000000000001 -2.821586225235502e-14 -230.4
v 89.60000000000001 12.799999999999972 -230.4
v 89.60000000000001 -2.821586225235502e-14 -230.4
v 89.60000000000001 12.79999999999997 -243.20000000000002
v 89.60000000000001 -2.9783410155263633e-14 -243.20000000000002
vt 0.5 0.5625
vt 0.5 0.5
vt 0.6171875 0.5
vt 0.7421875 0.7421875
vt 0.625 0.7421875
vt 0.625 0.6328125
vt 0.625 0.75
vt 0.6796875 0.765625
vt 0.65625 0.8046875
vt 0.7109375 0.8671875
vt 0.7421875 0.8671875
vt 0.7421875 0.9921875
vt 0.703125 0.8046875
vt 0.6796875 0.765625
vt 0.7421875 0.75
vt 0.7421875 0.75
vt 0.6796875 0.765625
vt 0.625 0.75
vt 0.625 0.9921875
vt 0.625 0.8671875
vt 0.6484375 0.8671875
vt 0.7421875 0.75
vt 0.6796875 0.765625
vt 0.625 0.75
vt 0.7109375 0.8671875
vt 0.7421875 0.8671875
vt 0.7421875 0.9921875
vt 0.625 0.9921875
vt 0.625 0.8671875
vt 0.6484375 0.8671875
vt 0.7109375 0.8671875
vt 0.7421875 0.8671875
vt 0.7421875 0.9921875
vt 0.7421875 0.75
vt 0.6796875 0.765625
vt 0.625 0.75
vt 0.90625 0.75
vt 0.9921875 0.75
vt 0.9921875 0.8671875
vt 0.875 0.9921875
vt 0.875 0.875
vt 0.90625 0.875
vt 0.9921875 0.9921875
vt 0.875 0.9921875
vt 0.875 0.9375
vt 0.625 0.75
vt 0.6796875 0.765625
vt 0.65625 0.8046875
vt 0.625 0.9921875
vt 0.625 0.8671875
vt 0.6484375 0.8671875
vt 0.75 0.9375
vt 0.8671875 0.9375
vt 0.8671875 0.9921875
vt 0.7421875 0.625
vt 0.7421875 0.7421875
vt 0.625 0.625
vt 0.625 0.7421875
vt 0.875 0.75
vt 0.9921875 0.75
vt 0.875 0.8671875
vt 0.9921875 0.8671875
vt 0.625 0.625
vt 0.625 0.5
vt 0.7421875 0.625
vt 0.7421875 0.5
vt 0.7421875 0.7421875
vt 0.625 0.7421875
vt 0.7421875 0.5859375
vt 0.625 0.5859375
vt 0.6484375 0.8671875
vt 0.7109375 0.8671875
vt 0.625 0.9921875
vt 0.7421875 0.9921875
vt 0.875 0.9296875
vt 0.875 0.875
vt 0.9921875 0.9296875
vt 0.9921875 0.875
vt 0.75 0.9375
vt 0.75 0.875
vt 0.8671875 0.9375
vt 0.8671875 0.875
vt 0.8671875 0.75
vt 0.8671875 0.8671875
vt 0.75 0.75
vt 0.75 0.8671875
vt 0.6171875 0.875
vt 0.6171875 0.9921875
vt 0.5 0.875
vt 0.5 0.9921875
vt 0.8671875 0.75
vt 0.8671875 0.8671875
vt 0.75 0.75
vt 0.75 0.8671875
vt 0.9921875 0.875
vt 0.9921875 0.9921875
vt 0.875 0.875
vt 0.875 0.9375
vt 0.7421875 0.75
vt 0.7421875 0.8671875
vt 0.703125 0.8046875
vt 0.7109375 0.8671875
vt 0.7421875 0.8046875
vt 0.703125 0.8046875
vt 0.7421875 0.75
vt 0.6796875 0.765625
vt 0.875 0.8671875
vt 0.75 0.8671875
vt 0.875 0.75
vt 0.75 0.75
vt 0.6484375 0.8671875
vt 0.625 0.8671875
vt 0.65625 0.8046875
vt 0.625 0.75
vt 0.625 0.9921875
vt 0.6484375 0.8671875
vt 0.7421875 0.9921875
vt 0.7109375 0.8671875
vt 0.8671875 0.875
vt 0.8671875 0.9921875
vt 0.75 0.875
vt 0.75 0.9921875
vt 0.5 0.625
vt 0.5 0.5
vt 0.6171875 0.625
vt 0.6171875 0.5
vt 0.7421875 0.8046875
vt 0.7421875 0.8671875
vt 0.703125 0.8046875
vt 0.7109375 0.8671875
vt 0.703125 0.8046875
vt 0.6796875 0.765625
vt 0.7421875 0.8046875
vt 0.7421875 0.75
vt 0.6171875 0.875
vt 0.6171875 0.9921875
vt 0.5 0.875
vt 0.5 0.9921875
vt 0.6484375 0.8671875
vt 0.7109375 0.8671875
vt 0.625 0.9921875
vt 0.7421875 0.9921875
vt 0.625 0.75
vt 0.65625 0.8046875
vt 0.625 0.8671875
vt 0.6484375 0.8671875
vt 0.6484375 0.8671875
vt 0.625 0.8671875
vt 0.65625 0.8046875
vt 0.625 0.8046875
vt 0.7421875 0.8046875
vt 0.7421875 0.8671875
vt 0.703125 0.8046875
vt 0.7109375 0.8671875
vt 0.625 0.8046875
vt 0.625 0.75
vt 0.65625 0.8046875
vt 0.6796875 0.765625
vt 0.6171875 0.875
vt 0.6171875 0.9921875
vt 0.5 0.875
vt 0.5 0.9921875
vt 0.90625 0.875
vt 0.9921875 0.875
vt 0.875 0.9921875
vt 0.9921875 0.9921875
vt 0.9921875 0.8671875
vt 0.875 0.8671875
vt 0.90625 0.75
vt 0.875 0.75
vt 0.6171875 0.5
vt 0.6171875 0.625
vt 0.5 0.5625
vt 0.5 0.625
vt 0.5 0.5
vt 0.6171875 0.5
vt 0.5 0.625
vt 0.6171875 0.625
vt 0.8671875 0.875
vt 0.8671875 0.9921875
vt 0.75 0.875
vt 0.75 0.9921875
vt 0.9921875 0.75
vt 0.9921875 0.8671875
vt 0.875 0.75
vt 0.875 0.8671875
vn -1 0 0
vn -1 0 0
vn -1 0 0
vn -1 0 0
vn -1 0 0
vn -1 0 0
vn -1 0 0
vn -1 0 0
vn -1 0 0
vn -1 0 0
vn -1 0 0
vn -1 0 0
vn -1 0 0
vn -1 0 0
vn -1 0 0
vn -1 0 0
vn -1 0 0
vn -1 0 0
vn -1 0 0
vn -1 0 0
vn -1 0 0
vn -1 0 0
vn -1 0 0
vn -1 0 0
vn -1 0 0
vn -1 0 0
vn -1 0 0
vn -1 0 0
vn -1 0 0
vn -1 0 0
vn -1 0 0
vn -1 0 0
vn -1 0 0
vn -1 0 0
vn -1 0 0
vn -1 0 0
vn -1 0 0
vn -1 0 0
vn -1 0 0
vn -1 0 0
vn -1 0 0
vn -1 0 0
vn -1 0 0
vn -1 0 0
vn -1 0 0
vn -1 0 0
vn -1 0 0
vn -1 0 0
vn -1 0 0
vn -1 0 0
vn -1 0 0
vn -1 0 0
vn -1 0 0
vn -1 0 0
vn -1 0 0
vn -1 0 0
vn -1 0 0
vn -1 0 0
vn -1 0 0
vn -1 0 0
vn -1 0 0
vn -1 0 0
vn -1 0 0
vn -1 0 0
vn -1 0 0
vn -1 0 0
vn -0.9103664744007224 -0.41380295103732534 5.067624594655893e-17
vn -0.9103664744007224 -0.41380295103732534 5.067624594655893e-17
vn -0.9103664744007224 -0.41380295103732534 5.067624594655893e-17
vn -0.9103664744007224 -0.41380295103732534 5.067624594655893e-17
vn -1 0 0
vn -1 0 0
vn -1 0 0
vn -1 0 0
vn -1 0 0
vn -1 0 0
vn -1 0 0
vn -1 0 0
vn -1 0 0
vn -1 0 0
vn -1 0 0
vn -1 0 0
vn -1 0 0
vn -1 0 0
vn -1 0 0
vn -1 0 0
vn -1 0 0
vn -1 0 0
vn -1 0 0
vn -1 0 0
vn -1 0 0
vn -1 0 0
vn -1 0 0
vn -1 0 0
vn -1 0 0
vn -1 0 0
vn -1 0 0
vn -1 0 0
vn -1 0 0
vn -1 0 0
vn -1 0 0
vn -1 0 0
vn -1 0 0
vn -1 0 0
vn -1 0 0
vn -1 0 0
vn -1 0 0
vn -1 0 0
vn -1 0 0
vn -1 0 0
vn -1 0 0
vn -1 0 0
vn -1 0 0
vn -1 0 0
vn -1 0 0
vn -1 0 0
vn -1 0 0
vn -1 0 0
vn -1 0 0
vn -1 0 0
vn -1 0 0
vn -1 0 0
vn -1 0 0
vn -1 0 0
vn -1 0 0
vn -1 0 0
vn -1 0 0
vn -1 0 0
vn -1 0 0
vn -1 0 0
vn -1 0 0
vn -1 0 0
vn -1 0 0
vn -1 0 0
vn -1 0 0
vn -1 0 0
vn -1 0 0
vn -1 0 0
vn -1 0 0
vn -1 0 0
vn -1 0 0
vn -1 0 0
vn -1 0 0
vn -1 0 0
vn -1 0 0
vn -1 0 0
vn -1 0 0
vn -1 0 0
vn -1 0 0
vn -1 0 0
vn -1 0 0
vn -1 0 0
vn -1 0 0
vn -1 0 0
vn -1 0 0
vn -1 0 0
vn -1 0 0
vn -1 0 0
vn -1 0 0
vn -1 0 0
vn -1 0 0
vn -1 0 0
vn -1 0 0
vn -1 0 0
vn -1 0 0
vn -1 0 0
vn -1 0 0
vn -1 0 0
vn -1 0 0
vn -1 0 0
vn -1 0 0
vn -1 0 0
vn -1 0 0
vn -1 0 0
vn -1 0 0
vn -1 0 0
vn -1 0 0
vn -1 0 0
vn -1 0 0
vn -1 0 0
vn -1 0 0
vn -1 0 0
vn -1 0 0
vn -1 0 0
vn -1 0 0
vn -1 0 0
f 1250/1250/1250 1249/1249/1249 1248/1248/1248
f 1253/1253/1253 1252/1252/1252 1251/1251/1251
f 1256/1256/1256 1255/1255/1255 1254/1254/1254
f 1259/1259/1259 1258/1258/1258 1257/1257/1257
f 1262/1262/1262 1261/1261/1261 1260/1260/1260
f 1265/1265/1265 1264/1264/1264 1263/1263/1263
f 1268/1268/1268 1267/1267/1267 1266/1266/1266
f 1271/1271/1271 1270/1270/1270 1269/1269/1269
f 1274/1274/1274 1273/1273/1273 1272/1272/1272
f 1277/1277/1277 1276/1276/1276 1275/1275/1275
f 1280/1280/1280 1279/1279/1279 1278/1278/1278
f 1283/1283/1283 1282/1282/1282 1281/1281/1281
f 1286/1286/1286 1285/1285/1285 1284/1284/1284
f 1289/1289/1289 1288/1288/1288 1287/1287/1287
f 1292/1292/1292 1291/1291/1291 1290/1290/1290
f 1295/1295/1295 1294/1294/1294 1293/1293/1293
f 1298/1298/1298 1297/1297/1297 1296/1296/1296
f 1301/1301/1301 1300/1300/1300 1299/1299/1299
f 1304/1304/1304 1303/1303/1303 1302/1302/1302
f 1303/1303/1303 1304/1304/1304 1305/1305/1305
f 1308/1308/1308 1307/1307/1307 1306/1306/1306
f 1307/1307/1307 1308/1308/1308 1309/1309/1309
f 1312/1312/1312 1311/1311/1311 1310/1310/1310
f 1311/1311/1311 1312/1312/1312 1313/1313/1313
f 1316/1316/1316 1315/1315/1315 1314/1314/1314
f 1315/1315/1315 1316/1316/1316 1317/1317/1317
f 1320/1320/1320 1319/1319/1319 1318/1318/1318
f 1319/1319/1319 1320/1320/1320 1321/1321/1321
f 1324/1324/1324 1323/1323/1323 1322/1322/1322
f 1323/1323/1323 1324/1324/1324 1325/1325/1325
f 1328/1328/1328 1327/1327/1327 1326/1326/1326
f 1327/1327/1327 1328/1328/1328 1329/1329/1329
f 1332/1332/1332 1331/1331/1331 1330/1330/1330
f 1331/1331/1331 1332/1332/1332 1333/1333/1333
f 1336/1336/1336 1335/1335/1335 1334/1334/1334
f 1335/1335/1335 1336/1336/1336 1337/1337/1337
f 1340/1340/1340 1339/1339/1339 1338/1338/1338
f 1339/1339/1339 1340/1340/1340 1341/1341/1341
f 1344/1344/1344 1343/1343/1343 1342/1342/1342
f 1343/1343/1343 1344/1344/1344 1345/1345/1345
f 1348/1348/1348 1347/1347/1347 1346/1346/1346
f 1347/1347/1347 1348/1348/1348 1349/1349/1349
f 1352/1352/1352 1351/1351/1351 1350/1350/1350
f 1351/1351/1351 1352/1352/1352 1353/1353/1353
f 1356/1356/1356 1355/1355/1355 1354/1354/1354
f 1355/1355/1355 1356/1356/1356 1357/1357/1357
f 1360/1360/1360 1359/1359/1359 1358/1358/1358
f 1359/1359/1359 1360/1360/1360 1361/1361/1361
f 1364/1364/1364 1363/1363/1363 1362/1362/1362
f 1363/1363/1363 1364/1364/1364 1365/1365/1365
f 1368/1368/1368 1367/1367/1367 1366/1366/1366
f 1367/1367/1367 1368/1368/1368 1369/1369/1369
f 1372/1372/1372 1371/1371/1371 1370/1370/1370
f 1371/1371/1371 1372/1372/1372 1373/1373/1373
f 1376/1376/1376 1375/1375/1375 1374/1374/1374
f 1375/1375/1375 1376/1376/1376 1377/1377/1377
f 1380/1380/1380 1379/1379/1379 1378/1378/1378
f 1379/1379/1379 1380/1380/1380 1381/1381/1381
f 1384/1384/1384 1383/1383/1383 1382/1382/1382
f 1383/1383/1383 1384/1384/1384 1385/1385/1385
f 1388/1388/1388 1387/1387/1387 1386/1386/1386
f 1387/1387/1387 1388/1388/1388 1389/1389/1389
f 1392/1392/1392 1391/1391/1391 1390/1390/1390
f 1391/1391/1391 1392/1392/1392 1393/1393/1393
f 1396/1396/1396 1395/1395/1395 1394/1394/1394
f 1395/1395/1395 1396/1396/1396 1397/1397/1397
f 1400/1400/1400 1399/1399/1399 1398/1398/1398
f 1399/1399/1399 1400/1400/1400 1401/1401/1401
f 1404/1404/1404 1403/1403/1403 1402/1402/1402
f 1403/1403/1403 1404/1404/1404 1405/1405/1405
f 1408/1408/1408 1407/1407/1407 1406/1406/1406
f 1407/1407/1407 1408/1408/1408 1409/1409/1409
f 1412/1412/1412 1411/1411/1411 1410/1410/1410
f 1411/1411/1411 1412/1412/1412 1413/1413/1413
f 1416/1416/1416 1415/1415/1415 1414/1414/1414
f 1415/1415/1415 1416/1416/1416 1417/1417/1417
f 1420/1420/1420 1419/1419/1419 1418/1418/1418
f 1419/1419/1419 1420/1420/1420 1421/1421/1421
f 1424/1424/1424 1423/1423/1423 1422/1422/1422
f 1423/1423/1423 1424/1424/1424 1425/1425/1425
f 1428/1428/1428 1427/1427/1427 1426/1426/1426
f 1427/1427/1427 1428/1428/1428 1429/1429/1429
f 1432/1432/1432 1431/1431/1431 1430/1430/1430
f 1431/1431/1431 1432/1432/1432 1433/1433/1433
o mesh_19
usemtl mat9
v 89.60000000000001 44.800000000000004 -25.60000000000001
v 89.60000000000001 44.8 -38.40000000000001
v 89.60000000000001 57.599999999999994 -38.40000000000001
v 89.60000000000001 70.39999999999999 -153.60000000000002
v 89.60000000000001 70.39999999999999 -140.8
v 89.60000000000001 63.999999999999986 -140.8
v 89.60000000000001 31.999999999999986 -102.4
v 89.60000000000001 44.79999999999999 -102.4
v 92.80000000000001 44.79999999999999 -102.4
v 89.60000000000001 83.19999999999999 -102.40000000000002
v 92 84.8 -102.40000000000002
v 89.60000000000001 70.39999999999999 -102.40000000000002
v 92.80000000000001 31.999999999999993 -64
v 89.60000000000001 31.999999999999993 -64
v 89.60000000000001 19.199999999999996 -64
v 89.60000000000001 38.4 -51.20000000000001
v 89.60000000000001 44.8 -51.20000000000001
v 89.60000000000001 44.8 -38.40000000000001
v 89.60000000000001 51.199999999999974 -230.4
v 89.60000000000001 51.199999999999974 -217.60000000000002
v 89.60000000000001 44.799999999999976 -217.60000000000002
v 89.60000000000001 83.19999999999999 -102.40000000000002
v 89.60000000000001 95.99999999999999 -102.40000000000002
v 92 84.8 -102.40000000000002
v 89.60000000000001 70.39999999999999 -64.00000000000001
v 89.60000000000001 57.599999999999994 -64
v 92 71.99999999999999 -64.00000000000001
v 89.60000000000001 70.39999999999999 -64.00000000000001
v 92 71.99999999999999 -64.00000000000001
v 89.60000000000001 83.19999999999999 -64.00000000000001
v 89.60000000000001 95.99999999999999 -128
v 89.60000000000001 95.99999999999999 -115.20000000000002
v 89.60000000000001 83.19999999999999 -115.20000000000002
v 89.60000000000001 57.59999999999998 -179.20000000000002
v 89.60000000000001 70.39999999999998 -179.20000000000002
v 89.60000000000001 70.39999999999999 -166.4
v 89.60000000000001 31.99999999999997 -217.60000000000002
v 89.60000000000001 25.599999999999973 -217.60000000000002
v 89.60000000000001 25.599999999999973 -230.4
v 89.60000000000001 70.39999999999998 -204.8
v 89.60000000000001 70.39999999999998 -192
v 89.60000000000001 57.59999999999998 -192
v 89.60000000000001 44.799999999999976 -204.8
v 89.60000000000001 44.799999999999976 -217.60000000000002
v 89.60000000000001 51.199999999999974 -217.60000000000002
v 89.60000000000001 57.59999999999999 -140.8
v 89.60000000000001 44.79999999999999 -140.8
v 89.60000000000001 44.79999999999998 -153.60000000000002
v 89.60000000000001 19.2 -38.400000000000006
v 89.60000000000001 31.999999999999996 -38.40000000000001
v 89.60000000000001 19.2 -25.600000000000005
v 89.60000000000001 31.999999999999996 -25.600000000000005
v 89.60000000000001 44.8 -38.40000000000001
v 89.60000000000001 44.800000000000004 -25.60000000000001
v 89.60000000000001 31.999999999999996 -38.40000000000001
v 89.60000000000001 31.999999999999996 -25.600000000000005
v 89.60000000000001 19.2 -38.400000000000006
v 89.60000000000001 19.199999999999996 -51.2
v 89.60000000000001 31.999999999999996 -38.40000000000001
v 89.60000000000001 31.999999999999993 -51.20000000000001
v 89.60000000000001 51.199999999999974 -217.60000000000002
v 89.60000000000001 70.39999999999998 -217.60000000000002
v 89.60000000000001 44.799999999999976 -204.8
v 89.60000000000001 70.39999999999998 -204.8
v 89.60000000000001 12.799999999999972 -230.4
v 89.60000000000001 25.599999999999973 -230.4
v 89.60000000000001 19.199999999999974 -217.60000000000002
v 89.60000000000001 25.599999999999973 -217.60000000000002
v 89.60000000000001 12.79999999999997 -243.20000000000002
v 89.60000000000001 25.599999999999973 -243.20000000000002
v 89.60000000000001 12.799999999999972 -230.4
v 89.60000000000001 25.599999999999973 -230.4
v 89.60000000000001 31.99999999999997 -217.60000000000002
v 89.60000000000001 44.799999999999976 -217.60000000000002
v 89.60000000000001 31.999999999999975 -204.8
v 89.60000000000001 44.799999999999976 -204.8
v 89.60000000000001 25.59999999999999 -89.60000000000001
v 89.60000000000001 19.199999999999992 -89.60000000000001
v 89.60000000000001 31.999999999999986 -102.4
v 89.60000000000001 19.19999999999999 -102.4
v 89.60000000000001 51.19999999999999 -102.4
v 89.60000000000001 57.59999999999999 -102.4
v 94.4 51.19999999999999 -102.4
v 96 57.59999999999999 -102.4
v 89.60000000000001 70.39999999999999 -102.40000000000002
v 92 84.8 -102.40000000000002
v 99.2 70.39999999999999 -102.40000000000002
v 99.2 83.19999999999999 -102.40000000000002
v 89.60000000000001 70.39999999999999 -102.40000000000002
v 99.2 70.39999999999999 -102.40000000000002
v 89.60000000000001 57.59999999999999 -102.4
v 96 57.59999999999999 -102.4
v 94.4 51.19999999999999 -102.4
v 92.80000000000001 44.79999999999999 -102.4
v 89.60000000000001 51.19999999999999 -102.4
v 89.60000000000001 44.79999999999999 -102.4
v 99.2 70.39999999999999 -64.00000000000001
v 92 71.99999999999999 -64.00000000000001
v 99.2 57.599999999999994 -64
v 89.60000000000001 57.599999999999994 -64
v 99.2 57.599999999999994 -64
v 89.60000000000001 57.599999999999994 -64
v 96 44.8 -64
v 89.60000000000001 44.8 -64
v 89.60000000000001 38.4 -64
v 89.60000000000001 31.999999999999993 -64
v 94.4 38.4 -64
v 92.80000000000001 31.999999999999993 -64
v 94.4 38.4 -64
v 96 44.8 -64
v 89.60000000000001 38.4 -64
v 89.60000000000001 44.8 -64
v 89.60000000000001 44.8 -38.40000000000001
v 89.60000000000001 31.999999999999996 -38.40000000000001
v 89.60000000000001 38.4 -51.20000000000001
v 89.60000000000001 31.999999999999993 -51.20000000000001
v 89.60000000000001 44.8 -38.40000000000001
v 89.60000000000001 44.8 -51.20000000000001
v 89.60000000000001 57.599999999999994 -38.40000000000001
v 89.60000000000001 57.599999999999994 -51.20000000000001
v 89.60000000000001 57.59999999999998 -192
v 89.60000000000001 44.79999999999998 -192
v 89.60000000000001 70.39999999999998 -204.8
v 89.60000000000001 44.799999999999976 -204.8
v 89.60000000000001 44.79999999999998 -179.20000000000002
v 89.60000000000001 44.79999999999998 -166.4
v 89.60000000000001 31.99999999999998 -179.20000000000002
v 89.60000000000001 31.99999999999998 -166.4
v 89.60000000000001 70.39999999999999 -166.4
v 89.60000000000001 44.79999999999998 -166.4
v 89.60000000000001 57.59999999999998 -179.20000000000002
v 89.60000000000001 44.79999999999998 -179.20000000000002
v 89.60000000000001 31.99999999999998 -166.4
v 89.60000000000001 44.79999999999998 -166.4
v 89.60000000000001 31.999999999999982 -153.60000000000002
v 89.60000000000001 44.79999999999998 -153.60000000000002
v 89.60000000000001 31.999999999999975 -204.8
v 89.60000000000001 44.799999999999976 -204.8
v 89.60000000000001 31.999999999999975 -192
v 89.60000000000001 44.79999999999998 -192
v 89.60000000000001 44.79999999999998 -153.60000000000002
v 89.60000000000001 44.79999999999999 -140.8
v 89.60000000000001 31.999999999999982 -153.60000000000002
v 89.60000000000001 31.999999999999982 -140.8
vt 0.2421875 0.125
vt 0.125 0.125
vt 0.125 0
vt 0.375 0
vt 0.4921875 0
vt 0.4921875 0.0625
vt 0 0.3671875
vt 0 0.25
vt 0.03125 0.25
vt 0 0.375
vt 0.015625 0.359375
vt 0 0.4921875
vt 0.46875 0.25
vt 0.4921875 0.25
vt 0.4921875 0.3671875
vt 0 0.1875
vt 0 0.125
vt 0.125 0.125
vt 0.375 0
vt 0.4921875 0
vt 0.4921875 0.0625
vt 0 0.375
vt 0 0.25
vt 0.015625 0.359375
vt 0.4921875 0.375
vt 0.4921875 0.4921875
vt 0.46875 0.359375
vt 0.4921875 0.375
vt 0.46875 0.359375
vt 0.4921875 0.25
vt 0.125 0.125
vt 0.2421875 0.125
vt 0.2421875 0.25
vt 0.125 0.125
vt 0.125 0
vt 0.25 0
vt 0.4921875 0.1875
vt 0.4921875 0.25
vt 0.375 0.25
vt 0.375 0
vt 0.4921875 0
vt 0.4921875 0.125
vt 0.375 0.25
vt 0.25 0.25
vt 0.25 0.1875
vt 0.4921875 0.125
vt 0.4921875 0.2421875
vt 0.375 0.2421875
vt 0.125 0.375
vt 0.125 0.25
vt 0.2421875 0.375
vt 0.2421875 0.25
vt 0.125 0.125
vt 0.2421875 0.125
vt 0.125 0.25
vt 0.2421875 0.25
vt 0.125 0.375
vt 0 0.375
vt 0.125 0.25
vt 0 0.25
vt 0.25 0.1875
vt 0.25 0
vt 0.375 0.25
vt 0.375 0
vt 0.375 0.375
vt 0.375 0.25
vt 0.4921875 0.3125
vt 0.4921875 0.25
vt 0.25 0.375
vt 0.25 0.25
vt 0.375 0.375
vt 0.375 0.25
vt 0.25 0.375
vt 0.25 0.25
vt 0.375 0.375
vt 0.375 0.25
vt 0.2421875 0.4375
vt 0.2421875 0.4921875
vt 0.125 0.375
vt 0.125 0.4921875
vt 0 0.1875
vt 0 0.125
vt 0.046875 0.1875
vt 0.0625 0.125
vt 0 0.4921875
vt 0.015625 0.359375
vt 0.0859375 0.4921875
vt 0.0859375 0.375
vt 0 0
vt 0.0859375 0
vt 0 0.125
vt 0.0625 0.125
vt 0.046875 0.1875
vt 0.03125 0.25
vt 0 0.1875
vt 0 0.25
vt 0.40625 0.375
vt 0.46875 0.359375
vt 0.40625 0.4921875
vt 0.4921875 0.4921875
vt 0.40625 0
vt 0.4921875 0
vt 0.4375 0.125
vt 0.4921875 0.125
vt 0.4921875 0.1875
vt 0.4921875 0.25
vt 0.453125 0.1875
vt 0.46875 0.25
vt 0.453125 0.1875
vt 0.4375 0.125
vt 0.4921875 0.1875
vt 0.4921875 0.125
vt 0.125 0.125
vt 0.125 0.25
vt 0 0.1875
vt 0 0.25
vt 0.125 0.125
vt 0 0.125
vt 0.125 0
vt 0 0
vt 0.4921875 0.125
vt 0.4921875 0.25
vt 0.375 0
vt 0.375 0.25
vt 0.125 0.25
vt 0.25 0.25
vt 0.125 0.375
vt 0.25 0.375
vt 0.25 0
vt 0.25 0.25
vt 0.125 0.125
vt 0.125 0.25
vt 0.25 0.375
vt 0.25 0.25
vt 0.375 0.375
vt 0.375 0.25
vt 0.375 0.375
vt 0.375 0.25
vt 0.4921875 0.375
vt 0.4921875 0.25
vt 0.375 0.25
vt 0.4921875 0.25
vt 0.375 0.375
vt 0.4921875 0.375
vn -1 0 0
vn -1 0 0
vn -1 0 0
vn -1 0 0
vn -1 0 0
vn -1 0 0
vn 0 1.2246467991473532e-16 1
vn 0 1.2246467991473532e-16 1
vn 0 1.2246467991473532e-16 1
vn 0 1.2246467991473532e-16 1
vn 0 1.2246467991473532e-16 1
vn 0 1.2246467991473532e-16 1
vn 0 -1.2246467991473532e-16 -1
vn 0 -1.2246467991473532e-16 -1
vn 0 -1.2246467991473532e-16 -1
vn -1 0 0
vn -1 0 0
vn -1 0 0
vn -1 0 0
vn -1 0 0
vn -1 0 0
vn 0 1.2246467991473532e-16 1
vn 0 1.2246467991473532e-16 1
vn 0 1.2246467991473532e-16 1
vn 0 -1.2246467991473532e-16 -1
vn 0 -1.2246467991473532e-16 -1
vn 0 -1.2246467991473532e-16 -1
vn 0 -1.2246467991473532e-16 -1
vn 0 -1.2246467991473532e-16 -1
vn 0 -1.2246467991473532e-16 -1
vn -1 0 0
vn -1 0 0
vn -1 0 0
vn -1 0 0
vn -1 0 0
vn -1 0 0
vn -1 0 0
vn -1 0 0
vn -1 0 0
vn -1 0 0
vn -1 0 0
vn -1 0 0
vn -1 0 0
vn -1 0 0
vn -1 0 0
vn -1 0 0
vn -1 0 0
vn -1 0 0
vn -1 0 0
vn -1 0 0
vn -1 0 0
vn -1 0 0
vn -1 0 0
vn -1 0 0
vn -1 0 0
vn -1 0 0
vn -1 0 0
vn -1 0 0
vn -1 0 0
vn -1 0 0
vn -1 0 0
vn -1 0 0
vn -1 0 0
vn -1 0 0
vn -1 0 0
vn -1 0 0
vn -1 0 0
vn -1 0 0
vn -1 0 0
vn -1 0 0
vn -1 0 0
vn -1 0 0
vn -1 0 0
vn -1 0 0
vn -1 0 0
vn -1 0 0
vn -1 0 0
vn -1 0 0
vn -1 0 0
vn -1 0 0
vn 0 1.2246467991473532e-16 1
vn 0 1.2246467991473532e-16 1
vn 0 1.2246467991473532e-16 1
vn 0 1.2246467991473532e-16 1
vn 0 1.2246467991473532e-16 1
vn 0 1.2246467991473532e-16 1
vn 0 1.2246467991473532e-16 1
vn 0 1.2246467991473532e-16 1
vn 0 1.2246467991473532e-16 1
vn 0 1.2246467991473532e-16 1
vn 0 1.2246467991473532e-16 1
vn 0 1.2246467991473532e-16 1
vn 0 1.2246467991473532e-16 1
vn 0 1.2246467991473532e-16 1
vn 0 1.2246467991473532e-16 1
vn 0 1.2246467991473532e-16 1
vn 0 -1.2246467991473532e-16 -1
vn 0 -1.2246467991473532e-16 -1
vn 0 -1.2246467991473532e-16 -1
vn 0 -1.2246467991473532e-16 -1
vn 0 -1.2246467991473532e-16 -1
vn 0 -1.2246467991473532e-16 -1
vn 0 -1.2246467991473532e-16 -1
vn 0 -1.2246467991473532e-16 -1
vn 0 -1.2246467991473532e-16 -1
vn 0 -1.2246467991473532e-16 -1
vn 0 -1.2246467991473532e-16 -1
vn 0 -1.2246467991473532e-16 -1
vn 0 -1.2246467991473532e-16 -1
vn 0 -1.2246467991473532e-16 -1
vn 0 -1.2246467991473532e-16 -1
vn 0 -1.2246467991473532e-16 -1
vn -1 0 0
vn -1 0 0
vn -1 0 0
vn -1 0 0
vn -1 0 0
vn -1 0 0
vn -1 0 0
vn -1 0 0
vn -1 0 0
vn -1 0 0
vn -1 0 0
vn -1 0 0
vn -1 0 0
vn -1 0 0
vn -1 0 0
vn -1 0 0
vn -1 0 0
vn -1 0 0
vn -1 0 0
vn -1 0 0
vn -1 0 0
vn -1 0 0
vn -1 0 0
vn -1 0 0
vn -1 0 0
vn -1 0 0
vn -1 0 0
vn -1 0 0
vn -1 0 0
vn -1 0 0
vn -1 0 0
vn -1 0 0
f 1436/1436/1436 1435/1435/1435 1434/1434/1434
f 1439/1439/1439 1438/1438/1438 1437/1437/1437
f 1442/1442/1442 1441/1441/1441 1440/1440/1440
f 1445/1445/1445 1444/1444/1444 1443/1443/1443
f 1448/1448/1448 1447/1447/1447 1446/1446/1446
f 1451/1451/1451 1450/1450/1450 1449/1449/1449
f 1454/1454/1454 1453/1453/1453 1452/1452/1452
f 1457/1457/1457 1456/1456/1456 1455/1455/1455
f 1460/1460/1460 1459/1459/1459 1458/1458/1458
f 1463/1463/1463 1462/1462/1462 1461/1461/1461
f 1466/1466/1466 1465/1465/1465 1464/1464/1464
f 1469/1469/1469 1468/1468/1468 1467/1467/1467
f 1472/1472/1472 1471/1471/1471 1470/1470/1470
f 1475/1475/1475 1474/1474/1474 1473/1473/1473
f 1478/1478/1478 1477/1477/1477 1476/1476/1476
f 1481/1481/1481 1480/1480/1480 1479/1479/1479
f 1484/1484/1484 1483/1483/1483 1482/1482/1482
f 1483/1483/1483 1484/1484/1484 1485/1485/1485
f 1488/1488/1488 1487/1487/1487 1486/1486/1486
f 1487/1487/1487 1488/1488/1488 1489/1489/1489
f 1492/1492/1492 1491/1491/1491 1490/1490/1490
f 1491/1491/1491 1492/1492/1492 1493/1493/1493
f 1496/1496/1496 1495/1495/1495 1494/1494/1494
f 1495/1495/1495 1496/1496/1496 1497/1497/1497
f 1500/1500/1500 1499/1499/1499 1498/1498/1498
f 1499/1499/1499 1500/1500/1500 1501/1501/1501
f 1504/1504/1504 1503/1503/1503 1502/1502/1502
f 1503/1503/1503 1504/1504/1504 1505/1505/1505
f 1508/1508/1508 1507/1507/1507 1506/1506/1506
f 1507/1507/1507 1508/1508/1508 1509/1509/1509
f 1512/1512/1512 1511/1511/1511 1510/1510/1510
f 1511/1511/1511 1512/1512/1512 1513/1513/1513
f 1516/1516/1516 1515/1515/1515 1514/1514/1514
f 1515/1515/1515 1516/1516/1516 1517/1517/1517
f 1520/1520/1520 1519/1519/1519 1518/1518/1518
f 1519/1519/1519 1520/1520/1520 1521/1521/1521
f 1524/1524/1524 1523/1523/1523 1522/1522/1522
f 1523/1523/1523 1524/1524/1524 1525/1525/1525
f 1528/1528/1528 1527/1527/1527 1526/1526/1526
f 1527/1527/1527 1528/1528/1528 1529/1529/1529
f 1532/1532/1532 1531/1531/1531 1530/1530/1530
f 1531/1531/1531 1532/1532/1532 1533/1533/1533
f 1536/1536/1536 1535/1535/1535 1534/1534/1534
f 1535/1535/1535 1536/1536/1536 1537/1537/1537
f 1540/1540/1540 1539/1539/1539 1538/1538/1538
f 1539/1539/1539 1540/1540/1540 1541/1541/1541
f 1544/1544/1544 1543/1543/1543 1542/1542/1542
f 1543/1543/1543 1544/1544/1544 1545/1545/1545
f 1548/1548/1548 1547/1547/1547 1546/1546/1546
f 1547/1547/1547 1548/1548/1548 1549/1549/1549
f 1552/1552/1552 1551/1551/1551 1550/1550/1550
f 1551/1551/1551 1552/1552/1552 1553/1553/1553
f 1556/1556/1556 1555/1555/1555 1554/1554/1554
f 1555/1555/1555 1556/1556/1556 1557/1557/1557
f 1560/1560/1560 1559/1559/1559 1558/1558/1558
f 1559/1559/1559 1560/1560/1560 1561/1561/1561
f 1564/1564/1564 1563/1563/1563 1562/1562/1562
f 1563/1563/1563 1564/1564/1564 1565/1565/1565
f 1568/1568/1568 1567/1567/1567 1566/1566/1566
f 1567/1567/1567 1568/1568/1568 1569/1569/1569
f 1572/1572/1572 1571/1571/1571 1570/1570/1570
f 1571/1571/1571 1572/1572/1572 1573/1573/1573
f 1576/1576/1576 1575/1575/1575 1574/1574/1574
f 1575/1575/1575 1576/1576/1576 1577/1577/1577
o mesh_20
usemtl mat4
v 89.60000000000001 68.79999999999997 -230.4
v 89.60000000000001 51.199999999999974 -230.4
v 81.60000000000001 68.79999999999997 -230.4
v 89.60000000000001 95.99999999999997 -179.20000000000002
v 89.60000000000001 70.39999999999998 -179.20000000000002
v 81.60000000000001 87.99999999999997 -179.20000000000002
v 81.60000000000001 87.99999999999997 -192
v 89.60000000000001 70.39999999999998 -192
v 89.60000000000001 95.99999999999997 -192
vt 0.75 0
vt 0.75 0.1796875
vt 0.65625 0
vt 0.7421875 0.015625
vt 0.7421875 0.2421875
vt 0.6640625 0.109375
vt 0.828125 0.125
vt 0.75 0.2421875
vt 0.75 0.015625
vn 0 1.2246467991473532e-16 1
vn 0 1.2246467991473532e-16 1
vn 0 1.2246467991473532e-16 1
vn 0 1.2246467991473532e-16 1
vn 0 1.2246467991473532e-16 1
vn 0 1.2246467991473532e-16 1
vn 0 -1.2246467991473532e-16 -1
vn 0 -1.2246467991473532e-16 -1
vn 0 -1.2246467991473532e-16 -1
f 1580/1580/1580 1579/1579/1579 1578/1578/1578
f 1583/1583/1583 1582/1582/1582 1581/1581/1581
f 1586/1586/1586 1585/1585/1585 1584/1584/1584
o mesh_21
usemtl mat10
v 89.60000000000001 105.6 -166.4
v 89.60000000000001 95.99999999999999 -166.4
v 89.60000000000001 95.99999999999997 -179.20000000000002
v 89.60000000000001 51.199999999999974 -243.20000000000002
v 81.60000000000001 68.79999999999997 -243.20000000000002
v 89.60000000000001 51.199999999999974 -230.4
v 81.60000000000001 68.79999999999997 -230.4
v 89.60000000000001 105.6 -166.4
v 89.60000000000001 102.39999999999999 -153.60000000000002
v 89.60000000000001 95.99999999999999 -166.4
v 89.60000000000001 95.99999999999999 -153.60000000000002
v 89.60000000000001 93.59999999999998 -204.8
v 89.60000000000001 70.39999999999998 -204.8
v 89.60000000000001 89.59999999999998 -217.60000000000002
v 89.60000000000001 70.39999999999998 -217.60000000000002
v 89.60000000000001 70.39999999999998 -217.60000000000002
v 89.60000000000001 51.199999999999974 -217.60000000000002
v 89.60000000000001 68.79999999999997 -230.4
v 89.60000000000001 51.199999999999974 -230.4
v 89.60000000000001 95.99999999999999 -166.4
v 89.60000000000001 70.39999999999999 -166.4
v 89.60000000000001 95.99999999999997 -179.20000000000002
v 89.60000000000001 70.39999999999998 -179.20000000000002
v 89.60000000000001 70.39999999999999 -166.4
v 89.60000000000001 95.99999999999999 -166.4
v 89.60000000000001 70.39999999999999 -153.60000000000002
v 89.60000000000001 95.99999999999999 -153.60000000000002
v 89.60000000000001 70.39999999999998 -204.8
v 89.60000000000001 93.59999999999998 -204.8
v 89.60000000000001 70.39999999999998 -192
v 89.60000000000001 95.99999999999997 -192
vt 0.75 0.25
vt 0.75 0.265625
vt 0.625 0.25
vt 0.75 0.4921875
vt 0.75 0.375
vt 0.875 0.4921875
vt 0.875 0.375
vt 0.75 0.25
vt 0.875 0.25
vt 0.75 0.265625
vt 0.875 0.265625
vt 0.875 0.25
vt 0.875 0.4921875
vt 0.75 0.25
vt 0.75 0.4921875
vt 0.9921875 0.40625
vt 0.9921875 0.4921875
vt 0.875 0.40625
vt 0.875 0.4921875
vt 0.75 0.265625
vt 0.75 0.4921875
vt 0.625 0.25
vt 0.625 0.4921875
vt 0.75 0.4921875
vt 0.75 0.265625
vt 0.875 0.4921875
vt 0.875 0.265625
vt 0.875 0.4921875
vt 0.875 0.25
vt 0.9921875 0.4921875
vt 0.9921875 0.25
vn -1 0 0
vn -1 0 0
vn -1 0 0
vn -0.9103664744007224 -0.41380295103732534 5.067624594655893e-17
vn -0.9103664744007224 -0.41380295103732534 5.067624594655893e-17
vn -0.9103664744007224 -0.41380295103732534 5.067624594655893e-17
vn -0.9103664744007224 -0.41380295103732534 5.067624594655893e-17
vn -1 0 0
vn -1 0 0
vn -1 0 0
vn -1 0 0
vn -1 0 0
vn -1 0 0
vn -1 0 0
vn -1 0 0
vn -1 0 0
vn -1 0 0
vn -1 0 0
vn -1 0 0
vn -1 0 0
vn -1 0 0
vn -1 0 0
vn -1 0 0
vn -1 0 0
vn -1 0 0
vn -1 0 0
vn -1 0 0
vn -1 0 0
vn -1 0 0
vn -1 0 0
vn -1 0 0
f 1589/1589/1589 1588/1588/1588 1587/1587/1587
f 1592/1592/1592 1591/1591/1591 1590/1590/1590
f 1591/1591/1591 1592/1592/1592 1593/1593/1593
f 1596/1596/1596 1595/1595/1595 1594/1594/1594
f 1595/1595/1595 1596/1596/1596 1597/1597/1597
f 1600/1600/1600 1599/1599/1599 1598/1598/1598
f 1599/1599/1599 1600/1600/1600 1601/1601/1601
f 1604/1604/1604 1603/1603/1603 1602/1602/1602
f 1603/1603/1603 1604/1604/1604 1605/1605/1605
f 1608/1608/1608 1607/1607/1607 1606/1606/1606
f 1607/1607/1607 1608/1608/1608 1609/1609/1609
f 1612/1612/1612 1611/1611/1611 1610/1610/1610
f 1611/1611/1611 1612/1612/1612 1613/1613/1613
f 1616/1616/1616 1615/1615/1615 1614/1614/1614
f 1615/1615/1615 1616/1616/1616 1617/1617/1617
o mesh_22
usemtl mat8
v 76.80000000000001 57.6 -25.60000000000001
v 76.80000000000001 44.800000000000004 -25.60000000000001
v 89.60000000000001 44.800000000000004 -25.60000000000001
v 89.60000000000001 44.800000000000004 -25.60000000000001
v 76.80000000000001 44.800000000000004 -25.60000000000001
v 89.60000000000001 31.999999999999996 -25.600000000000005
v 76.80000000000001 31.999999999999996 -25.600000000000005
v 89.60000000000001 31.999999999999996 -25.600000000000005
v 76.80000000000001 31.999999999999996 -25.600000000000005
v 89.60000000000001 19.2 -25.600000000000005
v 76.80000000000001 19.2 -25.600000000000005
v 89.60000000000001 6.399999999999997 -25.6
v 89.60000000000001 19.2 -25.600000000000005
v 76.80000000000001 6.399999999999997 -25.6
v 76.80000000000001 19.2 -25.600000000000005
v 76.80000000000001 44.800000000000004 -25.60000000000001
v 64 44.800000000000004 -25.60000000000001
v 76.80000000000001 31.999999999999996 -25.600000000000005
v 64 31.999999999999996 -25.600000000000005
v 76.80000000000001 31.999999999999996 -25.600000000000005
v 64 31.999999999999996 -25.600000000000005
v 76.80000000000001 19.2 -25.600000000000005
v 64 19.2 -25.600000000000005
v 76.80000000000001 44.800000000000004 -25.60000000000001
v 76.80000000000001 57.6 -25.60000000000001
v 64 44.800000000000004 -25.60000000000001
v 64 57.6 -25.60000000000001
v 76.80000000000001 6.399999999999997 -25.6
v 76.80000000000001 19.2 -25.600000000000005
v 64 6.399999999999997 -25.6
v 64 19.2 -25.600000000000005
vt 0.125 0.5
vt 0.125 0.625
vt 0 0.625
vt 0 0.625
vt 0.125 0.625
vt 0 0.75
vt 0.125 0.75
vt 0 0.75
vt 0.125 0.75
vt 0 0.875
vt 0.125 0.875
vt 0 0.9921875
vt 0 0.875
vt 0.125 0.9921875
vt 0.125 0.875
vt 0.125 0.625
vt 0.2421875 0.625
vt 0.125 0.75
vt 0.2421875 0.75
vt 0.125 0.75
vt 0.2421875 0.75
vt 0.125 0.875
vt 0.2421875 0.875
vt 0.125 0.625
vt 0.125 0.5
vt 0.2421875 0.625
vt 0.2421875 0.5
vt 0.125 0.9921875
vt 0.125 0.875
vt 0.2421875 0.9921875
vt 0.2421875 0.875
vn 0 -1.2246467991473532e-16 -1
vn 0 -1.2246467991473532e-16 -1
vn 0 -1.2246467991473532e-16 -1
vn 0 -1.2246467991473532e-16 -1
vn 0 -1.2246467991473532e-16 -1
vn 0 -1.2246467991473532e-16 -1
vn 0 -1.2246467991473532e-16 -1
vn 0 -1.2246467991473532e-16 -1
vn 0 -1.2246467991473532e-16 -1
vn 0 -1.2246467991473532e-16 -1
vn 0 -1.2246467991473532e-16 -1
vn 0 -1.2246467991473532e-16 -1
vn 0 -1.2246467991473532e-16 -1
vn 0 -1.2246467991473532e-16 -1
vn 0 -1.2246467991473532e-16 -1
vn 0 -1.2246467991473532e-16 -1
vn 0 -1.2246467991473532e-16 -1
vn 0 -1.2246467991473532e-16 -1
vn 0 -1.2246467991473532e-16 -1
vn 0 -1.2246467991473532e-16 -1
vn 0 -1.2246467991473532e-16 -1
vn 0 -1.2246467991473532e-16 -1
vn 0 -1.2246467991473532e-16 -1
vn 0 -1.2246467991473532e-16 -1
vn 0 -1.2246467991473532e-16 -1
vn 0 -1.2246467991473532e-16 -1
vn 0 -1.2246467991473532e-16 -1
vn 0 -1.2246467991473532e-16 -1
vn 0 -1.2246467991473532e-16 -1
vn 0 -1.2246467991473532e-16 -1
vn 0 -1.2246467991473532e-16 -1
f 1620/1620/1620 1619/1619/1619 1618/1618/1618
f 1623/1623/1623 1622/1622/1622 1621/1621/1621
f 1622/1622/1622 1623/1623/1623 1624/1624/1624
f 1627/1627/1627 1626/1626/1626 1625/1625/1625
f 1626/1626/1626 1627/1627/1627 1628/1628/1628
f 1631/1631/1631 1630/1630/1630 1629/1629/1629
f 1630/1630/1630 1631/1631/1631 1632/1632/1632
f 1635/1635/1635 1634/1634/1634 1633/1633/1633
f 1634/1634/1634 1635/1635/1635 1636/1636/1636
f 1639/1639/1639 1638/1638/1638 1637/1637/1637
f 1638/1638/1638 1639/1639/1639 1640/1640/1640
f 1643/1643/1643 1642/1642/1642 1641/1641/1641
f 1642/1642/1642 1643/1643/1643 1644/1644/1644
f 1647/1647/1647 1646/1646/1646 1645/1645/1645
f 1646/1646/1646 1647/1647/1647 1648/1648/1648
o mesh_23
usemtl mat10
v 0 81.60000000000001 -25.600000000000012
v 0 70.4 -25.60000000000001
v 12.8 70.4 -25.60000000000001
v 64 64 -25.60000000000001
v 64 57.6 -25.60000000000001
v 76.80000000000001 57.6 -25.60000000000001
v 64 70.4 -25.60000000000001
v 64 78.4 -25.600000000000012
v 51.2 70.4 -25.60000000000001
v 51.2 83.2 -25.600000000000012
v 38.400000000000006 70.4 -25.60000000000001
v 38.400000000000006 88 -25.600000000000012
v 25.6 70.4 -25.60000000000001
v 25.6 88 -25.600000000000012
v 51.2 70.4 -25.60000000000001
v 51.2 83.2 -25.600000000000012
v 38.400000000000006 70.4 -25.60000000000001
v 38.400000000000006 88 -25.600000000000012
v 12.8 70.4 -25.60000000000001
v 25.6 70.4 -25.60000000000001
v 0 81.60000000000001 -25.600000000000012
v 25.6 88 -25.600000000000012
vt 0.7421875 0.375
vt 0.7421875 0.4921875
vt 0.6171875 0.4921875
vt 0.7421875 0.4375
vt 0.7421875 0.4921875
vt 0.625 0.4921875
vt 0.625 0.4921875
vt 0.625 0.4140625
vt 0.7421875 0.4921875
vt 0.7421875 0.359375
vt 0.8671875 0.4921875
vt 0.8671875 0.265625
vt 0.9921875 0.4921875
vt 0.9921875 0.265625
vt 0.7421875 0.4921875
vt 0.7421875 0.359375
vt 0.8671875 0.4921875
vt 0.8671875 0.265625
vt 0.6171875 0.4921875
vt 0.5 0.4921875
vt 0.7421875 0.375
vt 0.5 0.265625
vn 0 -1.2246467991473532e-16 -1
vn 0 -1.2246467991473532e-16 -1
vn 0 -1.2246467991473532e-16 -1
vn 0 -1.2246467991473532e-16 -1
vn 0 -1.2246467991473532e-16 -1
vn 0 -1.2246467991473532e-16 -1
vn 0 -1.2246467991473532e-16 -1
vn 0 -1.2246467991473532e-16 -1
vn 0 -1.2246467991473532e-16 -1
vn 0 -1.2246467991473532e-16 -1
vn 0 -1.2246467991473532e-16 -1
vn 0 -1.2246467991473532e-16 -1
vn 0 -1.2246467991473532e-16 -1
vn 0 -1.2246467991473532e-16 -1
vn 0 -1.2246467991473532e-16 -1
vn 0 -1.2246467991473532e-16 -1
vn 0 -1.2246467991473532e-16 -1
vn 0 -1.2246467991473532e-16 -1
vn 0 -1.2246467991473532e-16 -1
vn 0 -1.2246467991473532e-16 -1
vn 0 -1.2246467991473532e-16 -1
vn 0 -1.2246467991473532e-16 -1
f 1651/1651/1651 1650/1650/1650 1649/1649/1649
f 1654/1654/1654 1653/1653/1653 1652/1652/1652
f 1657/1657/1657 1656/1656/1656 1655/1655/1655
f 1656/1656/1656 1657/1657/1657 1658/1658/1658
f 1661/1661/1661 1660/1660/1660 1659/1659/1659
f 1660/1660/1660 1661/1661/1661 1662/1662/1662
f 1665/1665/1665 1664/1664/1664 1663/1663/1663
f 1664/1664/1664 1665/1665/1665 1666/1666/1666
f 1669/1669/1669 1668/1668/1668 1667/1667/1667
f 1668/1668/1668 1669/1669/1669 1670/1670/1670
o mesh_24
usemtl mat12
v 64 64 -25.60000000000001
v 64 70.4 -25.60000000000001
v 51.2 70.4 -25.60000000000001
v 25.6 57.6 -25.60000000000001
v 38.400000000000006 57.6 -25.60000000000001
v 25.6 70.4 -25.60000000000001
v 38.400000000000006 70.4 -25.60000000000001
v 51.2 57.6 -25.60000000000001
v 51.2 70.4 -25.60000000000001
v 38.400000000000006 57.6 -25.60000000000001
v 38.400000000000006 70.4 -25.60000000000001
v 51.2 70.4 -25.60000000000001
v 51.2 57.6 -25.60000000000001
v 64 64 -25.60000000000001
v 64 57.6 -25.60000000000001
vt 0.125 0.9375
vt 0.125 0.875
vt 0.25 0.875
vt 0.4921875 0.9921875
vt 0.375 0.9921875
vt 0.4921875 0.875
vt 0.375 0.875
vt 0.25 0.9921875
vt 0.25 0.875
vt 0.375 0.9921875
vt 0.375 0.875
vt 0.25 0.875
vt 0.25 0.9921875
vt 0.125 0.9375
vt 0.125 0.9921875
vn 0 -1.2246467991473532e-16 -1
vn 0 -1.2246467991473532e-16 -1
vn 0 -1.2246467991473532e-16 -1
vn 0 -1.2246467991473532e-16 -1
vn 0 -1.2246467991473532e-16 -1
vn 0 -1.2246467991473532e-16 -1
vn 0 -1.2246467991473532e-16 -1
vn 0 -1.2246467991473532e-16 -1
vn 0 -1.2246467991473532e-16 -1
vn 0 -1.2246467991473532e-16 -1
vn 0 -1.2246467991473532e-16 -1
vn 0 -1.2246467991473532e-16 -1
vn 0 -1.2246467991473532e-16 -1
vn 0 -1.2246467991473532e-16 -1
vn 0 -1.2246467991473532e-16 -1
f 1673/1673/1673 1672/1672/1672 1671/1671/1671
f 1676/1676/1676 1675/1675/1675 1674/1674/1674
f 1675/1675/1675 1676/1676/1676 1677/1677/1677
f 1680/1680/1680 1679/1679/1679 1678/1678/1678
f 1679/1679/1679 1680/1680/1680 1681/1681/1681
f 1684/1684/1684 1683/1683/1683 1682/1682/1682
f 1683/1683/1683 1684/1684/1684 1685/1685/1685
o mesh_25
usemtl mat7
v 52.800000000000004 38.400000000000006 -22.400000000000006
v 54.400000000000006 38.400000000000006 -25.600000000000005
v 51.2 42.400000000000006 -25.600000000000005
v 36.800000000000004 38.400000000000006 -22.400000000000006
v 38.400000000000006 38.400000000000006 -22.400000000000006
v 38.400000000000006 42.400000000000006 -25.600000000000005
v 38.400000000000006 42.400000000000006 -25.600000000000005
v 35.2 38.400000000000006 -25.600000000000005
v 36.800000000000004 38.400000000000006 -22.400000000000006
v 51.2 42.400000000000006 -25.600000000000005
v 51.2 38.400000000000006 -22.400000000000006
v 52.800000000000004 38.400000000000006 -22.400000000000006
v 64 19.2 -25.600000000000005
v 64 31.999999999999996 -25.600000000000005
v 55.2 31.999999999999996 -25.600000000000005
v 25.6 19.2 -25.600000000000005
v 34.4 31.999999999999996 -25.600000000000005
v 25.6 31.999999999999996 -25.600000000000005
v 51.2 31.999999999999996 -22.400000000000006
v 51.2 32 -12.800000000000004
v 51.2 19.200000000000003 -12.800000000000002
v 38.400000000000006 19.200000000000003 -12.800000000000002
v 38.400000000000006 32 -12.800000000000004
v 38.400000000000006 31.999999999999996 -22.400000000000006
v 38.400000000000006 31.999999999999996 -22.400000000000006
v 38.400000000000006 31.999999999999996 -25.600000000000005
v 38.400000000000006 19.200000000000003 -12.800000000000002
v 38.400000000000006 19.2 -25.600000000000005
v 51.2 38.400000000000006 -22.400000000000006
v 51.2 42.400000000000006 -25.600000000000005
v 51.2 44.800000000000004 -12.800000000000006
v 51.2 44.800000000000004 -25.60000000000001
v 25.6 57.6 -25.60000000000001
v 25.6 44.800000000000004 -25.60000000000001
v 38.400000000000006 57.6 -25.60000000000001
v 38.400000000000006 44.800000000000004 -25.60000000000001
v 51.2 44.800000000000004 -12.800000000000006
v 51.2 44.800000000000004 -25.60000000000001
v 51.2 57.6 -12.800000000000008
v 51.2 57.6 -25.60000000000001
v 55.2 31.999999999999996 -25.600000000000005
v 51.2 31.999999999999996 -25.600000000000005
v 64 19.2 -25.600000000000005
v 51.2 19.2 -25.600000000000005
v 35.2 38.400000000000006 -25.600000000000005
v 38.400000000000006 42.400000000000006 -25.600000000000005
v 25.6 44.800000000000004 -25.60000000000001
v 38.400000000000006 44.800000000000004 -25.60000000000001
v 52.800000000000004 38.400000000000006 -22.400000000000006
v 51.2 38.400000000000006 -22.400000000000006
v 53.6 31.999999999999996 -22.400000000000006
v 51.2 31.999999999999996 -22.400000000000006
v 36 31.999999999999996 -22.400000000000006
v 38.400000000000006 31.999999999999996 -22.400000000000006
v 36.800000000000004 38.400000000000006 -22.400000000000006
v 38.400000000000006 38.400000000000006 -22.400000000000006
v 53.6 31.999999999999996 -22.400000000000006
v 55.2 31.999999999999996 -25.600000000000005
v 52.800000000000004 38.400000000000006 -22.400000000000006
v 54.400000000000006 38.400000000000006 -25.600000000000005
v 51.2 31.999999999999996 -22.400000000000006
v 51.2 31.999999999999996 -25.600000000000005
v 53.6 31.999999999999996 -22.400000000000006
v 55.2 31.999999999999996 -25.600000000000005
v 34.4 31.999999999999996 -25.600000000000005
v 38.400000000000006 31.999999999999996 -25.600000000000005
v 36 31.999999999999996 -22.400000000000006
v 38.400000000000006 31.999999999999996 -22.400000000000006
v 25.6 44.800000000000004 -25.60000000000001
v 25.6 31.999999999999996 -25.600000000000005
v 35.2 38.400000000000006 -25.600000000000005
v 34.4 31.999999999999996 -25.600000000000005
v 36.800000000000004 38.400000000000006 -22.400000000000006
v 35.2 38.400000000000006 -25.600000000000005
v 36 31.999999999999996 -22.400000000000006
v 34.4 31.999999999999996 -25.600000000000005
v 51.2 44.800000000000004 -25.60000000000001
v 64 44.800000000000004 -25.60000000000001
v 51.2 57.6 -25.60000000000001
v 64 57.6 -25.60000000000001
v 54.400000000000006 38.400000000000006 -25.600000000000005
v 64 44.800000000000004 -25.60000000000001
v 51.2 42.400000000000006 -25.600000000000005
v 51.2 44.800000000000004 -25.60000000000001
v 55.2 31.999999999999996 -25.600000000000005
v 64 31.999999999999996 -25.600000000000005
v 54.400000000000006 38.400000000000006 -25.600000000000005
v 64 44.800000000000004 -25.60000000000001
v 38.400000000000006 19.2 -25.600000000000005
v 38.400000000000006 31.999999999999996 -25.600000000000005
v 25.6 19.2 -25.600000000000005
v 34.4 31.999999999999996 -25.600000000000005
v 38.400000000000006 57.6 -12.800000000000008
v 38.400000000000006 57.6 -25.60000000000001
v 38.400000000000006 44.800000000000004 -12.800000000000006
v 38.400000000000006 44.800000000000004 -25.60000000000001
v 38.400000000000006 44.800000000000004 -12.800000000000006
v 38.400000000000006 44.800000000000004 -25.60000000000001
v 38.400000000000006 38.400000000000006 -22.400000000000006
v 38.400000000000006 42.400000000000006 -25.600000000000005
v 51.2 19.200000000000003 -12.800000000000002
v 51.2 19.2 -25.600000000000005
v 51.2 31.999999999999996 -22.400000000000006
v 51.2 31.999999999999996 -25.600000000000005
v 51.2 44.800000000000004 -12.800000000000006
v 51.2 57.6 -12.800000000000008
v 38.400000000000006 44.800000000000004 -12.800000000000006
v 38.400000000000006 57.6 -12.800000000000008
v 38.400000000000006 38.400000000000006 -22.400000000000006
v 38.400000000000006 31.999999999999996 -22.400000000000006
v 38.400000000000006 44.800000000000004 -12.800000000000006
v 38.400000000000006 32 -12.800000000000004
v 51.2 44.800000000000004 -12.800000000000006
v 51.2 32 -12.800000000000004
v 51.2 38.400000000000006 -22.400000000000006
v 51.2 31.999999999999996 -22.400000000000006
v 38.400000000000006 19.200000000000003 -12.800000000000002
v 38.400000000000006 19.200000000000003 -2.3513218543629185e-15
v 38.400000000000006 32 -12.800000000000004
v 38.400000000000006 32 -3.91886975727153e-15
v 38.400000000000006 32 -12.800000000000004
v 38.400000000000006 32 -3.91886975727153e-15
v 38.400000000000006 44.800000000000004 -12.800000000000006
v 38.400000000000006 44.800000000000004 -5.486417660180143e-15
v 51.2 32 -12.800000000000004
v 51.2 32 -3.91886975727153e-15
v 51.2 19.200000000000003 -12.800000000000002
v 51.2 19.200000000000003 -2.3513218543629185e-15
v 51.2 44.800000000000004 -12.800000000000006
v 51.2 44.800000000000004 -5.486417660180143e-15
v 51.2 32 -12.800000000000004
v 51.2 32 -3.91886975727153e-15
vt 0.75 0.8125
vt 0.71875 0.8125
vt 0.75 0.7734375
vt 0.875 0.8125
vt 0.84375 0.8125
vt 0.875 0.7734375
vt 0.875 0.7734375
vt 0.90625 0.8125
vt 0.875 0.8125
vt 0.75 0.7734375
vt 0.78125 0.8125
vt 0.75 0.8125
vt 0.625 0.9921875
vt 0.625 0.875
vt 0.71875 0.875
vt 0.9921875 0.9921875
vt 0.90625 0.875
vt 0.9921875 0.875
vt 0.78125 0.875
vt 0.875 0.875
vt 0.875 0.9921875
vt 0.75 0.9921875
vt 0.75 0.875
vt 0.84375 0.875
vt 0.84375 0.875
vt 0.875 0.875
vt 0.75 0.9921875
vt 0.875 0.9921875
vt 0.78125 0.8125
vt 0.75 0.7734375
vt 0.875 0.75
vt 0.75 0.75
vt 0.9921875 0.625
vt 0.9921875 0.75
vt 0.875 0.625
vt 0.875 0.75
vt 0.875 0.75
vt 0.75 0.75
vt 0.8671875 0.625
vt 0.75 0.625
vt 0.71875 0.875
vt 0.75 0.875
vt 0.625 0.9921875
vt 0.75 0.9921875
vt 0.90625 0.8125
vt 0.875 0.7734375
vt 0.9921875 0.75
vt 0.875 0.75
vt 0.75 0.8125
vt 0.78125 0.8125
vt 0.75 0.875
vt 0.78125 0.875
vt 0.875 0.875
vt 0.84375 0.875
vt 0.875 0.8125
vt 0.84375 0.8125
vt 0.75 0.875
vt 0.71875 0.875
vt 0.75 0.8125
vt 0.71875 0.8125
vt 0.75 0.875
vt 0.75 0.875
vt 0.71875 0.875
vt 0.703125 0.875
vt 0.90625 0.875
vt 0.875 0.875
vt 0.890625 0.875
vt 0.875 0.875
vt 0.9921875 0.75
vt 0.9921875 0.875
vt 0.90625 0.8125
vt 0.90625 0.875
vt 0.875 0.8125
vt 0.90625 0.8125
vt 0.875 0.875
vt 0.90625 0.875
vt 0.75 0.75
vt 0.625 0.75
vt 0.75 0.625
vt 0.625 0.625
vt 0.71875 0.8125
vt 0.625 0.75
vt 0.75 0.7734375
vt 0.75 0.75
vt 0.71875 0.875
vt 0.625 0.875
vt 0.71875 0.8125
vt 0.625 0.75
vt 0.875 0.9921875
vt 0.875 0.875
vt 0.9921875 0.9921875
vt 0.90625 0.875
vt 0.75 0.625
vt 0.875 0.625
vt 0.75 0.75
vt 0.875 0.75
vt 0.75 0.75
vt 0.875 0.75
vt 0.84375 0.8125
vt 0.875 0.7734375
vt 0.875 0.9921875
vt 0.75 0.9921875
vt 0.78125 0.875
vt 0.75 0.875
vt 0.75 0.8671875
vt 0.75 0.75
vt 0.8671875 0.8671875
vt 0.8671875 0.75
vt 0.84375 0.8125
vt 0.84375 0.875
vt 0.75 0.75
vt 0.75 0.875
vt 0.875 0.75
vt 0.875 0.875
vt 0.78125 0.8125
vt 0.78125 0.875
vt 0.75 0.9921875
vt 0.625 0.9921875
vt 0.75 0.875
vt 0.625 0.875
vt 0.75 0.875
vt 0.625 0.875
vt 0.75 0.75
vt 0.625 0.75
vt 0.875 0.875
vt 0.9921875 0.875
vt 0.875 0.9921875
vt 0.9921875 0.9921875
vt 0.875 0.75
vt 0.9921875 0.75
vt 0.875 0.875
vt 0.9921875 0.875
vn -0.7273929724992039 -0.5819143660784342 -0.3636964862496018
vn -0.7273929724992039 -0.5819143660784342 -0.3636964862496018
vn -0.7273929724992039 -0.5819143660784342 -0.3636964862496018
vn 0 -0.6246950475544244 -0.7808688094430303
vn 0 -0.6246950475544244 -0.7808688094430303
vn 0 -0.6246950475544244 -0.7808688094430303
vn 0.7273929724992039 -0.5819143660784342 -0.3636964862496018
vn 0.7273929724992039 -0.5819143660784342 -0.3636964862496018
vn 0.7273929724992039 -0.5819143660784342 -0.3636964862496018
vn 0 -0.6246950475544244 -0.7808688094430303
vn 0 -0.6246950475544244 -0.7808688094430303
vn 0 -0.6246950475544244 -0.7808688094430303
vn 0 -1.2246467991473532e-16 -1
vn 0 -1.2246467991473532e-16 -1
vn 0 -1.2246467991473532e-16 -1
vn 0 -1.2246467991473532e-16 -1
vn 0 -1.2246467991473532e-16 -1
vn 0 -1.2246467991473532e-16 -1
vn -1 0 0
vn -1 0 0
vn -1 0 0
vn 1 0 0
vn 1 0 0
vn 1 0 0
vn 1 0 0
vn 1 0 0
vn 1 0 0
vn 1 0 0
vn -1 0 0
vn -1 0 0
vn -1 0 0
vn -1 0 0
vn 0 -1.2246467991473532e-16 -1
vn 0 -1.2246467991473532e-16 -1
vn 0 -1.2246467991473532e-16 -1
vn 0 -1.2246467991473532e-16 -1
vn -1 0 0
vn -1 0 0
vn -1 0 0
vn -1 0 0
vn 0 -1.2246467991473532e-16 -1
vn 0 -1.2246467991473532e-16 -1
vn 0 -1.2246467991473532e-16 -1
vn 0 -1.2246467991473532e-16 -1
vn 0 -1.2246467991473532e-16 -1
vn 0 -1.2246467991473532e-16 -1
vn 0 -1.2246467991473532e-16 -1
vn 0 -1.2246467991473532e-16 -1
vn 0 -1.2246467991473532e-16 -1
vn 0 -1.2246467991473532e-16 -1
vn 0 -1.2246467991473532e-16 -1
vn 0 -1.2246467991473532e-16 -1
vn 0 -1.2246467991473532e-16 -1
vn 0 -1.2246467991473532e-16 -1
vn 0 -1.2246467991473532e-16 -1
vn 0 -1.2246467991473532e-16 -1
vn -0.888888888888889 -0.11111111111111116 -0.4444444444444445
vn -0.888888888888889 -0.11111111111111116 -0.4444444444444445
vn -0.888888888888889 -0.11111111111111116 -0.4444444444444445
vn -0.888888888888889 -0.11111111111111116 -0.4444444444444445
vn 0 1 -1.2246467991473532e-16
vn 0 1 -1.2246467991473532e-16
vn 0 1 -1.2246467991473532e-16
vn 0 1 -1.2246467991473532e-16
vn 0 1 -1.2246467991473532e-16
vn 0 1 -1.2246467991473532e-16
vn 0 1 -1.2246467991473532e-16
vn 0 1 -1.2246467991473532e-16
vn 0 -1.2246467991473532e-16 -1
vn 0 -1.2246467991473532e-16 -1
vn 0 -1.2246467991473532e-16 -1
vn 0 -1.2246467991473532e-16 -1
vn 0.888888888888889 -0.11111111111111116 -0.4444444444444445
vn 0.888888888888889 -0.11111111111111116 -0.4444444444444445
vn 0.888888888888889 -0.11111111111111116 -0.4444444444444445
vn 0.888888888888889 -0.11111111111111116 -0.4444444444444445
vn 0 -1.2246467991473532e-16 -1
vn 0 -1.2246467991473532e-16 -1
vn 0 -1.2246467991473532e-16 -1
vn 0 -1.2246467991473532e-16 -1
vn 0 -1.2246467991473532e-16 -1
vn 0 -1.2246467991473532e-16 -1
vn 0 -1.2246467991473532e-16 -1
vn 0 -1.2246467991473532e-16 -1
vn 0 -1.2246467991473532e-16 -1
vn 0 -1.2246467991473532e-16 -1
vn 0 -1.2246467991473532e-16 -1
vn 0 -1.2246467991473532e-16 -1
vn 0 -1.2246467991473532e-16 -1
vn 0 -1.2246467991473532e-16 -1
vn 0 -1.2246467991473532e-16 -1
vn 0 -1.2246467991473532e-16 -1
vn 1 0 0
vn 1 0 0
vn 1 0 0
vn 1 0 0
vn 1 0 0
vn 1 0 0
vn 1 0 0
vn 1 0 0
vn -1 0 0
vn -1 0 0
vn -1 0 0
vn -1 0 0
vn 0 -1.2246467991473532e-16 -1
vn 0 -1.2246467991473532e-16 -1
vn 0 -1.2246467991473532e-16 -1
vn 0 -1.2246467991473532e-16 -1
vn 1 0 0
vn 1 0 0
vn 1 0 0
vn 1 0 0
vn -1 0 0
vn -1 0 0
vn -1 0 0
vn -1 0 0
vn 1 0 0
vn 1 0 0
vn 1 0 0
vn 1 0 0
vn 1 0 0
vn 1 0 0
vn 1 0 0
vn 1 0 0
vn -1 0 0
vn -1 0 0
vn -1 0 0
vn -1 0 0
vn -1 0 0
vn -1 0 0
vn -1 0 0
vn -1 0 0
f 1688/1688/1688 1687/1687/1687 1686/1686/1686
f 1691/1691/1691 1690/1690/1690 1689/1689/1689
f 1694/1694/1694 1693/1693/1693 1692/1692/1692
f 1697/1697/1697 1696/1696/1696 1695/1695/1695
f 1700/1700/1700 1699/1699/1699 1698/1698/1698
f 1703/1703/1703 1702/1702/1702 1701/1701/1701
f 1706/1706/1706 1705/1705/1705 1704/1704/1704
f 1709/1709/1709 1708/1708/1708 1707/1707/1707
f 1712/1712/1712 1711/1711/1711 1710/1710/1710
f 1711/1711/1711 1712/1712/1712 1713/1713/1713
f 1716/1716/1716 1715/1715/1715 1714/1714/1714
f 1715/1715/1715 1716/1716/1716 1717/1717/1717
f 1720/1720/1720 1719/1719/1719 1718/1718/1718
f 1719/1719/1719 1720/1720/1720 1721/1721/1721
f 1724/1724/1724 1723/1723/1723 1722/1722/1722
f 1723/1723/1723 1724/1724/1724 1725/1725/1725
f 1728/1728/1728 1727/1727/1727 1726/1726/1726
f 1727/1727/1727 1728/1728/1728 1729/1729/1729
f 1732/1732/1732 1731/1731/1731 1730/1730/1730
f 1731/1731/1731 1732/1732/1732 1733/1733/1733
f 1736/1736/1736 1735/1735/1735 1734/1734/1734
f 1735/1735/1735 1736/1736/1736 1737/1737/1737
f 1740/1740/1740 1739/1739/1739 1738/1738/1738
f 1739/1739/1739 1740/1740/1740 1741/1741/1741
f 1744/1744/1744 1743/1743/1743 1742/1742/1742
f 1743/1743/1743 1744/1744/1744 1745/1745/1745
f 1748/1748/1748 1747/1747/1747 1746/1746/1746
f 1747/1747/1747 1748/1748/1748 1749/1749/1749
f 1752/1752/1752 1751/1751/1751 1750/1750/1750
f 1751/1751/1751 1752/1752/1752 1753/1753/1753
f 1756/1756/1756 1755/1755/1755 1754/1754/1754
f 1755/1755/1755 1756/1756/1756 1757/1757/1757
f 1760/1760/1760 1759/1759/1759 1758/1758/1758
f 1759/1759/1759 1760/1760/1760 1761/1761/1761
f 1764/1764/1764 1763/1763/1763 1762/1762/1762
f 1763/1763/1763 1764/1764/1764 1765/1765/1765
f 1768/1768/1768 1767/1767/1767 1766/1766/1766
f 1767/1767/1767 1768/1768/1768 1769/1769/1769
f 1772/1772/1772 1771/1771/1771 1770/1770/1770
f 1771/1771/1771 1772/1772/1772 1773/1773/1773
f 1776/1776/1776 1775/1775/1775 1774/1774/1774
f 1775/1775/1775 1776/1776/1776 1777/1777/1777
f 1780/1780/1780 1779/1779/1779 1778/1778/1778
f 1779/1779/1779 1780/1780/1780 1781/1781/1781
f 1784/1784/1784 1783/1783/1783 1782/1782/1782
f 1783/1783/1783 1784/1784/1784 1785/1785/1785
f 1788/1788/1788 1787/1787/1787 1786/1786/1786
f 1787/1787/1787 1788/1788/1788 1789/1789/1789
f 1792/1792/1792 1791/1791/1791 1790/1790/1790
f 1791/1791/1791 1792/1792/1792 1793/1793/1793
f 1796/1796/1796 1795/1795/1795 1794/1794/1794
f 1795/1795/1795 1796/1796/1796 1797/1797/1797
f 1800/1800/1800 1799/1799/1799 1798/1798/1798
f 1799/1799/1799 1800/1800/1800 1801/1801/1801
f 1804/1804/1804 1803/1803/1803 1802/1802/1802
f 1803/1803/1803 1804/1804/1804 1805/1805/1805
f 1808/1808/1808 1807/1807/1807 1806/1806/1806
f 1807/1807/1807 1808/1808/1808 1809/1809/1809
f 1812/1812/1812 1811/1811/1811 1810/1810/1810
f 1811/1811/1811 1812/1812/1812 1813/1813/1813
f 1816/1816/1816 1815/1815/1815 1814/1814/1814
f 1815/1815/1815 1816/1816/1816 1817/1817/1817
o mesh_26
usemtl mat9
v 25.6 57.6 -25.60000000000001
v 25.6 70.4 -25.60000000000001
v 12.8 70.4 -25.60000000000001
v 25.6 31.999999999999996 -25.600000000000005
v 25.6 44.800000000000004 -25.60000000000001
v 12.8 31.999999999999996 -25.600000000000005
v 12.8 44.800000000000004 -25.60000000000001
v 0 31.999999999999996 -25.600000000000005
v 0 19.2 -25.600000000000005
v 12.8 31.999999999999996 -25.600000000000005
v 12.8 19.2 -25.600000000000005
v 12.8 70.4 -25.60000000000001
v 12.8 44.800000000000004 -25.60000000000001
v 25.6 57.6 -25.60000000000001
v 25.6 44.800000000000004 -25.60000000000001
v 12.8 31.999999999999996 -25.600000000000005
v 12.8 19.2 -25.600000000000005
v 25.6 31.999999999999996 -25.600000000000005
v 25.6 19.2 -25.600000000000005
v 12.8 31.999999999999996 -25.600000000000005
v 12.8 44.800000000000004 -25.60000000000001
v 0 31.999999999999996 -25.600000000000005
v 0 44.800000000000004 -25.60000000000001
v 0 44.800000000000004 -25.60000000000001
v 12.8 44.800000000000004 -25.60000000000001
v 0 70.4 -25.60000000000001
v 12.8 70.4 -25.60000000000001
vt 0 0.125
vt 0 0
vt 0.125 0
vt 0 0.375
vt 0 0.25
vt 0.125 0.375
vt 0.125 0.25
vt 0.2421875 0.375
vt 0.2421875 0.4921875
vt 0.125 0.375
vt 0.125 0.4921875
vt 0.125 0
vt 0.125 0.25
vt 0 0.125
vt 0 0.25
vt 0.125 0.375
vt 0.125 0.4921875
vt 0 0.375
vt 0 0.4921875
vt 0.125 0.375
vt 0.125 0.25
vt 0.2421875 0.375
vt 0.2421875 0.25
vt 0.2421875 0.25
vt 0.125 0.25
vt 0.2421875 0
vt 0.125 0
vn 0 -1.2246467991473532e-16 -1
vn 0 -1.2246467991473532e-16 -1
vn 0 -1.2246467991473532e-16 -1
vn 0 -1.2246467991473532e-16 -1
vn 0 -1.2246467991473532e-16 -1
vn 0 -1.2246467991473532e-16 -1
vn 0 -1.2246467991473532e-16 -1
vn 0 -1.2246467991473532e-16 -1
vn 0 -1.2246467991473532e-16 -1
vn 0 -1.2246467991473532e-16 -1
vn 0 -1.2246467991473532e-16 -1
vn 0 -1.2246467991473532e-16 -1
vn 0 -1.2246467991473532e-16 -1
vn 0 -1.2246467991473532e-16 -1
vn 0 -1.2246467991473532e-16 -1
vn 0 -1.2246467991473532e-16 -1
vn 0 -1.2246467991473532e-16 -1
vn 0 -1.2246467991473532e-16 -1
vn 0 -1.2246467991473532e-16 -1
vn 0 -1.2246467991473532e-16 -1
vn 0 -1.2246467991473532e-16 -1
vn 0 -1.2246467991473532e-16 -1
vn 0 -1.2246467991473532e-16 -1
vn 0 -1.2246467991473532e-16 -1
vn 0 -1.2246467991473532e-16 -1
vn 0 -1.2246467991473532e-16 -1
vn 0 -1.2246467991473532e-16 -1
f 1820/1820/1820 1819/1819/1819 1818/1818/1818
f 1823/1823/1823 1822/1822/1822 1821/1821/1821
f 1822/1822/1822 1823/1823/1823 1824/1824/1824
f 1827/1827/1827 1826/1826/1826 1825/1825/1825
f 1826/1826/1826 1827/1827/1827 1828/1828/1828
f 1831/1831/1831 1830/1830/1830 1829/1829/1829
f 1830/1830/1830 1831/1831/1831 1832/1832/1832
f 1835/1835/1835 1834/1834/1834 1833/1833/1833
f 1834/1834/1834 1835/1835/1835 1836/1836/1836
f 1839/1839/1839 1838/1838/1838 1837/1837/1837
f 1838/1838/1838 1839/1839/1839 1840/1840/1840
f 1843/1843/1843 1842/1842/1842 1841/1841/1841
f 1842/1842/1842 1843/1843/1843 1844/1844/1844
o mesh_27
usemtl mat11
v 0 51.19999999999998 -188
v 0 55.19999999999998 -185.60000000000002
v 0 57.59999999999998 -192
v 0 57.59999999999998 -179.20000000000002
v 0 55.19999999999998 -185.60000000000002
v 0 51.19999999999998 -183.20000000000002
v 0 57.59999999999998 -192
v 0 55.19999999999998 -185.60000000000002
v 0 57.59999999999998 -179.20000000000002
v 0 44.79999999999998 -188.8
v 0 44.79999999999998 -192
v 0 31.999999999999975 -192
v 0 31.99999999999997 -217.60000000000002
v 0 25.599999999999973 -217.60000000000002
v 0 31.999999999999975 -204.8
v 0 70.4 -51.20000000000001
v 0 70.39999999999999 -64.00000000000001
v 0 57.599999999999994 -64
v 0 83.19999999999999 -115.20000000000002
v 0 70.39999999999999 -115.20000000000002
v 0 70.39999999999999 -102.40000000000002
v 0 31.99999999999998 -179.20000000000002
v 0 44.79999999999998 -179.20000000000002
v 0 44.79999999999998 -182.4
v 0 70.39999999999999 -131.20000000000002
v 0 70.39999999999999 -140.8
v 0 63.999999999999986 -140.8
v 0 63.999999999999986 -115.20000000000002
v 0 70.39999999999999 -115.20000000000002
v 0 70.39999999999999 -124.80000000000003
v 0 70.39999999999999 -102.40000000000002
v 0 70.39999999999999 -115.20000000000002
v 0 63.999999999999986 -115.20000000000002
v 0 57.59999999999999 -115.2
v 0 44.79999999999999 -115.2
v 0 44.79999999999999 -102.4
v 0 70.39999999999998 -192
v 0 70.39999999999998 -179.20000000000002
v 8 87.99999999999997 -192
v 8 87.99999999999997 -179.20000000000002
v 0 31.999999999999993 -64
v 0 19.199999999999996 -64
v 0 31.999999999999993 -51.20000000000001
v 0 19.199999999999996 -51.2
v 0 51.19999999999998 -183.20000000000002
v 0 44.79999999999998 -182.4
v 0 57.59999999999998 -179.20000000000002
v 0 44.79999999999998 -179.20000000000002
v 0 31.99999999999998 -179.20000000000002
v 0 31.999999999999975 -192
v 0 25.59999999999998 -179.20000000000002
v 0 25.599999999999977 -192
v 0 44.79999999999998 -182.4
v 0 44.79999999999998 -188.8
v 0 31.99999999999998 -179.20000000000002
v 0 31.999999999999975 -192
v 0 70.39999999999999 -64.00000000000001
v 0 70.4 -51.20000000000001
v 0 95.99999999999999 -64.00000000000001
v 0 94.4 -51.20000000000002
v 0 31.999999999999993 -51.20000000000001
v 0 44.8 -51.20000000000001
v 0 31.999999999999993 -64
v 0 44.8 -64
v 0 31.999999999999993 -51.20000000000001
v 0 19.199999999999996 -51.2
v 0 31.999999999999996 -38.40000000000001
v 0 19.2 -38.400000000000006
v 0 31.999999999999986 -102.4
v 0 19.19999999999999 -102.4
v 0 31.99999999999999 -89.60000000000001
v 0 19.199999999999992 -89.60000000000001
v 0 31.99999999999999 -89.60000000000001
v 0 19.199999999999992 -89.60000000000001
v 0 31.99999999999999 -76.80000000000001
v 0 19.199999999999992 -76.80000000000001
v 0 31.999999999999996 -38.40000000000001
v 0 19.2 -38.400000000000006
v 0 31.999999999999996 -25.600000000000005
v 0 19.2 -25.600000000000005
v 0 31.99999999999999 -76.80000000000001
v 0 19.199999999999992 -76.80000000000001
v 0 31.999999999999993 -64
v 0 19.199999999999996 -64
v 0 51.19999999999998 -188
v 0 57.59999999999998 -192
v 0 44.79999999999998 -188.8
v 0 44.79999999999998 -192
v 0 31.999999999999986 -102.4
v 0 44.79999999999999 -102.4
v 0 31.999999999999986 -115.2
v 0 44.79999999999999 -115.2
v 0 63.999999999999986 -140.8
v 0 63.999999999999986 -128
v 0 70.39999999999999 -131.20000000000002
v 0 70.39999999999999 -128
v 0 70.39999999999999 -124.80000000000003
v 0 70.39999999999999 -128
v 0 63.999999999999986 -115.20000000000002
v 0 63.999999999999986 -128
v 0 31.99999999999998 -179.20000000000002
v 0 25.59999999999998 -179.20000000000002
v 0 31.99999999999998 -166.4
v 0 25.59999999999998 -166.4
v 0 57.59999999999998 -179.20000000000002
v 0 70.39999999999998 -179.20000000000002
v 0 57.59999999999998 -192
v 0 70.39999999999998 -192
v 0 31.999999999999986 -115.2
v 0 19.19999999999999 -115.2
v 0 31.999999999999986 -102.4
v 0 19.19999999999999 -102.4
v 0 12.79999999999997 -243.20000000000002
v 0 -2.9783410155263633e-14 -243.20000000000002
v 0 12.799999999999972 -230.4
v 0 -2.821586225235502e-14 -230.4
v 0 12.799999999999972 -230.4
v 0 -2.821586225235502e-14 -230.4
v 0 12.799999999999974 -217.60000000000002
v 0 -2.6648314349446407e-14 -217.60000000000002
v 0 31.99999999999998 -166.4
v 0 25.59999999999998 -166.4
v 0 31.999999999999982 -153.60000000000002
v 0 25.599999999999984 -153.60000000000002
v 0 19.199999999999978 -204.8
v 0 31.999999999999975 -204.8
v 0 19.199999999999974 -217.60000000000002
v 0 25.599999999999973 -217.60000000000002
vt 0.703125 0.8046875
vt 0.6796875 0.765625
vt 0.7421875 0.75
vt 0.625 0.75
vt 0.6796875 0.765625
vt 0.65625 0.8046875
vt 0.7421875 0.75
vt 0.6796875 0.765625
vt 0.625 0.75
vt 0.7109375 0.8671875
vt 0.7421875 0.8671875
vt 0.7421875 0.9921875
vt 0.8671875 0.875
vt 0.8671875 0.9375
vt 0.75 0.875
vt 0.5 0.5
vt 0.6171875 0.5
vt 0.6171875 0.625
vt 0.7421875 0.625
vt 0.7421875 0.7421875
vt 0.625 0.7421875
vt 0.625 0.9921875
vt 0.625 0.8671875
vt 0.6484375 0.8671875
vt 0.78125 0.875
vt 0.8671875 0.875
vt 0.8671875 0.9296875
vt 0.875 0.9296875
vt 0.875 0.875
vt 0.96875 0.875
vt 0.5 0.5
vt 0.6171875 0.5
vt 0.6171875 0.5625
vt 0.6171875 0.625
vt 0.6171875 0.75
vt 0.5 0.75
vt 0.7421875 0.7421875
vt 0.625 0.7421875
vt 0.7421875 0.5859375
vt 0.625 0.5859375
vt 0.6171875 0.875
vt 0.6171875 0.9921875
vt 0.5 0.875
vt 0.5 0.9921875
vt 0.65625 0.8046875
vt 0.6484375 0.8671875
vt 0.625 0.75
vt 0.625 0.8671875
vt 0.5 0.875
vt 0.6171875 0.875
vt 0.5 0.9375
vt 0.6171875 0.9375
vt 0.6484375 0.8671875
vt 0.7109375 0.8671875
vt 0.625 0.9921875
vt 0.7421875 0.9921875
vt 0.7421875 0.7421875
vt 0.625 0.7421875
vt 0.7421875 0.5
vt 0.625 0.5
vt 0.5 0.875
vt 0.5 0.75
vt 0.6171875 0.875
vt 0.6171875 0.75
vt 0.9921875 0.75
vt 0.9921875 0.8671875
vt 0.875 0.75
vt 0.875 0.8671875
vt 0.8671875 0.75
vt 0.8671875 0.8671875
vt 0.75 0.75
vt 0.75 0.8671875
vt 0.9921875 0.75
vt 0.9921875 0.8671875
vt 0.875 0.75
vt 0.875 0.8671875
vt 0.875 0.75
vt 0.875 0.8671875
vt 0.75 0.75
vt 0.75 0.8671875
vt 0.875 0.75
vt 0.875 0.8671875
vt 0.75 0.75
vt 0.75 0.8671875
vt 0.703125 0.8046875
vt 0.7421875 0.75
vt 0.7109375 0.8671875
vt 0.7421875 0.8671875
vt 0.5 0.8671875
vt 0.5 0.75
vt 0.6171875 0.8671875
vt 0.6171875 0.75
vt 0.8671875 0.9296875
vt 0.75 0.9296875
vt 0.78125 0.875
vt 0.75 0.875
vt 0.96875 0.875
vt 0.9921875 0.875
vt 0.875 0.9296875
vt 0.9921875 0.9296875
vt 0.9921875 0.75
vt 0.9921875 0.796875
vt 0.875 0.75
vt 0.875 0.796875
vt 0.5 0.625
vt 0.5 0.5
vt 0.6171875 0.625
vt 0.6171875 0.5
vt 0.6171875 0.875
vt 0.6171875 0.9921875
vt 0.5 0.875
vt 0.5 0.9921875
vt 0.8671875 0.75
vt 0.8671875 0.8671875
vt 0.75 0.75
vt 0.75 0.8671875
vt 0.9921875 0.875
vt 0.9921875 0.9921875
vt 0.875 0.875
vt 0.875 0.9921875
vt 0.875 0.75
vt 0.875 0.796875
vt 0.75 0.75
vt 0.75 0.796875
vt 0.75 0.9921875
vt 0.75 0.875
vt 0.8671875 0.9921875
vt 0.8671875 0.9375
vn 1 0 0
vn 1 0 0
vn 1 0 0
vn 1 0 0
vn 1 0 0
vn 1 0 0
vn 1 0 0
vn 1 0 0
vn 1 0 0
vn 1 0 0
vn 1 0 0
vn 1 0 0
vn 1 0 0
vn 1 0 0
vn 1 0 0
vn 1 0 0
vn 1 0 0
vn 1 0 0
vn 1 0 0
vn 1 0 0
vn 1 0 0
vn 1 0 0
vn 1 0 0
vn 1 0 0
vn 1 0 0
vn 1 0 0
vn 1 0 0
vn 1 0 0
vn 1 0 0
vn 1 0 0
vn 1 0 0
vn 1 0 0
vn 1 0 0
vn 1 0 0
vn 1 0 0
vn 1 0 0
vn 0.9103664744007224 -0.41380295103732534 5.067624594655893e-17
vn 0.9103664744007224 -0.41380295103732534 5.067624594655893e-17
vn 0.9103664744007224 -0.41380295103732534 5.067624594655893e-17
vn 0.9103664744007224 -0.41380295103732534 5.067624594655893e-17
vn 1 0 0
vn 1 0 0
vn 1 0 0
vn 1 0 0
vn 1 0 0
vn 1 0 0
vn 1 0 0
vn 1 0 0
vn 1 0 0
vn 1 0 0
vn 1 0 0
vn 1 0 0
vn 1 0 0
vn 1 0 0
vn 1 0 0
vn 1 0 0
vn 1 0 0
vn 1 0 0
vn 1 0 0
vn 1 0 0
vn 1 0 0
vn 1 0 0
vn 1 0 0
vn 1 0 0
vn 1 0 0
vn 1 0 0
vn 1 0 0
vn 1 0 0
vn 1 0 0
vn 1 0 0
vn 1 0 0
vn 1 0 0
vn 1 0 0
vn 1 0 0
vn 1 0 0
vn 1 0 0
vn 1 0 0
vn 1 0 0
vn 1 0 0
vn 1 0 0
vn 1 0 0
vn 1 0 0
vn 1 0 0
vn 1 0 0
vn 1 0 0
vn 1 0 0
vn 1 0 0
vn 1 0 0
vn 1 0 0
vn 1 0 0
vn 1 0 0
vn 1 0 0
vn 1 0 0
vn 1 0 0
vn 1 0 0
vn 1 0 0
vn 1 0 0
vn 1 0 0
vn 1 0 0
vn 1 0 0
vn 1 0 0
vn 1 0 0
vn 1 0 0
vn 1 0 0
vn 1 0 0
vn 1 0 0
vn 1 0 0
vn 1 0 0
vn 1 0 0
vn 1 0 0
vn 1 0 0
vn 1 0 0
vn 1 0 0
vn 1 0 0
vn 1 0 0
vn 1 0 0
vn 1 0 0
vn 1 0 0
vn 1 0 0
vn 1 0 0
vn 1 0 0
vn 1 0 0
vn 1 0 0
vn 1 0 0
vn 1 0 0
vn 1 0 0
vn 1 0 0
vn 1 0 0
f 1847/1847/1847 1846/1846/1846 1845/1845/1845
f 1850/1850/1850 1849/1849/1849 1848/1848/1848
f 1853/1853/1853 1852/1852/1852 1851/1851/1851
f 1856/1856/1856 1855/1855/1855 1854/1854/1854
f 1859/1859/1859 1858/1858/1858 1857/1857/1857
f 1862/1862/1862 1861/1861/1861 1860/1860/1860
f 1865/1865/1865 1864/1864/1864 1863/1863/1863
f 1868/1868/1868 1867/1867/1867 1866/1866/1866
f 1871/1871/1871 1870/1870/1870 1869/1869/1869
f 1874/1874/1874 1873/1873/1873 1872/1872/1872
f 1877/1877/1877 1876/1876/1876 1875/1875/1875
f 1880/1880/1880 1879/1879/1879 1878/1878/1878
f 1883/1883/1883 1882/1882/1882 1881/1881/1881
f 1882/1882/1882 1883/1883/1883 1884/1884/1884
f 1887/1887/1887 1886/1886/1886 1885/1885/1885
f 1886/1886/1886 1887/1887/1887 1888/1888/1888
f 1891/1891/1891 1890/1890/1890 1889/1889/1889
f 1890/1890/1890 1891/1891/1891 1892/1892/1892
f 1895/1895/1895 1894/1894/1894 1893/1893/1893
f 1894/1894/1894 1895/1895/1895 1896/1896/1896
f 1899/1899/1899 1898/1898/1898 1897/1897/1897
f 1898/1898/1898 1899/1899/1899 1900/1900/1900
f 1903/1903/1903 1902/1902/1902 1901/1901/1901
f 1902/1902/1902 1903/1903/1903 1904/1904/1904
f 1907/1907/1907 1906/1906/1906 1905/1905/1905
f 1906/1906/1906 1907/1907/1907 1908/1908/1908
f 1911/1911/1911 1910/1910/1910 1909/1909/1909
f 1910/1910/1910 1911/1911/1911 1912/1912/1912
f 1915/1915/1915 1914/1914/1914 1913/1913/1913
f 1914/1914/1914 1915/1915/1915 1916/1916/1916
f 1919/1919/1919 1918/1918/1918 1917/1917/1917
f 1918/1918/1918 1919/1919/1919 1920/1920/1920
f 1923/1923/1923 1922/1922/1922 1921/1921/1921
f 1922/1922/1922 1923/1923/1923 1924/1924/1924
f 1927/1927/1927 1926/1926/1926 1925/1925/1925
f 1926/1926/1926 1927/1927/1927 1928/1928/1928
f 1931/1931/1931 1930/1930/1930 1929/1929/1929
f 1930/1930/1930 1931/1931/1931 1932/1932/1932
f 1935/1935/1935 1934/1934/1934 1933/1933/1933
f 1934/1934/1934 1935/1935/1935 1936/1936/1936
f 1939/1939/1939 1938/1938/1938 1937/1937/1937
f 1938/1938/1938 1939/1939/1939 1940/1940/1940
f 1943/1943/1943 1942/1942/1942 1941/1941/1941
f 1942/1942/1942 1943/1943/1943 1944/1944/1944
f 1947/1947/1947 1946/1946/1946 1945/1945/1945
f 1946/1946/1946 1947/1947/1947 1948/1948/1948
f 1951/1951/1951 1950/1950/1950 1949/1949/1949
f 1950/1950/1950 1951/1951/1951 1952/1952/1952
f 1955/1955/1955 1954/1954/1954 1953/1953/1953
f 1954/1954/1954 1955/1955/1955 1956/1956/1956
f 1959/1959/1959 1958/1958/1958 1957/1957/1957
f 1958/1958/1958 1959/1959/1959 1960/1960/1960
f 1963/1963/1963 1962/1962/1962 1961/1961/1961
f 1962/1962/1962 1963/1963/1963 1964/1964/1964
f 1967/1967/1967 1966/1966/1966 1965/1965/1965
f 1966/1966/1966 1967/1967/1967 1968/1968/1968
f 1971/1971/1971 1970/1970/1970 1969/1969/1969
f 1970/1970/1970 1971/1971/1971 1972/1972/1972
o mesh_28
usemtl mat9
v 0 25.599999999999973 -230.4
v 0 25.599999999999973 -217.60000000000002
v 0 31.99999999999997 -217.60000000000002
v 0 95.99999999999999 -102.40000000000002
v 0 70.39999999999999 -102.40000000000002
v 8 87.99999999999999 -102.40000000000002
v 0 57.599999999999994 -76.80000000000001
v 0 70.39999999999999 -76.80000000000003
v 0 70.39999999999999 -89.60000000000002
v 0 44.799999999999976 -217.60000000000002
v 0 51.199999999999974 -217.60000000000002
v 0 51.199999999999974 -230.4
v 0 70.39999999999999 -166.4
v 0 70.39999999999998 -179.20000000000002
v 0 57.59999999999998 -179.20000000000002
v 0 57.59999999999998 -192
v 0 70.39999999999998 -192
v 0 70.39999999999998 -204.8
v 0 51.199999999999974 -217.60000000000002
v 0 44.799999999999976 -217.60000000000002
v 0 44.799999999999976 -204.8
v 0 63.999999999999986 -140.8
v 0 70.39999999999999 -140.8
v 0 70.39999999999999 -153.60000000000002
v 0 12.799999999999974 -217.60000000000002
v 0 19.199999999999974 -217.60000000000002
v 0 12.799999999999972 -230.4
v 0 44.79999999999998 -153.60000000000002
v 0 44.79999999999999 -140.8
v 0 57.59999999999999 -140.8
v 0 31.999999999999996 -25.600000000000005
v 0 44.800000000000004 -25.60000000000001
v 0 31.999999999999996 -38.40000000000001
v 0 44.8 -38.40000000000001
v 0 31.999999999999996 -38.40000000000001
v 0 44.8 -38.40000000000001
v 0 31.999999999999993 -51.20000000000001
v 0 44.8 -51.20000000000001
v 0 31.999999999999993 -64
v 0 44.8 -64
v 0 31.99999999999999 -76.80000000000001
v 0 44.8 -76.80000000000001
v 0 95.99999999999999 -126.40000000000002
v 0 83.19999999999999 -124.80000000000003
v 0 95.99999999999999 -115.20000000000002
v 0 83.19999999999999 -115.20000000000002
v 0 95.99999999999999 -129.6
v 0 95.99999999999999 -140.8
v 0 83.19999999999999 -131.20000000000002
v 0 83.19999999999999 -140.8
v 0 31.99999999999999 -76.80000000000001
v 0 44.8 -76.80000000000001
v 0 31.99999999999999 -89.60000000000001
v 0 44.79999999999999 -89.60000000000001
v 0 31.999999999999975 -204.8
v 0 44.799999999999976 -204.8
v 0 31.99999999999997 -217.60000000000002
v 0 44.799999999999976 -217.60000000000002
v 0 19.199999999999974 -217.60000000000002
v 0 25.599999999999973 -217.60000000000002
v 0 12.799999999999972 -230.4
v 0 25.599999999999973 -230.4
v 0 31.99999999999999 -89.60000000000001
v 0 44.79999999999999 -89.60000000000001
v 0 31.999999999999986 -102.4
v 0 44.79999999999999 -102.4
v 0 12.799999999999972 -230.4
v 0 25.599999999999973 -230.4
v 0 12.79999999999997 -243.20000000000002
v 0 25.599999999999973 -243.20000000000002
v 0 83.19999999999999 -140.8
v 0 70.39999999999999 -140.8
v 0 83.19999999999999 -131.20000000000002
v 0 70.39999999999999 -131.20000000000002
v 0 83.19999999999999 -124.80000000000003
v 0 70.39999999999999 -124.80000000000003
v 0 83.19999999999999 -115.20000000000002
v 0 70.39999999999999 -115.20000000000002
v 0 57.59999999999999 -140.8
v 0 63.999999999999986 -140.8
v 0 44.79999999999998 -153.60000000000002
v 0 70.39999999999999 -153.60000000000002
v 0 57.599999999999994 -64
v 0 70.39999999999999 -64.00000000000001
v 0 57.599999999999994 -76.80000000000001
v 0 70.39999999999999 -76.80000000000003
v 0 31.999999999999982 -153.60000000000002
v 0 44.79999999999998 -153.60000000000002
v 0 31.99999999999998 -166.4
v 0 44.79999999999998 -166.4
v 0 31.99999999999998 -166.4
v 0 44.79999999999998 -166.4
v 0 31.99999999999998 -179.20000000000002
v 0 44.79999999999998 -179.20000000000002
v 0 31.999999999999975 -192
v 0 44.79999999999998 -192
v 0 31.999999999999975 -204.8
v 0 44.799999999999976 -204.8
vt 0.375 0.25
vt 0.25 0.25
vt 0.25 0.1875
vt 0.4921875 0.1328125
vt 0.4921875 0.3671875
vt 0.4296875 0.21875
vt 0.25 0.125
vt 0.25 0
vt 0.375 0
vt 0.25 0.0625
vt 0.25 0
vt 0.375 0
vt 0.375 0
vt 0.4921875 0
vt 0.4921875 0.125
vt 0 0.125
vt 0 0
vt 0.125 0
vt 0.2421875 0.1875
vt 0.2421875 0.25
vt 0.125 0.25
vt 0.125 0.0625
vt 0.125 0
vt 0.25 0
vt 0.25 0.375
vt 0.25 0.3125
vt 0.375 0.375
vt 0.25 0.25
vt 0.125 0.25
vt 0.125 0.0625
vt 0 0.375
vt 0 0.25
vt 0.125 0.375
vt 0.125 0.25
vt 0.125 0.375
vt 0.125 0.25
vt 0.2421875 0.375
vt 0.2421875 0.25
vt 0.125 0.375
vt 0.125 0.25
vt 0.25 0.375
vt 0.25 0.25
vt 0.359375 0.125
vt 0.34375 0.25
vt 0.25 0.125
vt 0.25 0.25
vt 0.390625 0.125
vt 0.4921875 0.125
vt 0.40625 0.25
vt 0.4921875 0.25
vt 0.25 0.375
vt 0.25 0.25
vt 0.375 0.375
vt 0.375 0.25
vt 0.125 0.375
vt 0.125 0.25
vt 0.2421875 0.375
vt 0.2421875 0.25
vt 0.25 0.3125
vt 0.25 0.25
vt 0.375 0.375
vt 0.375 0.25
vt 0.375 0.375
vt 0.375 0.25
vt 0.4921875 0.375
vt 0.4921875 0.25
vt 0.375 0.375
vt 0.375 0.25
vt 0.4921875 0.375
vt 0.4921875 0.25
vt 0.4921875 0.25
vt 0.4921875 0.375
vt 0.40625 0.25
vt 0.40625 0.375
vt 0.34375 0.25
vt 0.34375 0.375
vt 0.25 0.25
vt 0.25 0.375
vt 0.125 0.0625
vt 0.125 0.0625
vt 0.25 0.25
vt 0.25 0
vt 0.125 0.125
vt 0.125 0
vt 0.25 0.125
vt 0.25 0
vt 0.25 0.3671875
vt 0.25 0.25
vt 0.375 0.3671875
vt 0.375 0.25
vt 0.375 0.3671875
vt 0.375 0.25
vt 0.4921875 0.3671875
vt 0.4921875 0.25
vt 0 0.375
vt 0 0.25
vt 0.125 0.375
vt 0.125 0.25
vn 1 0 0
vn 1 0 0
vn 1 0 0
vn 0 -1.2246467991473532e-16 -1
vn 0 -1.2246467991473532e-16 -1
vn 0 -1.2246467991473532e-16 -1
vn 1 0 0
vn 1 0 0
vn 1 0 0
vn 1 0 0
vn 1 0 0
vn 1 0 0
vn 1 0 0
vn 1 0 0
vn 1 0 0
vn 1 0 0
vn 1 0 0
vn 1 0 0
vn 1 0 0
vn 1 0 0
vn 1 0 0
vn 1 0 0
vn 1 0 0
vn 1 0 0
vn 1 0 0
vn 1 0 0
vn 1 0 0
vn 1 0 0
vn 1 0 0
vn 1 0 0
vn 1 0 0
vn 1 0 0
vn 1 0 0
vn 1 0 0
vn 1 0 0
vn 1 0 0
vn 1 0 0
vn 1 0 0
vn 1 0 0
vn 1 0 0
vn 1 0 0
vn 1 0 0
vn 1 0 0
vn 1 0 0
vn 1 0 0
vn 1 0 0
vn 1 0 0
vn 1 0 0
vn 1 0 0
vn 1 0 0
vn 1 0 0
vn 1 0 0
vn 1 0 0
vn 1 0 0
vn 1 0 0
vn 1 0 0
vn 1 0 0
vn 1 0 0
vn 1 0 0
vn 1 0 0
vn 1 0 0
vn 1 0 0
vn 1 0 0
vn 1 0 0
vn 1 0 0
vn 1 0 0
vn 1 0 0
vn 1 0 0
vn 1 0 0
vn 1 0 0
vn 1 0 0
vn 1 0 0
vn 1 0 0
vn 1 0 0
vn 1 0 0
vn 1 0 0
vn 1 0 0
vn 1 0 0
vn 1 0 0
vn 1 0 0
vn 1 0 0
vn 1 0 0
vn 1 0 0
vn 1 0 0
vn 1 0 0
vn 1 0 0
vn 1 0 0
vn 1 0 0
vn 1 0 0
vn 1 0 0
vn 1 0 0
vn 1 0 0
vn 1 0 0
vn 1 0 0
vn 1 0 0
vn 1 0 0
vn 1 0 0
vn 1 0 0
f 1975/1975/1975 1974/1974/1974 1973/1973/1973
f 1978/1978/1978 1977/1977/1977 1976/1976/1976
f 1981/1981/1981 1980/1980/1980 1979/1979/1979
f 1984/1984/1984 1983/1983/1983 1982/1982/1982
f 1987/1987/1987 1986/1986/1986 1985/1985/1985
f 1990/1990/1990 1989/1989/1989 1988/1988/1988
f 1993/1993/1993 1992/1992/1992 1991/1991/1991
f 1996/1996/1996 1995/1995/1995 1994/1994/1994
f 1999/1999/1999 1998/1998/1998 1997/1997/1997
f 2002/2002/2002 2001/2001/2001 2000/2000/2000
f 2005/2005/2005 2004/2004/2004 2003/2003/2003
f 2004/2004/2004 2005/2005/2005 2006/2006/2006
f 2009/2009/2009 2008/2008/2008 2007/2007/2007
f 2008/2008/2008 2009/2009/2009 2010/2010/2010
f 2013/2013/2013 2012/2012/2012 2011/2011/2011
f 2012/2012/2012 2013/2013/2013 2014/2014/2014
f 2017/2017/2017 2016/2016/2016 2015/2015/2015
f 2016/2016/2016 2017/2017/2017 2018/2018/2018
f 2021/2021/2021 2020/2020/2020 2019/2019/2019
f 2020/2020/2020 2021/2021/2021 2022/2022/2022
f 2025/2025/2025 2024/2024/2024 2023/2023/2023
f 2024/2024/2024 2025/2025/2025 2026/2026/2026
f 2029/2029/2029 2028/2028/2028 2027/2027/2027
f 2028/2028/2028 2029/2029/2029 2030/2030/2030
f 2033/2033/2033 2032/2032/2032 2031/2031/2031
f 2032/2032/2032 2033/2033/2033 2034/2034/2034
f 2037/2037/2037 2036/2036/2036 2035/2035/2035
f 2036/2036/2036 2037/2037/2037 2038/2038/2038
f 2041/2041/2041 2040/2040/2040 2039/2039/2039
f 2040/2040/2040 2041/2041/2041 2042/2042/2042
f 2045/2045/2045 2044/2044/2044 2043/2043/2043
f 2044/2044/2044 2045/2045/2045 2046/2046/2046
f 2049/2049/2049 2048/2048/2048 2047/2047/2047
f 2048/2048/2048 2049/2049/2049 2050/2050/2050
f 2053/2053/2053 2052/2052/2052 2051/2051/2051
f 2052/2052/2052 2053/2053/2053 2054/2054/2054
f 2057/2057/2057 2056/2056/2056 2055/2055/2055
f 2056/2056/2056 2057/2057/2057 2058/2058/2058
f 2061/2061/2061 2060/2060/2060 2059/2059/2059
f 2060/2060/2060 2061/2061/2061 2062/2062/2062
f 2065/2065/2065 2064/2064/2064 2063/2063/2063
f 2064/2064/2064 2065/2065/2065 2066/2066/2066
f 2069/2069/2069 2068/2068/2068 2067/2067/2067
f 2068/2068/2068 2069/2069/2069 2070/2070/2070
o mesh_29
usemtl mat4
v 0 51.199999999999974 -230.4
v 0 68.79999999999997 -230.4
v 8 68.79999999999997 -230.4
v 8 87.99999999999999 -64.00000000000001
v 0 70.39999999999999 -64.00000000000001
v 0 95.99999999999999 -64.00000000000001
v 8 87.99999999999997 -179.20000000000002
v 0 70.39999999999998 -179.20000000000002
v 0 84.79999999999998 -179.20000000000002
v 0 84.79999999999998 -192
v 0 70.39999999999998 -192
v 8 87.99999999999997 -192
vt 0.75 0.2421875
vt 0.75 0.0703125
vt 0.8203125 0.0703125
vt 0.828125 0.1015625
vt 0.75 0.2421875
vt 0.75 0
vt 0.5546875 0
vt 0.5 0.1171875
vt 0.5 0
vt 0.9921875 0
vt 0.9921875 0.1171875
vt 0.9375 0
vn 0 1.2246467991473532e-16 1
vn 0 1.2246467991473532e-16 1
vn 0 1.2246467991473532e-16 1
vn 0 1.2246467991473532e-16 1
vn 0 1.2246467991473532e-16 1
vn 0 1.2246467991473532e-16 1
vn 0 1.2246467991473532e-16 1
vn 0 1.2246467991473532e-16 1
vn 0 1.2246467991473532e-16 1
vn 0 -1.2246467991473532e-16 -1
vn 0 -1.2246467991473532e-16 -1
vn 0 -1.2246467991473532e-16 -1
f 2073/2073/2073 2072/2072/2072 2071/2071/2071
f 2076/2076/2076 2075/2075/2075 2074/2074/2074
f 2079/2079/2079 2078/2078/2078 2077/2077/2077
f 2082/2082/2082 2081/2081/2081 2080/2080/2080
o mesh_30
usemtl mat10
v 0 70.4 -38.40000000000001
v 0 70.4 -25.60000000000001
v 0 81.60000000000001 -25.600000000000012
v 0 70.39999999999999 -89.60000000000002
v 8 87.99999999999999 -89.60000000000002
v 0 70.39999999999999 -102.40000000000002
v 8 87.99999999999999 -102.40000000000002
v 8 68.79999999999997 -230.4
v 8 68.79999999999997 -243.20000000000002
v 0 51.199999999999974 -230.4
v 0 51.199999999999974 -243.20000000000002
v 0 89.59999999999998 -217.60000000000002
v 0 70.39999999999998 -217.60000000000002
v 0 89.59999999999998 -204.8
v 0 70.39999999999998 -204.8
v 0 70.39999999999999 -153.60000000000002
v 0 70.39999999999999 -140.8
v 0 83.19999999999999 -153.60000000000002
v 0 83.19999999999999 -140.8
v 0 83.19999999999999 -153.60000000000002
v 0 95.99999999999999 -153.60000000000002
v 0 88.8 -166.4
v 0 95.99999999999999 -160
v 8 87.99999999999999 -76.80000000000003
v 0 70.39999999999999 -76.80000000000003
v 8 87.99999999999999 -64.00000000000001
v 0 70.39999999999999 -64.00000000000001
v 0 70.39999999999999 -76.80000000000003
v 8 87.99999999999999 -76.80000000000003
v 0 70.39999999999999 -89.60000000000002
v 8 87.99999999999999 -89.60000000000002
v 0 88.8 -166.4
v 0 70.39999999999999 -166.4
v 0 83.19999999999999 -153.60000000000002
v 0 70.39999999999999 -153.60000000000002
v 0 68.79999999999997 -230.4
v 0 51.199999999999974 -230.4
v 0 70.39999999999998 -217.60000000000002
v 0 51.199999999999974 -217.60000000000002
v 0 95.99999999999999 -153.60000000000002
v 0 83.19999999999999 -153.60000000000002
v 0 95.99999999999999 -140.8
v 0 83.19999999999999 -140.8
v 0 89.59999999999998 -204.8
v 0 70.39999999999998 -204.8
v 0 84.79999999999998 -192
v 0 70.39999999999998 -192
v 0 84.79999999999998 -179.20000000000002
v 0 70.39999999999998 -179.20000000000002
v 0 88.8 -166.4
v 0 70.39999999999999 -166.4
vt 0.6171875 0.4921875
vt 0.5 0.4921875
vt 0.5 0.25
vt 0.875 0.4921875
vt 0.875 0.3359375
vt 0.9921875 0.4921875
vt 0.9921875 0.3359375
vt 0.875 0.375
vt 0.9921875 0.375
vt 0.875 0.4921875
vt 0.9921875 0.4921875
vt 0.9921875 0.25
vt 0.9921875 0.4921875
vt 0.875 0.25
vt 0.875 0.4921875
vt 0.75 0.4921875
vt 0.625 0.4921875
vt 0.75 0.40625
vt 0.625 0.40625
vt 0.75 0.40625
vt 0.75 0.3203125
vt 0.875 0.25
vt 0.8125 0.25
vt 0.75 0.3359375
vt 0.75 0.4921875
vt 0.625 0.3359375
vt 0.625 0.4921875
vt 0.75 0.4921875
vt 0.75 0.3359375
vt 0.875 0.4921875
vt 0.875 0.3359375
vt 0.875 0.25
vt 0.875 0.4921875
vt 0.75 0.40625
vt 0.75 0.4921875
vt 0.875 0.375
vt 0.875 0.4921875
vt 0.75 0.375
vt 0.75 0.4921875
vt 0.75 0.3203125
vt 0.75 0.40625
vt 0.625 0.3203125
vt 0.625 0.40625
vt 0.875 0.25
vt 0.875 0.4921875
vt 0.75 0.25
vt 0.75 0.4921875
vt 0.9921875 0.25
vt 0.9921875 0.4921875
vt 0.875 0.25
vt 0.875 0.4921875
vn 1 0 0
vn 1 0 0
vn 1 0 0
vn 0.9103664744007224 -0.41380295103732534 5.067624594655893e-17
vn 0.9103664744007224 -0.41380295103732534 5.067624594655893e-17
vn 0.9103664744007224 -0.41380295103732534 5.067624594655893e-17
vn 0.9103664744007224 -0.41380295103732534 5.067624594655893e-17
vn 0.9103664744007224 -0.41380295103732534 5.067624594655893e-17
vn 0.9103664744007224 -0.41380295103732534 5.067624594655893e-17
vn 0.9103664744007224 -0.41380295103732534 5.067624594655893e-17
vn 0.9103664744007224 -0.41380295103732534 5.067624594655893e-17
vn 1 0 0
vn 1 0 0
vn 1 0 0
vn 1 0 0
vn 1 0 0
vn 1 0 0
vn 1 0 0
vn 1 0 0
vn 1 0 0
vn 1 0 0
vn 1 0 0
vn 1 0 0
vn 0.9103664744007224 -0.41380295103732534 5.067624594655893e-17
vn 0.9103664744007224 -0.41380295103732534 5.067624594655893e-17
vn 0.9103664744007224 -0.41380295103732534 5.067624594655893e-17
vn 0.9103664744007224 -0.41380295103732534 5.067624594655893e-17
vn 0.9103664744007224 -0.41380295103732534 5.067624594655893e-17
vn 0.9103664744007224 -0.41380295103732534 5.067624594655893e-17
vn 0.9103664744007224 -0.41380295103732534 5.067624594655893e-17
vn 0.9103664744007224 -0.41380295103732534 5.067624594655893e-17
vn 1 0 0
vn 1 0 0
vn 1 0 0
vn 1 0 0
vn 1 0 0
vn 1 0 0
vn 1 0 0
vn 1 0 0
vn 1 0 0
vn 1 0 0
vn 1 0 0
vn 1 0 0
vn 1 0 0
vn 1 0 0
vn 1 0 0
vn 1 0 0
vn 1 0 0
vn 1 0 0
vn 1 0 0
vn 1 0 0
f 2085/2085/2085 2084/2084/2084 2083/2083/2083
f 2088/2088/2088 2087/2087/2087 2086/2086/2086
f 2087/2087/2087 2088/2088/2088 2089/2089/2089
f 2092/2092/2092 2091/2091/2091 2090/2090/2090
f 2091/2091/2091 2092/2092/2092 2093/2093/2093
f 2096/2096/2096 2095/2095/2095 2094/2094/2094
f 2095/2095/2095 2096/2096/2096 2097/2097/2097
f 2100/2100/2100 2099/2099/2099 2098/2098/2098
f 2099/2099/2099 2100/2100/2100 2101/2101/2101
f 2104/2104/2104 2103/2103/2103 2102/2102/2102
f 2103/2103/2103 2104/2104/2104 2105/2105/2105
f 2108/2108/2108 2107/2107/2107 2106/2106/2106
f 2107/2107/2107 2108/2108/2108 2109/2109/2109
f 2112/2112/2112 2111/2111/2111 2110/2110/2110
f 2111/2111/2111 2112/2112/2112 2113/2113/2113
f 2116/2116/2116 2115/2115/2115 2114/2114/2114
f 2115/2115/2115 2116/2116/2116 2117/2117/2117
f 2120/2120/2120 2119/2119/2119 2118/2118/2118
f 2119/2119/2119 2120/2120/2120 2121/2121/2121
f 2124/2124/2124 2123/2123/2123 2122/2122/2122
f 2123/2123/2123 2124/2124/2124 2125/2125/2125
f 2128/2128/2128 2127/2127/2127 2126/2126/2126
f 2127/2127/2127 2128/2128/2128 2129/2129/2129
f 2132/2132/2132 2131/2131/2131 2130/2130/2130
f 2131/2131/2131 2132/2132/2132 2133/2133/2133
o mesh_31
usemtl mat13
v 0 57.599999999999994 -64
v 0 57.599999999999994 -76.80000000000001
v 0 44.8 -64
v 0 44.8 -76.80000000000001
vt 0.03125 0.5
vt 0.21875 0.5
vt 0.03125 0.7421875
vt 0.21875 0.7421875
vn 1 0 0
vn 1 0 0
vn 1 0 0
vn 1 0 0
f 2136/2136/2136 2135/2135/2135 2134/2134/2134
f 2135/2135/2135 2136/2136/2136 2137/2137/2137
o mesh_32
usemtl mat11
v 80 79.2 -51.20000000000001
v 89.60000000000001 57.599999999999994 -51.20000000000001
v 89.60000000000001 70.39999999999999 -64.00000000000001
v 89.60000000000001 70.39999999999999 -64.00000000000001
v 89.60000000000001 83.19999999999999 -64.00000000000001
v 80 79.2 -51.20000000000001
v 64 83.2 -51.20000000000001
v 80 79.2 -51.20000000000001
v 89.60000000000001 83.19999999999999 -64.00000000000001
v 89.60000000000001 83.19999999999999 -64.00000000000001
v 64 83.19999999999999 -64.00000000000001
v 64 83.2 -51.20000000000001
v 25.6 76.79999999999998 -243.20000000000002
v 25.6 76.79999999999998 -230.4
v 38.400000000000006 76.79999999999998 -243.20000000000002
v 64 76.79999999999998 -230.4
v 64 76.79999999999998 -243.20000000000002
v 51.2 76.79999999999998 -243.20000000000002
v 64 114.39999999999999 -166.4
v 64 115.19999999999999 -153.60000000000002
v 89.60000000000001 102.39999999999999 -153.60000000000002
v 25.6 106.39999999999999 -153.60000000000002
v 25.6 110.39999999999999 -140.8
v 64 121.6 -140.80000000000004
v 25.6 106.39999999999999 -153.60000000000002
v 25.6 105.6 -166.4
v 0 95.99999999999999 -160
v 0 95.99999999999999 -160
v 0 104.8 -153.60000000000002
v 25.6 106.39999999999999 -153.60000000000002
v 8 87.99999999999997 -179.20000000000002
v 0 88.8 -166.4
v 25.6 105.6 -166.4
v 25.6 105.6 -166.4
v 25.6 95.99999999999997 -179.20000000000002
v 8 87.99999999999997 -179.20000000000002
v 89.60000000000001 102.39999999999999 -153.60000000000002
v 89.60000000000001 105.6 -166.4
v 64 114.39999999999999 -166.4
v 64 121.6 -140.80000000000004
v 64 115.19999999999999 -153.60000000000002
v 25.6 106.39999999999999 -153.60000000000002
v 8 87.99999999999997 -179.20000000000002
v 0 84.79999999999998 -179.20000000000002
v 0 88.8 -166.4
v 25.6 105.6 -166.4
v 0 88.8 -166.4
v 0 95.99999999999999 -160
v 25.6 95.99999999999999 -89.60000000000002
v 64 95.99999999999999 -89.60000000000002
v 25.6 95.99999999999999 -102.40000000000002
v 64 95.99999999999999 -102.40000000000002
v 64 95.99999999999999 -102.40000000000002
v 64 95.99999999999999 -89.60000000000002
v 89.60000000000001 95.99999999999999 -102.40000000000002
v 89.60000000000001 95.99999999999999 -89.60000000000002
v 64 83.19999999999999 -76.80000000000003
v 64 83.19999999999999 -64.00000000000001
v 89.60000000000001 83.19999999999999 -76.80000000000003
v 89.60000000000001 83.19999999999999 -64.00000000000001
v 64 83.19999999999999 -89.60000000000002
v 64 83.19999999999999 -76.80000000000003
v 89.60000000000001 83.19999999999999 -89.60000000000002
v 89.60000000000001 83.19999999999999 -76.80000000000003
v 25.6 76.79999999999998 -230.4
v 64 76.79999999999998 -230.4
v 38.400000000000006 76.79999999999998 -243.20000000000002
v 51.2 76.79999999999998 -243.20000000000002
v 25.6 78.39999999999998 -217.60000000000002
v 64 87.99999999999997 -217.60000000000002
v 25.6 76.79999999999998 -230.4
v 64 86.39999999999998 -230.4
v 25.6 95.99999999999997 -192
v 8 87.99999999999997 -192
v 25.6 95.99999999999997 -179.20000000000002
v 8 87.99999999999997 -179.20000000000002
v 81.60000000000001 87.99999999999997 -192
v 64 95.99999999999997 -192
v 81.60000000000001 87.99999999999997 -179.20000000000002
v 64 95.99999999999997 -179.20000000000002
v 64 95.99999999999997 -192
v 25.6 95.99999999999997 -192
v 64 95.99999999999997 -179.20000000000002
v 25.6 95.99999999999997 -179.20000000000002
v 25.6 110.39999999999999 -140.8
v 25.6 106.39999999999999 -153.60000000000002
v 0 108.8 -140.8
v 0 104.8 -153.60000000000002
v 64 121.6 -140.80000000000004
v 89.60000000000001 108.8 -140.8
v 64 115.19999999999999 -153.60000000000002
v 89.60000000000001 102.39999999999999 -153.60000000000002
v 25.6 95.99999999999999 -76.80000000000003
v 25.6 95.99999999999999 -64.00000000000001
v 64 95.99999999999999 -76.80000000000003
v 64 95.99999999999999 -64.00000000000001
v 25.6 95.99999999999999 -76.80000000000003
v 64 95.99999999999999 -76.80000000000003
v 25.6 95.99999999999999 -89.60000000000002
v 64 95.99999999999999 -89.60000000000002
v 25.6 106.39999999999999 -153.60000000000002
v 64 115.19999999999999 -153.60000000000002
v 25.6 105.6 -166.4
v 64 114.39999999999999 -166.4
vt 0.7421875 0.5859375
vt 0.7421875 0.7421875
vt 0.625 0.6328125
vt 0.625 0.6328125
vt 0.625 0.5859375
vt 0.7421875 0.5859375
vt 0.7421875 0.5
vt 0.7421875 0.5859375
vt 0.625 0.5859375
vt 0.625 0.5859375
vt 0.625 0.5
vt 0.7421875 0.5
vt 0.9921875 0.7421875
vt 0.875 0.7421875
vt 0.9921875 0.671875
vt 0.875 0.5
vt 0.9921875 0.5
vt 0.9921875 0.5625
vt 0.75 0.5
vt 0.875 0.5
vt 0.875 0.7421875
vt 0.875 0.7421875
vt 0.75 0.7421875
vt 0.75 0.5
vt 0.875 0.5
vt 0.9921875 0.5
vt 0.9375 0.7421875
vt 0.9375 0.7421875
vt 0.875 0.7421875
vt 0.875 0.5
vt 0.8671875 0.625
vt 0.75 0.7421875
vt 0.75 0.5
vt 0.75 0.5
vt 0.8671875 0.5
vt 0.8671875 0.625
vt 0.875 0.7421875
vt 0.75 0.7421875
vt 0.75 0.5
vt 0.75 0.5
vt 0.875 0.5
vt 0.875 0.7421875
vt 0.8671875 0.625
vt 0.8671875 0.7421875
vt 0.75 0.7421875
vt 0.9921875 0.5
vt 0.9921875 0.7421875
vt 0.9375 0.7421875
vt 0.875 0.7421875
vt 0.875 0.5
vt 0.9921875 0.7421875
vt 0.9921875 0.5
vt 0.9921875 0.7421875
vt 0.875 0.7421875
vt 0.9921875 0.5
vt 0.875 0.5
vt 0.875 0.5
vt 0.9921875 0.5
vt 0.875 0.7421875
vt 0.9921875 0.7421875
vt 0.75 0.5
vt 0.875 0.5
vt 0.75 0.7421875
vt 0.875 0.7421875
vt 0.875 0.7421875
vt 0.875 0.5
vt 0.9921875 0.671875
vt 0.9921875 0.5625
vt 0.75 0.7421875
vt 0.75 0.5
vt 0.875 0.7421875
vt 0.875 0.5
vt 0.7421875 0.5
vt 0.7421875 0.5859375
vt 0.625 0.5
vt 0.625 0.5859375
vt 0.625 0.5859375
vt 0.625 0.5
vt 0.7421875 0.5859375
vt 0.7421875 0.5
vt 0.9921875 0.5
vt 0.9921875 0.7421875
vt 0.875 0.5
vt 0.875 0.7421875
vt 0.75 0.5
vt 0.875 0.5
vt 0.75 0.7421875
vt 0.875 0.7421875
vt 0.9921875 0.5
vt 0.9921875 0.7421875
vt 0.875 0.5
vt 0.875 0.7421875
vt 0.9921875 0.7421875
vt 0.875 0.7421875
vt 0.9921875 0.5
vt 0.875 0.5
vt 0.75 0.7421875
vt 0.75 0.5
vt 0.875 0.7421875
vt 0.875 0.5
vt 0.875 0.7421875
vt 0.875 0.5
vt 0.9921875 0.7421875
vt 0.9921875 0.5
vn -0.8466487688858435 -0.3762883615952569 -0.3762883615952568
vn -0.8466487688858435 -0.3762883615952569 -0.3762883615952568
vn -0.8466487688858435 -0.3762883615952569 -0.3762883615952568
vn -0.7999999928474428 -7.347880911675536e-17 -0.6000000095367429
vn -0.7999999928474428 -7.347880911675536e-17 -0.6000000095367429
vn -0.7999999928474428 -7.347880911675536e-17 -0.6000000095367429
vn -0.2182178902359924 -0.8728715609439696 -0.4364357804719847
vn -0.2182178902359924 -0.8728715609439696 -0.4364357804719847
vn -0.2182178902359924 -0.8728715609439696 -0.4364357804719847
vn 0 -1 1.2246467991473532e-16
vn 0 -1 1.2246467991473532e-16
vn 0 -1 1.2246467991473532e-16
vn 0 -1 1.2246467991473532e-16
vn 0 -1 1.2246467991473532e-16
vn 0 -1 1.2246467991473532e-16
vn 0 -1 1.2246467991473532e-16
vn 0 -1 1.2246467991473532e-16
vn 0 -1 1.2246467991473532e-16
vn -0.4465164577487581 -0.8930329154975162 0.05581455721859487
vn -0.4465164577487581 -0.8930329154975162 0.05581455721859487
vn -0.4465164577487581 -0.8930329154975162 0.05581455721859487
vn 0.26819136908150326 -0.9195132313624996 0.2873478848007813
vn 0.26819136908150326 -0.9195132313624996 0.2873478848007813
vn 0.26819136908150326 -0.9195132313624996 0.2873478848007813
vn 0.3632355320294199 -0.9298829405376429 0.05811768378360279
vn 0.3632355320294199 -0.9298829405376429 0.05811768378360279
vn 0.3632355320294199 -0.9298829405376429 0.05811768378360279
vn 0.03673591902455637 -0.5877747043929018 0.8081901812873366
vn 0.03673591902455637 -0.5877747043929018 0.8081901812873366
vn 0.03673591902455637 -0.5877747043929018 0.8081901812873366
vn 0.5102612990021019 -0.7775410440807206 0.36750963458193947
vn 0.5102612990021019 -0.7775410440807206 0.36750963458193947
vn 0.5102612990021019 -0.7775410440807206 0.36750963458193947
vn 0.3417430544723103 -0.7518347556018696 0.5638760368990798
vn 0.3417430544723103 -0.7518347556018696 0.5638760368990798
vn 0.3417430544723103 -0.7518347556018696 0.5638760368990798
vn -0.31635851131754494 -0.9203156963804243 -0.23007892409510594
vn -0.31635851131754494 -0.9203156963804243 -0.23007892409510594
vn -0.31635851131754494 -0.9203156963804243 -0.23007892409510594
vn 0.2007981336999771 -0.8762100704751599 0.43810503523758004
vn 0.2007981336999771 -0.8762100704751599 0.43810503523758004
vn 0.2007981336999771 -0.8762100704751599 0.43810503523758004
vn 0.35668021970993646 -0.8917005194725184 0.2786564272363235
vn 0.35668021970993646 -0.8917005194725184 0.2786564272363235
vn 0.35668021970993646 -0.8917005194725184 0.2786564272363235
vn 0.3996557736527529 -0.6089992741375282 0.6851241834047194
vn 0.3996557736527529 -0.6089992741375282 0.6851241834047194
vn 0.3996557736527529 -0.6089992741375282 0.6851241834047194
vn 0 -1 1.2246467991473532e-16
vn 0 -1 1.2246467991473532e-16
vn 0 -1 1.2246467991473532e-16
vn 0 -1 1.2246467991473532e-16
vn 0 -1 1.2246467991473532e-16
vn 0 -1 1.2246467991473532e-16
vn 0 -1 1.2246467991473532e-16
vn 0 -1 1.2246467991473532e-16
vn 0 -1 1.2246467991473532e-16
vn 0 -1 1.2246467991473532e-16
vn 0 -1 1.2246467991473532e-16
vn 0 -1 1.2246467991473532e-16
vn 0 -1 1.2246467991473532e-16
vn 0 -1 1.2246467991473532e-16
vn 0 -1 1.2246467991473532e-16
vn 0 -1 1.2246467991473532e-16
vn 0 -1 1.2246467991473532e-16
vn 0 -1 1.2246467991473532e-16
vn 0 -1 1.2246467991473532e-16
vn 0 -1 1.2246467991473532e-16
vn 0.24077170617153842 -0.9630868246861537 0.12038585308576932
vn 0.24077170617153842 -0.9630868246861537 0.12038585308576932
vn 0.24077170617153842 -0.9630868246861537 0.12038585308576932
vn 0.24077170617153842 -0.9630868246861537 0.12038585308576932
vn 0.41380295103732534 -0.9103664744007224 1.1148773889259053e-16
vn 0.41380295103732534 -0.9103664744007224 1.1148773889259053e-16
vn 0.41380295103732534 -0.9103664744007224 1.1148773889259053e-16
vn 0.41380295103732534 -0.9103664744007224 1.1148773889259053e-16
vn -0.41380295103732534 -0.9103664744007224 1.1148773889259053e-16
vn -0.41380295103732534 -0.9103664744007224 1.1148773889259053e-16
vn -0.41380295103732534 -0.9103664744007224 1.1148773889259053e-16
vn -0.41380295103732534 -0.9103664744007224 1.1148773889259053e-16
vn 0 -1 1.2246467991473532e-16
vn 0 -1 1.2246467991473532e-16
vn 0 -1 1.2246467991473532e-16
vn 0 -1 1.2246467991473532e-16
vn 0.05954913335149012 -0.9527861336238419 0.297745670482741
vn 0.05954913335149012 -0.9527861336238419 0.297745670482741
vn 0.05954913335149012 -0.9527861336238419 0.297745670482741
vn 0.05954913335149012 -0.9527861336238419 0.297745670482741
vn -0.408248290463863 -0.816496580927726 0.40824829046386313
vn -0.408248290463863 -0.816496580927726 0.40824829046386313
vn -0.408248290463863 -0.816496580927726 0.40824829046386313
vn -0.408248290463863 -0.816496580927726 0.40824829046386313
vn 0 -1 1.2246467991473532e-16
vn 0 -1 1.2246467991473532e-16
vn 0 -1 1.2246467991473532e-16
vn 0 -1 1.2246467991473532e-16
vn 0 -1 1.2246467991473532e-16
vn 0 -1 1.2246467991473532e-16
vn 0 -1 1.2246467991473532e-16
vn 0 -1 1.2246467991473532e-16
vn 0.2229627905749138 -0.9729285569463447 0.06080803480914667
vn 0.2229627905749138 -0.9729285569463447 0.06080803480914667
vn 0.2229627905749138 -0.9729285569463447 0.06080803480914667
vn 0.2229627905749138 -0.9729285569463447 0.06080803480914667
f 2140/2140/2140 2139/2139/2139 2138/2138/2138
f 2143/2143/2143 2142/2142/2142 2141/2141/2141
f 2146/2146/2146 2145/2145/2145 2144/2144/2144
f 2149/2149/2149 2148/2148/2148 2147/2147/2147
f 2152/2152/2152 2151/2151/2151 2150/2150/2150
f 2155/2155/2155 2154/2154/2154 2153/2153/2153
f 2158/2158/2158 2157/2157/2157 2156/2156/2156
f 2161/2161/2161 2160/2160/2160 2159/2159/2159
f 2164/2164/2164 2163/2163/2163 2162/2162/2162
f 2167/2167/2167 2166/2166/2166 2165/2165/2165
f 2170/2170/2170 2169/2169/2169 2168/2168/2168
f 2173/2173/2173 2172/2172/2172 2171/2171/2171
f 2176/2176/2176 2175/2175/2175 2174/2174/2174
f 2179/2179/2179 2178/2178/2178 2177/2177/2177
f 2182/2182/2182 2181/2181/2181 2180/2180/2180
f 2185/2185/2185 2184/2184/2184 2183/2183/2183
f 2188/2188/2188 2187/2187/2187 2186/2186/2186
f 2187/2187/2187 2188/2188/2188 2189/2189/2189
f 2192/2192/2192 2191/2191/2191 2190/2190/2190
f 2191/2191/2191 2192/2192/2192 2193/2193/2193
f 2196/2196/2196 2195/2195/2195 2194/2194/2194
f 2195/2195/2195 2196/2196/2196 2197/2197/2197
f 2200/2200/2200 2199/2199/2199 2198/2198/2198
f 2199/2199/2199 2200/2200/2200 2201/2201/2201
f 2204/2204/2204 2203/2203/2203 2202/2202/2202
f 2203/2203/2203 2204/2204/2204 2205/2205/2205
f 2208/2208/2208 2207/2207/2207 2206/2206/2206
f 2207/2207/2207 2208/2208/2208 2209/2209/2209
f 2212/2212/2212 2211/2211/2211 2210/2210/2210
f 2211/2211/2211 2212/2212/2212 2213/2213/2213
f 2216/2216/2216 2215/2215/2215 2214/2214/2214
f 2215/2215/2215 2216/2216/2216 2217/2217/2217
f 2220/2220/2220 2219/2219/2219 2218/2218/2218
f 2219/2219/2219 2220/2220/2220 2221/2221/2221
f 2224/2224/2224 2223/2223/2223 2222/2222/2222
f 2223/2223/2223 2224/2224/2224 2225/2225/2225
f 2228/2228/2228 2227/2227/2227 2226/2226/2226
f 2227/2227/2227 2228/2228/2228 2229/2229/2229
f 2232/2232/2232 2231/2231/2231 2230/2230/2230
f 2231/2231/2231 2232/2232/2232 2233/2233/2233
f 2236/2236/2236 2235/2235/2235 2234/2234/2234
f 2235/2235/2235 2236/2236/2236 2237/2237/2237
f 2240/2240/2240 2239/2239/2239 2238/2238/2238
f 2239/2239/2239 2240/2240/2240 2241/2241/2241
o mesh_33
usemtl mat10
v 76.80000000000001 70.4 -38.40000000000001
v 64 64 -25.60000000000001
v 76.80000000000001 57.6 -25.60000000000001
v 64 64 -25.60000000000001
v 76.80000000000001 70.4 -38.40000000000001
v 64 83.2 -51.20000000000001
v 76.80000000000001 70.4 -38.40000000000001
v 80 79.2 -51.20000000000001
v 64 83.2 -51.20000000000001
v 76.80000000000001 70.4 -38.40000000000001
v 89.60000000000001 57.599999999999994 -51.20000000000001
v 80 79.2 -51.20000000000001
v 76.80000000000001 70.4 -38.40000000000001
v 76.80000000000001 57.6 -25.60000000000001
v 89.60000000000001 57.599999999999994 -38.40000000000001
v 89.60000000000001 57.599999999999994 -38.40000000000001
v 89.60000000000001 57.599999999999994 -51.20000000000001
v 76.80000000000001 70.4 -38.40000000000001
v 8 87.99999999999999 -89.60000000000002
v 25.6 95.99999999999999 -89.60000000000002
v 8 87.99999999999999 -102.40000000000002
v 25.6 95.99999999999999 -102.40000000000002
v 25.6 76.79999999999998 -243.20000000000002
v 8 68.79999999999997 -243.20000000000002
v 25.6 76.79999999999998 -230.4
v 8 68.79999999999997 -230.4
v 81.60000000000001 68.79999999999997 -243.20000000000002
v 64 76.79999999999998 -243.20000000000002
v 81.60000000000001 68.79999999999997 -230.4
v 64 76.79999999999998 -230.4
v 8 77.59999999999998 -217.60000000000002
v 25.6 78.39999999999998 -217.60000000000002
v 8 75.99999999999997 -230.4
v 25.6 76.79999999999998 -230.4
v 8 75.99999999999997 -230.4
v 0 68.79999999999997 -230.4
v 8 77.59999999999998 -217.60000000000002
v 0 70.39999999999998 -217.60000000000002
v 64 115.19999999999999 -102.40000000000002
v 89.60000000000001 103.99999999999999 -102.40000000000002
v 64 119.99999999999999 -115.20000000000002
v 89.60000000000001 108.8 -115.20000000000002
v 25.6 95.99999999999999 -76.80000000000003
v 8 87.99999999999999 -76.80000000000003
v 25.6 95.99999999999999 -64.00000000000001
v 8 87.99999999999999 -64.00000000000001
v 8 87.99999999999999 -76.80000000000003
v 25.6 95.99999999999999 -76.80000000000003
v 8 87.99999999999999 -89.60000000000002
v 25.6 95.99999999999999 -89.60000000000002
vt 0.625 0.375
vt 0.7421875 0.25
vt 0.7421875 0.4921875
vt 0.7421875 0.25
vt 0.625 0.375
vt 0.5 0.25
vt 0.625 0.375
vt 0.5 0.375
vt 0.5 0.25
vt 0.625 0.375
vt 0.5 0.4921875
vt 0.5 0.375
vt 0.625 0.375
vt 0.7421875 0.4921875
vt 0.6171875 0.4921875
vt 0.6171875 0.4921875
vt 0.5 0.4921875
vt 0.625 0.375
vt 0.875 0.3359375
vt 0.875 0.25
vt 0.9921875 0.3359375
vt 0.9921875 0.25
vt 0.9921875 0.25
vt 0.9921875 0.375
vt 0.875 0.25
vt 0.875 0.375
vt 0.75 0.375
vt 0.75 0.25
vt 0.875 0.375
vt 0.875 0.25
vt 0.75 0.265625
vt 0.75 0.25
vt 0.875 0.265625
vt 0.875 0.25
vt 0.875 0.265625
vt 0.875 0.375
vt 0.75 0.265625
vt 0.75 0.375
vt 0.8671875 0.25
vt 0.8671875 0.375
vt 0.75 0.25
vt 0.75 0.375
vt 0.75 0.25
vt 0.75 0.3359375
vt 0.625 0.25
vt 0.625 0.3359375
vt 0.75 0.3359375
vt 0.75 0.25
vt 0.875 0.3359375
vt 0.875 0.25
vn -0.3333333333333333 -0.6666666666666667 -0.6666666666666665
vn -0.3333333333333333 -0.6666666666666667 -0.6666666666666665
vn -0.3333333333333333 -0.6666666666666667 -0.6666666666666665
vn -0.19611613685754878 -0.7844645474301952 -0.5883483956714849
vn -0.19611613685754878 -0.7844645474301952 -0.5883483956714849
vn -0.19611613685754878 -0.7844645474301952 -0.5883483956714849
vn -0.19611613685754878 -0.7844645474301952 -0.5883483956714849
vn -0.19611613685754878 -0.7844645474301952 -0.5883483956714849
vn -0.19611613685754878 -0.7844645474301952 -0.5883483956714849
vn -0.8148217138941041 -0.3621429773301969 -0.45267873656390717
vn -0.8148217138941041 -0.3621429773301969 -0.45267873656390717
vn -0.8148217138941041 -0.3621429773301969 -0.45267873656390717
vn -0.5773502691896257 -0.5773502691896258 -0.5773502691896257
vn -0.5773502691896257 -0.5773502691896258 -0.5773502691896257
vn -0.5773502691896257 -0.5773502691896258 -0.5773502691896257
vn -0.7071067811865475 -0.7071067811865475 8.659560562354932e-17
vn -0.7071067811865475 -0.7071067811865475 8.659560562354932e-17
vn -0.7071067811865475 -0.7071067811865475 8.659560562354932e-17
vn 0.41380295103732534 -0.9103664744007224 1.1148773889259053e-16
vn 0.41380295103732534 -0.9103664744007224 1.1148773889259053e-16
vn 0.41380295103732534 -0.9103664744007224 1.1148773889259053e-16
vn 0.41380295103732534 -0.9103664744007224 1.1148773889259053e-16
vn 0.41380295103732534 -0.9103664744007224 1.1148773889259053e-16
vn 0.41380295103732534 -0.9103664744007224 1.1148773889259053e-16
vn 0.41380295103732534 -0.9103664744007224 1.1148773889259053e-16
vn 0.41380295103732534 -0.9103664744007224 1.1148773889259053e-16
vn -0.41380295103732534 -0.9103664744007224 1.1148773889259053e-16
vn -0.41380295103732534 -0.9103664744007224 1.1148773889259053e-16
vn -0.41380295103732534 -0.9103664744007224 1.1148773889259053e-16
vn -0.41380295103732534 -0.9103664744007224 1.1148773889259053e-16
vn 0.045057731665509006 -0.9912701040917786 0.12390876301147244
vn 0.045057731665509006 -0.9912701040917786 0.12390876301147244
vn 0.045057731665509006 -0.9912701040917786 0.12390876301147244
vn 0.045057731665509006 -0.9912701040917786 0.12390876301147244
vn 0.666095861329698 -0.7401064728521229 0.09251330910651547
vn 0.666095861329698 -0.7401064728521229 0.09251330910651547
vn 0.666095861329698 -0.7401064728521229 0.09251330910651547
vn 0.666095861329698 -0.7401064728521229 0.09251330910651547
vn -0.3790712632393384 -0.8664485761450686 -0.3249182086038201
vn -0.3790712632393384 -0.8664485761450686 -0.3249182086038201
vn -0.3790712632393384 -0.8664485761450686 -0.3249182086038201
vn -0.3790712632393384 -0.8664485761450686 -0.3249182086038201
vn 0.41380295103732534 -0.9103664744007224 1.1148773889259053e-16
vn 0.41380295103732534 -0.9103664744007224 1.1148773889259053e-16
vn 0.41380295103732534 -0.9103664744007224 1.1148773889259053e-16
vn 0.41380295103732534 -0.9103664744007224 1.1148773889259053e-16
vn 0.41380295103732534 -0.9103664744007224 1.1148773889259053e-16
vn 0.41380295103732534 -0.9103664744007224 1.1148773889259053e-16
vn 0.41380295103732534 -0.9103664744007224 1.1148773889259053e-16
vn 0.41380295103732534 -0.9103664744007224 1.1148773889259053e-16
f 2244/2244/2244 2243/2243/2243 2242/2242/2242
f 2247/2247/2247 2246/2246/2246 2245/2245/2245
f 2250/2250/2250 2249/2249/2249 2248/2248/2248
f 2253/2253/2253 2252/2252/2252 2251/2251/2251
f 2256/2256/2256 2255/2255/2255 2254/2254/2254
f 2259/2259/2259 2258/2258/2258 2257/2257/2257
f 2262/2262/2262 2261/2261/2261 2260/2260/2260
f 2261/2261/2261 2262/2262/2262 2263/2263/2263
f 2266/2266/2266 2265/2265/2265 2264/2264/2264
f 2265/2265/2265 2266/2266/2266 2267/2267/2267
f 2270/2270/2270 2269/2269/2269 2268/2268/2268
f 2269/2269/2269 2270/2270/2270 2271/2271/2271
f 2274/2274/2274 2273/2273/2273 2272/2272/2272
f 2273/2273/2273 2274/2274/2274 2275/2275/2275
f 2278/2278/2278 2277/2277/2277 2276/2276/2276
f 2277/2277/2277 2278/2278/2278 2279/2279/2279
f 2282/2282/2282 2281/2281/2281 2280/2280/2280
f 2281/2281/2281 2282/2282/2282 2283/2283/2283
f 2286/2286/2286 2285/2285/2285 2284/2284/2284
f 2285/2285/2285 2286/2286/2286 2287/2287/2287
f 2290/2290/2290 2289/2289/2289 2288/2288/2288
f 2289/2289/2289 2290/2290/2290 2291/2291/2291
o mesh_34
usemtl mat9
v 89.60000000000001 44.800000000000004 -25.60000000000001
v 89.60000000000001 57.599999999999994 -38.40000000000001
v 76.80000000000001 57.6 -25.60000000000001
v 8 87.99999999999999 -102.40000000000002
v 25.6 95.99999999999999 -102.40000000000002
v 0 95.99999999999999 -102.40000000000002
v 25.6 136.79999999999998 -140.80000000000004
v 64 147.2 -140.80000000000004
v 25.6 110.39999999999999 -140.8
v 64 121.6 -140.80000000000004
v 64 147.2 -140.80000000000004
v 89.60000000000001 134.39999999999998 -140.80000000000004
v 64 121.6 -140.80000000000004
v 89.60000000000001 108.8 -140.8
v 0 108.8 -140.8
v 0 134.39999999999998 -140.80000000000004
v 25.6 110.39999999999999 -140.8
v 25.6 136.79999999999998 -140.80000000000004
v 25.6 95.99999999999999 -102.40000000000002
v 64 95.99999999999999 -102.40000000000002
v 25.6 103.99999999999999 -102.40000000000002
v 64 115.19999999999999 -102.40000000000002
v 25.6 103.99999999999999 -102.40000000000002
v 0 103.99999999999999 -102.40000000000002
v 25.6 95.99999999999999 -102.40000000000002
v 0 95.99999999999999 -102.40000000000002
vt 0.2421875 0.125
vt 0.125 0
vt 0.2421875 0
vt 0.4296875 0.21875
vt 0.296875 0.1328125
vt 0.4921875 0.1328125
vt 0.1953125 0.0625
vt 0.4921875 0
vt 0.1953125 0.234375
vt 0.4921875 0.1328125
vt 0 0
vt 0.2421875 0.0625
vt 0 0.1328125
vt 0.2421875 0.2421875
vt 0 0.2421875
vt 0 0.0625
vt 0.1953125 0.234375
vt 0.1953125 0.0625
vt 0.296875 0.1328125
vt 0 0.1328125
vt 0.296875 0.0859375
vt 0 0
vt 0.296875 0.0859375
vt 0.4921875 0.0859375
vt 0.296875 0.1328125
vt 0.4921875 0.1328125
vn -0.5773502691896257 -0.5773502691896258 -0.5773502691896257
vn -0.5773502691896257 -0.5773502691896258 -0.5773502691896257
vn -0.5773502691896257 -0.5773502691896258 -0.5773502691896257
vn 0 -1.2246467991473532e-16 -1
vn 0 -1.2246467991473532e-16 -1
vn 0 -1.2246467991473532e-16 -1
vn 0 1.2246467991473532e-16 1
vn 0 1.2246467991473532e-16 1
vn 0 1.2246467991473532e-16 1
vn 0 1.2246467991473532e-16 1
vn 0 1.2246467991473532e-16 1
vn 0 1.2246467991473532e-16 1
vn 0 1.2246467991473532e-16 1
vn 0 1.2246467991473532e-16 1
vn 0 1.2246467991473532e-16 1
vn 0 1.2246467991473532e-16 1
vn 0 1.2246467991473532e-16 1
vn 0 1.2246467991473532e-16 1
vn 0 -1.2246467991473532e-16 -1
vn 0 -1.2246467991473532e-16 -1
vn 0 -1.2246467991473532e-16 -1
vn 0 -1.2246467991473532e-16 -1
vn 0 -1.2246467991473532e-16 -1
vn 0 -1.2246467991473532e-16 -1
vn 0 -1.2246467991473532e-16 -1
vn 0 -1.2246467991473532e-16 -1
f 2294/2294/2294 2293/2293/2293 2292/2292/2292
f 2297/2297/2297 2296/2296/2296 2295/2295/2295
f 2300/2300/2300 2299/2299/2299 2298/2298/2298
f 2299/2299/2299 2300/2300/2300 2301/2301/2301
f 2304/2304/2304 2303/2303/2303 2302/2302/2302
f 2303/2303/2303 2304/2304/2304 2305/2305/2305
f 2308/2308/2308 2307/2307/2307 2306/2306/2306
f 2307/2307/2307 2308/2308/2308 2309/2309/2309
f 2312/2312/2312 2311/2311/2311 2310/2310/2310
f 2311/2311/2311 2312/2312/2312 2313/2313/2313
f 2316/2316/2316 2315/2315/2315 2314/2314/2314
f 2315/2315/2315 2316/2316/2316 2317/2317/2317
o mesh_35
usemtl mat4
v 25.6 76.79999999999998 -230.4
v 64 86.39999999999998 -230.4
v 64 76.79999999999998 -230.4
v 0 70.39999999999998 -217.60000000000002
v 0 89.59999999999998 -217.60000000000002
v 8 77.59999999999998 -217.60000000000002
v 64 70.4 -25.60000000000001
v 64 64 -25.60000000000001
v 64 83.2 -51.20000000000001
v 64 104.79999999999998 -179.20000000000002
v 64 95.99999999999997 -179.20000000000002
v 25.6 95.99999999999997 -179.20000000000002
v 25.6 95.99999999999997 -192
v 64 95.99999999999997 -192
v 64 105.59999999999998 -192
v 64 95.99999999999999 -64.00000000000001
v 25.6 95.99999999999999 -64.00000000000001
v 25.6 102.39999999999999 -64.00000000000001
v 25.6 78.39999999999998 -217.60000000000002
v 25.6 97.59999999999998 -217.60000000000002
v 64 87.99999999999997 -217.60000000000002
v 64 107.19999999999997 -217.60000000000002
v 64 119.99999999999999 -115.20000000000002
v 89.60000000000001 108.8 -115.20000000000002
v 64 147.20000000000002 -115.20000000000002
v 89.60000000000001 134.4 -115.20000000000002
v 25.6 136.8 -115.20000000000002
v 0 134.4 -115.20000000000002
v 25.6 108.8 -115.20000000000002
v 0 108.8 -115.20000000000002
v 25.6 108.8 -115.20000000000002
v 0 108.8 -115.20000000000002
v 25.6 103.99999999999999 -102.40000000000002
v 0 103.99999999999999 -102.40000000000002
v 64 83.19999999999999 -64.00000000000001
v 64 95.99999999999999 -64.00000000000001
v 64 83.2 -51.20000000000001
v 64 94.4 -51.20000000000002
v 64 95.99999999999999 -102.40000000000002
v 89.60000000000001 95.99999999999999 -102.40000000000002
v 64 115.19999999999999 -102.40000000000002
v 89.60000000000001 103.99999999999999 -102.40000000000002
v 25.6 103.99999999999999 -102.40000000000002
v 64 115.19999999999999 -102.40000000000002
v 25.6 108.8 -115.20000000000002
v 64 119.99999999999999 -115.20000000000002
v 25.6 108.8 -115.20000000000002
v 64 119.99999999999999 -115.20000000000002
v 25.6 136.8 -115.20000000000002
v 64 147.20000000000002 -115.20000000000002
v 89.60000000000001 95.99999999999997 -179.20000000000002
v 81.60000000000001 87.99999999999997 -179.20000000000002
v 64 104.79999999999998 -179.20000000000002
v 64 95.99999999999997 -179.20000000000002
v 64 105.59999999999998 -192
v 64 95.99999999999997 -192
v 89.60000000000001 95.99999999999997 -192
v 81.60000000000001 87.99999999999997 -192
v 89.60000000000001 68.79999999999997 -230.4
v 81.60000000000001 68.79999999999997 -230.4
v 64 86.39999999999998 -230.4
v 64 76.79999999999998 -230.4
v 8 68.79999999999997 -230.4
v 0 68.79999999999997 -230.4
v 25.6 76.79999999999998 -230.4
v 8 75.99999999999997 -230.4
v 8 87.99999999999999 -64.00000000000001
v 0 95.99999999999999 -64.00000000000001
v 25.6 95.99999999999999 -64.00000000000001
v 25.6 102.39999999999999 -64.00000000000001
v 8 77.59999999999998 -217.60000000000002
v 0 89.59999999999998 -217.60000000000002
v 25.6 78.39999999999998 -217.60000000000002
v 25.6 97.59999999999998 -217.60000000000002
v 64 83.19999999999999 -89.60000000000002
v 89.60000000000001 83.19999999999999 -89.60000000000002
v 64 95.99999999999999 -89.60000000000002
v 89.60000000000001 95.99999999999999 -89.60000000000002
v 64 83.19999999999999 -76.80000000000003
v 64 83.19999999999999 -89.60000000000002
v 64 95.99999999999999 -76.80000000000003
v 64 95.99999999999999 -89.60000000000002
v 64 83.19999999999999 -64.00000000000001
v 64 83.19999999999999 -76.80000000000003
v 64 95.99999999999999 -64.00000000000001
v 64 95.99999999999999 -76.80000000000003
v 64 83.2 -51.20000000000001
v 64 94.4 -51.20000000000002
v 64 70.4 -25.60000000000001
v 64 78.4 -25.600000000000012
v 64 107.19999999999997 -217.60000000000002
v 89.60000000000001 89.59999999999998 -217.60000000000002
v 64 87.99999999999997 -217.60000000000002
v 89.60000000000001 70.39999999999998 -217.60000000000002
vt 0.625 0.1171875
vt 0.9921875 0
vt 0.9921875 0.1171875
vt 0.75 0.2421875
vt 0.75 0.015625
vt 0.8203125 0.1796875
vt 0.9921875 0.1875
vt 0.9921875 0.2421875
vt 0.625 0.125
vt 0.9921875 0
vt 0.9921875 0.015625
vt 0.625 0.015625
vt 0.8671875 0.015625
vt 0.5 0.015625
vt 0.5 0
vt 0.8671875 0.015625
vt 0.5 0.015625
vt 0.5 0
vt 0.5 0.1796875
vt 0.5 0
vt 0.9921875 0.1796875
vt 0.9921875 0
vt 0.9921875 0.2421875
vt 0.75 0.2421875
vt 0.9921875 0
vt 0.75 0
vt 0.75 0
vt 0.9921875 0
vt 0.75 0.2421875
vt 0.9921875 0.2421875
vt 0.75 0
vt 0.9921875 0
vt 0.75 0.125
vt 0.9921875 0.125
vt 0.5 0.125
vt 0.5 0
vt 0.625 0.125
vt 0.625 0
vt 0.9921875 0.2421875
vt 0.75 0.2421875
vt 0.9921875 0.015625
vt 0.75 0.171875
vt 0.75 0.125
vt 0.5 0.125
vt 0.75 0
vt 0.5 0
vt 0.75 0.2421875
vt 0.5 0.2421875
vt 0.75 0
vt 0.5 0
vt 0.7421875 0.015625
vt 0.6640625 0.109375
vt 0.5 0
vt 0.5 0.015625
vt 0.9921875 0
vt 0.9921875 0.015625
vt 0.75 0.015625
vt 0.828125 0.125
vt 0.7421875 0.2421875
vt 0.671875 0.2421875
vt 0.5 0
vt 0.5 0.125
vt 0.8203125 0.0703125
vt 0.75 0.0703125
vt 0.9921875 0
vt 0.8203125 0
vt 0.828125 0.1015625
vt 0.75 0
vt 0.9921875 0.015625
vt 0.9921875 0
vt 0.8203125 0.1796875
vt 0.75 0.015625
vt 0.9921875 0.1796875
vt 0.9921875 0
vt 0.75 0.1171875
vt 0.625 0.1171875
vt 0.75 0
vt 0.625 0
vt 0.875 0.1171875
vt 0.75 0.1171875
vt 0.875 0
vt 0.75 0
vt 0.9921875 0.1171875
vt 0.875 0.1171875
vt 0.9921875 0
vt 0.875 0
vt 0.625 0.125
vt 0.625 0
vt 0.9921875 0.1875
vt 0.9921875 0.125
vt 0.5 0
vt 0.7421875 0.015625
vt 0.5 0.1875
vt 0.7421875 0.2421875
vn 0 1.2246467991473532e-16 1
vn 0 1.2246467991473532e-16 1
vn 0 1.2246467991473532e-16 1
vn 0 1.2246467991473532e-16 1
vn 0 1.2246467991473532e-16 1
vn 0 1.2246467991473532e-16 1
vn -1 0 0
vn -1 0 0
vn -1 0 0
vn 0 1.2246467991473532e-16 1
vn 0 1.2246467991473532e-16 1
vn 0 1.2246467991473532e-16 1
vn 0 -1.2246467991473532e-16 -1
vn 0 -1.2246467991473532e-16 -1
vn 0 -1.2246467991473532e-16 -1
vn 0 1.2246467991473532e-16 1
vn 0 1.2246467991473532e-16 1
vn 0 1.2246467991473532e-16 1
vn 0 1.2246467991473532e-16 1
vn 0 1.2246467991473532e-16 1
vn 0 1.2246467991473532e-16 1
vn 0 1.2246467991473532e-16 1
vn 0 -1.2246467991473532e-16 -1
vn 0 -1.2246467991473532e-16 -1
vn 0 -1.2246467991473532e-16 -1
vn 0 -1.2246467991473532e-16 -1
vn 0 -1.2246467991473532e-16 -1
vn 0 -1.2246467991473532e-16 -1
vn 0 -1.2246467991473532e-16 -1
vn 0 -1.2246467991473532e-16 -1
vn 0 -0.9363291751195387 -0.3511234481204074
vn 0 -0.9363291751195387 -0.3511234481204074
vn 0 -0.9363291751195387 -0.3511234481204074
vn 0 -0.9363291751195387 -0.3511234481204074
vn -1 0 0
vn -1 0 0
vn -1 0 0
vn -1 0 0
vn 0 -1.2246467991473532e-16 -1
vn 0 -1.2246467991473532e-16 -1
vn 0 -1.2246467991473532e-16 -1
vn 0 -1.2246467991473532e-16 -1
vn 0.2634484845678735 -0.903251913030054 -0.3387194673862702
vn 0.2634484845678735 -0.903251913030054 -0.3387194673862702
vn 0.2634484845678735 -0.903251913030054 -0.3387194673862702
vn 0.2634484845678735 -0.903251913030054 -0.3387194673862702
vn 0 -1.2246467991473532e-16 -1
vn 0 -1.2246467991473532e-16 -1
vn 0 -1.2246467991473532e-16 -1
vn 0 -1.2246467991473532e-16 -1
vn 0 1.2246467991473532e-16 1
vn 0 1.2246467991473532e-16 1
vn 0 1.2246467991473532e-16 1
vn 0 1.2246467991473532e-16 1
vn 0 -1.2246467991473532e-16 -1
vn 0 -1.2246467991473532e-16 -1
vn 0 -1.2246467991473532e-16 -1
vn 0 -1.2246467991473532e-16 -1
vn 0 1.2246467991473532e-16 1
vn 0 1.2246467991473532e-16 1
vn 0 1.2246467991473532e-16 1
vn 0 1.2246467991473532e-16 1
vn 0 1.2246467991473532e-16 1
vn 0 1.2246467991473532e-16 1
vn 0 1.2246467991473532e-16 1
vn 0 1.2246467991473532e-16 1
vn 0 1.2246467991473532e-16 1
vn 0 1.2246467991473532e-16 1
vn 0 1.2246467991473532e-16 1
vn 0 1.2246467991473532e-16 1
vn 0 1.2246467991473532e-16 1
vn 0 1.2246467991473532e-16 1
vn 0 1.2246467991473532e-16 1
vn 0 1.2246467991473532e-16 1
vn 0 -1.2246467991473532e-16 -1
vn 0 -1.2246467991473532e-16 -1
vn 0 -1.2246467991473532e-16 -1
vn 0 -1.2246467991473532e-16 -1
vn -1 0 0
vn -1 0 0
vn -1 0 0
vn -1 0 0
vn -1 0 0
vn -1 0 0
vn -1 0 0
vn -1 0 0
vn -1 0 0
vn -1 0 0
vn -1 0 0
vn -1 0 0
vn 0 1.2246467991473532e-16 1
vn 0 1.2246467991473532e-16 1
vn 0 1.2246467991473532e-16 1
vn 0 1.2246467991473532e-16 1
f 2320/2320/2320 2319/2319/2319 2318/2318/2318
f 2323/2323/2323 2322/2322/2322 2321/2321/2321
f 2326/2326/2326 2325/2325/2325 2324/2324/2324
f 2329/2329/2329 2328/2328/2328 2327/2327/2327
f 2332/2332/2332 2331/2331/2331 2330/2330/2330
f 2335/2335/2335 2334/2334/2334 2333/2333/2333
f 2338/2338/2338 2337/2337/2337 2336/2336/2336
f 2337/2337/2337 2338/2338/2338 2339/2339/2339
f 2342/2342/2342 2341/2341/2341 2340/2340/2340
f 2341/2341/2341 2342/2342/2342 2343/2343/2343
f 2346/2346/2346 2345/2345/2345 2344/2344/2344
f 2345/2345/2345 2346/2346/2346 2347/2347/2347
f 2350/2350/2350 2349/2349/2349 2348/2348/2348
f 2349/2349/2349 2350/2350/2350 2351/2351/2351
f 2354/2354/2354 2353/2353/2353 2352/2352/2352
f 2353/2353/2353 2354/2354/2354 2355/2355/2355
f 2358/2358/2358 2357/2357/2357 2356/2356/2356
f 2357/2357/2357 2358/2358/2358 2359/2359/2359
f 2362/2362/2362 2361/2361/2361 2360/2360/2360
f 2361/2361/2361 2362/2362/2362 2363/2363/2363
f 2366/2366/2366 2365/2365/2365 2364/2364/2364
f 2365/2365/2365 2366/2366/2366 2367/2367/2367
f 2370/2370/2370 2369/2369/2369 2368/2368/2368
f 2369/2369/2369 2370/2370/2370 2371/2371/2371
f 2374/2374/2374 2373/2373/2373 2372/2372/2372
f 2373/2373/2373 2374/2374/2374 2375/2375/2375
f 2378/2378/2378 2377/2377/2377 2376/2376/2376
f 2377/2377/2377 2378/2378/2378 2379/2379/2379
f 2382/2382/2382 2381/2381/2381 2380/2380/2380
f 2381/2381/2381 2382/2382/2382 2383/2383/2383
f 2386/2386/2386 2385/2385/2385 2384/2384/2384
f 2385/2385/2385 2386/2386/2386 2387/2387/2387
f 2390/2390/2390 2389/2389/2389 2388/2388/2388
f 2389/2389/2389 2390/2390/2390 2391/2391/2391
f 2394/2394/2394 2393/2393/2393 2392/2392/2392
f 2393/2393/2393 2394/2394/2394 2395/2395/2395
f 2398/2398/2398 2397/2397/2397 2396/2396/2396
f 2397/2397/2397 2398/2398/2398 2399/2399/2399
f 2402/2402/2402 2401/2401/2401 2400/2400/2400
f 2401/2401/2401 2402/2402/2402 2403/2403/2403
f 2406/2406/2406 2405/2405/2405 2404/2404/2404
f 2405/2405/2405 2406/2406/2406 2407/2407/2407
f 2410/2410/2410 2409/2409/2409 2408/2408/2408
f 2409/2409/2409 2410/2410/2410 2411/2411/2411
o mesh_36
usemtl mat14
v 92.80000000000001 33.699999999999996 -72.9
v 92.80000000000001 33.699999999999996 -75.9
v 92.80000000000001 34.49999999999999 -74.4
v 89.60000000000001 24.49999999999999 -81.10000000000001
v 89.60000000000001 24.89999999999999 -80.4
v 89.60000000000001 24.49999999999999 -79.7
v 92.80000000000001 33.699999999999996 -72.9
v 92.80000000000001 34.599999999999994 -72.9
v 104 33.699999999999996 -72.9
v 104 34.599999999999994 -72.9
v 92.80000000000001 34.99999999999999 -73.60000000000001
v 92.80000000000001 34.49999999999999 -74.4
v 104 34.99999999999999 -73.60000000000001
v 104 34.49999999999999 -74.4
v 92.80000000000001 32.39999999999999 -72.10000000000001
v 92.80000000000001 33.199999999999996 -72.10000000000001
v 104 32.39999999999999 -72.10000000000001
v 104 33.199999999999996 -72.10000000000001
v 92.80000000000001 33.199999999999996 -72.10000000000001
v 92.80000000000001 33.699999999999996 -72.9
v 104 33.199999999999996 -72.10000000000001
v 104 33.699999999999996 -72.9
v 92.80000000000001 34.49999999999999 -74.4
v 92.80000000000001 34.99999999999999 -73.60000000000001
v 92.80000000000001 33.699999999999996 -72.9
v 92.80000000000001 34.599999999999994 -72.9
v 92.80000000000001 31.99999999999999 -72.8
v 92.80000000000001 32.39999999999999 -72.10000000000001
v 104 31.99999999999999 -72.8
v 104 32.39999999999999 -72.10000000000001
v 92.80000000000001 33.699999999999996 -72.9
v 92.80000000000001 33.199999999999996 -72.10000000000001
v 92.80000000000001 31.99999999999999 -72.8
v 92.80000000000001 32.39999999999999 -72.10000000000001
v 92.80000000000001 34.599999999999994 -72.9
v 92.80000000000001 34.99999999999999 -73.60000000000001
v 104 34.599999999999994 -72.9
v 104 34.99999999999999 -73.60000000000001
v 104 33.699999999999996 -75.9
v 104 34.599999999999994 -75.9
v 92.80000000000001 33.699999999999996 -75.9
v 92.80000000000001 34.599999999999994 -75.9
v 104 34.599999999999994 -75.9
v 104 34.99999999999999 -75.2
v 92.80000000000001 34.599999999999994 -75.9
v 92.80000000000001 34.99999999999999 -75.2
v 104 32.39999999999999 -76.7
v 104 33.199999999999996 -76.7
v 92.80000000000001 32.39999999999999 -76.7
v 92.80000000000001 33.199999999999996 -76.7
v 104 33.199999999999996 -76.7
v 104 33.699999999999996 -75.9
v 92.80000000000001 33.199999999999996 -76.7
v 92.80000000000001 33.699999999999996 -75.9
v 92.80000000000001 31.99999999999999 -76
v 92.80000000000001 32.39999999999999 -76.7
v 92.80000000000001 33.699999999999996 -75.9
v 92.80000000000001 33.199999999999996 -76.7
v 104 31.99999999999999 -76
v 104 32.39999999999999 -76.7
v 92.80000000000001 31.99999999999999 -76
v 92.80000000000001 32.39999999999999 -76.7
v 92.80000000000001 34.99999999999999 -75.2
v 104 34.99999999999999 -75.2
v 92.80000000000001 34.49999999999999 -74.4
v 104 34.49999999999999 -74.4
v 92.80000000000001 33.699999999999996 -75.9
v 92.80000000000001 34.599999999999994 -75.9
v 92.80000000000001 34.49999999999999 -74.4
v 92.80000000000001 34.99999999999999 -75.2
v 92.80000000000001 33.699999999999996 -72.9
v 92.80000000000001 31.99999999999999 -72.8
v 92.80000000000001 33.699999999999996 -75.9
v 92.80000000000001 31.99999999999999 -76
v 92 28.79999999999999 -88
v 92 29.199999999999992 -88.7
v 92 30.39999999999999 -88
v 92 29.99999999999999 -88.7
v 92 30.39999999999999 -88
v 92 29.99999999999999 -87.30000000000001
v 92 28.79999999999999 -88
v 92 29.199999999999992 -87.30000000000001
v 92 30.39999999999999 -88
v 92 29.99999999999999 -88.7
v 103.2 30.39999999999999 -88
v 103.2 29.99999999999999 -88.7
v 92 29.199999999999992 -88.7
v 92 28.79999999999999 -88
v 103.2 29.199999999999992 -88.7
v 103.2 28.79999999999999 -88
v 92 29.99999999999999 -88.7
v 92 29.199999999999992 -88.7
v 103.2 29.99999999999999 -88.7
v 103.2 29.199999999999992 -88.7
v 92 29.99999999999999 -87.30000000000001
v 92 30.39999999999999 -88
v 103.2 29.99999999999999 -87.30000000000001
v 103.2 30.39999999999999 -88
v 92 28.79999999999999 -88
v 92 29.199999999999992 -87.30000000000001
v 103.2 28.79999999999999 -88
v 103.2 29.199999999999992 -87.30000000000001
v 92 29.199999999999992 -87.30000000000001
v 92 29.99999999999999 -87.30000000000001
v 103.2 29.199999999999992 -87.30000000000001
v 103.2 29.99999999999999 -87.30000000000001
v 89.60000000000001 20.39999999999999 -74.10000000000001
v 89.60000000000001 20.89999999999999 -74.9
v 100.80000000000001 20.39999999999999 -74.10000000000001
v 100.80000000000001 20.89999999999999 -74.9
v 89.60000000000001 19.59999999999999 -74.10000000000001
v 89.60000000000001 20.39999999999999 -74.10000000000001
v 100.80000000000001 19.59999999999999 -74.10000000000001
v 100.80000000000001 20.39999999999999 -74.10000000000001
v 89.60000000000001 20.89999999999999 -84.30000000000001
v 89.60000000000001 20.39999999999999 -85.10000000000001
v 100.80000000000001 20.89999999999999 -84.30000000000001
v 100.80000000000001 20.39999999999999 -85.10000000000001
v 89.60000000000001 19.59999999999999 -85.10000000000001
v 89.60000000000001 19.199999999999992 -84.4
v 100.80000000000001 19.59999999999999 -85.10000000000001
v 100.80000000000001 19.199999999999992 -84.4
v 89.60000000000001 20.39999999999999 -85.10000000000001
v 89.60000000000001 19.59999999999999 -85.10000000000001
v 100.80000000000001 20.39999999999999 -85.10000000000001
v 100.80000000000001 19.59999999999999 -85.10000000000001
v 89.60000000000001 20.89999999999999 -74.9
v 89.60000000000001 21.79999999999999 -74.9
v 100.80000000000001 20.89999999999999 -74.9
v 100.80000000000001 21.79999999999999 -74.9
v 89.60000000000001 22.199999999999992 -75.60000000000001
v 89.60000000000001 21.699999999999992 -76.4
v 100.80000000000001 22.199999999999992 -75.60000000000001
v 100.80000000000001 21.699999999999992 -76.4
v 89.60000000000001 21.79999999999999 -74.9
v 89.60000000000001 22.199999999999992 -75.60000000000001
v 100.80000000000001 21.79999999999999 -74.9
v 100.80000000000001 22.199999999999992 -75.60000000000001
v 89.60000000000001 19.199999999999992 -74.8
v 89.60000000000001 19.59999999999999 -74.10000000000001
v 100.80000000000001 19.199999999999992 -74.8
v 100.80000000000001 19.59999999999999 -74.10000000000001
v 89.60000000000001 22.199999999999992 -77.30000000000001
v 89.60000000000001 23.09999999999999 -77.30000000000001
v 100.80000000000001 22.199999999999992 -77.30000000000001
v 100.80000000000001 23.09999999999999 -77.30000000000001
v 89.60000000000001 23.49999999999999 -78
v 89.60000000000001 23.09999999999999 -78.80000000000001
v 100.80000000000001 23.49999999999999 -78
v 100.80000000000001 23.09999999999999 -78.80000000000001
v 89.60000000000001 23.09999999999999 -77.30000000000001
v 89.60000000000001 23.49999999999999 -78
v 100.80000000000001 23.09999999999999 -77.30000000000001
v 100.80000000000001 23.49999999999999 -78
v 89.60000000000001 21.79999999999999 -84.30000000000001
v 89.60000000000001 20.89999999999999 -84.30000000000001
v 100.80000000000001 21.79999999999999 -84.30000000000001
v 100.80000000000001 20.89999999999999 -84.30000000000001
v 89.60000000000001 22.199999999999992 -83.5
v 89.60000000000001 21.79999999999999 -84.30000000000001
v 100.80000000000001 22.199999999999992 -83.5
v 100.80000000000001 21.79999999999999 -84.30000000000001
v 89.60000000000001 21.699999999999992 -76.4
v 89.60000000000001 22.199999999999992 -77.30000000000001
v 100.80000000000001 21.699999999999992 -76.4
v 100.80000000000001 22.199999999999992 -77.30000000000001
v 89.60000000000001 23.09999999999999 -82
v 89.60000000000001 23.49999999999999 -82.80000000000001
v 100.80000000000001 23.09999999999999 -82
v 100.80000000000001 23.49999999999999 -82.80000000000001
v 89.60000000000001 23.09999999999999 -83.5
v 89.60000000000001 22.199999999999992 -83.5
v 100.80000000000001 23.09999999999999 -83.5
v 100.80000000000001 22.199999999999992 -83.5
v 89.60000000000001 23.49999999999999 -82.80000000000001
v 89.60000000000001 23.09999999999999 -83.5
v 100.80000000000001 23.49999999999999 -82.80000000000001
v 100.80000000000001 23.09999999999999 -83.5
v 89.60000000000001 24.49999999999999 -79.7
v 89.60000000000001 24.89999999999999 -80.4
v 100.80000000000001 24.49999999999999 -79.7
v 100.80000000000001 24.89999999999999 -80.4
v 89.60000000000001 24.89999999999999 -80.4
v 89.60000000000001 24.49999999999999 -81.10000000000001
v 100.80000000000001 24.89999999999999 -80.4
v 100.80000000000001 24.49999999999999 -81.10000000000001
v 89.60000000000001 23.59999999999999 -81.10000000000001
v 89.60000000000001 23.09999999999999 -82
v 100.80000000000001 23.59999999999999 -81.10000000000001
v 100.80000000000001 23.09999999999999 -82
v 89.60000000000001 23.09999999999999 -78.80000000000001
v 89.60000000000001 23.59999999999999 -79.7
v 100.80000000000001 23.09999999999999 -78.80000000000001
v 100.80000000000001 23.59999999999999 -79.7
v 89.60000000000001 24.49999999999999 -81.10000000000001
v 89.60000000000001 23.59999999999999 -81.10000000000001
v 100.80000000000001 24.49999999999999 -81.10000000000001
v 100.80000000000001 23.59999999999999 -81.10000000000001
v 89.60000000000001 23.59999999999999 -79.7
v 89.60000000000001 24.49999999999999 -79.7
v 100.80000000000001 23.59999999999999 -79.7
v 100.80000000000001 24.49999999999999 -79.7
v 89.60000000000001 24.49999999999999 -79.7
v 89.60000000000001 23.59999999999999 -79.7
v 89.60000000000001 24.49999999999999 -81.10000000000001
v 89.60000000000001 23.59999999999999 -81.10000000000001
v 89.60000000000001 23.59999999999999 -79.7
v 89.60000000000001 23.09999999999999 -78.80000000000001
v 89.60000000000001 23.59999999999999 -81.10000000000001
v 89.60000000000001 23.09999999999999 -82
v 89.60000000000001 23.09999999999999 -78.80000000000001
v 89.60000000000001 22.199999999999992 -77.30000000000001
v 89.60000000000001 23.09999999999999 -82
v 89.60000000000001 22.199999999999992 -83.5
v 89.60000000000001 22.199999999999992 -83.5
v 89.60000000000001 23.09999999999999 -83.5
v 89.60000000000001 23.09999999999999 -82
v 89.60000000000001 23.49999999999999 -82.80000000000001
v 89.60000000000001 22.199999999999992 -77.30000000000001
v 89.60000000000001 21.699999999999992 -76.4
v 89.60000000000001 22.199999999999992 -83.5
v 89.60000000000001 21.79999999999999 -84.30000000000001
v 89.60000000000001 21.699999999999992 -76.4
v 89.60000000000001 20.89999999999999 -74.9
v 89.60000000000001 21.79999999999999 -84.30000000000001
v 89.60000000000001 20.89999999999999 -84.30000000000001
v 89.60000000000001 23.09999999999999 -78.80000000000001
v 89.60000000000001 23.49999999999999 -78
v 89.60000000000001 22.199999999999992 -77.30000000000001
v 89.60000000000001 23.09999999999999 -77.30000000000001
v 89.60000000000001 20.89999999999999 -74.9
v 89.60000000000001 19.199999999999992 -74.8
v 89.60000000000001 20.89999999999999 -84.30000000000001
v 89.60000000000001 19.199999999999992 -84.4
v 89.60000000000001 21.699999999999992 -76.4
v 89.60000000000001 22.199999999999992 -75.60000000000001
v 89.60000000000001 20.89999999999999 -74.9
v 89.60000000000001 21.79999999999999 -74.9
v 89.60000000000001 19.199999999999992 -84.4
v 89.60000000000001 19.59999999999999 -85.10000000000001
v 89.60000000000001 20.89999999999999 -84.30000000000001
v 89.60000000000001 20.39999999999999 -85.10000000000001
v 89.60000000000001 20.89999999999999 -74.9
v 89.60000000000001 20.39999999999999 -74.10000000000001
v 89.60000000000001 19.199999999999992 -74.8
v 89.60000000000001 19.59999999999999 -74.10000000000001
vt 0.5703125 0.9140625
vt 0.609375 0.9140625
vt 0.59375 0.8984375
vt 0.578125 0.921875
vt 0.5703125 0.9140625
vt 0.5625 0.921875
vt 0.5546875 0.9296875
vt 0.546875 0.9296875
vt 0.5546875 0.875
vt 0.546875 0.875
vt 0.53125 0.9296875
vt 0.5234375 0.9296875
vt 0.53125 0.875
vt 0.5234375 0.875
vt 0.5546875 0.9296875
vt 0.546875 0.9296875
vt 0.5546875 0.875
vt 0.546875 0.875
vt 0.546875 0.9296875
vt 0.53125 0.9296875
vt 0.546875 0.875
vt 0.53125 0.875
vt 0.59375 0.8984375
vt 0.578125 0.8984375
vt 0.5703125 0.9140625
vt 0.5703125 0.8984375
vt 0.5078125 0.9296875
vt 0.5 0.9296875
vt 0.5078125 0.875
vt 0.5 0.875
vt 0.5703125 0.9140625
vt 0.5625 0.9140625
vt 0.5703125 0.9296875
vt 0.5625 0.9296875
vt 0.546875 0.9296875
vt 0.53125 0.9296875
vt 0.546875 0.875
vt 0.53125 0.875
vt 0.515625 0.875
vt 0.5234375 0.875
vt 0.515625 0.9296875
vt 0.5234375 0.9296875
vt 0.5234375 0.875
vt 0.5390625 0.875
vt 0.5234375 0.9296875
vt 0.5390625 0.9296875
vt 0.515625 0.875
vt 0.53125 0.875
vt 0.515625 0.9296875
vt 0.53125 0.9296875
vt 0.53125 0.875
vt 0.546875 0.875
vt 0.53125 0.9296875
vt 0.546875 0.9296875
vt 0.609375 0.9296875
vt 0.6171875 0.9296875
vt 0.609375 0.9140625
vt 0.6171875 0.9140625
vt 0.5 0.875
vt 0.515625 0.875
vt 0.5 0.9296875
vt 0.515625 0.9296875
vt 0.5390625 0.9296875
vt 0.5390625 0.875
vt 0.546875 0.9296875
vt 0.546875 0.875
vt 0.609375 0.9140625
vt 0.6171875 0.8984375
vt 0.59375 0.8984375
vt 0.6015625 0.8984375
vt 0.5703125 0.9140625
vt 0.5703125 0.9296875
vt 0.609375 0.9140625
vt 0.609375 0.9296875
vt 0.5703125 0.9296875
vt 0.578125 0.9296875
vt 0.5703125 0.9140625
vt 0.578125 0.9140625
vt 0.5703125 0.9140625
vt 0.5625 0.9140625
vt 0.5703125 0.9296875
vt 0.5625 0.9296875
vt 0.53125 0.9296875
vt 0.5234375 0.9296875
vt 0.53125 0.875
vt 0.5234375 0.875
vt 0.5078125 0.9296875
vt 0.5 0.9296875
vt 0.5078125 0.875
vt 0.5 0.875
vt 0.5234375 0.9296875
vt 0.5078125 0.9296875
vt 0.5234375 0.875
vt 0.5078125 0.875
vt 0.546875 0.9296875
vt 0.53125 0.9296875
vt 0.546875 0.875
vt 0.53125 0.875
vt 0.5078125 0.9296875
vt 0.5 0.9296875
vt 0.5078125 0.875
vt 0.5 0.875
vt 0.5546875 0.9296875
vt 0.546875 0.9296875
vt 0.5546875 0.875
vt 0.546875 0.875
vt 0.546875 0.9296875
vt 0.5390625 0.9296875
vt 0.546875 0.875
vt 0.5390625 0.875
vt 0.5546875 0.9296875
vt 0.546875 0.9296875
vt 0.5546875 0.875
vt 0.546875 0.875
vt 0.546875 0.9296875
vt 0.53125 0.9296875
vt 0.546875 0.875
vt 0.53125 0.875
vt 0.5234375 0.9296875
vt 0.5078125 0.9296875
vt 0.5234375 0.875
vt 0.5078125 0.875
vt 0.53125 0.9296875
vt 0.5234375 0.9296875
vt 0.53125 0.875
vt 0.5234375 0.875
vt 0.5546875 0.9296875
vt 0.546875 0.9296875
vt 0.5546875 0.875
vt 0.546875 0.875
vt 0.53125 0.9296875
vt 0.5234375 0.9296875
vt 0.53125 0.875
vt 0.5234375 0.875
vt 0.546875 0.9296875
vt 0.53125 0.9296875
vt 0.546875 0.875
vt 0.53125 0.875
vt 0.5078125 0.9296875
vt 0.5 0.9296875
vt 0.5078125 0.875
vt 0.5 0.875
vt 0.5546875 0.9296875
vt 0.546875 0.9296875
vt 0.5546875 0.875
vt 0.546875 0.875
vt 0.53125 0.9296875
vt 0.5234375 0.9296875
vt 0.53125 0.875
vt 0.5234375 0.875
vt 0.546875 0.9296875
vt 0.53125 0.9296875
vt 0.546875 0.875
vt 0.53125 0.875
vt 0.53125 0.9296875
vt 0.5234375 0.9296875
vt 0.53125 0.875
vt 0.5234375 0.875
vt 0.546875 0.9296875
vt 0.53125 0.9296875
vt 0.546875 0.875
vt 0.53125 0.875
vt 0.546875 0.9296875
vt 0.53125 0.9296875
vt 0.546875 0.875
vt 0.53125 0.875
vt 0.546875 0.9296875
vt 0.5390625 0.9296875
vt 0.546875 0.875
vt 0.5390625 0.875
vt 0.5234375 0.9296875
vt 0.515625 0.9296875
vt 0.5234375 0.875
vt 0.515625 0.875
vt 0.5390625 0.9296875
vt 0.5234375 0.9296875
vt 0.5390625 0.875
vt 0.5234375 0.875
vt 0.546875 0.9296875
vt 0.53125 0.9296875
vt 0.546875 0.875
vt 0.53125 0.875
vt 0.53125 0.9296875
vt 0.5234375 0.9296875
vt 0.53125 0.875
vt 0.5234375 0.875
vt 0.546875 0.9296875
vt 0.53125 0.9296875
vt 0.546875 0.875
vt 0.53125 0.875
vt 0.546875 0.9296875
vt 0.53125 0.9296875
vt 0.546875 0.875
vt 0.53125 0.875
vt 0.5234375 0.9296875
vt 0.5078125 0.9296875
vt 0.5234375 0.875
vt 0.5078125 0.875
vt 0.5546875 0.9296875
vt 0.546875 0.9296875
vt 0.5546875 0.875
vt 0.546875 0.875
vt 0.5625 0.921875
vt 0.5625 0.9296875
vt 0.578125 0.921875
vt 0.578125 0.9296875
vt 0.5390625 0.9453125
vt 0.5390625 0.953125
vt 0.5703125 0.9453125
vt 0.5703125 0.953125
vt 0.5390625 0.953125
vt 0.5234375 0.9609375
vt 0.5703125 0.953125
vt 0.5859375 0.9609375
vt 0.5859375 0.9609375
vt 0.5859375 0.9453125
vt 0.5703125 0.953125
vt 0.5859375 0.9453125
vt 0.5390625 0.9609375
vt 0.5234375 0.9609375
vt 0.6015625 0.9609375
vt 0.609375 0.9609375
vt 0.5234375 0.9609375
vt 0.5078125 0.9765625
vt 0.609375 0.9609375
vt 0.609375 0.9765625
vt 0.5390625 0.953125
vt 0.53125 0.9453125
vt 0.5234375 0.9609375
vt 0.5234375 0.9453125
vt 0.5078125 0.9765625
vt 0.5078125 0.9921875
vt 0.609375 0.9765625
vt 0.609375 0.9921875
vt 0.5234375 0.9609375
vt 0.515625 0.9609375
vt 0.515625 0.9765625
vt 0.515625 0.96875
vt 0.609375 0.9921875
vt 0.6171875 0.984375
vt 0.609375 0.9765625
vt 0.6171875 0.9765625
vt 0.5078125 0.9765625
vt 0.5 0.984375
vt 0.5078125 0.9921875
vt 0.5 0.9921875
vn -1 0 0
vn -1 0 0
vn -1 0 0
vn -1 0 0
vn -1 0 0
vn -1 0 0
vn 0 1.2246467991473532e-16 1
vn 0 1.2246467991473532e-16 1
vn 0 1.2246467991473532e-16 1
vn 0 1.2246467991473532e-16 1
vn 0 0.8479983006565124 -0.5299989453609008
vn 0 0.8479983006565124 -0.5299989453609008
vn 0 0.8479983006565124 -0.5299989453609008
vn 0 0.8479983006565124 -0.5299989453609008
vn 0 1.2246467991473532e-16 1
vn 0 1.2246467991473532e-16 1
vn 0 1.2246467991473532e-16 1
vn 0 1.2246467991473532e-16 1
vn 0 0.8479983006565125 0.5299989453609006
vn 0 0.8479983006565125 0.5299989453609006
vn 0 0.8479983006565125 0.5299989453609006
vn 0 0.8479983006565125 0.5299989453609006
vn -1 0 0
vn -1 0 0
vn -1 0 0
vn -1 0 0
vn 0 -0.8682431494604153 0.4961389255189105
vn 0 -0.8682431494604153 0.4961389255189105
vn 0 -0.8682431494604153 0.4961389255189105
vn 0 -0.8682431494604153 0.4961389255189105
vn -1 0 0
vn -1 0 0
vn -1 0 0
vn -1 0 0
vn 0 0.8682431494604154 0.49613892551891037
vn 0 0.8682431494604154 0.49613892551891037
vn 0 0.8682431494604154 0.49613892551891037
vn 0 0.8682431494604154 0.49613892551891037
vn 0 -1.2246467991473532e-16 -1
vn 0 -1.2246467991473532e-16 -1
vn 0 -1.2246467991473532e-16 -1
vn 0 -1.2246467991473532e-16 -1
vn 0 0.8682431494604153 -0.4961389255189105
vn 0 0.8682431494604153 -0.4961389255189105
vn 0 0.8682431494604153 -0.4961389255189105
vn 0 0.8682431494604153 -0.4961389255189105
vn 0 -1.2246467991473532e-16 -1
vn 0 -1.2246467991473532e-16 -1
vn 0 -1.2246467991473532e-16 -1
vn 0 -1.2246467991473532e-16 -1
vn 0 0.8479983006565124 -0.5299989453609008
vn 0 0.8479983006565124 -0.5299989453609008
vn 0 0.8479983006565124 -0.5299989453609008
vn 0 0.8479983006565124 -0.5299989453609008
vn -1 0 0
vn -1 0 0
vn -1 0 0
vn -1 0 0
vn 0 -0.8682431494604154 -0.49613892551891037
vn 0 -0.8682431494604154 -0.49613892551891037
vn 0 -0.8682431494604154 -0.49613892551891037
vn 0 -0.8682431494604154 -0.49613892551891037
vn 0 0.8479983006565125 0.5299989453609006
vn 0 0.8479983006565125 0.5299989453609006
vn 0 0.8479983006565125 0.5299989453609006
vn 0 0.8479983006565125 0.5299989453609006
vn -1 0 0
vn -1 0 0
vn -1 0 0
vn -1 0 0
vn -1 0 0
vn -1 0 0
vn -1 0 0
vn -1 0 0
vn -1 0 0
vn -1 0 0
vn -1 0 0
vn -1 0 0
vn -1 0 0
vn -1 0 0
vn -1 0 0
vn -1 0 0
vn 0 0.8682431494604153 -0.4961389255189105
vn 0 0.8682431494604153 -0.4961389255189105
vn 0 0.8682431494604153 -0.4961389255189105
vn 0 0.8682431494604153 -0.4961389255189105
vn 0 -0.8682431494604154 -0.49613892551891037
vn 0 -0.8682431494604154 -0.49613892551891037
vn 0 -0.8682431494604154 -0.49613892551891037
vn 0 -0.8682431494604154 -0.49613892551891037
vn 0 -1.2246467991473532e-16 -1
vn 0 -1.2246467991473532e-16 -1
vn 0 -1.2246467991473532e-16 -1
vn 0 -1.2246467991473532e-16 -1
vn 0 0.8682431494604154 0.49613892551891037
vn 0 0.8682431494604154 0.49613892551891037
vn 0 0.8682431494604154 0.49613892551891037
vn 0 0.8682431494604154 0.49613892551891037
vn 0 -0.8682431494604153 0.4961389255189105
vn 0 -0.8682431494604153 0.4961389255189105
vn 0 -0.8682431494604153 0.4961389255189105
vn 0 -0.8682431494604153 0.4961389255189105
vn 0 1.2246467991473532e-16 1
vn 0 1.2246467991473532e-16 1
vn 0 1.2246467991473532e-16 1
vn 0 1.2246467991473532e-16 1
vn 0 0.8479983006565125 0.5299989453609006
vn 0 0.8479983006565125 0.5299989453609006
vn 0 0.8479983006565125 0.5299989453609006
vn 0 0.8479983006565125 0.5299989453609006
vn 0 1.2246467991473532e-16 1
vn 0 1.2246467991473532e-16 1
vn 0 1.2246467991473532e-16 1
vn 0 1.2246467991473532e-16 1
vn 0 0.8479983006565124 -0.5299989453609008
vn 0 0.8479983006565124 -0.5299989453609008
vn 0 0.8479983006565124 -0.5299989453609008
vn 0 0.8479983006565124 -0.5299989453609008
vn 0 -0.8682431494604154 -0.49613892551891037
vn 0 -0.8682431494604154 -0.49613892551891037
vn 0 -0.8682431494604154 -0.49613892551891037
vn 0 -0.8682431494604154 -0.49613892551891037
vn 0 -1.2246467991473532e-16 -1
vn 0 -1.2246467991473532e-16 -1
vn 0 -1.2246467991473532e-16 -1
vn 0 -1.2246467991473532e-16 -1
vn 0 1.2246467991473532e-16 1
vn 0 1.2246467991473532e-16 1
vn 0 1.2246467991473532e-16 1
vn 0 1.2246467991473532e-16 1
vn 0 0.8479983006565124 -0.5299989453609008
vn 0 0.8479983006565124 -0.5299989453609008
vn 0 0.8479983006565124 -0.5299989453609008
vn 0 0.8479983006565124 -0.5299989453609008
vn 0 0.8682431494604154 0.49613892551891037
vn 0 0.8682431494604154 0.49613892551891037
vn 0 0.8682431494604154 0.49613892551891037
vn 0 0.8682431494604154 0.49613892551891037
vn 0 -0.8682431494604153 0.4961389255189105
vn 0 -0.8682431494604153 0.4961389255189105
vn 0 -0.8682431494604153 0.4961389255189105
vn 0 -0.8682431494604153 0.4961389255189105
vn 0 1.2246467991473532e-16 1
vn 0 1.2246467991473532e-16 1
vn 0 1.2246467991473532e-16 1
vn 0 1.2246467991473532e-16 1
vn 0 0.8944271909999157 -0.447213595499958
vn 0 0.8944271909999157 -0.447213595499958
vn 0 0.8944271909999157 -0.447213595499958
vn 0 0.8944271909999157 -0.447213595499958
vn 0 0.8682431494604154 0.49613892551891037
vn 0 0.8682431494604154 0.49613892551891037
vn 0 0.8682431494604154 0.49613892551891037
vn 0 0.8682431494604154 0.49613892551891037
vn 0 -1.2246467991473532e-16 -1
vn 0 -1.2246467991473532e-16 -1
vn 0 -1.2246467991473532e-16 -1
vn 0 -1.2246467991473532e-16 -1
vn 0 0.8944271909999157 -0.447213595499958
vn 0 0.8944271909999157 -0.447213595499958
vn 0 0.8944271909999157 -0.447213595499958
vn 0 0.8944271909999157 -0.447213595499958
vn 0 0.874157266281148 0.4856429488913333
vn 0 0.874157266281148 0.4856429488913333
vn 0 0.874157266281148 0.4856429488913333
vn 0 0.874157266281148 0.4856429488913333
vn 0 0.894427190999916 0.4472135954999579
vn 0 0.894427190999916 0.4472135954999579
vn 0 0.894427190999916 0.4472135954999579
vn 0 0.894427190999916 0.4472135954999579
vn 0 -1.2246467991473532e-16 -1
vn 0 -1.2246467991473532e-16 -1
vn 0 -1.2246467991473532e-16 -1
vn 0 -1.2246467991473532e-16 -1
vn 0 0.8682431494604153 -0.4961389255189105
vn 0 0.8682431494604153 -0.4961389255189105
vn 0 0.8682431494604153 -0.4961389255189105
vn 0 0.8682431494604153 -0.4961389255189105
vn 0 0.8682431494604154 0.49613892551891037
vn 0 0.8682431494604154 0.49613892551891037
vn 0 0.8682431494604154 0.49613892551891037
vn 0 0.8682431494604154 0.49613892551891037
vn 0 0.8682431494604153 -0.4961389255189105
vn 0 0.8682431494604153 -0.4961389255189105
vn 0 0.8682431494604153 -0.4961389255189105
vn 0 0.8682431494604153 -0.4961389255189105
vn 0 0.8741572662811479 -0.4856429488913334
vn 0 0.8741572662811479 -0.4856429488913334
vn 0 0.8741572662811479 -0.4856429488913334
vn 0 0.8741572662811479 -0.4856429488913334
vn 0 0.874157266281148 0.4856429488913333
vn 0 0.874157266281148 0.4856429488913333
vn 0 0.874157266281148 0.4856429488913333
vn 0 0.874157266281148 0.4856429488913333
vn 0 -1.2246467991473532e-16 -1
vn 0 -1.2246467991473532e-16 -1
vn 0 -1.2246467991473532e-16 -1
vn 0 -1.2246467991473532e-16 -1
vn 0 1.2246467991473532e-16 1
vn 0 1.2246467991473532e-16 1
vn 0 1.2246467991473532e-16 1
vn 0 1.2246467991473532e-16 1
vn -1 0 0
vn -1 0 0
vn -1 0 0
vn -1 0 0
vn -1 0 0
vn -1 0 0
vn -1 0 0
vn -1 0 0
vn -1 0 0
vn -1 0 0
vn -1 0 0
vn -1 0 0
vn -1 0 0
vn -1 0 0
vn -1 0 0
vn -1 0 0
vn -1 0 0
vn -1 0 0
vn -1 0 0
vn -1 0 0
vn -1 0 0
vn -1 0 0
vn -1 0 0
vn -1 0 0
vn -1 0 0
vn -1 0 0
vn -1 0 0
vn -1 0 0
vn -1 0 0
vn -1 0 0
vn -1 0 0
vn -1 0 0
vn -1 0 0
vn -1 0 0
vn -1 0 0
vn -1 0 0
vn -1 0 0
vn -1 0 0
vn -1 0 0
vn -1 0 0
vn -1 0 0
vn -1 0 0
vn -1 0 0
vn -1 0 0
f 2414/2414/2414 2413/2413/2413 2412/2412/2412
f 2417/2417/2417 2416/2416/2416 2415/2415/2415
f 2420/2420/2420 2419/2419/2419 2418/2418/2418
f 2419/2419/2419 2420/2420/2420 2421/2421/2421
f 2424/2424/2424 2423/2423/2423 2422/2422/2422
f 2423/2423/2423 2424/2424/2424 2425/2425/2425
f 2428/2428/2428 2427/2427/2427 2426/2426/2426
f 2427/2427/2427 2428/2428/2428 2429/2429/2429
f 2432/2432/2432 2431/2431/2431 2430/2430/2430
f 2431/2431/2431 2432/2432/2432 2433/2433/2433
f 2436/2436/2436 2435/2435/2435 2434/2434/2434
f 2435/2435/2435 2436/2436/2436 2437/2437/2437
f 2440/2440/2440 2439/2439/2439 2438/2438/2438
f 2439/2439/2439 2440/2440/2440 2441/2441/2441
f 2444/2444/2444 2443/2443/2443 2442/2442/2442
f 2443/2443/2443 2444/2444/2444 2445/2445/2445
f 2448/2448/2448 2447/2447/2447 2446/2446/2446
f 2447/2447/2447 2448/2448/2448 2449/2449/2449
f 2452/2452/2452 2451/2451/2451 2450/2450/2450
f 2451/2451/2451 2452/2452/2452 2453/2453/2453
f 2456/2456/2456 2455/2455/2455 2454/2454/2454
f 2455/2455/2455 2456/2456/2456 2457/2457/2457
f 2460/2460/2460 2459/2459/2459 2458/2458/2458
f 2459/2459/2459 2460/2460/2460 2461/2461/2461
f 2464/2464/2464 2463/2463/2463 2462/2462/2462
f 2463/2463/2463 2464/2464/2464 2465/2465/2465
f 2468/2468/2468 2467/2467/2467 2466/2466/2466
f 2467/2467/2467 2468/2468/2468 2469/2469/2469
f 2472/2472/2472 2471/2471/2471 2470/2470/2470
f 2471/2471/2471 2472/2472/2472 2473/2473/2473
f 2476/2476/2476 2475/2475/2475 2474/2474/2474
f 2475/2475/2475 2476/2476/2476 2477/2477/2477
f 2480/2480/2480 2479/2479/2479 2478/2478/2478
f 2479/2479/2479 2480/2480/2480 2481/2481/2481
f 2484/2484/2484 2483/2483/2483 2482/2482/2482
f 2483/2483/2483 2484/2484/2484 2485/2485/2485
f 2488/2488/2488 2487/2487/2487 2486/2486/2486
f 2487/2487/2487 2488/2488/2488 2489/2489/2489
f 2492/2492/2492 2491/2491/2491 2490/2490/2490
f 2491/2491/2491 2492/2492/2492 2493/2493/2493
f 2496/2496/2496 2495/2495/2495 2494/2494/2494
f 2495/2495/2495 2496/2496/2496 2497/2497/2497
f 2500/2500/2500 2499/2499/2499 2498/2498/2498
f 2499/2499/2499 2500/2500/2500 2501/2501/2501
f 2504/2504/2504 2503/2503/2503 2502/2502/2502
f 2503/2503/2503 2504/2504/2504 2505/2505/2505
f 2508/2508/2508 2507/2507/2507 2506/2506/2506
f 2507/2507/2507 2508/2508/2508 2509/2509/2509
f 2512/2512/2512 2511/2511/2511 2510/2510/2510
f 2511/2511/2511 2512/2512/2512 2513/2513/2513
f 2516/2516/2516 2515/2515/2515 2514/2514/2514
f 2515/2515/2515 2516/2516/2516 2517/2517/2517
f 2520/2520/2520 2519/2519/2519 2518/2518/2518
f 2519/2519/2519 2520/2520/2520 2521/2521/2521
f 2524/2524/2524 2523/2523/2523 2522/2522/2522
f 2523/2523/2523 2524/2524/2524 2525/2525/2525
f 2528/2528/2528 2527/2527/2527 2526/2526/2526
f 2527/2527/2527 2528/2528/2528 2529/2529/2529
f 2532/2532/2532 2531/2531/2531 2530/2530/2530
f 2531/2531/2531 2532/2532/2532 2533/2533/2533
f 2536/2536/2536 2535/2535/2535 2534/2534/2534
f 2535/2535/2535 2536/2536/2536 2537/2537/2537
f 2540/2540/2540 2539/2539/2539 2538/2538/2538
f 2539/2539/2539 2540/2540/2540 2541/2541/2541
f 2544/2544/2544 2543/2543/2543 2542/2542/2542
f 2543/2543/2543 2544/2544/2544 2545/2545/2545
f 2548/2548/2548 2547/2547/2547 2546/2546/2546
f 2547/2547/2547 2548/2548/2548 2549/2549/2549
f 2552/2552/2552 2551/2551/2551 2550/2550/2550
f 2551/2551/2551 2552/2552/2552 2553/2553/2553
f 2556/2556/2556 2555/2555/2555 2554/2554/2554
f 2555/2555/2555 2556/2556/2556 2557/2557/2557
f 2560/2560/2560 2559/2559/2559 2558/2558/2558
f 2559/2559/2559 2560/2560/2560 2561/2561/2561
f 2564/2564/2564 2563/2563/2563 2562/2562/2562
f 2563/2563/2563 2564/2564/2564 2565/2565/2565
f 2568/2568/2568 2567/2567/2567 2566/2566/2566
f 2567/2567/2567 2568/2568/2568 2569/2569/2569
f 2572/2572/2572 2571/2571/2571 2570/2570/2570
f 2571/2571/2571 2572/2572/2572 2573/2573/2573
f 2576/2576/2576 2575/2575/2575 2574/2574/2574
f 2575/2575/2575 2576/2576/2576 2577/2577/2577
f 2580/2580/2580 2579/2579/2579 2578/2578/2578
f 2579/2579/2579 2580/2580/2580 2581/2581/2581
f 2584/2584/2584 2583/2583/2583 2582/2582/2582
f 2583/2583/2583 2584/2584/2584 2585/2585/2585
f 2588/2588/2588 2587/2587/2587 2586/2586/2586
f 2587/2587/2587 2588/2588/2588 2589/2589/2589
f 2592/2592/2592 2591/2591/2591 2590/2590/2590
f 2591/2591/2591 2592/2592/2592 2593/2593/2593
f 2596/2596/2596 2595/2595/2595 2594/2594/2594
f 2595/2595/2595 2596/2596/2596 2597/2597/2597
f 2600/2600/2600 2599/2599/2599 2598/2598/2598
f 2599/2599/2599 2600/2600/2600 2601/2601/2601
f 2604/2604/2604 2603/2603/2603 2602/2602/2602
f 2603/2603/2603 2604/2604/2604 2605/2605/2605
f 2608/2608/2608 2607/2607/2607 2606/2606/2606
f 2607/2607/2607 2608/2608/2608 2609/2609/2609
f 2612/2612/2612 2611/2611/2611 2610/2610/2610
f 2611/2611/2611 2612/2612/2612 2613/2613/2613
f 2616/2616/2616 2615/2615/2615 2614/2614/2614
f 2615/2615/2615 2616/2616/2616 2617/2617/2617
f 2620/2620/2620 2619/2619/2619 2618/2618/2618
f 2619/2619/2619 2620/2620/2620 2621/2621/2621
f 2624/2624/2624 2623/2623/2623 2622/2622/2622
f 2623/2623/2623 2624/2624/2624 2625/2625/2625
f 2628/2628/2628 2627/2627/2627 2626/2626/2626
f 2627/2627/2627 2628/2628/2628 2629/2629/2629
f 2632/2632/2632 2631/2631/2631 2630/2630/2630
f 2631/2631/2631 2632/2632/2632 2633/2633/2633
f 2636/2636/2636 2635/2635/2635 2634/2634/2634
f 2635/2635/2635 2636/2636/2636 2637/2637/2637
f 2640/2640/2640 2639/2639/2639 2638/2638/2638
f 2639/2639/2639 2640/2640/2640 2641/2641/2641
f 2644/2644/2644 2643/2643/2643 2642/2642/2642
f 2643/2643/2643 2644/2644/2644 2645/2645/2645
f 2648/2648/2648 2647/2647/2647 2646/2646/2646
f 2647/2647/2647 2648/2648/2648 2649/2649/2649
f 2652/2652/2652 2651/2651/2651 2650/2650/2650
f 2651/2651/2651 2652/2652/2652 2653/2653/2653
f 2656/2656/2656 2655/2655/2655 2654/2654/2654
f 2655/2655/2655 2656/2656/2656 2657/2657/2657
o mesh_37
usemtl mat3
v 32 15.99999999999997 -244
v 32 15.599999999999971 -243.70000000000002
v 31.700000000000003 15.599999999999971 -244.20000000000002
v 32 15.99999999999997 -244
v 31.700000000000003 15.599999999999971 -244.20000000000002
v 32.300000000000004 15.599999999999971 -244.20000000000002
v 32 15.99999999999997 -244
v 32.300000000000004 15.599999999999971 -244.20000000000002
v 32 15.599999999999971 -243.70000000000002
v 31.700000000000003 13.39999999999997 -244.20000000000002
v 32 13.39999999999997 -243.60000000000002
v 31.3 13.19999999999997 -244.4
v 32 13.19999999999997 -243.20000000000002
v 31.3 13.19999999999997 -244.4
v 32 13.19999999999997 -243.20000000000002
v 31.5 12.79999999999997 -244.3
v 32 12.79999999999997 -243.4
v 32 15.599999999999971 -243.70000000000002
v 32.300000000000004 15.599999999999971 -244.20000000000002
v 32 13.39999999999997 -243.60000000000002
v 32.300000000000004 13.39999999999997 -244.20000000000002
v 32.300000000000004 13.39999999999997 -244.20000000000002
v 31.700000000000003 13.39999999999997 -244.20000000000002
v 32.7 13.19999999999997 -244.4
v 31.3 13.19999999999997 -244.4
v 32 13.39999999999997 -243.60000000000002
v 32.300000000000004 13.39999999999997 -244.20000000000002
v 32 13.19999999999997 -243.20000000000002
v 32.7 13.19999999999997 -244.4
v 32 13.19999999999997 -243.20000000000002
v 32.7 13.19999999999997 -244.4
v 32 12.79999999999997 -243.4
v 32.5 12.79999999999997 -244.3
v 31.700000000000003 15.599999999999971 -244.20000000000002
v 32 15.599999999999971 -243.70000000000002
v 31.700000000000003 13.39999999999997 -244.20000000000002
v 32 13.39999999999997 -243.60000000000002
vt 0.9609375 0.4375
vt 0.9609375 0.4375
vt 0.953125 0.4375
vt 0.96875 0.375
vt 0.9765625 0.3828125
vt 0.953125 0.3828125
vt 0.9609375 0.4375
vt 0.9765625 0.4375
vt 0.9609375 0.4375
vt 0.9453125 0.484375
vt 0.9609375 0.484375
vt 0.9375 0.484375
vt 0.9609375 0.484375
vt 0.9375 0.484375
vt 0.9609375 0.484375
vt 0.9375 0.4921875
vt 0.9609375 0.4921875
vt 0.9609375 0.4375
vt 0.9765625 0.4375
vt 0.9609375 0.484375
vt 0.9765625 0.484375
vt 0.953125 0.421875
vt 0.9765625 0.421875
vt 0.9375 0.4296875
vt 0.9921875 0.4296875
vt 0.9609375 0.484375
vt 0.9765625 0.484375
vt 0.9609375 0.484375
vt 0.9921875 0.484375
vt 0.9609375 0.484375
vt 0.9921875 0.484375
vt 0.9609375 0.4921875
vt 0.984375 0.4921875
vt 0.953125 0.4375
vt 0.9609375 0.4375
vt 0.9453125 0.484375
vt 0.9609375 0.484375
vn -0.8000000042915342 0.3600000108718871 0.4799999846935273
vn -0.8000000042915342 0.3600000108718871 0.4799999846935273
vn -0.8000000042915342 0.3600000108718871 0.4799999846935273
vn 0 0.4472135954999579 -0.894427190999916
vn 0 0.4472135954999579 -0.894427190999916
vn 0 0.4472135954999579 -0.894427190999916
vn 0.8000000042915342 0.3600000108718871 0.4799999846935273
vn 0.8000000042915342 0.3600000108718871 0.4799999846935273
vn 0.8000000042915342 0.3600000108718871 0.4799999846935273
vn -0.5345224710524249 0.8017837363809596 0.26726123552621234
vn -0.5345224710524249 0.8017837363809596 0.26726123552621234
vn -0.5345224710524249 0.8017837363809596 0.26726123552621234
vn -0.5345224710524249 0.8017837363809596 0.26726123552621234
vn -0.825991752097014 -0.29253873311672474 0.48182851212248407
vn -0.825991752097014 -0.29253873311672474 0.48182851212248407
vn -0.825991752097014 -0.29253873311672474 0.48182851212248407
vn -0.825991752097014 -0.29253873311672474 0.48182851212248407
vn 0.8572585401098495 0.0233797779941033 0.514355112144981
vn 0.8572585401098495 0.0233797779941033 0.514355112144981
vn 0.8572585401098495 0.0233797779941033 0.514355112144981
vn 0.8572585401098495 0.0233797779941033 0.514355112144981
vn 0 0.7071067811865475 -0.7071067811865476
vn 0 0.7071067811865475 -0.7071067811865476
vn 0 0.7071067811865475 -0.7071067811865476
vn 0 0.7071067811865475 -0.7071067811865476
vn 0.6666666666666666 0.6666666666666666 0.33333333333333326
vn 0.6666666666666666 0.6666666666666666 0.33333333333333326
vn 0.6666666666666666 0.6666666666666666 0.33333333333333326
vn 0.6666666666666666 0.6666666666666666 0.33333333333333326
vn 0.8376057676887255 -0.24430168969312543 0.4886033793862509
vn 0.8376057676887255 -0.24430168969312543 0.4886033793862509
vn 0.8376057676887255 -0.24430168969312543 0.4886033793862509
vn 0.8376057676887255 -0.24430168969312543 0.4886033793862509
vn -0.857492936231011 6.300755585902083e-17 0.5144957378967483
vn -0.857492936231011 6.300755585902083e-17 0.5144957378967483
vn -0.857492936231011 6.300755585902083e-17 0.5144957378967483
vn -0.857492936231011 6.300755585902083e-17 0.5144957378967483
f 2660/2660/2660 2659/2659/2659 2658/2658/2658
f 2663/2663/2663 2662/2662/2662 2661/2661/2661
f 2666/2666/2666 2665/2665/2665 2664/2664/2664
f 2669/2669/2669 2668/2668/2668 2667/2667/2667
f 2668/2668/2668 2669/2669/2669 2670/2670/2670
f 2673/2673/2673 2672/2672/2672 2671/2671/2671
f 2672/2672/2672 2673/2673/2673 2674/2674/2674
f 2677/2677/2677 2676/2676/2676 2675/2675/2675
f 2676/2676/2676 2677/2677/2677 2678/2678/2678
f 2681/2681/2681 2680/2680/2680 2679/2679/2679
f 2680/2680/2680 2681/2681/2681 2682/2682/2682
f 2685/2685/2685 2684/2684/2684 2683/2683/2683
f 2684/2684/2684 2685/2685/2685 2686/2686/2686
f 2689/2689/2689 2688/2688/2688 2687/2687/2687
f 2688/2688/2688 2689/2689/2689 2690/2690/2690
f 2693/2693/2693 2692/2692/2692 2691/2691/2691
f 2692/2692/2692 2693/2693/2693 2694/2694/2694
o mesh_38
usemtl mat3
v 90.4 47.99999999999998 -185.60000000000002
v 90.60000000000001 47.59999999999998 -185.3
v 90.10000000000001 47.59999999999998 -185.60000000000002
v 90.4 47.99999999999998 -185.60000000000002
v 90.60000000000001 47.59999999999998 -185.9
v 90.60000000000001 47.59999999999998 -185.3
v 90.4 47.99999999999998 -185.60000000000002
v 90.10000000000001 47.59999999999998 -185.60000000000002
v 90.60000000000001 47.59999999999998 -185.9
v 90.60000000000001 47.59999999999998 -185.9
v 90.10000000000001 47.59999999999998 -185.60000000000002
v 90.60000000000001 45.399999999999984 -185.9
v 90 45.399999999999984 -185.60000000000002
v 89.60000000000001 45.19999999999998 -185.60000000000002
v 90.80000000000001 45.19999999999998 -184.9
v 89.80000000000001 44.79999999999998 -185.60000000000002
v 90.7 44.79999999999998 -185.10000000000002
v 90 45.399999999999984 -185.60000000000002
v 90.60000000000001 45.399999999999984 -185.3
v 89.60000000000001 45.19999999999998 -185.60000000000002
v 90.80000000000001 45.19999999999998 -184.9
v 90.60000000000001 45.399999999999984 -185.3
v 90.60000000000001 45.399999999999984 -185.9
v 90.80000000000001 45.19999999999998 -184.9
v 90.80000000000001 45.19999999999998 -186.3
v 90.10000000000001 47.59999999999998 -185.60000000000002
v 90.60000000000001 47.59999999999998 -185.3
v 90 45.399999999999984 -185.60000000000002
v 90.60000000000001 45.399999999999984 -185.3
v 90.80000000000001 45.19999999999998 -186.3
v 89.60000000000001 45.19999999999998 -185.60000000000002
v 90.7 44.79999999999998 -186.10000000000002
v 89.80000000000001 44.79999999999998 -185.60000000000002
v 90.60000000000001 45.399999999999984 -185.9
v 90 45.399999999999984 -185.60000000000002
v 90.80000000000001 45.19999999999998 -186.3
v 89.60000000000001 45.19999999999998 -185.60000000000002
vt 0.9609375 0.4375
vt 0.9765625 0.4375
vt 0.9609375 0.4375
vt 0.96875 0.375
vt 0.9765625 0.3828125
vt 0.953125 0.3828125
vt 0.9609375 0.4375
vt 0.9609375 0.4375
vt 0.953125 0.4375
vt 0.953125 0.4375
vt 0.9609375 0.4375
vt 0.953125 0.484375
vt 0.9609375 0.484375
vt 0.9609375 0.484375
vt 0.9921875 0.484375
vt 0.9609375 0.4921875
vt 0.984375 0.4921875
vt 0.9609375 0.484375
vt 0.9765625 0.484375
vt 0.9609375 0.484375
vt 0.9921875 0.484375
vt 0.953125 0.421875
vt 0.9765625 0.421875
vt 0.9375 0.4296875
vt 0.9921875 0.4296875
vt 0.9609375 0.4375
vt 0.9765625 0.4375
vt 0.9609375 0.484375
vt 0.9765625 0.484375
vt 0.9375 0.484375
vt 0.9609375 0.484375
vt 0.9375 0.4921875
vt 0.9609375 0.4921875
vt 0.953125 0.484375
vt 0.9609375 0.484375
vt 0.9375 0.484375
vt 0.9609375 0.484375
vn -0.4799999846935272 0.36000001087188704 0.8000000042915341
vn -0.4799999846935272 0.36000001087188704 0.8000000042915341
vn -0.4799999846935272 0.36000001087188704 0.8000000042915341
vn 0.8944271909999157 0.44721359549995787 -5.476786982642025e-17
vn 0.8944271909999157 0.44721359549995787 -5.476786982642025e-17
vn 0.8944271909999157 0.44721359549995787 -5.476786982642025e-17
vn -0.4799999846935273 0.36000001087188693 -0.8000000042915342
vn -0.4799999846935273 0.36000001087188693 -0.8000000042915342
vn -0.4799999846935273 0.36000001087188693 -0.8000000042915342
vn -0.5144957378967483 -1.050125979646773e-16 -0.857492936231011
vn -0.5144957378967483 -1.050125979646773e-16 -0.857492936231011
vn -0.5144957378967483 -1.050125979646773e-16 -0.857492936231011
vn -0.5144957378967483 -1.050125979646773e-16 -0.857492936231011
vn -0.4886033793862509 -0.24430168969312538 0.8376057676887255
vn -0.4886033793862509 -0.24430168969312538 0.8376057676887255
vn -0.4886033793862509 -0.24430168969312538 0.8376057676887255
vn -0.4886033793862509 -0.24430168969312538 0.8376057676887255
vn -0.3333333333333333 0.6666666666666667 0.6666666666666665
vn -0.3333333333333333 0.6666666666666667 0.6666666666666665
vn -0.3333333333333333 0.6666666666666667 0.6666666666666665
vn -0.3333333333333333 0.6666666666666667 0.6666666666666665
vn 0.7071067811865475 0.7071067811865475 -8.659560562354932e-17
vn 0.7071067811865475 0.7071067811865475 -8.659560562354932e-17
vn 0.7071067811865475 0.7071067811865475 -8.659560562354932e-17
vn 0.7071067811865475 0.7071067811865475 -8.659560562354932e-17
vn -0.514355112144981 0.023379777994103342 0.8572585401098495
vn -0.514355112144981 0.023379777994103342 0.8572585401098495
vn -0.514355112144981 0.023379777994103342 0.8572585401098495
vn -0.514355112144981 0.023379777994103342 0.8572585401098495
vn -0.48182851212248395 -0.29253873311672485 -0.8259917520970139
vn -0.48182851212248395 -0.29253873311672485 -0.8259917520970139
vn -0.48182851212248395 -0.29253873311672485 -0.8259917520970139
vn -0.48182851212248395 -0.29253873311672485 -0.8259917520970139
vn -0.2672612355262124 0.8017837363809595 -0.5345224710524249
vn -0.2672612355262124 0.8017837363809595 -0.5345224710524249
vn -0.2672612355262124 0.8017837363809595 -0.5345224710524249
vn -0.2672612355262124 0.8017837363809595 -0.5345224710524249
f 2697/2697/2697 2696/2696/2696 2695/2695/2695
f 2700/2700/2700 2699/2699/2699 2698/2698/2698
f 2703/2703/2703 2702/2702/2702 2701/2701/2701
f 2706/2706/2706 2705/2705/2705 2704/2704/2704
f 2705/2705/2705 2706/2706/2706 2707/2707/2707
f 2710/2710/2710 2709/2709/2709 2708/2708/2708
f 2709/2709/2709 2710/2710/2710 2711/2711/2711
f 2714/2714/2714 2713/2713/2713 2712/2712/2712
f 2713/2713/2713 2714/2714/2714 2715/2715/2715
f 2718/2718/2718 2717/2717/2717 2716/2716/2716
f 2717/2717/2717 2718/2718/2718 2719/2719/2719
f 2722/2722/2722 2721/2721/2721 2720/2720/2720
f 2721/2721/2721 2722/2722/2722 2723/2723/2723
f 2726/2726/2726 2725/2725/2725 2724/2724/2724
f 2725/2725/2725 2726/2726/2726 2727/2727/2727
f 2730/2730/2730 2729/2729/2729 2728/2728/2728
f 2729/2729/2729 2730/2730/2730 2731/2731/2731
o mesh_39
usemtl mat3
v 90.4 35.199999999999996 -57.60000000000001
v 90.10000000000001 34.8 -57.60000000000001
v 90.60000000000001 34.8 -57.90000000000001
v 90.4 35.199999999999996 -57.60000000000001
v 90.60000000000001 34.8 -57.90000000000001
v 90.60000000000001 34.8 -57.30000000000001
v 90.4 35.199999999999996 -57.60000000000001
v 90.60000000000001 34.8 -57.30000000000001
v 90.10000000000001 34.8 -57.60000000000001
v 90.60000000000001 32.599999999999994 -57.90000000000001
v 90 32.599999999999994 -57.60000000000001
v 90.80000000000001 32.39999999999999 -58.30000000000001
v 89.60000000000001 32.39999999999999 -57.60000000000001
v 90.80000000000001 32.39999999999999 -58.30000000000001
v 89.60000000000001 32.39999999999999 -57.60000000000001
v 90.7 31.999999999999993 -58.10000000000001
v 89.80000000000001 31.999999999999993 -57.60000000000001
v 90.10000000000001 34.8 -57.60000000000001
v 90.60000000000001 34.8 -57.30000000000001
v 90 32.599999999999994 -57.60000000000001
v 90.60000000000001 32.599999999999994 -57.30000000000001
v 90.60000000000001 32.599999999999994 -57.30000000000001
v 90.60000000000001 32.599999999999994 -57.90000000000001
v 90.80000000000001 32.39999999999999 -56.90000000000001
v 90.80000000000001 32.39999999999999 -58.30000000000001
v 90 32.599999999999994 -57.60000000000001
v 90.60000000000001 32.599999999999994 -57.30000000000001
v 89.60000000000001 32.39999999999999 -57.60000000000001
v 90.80000000000001 32.39999999999999 -56.90000000000001
v 89.60000000000001 32.39999999999999 -57.60000000000001
v 90.80000000000001 32.39999999999999 -56.90000000000001
v 89.80000000000001 31.999999999999993 -57.60000000000001
v 90.7 31.999999999999993 -57.10000000000001
v 90.60000000000001 34.8 -57.90000000000001
v 90.10000000000001 34.8 -57.60000000000001
v 90.60000000000001 32.599999999999994 -57.90000000000001
v 90 32.599999999999994 -57.60000000000001
vt 0.9609375 0.4375
vt 0.9609375 0.4375
vt 0.953125 0.4375
vt 0.96875 0.375
vt 0.9765625 0.3828125
vt 0.953125 0.3828125
vt 0.9609375 0.4375
vt 0.9765625 0.4375
vt 0.9609375 0.4375
vt 0.953125 0.484375
vt 0.9609375 0.484375
vt 0.9375 0.484375
vt 0.9609375 0.484375
vt 0.9375 0.484375
vt 0.9609375 0.484375
vt 0.9375 0.4921875
vt 0.9609375 0.4921875
vt 0.9609375 0.4375
vt 0.9765625 0.4375
vt 0.9609375 0.484375
vt 0.9765625 0.484375
vt 0.953125 0.421875
vt 0.9765625 0.421875
vt 0.9375 0.4296875
vt 0.9921875 0.4296875
vt 0.9609375 0.484375
vt 0.9765625 0.484375
vt 0.9609375 0.484375
vt 0.9921875 0.484375
vt 0.9609375 0.484375
vt 0.9921875 0.484375
vt 0.9609375 0.4921875
vt 0.984375 0.4921875
vt 0.953125 0.4375
vt 0.9609375 0.4375
vt 0.953125 0.484375
vt 0.9609375 0.484375
vn -0.4799999846935273 0.36000001087188693 -0.8000000042915342
vn -0.4799999846935273 0.36000001087188693 -0.8000000042915342
vn -0.4799999846935273 0.36000001087188693 -0.8000000042915342
vn 0.8944271909999157 0.44721359549995787 -5.476786982642025e-17
vn 0.8944271909999157 0.44721359549995787 -5.476786982642025e-17
vn 0.8944271909999157 0.44721359549995787 -5.476786982642025e-17
vn -0.4799999846935272 0.36000001087188704 0.8000000042915341
vn -0.4799999846935272 0.36000001087188704 0.8000000042915341
vn -0.4799999846935272 0.36000001087188704 0.8000000042915341
vn -0.2672612355262124 0.8017837363809595 -0.5345224710524249
vn -0.2672612355262124 0.8017837363809595 -0.5345224710524249
vn -0.2672612355262124 0.8017837363809595 -0.5345224710524249
vn -0.2672612355262124 0.8017837363809595 -0.5345224710524249
vn -0.48182851212248395 -0.29253873311672485 -0.8259917520970139
vn -0.48182851212248395 -0.29253873311672485 -0.8259917520970139
vn -0.48182851212248395 -0.29253873311672485 -0.8259917520970139
vn -0.48182851212248395 -0.29253873311672485 -0.8259917520970139
vn -0.514355112144981 0.023379777994103342 0.8572585401098495
vn -0.514355112144981 0.023379777994103342 0.8572585401098495
vn -0.514355112144981 0.023379777994103342 0.8572585401098495
vn -0.514355112144981 0.023379777994103342 0.8572585401098495
vn 0.7071067811865475 0.7071067811865475 -8.659560562354932e-17
vn 0.7071067811865475 0.7071067811865475 -8.659560562354932e-17
vn 0.7071067811865475 0.7071067811865475 -8.659560562354932e-17
vn 0.7071067811865475 0.7071067811865475 -8.659560562354932e-17
vn -0.3333333333333333 0.6666666666666667 0.6666666666666665
vn -0.3333333333333333 0.6666666666666667 0.6666666666666665
vn -0.3333333333333333 0.6666666666666667 0.6666666666666665
vn -0.3333333333333333 0.6666666666666667 0.6666666666666665
vn -0.4886033793862509 -0.24430168969312538 0.8376057676887255
vn -0.4886033793862509 -0.24430168969312538 0.8376057676887255
vn -0.4886033793862509 -0.24430168969312538 0.8376057676887255
vn -0.4886033793862509 -0.24430168969312538 0.8376057676887255
vn -0.5144957378967483 -1.050125979646773e-16 -0.857492936231011
vn -0.5144957378967483 -1.050125979646773e-16 -0.857492936231011
vn -0.5144957378967483 -1.050125979646773e-16 -0.857492936231011
vn -0.5144957378967483 -1.050125979646773e-16 -0.857492936231011
f 2734/2734/2734 2733/2733/2733 2732/2732/2732
f 2737/2737/2737 2736/2736/2736 2735/2735/2735
f 2740/2740/2740 2739/2739/2739 2738/2738/2738
f 2743/2743/2743 2742/2742/2742 2741/2741/2741
f 2742/2742/2742 2743/2743/2743 2744/2744/2744
f 2747/2747/2747 2746/2746/2746 2745/2745/2745
f 2746/2746/2746 2747/2747/2747 2748/2748/2748
f 2751/2751/2751 2750/2750/2750 2749/2749/2749
f 2750/2750/2750 2751/2751/2751 2752/2752/2752
f 2755/2755/2755 2754/2754/2754 2753/2753/2753
f 2754/2754/2754 2755/2755/2755 2756/2756/2756
f 2759/2759/2759 2758/2758/2758 2757/2757/2757
f 2758/2758/2758 2759/2759/2759 2760/2760/2760
f 2763/2763/2763 2762/2762/2762 2761/2761/2761
f 2762/2762/2762 2763/2763/2763 2764/2764/2764
f 2767/2767/2767 2766/2766/2766 2765/2765/2765
f 2766/2766/2766 2767/2767/2767 2768/2768/2768
o mesh_40
usemtl mat3
v 52 35.2 -24.800000000000004
v 51.7 34.800000000000004 -24.600000000000005
v 52 34.800000000000004 -25.100000000000005
v 52 35.2 -24.800000000000004
v 52.300000000000004 34.800000000000004 -24.600000000000005
v 51.7 34.800000000000004 -24.600000000000005
v 52 35.2 -24.800000000000004
v 52 34.800000000000004 -25.100000000000005
v 52.300000000000004 34.800000000000004 -24.600000000000005
v 52.300000000000004 34.800000000000004 -24.600000000000005
v 52 34.800000000000004 -25.100000000000005
v 52.300000000000004 32.6 -24.600000000000005
v 52 32.6 -25.200000000000006
v 52 32.4 -25.600000000000005
v 51.300000000000004 32.4 -24.400000000000006
v 52 31.999999999999996 -25.400000000000006
v 51.5 31.999999999999996 -24.500000000000004
v 52 32.6 -25.200000000000006
v 51.7 32.6 -24.600000000000005
v 52 32.4 -25.600000000000005
v 51.300000000000004 32.4 -24.400000000000006
v 51.7 32.6 -24.600000000000005
v 52.300000000000004 32.6 -24.600000000000005
v 51.300000000000004 32.4 -24.400000000000006
v 52.7 32.4 -24.400000000000006
v 52 34.800000000000004 -25.100000000000005
v 51.7 34.800000000000004 -24.600000000000005
v 52 32.6 -25.200000000000006
v 51.7 32.6 -24.600000000000005
v 52.7 32.4 -24.400000000000006
v 52 32.4 -25.600000000000005
v 52.5 31.999999999999996 -24.500000000000004
v 52 31.999999999999996 -25.400000000000006
v 52.300000000000004 32.6 -24.600000000000005
v 52 32.6 -25.200000000000006
v 52.7 32.4 -24.400000000000006
v 52 32.4 -25.600000000000005
vt 0.9609375 0.4375
vt 0.9765625 0.4375
vt 0.9609375 0.4375
vt 0.9609375 0.375
vt 0.9765625 0.3828125
vt 0.953125 0.3828125
vt 0.9609375 0.4375
vt 0.9609375 0.4375
vt 0.953125 0.4375
vt 0.953125 0.4375
vt 0.9609375 0.4375
vt 0.953125 0.484375
vt 0.9609375 0.484375
vt 0.9609375 0.484375
vt 0.9921875 0.484375
vt 0.9609375 0.4921875
vt 0.984375 0.4921875
vt 0.9609375 0.484375
vt 0.9765625 0.484375
vt 0.9609375 0.484375
vt 0.9921875 0.484375
vt 0.953125 0.421875
vt 0.9765625 0.421875
vt 0.9375 0.4296875
vt 0.9921875 0.4296875
vt 0.9609375 0.4375
vt 0.9765625 0.4375
vt 0.9609375 0.484375
vt 0.9765625 0.484375
vt 0.9375 0.484375
vt 0.9609375 0.484375
vt 0.9375 0.4921875
vt 0.9609375 0.4921875
vt 0.953125 0.484375
vt 0.9609375 0.484375
vt 0.9375 0.484375
vt 0.9609375 0.484375
vn -0.8000000042915342 0.360000010871887 -0.4799999846935273
vn -0.8000000042915342 0.360000010871887 -0.4799999846935273
vn -0.8000000042915342 0.360000010871887 -0.4799999846935273
vn 0 0.447213595499958 0.8944271909999157
vn 0 0.447213595499958 0.8944271909999157
vn 0 0.447213595499958 0.8944271909999157
vn 0.8000000042915342 0.360000010871887 -0.4799999846935273
vn 0.8000000042915342 0.360000010871887 -0.4799999846935273
vn 0.8000000042915342 0.360000010871887 -0.4799999846935273
vn 0.857492936231011 -6.300755585902083e-17 -0.5144957378967483
vn 0.857492936231011 -6.300755585902083e-17 -0.5144957378967483
vn 0.857492936231011 -6.300755585902083e-17 -0.5144957378967483
vn 0.857492936231011 -6.300755585902083e-17 -0.5144957378967483
vn -0.8376057676887255 -0.24430168969312552 -0.4886033793862509
vn -0.8376057676887255 -0.24430168969312552 -0.4886033793862509
vn -0.8376057676887255 -0.24430168969312552 -0.4886033793862509
vn -0.8376057676887255 -0.24430168969312552 -0.4886033793862509
vn -0.6666666666666666 0.6666666666666666 -0.3333333333333334
vn -0.6666666666666666 0.6666666666666666 -0.3333333333333334
vn -0.6666666666666666 0.6666666666666666 -0.3333333333333334
vn -0.6666666666666666 0.6666666666666666 -0.3333333333333334
vn 0 0.7071067811865476 0.7071067811865475
vn 0 0.7071067811865476 0.7071067811865475
vn 0 0.7071067811865476 0.7071067811865475
vn 0 0.7071067811865476 0.7071067811865475
vn -0.8572585401098495 0.023379777994103172 -0.514355112144981
vn -0.8572585401098495 0.023379777994103172 -0.514355112144981
vn -0.8572585401098495 0.023379777994103172 -0.514355112144981
vn -0.8572585401098495 0.023379777994103172 -0.514355112144981
vn 0.825991752097014 -0.29253873311672485 -0.48182851212248407
vn 0.825991752097014 -0.29253873311672485 -0.48182851212248407
vn 0.825991752097014 -0.29253873311672485 -0.48182851212248407
vn 0.825991752097014 -0.29253873311672485 -0.48182851212248407
vn 0.5345224710524248 0.8017837363809595 -0.2672612355262125
vn 0.5345224710524248 0.8017837363809595 -0.2672612355262125
vn 0.5345224710524248 0.8017837363809595 -0.2672612355262125
vn 0.5345224710524248 0.8017837363809595 -0.2672612355262125
f 2771/2771/2771 2770/2770/2770 2769/2769/2769
f 2774/2774/2774 2773/2773/2773 2772/2772/2772
f 2777/2777/2777 2776/2776/2776 2775/2775/2775
f 2780/2780/2780 2779/2779/2779 2778/2778/2778
f 2779/2779/2779 2780/2780/2780 2781/2781/2781
f 2784/2784/2784 2783/2783/2783 2782/2782/2782
f 2783/2783/2783 2784/2784/2784 2785/2785/2785
f 2788/2788/2788 2787/2787/2787 2786/2786/2786
f 2787/2787/2787 2788/2788/2788 2789/2789/2789
f 2792/2792/2792 2791/2791/2791 2790/2790/2790
f 2791/2791/2791 2792/2792/2792 2793/2793/2793
f 2796/2796/2796 2795/2795/2795 2794/2794/2794
f 2795/2795/2795 2796/2796/2796 2797/2797/2797
f 2800/2800/2800 2799/2799/2799 2798/2798/2798
f 2799/2799/2799 2800/2800/2800 2801/2801/2801
f 2804/2804/2804 2803/2803/2803 2802/2802/2802
f 2803/2803/2803 2804/2804/2804 2805/2805/2805
o mesh_41
usemtl mat3
v -2.4000000000000004 47.99999999999999 -70.4
v -2.1 47.599999999999994 -70.4
v -2.6 47.599999999999994 -70.10000000000001
v -2.4000000000000004 47.99999999999999 -70.4
v -2.6 47.599999999999994 -70.10000000000001
v -2.6 47.599999999999994 -70.7
v -2.4000000000000004 47.99999999999999 -70.4
v -2.6 47.599999999999994 -70.7
v -2.1 47.599999999999994 -70.4
v -2.6 45.4 -70.10000000000001
v -2 45.4 -70.4
v -2.8000000000000003 45.199999999999996 -69.7
v -1.6 45.199999999999996 -70.4
v -2.8000000000000003 45.199999999999996 -69.7
v -1.6 45.199999999999996 -70.4
v -2.7 44.8 -69.9
v -1.8 44.8 -70.4
v -2.1 47.599999999999994 -70.4
v -2.6 47.599999999999994 -70.7
v -2 45.4 -70.4
v -2.6 45.4 -70.7
v -2.6 45.4 -70.7
v -2.6 45.4 -70.10000000000001
v -2.8000000000000003 45.199999999999996 -71.10000000000001
v -2.8000000000000003 45.199999999999996 -69.7
v -2 45.4 -70.4
v -2.6 45.4 -70.7
v -1.6 45.199999999999996 -70.4
v -2.8000000000000003 45.199999999999996 -71.10000000000001
v -1.6 45.199999999999996 -70.4
v -2.8000000000000003 45.199999999999996 -71.10000000000001
v -1.8 44.8 -70.4
v -2.7 44.8 -70.9
v -2.6 47.599999999999994 -70.10000000000001
v -2.1 47.599999999999994 -70.4
v -2.6 45.4 -70.10000000000001
v -2 45.4 -70.4
vt 0.9609375 0.4375
vt 0.9609375 0.4375
vt 0.953125 0.4375
vt 0.96875 0.375
vt 0.9765625 0.3828125
vt 0.953125 0.3828125
vt 0.9609375 0.4375
vt 0.9765625 0.4375
vt 0.9609375 0.4375
vt 0.953125 0.484375
vt 0.9609375 0.484375
vt 0.9375 0.484375
vt 0.9609375 0.484375
vt 0.9375 0.484375
vt 0.9609375 0.484375
vt 0.9375 0.4921875
vt 0.9609375 0.4921875
vt 0.9609375 0.4375
vt 0.9765625 0.4375
vt 0.9609375 0.484375
vt 0.9765625 0.484375
vt 0.953125 0.421875
vt 0.9765625 0.421875
vt 0.9375 0.4296875
vt 0.9921875 0.4296875
vt 0.9609375 0.484375
vt 0.9765625 0.484375
vt 0.9609375 0.484375
vt 0.9921875 0.484375
vt 0.9609375 0.484375
vt 0.9921875 0.484375
vt 0.9609375 0.4921875
vt 0.984375 0.4921875
vt 0.953125 0.4375
vt 0.9609375 0.4375
vt 0.953125 0.484375
vt 0.9609375 0.484375
vn 0.4799999846935272 0.36000001087188704 0.8000000042915341
vn 0.4799999846935272 0.36000001087188704 0.8000000042915341
vn 0.4799999846935272 0.36000001087188704 0.8000000042915341
vn -0.8944271909999157 0.44721359549995787 -5.476786982642025e-17
vn -0.8944271909999157 0.44721359549995787 -5.476786982642025e-17
vn -0.8944271909999157 0.44721359549995787 -5.476786982642025e-17
vn 0.4799999846935273 0.36000001087188693 -0.8000000042915342
vn 0.4799999846935273 0.36000001087188693 -0.8000000042915342
vn 0.4799999846935273 0.36000001087188693 -0.8000000042915342
vn 0.26726123552621245 0.8017837363809596 0.5345224710524248
vn 0.26726123552621245 0.8017837363809596 0.5345224710524248
vn 0.26726123552621245 0.8017837363809596 0.5345224710524248
vn 0.26726123552621245 0.8017837363809596 0.5345224710524248
vn 0.48182851212248407 -0.2925387331167247 0.825991752097014
vn 0.48182851212248407 -0.2925387331167247 0.825991752097014
vn 0.48182851212248407 -0.2925387331167247 0.825991752097014
vn 0.48182851212248407 -0.2925387331167247 0.825991752097014
vn 0.514355112144981 0.02337977799410313 -0.8572585401098495
vn 0.514355112144981 0.02337977799410313 -0.8572585401098495
vn 0.514355112144981 0.02337977799410313 -0.8572585401098495
vn 0.514355112144981 0.02337977799410313 -0.8572585401098495
vn -0.7071067811865475 0.7071067811865475 -8.659560562354932e-17
vn -0.7071067811865475 0.7071067811865475 -8.659560562354932e-17
vn -0.7071067811865475 0.7071067811865475 -8.659560562354932e-17
vn -0.7071067811865475 0.7071067811865475 -8.659560562354932e-17
vn 0.3333333333333333 0.6666666666666665 -0.6666666666666667
vn 0.3333333333333333 0.6666666666666665 -0.6666666666666667
vn 0.3333333333333333 0.6666666666666665 -0.6666666666666667
vn 0.3333333333333333 0.6666666666666665 -0.6666666666666667
vn 0.4886033793862509 -0.24430168969312557 -0.8376057676887255
vn 0.4886033793862509 -0.24430168969312557 -0.8376057676887255
vn 0.4886033793862509 -0.24430168969312557 -0.8376057676887255
vn 0.4886033793862509 -0.24430168969312557 -0.8376057676887255
vn 0.5144957378967483 1.050125979646773e-16 0.857492936231011
vn 0.5144957378967483 1.050125979646773e-16 0.857492936231011
vn 0.5144957378967483 1.050125979646773e-16 0.857492936231011
vn 0.5144957378967483 1.050125979646773e-16 0.857492936231011
f 2808/2808/2808 2807/2807/2807 2806/2806/2806
f 2811/2811/2811 2810/2810/2810 2809/2809/2809
f 2814/2814/2814 2813/2813/2813 2812/2812/2812
f 2817/2817/2817 2816/2816/2816 2815/2815/2815
f 2816/2816/2816 2817/2817/2817 2818/2818/2818
f 2821/2821/2821 2820/2820/2820 2819/2819/2819
f 2820/2820/2820 2821/2821/2821 2822/2822/2822
f 2825/2825/2825 2824/2824/2824 2823/2823/2823
f 2824/2824/2824 2825/2825/2825 2826/2826/2826
f 2829/2829/2829 2828/2828/2828 2827/2827/2827
f 2828/2828/2828 2829/2829/2829 2830/2830/2830
f 2833/2833/2833 2832/2832/2832 2831/2831/2831
f 2832/2832/2832 2833/2833/2833 2834/2834/2834
f 2837/2837/2837 2836/2836/2836 2835/2835/2835
f 2836/2836/2836 2837/2837/2837 2838/2838/2838
f 2841/2841/2841 2840/2840/2840 2839/2839/2839
f 2840/2840/2840 2841/2841/2841 2842/2842/2842
o mesh_42
usemtl mat3
v -0.8 73.6 -128
v -0.5 73.19999999999999 -128
v -1 73.19999999999999 -127.70000000000002
v -0.8 73.6 -128
v -1 73.19999999999999 -127.70000000000002
v -1 73.19999999999999 -128.3
v -0.8 73.6 -128
v -1 73.19999999999999 -128.3
v -0.5 73.19999999999999 -128
v -1 70.99999999999999 -127.70000000000002
v -0.4 70.99999999999999 -128
v -1.2000000000000002 70.79999999999998 -127.30000000000003
v 0 70.79999999999998 -128
v -1.2000000000000002 70.79999999999998 -127.30000000000003
v 0 70.79999999999998 -128
v -1.1 70.39999999999999 -127.50000000000001
v -0.2 70.39999999999999 -128
v -0.5 73.19999999999999 -128
v -1 73.19999999999999 -128.3
v -0.4 70.99999999999999 -128
v -1 70.99999999999999 -128.3
v -1 70.99999999999999 -128.3
v -1 70.99999999999999 -127.70000000000002
v -1.2000000000000002 70.79999999999998 -128.70000000000002
v -1.2000000000000002 70.79999999999998 -127.30000000000003
v -0.4 70.99999999999999 -128
v -1 70.99999999999999 -128.3
v 0 70.79999999999998 -128
v -1.2000000000000002 70.79999999999998 -128.70000000000002
v 0 70.79999999999998 -128
v -1.2000000000000002 70.79999999999998 -128.70000000000002
v -0.2 70.39999999999999 -128
v -1.1 70.39999999999999 -128.5
v -1 73.19999999999999 -127.70000000000002
v -0.5 73.19999999999999 -128
v -1 70.99999999999999 -127.70000000000002
v -0.4 70.99999999999999 -128
vt 0.9609375 0.4375
vt 0.9609375 0.4375
vt 0.953125 0.4375
vt 0.96875 0.375
vt 0.9765625 0.3828125
vt 0.953125 0.3828125
vt 0.9609375 0.4375
vt 0.9765625 0.4375
vt 0.9609375 0.4375
vt 0.953125 0.484375
vt 0.9609375 0.484375
vt 0.9375 0.484375
vt 0.9609375 0.484375
vt 0.9375 0.484375
vt 0.9609375 0.484375
vt 0.9375 0.4921875
vt 0.9609375 0.4921875
vt 0.9609375 0.4375
vt 0.9765625 0.4375
vt 0.9609375 0.484375
vt 0.9765625 0.484375
vt 0.953125 0.421875
vt 0.9765625 0.421875
vt 0.9375 0.4296875
vt 0.9921875 0.4296875
vt 0.9609375 0.484375
vt 0.9765625 0.484375
vt 0.9609375 0.484375
vt 0.9921875 0.484375
vt 0.9609375 0.484375
vt 0.9921875 0.484375
vt 0.9609375 0.4921875
vt 0.984375 0.4921875
vt 0.953125 0.4375
vt 0.9609375 0.4375
vt 0.953125 0.484375
vt 0.9609375 0.484375
vn 0.4799999846935272 0.36000001087188704 0.8000000042915341
vn 0.4799999846935272 0.36000001087188704 0.8000000042915341
vn 0.4799999846935272 0.36000001087188704 0.8000000042915341
vn -0.8944271909999157 0.44721359549995787 -5.476786982642025e-17
vn -0.8944271909999157 0.44721359549995787 -5.476786982642025e-17
vn -0.8944271909999157 0.44721359549995787 -5.476786982642025e-17
vn 0.4799999846935273 0.36000001087188693 -0.8000000042915342
vn 0.4799999846935273 0.36000001087188693 -0.8000000042915342
vn 0.4799999846935273 0.36000001087188693 -0.8000000042915342
vn 0.26726123552621245 0.8017837363809596 0.5345224710524248
vn 0.26726123552621245 0.8017837363809596 0.5345224710524248
vn 0.26726123552621245 0.8017837363809596 0.5345224710524248
vn 0.26726123552621245 0.8017837363809596 0.5345224710524248
vn 0.48182851212248407 -0.2925387331167247 0.825991752097014
vn 0.48182851212248407 -0.2925387331167247 0.825991752097014
vn 0.48182851212248407 -0.2925387331167247 0.825991752097014
vn 0.48182851212248407 -0.2925387331167247 0.825991752097014
vn 0.514355112144981 0.02337977799410313 -0.8572585401098495
vn 0.514355112144981 0.02337977799410313 -0.8572585401098495
vn 0.514355112144981 0.02337977799410313 -0.8572585401098495
vn 0.514355112144981 0.02337977799410313 -0.8572585401098495
vn -0.7071067811865475 0.7071067811865475 -8.659560562354932e-17
vn -0.7071067811865475 0.7071067811865475 -8.659560562354932e-17
vn -0.7071067811865475 0.7071067811865475 -8.659560562354932e-17
vn -0.7071067811865475 0.7071067811865475 -8.659560562354932e-17
vn 0.3333333333333333 0.6666666666666665 -0.6666666666666667
vn 0.3333333333333333 0.6666666666666665 -0.6666666666666667
vn 0.3333333333333333 0.6666666666666665 -0.6666666666666667
vn 0.3333333333333333 0.6666666666666665 -0.6666666666666667
vn 0.4886033793862509 -0.24430168969312557 -0.8376057676887255
vn 0.4886033793862509 -0.24430168969312557 -0.8376057676887255
vn 0.4886033793862509 -0.24430168969312557 -0.8376057676887255
vn 0.4886033793862509 -0.24430168969312557 -0.8376057676887255
vn 0.5144957378967483 1.050125979646773e-16 0.857492936231011
vn 0.5144957378967483 1.050125979646773e-16 0.857492936231011
vn 0.5144957378967483 1.050125979646773e-16 0.857492936231011
vn 0.5144957378967483 1.050125979646773e-16 0.857492936231011
f 2845/2845/2845 2844/2844/2844 2843/2843/2843
f 2848/2848/2848 2847/2847/2847 2846/2846/2846
f 2851/2851/2851 2850/2850/2850 2849/2849/2849
f 2854/2854/2854 2853/2853/2853 2852/2852/2852
f 2853/2853/2853 2854/2854/2854 2855/2855/2855
f 2858/2858/2858 2857/2857/2857 2856/2856/2856
f 2857/2857/2857 2858/2858/2858 2859/2859/2859
f 2862/2862/2862 2861/2861/2861 2860/2860/2860
f 2861/2861/2861 2862/2862/2862 2863/2863/2863
f 2866/2866/2866 2865/2865/2865 2864/2864/2864
f 2865/2865/2865 2866/2866/2866 2867/2867/2867
f 2870/2870/2870 2869/2869/2869 2868/2868/2868
f 2869/2869/2869 2870/2870/2870 2871/2871/2871
f 2874/2874/2874 2873/2873/2873 2872/2872/2872
f 2873/2873/2873 2874/2874/2874 2875/2875/2875
f 2878/2878/2878 2877/2877/2877 2876/2876/2876
f 2877/2877/2877 2878/2878/2878 2879/2879/2879
o mesh_43
usemtl mat9
v -4.800000000000001 44.8 -65.60000000000001
v -4.800000000000001 44.8 -75.2
v 0 44.8 -64
v 0 44.8 -76.80000000000001
v -4.800000000000001 44.8 -75.2
v -4.800000000000001 54.4 -75.2
v 0 44.8 -76.80000000000001
v 0 57.599999999999994 -76.80000000000001
v -4.800000000000001 54.4 -65.60000000000001
v -4.800000000000001 44.8 -65.60000000000001
v 0 57.599999999999994 -64
v 0 44.8 -64
v -4.800000000000001 54.4 -75.2
v -4.800000000000001 54.4 -65.60000000000001
v 0 57.599999999999994 -76.80000000000001
v 0 57.599999999999994 -64
v -4.800000000000001 54.4 -75.2
v -4.800000000000001 44.8 -75.2
v -4.800000000000001 54.4 -65.60000000000001
v -4.800000000000001 44.8 -65.60000000000001
vt 0.140625 0.234375
vt 0.234375 0.234375
vt 0.125 0.25
vt 0.25 0.25
vt 0.234375 0.234375
vt 0.234375 0.1328125
vt 0.25 0.25
vt 0.25 0.125
vt 0.140625 0.1328125
vt 0.140625 0.234375
vt 0.125 0.125
vt 0.125 0.25
vt 0.234375 0.1328125
vt 0.140625 0.1328125
vt 0.25 0.125
vt 0.125 0.125
vt 0.234375 0.1328125
vt 0.234375 0.234375
vt 0.140625 0.1328125
vt 0.140625 0.234375
vn 0 1 -1.2246467991473532e-16
vn 0 1 -1.2246467991473532e-16
vn 0 1 -1.2246467991473532e-16
vn 0 1 -1.2246467991473532e-16
vn 0.3162277570761414 1.1618019680118477e-16 0.9486833010307459
vn 0.3162277570761414 1.1618019680118477e-16 0.9486833010307459
vn 0.3162277570761414 1.1618019680118477e-16 0.9486833010307459
vn 0.3162277570761414 1.1618019680118477e-16 0.9486833010307459
vn 0.3162277570761414 -1.1618019680118477e-16 -0.9486833010307459
vn 0.3162277570761414 -1.1618019680118477e-16 -0.9486833010307459
vn 0.3162277570761414 -1.1618019680118477e-16 -0.9486833010307459
vn 0.3162277570761414 -1.1618019680118477e-16 -0.9486833010307459
vn 0.5547001824703114 -0.8320503035077887 1.018967740920397e-16
vn 0.5547001824703114 -0.8320503035077887 1.018967740920397e-16
vn 0.5547001824703114 -0.8320503035077887 1.018967740920397e-16
vn 0.5547001824703114 -0.8320503035077887 1.018967740920397e-16
vn 1 0 0
vn 1 0 0
vn 1 0 0
vn 1 0 0
f 2882/2882/2882 2881/2881/2881 2880/2880/2880
f 2881/2881/2881 2882/2882/2882 2883/2883/2883
f 2886/2886/2886 2885/2885/2885 2884/2884/2884
f 2885/2885/2885 2886/2886/2886 2887/2887/2887
f 2890/2890/2890 2889/2889/2889 2888/2888/2888
f 2889/2889/2889 2890/2890/2890 2891/2891/2891
f 2894/2894/2894 2893/2893/2893 2892/2892/2892
f 2893/2893/2893 2894/2894/2894 2895/2895/2895
f 2898/2898/2898 2897/2897/2897 2896/2896/2896
f 2897/2897/2897 2898/2898/2898 2899/2899/2899
o mesh_44
usemtl mat7
v 38.400000000000006 38.39999999999997 -268.8
v 38.400000000000006 25.59999999999997 -268.8
v 38.400000000000006 38.39999999999998 -243.20000000000002
v 38.400000000000006 25.599999999999973 -243.20000000000002
v 51.2 12.79999999999997 -243.20000000000002
v 51.2 -2.9783410155263633e-14 -243.20000000000002
v 51.2 12.799999999999967 -268.8
v 51.2 -3.291850596108086e-14 -268.8
v 38.400000000000006 12.799999999999967 -268.8
v 38.400000000000006 -3.291850596108086e-14 -268.8
v 38.400000000000006 12.79999999999997 -243.20000000000002
v 38.400000000000006 -2.9783410155263633e-14 -243.20000000000002
v 51.2 25.599999999999973 -243.20000000000002
v 51.2 12.79999999999997 -243.20000000000002
v 51.2 25.59999999999997 -268.8
v 51.2 12.799999999999967 -268.8
v 38.400000000000006 25.59999999999997 -268.8
v 38.400000000000006 12.799999999999967 -268.8
v 38.400000000000006 25.599999999999973 -243.20000000000002
v 38.400000000000006 12.79999999999997 -243.20000000000002
v 51.2 25.59999999999997 -268.8
v 51.2 38.39999999999997 -268.8
v 51.2 25.599999999999973 -243.20000000000002
v 51.2 38.39999999999998 -243.20000000000002
vt 0.9921875 0.625
vt 0.9921875 0.75
vt 0.75 0.625
vt 0.75 0.75
vt 0.8671875 0.875
vt 0.8671875 0.9921875
vt 0.625 0.875
vt 0.625 0.9921875
vt 0.9921875 0.875
vt 0.9921875 0.9921875
vt 0.75 0.875
vt 0.75 0.9921875
vt 0.8671875 0.75
vt 0.8671875 0.875
vt 0.625 0.75
vt 0.625 0.875
vt 0.9921875 0.75
vt 0.9921875 0.875
vt 0.75 0.75
vt 0.75 0.875
vt 0.625 0.75
vt 0.625 0.625
vt 0.8671875 0.75
vt 0.8671875 0.625
vn 1 0 0
vn 1 0 0
vn 1 0 0
vn 1 0 0
vn -1 0 0
vn -1 0 0
vn -1 0 0
vn -1 0 0
vn 1 0 0
vn 1 0 0
vn 1 0 0
vn 1 0 0
vn -1 0 0
vn -1 0 0
vn -1 0 0
vn -1 0 0
vn 1 0 0
vn 1 0 0
vn 1 0 0
vn 1 0 0
vn -1 0 0
vn -1 0 0
vn -1 0 0
vn -1 0 0
f 2902/2902/2902 2901/2901/2901 2900/2900/2900
f 2901/2901/2901 2902/2902/2902 2903/2903/2903
f 2906/2906/2906 2905/2905/2905 2904/2904/2904
f 2905/2905/2905 2906/2906/2906 2907/2907/2907
f 2910/2910/2910 2909/2909/2909 2908/2908/2908
f 2909/2909/2909 2910/2910/2910 2911/2911/2911
f 2914/2914/2914 2913/2913/2913 2912/2912/2912
f 2913/2913/2913 2914/2914/2914 2915/2915/2915
f 2918/2918/2918 2917/2917/2917 2916/2916/2916
f 2917/2917/2917 2918/2918/2918 2919/2919/2919
f 2922/2922/2922 2921/2921/2921 2920/2920/2920
f 2921/2921/2921 2922/2922/2922 2923/2923/2923
o mesh_45
usemtl mat15
v 89.60000000000001 57.59999999999999 -115.2
v 89.60000000000001 63.999999999999986 -128
v 89.60000000000001 57.59999999999999 -128
v 0 -2.3513218543629183e-14 -192
v 0 -2.5080766446537795e-14 -204.8
v 0 12.799999999999976 -204.8
v 0 -2.194567064072057e-14 -179.20000000000002
v 0 -2.3513218543629183e-14 -192
v 0 25.59999999999998 -179.20000000000002
v 0 25.599999999999977 -192
v 0 19.19999999999999 -128
v 0 25.599999999999984 -140.8
v 0 31.999999999999986 -128
v 0 31.999999999999982 -140.8
v 0 31.999999999999986 -128
v 0 31.999999999999982 -140.8
v 0 44.79999999999999 -128
v 0 44.79999999999999 -140.8
v 89.60000000000001 57.59999999999999 -128
v 89.60000000000001 44.79999999999999 -128
v 89.60000000000001 57.59999999999999 -115.2
v 89.60000000000001 44.79999999999999 -115.2
v 89.60000000000001 31.999999999999982 -140.8
v 89.60000000000001 31.999999999999982 -153.60000000000002
v 89.60000000000001 19.199999999999985 -140.8
v 89.60000000000001 19.199999999999985 -153.60000000000002
v 0 57.59999999999999 -128
v 0 44.79999999999999 -128
v 0 57.59999999999999 -140.8
v 0 44.79999999999999 -140.8
v 89.60000000000001 12.799999999999974 -217.60000000000002
v 89.60000000000001 -2.6648314349446407e-14 -217.60000000000002
v 89.60000000000001 12.799999999999976 -204.8
v 89.60000000000001 -2.5080766446537795e-14 -204.8
v 0 12.799999999999974 -217.60000000000002
v 0 19.199999999999974 -217.60000000000002
v 0 12.799999999999976 -204.8
v 0 19.199999999999978 -204.8
v 89.60000000000001 12.799999999999978 -192
v 89.60000000000001 19.199999999999978 -192
v 89.60000000000001 12.799999999999976 -204.8
v 89.60000000000001 19.199999999999978 -204.8
v 89.60000000000001 44.79999999999999 -128
v 89.60000000000001 44.79999999999999 -140.8
v 89.60000000000001 31.999999999999986 -128
v 89.60000000000001 31.999999999999982 -140.8
v 89.60000000000001 19.199999999999992 -89.60000000000001
v 89.60000000000001 19.19999999999999 -102.4
v 89.60000000000001 6.39999999999999 -89.60000000000001
v 89.60000000000001 6.399999999999988 -102.4
v 89.60000000000001 19.19999999999999 -128
v 89.60000000000001 19.19999999999999 -115.2
v 89.60000000000001 31.999999999999986 -128
v 89.60000000000001 31.999999999999986 -115.2
v 89.60000000000001 19.199999999999985 -140.8
v 89.60000000000001 19.199999999999985 -153.60000000000002
v 89.60000000000001 6.3999999999999835 -140.8
v 89.60000000000001 12.799999999999981 -153.60000000000002
v 89.60000000000001 19.19999999999999 -115.2
v 89.60000000000001 6.399999999999986 -115.2
v 89.60000000000001 19.19999999999999 -102.4
v 89.60000000000001 6.399999999999988 -102.4
v 0 31.999999999999975 -204.8
v 0 31.999999999999975 -192
v 0 19.199999999999978 -204.8
v 0 25.599999999999977 -192
v 0 25.59999999999998 -179.20000000000002
v 0 25.59999999999998 -166.4
v 0 -2.194567064072057e-14 -179.20000000000002
v 0 -2.037812273781196e-14 -166.4
v 0 31.999999999999986 -128
v 0 31.999999999999986 -115.2
v 0 19.19999999999999 -128
v 0 19.19999999999999 -115.2
v 0 57.59999999999999 -128
v 0 63.999999999999986 -128
v 0 57.59999999999999 -115.2
v 0 63.999999999999986 -115.20000000000002
v 89.60000000000001 12.799999999999976 -204.8
v 89.60000000000001 -2.5080766446537795e-14 -204.8
v 89.60000000000001 12.799999999999978 -192
v 89.60000000000001 -2.3513218543629183e-14 -192
v 89.60000000000001 12.799999999999976 -204.8
v 89.60000000000001 19.199999999999978 -204.8
v 89.60000000000001 12.799999999999974 -217.60000000000002
v 89.60000000000001 19.199999999999974 -217.60000000000002
v 0 12.799999999999976 -204.8
v 0 19.199999999999978 -204.8
v 0 -2.3513218543629183e-14 -192
v 0 25.599999999999977 -192
v 0 12.799999999999976 -204.8
v 0 -2.5080766446537795e-14 -204.8
v 0 12.799999999999974 -217.60000000000002
v 0 -2.6648314349446407e-14 -217.60000000000002
v 89.60000000000001 57.59999999999999 -128
v 89.60000000000001 63.999999999999986 -128
v 89.60000000000001 57.59999999999999 -140.8
v 89.60000000000001 63.999999999999986 -140.8
v 89.60000000000001 31.999999999999986 -128
v 89.60000000000001 31.999999999999986 -115.2
v 89.60000000000001 44.79999999999999 -128
v 89.60000000000001 44.79999999999999 -115.2
v 89.60000000000001 6.399999999999984 -128
v 89.60000000000001 6.399999999999986 -115.2
v 89.60000000000001 19.19999999999999 -128
v 89.60000000000001 19.19999999999999 -115.2
v 89.60000000000001 19.199999999999985 -140.8
v 89.60000000000001 19.19999999999999 -128
v 89.60000000000001 31.999999999999982 -140.8
v 89.60000000000001 31.999999999999986 -128
v 89.60000000000001 6.3999999999999835 -140.8
v 89.60000000000001 6.399999999999984 -128
v 89.60000000000001 19.199999999999985 -140.8
v 89.60000000000001 19.19999999999999 -128
v 89.60000000000001 57.59999999999999 -140.8
v 89.60000000000001 44.79999999999999 -140.8
v 89.60000000000001 57.59999999999999 -128
v 89.60000000000001 44.79999999999999 -128
v 0 44.79999999999999 -128
v 0 44.79999999999999 -115.2
v 0 31.999999999999986 -128
v 0 31.999999999999986 -115.2
v 0 57.59999999999999 -140.8
v 0 63.999999999999986 -140.8
v 0 57.59999999999999 -128
v 0 63.999999999999986 -128
v 0 57.59999999999999 -115.2
v 0 44.79999999999999 -115.2
v 0 57.59999999999999 -128
v 0 44.79999999999999 -128
vt 0.9921875 0.96875
vt 0.9921875 0.96875
vt 0.9921875 0.96875
vt 0.9921875 0.96875
vt 0.9921875 0.96875
vt 0.9921875 0.96875
vt 0.9921875 0.96875
vt 0.9921875 0.96875
vt 0.9921875 0.96875
vt 0.9921875 0.96875
vt 0.9921875 0.96875
vt 0.9921875 0.96875
vt 0.9921875 0.96875
vt 0.9921875 0.96875
vt 0.9921875 0.96875
vt 0.9921875 0.96875
vt 0.9921875 0.96875
vt 0.9921875 0.96875
vt 0.9921875 0.96875
vt 0.9921875 0.96875
vt 0.9921875 0.96875
vt 0.9921875 0.96875
vt 0.9921875 0.96875
vt 0.9921875 0.96875
vt 0.9921875 0.96875
vt 0.9921875 0.96875
vt 0.9921875 0.96875
vt 0.9921875 0.96875
vt 0.9921875 0.96875
vt 0.9921875 0.96875
vt 0.9921875 0.96875
vt 0.9921875 0.96875
vt 0.9921875 0.96875
vt 0.9921875 0.96875
vt 0.9921875 0.96875
vt 0.9921875 0.96875
vt 0.9921875 0.96875
vt 0.9921875 0.96875
vt 0.9921875 0.96875
vt 0.9921875 0.96875
vt 0.9921875 0.96875
vt 0.9921875 0.96875
vt 0.9921875 0.96875
vt 0.9921875 0.96875
vt 0.9921875 0.96875
vt 0.9921875 0.96875
vt 0.9921875 0.96875
vt 0.9921875 0.96875
vt 0.9921875 0.96875
vt 0.9921875 0.96875
vt 0.9921875 0.96875
vt 0.9921875 0.96875
vt 0.9921875 0.96875
vt 0.9921875 0.96875
vt 0.9921875 0.96875
vt 0.9921875 0.96875
vt 0.9921875 0.96875
vt 0.9921875 0.96875
vt 0.9921875 0.96875
vt 0.9921875 0.96875
vt 0.9921875 0.96875
vt 0.9921875 0.96875
vt 0.9921875 0.96875
vt 0.9921875 0.96875
vt 0.9921875 0.96875
vt 0.9921875 0.96875
vt 0.9921875 0.96875
vt 0.9921875 0.96875
vt 0.9921875 0.96875
vt 0.9921875 0.96875
vt 0.9921875 0.96875
vt 0.9921875 0.96875
vt 0.9921875 0.96875
vt 0.9921875 0.96875
vt 0.9921875 0.96875
vt 0.9921875 0.96875
vt 0.9921875 0.96875
vt 0.9921875 0.96875
vt 0.9921875 0.96875
vt 0.9921875 0.96875
vt 0.9921875 0.96875
vt 0.9921875 0.96875
vt 0.9921875 0.96875
vt 0.9921875 0.96875
vt 0.9921875 0.96875
vt 0.9921875 0.96875
vt 0.9921875 0.96875
vt 0.9921875 0.96875
vt 0.9921875 0.96875
vt 0.9921875 0.96875
vt 0.9921875 0.96875
vt 0.9921875 0.96875
vt 0.9921875 0.96875
vt 0.9921875 0.96875
vt 0.9921875 0.96875
vt 0.9921875 0.96875
vt 0.9921875 0.96875
vt 0.9921875 0.96875
vt 0.9921875 0.96875
vt 0.9921875 0.96875
vt 0.9921875 0.96875
vt 0.9921875 0.96875
vt 0.9921875 0.96875
vt 0.9921875 0.96875
vt 0.9921875 0.96875
vt 0.9921875 0.96875
vt 0.9921875 0.96875
vt 0.9921875 0.96875
vt 0.9921875 0.96875
vt 0.9921875 0.96875
vt 0.9921875 0.96875
vt 0.9921875 0.96875
vt 0.9921875 0.96875
vt 0.9921875 0.96875
vt 0.9921875 0.96875
vt 0.9921875 0.96875
vt 0.9921875 0.96875
vt 0.9921875 0.96875
vt 0.9921875 0.96875
vt 0.9921875 0.96875
vt 0.9921875 0.96875
vt 0.9921875 0.96875
vt 0.9921875 0.96875
vt 0.9921875 0.96875
vt 0.9921875 0.96875
vt 0.9921875 0.96875
vt 0.9921875 0.96875
vt 0.9921875 0.96875
vt 0.9921875 0.96875
vt 0.9921875 0.96875
vn 1 0 0
vn 1 0 0
vn 1 0 0
vn -1 0 0
vn -1 0 0
vn -1 0 0
vn -1 0 0
vn -1 0 0
vn -1 0 0
vn -1 0 0
vn -1 0 0
vn -1 0 0
vn -1 0 0
vn -1 0 0
vn -1 0 0
vn -1 0 0
vn -1 0 0
vn -1 0 0
vn 1 0 0
vn 1 0 0
vn 1 0 0
vn 1 0 0
vn 1 0 0
vn 1 0 0
vn 1 0 0
vn 1 0 0
vn -1 0 0
vn -1 0 0
vn -1 0 0
vn -1 0 0
vn 1 0 0
vn 1 0 0
vn 1 0 0
vn 1 0 0
vn -1 0 0
vn -1 0 0
vn -1 0 0
vn -1 0 0
vn 1 0 0
vn 1 0 0
vn 1 0 0
vn 1 0 0
vn 1 0 0
vn 1 0 0
vn 1 0 0
vn 1 0 0
vn 1 0 0
vn 1 0 0
vn 1 0 0
vn 1 0 0
vn 1 0 0
vn 1 0 0
vn 1 0 0
vn 1 0 0
vn 1 0 0
vn 1 0 0
vn 1 0 0
vn 1 0 0
vn 1 0 0
vn 1 0 0
vn 1 0 0
vn 1 0 0
vn -1 0 0
vn -1 0 0
vn -1 0 0
vn -1 0 0
vn -1 0 0
vn -1 0 0
vn -1 0 0
vn -1 0 0
vn -1 0 0
vn -1 0 0
vn -1 0 0
vn -1 0 0
vn -1 0 0
vn -1 0 0
vn -1 0 0
vn -1 0 0
vn 1 0 0
vn 1 0 0
vn 1 0 0
vn 1 0 0
vn 1 0 0
vn 1 0 0
vn 1 0 0
vn 1 0 0
vn -1 0 0
vn -1 0 0
vn -1 0 0
vn -1 0 0
vn -1 0 0
vn -1 0 0
vn -1 0 0
vn -1 0 0
vn 1 0 0
vn 1 0 0
vn 1 0 0
vn 1 0 0
vn 1 0 0
vn 1 0 0
vn 1 0 0
vn 1 0 0
vn 1 0 0
vn 1 0 0
vn 1 0 0
vn 1 0 0
vn 1 0 0
vn 1 0 0
vn 1 0 0
vn 1 0 0
vn 1 0 0
vn 1 0 0
vn 1 0 0
vn 1 0 0
vn 1 0 0
vn 1 0 0
vn 1 0 0
vn 1 0 0
vn -1 0 0
vn -1 0 0
vn -1 0 0
vn -1 0 0
vn -1 0 0
vn -1 0 0
vn -1 0 0
vn -1 0 0
vn -1 0 0
vn -1 0 0
vn -1 0 0
vn -1 0 0
f 2926/2926/2926 2925/2925/2925 2924/2924/2924
f 2929/2929/2929 2928/2928/2928 2927/2927/2927
f 2932/2932/2932 2931/2931/2931 2930/2930/2930
f 2931/2931/2931 2932/2932/2932 2933/2933/2933
f 2936/2936/2936 2935/2935/2935 2934/2934/2934
f 2935/2935/2935 2936/2936/2936 2937/2937/2937
f 2940/2940/2940 2939/2939/2939 2938/2938/2938
f 2939/2939/2939 2940/2940/2940 2941/2941/2941
f 2944/2944/2944 2943/2943/2943 2942/2942/2942
f 2943/2943/2943 2944/2944/2944 2945/2945/2945
f 2948/2948/2948 2947/2947/2947 2946/2946/2946
f 2947/2947/2947 2948/2948/2948 2949/2949/2949
f 2952/2952/2952 2951/2951/2951 2950/2950/2950
f 2951/2951/2951 2952/2952/2952 2953/2953/2953
f 2956/2956/2956 2955/2955/2955 2954/2954/2954
f 2955/2955/2955 2956/2956/2956 2957/2957/2957
f 2960/2960/2960 2959/2959/2959 2958/2958/2958
f 2959/2959/2959 2960/2960/2960 2961/2961/2961
f 2964/2964/2964 2963/2963/2963 2962/2962/2962
f 2963/2963/2963 2964/2964/2964 2965/2965/2965
f 2968/2968/2968 2967/2967/2967 2966/2966/2966
f 2967/2967/2967 2968/2968/2968 2969/2969/2969
f 2972/2972/2972 2971/2971/2971 2970/2970/2970
f 2971/2971/2971 2972/2972/2972 2973/2973/2973
f 2976/2976/2976 2975/2975/2975 2974/2974/2974
f 2975/2975/2975 2976/2976/2976 2977/2977/2977
f 2980/2980/2980 2979/2979/2979 2978/2978/2978
f 2979/2979/2979 2980/2980/2980 2981/2981/2981
f 2984/2984/2984 2983/2983/2983 2982/2982/2982
f 2983/2983/2983 2984/2984/2984 2985/2985/2985
f 2988/2988/2988 2987/2987/2987 2986/2986/2986
f 2987/2987/2987 2988/2988/2988 2989/2989/2989
f 2992/2992/2992 2991/2991/2991 2990/2990/2990
f 2991/2991/2991 2992/2992/2992 2993/2993/2993
f 2996/2996/2996 2995/2995/2995 2994/2994/2994
f 2995/2995/2995 2996/2996/2996 2997/2997/2997
f 3000/3000/3000 2999/2999/2999 2998/2998/2998
f 2999/2999/2999 3000/3000/3000 3001/3001/3001
f 3004/3004/3004 3003/3003/3003 3002/3002/3002
f 3003/3003/3003 3004/3004/3004 3005/3005/3005
f 3008/3008/3008 3007/3007/3007 3006/3006/3006
f 3007/3007/3007 3008/3008/3008 3009/3009/3009
f 3012/3012/3012 3011/3011/3011 3010/3010/3010
f 3011/3011/3011 3012/3012/3012 3013/3013/3013
f 3016/3016/3016 3015/3015/3015 3014/3014/3014
f 3015/3015/3015 3016/3016/3016 3017/3017/3017
f 3020/3020/3020 3019/3019/3019 3018/3018/3018
f 3019/3019/3019 3020/3020/3020 3021/3021/3021
f 3024/3024/3024 3023/3023/3023 3022/3022/3022
f 3023/3023/3023 3024/3024/3024 3025/3025/3025
f 3028/3028/3028 3027/3027/3027 3026/3026/3026
f 3027/3027/3027 3028/3028/3028 3029/3029/3029
f 3032/3032/3032 3031/3031/3031 3030/3030/3030
f 3031/3031/3031 3032/3032/3032 3033/3033/3033
f 3036/3036/3036 3035/3035/3035 3034/3034/3034
f 3035/3035/3035 3036/3036/3036 3037/3037/3037
f 3040/3040/3040 3039/3039/3039 3038/3038/3038
f 3039/3039/3039 3040/3040/3040 3041/3041/3041
f 3044/3044/3044 3043/3043/3043 3042/3042/3042
f 3043/3043/3043 3044/3044/3044 3045/3045/3045
f 3048/3048/3048 3047/3047/3047 3046/3046/3046
f 3047/3047/3047 3048/3048/3048 3049/3049/3049
f 3052/3052/3052 3051/3051/3051 3050/3050/3050
f 3051/3051/3051 3052/3052/3052 3053/3053/3053
o mesh_46
usemtl mat9
v 103.2 35.19999999999999 -89.60000000000001
v 103.2 31.99999999999999 -86.4
v 103.2 31.99999999999999 -89.60000000000001
v 104 35.199999999999996 -76.80000000000001
v 104 35.199999999999996 -80
v 104 38.4 -76.80000000000001
v 100.80000000000001 25.59999999999999 -76.80000000000001
v 100.80000000000001 22.39999999999999 -73.60000000000001
v 100.80000000000001 22.39999999999999 -76.80000000000001
v 89.60000000000001 108.8 -128
v 89.60000000000001 95.99999999999999 -128
v 89.60000000000001 108.8 -140.8
v 89.60000000000001 95.99999999999999 -140.8
v 89.60000000000001 108.8 -115.20000000000002
v 89.60000000000001 95.99999999999999 -115.20000000000002
v 89.60000000000001 108.8 -128
v 89.60000000000001 95.99999999999999 -128
v 103.2 31.99999999999999 -86.4
v 103.2 28.79999999999999 -85.60000000000001
v 103.2 31.99999999999999 -89.60000000000001
v 103.2 28.79999999999999 -89.60000000000001
v 104 31.99999999999999 -76.80000000000001
v 104 31.99999999999999 -80.80000000000001
v 104 35.199999999999996 -76.80000000000001
v 104 35.199999999999996 -80
v 104 38.4 -76.80000000000001
v 104 38.4 -71.2
v 104 35.199999999999996 -76.80000000000001
v 104 35.199999999999996 -68
v 104 35.199999999999996 -68
v 104 31.999999999999993 -67.2
v 104 35.199999999999996 -76.80000000000001
v 104 31.99999999999999 -76.80000000000001
v 100.80000000000001 22.39999999999999 -76.80000000000001
v 100.80000000000001 22.39999999999999 -85.60000000000001
v 100.80000000000001 25.59999999999999 -76.80000000000001
v 100.80000000000001 25.59999999999999 -82.4
v 100.80000000000001 19.199999999999992 -76.80000000000001
v 100.80000000000001 19.199999999999992 -86.4
v 100.80000000000001 22.39999999999999 -76.80000000000001
v 100.80000000000001 22.39999999999999 -85.60000000000001
v 100.80000000000001 22.39999999999999 -73.60000000000001
v 100.80000000000001 19.199999999999992 -72.8
v 100.80000000000001 22.39999999999999 -76.80000000000001
v 100.80000000000001 19.199999999999992 -76.80000000000001
vt 0.25 0.3125
vt 0.28125 0.34375
vt 0.25 0.34375
vt 0.375 0.21875
vt 0.34375 0.21875
vt 0.375 0.1875
vt 0.375 0.3125
vt 0.40625 0.34375
vt 0.375 0.34375
vt 0.125 0
vt 0.125 0.125
vt 0 0
vt 0 0.125
vt 0.2421875 0
vt 0.2421875 0.125
vt 0.125 0
vt 0.125 0.125
vt 0.28125 0.34375
vt 0.28125 0.375
vt 0.25 0.34375
vt 0.25 0.375
vt 0.375 0.25
vt 0.328125 0.25
vt 0.375 0.21875
vt 0.34375 0.21875
vt 0.375 0.1875
vt 0.421875 0.1875
vt 0.375 0.21875
vt 0.453125 0.21875
vt 0.453125 0.21875
vt 0.46875 0.25
vt 0.375 0.21875
vt 0.375 0.25
vt 0.375 0.34375
vt 0.28125 0.34375
vt 0.375 0.3125
vt 0.3125 0.3125
vt 0.375 0.375
vt 0.28125 0.375
vt 0.375 0.34375
vt 0.28125 0.34375
vt 0.40625 0.34375
vt 0.40625 0.375
vt 0.375 0.34375
vt 0.375 0.375
vn -1 0 0
vn -1 0 0
vn -1 0 0
vn -1 0 0
vn -1 0 0
vn -1 0 0
vn -1 0 0
vn -1 0 0
vn -1 0 0
vn -1 0 0
vn -1 0 0
vn -1 0 0
vn -1 0 0
vn -1 0 0
vn -1 0 0
vn -1 0 0
vn -1 0 0
vn -1 0 0
vn -1 0 0
vn -1 0 0
vn -1 0 0
vn -1 0 0
vn -1 0 0
vn -1 0 0
vn -1 0 0
vn -1 0 0
vn -1 0 0
vn -1 0 0
vn -1 0 0
vn -1 0 0
vn -1 0 0
vn -1 0 0
vn -1 0 0
vn -1 0 0
vn -1 0 0
vn -1 0 0
vn -1 0 0
vn -1 0 0
vn -1 0 0
vn -1 0 0
vn -1 0 0
vn -1 0 0
vn -1 0 0
vn -1 0 0
vn -1 0 0
f 3056/3056/3056 3055/3055/3055 3054/3054/3054
f 3059/3059/3059 3058/3058/3058 3057/3057/3057
f 3062/3062/3062 3061/3061/3061 3060/3060/3060
f 3065/3065/3065 3064/3064/3064 3063/3063/3063
f 3064/3064/3064 3065/3065/3065 3066/3066/3066
f 3069/3069/3069 3068/3068/3068 3067/3067/3067
f 3068/3068/3068 3069/3069/3069 3070/3070/3070
f 3073/3073/3073 3072/3072/3072 3071/3071/3071
f 3072/3072/3072 3073/3073/3073 3074/3074/3074
f 3077/3077/3077 3076/3076/3076 3075/3075/3075
f 3076/3076/3076 3077/3077/3077 3078/3078/3078
f 3081/3081/3081 3080/3080/3080 3079/3079/3079
f 3080/3080/3080 3081/3081/3081 3082/3082/3082
f 3085/3085/3085 3084/3084/3084 3083/3083/3083
f 3084/3084/3084 3085/3085/3085 3086/3086/3086
f 3089/3089/3089 3088/3088/3088 3087/3087/3087
f 3088/3088/3088 3089/3089/3089 3090/3090/3090
f 3093/3093/3093 3092/3092/3092 3091/3091/3091
f 3092/3092/3092 3093/3093/3093 3094/3094/3094
f 3097/3097/3097 3096/3096/3096 3095/3095/3095
f 3096/3096/3096 3097/3097/3097 3098/3098/3098
o mesh_47
usemtl mat10
v 89.60000000000001 102.39999999999999 -153.60000000000002
v 89.60000000000001 108.8 -140.8
v 89.60000000000001 95.99999999999999 -153.60000000000002
v 89.60000000000001 95.99999999999999 -140.8
v 89.60000000000001 103.99999999999999 -102.40000000000002
v 89.60000000000001 95.99999999999999 -102.40000000000002
v 89.60000000000001 108.8 -115.20000000000002
v 89.60000000000001 95.99999999999999 -115.20000000000002
v 89.60000000000001 108.8 -128
v 89.60000000000001 134.39999999999998 -128.00000000000003
v 89.60000000000001 108.8 -115.20000000000002
v 89.60000000000001 134.4 -115.20000000000002
v 89.60000000000001 108.8 -140.8
v 89.60000000000001 134.39999999999998 -140.80000000000004
v 89.60000000000001 108.8 -128
v 89.60000000000001 134.39999999999998 -128.00000000000003
vt 0.875 0.25
vt 0.9921875 0.25
vt 0.875 0.265625
vt 0.9921875 0.265625
vt 0.8671875 0.375
vt 0.8671875 0.4921875
vt 0.75 0.375
vt 0.75 0.4921875
vt 0.625 0.4921875
vt 0.625 0.25
vt 0.7421875 0.4921875
vt 0.7421875 0.25
vt 0.5 0.4921875
vt 0.5 0.25
vt 0.625 0.4921875
vt 0.625 0.25
vn -1 0 0
vn -1 0 0
vn -1 0 0
vn -1 0 0
vn -1 0 0
vn -1 0 0
vn -1 0 0
vn -1 0 0
vn -1 0 0
vn -1 0 0
vn -1 0 0
vn -1 0 0
vn -1 0 0
vn -1 0 0
vn -1 0 0
vn -1 0 0
f 3101/3101/3101 3100/3100/3100 3099/3099/3099
f 3100/3100/3100 3101/3101/3101 3102/3102/3102
f 3105/3105/3105 3104/3104/3104 3103/3103/3103
f 3104/3104/3104 3105/3105/3105 3106/3106/3106
f 3109/3109/3109 3108/3108/3108 3107/3107/3107
f 3108/3108/3108 3109/3109/3109 3110/3110/3110
f 3113/3113/3113 3112/3112/3112 3111/3111/3111
f 3112/3112/3112 3113/3113/3113 3114/3114/3114
o mesh_48
usemtl mat11
v 91.2 25.59999999999999 -76.80000000000001
v 100.80000000000001 25.59999999999999 -76.80000000000001
v 91.2 25.59999999999999 -82.4
v 100.80000000000001 25.59999999999999 -82.4
v 104 38.4 -71.2
v 104 38.4 -76.80000000000001
v 94.4 38.4 -71.2
v 94.4 38.4 -76.80000000000001
v 103.2 31.99999999999999 -86.4
v 103.2 35.19999999999999 -89.60000000000001
v 92.80000000000001 31.99999999999999 -86.4
v 93.60000000000001 35.19999999999999 -89.60000000000001
v 103.2 28.79999999999999 -85.60000000000001
v 103.2 31.99999999999999 -86.4
v 92 28.79999999999999 -85.60000000000001
v 92.80000000000001 31.99999999999999 -86.4
v 104 35.199999999999996 -80
v 104 31.99999999999999 -80.80000000000001
v 93.60000000000001 35.199999999999996 -80
v 92.80000000000001 31.99999999999999 -80.80000000000001
v 93.60000000000001 35.199999999999996 -80
v 94.4 38.4 -76.80000000000001
v 104 35.199999999999996 -80
v 104 38.4 -76.80000000000001
v 104 31.999999999999993 -67.2
v 104 35.199999999999996 -68
v 92.80000000000001 31.999999999999993 -67.2
v 93.60000000000001 35.199999999999996 -68
v 104 35.199999999999996 -68
v 104 38.4 -71.2
v 93.60000000000001 35.199999999999996 -68
v 94.4 38.4 -71.2
v 89.60000000000001 19.199999999999992 -86.4
v 90.4 22.39999999999999 -85.60000000000001
v 100.80000000000001 19.199999999999992 -86.4
v 100.80000000000001 22.39999999999999 -85.60000000000001
v 89.60000000000001 19.199999999999992 -72.8
v 100.80000000000001 19.199999999999992 -72.8
v 90.4 22.39999999999999 -73.60000000000001
v 100.80000000000001 22.39999999999999 -73.60000000000001
v 100.80000000000001 22.39999999999999 -73.60000000000001
v 100.80000000000001 25.59999999999999 -76.80000000000001
v 90.4 22.39999999999999 -73.60000000000001
v 91.2 25.59999999999999 -76.80000000000001
v 90.4 22.39999999999999 -85.60000000000001
v 91.2 25.59999999999999 -82.4
v 100.80000000000001 22.39999999999999 -85.60000000000001
v 100.80000000000001 25.59999999999999 -82.4
vt 0.75 0.5859375
vt 0.8671875 0.5859375
vt 0.75 0.6328125
vt 0.8671875 0.6328125
vt 0.9921875 0.5859375
vt 0.9921875 0.6328125
vt 0.875 0.5859375
vt 0.875 0.6328125
vt 0.90625 0.5546875
vt 0.90625 0.5
vt 0.984375 0.5546875
vt 0.9765625 0.5
vt 0.90625 0.5859375
vt 0.90625 0.5546875
vt 0.9921875 0.5859375
vt 0.984375 0.5546875
vt 0.9921875 0.703125
vt 0.9921875 0.7421875
vt 0.875 0.703125
vt 0.875 0.7421875
vt 0.875 0.703125
vt 0.875 0.6328125
vt 0.9921875 0.703125
vt 0.9921875 0.6328125
vt 0.9921875 0.5
vt 0.9921875 0.5390625
vt 0.875 0.5
vt 0.875 0.5390625
vt 0.9921875 0.5390625
vt 0.9921875 0.5859375
vt 0.875 0.5390625
vt 0.875 0.5859375
vt 0.75 0.7421875
vt 0.75 0.703125
vt 0.8671875 0.7421875
vt 0.8671875 0.703125
vt 0.75 0.5
vt 0.8671875 0.5
vt 0.75 0.5390625
vt 0.8671875 0.5390625
vt 0.8671875 0.5390625
vt 0.8671875 0.5859375
vt 0.75 0.5390625
vt 0.75 0.5859375
vt 0.75 0.703125
vt 0.75 0.6328125
vt 0.8671875 0.703125
vt 0.8671875 0.6328125
vn 0 -1 1.2246467991473532e-16
vn 0 -1 1.2246467991473532e-16
vn 0 -1 1.2246467991473532e-16
vn 0 -1 1.2246467991473532e-16
vn 0 -1 1.2246467991473532e-16
vn 0 -1 1.2246467991473532e-16
vn 0 -1 1.2246467991473532e-16
vn 0 -1 1.2246467991473532e-16
vn 0 -0.7071067811865476 -0.7071067811865475
vn 0 -0.7071067811865476 -0.7071067811865475
vn 0 -0.7071067811865476 -0.7071067811865475
vn 0 -0.7071067811865476 -0.7071067811865475
vn 0 -0.24253562503633308 -0.9701425001453319
vn 0 -0.24253562503633308 -0.9701425001453319
vn 0 -0.24253562503633308 -0.9701425001453319
vn 0 -0.24253562503633308 -0.9701425001453319
vn 0 -0.24253562503633283 0.9701425001453319
vn 0 -0.24253562503633283 0.9701425001453319
vn 0 -0.24253562503633283 0.9701425001453319
vn 0 -0.24253562503633283 0.9701425001453319
vn 0 -0.7071067811865475 0.7071067811865476
vn 0 -0.7071067811865475 0.7071067811865476
vn 0 -0.7071067811865475 0.7071067811865476
vn 0 -0.7071067811865475 0.7071067811865476
vn 0 -0.24253562503633308 -0.9701425001453319
vn 0 -0.24253562503633308 -0.9701425001453319
vn 0 -0.24253562503633308 -0.9701425001453319
vn 0 -0.24253562503633308 -0.9701425001453319
vn 0 -0.7071067811865476 -0.7071067811865475
vn 0 -0.7071067811865476 -0.7071067811865475
vn 0 -0.7071067811865476 -0.7071067811865475
vn 0 -0.7071067811865476 -0.7071067811865475
vn 0 -0.24253562503633283 0.9701425001453319
vn 0 -0.24253562503633283 0.9701425001453319
vn 0 -0.24253562503633283 0.9701425001453319
vn 0 -0.24253562503633283 0.9701425001453319
vn 0 -0.24253562503633308 -0.9701425001453319
vn 0 -0.24253562503633308 -0.9701425001453319
vn 0 -0.24253562503633308 -0.9701425001453319
vn 0 -0.24253562503633308 -0.9701425001453319
vn 0 -0.7071067811865476 -0.7071067811865475
vn 0 -0.7071067811865476 -0.7071067811865475
vn 0 -0.7071067811865476 -0.7071067811865475
vn 0 -0.7071067811865476 -0.7071067811865475
vn 0 -0.7071067811865475 0.7071067811865476
vn 0 -0.7071067811865475 0.7071067811865476
vn 0 -0.7071067811865475 0.7071067811865476
vn 0 -0.7071067811865475 0.7071067811865476
f 3117/3117/3117 3116/3116/3116 3115/3115/3115
f 3116/3116/3116 3117/3117/3117 3118/3118/3118
f 3121/3121/3121 3120/3120/3120 3119/3119/3119
f 3120/3120/3120 3121/3121/3121 3122/3122/3122
f 3125/3125/3125 3124/3124/3124 3123/3123/3123
f 3124/3124/3124 3125/3125/3125 3126/3126/3126
f 3129/3129/3129 3128/3128/3128 3127/3127/3127
f 3128/3128/3128 3129/3129/3129 3130/3130/3130
f 3133/3133/3133 3132/3132/3132 3131/3131/3131
f 3132/3132/3132 3133/3133/3133 3134/3134/3134
f 3137/3137/3137 3136/3136/3136 3135/3135/3135
f 3136/3136/3136 3137/3137/3137 3138/3138/3138
f 3141/3141/3141 3140/3140/3140 3139/3139/3139
f 3140/3140/3140 3141/3141/3141 3142/3142/3142
f 3145/3145/3145 3144/3144/3144 3143/3143/3143
f 3144/3144/3144 3145/3145/3145 3146/3146/3146
f 3149/3149/3149 3148/3148/3148 3147/3147/3147
f 3148/3148/3148 3149/3149/3149 3150/3150/3150
f 3153/3153/3153 3152/3152/3152 3151/3151/3151
f 3152/3152/3152 3153/3153/3153 3154/3154/3154
f 3157/3157/3157 3156/3156/3156 3155/3155/3155
f 3156/3156/3156 3157/3157/3157 3158/3158/3158
f 3161/3161/3161 3160/3160/3160 3159/3159/3159
f 3160/3160/3160 3161/3161/3161 3162/3162/3162
o mesh_49
usemtl mat3
v 92 28.79999999999999 -89.60000000000001
v 103.2 28.79999999999999 -89.60000000000001
v 92 28.79999999999999 -85.60000000000001
v 103.2 28.79999999999999 -85.60000000000001
v 104 31.99999999999999 -76.80000000000001
v 104 31.999999999999993 -67.2
v 92.80000000000001 31.99999999999999 -76.80000000000001
v 92.80000000000001 31.999999999999993 -67.2
v 92.80000000000001 31.99999999999999 -76.80000000000001
v 92.80000000000001 31.99999999999999 -80.80000000000001
v 104 31.99999999999999 -76.80000000000001
v 104 31.99999999999999 -80.80000000000001
v 89.60000000000001 19.199999999999992 -76.80000000000001
v 100.80000000000001 19.199999999999992 -76.80000000000001
v 89.60000000000001 19.199999999999992 -72.8
v 100.80000000000001 19.199999999999992 -72.8
v 100.80000000000001 19.199999999999992 -76.80000000000001
v 89.60000000000001 19.199999999999992 -76.80000000000001
v 100.80000000000001 19.199999999999992 -86.4
v 89.60000000000001 19.199999999999992 -86.4
vt 0.8828125 0.234375
vt 0.9921875 0.234375
vt 0.8828125 0.28125
vt 0.9921875 0.28125
vt 0.9921875 0.375
vt 0.9921875 0.4609375
vt 0.90625 0.375
vt 0.90625 0.4609375
vt 0.90625 0.375
vt 0.90625 0.3359375
vt 0.9921875 0.375
vt 0.9921875 0.3359375
vt 0.875 0.375
vt 0.96875 0.375
vt 0.875 0.4140625
vt 0.96875 0.4140625
vt 0.96875 0.375
vt 0.875 0.375
vt 0.96875 0.28125
vt 0.875 0.28125
vn 0 1 -1.2246467991473532e-16
vn 0 1 -1.2246467991473532e-16
vn 0 1 -1.2246467991473532e-16
vn 0 1 -1.2246467991473532e-16
vn 0 1 -1.2246467991473532e-16
vn 0 1 -1.2246467991473532e-16
vn 0 1 -1.2246467991473532e-16
vn 0 1 -1.2246467991473532e-16
vn 0 1 -1.2246467991473532e-16
vn 0 1 -1.2246467991473532e-16
vn 0 1 -1.2246467991473532e-16
vn 0 1 -1.2246467991473532e-16
vn 0 1 -1.2246467991473532e-16
vn 0 1 -1.2246467991473532e-16
vn 0 1 -1.2246467991473532e-16
vn 0 1 -1.2246467991473532e-16
vn 0 1 -1.2246467991473532e-16
vn 0 1 -1.2246467991473532e-16
vn 0 1 -1.2246467991473532e-16
vn 0 1 -1.2246467991473532e-16
f 3165/3165/3165 3164/3164/3164 3163/3163/3163
f 3164/3164/3164 3165/3165/3165 3166/3166/3166
f 3169/3169/3169 3168/3168/3168 3167/3167/3167
f 3168/3168/3168 3169/3169/3169 3170/3170/3170
f 3173/3173/3173 3172/3172/3172 3171/3171/3171
f 3172/3172/3172 3173/3173/3173 3174/3174/3174
f 3177/3177/3177 3176/3176/3176 3175/3175/3175
f 3176/3176/3176 3177/3177/3177 3178/3178/3178
f 3181/3181/3181 3180/3180/3180 3179/3179/3179
f 3180/3180/3180 3181/3181/3181 3182/3182/3182
o mesh_50
usemtl mat4
v 92.80000000000001 31.99999999999999 -89.60000000000001
v 103.2 31.99999999999999 -89.60000000000001
v 92 28.79999999999999 -89.60000000000001
v 103.2 28.79999999999999 -89.60000000000001
v 103.2 35.19999999999999 -89.60000000000001
v 103.2 31.99999999999999 -89.60000000000001
v 93.60000000000001 35.19999999999999 -89.60000000000001
v 92.80000000000001 31.99999999999999 -89.60000000000001
vt 0.5234375 0.09375
vt 0.6171875 0.09375
vt 0.515625 0.1328125
vt 0.6171875 0.1328125
vt 0.6171875 0.0625
vt 0.6171875 0.09375
vt 0.53125 0.0625
vt 0.5234375 0.09375
vn 0 1.2246467991473532e-16 1
vn 0 1.2246467991473532e-16 1
vn 0 1.2246467991473532e-16 1
vn 0 1.2246467991473532e-16 1
vn 0 1.2246467991473532e-16 1
vn 0 1.2246467991473532e-16 1
vn 0 1.2246467991473532e-16 1
vn 0 1.2246467991473532e-16 1
f 3185/3185/3185 3184/3184/3184 3183/3183/3183
f 3184/3184/3184 3185/3185/3185 3186/3186/3186
f 3189/3189/3189 3188/3188/3188 3187/3187/3187
f 3188/3188/3188 3189/3189/3189 3190/3190/3190
o mesh_51
usemtl mat9
v 91.2 25.59999999999999 -76.80000000000001
v 92.80000000000001 31.99999999999999 -76.80000000000001
v 92.80000000000001 31.999999999999993 -67.2
v 96 44.8 -76.80000000000001
v 96 44.8 -80
v 96.80000000000001 47.99999999999999 -80.80000000000001
v 94.4 51.19999999999999 -89.60000000000001
v 93.60000000000001 47.999999999999986 -89.60000000000001
v 93.60000000000001 47.999999999999986 -95.2
v 99.2 57.599999999999994 -76.80000000000001
v 96 44.8 -76.80000000000001
v 97.60000000000001 51.199999999999996 -84
v 96.80000000000001 47.99999999999999 -80.80000000000001
v 92.80000000000001 31.99999999999999 -80.80000000000001
v 92.80000000000001 31.99999999999999 -76.80000000000001
v 91.2 25.59999999999999 -82.4
v 91.2 25.59999999999999 -76.80000000000001
v 96 44.8 -80
v 96 44.8 -76.80000000000001
v 95.2 41.599999999999994 -80
v 94.4 38.4 -76.80000000000001
v 92 28.79999999999999 -85.60000000000001
v 92.80000000000001 31.99999999999999 -86.4
v 91.2 25.59999999999999 -82.4
v 92.80000000000001 31.99999999999999 -80.80000000000001
vt 0.375 0.3125
vt 0.375 0.25
vt 0.46875 0.25
vt 0.375 0.125
vt 0.34375 0.125
vt 0.328125 0.09375
vt 0.2421875 0.1875
vt 0.2421875 0.21875
vt 0.1875 0.21875
vt 0.375 0
vt 0.375 0.125
vt 0.296875 0.0625
vt 0.328125 0.09375
vt 0.328125 0.25
vt 0.375 0.25
vt 0.3125 0.3125
vt 0.375 0.3125
vt 0.34375 0.125
vt 0.375 0.125
vt 0.34375 0.1328125
vt 0.375 0.1875
vt 0.28125 0.28125
vt 0.28125 0.25
vt 0.3125 0.3125
vt 0.328125 0.25
vn -0.9701425001453319 0.24253562503633297 -2.970204768799478e-17
vn -0.9701425001453319 0.24253562503633297 -2.970204768799478e-17
vn -0.9701425001453319 0.24253562503633297 -2.970204768799478e-17
vn -0.9701425001453319 0.24253562503633297 -2.970204768799478e-17
vn -0.9701425001453319 0.24253562503633297 -2.970204768799478e-17
vn -0.9701425001453319 0.24253562503633297 -2.970204768799478e-17
vn -0.9701425001453319 0.24253562503633297 -2.970204768799478e-17
vn -0.9701425001453319 0.24253562503633297 -2.970204768799478e-17
vn -0.9701425001453319 0.24253562503633297 -2.970204768799478e-17
vn -0.9701425001453319 0.24253562503633297 -2.970204768799478e-17
vn -0.9701425001453319 0.24253562503633297 -2.970204768799478e-17
vn -0.9701425001453319 0.24253562503633297 -2.970204768799478e-17
vn -0.9701425001453319 0.24253562503633297 -2.970204768799478e-17
vn -0.9701425001453319 0.24253562503633297 -2.970204768799478e-17
vn -0.9701425001453319 0.24253562503633297 -2.970204768799478e-17
vn -0.9701425001453319 0.24253562503633297 -2.970204768799478e-17
vn -0.9701425001453319 0.24253562503633297 -2.970204768799478e-17
vn -0.9701425001453319 0.24253562503633297 -2.970204768799478e-17
vn -0.9701425001453319 0.24253562503633297 -2.970204768799478e-17
vn -0.9701425001453319 0.24253562503633297 -2.970204768799478e-17
vn -0.9701425001453319 0.24253562503633297 -2.970204768799478e-17
vn -0.9701425001453319 0.24253562503633297 -2.970204768799478e-17
vn -0.9701425001453319 0.24253562503633297 -2.970204768799478e-17
vn -0.9701425001453319 0.24253562503633297 -2.970204768799478e-17
vn -0.9701425001453319 0.24253562503633297 -2.970204768799478e-17
f 3193/3193/3193 3192/3192/3192 3191/3191/3191
f 3196/3196/3196 3195/3195/3195 3194/3194/3194
f 3199/3199/3199 3198/3198/3198 3197/3197/3197
f 3202/3202/3202 3201/3201/3201 3200/3200/3200
f 3201/3201/3201 3202/3202/3202 3203/3203/3203
f 3206/3206/3206 3205/3205/3205 3204/3204/3204
f 3205/3205/3205 3206/3206/3206 3207/3207/3207
f 3210/3210/3210 3209/3209/3209 3208/3208/3208
f 3209/3209/3209 3210/3210/3210 3211/3211/3211
f 3214/3214/3214 3213/3213/3213 3212/3212/3212
f 3213/3213/3213 3214/3214/3214 3215/3215/3215
o mesh_52
usemtl mat4
v 12.8 25.599999999999984 -140.8
v 12.8 44.79999999999999 -140.8
v 0 31.999999999999982 -140.8
v 0 44.79999999999999 -140.8
vt 0.875 0.1796875
vt 0.875 0
vt 0.9921875 0.125
vt 0.9921875 0
vn 0 -1.2246467991473532e-16 -1
vn 0 -1.2246467991473532e-16 -1
vn 0 -1.2246467991473532e-16 -1
vn 0 -1.2246467991473532e-16 -1
f 3218/3218/3218 3217/3217/3217 3216/3216/3216
f 3217/3217/3217 3218/3218/3218 3219/3219/3219
o mesh_53
usemtl mat3
v 0 25.599999999999984 -153.60000000000002
v 12.8 25.599999999999984 -153.60000000000002
v 0 25.599999999999984 -140.8
v 12.8 25.599999999999984 -140.8
vt 0.5 0.125
vt 0.625 0.125
vt 0.5 0.25
vt 0.625 0.25
vn 0 1 -1.2246467991473532e-16
vn 0 1 -1.2246467991473532e-16
vn 0 1 -1.2246467991473532e-16
vn 0 1 -1.2246467991473532e-16
f 3222/3222/3222 3221/3221/3221 3220/3220/3220
f 3221/3221/3221 3222/3222/3222 3223/3223/3223
o mesh_54
usemtl mat12
v 59.2 38.39999999999998 -243.20000000000002
v 64 51.199999999999974 -243.20000000000002
v 64 38.39999999999998 -243.20000000000002
v 56 38.39999999999998 -243.20000000000002
v 51.2 38.39999999999998 -243.20000000000002
v 51.2 51.199999999999974 -243.20000000000002
v 33.6 38.39999999999998 -243.20000000000002
v 38.400000000000006 51.199999999999974 -243.20000000000002
v 38.400000000000006 38.39999999999998 -243.20000000000002
v 30.400000000000002 38.39999999999998 -243.20000000000002
v 25.6 38.39999999999998 -243.20000000000002
v 25.6 51.199999999999974 -243.20000000000002
v 51.2 51.199999999999974 -243.20000000000002
v 64 51.199999999999974 -243.20000000000002
v 56 38.39999999999998 -243.20000000000002
v 59.2 38.39999999999998 -243.20000000000002
v 33.6 38.39999999999998 -243.20000000000002
v 30.400000000000002 38.39999999999998 -243.20000000000002
v 38.400000000000006 51.199999999999974 -243.20000000000002
v 25.6 51.199999999999974 -243.20000000000002
v 51.2 51.199999999999974 -243.20000000000002
v 51.2 38.39999999999998 -243.20000000000002
v 38.400000000000006 51.199999999999974 -243.20000000000002
v 38.400000000000006 38.39999999999998 -243.20000000000002
vt 0.453125 0.9921875
vt 0.4921875 0.875
vt 0.4921875 0.9921875
vt 0.421875 0.9921875
vt 0.375 0.9921875
vt 0.375 0.875
vt 0.203125 0.9921875
vt 0.25 0.875
vt 0.25 0.9921875
vt 0.171875 0.9921875
vt 0.125 0.9921875
vt 0.125 0.875
vt 0.375 0.875
vt 0.4921875 0.875
vt 0.421875 0.9921875
vt 0.453125 0.9921875
vt 0.203125 0.9921875
vt 0.171875 0.9921875
vt 0.25 0.875
vt 0.125 0.875
vt 0.375 0.875
vt 0.375 0.9921875
vt 0.25 0.875
vt 0.25 0.9921875
vn 0 1.2246467991473532e-16 1
vn 0 1.2246467991473532e-16 1
vn 0 1.2246467991473532e-16 1
vn 0 1.2246467991473532e-16 1
vn 0 1.2246467991473532e-16 1
vn 0 1.2246467991473532e-16 1
vn 0 1.2246467991473532e-16 1
vn 0 1.2246467991473532e-16 1
vn 0 1.2246467991473532e-16 1
vn 0 1.2246467991473532e-16 1
vn 0 1.2246467991473532e-16 1
vn 0 1.2246467991473532e-16 1
vn 0 1.2246467991473532e-16 1
vn 0 1.2246467991473532e-16 1
vn 0 1.2246467991473532e-16 1
vn 0 1.2246467991473532e-16 1
vn 0 1.2246467991473532e-16 1
vn 0 1.2246467991473532e-16 1
vn 0 1.2246467991473532e-16 1
vn 0 1.2246467991473532e-16 1
vn 0 1.2246467991473532e-16 1
vn 0 1.2246467991473532e-16 1
vn 0 1.2246467991473532e-16 1
vn 0 1.2246467991473532e-16 1
f 3226/3226/3226 3225/3225/3225 3224/3224/3224
f 3229/3229/3229 3228/3228/3228 3227/3227/3227
f 3232/3232/3232 3231/3231/3231 3230/3230/3230
f 3235/3235/3235 3234/3234/3234 3233/3233/3233
f 3238/3238/3238 3237/3237/3237 3236/3236/3236
f 3237/3237/3237 3238/3238/3238 3239/3239/3239
f 3242/3242/3242 3241/3241/3241 3240/3240/3240
f 3241/3241/3241 3242/3242/3242 3243/3243/3243
f 3246/3246/3246 3245/3245/3245 3244/3244/3244
f 3245/3245/3245 3246/3246/3246 3247/3247/3247
o mesh_55
usemtl mat8
v 0 51.199999999999974 -243.20000000000002
v 25.6 51.199999999999974 -243.20000000000002
v 25.6 38.39999999999998 -243.20000000000002
v 25.6 38.39999999999998 -243.20000000000002
v 25.6 25.599999999999973 -243.20000000000002
v 0 51.199999999999974 -243.20000000000002
v 0 25.599999999999973 -243.20000000000002
v 0 12.79999999999997 -243.20000000000002
v 0 25.599999999999973 -243.20000000000002
v 25.6 12.79999999999997 -243.20000000000002
v 25.6 25.599999999999973 -243.20000000000002
vt 0 0.5
vt 0.2421875 0.5
vt 0.2421875 0.625
vt 0.2421875 0.625
vt 0.2421875 0.75
vt 0 0.5
vt 0 0.75
vt 0 0.875
vt 0 0.75
vt 0.2421875 0.875
vt 0.2421875 0.75
vn 0 1.2246467991473532e-16 1
vn 0 1.2246467991473532e-16 1
vn 0 1.2246467991473532e-16 1
vn 0 1.2246467991473532e-16 1
vn 0 1.2246467991473532e-16 1
vn 0 1.2246467991473532e-16 1
vn 0 1.2246467991473532e-16 1
vn 0 1.2246467991473532e-16 1
vn 0 1.2246467991473532e-16 1
vn 0 1.2246467991473532e-16 1
vn 0 1.2246467991473532e-16 1
f 3250/3250/3250 3249/3249/3249 3248/3248/3248
f 3253/3253/3253 3252/3252/3252 3251/3251/3251
f 3252/3252/3252 3253/3253/3253 3254/3254/3254
f 3257/3257/3257 3256/3256/3256 3255/3255/3255
f 3256/3256/3256 3257/3257/3257 3258/3258/3258
o mesh_56
usemtl mat9
v 64 38.39999999999998 -243.20000000000002
v 64 51.199999999999974 -243.20000000000002
v 89.60000000000001 51.199999999999974 -243.20000000000002
v 89.60000000000001 51.199999999999974 -243.20000000000002
v 89.60000000000001 25.599999999999973 -243.20000000000002
v 64 38.39999999999998 -243.20000000000002
v 64 25.599999999999973 -243.20000000000002
v 64 12.79999999999997 -243.20000000000002
v 64 25.599999999999973 -243.20000000000002
v 89.60000000000001 12.79999999999997 -243.20000000000002
v 89.60000000000001 25.599999999999973 -243.20000000000002
vt 0 0.125
vt 0 0
vt 0.2421875 0
vt 0.2421875 0
vt 0.2421875 0.25
vt 0 0.125
vt 0 0.25
vt 0 0.375
vt 0 0.25
vt 0.2421875 0.375
vt 0.2421875 0.25
vn 0 1.2246467991473532e-16 1
vn 0 1.2246467991473532e-16 1
vn 0 1.2246467991473532e-16 1
vn 0 1.2246467991473532e-16 1
vn 0 1.2246467991473532e-16 1
vn 0 1.2246467991473532e-16 1
vn 0 1.2246467991473532e-16 1
vn 0 1.2246467991473532e-16 1
vn 0 1.2246467991473532e-16 1
vn 0 1.2246467991473532e-16 1
vn 0 1.2246467991473532e-16 1
f 3261/3261/3261 3260/3260/3260 3259/3259/3259
f 3264/3264/3264 3263/3263/3263 3262/3262/3262
f 3263/3263/3263 3264/3264/3264 3265/3265/3265
f 3268/3268/3268 3267/3267/3267 3266/3266/3266
f 3267/3267/3267 3268/3268/3268 3269/3269/3269
o mesh_57
usemtl mat7
v 59.2 38.39999999999998 -243.20000000000002
v 64 38.39999999999998 -243.20000000000002
v 60.800000000000004 25.599999999999973 -243.20000000000002
v 64 25.599999999999973 -243.20000000000002
v 51.2 25.599999999999973 -243.20000000000002
v 51.2 38.39999999999998 -243.20000000000002
v 54.400000000000006 25.599999999999973 -243.20000000000002
v 56 38.39999999999998 -243.20000000000002
v 35.2 25.599999999999973 -243.20000000000002
v 33.6 38.39999999999998 -243.20000000000002
v 38.400000000000006 25.599999999999973 -243.20000000000002
v 38.400000000000006 38.39999999999998 -243.20000000000002
v 25.6 25.599999999999973 -243.20000000000002
v 25.6 38.39999999999998 -243.20000000000002
v 28.8 25.599999999999973 -243.20000000000002
v 30.400000000000002 38.39999999999998 -243.20000000000002
v 28.8 12.79999999999997 -243.20000000000002
v 25.6 12.79999999999997 -243.20000000000002
v 28.8 25.599999999999973 -243.20000000000002
v 25.6 25.599999999999973 -243.20000000000002
v 54.400000000000006 12.79999999999997 -243.20000000000002
v 51.2 12.79999999999997 -243.20000000000002
v 54.400000000000006 25.599999999999973 -243.20000000000002
v 51.2 25.599999999999973 -243.20000000000002
v 35.2 25.599999999999973 -243.20000000000002
v 38.400000000000006 25.599999999999973 -243.20000000000002
v 35.2 12.79999999999997 -243.20000000000002
v 38.400000000000006 12.79999999999997 -243.20000000000002
v 60.800000000000004 25.599999999999973 -243.20000000000002
v 64 25.599999999999973 -243.20000000000002
v 60.800000000000004 12.79999999999997 -243.20000000000002
v 64 12.79999999999997 -243.20000000000002
vt 0.953125 0.625
vt 0.9921875 0.625
vt 0.96875 0.75
vt 0.9921875 0.75
vt 0.875 0.75
vt 0.875 0.625
vt 0.90625 0.75
vt 0.921875 0.625
vt 0.71875 0.75
vt 0.703125 0.625
vt 0.75 0.75
vt 0.75 0.625
vt 0.625 0.75
vt 0.625 0.625
vt 0.65625 0.75
vt 0.671875 0.625
vt 0.65625 0.875
vt 0.625 0.875
vt 0.65625 0.75
vt 0.625 0.75
vt 0.90625 0.875
vt 0.875 0.875
vt 0.90625 0.75
vt 0.875 0.75
vt 0.71875 0.75
vt 0.75 0.75
vt 0.71875 0.875
vt 0.75 0.875
vt 0.96875 0.75
vt 0.9921875 0.75
vt 0.96875 0.875
vt 0.9921875 0.875
vn 0 1.2246467991473532e-16 1
vn 0 1.2246467991473532e-16 1
vn 0 1.2246467991473532e-16 1
vn 0 1.2246467991473532e-16 1
vn 0 1.2246467991473532e-16 1
vn 0 1.2246467991473532e-16 1
vn 0 1.2246467991473532e-16 1
vn 0 1.2246467991473532e-16 1
vn 0 1.2246467991473532e-16 1
vn 0 1.2246467991473532e-16 1
vn 0 1.2246467991473532e-16 1
vn 0 1.2246467991473532e-16 1
vn 0 1.2246467991473532e-16 1
vn 0 1.2246467991473532e-16 1
vn 0 1.2246467991473532e-16 1
vn 0 1.2246467991473532e-16 1
vn 0 1.2246467991473532e-16 1
vn 0 1.2246467991473532e-16 1
vn 0 1.2246467991473532e-16 1
vn 0 1.2246467991473532e-16 1
vn 0 1.2246467991473532e-16 1
vn 0 1.2246467991473532e-16 1
vn 0 1.2246467991473532e-16 1
vn 0 1.2246467991473532e-16 1
vn 0 1.2246467991473532e-16 1
vn 0 1.2246467991473532e-16 1
vn 0 1.2246467991473532e-16 1
vn 0 1.2246467991473532e-16 1
vn 0 1.2246467991473532e-16 1
vn 0 1.2246467991473532e-16 1
vn 0 1.2246467991473532e-16 1
vn 0 1.2246467991473532e-16 1
f 3272/3272/3272 3271/3271/3271 3270/3270/3270
f 3271/3271/3271 3272/3272/3272 3273/3273/3273
f 3276/3276/3276 3275/3275/3275 3274/3274/3274
f 3275/3275/3275 3276/3276/3276 3277/3277/3277
f 3280/3280/3280 3279/3279/3279 3278/3278/3278
f 3279/3279/3279 3280/3280/3280 3281/3281/3281
f 3284/3284/3284 3283/3283/3283 3282/3282/3282
f 3283/3283/3283 3284/3284/3284 3285/3285/3285
f 3288/3288/3288 3287/3287/3287 3286/3286/3286
f 3287/3287/3287 3288/3288/3288 3289/3289/3289
f 3292/3292/3292 3291/3291/3291 3290/3290/3290
f 3291/3291/3291 3292/3292/3292 3293/3293/3293
f 3296/3296/3296 3295/3295/3295 3294/3294/3294
f 3295/3295/3295 3296/3296/3296 3297/3297/3297
f 3300/3300/3300 3299/3299/3299 3298/3298/3298
f 3299/3299/3299 3300/3300/3300 3301/3301/3301
o mesh_58
usemtl mat10
v 64 51.199999999999974 -243.20000000000002
v 64 76.79999999999998 -243.20000000000002
v 89.60000000000001 51.199999999999974 -243.20000000000002
v 81.60000000000001 68.79999999999997 -243.20000000000002
v 8 68.79999999999997 -243.20000000000002
v 25.6 76.79999999999998 -243.20000000000002
v 0 51.199999999999974 -243.20000000000002
v 25.6 51.199999999999974 -243.20000000000002
vt 0.5 0.4921875
vt 0.5 0.25
vt 0.7421875 0.4921875
vt 0.671875 0.3203125
vt 0.5 0.25
vt 0.6171875 0.25
vt 0.5 0.4921875
vt 0.6171875 0.4921875
vn 0 1.2246467991473532e-16 1
vn 0 1.2246467991473532e-16 1
vn 0 1.2246467991473532e-16 1
vn 0 1.2246467991473532e-16 1
vn 0 1.2246467991473532e-16 1
vn 0 1.2246467991473532e-16 1
vn 0 1.2246467991473532e-16 1
vn 0 1.2246467991473532e-16 1
f 3304/3304/3304 3303/3303/3303 3302/3302/3302
f 3303/3303/3303 3304/3304/3304 3305/3305/3305
f 3308/3308/3308 3307/3307/3307 3306/3306/3306
f 3307/3307/3307 3308/3308/3308 3309/3309/3309
o mesh_59
usemtl mat9
v 89.60000000000001 44.79999999999998 -153.60000000000002
v 89.60000000000001 70.39999999999999 -153.60000000000002
v 89.60000000000001 57.59999999999999 -140.8
v 89.60000000000001 63.999999999999986 -140.8
v 89.60000000000001 25.599999999999973 -230.4
v 89.60000000000001 51.199999999999974 -230.4
v 89.60000000000001 31.99999999999997 -217.60000000000002
v 89.60000000000001 44.799999999999976 -217.60000000000002
v 89.60000000000001 70.39999999999999 -115.20000000000002
v 89.60000000000001 70.39999999999999 -128
v 89.60000000000001 83.19999999999999 -115.20000000000002
v 89.60000000000001 95.99999999999999 -128
v 89.60000000000001 51.199999999999974 -230.4
v 89.60000000000001 25.599999999999973 -230.4
v 89.60000000000001 51.199999999999974 -243.20000000000002
v 89.60000000000001 25.599999999999973 -243.20000000000002
v 89.60000000000001 95.99999999999999 -128
v 89.60000000000001 70.39999999999999 -128
v 89.60000000000001 95.99999999999999 -140.8
v 89.60000000000001 70.39999999999999 -140.8
v 89.60000000000001 70.39999999999999 -153.60000000000002
v 89.60000000000001 44.79999999999998 -153.60000000000002
v 89.60000000000001 70.39999999999999 -166.4
v 89.60000000000001 44.79999999999998 -166.4
vt 0.375 0.2421875
vt 0.375 0
vt 0.4921875 0.125
vt 0.4921875 0.0625
vt 0.375 0.25
vt 0.375 0
vt 0.4921875 0.1875
vt 0.4921875 0.0625
vt 0.2421875 0.375
vt 0.125 0.375
vt 0.2421875 0.25
vt 0.125 0.125
vt 0.375 0
vt 0.375 0.25
vt 0.25 0
vt 0.25 0.25
vt 0.125 0.125
vt 0.125 0.375
vt 0 0.125
vt 0 0.375
vt 0.375 0
vt 0.375 0.25
vt 0.25 0
vt 0.25 0.25
vn -1 0 0
vn -1 0 0
vn -1 0 0
vn -1 0 0
vn -1 0 0
vn -1 0 0
vn -1 0 0
vn -1 0 0
vn -1 0 0
vn -1 0 0
vn -1 0 0
vn -1 0 0
vn -1 0 0
vn -1 0 0
vn -1 0 0
vn -1 0 0
vn -1 0 0
vn -1 0 0
vn -1 0 0
vn -1 0 0
vn -1 0 0
vn -1 0 0
vn -1 0 0
vn -1 0 0
f 3312/3312/3312 3311/3311/3311 3310/3310/3310
f 3311/3311/3311 3312/3312/3312 3313/3313/3313
f 3316/3316/3316 3315/3315/3315 3314/3314/3314
f 3315/3315/3315 3316/3316/3316 3317/3317/3317
f 3320/3320/3320 3319/3319/3319 3318/3318/3318
f 3319/3319/3319 3320/3320/3320 3321/3321/3321
f 3324/3324/3324 3323/3323/3323 3322/3322/3322
f 3323/3323/3323 3324/3324/3324 3325/3325/3325
f 3328/3328/3328 3327/3327/3327 3326/3326/3326
f 3327/3327/3327 3328/3328/3328 3329/3329/3329
f 3332/3332/3332 3331/3331/3331 3330/3330/3330
f 3331/3331/3331 3332/3332/3332 3333/3333/3333
o mesh_60
usemtl mat10
v 89.60000000000001 70.39999999999999 -153.60000000000002
v 89.60000000000001 95.99999999999999 -153.60000000000002
v 89.60000000000001 70.39999999999999 -140.8
v 89.60000000000001 95.99999999999999 -140.8
vt 0.875 0.4921875
vt 0.875 0.265625
vt 0.9921875 0.4921875
vt 0.9921875 0.265625
vn -1 0 0
vn -1 0 0
vn -1 0 0
vn -1 0 0
f 3336/3336/3336 3335/3335/3335 3334/3334/3334
f 3335/3335/3335 3336/3336/3336 3337/3337/3337
o mesh_61
usemtl mat11
v 0 70.4 -51.20000000000001
v 0 57.599999999999994 -64
v 0 44.8 -51.20000000000001
v 0 44.8 -64
v 0 44.79999999999999 -102.4
v 0 70.39999999999999 -102.40000000000002
v 0 57.59999999999999 -115.2
v 0 63.999999999999986 -115.20000000000002
v 0 70.39999999999999 -102.40000000000002
v 0 95.99999999999999 -102.40000000000002
v 0 83.19999999999999 -115.20000000000002
v 0 95.99999999999999 -115.20000000000002
vt 0.5 0.5
vt 0.6171875 0.625
vt 0.5 0.75
vt 0.6171875 0.75
vt 0.5 0.75
vt 0.5 0.5
vt 0.6171875 0.625
vt 0.6171875 0.5625
vt 0.625 0.7421875
vt 0.625 0.5
vt 0.7421875 0.625
vt 0.7421875 0.5
vn 1 0 0
vn 1 0 0
vn 1 0 0
vn 1 0 0
vn 1 0 0
vn 1 0 0
vn 1 0 0
vn 1 0 0
vn 1 0 0
vn 1 0 0
vn 1 0 0
vn 1 0 0
f 3340/3340/3340 3339/3339/3339 3338/3338/3338
f 3339/3339/3339 3340/3340/3340 3341/3341/3341
f 3344/3344/3344 3343/3343/3343 3342/3342/3342
f 3343/3343/3343 3344/3344/3344 3345/3345/3345
f 3348/3348/3348 3347/3347/3347 3346/3346/3346
f 3347/3347/3347 3348/3348/3348 3349/3349/3349
o mesh_62
usemtl mat9
v 0 44.799999999999976 -217.60000000000002
v 0 51.199999999999974 -230.4
v 0 31.99999999999997 -217.60000000000002
v 0 25.599999999999973 -230.4
v 0 44.79999999999999 -102.4
v 0 44.79999999999999 -89.60000000000001
v 0 70.39999999999999 -102.40000000000002
v 0 70.39999999999999 -89.60000000000002
v 0 70.39999999999999 -89.60000000000002
v 0 44.79999999999999 -89.60000000000001
v 0 57.599999999999994 -76.80000000000001
v 0 44.8 -76.80000000000001
v 0 70.4 -38.40000000000001
v 0 70.4 -51.20000000000001
v 0 44.8 -38.40000000000001
v 0 44.8 -51.20000000000001
v 0 44.799999999999976 -204.8
v 0 70.39999999999998 -204.8
v 0 51.199999999999974 -217.60000000000002
v 0 70.39999999999998 -217.60000000000002
v 0 44.8 -38.40000000000001
v 0 44.800000000000004 -25.60000000000001
v 0 70.4 -38.40000000000001
v 0 70.4 -25.60000000000001
v 0 51.199999999999974 -243.20000000000002
v 0 25.599999999999973 -243.20000000000002
v 0 51.199999999999974 -230.4
v 0 25.599999999999973 -230.4
v 0 70.39999999999998 -204.8
v 0 44.799999999999976 -204.8
v 0 57.59999999999998 -192
v 0 44.79999999999998 -192
v 0 44.79999999999998 -166.4
v 0 44.79999999999998 -153.60000000000002
v 0 70.39999999999999 -166.4
v 0 70.39999999999999 -153.60000000000002
v 0 57.59999999999998 -179.20000000000002
v 0 44.79999999999998 -179.20000000000002
v 0 70.39999999999999 -166.4
v 0 44.79999999999998 -166.4
vt 0.25 0.0625
vt 0.375 0
vt 0.25 0.1875
vt 0.375 0.25
vt 0.4921875 0.25
vt 0.375 0.25
vt 0.4921875 0
vt 0.375 0
vt 0.375 0
vt 0.375 0.25
vt 0.25 0.125
vt 0.25 0.25
vt 0.125 0
vt 0.2421875 0
vt 0.125 0.25
vt 0.2421875 0.25
vt 0.125 0.25
vt 0.125 0
vt 0.2421875 0.1875
vt 0.2421875 0
vt 0.125 0.25
vt 0 0.25
vt 0.125 0
vt 0 0
vt 0.4921875 0
vt 0.4921875 0.25
vt 0.375 0
vt 0.375 0.25
vt 0.125 0
vt 0.125 0.25
vt 0 0.125
vt 0 0.25
vt 0.375 0.25
vt 0.25 0.25
vt 0.375 0
vt 0.25 0
vt 0.4921875 0.125
vt 0.4921875 0.25
vt 0.375 0
vt 0.375 0.25
vn 1 0 0
vn 1 0 0
vn 1 0 0
vn 1 0 0
vn 1 0 0
vn 1 0 0
vn 1 0 0
vn 1 0 0
vn 1 0 0
vn 1 0 0
vn 1 0 0
vn 1 0 0
vn 1 0 0
vn 1 0 0
vn 1 0 0
vn 1 0 0
vn 1 0 0
vn 1 0 0
vn 1 0 0
vn 1 0 0
vn 1 0 0
vn 1 0 0
vn 1 0 0
vn 1 0 0
vn 1 0 0
vn 1 0 0
vn 1 0 0
vn 1 0 0
vn 1 0 0
vn 1 0 0
vn 1 0 0
vn 1 0 0
vn 1 0 0
vn 1 0 0
vn 1 0 0
vn 1 0 0
vn 1 0 0
vn 1 0 0
vn 1 0 0
vn 1 0 0
f 3352/3352/3352 3351/3351/3351 3350/3350/3350
f 3351/3351/3351 3352/3352/3352 3353/3353/3353
f 3356/3356/3356 3355/3355/3355 3354/3354/3354
f 3355/3355/3355 3356/3356/3356 3357/3357/3357
f 3360/3360/3360 3359/3359/3359 3358/3358/3358
f 3359/3359/3359 3360/3360/3360 3361/3361/3361
f 3364/3364/3364 3363/3363/3363 3362/3362/3362
f 3363/3363/3363 3364/3364/3364 3365/3365/3365
f 3368/3368/3368 3367/3367/3367 3366/3366/3366
f 3367/3367/3367 3368/3368/3368 3369/3369/3369
f 3372/3372/3372 3371/3371/3371 3370/3370/3370
f 3371/3371/3371 3372/3372/3372 3373/3373/3373
f 3376/3376/3376 3375/3375/3375 3374/3374/3374
f 3375/3375/3375 3376/3376/3376 3377/3377/3377
f 3380/3380/3380 3379/3379/3379 3378/3378/3378
f 3379/3379/3379 3380/3380/3380 3381/3381/3381
f 3384/3384/3384 3383/3383/3383 3382/3382/3382
f 3383/3383/3383 3384/3384/3384 3385/3385/3385
f 3388/3388/3388 3387/3387/3387 3386/3386/3386
f 3387/3387/3387 3388/3388/3388 3389/3389/3389
o mesh_63
usemtl mat10
v 0 81.60000000000001 -25.600000000000012
v 0 94.4 -51.20000000000002
v 0 70.4 -38.40000000000001
v 0 70.4 -51.20000000000001
vt 0.5 0.25
vt 0.7421875 0.25
vt 0.6171875 0.4921875
vt 0.7421875 0.4921875
vn 1 0 0
vn 1 0 0
vn 1 0 0
vn 1 0 0
f 3392/3392/3392 3391/3391/3391 3390/3390/3390
f 3391/3391/3391 3392/3392/3392 3393/3393/3393
o mesh_64
usemtl mat4
v 39.2 63.999999999999986 -123.20000000000002
v 37.6 63.999999999999986 -119.20000000000002
v 36.800000000000004 60.79999999999999 -123.20000000000002
v 37.6 63.999999999999986 -119.20000000000002
v 38.400000000000006 63.999999999999986 -115.20000000000002
v 36.800000000000004 60.79999999999999 -123.20000000000002
v 38.400000000000006 60.79999999999999 -115.20000000000002
vt 0.609375 0.015625
vt 0.6484375 0.015625
vt 0.640625 0.0859375
vt 0.6484375 0.015625
vt 0.6796875 0.015625
vt 0.640625 0.0859375
vt 0.6796875 0.0859375
vn -0.7619393427605361 0.5714544623669188 -0.30477571326235675
vn -0.7619393427605361 0.5714544623669188 -0.30477571326235675
vn -0.7619393427605361 0.5714544623669188 -0.30477571326235675
vn -0.9805806762640419 2.4017299364876933e-17 0.19611613227257615
vn -0.9805806762640419 2.4017299364876933e-17 0.19611613227257615
vn -0.9805806762640419 2.4017299364876933e-17 0.19611613227257615
vn -0.9805806762640419 2.4017299364876933e-17 0.19611613227257615
f 3396/3396/3396 3395/3395/3395 3394/3394/3394
f 3399/3399/3399 3398/3398/3398 3397/3397/3397
f 3398/3398/3398 3399/3399/3399 3400/3400/3400
o mesh_65
usemtl mat3
v 42.400000000000006 62.39999999999999 -140.8
v 45.6 61.59999999999999 -140.8
v 46.400000000000006 62.39999999999999 -134.4
v 51.2 62.39999999999999 -116.80000000000003
v 44.800000000000004 62.39999999999999 -123.20000000000002
v 46.400000000000006 62.39999999999999 -128
v 51.2 62.39999999999999 -116.80000000000003
v 44.800000000000004 62.39999999999999 -116.80000000000003
v 44.800000000000004 62.39999999999999 -123.20000000000002
v 34.4 60.79999999999999 -115.20000000000002
v 33.6 62.39999999999999 -115.20000000000002
v 33.6 60.79999999999999 -123.20000000000002
v 33.6 60.79999999999999 -123.20000000000002
v 36.800000000000004 60.79999999999999 -123.20000000000002
v 34.4 60.79999999999999 -115.20000000000002
v 46.400000000000006 62.39999999999999 -134.4
v 46.400000000000006 62.39999999999999 -128
v 42.400000000000006 62.39999999999999 -140.8
v 42.400000000000006 62.39999999999999 -128
v 72.8 62.39999999999999 -128
v 70.4 62.39999999999999 -116.80000000000003
v 70.4 62.39999999999999 -128
v 67.2 62.39999999999999 -116.80000000000003
v 72.8 62.39999999999999 -128
v 70.4 62.39999999999999 -128
v 73.60000000000001 62.39999999999999 -139.20000000000002
v 70.4 62.39999999999999 -139.20000000000002
vt 0.90625 0.25
vt 0.9375 0.25
vt 0.953125 0.3125
vt 0.9921875 0.484375
vt 0.9375 0.421875
vt 0.953125 0.375
vt 0.9921875 0.484375
vt 0.9375 0.484375
vt 0.9375 0.421875
vt 0.84375 0.4921875
vt 0.828125 0.4921875
vt 0.828125 0.421875
vt 0.828125 0.421875
vt 0.859375 0.421875
vt 0.84375 0.4921875
vt 0.953125 0.3125
vt 0.953125 0.375
vt 0.90625 0.25
vt 0.90625 0.375
vt 0.703125 0.375
vt 0.6875 0.484375
vt 0.6875 0.375
vt 0.65625 0.484375
vt 0.703125 0.375
vt 0.6875 0.375
vt 0.71875 0.265625
vt 0.6875 0.265625
vn 0.23979625993289652 0.9591850397315861 -0.14987265687012513
vn 0.23979625993289652 0.9591850397315861 -0.14987265687012513
vn 0.23979625993289652 0.9591850397315861 -0.14987265687012513
vn 0 1 -1.2246467991473532e-16
vn 0 1 -1.2246467991473532e-16
vn 0 1 -1.2246467991473532e-16
vn 0 1 -1.2246467991473532e-16
vn 0 1 -1.2246467991473532e-16
vn 0 1 -1.2246467991473532e-16
vn 0.8908708061382216 0.4454354030691108 -0.08908708359405444
vn 0.8908708061382216 0.4454354030691108 -0.08908708359405444
vn 0.8908708061382216 0.4454354030691108 -0.08908708359405444
vn 0 1 -1.2246467991473532e-16
vn 0 1 -1.2246467991473532e-16
vn 0 1 -1.2246467991473532e-16
vn 0 1 -1.2246467991473532e-16
vn 0 1 -1.2246467991473532e-16
vn 0 1 -1.2246467991473532e-16
vn 0 1 -1.2246467991473532e-16
vn 0 1 -1.2246467991473532e-16
vn 0 1 -1.2246467991473532e-16
vn 0 1 -1.2246467991473532e-16
vn 0 1 -1.2246467991473532e-16
vn 0 1 -1.2246467991473532e-16
vn 0 1 -1.2246467991473532e-16
vn 0 1 -1.2246467991473532e-16
vn 0 1 -1.2246467991473532e-16
f 3403/3403/3403 3402/3402/3402 3401/3401/3401
f 3406/3406/3406 3405/3405/3405 3404/3404/3404
f 3409/3409/3409 3408/3408/3408 3407/3407/3407
f 3412/3412/3412 3411/3411/3411 3410/3410/3410
f 3415/3415/3415 3414/3414/3414 3413/3413/3413
f 3418/3418/3418 3417/3417/3417 3416/3416/3416
f 3417/3417/3417 3418/3418/3418 3419/3419/3419
f 3422/3422/3422 3421/3421/3421 3420/3420/3420
f 3421/3421/3421 3422/3422/3422 3423/3423/3423
f 3426/3426/3426 3425/3425/3425 3424/3424/3424
f 3425/3425/3425 3426/3426/3426 3427/3427/3427
o mesh_66
usemtl mat3
v 66.4 19.19999999999999 -102.4
v 76.80000000000001 19.199999999999992 -89.60000000000001
v 64 16.79999999999999 -89.60000000000001
v 42.400000000000006 60.79999999999999 -128
v 46.400000000000006 60.79999999999999 -128
v 44.800000000000004 60.79999999999999 -123.20000000000002
v 38.400000000000006 23.999999999999982 -153.60000000000002
v 51.2 25.599999999999984 -153.60000000000002
v 44 25.599999999999984 -140.8
v 38.400000000000006 25.59999999999998 -166.4
v 38.400000000000006 23.999999999999982 -153.60000000000002
v 25.6 25.599999999999984 -153.60000000000002
v 51.2 16.799999999999972 -217.60000000000002
v 64 19.199999999999974 -217.60000000000002
v 51.2 19.199999999999978 -204.8
v 64 19.199999999999992 -76.80000000000001
v 51.2 19.199999999999992 -89.60000000000001
v 61.6 16.79999999999999 -89.60000000000001
v 38.400000000000006 23.99999999999998 -179.20000000000002
v 38.400000000000006 25.59999999999998 -166.4
v 25.6 25.59999999999998 -179.20000000000002
v 36.800000000000004 60.79999999999999 -123.20000000000002
v 33.6 60.79999999999999 -123.20000000000002
v 38.400000000000006 60.79999999999999 -128
v 35.2 60.79999999999999 -128
v 44.800000000000004 60.79999999999999 -123.20000000000002
v 36.800000000000004 60.79999999999999 -123.20000000000002
v 42.400000000000006 60.79999999999999 -128
v 38.400000000000006 60.79999999999999 -128
vt 0.640625 0.125
vt 0.75 0.25
vt 0.625 0.25
vt 0.90625 0.375
vt 0.953125 0.375
vt 0.9375 0.421875
vt 0.875 0.125
vt 0.9921875 0.125
vt 0.921875 0.25
vt 0.875 0
vt 0.875 0.125
vt 0.75 0.125
vt 0.5 0
vt 0.625 0
vt 0.5 0.125
vt 0.625 0.375
vt 0.5 0.25
vt 0.59375 0.25
vt 0.875 0.375
vt 0.875 0.4921875
vt 0.75 0.375
vt 0.859375 0.421875
vt 0.828125 0.421875
vt 0.875 0.375
vt 0.84375 0.375
vt 0.9375 0.421875
vt 0.859375 0.421875
vt 0.90625 0.375
vt 0.875 0.375
vn -0.182256726231554 0.9720358732349547 0.14808358074991188
vn -0.182256726231554 0.9720358732349547 0.14808358074991188
vn -0.182256726231554 0.9720358732349547 0.14808358074991188
vn 0 1 -1.2246467991473532e-16
vn 0 1 -1.2246467991473532e-16
vn 0 1 -1.2246467991473532e-16
vn -0.12373394485950662 0.9898715588760529 -0.0696003435178113
vn -0.12373394485950662 0.9898715588760529 -0.0696003435178113
vn -0.12373394485950662 0.9898715588760529 -0.0696003435178113
vn 0.12309149097933274 0.9847319278346619 0.12309149097933263
vn 0.12309149097933274 0.9847319278346619 0.12309149097933263
vn 0.12309149097933274 0.9847319278346619 0.12309149097933263
vn -0.1812366245184899 0.9665953506334943 -0.18123662451849
vn -0.1812366245184899 0.9665953506334943 -0.18123662451849
vn -0.1812366245184899 0.9665953506334943 -0.18123662451849
vn 0.21938172102268153 0.9506541542339425 -0.21938172102268166
vn 0.21938172102268153 0.9506541542339425 -0.21938172102268166
vn 0.21938172102268153 0.9506541542339425 -0.21938172102268166
vn 0.12309149097933274 0.9847319278346619 -0.12309149097933285
vn 0.12309149097933274 0.9847319278346619 -0.12309149097933285
vn 0.12309149097933274 0.9847319278346619 -0.12309149097933285
vn 0 1 -1.2246467991473532e-16
vn 0 1 -1.2246467991473532e-16
vn 0 1 -1.2246467991473532e-16
vn 0 1 -1.2246467991473532e-16
vn 0 1 -1.2246467991473532e-16
vn 0 1 -1.2246467991473532e-16
vn 0 1 -1.2246467991473532e-16
vn 0 1 -1.2246467991473532e-16
f 3430/3430/3430 3429/3429/3429 3428/3428/3428
f 3433/3433/3433 3432/3432/3432 3431/3431/3431
f 3436/3436/3436 3435/3435/3435 3434/3434/3434
f 3439/3439/3439 3438/3438/3438 3437/3437/3437
f 3442/3442/3442 3441/3441/3441 3440/3440/3440
f 3445/3445/3445 3444/3444/3444 3443/3443/3443
f 3448/3448/3448 3447/3447/3447 3446/3446/3446
f 3451/3451/3451 3450/3450/3450 3449/3449/3449
f 3450/3450/3450 3451/3451/3451 3452/3452/3452
f 3455/3455/3455 3454/3454/3454 3453/3453/3453
f 3454/3454/3454 3455/3455/3455 3456/3456/3456
o mesh_67
usemtl mat4
v 70.4 12.799999999999981 -153.60000000000002
v 76.80000000000001 25.599999999999984 -153.60000000000002
v 70.4 25.599999999999984 -152
v 25.6 -2.6648314349446407e-14 -217.60000000000002
v 38.400000000000006 19.199999999999974 -217.60000000000002
v 25.6 19.199999999999978 -216
v 62.400000000000006 19.2 -38.400000000000006
v 62.400000000000006 19.199999999999996 -51.2
v 64 6.399999999999996 -38.400000000000006
v 64 6.399999999999994 -51.2
v 46.400000000000006 62.39999999999999 -128
v 46.400000000000006 60.79999999999999 -128
v 42.400000000000006 62.39999999999999 -128
v 42.400000000000006 60.79999999999999 -128
v 46.400000000000006 60.79999999999999 -128
v 46.400000000000006 62.39999999999999 -128
v 44.800000000000004 60.79999999999999 -123.20000000000002
v 44.800000000000004 62.39999999999999 -123.20000000000002
v 70.4 25.599999999999984 -152
v 76.80000000000001 25.599999999999984 -153.60000000000002
v 70.4 31.999999999999982 -152
v 76.80000000000001 31.999999999999982 -153.60000000000002
vt 0.6796875 0.1796875
vt 0.6171875 0.0546875
vt 0.6796875 0.0546875
vt 0.7421875 0.1796875
vt 0.6171875 0
vt 0.7421875 0
vt 0.7421875 0.125
vt 0.8671875 0.125
vt 0.7421875 0.2421875
vt 0.8671875 0.2421875
vt 0.9375 0.0703125
vt 0.9375 0.0859375
vt 0.890625 0.0703125
vt 0.890625 0.0859375
vt 0.9375 0.0859375
vt 0.9375 0.0703125
vt 0.9921875 0.0859375
vt 0.9921875 0.0703125
vt 0.6796875 0.0546875
vt 0.6171875 0.0546875
vt 0.6796875 0
vt 0.6171875 0
vn -0.24077170617153842 0.1203858530857691 -0.9630868246861537
vn -0.24077170617153842 0.1203858530857691 -0.9630868246861537
vn -0.24077170617153842 0.1203858530857691 -0.9630868246861537
vn -0.12361284651454937 0.0824085643430328 -0.988902772116395
vn -0.12361284651454937 0.0824085643430328 -0.988902772116395
vn -0.12361284651454937 0.0824085643430328 -0.988902772116395
vn 0.9922778767136676 0.12403473458920845 -1.5189874069776562e-17
vn 0.9922778767136676 0.12403473458920845 -1.5189874069776562e-17
vn 0.9922778767136676 0.12403473458920845 -1.5189874069776562e-17
vn 0.9922778767136676 0.12403473458920845 -1.5189874069776562e-17
vn 0 1.2246467991473532e-16 1
vn 0 1.2246467991473532e-16 1
vn 0 1.2246467991473532e-16 1
vn 0 1.2246467991473532e-16 1
vn -0.9486833010307459 -3.872673105048433e-17 -0.3162277570761414
vn -0.9486833010307459 -3.872673105048433e-17 -0.3162277570761414
vn -0.9486833010307459 -3.872673105048433e-17 -0.3162277570761414
vn -0.9486833010307459 -3.872673105048433e-17 -0.3162277570761414
vn -0.24253562503633297 -1.1880819075197913e-16 -0.9701425001453319
vn -0.24253562503633297 -1.1880819075197913e-16 -0.9701425001453319
vn -0.24253562503633297 -1.1880819075197913e-16 -0.9701425001453319
vn -0.24253562503633297 -1.1880819075197913e-16 -0.9701425001453319
f 3459/3459/3459 3458/3458/3458 3457/3457/3457
f 3462/3462/3462 3461/3461/3461 3460/3460/3460
f 3465/3465/3465 3464/3464/3464 3463/3463/3463
f 3464/3464/3464 3465/3465/3465 3466/3466/3466
f 3469/3469/3469 3468/3468/3468 3467/3467/3467
f 3468/3468/3468 3469/3469/3469 3470/3470/3470
f 3473/3473/3473 3472/3472/3472 3471/3471/3471
f 3472/3472/3472 3473/3473/3473 3474/3474/3474
f 3477/3477/3477 3476/3476/3476 3475/3475/3475
f 3476/3476/3476 3477/3477/3477 3478/3478/3478
o mesh_68
usemtl mat5
v 12 31.999999999999982 -152.8
v 12 31.999999999999982 -141.6
v 0.8 31.999999999999982 -152.8
v 0.8 31.999999999999982 -141.6
vt 0.5 0.1796875
vt 0.5 0
vt 0.6796875 0.1796875
vt 0.6796875 0
vn 0 1 -1.2246467991473532e-16
vn 0 1 -1.2246467991473532e-16
vn 0 1 -1.2246467991473532e-16
vn 0 1 -1.2246467991473532e-16
f 3481/3481/3481 3480/3480/3480 3479/3479/3479
f 3480/3480/3480 3481/3481/3481 3482/3482/3482
o mesh_69
usemtl mat4
v 34.4 60.79999999999999 -115.20000000000002
v 36 44.79999999999999 -115.2
v 25.6 44.79999999999999 -115.2
v 12.8 19.19999999999999 -115.2
v 0 19.19999999999999 -115.2
v 0 31.999999999999986 -115.2
v 34.4 60.79999999999999 -115.20000000000002
v 25.6 44.79999999999999 -115.2
v 25.6 62.39999999999999 -115.20000000000002
v 25.6 25.599999999999984 -140.8
v 25.6 44.79999999999999 -140.8
v 12.8 25.599999999999984 -140.8
v 12.8 44.79999999999999 -140.8
v 64 19.199999999999974 -217.60000000000002
v 64 -2.6648314349446407e-14 -217.60000000000002
v 76.80000000000001 12.799999999999974 -217.60000000000002
v 76.80000000000001 -2.6648314349446407e-14 -217.60000000000002
v 89.60000000000001 31.999999999999986 -115.2
v 76.80000000000001 19.19999999999999 -115.2
v 89.60000000000001 44.79999999999999 -115.2
v 76.80000000000001 44.79999999999999 -115.2
v 0 31.999999999999986 -115.2
v 0 44.79999999999999 -115.2
v 12.8 19.19999999999999 -115.2
v 12.8 44.79999999999999 -115.2
v 0 57.59999999999999 -140.8
v 0 44.79999999999999 -140.8
v 12.8 63.999999999999986 -140.8
v 12.8 44.79999999999999 -140.8
v 76.80000000000001 44.79999999999999 -115.2
v 76.80000000000001 19.19999999999999 -115.2
v 70.4 44.79999999999999 -116.80000000000001
v 70.4 19.19999999999999 -116.80000000000001
v 64 62.39999999999999 -140.8
v 64 44.79999999999999 -140.8
v 70.4 62.39999999999999 -140.8
v 70.4 44.79999999999999 -140.8
v 51.2 62.39999999999999 -140.8
v 51.2 44.79999999999999 -140.8
v 64 62.39999999999999 -140.8
v 64 44.79999999999999 -140.8
v 67.2 19.19999999999999 -115.2
v 64 19.19999999999999 -115.2
v 67.2 44.79999999999999 -115.2
v 64 44.79999999999999 -115.2
v 67.2 44.79999999999999 -115.2
v 64 44.79999999999999 -115.2
v 67.2 63.19999999999999 -115.20000000000002
v 64 63.999999999999986 -115.20000000000002
v 51.2 19.19999999999999 -115.2
v 51.2 44.79999999999999 -115.2
v 64 19.19999999999999 -115.2
v 64 44.79999999999999 -115.2
v 25.6 62.39999999999999 -115.20000000000002
v 25.6 44.79999999999999 -115.2
v 12.8 63.999999999999986 -115.20000000000002
v 12.8 44.79999999999999 -115.2
v 25.6 44.79999999999999 -140.8
v 25.6 63.999999999999986 -140.8
v 12.8 44.79999999999999 -140.8
v 12.8 63.999999999999986 -140.8
v 12.8 19.19999999999999 -115.2
v 12.8 44.79999999999999 -115.2
v 25.6 19.19999999999999 -115.2
v 25.6 44.79999999999999 -115.2
v 44 25.599999999999984 -140.8
v 45.6 44.79999999999999 -140.8
v 38.400000000000006 25.599999999999984 -140.8
v 38.400000000000006 44.79999999999999 -140.8
v 25.6 19.19999999999999 -115.2
v 25.6 44.79999999999999 -115.2
v 36 19.19999999999999 -115.2
v 36 44.79999999999999 -115.2
v 44 62.39999999999999 -115.20000000000002
v 44.800000000000004 44.79999999999999 -115.2
v 38.400000000000006 60.79999999999999 -115.20000000000002
v 37.6 44.79999999999999 -115.2
v 38.400000000000006 63.999999999999986 -140.8
v 25.6 63.999999999999986 -140.8
v 38.400000000000006 44.79999999999999 -140.8
v 25.6 44.79999999999999 -140.8
v 64 63.999999999999986 -115.20000000000002
v 64 44.79999999999999 -115.2
v 51.2 62.39999999999999 -115.20000000000002
v 51.2 44.79999999999999 -115.2
v 44.800000000000004 44.79999999999999 -115.2
v 44.800000000000004 19.19999999999999 -115.2
v 37.6 44.79999999999999 -115.2
v 37.6 19.19999999999999 -115.2
v 38.400000000000006 25.599999999999984 -140.8
v 38.400000000000006 44.79999999999999 -140.8
v 25.6 25.599999999999984 -140.8
v 25.6 44.79999999999999 -140.8
v 64 31.999999999999982 -140.8
v 64 44.79999999999999 -140.8
v 51.2 25.599999999999984 -140.8
v 51.2 44.79999999999999 -140.8
v 51.2 16.799999999999972 -217.60000000000002
v 51.2 -2.6648314349446407e-14 -217.60000000000002
v 64 19.199999999999974 -217.60000000000002
v 64 -2.6648314349446407e-14 -217.60000000000002
v 38.400000000000006 19.199999999999974 -217.60000000000002
v 38.400000000000006 -2.6648314349446407e-14 -217.60000000000002
v 51.2 16.799999999999972 -217.60000000000002
v 51.2 -2.6648314349446407e-14 -217.60000000000002
v 76.80000000000001 63.999999999999986 -140.8
v 76.80000000000001 44.79999999999999 -140.8
v 89.60000000000001 57.59999999999999 -140.8
v 89.60000000000001 44.79999999999999 -140.8
v 12.8 63.999999999999986 -115.20000000000002
v 12.8 44.79999999999999 -115.2
v 0 57.59999999999999 -115.2
v 0 44.79999999999999 -115.2
vt 0.84375 0.0859375
vt 0.84375 0.2421875
vt 0.75 0.2421875
vt 0.625 0.2421875
vt 0.5 0.2421875
vt 0.5 0.125
vt 0.84375 0.0859375
vt 0.75 0.2421875
vt 0.75 0.0703125
vt 0.75 0.1796875
vt 0.75 0
vt 0.875 0.1796875
vt 0.875 0
vt 0.875 0.015625
vt 0.875 0.2421875
vt 0.75 0.125
vt 0.75 0.2421875
vt 0.8671875 0.125
vt 0.75 0.2421875
vt 0.8671875 0
vt 0.75 0
vt 0.5 0.125
vt 0.5 0
vt 0.625 0.2421875
vt 0.625 0
vt 0.9921875 0.2421875
vt 0.9921875 0.2421875
vt 0.875 0.015625
vt 0.875 0.2421875
vt 0.75 0
vt 0.75 0.2421875
vt 0.6875 0
vt 0.6875 0.2421875
vt 0.875 0.0703125
vt 0.875 0.2421875
vt 0.8125 0.0703125
vt 0.8125 0.2421875
vt 0.9921875 0.0703125
vt 0.9921875 0.2421875
vt 0.875 0.0703125
vt 0.875 0.2421875
vt 0.65625 0.2421875
vt 0.625 0.2421875
vt 0.65625 0
vt 0.625 0
vt 0.65625 0.2421875
vt 0.625 0.2421875
vt 0.65625 0
vt 0.625 0
vt 0.5 0.2421875
vt 0.5 0
vt 0.625 0.2421875
vt 0.625 0
vt 0.75 0.0703125
vt 0.75 0.2421875
vt 0.625 0.015625
vt 0.625 0.2421875
vt 0.75 0.2421875
vt 0.75 0.015625
vt 0.875 0.2421875
vt 0.875 0.015625
vt 0.625 0.2421875
vt 0.625 0
vt 0.75 0.2421875
vt 0.75 0
vt 0.5625 0.1796875
vt 0.546875 0
vt 0.625 0.1796875
vt 0.625 0
vt 0.75 0.2421875
vt 0.75 0
vt 0.84375 0.2421875
vt 0.84375 0
vt 0.9375 0.0703125
vt 0.9375 0.2421875
vt 0.875 0.0859375
vt 0.859375 0.2421875
vt 0.625 0.015625
vt 0.75 0.015625
vt 0.625 0.2421875
vt 0.75 0.2421875
vt 0.6171875 0
vt 0.6171875 0.2421875
vt 0.5 0.015625
vt 0.5 0.2421875
vt 0.9375 0
vt 0.9375 0.2421875
vt 0.859375 0
vt 0.859375 0.2421875
vt 0.625 0.1796875
vt 0.625 0
vt 0.75 0.1796875
vt 0.75 0
vt 0.875 0.125
vt 0.875 0
vt 0.9921875 0.1796875
vt 0.9921875 0
vt 0.9921875 0.0859375
vt 0.9921875 0.2421875
vt 0.875 0.015625
vt 0.875 0.2421875
vt 0.6171875 0
vt 0.6171875 0.1796875
vt 0.5 0
vt 0.5 0.1796875
vt 0.7421875 0
vt 0.7421875 0.1796875
vt 0.625 0.0625
vt 0.625 0.1796875
vt 0.6171875 0
vt 0.6171875 0.2421875
vt 0.5 0.078125
vt 0.5 0.2421875
vn 0 1.2246467991473532e-16 1
vn 0 1.2246467991473532e-16 1
vn 0 1.2246467991473532e-16 1
vn 0 1.2246467991473532e-16 1
vn 0 1.2246467991473532e-16 1
vn 0 1.2246467991473532e-16 1
vn 0 1.2246467991473532e-16 1
vn 0 1.2246467991473532e-16 1
vn 0 1.2246467991473532e-16 1
vn 0 -1.2246467991473532e-16 -1
vn 0 -1.2246467991473532e-16 -1
vn 0 -1.2246467991473532e-16 -1
vn 0 -1.2246467991473532e-16 -1
vn 0 -1.2246467991473532e-16 -1
vn 0 -1.2246467991473532e-16 -1
vn 0 -1.2246467991473532e-16 -1
vn 0 -1.2246467991473532e-16 -1
vn 0 1.2246467991473532e-16 1
vn 0 1.2246467991473532e-16 1
vn 0 1.2246467991473532e-16 1
vn 0 1.2246467991473532e-16 1
vn 0 1.2246467991473532e-16 1
vn 0 1.2246467991473532e-16 1
vn 0 1.2246467991473532e-16 1
vn 0 1.2246467991473532e-16 1
vn 0 -1.2246467991473532e-16 -1
vn 0 -1.2246467991473532e-16 -1
vn 0 -1.2246467991473532e-16 -1
vn 0 -1.2246467991473532e-16 -1
vn -0.24253562503633297 1.1880819075197913e-16 0.9701425001453319
vn -0.24253562503633297 1.1880819075197913e-16 0.9701425001453319
vn -0.24253562503633297 1.1880819075197913e-16 0.9701425001453319
vn -0.24253562503633297 1.1880819075197913e-16 0.9701425001453319
vn 0 -1.2246467991473532e-16 -1
vn 0 -1.2246467991473532e-16 -1
vn 0 -1.2246467991473532e-16 -1
vn 0 -1.2246467991473532e-16 -1
vn 0 -1.2246467991473532e-16 -1
vn 0 -1.2246467991473532e-16 -1
vn 0 -1.2246467991473532e-16 -1
vn 0 -1.2246467991473532e-16 -1
vn 0 1.2246467991473532e-16 1
vn 0 1.2246467991473532e-16 1
vn 0 1.2246467991473532e-16 1
vn 0 1.2246467991473532e-16 1
vn 0 1.2246467991473532e-16 1
vn 0 1.2246467991473532e-16 1
vn 0 1.2246467991473532e-16 1
vn 0 1.2246467991473532e-16 1
vn 0 1.2246467991473532e-16 1
vn 0 1.2246467991473532e-16 1
vn 0 1.2246467991473532e-16 1
vn 0 1.2246467991473532e-16 1
vn 0 1.2246467991473532e-16 1
vn 0 1.2246467991473532e-16 1
vn 0 1.2246467991473532e-16 1
vn 0 1.2246467991473532e-16 1
vn 0 -1.2246467991473532e-16 -1
vn 0 -1.2246467991473532e-16 -1
vn 0 -1.2246467991473532e-16 -1
vn 0 -1.2246467991473532e-16 -1
vn 0 1.2246467991473532e-16 1
vn 0 1.2246467991473532e-16 1
vn 0 1.2246467991473532e-16 1
vn 0 1.2246467991473532e-16 1
vn 0 -1.2246467991473532e-16 -1
vn 0 -1.2246467991473532e-16 -1
vn 0 -1.2246467991473532e-16 -1
vn 0 -1.2246467991473532e-16 -1
vn 0 1.2246467991473532e-16 1
vn 0 1.2246467991473532e-16 1
vn 0 1.2246467991473532e-16 1
vn 0 1.2246467991473532e-16 1
vn 0 1.2246467991473532e-16 1
vn 0 1.2246467991473532e-16 1
vn 0 1.2246467991473532e-16 1
vn 0 1.2246467991473532e-16 1
vn 0 -1.2246467991473532e-16 -1
vn 0 -1.2246467991473532e-16 -1
vn 0 -1.2246467991473532e-16 -1
vn 0 -1.2246467991473532e-16 -1
vn 0 1.2246467991473532e-16 1
vn 0 1.2246467991473532e-16 1
vn 0 1.2246467991473532e-16 1
vn 0 1.2246467991473532e-16 1
vn 0 1.2246467991473532e-16 1
vn 0 1.2246467991473532e-16 1
vn 0 1.2246467991473532e-16 1
vn 0 1.2246467991473532e-16 1
vn 0 -1.2246467991473532e-16 -1
vn 0 -1.2246467991473532e-16 -1
vn 0 -1.2246467991473532e-16 -1
vn 0 -1.2246467991473532e-16 -1
vn 0 -1.2246467991473532e-16 -1
vn 0 -1.2246467991473532e-16 -1
vn 0 -1.2246467991473532e-16 -1
vn 0 -1.2246467991473532e-16 -1
vn 0 -1.2246467991473532e-16 -1
vn 0 -1.2246467991473532e-16 -1
vn 0 -1.2246467991473532e-16 -1
vn 0 -1.2246467991473532e-16 -1
vn 0 -1.2246467991473532e-16 -1
vn 0 -1.2246467991473532e-16 -1
vn 0 -1.2246467991473532e-16 -1
vn 0 -1.2246467991473532e-16 -1
vn 0 -1.2246467991473532e-16 -1
vn 0 -1.2246467991473532e-16 -1
vn 0 -1.2246467991473532e-16 -1
vn 0 -1.2246467991473532e-16 -1
vn 0 1.2246467991473532e-16 1
vn 0 1.2246467991473532e-16 1
vn 0 1.2246467991473532e-16 1
vn 0 1.2246467991473532e-16 1
f 3485/3485/3485 3484/3484/3484 3483/3483/3483
f 3488/3488/3488 3487/3487/3487 3486/3486/3486
f 3491/3491/3491 3490/3490/3490 3489/3489/3489
f 3494/3494/3494 3493/3493/3493 3492/3492/3492
f 3493/3493/3493 3494/3494/3494 3495/3495/3495
f 3498/3498/3498 3497/3497/3497 3496/3496/3496
f 3497/3497/3497 3498/3498/3498 3499/3499/3499
f 3502/3502/3502 3501/3501/3501 3500/3500/3500
f 3501/3501/3501 3502/3502/3502 3503/3503/3503
f 3506/3506/3506 3505/3505/3505 3504/3504/3504
f 3505/3505/3505 3506/3506/3506 3507/3507/3507
f 3510/3510/3510 3509/3509/3509 3508/3508/3508
f 3509/3509/3509 3510/3510/3510 3511/3511/3511
f 3514/3514/3514 3513/3513/3513 3512/3512/3512
f 3513/3513/3513 3514/3514/3514 3515/3515/3515
f 3518/3518/3518 3517/3517/3517 3516/3516/3516
f 3517/3517/3517 3518/3518/3518 3519/3519/3519
f 3522/3522/3522 3521/3521/3521 3520/3520/3520
f 3521/3521/3521 3522/3522/3522 3523/3523/3523
f 3526/3526/3526 3525/3525/3525 3524/3524/3524
f 3525/3525/3525 3526/3526/3526 3527/3527/3527
f 3530/3530/3530 3529/3529/3529 3528/3528/3528
f 3529/3529/3529 3530/3530/3530 3531/3531/3531
f 3534/3534/3534 3533/3533/3533 3532/3532/3532
f 3533/3533/3533 3534/3534/3534 3535/3535/3535
f 3538/3538/3538 3537/3537/3537 3536/3536/3536
f 3537/3537/3537 3538/3538/3538 3539/3539/3539
f 3542/3542/3542 3541/3541/3541 3540/3540/3540
f 3541/3541/3541 3542/3542/3542 3543/3543/3543
f 3546/3546/3546 3545/3545/3545 3544/3544/3544
f 3545/3545/3545 3546/3546/3546 3547/3547/3547
f 3550/3550/3550 3549/3549/3549 3548/3548/3548
f 3549/3549/3549 3550/3550/3550 3551/3551/3551
f 3554/3554/3554 3553/3553/3553 3552/3552/3552
f 3553/3553/3553 3554/3554/3554 3555/3555/3555
f 3558/3558/3558 3557/3557/3557 3556/3556/3556
f 3557/3557/3557 3558/3558/3558 3559/3559/3559
f 3562/3562/3562 3561/3561/3561 3560/3560/3560
f 3561/3561/3561 3562/3562/3562 3563/3563/3563
f 3566/3566/3566 3565/3565/3565 3564/3564/3564
f 3565/3565/3565 3566/3566/3566 3567/3567/3567
f 3570/3570/3570 3569/3569/3569 3568/3568/3568
f 3569/3569/3569 3570/3570/3570 3571/3571/3571
f 3574/3574/3574 3573/3573/3573 3572/3572/3572
f 3573/3573/3573 3574/3574/3574 3575/3575/3575
f 3578/3578/3578 3577/3577/3577 3576/3576/3576
f 3577/3577/3577 3578/3578/3578 3579/3579/3579
f 3582/3582/3582 3581/3581/3581 3580/3580/3580
f 3581/3581/3581 3582/3582/3582 3583/3583/3583
f 3586/3586/3586 3585/3585/3585 3584/3584/3584
f 3585/3585/3585 3586/3586/3586 3587/3587/3587
f 3590/3590/3590 3589/3589/3589 3588/3588/3588
f 3589/3589/3589 3590/3590/3590 3591/3591/3591
f 3594/3594/3594 3593/3593/3593 3592/3592/3592
f 3593/3593/3593 3594/3594/3594 3595/3595/3595
o mesh_70
usemtl mat11
v 25.6 136.79999999999998 -140.80000000000004
v 0 134.39999999999998 -140.80000000000004
v 0 134.39999999999998 -128.00000000000003
v 89.60000000000001 134.39999999999998 -128.00000000000003
v 89.60000000000001 134.39999999999998 -140.80000000000004
v 64 147.2 -140.80000000000004
v 0 89.59999999999998 -204.8
v 25.6 93.59999999999998 -204.8
v 25.6 97.59999999999998 -217.60000000000002
v 89.60000000000001 93.59999999999998 -204.8
v 89.60000000000001 89.59999999999998 -217.60000000000002
v 64 107.19999999999997 -217.60000000000002
v 38.400000000000006 88 -25.600000000000012
v 51.2 83.2 -25.600000000000012
v 64 94.4 -51.20000000000002
v 25.6 100.80000000000001 -51.20000000000002
v 25.6 88 -25.600000000000012
v 38.400000000000006 88 -25.600000000000012
v 64 107.19999999999997 -217.60000000000002
v 64 103.19999999999997 -204.8
v 89.60000000000001 93.59999999999998 -204.8
v 8 87.99999999999997 -192
v 25.6 93.59999999999998 -204.8
v 0 89.59999999999998 -204.8
v 0 89.59999999999998 -204.8
v 0 84.79999999999998 -192
v 8 87.99999999999997 -192
v 25.6 97.59999999999998 -217.60000000000002
v 0 89.59999999999998 -217.60000000000002
v 0 89.59999999999998 -204.8
v 8 87.99999999999997 -192
v 25.6 95.99999999999997 -192
v 25.6 93.59999999999998 -204.8
v 51.2 83.2 -25.600000000000012
v 64 78.4 -25.600000000000012
v 64 94.4 -51.20000000000002
v 64 94.4 -51.20000000000002
v 25.6 100.80000000000001 -51.20000000000002
v 38.400000000000006 88 -25.600000000000012
v 0 134.39999999999998 -128.00000000000003
v 0 134.4 -115.20000000000002
v 25.6 136.79999999999998 -140.80000000000004
v 25.6 136.8 -115.20000000000002
v 0 95.99999999999999 -64.00000000000001
v 0 94.4 -51.20000000000002
v 25.6 102.39999999999999 -64.00000000000001
v 25.6 100.80000000000001 -51.20000000000002
v 25.6 93.59999999999998 -204.8
v 64 103.19999999999997 -204.8
v 25.6 97.59999999999998 -217.60000000000002
v 64 107.19999999999997 -217.60000000000002
v 64 147.2 -140.80000000000004
v 64 147.20000000000002 -115.20000000000002
v 89.60000000000001 134.39999999999998 -128.00000000000003
v 89.60000000000001 134.4 -115.20000000000002
v 25.6 95.99999999999997 -179.20000000000002
v 25.6 105.6 -166.4
v 64 104.79999999999998 -179.20000000000002
v 64 114.39999999999999 -166.4
v 25.6 136.8 -115.20000000000002
v 64 147.20000000000002 -115.20000000000002
v 25.6 136.79999999999998 -140.80000000000004
v 64 147.2 -140.80000000000004
v 64 104.79999999999998 -179.20000000000002
v 64 114.39999999999999 -166.4
v 89.60000000000001 95.99999999999997 -179.20000000000002
v 89.60000000000001 105.6 -166.4
v 25.6 100.80000000000001 -51.20000000000002
v 0 94.4 -51.20000000000002
v 25.6 88 -25.600000000000012
v 0 81.60000000000001 -25.600000000000012
v 25.6 95.99999999999997 -192
v 64 105.59999999999998 -192
v 25.6 93.59999999999998 -204.8
v 64 103.19999999999997 -204.8
v 89.60000000000001 95.99999999999997 -192
v 89.60000000000001 93.59999999999998 -204.8
v 64 105.59999999999998 -192
v 64 103.19999999999997 -204.8
v 64 95.99999999999999 -64.00000000000001
v 25.6 102.39999999999999 -64.00000000000001
v 64 94.4 -51.20000000000002
v 25.6 100.80000000000001 -51.20000000000002
vt 0.9921875 0.5
vt 0.9921875 0.7421875
vt 0.8671875 0.7421875
vt 0.875 0.7421875
vt 0.75 0.7421875
vt 0.75 0.5
vt 0.875 0.7421875
vt 0.875 0.5
vt 0.9921875 0.5
vt 0.875 0.7421875
vt 0.75 0.7421875
vt 0.75 0.5
vt 0.75 0.671875
vt 0.75 0.5625
vt 0.9921875 0.5
vt 0.9921875 0.7421875
vt 0.75 0.7421875
vt 0.75 0.671875
vt 0.75 0.5
vt 0.875 0.5
vt 0.875 0.7421875
vt 0.75 0.6875
vt 0.875 0.5
vt 0.875 0.7421875
vt 0.875 0.7421875
vt 0.75 0.7421875
vt 0.75 0.6875
vt 0.9921875 0.5
vt 0.9921875 0.7421875
vt 0.875 0.7421875
vt 0.75 0.6875
vt 0.75 0.5
vt 0.875 0.5
vt 0.75 0.5625
vt 0.75 0.5
vt 0.9921875 0.5
vt 0.9921875 0.5
vt 0.9921875 0.7421875
vt 0.75 0.671875
vt 0.8671875 0.7421875
vt 0.75 0.7421875
vt 0.9921875 0.5
vt 0.75 0.5
vt 0.8671875 0.7421875
vt 0.75 0.7421875
vt 0.8671875 0.5
vt 0.75 0.5
vt 0.875 0.7421875
vt 0.875 0.5
vt 0.9921875 0.7421875
vt 0.9921875 0.5
vt 0.75 0.5
vt 0.9921875 0.5
vt 0.875 0.7421875
vt 0.9921875 0.7421875
vt 0.875 0.7421875
vt 0.75 0.7421875
vt 0.875 0.5
vt 0.75 0.5
vt 0.75 0.7421875
vt 0.75 0.5
vt 0.9921875 0.7421875
vt 0.9921875 0.5
vt 0.875 0.5
vt 0.9921875 0.5
vt 0.875 0.7421875
vt 0.9921875 0.7421875
vt 0.9921875 0.5
vt 0.9921875 0.7421875
vt 0.75 0.5
vt 0.75 0.7421875
vt 0.75 0.7421875
vt 0.75 0.5
vt 0.875 0.7421875
vt 0.875 0.5
vt 0.9921875 0.7421875
vt 0.875 0.7421875
vt 0.9921875 0.5
vt 0.875 0.5
vt 0.8671875 0.5
vt 0.8671875 0.7421875
vt 0.75 0.5
vt 0.75 0.7421875
vn 0.09334071238589212 -0.9956342257130849 1.2193002676410828e-16
vn 0.09334071238589212 -0.9956342257130849 1.2193002676410828e-16
vn 0.09334071238589212 -0.9956342257130849 1.2193002676410828e-16
vn -0.44721359549995787 -0.8944271909999157 1.095357396528405e-16
vn -0.44721359549995787 -0.8944271909999157 1.095357396528405e-16
vn -0.44721359549995787 -0.8944271909999157 1.095357396528405e-16
vn 0.14750610485128945 -0.9440390591273234 -0.2950122097025788
vn 0.14750610485128945 -0.9440390591273234 -0.2950122097025788
vn 0.14750610485128945 -0.9440390591273234 -0.2950122097025788
vn -0.5486301140272264 -0.7980074819338888 0.24937733810434035
vn -0.5486301140272264 -0.7980074819338888 0.24937733810434035
vn -0.5486301140272264 -0.7980074819338888 0.24937733810434035
vn -0.3030457475521861 -0.808122033208926 -0.5050762856567397
vn -0.3030457475521861 -0.808122033208926 -0.5050762856567397
vn -0.3030457475521861 -0.808122033208926 -0.5050762856567397
vn 0 -0.894427190999916 -0.4472135954999579
vn 0 -0.894427190999916 -0.4472135954999579
vn 0 -0.894427190999916 -0.4472135954999579
vn -0.33699358073804736 -0.8986495287665777 -0.28082797401426507
vn -0.33699358073804736 -0.8986495287665777 -0.28082797401426507
vn -0.33699358073804736 -0.8986495287665777 -0.28082797401426507
vn 0.15077173547433936 -0.964939107035772 -0.21484972305093347
vn 0.15077173547433936 -0.964939107035772 -0.21484972305093347
vn 0.15077173547433936 -0.964939107035772 -0.21484972305093347
vn 0.35073891084435294 -0.8768472622097212 -0.3288177233286454
vn 0.35073891084435294 -0.8768472622097212 -0.3288177233286454
vn 0.35073891084435294 -0.8768472622097212 -0.3288177233286454
vn 0.2982749897420881 -0.9544799790956107 1.168900851249672e-16
vn 0.2982749897420881 -0.9544799790956107 1.168900851249672e-16
vn 0.2982749897420881 -0.9544799790956107 1.168900851249672e-16
vn 0.4079032058561427 -0.897387052883514 0.16826007241565896
vn 0.4079032058561427 -0.897387052883514 0.16826007241565896
vn 0.4079032058561427 -0.897387052883514 0.16826007241565896
vn -0.3030457475521861 -0.808122033208926 -0.5050762856567397
vn -0.3030457475521861 -0.808122033208926 -0.5050762856567397
vn -0.3030457475521861 -0.808122033208926 -0.5050762856567397
vn -0.15205718881903682 -0.9123431031118979 -0.38014296459701113
vn -0.15205718881903682 -0.9123431031118979 -0.38014296459701113
vn -0.15205718881903682 -0.9123431031118979 -0.38014296459701113
vn 0.09334071238589212 -0.9956342257130849 1.2193002676410828e-16
vn 0.09334071238589212 -0.9956342257130849 1.2193002676410828e-16
vn 0.09334071238589212 -0.9956342257130849 1.2193002676410828e-16
vn 0.09334071238589212 -0.9956342257130849 1.2193002676410828e-16
vn 0.24077170617153842 -0.9630868246861537 -0.1203858530857691
vn 0.24077170617153842 -0.9630868246861537 -0.1203858530857691
vn 0.24077170617153842 -0.9630868246861537 -0.1203858530857691
vn 0.24077170617153842 -0.9630868246861537 -0.1203858530857691
vn 0.2321035415251251 -0.9284141661005004 -0.29012942318111595
vn 0.2321035415251251 -0.9284141661005004 -0.29012942318111595
vn 0.2321035415251251 -0.9284141661005004 -0.29012942318111595
vn 0.2321035415251251 -0.9284141661005004 -0.29012942318111595
vn -0.44721359549995787 -0.8944271909999157 1.095357396528405e-16
vn -0.44721359549995787 -0.8944271909999157 1.095357396528405e-16
vn -0.44721359549995787 -0.8944271909999157 1.095357396528405e-16
vn -0.44721359549995787 -0.8944271909999157 1.095357396528405e-16
vn 0.18032785924139041 -0.7868852473112626 0.5901639354834471
vn 0.18032785924139041 -0.7868852473112626 0.5901639354834471
vn 0.18032785924139041 -0.7868852473112626 0.5901639354834471
vn 0.18032785924139041 -0.7868852473112626 0.5901639354834471
vn 0.26141548614045185 -0.9652263690999906 1.182061383370925e-16
vn 0.26141548614045185 -0.9652263690999906 1.182061383370925e-16
vn 0.26141548614045185 -0.9652263690999906 1.182061383370925e-16
vn 0.26141548614045185 -0.9652263690999906 1.182061383370925e-16
vn -0.26515647720257607 -0.7713643298282092 0.5785232175688347
vn -0.26515647720257607 -0.7713643298282092 0.5785232175688347
vn -0.26515647720257607 -0.7713643298282092 0.5785232175688347
vn -0.26515647720257607 -0.7713643298282092 0.5785232175688347
vn 0.2182178902359924 -0.8728715609439696 -0.4364357804719847
vn 0.2182178902359924 -0.8728715609439696 -0.4364357804719847
vn 0.2182178902359924 -0.8728715609439696 -0.4364357804719847
vn 0.2182178902359924 -0.8728715609439696 -0.4364357804719847
vn 0.2386199943496703 -0.9544799773986812 0.17896499948754307
vn 0.2386199943496703 -0.9544799773986812 0.17896499948754307
vn 0.2386199943496703 -0.9544799773986812 0.17896499948754307
vn 0.2386199943496703 -0.9544799773986812 0.17896499948754307
vn -0.3458342632959541 -0.9222246623861136 0.17291713164797717
vn -0.3458342632959541 -0.9222246623861136 0.17291713164797717
vn -0.3458342632959541 -0.9222246623861136 0.17291713164797717
vn -0.3458342632959541 -0.9222246623861136 0.17291713164797717
vn -0.16316340812442018 -0.9789804189441988 -0.12237255236802475
vn -0.16316340812442018 -0.9789804189441988 -0.12237255236802475
vn -0.16316340812442018 -0.9789804189441988 -0.12237255236802475
vn -0.16316340812442018 -0.9789804189441988 -0.12237255236802475
f 3598/3598/3598 3597/3597/3597 3596/3596/3596
f 3601/3601/3601 3600/3600/3600 3599/3599/3599
f 3604/3604/3604 3603/3603/3603 3602/3602/3602
f 3607/3607/3607 3606/3606/3606 3605/3605/3605
f 3610/3610/3610 3609/3609/3609 3608/3608/3608
f 3613/3613/3613 3612/3612/3612 3611/3611/3611
f 3616/3616/3616 3615/3615/3615 3614/3614/3614
f 3619/3619/3619 3618/3618/3618 3617/3617/3617
f 3622/3622/3622 3621/3621/3621 3620/3620/3620
f 3625/3625/3625 3624/3624/3624 3623/3623/3623
f 3628/3628/3628 3627/3627/3627 3626/3626/3626
f 3631/3631/3631 3630/3630/3630 3629/3629/3629
f 3634/3634/3634 3633/3633/3633 3632/3632/3632
f 3637/3637/3637 3636/3636/3636 3635/3635/3635
f 3636/3636/3636 3637/3637/3637 3638/3638/3638
f 3641/3641/3641 3640/3640/3640 3639/3639/3639
f 3640/3640/3640 3641/3641/3641 3642/3642/3642
f 3645/3645/3645 3644/3644/3644 3643/3643/3643
f 3644/3644/3644 3645/3645/3645 3646/3646/3646
f 3649/3649/3649 3648/3648/3648 3647/3647/3647
f 3648/3648/3648 3649/3649/3649 3650/3650/3650
f 3653/3653/3653 3652/3652/3652 3651/3651/3651
f 3652/3652/3652 3653/3653/3653 3654/3654/3654
f 3657/3657/3657 3656/3656/3656 3655/3655/3655
f 3656/3656/3656 3657/3657/3657 3658/3658/3658
f 3661/3661/3661 3660/3660/3660 3659/3659/3659
f 3660/3660/3660 3661/3661/3661 3662/3662/3662
f 3665/3665/3665 3664/3664/3664 3663/3663/3663
f 3664/3664/3664 3665/3665/3665 3666/3666/3666
f 3669/3669/3669 3668/3668/3668 3667/3667/3667
f 3668/3668/3668 3669/3669/3669 3670/3670/3670
f 3673/3673/3673 3672/3672/3672 3671/3671/3671
f 3672/3672/3672 3673/3673/3673 3674/3674/3674
f 3677/3677/3677 3676/3676/3676 3675/3675/3675
f 3676/3676/3676 3677/3677/3677 3678/3678/3678
o mesh_71
usemtl mat10
v 64 87.99999999999997 -217.60000000000002
v 89.60000000000001 70.39999999999998 -217.60000000000002
v 64 86.39999999999998 -230.4
v 89.60000000000001 68.79999999999997 -230.4
vt 0.9921875 0.25
vt 0.9921875 0.40625
vt 0.875 0.25
vt 0.875 0.40625
vn -0.5635470740786088 -0.819704829604827 0.10246310370060349
vn -0.5635470740786088 -0.819704829604827 0.10246310370060349
vn -0.5635470740786088 -0.819704829604827 0.10246310370060349
vn -0.5635470740786088 -0.819704829604827 0.10246310370060349
f 3681/3681/3681 3680/3680/3680 3679/3679/3679
f 3680/3680/3680 3681/3681/3681 3682/3682/3682
o mesh_72
usemtl mat4
v 45.6 44.79999999999999 -116.80000000000001
v 51.2 44.79999999999999 -116.80000000000001
v 44.800000000000004 19.19999999999999 -115.2
v 51.2 19.19999999999999 -115.2
v 67.2 44.79999999999999 -116.80000000000001
v 70.4 44.79999999999999 -116.80000000000001
v 67.2 19.19999999999999 -116.80000000000001
v 70.4 19.19999999999999 -116.80000000000001
vt 0.9375 0
vt 0.9921875 0
vt 0.9375 0.2421875
vt 0.9921875 0.2421875
vt 0.65625 0
vt 0.6875 0
vt 0.65625 0.2421875
vt 0.6875 0.2421875
vn 0 0.06237828615518066 0.9980525784828886
vn 0 0.06237828615518066 0.9980525784828886
vn 0 0.06237828615518066 0.9980525784828886
vn 0 0.06237828615518066 0.9980525784828886
vn 0 1.2246467991473532e-16 1
vn 0 1.2246467991473532e-16 1
vn 0 1.2246467991473532e-16 1
vn 0 1.2246467991473532e-16 1
f 3685/3685/3685 3684/3684/3684 3683/3683/3683
f 3684/3684/3684 3685/3685/3685 3686/3686/3686
f 3689/3689/3689 3688/3688/3688 3687/3687/3687
f 3688/3688/3688 3689/3689/3689 3690/3690/3690
o mesh_73
usemtl mat4
v 51.2 25.599999999999984 -140.8
v 51.2 44.79999999999999 -140.8
v 47.2 44.79999999999999 -140.8
v 64 6.399999999999996 -38.400000000000006
v 64 19.2 -38.400000000000006
v 62.400000000000006 19.2 -38.400000000000006
v 62.400000000000006 19.199999999999996 -51.2
v 64 18.399999999999995 -51.2
v 64 6.399999999999994 -51.2
v 36.800000000000004 44.79999999999999 -118.4
v 34.4 60.79999999999999 -115.20000000000002
v 36.800000000000004 60.79999999999999 -123.20000000000002
v 36.800000000000004 60.79999999999999 -123.20000000000002
v 38.400000000000006 60.79999999999999 -115.20000000000002
v 36.800000000000004 44.79999999999999 -118.4
v 36 44.79999999999999 -115.2
v 34.4 60.79999999999999 -115.20000000000002
v 36.800000000000004 44.79999999999999 -118.4
v 36.800000000000004 44.79999999999999 -118.4
v 38.400000000000006 60.79999999999999 -115.20000000000002
v 37.6 44.79999999999999 -115.2
v 44.800000000000004 25.599999999999984 -134.4
v 46.400000000000006 27.999999999999982 -139.20000000000002
v 47.2 44.79999999999999 -140.8
v 47.2 44.79999999999999 -140.8
v 46.400000000000006 27.999999999999982 -139.20000000000002
v 51.2 25.599999999999984 -140.8
v 47.2 44.79999999999999 -140.8
v 46.400000000000006 44.79999999999999 -134.4
v 44.800000000000004 25.599999999999984 -134.4
v 44.800000000000004 62.39999999999999 -116.80000000000003
v 51.2 62.39999999999999 -116.80000000000003
v 45.6 44.79999999999999 -116.80000000000001
v 51.2 44.79999999999999 -116.80000000000001
v 36.800000000000004 44.79999999999999 -118.4
v 36.800000000000004 19.19999999999999 -118.4
v 36 44.79999999999999 -115.2
v 36 19.19999999999999 -115.2
v 37.6 44.79999999999999 -115.2
v 37.6 19.19999999999999 -115.2
v 36.800000000000004 44.79999999999999 -118.4
v 36.800000000000004 19.19999999999999 -118.4
v 67.2 62.39999999999999 -116.80000000000003
v 70.4 62.39999999999999 -116.80000000000003
v 67.2 44.79999999999999 -116.80000000000001
v 70.4 44.79999999999999 -116.80000000000001
v 70.4 31.999999999999982 -140.8
v 73.60000000000001 31.999999999999982 -140.8
v 70.4 44.79999999999999 -139.20000000000002
v 73.60000000000001 44.79999999999999 -139.20000000000002
v 46.400000000000006 44.79999999999999 -134.4
v 47.2 44.79999999999999 -140.8
v 46.400000000000006 62.39999999999999 -134.4
v 47.2 61.59999999999999 -140.8
v 46.400000000000006 62.39999999999999 -134.4
v 45.6 61.59999999999999 -140.8
v 46.400000000000006 44.79999999999999 -134.4
v 45.6 44.79999999999999 -140.8
v 44.800000000000004 25.599999999999984 -134.4
v 46.400000000000006 44.79999999999999 -134.4
v 44 25.599999999999984 -140.8
v 45.6 44.79999999999999 -140.8
v 73.60000000000001 62.39999999999999 -139.20000000000002
v 70.4 62.39999999999999 -139.20000000000002
v 73.60000000000001 44.79999999999999 -139.20000000000002
v 70.4 44.79999999999999 -139.20000000000002
vt 0.5 0.1796875
vt 0.5 0
vt 0.53125 0
vt 0.7421875 0.2421875
vt 0.734375 0.125
vt 0.7421875 0.125
vt 0.8671875 0.125
vt 0.875 0.125
vt 0.8671875 0.2421875
vt 0.875 0.2421875
vt 0.84375 0.0859375
vt 0.90625 0.0859375
vt 0.640625 0.0859375
vt 0.6796875 0.0859375
vt 0.65625 0.2421875
vt 0.84375 0.2421875
vt 0.84375 0.0859375
vt 0.875 0.2421875
vt 0.65625 0.2421875
vt 0.6875 0.0859375
vt 0.6875 0.2421875
vt 0.5625 0.1796875
vt 0.546875 0.15625
vt 0.53125 0
vt 0.53125 0
vt 0.546875 0.15625
vt 0.5 0.1796875
vt 0.5 0
vt 0.5546875 0
vt 0.5546875 0.1796875
vt 0.9375 0.0703125
vt 0.9921875 0.0703125
vt 0.9375 0.2421875
vt 0.9921875 0.2421875
vt 0.875 0
vt 0.875 0.2421875
vt 0.84375 0
vt 0.84375 0.2421875
vt 0.6875 0
vt 0.6875 0.2421875
vt 0.65625 0
vt 0.65625 0.2421875
vt 0.65625 0
vt 0.6875 0
vt 0.65625 0.2421875
vt 0.6875 0.2421875
vt 0.8125 0.125
vt 0.78125 0.125
vt 0.8125 0
vt 0.78125 0
vt 0.5546875 0.2421875
vt 0.5 0.2421875
vt 0.5546875 0.0703125
vt 0.5 0.0703125
vt 0.5625 0.0859375
vt 0.625 0.0859375
vt 0.5625 0.2421875
vt 0.625 0.2421875
vt 0.5625 0.1796875
vt 0.5625 0
vt 0.625 0.1796875
vt 0.625 0
vt 0.78125 0.0703125
vt 0.8125 0.0703125
vt 0.78125 0.2421875
vt 0.8125 0.2421875
vn 0 -1.2246467991473532e-16 -1
vn 0 -1.2246467991473532e-16 -1
vn 0 -1.2246467991473532e-16 -1
vn 0 -1.2246467991473532e-16 -1
vn 0 -1.2246467991473532e-16 -1
vn 0 -1.2246467991473532e-16 -1
vn 0 1.2246467991473532e-16 1
vn 0 1.2246467991473532e-16 1
vn 0 1.2246467991473532e-16 1
vn 0.9542870994209488 0.08588583656369966 0.28628614174721345
vn 0.9542870994209488 0.08588583656369966 0.28628614174721345
vn 0.9542870994209488 0.08588583656369966 0.28628614174721345
vn -0.978887910908552 0.05873327301538542 0.19577757920147817
vn -0.978887910908552 0.05873327301538542 0.19577757920147817
vn -0.978887910908552 0.05873327301538542 0.19577757920147817
vn 0.965609098892658 0.09656091286949815 0.2414022747231645
vn 0.965609098892658 0.09656091286949815 0.2414022747231645
vn 0.965609098892658 0.09656091286949815 0.2414022747231645
vn -0.9690031662230185 0.04845015831115095 0.24225079155575463
vn -0.9690031662230185 0.04845015831115095 0.24225079155575463
vn -0.9690031662230185 0.04845015831115095 0.24225079155575463
vn -0.9509146221003929 0.015848577035006507 -0.3090472521826277
vn -0.9509146221003929 0.015848577035006507 -0.3090472521826277
vn -0.9509146221003929 0.015848577035006507 -0.3090472521826277
vn -0.34781694539419383 -0.07246186610731736 -0.9347580705492183
vn -0.34781694539419383 -0.07246186610731736 -0.9347580705492183
vn -0.34781694539419383 -0.07246186610731736 -0.9347580705492183
vn -0.988902772116395 0.08240856434303291 -0.12361284651454937
vn -0.988902772116395 0.08240856434303291 -0.12361284651454937
vn -0.988902772116395 0.08240856434303291 -0.12361284651454937
vn 0 1.2246467991473532e-16 1
vn 0 1.2246467991473532e-16 1
vn 0 1.2246467991473532e-16 1
vn 0 1.2246467991473532e-16 1
vn 0.9701425001453319 2.970204768799478e-17 0.24253562503633297
vn 0.9701425001453319 2.970204768799478e-17 0.24253562503633297
vn 0.9701425001453319 2.970204768799478e-17 0.24253562503633297
vn 0.9701425001453319 2.970204768799478e-17 0.24253562503633297
vn -0.9701425001453319 2.970204768799478e-17 0.24253562503633297
vn -0.9701425001453319 2.970204768799478e-17 0.24253562503633297
vn -0.9701425001453319 2.970204768799478e-17 0.24253562503633297
vn -0.9701425001453319 2.970204768799478e-17 0.24253562503633297
vn 0 1.2246467991473532e-16 1
vn 0 1.2246467991473532e-16 1
vn 0 1.2246467991473532e-16 1
vn 0 1.2246467991473532e-16 1
vn 0 0.12403473458920834 -0.9922778767136676
vn 0 0.12403473458920834 -0.9922778767136676
vn 0 0.12403473458920834 -0.9922778767136676
vn 0 0.12403473458920834 -0.9922778767136676
vn -0.9922778767136676 -1.5189874069776562e-17 -0.12403473458920845
vn -0.9922778767136676 -1.5189874069776562e-17 -0.12403473458920845
vn -0.9922778767136676 -1.5189874069776562e-17 -0.12403473458920845
vn -0.9922778767136676 -1.5189874069776562e-17 -0.12403473458920845
vn 0.9922778767136676 -1.5189874069776562e-17 -0.12403473458920845
vn 0.9922778767136676 -1.5189874069776562e-17 -0.12403473458920845
vn 0.9922778767136676 -1.5189874069776562e-17 -0.12403473458920845
vn 0.9922778767136676 -1.5189874069776562e-17 -0.12403473458920845
vn 0.988902772116395 -0.08240856434303293 -0.12361284651454937
vn 0.988902772116395 -0.08240856434303293 -0.12361284651454937
vn 0.988902772116395 -0.08240856434303293 -0.12361284651454937
vn 0.988902772116395 -0.08240856434303293 -0.12361284651454937
vn 0 -1.2246467991473532e-16 -1
vn 0 -1.2246467991473532e-16 -1
vn 0 -1.2246467991473532e-16 -1
vn 0 -1.2246467991473532e-16 -1
f 3693/3693/3693 3692/3692/3692 3691/3691/3691
f 3696/3696/3696 3695/3695/3695 3694/3694/3694
f 3699/3699/3699 3698/3698/3698 3697/3697/3697
f 3702/3702/3702 3701/3701/3701 3700/3700/3700
f 3705/3705/3705 3704/3704/3704 3703/3703/3703
f 3708/3708/3708 3707/3707/3707 3706/3706/3706
f 3711/3711/3711 3710/3710/3710 3709/3709/3709
f 3714/3714/3714 3713/3713/3713 3712/3712/3712
f 3717/3717/3717 3716/3716/3716 3715/3715/3715
f 3720/3720/3720 3719/3719/3719 3718/3718/3718
f 3723/3723/3723 3722/3722/3722 3721/3721/3721
f 3722/3722/3722 3723/3723/3723 3724/3724/3724
f 3727/3727/3727 3726/3726/3726 3725/3725/3725
f 3726/3726/3726 3727/3727/3727 3728/3728/3728
f 3731/3731/3731 3730/3730/3730 3729/3729/3729
f 3730/3730/3730 3731/3731/3731 3732/3732/3732
f 3735/3735/3735 3734/3734/3734 3733/3733/3733
f 3734/3734/3734 3735/3735/3735 3736/3736/3736
f 3739/3739/3739 3738/3738/3738 3737/3737/3737
f 3738/3738/3738 3739/3739/3739 3740/3740/3740
f 3743/3743/3743 3742/3742/3742 3741/3741/3741
f 3742/3742/3742 3743/3743/3743 3744/3744/3744
f 3747/3747/3747 3746/3746/3746 3745/3745/3745
f 3746/3746/3746 3747/3747/3747 3748/3748/3748
f 3751/3751/3751 3750/3750/3750 3749/3749/3749
f 3750/3750/3750 3751/3751/3751 3752/3752/3752
f 3755/3755/3755 3754/3754/3754 3753/3753/3753
f 3754/3754/3754 3755/3755/3755 3756/3756/3756
o mesh_74
usemtl mat3
v 36 19.19999999999999 -115.2
v 36.800000000000004 19.19999999999999 -118.4
v 37.6 19.19999999999999 -115.2
v 46.400000000000006 27.999999999999982 -139.20000000000002
v 44.800000000000004 25.599999999999984 -134.4
v 44 25.599999999999984 -140.8
v 44 25.599999999999984 -140.8
v 51.2 25.599999999999984 -140.8
v 46.400000000000006 27.999999999999982 -139.20000000000002
v 76.80000000000001 19.19999999999999 -115.2
v 67.2 19.19999999999999 -115.2
v 70.4 19.19999999999999 -116.80000000000001
v 67.2 19.19999999999999 -116.80000000000001
vt 0.84375 0.4921875
vt 0.8515625 0.46875
vt 0.859375 0.4921875
vt 0.953125 0.265625
vt 0.9375 0.3125
vt 0.921875 0.25
vt 0.921875 0.25
vt 0.9921875 0.25
vt 0.953125 0.265625
vt 0.75 0.4921875
vt 0.65625 0.4921875
vt 0.6796875 0.46875
vt 0.65625 0.46875
vn 0 1 -1.2246467991473532e-16
vn 0 1 -1.2246467991473532e-16
vn 0 1 -1.2246467991473532e-16
vn -0.7340444830746646 0.6728741442544849 0.091755560384333
vn -0.7340444830746646 0.6728741442544849 0.091755560384333
vn -0.7340444830746646 0.6728741442544849 0.091755560384333
vn 0 0.5547001824703113 -0.8320503035077887
vn 0 0.5547001824703113 -0.8320503035077887
vn 0 0.5547001824703113 -0.8320503035077887
vn 0 1 -1.2246467991473532e-16
vn 0 1 -1.2246467991473532e-16
vn 0 1 -1.2246467991473532e-16
vn 0 1 -1.2246467991473532e-16
f 3759/3759/3759 3758/3758/3758 3757/3757/3757
f 3762/3762/3762 3761/3761/3761 3760/3760/3760
f 3765/3765/3765 3764/3764/3764 3763/3763/3763
f 3768/3768/3768 3767/3767/3767 3766/3766/3766
f 3767/3767/3767 3768/3768/3768 3769/3769/3769
o mesh_75
usemtl mat15
v 89.60000000000001 51.199999999999974 -243.20000000000002
v 89.60000000000001 51.19999999999997 -281.6
v 89.60000000000001 25.599999999999973 -243.20000000000002
v 89.60000000000001 25.599999999999966 -281.6
v 89.60000000000001 12.799999999999967 -281.6
v 89.60000000000001 -3.4486053863989466e-14 -281.6
v 89.60000000000001 12.79999999999997 -243.20000000000002
v 89.60000000000001 -2.9783410155263633e-14 -243.20000000000002
v 81.60000000000001 68.79999999999997 -281.6
v 89.60000000000001 51.19999999999997 -281.6
v 81.60000000000001 68.79999999999997 -243.20000000000002
v 89.60000000000001 51.199999999999974 -243.20000000000002
v 0 12.79999999999997 -243.20000000000002
v 0 -2.9783410155263633e-14 -243.20000000000002
v 0 12.799999999999967 -281.6
v 0 -3.4486053863989466e-14 -281.6
v 0 51.19999999999997 -281.6
v 8 68.79999999999997 -281.6
v 0 51.199999999999974 -243.20000000000002
v 8 68.79999999999997 -243.20000000000002
v 0 12.799999999999967 -281.6
v 0 25.599999999999966 -281.6
v 0 12.79999999999997 -243.20000000000002
v 0 25.599999999999973 -243.20000000000002
v 0 51.199999999999974 -243.20000000000002
v 0 25.599999999999973 -243.20000000000002
v 0 51.19999999999997 -281.6
v 0 25.599999999999966 -281.6
v 89.60000000000001 12.79999999999997 -243.20000000000002
v 89.60000000000001 25.599999999999973 -243.20000000000002
v 89.60000000000001 12.799999999999967 -281.6
v 89.60000000000001 25.599999999999966 -281.6
vt 0.9921875 0.96875
vt 0.9921875 0.96875
vt 0.9921875 0.96875
vt 0.9921875 0.96875
vt 0.9921875 0.96875
vt 0.9921875 0.96875
vt 0.9921875 0.96875
vt 0.9921875 0.96875
vt 0.9921875 0.96875
vt 0.9921875 0.96875
vt 0.9921875 0.96875
vt 0.9921875 0.96875
vt 0.9921875 0.96875
vt 0.9921875 0.96875
vt 0.9921875 0.96875
vt 0.9921875 0.96875
vt 0.9921875 0.96875
vt 0.9921875 0.96875
vt 0.9921875 0.96875
vt 0.9921875 0.96875
vt 0.9921875 0.96875
vt 0.9921875 0.96875
vt 0.9921875 0.96875
vt 0.9921875 0.96875
vt 0.9921875 0.96875
vt 0.9921875 0.96875
vt 0.9921875 0.96875
vt 0.9921875 0.96875
vt 0.9921875 0.96875
vt 0.9921875 0.96875
vt 0.9921875 0.96875
vt 0.9921875 0.96875
vn 1 0 0
vn 1 0 0
vn 1 0 0
vn 1 0 0
vn 1 0 0
vn 1 0 0
vn 1 0 0
vn 1 0 0
vn 0.9103664744007224 0.41380295103732534 -5.067624594655893e-17
vn 0.9103664744007224 0.41380295103732534 -5.067624594655893e-17
vn 0.9103664744007224 0.41380295103732534 -5.067624594655893e-17
vn 0.9103664744007224 0.41380295103732534 -5.067624594655893e-17
vn -1 0 0
vn -1 0 0
vn -1 0 0
vn -1 0 0
vn -0.9103664744007224 0.41380295103732534 -5.067624594655893e-17
vn -0.9103664744007224 0.41380295103732534 -5.067624594655893e-17
vn -0.9103664744007224 0.41380295103732534 -5.067624594655893e-17
vn -0.9103664744007224 0.41380295103732534 -5.067624594655893e-17
vn -1 0 0
vn -1 0 0
vn -1 0 0
vn -1 0 0
vn -1 0 0
vn -1 0 0
vn -1 0 0
vn -1 0 0
vn 1 0 0
vn 1 0 0
vn 1 0 0
vn 1 0 0
f 3772/3772/3772 3771/3771/3771 3770/3770/3770
f 3771/3771/3771 3772/3772/3772 3773/3773/3773
f 3776/3776/3776 3775/3775/3775 3774/3774/3774
f 3775/3775/3775 3776/3776/3776 3777/3777/3777
f 3780/3780/3780 3779/3779/3779 3778/3778/3778
f 3779/3779/3779 3780/3780/3780 3781/3781/3781
f 3784/3784/3784 3783/3783/3783 3782/3782/3782
f 3783/3783/3783 3784/3784/3784 3785/3785/3785
f 3788/3788/3788 3787/3787/3787 3786/3786/3786
f 3787/3787/3787 3788/3788/3788 3789/3789/3789
f 3792/3792/3792 3791/3791/3791 3790/3790/3790
f 3791/3791/3791 3792/3792/3792 3793/3793/3793
f 3796/3796/3796 3795/3795/3795 3794/3794/3794
f 3795/3795/3795 3796/3796/3796 3797/3797/3797
f 3800/3800/3800 3799/3799/3799 3798/3798/3798
f 3799/3799/3799 3800/3800/3800 3801/3801/3801
o mesh_76
usemtl mat15
v 89.60000000000001 83.19999999999999 -76.80000000000003
v 89.60000000000001 83.19999999999999 -89.60000000000002
v 115.2 83.19999999999999 -76.80000000000003
v 115.2 83.2 -51.20000000000001
v 89.60000000000001 83.19999999999999 -64.00000000000001
v 115.2 83.19999999999999 -76.80000000000003
v 89.60000000000001 83.19999999999999 -76.80000000000003
v 115.2 31.999999999999996 -38.40000000000001
v 115.2 6.399999999999996 -38.400000000000006
v 89.60000000000001 31.999999999999996 -38.40000000000001
v 89.60000000000001 6.399999999999996 -38.400000000000006
v 115.2 95.99999999999999 -102.40000000000002
v 115.2 95.99999999999999 -76.80000000000003
v 89.60000000000001 95.99999999999999 -102.40000000000002
v 89.60000000000001 95.99999999999999 -89.60000000000002
v 89.60000000000001 57.599999999999994 -38.40000000000001
v 89.60000000000001 57.599999999999994 -51.20000000000001
v 115.2 57.599999999999994 -38.40000000000001
v 115.2 57.599999999999994 -51.20000000000001
v 89.60000000000001 95.99999999999997 -192
v 89.60000000000001 95.99999999999997 -179.20000000000002
v 81.60000000000001 87.99999999999997 -192
v 81.60000000000001 87.99999999999997 -179.20000000000002
v 89.60000000000001 68.79999999999997 -243.20000000000002
v 89.60000000000001 68.79999999999997 -230.4
v 81.60000000000001 68.79999999999997 -243.20000000000002
v 81.60000000000001 68.79999999999997 -230.4
v 89.60000000000001 95.99999999999999 -115.20000000000002
v 89.60000000000001 95.99999999999999 -128
v 115.2 95.99999999999999 -115.20000000000002
v 115.2 95.99999999999999 -128
v 89.60000000000001 31.999999999999996 -38.40000000000001
v 89.60000000000001 57.599999999999994 -38.40000000000001
v 115.2 31.999999999999996 -38.40000000000001
v 115.2 57.599999999999994 -38.40000000000001
v 89.60000000000001 70.39999999999999 -140.8
v 89.60000000000001 63.999999999999986 -140.8
v 115.2 70.39999999999999 -140.8
v 115.2 63.999999999999986 -140.8
v 89.60000000000001 95.99999999999999 -128
v 89.60000000000001 95.99999999999999 -140.8
v 115.2 95.99999999999999 -128
v 115.2 95.99999999999999 -140.8
v 115.2 70.39999999999999 -140.8
v 115.2 95.99999999999999 -140.8
v 89.60000000000001 70.39999999999999 -140.8
v 89.60000000000001 95.99999999999999 -140.8
v 115.2 95.99999999999999 -115.20000000000002
v 115.2 95.99999999999999 -102.40000000000002
v 89.60000000000001 95.99999999999999 -115.20000000000002
v 89.60000000000001 95.99999999999999 -102.40000000000002
vt 0.9921875 0.96875
vt 0.9921875 0.96875
vt 0.9921875 0.96875
vt 0.9921875 0.96875
vt 0.9921875 0.96875
vt 0.9921875 0.96875
vt 0.9921875 0.96875
vt 0.9921875 0.96875
vt 0.9921875 0.96875
vt 0.9921875 0.96875
vt 0.9921875 0.96875
vt 0.9921875 0.96875
vt 0.9921875 0.96875
vt 0.9921875 0.96875
vt 0.9921875 0.96875
vt 0.9921875 0.96875
vt 0.9921875 0.96875
vt 0.9921875 0.96875
vt 0.9921875 0.96875
vt 0.9921875 0.96875
vt 0.9921875 0.96875
vt 0.9921875 0.96875
vt 0.9921875 0.96875
vt 0.9921875 0.96875
vt 0.9921875 0.96875
vt 0.9921875 0.96875
vt 0.9921875 0.96875
vt 0.9921875 0.96875
vt 0.9921875 0.96875
vt 0.9921875 0.96875
vt 0.9921875 0.96875
vt 0.9921875 0.96875
vt 0.9921875 0.96875
vt 0.9921875 0.96875
vt 0.9921875 0.96875
vt 0.9921875 0.96875
vt 0.9921875 0.96875
vt 0.9921875 0.96875
vt 0.9921875 0.96875
vt 0.9921875 0.96875
vt 0.9921875 0.96875
vt 0.9921875 0.96875
vt 0.9921875 0.96875
vt 0.9921875 0.96875
vt 0.9921875 0.96875
vt 0.9921875 0.96875
vt 0.9921875 0.96875
vt 0.9921875 0.96875
vt 0.9921875 0.96875
vt 0.9921875 0.96875
vt 0.9921875 0.96875
vn 0 1 -1.2246467991473532e-16
vn 0 1 -1.2246467991473532e-16
vn 0 1 -1.2246467991473532e-16
vn 0 1 -1.2246467991473532e-16
vn 0 1 -1.2246467991473532e-16
vn 0 1 -1.2246467991473532e-16
vn 0 1 -1.2246467991473532e-16
vn 0 1.2246467991473532e-16 1
vn 0 1.2246467991473532e-16 1
vn 0 1.2246467991473532e-16 1
vn 0 1.2246467991473532e-16 1
vn 0 1 -1.2246467991473532e-16
vn 0 1 -1.2246467991473532e-16
vn 0 1 -1.2246467991473532e-16
vn 0 1 -1.2246467991473532e-16
vn 0 1 -1.2246467991473532e-16
vn 0 1 -1.2246467991473532e-16
vn 0 1 -1.2246467991473532e-16
vn 0 1 -1.2246467991473532e-16
vn -0.7071067811865475 0.7071067811865475 -8.659560562354932e-17
vn -0.7071067811865475 0.7071067811865475 -8.659560562354932e-17
vn -0.7071067811865475 0.7071067811865475 -8.659560562354932e-17
vn -0.7071067811865475 0.7071067811865475 -8.659560562354932e-17
vn 0 1 -1.2246467991473532e-16
vn 0 1 -1.2246467991473532e-16
vn 0 1 -1.2246467991473532e-16
vn 0 1 -1.2246467991473532e-16
vn 0 1 -1.2246467991473532e-16
vn 0 1 -1.2246467991473532e-16
vn 0 1 -1.2246467991473532e-16
vn 0 1 -1.2246467991473532e-16
vn 0 1.2246467991473532e-16 1
vn 0 1.2246467991473532e-16 1
vn 0 1.2246467991473532e-16 1
vn 0 1.2246467991473532e-16 1
vn 0 -1.2246467991473532e-16 -1
vn 0 -1.2246467991473532e-16 -1
vn 0 -1.2246467991473532e-16 -1
vn 0 -1.2246467991473532e-16 -1
vn 0 1 -1.2246467991473532e-16
vn 0 1 -1.2246467991473532e-16
vn 0 1 -1.2246467991473532e-16
vn 0 1 -1.2246467991473532e-16
vn 0 -1.2246467991473532e-16 -1
vn 0 -1.2246467991473532e-16 -1
vn 0 -1.2246467991473532e-16 -1
vn 0 -1.2246467991473532e-16 -1
vn 0 1 -1.2246467991473532e-16
vn 0 1 -1.2246467991473532e-16
vn 0 1 -1.2246467991473532e-16
vn 0 1 -1.2246467991473532e-16
f 3804/3804/3804 3803/3803/3803 3802/3802/3802
f 3807/3807/3807 3806/3806/3806 3805/3805/3805
f 3806/3806/3806 3807/3807/3807 3808/3808/3808
f 3811/3811/3811 3810/3810/3810 3809/3809/3809
f 3810/3810/3810 3811/3811/3811 3812/3812/3812
f 3815/3815/3815 3814/3814/3814 3813/3813/3813
f 3814/3814/3814 3815/3815/3815 3816/3816/3816
f 3819/3819/3819 3818/3818/3818 3817/3817/3817
f 3818/3818/3818 3819/3819/3819 3820/3820/3820
f 3823/3823/3823 3822/3822/3822 3821/3821/3821
f 3822/3822/3822 3823/3823/3823 3824/3824/3824
f 3827/3827/3827 3826/3826/3826 3825/3825/3825
f 3826/3826/3826 3827/3827/3827 3828/3828/3828
f 3831/3831/3831 3830/3830/3830 3829/3829/3829
f 3830/3830/3830 3831/3831/3831 3832/3832/3832
f 3835/3835/3835 3834/3834/3834 3833/3833/3833
f 3834/3834/3834 3835/3835/3835 3836/3836/3836
f 3839/3839/3839 3838/3838/3838 3837/3837/3837
f 3838/3838/3838 3839/3839/3839 3840/3840/3840
f 3843/3843/3843 3842/3842/3842 3841/3841/3841
f 3842/3842/3842 3843/3843/3843 3844/3844/3844
f 3847/3847/3847 3846/3846/3846 3845/3845/3845
f 3846/3846/3846 3847/3847/3847 3848/3848/3848
f 3851/3851/3851 3850/3850/3850 3849/3849/3849
f 3850/3850/3850 3851/3851/3851 3852/3852/3852
o mesh_77
usemtl mat3
v 89.60000000000001 68.79999999999997 -243.20000000000002
v 81.60000000000001 68.79999999999997 -243.20000000000002
v 89.60000000000001 51.199999999999974 -243.20000000000002
vt 0.8984375 0.1328125
vt 0.8984375 0.1328125
vt 0.8984375 0.1328125
vn 0 -1.2246467991473532e-16 -1
vn 0 -1.2246467991473532e-16 -1
vn 0 -1.2246467991473532e-16 -1
f 3855/3855/3855 3854/3854/3854 3853/3853/3853
o mesh_78
usemtl mat15
v 115.2 57.599999999999994 -51.20000000000001
v 89.60000000000001 57.599999999999994 -51.20000000000001
v 89.60000000000001 70.39999999999999 -64.00000000000001
v 89.60000000000001 95.99999999999999 -89.60000000000002
v 115.2 95.99999999999999 -76.80000000000003
v 89.60000000000001 83.19999999999999 -89.60000000000002
v 115.2 83.19999999999999 -76.80000000000003
v 115.2 57.599999999999994 -51.20000000000001
v 89.60000000000001 70.39999999999999 -64.00000000000001
v 115.2 83.2 -51.20000000000001
v 89.60000000000001 83.19999999999999 -64.00000000000001
vt 0.9921875 0.96875
vt 0.9921875 0.96875
vt 0.9921875 0.96875
vt 0.9921875 0.96875
vt 0.9921875 0.96875
vt 0.9921875 0.96875
vt 0.9921875 0.96875
vt 0.9921875 0.96875
vt 0.9921875 0.96875
vt 0.9921875 0.96875
vt 0.9921875 0.96875
vn 0 0.7071067811865476 0.7071067811865475
vn 0 0.7071067811865476 0.7071067811865475
vn 0 0.7071067811865476 0.7071067811865475
vn -0.44721359549995787 1.095357396528405e-16 0.8944271909999157
vn -0.44721359549995787 1.095357396528405e-16 0.8944271909999157
vn -0.44721359549995787 1.095357396528405e-16 0.8944271909999157
vn -0.44721359549995787 1.095357396528405e-16 0.8944271909999157
vn -0.44721359549995787 1.095357396528405e-16 0.8944271909999157
vn -0.44721359549995787 1.095357396528405e-16 0.8944271909999157
vn -0.44721359549995787 1.095357396528405e-16 0.8944271909999157
vn -0.44721359549995787 1.095357396528405e-16 0.8944271909999157
f 3858/3858/3858 3857/3857/3857 3856/3856/3856
f 3861/3861/3861 3860/3860/3860 3859/3859/3859
f 3860/3860/3860 3861/3861/3861 3862/3862/3862
f 3865/3865/3865 3864/3864/3864 3863/3863/3863
f 3864/3864/3864 3865/3865/3865 3866/3866/3866
o mesh_79
usemtl mat15
v 0 70.4 -25.60000000000001
v 0 81.60000000000001 -25.600000000000012
v 0 70.4 12.799999999999992
v 0 81.60000000000001 12.79999999999999
v 25.6 88 12.79999999999999
v 0 81.60000000000001 12.79999999999999
v 25.6 88 -25.600000000000012
v 0 81.60000000000001 -25.600000000000012
v 76.80000000000001 57.6 12.799999999999994
v 64 64 12.799999999999994
v 76.80000000000001 57.6 -25.60000000000001
v 64 64 -25.60000000000001
v 64 70.4 12.799999999999992
v 64 70.4 -25.60000000000001
v 64 64 12.799999999999994
v 64 64 -25.60000000000001
v 64 78.4 12.799999999999992
v 64 78.4 -25.600000000000012
v 64 70.4 12.799999999999992
v 64 70.4 -25.60000000000001
v 0 31.999999999999996 -25.600000000000005
v 0 44.800000000000004 -25.60000000000001
v 0 32 12.799999999999997
v 0 44.800000000000004 12.799999999999995
v 76.80000000000001 31.999999999999996 -25.600000000000005
v 76.80000000000001 6.399999999999997 -25.6
v 76.80000000000001 32 12.799999999999997
v 76.80000000000001 6.400000000000002 12.8
v 0 70.4 12.799999999999992
v 0 44.800000000000004 12.799999999999995
v 0 70.4 -25.60000000000001
v 0 44.800000000000004 -25.60000000000001
v 0 32 12.799999999999997
v 0 19.200000000000003 12.799999999999999
v 0 31.999999999999996 -25.600000000000005
v 0 19.2 -25.600000000000005
v 76.80000000000001 32 12.799999999999997
v 76.80000000000001 57.6 12.799999999999994
v 76.80000000000001 31.999999999999996 -25.600000000000005
v 76.80000000000001 57.6 -25.60000000000001
vt 0.9921875 0.96875
vt 0.9921875 0.96875
vt 0.9921875 0.96875
vt 0.9921875 0.96875
vt 0.9921875 0.96875
vt 0.9921875 0.96875
vt 0.9921875 0.96875
vt 0.9921875 0.96875
vt 0.9921875 0.96875
vt 0.9921875 0.96875
vt 0.9921875 0.96875
vt 0.9921875 0.96875
vt 0.9921875 0.96875
vt 0.9921875 0.96875
vt 0.9921875 0.96875
vt 0.9921875 0.96875
vt 0.9921875 0.96875
vt 0.9921875 0.96875
vt 0.9921875 0.96875
vt 0.9921875 0.96875
vt 0.9921875 0.96875
vt 0.9921875 0.96875
vt 0.9921875 0.96875
vt 0.9921875 0.96875
vt 0.9921875 0.96875
vt 0.9921875 0.96875
vt 0.9921875 0.96875
vt 0.9921875 0.96875
vt 0.9921875 0.96875
vt 0.9921875 0.96875
vt 0.9921875 0.96875
vt 0.9921875 0.96875
vt 0.9921875 0.96875
vt 0.9921875 0.96875
vt 0.9921875 0.96875
vt 0.9921875 0.96875
vt 0.9921875 0.96875
vt 0.9921875 0.96875
vt 0.9921875 0.96875
vt 0.9921875 0.96875
vn -1 0 0
vn -1 0 0
vn -1 0 0
vn -1 0 0
vn -0.24253562503633297 0.9701425001453319 -1.1880819075197913e-16
vn -0.24253562503633297 0.9701425001453319 -1.1880819075197913e-16
vn -0.24253562503633297 0.9701425001453319 -1.1880819075197913e-16
vn -0.24253562503633297 0.9701425001453319 -1.1880819075197913e-16
vn 0.44721359549995787 0.8944271909999157 -1.095357396528405e-16
vn 0.44721359549995787 0.8944271909999157 -1.095357396528405e-16
vn 0.44721359549995787 0.8944271909999157 -1.095357396528405e-16
vn 0.44721359549995787 0.8944271909999157 -1.095357396528405e-16
vn 1 0 0
vn 1 0 0
vn 1 0 0
vn 1 0 0
vn 1 0 0
vn 1 0 0
vn 1 0 0
vn 1 0 0
vn -1 0 0
vn -1 0 0
vn -1 0 0
vn -1 0 0
vn 1 0 0
vn 1 0 0
vn 1 0 0
vn 1 0 0
vn -1 0 0
vn -1 0 0
vn -1 0 0
vn -1 0 0
vn -1 0 0
vn -1 0 0
vn -1 0 0
vn -1 0 0
vn 1 0 0
vn 1 0 0
vn 1 0 0
vn 1 0 0
f 3869/3869/3869 3868/3868/3868 3867/3867/3867
f 3868/3868/3868 3869/3869/3869 3870/3870/3870
f 3873/3873/3873 3872/3872/3872 3871/3871/3871
f 3872/3872/3872 3873/3873/3873 3874/3874/3874
f 3877/3877/3877 3876/3876/3876 3875/3875/3875
f 3876/3876/3876 3877/3877/3877 3878/3878/3878
f 3881/3881/3881 3880/3880/3880 3879/3879/3879
f 3880/3880/3880 3881/3881/3881 3882/3882/3882
f 3885/3885/3885 3884/3884/3884 3883/3883/3883
f 3884/3884/3884 3885/3885/3885 3886/3886/3886
f 3889/3889/3889 3888/3888/3888 3887/3887/3887
f 3888/3888/3888 3889/3889/3889 3890/3890/3890
f 3893/3893/3893 3892/3892/3892 3891/3891/3891
f 3892/3892/3892 3893/3893/3893 3894/3894/3894
f 3897/3897/3897 3896/3896/3896 3895/3895/3895
f 3896/3896/3896 3897/3897/3897 3898/3898/3898
f 3901/3901/3901 3900/3900/3900 3899/3899/3899
f 3900/3900/3900 3901/3901/3901 3902/3902/3902
f 3905/3905/3905 3904/3904/3904 3903/3903/3903
f 3904/3904/3904 3905/3905/3905 3906/3906/3906
o mesh_80
usemtl mat3
v 8 68.79999999999997 -243.20000000000002
v 0 68.79999999999997 -243.20000000000002
v 0 51.199999999999974 -243.20000000000002
vt 0.8984375 0.1328125
vt 0.8984375 0.1328125
vt 0.8984375 0.1328125
vn 0 -1.2246467991473532e-16 -1
vn 0 -1.2246467991473532e-16 -1
vn 0 -1.2246467991473532e-16 -1
f 3909/3909/3909 3908/3908/3908 3907/3907/3907
o mesh_81
usemtl mat15
v 8 87.99999999999999 -64.00000000000001
v 0 95.99999999999999 -64.00000000000001
v 8 87.99999999999999 -76.80000000000003
v 0 95.99999999999999 -76.80000000000003
v 8 87.99999999999999 -76.80000000000003
v 0 95.99999999999999 -76.80000000000003
v 8 87.99999999999999 -89.60000000000002
v 0 95.99999999999999 -89.60000000000002
v 8 87.99999999999999 -102.40000000000002
v 8 87.99999999999999 -89.60000000000002
v 0 95.99999999999999 -102.40000000000002
v 0 95.99999999999999 -89.60000000000002
v 8 87.99999999999997 -192
v 8 87.99999999999997 -179.20000000000002
v 0 84.79999999999998 -192
v 0 84.79999999999998 -179.20000000000002
v 8 68.79999999999997 -243.20000000000002
v 8 68.79999999999997 -230.4
v 0 68.79999999999997 -243.20000000000002
v 0 68.79999999999997 -230.4
vt 0.9921875 0.96875
vt 0.9921875 0.96875
vt 0.9921875 0.96875
vt 0.9921875 0.96875
vt 0.9921875 0.96875
vt 0.9921875 0.96875
vt 0.9921875 0.96875
vt 0.9921875 0.96875
vt 0.9921875 0.96875
vt 0.9921875 0.96875
vt 0.9921875 0.96875
vt 0.9921875 0.96875
vt 0.9921875 0.96875
vt 0.9921875 0.96875
vt 0.9921875 0.96875
vt 0.9921875 0.96875
vt 0.9921875 0.96875
vt 0.9921875 0.96875
vt 0.9921875 0.96875
vt 0.9921875 0.96875
vn 0.7071067811865475 0.7071067811865475 -8.659560562354932e-17
vn 0.7071067811865475 0.7071067811865475 -8.659560562354932e-17
vn 0.7071067811865475 0.7071067811865475 -8.659560562354932e-17
vn 0.7071067811865475 0.7071067811865475 -8.659560562354932e-17
vn 0.7071067811865475 0.7071067811865475 -8.659560562354932e-17
vn 0.7071067811865475 0.7071067811865475 -8.659560562354932e-17
vn 0.7071067811865475 0.7071067811865475 -8.659560562354932e-17
vn 0.7071067811865475 0.7071067811865475 -8.659560562354932e-17
vn 0.7071067811865475 0.7071067811865475 -8.659560562354932e-17
vn 0.7071067811865475 0.7071067811865475 -8.659560562354932e-17
vn 0.7071067811865475 0.7071067811865475 -8.659560562354932e-17
vn 0.7071067811865475 0.7071067811865475 -8.659560562354932e-17
vn -0.3713906712157723 0.9284766929405919 -1.1370560100926155e-16
vn -0.3713906712157723 0.9284766929405919 -1.1370560100926155e-16
vn -0.3713906712157723 0.9284766929405919 -1.1370560100926155e-16
vn -0.3713906712157723 0.9284766929405919 -1.1370560100926155e-16
vn 0 1 -1.2246467991473532e-16
vn 0 1 -1.2246467991473532e-16
vn 0 1 -1.2246467991473532e-16
vn 0 1 -1.2246467991473532e-16
f 3912/3912/3912 3911/3911/3911 3910/3910/3910
f 3911/3911/3911 3912/3912/3912 3913/3913/3913
f 3916/3916/3916 3915/3915/3915 3914/3914/3914
f 3915/3915/3915 3916/3916/3916 3917/3917/3917
f 3920/3920/3920 3919/3919/3919 3918/3918/3918
f 3919/3919/3919 3920/3920/3920 3921/3921/3921
f 3924/3924/3924 3923/3923/3923 3922/3922/3922
f 3923/3923/3923 3924/3924/3924 3925/3925/3925
f 3928/3928/3928 3927/3927/3927 3926/3926/3926
f 3927/3927/3927 3928/3928/3928 3929/3929/3929
o mesh_82
usemtl mat11
v 92.80000000000001 51.19999999999998 -186.4
v 89.60000000000001 51.19999999999998 -188
v 89.60000000000001 55.19999999999998 -185.60000000000002
v 89.60000000000001 55.19999999999998 -185.60000000000002
v 89.60000000000001 51.19999999999998 -183.20000000000002
v 92.80000000000001 51.19999999999998 -184.8
v 89.60000000000001 55.19999999999998 -185.60000000000002
v 92.80000000000001 51.19999999999998 -184.8
v 92.80000000000001 51.19999999999998 -186.4
v 92.80000000000001 51.19999999999999 -108
v 92.80000000000001 51.19999999999999 -109.60000000000001
v 89.60000000000001 55.19999999999999 -108.80000000000001
v 92.80000000000001 51.19999999999999 -109.60000000000001
v 89.60000000000001 51.19999999999999 -111.2
v 89.60000000000001 55.19999999999999 -108.80000000000001
v 89.60000000000001 55.19999999999999 -108.80000000000001
v 89.60000000000001 51.19999999999999 -106.4
v 92.80000000000001 51.19999999999999 -108
v 89.60000000000001 42.4 -57.60000000000001
v 92.80000000000001 38.4 -56.80000000000001
v 92.80000000000001 38.4 -58.40000000000001
v 89.60000000000001 42.4 -57.60000000000001
v 89.60000000000001 38.4 -55.20000000000001
v 92.80000000000001 38.4 -56.80000000000001
v 92.80000000000001 38.4 -58.40000000000001
v 89.60000000000001 38.4 -60.00000000000001
v 89.60000000000001 42.4 -57.60000000000001
v 92.80000000000001 44.79999999999998 -184
v 92.80000000000001 51.19999999999998 -184.8
v 89.60000000000001 44.79999999999998 -182.4
v 89.60000000000001 51.19999999999998 -183.20000000000002
v 92.80000000000001 51.19999999999998 -186.4
v 92.80000000000001 44.79999999999998 -187.20000000000002
v 89.60000000000001 51.19999999999998 -188
v 89.60000000000001 44.79999999999998 -188.8
v 89.60000000000001 44.79999999999998 -188.8
v 92.80000000000001 44.79999999999998 -187.20000000000002
v 89.60000000000001 44.79999999999998 -182.4
v 92.80000000000001 44.79999999999998 -184
v 92.80000000000001 51.19999999999998 -184.8
v 92.80000000000001 44.79999999999998 -184
v 92.80000000000001 51.19999999999998 -186.4
v 92.80000000000001 44.79999999999998 -187.20000000000002
v 92.80000000000001 51.19999999999999 -108
v 92.80000000000001 44.79999999999999 -107.2
v 92.80000000000001 51.19999999999999 -109.60000000000001
v 92.80000000000001 44.79999999999999 -110.4
v 89.60000000000001 44.79999999999999 -112
v 92.80000000000001 44.79999999999999 -110.4
v 89.60000000000001 44.79999999999999 -105.60000000000001
v 92.80000000000001 44.79999999999999 -107.2
v 89.60000000000001 51.19999999999999 -106.4
v 89.60000000000001 44.79999999999999 -105.60000000000001
v 92.80000000000001 51.19999999999999 -108
v 92.80000000000001 44.79999999999999 -107.2
v 89.60000000000001 44.79999999999999 -112
v 89.60000000000001 51.19999999999999 -111.2
v 92.80000000000001 44.79999999999999 -110.4
v 92.80000000000001 51.19999999999999 -109.60000000000001
v 92.80000000000001 38.4 -56.80000000000001
v 92.80000000000001 31.999999999999993 -56.00000000000001
v 92.80000000000001 38.4 -58.40000000000001
v 92.80000000000001 31.999999999999993 -59.20000000000001
v 89.60000000000001 31.999999999999993 -60.80000000000001
v 92.80000000000001 31.999999999999993 -59.20000000000001
v 89.60000000000001 31.999999999999993 -54.40000000000001
v 92.80000000000001 31.999999999999993 -56.00000000000001
v 92.80000000000001 38.4 -58.40000000000001
v 92.80000000000001 31.999999999999993 -59.20000000000001
v 89.60000000000001 38.4 -60.00000000000001
v 89.60000000000001 31.999999999999993 -60.80000000000001
v 92.80000000000001 31.999999999999993 -56.00000000000001
v 92.80000000000001 38.4 -56.80000000000001
v 89.60000000000001 31.999999999999993 -54.40000000000001
v 89.60000000000001 38.4 -55.20000000000001
vt 0.671875 0.8046875
vt 0.65625 0.8046875
vt 0.6796875 0.765625
vt 0.6796875 0.765625
vt 0.703125 0.8046875
vt 0.6875 0.8046875
vt 0.6796875 0.765625
vt 0.6875 0.8046875
vt 0.671875 0.8046875
vt 0.6875 0.8046875
vt 0.671875 0.8046875
vt 0.6796875 0.765625
vt 0.671875 0.8046875
vt 0.65625 0.8046875
vt 0.6796875 0.765625
vt 0.6796875 0.765625
vt 0.703125 0.8046875
vt 0.6875 0.8046875
vt 0.6796875 0.765625
vt 0.6875 0.8046875
vt 0.671875 0.8046875
vt 0.6796875 0.765625
vt 0.703125 0.8046875
vt 0.6875 0.8046875
vt 0.671875 0.8046875
vt 0.65625 0.8046875
vt 0.6796875 0.765625
vt 0.6953125 0.8671875
vt 0.6875 0.8046875
vt 0.7109375 0.8671875
vt 0.703125 0.8046875
vt 0.671875 0.8046875
vt 0.6640625 0.8671875
vt 0.65625 0.8046875
vt 0.6484375 0.8671875
vt 0.6484375 0.8671875
vt 0.6640625 0.8671875
vt 0.7109375 0.8671875
vt 0.6953125 0.8671875
vt 0.6875 0.8046875
vt 0.6953125 0.8671875
vt 0.671875 0.8046875
vt 0.6640625 0.8671875
vt 0.6875 0.8046875
vt 0.6953125 0.8671875
vt 0.671875 0.8046875
vt 0.6640625 0.8671875
vt 0.6484375 0.8671875
vt 0.6640625 0.8671875
vt 0.7109375 0.8671875
vt 0.6953125 0.8671875
vt 0.703125 0.8046875
vt 0.7109375 0.8671875
vt 0.6875 0.8046875
vt 0.6953125 0.8671875
vt 0.6484375 0.8671875
vt 0.65625 0.8046875
vt 0.6640625 0.8671875
vt 0.671875 0.8046875
vt 0.6875 0.8046875
vt 0.6953125 0.8671875
vt 0.671875 0.8046875
vt 0.6640625 0.8671875
vt 0.6484375 0.8671875
vt 0.6640625 0.8671875
vt 0.7109375 0.8671875
vt 0.6953125 0.8671875
vt 0.671875 0.8046875
vt 0.6640625 0.8671875
vt 0.65625 0.8046875
vt 0.6484375 0.8671875
vt 0.6953125 0.8671875
vt 0.6875 0.8046875
vt 0.7109375 0.8671875
vt 0.703125 0.8046875
vn -0.3940552075621323 -0.4728662252327014 0.7881104151242647
vn -0.3940552075621323 -0.4728662252327014 0.7881104151242647
vn -0.3940552075621323 -0.4728662252327014 0.7881104151242647
vn -0.3940552075621323 -0.47286622523270155 -0.7881104151242645
vn -0.3940552075621323 -0.47286622523270155 -0.7881104151242645
vn -0.3940552075621323 -0.47286622523270155 -0.7881104151242645
vn -0.7808688094430304 -0.6246950475544243 7.650307904307292e-17
vn -0.7808688094430304 -0.6246950475544243 7.650307904307292e-17
vn -0.7808688094430304 -0.6246950475544243 7.650307904307292e-17
vn -0.7808688094430304 -0.6246950475544243 7.650307904307292e-17
vn -0.7808688094430304 -0.6246950475544243 7.650307904307292e-17
vn -0.7808688094430304 -0.6246950475544243 7.650307904307292e-17
vn -0.3940552075621323 -0.4728662252327014 0.7881104151242647
vn -0.3940552075621323 -0.4728662252327014 0.7881104151242647
vn -0.3940552075621323 -0.4728662252327014 0.7881104151242647
vn -0.3940552075621323 -0.47286622523270155 -0.7881104151242645
vn -0.3940552075621323 -0.47286622523270155 -0.7881104151242645
vn -0.3940552075621323 -0.47286622523270155 -0.7881104151242645
vn -0.7808688094430304 -0.6246950475544243 7.650307904307292e-17
vn -0.7808688094430304 -0.6246950475544243 7.650307904307292e-17
vn -0.7808688094430304 -0.6246950475544243 7.650307904307292e-17
vn -0.3940552075621323 -0.47286622523270155 -0.7881104151242645
vn -0.3940552075621323 -0.47286622523270155 -0.7881104151242645
vn -0.3940552075621323 -0.47286622523270155 -0.7881104151242645
vn -0.3940552075621323 -0.4728662252327014 0.7881104151242647
vn -0.3940552075621323 -0.4728662252327014 0.7881104151242647
vn -0.3940552075621323 -0.4728662252327014 0.7881104151242647
vn -0.4444444444444445 -0.11111111111111123 -0.888888888888889
vn -0.4444444444444445 -0.11111111111111123 -0.888888888888889
vn -0.4444444444444445 -0.11111111111111123 -0.888888888888889
vn -0.4444444444444445 -0.11111111111111123 -0.888888888888889
vn -0.4444444444444445 -0.11111111111111101 0.888888888888889
vn -0.4444444444444445 -0.11111111111111101 0.888888888888889
vn -0.4444444444444445 -0.11111111111111101 0.888888888888889
vn -0.4444444444444445 -0.11111111111111101 0.888888888888889
vn 0 1 -1.2246467991473532e-16
vn 0 1 -1.2246467991473532e-16
vn 0 1 -1.2246467991473532e-16
vn 0 1 -1.2246467991473532e-16
vn -1 0 0
vn -1 0 0
vn -1 0 0
vn -1 0 0
vn -1 0 0
vn -1 0 0
vn -1 0 0
vn -1 0 0
vn 0 1 -1.2246467991473532e-16
vn 0 1 -1.2246467991473532e-16
vn 0 1 -1.2246467991473532e-16
vn 0 1 -1.2246467991473532e-16
vn -0.4444444444444445 -0.11111111111111123 -0.888888888888889
vn -0.4444444444444445 -0.11111111111111123 -0.888888888888889
vn -0.4444444444444445 -0.11111111111111123 -0.888888888888889
vn -0.4444444444444445 -0.11111111111111123 -0.888888888888889
vn -0.4444444444444445 -0.11111111111111101 0.888888888888889
vn -0.4444444444444445 -0.11111111111111101 0.888888888888889
vn -0.4444444444444445 -0.11111111111111101 0.888888888888889
vn -0.4444444444444445 -0.11111111111111101 0.888888888888889
vn -1 0 0
vn -1 0 0
vn -1 0 0
vn -1 0 0
vn 0 1 -1.2246467991473532e-16
vn 0 1 -1.2246467991473532e-16
vn 0 1 -1.2246467991473532e-16
vn 0 1 -1.2246467991473532e-16
vn -0.4444444444444445 -0.11111111111111101 0.888888888888889
vn -0.4444444444444445 -0.11111111111111101 0.888888888888889
vn -0.4444444444444445 -0.11111111111111101 0.888888888888889
vn -0.4444444444444445 -0.11111111111111101 0.888888888888889
vn -0.4444444444444445 -0.11111111111111123 -0.888888888888889
vn -0.4444444444444445 -0.11111111111111123 -0.888888888888889
vn -0.4444444444444445 -0.11111111111111123 -0.888888888888889
vn -0.4444444444444445 -0.11111111111111123 -0.888888888888889
f 3932/3932/3932 3931/3931/3931 3930/3930/3930
f 3935/3935/3935 3934/3934/3934 3933/3933/3933
f 3938/3938/3938 3937/3937/3937 3936/3936/3936
f 3941/3941/3941 3940/3940/3940 3939/3939/3939
f 3944/3944/3944 3943/3943/3943 3942/3942/3942
f 3947/3947/3947 3946/3946/3946 3945/3945/3945
f 3950/3950/3950 3949/3949/3949 3948/3948/3948
f 3953/3953/3953 3952/3952/3952 3951/3951/3951
f 3956/3956/3956 3955/3955/3955 3954/3954/3954
f 3959/3959/3959 3958/3958/3958 3957/3957/3957
f 3958/3958/3958 3959/3959/3959 3960/3960/3960
f 3963/3963/3963 3962/3962/3962 3961/3961/3961
f 3962/3962/3962 3963/3963/3963 3964/3964/3964
f 3967/3967/3967 3966/3966/3966 3965/3965/3965
f 3966/3966/3966 3967/3967/3967 3968/3968/3968
f 3971/3971/3971 3970/3970/3970 3969/3969/3969
f 3970/3970/3970 3971/3971/3971 3972/3972/3972
f 3975/3975/3975 3974/3974/3974 3973/3973/3973
f 3974/3974/3974 3975/3975/3975 3976/3976/3976
f 3979/3979/3979 3978/3978/3978 3977/3977/3977
f 3978/3978/3978 3979/3979/3979 3980/3980/3980
f 3983/3983/3983 3982/3982/3982 3981/3981/3981
f 3982/3982/3982 3983/3983/3983 3984/3984/3984
f 3987/3987/3987 3986/3986/3986 3985/3985/3985
f 3986/3986/3986 3987/3987/3987 3988/3988/3988
f 3991/3991/3991 3990/3990/3990 3989/3989/3989
f 3990/3990/3990 3991/3991/3991 3992/3992/3992
f 3995/3995/3995 3994/3994/3994 3993/3993/3993
f 3994/3994/3994 3995/3995/3995 3996/3996/3996
f 3999/3999/3999 3998/3998/3998 3997/3997/3997
f 3998/3998/3998 3999/3999/3999 4000/4000/4000
f 4003/4003/4003 4002/4002/4002 4001/4001/4001
f 4002/4002/4002 4003/4003/4003 4004/4004/4004
o mesh_83
usemtl mat9
v 96.80000000000001 60.79999999999999 -92.80000000000003
v 96 57.59999999999999 -93.60000000000001
v 96 57.59999999999999 -102.4
v 97.60000000000001 63.999999999999986 -89.60000000000002
v 99.2 70.39999999999999 -102.40000000000002
v 99.2 70.39999999999999 -89.60000000000002
v 89.60000000000001 31.999999999999986 -102.4
v 89.60000000000001 31.99999999999999 -89.60000000000001
v 89.60000000000001 25.59999999999999 -89.60000000000001
v 94.4 51.19999999999999 -102.4
v 96 57.59999999999999 -102.4
v 96 57.59999999999999 -93.60000000000001
v 93.60000000000001 47.999999999999986 -95.2
v 94.4 51.19999999999999 -102.4
v 94.4 51.19999999999999 -89.60000000000001
v 93.60000000000001 47.999999999999986 -95.2
v 92.80000000000001 44.79999999999999 -98.4
v 94.4 51.19999999999999 -102.4
v 92.80000000000001 44.79999999999999 -102.4
v 96 57.59999999999999 -93.60000000000001
v 96 57.59999999999999 -89.60000000000001
v 94.4 51.19999999999999 -102.4
v 94.4 51.19999999999999 -89.60000000000001
v 96 57.59999999999999 -102.4
v 99.2 70.39999999999999 -102.40000000000002
v 96.80000000000001 60.79999999999999 -92.80000000000003
v 97.60000000000001 63.999999999999986 -89.60000000000002
v 92.80000000000001 44.79999999999999 -98.4
v 92 41.59999999999999 -99.2
v 92.80000000000001 44.79999999999999 -102.4
v 89.60000000000001 31.999999999999986 -102.4
v 92 41.59999999999999 -99.2
v 92 41.59999999999999 -89.60000000000001
v 89.60000000000001 31.999999999999986 -102.4
v 89.60000000000001 31.99999999999999 -89.60000000000001
vt 0.21875 0.09375
vt 0.203125 0.125
vt 0.125 0.125
vt 0.2421875 0.0625
vt 0.125 0
vt 0.2421875 0
vt 0.125 0.375
vt 0.2421875 0.375
vt 0.2421875 0.4375
vt 0.125 0.1875
vt 0.125 0.125
vt 0.203125 0.125
vt 0.1875 0.21875
vt 0.125 0.1875
vt 0.2421875 0.1875
vt 0.1875 0.21875
vt 0.15625 0.25
vt 0.125 0.1875
vt 0.125 0.25
vt 0.203125 0.125
vt 0.2421875 0.125
vt 0.125 0.1875
vt 0.2421875 0.1875
vt 0.125 0.125
vt 0.125 0
vt 0.21875 0.09375
vt 0.2421875 0.0625
vt 0.15625 0.25
vt 0.15625 0.28125
vt 0.125 0.25
vt 0.125 0.375
vt 0.15625 0.28125
vt 0.2421875 0.28125
vt 0.125 0.375
vt 0.2421875 0.375
vn -0.9701425001453319 0.24253562503633297 -2.970204768799478e-17
vn -0.9701425001453319 0.24253562503633297 -2.970204768799478e-17
vn -0.9701425001453319 0.24253562503633297 -2.970204768799478e-17
vn -0.9701425001453319 0.24253562503633297 -2.970204768799478e-17
vn -0.9701425001453319 0.24253562503633297 -2.970204768799478e-17
vn -0.9701425001453319 0.24253562503633297 -2.970204768799478e-17
vn -1 0 0
vn -1 0 0
vn -1 0 0
vn -0.9701425001453319 0.24253562503633297 -2.970204768799478e-17
vn -0.9701425001453319 0.24253562503633297 -2.970204768799478e-17
vn -0.9701425001453319 0.24253562503633297 -2.970204768799478e-17
vn -0.9701425001453319 0.24253562503633297 -2.970204768799478e-17
vn -0.9701425001453319 0.24253562503633297 -2.970204768799478e-17
vn -0.9701425001453319 0.24253562503633297 -2.970204768799478e-17
vn -0.9701425001453319 0.24253562503633297 -2.970204768799478e-17
vn -0.9701425001453319 0.24253562503633297 -2.970204768799478e-17
vn -0.9701425001453319 0.24253562503633297 -2.970204768799478e-17
vn -0.9701425001453319 0.24253562503633297 -2.970204768799478e-17
vn -0.9701425001453319 0.24253562503633297 -2.970204768799478e-17
vn -0.9701425001453319 0.24253562503633297 -2.970204768799478e-17
vn -0.9701425001453319 0.24253562503633297 -2.970204768799478e-17
vn -0.9701425001453319 0.24253562503633297 -2.970204768799478e-17
vn -0.9701425001453319 0.24253562503633297 -2.970204768799478e-17
vn -0.9701425001453319 0.24253562503633297 -2.970204768799478e-17
vn -0.9701425001453319 0.24253562503633297 -2.970204768799478e-17
vn -0.9701425001453319 0.24253562503633297 -2.970204768799478e-17
vn -0.9701425001453319 0.24253562503633297 -2.970204768799478e-17
vn -0.9701425001453319 0.24253562503633297 -2.970204768799478e-17
vn -0.9701425001453319 0.24253562503633297 -2.970204768799478e-17
vn -0.9701425001453319 0.24253562503633297 -2.970204768799478e-17
vn -0.9701425001453319 0.24253562503633297 -2.970204768799478e-17
vn -0.9701425001453319 0.24253562503633297 -2.970204768799478e-17
vn -0.9701425001453319 0.24253562503633297 -2.970204768799478e-17
vn -0.9701425001453319 0.24253562503633297 -2.970204768799478e-17
f 4007/4007/4007 4006/4006/4006 4005/4005/4005
f 4010/4010/4010 4009/4009/4009 4008/4008/4008
f 4013/4013/4013 4012/4012/4012 4011/4011/4011
f 4016/4016/4016 4015/4015/4015 4014/4014/4014
f 4019/4019/4019 4018/4018/4018 4017/4017/4017
f 4022/4022/4022 4021/4021/4021 4020/4020/4020
f 4021/4021/4021 4022/4022/4022 4023/4023/4023
f 4026/4026/4026 4025/4025/4025 4024/4024/4024
f 4025/4025/4025 4026/4026/4026 4027/4027/4027
f 4030/4030/4030 4029/4029/4029 4028/4028/4028
f 4029/4029/4029 4030/4030/4030 4031/4031/4031
f 4034/4034/4034 4033/4033/4033 4032/4032/4032
f 4033/4033/4033 4034/4034/4034 4035/4035/4035
f 4038/4038/4038 4037/4037/4037 4036/4036/4036
f 4037/4037/4037 4038/4038/4038 4039/4039/4039
o mesh_84
usemtl mat4
v 92 41.59999999999999 -89.60000000000001
v 94.4 38.39999999999999 -89.60000000000001
v 93.60000000000001 35.19999999999999 -89.60000000000001
v 97.60000000000001 63.999999999999986 -89.60000000000002
v 99.2 70.39999999999999 -89.60000000000002
v 99.2 63.999999999999986 -89.60000000000002
v 89.60000000000001 31.99999999999999 -89.60000000000001
v 92.80000000000001 31.99999999999999 -89.60000000000001
v 92 28.79999999999999 -89.60000000000001
v 94.4 38.39999999999999 -89.60000000000001
v 92 41.59999999999999 -89.60000000000001
v 95.2 41.59999999999999 -89.60000000000001
v 91.2 25.59999999999999 -89.60000000000001
v 89.60000000000001 19.199999999999992 -89.60000000000001
v 89.60000000000001 25.59999999999999 -89.60000000000001
v 92 84.8 -89.60000000000002
v 89.60000000000001 95.99999999999999 -89.60000000000002
v 89.60000000000001 83.19999999999999 -89.60000000000002
v 99.2 83.19999999999999 -89.60000000000002
v 92 84.8 -89.60000000000002
v 89.60000000000001 83.19999999999999 -89.60000000000002
v 103.2 47.999999999999986 -89.60000000000001
v 93.60000000000001 47.999999999999986 -89.60000000000001
v 97.60000000000001 51.19999999999999 -89.60000000000001
v 94.4 51.19999999999999 -89.60000000000001
v 89.60000000000001 25.59999999999999 -89.60000000000001
v 89.60000000000001 31.99999999999999 -89.60000000000001
v 91.2 25.59999999999999 -89.60000000000001
v 92 28.79999999999999 -89.60000000000001
v 97.60000000000001 51.19999999999999 -89.60000000000001
v 94.4 51.19999999999999 -89.60000000000001
v 99.2 57.59999999999999 -89.60000000000001
v 96 57.59999999999999 -89.60000000000001
v 93.60000000000001 35.19999999999999 -89.60000000000001
v 92.80000000000001 31.99999999999999 -89.60000000000001
v 92 41.59999999999999 -89.60000000000001
v 89.60000000000001 31.99999999999999 -89.60000000000001
v 99.2 70.39999999999999 -89.60000000000002
v 99.2 83.19999999999999 -89.60000000000002
v 92 71.99999999999999 -89.60000000000002
v 89.60000000000001 83.19999999999999 -89.60000000000002
vt 0.515625 0
vt 0.5390625 0
vt 0.53125 0.0625
vt 0.53125 0.015625
vt 0.546875 0
vt 0.546875 0.015625
vt 0.5 0.09375
vt 0.5234375 0.09375
vt 0.515625 0.1328125
vt 0.5390625 0
vt 0.515625 0
vt 0.546875 0
vt 0.5078125 0.171875
vt 0.5 0.2421875
vt 0.5 0.171875
vt 0.59375 0.1015625
vt 0.625 0
vt 0.625 0.1171875
vt 0.53125 0.1171875
vt 0.59375 0.1015625
vt 0.625 0.1171875
vt 0.578125 0.2109375
vt 0.5 0.2109375
vt 0.53125 0.1796875
vt 0.5 0.1796875
vt 0.5 0.171875
vt 0.5 0.09375
vt 0.5078125 0.171875
vt 0.515625 0.1328125
vt 0.53125 0.1796875
vt 0.5 0.1796875
vt 0.546875 0.1171875
vt 0.515625 0.1171875
vt 0.53125 0.0625
vt 0.5234375 0.09375
vt 0.515625 0
vt 0.5 0.09375
vt 0.53125 0.2421875
vt 0.53125 0.1171875
vt 0.59375 0.234375
vt 0.625 0.1171875
vn 0 1.2246467991473532e-16 1
vn 0 1.2246467991473532e-16 1
vn 0 1.2246467991473532e-16 1
vn 0 1.2246467991473532e-16 1
vn 0 1.2246467991473532e-16 1
vn 0 1.2246467991473532e-16 1
vn 0 1.2246467991473532e-16 1
vn 0 1.2246467991473532e-16 1
vn 0 1.2246467991473532e-16 1
vn 0 1.2246467991473532e-16 1
vn 0 1.2246467991473532e-16 1
vn 0 1.2246467991473532e-16 1
vn 0 1.2246467991473532e-16 1
vn 0 1.2246467991473532e-16 1
vn 0 1.2246467991473532e-16 1
vn 0 -1.2246467991473532e-16 -1
vn 0 -1.2246467991473532e-16 -1
vn 0 -1.2246467991473532e-16 -1
vn 0 -1.2246467991473532e-16 -1
vn 0 -1.2246467991473532e-16 -1
vn 0 -1.2246467991473532e-16 -1
vn 0 1.2246467991473532e-16 1
vn 0 1.2246467991473532e-16 1
vn 0 1.2246467991473532e-16 1
vn 0 1.2246467991473532e-16 1
vn 0 1.2246467991473532e-16 1
vn 0 1.2246467991473532e-16 1
vn 0 1.2246467991473532e-16 1
vn 0 1.2246467991473532e-16 1
vn 0 1.2246467991473532e-16 1
vn 0 1.2246467991473532e-16 1
vn 0 1.2246467991473532e-16 1
vn 0 1.2246467991473532e-16 1
vn 0 1.2246467991473532e-16 1
vn 0 1.2246467991473532e-16 1
vn 0 1.2246467991473532e-16 1
vn 0 1.2246467991473532e-16 1
vn 0 -1.2246467991473532e-16 -1
vn 0 -1.2246467991473532e-16 -1
vn 0 -1.2246467991473532e-16 -1
vn 0 -1.2246467991473532e-16 -1
f 4042/4042/4042 4041/4041/4041 4040/4040/4040
f 4045/4045/4045 4044/4044/4044 4043/4043/4043
f 4048/4048/4048 4047/4047/4047 4046/4046/4046
f 4051/4051/4051 4050/4050/4050 4049/4049/4049
f 4054/4054/4054 4053/4053/4053 4052/4052/4052
f 4057/4057/4057 4056/4056/4056 4055/4055/4055
f 4060/4060/4060 4059/4059/4059 4058/4058/4058
f 4063/4063/4063 4062/4062/4062 4061/4061/4061
f 4062/4062/4062 4063/4063/4063 4064/4064/4064
f 4067/4067/4067 4066/4066/4066 4065/4065/4065
f 4066/4066/4066 4067/4067/4067 4068/4068/4068
f 4071/4071/4071 4070/4070/4070 4069/4069/4069
f 4070/4070/4070 4071/4071/4071 4072/4072/4072
f 4075/4075/4075 4074/4074/4074 4073/4073/4073
f 4074/4074/4074 4075/4075/4075 4076/4076/4076
f 4079/4079/4079 4078/4078/4078 4077/4077/4077
f 4078/4078/4078 4079/4079/4079 4080/4080/4080
o mesh_85
usemtl mat11
v 99.2 70.39999999999999 -76.80000000000003
v 92 71.99999999999999 -76.80000000000003
v 99.2 70.39999999999999 -64.00000000000001
v 92 71.99999999999999 -64.00000000000001
v 99.2 70.39999999999999 -89.60000000000002
v 92 71.99999999999999 -89.60000000000002
v 99.2 70.39999999999999 -76.80000000000003
v 92 71.99999999999999 -76.80000000000003
vt 0.875 0.6171875
vt 0.875 0.5546875
vt 0.9921875 0.6171875
vt 0.9921875 0.5546875
vt 0.75 0.6171875
vt 0.75 0.5546875
vt 0.875 0.6171875
vt 0.875 0.5546875
vn -0.2169304657075063 -0.976187058430875 1.1954843564764413e-16
vn -0.2169304657075063 -0.976187058430875 1.1954843564764413e-16
vn -0.2169304657075063 -0.976187058430875 1.1954843564764413e-16
vn -0.2169304657075063 -0.976187058430875 1.1954843564764413e-16
vn -0.2169304657075063 -0.976187058430875 1.1954843564764413e-16
vn -0.2169304657075063 -0.976187058430875 1.1954843564764413e-16
vn -0.2169304657075063 -0.976187058430875 1.1954843564764413e-16
vn -0.2169304657075063 -0.976187058430875 1.1954843564764413e-16
f 4083/4083/4083 4082/4082/4082 4081/4081/4081
f 4082/4082/4082 4083/4083/4083 4084/4084/4084
f 4087/4087/4087 4086/4086/4086 4085/4085/4085
f 4086/4086/4086 4087/4087/4087 4088/4088/4088
o mesh_86
usemtl mat10
v 92 71.99999999999999 -76.80000000000003
v 89.60000000000001 83.19999999999999 -76.80000000000003
v 92 71.99999999999999 -64.00000000000001
v 89.60000000000001 83.19999999999999 -64.00000000000001
v 92 71.99999999999999 -89.60000000000002
v 89.60000000000001 83.19999999999999 -89.60000000000002
v 92 71.99999999999999 -76.80000000000003
v 89.60000000000001 83.19999999999999 -76.80000000000003
v 92 84.8 -102.40000000000002
v 89.60000000000001 95.99999999999999 -102.40000000000002
v 92 84.8 -89.60000000000002
v 89.60000000000001 95.99999999999999 -89.60000000000002
vt 0.8671875 0.375
vt 0.8671875 0.25
vt 0.9921875 0.375
vt 0.9921875 0.25
vt 0.75 0.375
vt 0.75 0.25
vt 0.8671875 0.375
vt 0.8671875 0.25
vt 0.625 0.375
vt 0.625 0.25
vt 0.7421875 0.375
vt 0.7421875 0.25
vn -0.977802413641278 -0.20952909076615406 2.5659913033502576e-17
vn -0.977802413641278 -0.20952909076615406 2.5659913033502576e-17
vn -0.977802413641278 -0.20952909076615406 2.5659913033502576e-17
vn -0.977802413641278 -0.20952909076615406 2.5659913033502576e-17
vn -0.977802413641278 -0.20952909076615406 2.5659913033502576e-17
vn -0.977802413641278 -0.20952909076615406 2.5659913033502576e-17
vn -0.977802413641278 -0.20952909076615406 2.5659913033502576e-17
vn -0.977802413641278 -0.20952909076615406 2.5659913033502576e-17
vn -0.977802413641278 -0.20952909076615406 2.5659913033502576e-17
vn -0.977802413641278 -0.20952909076615406 2.5659913033502576e-17
vn -0.977802413641278 -0.20952909076615406 2.5659913033502576e-17
vn -0.977802413641278 -0.20952909076615406 2.5659913033502576e-17
f 4091/4091/4091 4090/4090/4090 4089/4089/4089
f 4090/4090/4090 4091/4091/4091 4092/4092/4092
f 4095/4095/4095 4094/4094/4094 4093/4093/4093
f 4094/4094/4094 4095/4095/4095 4096/4096/4096
f 4099/4099/4099 4098/4098/4098 4097/4097/4097
f 4098/4098/4098 4099/4099/4099 4100/4100/4100
o mesh_87
usemtl mat9
v 91.2 25.59999999999999 -89.60000000000001
v 91.2 25.59999999999999 -82.4
v 90.4 22.39999999999999 -85.60000000000001
v 94.4 38.4 -71.2
v 96 44.8 -64
v 94.4 38.4 -64
v 94.4 38.4 -64
v 93.60000000000001 35.199999999999996 -68
v 94.4 38.4 -71.2
v 89.60000000000001 12.799999999999972 -230.4
v 89.60000000000001 19.199999999999974 -217.60000000000002
v 89.60000000000001 12.799999999999974 -217.60000000000002
v 95.2 41.59999999999999 -89.60000000000001
v 96 44.79999999999999 -89.60000000000001
v 95.2 41.599999999999994 -80
v 96 44.8 -80
v 92.80000000000001 31.999999999999993 -64
v 89.60000000000001 19.199999999999996 -64
v 90.4 22.39999999999999 -73.60000000000001
v 89.60000000000001 19.199999999999992 -72.8
v 91.2 25.59999999999999 -89.60000000000001
v 92 28.79999999999999 -89.60000000000001
v 91.2 25.59999999999999 -82.4
v 92 28.79999999999999 -85.60000000000001
v 94.4 38.4 -64
v 92.80000000000001 31.999999999999993 -64
v 93.60000000000001 35.199999999999996 -68
v 92.80000000000001 31.999999999999993 -67.2
v 96 44.8 -76.80000000000001
v 99.2 57.599999999999994 -76.80000000000001
v 96 44.8 -64
v 99.2 57.599999999999994 -64
v 96 44.8 -64
v 94.4 38.4 -71.2
v 96 44.8 -76.80000000000001
v 94.4 38.4 -76.80000000000001
v 95.2 41.599999999999994 -80
v 94.4 38.4 -76.80000000000001
v 95.2 41.59999999999999 -89.60000000000001
v 94.4 38.39999999999999 -89.60000000000001
v 94.4 38.4 -76.80000000000001
v 93.60000000000001 35.199999999999996 -80
v 94.4 38.39999999999999 -89.60000000000001
v 93.60000000000001 35.19999999999999 -89.60000000000001
v 93.60000000000001 35.199999999999996 -80
v 92.80000000000001 31.99999999999999 -80.80000000000001
v 93.60000000000001 35.19999999999999 -89.60000000000001
v 92.80000000000001 31.99999999999999 -86.4
v 90.4 22.39999999999999 -85.60000000000001
v 89.60000000000001 19.199999999999992 -86.4
v 91.2 25.59999999999999 -89.60000000000001
v 89.60000000000001 19.199999999999992 -89.60000000000001
v 99.2 57.599999999999994 -76.80000000000001
v 97.60000000000001 51.199999999999996 -84
v 99.2 57.59999999999999 -89.60000000000001
v 97.60000000000001 51.19999999999999 -89.60000000000001
v 90.4 22.39999999999999 -73.60000000000001
v 91.2 25.59999999999999 -76.80000000000001
v 92.80000000000001 31.999999999999993 -64
v 92.80000000000001 31.999999999999993 -67.2
v 89.60000000000001 19.19999999999998 -166.4
v 89.60000000000001 12.799999999999981 -166.4
v 89.60000000000001 19.19999999999998 -179.20000000000002
v 89.60000000000001 12.79999999999998 -179.20000000000002
v 89.60000000000001 19.199999999999985 -153.60000000000002
v 89.60000000000001 12.799999999999981 -153.60000000000002
v 89.60000000000001 19.19999999999998 -166.4
v 89.60000000000001 12.799999999999981 -166.4
vt 0.25 0.3125
vt 0.3125 0.3125
vt 0.28125 0.34375
vt 0.421875 0.1875
vt 0.4921875 0.125
vt 0.4921875 0.1875
vt 0.4921875 0.1875
vt 0.453125 0.21875
vt 0.421875 0.1875
vt 0.375 0.375
vt 0.4921875 0.3125
vt 0.4921875 0.375
vt 0.25 0.1328125
vt 0.25 0.125
vt 0.34375 0.1328125
vt 0.34375 0.125
vt 0.4921875 0.25
vt 0.4921875 0.375
vt 0.40625 0.34375
vt 0.40625 0.375
vt 0.25 0.3125
vt 0.25 0.28125
vt 0.3125 0.3125
vt 0.28125 0.28125
vt 0.4921875 0.1875
vt 0.4921875 0.25
vt 0.453125 0.21875
vt 0.46875 0.25
vt 0.375 0.125
vt 0.375 0
vt 0.4921875 0.125
vt 0.4921875 0
vt 0.4921875 0.125
vt 0.421875 0.1875
vt 0.375 0.125
vt 0.375 0.1875
vt 0.34375 0.1328125
vt 0.375 0.1875
vt 0.25 0.1328125
vt 0.25 0.1875
vt 0.375 0.1875
vt 0.34375 0.21875
vt 0.25 0.1875
vt 0.25 0.21875
vt 0.34375 0.21875
vt 0.328125 0.25
vt 0.25 0.21875
vt 0.28125 0.25
vt 0.28125 0.34375
vt 0.28125 0.375
vt 0.25 0.3125
vt 0.25 0.375
vt 0.375 0
vt 0.296875 0.0625
vt 0.25 0
vt 0.25 0.0625
vt 0.40625 0.34375
vt 0.375 0.3125
vt 0.4921875 0.25
vt 0.46875 0.25
vt 0.125 0
vt 0.125 0.0546875
vt 0 0
vt 0 0.0546875
vt 0.2421875 0
vt 0.2421875 0.0546875
vt 0.125 0
vt 0.125 0.0546875
vn -0.9701425001453319 0.24253562503633297 -2.970204768799478e-17
vn -0.9701425001453319 0.24253562503633297 -2.970204768799478e-17
vn -0.9701425001453319 0.24253562503633297 -2.970204768799478e-17
vn -0.9701425001453319 0.24253562503633297 -2.970204768799478e-17
vn -0.9701425001453319 0.24253562503633297 -2.970204768799478e-17
vn -0.9701425001453319 0.24253562503633297 -2.970204768799478e-17
vn -0.9701425001453319 0.24253562503633297 -2.970204768799478e-17
vn -0.9701425001453319 0.24253562503633297 -2.970204768799478e-17
vn -0.9701425001453319 0.24253562503633297 -2.970204768799478e-17
vn -1 0 0
vn -1 0 0
vn -1 0 0
vn -0.9701425001453319 0.24253562503633297 -2.970204768799478e-17
vn -0.9701425001453319 0.24253562503633297 -2.970204768799478e-17
vn -0.9701425001453319 0.24253562503633297 -2.970204768799478e-17
vn -0.9701425001453319 0.24253562503633297 -2.970204768799478e-17
vn -0.9701425001453319 0.24253562503633297 -2.970204768799478e-17
vn -0.9701425001453319 0.24253562503633297 -2.970204768799478e-17
vn -0.9701425001453319 0.24253562503633297 -2.970204768799478e-17
vn -0.9701425001453319 0.24253562503633297 -2.970204768799478e-17
vn -0.9701425001453319 0.24253562503633297 -2.970204768799478e-17
vn -0.9701425001453319 0.24253562503633297 -2.970204768799478e-17
vn -0.9701425001453319 0.24253562503633297 -2.970204768799478e-17
vn -0.9701425001453319 0.24253562503633297 -2.970204768799478e-17
vn -0.9701425001453319 0.24253562503633297 -2.970204768799478e-17
vn -0.9701425001453319 0.24253562503633297 -2.970204768799478e-17
vn -0.9701425001453319 0.24253562503633297 -2.970204768799478e-17
vn -0.9701425001453319 0.24253562503633297 -2.970204768799478e-17
vn -0.9701425001453319 0.24253562503633297 -2.970204768799478e-17
vn -0.9701425001453319 0.24253562503633297 -2.970204768799478e-17
vn -0.9701425001453319 0.24253562503633297 -2.970204768799478e-17
vn -0.9701425001453319 0.24253562503633297 -2.970204768799478e-17
vn -0.9701425001453319 0.24253562503633297 -2.970204768799478e-17
vn -0.9701425001453319 0.24253562503633297 -2.970204768799478e-17
vn -0.9701425001453319 0.24253562503633297 -2.970204768799478e-17
vn -0.9701425001453319 0.24253562503633297 -2.970204768799478e-17
vn -0.9701425001453319 0.24253562503633297 -2.970204768799478e-17
vn -0.9701425001453319 0.24253562503633297 -2.970204768799478e-17
vn -0.9701425001453319 0.24253562503633297 -2.970204768799478e-17
vn -0.9701425001453319 0.24253562503633297 -2.970204768799478e-17
vn -0.9701425001453319 0.24253562503633297 -2.970204768799478e-17
vn -0.9701425001453319 0.24253562503633297 -2.970204768799478e-17
vn -0.9701425001453319 0.24253562503633297 -2.970204768799478e-17
vn -0.9701425001453319 0.24253562503633297 -2.970204768799478e-17
vn -0.9701425001453319 0.24253562503633297 -2.970204768799478e-17
vn -0.9701425001453319 0.24253562503633297 -2.970204768799478e-17
vn -0.9701425001453319 0.24253562503633297 -2.970204768799478e-17
vn -0.9701425001453319 0.24253562503633297 -2.970204768799478e-17
vn -0.9701425001453319 0.24253562503633297 -2.970204768799478e-17
vn -0.9701425001453319 0.24253562503633297 -2.970204768799478e-17
vn -0.9701425001453319 0.24253562503633297 -2.970204768799478e-17
vn -0.9701425001453319 0.24253562503633297 -2.970204768799478e-17
vn -0.9701425001453319 0.24253562503633297 -2.970204768799478e-17
vn -0.9701425001453319 0.24253562503633297 -2.970204768799478e-17
vn -0.9701425001453319 0.24253562503633297 -2.970204768799478e-17
vn -0.9701425001453319 0.24253562503633297 -2.970204768799478e-17
vn -0.9701425001453319 0.24253562503633297 -2.970204768799478e-17
vn -0.9701425001453319 0.24253562503633297 -2.970204768799478e-17
vn -0.9701425001453319 0.24253562503633297 -2.970204768799478e-17
vn -0.9701425001453319 0.24253562503633297 -2.970204768799478e-17
vn -1 0 0
vn -1 0 0
vn -1 0 0
vn -1 0 0
vn -1 0 0
vn -1 0 0
vn -1 0 0
vn -1 0 0
f 4103/4103/4103 4102/4102/4102 4101/4101/4101
f 4106/4106/4106 4105/4105/4105 4104/4104/4104
f 4109/4109/4109 4108/4108/4108 4107/4107/4107
f 4112/4112/4112 4111/4111/4111 4110/4110/4110
f 4115/4115/4115 4114/4114/4114 4113/4113/4113
f 4114/4114/4114 4115/4115/4115 4116/4116/4116
f 4119/4119/4119 4118/4118/4118 4117/4117/4117
f 4118/4118/4118 4119/4119/4119 4120/4120/4120
f 4123/4123/4123 4122/4122/4122 4121/4121/4121
f 4122/4122/4122 4123/4123/4123 4124/4124/4124
f 4127/4127/4127 4126/4126/4126 4125/4125/4125
f 4126/4126/4126 4127/4127/4127 4128/4128/4128
f 4131/4131/4131 4130/4130/4130 4129/4129/4129
f 4130/4130/4130 4131/4131/4131 4132/4132/4132
f 4135/4135/4135 4134/4134/4134 4133/4133/4133
f 4134/4134/4134 4135/4135/4135 4136/4136/4136
f 4139/4139/4139 4138/4138/4138 4137/4137/4137
f 4138/4138/4138 4139/4139/4139 4140/4140/4140
f 4143/4143/4143 4142/4142/4142 4141/4141/4141
f 4142/4142/4142 4143/4143/4143 4144/4144/4144
f 4147/4147/4147 4146/4146/4146 4145/4145/4145
f 4146/4146/4146 4147/4147/4147 4148/4148/4148
f 4151/4151/4151 4150/4150/4150 4149/4149/4149
f 4150/4150/4150 4151/4151/4151 4152/4152/4152
f 4155/4155/4155 4154/4154/4154 4153/4153/4153
f 4154/4154/4154 4155/4155/4155 4156/4156/4156
f 4159/4159/4159 4158/4158/4158 4157/4157/4157
f 4158/4158/4158 4159/4159/4159 4160/4160/4160
f 4163/4163/4163 4162/4162/4162 4161/4161/4161
f 4162/4162/4162 4163/4163/4163 4164/4164/4164
f 4167/4167/4167 4166/4166/4166 4165/4165/4165
f 4166/4166/4166 4167/4167/4167 4168/4168/4168
o mesh_88
usemtl mat10
v 99.2 70.39999999999999 -76.80000000000003
v 99.2 63.999999999999986 -89.60000000000002
v 99.2 70.39999999999999 -89.60000000000002
v 99.2 57.599999999999994 -76.80000000000001
v 99.2 57.59999999999999 -89.60000000000001
v 99.2 60.79999999999999 -89.60000000000002
v 99.2 70.39999999999999 -102.40000000000002
v 99.2 83.19999999999999 -102.40000000000002
v 99.2 70.39999999999999 -89.60000000000002
v 99.2 83.19999999999999 -89.60000000000002
v 99.2 57.599999999999994 -76.80000000000001
v 99.2 70.39999999999999 -76.80000000000003
v 99.2 57.599999999999994 -64
v 99.2 70.39999999999999 -64.00000000000001
v 99.2 60.79999999999999 -89.60000000000002
v 99.2 63.999999999999986 -89.60000000000002
v 99.2 57.599999999999994 -76.80000000000001
v 99.2 70.39999999999999 -76.80000000000003
vt 0.8671875 0.375
vt 0.75 0.4375
vt 0.75 0.375
vt 0.8671875 0.4921875
vt 0.75 0.4921875
vt 0.75 0.4609375
vt 0.625 0.4921875
vt 0.625 0.375
vt 0.7421875 0.4921875
vt 0.7421875 0.375
vt 0.8671875 0.4921875
vt 0.8671875 0.375
vt 0.9921875 0.4921875
vt 0.9921875 0.375
vt 0.75 0.4609375
vt 0.75 0.4375
vt 0.8671875 0.4921875
vt 0.8671875 0.375
vn -1 0 0
vn -1 0 0
vn -1 0 0
vn -1 0 0
vn -1 0 0
vn -1 0 0
vn -1 0 0
vn -1 0 0
vn -1 0 0
vn -1 0 0
vn -1 0 0
vn -1 0 0
vn -1 0 0
vn -1 0 0
vn -1 0 0
vn -1 0 0
vn -1 0 0
vn -1 0 0
f 4171/4171/4171 4170/4170/4170 4169/4169/4169
f 4174/4174/4174 4173/4173/4173 4172/4172/4172
f 4177/4177/4177 4176/4176/4176 4175/4175/4175
f 4176/4176/4176 4177/4177/4177 4178/4178/4178
f 4181/4181/4181 4180/4180/4180 4179/4179/4179
f 4180/4180/4180 4181/4181/4181 4182/4182/4182
f 4185/4185/4185 4184/4184/4184 4183/4183/4183
f 4184/4184/4184 4185/4185/4185 4186/4186/4186
o mesh_89
usemtl mat11
v 92 84.8 -89.60000000000002
v 99.2 83.19999999999999 -89.60000000000002
v 92 84.8 -102.40000000000002
v 99.2 83.19999999999999 -102.40000000000002
v 89.60000000000001 19.19999999999998 -179.20000000000002
v 89.60000000000001 12.79999999999998 -179.20000000000002
v 89.60000000000001 19.199999999999978 -192
v 89.60000000000001 12.799999999999978 -192
vt 0.9921875 0.5546875
vt 0.9921875 0.6171875
vt 0.875 0.5546875
vt 0.875 0.6171875
vt 0.6171875 0.5
vt 0.6171875 0.5625
vt 0.5 0.5
vt 0.5 0.5625
vn -0.2169304657075063 -0.976187058430875 1.1954843564764413e-16
vn -0.2169304657075063 -0.976187058430875 1.1954843564764413e-16
vn -0.2169304657075063 -0.976187058430875 1.1954843564764413e-16
vn -0.2169304657075063 -0.976187058430875 1.1954843564764413e-16
vn -1 0 0
vn -1 0 0
vn -1 0 0
vn -1 0 0
f 4189/4189/4189 4188/4188/4188 4187/4187/4187
f 4188/4188/4188 4189/4189/4189 4190/4190/4190
f 4193/4193/4193 4192/4192/4192 4191/4191/4191
f 4192/4192/4192 4193/4193/4193 4194/4194/4194
o mesh_90
usemtl mat11
v 95.2 44.79999999999999 -98.4
v 92.80000000000001 44.79999999999999 -98.4
v 93.60000000000001 47.999999999999986 -95.2
v 97.60000000000001 51.199999999999996 -84
v 96.80000000000001 47.99999999999999 -80.80000000000001
v 103.2 47.99999999999999 -80.80000000000001
v 103.2 47.99999999999999 -80.80000000000001
v 96.80000000000001 47.99999999999999 -80.80000000000001
v 103.2 44.8 -80
v 96 44.8 -80
v 95.2 41.59999999999999 -99.2
v 92 41.59999999999999 -99.2
v 95.2 44.79999999999999 -98.4
v 92.80000000000001 44.79999999999999 -98.4
v 99.2 57.59999999999999 -93.60000000000001
v 96 57.59999999999999 -93.60000000000001
v 99.2 60.79999999999999 -92.80000000000003
v 96.80000000000001 60.79999999999999 -92.80000000000003
v 99.2 60.79999999999999 -92.80000000000003
v 96.80000000000001 60.79999999999999 -92.80000000000003
v 99.2 63.999999999999986 -89.60000000000002
v 97.60000000000001 63.999999999999986 -89.60000000000002
v 97.60000000000001 51.19999999999999 -89.60000000000001
v 97.60000000000001 51.199999999999996 -84
v 107.2 51.19999999999999 -89.60000000000001
v 107.2 51.199999999999996 -84
v 103.2 47.999999999999986 -89.60000000000001
v 103.2 47.999999999999986 -95.2
v 93.60000000000001 47.999999999999986 -89.60000000000001
v 93.60000000000001 47.999999999999986 -95.2
v 103.2 44.8 -80
v 107.2 44.8 -80
v 103.2 47.99999999999999 -80.80000000000001
v 107.2 47.99999999999999 -80.80000000000001
v 103.2 47.99999999999999 -80.80000000000001
v 107.2 47.99999999999999 -80.80000000000001
v 97.60000000000001 51.199999999999996 -84
v 107.2 51.199999999999996 -84
v 99.2 60.79999999999999 -92.80000000000003
v 103.2 60.79999999999999 -92.80000000000003
v 99.2 57.59999999999999 -93.60000000000001
v 103.2 57.59999999999999 -93.60000000000001
v 99.2 63.999999999999986 -89.60000000000002
v 103.2 63.999999999999986 -89.60000000000002
v 99.2 60.79999999999999 -92.80000000000003
v 103.2 60.79999999999999 -92.80000000000003
v 95.2 44.79999999999999 -98.4
v 103.2 44.79999999999999 -98.4
v 95.2 41.59999999999999 -99.2
v 103.2 41.59999999999999 -99.2
v 93.60000000000001 47.999999999999986 -95.2
v 103.2 47.999999999999986 -95.2
v 95.2 44.79999999999999 -98.4
v 103.2 44.79999999999999 -98.4
vt 0.78125 0.5625
vt 0.765625 0.5625
vt 0.78125 0.5
vt 0.875 0.5625
vt 0.875 0.5
vt 0.9453125 0.5
vt 0.9453125 0.5
vt 0.875 0.5
vt 0.9453125 0.5
vt 0.875 0.5
vt 0.78125 0.6171875
vt 0.75 0.6171875
vt 0.78125 0.5625
vt 0.765625 0.5625
vt 0.8359375 0.5859375
vt 0.8125 0.5859375
vt 0.8359375 0.5546875
vt 0.8125 0.5546875
vt 0.8359375 0.5546875
vt 0.8125 0.5546875
vt 0.8359375 0.5
vt 0.8203125 0.5
vt 0.875 0.6171875
vt 0.875 0.5625
vt 0.9921875 0.6171875
vt 0.9921875 0.5625
vt 0.8671875 0.5
vt 0.8671875 0.5
vt 0.78125 0.5
vt 0.78125 0.5
vt 0.9453125 0.5
vt 0.9921875 0.5
vt 0.9453125 0.5
vt 0.9921875 0.5
vt 0.9453125 0.5
vt 0.9921875 0.5
vt 0.875 0.5625
vt 0.9921875 0.5625
vt 0.8359375 0.5546875
vt 0.8671875 0.5546875
vt 0.8359375 0.5859375
vt 0.8671875 0.5859375
vt 0.8359375 0.5
vt 0.8671875 0.5
vt 0.8359375 0.5546875
vt 0.8671875 0.5546875
vt 0.78125 0.5625
vt 0.8671875 0.5625
vt 0.78125 0.6171875
vt 0.8671875 0.6171875
vt 0.78125 0.5
vt 0.8671875 0.5
vt 0.78125 0.5625
vt 0.8671875 0.5625
vn 0 -0.7071067811865475 0.7071067811865476
vn 0 -0.7071067811865475 0.7071067811865476
vn 0 -0.7071067811865475 0.7071067811865476
vn 0 -0.7071067811865476 -0.7071067811865475
vn 0 -0.7071067811865476 -0.7071067811865475
vn 0 -0.7071067811865476 -0.7071067811865475
vn 0 -0.24253562503633308 -0.9701425001453319
vn 0 -0.24253562503633308 -0.9701425001453319
vn 0 -0.24253562503633308 -0.9701425001453319
vn 0 -0.24253562503633308 -0.9701425001453319
vn 0 -0.24253562503633283 0.9701425001453319
vn 0 -0.24253562503633283 0.9701425001453319
vn 0 -0.24253562503633283 0.9701425001453319
vn 0 -0.24253562503633283 0.9701425001453319
vn 0 -0.24253562503633283 0.9701425001453319
vn 0 -0.24253562503633283 0.9701425001453319
vn 0 -0.24253562503633283 0.9701425001453319
vn 0 -0.24253562503633283 0.9701425001453319
vn 0 -0.7071067811865475 0.7071067811865476
vn 0 -0.7071067811865475 0.7071067811865476
vn 0 -0.7071067811865475 0.7071067811865476
vn 0 -0.7071067811865475 0.7071067811865476
vn 0 -1 1.2246467991473532e-16
vn 0 -1 1.2246467991473532e-16
vn 0 -1 1.2246467991473532e-16
vn 0 -1 1.2246467991473532e-16
vn 0 -1 1.2246467991473532e-16
vn 0 -1 1.2246467991473532e-16
vn 0 -1 1.2246467991473532e-16
vn 0 -1 1.2246467991473532e-16
vn 0 -0.24253562503633308 -0.9701425001453319
vn 0 -0.24253562503633308 -0.9701425001453319
vn 0 -0.24253562503633308 -0.9701425001453319
vn 0 -0.24253562503633308 -0.9701425001453319
vn 0 -0.7071067811865476 -0.7071067811865475
vn 0 -0.7071067811865476 -0.7071067811865475
vn 0 -0.7071067811865476 -0.7071067811865475
vn 0 -0.7071067811865476 -0.7071067811865475
vn 0 -0.24253562503633283 0.9701425001453319
vn 0 -0.24253562503633283 0.9701425001453319
vn 0 -0.24253562503633283 0.9701425001453319
vn 0 -0.24253562503633283 0.9701425001453319
vn 0 -0.7071067811865475 0.7071067811865476
vn 0 -0.7071067811865475 0.7071067811865476
vn 0 -0.7071067811865475 0.7071067811865476
vn 0 -0.7071067811865475 0.7071067811865476
vn 0 -0.24253562503633283 0.9701425001453319
vn 0 -0.24253562503633283 0.9701425001453319
vn 0 -0.24253562503633283 0.9701425001453319
vn 0 -0.24253562503633283 0.9701425001453319
vn 0 -0.7071067811865475 0.7071067811865476
vn 0 -0.7071067811865475 0.7071067811865476
vn 0 -0.7071067811865475 0.7071067811865476
vn 0 -0.7071067811865475 0.7071067811865476
f 4197/4197/4197 4196/4196/4196 4195/4195/4195
f 4200/4200/4200 4199/4199/4199 4198/4198/4198
f 4203/4203/4203 4202/4202/4202 4201/4201/4201
f 4202/4202/4202 4203/4203/4203 4204/4204/4204
f 4207/4207/4207 4206/4206/4206 4205/4205/4205
f 4206/4206/4206 4207/4207/4207 4208/4208/4208
f 4211/4211/4211 4210/4210/4210 4209/4209/4209
f 4210/4210/4210 4211/4211/4211 4212/4212/4212
f 4215/4215/4215 4214/4214/4214 4213/4213/4213
f 4214/4214/4214 4215/4215/4215 4216/4216/4216
f 4219/4219/4219 4218/4218/4218 4217/4217/4217
f 4218/4218/4218 4219/4219/4219 4220/4220/4220
f 4223/4223/4223 4222/4222/4222 4221/4221/4221
f 4222/4222/4222 4223/4223/4223 4224/4224/4224
f 4227/4227/4227 4226/4226/4226 4225/4225/4225
f 4226/4226/4226 4227/4227/4227 4228/4228/4228
f 4231/4231/4231 4230/4230/4230 4229/4229/4229
f 4230/4230/4230 4231/4231/4231 4232/4232/4232
f 4235/4235/4235 4234/4234/4234 4233/4233/4233
f 4234/4234/4234 4235/4235/4235 4236/4236/4236
f 4239/4239/4239 4238/4238/4238 4237/4237/4237
f 4238/4238/4238 4239/4239/4239 4240/4240/4240
f 4243/4243/4243 4242/4242/4242 4241/4241/4241
f 4242/4242/4242 4243/4243/4243 4244/4244/4244
f 4247/4247/4247 4246/4246/4246 4245/4245/4245
f 4246/4246/4246 4247/4247/4247 4248/4248/4248
o mesh_91
usemtl mat9
v 103.2 60.79999999999999 -92.80000000000003
v 103.2 63.999999999999986 -89.60000000000002
v 103.2 60.79999999999999 -89.60000000000002
v 107.2 47.999999999999986 -89.60000000000001
v 107.2 51.19999999999999 -89.60000000000001
v 107.2 47.99999999999999 -80.80000000000001
v 107.2 51.199999999999996 -84
v 103.2 60.79999999999999 -89.60000000000002
v 103.2 57.59999999999999 -89.60000000000001
v 103.2 60.79999999999999 -92.80000000000003
v 103.2 57.59999999999999 -93.60000000000001
v 103.2 44.79999999999999 -98.4
v 103.2 47.999999999999986 -95.2
v 103.2 44.79999999999999 -89.60000000000001
v 103.2 47.999999999999986 -89.60000000000001
v 103.2 41.59999999999999 -89.60000000000001
v 103.2 41.59999999999999 -99.2
v 103.2 44.79999999999999 -89.60000000000001
v 103.2 44.79999999999999 -98.4
v 107.2 47.99999999999999 -80.80000000000001
v 107.2 44.8 -80
v 107.2 47.999999999999986 -89.60000000000001
v 107.2 44.79999999999999 -89.60000000000001
vt 0.21875 0.09375
vt 0.2421875 0.0625
vt 0.2421875 0.09375
vt 0.25 0.09375
vt 0.25 0.0625
vt 0.328125 0.09375
vt 0.296875 0.0625
vt 0.2421875 0.09375
vt 0.2421875 0.125
vt 0.21875 0.09375
vt 0.203125 0.125
vt 0.15625 0.25
vt 0.1875 0.21875
vt 0.2421875 0.25
vt 0.2421875 0.21875
vt 0.2421875 0.28125
vt 0.15625 0.28125
vt 0.2421875 0.25
vt 0.15625 0.25
vt 0.328125 0.09375
vt 0.34375 0.125
vt 0.25 0.09375
vt 0.25 0.125
vn -1 0 0
vn -1 0 0
vn -1 0 0
vn -1 0 0
vn -1 0 0
vn -1 0 0
vn -1 0 0
vn -1 0 0
vn -1 0 0
vn -1 0 0
vn -1 0 0
vn -1 0 0
vn -1 0 0
vn -1 0 0
vn -1 0 0
vn -1 0 0
vn -1 0 0
vn -1 0 0
vn -1 0 0
vn -1 0 0
vn -1 0 0
vn -1 0 0
vn -1 0 0
f 4251/4251/4251 4250/4250/4250 4249/4249/4249
f 4254/4254/4254 4253/4253/4253 4252/4252/4252
f 4253/4253/4253 4254/4254/4254 4255/4255/4255
f 4258/4258/4258 4257/4257/4257 4256/4256/4256
f 4257/4257/4257 4258/4258/4258 4259/4259/4259
f 4262/4262/4262 4261/4261/4261 4260/4260/4260
f 4261/4261/4261 4262/4262/4262 4263/4263/4263
f 4266/4266/4266 4265/4265/4265 4264/4264/4264
f 4265/4265/4265 4266/4266/4266 4267/4267/4267
f 4270/4270/4270 4269/4269/4269 4268/4268/4268
f 4269/4269/4269 4270/4270/4270 4271/4271/4271
o mesh_92
usemtl mat3
v 103.2 44.79999999999999 -89.60000000000001
v 107.2 44.79999999999999 -89.60000000000001
v 103.2 44.8 -80
v 107.2 44.8 -80
v 95.2 41.59999999999999 -89.60000000000001
v 92 41.59999999999999 -89.60000000000001
v 95.2 41.59999999999999 -99.2
v 92 41.59999999999999 -99.2
v 99.2 57.59999999999999 -89.60000000000001
v 96 57.59999999999999 -89.60000000000001
v 99.2 57.59999999999999 -93.60000000000001
v 96 57.59999999999999 -93.60000000000001
v 103.2 44.8 -80
v 96 44.8 -80
v 103.2 44.79999999999999 -89.60000000000001
v 96 44.79999999999999 -89.60000000000001
v 99.2 57.59999999999999 -93.60000000000001
v 103.2 57.59999999999999 -93.60000000000001
v 99.2 57.59999999999999 -89.60000000000001
v 103.2 57.59999999999999 -89.60000000000001
v 95.2 41.59999999999999 -99.2
v 103.2 41.59999999999999 -99.2
v 95.2 41.59999999999999 -89.60000000000001
v 103.2 41.59999999999999 -89.60000000000001
vt 0.9609375 0.234375
vt 0.9921875 0.234375
vt 0.9609375 0.34375
vt 0.9921875 0.34375
vt 0.9375 0.2421875
vt 0.8984375 0.2421875
vt 0.9375 0.1328125
vt 0.8984375 0.1328125
vt 0.953125 0.2421875
vt 0.921875 0.2421875
vt 0.953125 0.1953125
vt 0.921875 0.1953125
vt 0.9609375 0.34375
vt 0.9140625 0.34375
vt 0.9609375 0.234375
vt 0.9140625 0.234375
vt 0.953125 0.1953125
vt 0.9921875 0.1953125
vt 0.953125 0.2421875
vt 0.9921875 0.2421875
vt 0.9375 0.1328125
vt 0.9921875 0.1328125
vt 0.9375 0.2421875
vt 0.9921875 0.2421875
vn 0 1 -1.2246467991473532e-16
vn 0 1 -1.2246467991473532e-16
vn 0 1 -1.2246467991473532e-16
vn 0 1 -1.2246467991473532e-16
vn 0 1 -1.2246467991473532e-16
vn 0 1 -1.2246467991473532e-16
vn 0 1 -1.2246467991473532e-16
vn 0 1 -1.2246467991473532e-16
vn 0 1 -1.2246467991473532e-16
vn 0 1 -1.2246467991473532e-16
vn 0 1 -1.2246467991473532e-16
vn 0 1 -1.2246467991473532e-16
vn 0 1 -1.2246467991473532e-16
vn 0 1 -1.2246467991473532e-16
vn 0 1 -1.2246467991473532e-16
vn 0 1 -1.2246467991473532e-16
vn 0 1 -1.2246467991473532e-16
vn 0 1 -1.2246467991473532e-16
vn 0 1 -1.2246467991473532e-16
vn 0 1 -1.2246467991473532e-16
vn 0 1 -1.2246467991473532e-16
vn 0 1 -1.2246467991473532e-16
vn 0 1 -1.2246467991473532e-16
vn 0 1 -1.2246467991473532e-16
f 4274/4274/4274 4273/4273/4273 4272/4272/4272
f 4273/4273/4273 4274/4274/4274 4275/4275/4275
f 4278/4278/4278 4277/4277/4277 4276/4276/4276
f 4277/4277/4277 4278/4278/4278 4279/4279/4279
f 4282/4282/4282 4281/4281/4281 4280/4280/4280
f 4281/4281/4281 4282/4282/4282 4283/4283/4283
f 4286/4286/4286 4285/4285/4285 4284/4284/4284
f 4285/4285/4285 4286/4286/4286 4287/4287/4287
f 4290/4290/4290 4289/4289/4289 4288/4288/4288
f 4289/4289/4289 4290/4290/4290 4291/4291/4291
f 4294/4294/4294 4293/4293/4293 4292/4292/4292
f 4293/4293/4293 4294/4294/4294 4295/4295/4295
o mesh_93
usemtl mat4
v 95.2 41.59999999999999 -89.60000000000001
v 103.2 41.59999999999999 -89.60000000000001
v 96 44.79999999999999 -89.60000000000001
v 103.2 44.79999999999999 -89.60000000000001
v 107.2 47.999999999999986 -89.60000000000001
v 107.2 44.79999999999999 -89.60000000000001
v 103.2 47.999999999999986 -89.60000000000001
v 103.2 44.79999999999999 -89.60000000000001
v 97.60000000000001 51.19999999999999 -89.60000000000001
v 107.2 51.19999999999999 -89.60000000000001
v 103.2 47.999999999999986 -89.60000000000001
v 107.2 47.999999999999986 -89.60000000000001
v 99.2 60.79999999999999 -89.60000000000002
v 99.2 57.59999999999999 -89.60000000000001
v 103.2 60.79999999999999 -89.60000000000002
v 103.2 57.59999999999999 -89.60000000000001
v 103.2 60.79999999999999 -89.60000000000002
v 103.2 63.999999999999986 -89.60000000000002
v 99.2 60.79999999999999 -89.60000000000002
v 99.2 63.999999999999986 -89.60000000000002
vt 0.5859375 0.2421875
vt 0.5 0.2421875
vt 0.578125 0.21875
vt 0.5 0.21875
vt 0.6171875 0.2109375
vt 0.6171875 0.2421875
vt 0.578125 0.2109375
vt 0.578125 0.2421875
vt 0.53125 0.1796875
vt 0.6171875 0.1796875
vt 0.578125 0.2109375
vt 0.6171875 0.2109375
vt 0.546875 0
vt 0.546875 0.015625
vt 0.5 0
vt 0.5 0.015625
vt 0.5 0
vt 0.5 0
vt 0.546875 0
vt 0.546875 0
vn 0 -1.2246467991473532e-16 -1
vn 0 -1.2246467991473532e-16 -1
vn 0 -1.2246467991473532e-16 -1
vn 0 -1.2246467991473532e-16 -1
vn 0 1.2246467991473532e-16 1
vn 0 1.2246467991473532e-16 1
vn 0 1.2246467991473532e-16 1
vn 0 1.2246467991473532e-16 1
vn 0 1.2246467991473532e-16 1
vn 0 1.2246467991473532e-16 1
vn 0 1.2246467991473532e-16 1
vn 0 1.2246467991473532e-16 1
vn 0 -1.2246467991473532e-16 -1
vn 0 -1.2246467991473532e-16 -1
vn 0 -1.2246467991473532e-16 -1
vn 0 -1.2246467991473532e-16 -1
vn 0 -1.2246467991473532e-16 -1
vn 0 -1.2246467991473532e-16 -1
vn 0 -1.2246467991473532e-16 -1
vn 0 -1.2246467991473532e-16 -1
f 4298/4298/4298 4297/4297/4297 4296/4296/4296
f 4297/4297/4297 4298/4298/4298 4299/4299/4299
f 4302/4302/4302 4301/4301/4301 4300/4300/4300
f 4301/4301/4301 4302/4302/4302 4303/4303/4303
f 4306/4306/4306 4305/4305/4305 4304/4304/4304
f 4305/4305/4305 4306/4306/4306 4307/4307/4307
f 4310/4310/4310 4309/4309/4309 4308/4308/4308
f 4309/4309/4309 4310/4310/4310 4311/4311/4311
f 4314/4314/4314 4313/4313/4313 4312/4312/4312
f 4313/4313/4313 4314/4314/4314 4315/4315/4315
o mesh_94
usemtl mat7
v 51.2 57.6 -12.800000000000008
v 51.2 57.6 -25.60000000000001
v 38.400000000000006 57.6 -12.800000000000008
v 38.400000000000006 57.6 -25.60000000000001
v 38.400000000000006 44.800000000000004 -12.800000000000006
v 38.400000000000006 44.800000000000004 -5.486417660180143e-15
v 51.2 44.800000000000004 -12.800000000000006
v 51.2 44.800000000000004 -5.486417660180143e-15
vt 0.75 0.875
vt 0.75 0.75
vt 0.8671875 0.875
vt 0.8671875 0.75
vt 0.8671875 0.875
vt 0.8671875 0.9921875
vt 0.75 0.875
vt 0.75 0.9921875
vn 0 -1 1.2246467991473532e-16
vn 0 -1 1.2246467991473532e-16
vn 0 -1 1.2246467991473532e-16
vn 0 -1 1.2246467991473532e-16
vn 0 -1 1.2246467991473532e-16
vn 0 -1 1.2246467991473532e-16
vn 0 -1 1.2246467991473532e-16
vn 0 -1 1.2246467991473532e-16
f 4318/4318/4318 4317/4317/4317 4316/4316/4316
f 4317/4317/4317 4318/4318/4318 4319/4319/4319
f 4322/4322/4322 4321/4321/4321 4320/4320/4320
f 4321/4321/4321 4322/4322/4322 4323/4323/4323
o mesh_95
usemtl mat9
v -3.2 83.19999999999999 -126.40000000000002
v 0 83.19999999999999 -124.80000000000003
v 0 95.99999999999999 -126.40000000000002
v 0 95.99999999999999 -129.6
v 0 83.19999999999999 -131.20000000000002
v -3.2 83.19999999999999 -129.6
v -3.2 83.19999999999999 -126.40000000000002
v -3.2 83.19999999999999 -128
v -3.2 70.39999999999999 -126.40000000000002
v -3.2 70.39999999999999 -128
v -3.2 70.39999999999999 -129.6
v -3.2 70.39999999999999 -128
v -3.2 83.19999999999999 -129.6
v -3.2 83.19999999999999 -128
v -3.2 83.19999999999999 -129.6
v -3.2 83.19999999999999 -128
v 0 95.99999999999999 -129.6
v 0 95.99999999999999 -128
v -3.2 70.39999999999999 -128
v -3.2 70.39999999999999 -129.6
v 0 70.39999999999999 -128
v 0 70.39999999999999 -131.20000000000002
v -3.2 70.39999999999999 -129.6
v -3.2 83.19999999999999 -129.6
v 0 70.39999999999999 -131.20000000000002
v 0 83.19999999999999 -131.20000000000002
v -3.2 70.39999999999999 -126.40000000000002
v -3.2 70.39999999999999 -128
v 0 70.39999999999999 -124.80000000000003
v 0 70.39999999999999 -128
v -3.2 83.19999999999999 -126.40000000000002
v -3.2 70.39999999999999 -126.40000000000002
v 0 83.19999999999999 -124.80000000000003
v 0 70.39999999999999 -124.80000000000003
v 0 95.99999999999999 -126.40000000000002
v 0 95.99999999999999 -128
v -3.2 83.19999999999999 -126.40000000000002
v -3.2 83.19999999999999 -128
vt 0.359375 0.25
vt 0.34375 0.25
vt 0.359375 0.125
vt 0.390625 0.125
vt 0.40625 0.25
vt 0.390625 0.25
vt 0.359375 0.25
vt 0.375 0.25
vt 0.359375 0.375
vt 0.375 0.375
vt 0.390625 0.375
vt 0.375 0.375
vt 0.390625 0.25
vt 0.375 0.25
vt 0.390625 0.25
vt 0.375 0.25
vt 0.390625 0.125
vt 0.375 0.125
vt 0.375 0.375
vt 0.390625 0.375
vt 0.375 0.375
vt 0.40625 0.375
vt 0.390625 0.375
vt 0.390625 0.25
vt 0.40625 0.375
vt 0.40625 0.25
vt 0.359375 0.375
vt 0.375 0.375
vt 0.34375 0.375
vt 0.375 0.375
vt 0.359375 0.25
vt 0.359375 0.375
vt 0.34375 0.25
vt 0.34375 0.375
vt 0.359375 0.125
vt 0.375 0.125
vt 0.359375 0.25
vt 0.375 0.25
vn 0.4444444444444445 -0.11111111111111123 -0.888888888888889
vn 0.4444444444444445 -0.11111111111111123 -0.888888888888889
vn 0.4444444444444445 -0.11111111111111123 -0.888888888888889
vn 0.4444444444444445 -0.11111111111111101 0.888888888888889
vn 0.4444444444444445 -0.11111111111111101 0.888888888888889
vn 0.4444444444444445 -0.11111111111111101 0.888888888888889
vn 1 0 0
vn 1 0 0
vn 1 0 0
vn 1 0 0
vn 1 0 0
vn 1 0 0
vn 1 0 0
vn 1 0 0
vn 0.9701425001453319 -0.24253562503633297 2.970204768799478e-17
vn 0.9701425001453319 -0.24253562503633297 2.970204768799478e-17
vn 0.9701425001453319 -0.24253562503633297 2.970204768799478e-17
vn 0.9701425001453319 -0.24253562503633297 2.970204768799478e-17
vn 0 1 -1.2246467991473532e-16
vn 0 1 -1.2246467991473532e-16
vn 0 1 -1.2246467991473532e-16
vn 0 1 -1.2246467991473532e-16
vn 0.44721359549995787 1.095357396528405e-16 0.8944271909999157
vn 0.44721359549995787 1.095357396528405e-16 0.8944271909999157
vn 0.44721359549995787 1.095357396528405e-16 0.8944271909999157
vn 0.44721359549995787 1.095357396528405e-16 0.8944271909999157
vn 0 1 -1.2246467991473532e-16
vn 0 1 -1.2246467991473532e-16
vn 0 1 -1.2246467991473532e-16
vn 0 1 -1.2246467991473532e-16
vn 0.44721359549995787 -1.095357396528405e-16 -0.8944271909999157
vn 0.44721359549995787 -1.095357396528405e-16 -0.8944271909999157
vn 0.44721359549995787 -1.095357396528405e-16 -0.8944271909999157
vn 0.44721359549995787 -1.095357396528405e-16 -0.8944271909999157
vn 0.9701425001453319 -0.24253562503633297 2.970204768799478e-17
vn 0.9701425001453319 -0.24253562503633297 2.970204768799478e-17
vn 0.9701425001453319 -0.24253562503633297 2.970204768799478e-17
vn 0.9701425001453319 -0.24253562503633297 2.970204768799478e-17
f 4326/4326/4326 4325/4325/4325 4324/4324/4324
f 4329/4329/4329 4328/4328/4328 4327/4327/4327
f 4332/4332/4332 4331/4331/4331 4330/4330/4330
f 4331/4331/4331 4332/4332/4332 4333/4333/4333
f 4336/4336/4336 4335/4335/4335 4334/4334/4334
f 4335/4335/4335 4336/4336/4336 4337/4337/4337
f 4340/4340/4340 4339/4339/4339 4338/4338/4338
f 4339/4339/4339 4340/4340/4340 4341/4341/4341
f 4344/4344/4344 4343/4343/4343 4342/4342/4342
f 4343/4343/4343 4344/4344/4344 4345/4345/4345
f 4348/4348/4348 4347/4347/4347 4346/4346/4346
f 4347/4347/4347 4348/4348/4348 4349/4349/4349
f 4352/4352/4352 4351/4351/4351 4350/4350/4350
f 4351/4351/4351 4352/4352/4352 4353/4353/4353
f 4356/4356/4356 4355/4355/4355 4354/4354/4354
f 4355/4355/4355 4356/4356/4356 4357/4357/4357
f 4360/4360/4360 4359/4359/4359 4358/4358/4358
f 4359/4359/4359 4360/4360/4360 4361/4361/4361
o mesh_96
usemtl mat11
v 0 55.19999999999998 -185.60000000000002
v 0 51.19999999999998 -188
v -3.2 51.19999999999998 -186.4
v -3.2 51.19999999999998 -184.8
v 0 51.19999999999998 -183.20000000000002
v 0 55.19999999999998 -185.60000000000002
v -3.2 51.19999999999998 -186.4
v -3.2 51.19999999999998 -184.8
v 0 55.19999999999998 -185.60000000000002
v 0 44.79999999999998 -182.4
v 0 51.19999999999998 -183.20000000000002
v -3.2 44.79999999999998 -184
v -3.2 51.19999999999998 -184.8
v 0 51.19999999999998 -188
v 0 44.79999999999998 -188.8
v -3.2 51.19999999999998 -186.4
v -3.2 44.79999999999998 -187.20000000000002
v 0 44.79999999999998 -182.4
v -3.2 44.79999999999998 -184
v 0 44.79999999999998 -188.8
v -3.2 44.79999999999998 -187.20000000000002
v -3.2 51.19999999999998 -186.4
v -3.2 44.79999999999998 -187.20000000000002
v -3.2 51.19999999999998 -184.8
v -3.2 44.79999999999998 -184
vt 0.6796875 0.765625
vt 0.703125 0.8046875
vt 0.6875 0.8046875
vt 0.671875 0.8046875
vt 0.65625 0.8046875
vt 0.6796875 0.765625
vt 0.6875 0.8046875
vt 0.671875 0.8046875
vt 0.6796875 0.765625
vt 0.6484375 0.8671875
vt 0.65625 0.8046875
vt 0.6640625 0.8671875
vt 0.671875 0.8046875
vt 0.703125 0.8046875
vt 0.7109375 0.8671875
vt 0.6875 0.8046875
vt 0.6953125 0.8671875
vt 0.6484375 0.8671875
vt 0.6640625 0.8671875
vt 0.7109375 0.8671875
vt 0.6953125 0.8671875
vt 0.6875 0.8046875
vt 0.6953125 0.8671875
vt 0.671875 0.8046875
vt 0.6640625 0.8671875
vn 0.3940552075621323 -0.4728662252327014 0.7881104151242647
vn 0.3940552075621323 -0.4728662252327014 0.7881104151242647
vn 0.3940552075621323 -0.4728662252327014 0.7881104151242647
vn 0.3940552075621323 -0.47286622523270155 -0.7881104151242645
vn 0.3940552075621323 -0.47286622523270155 -0.7881104151242645
vn 0.3940552075621323 -0.47286622523270155 -0.7881104151242645
vn 0.7808688094430304 -0.6246950475544243 7.650307904307292e-17
vn 0.7808688094430304 -0.6246950475544243 7.650307904307292e-17
vn 0.7808688094430304 -0.6246950475544243 7.650307904307292e-17
vn 0.4444444444444445 -0.11111111111111123 -0.888888888888889
vn 0.4444444444444445 -0.11111111111111123 -0.888888888888889
vn 0.4444444444444445 -0.11111111111111123 -0.888888888888889
vn 0.4444444444444445 -0.11111111111111123 -0.888888888888889
vn 0.4444444444444445 -0.11111111111111101 0.888888888888889
vn 0.4444444444444445 -0.11111111111111101 0.888888888888889
vn 0.4444444444444445 -0.11111111111111101 0.888888888888889
vn 0.4444444444444445 -0.11111111111111101 0.888888888888889
vn 0 1 -1.2246467991473532e-16
vn 0 1 -1.2246467991473532e-16
vn 0 1 -1.2246467991473532e-16
vn 0 1 -1.2246467991473532e-16
vn 1 0 0
vn 1 0 0
vn 1 0 0
vn 1 0 0
f 4364/4364/4364 4363/4363/4363 4362/4362/4362
f 4367/4367/4367 4366/4366/4366 4365/4365/4365
f 4370/4370/4370 4369/4369/4369 4368/4368/4368
f 4373/4373/4373 4372/4372/4372 4371/4371/4371
f 4372/4372/4372 4373/4373/4373 4374/4374/4374
f 4377/4377/4377 4376/4376/4376 4375/4375/4375
f 4376/4376/4376 4377/4377/4377 4378/4378/4378
f 4381/4381/4381 4380/4380/4380 4379/4379/4379
f 4380/4380/4380 4381/4381/4381 4382/4382/4382
f 4385/4385/4385 4384/4384/4384 4383/4383/4383
f 4384/4384/4384 4385/4385/4385 4386/4386/4386
o mesh_97
usemtl mat9
v 0 108.8 -140.8
v 0 95.99999999999999 -140.8
v 0 95.99999999999999 -129.6
v 0 95.99999999999999 -126.40000000000002
v 0 95.99999999999999 -115.20000000000002
v 0 108.8 -115.20000000000002
v 0 95.99999999999999 -129.6
v 0 95.99999999999999 -128
v 0 108.8 -140.8
v 0 108.8 -128
v 0 95.99999999999999 -128
v 0 95.99999999999999 -126.40000000000002
v 0 108.8 -128
v 0 108.8 -115.20000000000002
v 0 31.999999999999982 -140.8
v 0 44.79999999999999 -140.8
v 0 31.999999999999982 -153.60000000000002
v 0 44.79999999999998 -153.60000000000002
vt 0.4921875 0
vt 0.4921875 0.125
vt 0.390625 0.125
vt 0.359375 0.125
vt 0.25 0.125
vt 0.25 0
vt 0.390625 0.125
vt 0.375 0.125
vt 0.4921875 0
vt 0.375 0
vt 0.375 0.125
vt 0.359375 0.125
vt 0.375 0
vt 0.25 0
vt 0.125 0.3671875
vt 0.125 0.25
vt 0.25 0.3671875
vt 0.25 0.25
vn 1 0 0
vn 1 0 0
vn 1 0 0
vn 1 0 0
vn 1 0 0
vn 1 0 0
vn 1 0 0
vn 1 0 0
vn 1 0 0
vn 1 0 0
vn 1 0 0
vn 1 0 0
vn 1 0 0
vn 1 0 0
vn 1 0 0
vn 1 0 0
vn 1 0 0
vn 1 0 0
f 4389/4389/4389 4388/4388/4388 4387/4387/4387
f 4392/4392/4392 4391/4391/4391 4390/4390/4390
f 4395/4395/4395 4394/4394/4394 4393/4393/4393
f 4394/4394/4394 4395/4395/4395 4396/4396/4396
f 4399/4399/4399 4398/4398/4398 4397/4397/4397
f 4398/4398/4398 4399/4399/4399 4400/4400/4400
f 4403/4403/4403 4402/4402/4402 4401/4401/4401
f 4402/4402/4402 4403/4403/4403 4404/4404/4404
o mesh_98
usemtl mat10
v 0 95.99999999999999 -160
v 0 95.99999999999999 -153.60000000000002
v 0 104.8 -153.60000000000002
v 0 108.8 -140.8
v 0 104.8 -153.60000000000002
v 0 95.99999999999999 -140.8
v 0 95.99999999999999 -153.60000000000002
v 0 95.99999999999999 -102.40000000000002
v 0 103.99999999999999 -102.40000000000002
v 0 95.99999999999999 -115.20000000000002
v 0 108.8 -115.20000000000002
v 0 108.8 -128
v 0 134.39999999999998 -128.00000000000003
v 0 108.8 -140.8
v 0 134.39999999999998 -140.80000000000004
v 0 108.8 -115.20000000000002
v 0 134.4 -115.20000000000002
v 0 108.8 -128
v 0 134.39999999999998 -128.00000000000003
vt 0.8125 0.25
vt 0.75 0.3203125
vt 0.75 0.25
vt 0.625 0.25
vt 0.75 0.25
vt 0.625 0.3203125
vt 0.75 0.3203125
vt 0.625 0.4921875
vt 0.625 0.375
vt 0.7421875 0.4921875
vt 0.7421875 0.375
vt 0.875 0.4921875
vt 0.875 0.25
vt 0.9921875 0.4921875
vt 0.9921875 0.25
vt 0.75 0.4921875
vt 0.75 0.25
vt 0.875 0.4921875
vt 0.875 0.25
vn 1 0 0
vn 1 0 0
vn 1 0 0
vn 1 0 0
vn 1 0 0
vn 1 0 0
vn 1 0 0
vn 1 0 0
vn 1 0 0
vn 1 0 0
vn 1 0 0
vn 1 0 0
vn 1 0 0
vn 1 0 0
vn 1 0 0
vn 1 0 0
vn 1 0 0
vn 1 0 0
vn 1 0 0
f 4407/4407/4407 4406/4406/4406 4405/4405/4405
f 4410/4410/4410 4409/4409/4409 4408/4408/4408
f 4409/4409/4409 4410/4410/4410 4411/4411/4411
f 4414/4414/4414 4413/4413/4413 4412/4412/4412
f 4413/4413/4413 4414/4414/4414 4415/4415/4415
f 4418/4418/4418 4417/4417/4417 4416/4416/4416
f 4417/4417/4417 4418/4418/4418 4419/4419/4419
f 4422/4422/4422 4421/4421/4421 4420/4420/4420
f 4421/4421/4421 4422/4422/4422 4423/4423/4423
o mesh_99
usemtl mat11
v 0 31.999999999999982 -153.60000000000002
v 0 25.599999999999984 -153.60000000000002
v 0 31.999999999999982 -140.8
v 0 25.599999999999984 -140.8
vt 0.9921875 0.875
vt 0.9921875 0.9375
vt 0.875 0.875
vt 0.875 0.9375
vn 1 0 0
vn 1 0 0
vn 1 0 0
vn 1 0 0
f 4426/4426/4426 4425/4425/4425 4424/4424/4424
f 4425/4425/4425 4426/4426/4426 4427/4427/4427
